date,entry_date,exit_date,ticker,sector,open_next,horizon_future_close,exit_future_close,holding_days,exit_reason,signal,direction_vote,p_up_raw,p_up_h20,p_up_h5,p_up_calibrated,meta_confidence,confidence,conformal_qhat,conformal_set_size,conformal_singleton,conformal_contains_up,conformal_contains_down,conf_threshold,threshold_used_fallback,expected_return,signal_quality,ranker_score,actionable,rank_score,rank_orientation,rank_orientation_corr
2015-02-06,2015-02-09,2015-02-17,T,XLC,11.906730374525427,11.906725883483887,11.906725883483887,5,time_exit,SHORT,SHORT,0.49893204867839813,0.5007986426353455,0.4970654547214508,0.5007986426353455,0.48802265524864197,50.10679513216019,0.5023554265499115,2,False,True,True,52.5,True,0.32048189640045166,UNRANKED,,False,,,
2015-02-09,2015-02-10,2015-02-18,T,XLC,11.958183371878457,11.83126163482666,11.83126163482666,5,time_exit,SHORT,SHORT,0.4976445734500885,0.4982236921787262,0.4970654547214508,0.4982236921787262,0.5041763782501221,50.23554265499115,0.5023554265499115,2,False,True,True,52.5,True,0.21058470010757446,UNRANKED,,False,,,
2015-02-10,2015-02-11,2015-02-19,T,XLC,11.934170584221595,11.694045066833496,11.736680300800488,5,stop_loss,LONG,LONG,0.5000318735837936,0.4982236921787262,0.5018400549888611,0.4982236921787262,0.46216505765914917,50.003187358379364,0.5023554265499115,2,False,True,True,52.5,True,0.3186505734920502,UNRANKED,,False,,,
2015-02-11,2015-02-12,2015-02-20,T,XLC,11.803816865279272,11.690618515014648,11.690618515014648,5,time_exit,LONG,LONG,0.5000318735837936,0.4982236921787262,0.5018400549888611,0.4982236921787262,0.5707240104675293,50.003187358379364,0.5023554265499115,2,False,True,True,52.5,True,0.37678658962249767,UNRANKED,,False,,,
2015-02-12,2015-02-13,2015-02-23,T,XLC,11.851843778273894,11.611717224121094,11.651902960577186,5,take_profit,SHORT,SHORT,0.4988355487585068,0.4935929477214813,0.5040781497955322,0.4935929477214813,0.33198484778404236,50.11644512414932,0.5023554265499115,2,False,True,True,52.5,True,0.3062316775321961,UNRANKED,,False,,,
2015-02-13,2015-02-17,2015-02-23,T,XLC,11.868992673104295,11.680325508117676,11.67591217972225,4,stop_loss,LONG,LONG,0.5011509209871292,0.4982236921787262,0.5040781497955322,0.4982236921787262,0.46567922830581665,50.11509209871292,0.5023554265499115,2,False,True,True,52.5,True,0.343766838312149,UNRANKED,,False,,,
2015-02-17,2015-02-18,2015-02-19,T,XLC,11.91358984171808,11.735211372375488,11.736191432555831,1,take_profit,SHORT,SHORT,0.4976445734500885,0.4982236921787262,0.4970654547214508,0.4982236921787262,0.49799516797065735,50.23554265499115,0.5023554265499115,2,False,True,True,52.5,True,0.1783049404621124,UNRANKED,,False,,,
2015-02-18,2015-02-19,2015-02-23,T,XLC,11.827828261687042,11.834691047668457,11.64602019872492,2,take_profit,SHORT,SHORT,0.4976445734500885,0.4982236921787262,0.4970654547214508,0.4982236921787262,0.4709554612636566,50.23554265499115,0.5023554265499115,2,False,True,True,52.5,True,0.22039756178855885,UNRANKED,,False,,,
2015-02-19,2015-02-20,2015-02-27,T,XLC,11.683758480221684,11.855274200439453,11.855274200439453,5,time_exit,LONG,LONG,0.5000318735837936,0.4982236921787262,0.5018400549888611,0.4982236921787262,0.5879669189453125,50.003187358379364,0.5023554265499115,2,False,True,True,52.5,True,0.4101958572864533,UNRANKED,,False,,,
2015-02-20,2015-02-23,2015-02-27,T,XLC,11.652881751750774,11.882718086242676,11.839099740991148,4,stop_loss,SHORT,SHORT,0.4976445734500885,0.4982236921787262,0.4970654547214508,0.4982236921787262,0.5648465156555176,50.23554265499115,0.5023554265499115,2,False,True,True,52.5,True,0.18640935420989985,UNRANKED,,False,,,
2015-02-23,2015-02-24,2015-02-26,T,XLC,11.577414613135128,11.803820610046387,11.743541136834207,2,stop_loss,SHORT,SHORT,0.4976445734500885,0.4982236921787262,0.4970654547214508,0.4982236921787262,0.5081016421318054,50.23554265499115,0.5023554265499115,2,False,True,True,52.5,True,0.15633550286293027,UNRANKED,,False,,,
2015-02-24,2015-02-25,2015-02-27,T,XLC,11.707768639366192,11.66317367553711,11.84547253493504,2,stop_loss,SHORT,SHORT,0.4976445734500885,0.4982236921787262,0.4970654547214508,0.4982236921787262,0.6004746556282043,50.23554265499115,0.5023554265499115,2,False,True,True,52.5,True,0.2142676711082459,UNRANKED,,False,,,
2015-02-25,2015-02-26,2015-02-27,T,XLC,11.7043382814189,11.66317367553711,11.846452103266,1,stop_loss,SHORT,SHORT,0.4976445734500885,0.4982236921787262,0.4970654547214508,0.4982236921787262,0.5769195556640625,50.23554265499115,0.5023554265499115,2,False,True,True,52.5,True,0.09281873703002935,UNRANKED,,False,,,
2015-02-26,2015-02-27,2015-03-06,T,XLC,11.807249628519807,11.4847993850708,11.657295377639157,5,stop_loss,LONG,LONG,0.5000318735837936,0.4982236921787262,0.5018400549888611,0.4982236921787262,0.4803937077522278,50.003187358379364,0.5023554265499115,2,False,True,True,52.5,True,0.398811399936676,UNRANKED,,False,,,
2015-02-27,2015-03-02,2015-03-04,T,XLC,11.855275347308757,11.440203666687012,11.718551828937175,2,stop_loss,LONG,LONG,0.5000318735837936,0.4982236921787262,0.5018400549888611,0.4982236921787262,0.4805580675601959,50.003187358379364,0.5023554265499115,2,False,True,True,52.5,True,0.2988761067390442,UNRANKED,,False,,,
2015-03-02,2015-03-03,2015-03-04,T,XLC,11.844984286320718,11.244674682617188,11.715611280862431,1,take_profit,SHORT,SHORT,0.4976445734500885,0.4982236921787262,0.4970654547214508,0.4982236921787262,0.4452195167541504,50.23554265499115,0.5023554265499115,2,False,True,True,52.5,True,0.1326157450675964,UNRANKED,,False,,,
2015-03-03,2015-03-04,2015-03-05,T,XLC,11.817538724109125,11.189788818359375,11.687185341453572,1,take_profit,SHORT,SHORT,0.4976445734500885,0.4982236921787262,0.4970654547214508,0.4982236921787262,0.44446489214897156,50.23554265499115,0.5023554265499115,2,False,True,True,52.5,True,0.20712339878082273,UNRANKED,,False,,,
2015-03-04,2015-03-05,2015-03-06,T,XLC,11.714628691727782,11.364736557006836,11.586725298391077,1,take_profit,SHORT,SHORT,0.4976445734500885,0.4982236921787262,0.4970654547214508,0.4982236921787262,0.4592547118663788,50.23554265499115,0.5023554265499115,2,False,True,True,52.5,True,0.0748668611049652,UNRANKED,,False,,,
2015-03-05,2015-03-06,2015-03-10,T,XLC,11.519103029627589,11.237812042236328,11.401980788198669,2,stop_loss,LONG,LONG,0.5000318735837936,0.4982236921787262,0.5018400549888611,0.4982236921787262,0.5437672138214111,50.003187358379364,0.5023554265499115,2,False,True,True,52.5,True,0.44876497983932495,UNRANKED,,False,,,
2015-03-06,2015-03-09,2015-03-10,T,XLC,11.474507306485595,11.340721130371094,11.334353557837089,1,stop_loss,LONG,LONG,0.5000318735837936,0.4982236921787262,0.5018400549888611,0.4982236921787262,0.5522957444190979,50.003187358379364,0.5023554265499115,2,False,True,True,52.5,True,0.32995486259460444,UNRANKED,,False,,,
2015-03-09,2015-03-10,2015-03-11,T,XLC,11.409331123442028,11.285837173461914,11.265256274722022,1,stop_loss,LONG,LONG,0.5000318735837936,0.4982236921787262,0.5018400549888611,0.4982236921787262,0.5115747451782227,50.003187358379364,0.5023554265499115,2,False,True,True,52.5,True,0.3494334220886231,UNRANKED,,False,,,
2015-03-10,2015-03-11,2015-03-18,T,XLC,11.27897793731446,11.522529602050781,11.440204891093408,5,stop_loss,SHORT,SHORT,0.4991924464702606,0.494306743144989,0.5040781497955322,0.494306743144989,0.5067394375801086,50.08075535297394,0.5023554265499115,2,False,True,True,52.5,True,0.26332643628120433,UNRANKED,,False,,,
2015-03-11,2015-03-12,2015-03-18,T,XLC,11.265256086425286,11.388742446899414,11.414721511099183,4,take_profit,LONG,LONG,0.5000318735837936,0.4982236921787262,0.5018400549888611,0.4982236921787262,0.5266436338424683,50.003187358379364,0.5023554265499115,2,False,True,True,52.5,True,0.42936572432518,UNRANKED,,False,,,
2015-03-12,2015-03-13,2015-03-18,T,XLC,11.316709799639627,11.399039268493652,11.490678251003327,3,stop_loss,SHORT,SHORT,0.4976445734500885,0.4982236921787262,0.4970654547214508,0.4982236921787262,0.5648842453956604,50.23554265499115,0.5023554265499115,2,False,True,True,52.5,True,0.38113471865654,UNRANKED,,False,,,
2015-03-13,2015-03-16,2015-03-18,T,XLC,11.248101586757874,11.41618824005127,11.428930498675424,2,stop_loss,SHORT,SHORT,0.4988355487585068,0.4935929477214813,0.5040781497955322,0.4935929477214813,0.4623435437679291,50.11644512414932,0.5023554265499115,2,False,True,True,52.5,True,0.23968589305877683,UNRANKED,,False,,,
2015-03-16,2015-03-17,2015-03-18,T,XLC,11.268684922573229,11.344151496887207,11.454413949367662,1,stop_loss,SHORT,SHORT,0.4976445734500885,0.4982236921787262,0.4970654547214508,0.4982236921787262,0.5276094079017639,50.23554265499115,0.5023554265499115,2,False,True,True,52.5,True,0.3587916195392609,UNRANKED,,False,,,
2015-03-17,2015-03-18,2015-03-25,T,XLC,11.296126836972356,11.189788818359375,11.189788818359375,5,time_exit,SHORT,SHORT,0.4976445734500885,0.4982236921787262,0.4970654547214508,0.4982236921787262,0.5231554508209229,50.23554265499115,0.5023554265499115,2,False,True,True,52.5,True,0.38201215863227844,UNRANKED,,False,,,
2015-03-18,2015-03-19,2015-03-25,T,XLC,11.495082892798951,11.258395195007324,11.28975231658348,4,take_profit,SHORT,SHORT,0.49796557426452637,0.49886569380760193,0.4970654547214508,0.49886569380760193,0.5591610074043274,50.20344257354736,0.5023554265499115,2,False,True,True,52.5,True,0.36978316307067877,UNRANKED,,False,,,
2015-03-19,2015-03-20,2015-03-25,T,XLC,11.41276107109517,11.234381675720215,11.191258494539646,3,take_profit,SHORT,SHORT,0.4976445734500885,0.4982236921787262,0.4970654547214508,0.4982236921787262,0.5216876268386841,50.23554265499115,0.5023554265499115,2,False,True,True,52.5,True,0.4094732701778412,UNRANKED,,False,,,
2015-03-20,2015-03-23,2015-03-25,T,XLC,11.447060554479306,11.309845924377441,11.228007558525064,2,take_profit,SHORT,SHORT,0.4976445734500885,0.4982236921787262,0.4970654547214508,0.4982236921787262,0.5688835382461548,50.23554265499115,0.5023554265499115,2,False,True,True,52.5,True,0.24329882860183719,UNRANKED,,False,,,
2015-03-23,2015-03-24,2015-03-31,T,XLC,11.39903696364478,11.200078010559082,11.200078010559082,5,time_exit,SHORT,SHORT,0.4976445734500885,0.4982236921787262,0.4970654547214508,0.4982236921787262,0.5157836675643921,50.23554265499115,0.5023554265499115,2,False,True,True,52.5,True,0.3763248920440674,UNRANKED,,False,,,
2015-03-24,2015-03-25,2015-04-01,T,XLC,11.327002514338188,11.282403945922852,11.282403945922852,5,time_exit,SHORT,SHORT,0.4976445734500885,0.4982236921787262,0.4970654547214508,0.4982236921787262,0.5124369859695435,50.23554265499115,0.5023554265499115,2,False,True,True,52.5,True,0.15632909536361703,UNRANKED,,False,,,
2015-03-25,2015-03-26,2015-04-02,T,XLC,11.193218369800292,11.364736557006836,11.364736557006836,5,time_exit,LONG,LONG,0.5000082552433014,0.49593836069107056,0.5040781497955322,0.49593836069107056,0.5322943329811096,50.00082552433014,0.5023554265499115,2,False,True,True,52.5,True,0.25892561674118036,UNRANKED,,False,,,
2015-03-26,2015-03-27,2015-04-06,T,XLC,11.299558498801392,11.433341026306152,11.433341026306152,5,time_exit,LONG,LONG,0.5011509209871292,0.4982236921787262,0.5040781497955322,0.4982236921787262,0.5450441837310791,50.11509209871292,0.5023554265499115,2,False,True,True,52.5,True,0.15160745382308974,UNRANKED,,False,,,
2015-03-27,2015-03-30,2015-04-07,T,XLC,11.258390920340425,11.375028610229492,11.375028610229492,5,time_exit,SHORT,SHORT,0.4976445734500885,0.4982236921787262,0.4970654547214508,0.4982236921787262,0.5532931685447693,50.23554265499115,0.5023554265499115,2,False,True,True,52.5,True,0.27470076084136963,UNRANKED,,False,,,
2015-03-30,2015-03-31,2015-04-08,T,XLC,11.309848946173622,11.414278984069824,11.414278984069824,5,time_exit,SHORT,SHORT,0.4976445734500885,0.4982236921787262,0.4970654547214508,0.4982236921787262,0.5533371567726135,50.23554265499115,0.5023554265499115,2,False,True,True,52.5,True,0.2491506934165955,UNRANKED,,False,,,
2015-03-31,2015-04-01,2015-04-06,T,XLC,11.189784412749763,11.428264617919922,11.384333292100697,2,stop_loss,SHORT,SHORT,0.4976445734500885,0.4982236921787262,0.4970654547214508,0.4982236921787262,0.5063185691833496,50.23554265499115,0.5023554265499115,2,False,True,True,52.5,True,0.19073012471199036,UNRANKED,,False,,,
2015-04-01,2015-04-02,2015-04-10,T,XLC,11.285838790440696,11.456233978271484,11.456233978271484,5,time_exit,SHORT,SHORT,0.4976445734500885,0.4982236921787262,0.4970654547214508,0.4982236921787262,0.49546411633491516,50.23554265499115,0.5023554265499115,2,False,True,True,52.5,True,0.12707063555717474,UNRANKED,,False,,,
2015-04-02,2015-04-06,2015-04-13,T,XLC,11.371594657316242,11.494685173034668,11.494685173034668,5,time_exit,LONG,LONG,0.5058722048997879,0.4982236921787262,0.5135207176208496,0.4982236921787262,0.4664483964443207,50.58722048997879,0.5023554265499115,1,True,True,False,52.5,True,0.3322949707508088,UNRANKED,,False,,,
2015-04-06,2015-04-07,2015-04-14,T,XLC,11.440205449375547,11.428264617919922,11.428264617919922,5,time_exit,LONG,LONG,0.5058722048997879,0.4982236921787262,0.5135207176208496,0.4982236921787262,0.4259415864944458,50.58722048997879,0.5023554265499115,1,True,True,False,52.5,True,0.26263248920440674,UNRANKED,,False,,,
2015-04-07,2015-04-08,2015-04-15,T,XLC,11.442246558989067,11.498177528381348,11.498177528381348,5,time_exit,LONG,LONG,0.5023672729730606,0.4982236921787262,0.506510853767395,0.4982236921787262,0.45877906680107117,50.23672729730606,0.5023554265499115,1,True,True,False,52.5,True,0.32610887289047247,UNRANKED,,False,,,
2015-04-08,2015-04-09,2015-04-16,T,XLC,11.389808863641523,11.449237823486328,11.449237823486328,5,time_exit,LONG,LONG,0.5023672729730606,0.4982236921787262,0.506510853767395,0.4982236921787262,0.45890942215919495,50.23672729730606,0.5023554265499115,1,True,True,False,52.5,True,0.26149922609329235,UNRANKED,,False,,,
2015-04-09,2015-04-10,2015-04-17,T,XLC,11.456233978271484,11.365334510803223,11.365334510803223,5,time_exit,LONG,LONG,0.5000318735837936,0.4982236921787262,0.5018400549888611,0.4982236921787262,0.5151295065879822,50.003187358379364,0.5023554265499115,2,False,True,True,52.5,True,0.3337454497814178,UNRANKED,,False,,,
2015-04-10,2015-04-13,2015-04-20,T,XLC,11.452733370981068,11.477206230163574,11.477206230163574,5,time_exit,LONG,LONG,0.5000318735837936,0.4982236921787262,0.5018400549888611,0.4982236921787262,0.5432408452033997,50.003187358379364,0.5023554265499115,2,False,True,True,52.5,True,0.2985249757766724,UNRANKED,,False,,,
2015-04-13,2015-04-14,2015-04-17,T,XLC,11.508671301553932,11.417773246765137,11.377887948020868,3,stop_loss,LONG,LONG,0.5000318735837936,0.4982236921787262,0.5018400549888611,0.4982236921787262,0.47648587822914124,50.003187358379364,0.5023554265499115,2,False,True,True,52.5,True,0.29015746712684626,UNRANKED,,False,,,
2015-04-14,2015-04-15,2015-04-22,T,XLC,11.435250286981118,11.487692832946777,11.487692832946777,5,time_exit,SHORT,SHORT,0.4976445734500885,0.4982236921787262,0.4970654547214508,0.4982236921787262,0.4549594521522522,50.23554265499115,0.5023554265499115,2,False,True,True,52.5,True,0.21719148755073556,UNRANKED,,False,,,
2015-04-15,2015-04-16,2015-04-23,T,XLC,11.452733880716622,11.96663761138916,11.570650669090297,5,take_profit,LONG,LONG,0.5000318735837936,0.4982236921787262,0.5018400549888611,0.4982236921787262,0.5624299645423889,50.003187358379364,0.5023554265499115,2,False,True,True,52.5,True,0.42256981134414673,UNRANKED,,False,,,
2015-04-16,2015-04-17,2015-04-23,T,XLC,11.414278426653773,11.889728546142578,11.529385690491315,4,stop_loss,SHORT,SHORT,0.4976445734500885,0.4982236921787262,0.4970654547214508,0.4982236921787262,0.42972075939178467,50.23554265499115,0.5023554265499115,2,False,True,True,52.5,True,0.21551004052162173,UNRANKED,,False,,,
2015-04-17,2015-04-20,2015-04-23,T,XLC,11.4142789659843,11.917695045471191,11.537941914592698,3,stop_loss,SHORT,SHORT,0.4976445734500885,0.4982236921787262,0.4970654547214508,0.4982236921787262,0.5137456059455872,50.23554265499115,0.5023554265499115,2,False,True,True,52.5,True,0.34217932820320135,UNRANKED,,False,,,
2015-04-20,2015-04-21,2015-04-23,T,XLC,11.480700506019524,12.186882019042969,11.609564521871226,2,take_profit,LONG,LONG,0.5000318735837936,0.4982236921787262,0.5018400549888611,0.4982236921787262,0.5070149898529053,50.003187358379364,0.5023554265499115,2,False,True,True,52.5,True,0.1771581470966339,UNRANKED,,False,,,
2015-04-21,2015-04-22,2015-04-23,T,XLC,11.459725259742006,12.15192699432373,11.581398571248005,1,stop_loss,SHORT,SHORT,0.4976445734500885,0.4982236921787262,0.4970654547214508,0.4982236921787262,0.4412423372268677,50.23554265499115,0.5023554265499115,2,False,True,True,52.5,True,0.02409672737121579,UNRANKED,,False,,,
2015-04-22,2015-04-23,2015-04-24,T,XLC,11.693953993878424,12.109973907470703,11.813854969786975,1,take_profit,LONG,LONG,0.5000318735837936,0.4982236921787262,0.5018400549888611,0.4982236921787262,0.4656883478164673,50.003187358379364,0.5023554265499115,2,False,True,True,52.5,True,0.14621528983116155,UNRANKED,,False,,,
2015-04-23,2015-04-24,2015-04-28,T,XLC,11.959647929498628,12.033061027526855,12.13620778645838,2,take_profit,LONG,LONG,0.5000318735837936,0.4982236921787262,0.5018400549888611,0.4982236921787262,0.5590538382530212,50.003187358379364,0.5023554265499115,2,False,True,True,52.5,True,0.11311361193656914,UNRANKED,,False,,,
2015-04-24,2015-04-27,2015-04-28,T,XLC,11.90371169976985,12.071515083312988,12.081457927579212,1,take_profit,LONG,LONG,0.5000318735837936,0.4982236921787262,0.5018400549888611,0.4982236921787262,0.5492367148399353,50.003187358379364,0.5023554265499115,2,False,True,True,52.5,True,0.2965933680534364,UNRANKED,,False,,,
2015-04-27,2015-04-28,2015-05-05,T,XLC,11.984116909682678,11.788345336914062,11.810705812837323,5,stop_loss,LONG,LONG,0.5000318735837936,0.4982236921787262,0.5018400549888611,0.4982236921787262,0.5479944944381714,50.003187358379364,0.5023554265499115,2,False,True,True,52.5,True,0.31061521172523493,UNRANKED,,False,,,
2015-04-28,2015-04-29,2015-05-05,T,XLC,12.088999715075648,11.66948413848877,11.882740532554372,4,stop_loss,LONG,LONG,0.5020726919174194,0.5000672340393066,0.5040781497955322,0.5000672340393066,0.477003276348114,50.20726919174194,0.5023554265499115,2,False,True,True,52.5,True,0.2767262756824494,UNRANKED,,False,,,
2015-04-29,2015-04-30,2015-05-05,T,XLC,12.130950253576865,11.665986061096191,11.92169544378857,3,take_profit,SHORT,SHORT,0.4934064596891403,0.48974746465682983,0.4970654547214508,0.48974746465682983,0.6145533919334412,50.65935403108597,0.5023554265499115,1,True,False,True,52.5,True,0.20344901084899894,UNRANKED,,False,,,
2015-04-30,2015-05-01,2015-05-05,T,XLC,12.082004060232297,11.77785873413086,11.870751575229507,2,stop_loss,LONG,LONG,0.5000318735837936,0.4982236921787262,0.5018400549888611,0.4982236921787262,0.48209619522094727,50.003187358379364,0.5023554265499115,2,False,True,True,52.5,True,0.30977800488471985,UNRANKED,,False,,,
2015-05-01,2015-05-04,2015-05-05,T,XLC,12.029564167463816,11.707937240600586,11.812817156006645,1,stop_loss,LONG,LONG,0.500045657157898,0.4982512593269348,0.5018400549888611,0.4982512593269348,0.4853915274143219,50.004565715789795,0.5023554265499115,2,False,True,True,52.5,True,0.34838512539863575,UNRANKED,,False,,,
2015-05-04,2015-05-05,2015-05-06,T,XLC,12.057532907760413,11.76736831665039,11.844781110493043,1,stop_loss,LONG,LONG,0.500045657157898,0.4982512593269348,0.5018400549888611,0.4982512593269348,0.45674923062324524,50.004565715789795,0.5023554265499115,2,False,True,True,52.5,True,0.5035482048988343,UNRANKED,,False,,,
2015-05-05,2015-05-06,2015-05-13,T,XLC,11.78485139608097,11.85127067565918,11.85127067565918,5,time_exit,SHORT,SHORT,0.4976583570241928,0.4982512593269348,0.4970654547214508,0.4982512593269348,0.49996137619018555,50.23416429758072,0.5023554265499115,2,False,True,True,52.5,True,0.19052541255950928,UNRANKED,,False,,,
2015-05-06,2015-05-07,2015-05-14,T,XLC,11.62403514090969,11.931676864624023,11.877240985243883,5,take_profit,LONG,LONG,0.5026276707649231,0.501177191734314,0.5040781497955322,0.501177191734314,0.42130106687545776,50.26276707649231,0.5023554265499115,1,True,True,False,52.5,True,0.2628509104251861,UNRANKED,,False,,,
2015-05-07,2015-05-08,2015-05-15,T,XLC,11.788346906927975,12.001601219177246,12.001601219177246,5,time_exit,LONG,LONG,0.500432938337326,0.499025821685791,0.5018400549888611,0.499025821685791,0.44377490878105164,50.043293833732605,0.5023554265499115,2,False,True,True,52.5,True,0.46821081638336176,UNRANKED,,False,,,
2015-05-08,2015-05-11,2015-05-18,T,XLC,11.76387238643215,12.190381050109863,12.00559190482117,5,take_profit,LONG,LONG,0.5007185786962509,0.49959710240364075,0.5018400549888611,0.49959710240364075,0.4755570590496063,50.07185786962509,0.5023554265499115,2,False,True,True,52.5,True,0.22472950816154486,UNRANKED,,False,,,
2015-05-11,2015-05-12,2015-05-14,T,XLC,11.645009855395822,12.015583038330078,11.888227732375105,2,take_profit,LONG,LONG,0.5011647045612335,0.4982512593269348,0.5040781497955322,0.4982512593269348,0.3627435863018036,50.11647045612335,0.5023554265499115,2,False,True,True,52.5,True,0.2181426882743835,UNRANKED,,False,,,
2015-05-12,2015-05-13,2015-05-15,T,XLC,11.756879796908631,12.102978706359863,11.998599315297652,2,stop_loss,SHORT,SHORT,0.49631235003471375,0.48854655027389526,0.5040781497955322,0.48854655027389526,0.4990983307361603,50.368764996528625,0.5023554265499115,1,True,False,True,52.5,True,0.3338669538497925,UNRANKED,,False,,,
2015-05-13,2015-05-14,2015-05-18,T,XLC,11.914196582473792,12.260295867919922,12.099481469515156,2,stop_loss,SHORT,SHORT,0.49210014939308167,0.4801221489906311,0.5040781497955322,0.4801221489906311,0.5641392469406128,50.78998506069183,0.5023554265499115,1,True,False,True,52.5,True,0.2448687851428987,UNRANKED,,False,,,
2015-05-14,2015-05-15,2015-05-18,T,XLC,11.924690588598024,12.134442329406738,12.110475064741998,1,stop_loss,SHORT,SHORT,0.4976445734500885,0.4982236921787262,0.4970654547214508,0.4982236921787262,0.5175328850746155,50.23554265499115,0.5023554265499115,2,False,True,True,52.5,True,0.24326378107070923,UNRANKED,,False,,,
2015-05-15,2015-05-18,2015-05-21,T,XLC,11.98411983371213,12.120460510253906,12.175898289173904,3,stop_loss,SHORT,SHORT,0.4976445734500885,0.4982236921787262,0.4970654547214508,0.4982236921787262,0.4975476861000061,50.23554265499115,0.5023554265499115,2,False,True,True,52.5,True,0.20492076873779289,UNRANKED,,False,,,
2015-05-18,2015-05-19,2015-05-27,T,XLC,12.16241303655712,12.218344688415527,12.218344688415527,5,time_exit,SHORT,SHORT,0.4943416714668274,0.491617888212204,0.4970654547214508,0.491617888212204,0.5837491750717163,50.56583285331726,0.5023554265499115,1,True,False,True,52.5,True,0.23185440897941595,UNRANKED,,False,,,
2015-05-19,2015-05-20,2015-05-21,T,XLC,12.036556275820443,12.165907859802246,12.236825566199558,1,stop_loss,SHORT,SHORT,0.49875645339488983,0.5004474520683289,0.4970654547214508,0.5004474520683289,0.4711214303970337,50.12435466051102,0.5023554265499115,2,False,True,True,52.5,True,0.28802543878555303,UNRANKED,,False,,,
2015-05-20,2015-05-21,2015-05-29,T,XLC,12.078506226268527,12.075016021728516,12.075016021728516,5,time_exit,SHORT,SHORT,0.4976445734500885,0.4982236921787262,0.4970654547214508,0.4982236921787262,0.5722116231918335,50.23554265499115,0.5023554265499115,2,False,True,True,52.5,True,0.3669647574424743,UNRANKED,,False,,,
2015-05-21,2015-05-22,2015-06-01,T,XLC,12.19737046881118,12.008587837219238,12.008587837219238,5,time_exit,LONG,LONG,0.5008840709924698,0.5047026872634888,0.4970654547214508,0.5047026872634888,0.5529320240020752,50.08840709924698,0.5023554265499115,2,False,True,True,52.5,True,0.41676342487335205,UNRANKED,,False,,,
2015-05-22,2015-05-26,2015-06-02,T,XLC,12.095988992476647,12.012085914611816,12.012085914611816,5,time_exit,SHORT,SHORT,0.4980456382036209,0.499025821685791,0.4970654547214508,0.499025821685791,0.593248724937439,50.19543617963791,0.5023554265499115,2,False,True,True,52.5,True,0.17873033881187442,UNRANKED,,False,,,
2015-05-26,2015-05-27,2015-06-03,T,XLC,12.148425325356875,12.246315002441406,12.246315002441406,5,time_exit,SHORT,SHORT,0.4976583570241928,0.4982512593269348,0.4970654547214508,0.4982512593269348,0.5393385887145996,50.23416429758072,0.5023554265499115,2,False,True,True,52.5,True,0.1534940004348756,UNRANKED,,False,,,
2015-05-27,2015-05-28,2015-06-01,T,XLC,12.221843007467358,12.330216407775879,12.032562088801063,2,take_profit,SHORT,SHORT,0.4976445734500885,0.4982236921787262,0.4970654547214508,0.4982236921787262,0.4945025146007538,50.23554265499115,0.5023554265499115,2,False,True,True,52.5,True,0.11779054999351504,UNRANKED,,False,,,
2015-05-28,2015-05-29,2015-06-05,T,XLC,12.148431478408503,12.085502624511719,12.085502624511719,5,time_exit,SHORT,SHORT,0.4976445734500885,0.4982236921787262,0.4970654547214508,0.4982236921787262,0.46687570214271545,50.23554265499115,0.5023554265499115,2,False,True,True,52.5,True,0.014655411243438745,UNRANKED,,False,,,
2015-05-29,2015-06-01,2015-06-04,T,XLC,12.071514206421941,12.092493057250977,12.264789113125346,3,stop_loss,SHORT,SHORT,0.4976445734500885,0.4982236921787262,0.4970654547214508,0.4982236921787262,0.48330768942832947,50.23554265499115,0.5023554265499115,2,False,True,True,52.5,True,0.24630734324455253,UNRANKED,,False,,,
2015-06-01,2015-06-02,2015-06-03,T,XLC,12.015581971740552,12.06452465057373,12.2083578342981,1,take_profit,LONG,LONG,0.5011509209871292,0.4982236921787262,0.5040781497955322,0.4982236921787262,0.5024731159210205,50.11509209871292,0.5023554265499115,2,False,True,True,52.5,True,0.21323031187057487,UNRANKED,,False,,,
2015-06-02,2015-06-03,2015-06-04,T,XLC,12.04354898068387,12.137938499450684,12.228334414861813,1,stop_loss,SHORT,SHORT,0.4976445734500885,0.4982236921787262,0.4970654547214508,0.4982236921787262,0.5314576029777527,50.23554265499115,0.5023554265499115,2,False,True,True,52.5,True,0.15963846445083618,UNRANKED,,False,,,
2015-06-03,2015-06-04,2015-06-11,T,XLC,12.207857949507675,12.193878173828125,12.193878173828125,5,time_exit,SHORT,SHORT,0.4976445734500885,0.4982236921787262,0.4970654547214508,0.4982236921787262,0.6044195890426636,50.23554265499115,0.5023554265499115,2,False,True,True,52.5,True,0.1812025010585785,UNRANKED,,False,,,
2015-06-04,2015-06-05,2015-06-09,T,XLC,12.291763852050751,12.113468170166016,12.085003854274175,2,take_profit,SHORT,SHORT,0.4988355487585068,0.4935929477214813,0.5040781497955322,0.4935929477214813,0.5230158567428589,50.11644512414932,0.5023554265499115,2,False,True,True,52.5,True,0.18606868386268618,UNRANKED,,False,,,
2015-06-05,2015-06-08,2015-06-15,T,XLC,12.061029424693414,12.029563903808594,12.029563903808594,5,time_exit,SHORT,SHORT,0.49893204867839813,0.5007986426353455,0.4970654547214508,0.5007986426353455,0.5309354662895203,50.10679513216019,0.5023554265499115,2,False,True,True,52.5,True,0.1372123062610627,UNRANKED,,False,,,
2015-06-08,2015-06-09,2015-06-16,T,XLC,12.0924922239373,12.120460510253906,12.120460510253906,5,time_exit,SHORT,SHORT,0.4993193596601486,0.5015732645988464,0.4970654547214508,0.5015732645988464,0.5445160865783691,50.06806403398514,0.5023554265499115,2,False,True,True,52.5,True,0.14489245414733887,UNRANKED,,False,,,
2015-06-09,2015-06-10,2015-06-17,T,XLC,12.092491526422345,12.165907859802246,12.165907859802246,5,time_exit,SHORT,SHORT,0.4993193596601486,0.5015732645988464,0.4970654547214508,0.5015732645988464,0.47712481021881104,50.06806403398514,0.5023554265499115,2,False,True,True,52.5,True,0.23247420787811277,UNRANKED,,False,,,
2015-06-10,2015-06-11,2015-06-18,T,XLC,12.172901826607905,12.242820739746094,12.242820739746094,5,time_exit,SHORT,SHORT,0.4976445734500885,0.4982236921787262,0.4970654547214508,0.4982236921787262,0.51210618019104,50.23554265499115,0.5023554265499115,2,False,True,True,52.5,True,0.14787459373474124,UNRANKED,,False,,,
2015-06-11,2015-06-12,2015-06-19,T,XLC,12.1484278589864,12.232329368591309,12.232329368591309,5,time_exit,SHORT,SHORT,0.4988355487585068,0.4935929477214813,0.5040781497955322,0.4935929477214813,0.3038560748100281,50.11644512414932,0.5023554265499115,2,False,True,True,52.5,True,0.13837146759033206,UNRANKED,,False,,,
2015-06-12,2015-06-15,2015-06-18,T,XLC,12.075010875456229,12.249811172485352,12.23682338526545,3,stop_loss,SHORT,SHORT,0.4988355487585068,0.4935929477214813,0.5040781497955322,0.4935929477214813,0.41302207112312317,50.11644512414932,0.5023554265499115,2,False,True,True,52.5,True,0.18096154928207397,UNRANKED,,False,,,
2015-06-15,2015-06-16,2015-06-17,T,XLC,11.99110992406202,12.553959846496582,12.162911354900467,1,stop_loss,SHORT,SHORT,0.4988355487585068,0.4935929477214813,0.5040781497955322,0.4935929477214813,0.3193049728870392,50.11644512414932,0.5023554265499115,2,False,True,True,52.5,True,0.21185496449470514,UNRANKED,,False,,,
2015-06-16,2015-06-17,2015-06-23,T,XLC,12.137939403126992,12.508512496948242,12.30874260943454,4,stop_loss,SHORT,SHORT,0.4988355487585068,0.4935929477214813,0.5040781497955322,0.4935929477214813,0.2977641224861145,50.11644512414932,0.5023554265499115,2,False,True,True,52.5,True,0.2741097807884217,UNRANKED,,False,,,
2015-06-17,2015-06-18,2015-06-23,T,XLC,12.165910118140445,12.648351669311523,12.335714827438716,3,stop_loss,SHORT,SHORT,0.4976445734500885,0.4982236921787262,0.4970654547214508,0.4982236921787262,0.5412396788597107,50.23554265499115,0.5023554265499115,2,False,True,True,52.5,True,0.19243162870407104,UNRANKED,,False,,,
2015-06-18,2015-06-19,2015-06-23,T,XLC,12.207857853698252,12.627374649047852,12.375665568977968,2,stop_loss,SHORT,SHORT,0.4976445734500885,0.4982236921787262,0.4970654547214508,0.4982236921787262,0.4948626160621643,50.23554265499115,0.5023554265499115,2,False,True,True,52.5,True,0.2985971570014953,UNRANKED,,False,,,
2015-06-19,2015-06-22,2015-06-23,T,XLC,12.270786633161386,12.505012512207031,12.430603375104745,1,stop_loss,SHORT,SHORT,0.4976445734500885,0.4982236921787262,0.4970654547214508,0.4982236921787262,0.47854453325271606,50.23554265499115,0.5023554265499115,2,False,True,True,52.5,True,0.2532816231250763,UNRANKED,,False,,,
2015-06-22,2015-06-23,2015-06-25,T,XLC,12.435097417965455,12.417619705200195,12.59691183512331,2,stop_loss,SHORT,SHORT,0.4976445734500885,0.4982236921787262,0.4970654547214508,0.4982236921787262,0.4720367193222046,50.23554265499115,0.5023554265499115,2,False,True,True,52.5,True,0.23903766274452204,UNRANKED,,False,,,
2015-06-23,2015-06-24,2015-07-01,T,XLC,12.557455536849707,12.435097694396973,12.435097694396973,5,time_exit,SHORT,SHORT,0.4976445734500885,0.4982236921787262,0.4970654547214508,0.4982236921787262,0.5295793414115906,50.23554265499115,0.5023554265499115,2,False,True,True,52.5,True,0.31565618515014643,UNRANKED,,False,,,
2015-06-24,2015-06-25,2015-06-30,T,XLC,12.630872262668992,12.491028785705566,12.46456276974035,3,take_profit,SHORT,SHORT,0.4976445734500885,0.4982236921787262,0.4970654547214508,0.4982236921787262,0.5195555686950684,50.23554265499115,0.5023554265499115,2,False,True,True,52.5,True,0.14724874496459964,UNRANKED,,False,,,
2015-06-25,2015-06-26,2015-06-29,T,XLC,12.718268611802134,12.449077606201172,12.566941206145048,1,stop_loss,LONG,LONG,0.5011509209871292,0.4982236921787262,0.5040781497955322,0.4982236921787262,0.5293924808502197,50.11509209871292,0.5023554265499115,2,False,True,True,52.5,True,0.17672896385192868,UNRANKED,,False,,,
2015-06-26,2015-06-29,2015-07-07,T,XLC,12.53997219380448,12.505012512207031,12.505012512207031,5,time_exit,SHORT,SHORT,0.4976445734500885,0.4982236921787262,0.4970654547214508,0.4982236921787262,0.5063741207122803,50.23554265499115,0.5023554265499115,2,False,True,True,52.5,True,0.176776796579361,UNRANKED,,False,,,
2015-06-29,2015-06-30,2015-07-08,T,XLC,12.595913372299623,12.377745628356934,12.429103064115681,5,take_profit,SHORT,SHORT,0.4976445734500885,0.4982236921787262,0.4970654547214508,0.4982236921787262,0.602067768573761,50.23554265499115,0.5023554265499115,2,False,True,True,52.5,True,0.2755761444568634,UNRANKED,,False,,,
2015-06-30,2015-07-01,2015-07-09,T,XLC,12.44208980984079,12.235426902770996,12.273282507638292,5,take_profit,SHORT,SHORT,0.4976445734500885,0.4982236921787262,0.4970654547214508,0.4982236921787262,0.5827677249908447,50.23554265499115,0.5023554265499115,2,False,True,True,52.5,True,0.22854855656623826,UNRANKED,,False,,,
2015-07-01,2015-07-02,2015-07-09,T,XLC,12.532980581867854,12.327933311462402,12.369667806119738,4,take_profit,SHORT,SHORT,0.4976445734500885,0.4982236921787262,0.4970654547214508,0.4982236921787262,0.49109628796577454,50.23554265499115,0.5023554265499115,2,False,True,True,52.5,True,0.296721875667572,UNRANKED,,False,,,
2015-07-02,2015-07-06,2015-07-09,T,XLC,12.445582432286875,12.409767150878906,12.285766644017832,3,take_profit,SHORT,SHORT,0.4976445734500885,0.4982236921787262,0.4970654547214508,0.4982236921787262,0.5231515765190125,50.23554265499115,0.5023554265499115,2,False,True,True,52.5,True,0.29160079360008245,UNRANKED,,False,,,
2015-07-06,2015-07-07,2015-07-09,T,XLC,12.512003742252492,12.495153427124023,12.358181252105311,2,take_profit,SHORT,SHORT,0.4976445734500885,0.4982236921787262,0.4970654547214508,0.4982236921787262,0.45952919125556946,50.23554265499115,0.5023554265499115,2,False,True,True,52.5,True,0.3811272978782653,UNRANKED,,False,,,
2015-07-07,2015-07-08,2015-07-09,T,XLC,12.552079997899428,12.356399536132812,12.403252036386453,1,stop_loss,LONG,LONG,0.5000318735837936,0.4982236921787262,0.5018400549888611,0.4982236921787262,0.5600270628929138,50.003187358379364,0.5023554265499115,2,False,True,True,52.5,True,0.3700849413871765,UNRANKED,,False,,,
2015-07-08,2015-07-09,2015-07-16,T,XLC,12.459571657965654,12.509385108947754,12.509385108947754,5,time_exit,SHORT,SHORT,0.4976445734500885,0.4982236921787262,0.4970654547214508,0.4982236921787262,0.5140026807785034,50.23554265499115,0.5023554265499115,2,False,True,True,52.5,True,0.19898930191993716,UNRANKED,,False,,,
2015-07-09,2015-07-10,2015-07-14,T,XLC,12.317259450188185,12.456014633178711,12.487119608835995,2,stop_loss,SHORT,SHORT,0.4976445734500885,0.4982236921787262,0.4970654547214508,0.4982236921787262,0.5095580220222473,50.23554265499115,0.5023554265499115,2,False,True,True,52.5,True,0.12503761053085327,UNRANKED,,False,,,
2015-07-10,2015-07-13,2015-07-20,T,XLC,12.363514640434222,12.416875839233398,12.416875839233398,5,time_exit,SHORT,SHORT,0.4976445734500885,0.4982236921787262,0.4970654547214508,0.4982236921787262,0.5004196763038635,50.23554265499115,0.5023554265499115,2,False,True,True,52.5,True,0.2454647719860077,UNRANKED,,False,,,
2015-07-13,2015-07-14,2015-07-21,T,XLC,12.359954769755157,12.299467086791992,12.299467086791992,5,time_exit,SHORT,SHORT,0.4976445734500885,0.4982236921787262,0.4970654547214508,0.4982236921787262,0.5778857469558716,50.23554265499115,0.5023554265499115,2,False,True,True,52.5,True,0.6448278725147247,UNRANKED,,False,,,
2015-07-14,2015-07-15,2015-07-21,T,XLC,12.488040268502843,12.19273567199707,12.328522299098895,4,stop_loss,LONG,LONG,0.5000318735837936,0.4982236921787262,0.5018400549888611,0.4982236921787262,0.5249276757240295,50.003187358379364,0.5023554265499115,2,False,True,True,52.5,True,0.35957571864128113,UNRANKED,,False,,,
2015-07-15,2015-07-16,2015-07-22,T,XLC,12.399092122703546,12.071770668029785,12.226244647379188,4,stop_loss,LONG,LONG,0.5000318735837936,0.4982236921787262,0.5018400549888611,0.4982236921787262,0.47575870156288147,50.003187358379364,0.5023554265499115,2,False,True,True,52.5,True,0.36761677265167236,UNRANKED,,False,,,
2015-07-16,2015-07-17,2015-07-21,T,XLC,12.488035314878616,12.19985294342041,12.313309782346877,2,take_profit,SHORT,SHORT,0.49535462260246277,0.48886919021606445,0.5018400549888611,0.48886919021606445,0.4894844889640808,50.46453773975372,0.5023554265499115,1,True,False,True,52.5,True,0.6921946257352829,UNRANKED,,False,,,
2015-07-17,2015-07-20,2015-07-22,T,XLC,12.466686278848517,12.210524559020996,12.28733310981601,2,take_profit,SHORT,SHORT,0.49535462260246277,0.48886919021606445,0.5018400549888611,0.48886919021606445,0.5341889262199402,50.46453773975372,0.5023554265499115,1,True,False,True,52.5,True,0.9691282659769058,UNRANKED,,False,,,
2015-07-20,2015-07-21,2015-07-23,T,XLC,12.335045715795127,12.214080810546875,12.167581595747695,2,take_profit,SHORT,SHORT,0.49535462260246277,0.48886919021606445,0.5018400549888611,0.48886919021606445,0.4902499318122864,50.46453773975372,0.5023554265499115,1,True,False,True,52.5,True,1.000938758254051,UNRANKED,,False,,,
2015-07-21,2015-07-22,2015-07-29,T,XLC,12.185619764416158,12.342164993286133,12.342164993286133,5,time_exit,SHORT,SHORT,0.49296732246875763,0.48886919021606445,0.4970654547214508,0.48886919021606445,0.5561022162437439,50.70326775312424,0.5023554265499115,1,True,False,True,52.5,True,0.7257277071475983,UNRANKED,,False,,,
2015-07-22,2015-07-23,2015-07-30,T,XLC,12.19629547569064,12.381301879882812,12.380798077314175,5,stop_loss,SHORT,SHORT,0.49535462260246277,0.48886919021606445,0.5018400549888611,0.48886919021606445,0.5032308101654053,50.46453773975372,0.5023554265499115,1,True,False,True,52.5,True,1.0438948273658752,UNRANKED,,False,,,
2015-07-23,2015-07-24,2015-07-31,T,XLC,12.331492756017632,12.359950065612793,12.359950065612793,5,time_exit,LONG,LONG,0.5000318735837936,0.4982236921787262,0.5018400549888611,0.4982236921787262,0.5775623321533203,50.003187358379364,0.5023554265499115,2,False,True,True,52.5,True,0.5328027904033661,UNRANKED,,False,,,
2015-07-24,2015-07-27,2015-07-30,T,XLC,12.174945919541406,12.33149242401123,12.381043522385644,3,take_profit,LONG,LONG,0.5000318735837936,0.4982236921787262,0.5018400549888611,0.4982236921787262,0.49663862586021423,50.003187358379364,0.5023554265499115,2,False,True,True,52.5,True,0.11736693978309622,UNRANKED,,False,,,
2015-07-27,2015-07-28,2015-08-04,T,XLC,12.29946899431348,12.30302906036377,12.30302906036377,5,time_exit,LONG,LONG,0.5000318735837936,0.4982236921787262,0.5018400549888611,0.4982236921787262,0.4984450042247772,50.003187358379364,0.5023554265499115,2,False,True,True,52.5,True,0.4887827038764953,UNRANKED,,False,,,
2015-07-28,2015-07-29,2015-08-05,T,XLC,12.26389180839968,12.299467086791992,12.299467086791992,5,time_exit,SHORT,SHORT,0.49836915731430054,0.49967285990715027,0.4970654547214508,0.49967285990715027,0.4941747188568115,50.163084268569946,0.5023554265499115,2,False,True,True,52.5,True,0.18780222535133362,UNRANKED,,False,,,
2015-07-29,2015-07-30,2015-08-06,T,XLC,12.402648704234835,12.182060241699219,12.22272373933005,5,stop_loss,LONG,LONG,0.5018376260995865,0.49959710240364075,0.5040781497955322,0.49959710240364075,0.4930422604084015,50.18376260995865,0.5023554265499115,2,False,True,True,52.5,True,0.36888852715492243,UNRANKED,,False,,,
2015-07-30,2015-07-31,2015-08-06,T,XLC,12.431107321195663,12.171387672424316,12.258806573732981,4,stop_loss,LONG,LONG,0.5121290981769562,0.5201800465583801,0.5040781497955322,0.5201800465583801,0.5285316705703735,51.21290981769562,0.5023554265499115,1,True,True,False,52.5,True,0.18861219286918648,UNRANKED,,False,,,
2015-07-31,2015-08-03,2015-08-06,T,XLC,12.434670397271457,12.374184608459473,12.271009939115416,3,stop_loss,LONG,LONG,0.5086227506399155,0.5201800465583801,0.4970654547214508,0.5201800465583801,0.4738633632659912,50.86227506399155,0.5023554265499115,1,True,True,False,52.5,True,0.1757881045341492,UNRANKED,,False,,,
2015-08-03,2015-08-04,2015-08-06,T,XLC,12.377744295535763,12.327933311462402,12.222216499471658,2,take_profit,SHORT,SHORT,0.4976445734500885,0.4982236921787262,0.4970654547214508,0.4982236921787262,0.5162939429283142,50.23554265499115,0.5023554265499115,2,False,True,True,52.5,True,0.2656264007091522,UNRANKED,,False,,,
2015-08-04,2015-08-05,2015-08-06,T,XLC,12.377740250293472,12.103787422180176,12.237968243849904,1,take_profit,SHORT,SHORT,0.4991924464702606,0.494306743144989,0.5040781497955322,0.494306743144989,0.39361274242401123,50.08075535297394,0.5023554265499115,2,False,True,True,52.5,True,0.20780351758003246,UNRANKED,,False,,,
2015-08-05,2015-08-06,2015-08-07,T,XLC,12.292353201106023,12.029072761535645,12.173927423125763,1,stop_loss,LONG,LONG,0.5011509209871292,0.4982236921787262,0.5040781497955322,0.4982236921787262,0.46420079469680786,50.11509209871292,0.5023554265499115,2,False,True,True,52.5,True,0.2840704321861267,UNRANKED,,False,,,
2015-08-06,2015-08-07,2015-08-10,T,XLC,12.135809036428507,12.114459991455078,12.263382867169298,1,stop_loss,SHORT,SHORT,0.4976445734500885,0.4982236921787262,0.4970654547214508,0.4982236921787262,0.5459831357002258,50.23554265499115,0.5023554265499115,2,False,True,True,52.5,True,0.20180240273475644,UNRANKED,,False,,,
2015-08-07,2015-08-10,2015-08-11,T,XLC,12.203407337045872,12.178504943847656,12.32691456426232,1,stop_loss,SHORT,SHORT,0.4935608059167862,0.4891582429409027,0.4979633688926697,0.4891582429409027,0.5795284509658813,50.64391940832138,0.5046682953834534,1,True,False,True,52.5,True,-0.021873354911804185,UNRANKED,,False,,,
2015-08-10,2015-08-11,2015-08-12,T,XLC,12.31014444114521,12.221199035644531,12.174438901986798,1,take_profit,SHORT,SHORT,0.4898163676261902,0.4816693663597107,0.4979633688926697,0.4816693663597107,0.5872266888618469,51.01836323738098,0.5046682953834534,1,True,False,True,52.5,True,-0.40929642319679266,UNRANKED,,False,,,
2015-08-11,2015-08-12,2015-08-17,T,XLC,12.046861968358003,12.224756240844727,12.17392749068815,3,stop_loss,SHORT,SHORT,0.49401839077472687,0.49007341265678406,0.4979633688926697,0.49007341265678406,0.6003377437591553,50.59816092252731,0.5046682953834534,1,True,False,True,52.5,True,-0.3078093230724335,UNRANKED,,False,,,
2015-08-12,2015-08-13,2015-08-20,T,XLC,12.100229127568996,12.078889846801758,12.078889846801758,5,time_exit,SHORT,SHORT,0.48729290068149567,0.47662243247032166,0.4979633688926697,0.47662243247032166,0.5638465881347656,51.27070993185043,0.5046682953834534,1,True,False,True,52.5,True,-0.18457090854644792,UNRANKED,,False,,,
2015-08-13,2015-08-14,2015-08-18,T,XLC,12.064649550810945,11.87608814239502,12.198831254650928,2,stop_loss,SHORT,SHORT,0.4903016984462738,0.48264002799987793,0.4979633688926697,0.48264002799987793,0.6107752919197083,50.96983015537262,0.5046682953834534,1,True,False,True,52.5,True,-0.16307595372200007,UNRANKED,,False,,,
2015-08-14,2015-08-17,2015-08-21,T,XLC,12.08244377682396,11.516744613647461,11.93758841379557,4,take_profit,SHORT,SHORT,0.4907674789428711,0.4835715889930725,0.4979633688926697,0.4835715889930725,0.5733231902122498,50.92325210571289,0.5046682953834534,1,True,False,True,52.5,True,-0.19714757800102226,UNRANKED,,False,,,
2015-08-17,2015-08-18,2015-08-21,T,XLC,12.153599707077552,11.313947677612305,12.000103101068206,3,take_profit,SHORT,SHORT,0.492401584982872,0.48683980107307434,0.4979633688926697,0.48683980107307434,0.5668882727622986,50.7598415017128,0.5046682953834534,1,True,False,True,52.5,True,-0.015506446361541722,UNRANKED,,False,,,
2015-08-18,2015-08-19,2015-08-21,T,XLC,12.203408518305942,11.630596160888672,12.062110496716935,2,take_profit,SHORT,SHORT,0.49386821687221527,0.48977306485176086,0.4979633688926697,0.48977306485176086,0.5530465841293335,50.61317831277847,0.5046682953834534,1,True,False,True,52.5,True,-0.022592842578887967,UNRANKED,,False,,,
2015-08-19,2015-08-20,2015-08-21,T,XLC,12.157162167835025,11.89743709564209,12.020946957874088,1,take_profit,SHORT,SHORT,0.4909408390522003,0.48391830921173096,0.4979633688926697,0.48391830921173096,0.5537335276603699,50.90591609477997,0.5046682953834534,1,True,False,True,52.5,True,0.023548275232314994,UNRANKED,,False,,,
2015-08-20,2015-08-21,2015-08-24,T,XLC,11.989939981432704,11.844066619873047,11.835936974361346,1,take_profit,SHORT,SHORT,0.4846833795309067,0.4714033901691437,0.4979633688926697,0.4714033901691437,0.6227808594703674,51.53166204690933,0.5046682953834534,1,True,False,True,52.5,True,0.006138443946838382,UNRANKED,,False,,,
2015-08-21,2015-08-24,2015-08-26,T,XLC,11.44914529152786,11.812045097351074,11.628054593285672,2,take_profit,LONG,LONG,0.5071495175361633,0.516335666179657,0.4979633688926697,0.516335666179657,0.6607032418251038,50.71495175361633,0.5046682953834534,1,True,True,False,52.5,True,0.758513242006302,UNRANKED,,False,,,
2015-08-24,2015-08-25,2015-09-01,T,XLC,11.78002523366472,11.49895191192627,11.553847336892607,5,take_profit,SHORT,SHORT,0.48687557876110077,0.47578778862953186,0.4979633688926697,0.47578778862953186,0.6747686266899109,51.31244212388992,0.5046682953834534,1,True,False,True,52.5,True,0.8418250977993011,UNRANKED,,False,,,
2015-08-25,2015-08-26,2015-08-27,T,XLC,11.513187278517329,11.676847457885742,11.76782731278421,1,take_profit,LONG,LONG,0.5114671885967255,0.5037898421287537,0.5191445350646973,0.5037898421287537,0.5759448409080505,51.146718859672546,0.5046682953834534,1,True,True,False,52.5,True,1.1375461518764496,UNRANKED,,False,,,
2015-08-26,2015-08-27,2015-09-03,T,XLC,11.74444954154004,11.755120277404785,11.755120277404785,5,time_exit,LONG,LONG,0.5379849076271057,0.5568252801895142,0.5191445350646973,0.5568252801895142,0.5412954688072205,53.79849076271057,0.5046682953834534,1,True,True,False,52.5,True,1.0150029361248016,UNRANKED,,False,,,
2015-08-27,2015-08-28,2015-09-01,T,XLC,11.861855489807946,11.584344863891602,11.542156883589335,2,stop_loss,LONG,LONG,0.5378493368625641,0.5565541386604309,0.5191445350646973,0.5565541386604309,0.45502805709838867,53.78493368625641,0.5046682953834534,1,True,True,False,52.5,True,1.0188160985708234,UNRANKED,,False,,,
2015-08-28,2015-08-31,2015-09-01,T,XLC,11.812045097351074,11.790698051452637,11.513693128313337,1,stop_loss,LONG,LONG,0.5285419225692749,0.5379393100738525,0.5191445350646973,0.5379393100738525,0.5049978494644165,52.85419225692749,0.5046682953834534,1,True,True,False,52.5,True,1.5246383100748062,UNRANKED,,False,,,
2015-08-31,2015-09-01,2015-09-09,T,XLC,11.598571892873677,11.662616729736328,11.662616729736328,5,time_exit,LONG,LONG,0.53618985414505,0.5532351732254028,0.5191445350646973,0.5532351732254028,0.45688948035240173,53.618985414505005,0.5046682953834534,1,True,True,False,52.5,True,1.7034794688224792,UNRANKED,,False,,,
2015-09-01,2015-09-02,2015-09-10,T,XLC,11.730214962828178,11.65194320678711,11.65194320678711,5,time_exit,LONG,LONG,0.502200186252594,0.4852558374404907,0.5191445350646973,0.4852558374404907,0.5905869007110596,50.2200186252594,0.5046682953834534,2,False,True,True,52.5,True,1.4689561426639557,UNRANKED,,False,,,
2015-09-02,2015-09-03,2015-09-11,T,XLC,11.730215500521595,11.641271591186523,11.641271591186523,5,time_exit,SHORT,SHORT,0.4949989318847656,0.470853328704834,0.5191445350646973,0.470853328704834,0.5390596985816956,50.50010681152344,0.5046682953834534,1,True,False,True,52.5,True,1.6450036317110062,UNRANKED,,False,,,
2015-09-03,2015-09-04,2015-09-14,T,XLC,11.627038513986445,11.58078670501709,11.58078670501709,5,time_exit,SHORT,SHORT,0.4957771897315979,0.47240984439849854,0.5191445350646973,0.47240984439849854,0.5459953546524048,50.42228102684021,0.5046682953834534,2,False,True,True,52.5,True,1.84222611784935,UNRANKED,,False,,,
2015-09-04,2015-09-08,2015-09-15,T,XLC,11.723099627848383,11.69107723236084,11.69107723236084,5,time_exit,LONG,LONG,0.5009777247905731,0.482810914516449,0.5191445350646973,0.482810914516449,0.5139627456665039,50.09777247905731,0.5046682953834534,2,False,True,True,52.5,True,1.3257066011428835,UNRANKED,,False,,,
2015-09-08,2015-09-09,2015-09-16,T,XLC,11.883202676959176,11.719542503356934,11.719542503356934,5,time_exit,SHORT,SHORT,0.4963938742876053,0.4736432135105133,0.5191445350646973,0.4736432135105133,0.5761021375656128,50.36061257123947,0.5046682953834534,2,False,True,True,52.5,True,1.4031523764133456,UNRANKED,,False,,,
2015-09-09,2015-09-10,2015-09-17,T,XLC,11.6590591145747,11.662616729736328,11.662616729736328,5,time_exit,SHORT,SHORT,0.48316746950149536,0.46276408433914185,0.5035708546638489,0.46276408433914185,0.5462201833724976,51.683253049850464,0.5046682953834534,1,True,False,True,52.5,True,1.1268599778413773,UNRANKED,,False,,,
2015-09-10,2015-09-11,2015-09-18,T,XLC,11.644829545492192,11.58078670501709,11.58078670501709,5,time_exit,SHORT,SHORT,0.48316746950149536,0.46276408433914185,0.5035708546638489,0.46276408433914185,0.5524587631225586,51.683253049850464,0.5046682953834534,1,True,False,True,52.5,True,0.7577690929174424,UNRANKED,,False,,,
2015-09-11,2015-09-14,2015-09-21,T,XLC,11.648386031356313,11.584344863891602,11.584344863891602,5,time_exit,SHORT,SHORT,0.49562501907348633,0.493286669254303,0.4979633688926697,0.493286669254303,0.5208603739738464,50.43749809265137,0.5046682953834534,2,False,True,True,52.5,True,0.6882483214139938,UNRANKED,,False,,,
2015-09-14,2015-09-15,2015-09-22,T,XLC,11.627035873290238,11.48116683959961,11.48116683959961,5,time_exit,SHORT,SHORT,0.49542734026908875,0.4928913116455078,0.4979633688926697,0.4928913116455078,0.542304277420044,50.457265973091125,0.5046682953834534,2,False,True,True,52.5,True,0.7173011004924773,UNRANKED,,False,,,
2015-09-15,2015-09-16,2015-09-23,T,XLC,11.691079770753776,11.456260681152344,11.456260681152344,5,time_exit,SHORT,SHORT,0.4821735769510269,0.46638378500938416,0.4979633688926697,0.46638378500938416,0.5002081394195557,51.78264230489731,0.5046682953834534,1,True,False,True,52.5,True,0.8046619594097137,UNRANKED,,False,,,
2015-09-16,2015-09-17,2015-09-24,T,XLC,11.644827859257227,11.424241065979004,11.424241065979004,5,time_exit,SHORT,SHORT,0.4821735769510269,0.46638378500938416,0.4979633688926697,0.46638378500938416,0.5153429508209229,51.78264230489731,0.5046682953834534,1,True,False,True,52.5,True,1.0215154886245728,UNRANKED,,False,,,
2015-09-17,2015-09-18,2015-09-25,T,XLC,11.627038308213487,11.502513885498047,11.502513885498047,5,time_exit,SHORT,SHORT,0.4984634816646576,0.4989635944366455,0.4979633688926697,0.4989635944366455,0.5064214468002319,50.15365183353424,0.5046682953834534,2,False,True,True,52.5,True,0.5685725808143616,UNRANKED,,False,,,
2015-09-18,2015-09-21,2015-09-28,T,XLC,11.580786909971495,11.349527359008789,11.37138196459796,5,take_profit,SHORT,SHORT,0.4918879419565201,0.4858125150203705,0.4979633688926697,0.4858125150203705,0.5591402053833008,50.81120580434799,0.5046682953834534,1,True,False,True,52.5,True,0.4163008034229279,UNRANKED,,False,,,
2015-09-21,2015-09-22,2015-09-29,T,XLC,11.498955710640114,11.41000747680664,11.41000747680664,5,time_exit,SHORT,SHORT,0.489184707403183,0.4804060459136963,0.4979633688926697,0.4804060459136963,0.5876505374908447,51.0815292596817,0.5046682953834534,1,True,False,True,52.5,True,0.44749537110328674,UNRANKED,,False,,,
2015-09-22,2015-09-23,2015-09-30,T,XLC,11.488281363947783,11.591461181640625,11.591461181640625,5,time_exit,SHORT,SHORT,0.4929056614637375,0.4878479540348053,0.4979633688926697,0.4878479540348053,0.6335263848304749,50.70943385362625,0.5046682953834534,1,True,False,True,52.5,True,0.25509431958198553,UNRANKED,,False,,,
2015-09-23,2015-09-24,2015-09-30,T,XLC,11.392220380191157,11.5736722946167,11.545715623808624,4,take_profit,LONG,LONG,0.5019480288028717,0.5059326887130737,0.4979633688926697,0.5059326887130737,0.580195963382721,50.19480288028717,0.5046682953834534,2,False,True,True,52.5,True,0.38808032870292664,UNRANKED,,False,,,
2015-09-24,2015-09-25,2015-10-02,T,XLC,11.481167060144742,11.612801551818848,11.612801551818848,5,time_exit,LONG,LONG,0.5013296008110046,0.5046958327293396,0.4979633688926697,0.5046958327293396,0.5957225561141968,50.132960081100464,0.5046682953834534,2,False,True,True,52.5,True,0.36887317895889277,UNRANKED,,False,,,
2015-09-25,2015-09-28,2015-10-02,T,XLC,11.477609210769058,11.893877983093262,11.611282197480833,4,take_profit,LONG,LONG,0.5013296008110046,0.5046958327293396,0.4979633688926697,0.5046958327293396,0.5862311720848083,50.132960081100464,0.5046682953834534,2,False,True,True,52.5,True,0.2181553691625596,UNRANKED,,False,,,
2015-09-28,2015-09-29,2015-09-30,T,XLC,11.381544749250754,11.851184844970703,11.50759392723799,1,stop_loss,SHORT,SHORT,0.49495266377925873,0.4919419586658478,0.4979633688926697,0.4919419586658478,0.6613951325416565,50.50473362207413,0.5046682953834534,1,True,False,True,52.5,True,0.2162872254848481,UNRANKED,,False,,,
2015-09-29,2015-09-30,2015-10-05,T,XLC,11.513188881982979,12.00790786743164,11.62958074512472,3,stop_loss,SHORT,SHORT,0.4900866746902466,0.4822099804878235,0.4979633688926697,0.4822099804878235,0.6312954425811768,50.99133253097534,0.5046682953834534,1,True,False,True,52.5,True,0.37312909960746765,UNRANKED,,False,,,
2015-09-30,2015-10-01,2015-10-05,T,XLC,11.555882523029506,12.109427452087402,11.696671555011928,2,stop_loss,SHORT,SHORT,0.488009050488472,0.4724472463130951,0.5035708546638489,0.4724472463130951,0.5201160311698914,51.1990949511528,0.5046682953834534,1,True,False,True,52.5,True,0.683442786335945,UNRANKED,,False,,,
2015-10-01,2015-10-02,2015-10-05,T,XLC,11.506065685195903,12.015155792236328,11.647871470238803,1,stop_loss,SHORT,SHORT,0.49597449600696564,0.4939856231212616,0.4979633688926697,0.4939856231212616,0.5736182928085327,50.402550399303436,0.5046682953834534,2,False,True,True,52.5,True,0.4599632173776626,UNRANKED,,False,,,
2015-10-02,2015-10-05,2015-10-07,T,XLC,11.733775433913975,12.073163986206055,11.87253041481869,2,stop_loss,SHORT,SHORT,0.49404536187648773,0.4901273548603058,0.4979633688926697,0.4901273548603058,0.5784033536911011,50.59546381235123,0.5046682953834534,1,True,False,True,52.5,True,0.5980777144432068,UNRANKED,,False,,,
2015-10-05,2015-10-06,2015-10-08,T,XLC,11.91878418632029,12.04416275024414,12.081937153500814,2,take_profit,LONG,LONG,0.5304608345031738,0.5573508143424988,0.5035708546638489,0.5573508143424988,0.462677925825119,53.04608345031738,0.5046682953834534,1,True,True,False,52.5,True,0.4986700415611267,UNRANKED,,False,,,
2015-10-06,2015-10-07,2015-10-14,T,XLC,11.98977943431207,12.062291145324707,12.062291145324707,5,time_exit,LONG,LONG,0.5104837715625763,0.5173966884613037,0.5035708546638489,0.5173966884613037,0.5024456977844238,51.04837715625763,0.5046682953834534,1,True,True,False,52.5,True,0.6412433087825775,UNRANKED,,False,,,
2015-10-07,2015-10-08,2015-10-15,T,XLC,12.004286167386581,12.142054557800293,12.142054557800293,5,time_exit,LONG,LONG,0.5003173053264618,0.4970637559890747,0.5035708546638489,0.4970637559890747,0.4828808605670929,50.03173053264618,0.5046682953834534,2,False,True,True,52.5,True,0.2419584691524506,UNRANKED,,False,,,
2015-10-08,2015-10-09,2015-10-16,T,XLC,12.116672249573366,12.265324592590332,12.265324592590332,5,time_exit,SHORT,SHORT,0.4934595078229904,0.48334816098213196,0.5035708546638489,0.48334816098213196,0.4871954917907715,50.65404921770096,0.5046682953834534,1,True,False,True,52.5,True,0.39592725038528437,UNRANKED,,False,,,
2015-10-09,2015-10-12,2015-10-16,T,XLC,12.036908961613227,12.1928129196167,12.232123096919448,4,stop_loss,SHORT,SHORT,0.4934595078229904,0.48334816098213196,0.5035708546638489,0.48334816098213196,0.5013311505317688,50.65404921770096,0.5046682953834534,1,True,False,True,52.5,True,0.5839634537696838,UNRANKED,,False,,,
2015-10-12,2015-10-13,2015-10-16,T,XLC,12.033286606087334,12.236320495605469,12.222047908490374,3,stop_loss,SHORT,SHORT,0.4987242966890335,0.49387773871421814,0.5035708546638489,0.49387773871421814,0.5533605217933655,50.12757033109665,0.5046682953834534,2,False,True,True,52.5,True,0.4468349218368531,UNRANKED,,False,,,
2015-10-13,2015-10-14,2015-10-16,T,XLC,12.047788399057865,12.181934356689453,12.237134712534427,2,stop_loss,SHORT,SHORT,0.4939449429512024,0.4843190312385559,0.5035708546638489,0.4843190312385559,0.5627308487892151,50.60550570487976,0.5046682953834534,1,True,False,True,52.5,True,0.5581003725528717,UNRANKED,,False,,,
2015-10-14,2015-10-15,2015-10-22,T,XLC,12.084045398848692,12.312458038330078,12.271407252312002,5,take_profit,LONG,LONG,0.5018330216407776,0.5000951886177063,0.5035708546638489,0.5000951886177063,0.5659126043319702,50.18330216407776,0.5046682953834534,2,False,True,True,52.5,True,0.3091830909252166,UNRANKED,,False,,,
2015-10-15,2015-10-16,2015-10-23,T,XLC,12.236320012303127,12.232698440551758,12.232698440551758,5,time_exit,SHORT,SHORT,0.4934595078229904,0.48334816098213196,0.5035708546638489,0.48334816098213196,0.4674878716468811,50.65404921770096,0.5046682953834534,1,True,False,True,52.5,True,0.407534122467041,UNRANKED,,False,,,
2015-10-16,2015-10-19,2015-10-26,T,XLC,12.1928129196167,12.203688621520996,12.203688621520996,5,time_exit,LONG,LONG,0.5054645836353302,0.5073583126068115,0.5035708546638489,0.5073583126068115,0.41718780994415283,50.54645836353302,0.5046682953834534,1,True,True,False,52.5,True,0.4010597616434098,UNRANKED,,False,,,
2015-10-19,2015-10-20,2015-10-27,T,XLC,12.178311332739849,12.040538787841797,12.040538787841797,5,time_exit,SHORT,SHORT,0.4913991838693619,0.49910205602645874,0.483696311712265,0.49910205602645874,0.4270147383213043,50.86008161306381,0.5046682953834534,1,True,False,True,52.5,True,-0.10277836024761207,UNRANKED,,False,,,
2015-10-20,2015-10-21,2015-10-27,T,XLC,12.283450827299852,12.116676330566406,12.118109041323986,4,take_profit,SHORT,SHORT,0.4880208969116211,0.4923454821109772,0.483696311712265,0.4923454821109772,0.44868335127830505,51.19791030883789,0.5046682953834534,1,True,False,True,52.5,True,0.06243813037872313,UNRANKED,,False,,,
2015-10-21,2015-10-22,2015-10-29,T,XLC,12.131178260724221,12.163808822631836,12.163808822631836,5,time_exit,SHORT,SHORT,0.4880208969116211,0.4923454821109772,0.483696311712265,0.4923454821109772,0.44078779220581055,51.19791030883789,0.5046682953834534,1,True,False,True,52.5,True,0.20101496577262876,UNRANKED,,False,,,
2015-10-22,2015-10-23,2015-10-26,T,XLC,12.580754436666112,12.14930534362793,12.397128125500165,1,stop_loss,LONG,LONG,0.5051949322223663,0.5068190097808838,0.5035708546638489,0.5068190097808838,0.3727647662162781,50.51949322223663,0.5046682953834534,1,True,True,False,52.5,True,-0.03552588820457453,UNRANKED,,False,,,
2015-10-23,2015-10-26,2015-10-27,T,XLC,12.236318885787243,12.185564041137695,12.081452122263597,1,stop_loss,LONG,LONG,0.5051949322223663,0.5068190097808838,0.5035708546638489,0.5068190097808838,0.3981115221977234,50.51949322223663,0.5046682953834534,1,True,True,False,52.5,True,-0.004928261041641218,UNRANKED,,False,,,
2015-10-26,2015-10-27,2015-11-03,T,XLC,12.171058935530672,12.1928129196167,12.1928129196167,5,time_exit,SHORT,SHORT,0.49768078327178955,0.4917907118797302,0.5035708546638489,0.4917907118797302,0.48191702365875244,50.231921672821045,0.5046682953834534,2,False,True,True,52.5,True,-0.12474498152732853,UNRANKED,,False,,,
2015-10-27,2015-10-28,2015-11-04,T,XLC,12.0949231236594,12.138428688049316,12.138428688049316,5,time_exit,SHORT,SHORT,0.49302737414836884,0.4824838936328888,0.5035708546638489,0.4824838936328888,0.49751728773117065,50.69726258516312,0.5046682953834534,1,True,False,True,52.5,True,0.09600538015365609,UNRANKED,,False,,,
2015-10-28,2015-10-29,2015-11-05,T,XLC,12.138429927827923,12.087672233581543,12.087672233581543,5,time_exit,SHORT,SHORT,0.49302737414836884,0.4824838936328888,0.5035708546638489,0.4824838936328888,0.4286516308784485,50.69726258516312,0.5046682953834534,1,True,False,True,52.5,True,0.054132163524627616,UNRANKED,,False,,,
2015-10-29,2015-10-30,2015-11-06,T,XLC,12.189186981818743,12.022409439086914,12.045717035093714,5,take_profit,SHORT,SHORT,0.4961336702108383,0.48869648575782776,0.5035708546638489,0.48869648575782776,0.448920339345932,50.38663297891617,0.5046682953834534,2,False,True,True,52.5,True,-0.23397850990295407,UNRANKED,,False,,,
2015-10-30,2015-11-02,2015-11-06,T,XLC,12.214568625746093,11.906396865844727,12.077313638301897,4,take_profit,SHORT,SHORT,0.49302737414836884,0.4824838936328888,0.5035708546638489,0.4824838936328888,0.3929908275604248,50.69726258516312,0.5046682953834534,1,True,False,True,52.5,True,0.24604961276054382,UNRANKED,,False,,,
2015-11-02,2015-11-03,2015-11-06,T,XLC,12.16380742536973,11.888266563415527,12.025515657704412,3,take_profit,SHORT,SHORT,0.4868483543395996,0.47012585401535034,0.5035708546638489,0.47012585401535034,0.39009174704551697,51.31516456604004,0.5046682953834534,1,True,False,True,52.5,True,0.0773603618144989,UNRANKED,,False,,,
2015-11-03,2015-11-04,2015-11-05,T,XLC,12.239945172473988,11.935396194458008,12.103207621466035,1,take_profit,SHORT,SHORT,0.48157335817813873,0.47945040464401245,0.483696311712265,0.47945040464401245,0.39350074529647827,51.84266418218613,0.5046682953834534,1,True,False,True,52.5,True,-0.08356919884681702,UNRANKED,,False,,,
2015-11-04,2015-11-05,2015-11-09,T,XLC,12.142055710815763,11.852011680603027,12.008943757080411,2,take_profit,SHORT,SHORT,0.48649056255817413,0.48928481340408325,0.483696311712265,0.48928481340408325,0.43822014331817627,51.35094374418259,0.5046682953834534,1,True,False,True,52.5,True,0.08097618818283078,UNRANKED,,False,,,
2015-11-05,2015-11-06,2015-11-09,T,XLC,12.044162642783862,11.714237213134766,11.92140977195169,1,take_profit,SHORT,SHORT,0.49617068469524384,0.5086450576782227,0.483696311712265,0.5086450576782227,0.4490884840488434,50.38293153047562,0.5046682953834534,2,False,True,True,52.5,True,-0.15864744782447823,UNRANKED,,False,,,
2015-11-06,2015-11-09,2015-11-13,T,XLC,11.949904209768405,11.978902816772461,11.828186893004665,4,take_profit,SHORT,SHORT,0.48664942383766174,0.48960253596305847,0.483696311712265,0.48960253596305847,0.4402035176753998,51.335057616233826,0.5046682953834534,1,True,False,True,52.5,True,0.07166814804077143,UNRANKED,,False,,,
2015-11-09,2015-11-10,2015-11-13,T,XLC,11.913645459952901,12.058669090270996,11.781570286438672,3,take_profit,SHORT,SHORT,0.48664942383766174,0.48960253596305847,0.483696311712265,0.48960253596305847,0.5061164498329163,51.335057616233826,0.5046682953834534,1,True,False,True,52.5,True,0.38053211569786066,UNRANKED,,False,,,
2015-11-10,2015-11-11,2015-11-13,T,XLC,11.906391616489206,12.160178184509277,11.779495848187379,2,take_profit,SHORT,SHORT,0.4869130849838257,0.4702553153038025,0.5035708546638489,0.4702553153038025,0.46298640966415405,51.30869150161743,0.5046682953834534,1,True,False,True,52.5,True,-0.06429582834243786,UNRANKED,,False,,,
2015-11-11,2015-11-12,2015-11-13,T,XLC,11.906395166060324,12.189188957214355,11.791412833558232,1,stop_loss,LONG,LONG,0.5019952356815338,0.5004196166992188,0.5035708546638489,0.5004196166992188,0.5689094662666321,50.19952356815338,0.5046682953834534,2,False,True,True,52.5,True,0.18029959499835968,UNRANKED,,False,,,
2015-11-12,2015-11-13,2015-11-16,T,XLC,11.833882142579961,12.203688621520996,11.949382320235863,1,take_profit,LONG,LONG,0.5048662424087524,0.506161630153656,0.5035708546638489,0.506161630153656,0.7022461295127869,50.486624240875244,0.5046682953834534,1,True,True,False,52.5,True,0.5417083352804184,UNRANKED,,False,,,
2015-11-13,2015-11-16,2015-11-17,T,XLC,11.728737774224987,12.13117790222168,11.85977575880053,1,take_profit,LONG,LONG,0.5014877617359161,0.4994046688079834,0.5035708546638489,0.4994046688079834,0.7011688351631165,50.148776173591614,0.5046682953834534,2,False,True,True,52.5,True,0.627955824136734,UNRANKED,,False,,,
2015-11-16,2015-11-17,2015-11-18,T,XLC,11.989782855912983,12.10579776763916,12.135323093339741,1,take_profit,LONG,LONG,0.5014331638813019,0.5049029588699341,0.4979633688926697,0.5049029588699341,0.6507923007011414,50.14331638813019,0.5046682953834534,2,False,True,True,52.5,True,0.4841713458299637,LOW,,True,0.0,1.0,0.10866480023681953
2015-11-17,2015-11-18,2015-11-20,T,XLC,12.055036053243002,12.12755012512207,12.20109468078032,2,take_profit,LONG,LONG,0.5014331638813019,0.5049029588699341,0.4979633688926697,0.5049029588699341,0.615607500076294,50.14331638813019,0.5046682953834534,2,False,True,True,52.5,True,0.13617771863937378,LOW,,True,0.0,1.0,0.10718433751965858
2015-11-18,2015-11-19,2015-11-27,T,XLC,12.152932999854063,12.171060562133789,12.171060562133789,5,time_exit,SHORT,SHORT,0.49206218123435974,0.4861609935760498,0.4979633688926697,0.4861609935760498,0.6026877164840698,50.793781876564026,0.5046682953834534,1,True,False,True,52.5,True,-0.0546091794967651,UNRANKED,,False,,,
2015-11-19,2015-11-20,2015-11-30,T,XLC,12.232693199137945,12.207313537597656,12.207313537597656,5,time_exit,SHORT,SHORT,0.49787792563438416,0.49779248237609863,0.4979633688926697,0.49779248237609863,0.5671243071556091,50.212207436561584,0.5046682953834534,2,False,True,True,52.5,True,-0.1526237130165099,UNRANKED,,False,,,
2015-11-20,2015-11-23,2015-12-01,T,XLC,12.203689811121139,12.243572235107422,12.243572235107422,5,time_exit,SHORT,SHORT,0.48659345507621765,0.4752235412597656,0.4979633688926697,0.4752235412597656,0.5518777370452881,51.340654492378235,0.5046682953834534,1,True,False,True,52.5,True,-0.004798918962478594,UNRANKED,,False,,,
2015-11-23,2015-11-24,2015-12-01,T,XLC,12.069542732483987,12.167431831359863,12.231656603377193,4,stop_loss,SHORT,SHORT,0.4936155825853348,0.4892677962779999,0.4979633688926697,0.4892677962779999,0.6019248366355896,50.63844174146652,0.5046682953834534,1,True,False,True,52.5,True,0.08952018618583676,UNRANKED,,False,,,
2015-11-24,2015-11-25,2015-12-03,T,XLC,12.091294179657963,12.000654220581055,12.000654220581055,5,time_exit,SHORT,SHORT,0.49480895698070526,0.49165454506874084,0.4979633688926697,0.49165454506874084,0.595257580280304,50.519104301929474,0.5046682953834534,1,True,False,True,52.5,True,0.36702570319175726,UNRANKED,,False,,,
2015-11-25,2015-11-27,2015-12-04,T,XLC,12.14568166656856,12.366842269897461,12.299508652608948,5,stop_loss,SHORT,SHORT,0.49529482424259186,0.49262627959251404,0.4979633688926697,0.49262627959251404,0.6736403703689575,50.470517575740814,0.5046682953834534,1,True,False,True,52.5,True,0.5351201742887496,UNRANKED,,False,,,
2015-11-27,2015-11-30,2015-12-03,T,XLC,12.178308961811588,12.424848556518555,12.027589455411617,3,take_profit,SHORT,SHORT,0.48856720328330994,0.4791710376739502,0.4979633688926697,0.4791710376739502,0.6736992597579956,51.143279671669006,0.5046682953834534,1,True,False,True,52.5,True,0.4705527573823929,UNRANKED,,False,,,
2015-11-30,2015-12-01,2015-12-03,T,XLC,12.24719792234188,12.27257251739502,12.107872644195952,2,take_profit,SHORT,SHORT,0.4939984679222107,0.4900335669517517,0.4979633688926697,0.4900335669517517,0.5467979311943054,50.60015320777893,0.5046682953834534,1,True,False,True,52.5,True,0.26821169257163996,UNRANKED,,False,,,
2015-12-01,2015-12-02,2015-12-03,T,XLC,12.239943728189465,12.171060562133789,12.098028679317743,1,take_profit,SHORT,SHORT,0.49690572917461395,0.49024060368537903,0.5035708546638489,0.49024060368537903,0.5276278257369995,50.309427082538605,0.5046682953834534,2,False,True,True,52.5,True,-0.08660852909088135,UNRANKED,,False,,,
2015-12-02,2015-12-03,2015-12-04,T,XLC,12.185558709904726,12.207313537597656,12.331618154877173,1,stop_loss,SHORT,SHORT,0.4824032187461853,0.4668430685997009,0.4979633688926697,0.4668430685997009,0.591154932975769,51.75967812538147,0.5046682953834534,1,True,False,True,52.5,True,0.2803753465414048,UNRANKED,,False,,,
2015-12-03,2015-12-04,2015-12-07,T,XLC,12.033289106749764,12.02603530883789,12.191261851282759,1,stop_loss,SHORT,SHORT,0.48282262682914734,0.467681884765625,0.4979633688926697,0.467681884765625,0.6458538174629211,51.717737317085266,0.5046682953834534,1,True,False,True,52.5,True,0.4170216917991638,UNRANKED,,False,,,
2015-12-04,2015-12-07,2015-12-11,T,XLC,12.283451361246252,12.181934356689453,12.092848105020666,4,take_profit,SHORT,SHORT,0.4950192719697952,0.4864676892757416,0.5035708546638489,0.4864676892757416,0.5121536254882812,50.49807280302048,0.5046682953834534,1,True,False,True,52.5,True,0.3554946780204773,UNRANKED,,False,,,
2015-12-07,2015-12-08,2015-12-11,T,XLC,12.308828461458807,12.258072853088379,12.14774796480702,3,stop_loss,LONG,LONG,0.5071997344493866,0.5108286142349243,0.5035708546638489,0.5108286142349243,0.41189005970954895,50.71997344493866,0.5046682953834534,1,True,True,False,52.5,True,0.38352885842323303,UNRANKED,,False,,,
2015-12-08,2015-12-09,2015-12-11,T,XLC,12.23632110248872,12.471981048583984,12.064882067890506,2,take_profit,SHORT,SHORT,0.4937342554330826,0.4838976562023163,0.5035708546638489,0.4838976562023163,0.4716096818447113,50.62657445669174,0.5046682953834534,1,True,False,True,52.5,True,0.6336838006973267,UNRANKED,,False,,,
2015-12-09,2015-12-10,2015-12-16,T,XLC,12.192811707493311,12.337835311889648,12.364251150809089,4,stop_loss,SHORT,SHORT,0.4937342554330826,0.4838976562023163,0.5035708546638489,0.4838976562023163,0.4592975080013275,50.62657445669174,0.5046682953834534,1,True,False,True,52.5,True,0.40533974766731257,UNRANKED,,False,,,
2015-12-10,2015-12-11,2015-12-16,T,XLC,12.113049040528663,12.181934356689453,12.285523084238555,3,stop_loss,SHORT,SHORT,0.4937342554330826,0.4838976562023163,0.5035708546638489,0.4838976562023163,0.4601818919181824,50.62657445669174,0.5046682953834534,1,True,False,True,52.5,True,0.7194097936153412,UNRANKED,,False,,,
2015-12-11,2015-12-14,2015-12-15,T,XLC,12.018783049561554,12.35959243774414,12.215082602479034,1,take_profit,LONG,LONG,0.5048266649246216,0.5060824751853943,0.5035708546638489,0.5060824751853943,0.6950178742408752,50.48266649246216,0.5046682953834534,1,True,True,False,52.5,True,0.8734474182128905,LOW,,True,2.8525143825959476,1.0,0.06277688483799582
2015-12-14,2015-12-15,2015-12-16,T,XLC,12.22544258922833,12.475607872009277,12.433654760510416,1,take_profit,LONG,LONG,0.5041333436965942,0.5046958327293396,0.5035708546638489,0.5046958327293396,0.6899332404136658,50.413334369659424,0.5046682953834534,2,False,True,True,52.5,True,0.5145906507968904,LOW,,True,1.3446256101558087,1.0,0.06277688483799582
2015-12-15,2015-12-16,2015-12-23,T,XLC,12.294327898295382,12.609755516052246,12.50979126412267,5,stop_loss,SHORT,SHORT,0.49284422397613525,0.48772507905960083,0.4979633688926697,0.48772507905960083,0.5897432565689087,50.715577602386475,0.5046682953834534,1,True,False,True,52.5,True,0.039880424737930284,UNRANKED,,False,,,
2015-12-16,2015-12-17,2015-12-18,T,XLC,12.479232512713729,12.566243171691895,12.236318312884627,1,take_profit,SHORT,SHORT,0.4826734811067581,0.46738359332084656,0.4979633688926697,0.46738359332084656,0.6637862324714661,51.73265188932419,0.5046682953834534,1,True,False,True,52.5,True,0.5300273001194,UNRANKED,,False,,,
2015-12-17,2015-12-18,2015-12-23,T,XLC,12.279825140966192,12.60250473022461,12.535687240749953,3,stop_loss,SHORT,SHORT,0.4993453919887543,0.5007274150848389,0.4979633688926697,0.5007274150848389,0.6611436605453491,50.06546080112457,0.5046682953834534,2,False,True,True,52.5,True,0.0791954398155213,UNRANKED,,False,,,
2015-12-18,2015-12-21,2015-12-23,T,XLC,12.297957576571038,12.664137840270996,12.57091224488856,2,stop_loss,SHORT,SHORT,0.4999348819255829,0.5019063949584961,0.4979633688926697,0.5019063949584961,0.6311620473861694,50.00651180744171,0.5046682953834534,2,False,True,True,52.5,True,0.10970786213874828,UNRANKED,,False,,,
2015-12-21,2015-12-22,2015-12-30,T,XLC,12.432101459913195,12.595251083374023,12.595251083374023,5,time_exit,SHORT,SHORT,0.4936157613992691,0.48926815390586853,0.4979633688926697,0.48926815390586853,0.5883404016494751,50.63842386007309,0.5046682953834534,1,True,False,True,52.5,True,0.17566031217575076,UNRANKED,,False,,,
2015-12-22,2015-12-23,2015-12-31,T,XLC,12.48286012659366,12.475607872009277,12.475607872009277,5,time_exit,SHORT,SHORT,0.49736829102039337,0.49677321314811707,0.4979633688926697,0.49677321314811707,0.566703736782074,50.26317089796066,0.5046682953834534,2,False,True,True,52.5,True,0.07510751485824584,UNRANKED,,False,,,
2015-12-23,2015-12-24,2016-01-04,T,XLC,12.609750485076749,12.453850746154785,12.453850746154785,5,time_exit,SHORT,SHORT,0.4940241873264313,0.48447751998901367,0.5035708546638489,0.48447751998901367,0.5314011573791504,50.59758126735687,0.5046682953834534,1,True,False,True,52.5,True,0.5379892885684967,UNRANKED,,False,,,
2015-12-24,2015-12-28,2016-01-05,T,XLC,12.55174602272411,12.540865898132324,12.540865898132324,5,time_exit,LONG,LONG,0.5103322267532349,0.5170935988426208,0.5035708546638489,0.5170935988426208,0.6075504422187805,51.033222675323486,0.5046682953834534,1,True,True,False,52.5,True,0.7122155725955963,MEDIUM,,True,2.4622284462602506,1.0,-0.01486276343127547
2015-12-28,2015-12-29,2016-01-06,T,XLC,12.66776352713443,12.579842567443848,12.579842567443848,5,time_exit,SHORT,SHORT,0.4871189445257187,0.4706670343875885,0.5035708546638489,0.4706670343875885,0.5450236201286316,51.28810554742813,0.5046682953834534,1,True,False,True,52.5,True,0.7593550980091096,UNRANKED,,False,,,
2015-12-29,2015-12-30,2016-01-07,T,XLC,12.664137299683762,12.376703262329102,12.432099619194085,5,take_profit,SHORT,SHORT,0.4971843510866165,0.49079784750938416,0.5035708546638489,0.49079784750938416,0.5523256659507751,50.28156489133835,0.5046682953834534,2,False,True,True,52.5,True,0.6420535743236543,UNRANKED,,False,,,
2015-12-30,2015-12-31,2016-01-08,T,XLC,12.529991344918134,12.387779235839844,12.387779235839844,5,time_exit,SHORT,SHORT,0.4899553656578064,0.4763398766517639,0.5035708546638489,0.4763398766517639,0.5485583543777466,51.00446343421936,0.5046682953834534,1,True,False,True,52.5,True,0.6813803017139435,UNRANKED,,False,,,
2015-12-31,2016-01-04,2016-01-11,T,XLC,12.355959976383119,12.539213180541992,12.539213180541992,5,time_exit,LONG,LONG,0.5017336457967758,0.49989643692970276,0.5035708546638489,0.49989643692970276,0.5461440682411194,50.17336457967758,0.5046682953834534,2,False,True,True,52.5,True,0.7855222374200822,UNRANKED,,False,,,
2016-01-04,2016-01-05,2016-01-12,T,XLC,12.453852175761408,12.520742416381836,12.520742416381836,5,time_exit,SHORT,SHORT,0.4901714622974396,0.4767720699310303,0.5035708546638489,0.4767720699310303,0.6262222528457642,50.98285377025604,0.5046682953834534,1,True,False,True,52.5,True,0.7509263753890991,UNRANKED,,False,,,
2016-01-05,2016-01-06,2016-01-13,T,XLC,12.491199270831242,12.461653709411621,12.461653709411621,5,time_exit,SHORT,SHORT,0.49643850326538086,0.48930615186691284,0.5035708546638489,0.48930615186691284,0.6070247292518616,50.356149673461914,0.5046682953834534,2,False,True,True,52.5,True,0.2692522704601288,UNRANKED,,False,,,
2016-01-06,2016-01-07,2016-01-14,T,XLC,12.417331363075796,12.668482780456543,12.618683073804032,5,stop_loss,SHORT,SHORT,0.4874042868614197,0.4712377190589905,0.5035708546638489,0.4712377190589905,0.6297062635421753,51.25957131385803,0.5046682953834534,1,True,False,True,52.5,True,0.5529190450906754,UNRANKED,,False,,,
2016-01-07,2016-01-08,2016-01-15,T,XLC,12.472728021077478,12.553985595703125,12.553985595703125,5,time_exit,SHORT,SHORT,0.4914636164903641,0.4793563783168793,0.5035708546638489,0.4793563783168793,0.7605684995651245,50.85363835096359,0.5046682953834534,1,True,False,True,52.5,True,1.1746940314769745,UNRANKED,,False,,,
2016-01-08,2016-01-11,2016-01-14,T,XLC,12.46903763322404,12.746044158935547,12.651269536300212,3,take_profit,LONG,LONG,0.5137628316879272,0.5239548087120056,0.5035708546638489,0.5239548087120056,0.682486355304718,51.376283168792725,0.5046682953834534,1,True,True,False,52.5,True,0.7479559779167175,LOW,,True,2.4628926492317165,-1.0,-0.06475200243850682
2016-01-11,2016-01-12,2016-01-20,T,XLC,12.594610555681854,12.520742416381836,12.520742416381836,5,time_exit,LONG,LONG,0.5009637176990509,0.5163330435752869,0.48559439182281494,0.5163330435752869,0.6957456469535828,50.09637176990509,0.5046682953834534,2,False,True,True,52.5,True,0.9734271615743637,MEDIUM,,True,2.132241370820461,1.0,-0.049611840592811006
2016-01-12,2016-01-13,2016-01-19,T,XLC,12.561376733715349,12.757122993469238,12.72022944716401,3,stop_loss,SHORT,SHORT,0.47055183351039886,0.4555092751979828,0.48559439182281494,0.4555092751979828,0.6195369958877563,52.94481664896011,0.5046682953834534,1,True,False,True,52.5,True,0.9831547439098358,UNRANKED,,False,,,
2016-01-13,2016-01-14,2016-01-19,T,XLC,12.513359358086403,12.978731155395508,12.664079681921503,2,stop_loss,SHORT,SHORT,0.488016813993454,0.4568890929222107,0.5191445350646973,0.4568890929222107,0.6395293474197388,51.1983186006546,0.5046682953834534,1,True,False,True,52.5,True,0.7321224510669708,UNRANKED,,False,,,
2016-01-14,2016-01-15,2016-01-19,T,XLC,12.432102249460513,12.927022933959961,12.593205634295893,1,stop_loss,SHORT,SHORT,0.4784567356109619,0.4650954306125641,0.49181804060935974,0.4650954306125641,0.5904228687286377,52.15432643890381,0.5046682953834534,1,True,False,True,52.5,True,0.8997347354888916,UNRANKED,,False,,,
2016-01-15,2016-01-19,2016-01-22,T,XLC,12.635241458896118,13.074759483337402,12.806485535216222,3,stop_loss,SHORT,SHORT,0.4743535667657852,0.4568890929222107,0.49181804060935974,0.4568890929222107,0.611720621585846,52.56464332342148,0.5046682953834534,1,True,False,True,52.5,True,0.7427113354206086,UNRANKED,,False,,,
2016-01-19,2016-01-20,2016-01-22,T,XLC,12.609383810456315,13.104312896728516,12.802884601733519,2,stop_loss,SHORT,SHORT,0.4743535667657852,0.4568890929222107,0.49181804060935974,0.4568890929222107,0.6339645981788635,52.56464332342148,0.5046682953834534,1,True,False,True,52.5,True,0.5178745985031128,UNRANKED,,False,,,
2016-01-20,2016-01-21,2016-01-22,T,XLC,12.553984413105436,13.12277603149414,12.770866437597972,1,stop_loss,SHORT,SHORT,0.476052388548851,0.4602867364883423,0.49181804060935974,0.4602867364883423,0.6215314269065857,52.3947611451149,0.5046682953834534,1,True,False,True,52.5,True,0.5795879065990447,UNRANKED,,False,,,
2016-01-21,2016-01-22,2016-01-29,T,XLC,12.88270263908885,13.318526268005371,13.123512352180018,5,stop_loss,SHORT,SHORT,0.49291059374809265,0.46667665243148804,0.5191445350646973,0.46667665243148804,0.48720601201057434,50.708940625190735,0.5046682953834534,1,True,False,True,52.5,True,1.0679861754179003,UNRANKED,,False,,,
2016-01-22,2016-01-25,2016-01-29,T,XLC,12.997198477665608,13.362853050231934,13.252574612265565,4,stop_loss,SHORT,SHORT,0.49589553475379944,0.4726465344429016,0.5191445350646973,0.4726465344429016,0.5159387588500977,50.410446524620056,0.5046682953834534,2,False,True,True,52.5,True,1.3316456526517868,UNRANKED,,False,,,
2016-01-25,2016-01-26,2016-01-29,T,XLC,12.938102883816361,13.318526268005371,13.19775774635647,3,stop_loss,SHORT,SHORT,0.49279817938804626,0.46645182371139526,0.5191445350646973,0.46645182371139526,0.5375803709030151,50.72018206119537,0.5046682953834534,1,True,False,True,52.5,True,1.2481312602758408,UNRANKED,,False,,,
2016-01-26,2016-01-27,2016-01-29,T,XLC,12.92333457572938,13.562295913696289,13.191663923612332,2,stop_loss,SHORT,SHORT,0.49930135905742645,0.47945818305015564,0.5191445350646973,0.47945818305015564,0.6243744492530823,50.069864094257355,0.5046682953834534,2,False,True,True,52.5,True,1.0905586779117584,UNRANKED,,False,,,
2016-01-27,2016-01-28,2016-02-03,T,XLC,13.211419325189427,13.492117881774902,13.478402493655178,4,stop_loss,SHORT,SHORT,0.4888955354690552,0.46929800510406494,0.5084930658340454,0.46929800510406494,0.6376120448112488,51.11044645309448,0.5046682953834534,1,True,False,True,52.5,True,0.7775791734457016,UNRANKED,,False,,,
2016-01-28,2016-01-29,2016-02-03,T,XLC,13.18925583008825,13.62138557434082,13.429856688504126,3,stop_loss,SHORT,SHORT,0.49378399550914764,0.468423455953598,0.5191445350646973,0.468423455953598,0.6331512331962585,50.621600449085236,0.5046682953834534,1,True,False,True,52.5,True,0.9103492796421052,UNRANKED,,False,,,
2016-01-29,2016-02-01,2016-02-05,T,XLC,13.311145228250584,13.706340789794922,13.578128124237958,4,take_profit,LONG,LONG,0.5332340896129608,0.5628973245620728,0.5035708546638489,0.5628973245620728,0.5753761529922485,53.32340896129608,0.5046682953834534,1,True,True,False,52.5,True,0.7520808577537537,UNRANKED,,False,,,
2016-02-01,2016-02-02,2016-02-05,T,XLC,13.348074649439283,13.53643798828125,13.59975652221586,3,take_profit,LONG,LONG,0.5332340896129608,0.5628973245620728,0.5035708546638489,0.5628973245620728,0.530432403087616,53.32340896129608,0.5046682953834534,1,True,True,False,52.5,True,0.832563802599907,UNRANKED,,False,,,
2016-02-02,2016-02-03,2016-02-05,T,XLC,13.340690466279199,13.45518970489502,13.596066055922405,2,take_profit,LONG,LONG,0.5259533822536469,0.5483359098434448,0.5035708546638489,0.5483359098434448,0.5581961274147034,52.595338225364685,0.5046682953834534,1,True,True,False,52.5,True,0.7169022560119629,UNRANKED,,False,,,
2016-02-03,2016-02-04,2016-02-11,T,XLC,13.565986972500037,13.373930931091309,13.373930931091309,5,time_exit,SHORT,SHORT,0.4952101856470108,0.48684951663017273,0.5035708546638489,0.48684951663017273,0.5561367869377136,50.47898143529892,0.5046682953834534,1,True,False,True,52.5,True,0.8786740601062774,UNRANKED,,False,,,
2016-02-04,2016-02-05,2016-02-12,T,XLC,13.51427644039776,13.469962120056152,13.469962120056152,5,time_exit,SHORT,SHORT,0.4947246015071869,0.4858783483505249,0.5035708546638489,0.4858783483505249,0.525980532169342,50.52753984928131,0.5046682953834534,1,True,False,True,52.5,True,0.512808233499527,UNRANKED,,False,,,
2016-02-05,2016-02-08,2016-02-16,T,XLC,13.51797541035023,13.53643798828125,13.53643798828125,5,time_exit,SHORT,SHORT,0.49783962965011597,0.49210840463638306,0.5035708546638489,0.49210840463638306,0.5664070248603821,50.2160370349884,0.5046682953834534,2,False,True,True,52.5,True,0.7106877863407136,UNRANKED,,False,,,
2016-02-08,2016-02-09,2016-02-17,T,XLC,13.554904792512115,13.532751083374023,13.532751083374023,5,time_exit,SHORT,SHORT,0.4932156205177307,0.487274169921875,0.4991570711135864,0.487274169921875,0.1854880005121231,50.67843794822693,0.5015505850315094,1,True,False,True,52.0,True,0.5957494080066681,UNRANKED,,False,,,
2016-02-09,2016-02-10,2016-02-18,T,XLC,13.536444991347755,13.662018775939941,13.662018775939941,5,time_exit,SHORT,SHORT,0.4932156205177307,0.487274169921875,0.4991570711135864,0.487274169921875,0.1486266404390335,50.67843794822693,0.5015505850315094,1,True,False,True,52.0,True,0.4554461240768432,UNRANKED,,False,,,
2016-02-10,2016-02-11,2016-02-18,T,XLC,13.318528638754962,13.506895065307617,13.537499346239617,4,stop_loss,SHORT,SHORT,0.4995124489068985,0.49986782670021057,0.4991570711135864,0.49986782670021057,0.32694628834724426,50.04875510931015,0.5015505850315094,2,False,True,True,52.0,True,0.5915428698062898,UNRANKED,,False,,,
2016-02-11,2016-02-12,2016-02-18,T,XLC,13.425641396681756,13.614006996154785,13.624562191577473,3,stop_loss,SHORT,SHORT,0.4995124489068985,0.49986782670021057,0.4991570711135864,0.49986782670021057,0.34811097383499146,50.04875510931015,0.5015505850315094,2,False,True,True,52.0,True,0.6017319858074188,UNRANKED,,False,,,
2016-02-12,2016-02-16,2016-02-23,T,XLC,13.547517697734174,13.569677352905273,13.569677352905273,5,time_exit,SHORT,SHORT,0.4927370697259903,0.49986782670021057,0.48560631275177,0.49986782670021057,0.4021177887916565,50.72629302740097,0.5015505850315094,1,True,False,True,52.0,True,0.4767489135265351,UNRANKED,,False,,,
2016-02-16,2016-02-17,2016-02-24,T,XLC,13.573379191880813,13.702645301818848,13.702645301818848,5,time_exit,SHORT,SHORT,0.4996373951435089,0.5001177191734314,0.4991570711135864,0.5001177191734314,0.5055367350578308,50.03626048564911,0.5015505850315094,2,False,True,True,52.0,True,0.501366376876831,UNRANKED,,False,,,
2016-02-17,2016-02-18,2016-02-25,T,XLC,13.525361214320391,13.802364349365234,13.715309977486546,5,stop_loss,SHORT,SHORT,0.4928620159626007,0.5001177191734314,0.48560631275177,0.5001177191734314,0.44530436396598816,50.71379840373993,0.5015505850315094,1,True,False,True,52.0,True,0.4603418409824372,UNRANKED,,False,,,
2016-02-18,2016-02-19,2016-02-26,T,XLC,13.628778439106128,13.713726997375488,13.713726997375488,5,time_exit,SHORT,SHORT,0.4928620159626007,0.5001177191734314,0.48560631275177,0.5001177191734314,0.45005130767822266,50.71379840373993,0.5015505850315094,1,True,False,True,52.0,True,0.337857484817505,UNRANKED,,False,,,
2016-02-19,2016-02-22,2016-02-25,T,XLC,13.569686269114474,13.64724349975586,13.769660465412256,3,stop_loss,SHORT,SHORT,0.4927370697259903,0.49986782670021057,0.48560631275177,0.49986782670021057,0.38692012429237366,50.72629302740097,0.5015505850315094,1,True,False,True,52.0,True,0.31343531608581543,UNRANKED,,False,,,
2016-02-22,2016-02-23,2016-03-01,T,XLC,13.595531248810087,13.809755325317383,13.80447475205367,5,stop_loss,SHORT,SHORT,0.4928620159626007,0.5001177191734314,0.48560631275177,0.5001177191734314,0.5101431608200073,50.71379840373993,0.5015505850315094,1,True,False,True,52.0,True,0.24645194411277777,UNRANKED,,False,,,
2016-02-23,2016-02-24,2016-02-25,T,XLC,13.554907111837089,13.92055606842041,13.763851023798235,1,stop_loss,SHORT,SHORT,0.4927370697259903,0.49986782670021057,0.48560631275177,0.49986782670021057,0.33072733879089355,50.72629302740097,0.5015505850315094,1,True,False,True,52.0,True,0.27953687310218805,UNRANKED,,False,,,
2016-02-24,2016-02-25,2016-03-02,T,XLC,13.702641379487131,14.031365394592285,13.895756477622943,4,stop_loss,SHORT,SHORT,0.4927370697259903,0.49986782670021057,0.48560631275177,0.49986782670021057,0.3473988473415375,50.72629302740097,0.5015505850315094,1,True,False,True,52.0,True,0.3552571237087249,UNRANKED,,False,,,
2016-02-25,2016-02-26,2016-02-29,T,XLC,13.846691014511674,14.009202003479004,13.649355771286576,1,take_profit,SHORT,SHORT,0.4939991235733032,0.5023919343948364,0.48560631275177,0.5023919343948364,0.44655001163482666,50.60008764266968,0.5015505850315094,1,True,False,True,52.0,True,0.2747217714786529,UNRANKED,,False,,,
2016-02-26,2016-02-29,2016-03-02,T,XLC,13.71003288563191,14.083073616027832,13.901563794488982,2,stop_loss,SHORT,SHORT,0.4982123374938965,0.48853015899658203,0.5078945159912109,0.48853015899658203,0.316316157579422,50.17876625061035,0.5015505850315094,1,True,False,True,52.0,True,0.34153112769126887,UNRANKED,,False,,,
2016-02-29,2016-03-01,2016-03-02,T,XLC,13.702646156882412,14.068293571472168,13.89153824890599,1,stop_loss,SHORT,SHORT,0.4982123374938965,0.48853015899658203,0.5078945159912109,0.48853015899658203,0.28509724140167236,50.17876625061035,0.5015505850315094,1,True,False,True,52.0,True,0.292332261800766,UNRANKED,,False,,,
2016-03-01,2016-03-02,2016-03-03,T,XLC,13.746964921498753,14.027669906616211,13.93480115981488,1,take_profit,LONG,LONG,0.5051432251930237,0.5023919343948364,0.5078945159912109,0.5023919343948364,0.6600335240364075,50.51432251930237,0.5015505850315094,1,True,True,False,52.0,True,0.27631431818008434,LOW,,True,0.0168796788474731,-1.0,-0.22580107017952003
2016-03-02,2016-03-03,2016-03-10,T,XLC,13.920561715948125,14.149552345275879,14.112619734223795,5,take_profit,LONG,LONG,0.5051432251930237,0.5023919343948364,0.5078945159912109,0.5023919343948364,0.6813515424728394,50.51432251930237,0.5015505850315094,1,True,True,False,52.0,True,0.23708787560462957,UNRANKED,,False,,,
2016-03-03,2016-03-04,2016-03-11,T,XLC,14.001815838845914,14.168017387390137,14.168017387390137,5,time_exit,SHORT,SHORT,0.4982123374938965,0.48853015899658203,0.5078945159912109,0.48853015899658203,0.35067445039749146,50.17876625061035,0.5015505850315094,1,True,False,True,52.0,True,0.06624051928520196,UNRANKED,,False,,,
2016-03-04,2016-03-07,2016-03-10,T,XLC,13.961190218977464,14.15324592590332,14.146917202184076,3,stop_loss,SHORT,SHORT,0.4982123374938965,0.48853015899658203,0.5078945159912109,0.48853015899658203,0.3283598721027374,50.17876625061035,0.5015505850315094,1,True,False,True,52.0,True,0.06544706225395207,UNRANKED,,False,,,
2016-03-07,2016-03-08,2016-03-15,T,XLC,14.023971933579974,14.22711181640625,14.210755451689977,5,take_profit,LONG,LONG,0.5051432251930237,0.5023919343948364,0.5078945159912109,0.5023919343948364,0.6941174864768982,50.51432251930237,0.5015505850315094,1,True,True,False,52.0,True,0.048806488513946505,UNRANKED,,False,,,
2016-03-08,2016-03-09,2016-03-16,T,XLC,14.07937772320833,14.319450378417969,14.267745975553824,5,take_profit,LONG,LONG,0.5051432251930237,0.5023919343948364,0.5078945159912109,0.5023919343948364,0.5600427389144897,50.51432251930237,0.5015505850315094,1,True,True,False,52.0,True,0.08464804291725163,UNRANKED,,False,,,
2016-03-09,2016-03-10,2016-03-16,T,XLC,14.057216431646417,14.448724746704102,14.232921251461915,4,stop_loss,SHORT,SHORT,0.4982123374938965,0.48853015899658203,0.5078945159912109,0.48853015899658203,0.25065019726753235,50.17876625061035,0.5015505850315094,1,True,False,True,52.0,True,0.0705454051494598,UNRANKED,,False,,,
2016-03-10,2016-03-11,2016-03-17,T,XLC,14.2012574518645,14.241889953613281,14.372213518541049,4,stop_loss,SHORT,SHORT,0.4982123374938965,0.48853015899658203,0.5078945159912109,0.48853015899658203,0.3220919072628021,50.17876625061035,0.5015505850315094,1,True,False,True,52.0,True,0.11479675769805907,UNRANKED,,False,,,
2016-03-11,2016-03-14,2016-03-17,T,XLC,14.171713668299729,14.374852180480957,14.33000589372872,3,take_profit,LONG,LONG,0.5051432251930237,0.5023919343948364,0.5078945159912109,0.5023919343948364,0.6517689228057861,50.51432251930237,0.5015505850315094,1,True,True,False,52.0,True,0.23243603110313404,UNRANKED,,False,,,
2016-03-14,2016-03-15,2016-03-16,T,XLC,14.075681026532571,14.267745971679688,14.22975065456689,1,take_profit,LONG,LONG,0.5007745027542114,0.5023919343948364,0.4991570711135864,0.5023919343948364,0.49210765957832336,50.07745027542114,0.5015505850315094,2,False,True,True,52.0,True,0.215481549501419,UNRANKED,,False,,,
2016-03-15,2016-03-16,2016-03-17,T,XLC,14.234501559358707,14.234498023986816,14.380128036191506,1,take_profit,LONG,LONG,0.5007745027542114,0.5023919343948364,0.4991570711135864,0.5023919343948364,0.4732862114906311,50.07745027542114,0.5015505850315094,2,False,True,True,52.0,True,0.28449922800064087,UNRANKED,,False,,,
2016-03-16,2016-03-17,2016-03-24,T,XLC,14.31945424258684,14.360079765319824,14.360079765319824,5,time_exit,LONG,LONG,0.5007745027542114,0.5023919343948364,0.4991570711135864,0.5023919343948364,0.5369254946708679,50.07745027542114,0.5015505850315094,2,False,True,True,52.0,True,0.31141471862792963,UNRANKED,,False,,,
2016-03-17,2016-03-18,2016-03-22,T,XLC,14.489350268895247,14.430251121520996,14.338972859096488,2,take_profit,SHORT,SHORT,0.49384361505508423,0.48853015899658203,0.4991570711135864,0.48853015899658203,0.319246381521225,50.61563849449158,0.5015505850315094,1,True,False,True,52.0,True,0.287969708442688,UNRANKED,,False,,,
2016-03-18,2016-03-21,2016-03-29,T,XLC,14.2788236454821,14.570602416992188,14.449251240348172,5,take_profit,LONG,LONG,0.5007745027542114,0.5023919343948364,0.4991570711135864,0.5023919343948364,0.5140826106071472,50.07745027542114,0.5015505850315094,2,False,True,True,52.0,True,0.18993493914604195,UNRANKED,,False,,,
2016-03-21,2016-03-22,2016-03-29,T,XLC,14.367469008853945,14.541057586669922,14.533675232478037,4,take_profit,LONG,LONG,0.5007745027542114,0.5023919343948364,0.4991570711135864,0.5023919343948364,0.4299725592136383,50.07745027542114,0.5015505850315094,2,False,True,True,52.0,True,0.3086215853691102,UNRANKED,,False,,,
2016-03-22,2016-03-23,2016-03-28,T,XLC,14.256659309926729,14.467185974121094,14.422337742936286,2,take_profit,LONG,LONG,0.5051432251930237,0.5023919343948364,0.5078945159912109,0.5023919343948364,0.5782592296600342,50.51432251930237,0.5015505850315094,1,True,True,False,52.0,True,0.2811008095741273,UNRANKED,,False,,,
2016-03-23,2016-03-24,2016-03-28,T,XLC,14.175407916376187,14.42286491394043,14.330006152460172,1,stop_loss,SHORT,SHORT,0.4995124489068985,0.49986782670021057,0.4991570711135864,0.49986782670021057,0.3200833797454834,50.04875510931015,0.5015505850315094,2,False,True,True,52.0,True,0.2915624082088471,UNRANKED,,False,,,
2016-03-24,2016-03-28,2016-04-04,T,XLC,14.40439721944164,14.537364959716797,14.537364959716797,5,time_exit,SHORT,SHORT,0.4995124489068985,0.49986782670021057,0.4991570711135864,0.49986782670021057,0.40632668137550354,50.04875510931015,0.5015505850315094,2,False,True,True,52.0,True,0.326241821050644,UNRANKED,,False,,,
2016-03-28,2016-03-29,2016-04-05,T,XLC,14.45241168295579,14.474571228027344,14.474571228027344,5,time_exit,SHORT,SHORT,0.4995124489068985,0.49986782670021057,0.4991570711135864,0.49986782670021057,0.3779729902744293,50.04875510931015,0.5015505850315094,2,False,True,True,52.0,True,0.3264977931976319,UNRANKED,,False,,,
2016-03-29,2016-03-30,2016-04-01,T,XLC,14.629699959319053,14.506681442260742,14.442917531122555,2,take_profit,SHORT,SHORT,0.4995124489068985,0.49986782670021057,0.4991570711135864,0.49986782670021057,0.5375778079032898,50.04875510931015,0.5015505850315094,2,False,True,True,52.0,True,0.21581235527992243,UNRANKED,,False,,,
2016-03-30,2016-03-31,2016-04-07,T,XLC,14.55952187362936,14.48791217803955,14.48791217803955,5,time_exit,SHORT,SHORT,0.4995124489068985,0.49986782670021057,0.4991570711135864,0.49986782670021057,0.5499085187911987,50.04875510931015,0.5015505850315094,2,False,True,True,52.0,True,0.15398448705673226,UNRANKED,,False,,,
2016-03-31,2016-04-01,2016-04-04,T,XLC,14.282514751418805,14.454117774963379,14.460855799523229,1,stop_loss,SHORT,SHORT,0.4995124489068985,0.49986782670021057,0.4991570711135864,0.49986782670021057,0.47622883319854736,50.04875510931015,0.5015505850315094,2,False,True,True,52.0,True,0.3763350546360016,UNRANKED,,False,,,
2016-04-01,2016-04-04,2016-04-11,T,XLC,14.463495849540658,14.412825584411621,14.412825584411621,5,time_exit,SHORT,SHORT,0.4995124489068985,0.49986782670021057,0.4991570711135864,0.49986782670021057,0.4473290741443634,50.04875510931015,0.5015505850315094,2,False,True,True,52.0,True,0.39403283596038824,UNRANKED,,False,,,
2016-04-04,2016-04-05,2016-04-12,T,XLC,14.511505772053502,14.5179443359375,14.5179443359375,5,time_exit,SHORT,SHORT,0.4995124489068985,0.49986782670021057,0.4991570711135864,0.49986782670021057,0.34630703926086426,50.04875510931015,0.5015505850315094,2,False,True,True,52.0,True,0.33821165561676036,UNRANKED,,False,,,
2016-04-05,2016-04-06,2016-04-13,T,XLC,14.562996022013769,14.360265731811523,14.368296053403277,5,take_profit,SHORT,SHORT,0.4995124489068985,0.49986782670021057,0.4991570711135864,0.49986782670021057,0.32541269063949585,50.04875510931015,0.5015505850315094,2,False,True,True,52.0,True,0.37310665845870983,UNRANKED,,False,,,
2016-04-06,2016-04-07,2016-04-14,T,XLC,14.397808648712266,14.42408561706543,14.42408561706543,5,time_exit,SHORT,SHORT,0.4995124489068985,0.49986782670021057,0.4991570711135864,0.49986782670021057,0.40110671520233154,50.04875510931015,0.5015505850315094,2,False,True,True,52.0,True,0.10350626707077044,UNRANKED,,False,,,
2016-04-07,2016-04-08,2016-04-13,T,XLC,14.540466839433096,14.446611404418945,14.37015736394307,3,take_profit,SHORT,SHORT,0.4995124489068985,0.49986782670021057,0.4991570711135864,0.49986782670021057,0.37590065598487854,50.04875510931015,0.5015505850315094,2,False,True,True,52.0,True,0.41106587648391724,UNRANKED,,False,,,
2016-04-08,2016-04-11,2016-04-13,T,XLC,14.517946843800717,14.5104341506958,14.37235742402707,2,take_profit,SHORT,SHORT,0.4995124489068985,0.49986782670021057,0.4991570711135864,0.49986782670021057,0.45203009247779846,50.04875510931015,0.5015505850315094,2,False,True,True,52.0,True,0.3336618840694427,UNRANKED,,False,,,
2016-04-11,2016-04-12,2016-04-19,T,XLC,14.442857599617522,14.61180305480957,14.575351299917466,5,stop_loss,SHORT,SHORT,0.4995124489068985,0.49986782670021057,0.4991570711135864,0.49986782670021057,0.4687340557575226,50.04875510931015,0.5015505850315094,2,False,True,True,52.0,True,0.3874177038669586,UNRANKED,,False,,,
2016-04-12,2016-04-13,2016-04-14,T,XLC,14.559244009879587,14.536717414855957,14.427034232047555,1,take_profit,SHORT,SHORT,0.4995124489068985,0.49986782670021057,0.4991570711135864,0.49986782670021057,0.5162817239761353,50.04875510931015,0.5015505850315094,2,False,True,True,52.0,True,0.29643651843070984,UNRANKED,,False,,,
2016-04-13,2016-04-14,2016-04-18,T,XLC,14.360262179038305,14.213842391967773,14.510247764932208,2,stop_loss,SHORT,SHORT,0.4995124489068985,0.49986782670021057,0.4991570711135864,0.49986782670021057,0.4658708870410919,50.04875510931015,0.5015505850315094,2,False,True,True,52.0,True,0.24054273962974565,UNRANKED,,False,,,
2016-04-14,2016-04-15,2016-04-19,T,XLC,14.439102541494991,14.292682647705078,14.58026500509188,2,stop_loss,SHORT,SHORT,0.4995124489068985,0.49986782670021057,0.4991570711135864,0.49986782670021057,0.44306743144989014,50.04875510931015,0.5015505850315094,2,False,True,True,52.0,True,0.04565757513046269,UNRANKED,,False,,,
2016-04-15,2016-04-18,2016-04-19,T,XLC,14.446610715065175,14.345242500305176,14.580966668826685,1,take_profit,LONG,LONG,0.5038811713457108,0.49986782670021057,0.5078945159912109,0.49986782670021057,0.5460794568061829,50.388117134571075,0.5015505850315094,1,True,True,False,52.0,True,0.23963758349418648,UNRANKED,,False,,,
2016-04-18,2016-04-19,2016-04-21,T,XLC,14.566751766183627,14.300190925598145,14.443328462307022,2,stop_loss,LONG,LONG,0.5038811713457108,0.49986782670021057,0.5078945159912109,0.49986782670021057,0.5973546504974365,50.388117134571075,0.5015505850315094,1,True,True,False,52.0,True,0.2246251404285431,UNRANKED,,False,,,
2016-04-19,2016-04-20,2016-04-21,T,XLC,14.638084237493304,14.536717414855957,14.504400351646485,1,stop_loss,LONG,LONG,0.5038811713457108,0.49986782670021057,0.5078945159912109,0.49986782670021057,0.6265289187431335,50.388117134571075,0.5015505850315094,1,True,True,False,52.0,True,0.26192346215248113,UNRANKED,,False,,,
2016-04-20,2016-04-21,2016-04-22,T,XLC,14.465381699310916,14.506681442260742,14.331524380977699,1,take_profit,SHORT,SHORT,0.4995124489068985,0.49986782670021057,0.4991570711135864,0.49986782670021057,0.4303004741668701,50.04875510931015,0.5015505850315094,2,False,True,True,52.0,True,0.14832532405853263,UNRANKED,,False,,,
2016-04-21,2016-04-22,2016-04-27,T,XLC,14.210087062162755,14.574261665344238,14.383737803739903,3,stop_loss,SHORT,SHORT,0.4932156205177307,0.487274169921875,0.4991570711135864,0.487274169921875,0.14411470293998718,50.67843794822693,0.5015505850315094,1,True,False,True,52.0,True,0.20180922746658325,UNRANKED,,False,,,
2016-04-22,2016-04-25,2016-04-27,T,XLC,14.27766464005466,14.679380416870117,14.446221125911942,2,stop_loss,SHORT,SHORT,0.4932156205177307,0.487274169921875,0.4991570711135864,0.487274169921875,0.17964918911457062,50.67843794822693,0.5015505850315094,1,True,False,True,52.0,True,0.2852917313575745,UNRANKED,,False,,,
2016-04-25,2016-04-26,2016-04-29,T,XLC,14.38653999051222,14.608049392700195,14.553634493642452,3,stop_loss,SHORT,SHORT,0.4932156205177307,0.487274169921875,0.4991570711135864,0.487274169921875,0.1766788810491562,50.67843794822693,0.5015505850315094,1,True,False,True,52.0,True,0.24906846880912792,UNRANKED,,False,,,
2016-04-26,2016-04-27,2016-04-28,T,XLC,14.21384573449504,14.596785545349121,14.382789003407218,1,stop_loss,SHORT,SHORT,0.49758434295654297,0.487274169921875,0.5078945159912109,0.487274169921875,0.1791801005601883,50.2415657043457,0.5015505850315094,1,True,False,True,52.0,True,0.29437062144279486,UNRANKED,,False,,,
2016-04-27,2016-04-28,2016-05-05,T,XLC,14.53671594800161,14.544220924377441,14.544220924377441,5,time_exit,SHORT,SHORT,0.49758434295654297,0.487274169921875,0.5078945159912109,0.487274169921875,0.2305459976196289,50.2415657043457,0.5015505850315094,1,True,False,True,52.0,True,0.2687698900699616,UNRANKED,,False,,,
2016-04-28,2016-04-29,2016-05-06,T,XLC,14.50668377951721,14.638082504272461,14.638082504272461,5,time_exit,SHORT,SHORT,0.49758434295654297,0.487274169921875,0.5078945159912109,0.487274169921875,0.22645439207553864,50.2415657043457,0.5015505850315094,1,True,False,True,52.0,True,0.10013824701309207,UNRANKED,,False,,,
2016-04-29,2016-05-02,2016-05-09,T,XLC,14.593031326649047,14.589274406433105,14.589274406433105,5,time_exit,SHORT,SHORT,0.49758434295654297,0.487274169921875,0.5078945159912109,0.487274169921875,0.21841822564601898,50.2415657043457,0.5015505850315094,1,True,False,True,52.0,True,0.16973683238029466,UNRANKED,,False,,,
2016-05-02,2016-05-03,2016-05-10,T,XLC,14.649346248755581,14.758221626281738,14.758221626281738,5,time_exit,SHORT,SHORT,0.49758434295654297,0.487274169921875,0.5078945159912109,0.487274169921875,0.2128491848707199,50.2415657043457,0.5015505850315094,1,True,False,True,52.0,True,0.12966743111610415,UNRANKED,,False,,,
2016-05-03,2016-05-04,2016-05-10,T,XLC,14.54797982709462,14.709412574768066,14.738914417025564,4,stop_loss,SHORT,SHORT,0.49758434295654297,0.487274169921875,0.5078945159912109,0.487274169921875,0.22520974278450012,50.2415657043457,0.5015505850315094,1,True,False,True,52.0,True,0.0019341409206389236,UNRANKED,,False,,,
2016-05-04,2016-05-05,2016-05-12,T,XLC,14.619306694617816,14.848325729370117,14.802733279134069,5,stop_loss,SHORT,SHORT,0.4864402413368225,0.487274169921875,0.48560631275177,0.487274169921875,0.16254295408725739,51.35597586631775,0.5015505850315094,1,True,False,True,52.0,True,0.12519928812980652,UNRANKED,,False,,,
2016-05-05,2016-05-06,2016-05-10,T,XLC,14.559241335526734,14.698148727416992,14.746959181988439,2,stop_loss,SHORT,SHORT,0.4864402413368225,0.487274169921875,0.48560631275177,0.487274169921875,0.14336428046226501,51.35597586631775,0.5015505850315094,1,True,False,True,52.0,True,0.5236117541790009,UNRANKED,,False,,,
2016-05-06,2016-05-09,2016-05-12,T,XLC,14.638081065165201,14.746963500976562,14.830090173572358,3,stop_loss,SHORT,SHORT,0.4927370697259903,0.49986782670021057,0.48560631275177,0.49986782670021057,0.3786422312259674,50.72629302740097,0.5015505850315094,1,True,False,True,52.0,True,0.437522292137146,UNRANKED,,False,,,
2016-05-09,2016-05-10,2016-05-12,T,XLC,14.6493459441972,14.683133125305176,14.833846365993727,2,stop_loss,SHORT,SHORT,0.4927370697259903,0.49986782670021057,0.48560631275177,0.49986782670021057,0.42934510111808777,50.72629302740097,0.5015505850315094,1,True,False,True,52.0,True,0.36728918552398676,UNRANKED,,False,,,
2016-05-10,2016-05-11,2016-05-18,T,XLC,14.74320150651257,14.435351371765137,14.545292287588184,5,take_profit,SHORT,SHORT,0.4927370697259903,0.49986782670021057,0.48560631275177,0.49986782670021057,0.526051938533783,50.72629302740097,0.5015505850315094,1,True,False,True,52.0,True,0.4154408276081085,UNRANKED,,False,,,
2016-05-11,2016-05-12,2016-05-18,T,XLC,14.75446777138736,14.431595802307129,14.595710834087903,4,take_profit,SHORT,SHORT,0.4995124489068985,0.49986782670021057,0.4991570711135864,0.49986782670021057,0.5193243622779846,50.04875510931015,0.5015505850315094,2,False,True,True,52.0,True,0.36786836385726934,UNRANKED,,False,,,
2016-05-12,2016-05-13,2016-05-18,T,XLC,14.825795587397984,14.435351371765137,14.658456807403564,3,take_profit,SHORT,SHORT,0.4995124489068985,0.49986782670021057,0.4991570711135864,0.49986782670021057,0.5707336068153381,50.04875510931015,0.5015505850315094,2,False,True,True,52.0,True,0.2749434113502502,UNRANKED,,False,,,
2016-05-13,2016-05-16,2016-05-18,T,XLC,14.623070995769606,14.386543273925781,14.441786908724753,2,take_profit,SHORT,SHORT,0.4995124489068985,0.49986782670021057,0.4991570711135864,0.49986782670021057,0.4453492760658264,50.04875510931015,0.5015505850315094,2,False,True,True,52.0,True,0.2709740698337555,UNRANKED,,False,,,
2016-05-16,2016-05-17,2016-05-18,T,XLC,14.731939786632616,14.454117774963379,14.550118099751687,1,take_profit,SHORT,SHORT,0.4995124489068985,0.49986782670021057,0.4991570711135864,0.49986782670021057,0.5659208297729492,50.04875510931015,0.5015505850315094,2,False,True,True,52.0,True,0.08385354280471798,UNRANKED,,False,,,
2016-05-17,2016-05-18,2016-05-19,T,XLC,14.675628403002088,14.499171257019043,14.518477589490649,1,take_profit,SHORT,SHORT,0.4995124489068985,0.49986782670021057,0.4991570711135864,0.49986782670021057,0.48654624819755554,50.04875510931015,0.5015505850315094,2,False,True,True,52.0,True,0.23607620596885673,UNRANKED,,False,,,
2016-05-18,2016-05-19,2016-05-26,T,XLC,14.367772358431743,14.581767082214355,14.556029712078159,5,stop_loss,SHORT,SHORT,0.4995124489068985,0.49986782670021057,0.4991570711135864,0.49986782670021057,0.4287783205509186,50.04875510931015,0.5015505850315094,2,False,True,True,52.0,True,0.27045211195945745,UNRANKED,,False,,,
2016-05-19,2016-05-20,2016-05-27,T,XLC,14.506683689483056,14.638082504272461,14.638082504272461,5,time_exit,SHORT,SHORT,0.4995124489068985,0.49986782670021057,0.4991570711135864,0.49986782670021057,0.5194123387336731,50.04875510931015,0.5015505850315094,2,False,True,True,52.0,True,0.17118087410926808,UNRANKED,,False,,,
2016-05-20,2016-05-23,2016-05-27,T,XLC,14.450366716491313,14.698148727416992,14.615025807895819,4,stop_loss,SHORT,SHORT,0.4995124489068985,0.49986782670021057,0.4991570711135864,0.49986782670021057,0.5532355904579163,50.04875510931015,0.5015505850315094,2,False,True,True,52.0,True,0.25657257437706005,UNRANKED,,False,,,
2016-05-23,2016-05-24,2016-05-27,T,XLC,14.439100051705033,14.540468215942383,14.600541582205173,3,stop_loss,SHORT,SHORT,0.4995124489068985,0.49986782670021057,0.4991570711135864,0.49986782670021057,0.4938790202140808,50.04875510931015,0.5015505850315094,2,False,True,True,52.0,True,0.21579873561859125,UNRANKED,,False,,,
2016-05-24,2016-05-25,2016-05-31,T,XLC,14.517943413951278,14.581767082214355,14.687429323549491,3,stop_loss,SHORT,SHORT,0.4995124489068985,0.49986782670021057,0.4991570711135864,0.49986782670021057,0.429874986410141,50.04875510931015,0.5015505850315094,2,False,True,True,52.0,True,0.2823708057403565,UNRANKED,,False,,,
2016-05-25,2016-05-26,2016-05-31,T,XLC,14.525452503041995,14.720681190490723,14.693865392795065,2,take_profit,LONG,LONG,0.5093041360378265,0.5194512009620667,0.4991570711135864,0.5194512009620667,0.49525925517082214,50.930413603782654,0.5015505850315094,1,True,True,False,52.0,True,0.34443068504333496,UNRANKED,,False,,,
2016-05-26,2016-05-27,2016-06-06,T,XLC,14.578013493841814,14.769484519958496,14.744816990066354,5,stop_loss,SHORT,SHORT,0.4995124489068985,0.49986782670021057,0.4991570711135864,0.49986782670021057,0.46374431252479553,50.04875510931015,0.5015505850315094,2,False,True,True,52.0,True,0.25417804718017567,UNRANKED,,False,,,
2016-05-27,2016-05-31,2016-06-07,T,XLC,14.653096504093092,14.938430786132812,14.820972475206025,5,stop_loss,SHORT,SHORT,0.4995124489068985,0.49986782670021057,0.4991570711135864,0.49986782670021057,0.526565670967102,50.04875510931015,0.5015505850315094,2,False,True,True,52.0,True,0.2304402589797973,UNRANKED,,False,,,
2016-05-31,2016-06-01,2016-06-07,T,XLC,14.679377428789314,14.964709281921387,14.83169897180166,4,stop_loss,SHORT,SHORT,0.4995124489068985,0.49986782670021057,0.4991570711135864,0.49986782670021057,0.5098082423210144,50.04875510931015,0.5015505850315094,2,False,True,True,52.0,True,0.13002908229827878,UNRANKED,,False,,,
2016-06-01,2016-06-02,2016-06-03,T,XLC,14.54047022980199,15.051054000854492,14.708344838523042,1,stop_loss,SHORT,SHORT,0.4995124489068985,0.49986782670021057,0.4991570711135864,0.49986782670021057,0.4541458487510681,50.04875510931015,0.5015505850315094,2,False,True,True,52.0,True,0.1487806141376496,UNRANKED,,False,,,
2016-06-02,2016-06-03,2016-06-07,T,XLC,14.63057765015374,15.141162872314453,14.784507360541923,2,stop_loss,SHORT,SHORT,0.4932156205177307,0.487274169921875,0.4991570711135864,0.487274169921875,0.21344517171382904,50.67843794822693,0.5015505850315094,1,True,False,True,52.0,True,0.17878457903862005,UNRANKED,,False,,,
2016-06-03,2016-06-06,2016-06-07,T,XLC,14.72443228595636,15.088600158691406,14.876753011533577,1,stop_loss,SHORT,SHORT,0.4932156205177307,0.487274169921875,0.4991570711135864,0.487274169921875,0.19584967195987701,50.67843794822693,0.5015505850315094,1,True,False,True,52.0,True,0.17714408040046692,UNRANKED,,False,,,
2016-06-06,2016-06-07,2016-06-08,T,XLC,14.780749362639247,15.159934043884277,14.933068453346209,1,stop_loss,SHORT,SHORT,0.49758434295654297,0.487274169921875,0.5078945159912109,0.487274169921875,0.2290629744529724,50.2415657043457,0.5015505850315094,1,True,False,True,52.0,True,0.23714548349380496,UNRANKED,,False,,,
2016-06-07,2016-06-08,2016-06-10,T,XLC,14.912149129014695,15.126140594482422,15.07948477550779,2,stop_loss,SHORT,SHORT,0.49758434295654297,0.487274169921875,0.5078945159912109,0.487274169921875,0.22103066742420197,50.2415657043457,0.5015505850315094,1,True,False,True,52.0,True,0.23714548349380496,UNRANKED,,False,,,
2016-06-08,2016-06-09,2016-06-10,T,XLC,14.95344258756675,15.201231956481934,15.08913491152392,1,take_profit,LONG,LONG,0.5051432251930237,0.5023919343948364,0.5078945159912109,0.5023919343948364,0.6404358148574829,50.51432251930237,0.5015505850315094,1,True,True,False,52.0,True,0.2346815168857575,UNRANKED,,False,,,
2016-06-09,2016-06-10,2016-06-14,T,XLC,14.998498245507852,15.291330337524414,15.145989019390036,2,take_profit,LONG,LONG,0.5051432251930237,0.5023919343948364,0.5078945159912109,0.5023919343948364,0.5990391969680786,50.51432251930237,0.5015505850315094,1,True,True,False,52.0,True,0.2379020154476167,UNRANKED,,False,,,
2016-06-10,2016-06-13,2016-06-17,T,XLC,15.088600158691406,15.310104370117188,15.24842711857387,4,stop_loss,SHORT,SHORT,0.4932156205177307,0.487274169921875,0.4991570711135864,0.487274169921875,0.19445593655109406,50.67843794822693,0.5015505850315094,1,True,False,True,52.0,True,0.3231603801250457,UNRANKED,,False,,,
2016-06-13,2016-06-14,2016-06-17,T,XLC,15.081092866526507,15.418980598449707,15.241456200092356,3,stop_loss,SHORT,SHORT,0.4932156205177307,0.487274169921875,0.4991570711135864,0.487274169921875,0.13310332596302032,50.67843794822693,0.5015505850315094,1,True,False,True,52.0,True,0.42626473307609564,UNRANKED,,False,,,
2016-06-14,2016-06-15,2016-06-21,T,XLC,15.182455162615087,15.505327224731445,15.34335555106026,4,stop_loss,SHORT,SHORT,0.4995124489068985,0.49986782670021057,0.4991570711135864,0.49986782670021057,0.32527196407318115,50.04875510931015,0.5015505850315094,2,False,True,True,52.0,True,0.536154955625534,UNRANKED,,False,,,
2016-06-15,2016-06-16,2016-06-17,T,XLC,15.092356269855403,15.723077774047852,15.251648082207174,1,stop_loss,SHORT,SHORT,0.4995124489068985,0.49986782670021057,0.4991570711135864,0.49986782670021057,0.37897560000419617,50.04875510931015,0.5015505850315094,2,False,True,True,52.0,True,0.4070484638214111,UNRANKED,,False,,,
2016-06-16,2016-06-17,2016-06-21,T,XLC,15.219998047807877,15.587921142578125,15.37821779398882,2,stop_loss,SHORT,SHORT,0.4995124489068985,0.49986782670021057,0.4991570711135864,0.49986782670021057,0.4415830373764038,50.04875510931015,0.5015505850315094,2,False,True,True,52.0,True,0.23602202534675593,UNRANKED,,False,,,
2016-06-17,2016-06-20,2016-06-23,T,XLC,15.407716745621574,15.779393196105957,15.570762628800285,3,stop_loss,SHORT,SHORT,0.4995124489068985,0.49986782670021057,0.4991570711135864,0.49986782670021057,0.4665077030658722,50.04875510931015,0.5015505850315094,2,False,True,True,52.0,True,0.45633020997047424,UNRANKED,,False,,,
2016-06-20,2016-06-21,2016-06-22,T,XLC,15.328878025290974,15.775635719299316,15.486025024105148,1,stop_loss,SHORT,SHORT,0.4995124489068985,0.49986782670021057,0.4991570711135864,0.49986782670021057,0.5151588916778564,50.04875510931015,0.5015505850315094,2,False,True,True,52.0,True,0.42372363805770874,UNRANKED,,False,,,
2016-06-21,2016-06-22,2016-06-23,T,XLC,15.415223723306543,15.97086238861084,15.565398681671846,1,stop_loss,SHORT,SHORT,0.4995124489068985,0.49986782670021057,0.4991570711135864,0.49986782670021057,0.4631648361682892,50.04875510931015,0.5015505850315094,2,False,True,True,52.0,True,0.37699335813522344,UNRANKED,,False,,,
2016-06-22,2016-06-23,2016-06-27,T,XLC,15.599185339628846,16.22240447998047,15.755795692281259,2,stop_loss,SHORT,SHORT,0.4995124489068985,0.49986782670021057,0.4991570711135864,0.49986782670021057,0.3935883343219757,50.04875510931015,0.5015505850315094,2,False,True,True,52.0,True,0.23799800872802734,UNRANKED,,False,,,
2016-06-23,2016-06-24,2016-06-27,T,XLC,15.561641074389899,16.32001304626465,15.729513775762317,1,take_profit,LONG,LONG,0.5038811713457108,0.49986782670021057,0.5078945159912109,0.49986782670021057,0.6689550280570984,50.388117134571075,0.5015505850315094,1,True,True,False,52.0,True,0.2745838761329651,UNRANKED,,False,,,
2016-06-24,2016-06-27,2016-06-28,T,XLC,15.501573811449523,16.27496337890625,15.681782698822222,1,stop_loss,SHORT,SHORT,0.4995124489068985,0.49986782670021057,0.4991570711135864,0.49986782670021057,0.4022948145866394,50.04875510931015,0.5015505850315094,2,False,True,True,52.0,True,0.2796213626861571,UNRANKED,,False,,,
2016-06-27,2016-06-28,2016-06-30,T,XLC,15.820687938316755,16.421852111816406,16.004114795311384,2,stop_loss,SHORT,SHORT,0.4927370697259903,0.49986782670021057,0.48560631275177,0.49986782670021057,0.41951775550842285,50.72629302740097,0.5015505850315094,1,True,False,True,52.0,True,0.15883165597915658,UNRANKED,,False,,,
2016-06-28,2016-06-29,2016-06-30,T,XLC,15.850724387218929,16.11703872680664,16.030933955787567,1,stop_loss,SHORT,SHORT,0.4927370697259903,0.49986782670021057,0.48560631275177,0.49986782670021057,0.4000326693058014,50.72629302740097,0.5015505850315094,1,True,False,True,52.0,True,0.3705664277076723,UNRANKED,,False,,,
2016-06-29,2016-06-30,2016-07-01,T,XLC,16.02717972003343,16.23515510559082,16.222943852941842,1,stop_loss,SHORT,SHORT,0.4927370697259903,0.49986782670021057,0.48560631275177,0.49986782670021057,0.4878229796886444,50.72629302740097,0.5015505850315094,1,True,False,True,52.0,True,0.4063925743103026,UNRANKED,,False,,,
2016-06-30,2016-07-01,2016-07-11,T,XLC,16.222401631519347,16.19705581665039,16.19705581665039,5,time_exit,LONG,LONG,0.503269612789154,0.5209329128265381,0.48560631275177,0.5209329128265381,0.39676299691200256,50.326961278915405,0.5015505850315094,1,True,True,False,52.0,True,0.3569812476634979,UNRANKED,,False,,,
2016-07-01,2016-07-05,2016-07-12,T,XLC,16.331277953930865,16.158950805664062,16.158950805664062,5,time_exit,LONG,LONG,0.503269612789154,0.5209329128265381,0.48560631275177,0.5209329128265381,0.38296031951904297,50.326961278915405,0.5015505850315094,1,True,True,False,52.0,True,0.29585263133049006,UNRANKED,,False,,,
2016-07-05,2016-07-06,2016-07-07,T,XLC,16.376128624708272,16.227540969848633,16.15462236969467,1,take_profit,SHORT,SHORT,0.4927370697259903,0.49986782670021057,0.48560631275177,0.49986782670021057,0.4188559949398041,50.72629302740097,0.5015505850315094,1,True,False,True,52.0,True,0.35806092619895935,UNRANKED,,False,,,
2016-07-06,2016-07-07,2016-07-14,T,XLC,16.277066132653122,16.29612159729004,16.29612159729004,5,time_exit,SHORT,SHORT,0.4927370697259903,0.49986782670021057,0.48560631275177,0.49986782670021057,0.38324305415153503,50.72629302740097,0.5015505850315094,1,True,False,True,52.0,True,0.3442129492759704,UNRANKED,,False,,,
2016-07-07,2016-07-08,2016-07-15,T,XLC,16.052267854399812,16.341838836669922,16.322748010344636,5,stop_loss,SHORT,SHORT,0.4995124489068985,0.49986782670021057,0.4991570711135864,0.49986782670021057,0.33771565556526184,50.04875510931015,0.5015505850315094,2,False,True,True,52.0,True,0.3472993671894074,UNRANKED,,False,,,
2016-07-08,2016-07-11,2016-07-18,T,XLC,16.181814649504002,16.326597213745117,16.326597213745117,5,time_exit,LONG,LONG,0.5093041360378265,0.5194512009620667,0.4991570711135864,0.5194512009620667,0.41585299372673035,50.930413603782654,0.5015505850315094,1,True,True,False,52.0,True,0.24267104268074022,UNRANKED,,False,,,
2016-07-11,2016-07-12,2016-07-19,T,XLC,16.155140514824797,16.29612159729004,16.29612159729004,5,time_exit,SHORT,SHORT,0.4995124489068985,0.49986782670021057,0.4991570711135864,0.49986782670021057,0.3873433768749237,50.04875510931015,0.5015505850315094,2,False,True,True,52.0,True,0.17262893915176383,UNRANKED,,False,,,
2016-07-12,2016-07-13,2016-07-20,T,XLC,16.178007168018286,16.273258209228516,16.273258209228516,5,time_exit,LONG,LONG,0.5093041360378265,0.5194512009620667,0.4991570711135864,0.5194512009620667,0.41767382621765137,50.930413603782654,0.5015505850315094,1,True,True,False,52.0,True,0.26925504207611084,UNRANKED,,False,,,
2016-07-13,2016-07-14,2016-07-21,T,XLC,16.174198018003306,16.200864791870117,16.200864791870117,5,time_exit,SHORT,SHORT,0.4995124489068985,0.49986782670021057,0.4991570711135864,0.49986782670021057,0.4022194445133209,50.04875510931015,0.5015505850315094,2,False,True,True,52.0,True,0.340019017457962,UNRANKED,,False,,,
2016-07-14,2016-07-15,2016-07-22,T,XLC,16.349459418275654,16.4256649017334,16.4256649017334,5,time_exit,LONG,LONG,0.5038811713457108,0.49986782670021057,0.5078945159912109,0.49986782670021057,0.48851045966148376,50.388117134571075,0.5015505850315094,1,True,True,False,52.0,True,0.31200891733169556,UNRANKED,,False,,,
2016-07-15,2016-07-18,2016-07-25,T,XLC,16.330407504440696,16.360889434814453,16.360889434814453,5,time_exit,LONG,LONG,0.5051432251930237,0.5023919343948364,0.5078945159912109,0.5023919343948364,0.5083844065666199,50.51432251930237,0.5015505850315094,1,True,True,False,52.0,True,0.3127143681049347,UNRANKED,,False,,,
2016-07-18,2016-07-19,2016-07-26,T,XLC,16.303742181818592,16.147520065307617,16.147520065307617,5,time_exit,LONG,LONG,0.5051432251930237,0.5023919343948364,0.5078945159912109,0.5023919343948364,0.5440701246261597,50.51432251930237,0.5015505850315094,1,True,True,False,52.0,True,0.2958453893661498,UNRANKED,,False,,,
2016-07-19,2016-07-20,2016-07-27,T,XLC,16.288499374952465,16.29230308532715,16.29230308532715,5,time_exit,SHORT,SHORT,0.4982123374938965,0.48853015899658203,0.5078945159912109,0.48853015899658203,0.254975289106369,50.17876625061035,0.5015505850315094,1,True,False,True,52.0,True,0.24651485681533813,UNRANKED,,False,,,
2016-07-20,2016-07-21,2016-07-22,T,XLC,16.212295666300978,16.223726272583008,16.39682306345674,1,stop_loss,SHORT,SHORT,0.49384361505508423,0.48853015899658203,0.4991570711135864,0.48853015899658203,0.2199983149766922,50.61563849449158,0.5015505850315094,1,True,False,True,52.0,True,0.2996929585933686,UNRANKED,,False,,,
2016-07-21,2016-07-22,2016-07-29,T,XLC,16.20467378691903,16.49424934387207,16.3636085163589,5,take_profit,LONG,LONG,0.5007745027542114,0.5023919343948364,0.4991570711135864,0.5023919343948364,0.40871766209602356,50.07745027542114,0.5015505850315094,2,False,True,True,52.0,True,0.21595835685729992,UNRANKED,,False,,,
2016-07-22,2016-07-25,2016-07-26,T,XLC,16.35708106815216,16.452329635620117,16.179976118200987,1,stop_loss,LONG,LONG,0.5007745027542114,0.5023919343948364,0.4991570711135864,0.5023919343948364,0.5145109295845032,50.07745027542114,0.5015505850315094,2,False,True,True,52.0,True,0.23757398128509516,UNRANKED,,False,,,
2016-07-25,2016-07-26,2016-08-02,T,XLC,16.338028835662232,16.444713592529297,16.444713592529297,5,time_exit,LONG,LONG,0.5007745027542114,0.5023919343948364,0.4991570711135864,0.5023919343948364,0.48867684602737427,50.07745027542114,0.5015505850315094,2,False,True,True,52.0,True,0.23920354247093206,UNRANKED,,False,,,
2016-07-26,2016-07-27,2016-07-29,T,XLC,16.143705628321793,16.437089920043945,16.333125783438284,2,stop_loss,SHORT,SHORT,0.49384361505508423,0.48853015899658203,0.4991570711135864,0.48853015899658203,0.20646657049655914,50.61563849449158,0.5015505850315094,1,True,False,True,52.0,True,0.3424195647239685,UNRANKED,,False,,,
2016-07-27,2016-07-28,2016-07-29,T,XLC,16.25801697091919,16.414234161376953,16.42457564532279,1,stop_loss,SHORT,SHORT,0.4995124489068985,0.49986782670021057,0.4991570711135864,0.49986782670021057,0.3059996962547302,50.04875510931015,0.5015505850315094,2,False,True,True,52.0,True,0.32434797286987294,UNRANKED,,False,,,
2016-07-28,2016-07-29,2016-08-01,T,XLC,16.23896559109021,16.444713592529297,16.398447184630946,1,stop_loss,SHORT,SHORT,0.4995124489068985,0.49986782670021057,0.4991570711135864,0.49986782670021057,0.3150157630443573,50.04875510931015,0.5015505850315094,2,False,True,True,52.0,True,0.30340316891670227,UNRANKED,,False,,,
2016-07-29,2016-08-01,2016-08-08,T,XLC,16.47900166510316,16.35708236694336,16.35708236694336,5,time_exit,SHORT,SHORT,0.4995124489068985,0.49986782670021057,0.4991570711135864,0.49986782670021057,0.3756834864616394,50.04875510931015,0.5015505850315094,2,False,True,True,52.0,True,0.19859254360198977,UNRANKED,,False,,,
2016-08-01,2016-08-02,2016-08-09,T,XLC,16.494247375234593,16.414234161376953,16.414234161376953,5,time_exit,SHORT,SHORT,0.4995124489068985,0.49986782670021057,0.4991570711135864,0.49986782670021057,0.36956024169921875,50.04875510931015,0.5015505850315094,2,False,True,True,52.0,True,0.271626651287079,UNRANKED,,False,,,
2016-08-02,2016-08-03,2016-08-10,T,XLC,16.4180403931284,16.45995330810547,16.45995330810547,5,time_exit,SHORT,SHORT,0.4995124489068985,0.49986782670021057,0.4991570711135864,0.49986782670021057,0.39781731367111206,50.04875510931015,0.5015505850315094,2,False,True,True,52.0,True,0.2781298756599426,UNRANKED,,False,,,
2016-08-03,2016-08-04,2016-08-11,T,XLC,16.452335149017742,16.532350540161133,16.532350540161133,5,time_exit,SHORT,SHORT,0.4995124489068985,0.49986782670021057,0.4991570711135864,0.49986782670021057,0.4224691689014435,50.04875510931015,0.5015505850315094,2,False,True,True,52.0,True,0.404914140701294,UNRANKED,,False,,,
2016-08-04,2016-08-05,2016-08-12,T,XLC,16.444713592529297,16.490440368652344,16.490440368652344,5,time_exit,SHORT,SHORT,0.4995124489068985,0.49986782670021057,0.4991570711135864,0.49986782670021057,0.4245055317878723,50.04875510931015,0.5015505850315094,2,False,True,True,52.0,True,0.38649776577949524,UNRANKED,,False,,,
2016-08-05,2016-08-08,2016-08-15,T,XLC,16.448525510666478,16.39137077331543,16.39137077331543,5,time_exit,SHORT,SHORT,0.4995124489068985,0.49986782670021057,0.4991570711135864,0.49986782670021057,0.49046528339385986,50.04875510931015,0.5015505850315094,2,False,True,True,52.0,True,0.08546292781829835,UNRANKED,,False,,,
2016-08-08,2016-08-09,2016-08-16,T,XLC,16.364700375737584,15.987495422363281,16.181813162166854,5,take_profit,SHORT,SHORT,0.4927644282579422,0.4966471493244171,0.4888817071914673,0.4966471493244171,0.5383745431900024,50.72355717420578,0.5073915719985962,2,False,True,True,52.5,True,0.07486784458160407,UNRANKED,,False,,,
2016-08-09,2016-08-10,2016-08-16,T,XLC,16.406611163505872,15.949384689331055,16.2188256061677,4,take_profit,SHORT,SHORT,0.4818096458911896,0.4966471493244171,0.46697214245796204,0.4966471493244171,0.6360508799552917,51.81903541088104,0.5073915719985962,1,True,False,True,52.5,True,0.09925863146781921,UNRANKED,,False,,,
2016-08-10,2016-08-11,2016-08-16,T,XLC,16.50186820832385,15.77412223815918,16.317893261075664,3,take_profit,SHORT,SHORT,0.48493441939353943,0.4944569170475006,0.47541192173957825,0.4944569170475006,0.5585732460021973,51.50655806064606,0.5073915719985962,1,True,False,True,52.5,True,-0.02706450223922724,UNRANKED,,False,,,
2016-08-11,2016-08-12,2016-08-16,T,XLC,16.539972236833503,15.625526428222656,16.377769129272117,2,take_profit,SHORT,SHORT,0.48586753010749817,0.4944569170475006,0.4772781431674957,0.4944569170475006,0.6110933423042297,51.41324698925018,0.5073915719985962,1,True,False,True,52.5,True,-0.028017967939376887,UNRANKED,,False,,,
2016-08-12,2016-08-15,2016-08-16,T,XLC,16.463764374536574,15.587425231933594,16.30482773774807,1,take_profit,SHORT,SHORT,0.4807145297527313,0.4944569170475006,0.46697214245796204,0.4944569170475006,0.6960086822509766,51.92854702472687,0.5073915719985962,1,True,False,True,52.5,True,-0.11108022928237918,UNRANKED,,False,,,
2016-08-15,2016-08-16,2016-08-17,T,XLC,16.383753232833058,15.564570426940918,16.241145135211685,1,take_profit,SHORT,SHORT,0.4807145297527313,0.4944569170475006,0.46697214245796204,0.4944569170475006,0.5973142981529236,51.92854702472687,0.5073915719985962,1,True,False,True,52.5,True,-0.13298496603965754,UNRANKED,,False,,,
2016-08-16,2016-08-17,2016-08-18,T,XLC,16.00653710641276,15.572182655334473,15.826915818658158,1,take_profit,SHORT,SHORT,0.4813447743654251,0.4822677671909332,0.480421781539917,0.4822677671909332,0.3312305510044098,51.86552256345749,0.5073915719985962,1,True,False,True,52.5,True,-0.0498439967632294,UNRANKED,,False,,,
2016-08-17,2016-08-18,2016-08-19,T,XLC,15.903668271845904,15.648388862609863,15.728399281193003,1,take_profit,SHORT,SHORT,0.4835425615310669,0.4866633415222168,0.480421781539917,0.4866633415222168,0.3810472786426544,51.64574384689331,0.5073915719985962,1,True,False,True,52.5,True,0.10035592317581168,UNRANKED,,False,,,
2016-08-18,2016-08-19,2016-08-26,T,XLC,15.70935090736642,15.499789237976074,15.54769057673026,5,take_profit,SHORT,SHORT,0.48632004857063293,0.4866633415222168,0.4859767556190491,0.4866633415222168,0.3626883924007416,51.36799514293671,0.5073915719985962,1,True,False,True,52.5,True,0.1931223571300506,UNRANKED,,False,,,
2016-08-19,2016-08-22,2016-08-29,T,XLC,15.591234560757252,15.621715545654297,15.621715545654297,5,time_exit,SHORT,SHORT,0.49021683633327484,0.4944569170475006,0.4859767556190491,0.4944569170475006,0.3232780694961548,50.978316366672516,0.5073915719985962,1,True,False,True,52.5,True,0.002716541290283172,UNRANKED,,False,,,
2016-08-22,2016-08-23,2016-08-30,T,XLC,15.617913562791978,15.579808235168457,15.579808235168457,5,time_exit,SHORT,SHORT,0.49021683633327484,0.4944569170475006,0.4859767556190491,0.4944569170475006,0.47672709822654724,50.978316366672516,0.5073915719985962,1,True,False,True,52.5,True,0.17846623063087452,UNRANKED,,False,,,
2016-08-23,2016-08-24,2016-08-31,T,XLC,15.58361352735268,15.575994491577148,15.575994491577148,5,time_exit,SHORT,SHORT,0.49021683633327484,0.4944569170475006,0.4859767556190491,0.4944569170475006,0.4439616799354553,50.978316366672516,0.5073915719985962,1,True,False,True,52.5,True,0.06666624546051024,UNRANKED,,False,,,
2016-08-24,2016-08-25,2016-09-01,T,XLC,15.572185919764394,15.606474876403809,15.606474876403809,5,time_exit,SHORT,SHORT,0.49021683633327484,0.4944569170475006,0.4859767556190491,0.4944569170475006,0.39582952857017517,50.978316366672516,0.5073915719985962,1,True,False,True,52.5,True,0.023754030466079837,UNRANKED,,False,,,
2016-08-25,2016-08-26,2016-09-02,T,XLC,15.671246536440403,15.602666854858398,15.602666854858398,5,time_exit,SHORT,SHORT,0.49480167031288147,0.5036265850067139,0.4859767556190491,0.5036265850067139,0.3637485206127167,50.51983296871185,0.5073915719985962,2,False,True,True,52.5,True,-0.04033589363098152,UNRANKED,,False,,,
2016-08-26,2016-08-29,2016-09-06,T,XLC,15.545512613729969,15.709356307983398,15.709356307983398,5,time_exit,SHORT,SHORT,0.4910719096660614,0.4877023994922638,0.494441419839859,0.4877023994922638,0.4739396274089813,50.89280903339386,0.5073915719985962,1,True,False,True,52.5,True,-0.03647497296333313,UNRANKED,,False,,,
2016-08-29,2016-08-30,2016-09-07,T,XLC,15.62171952162578,15.724589347839355,15.724589347839355,5,time_exit,LONG,LONG,0.5006861537694931,0.5069308876991272,0.494441419839859,0.5069308876991272,0.35574376583099365,50.06861537694931,0.5073915719985962,2,False,True,True,52.5,True,-0.17147758603095997,UNRANKED,,False,,,
2016-08-30,2016-08-31,2016-09-08,T,XLC,15.602665566738198,15.694108009338379,15.694108009338379,5,time_exit,SHORT,SHORT,0.4868338853120804,0.47922635078430176,0.494441419839859,0.47922635078430176,0.38806697726249695,51.31661146879196,0.5073915719985962,1,True,False,True,52.5,True,0.09719422459602339,UNRANKED,,False,,,
2016-08-31,2016-09-01,2016-09-09,T,XLC,15.564562639675044,15.130206108093262,15.369156134635285,5,stop_loss,LONG,LONG,0.5035045295953751,0.5125676393508911,0.494441419839859,0.5125676393508911,0.38652798533439636,50.350452959537506,0.5073915719985962,2,False,True,True,52.5,True,0.05810776352882393,UNRANKED,,False,,,
2016-09-01,2016-09-02,2016-09-09,T,XLC,15.656009009584302,15.511222839355469,15.462235331213417,4,stop_loss,LONG,LONG,0.5018417090177536,0.5092419981956482,0.494441419839859,0.5092419981956482,0.35230752825737,50.18417090177536,0.5073915719985962,2,False,True,True,52.5,True,0.0490235388278961,UNRANKED,,False,,,
2016-09-02,2016-09-06,2016-09-09,T,XLC,15.62934209240176,15.229269981384277,15.449177210286805,3,take_profit,SHORT,SHORT,0.49447739124298096,0.5000730752944946,0.4888817071914673,0.5000730752944946,0.5617468357086182,50.552260875701904,0.5073915719985962,2,False,True,True,52.5,True,0.12820518016815183,UNRANKED,,False,,,
2016-09-06,2016-09-07,2016-09-09,T,XLC,15.720779057196529,15.1987886428833,15.583069303342594,2,take_profit,SHORT,SHORT,0.4913982152938843,0.49391472339630127,0.4888817071914673,0.49391472339630127,0.37437036633491516,50.86017847061157,0.5073915719985962,1,True,False,True,52.5,True,0.06331235170364373,UNRANKED,,False,,,
2016-09-07,2016-09-08,2016-09-09,T,XLC,15.724589372333872,15.412161827087402,15.590147860362261,1,take_profit,SHORT,SHORT,0.4913982152938843,0.49391472339630127,0.4888817071914673,0.49391472339630127,0.36712586879730225,50.86017847061157,0.5073915719985962,1,True,False,True,52.5,True,-0.04489210247993467,UNRANKED,,False,,,
2016-09-08,2016-09-09,2016-09-13,T,XLC,15.614098708946864,15.316899299621582,15.500340213071096,2,take_profit,SHORT,SHORT,0.48974625766277313,0.490610808134079,0.4888817071914673,0.490610808134079,0.3561198115348816,51.02537423372269,0.5073915719985962,1,True,False,True,52.5,True,0.05969807505607602,UNRANKED,,False,,,
2016-09-09,2016-09-12,2016-09-15,T,XLC,15.076863091888498,15.263558387756348,15.249951029379778,3,take_profit,LONG,LONG,0.5167812705039978,0.48314911127090454,0.5504134297370911,0.48314911127090454,0.4431766867637634,51.67812705039978,0.5073915719985962,1,True,True,False,52.5,True,0.6697438657283784,UNRANKED,,False,,,
2016-09-12,2016-09-13,2016-09-20,T,XLC,15.41215819536351,15.225458145141602,15.225458145141602,5,time_exit,LONG,LONG,0.5035898089408875,0.48954474925994873,0.5176348686218262,0.48954474925994873,0.41746261715888977,50.358980894088745,0.5073915719985962,2,False,True,True,52.5,True,0.5691582560539246,UNRANKED,,False,,,
2016-09-13,2016-09-14,2016-09-21,T,XLC,15.221649429127874,15.457879066467285,15.457879066467285,5,time_exit,LONG,LONG,0.513037919998169,0.4999215006828308,0.5261543393135071,0.4999215006828308,0.48656508326530457,51.303791999816895,0.5073915719985962,1,True,True,False,52.5,True,0.46418112516403187,UNRANKED,,False,,,
2016-09-14,2016-09-15,2016-09-21,T,XLC,15.16450052535723,15.66362476348877,15.426857419714095,4,stop_loss,SHORT,SHORT,0.49682019650936127,0.4918864667415619,0.5017539262771606,0.4918864667415619,0.43072831630706787,50.31798034906387,0.5073915719985962,2,False,True,True,52.5,True,0.49949115514755255,UNRANKED,,False,,,
2016-09-15,2016-09-16,2016-09-22,T,XLC,15.370242401349003,15.728401184082031,15.652194578124254,4,stop_loss,SHORT,SHORT,0.49374255537986755,0.49790748953819275,0.48957762122154236,0.49790748953819275,0.47630763053894043,50.625744462013245,0.5073915719985962,2,False,True,True,52.5,True,0.23960980772972112,UNRANKED,,False,,,
2016-09-16,2016-09-19,2016-09-22,T,XLC,15.316900531579632,15.675061225891113,15.591233123045173,3,stop_loss,SHORT,SHORT,0.49441446363925934,0.4992513060569763,0.48957762122154236,0.4992513060569763,0.4619216024875641,50.558553636074066,0.5073915719985962,2,False,True,True,52.5,True,0.0701954364776611,UNRANKED,,False,,,
2016-09-19,2016-09-20,2016-09-22,T,XLC,15.301662040998357,15.796981811523438,15.566196718776329,2,stop_loss,SHORT,SHORT,0.49674756824970245,0.4918680489063263,0.5016270875930786,0.4918680489063263,0.3608466684818268,50.325243175029755,0.5073915719985962,2,False,True,True,52.5,True,0.0721538066864015,UNRANKED,,False,,,
2016-09-20,2016-09-21,2016-09-22,T,XLC,15.259749708213931,15.564570426940918,15.523740519153176,1,stop_loss,SHORT,SHORT,0.49674756824970245,0.4918680489063263,0.5016270875930786,0.4918680489063263,0.3338787257671356,50.325243175029755,0.5073915719985962,2,False,True,True,52.5,True,0.0907192826271057,UNRANKED,,False,,,
2016-09-21,2016-09-22,2016-09-29,T,XLC,15.518838547212933,15.518842697143555,15.518842697143555,5,time_exit,SHORT,SHORT,0.49584338068962097,0.49005967378616333,0.5016270875930786,0.49005967378616333,0.4851438105106354,50.4156619310379,0.5073915719985962,2,False,True,True,52.5,True,0.1664056777954101,UNRANKED,,False,,,
2016-09-22,2016-09-23,2016-09-30,T,XLC,15.678868363052388,15.473122596740723,15.473122596740723,5,time_exit,SHORT,SHORT,0.4832821488380432,0.4873424470424652,0.4792218506336212,0.4873424470424652,0.5697101950645447,51.67178511619568,0.5073915719985962,1,True,False,True,52.5,True,0.0967444181442261,UNRANKED,,False,,,
2016-09-23,2016-09-26,2016-10-03,T,XLC,15.728403383201526,15.534079551696777,15.534079551696777,5,time_exit,SHORT,SHORT,0.4970654845237732,0.5042116641998291,0.4899193048477173,0.5042116641998291,0.5651171207427979,50.29345154762268,0.5073915719985962,2,False,True,True,52.5,True,0.32414641976356506,UNRANKED,,False,,,
2016-09-26,2016-09-27,2016-10-04,T,XLC,15.709348019613877,15.202596664428711,15.386572723811351,5,take_profit,SHORT,SHORT,0.4966178685426712,0.500646710395813,0.4925890266895294,0.500646710395813,0.5098135471343994,50.33821314573288,0.5073915719985962,2,False,True,True,52.5,True,0.16089919209480286,UNRANKED,,False,,,
2016-09-27,2016-09-28,2016-10-04,T,XLC,15.625533186032019,15.162142753601074,15.287516812261442,4,take_profit,SHORT,SHORT,0.49222853779792786,0.4918680489063263,0.4925890266895294,0.4918680489063263,0.5387771725654602,50.777146220207214,0.5073915719985962,1,True,False,True,52.5,True,0.21758487820625314,UNRANKED,,False,,,
2016-09-28,2016-09-29,2016-10-06,T,XLC,15.526463279562881,15.14278507232666,15.159599756352083,5,take_profit,SHORT,SHORT,0.49152371287345886,0.4904583990573883,0.4925890266895294,0.4904583990573883,0.4579221308231354,50.847628712654114,0.5073915719985962,1,True,False,True,52.5,True,0.2851483821868896,UNRANKED,,False,,,
2016-09-29,2016-09-30,2016-10-04,T,XLC,15.587428464411895,15.049860000610352,15.29458982283649,2,take_profit,SHORT,SHORT,0.49630337953567505,0.4944569170475006,0.4981498420238495,0.4944569170475006,0.42112162709236145,50.369662046432495,0.5073915719985962,2,False,True,True,52.5,True,0.4871934056282044,UNRANKED,,False,,,
2016-09-30,2016-10-03,2016-10-04,T,XLC,15.476927120259498,15.1040678024292,15.23198799737829,1,take_profit,SHORT,SHORT,0.4920700490474701,0.4944569170475006,0.4896831810474396,0.4944569170475006,0.45917075872421265,50.79299509525299,0.5073915719985962,1,True,False,True,52.5,True,0.24781501293182376,UNRANKED,,False,,,
2016-10-03,2016-10-04,2016-10-05,T,XLC,15.515030891170055,15.138916015625,15.301662611576724,1,take_profit,SHORT,SHORT,0.4871463030576706,0.4883158504962921,0.4859767556190491,0.4883158504962921,0.4206678867340088,51.28536969423294,0.5073915719985962,1,True,False,True,52.5,True,0.02829197049140919,UNRANKED,,False,,,
2016-10-04,2016-10-05,2016-10-07,T,XLC,15.336375200502584,15.22796630859375,15.080006699656812,2,take_profit,SHORT,SHORT,0.4944491684436798,0.4944569170475006,0.494441419839859,0.4944569170475006,0.47148847579956055,50.55508315563202,0.5073915719985962,2,False,True,True,52.5,True,0.027405589818954405,UNRANKED,,False,,,
2016-10-05,2016-10-06,2016-10-13,T,XLC,15.150528998461564,15.243453025817871,15.243453025817871,5,time_exit,SHORT,SHORT,0.4944491684436798,0.4944569170475006,0.494441419839859,0.4944569170475006,0.41282597184181213,50.55508315563202,0.5073915719985962,2,False,True,True,52.5,True,0.10311365127563471,UNRANKED,,False,,,
2016-10-06,2016-10-07,2016-10-14,T,XLC,15.185374788870822,15.185371398925781,15.185371398925781,5,time_exit,SHORT,SHORT,0.49903400242328644,0.5036265850067139,0.494441419839859,0.5036265850067139,0.4055992364883423,50.096599757671356,0.5073915719985962,2,False,True,True,52.5,True,0.21740546822547915,UNRANKED,,False,,,
2016-10-07,2016-10-10,2016-10-17,T,XLC,15.073093072821825,15.20473861694336,15.20473861694336,5,time_exit,SHORT,SHORT,0.4798240661621094,0.47922635078430176,0.480421781539917,0.47922635078430176,0.4179095923900604,52.01759338378906,0.5073915719985962,1,True,False,True,52.5,True,0.09982395172119145,UNRANKED,,False,,,
2016-10-10,2016-10-11,2016-10-18,T,XLC,15.076966550189628,15.239583969116211,15.239583969116211,5,time_exit,SHORT,SHORT,0.4962541460990906,0.5036265850067139,0.4888817071914673,0.5036265850067139,0.4423437714576721,50.37458539009094,0.5073915719985962,2,False,True,True,52.5,True,0.24172899127006525,UNRANKED,,False,,,
2016-10-11,2016-10-12,2016-10-19,T,XLC,15.158272928896748,15.247319221496582,15.247319221496582,5,time_exit,SHORT,SHORT,0.485997810959816,0.4681037366390228,0.5038918852806091,0.4681037366390228,0.6039527058601379,51.4002189040184,0.5073915719985962,1,True,False,True,52.5,True,0.6477310359477996,UNRANKED,,False,,,
2016-10-12,2016-10-13,2016-10-20,T,XLC,15.208606336328916,14.964682579040527,15.024723623011045,5,stop_loss,LONG,LONG,0.5013433694839478,0.48861169815063477,0.5140750408172607,0.48861169815063477,0.5613817572593689,50.134336948394775,0.5073915719985962,2,False,True,True,52.5,True,0.4027772843837738,UNRANKED,,False,,,
2016-10-13,2016-10-14,2016-10-20,T,XLC,15.258936720890647,14.515549659729004,15.082095393768368,4,take_profit,SHORT,SHORT,0.49206411838531494,0.49942073225975037,0.4847075045108795,0.49942073225975037,0.6376021504402161,50.793588161468506,0.5073915719985962,1,True,False,True,52.5,True,0.24123263359069821,UNRANKED,,False,,,
2016-10-14,2016-10-17,2016-10-21,T,XLC,15.138916209087405,14.271615982055664,14.961397500722102,4,stop_loss,LONG,LONG,0.5009007453918457,0.4973495602607727,0.5044519305229187,0.4973495602607727,0.500341534614563,50.09007453918457,0.5073915719985962,2,False,True,True,52.5,True,0.35991346836090093,UNRANKED,,False,,,
2016-10-17,2016-10-18,2016-10-20,T,XLC,15.189249421143058,14.209671974182129,15.026381193865575,2,take_profit,SHORT,SHORT,0.49630574882030487,0.4918680489063263,0.5007434487342834,0.4918680489063263,0.4298645853996277,50.36942511796951,0.5073915719985962,2,False,True,True,52.5,True,0.26222786307334894,UNRANKED,,False,,,
2016-10-18,2016-10-19,2016-10-20,T,XLC,15.278293936240646,14.105130195617676,15.14364942787883,1,stop_loss,LONG,LONG,0.5047642439603806,0.4918680489063263,0.5176604390144348,0.4918680489063263,0.3653014302253723,50.476424396038055,0.5073915719985962,2,False,True,True,52.5,True,0.06377136707305898,UNRANKED,,False,,,
2016-10-19,2016-10-20,2016-10-21,T,XLC,15.119556232986424,14.13997745513916,14.990339221398465,1,stop_loss,LONG,LONG,0.5057115256786346,0.49005967378616333,0.521363377571106,0.49005967378616333,0.35478124022483826,50.571152567863464,0.5073915719985962,2,False,True,True,52.5,True,0.31236255168914795,UNRANKED,,False,,,
2016-10-20,2016-10-21,2016-10-24,T,XLC,14.867887617422,14.136109352111816,14.70482538554072,1,stop_loss,LONG,LONG,0.5066157132387161,0.4918680489063263,0.521363377571106,0.4918680489063263,0.3868890404701233,50.66157132387161,0.5073915719985962,2,False,True,True,52.5,True,0.2252918183803559,UNRANKED,,False,,,
2016-10-21,2016-10-24,2016-10-31,T,XLC,14.136102199617886,14.244513511657715,14.244513511657715,5,time_exit,SHORT,SHORT,0.4928516745567322,0.48407626152038574,0.5016270875930786,0.48407626152038574,0.46399468183517456,50.71483254432678,0.5073915719985962,2,False,True,True,52.5,True,0.2290185987949372,UNRANKED,,False,,,
2016-10-24,2016-10-25,2016-11-01,T,XLC,14.271621434899714,14.155465126037598,14.155465126037598,5,time_exit,SHORT,SHORT,0.49360010027885437,0.48928171396255493,0.4979184865951538,0.48928171396255493,0.48523181676864624,50.63998997211456,0.5073915719985962,2,False,True,True,52.5,True,0.3560456037521363,UNRANKED,,False,,,
2016-10-25,2016-10-26,2016-11-02,T,XLC,14.186438480728075,14.081899642944336,14.081899642944336,5,time_exit,SHORT,SHORT,0.49727389216423035,0.48314350843429565,0.511404275894165,0.48314350843429565,0.3864165246486664,50.272610783576965,0.5073915719985962,2,False,True,True,52.5,True,0.26972910761833185,UNRANKED,,False,,,
2016-10-26,2016-10-27,2016-11-03,T,XLC,14.170952180877888,14.182568550109863,14.182568550109863,5,time_exit,SHORT,SHORT,0.49727389216423035,0.48314350843429565,0.511404275894165,0.48314350843429565,0.4081309735774994,50.272610783576965,0.5073915719985962,2,False,True,True,52.5,True,0.3297979533672332,UNRANKED,,False,,,
2016-10-27,2016-10-28,2016-11-04,T,XLC,14.190314892513484,14.13223648071289,14.13223648071289,5,time_exit,SHORT,SHORT,0.4949457198381424,0.4954093396663666,0.4944821000099182,0.4954093396663666,0.4332619309425354,50.50542801618576,0.5073915719985962,2,False,True,True,52.5,True,0.28870028257369995,UNRANKED,,False,,,
2016-10-28,2016-10-31,2016-11-07,T,XLC,14.174820149136726,14.2522611618042,14.2522611618042,5,time_exit,LONG,LONG,0.50034299492836,0.48928171396255493,0.511404275894165,0.48928171396255493,0.38108253479003906,50.034299492836,0.5073915719985962,2,False,True,True,52.5,True,0.3350355923175812,UNRANKED,,False,,,
2016-10-31,2016-11-01,2016-11-02,T,XLC,14.314210726606559,14.321955680847168,14.097942868373789,1,stop_loss,LONG,LONG,0.5082745552062988,0.48928171396255493,0.5272673964500427,0.48928171396255493,0.36482271552085876,50.82745552062988,0.5073915719985962,1,True,True,False,52.5,True,0.2799835801124573,UNRANKED,,False,,,
2016-11-01,2016-11-02,2016-11-09,T,XLC,14.170951855175364,14.496185302734375,14.387219440929758,5,stop_loss,SHORT,SHORT,0.4950384795665741,0.48928171396255493,0.5007952451705933,0.48928171396255493,0.41852977871894836,50.49615204334259,0.5073915719985962,2,False,True,True,52.5,True,0.397519052028656,UNRANKED,,False,,,
2016-11-02,2016-11-03,2016-11-09,T,XLC,14.155465784522951,14.159337043762207,14.38003033683008,4,take_profit,LONG,LONG,0.505256175994873,0.49643731117248535,0.5140750408172607,0.49643731117248535,0.42071282863616943,50.525617599487305,0.5073915719985962,2,False,True,True,52.5,True,0.3031822741031647,UNRANKED,,False,,,
2016-11-03,2016-11-04,2016-11-09,T,XLC,14.240647554555363,14.136109352111816,14.471296004044412,3,take_profit,LONG,LONG,0.5004705190658569,0.49643731117248535,0.5045037269592285,0.49643731117248535,0.48492830991744995,50.04705190658569,0.5073915719985962,2,False,True,True,52.5,True,0.3412024676799775,UNRANKED,,False,,,
2016-11-04,2016-11-07,2016-11-09,T,XLC,14.24451723555113,13.988974571228027,14.479589235237235,2,take_profit,LONG,LONG,0.5053483843803406,0.48928171396255493,0.5214150547981262,0.48928171396255493,0.4289749264717102,50.53483843803406,0.5073915719985962,2,False,True,True,52.5,True,0.3565382063388825,UNRANKED,,False,,,
2016-11-07,2016-11-08,2016-11-14,T,XLC,14.25226229456729,14.236778259277344,14.005021819321405,4,stop_loss,LONG,LONG,0.5124357491731644,0.49035999178886414,0.5345115065574646,0.49035999178886414,0.5082763433456421,51.24357491731644,0.5073915719985962,1,True,True,False,52.5,True,0.7961010336875916,UNRANKED,,False,,,
2016-11-08,2016-11-09,2016-11-14,T,XLC,14.314207958419294,14.383903503417969,14.058116159364467,3,take_profit,SHORT,SHORT,0.48408910632133484,0.4851536750793457,0.483024537563324,0.4851536750793457,0.5574506521224976,51.591089367866516,0.5073915719985962,1,True,False,True,52.5,True,0.11084353923797607,UNRANKED,,False,,,
2016-11-09,2016-11-10,2016-11-11,T,XLC,14.507802971264555,14.48457145690918,14.267197889433849,1,stop_loss,LONG,LONG,0.5129697322845459,0.5589451193809509,0.46699434518814087,0.5589451193809509,0.4077283442020416,51.29697322845459,0.5073915719985962,1,True,True,False,52.5,True,0.5130605399608612,UNRANKED,,False,,,
2016-11-10,2016-11-11,2016-11-16,T,XLC,14.136109352111816,14.542645454406738,14.360673768179756,3,stop_loss,SHORT,SHORT,0.49353431165218353,0.5114962458610535,0.4755723774433136,0.5114962458610535,0.40999093651771545,50.64656883478165,0.5073915719985962,2,False,True,True,52.5,True,0.37542045116424555,UNRANKED,,False,,,
2016-11-11,2016-11-14,2016-11-16,T,XLC,14.174821931708433,14.612344741821289,14.367856921201666,2,stop_loss,SHORT,SHORT,0.4837133139371872,0.47113606333732605,0.49629056453704834,0.47113606333732605,0.3983270227909088,51.62866860628128,0.5073915719985962,1,True,False,True,52.5,True,0.42649713158607483,UNRANKED,,False,,,
2016-11-14,2016-11-15,2016-11-16,T,XLC,14.00059624858848,14.92596435546875,14.20580134851175,1,stop_loss,SHORT,SHORT,0.49639904499053955,0.4736931324005127,0.5191049575805664,0.4736931324005127,0.28019312024116516,50.360095500946045,0.5073915719985962,2,False,True,True,52.5,True,0.1428728997707366,UNRANKED,,False,,,
2016-11-15,2016-11-16,2016-11-18,T,XLC,14.294851287869104,14.995657920837402,14.52052237486164,2,stop_loss,SHORT,SHORT,0.48682916164398193,0.45455336570739746,0.5191049575805664,0.45455336570739746,0.35274219512939453,51.31708383560181,0.5073915719985962,1,True,False,True,52.5,True,0.17751485109329235,UNRANKED,,False,,,
2016-11-16,2016-11-17,2016-11-22,T,XLC,14.441980842191477,15.181502342224121,14.683691641272462,3,stop_loss,SHORT,SHORT,0.48978379368782043,0.4806065261363983,0.49896106123924255,0.4806065261363983,0.27270668745040894,51.02162063121796,0.5073915719985962,1,True,False,True,52.5,True,0.3711330294609069,UNRANKED,,False,,,
2016-11-17,2016-11-18,2016-11-22,T,XLC,14.500054849913795,15.309274673461914,14.755594199061047,2,stop_loss,SHORT,SHORT,0.48488087952136993,0.4708006978034973,0.49896106123924255,0.4708006978034973,0.3555811047554016,51.51191204786301,0.5073915719985962,1,True,False,True,52.5,True,0.31892794370651245,UNRANKED,,False,,,
2016-11-18,2016-11-21,2016-11-22,T,XLC,14.585241974430874,15.28604507446289,14.833591300428363,1,stop_loss,SHORT,SHORT,0.4872586876153946,0.4792647957801819,0.4952525794506073,0.4792647957801819,0.41467204689979553,51.27413123846054,0.5073915719985962,1,True,False,True,52.5,True,0.2174719274044036,UNRANKED,,False,,,
2016-11-21,2016-11-22,2016-11-23,T,XLC,14.70914123363478,14.956933975219727,14.95472640274576,1,stop_loss,SHORT,SHORT,0.4831918627023697,0.48270535469055176,0.4836783707141876,0.48270535469055176,0.46736565232276917,51.68081372976303,0.5073915719985962,1,True,False,True,52.5,True,0.1822427511215211,UNRANKED,,False,,,
2016-11-22,2016-11-23,2016-11-25,T,XLC,14.87563095635983,15.053731918334961,15.155509572692837,1,stop_loss,SHORT,SHORT,0.4787711054086685,0.4738638401031494,0.4836783707141876,0.4738638401031494,0.4873298704624176,52.12288945913315,0.5073915719985962,1,True,False,True,52.5,True,0.282423585653305,UNRANKED,,False,,,
2016-11-23,2016-11-25,2016-11-28,T,XLC,15.011140871618133,14.949193000793457,15.286594439123016,1,stop_loss,SHORT,SHORT,0.49299296736717224,0.4907333552837372,0.4952525794506073,0.4907333552837372,0.426714688539505,50.700703263282776,0.5073915719985962,2,False,True,True,52.5,True,0.3484190404415132,UNRANKED,,False,,,
2016-11-25,2016-11-28,2016-12-05,T,XLC,15.16988889116504,14.956933975219727,14.956933975219727,5,time_exit,SHORT,SHORT,0.4882979840040207,0.4813433885574341,0.4952525794506073,0.4813433885574341,0.5582922697067261,51.17020159959793,0.5073915719985962,1,True,False,True,52.5,True,0.35683572292327875,UNRANKED,,False,,,
2016-11-28,2016-11-29,2016-11-30,T,XLC,15.3247637306104,15.235713958740234,15.028844448514628,1,take_profit,SHORT,SHORT,0.4882979840040207,0.4813433885574341,0.4952525794506073,0.4813433885574341,0.642594039440155,51.17020159959793,0.5073915719985962,1,True,False,True,52.5,True,0.4130725264549256,UNRANKED,,False,,,
2016-11-29,2016-11-30,2016-12-07,T,XLC,15.181500947666612,15.661613464355469,15.47078238404182,5,stop_loss,SHORT,SHORT,0.4843636155128479,0.4813433885574341,0.4873838424682617,0.4813433885574341,0.6558411121368408,51.56363844871521,0.5073915719985962,1,True,False,True,52.5,True,0.267497718334198,UNRANKED,,False,,,
2016-11-30,2016-12-01,2016-12-07,T,XLC,14.956935780977334,15.64612865447998,15.268343142689108,4,stop_loss,SHORT,SHORT,0.48978379368782043,0.4806065261363983,0.49896106123924255,0.4806065261363983,0.591547429561615,51.02162063121796,0.5073915719985962,1,True,False,True,52.5,True,0.31547009944915777,UNRANKED,,False,,,
2016-12-01,2016-12-02,2016-12-07,T,XLC,15.038245219321611,15.634509086608887,15.31535967876811,3,take_profit,LONG,LONG,0.5001318007707596,0.5013025403022766,0.49896106123924255,0.5013025403022766,0.532142162322998,50.01318007707596,0.5073915719985962,2,False,True,True,52.5,True,0.3370080292224884,UNRANKED,,False,,,
2016-12-02,2016-12-05,2016-12-07,T,XLC,14.98403673396479,15.921027183532715,15.272767082824306,2,stop_loss,SHORT,SHORT,0.48978379368782043,0.4806065261363983,0.49896106123924255,0.4806065261363983,0.6143012642860413,51.02162063121796,0.5073915719985962,1,True,False,True,52.5,True,0.28940632939338684,UNRANKED,,False,,,
2016-12-05,2016-12-06,2016-12-07,T,XLC,15.015017876499648,16.013948440551758,15.28383482443666,1,stop_loss,SHORT,SHORT,0.49803122878074646,0.5026623606681824,0.49340009689331055,0.5026623606681824,0.4507918953895569,50.196877121925354,0.5073915719985962,2,False,True,True,52.5,True,0.24776938557624822,UNRANKED,,False,,,
2016-12-06,2016-12-07,2016-12-08,T,XLC,15.289916719717747,15.913284301757812,15.563158852722072,1,take_profit,LONG,LONG,0.5000526458024979,0.5048527121543884,0.4952525794506073,0.5048527121543884,0.3959874212741852,50.005264580249786,0.5073915719985962,2,False,True,True,52.5,True,0.4744181036949157,UNRANKED,,False,,,
2016-12-07,2016-12-08,2016-12-12,T,XLC,15.584179188861798,16.068157196044922,15.897246216362495,2,stop_loss,SHORT,SHORT,0.48317737877368927,0.467393696308136,0.49896106123924255,0.467393696308136,0.5279078483581543,51.68226212263107,0.5073915719985962,1,True,False,True,52.5,True,0.28213816881179815,UNRANKED,,False,,,
2016-12-08,2016-12-09,2016-12-12,T,XLC,15.59579043525993,16.13397789001465,15.896688442244097,1,stop_loss,SHORT,SHORT,0.498680055141449,0.4983990490436554,0.49896106123924255,0.4983990490436554,0.5090562105178833,50.1319944858551,0.5073915719985962,2,False,True,True,52.5,True,0.3937663137912751,UNRANKED,,False,,,
2016-12-09,2016-12-12,2016-12-13,T,XLC,15.704204082501048,16.308204650878906,15.99846574239572,1,stop_loss,SHORT,SHORT,0.4936668872833252,0.48837271332740784,0.49896106123924255,0.48837271332740784,0.5288246273994446,50.63331127166748,0.5073915719985962,2,False,True,True,52.5,True,0.31809243559837336,UNRANKED,,False,,,
2016-12-12,2016-12-13,2016-12-19,T,XLC,15.979101754895897,16.44371795654297,16.30433753043475,4,stop_loss,SHORT,SHORT,0.49289122223854065,0.48682138323783875,0.49896106123924255,0.48682138323783875,0.540952742099762,50.710877776145935,0.5073915719985962,2,False,True,True,52.5,True,0.2701437771320343,UNRANKED,,False,,,
2016-12-13,2016-12-14,2016-12-19,T,XLC,15.990721617523533,16.401134490966797,16.284429056401184,3,stop_loss,SHORT,SHORT,0.4852498769760132,0.48682138323783875,0.4836783707141876,0.48682138323783875,0.5600801706314087,51.47501230239868,0.5073915719985962,1,True,False,True,52.5,True,0.17157578468322754,UNRANKED,,False,,,
2016-12-14,2016-12-15,2016-12-19,T,XLC,15.83584625163315,16.54051971435547,16.133978058142986,2,take_profit,LONG,LONG,0.5052300691604614,0.5042843222618103,0.5061758160591125,0.5042843222618103,0.5519732236862183,50.52300691604614,0.5073915719985962,2,False,True,True,52.5,True,0.3017255961894989,UNRANKED,,False,,,
2016-12-15,2016-12-16,2016-12-20,T,XLC,16.126233964069108,16.54439353942871,16.41994126670757,2,stop_loss,SHORT,SHORT,0.4930560737848282,0.5042843222618103,0.48182782530784607,0.5042843222618103,0.653346598148346,50.69439262151718,0.5073915719985962,2,False,True,True,52.5,True,0.2661525905132294,UNRANKED,,False,,,
2016-12-16,2016-12-19,2016-12-20,T,XLC,16.13397224467936,16.51342010498047,16.418829313422385,1,stop_loss,SHORT,SHORT,0.4800889641046524,0.4918036460876465,0.4683742821216583,0.4918036460876465,0.6907134056091309,51.99110358953476,0.5073915719985962,1,True,False,True,52.5,True,0.30070945620536804,UNRANKED,,False,,,
2016-12-19,2016-12-20,2016-12-28,T,XLC,16.327563022340946,16.463083267211914,16.463083267211914,5,time_exit,SHORT,SHORT,0.49080003798007965,0.4913484752178192,0.4902516007423401,0.4913484752178192,0.6928580403327942,50.919996201992035,0.5073915719985962,1,True,False,True,52.5,True,0.25400015711784363,UNRANKED,,False,,,
2016-12-20,2016-12-21,2016-12-29,T,XLC,16.424366268740737,16.51729393005371,16.51729393005371,5,time_exit,SHORT,SHORT,0.4885779023170471,0.490610808134079,0.48654499650001526,0.490610808134079,0.5056929588317871,51.14220976829529,0.5073915719985962,1,True,False,True,52.5,True,0.17253014445304882,UNRANKED,,False,,,
2016-12-21,2016-12-22,2016-12-30,T,XLC,16.35467039822168,16.466955184936523,16.466955184936523,5,time_exit,SHORT,SHORT,0.48967280983924866,0.49280062317848206,0.48654499650001526,0.49280062317848206,0.5064916014671326,51.032719016075134,0.5073915719985962,1,True,False,True,52.5,True,-0.12632995843887335,UNRANKED,,False,,,
2016-12-22,2016-12-23,2017-01-03,T,XLC,16.56762336212905,16.656673431396484,16.656673431396484,5,time_exit,SHORT,SHORT,0.4931953400373459,0.509112536907196,0.4772781431674957,0.509112536907196,0.5971676111221313,50.68046599626541,0.5073915719985962,2,False,True,True,52.5,True,0.0675507187843323,UNRANKED,,False,,,
2016-12-23,2016-12-27,2017-01-04,T,XLC,16.54439581355457,16.559879302978516,16.559879302978516,5,time_exit,SHORT,SHORT,0.4909098595380783,0.5045415759086609,0.4772781431674957,0.5045415759086609,0.6266059279441833,50.90901404619217,0.5073915719985962,1,True,False,True,52.5,True,-0.20693039894104007,UNRANKED,,False,,,
2016-12-27,2016-12-28,2017-01-05,T,XLC,16.513416828119666,16.51342010498047,16.51342010498047,5,time_exit,SHORT,SHORT,0.4909098595380783,0.5045415759086609,0.4772781431674957,0.5045415759086609,0.6503481268882751,50.90901404619217,0.5073915719985962,1,True,False,True,52.5,True,-0.11721456050872806,UNRANKED,,False,,,
2016-12-28,2016-12-29,2017-01-03,T,XLC,16.466960353485355,16.24558448791504,16.653359540845845,2,stop_loss,SHORT,SHORT,0.4993107318878174,0.5091807842254639,0.4894406795501709,0.5091807842254639,0.40254849195480347,50.06892681121826,0.5073915719985962,2,False,True,True,52.5,True,0.21423828601837155,UNRANKED,,False,,,
2016-12-29,2016-12-30,2017-01-06,T,XLC,16.556008373634736,16.041133880615234,16.364076921564774,4,take_profit,SHORT,SHORT,0.48876580595970154,0.4880909323692322,0.4894406795501709,0.4880909323692322,0.6041653752326965,51.123419404029846,0.5073915719985962,1,True,False,True,52.5,True,0.20806902647018433,UNRANKED,,False,,,
2016-12-30,2017-01-03,2017-01-06,T,XLC,16.528902586137722,16.045066833496094,16.331439823032603,3,stop_loss,LONG,LONG,0.5018516182899475,0.4992513060569763,0.5044519305229187,0.4992513060569763,0.5449734926223755,50.18516182899475,0.5073915719985962,2,False,True,True,52.5,True,0.28961110115051275,UNRANKED,,False,,,
2017-01-03,2017-01-04,2017-01-06,T,XLC,16.62570071858485,15.966431617736816,16.442066505545995,2,take_profit,SHORT,SHORT,0.4948248714208603,0.48802265524864197,0.5016270875930786,0.48802265524864197,0.6864571571350098,50.51751285791397,0.5073915719985962,2,False,True,True,52.5,True,0.15919020771980294,UNRANKED,,False,,,
2017-01-04,2017-01-05,2017-01-06,T,XLC,16.59085742087856,16.123701095581055,16.406669940497004,1,take_profit,SHORT,SHORT,0.4883076995611191,0.48402637243270874,0.4925890266895294,0.48402637243270874,0.6721122860908508,51.16923004388809,0.5073915719985962,1,True,False,True,52.5,True,0.054537415504455566,UNRANKED,,False,,,
2017-01-05,2017-01-06,2017-01-09,T,XLC,16.505073465425216,16.10403823852539,16.3286295480145,1,take_profit,SHORT,SHORT,0.4915999174118042,0.490610808134079,0.4925890266895294,0.490610808134079,0.5545148253440857,50.84000825881958,0.5073915719985962,1,True,False,True,52.5,True,0.11735421419143688,UNRANKED,,False,,,
2017-01-06,2017-01-09,2017-01-11,T,XLC,16.23378467459874,16.16301155090332,16.04120322536255,2,take_profit,SHORT,SHORT,0.48508360981941223,0.48604151606559753,0.48412570357322693,0.48604151606559753,0.598265528678894,51.49163901805878,0.5073915719985962,1,True,False,True,52.5,True,0.028463035821914718,UNRANKED,,False,,,
2017-01-09,2017-01-10,2017-01-18,T,XLC,15.986092258399283,16.041133880615234,16.041133880615234,5,time_exit,SHORT,SHORT,0.4824593812227249,0.47603705525398254,0.4888817071914673,0.47603705525398254,0.3789161741733551,51.75406187772751,0.5073915719985962,1,True,False,True,52.5,True,0.05276361107826228,UNRANKED,,False,,,
2017-01-10,2017-01-11,2017-01-12,T,XLC,15.876003879851444,16.119768142700195,16.06406191556573,1,take_profit,LONG,LONG,0.5044409930706024,0.5200002789497375,0.4888817071914673,0.5200002789497375,0.3390003740787506,50.44409930706024,0.5073915719985962,2,False,True,True,52.5,True,0.2028723061084747,UNRANKED,,False,,,
2017-01-11,2017-01-12,2017-01-17,T,XLC,15.95070912141938,16.29668617248535,16.130641715718696,2,stop_loss,SHORT,SHORT,0.48493899405002594,0.4809962809085846,0.4888817071914673,0.4809962809085846,0.5134437084197998,51.506100594997406,0.5073915719985962,1,True,False,True,52.5,True,0.1173811554908752,UNRANKED,,False,,,
2017-01-12,2017-01-13,2017-01-20,T,XLC,16.088311158730694,16.51293182373047,16.284627469068305,4,stop_loss,SHORT,SHORT,0.4874616116285324,0.48604151606559753,0.4888817071914673,0.48604151606559753,0.5645357370376587,51.25383883714676,0.5073915719985962,1,True,False,True,52.5,True,0.18437510728836065,UNRANKED,,False,,,
2017-01-13,2017-01-17,2017-01-23,T,XLC,16.119763077686784,16.261302947998047,16.298976192833965,4,stop_loss,SHORT,SHORT,0.48323164880275726,0.48604151606559753,0.480421781539917,0.48604151606559753,0.5662630796432495,51.676835119724274,0.5073915719985962,1,True,False,True,52.5,True,0.09906765818595885,UNRANKED,,False,,,
2017-01-17,2017-01-18,2017-01-23,T,XLC,16.178740881409652,16.273099899291992,16.365825351886077,3,stop_loss,SHORT,SHORT,0.4934861361980438,0.49809056520462036,0.4888817071914673,0.49809056520462036,0.4679890275001526,50.65138638019562,0.5073915719985962,2,False,True,True,52.5,True,0.09437710046768187,UNRANKED,,False,,,
2017-01-18,2017-01-19,2017-01-20,T,XLC,16.076520648765932,16.422508239746094,16.276591438648047,1,stop_loss,SHORT,SHORT,0.4915420711040497,0.5026623606681824,0.480421781539917,0.5026623606681824,0.42859992384910583,50.84579288959503,0.5073915719985962,1,True,False,True,52.5,True,0.06445789337158202,UNRANKED,,False,,,
2017-01-19,2017-01-20,2017-01-23,T,XLC,16.249505934183773,16.516857147216797,16.453619213253948,1,stop_loss,SHORT,SHORT,0.49577203392982483,0.5026623606681824,0.4888817071914673,0.5026623606681824,0.3391934037208557,50.42279660701752,0.5073915719985962,2,False,True,True,52.5,True,-0.059104084968567006,UNRANKED,,False,,,
2017-01-20,2017-01-23,2017-01-30,T,XLC,16.300623165513652,16.44216537475586,16.44216537475586,5,time_exit,SHORT,SHORT,0.48974625766277313,0.490610808134079,0.4888817071914673,0.490610808134079,0.45366770029067993,51.02537423372269,0.5073915719985962,1,True,False,True,52.5,True,0.08236694335937503,UNRANKED,,False,,,
2017-01-23,2017-01-24,2017-01-31,T,XLC,16.277030026705553,16.575841903686523,16.52237391621448,5,stop_loss,SHORT,SHORT,0.4913982152938843,0.49391472339630127,0.4888817071914673,0.49391472339630127,0.35949933528900146,50.86017847061157,0.5073915719985962,1,True,False,True,52.5,True,0.009433031082153312,UNRANKED,,False,,,
2017-01-24,2017-01-25,2017-01-27,T,XLC,16.24950927884999,16.536518096923828,16.50369754396927,2,stop_loss,SHORT,SHORT,0.4828845113515854,0.4853472411632538,0.480421781539917,0.4853472411632538,0.4139910638332367,51.71154886484146,0.5073915719985962,1,True,False,True,52.5,True,-0.045400887727737455,UNRANKED,,False,,,
2017-01-25,2017-01-26,2017-01-27,T,XLC,16.186608898634884,16.190536499023438,16.428654709879304,1,stop_loss,SHORT,SHORT,0.48869770765304565,0.4932697117328644,0.48412570357322693,0.4932697117328644,0.47372689843177795,51.130229234695435,0.5073915719985962,1,True,False,True,52.5,True,0.11586260795593264,UNRANKED,,False,,,
2017-01-26,2017-01-27,2017-02-02,T,XLC,16.505062833118703,16.218055725097656,16.248310001523418,4,take_profit,SHORT,SHORT,0.49574533104896545,0.49809056520462036,0.49340009689331055,0.49809056520462036,0.4815698564052582,50.425466895103455,0.5073915719985962,2,False,True,True,52.5,True,0.22378340363502502,UNRANKED,,False,,,
2017-01-27,2017-01-30,2017-02-02,T,XLC,16.48934464231233,16.143356323242188,16.257375626373435,3,stop_loss,LONG,LONG,0.5078069269657135,0.5222137570381165,0.49340009689331055,0.5222137570381165,0.4071741998195648,50.78069269657135,0.5073915719985962,1,True,True,False,52.5,True,0.2479772567749024,UNRANKED,,False,,,
2017-01-30,2017-01-31,2017-02-06,T,XLC,16.387123826066215,16.16694450378418,16.173691786532874,4,take_profit,SHORT,SHORT,0.4962068945169449,0.5027306079864502,0.4896831810474396,0.5027306079864502,0.5460973978042603,50.37931054830551,0.5073915719985962,2,False,True,True,52.5,True,0.19639897346496582,UNRANKED,,False,,,
2017-01-31,2017-02-01,2017-02-02,T,XLC,16.62301404709316,16.202327728271484,16.391047210981274,1,take_profit,SHORT,SHORT,0.4873001277446747,0.49047455191612244,0.48412570357322693,0.49047455191612244,0.561786949634552,51.26998722553253,0.5073915719985962,1,True,False,True,52.5,True,0.20137208700180056,UNRANKED,,False,,,
2017-02-01,2017-02-02,2017-02-03,T,XLC,16.52079529292098,16.241649627685547,16.294444372380035,1,take_profit,SHORT,SHORT,0.4858275502920151,0.47906607389450073,0.4925890266895294,0.47906607389450073,0.5294082760810852,51.41724497079849,0.5073915719985962,1,True,False,True,52.5,True,0.1783824265003205,UNRANKED,,False,,,
2017-02-02,2017-02-03,2017-02-10,T,XLC,16.308484448897083,16.2691650390625,16.2691650390625,5,time_exit,SHORT,SHORT,0.48777252435684204,0.4866633415222168,0.4888817071914673,0.4866633415222168,0.3758634328842163,51.222747564315796,0.5073915719985962,1,True,False,True,52.5,True,0.23628926277160642,UNRANKED,,False,,,
2017-02-03,2017-02-06,2017-02-13,T,XLC,16.225920520598958,15.982157707214355,15.982157707214355,5,time_exit,SHORT,SHORT,0.4834478944540024,0.4780140817165375,0.4888817071914673,0.4780140817165375,0.3882918655872345,51.65521055459976,0.5073915719985962,1,True,False,True,52.5,True,0.22115281224250796,UNRANKED,,False,,,
2017-02-06,2017-02-07,2017-02-14,T,XLC,16.151217424055805,16.021474838256836,16.021474838256836,5,time_exit,SHORT,SHORT,0.4874393492937088,0.4944569170475006,0.480421781539917,0.4944569170475006,0.4442814588546753,51.25606507062912,0.5073915719985962,1,True,False,True,52.5,True,0.13555699586868286,UNRANKED,,False,,,
2017-02-07,2017-02-08,2017-02-15,T,XLC,16.186600650204923,16.16694450378418,16.16694450378418,5,time_exit,SHORT,SHORT,0.46931107342243195,0.49132591485977173,0.44729623198509216,0.4801439435037162,0.45891517400741577,53.068892657756805,0.5225616097450256,1,True,False,True,56.0,False,-0.009531930088996872,UNRANKED,,False,,,
2017-02-08,2017-02-09,2017-02-16,T,XLC,16.202332912809393,16.218055725097656,16.218055725097656,5,time_exit,SHORT,SHORT,0.46932782232761383,0.4970381259918213,0.44161751866340637,0.48315190868266933,0.5772705674171448,53.06721776723862,0.5225616097450256,1,True,False,True,56.0,False,0.008449286222457887,UNRANKED,,False,,,
2017-02-09,2017-02-10,2017-02-13,T,XLC,16.218053030684246,16.308488845825195,16.0012509785951,1,take_profit,SHORT,SHORT,0.4939568191766739,0.5061424374580383,0.48177120089530945,0.48794853891316997,0.6336131691932678,50.60431808233261,0.5225616097450256,2,False,True,True,56.0,False,0.032315835356712314,UNRANKED,,False,,,
2017-02-10,2017-02-13,2017-02-17,T,XLC,16.048995812128428,16.40677833557129,16.238836401379267,4,stop_loss,SHORT,SHORT,0.4813411831855774,0.49000367522239685,0.47267869114875793,0.4794478689753758,0.6187845468521118,51.86588168144226,0.5225616097450256,2,False,True,True,56.0,False,0.08215077221393587,UNRANKED,,False,,,
2017-02-13,2017-02-14,2017-02-15,T,XLC,15.911388252879046,16.35173225402832,16.106282907289273,1,stop_loss,SHORT,SHORT,0.4854128360748291,0.4980103671550751,0.47281530499458313,0.4836640040066902,0.5751699805259705,51.45871639251709,0.5225616097450256,2,False,True,True,56.0,False,0.1469645798206329,UNRANKED,,False,,,
2017-02-14,2017-02-15,2017-02-16,T,XLC,15.986089044135051,16.49327278137207,16.184915152795067,1,stop_loss,SHORT,SHORT,0.4762290269136429,0.47964274883270264,0.47281530499458313,0.4739964788796702,0.5797228217124939,52.37709730863571,0.5225616097450256,1,True,False,True,56.0,False,0.007194340229034436,UNRANKED,,False,,,
2017-02-15,2017-02-16,2017-02-21,T,XLC,16.16694470109903,16.654468536376953,16.36520814191237,2,stop_loss,SHORT,SHORT,0.4769563674926758,0.4830845594406128,0.47082817554473877,0.4758067605521682,0.5655898451805115,52.30436325073242,0.5225616097450256,1,True,False,True,56.0,False,0.14488396048545843,UNRANKED,,False,,,
2017-02-16,2017-02-17,2017-02-21,T,XLC,16.18660692219578,16.44216537475586,16.37869355070094,1,stop_loss,SHORT,SHORT,0.4745530039072037,0.5016093850135803,0.447496622800827,0.48555995575720673,0.47774848341941833,52.54469960927963,0.5225616097450256,1,True,False,True,56.0,False,0.0684264302253722,UNRANKED,,False,,,
2017-02-17,2017-02-21,2017-02-23,T,XLC,16.265238565207092,16.430362701416016,16.45957395775034,2,stop_loss,SHORT,SHORT,0.47466446459293365,0.5018323063850403,0.447496622800827,0.4856774042948537,0.4968234598636627,52.533553540706635,0.5225616097450256,1,True,False,True,56.0,False,0.06474842131137856,UNRANKED,,False,,,
2017-02-21,2017-02-22,2017-02-24,T,XLC,16.387117189524115,16.528656005859375,16.57639729075528,2,stop_loss,SHORT,SHORT,0.47005338966846466,0.4860731065273285,0.45403367280960083,0.4773791577467429,0.593709409236908,52.994661033153534,0.5225616097450256,1,True,False,True,56.0,False,0.17301468551158905,UNRANKED,,False,,,
2017-02-22,2017-02-23,2017-02-24,T,XLC,16.391049733682003,16.540454864501953,16.582575874167492,1,stop_loss,SHORT,SHORT,0.46874915063381195,0.48817023634910583,0.44932806491851807,0.47848281337064064,0.5547478199005127,53.125084936618805,0.5225616097450256,1,True,False,True,56.0,False,0.16928043961524958,UNRANKED,,False,,,
2017-02-23,2017-02-24,2017-03-03,T,XLC,16.556177269910105,16.516857147216797,16.516857147216797,5,time_exit,SHORT,SHORT,0.4796275794506073,0.49693673849105835,0.46231842041015625,0.4830985082464881,0.47953519225120544,52.03724205493927,0.5225616097450256,2,False,True,True,56.0,False,0.089891716837883,UNRANKED,,False,,,
2017-02-24,2017-02-27,2017-02-28,T,XLC,16.63088443072472,16.497207641601562,16.44946751047151,1,take_profit,SHORT,SHORT,0.4828021079301834,0.5137381553649902,0.4518660604953766,0.49195209912121,0.5782029032707214,51.71978920698166,0.5225616097450256,2,False,True,True,56.0,False,0.08172807097434998,UNRANKED,,False,,,
2017-02-27,2017-02-28,2017-03-07,T,XLC,16.406773078204804,16.46575164794922,16.46575164794922,5,time_exit,SHORT,SHORT,0.47777776420116425,0.5137381553649902,0.44181737303733826,0.49195209912121,0.5353948473930359,52.222223579883575,0.5225616097450256,2,False,True,True,56.0,False,-0.03969141840934756,UNRANKED,,False,,,
2017-02-28,2017-03-01,2017-03-08,T,XLC,16.4264329687748,16.422508239746094,16.422508239746094,5,time_exit,SHORT,SHORT,0.4728306829929352,0.49693673849105835,0.448724627494812,0.4830985082464881,0.4001459777355194,52.71693170070648,0.5225616097450256,1,True,False,True,56.0,False,-0.08655993640422824,UNRANKED,,False,,,
2017-03-01,2017-03-02,2017-03-09,T,XLC,16.473617737574774,16.489341735839844,16.489341735839844,5,time_exit,SHORT,SHORT,0.4612355977296829,0.5041907429695129,0.4182804524898529,0.48692006650223035,0.47882187366485596,53.87644022703171,0.5225616097450256,1,True,False,True,56.0,False,-0.1941688507795334,UNRANKED,,False,,,
2017-03-02,2017-03-03,2017-03-10,T,XLC,16.532584223175533,16.65053939819336,16.65053939819336,5,time_exit,SHORT,SHORT,0.47621749341487885,0.4934903681278229,0.4589446187019348,0.4812835547557182,0.5236077904701233,52.378250658512115,0.5225616097450256,1,True,False,True,56.0,False,-0.19237758219242096,UNRANKED,,False,,,
2017-03-03,2017-03-06,2017-03-10,T,XLC,16.446096604618884,16.658401489257812,16.649983181680128,4,stop_loss,SHORT,SHORT,0.4795816242694855,0.49693673849105835,0.4622265100479126,0.4830985082464881,0.48002469539642334,52.04183757305145,0.5225616097450256,2,False,True,True,56.0,False,-0.1292283236980438,UNRANKED,,False,,,
2017-03-06,2017-03-07,2017-03-10,T,XLC,16.47361518856088,16.54831886291504,16.639307790445997,3,stop_loss,SHORT,SHORT,0.488939568400383,0.49693673849105835,0.48094239830970764,0.4830985082464881,0.491643488407135,51.1060431599617,0.5225616097450256,2,False,True,True,56.0,False,0.13600353896617884,UNRANKED,,False,,,
2017-03-07,2017-03-08,2017-03-10,T,XLC,16.46575673359677,16.744903564453125,16.63032631585472,2,stop_loss,SHORT,SHORT,0.47488202154636383,0.4899722933769226,0.45979174971580505,0.47943134940126053,0.49815699458122253,52.51179784536362,0.5225616097450256,1,True,False,True,56.0,False,0.03320825099945063,UNRANKED,,False,,,
2017-03-08,2017-03-09,2017-03-10,T,XLC,16.457888565389084,16.685922622680664,16.607854396600718,1,stop_loss,SHORT,SHORT,0.4878370612859726,0.49568405747413635,0.47999006509780884,0.4824387578364586,0.6156330704689026,51.21629387140274,0.5225616097450256,2,False,True,True,56.0,False,0.08442272245883947,UNRANKED,,False,,,
2017-03-09,2017-03-10,2017-03-15,T,XLC,16.52472671609047,16.75275993347168,16.676938586556428,3,stop_loss,SHORT,SHORT,0.4831380993127823,0.4899722933769226,0.47630390524864197,0.47943134940126053,0.585537314414978,51.68619006872177,0.5225616097450256,2,False,True,True,56.0,False,0.1259603947401047,UNRANKED,,False,,,
2017-03-10,2017-03-13,2017-03-20,T,XLC,16.59942692376357,16.678058624267578,16.678058624267578,5,time_exit,SHORT,SHORT,0.44404464960098267,0.4818516969680786,0.4062376022338867,0.47515823897780635,0.6393477320671082,55.59553503990173,0.5225616097450256,1,True,False,True,56.0,False,-0.18883943557739258,UNRANKED,,False,,,
2017-03-13,2017-03-14,2017-03-21,T,XLC,16.662337243958575,16.54438591003418,16.54438591003418,5,time_exit,SHORT,SHORT,0.45020127296447754,0.4971996247768402,0.40320292115211487,0.4832369703126836,0.6358638405799866,54.979872703552246,0.5225616097450256,1,True,False,True,56.0,False,-0.29153604805469524,UNRANKED,,False,,,
2017-03-14,2017-03-15,2017-03-17,T,XLC,16.56797882101108,16.375324249267578,16.72524407544049,2,stop_loss,SHORT,SHORT,0.44885285198688507,0.4971996247768402,0.40050607919692993,0.4832369703126836,0.5388357043266296,55.11471480131149,0.5225616097450256,1,True,False,True,56.0,False,-0.12767359614372248,UNRANKED,,False,,,
2017-03-15,2017-03-16,2017-03-21,T,XLC,16.748828953517855,16.375324249267578,16.583700245632112,3,take_profit,SHORT,SHORT,0.45624130964279175,0.4884914755821228,0.4239911437034607,0.478651890630279,0.6061118245124817,54.375869035720825,0.5225616097450256,1,True,False,True,56.0,False,-0.005363523960113473,UNRANKED,,False,,,
2017-03-16,2017-03-17,2017-03-21,T,XLC,16.744898379080354,16.387117385864258,16.594371787370672,2,take_profit,SHORT,SHORT,0.4280149042606354,0.5041652321815491,0.3518645763397217,0.48690662395390216,0.6087444424629211,57.19850957393646,0.5225616097450256,1,True,False,True,56.0,False,-0.269982799887657,UNRANKED,,False,,,
2017-03-17,2017-03-20,2017-03-21,T,XLC,16.752758276665997,16.312419891357422,16.62301252078918,1,take_profit,SHORT,SHORT,0.44581925868988037,0.5041652321815491,0.38747328519821167,0.48690662395390216,0.5956745147705078,55.41807413101196,0.5225616097450256,1,True,False,True,56.0,False,-0.2395436763763429,UNRANKED,,False,,,
2017-03-20,2017-03-21,2017-03-22,T,XLC,16.6898584488673,16.339937210083008,16.551127173581307,1,take_profit,SHORT,SHORT,0.4566667228937149,0.48635736107826233,0.4269760847091675,0.47752873956901987,0.40921875834465027,54.33332771062851,0.5225616097450256,1,True,False,True,56.0,False,-0.09359738230705254,UNRANKED,,False,,,
2017-03-21,2017-03-22,2017-03-23,T,XLC,16.552247959472886,16.29668617248535,16.408462482788316,1,take_profit,SHORT,SHORT,0.485739603638649,0.49203383922576904,0.47944536805152893,0.4805166522255106,0.4747210144996643,51.4260396361351,0.5225616097450256,2,False,True,True,56.0,False,0.1621219217777251,UNRANKED,,False,,,
2017-03-22,2017-03-23,2017-03-30,T,XLC,16.36746070849277,16.41857147216797,16.41857147216797,5,time_exit,SHORT,SHORT,0.4864228665828705,0.4887595772743225,0.48408615589141846,0.47879300385118634,0.4471483528614044,51.35771334171295,0.5225616097450256,2,False,True,True,56.0,False,0.28369763493537914,UNRANKED,,False,,,
2017-03-23,2017-03-24,2017-03-31,T,XLC,16.418569559047175,16.336009979248047,16.336009979248047,5,time_exit,SHORT,SHORT,0.49060726165771484,0.48881128430366516,0.4924032390117645,0.4788202198301606,0.49642321467399597,50.939273834228516,0.5225616097450256,2,False,True,True,56.0,False,0.2638882696628571,UNRANKED,,False,,,
2017-03-24,2017-03-27,2017-04-03,T,XLC,16.35173660713854,16.3438720703125,16.3438720703125,5,time_exit,SHORT,SHORT,0.47262004017829895,0.48881128430366516,0.45642879605293274,0.4788202198301606,0.4486714005470276,52.737995982170105,0.5225616097450256,1,True,False,True,56.0,False,0.23085376620292672,UNRANKED,,False,,,
2017-03-27,2017-03-28,2017-04-04,T,XLC,16.280962647588787,16.391050338745117,16.391050338745117,5,time_exit,SHORT,SHORT,0.48525217175483704,0.4963223338127136,0.47418200969696045,0.48277491178809345,0.3988037109375,51.474782824516296,0.5225616097450256,2,False,True,True,56.0,False,0.03631941974163049,UNRANKED,,False,,,
2017-03-28,2017-03-29,2017-04-05,T,XLC,16.332071102993776,16.320281982421875,16.320281982421875,5,time_exit,SHORT,SHORT,0.48327991366386414,0.4911639094352722,0.47539591789245605,0.4800586538196882,0.5439310669898987,51.672008633613586,0.5225616097450256,2,False,True,True,56.0,False,0.12028981745243068,UNRANKED,,False,,,
2017-03-29,2017-03-30,2017-04-06,T,XLC,16.273100934543994,16.215944290161133,16.215944290161133,5,time_exit,LONG,LONG,0.5069727748632431,0.49000367522239685,0.5239418745040894,0.4794478689753758,0.4896466135978699,50.69727748632431,0.5225616097450256,2,False,True,True,56.0,False,0.3521823436021804,UNRANKED,,False,,,
2017-03-30,2017-03-31,2017-04-06,T,XLC,16.430369504031336,16.211944580078125,16.273665555056727,4,take_profit,SHORT,SHORT,0.49716809391975403,0.4886589050292969,0.5056772828102112,0.47874001540732225,0.5486209988594055,50.2831906080246,0.5225616097450256,2,False,True,True,56.0,False,0.22396467626094813,UNRANKED,,False,,,
2017-03-31,2017-04-03,2017-04-10,T,XLC,16.35566738219011,16.128068923950195,16.18829209009329,5,stop_loss,LONG,LONG,0.5172420591115952,0.48881128430366516,0.5456728339195251,0.4788202198301606,0.4756537079811096,51.724205911159515,0.5225616097450256,2,False,True,True,56.0,False,0.23701591789722443,UNRANKED,,False,,,
2017-04-03,2017-04-04,2017-04-10,T,XLC,16.343871079836592,16.10011100769043,16.19109872135096,4,take_profit,SHORT,SHORT,0.4782251864671707,0.49693673849105835,0.4595136344432831,0.4830985082464881,0.5182737112045288,52.17748135328293,0.5225616097450256,2,False,True,True,56.0,False,0.06559085845947261,UNRANKED,,False,,,
2017-04-04,2017-04-05,2017-04-06,T,XLC,16.406777955154805,16.199962615966797,16.275349372827097,1,take_profit,SHORT,SHORT,0.48709847033023834,0.4936615526676178,0.4805353879928589,0.48137369398611907,0.4958384037017822,51.290152966976166,0.5225616097450256,2,False,True,True,56.0,False,0.11093761026859288,UNRANKED,,False,,,
2017-04-05,2017-04-06,2017-04-07,T,XLC,16.3956770889565,16.08812713623047,16.262564590264397,1,take_profit,SHORT,SHORT,0.4876202493906021,0.4936615526676178,0.4815789461135864,0.48137369398611907,0.47382569313049316,51.23797506093979,0.5225616097450256,2,False,True,True,56.0,False,0.05675083398818969,UNRANKED,,False,,,
2017-04-06,2017-04-07,2017-04-17,T,XLC,16.215938775399955,16.09611701965332,16.09611701965332,5,time_exit,SHORT,SHORT,0.4834866374731064,0.4979690909385681,0.46900418400764465,0.4836422624432983,0.5082420110702515,51.65133625268936,0.5225616097450256,2,False,True,True,56.0,False,0.0455071032047272,UNRANKED,,False,,,
2017-04-07,2017-04-10,2017-04-18,T,XLC,16.21593920609397,16.07614517211914,16.08756973849492,5,take_profit,SHORT,SHORT,0.4865651875734329,0.48881128430366516,0.4843190908432007,0.4788202198301606,0.4962782859802246,51.34348124265671,0.5225616097450256,2,False,True,True,56.0,False,0.021984636783599833,UNRANKED,,False,,,
2017-04-10,2017-04-11,2017-04-19,T,XLC,16.128069367820107,16.07614517211914,16.07614517211914,5,time_exit,SHORT,SHORT,0.49208202958106995,0.48923972249031067,0.4949243366718292,0.47904573295971187,0.5268300771713257,50.791797041893005,0.5225616097450256,2,False,True,True,56.0,False,0.09129673242568971,UNRANKED,,False,,,
2017-04-11,2017-04-12,2017-04-20,T,XLC,16.060169808877287,16.120080947875977,16.120080947875977,5,time_exit,SHORT,SHORT,0.4966747462749481,0.5041652321815491,0.48918426036834717,0.48690662395390216,0.515091061592102,50.33252537250519,0.5225616097450256,2,False,True,True,56.0,False,0.21382564306259158,UNRANKED,,False,,,
2017-04-12,2017-04-13,2017-04-21,T,XLC,16.17999160899384,15.948339462280273,16.064629169157065,5,take_profit,SHORT,SHORT,0.4760730415582657,0.5026496648788452,0.44949641823768616,0.4861080518997668,0.47383734583854675,52.39269584417343,0.5225616097450256,1,True,False,True,56.0,False,0.011137232184410062,UNRANKED,,False,,,
2017-04-13,2017-04-17,2017-04-21,T,XLC,16.09611701965332,15.984283447265625,15.966462816510882,4,stop_loss,LONG,LONG,0.5176996737718582,0.4936615526676178,0.5417377948760986,0.48137369398611907,0.45985648036003113,51.76996737718582,0.5225616097450256,2,False,True,True,56.0,False,0.3492316156625747,UNRANKED,,False,,,
2017-04-17,2017-04-18,2017-04-25,T,XLC,16.0641625867511,15.952329635620117,15.952329635620117,5,time_exit,LONG,LONG,0.5176349878311157,0.4889823794364929,0.5462875962257385,0.4789102765960948,0.44001439213752747,51.76349878311157,0.5225616097450256,2,False,True,True,56.0,False,0.32514435052871704,UNRANKED,,False,,,
2017-04-18,2017-04-19,2017-04-21,T,XLC,16.10410352934278,16.15203285217285,15.98505690938254,2,take_profit,SHORT,SHORT,0.4817209839820862,0.4889823794364929,0.47445958852767944,0.4789102765960948,0.4310491979122162,51.82790160179138,0.5225616097450256,2,False,True,True,56.0,False,0.08827435970306398,UNRANKED,,False,,,
2017-04-19,2017-04-20,2017-04-26,T,XLC,15.972299747781335,15.940345764160156,16.085167648084767,4,stop_loss,SHORT,SHORT,0.4786929339170456,0.49225661158561707,0.4651292562484741,0.4806339421436836,0.522476077079773,52.13070660829544,0.5225616097450256,2,False,True,True,56.0,False,-0.010063096880912796,UNRANKED,,False,,,
2017-04-20,2017-04-21,2017-04-25,T,XLC,16.068162331439325,15.828516960144043,15.966430077411005,2,stop_loss,LONG,LONG,0.5024741888046265,0.4737229347229004,0.5312254428863525,0.47088447199622263,0.44858598709106445,50.24741888046265,0.5225616097450256,2,False,True,True,56.0,False,0.20077075064182287,UNRANKED,,False,,,
2017-04-21,2017-04-24,2017-04-26,T,XLC,16.01623600510059,15.616827964782715,16.130708258082596,2,stop_loss,SHORT,SHORT,0.48571479320526123,0.5041652321815491,0.4672643542289734,0.48690662395390216,0.5152299404144287,51.42852067947388,0.5225616097450256,2,False,True,True,56.0,False,0.14988857507705697,UNRANKED,,False,,,
2017-04-24,2017-04-25,2017-04-26,T,XLC,16.008246355277578,15.556918144226074,16.12673030739114,1,stop_loss,SHORT,SHORT,0.4985594153404236,0.4886589050292969,0.5084599256515503,0.47874001540732225,0.49016860127449036,50.14405846595764,0.5225616097450256,2,False,True,True,56.0,False,0.00936754047870629,UNRANKED,,False,,,
2017-04-25,2017-04-26,2017-04-28,T,XLC,15.984281689824373,15.337244987487793,15.867972660108972,2,stop_loss,LONG,LONG,0.5043665170669556,0.4886589050292969,0.5200741291046143,0.47874001540732225,0.42415651679039,50.43665170669556,0.5225616097450256,2,False,True,True,56.0,False,0.10817098617553708,UNRANKED,,False,,,
2017-04-26,2017-04-27,2017-04-28,T,XLC,16.124072678676,15.181476593017578,15.98934438321353,1,stop_loss,LONG,LONG,0.5014893412590027,0.4901587963104248,0.5128198862075806,0.4795295262191434,0.4302920401096344,50.14893412590027,0.5225616097450256,2,False,True,True,56.0,False,0.2389607727527619,UNRANKED,,False,,,
2017-04-27,2017-04-28,2017-05-01,T,XLC,15.92836884274466,15.401145935058594,15.778304919317623,1,take_profit,SHORT,SHORT,0.4878830462694168,0.49225661158561707,0.48350948095321655,0.4806339421436836,0.4229792058467865,51.21169537305832,0.5225616097450256,2,False,True,True,56.0,False,0.08936426043510437,UNRANKED,,False,,,
2017-04-28,2017-05-01,2017-05-02,T,XLC,15.848485261527971,15.405147552490234,15.683017181824777,1,take_profit,SHORT,SHORT,0.47088202834129333,0.4936615526676178,0.44810250401496887,0.48137369398611907,0.3512822091579437,52.91179716587067,0.5225616097450256,1,True,False,True,56.0,False,0.1103617250919342,UNRANKED,,False,,,
2017-05-01,2017-05-02,2017-05-03,T,XLC,15.632805849938181,15.265351295471191,15.449078721773073,1,take_profit,SHORT,SHORT,0.47485658526420593,0.4936615526676178,0.45605161786079407,0.48137369398611907,0.37311747670173645,52.51434147357941,0.5225616097450256,1,True,False,True,56.0,False,0.05601447820663451,UNRANKED,,False,,,
2017-05-02,2017-05-03,2017-05-04,T,XLC,15.552924516022538,15.357211112976074,15.364632830100732,1,take_profit,SHORT,SHORT,0.47430239617824554,0.49225661158561707,0.456348180770874,0.4806339421436836,0.3445717692375183,52.569760382175446,0.5225616097450256,1,True,False,True,56.0,False,-0.02383559942245477,UNRANKED,,False,,,
2017-05-03,2017-05-04,2017-05-11,T,XLC,15.341239395740777,15.353218078613281,15.353218078613281,5,time_exit,SHORT,SHORT,0.46541184186935425,0.49693673849105835,0.43388694524765015,0.4830985082464881,0.4156306982040405,53.458815813064575,0.5225616097450256,1,True,False,True,56.0,False,-0.10486647486686704,UNRANKED,,False,,,
2017-05-04,2017-05-05,2017-05-12,T,XLC,15.209430626383527,15.373188972473145,15.373188972473145,5,time_exit,SHORT,SHORT,0.45514896512031555,0.4926874041557312,0.4176105260848999,0.48086076099900427,0.48064786195755005,54.485103487968445,0.5225616097450256,1,True,False,True,56.0,False,-0.061226189136504974,UNRANKED,,False,,,
2017-05-05,2017-05-08,2017-05-15,T,XLC,15.489022662209646,15.413127899169922,15.413127899169922,5,time_exit,SHORT,SHORT,0.45809029042720795,0.4827101230621338,0.4334704577922821,0.4756097873812155,0.5104118585586548,54.190970957279205,0.5225616097450256,1,True,False,True,56.0,False,-0.07353082299232484,UNRANKED,,False,,,
2017-05-08,2017-05-09,2017-05-16,T,XLC,15.389167338333005,15.253368377685547,15.253368377685547,5,time_exit,SHORT,SHORT,0.46118149161338806,0.4976305067539215,0.4247324764728546,0.4834639211767357,0.5129477977752686,53.881850838661194,0.5225616097450256,1,True,False,True,56.0,False,-0.03702142834663392,UNRANKED,,False,,,
2017-05-09,2017-05-10,2017-05-17,T,XLC,15.253366075127488,14.961798667907715,14.993751539387045,5,take_profit,SHORT,SHORT,0.4504167139530182,0.4976305067539215,0.40320292115211487,0.4834639211767357,0.5369002819061279,54.95832860469818,0.5225616097450256,1,True,False,True,56.0,False,-0.08191773295402531,UNRANKED,,False,,,
2017-05-10,2017-05-11,2017-05-17,T,XLC,15.357211265109601,15.157508850097656,15.090750437690865,4,take_profit,SHORT,SHORT,0.4609660506248474,0.4971996247768402,0.4247324764728546,0.4832369703126836,0.571178674697876,53.90339493751526,0.5225616097450256,1,True,False,True,56.0,False,-0.2042990624904633,UNRANKED,,False,,,
2017-05-11,2017-05-12,2017-05-17,T,XLC,15.373188972473145,15.273340225219727,15.130692209516253,3,take_profit,SHORT,SHORT,0.45065896213054657,0.4934903681278229,0.40782755613327026,0.4812835547557182,0.5722140073776245,54.93410378694534,0.5225616097450256,1,True,False,True,56.0,False,-0.07946285605430603,UNRANKED,,False,,,
2017-05-12,2017-05-15,2017-05-17,T,XLC,15.385169543860501,15.27733325958252,15.144954651064394,2,take_profit,SHORT,SHORT,0.4710513949394226,0.49920564889907837,0.44289714097976685,0.48429362536084913,0.43653756380081177,52.89486050605774,0.5225616097450256,1,True,False,True,56.0,False,-0.10372459888458255,UNRANKED,,False,,,
2017-05-15,2017-05-16,2017-05-17,T,XLC,15.449077914920458,15.301295280456543,15.20772229140274,1,take_profit,SHORT,SHORT,0.4467737376689911,0.49225661158561707,0.4012908637523651,0.4806339421436836,0.46839040517807007,55.32262623310089,0.5225616097450256,1,True,False,True,56.0,False,-0.2716950476169585,UNRANKED,,False,,,
2017-05-16,2017-05-17,2017-05-24,T,XLC,15.253366855450412,15.237393379211426,15.237393379211426,5,time_exit,SHORT,SHORT,0.44680118560791016,0.49225661158561707,0.40134575963020325,0.4806339421436836,0.44231027364730835,55.319881439208984,0.5225616097450256,1,True,False,True,56.0,False,-0.02561447024345396,UNRANKED,,False,,,
2017-05-17,2017-05-18,2017-05-19,T,XLC,14.977776105699524,15.269342422485352,15.224837290173925,1,stop_loss,SHORT,SHORT,0.4840738922357559,0.4918438792228699,0.47630390524864197,0.48041663974895427,0.5091292858123779,51.59261077642441,0.5225616097450256,2,False,True,True,56.0,False,0.038477689027786255,UNRANKED,,False,,,
2017-05-18,2017-05-19,2017-05-26,T,XLC,15.193458318773088,15.225407600402832,15.225407600402832,5,time_exit,SHORT,SHORT,0.48547738790512085,0.49465087056159973,0.47630390524864197,0.48189465451317687,0.527870237827301,51.452261209487915,0.5225616097450256,2,False,True,True,56.0,False,0.1183206140995026,UNRANKED,,False,,,
2017-05-19,2017-05-22,2017-05-30,T,XLC,15.2733390637004,15.39715576171875,15.39715576171875,5,time_exit,LONG,LONG,0.5025546550750732,0.4903998374938965,0.51470947265625,0.47965641480244636,0.5014216899871826,50.255465507507324,0.5225616097450256,2,False,True,True,56.0,False,0.33877062797546387,UNRANKED,,False,,,
2017-05-22,2017-05-23,2017-05-31,T,XLC,15.281325312481773,15.389165878295898,15.389165878295898,5,time_exit,SHORT,SHORT,0.4820612818002701,0.49380865693092346,0.4703139066696167,0.4814511544328653,0.5300644040107727,51.79387181997299,0.5225616097450256,2,False,True,True,56.0,False,0.10257345438003536,UNRANKED,,False,,,
2017-05-23,2017-05-24,2017-06-01,T,XLC,15.301298500541437,15.524964332580566,15.510701947283904,5,stop_loss,SHORT,SHORT,0.4953839033842087,0.5048321485519409,0.48593565821647644,0.4872580522547494,0.5749223232269287,50.46160966157913,0.5225616097450256,2,False,True,True,56.0,False,0.20463779568672177,UNRANKED,,False,,,
2017-05-24,2017-05-25,2017-06-01,T,XLC,15.225407283453439,15.524964332580566,15.421686945449464,4,stop_loss,SHORT,SHORT,0.4855505973100662,0.4901587963104248,0.48094239830970764,0.4795295262191434,0.5041695237159729,51.44494026899338,0.5225616097450256,2,False,True,True,56.0,False,0.04025135934352876,UNRANKED,,False,,,
2017-05-25,2017-05-26,2017-06-01,T,XLC,15.261354349698133,15.500998497009277,15.430816826156,3,stop_loss,SHORT,SHORT,0.45276689529418945,0.5048321485519409,0.400701642036438,0.4872580522547494,0.6109988689422607,54.723310470581055,0.5225616097450256,1,True,False,True,56.0,False,-0.25615777075290685,UNRANKED,,False,,,
2017-05-26,2017-05-30,2017-06-01,T,XLC,15.253369746973718,15.469049453735352,15.428536966953141,2,stop_loss,SHORT,SHORT,0.44606396555900574,0.49225661158561707,0.3998713195323944,0.4806339421436836,0.5007550716400146,55.393603444099426,0.5225616097450256,1,True,False,True,56.0,False,-0.3104374706745149,UNRANKED,,False,,,
2017-05-30,2017-05-31,2017-06-07,T,XLC,15.437095217656468,15.481025695800781,15.481025695800781,5,time_exit,SHORT,SHORT,0.44606396555900574,0.49225661158561707,0.3998713195323944,0.4806339421436836,0.5267778635025024,55.393603444099426,0.5225616097450256,1,True,False,True,56.0,False,-0.22254650294780742,UNRANKED,,False,,,
2017-05-31,2017-06-01,2017-06-08,T,XLC,15.449077641627095,15.37718391418457,15.37718391418457,5,time_exit,SHORT,SHORT,0.4747519791126251,0.5041652321815491,0.44533872604370117,0.48690662395390216,0.5671023726463318,52.52480208873749,0.5225616097450256,1,True,False,True,56.0,False,-0.15184015035629267,UNRANKED,,False,,,
2017-06-01,2017-06-02,2017-06-08,T,XLC,15.576887867059527,15.49301528930664,15.39030816277486,4,take_profit,SHORT,SHORT,0.4947510361671448,0.49000367522239685,0.4994983971118927,0.4794478689753758,0.5905394554138184,50.52489638328552,0.5225616097450256,2,False,True,True,56.0,False,0.16881656646728516,UNRANKED,,False,,,
2017-06-02,2017-06-05,2017-06-12,T,XLC,15.500998497009276,15.604842185974121,15.604842185974121,5,time_exit,SHORT,SHORT,0.4743669629096985,0.47402361035346985,0.4747103154659271,0.47104248267839016,0.6234285831451416,52.56330370903015,0.5225616097450256,1,True,False,True,56.0,False,0.11824232339859007,UNRANKED,,False,,,
2017-06-05,2017-06-06,2017-06-13,T,XLC,15.489019425599707,15.449074745178223,15.449074745178223,5,time_exit,SHORT,SHORT,0.4856574088335037,0.49225661158561707,0.4790582060813904,0.4806339421436836,0.5199058055877686,51.43425911664963,0.5225616097450256,2,False,True,True,56.0,False,0.017732173204422018,UNRANKED,,False,,,
2017-06-06,2017-06-07,2017-06-14,T,XLC,15.516972439671083,15.465056419372559,15.465056419372559,5,time_exit,SHORT,SHORT,0.47088511288166046,0.4977673292160034,0.4440028965473175,0.4835359886903559,0.501024603843689,52.911488711833954,0.5225616097450256,1,True,False,True,56.0,False,-0.17683294415473935,UNRANKED,,False,,,
2017-06-07,2017-06-08,2017-06-12,T,XLC,15.481028964362789,15.512982368469238,15.604273249946285,2,stop_loss,SHORT,SHORT,0.47360140085220337,0.49612051248550415,0.4510822892189026,0.48266861907825215,0.4818808138370514,52.63985991477966,0.5225616097450256,1,True,False,True,56.0,False,-0.12660434842109675,UNRANKED,,False,,,
2017-06-08,2017-06-09,2017-06-12,T,XLC,15.429110162099759,15.560907363891602,15.539230390458437,1,stop_loss,SHORT,SHORT,0.46855445206165314,0.4898126721382141,0.44729623198509216,0.47934732461018786,0.503059983253479,53.144554793834686,0.5225616097450256,1,True,False,True,56.0,False,-0.15005467832088465,UNRANKED,,False,,,
2017-06-09,2017-06-12,2017-06-19,T,XLC,15.49300776336941,15.540939331054688,15.540939331054688,5,time_exit,SHORT,SHORT,0.49366259574890137,0.5049957633018494,0.48232942819595337,0.4873442701801671,0.5393930077552795,50.63374042510986,0.5225616097450256,2,False,True,True,56.0,False,0.19971665740013128,UNRANKED,,False,,,
2017-06-12,2017-06-13,2017-06-20,T,XLC,15.580878132888587,15.44108772277832,15.455353067057812,5,take_profit,SHORT,SHORT,0.4906396120786667,0.5049957633018494,0.476283460855484,0.4873442701801671,0.5643240809440613,50.93603879213333,0.5225616097450256,2,False,True,True,56.0,False,0.22901917994022372,UNRANKED,,False,,,
2017-06-13,2017-06-14,2017-06-21,T,XLC,15.49301478553704,15.237393379211426,15.34866037400314,5,take_profit,SHORT,SHORT,0.49588507413864136,0.4884238839149475,0.5033462643623352,0.47861631482376077,0.5768768787384033,50.411492586135864,0.5225616097450256,2,False,True,True,56.0,False,0.2642747759819032,UNRANKED,,False,,,
2017-06-14,2017-06-15,2017-06-21,T,XLC,15.445084066038365,15.21741771697998,15.307575401226005,4,take_profit,SHORT,SHORT,0.4984375387430191,0.5049957633018494,0.49187931418418884,0.4873442701801671,0.5864945650100708,50.15624612569809,0.5225616097450256,2,False,True,True,56.0,False,0.20238435268402094,UNRANKED,,False,,,
2017-06-15,2017-06-16,2017-06-21,T,XLC,15.564901558560747,15.157508850097656,15.42511047863085,3,take_profit,SHORT,SHORT,0.48285453021526337,0.49432089924812317,0.47138816118240356,0.48172089194999707,0.5251169204711914,51.71454697847366,0.5225616097450256,2,False,True,True,56.0,False,0.11943185329437253,UNRANKED,,False,,,
2017-06-16,2017-06-19,2017-06-21,T,XLC,15.568897688579144,15.237393379211426,15.428536583886412,2,take_profit,SHORT,SHORT,0.4888540953397751,0.49838945269584656,0.4793187379837036,0.48386368391816115,0.3543657958507538,51.11459046602249,0.5225616097450256,2,False,True,True,56.0,False,-0.1103049069643021,UNRANKED,,False,,,
2017-06-19,2017-06-20,2017-06-21,T,XLC,15.48502185302724,15.057656288146973,15.366343623831508,1,stop_loss,LONG,LONG,0.5014843642711639,0.4965163469314575,0.5064523816108704,0.4828770936388192,0.30269351601600647,50.148436427116394,0.5225616097450256,2,False,True,True,56.0,False,0.1110322177410126,UNRANKED,,False,,,
2017-06-20,2017-06-21,2017-06-22,T,XLC,15.425114547038909,15.153515815734863,15.293313214292676,1,take_profit,SHORT,SHORT,0.4797596037387848,0.49838945269584656,0.461129754781723,0.48386368391816115,0.39237749576568604,52.02403962612152,0.5225616097450256,2,False,True,True,56.0,False,0.11421474814414978,UNRANKED,,False,,,
2017-06-21,2017-06-22,2017-06-27,T,XLC,15.25336446036643,15.02570629119873,15.111863714865594,3,stop_loss,LONG,LONG,0.5187215358018875,0.4944920241832733,0.5429510474205017,0.4818110056202298,0.383276104927063,51.87215358018875,0.5225616097450256,2,False,True,True,56.0,False,0.34129774570465093,UNRANKED,,False,,,
2017-06-22,2017-06-23,2017-06-27,T,XLC,15.241384937724959,15.069640159606934,15.097030526191059,2,stop_loss,LONG,LONG,0.518051028251648,0.4977673292160034,0.5383347272872925,0.4835359886903559,0.36025968194007874,51.805102825164795,0.5225616097450256,2,False,True,True,56.0,False,0.3087196350097657,UNRANKED,,False,,,
2017-06-23,2017-06-26,2017-07-03,T,XLC,15.153517277068664,15.221416473388672,15.221416473388672,5,time_exit,SHORT,SHORT,0.48658519983291626,0.49879971146583557,0.47437068819999695,0.48407978985239825,0.5292952656745911,51.341480016708374,0.5225616097450256,2,False,True,True,56.0,False,0.26472350955009466,UNRANKED,,False,,,
2017-06-26,2017-06-27,2017-06-29,T,XLC,15.237390032812053,15.225407600402832,15.081052975970884,2,take_profit,SHORT,SHORT,0.47871312499046326,0.4900699555873871,0.46735629439353943,0.47948275946761026,0.4797884523868561,52.128687500953674,0.5225616097450256,2,False,True,True,56.0,False,0.07547411322593686,UNRANKED,,False,,,
2017-06-27,2017-06-28,2017-07-06,T,XLC,15.129551649705949,15.107072830200195,15.107072830200195,5,time_exit,SHORT,SHORT,0.4891945868730545,0.5049957633018494,0.47339341044425964,0.4873442701801671,0.4539393186569214,51.08054131269455,0.5225616097450256,2,False,True,True,56.0,False,0.4309734106063843,UNRANKED,,False,,,
2017-06-28,2017-06-29,2017-07-07,T,XLC,15.125558164417368,15.025811195373535,15.025811195373535,5,time_exit,SHORT,SHORT,0.47826310992240906,0.49407437443733215,0.46245184540748596,0.4815910751146185,0.5291708111763,52.173689007759094,0.5225616097450256,2,False,True,True,56.0,False,0.15797102451324466,UNRANKED,,False,,,
2017-06-29,2017-06-30,2017-07-10,T,XLC,15.069640159606934,14.96485710144043,14.96485710144043,5,time_exit,SHORT,SHORT,0.47531016170978546,0.5049957633018494,0.44562456011772156,0.4873442701801671,0.4731362760066986,52.468983829021454,0.5225616097450256,1,True,False,True,56.0,False,0.1328952312469483,UNRANKED,,False,,,
2017-06-30,2017-07-03,2017-07-11,T,XLC,15.113575202275118,14.871399879455566,14.942400471701736,5,take_profit,SHORT,SHORT,0.47417253255844116,0.49879971146583557,0.44954535365104675,0.48407978985239825,0.48712459206581116,52.582746744155884,0.5225616097450256,1,True,False,True,56.0,False,0.16721990704536438,UNRANKED,,False,,,
2017-07-03,2017-07-05,2017-07-07,T,XLC,15.221414413712406,14.96485710144043,15.050809844141048,2,take_profit,SHORT,SHORT,0.47132012248039246,0.4858984351158142,0.4567418098449707,0.4772872433117901,0.5606715083122253,52.867987751960754,0.5225616097450256,1,True,False,True,56.0,False,-0.005889743566513117,UNRANKED,,False,,,
2017-07-05,2017-07-06,2017-07-07,T,XLC,15.273665030392342,14.712942123413086,15.104773396132437,1,take_profit,SHORT,SHORT,0.4895270764827728,0.49370914697647095,0.4853450059890747,0.4813987555442093,0.4490164518356323,51.04729235172272,0.5225616097450256,2,False,True,True,56.0,False,0.1076162457466126,UNRANKED,,False,,,
2017-07-06,2017-07-07,2017-07-11,T,XLC,15.107076151621156,14.749506950378418,14.928126114346114,2,take_profit,SHORT,SHORT,0.49788980185985565,0.49284544587135315,0.5029341578483582,0.48094397435444264,0.4896243214607239,50.211019814014435,0.5225616097450256,2,False,True,True,56.0,False,0.33512252569198603,UNRANKED,,False,,,
2017-07-07,2017-07-10,2017-07-13,T,XLC,15.017678583943141,14.786078453063965,14.833966169610342,3,stop_loss,LONG,LONG,0.5020082592964172,0.4898126721382141,0.5142038464546204,0.47934732461018786,0.4508296549320221,50.200825929641724,0.5225616097450256,2,False,True,True,56.0,False,0.3094818592071533,UNRANKED,,False,,,
2017-07-10,2017-07-11,2017-07-13,T,XLC,14.964853803494838,14.62354564666748,14.77528623757687,2,stop_loss,LONG,LONG,0.5020082592964172,0.4898126721382141,0.5142038464546204,0.47934732461018786,0.38343292474746704,50.200825929641724,0.5225616097450256,2,False,True,True,56.0,False,0.3589810132980347,UNRANKED,,False,,,
2017-07-11,2017-07-12,2017-07-13,T,XLC,14.932351336954563,14.680434226989746,14.743697254792522,1,take_profit,SHORT,SHORT,0.47937069833278656,0.4898126721382141,0.468928724527359,0.47934732461018786,0.3882048428058624,52.062930166721344,0.5225616097450256,2,False,True,True,56.0,False,0.18242475390434268,UNRANKED,,False,,,
2017-07-12,2017-07-13,2017-07-18,T,XLC,14.847027544546961,14.838899612426758,14.674121622610926,3,take_profit,SHORT,SHORT,0.4918116331100464,0.5056626796722412,0.47796058654785156,0.48769571411650686,0.44972437620162964,50.81883668899536,0.5225616097450256,2,False,True,True,56.0,False,0.07995849847793582,UNRANKED,,False,,,
2017-07-13,2017-07-14,2017-07-21,T,XLC,14.72106453244015,14.834837913513184,14.834837913513184,5,time_exit,SHORT,SHORT,0.4947415739297867,0.49283745884895325,0.4966456890106201,0.48093976893977847,0.48876601457595825,50.52584260702133,0.5225616097450256,2,False,True,True,56.0,False,0.22215378284454343,UNRANKED,,False,,,
2017-07-14,2017-07-17,2017-07-24,T,XLC,14.757636030535132,14.72106647491455,14.72106647491455,5,time_exit,SHORT,SHORT,0.4845893234014511,0.4908340275287628,0.4783446192741394,0.47988498716182115,0.4859626889228821,51.54106765985489,0.5225616097450256,2,False,True,True,56.0,False,-0.004171118140220602,UNRANKED,,False,,,
2017-07-17,2017-07-18,2017-07-25,T,XLC,14.802327859319819,14.717000961303711,14.717000961303711,5,time_exit,SHORT,SHORT,0.48420728743076324,0.4900699555873871,0.4783446192741394,0.47948275946761026,0.5219449400901794,51.579271256923676,0.5225616097450256,2,False,True,True,56.0,False,0.10831761360168461,UNRANKED,,False,,,
2017-07-18,2017-07-19,2017-07-20,T,XLC,14.639801758469025,15.452445030212402,14.833861675374019,1,stop_loss,SHORT,SHORT,0.46928122639656067,0.4930870532989502,0.44547539949417114,0.4810711894214916,0.39293283224105835,53.07187736034393,0.5225616097450256,1,True,False,True,56.0,False,-0.35188043117523204,UNRANKED,,False,,,
2017-07-19,2017-07-20,2017-07-26,T,XLC,14.761698025435567,16.01317024230957,14.950190664159758,4,stop_loss,SHORT,SHORT,0.4794430136680603,0.4887251853942871,0.4701608419418335,0.478774901765423,0.5054677128791809,52.05569863319397,0.5225616097450256,2,False,True,True,56.0,False,0.0847074389457702,UNRANKED,,False,,,
2017-07-20,2017-07-21,2017-07-26,T,XLC,14.798268790664395,15.846577644348145,14.991140838088711,3,stop_loss,SHORT,SHORT,0.47428274154663086,0.4930870532989502,0.4554784297943115,0.4810711894214916,0.5050870180130005,52.571725845336914,0.5225616097450256,1,True,False,True,56.0,False,-0.1451804339885713,UNRANKED,,False,,,
2017-07-21,2017-07-24,2017-07-26,T,XLC,14.834837187778167,15.846577644348145,15.022013210988964,2,stop_loss,SHORT,SHORT,0.4741698205471039,0.48964157700538635,0.4586980640888214,0.47925726124655826,0.5513507723808289,52.58301794528961,0.5225616097450256,1,True,False,True,56.0,False,0.0591960400342941,UNRANKED,,False,,,
2017-07-24,2017-07-25,2017-07-26,T,XLC,14.745444404911215,15.797819137573242,14.927191160238712,1,stop_loss,SHORT,SHORT,0.47523219883441925,0.4977673292160034,0.4526970684528351,0.4835359886903559,0.5057381391525269,52.476780116558075,0.5225616097450256,1,True,False,True,56.0,False,0.12732654809951785,UNRANKED,,False,,,
2017-07-25,2017-07-26,2017-07-27,T,XLC,14.71700139785044,15.549957275390625,14.898758779834607,1,stop_loss,SHORT,SHORT,0.48260587453842163,0.5049957633018494,0.4602159857749939,0.4873442701801671,0.5677038431167603,51.73941254615784,0.5225616097450256,2,False,True,True,56.0,False,0.2703486382961273,UNRANKED,,False,,,
2017-07-26,2017-07-27,2017-07-28,T,XLC,15.521520396921034,15.554024696350098,15.791436250148921,1,stop_loss,SHORT,SHORT,0.4820500761270523,0.4928411543369293,0.4712589979171753,0.4809417147283173,0.5153870582580566,51.79499238729477,0.5225616097450256,2,False,True,True,56.0,False,0.1369340121746063,UNRANKED,,False,,,
2017-07-27,2017-07-28,2017-08-02,T,XLC,15.948158290006111,15.614975929260254,15.609747640025294,3,take_profit,SHORT,SHORT,0.45333682000637054,0.4766401946544647,0.43003344535827637,0.47241778839388127,0.5608093738555908,54.666317999362946,0.5225616097450256,1,True,False,True,56.0,False,-0.03568312525749212,UNRANKED,,False,,,
2017-07-28,2017-07-31,2017-08-07,T,XLC,15.834387597473828,15.651540756225586,15.651540756225586,5,time_exit,SHORT,SHORT,0.4526621550321579,0.46217504143714905,0.44314926862716675,0.4648205494362306,0.5289887189865112,54.73378449678421,0.5225616097450256,1,True,False,True,56.0,False,0.016183435916900576,UNRANKED,,False,,,
2017-07-31,2017-08-01,2017-08-02,T,XLC,15.948158950859975,15.586530685424805,15.608008117730092,1,take_profit,SHORT,SHORT,0.453872486948967,0.46503952145576477,0.4427054524421692,0.46632381904799125,0.6115639805793762,54.6127513051033,0.5225616097450256,1,True,False,True,56.0,False,0.03763225674629214,UNRANKED,,False,,,
2017-08-01,2017-08-02,2017-08-09,T,XLC,15.83844572136034,15.586530685424805,15.586530685424805,5,time_exit,SHORT,SHORT,0.4708879888057709,0.4958563446998596,0.44591963291168213,0.4825294928938623,0.5082053542137146,52.91120111942291,0.5225616097450256,1,True,False,True,56.0,False,0.14339318871498113,UNRANKED,,False,,,
2017-08-02,2017-08-03,2017-08-10,T,XLC,15.533707952941404,15.517457962036133,15.517457962036133,5,time_exit,SHORT,SHORT,0.47086574137210846,0.49443525075912476,0.44729623198509216,0.4817811088427048,0.5334579944610596,52.913425862789154,0.5225616097450256,1,True,False,True,56.0,False,0.08656769990921018,UNRANKED,,False,,,
2017-08-03,2017-08-04,2017-08-11,T,XLC,15.619039278736937,15.480886459350586,15.480886459350586,5,time_exit,SHORT,SHORT,0.4690178483724594,0.4948864281177521,0.44314926862716675,0.4820187015676779,0.4806388020515442,53.09821516275406,0.5225616097450256,1,True,False,True,56.0,False,0.31360116600990295,UNRANKED,,False,,,
2017-08-04,2017-08-07,2017-08-14,T,XLC,15.61903499542474,15.643420219421387,15.643420219421387,5,time_exit,SHORT,SHORT,0.4454267919063568,0.4941021800041199,0.39675140380859375,0.4816057170490369,0.42891955375671387,55.45732080936432,0.5225616097450256,1,True,False,True,56.0,False,-0.0712959468364715,UNRANKED,,False,,,
2017-08-07,2017-08-08,2017-08-15,T,XLC,15.667794581941964,15.505264282226562,15.505264282226562,5,time_exit,SHORT,SHORT,0.45147524774074554,0.49598070979118347,0.4069697856903076,0.48259499047828164,0.45486852526664734,54.852475225925446,0.5225616097450256,1,True,False,True,56.0,False,-0.051263689994811984,UNRANKED,,False,,,
2017-08-08,2017-08-09,2017-08-16,T,XLC,15.521519157771813,15.533710479736328,15.533710479736328,5,time_exit,SHORT,SHORT,0.4987112581729889,0.49786707758903503,0.49955543875694275,0.49786707758903503,0.5951082706451416,50.12887418270111,0.5062522888183594,2,False,True,True,52.5,True,-0.31067895889282215,UNRANKED,,False,,,
2017-08-09,2017-08-10,2017-08-17,T,XLC,15.549963730372717,15.277724266052246,15.277724266052246,5,time_exit,LONG,LONG,0.5009914487600327,0.5024274587631226,0.49955543875694275,0.5024274587631226,0.573015570640564,50.099144876003265,0.5062522888183594,2,False,True,True,52.5,True,-0.27814382314681996,UNRANKED,,False,,,
2017-08-10,2017-08-11,2017-08-18,T,XLC,15.562150354623064,15.184269905090332,15.260309572457537,5,stop_loss,LONG,LONG,0.5044701844453812,0.5093849301338196,0.49955543875694275,0.5093849301338196,0.6021924018859863,50.44701844453812,0.5062522888183594,2,False,True,True,52.5,True,0.3159767389297486,LOW,,True,0.48396694514991867,1.0,0.001607848247098072
2017-08-11,2017-08-14,2017-08-18,T,XLC,15.5377761986946,15.269599914550781,15.24696397880237,4,take_profit,SHORT,SHORT,0.4973764419555664,0.49519744515419006,0.49955543875694275,0.49519744515419006,0.5709946751594543,50.26235580444336,0.5062522888183594,2,False,True,True,52.5,True,0.36601868271827703,UNRANKED,,False,,,
2017-08-14,2017-08-15,2017-08-17,T,XLC,15.643414021821926,15.432130813598633,15.329963481006844,2,take_profit,SHORT,SHORT,0.4905991554260254,0.48164287209510803,0.49955543875694275,0.48164287209510803,0.6086333990097046,50.94008445739746,0.5062522888183594,1,True,False,True,52.5,True,0.4009853005409241,UNRANKED,,False,,,
2017-08-15,2017-08-16,2017-08-18,T,XLC,15.505268060435716,15.407748222351074,15.277144395579759,2,take_profit,SHORT,SHORT,0.4938293695449829,0.48810330033302307,0.49955543875694275,0.48810330033302307,0.5760721564292908,50.61706304550171,0.5062522888183594,2,False,True,True,52.5,True,0.13175880908966067,UNRANKED,,False,,,
2017-08-16,2017-08-17,2017-08-18,T,XLC,15.5052645957105,15.310234069824219,15.353180790081314,1,take_profit,SHORT,SHORT,0.48972898721694946,0.4799025356769562,0.49955543875694275,0.4799025356769562,0.5972464084625244,51.027101278305054,0.5062522888183594,1,True,False,True,52.5,True,0.2009578049182891,UNRANKED,,False,,,
2017-08-17,2017-08-18,2017-08-22,T,XLC,15.2370913810663,15.43619155883789,15.401945703227293,2,stop_loss,SHORT,SHORT,0.4936983436346054,0.48784124851226807,0.49955543875694275,0.48784124851226807,0.5918116569519043,50.63016563653946,0.5062522888183594,1,True,False,True,52.5,True,0.20695352554321286,UNRANKED,,False,,,
2017-08-18,2017-08-21,2017-08-22,T,XLC,15.233030799119385,15.415876388549805,15.411235744274938,1,stop_loss,SHORT,SHORT,0.49505695700645447,0.4905584752559662,0.49955543875694275,0.4905584752559662,0.5967792272567749,50.49430429935455,0.5062522888183594,2,False,True,True,52.5,True,0.252135157585144,UNRANKED,,False,,,
2017-08-21,2017-08-22,2017-08-29,T,XLC,15.314296753402486,15.379307746887207,15.379307746887207,5,time_exit,SHORT,SHORT,0.4911894351243973,0.4828234314918518,0.49955543875694275,0.4828234314918518,0.5698961615562439,50.88105648756027,0.5062522888183594,1,True,False,True,52.5,True,0.16838124394416817,UNRANKED,,False,,,
2017-08-22,2017-08-23,2017-08-30,T,XLC,15.37930478162662,15.306167602539062,15.306167602539062,5,time_exit,SHORT,SHORT,0.47776104509830475,0.45596665143966675,0.49955543875694275,0.45596665143966675,0.5549695491790771,52.223895490169525,0.5062522888183594,1,True,False,True,52.5,True,0.21483844518661502,UNRANKED,,False,,,
2017-08-23,2017-08-24,2017-08-31,T,XLC,15.42400375164314,15.220840454101562,15.249862276510607,5,take_profit,SHORT,SHORT,0.486783891916275,0.4740123450756073,0.49955543875694275,0.4740123450756073,0.5900276303291321,51.3216108083725,0.5062522888183594,1,True,False,True,52.5,True,0.39109450578689575,UNRANKED,,False,,,
2017-08-24,2017-08-25,2017-09-01,T,XLC,15.367116679435316,15.22896957397461,15.22896957397461,5,time_exit,SHORT,SHORT,0.48459137976169586,0.469627320766449,0.49955543875694275,0.469627320766449,0.6454890370368958,51.540862023830414,0.5062522888183594,1,True,False,True,52.5,True,0.6444569975137711,UNRANKED,,False,,,
2017-08-25,2017-08-28,2017-08-31,T,XLC,15.440256484545076,15.070504188537598,15.248121354888966,3,take_profit,SHORT,SHORT,0.49398545920848846,0.4884154796600342,0.49955543875694275,0.4884154796600342,0.5812425017356873,50.601454079151154,0.5062522888183594,2,False,True,True,52.5,True,0.5807913094758987,UNRANKED,,False,,,
2017-08-28,2017-08-29,2017-09-05,T,XLC,15.338676304500202,14.859214782714844,15.152926160631619,4,stop_loss,LONG,LONG,0.5037779361009598,0.5080004334449768,0.49955543875694275,0.5080004334449768,0.5624195337295532,50.37779361009598,0.5062522888183594,2,False,True,True,52.5,True,0.5402174741029739,UNRANKED,,False,,,
2017-08-29,2017-08-30,2017-09-05,T,XLC,15.367115780541317,14.465079307556152,15.176141545006649,3,stop_loss,LONG,LONG,0.5032347291707993,0.5069140195846558,0.49955543875694275,0.5069140195846558,0.5792118906974792,50.323472917079926,0.5062522888183594,2,False,True,True,52.5,True,0.3782010078430175,UNRANKED,,False,,,
2017-08-30,2017-08-31,2017-09-05,T,XLC,15.334611147228333,14.461020469665527,15.143055851556598,2,take_profit,SHORT,SHORT,0.49223875999450684,0.4849220812320709,0.49955543875694275,0.4849220812320709,0.6011173129081726,50.776124000549316,0.5062522888183594,1,True,False,True,52.5,True,-0.0447681844234465,UNRANKED,,False,,,
2017-08-31,2017-09-01,2017-09-05,T,XLC,15.273665393757222,14.521967887878418,15.075145005835207,1,take_profit,SHORT,SHORT,0.49594029784202576,0.49232515692710876,0.49955543875694275,0.49232515692710876,0.5805339813232422,50.405970215797424,0.5062522888183594,2,False,True,True,52.5,True,-0.07698640227317803,UNRANKED,,False,,,
2017-09-01,2017-09-05,2017-09-06,T,XLC,15.196463923534465,14.733254432678223,15.020001341354986,1,take_profit,SHORT,SHORT,0.49087490141391754,0.48219436407089233,0.49955543875694275,0.48219436407089233,0.5309752821922302,50.912509858608246,0.5062522888183594,1,True,False,True,52.5,True,0.06987673044204717,UNRANKED,,False,,,
2017-09-05,2017-09-06,2017-09-07,T,XLC,15.086755159725172,14.851082801818848,14.90739122779681,1,take_profit,SHORT,SHORT,0.4944365322589874,0.4893176257610321,0.49955543875694275,0.4893176257610321,0.5820351839065552,50.55634677410126,0.5062522888183594,2,False,True,True,52.5,True,0.21336811780929568,UNRANKED,,False,,,
2017-09-06,2017-09-07,2017-09-08,T,XLC,14.871401840719939,14.757633209228516,14.66591745046115,1,take_profit,SHORT,SHORT,0.49496740102767944,0.49037936329841614,0.49955543875694275,0.49037936329841614,0.6099995970726013,50.503259897232056,0.5062522888183594,2,False,True,True,52.5,True,0.28087571263313293,UNRANKED,,False,,,
2017-09-07,2017-09-08,2017-09-12,T,XLC,14.465083819396346,15.074567794799805,14.690303818437222,2,take_profit,LONG,LONG,0.5016623586416245,0.5037692785263062,0.49955543875694275,0.5037692785263062,0.5589778423309326,50.166235864162445,0.5062522888183594,2,False,True,True,52.5,True,-0.040444225072860676,UNRANKED,,False,,,
2017-09-08,2017-09-11,2017-09-12,T,XLC,14.497588816893897,15.204593658447266,14.71003802692459,1,take_profit,LONG,LONG,0.501633808016777,0.5037121772766113,0.49955543875694275,0.5037121772766113,0.5909344553947449,50.163380801677704,0.5062522888183594,2,False,True,True,52.5,True,-0.03875938057899468,UNRANKED,,False,,,
2017-09-11,2017-09-12,2017-09-13,T,XLC,14.611358063846916,15.525581359863281,14.820324046556529,1,stop_loss,SHORT,SHORT,0.49613156914711,0.4927076995372772,0.49955543875694275,0.4927076995372772,0.6599783897399902,50.386843085289,0.5062522888183594,2,False,True,True,52.5,True,0.2830625176429748,UNRANKED,,False,,,
2017-09-12,2017-09-13,2017-09-15,T,XLC,14.765755575576614,15.614975929260254,14.981686650536506,2,stop_loss,SHORT,SHORT,0.4965945780277252,0.4936337172985077,0.49955543875694275,0.4936337172985077,0.5667920708656311,50.34054219722748,0.5062522888183594,2,False,True,True,52.5,True,0.40567663311958313,UNRANKED,,False,,,
2017-09-13,2017-09-14,2017-09-18,T,XLC,14.871403903692045,15.529645919799805,15.100684375493802,2,stop_loss,SHORT,SHORT,0.4838419705629349,0.468128502368927,0.49955543875694275,0.468128502368927,0.5691155195236206,51.61580294370651,0.5062522888183594,1,True,False,True,52.5,True,0.34052529931068426,UNRANKED,,False,,,
2017-09-14,2017-09-15,2017-09-18,T,XLC,14.794204872429336,15.679987907409668,15.022904692811592,1,stop_loss,SHORT,SHORT,0.4896276891231537,0.4796999394893646,0.49955543875694275,0.4796999394893646,0.5820417404174805,51.03723108768463,0.5062522888183594,1,True,False,True,52.5,True,0.2700435817241668,UNRANKED,,False,,,
2017-09-15,2017-09-18,2017-09-19,T,XLC,15.078633898302531,15.89533519744873,15.334616161050159,1,stop_loss,SHORT,SHORT,0.4922028034925461,0.4848501682281494,0.49955543875694275,0.4848501682281494,0.47283801436424255,50.77971965074539,0.5062522888183594,1,True,False,True,52.5,True,-0.12662592530250544,UNRANKED,,False,,,
2017-09-18,2017-09-19,2017-09-20,T,XLC,15.200523724122283,15.732809066772461,15.472178943064108,1,stop_loss,SHORT,SHORT,0.4922028034925461,0.4848501682281494,0.49955543875694275,0.4848501682281494,0.4918043911457062,50.77971965074539,0.5062522888183594,1,True,False,True,52.5,True,-0.20222005248069752,UNRANKED,,False,,,
2017-09-19,2017-09-20,2017-09-25,T,XLC,15.570280111115084,15.753121376037598,15.882566624307398,3,stop_loss,SHORT,SHORT,0.49407336115837097,0.4885912835597992,0.49955543875694275,0.4885912835597992,0.49581894278526306,50.5926638841629,0.5062522888183594,2,False,True,True,52.5,True,-0.001974552869796675,UNRANKED,,False,,,
2017-09-20,2017-09-21,2017-09-28,T,XLC,15.643416614231725,15.862832069396973,15.862832069396973,5,time_exit,SHORT,SHORT,0.49422840774059296,0.48890137672424316,0.49955543875694275,0.48890137672424316,0.4736345708370209,50.577159225940704,0.5062522888183594,2,False,True,True,52.5,True,0.021689176559448263,UNRANKED,,False,,,
2017-09-21,2017-09-22,2017-09-29,T,XLC,15.602786317389315,15.915651321411133,15.915651321411133,5,time_exit,SHORT,SHORT,0.49331246316432953,0.4870694875717163,0.49955543875694275,0.4870694875717163,0.5368160605430603,50.66875368356705,0.5062522888183594,1,True,False,True,52.5,True,-0.23114208877086637,UNRANKED,,False,,,
2017-09-22,2017-09-25,2017-10-02,T,XLC,15.655604800388703,15.891275405883789,15.891275405883789,5,time_exit,SHORT,SHORT,0.4980706423521042,0.4965858459472656,0.49955543875694275,0.4965858459472656,0.4532424807548523,50.19293576478958,0.5062522888183594,2,False,True,True,52.5,True,-0.2481867969036103,UNRANKED,,False,,,
2017-09-25,2017-09-26,2017-10-03,T,XLC,15.895337916454265,16.041614532470703,16.041614532470703,5,time_exit,SHORT,SHORT,0.49410898983478546,0.4886625409126282,0.49955543875694275,0.4886625409126282,0.4725925326347351,50.589101016521454,0.5062522888183594,2,False,True,True,52.5,True,0.14135718345642087,UNRANKED,,False,,,
2017-09-26,2017-09-27,2017-10-03,T,XLC,15.696236547494925,16.049739837646484,16.032321458296405,4,stop_loss,SHORT,SHORT,0.4970529079437256,0.4945503771305084,0.49955543875694275,0.4945503771305084,0.5040441155433655,50.29470920562744,0.5062522888183594,2,False,True,True,52.5,True,0.30369868874549866,UNRANKED,,False,,,
2017-09-27,2017-09-28,2017-10-03,T,XLC,15.716556618443681,16.053804397583008,15.999238219831796,3,take_profit,LONG,LONG,0.5019369870424271,0.5043185353279114,0.49955543875694275,0.5043185353279114,0.521155834197998,50.193698704242706,0.5062522888183594,2,False,True,True,52.5,True,0.321404755115509,UNRANKED,,False,,,
2017-09-28,2017-09-29,2017-10-06,T,XLC,15.826259703286173,15.941753387451172,15.941753387451172,5,time_exit,SHORT,SHORT,0.4950209707021713,0.4904865026473999,0.49955543875694275,0.4904865026473999,0.5350370407104492,50.49790292978287,0.5062522888183594,2,False,True,True,52.5,True,-0.07803019881248473,UNRANKED,,False,,,
2017-09-29,2017-10-02,2017-10-09,T,XLC,15.927844527255049,15.821949005126953,15.821949005126953,5,time_exit,SHORT,SHORT,0.49281954765319824,0.48608365654945374,0.49955543875694275,0.48608365654945374,0.508384108543396,50.718045234680176,0.5062522888183594,1,True,False,True,52.5,True,0.3398323655128479,UNRANKED,,False,,,
2017-10-02,2017-10-03,2017-10-10,T,XLC,15.923780474124374,15.90457534790039,15.90457534790039,5,time_exit,SHORT,SHORT,0.49950526654720306,0.4994550943374634,0.49955543875694275,0.4994550943374634,0.4653995931148529,50.049473345279694,0.5062522888183594,2,False,True,True,52.5,True,0.1922733783721924,UNRANKED,,False,,,
2017-10-03,2017-10-04,2017-10-11,T,XLC,15.996917324320757,15.77651309967041,15.77651309967041,5,time_exit,SHORT,SHORT,0.49868258833885193,0.4978097379207611,0.49955543875694275,0.4978097379207611,0.45342326164245605,50.13174116611481,0.5062522888183594,2,False,True,True,52.5,True,0.0257678329944611,UNRANKED,,False,,,
2017-10-04,2017-10-05,2017-10-09,T,XLC,16.094435840315423,14.81397533416748,15.832068591780267,2,stop_loss,LONG,LONG,0.500580295920372,0.5016051530838013,0.49955543875694275,0.5016051530838013,0.5027408599853516,50.0580295920372,0.5062522888183594,2,False,True,True,52.5,True,0.10549640655517586,UNRANKED,,False,,,
2017-10-05,2017-10-06,2017-10-09,T,XLC,16.045028817620615,14.747879981994629,15.827357287033282,1,stop_loss,LONG,LONG,0.5024959295988083,0.5054364204406738,0.49955543875694275,0.5054364204406738,0.5320329666137695,50.24959295988083,0.5062522888183594,2,False,True,True,52.5,True,0.1155285090208054,UNRANKED,,False,,,
2017-10-06,2017-10-09,2017-10-12,T,XLC,15.966536247538524,14.942033767700195,15.75143255316771,3,take_profit,SHORT,SHORT,0.4986254721879959,0.4976955056190491,0.49955543875694275,0.4976955056190491,0.5309544205665588,50.13745278120041,0.5062522888183594,2,False,True,True,52.5,True,-0.09223526716232297,UNRANKED,,False,,,
2017-10-09,2017-10-10,2017-10-12,T,XLC,15.842609666373663,14.966824531555176,15.65624644615882,2,take_profit,SHORT,SHORT,0.49595095217227936,0.49234646558761597,0.49955543875694275,0.49234646558761597,0.5136786103248596,50.404904782772064,0.5062522888183594,2,False,True,True,52.5,True,0.08485829830169678,UNRANKED,,False,,,
2017-10-10,2017-10-11,2017-10-12,T,XLC,15.912838018907314,14.752001762390137,15.727441688210117,1,stop_loss,LONG,LONG,0.5006761103868484,0.5017967820167542,0.49955543875694275,0.5017967820167542,0.5106049180030823,50.067611038684845,0.5062522888183594,2,False,True,True,52.5,True,-0.07331126928329475,UNRANKED,,False,,,
2017-10-11,2017-10-12,2017-10-13,T,XLC,15.487337517420611,14.743744850158691,15.295836581184911,1,take_profit,SHORT,SHORT,0.49756920337677,0.4955829679965973,0.49955543875694275,0.4955829679965973,0.5152461528778076,50.243079662323,0.5062522888183594,2,False,True,True,52.5,True,-0.1471619009971619,UNRANKED,,False,,,
2017-10-12,2017-10-13,2017-10-20,T,XLC,14.805715529576778,14.681777000427246,14.681777000427246,5,time_exit,LONG,LONG,0.5024769157171249,0.5053983926773071,0.49955543875694275,0.5053983926773071,0.45008203387260437,50.247691571712494,0.5062522888183594,2,False,True,True,52.5,True,-0.11930891871452329,UNRANKED,,False,,,
2017-10-13,2017-10-16,2017-10-23,T,XLC,14.797446528380556,14.561982154846191,14.561982154846191,5,time_exit,SHORT,SHORT,0.4890085458755493,0.4784616529941559,0.49955543875694275,0.4784616529941559,0.5022629499435425,51.09914541244507,0.5062522888183594,1,True,False,True,52.5,True,-0.1467064917087555,UNRANKED,,False,,,
2017-10-16,2017-10-17,2017-10-23,T,XLC,14.942038467746988,14.400869369506836,14.651313032217551,4,take_profit,SHORT,SHORT,0.4883907735347748,0.4772261083126068,0.49955543875694275,0.4772261083126068,0.65834641456604,51.16092264652252,0.5062522888183594,1,True,False,True,52.5,True,-0.09093344211578368,UNRANKED,,False,,,
2017-10-17,2017-10-18,2017-10-23,T,XLC,14.966816989081492,13.834916114807129,14.675451774324936,3,take_profit,SHORT,SHORT,0.47370462119579315,0.44785380363464355,0.49955543875694275,0.44785380363464355,0.6368317008018494,52.629537880420685,0.5062522888183594,1,True,False,True,52.5,True,-0.09263271093368536,UNRANKED,,False,,,
2017-10-18,2017-10-19,2017-10-24,T,XLC,14.842890128307186,13.91340446472168,14.536508902721248,3,take_profit,SHORT,SHORT,0.4831361919641495,0.4667169451713562,0.49955543875694275,0.4667169451713562,0.683658242225647,51.68638080358505,0.5062522888183594,1,True,False,True,52.5,True,-0.1342090964317322,UNRANKED,,False,,,
2017-10-19,2017-10-20,2017-10-24,T,XLC,14.785053454229937,14.033204078674316,14.485038277184387,2,take_profit,SHORT,SHORT,0.48961010575294495,0.47966477274894714,0.49955543875694275,0.47966477274894714,0.5896778106689453,51.038989424705505,0.5062522888183594,1,True,False,True,52.5,True,-0.32824027538299566,UNRANKED,,False,,,
2017-10-20,2017-10-23,2017-10-25,T,XLC,14.632210210713499,13.855567932128906,14.326824757353078,2,take_profit,SHORT,SHORT,0.4920930862426758,0.4846307337284088,0.49955543875694275,0.4846307337284088,0.5202884674072266,50.79069137573242,0.5062522888183594,1,True,False,True,52.5,True,-0.195437878370285,UNRANKED,,False,,,
2017-10-23,2017-10-24,2017-10-25,T,XLC,14.586766404912657,13.901006698608398,14.285744420267358,1,stop_loss,LONG,LONG,0.5021898597478867,0.5048242807388306,0.49955543875694275,0.5048242807388306,0.4825391471385956,50.218985974788666,0.5062522888183594,2,False,True,True,52.5,True,-0.08910611271858221,UNRANKED,,False,,,
2017-10-24,2017-10-25,2017-11-01,T,XLC,14.153007972069222,13.859700202941895,13.859700202941895,5,time_exit,LONG,LONG,0.5120906680822372,0.5246258974075317,0.49955543875694275,0.5246258974075317,0.5455663204193115,51.209066808223724,0.5062522888183594,1,True,True,False,52.5,True,-0.04710820317268376,UNRANKED,,False,,,
2017-10-25,2017-10-26,2017-11-02,T,XLC,13.942321712292202,13.702718734741211,13.702718734741211,5,time_exit,LONG,LONG,0.5038050562143326,0.5080546736717224,0.49955543875694275,0.5080546736717224,0.5730525851249695,50.38050562143326,0.5062522888183594,2,False,True,True,52.5,True,0.2530809044837952,UNRANKED,,False,,,
2017-10-26,2017-10-27,2017-11-03,T,XLC,13.913402874456954,13.756422996520996,13.756422996520996,5,time_exit,LONG,LONG,0.5056848078966141,0.5118141770362854,0.49955543875694275,0.5118141770362854,0.543461799621582,50.56848078966141,0.5062522888183594,2,False,True,True,52.5,True,-0.026014745235443046,UNRANKED,,False,,,
2017-10-27,2017-10-30,2017-11-06,T,XLC,14.053858494792614,13.574658393859863,13.655506689241902,5,take_profit,SHORT,SHORT,0.4877838045358658,0.4760121703147888,0.49955543875694275,0.4760121703147888,0.5487207770347595,51.22161954641342,0.5062522888183594,1,True,False,True,52.5,True,-0.23071861267089838,UNRANKED,,False,,,
2017-10-30,2017-10-31,2017-11-07,T,XLC,13.896875515460573,13.661405563354492,13.661405563354492,5,time_exit,LONG,LONG,0.5065044611692429,0.513453483581543,0.49955543875694275,0.513453483581543,0.4947465658187866,50.650446116924286,0.5062522888183594,1,True,True,False,52.5,True,0.2369547188282013,UNRANKED,,False,,,
2017-10-31,2017-11-01,2017-11-06,T,XLC,13.987763790503735,13.81425952911377,13.587642510378526,3,stop_loss,LONG,LONG,0.5099295824766159,0.5203037261962891,0.49955543875694275,0.5203037261962891,0.575268566608429,50.99295824766159,0.5062522888183594,1,True,True,False,52.5,True,-0.38087892532348633,UNRANKED,,False,,,
2017-11-01,2017-11-02,2017-11-06,T,XLC,13.867960875479904,14.045597076416016,13.599444062474184,2,stop_loss,LONG,LONG,0.5090878456830978,0.5186202526092529,0.49955543875694275,0.5186202526092529,0.5438048243522644,50.908784568309784,0.5062522888183594,1,True,True,False,52.5,True,-0.38776981830596924,UNRANKED,,False,,,
2017-11-02,2017-11-03,2017-11-10,T,XLC,13.772947733358883,14.13647747039795,14.054448277225722,5,take_profit,LONG,LONG,0.506586566567421,0.5136176943778992,0.49955543875694275,0.5136176943778992,0.5684602856636047,50.658656656742096,0.5062522888183594,1,True,True,False,52.5,True,-0.3602670729160309,UNRANKED,,False,,,
2017-11-03,2017-11-06,2017-11-09,T,XLC,13.661410140518603,14.115825653076172,13.922846466681758,3,take_profit,LONG,LONG,0.5096787959337234,0.5198021531105042,0.49955543875694275,0.5198021531105042,0.5639780759811401,50.967879593372345,0.5062522888183594,1,True,True,False,52.5,True,-0.08166137337684634,UNRANKED,,False,,,
2017-11-06,2017-11-07,2017-11-09,T,XLC,13.562261339378374,13.929929733276367,13.846122499656694,2,take_profit,LONG,LONG,0.511188343167305,0.5228212475776672,0.49955543875694275,0.5228212475776672,0.5588394403457642,51.1188343167305,0.5062522888183594,1,True,True,False,52.5,True,0.009122282266616714,UNRANKED,,False,,,
2017-11-07,2017-11-08,2017-11-09,T,XLC,13.570526945764644,13.967107772827148,13.836091591804335,1,take_profit,LONG,LONG,0.5175751298666,0.5355948209762573,0.49955543875694275,0.5355948209762573,0.568664014339447,51.757512986660004,0.5062522888183594,1,True,True,False,52.5,True,0.060451090335846,UNRANKED,,False,,,
2017-11-08,2017-11-09,2017-11-10,T,XLC,13.810126886936144,14.26041316986084,14.096348254908381,1,stop_loss,SHORT,SHORT,0.49835917353630066,0.49716290831565857,0.49955543875694275,0.49716290831565857,0.570088803768158,50.164082646369934,0.5062522888183594,2,False,True,True,52.5,True,0.24631422758102406,UNRANKED,,False,,,
2017-11-09,2017-11-10,2017-11-17,T,XLC,14.115822596959147,14.256279945373535,14.256279945373535,5,time_exit,LONG,LONG,0.5075307935476303,0.5155061483383179,0.49955543875694275,0.5155061483383179,0.5669670104980469,50.75307935476303,0.5062522888183594,1,True,True,False,52.5,True,-0.24068883061409002,UNRANKED,,False,,,
2017-11-10,2017-11-13,2017-11-20,T,XLC,14.161267636353594,14.309981346130371,14.309981346130371,5,time_exit,LONG,LONG,0.5045432895421982,0.5095311403274536,0.49955543875694275,0.5095311403274536,0.5489736199378967,50.45432895421982,0.5062522888183594,2,False,True,True,52.5,True,-0.12615332007408134,UNRANKED,,False,,,
2017-11-13,2017-11-14,2017-11-21,T,XLC,14.124089148099332,14.181918144226074,14.181918144226074,5,time_exit,SHORT,SHORT,0.4995040148496628,0.4994525909423828,0.49955543875694275,0.4994525909423828,0.5648841261863708,50.04959851503372,0.5062522888183594,2,False,True,True,52.5,True,-0.15146929025650024,UNRANKED,,False,,,
2017-11-14,2017-11-15,2017-11-20,T,XLC,14.053859509042704,14.404996871948242,14.285786154594113,3,take_profit,LONG,LONG,0.50277079641819,0.5059861540794373,0.49955543875694275,0.5059861540794373,0.5242322683334351,50.277079641819,0.5062522888183594,2,False,True,True,52.5,True,-0.320757418870926,UNRANKED,,False,,,
2017-11-15,2017-11-16,2017-11-17,T,XLC,13.987763352031365,14.380213737487793,14.213788524673664,1,take_profit,LONG,LONG,0.5015538483858109,0.503552258014679,0.49955543875694275,0.503552258014679,0.5686315894126892,50.155384838581085,0.5062522888183594,2,False,True,True,52.5,True,0.038107544183731135,UNRANKED,,False,,,
2017-11-16,2017-11-17,2017-11-27,T,XLC,14.223231518948804,14.326506614685059,14.326506614685059,5,time_exit,SHORT,SHORT,0.4878493398427963,0.4761432409286499,0.49955543875694275,0.4761432409286499,0.5868268609046936,51.21506601572037,0.5062522888183594,1,True,False,True,52.5,True,-0.11315634846687317,UNRANKED,,False,,,
2017-11-17,2017-11-20,2017-11-28,T,XLC,14.272801740938053,14.632205963134766,14.498827322297917,5,stop_loss,SHORT,SHORT,0.49594664573669434,0.4923378527164459,0.49955543875694275,0.4923378527164459,0.5683410167694092,50.405335426330566,0.5062522888183594,2,False,True,True,52.5,True,0.07782688736915587,UNRANKED,,False,,,
2017-11-20,2017-11-21,2017-11-28,T,XLC,14.293456954321819,15.070094108581543,14.520662912007017,4,stop_loss,SHORT,SHORT,0.4964580684900284,0.493360698223114,0.49955543875694275,0.493360698223114,0.5740153193473816,50.35419315099716,0.5062522888183594,2,False,True,True,52.5,True,0.24347683787345892,UNRANKED,,False,,,
2017-11-21,2017-11-22,2017-11-28,T,XLC,14.161264361471321,15.028788566589355,14.400864134333347,3,stop_loss,SHORT,SHORT,0.4941498190164566,0.48874419927597046,0.49955543875694275,0.48874419927597046,0.6388611197471619,50.58501809835434,0.5062522888183594,2,False,True,True,52.5,True,0.14891365170478812,UNRANKED,,False,,,
2017-11-22,2017-11-24,2017-11-29,T,XLC,14.405000843957149,15.078360557556152,14.654043082465101,3,stop_loss,SHORT,SHORT,0.49234558641910553,0.4851357340812683,0.49955543875694275,0.4851357340812683,0.6025664210319519,50.76544135808945,0.5062522888183594,1,True,False,True,52.5,True,0.05497708916664128,UNRANKED,,False,,,
2017-11-24,2017-11-27,2017-11-29,T,XLC,14.392603461226592,15.396453857421875,14.637514110117497,2,stop_loss,SHORT,SHORT,0.4894493818283081,0.47934332489967346,0.49955543875694275,0.47934332489967346,0.6155242323875427,51.05506181716919,0.5062522888183594,1,True,False,True,52.5,True,-0.2333513796329499,UNRANKED,,False,,,
2017-11-27,2017-11-28,2017-11-29,T,XLC,14.276934602087243,15.099010467529297,14.50355132528409,1,stop_loss,SHORT,SHORT,0.4949285686016083,0.4903016984462738,0.49955543875694275,0.4903016984462738,0.5860690474510193,50.50714313983917,0.5062522888183594,2,False,True,True,52.5,True,0.05277937650680544,UNRANKED,,False,,,
2017-11-28,2017-11-29,2017-12-04,T,XLC,15.024653186294783,14.917248725891113,15.2825487921995,3,stop_loss,SHORT,SHORT,0.492097869515419,0.48464030027389526,0.49955543875694275,0.48464030027389526,0.5597434639930725,50.7902130484581,0.5062522888183594,1,True,False,True,52.5,True,0.17097628116607674,UNRANKED,,False,,,
2017-11-29,2017-11-30,2017-12-04,T,XLC,15.0783617320044,14.942033767700195,15.3769765064359,2,stop_loss,SHORT,SHORT,0.49427181482315063,0.4889881908893585,0.49955543875694275,0.4889881908893585,0.5514535903930664,50.57281851768494,0.5062522888183594,2,False,True,True,52.5,True,0.5897034108638763,UNRANKED,,False,,,
2017-11-30,2017-12-01,2017-12-04,T,XLC,15.016394888035052,15.17337703704834,15.287862233136545,1,stop_loss,SHORT,SHORT,0.49333125352859497,0.4871070683002472,0.49955543875694275,0.4871070683002472,0.5477457642555237,50.6668746471405,0.5062522888183594,1,True,False,True,52.5,True,0.5158224403858185,UNRANKED,,False,,,
2017-12-01,2017-12-04,2017-12-06,T,XLC,15.202293418726395,15.243603706359863,14.936727274055636,2,take_profit,SHORT,SHORT,0.494342178106308,0.4891289174556732,0.49955543875694275,0.4891289174556732,0.5136998295783997,50.5657821893692,0.5062522888183594,2,False,True,True,52.5,True,0.13977643847465523,UNRANKED,,False,,,
2017-12-04,2017-12-05,2017-12-12,T,XLC,15.210549261923576,15.739326477050781,15.518607046957756,5,stop_loss,SHORT,SHORT,0.49245838820934296,0.48536133766174316,0.49955543875694275,0.48536133766174316,0.5367318391799927,50.754161179065704,0.5062522888183594,1,True,False,True,52.5,True,0.4459855854511261,UNRANKED,,False,,,
2017-12-05,2017-12-06,2017-12-12,T,XLC,14.937903600100464,15.714546203613281,15.26189673800504,4,stop_loss,SHORT,SHORT,0.49512453377246857,0.4906936287879944,0.49955543875694275,0.4906936287879944,0.5400388836860657,50.48754662275314,0.5062522888183594,2,False,True,True,52.5,True,0.6332762390375137,UNRANKED,,False,,,
2017-12-06,2017-12-07,2017-12-12,T,XLC,14.925510078101766,15.590611457824707,15.270158030590256,3,stop_loss,SHORT,SHORT,0.49790266156196594,0.49624988436698914,0.49955543875694275,0.49624988436698914,0.5776407718658447,50.209733843803406,0.5062522888183594,2,False,True,True,52.5,True,0.6312569975852967,UNRANKED,,False,,,
2017-12-07,2017-12-08,2017-12-12,T,XLC,15.037052125397521,15.797164916992188,15.34334002713964,2,stop_loss,SHORT,SHORT,0.4944073408842087,0.4892592430114746,0.49955543875694275,0.4892592430114746,0.5854779481887817,50.55926591157913,0.5062522888183594,2,False,True,True,52.5,True,0.530720442533493,UNRANKED,,False,,,
2017-12-08,2017-12-11,2017-12-12,T,XLC,15.15685092866747,15.888044357299805,15.495597408246852,1,stop_loss,SHORT,SHORT,0.49318738281726837,0.486819326877594,0.49955543875694275,0.486819326877594,0.5517487525939941,50.68126171827316,0.5062522888183594,1,True,False,True,52.5,True,0.3381441235542296,UNRANKED,,False,,,
2017-12-11,2017-12-12,2017-12-19,T,XLC,15.710408197645684,15.71867561340332,15.71867561340332,5,time_exit,SHORT,SHORT,0.4913789629936218,0.4832024872303009,0.49955543875694275,0.4832024872303009,0.5396801233291626,50.86210370063782,0.5062522888183594,1,True,False,True,52.5,True,0.27600163221359253,UNRANKED,,False,,,
2017-12-12,2017-12-13,2017-12-20,T,XLC,15.702153693144002,15.925227165222168,15.925227165222168,5,time_exit,SHORT,SHORT,0.4937521517276764,0.48794886469841003,0.49955543875694275,0.48794886469841003,0.4870946705341339,50.62478482723236,0.5062522888183594,2,False,True,True,52.5,True,0.1699967384338378,UNRANKED,,False,,,
2017-12-13,2017-12-14,2017-12-21,T,XLC,15.640183575406095,16.061552047729492,16.005485252564995,5,stop_loss,SHORT,SHORT,0.49279695749282837,0.486038476228714,0.49955543875694275,0.486038476228714,0.4944261312484741,50.72030425071716,0.5062522888183594,1,True,False,True,52.5,True,-0.0036918222904205877,UNRANKED,,False,,,
2017-12-14,2017-12-15,2017-12-22,T,XLC,15.755854122123045,16.08633804321289,16.08633804321289,5,time_exit,SHORT,SHORT,0.49283261597156525,0.48610979318618774,0.49955543875694275,0.48610979318618774,0.48995548486709595,50.716738402843475,0.5062522888183594,1,True,False,True,52.5,True,0.35396289825439453,UNRANKED,,False,,,
2017-12-15,2017-12-18,2017-12-26,T,XLC,15.904569088925724,16.135910034179688,16.135910034179688,5,time_exit,SHORT,SHORT,0.49379362165927887,0.488031804561615,0.49955543875694275,0.488031804561615,0.492341548204422,50.62063783407211,0.5062522888183594,2,False,True,True,52.5,True,0.18237665295600886,UNRANKED,,False,,,
2017-12-18,2017-12-19,2017-12-27,T,XLC,15.888048945339422,16.06568145751953,16.06568145751953,5,time_exit,SHORT,SHORT,0.49425208568573,0.4889487326145172,0.49955543875694275,0.4889487326145172,0.4745999872684479,50.574791431427,0.5062522888183594,2,False,True,True,52.5,True,0.2282060384750366,UNRANKED,,False,,,
2017-12-19,2017-12-20,2017-12-28,T,XLC,15.809558193474077,16.185483932495117,16.141811104633046,5,stop_loss,SHORT,SHORT,0.4942707270383835,0.4889860153198242,0.49955543875694275,0.4889860153198242,0.4298522472381592,50.57292729616165,0.5062522888183594,2,False,True,True,52.5,True,0.025136709213256867,UNRANKED,,False,,,
2017-12-20,2017-12-21,2017-12-29,T,XLC,15.929358341095105,16.061552047729492,16.061552047729492,5,time_exit,SHORT,SHORT,0.493671253323555,0.48778706789016724,0.49955543875694275,0.48778706789016724,0.46316269040107727,50.6328746676445,0.5062522888183594,1,True,False,True,52.5,True,-0.005234152078628564,UNRANKED,,False,,,
2017-12-21,2017-12-22,2018-01-02,T,XLC,16.02024119015745,15.921093940734863,15.921093940734863,5,time_exit,SHORT,SHORT,0.49488115310668945,0.49020686745643616,0.49955543875694275,0.49020686745643616,0.45803144574165344,50.511884689331055,0.5062522888183594,2,False,True,True,52.5,True,0.2853396832942962,UNRANKED,,False,,,
2017-12-22,2017-12-26,2018-01-03,T,XLC,16.090468059789682,15.553433418273926,15.764116349061446,5,take_profit,SHORT,SHORT,0.4977599233388901,0.4959644079208374,0.49955543875694275,0.4959644079208374,0.4666672945022583,50.22400766611099,0.5062522888183594,2,False,True,True,52.5,True,0.0791037380695343,UNRANKED,,False,,,
2017-12-26,2017-12-27,2018-01-03,T,XLC,16.1441718533775,15.698019027709961,15.853230342495804,4,take_profit,SHORT,SHORT,0.4896154850721359,0.4796755313873291,0.49955543875694275,0.4796755313873291,0.5293008685112,51.03845149278641,0.5062522888183594,1,True,False,True,52.5,True,0.05578699707984927,UNRANKED,,False,,,
2017-12-27,2017-12-28,2018-01-03,T,XLC,16.111124713992407,15.755858421325684,15.836116512393286,3,take_profit,SHORT,SHORT,0.48607464134693146,0.47259384393692017,0.49955543875694275,0.47259384393692017,0.5538919568061829,51.392535865306854,0.5062522888183594,1,True,False,True,52.5,True,0.11490842700004576,UNRANKED,,False,,,
2017-12-28,2017-12-29,2018-01-03,T,XLC,16.202008121835583,15.801300048828125,15.913426001212676,2,take_profit,SHORT,SHORT,0.48355714976787567,0.4675588607788086,0.49955543875694275,0.4675588607788086,0.57762211561203,51.64428502321243,0.5062522888183594,1,True,False,True,52.5,True,0.13040596246719355,UNRANKED,,False,,,
2017-12-29,2018-01-02,2018-01-03,T,XLC,16.135909208201113,15.760095596313477,15.862671571089994,1,take_profit,SHORT,SHORT,0.4970409870147705,0.49452653527259827,0.49955543875694275,0.49452653527259827,0.5765165686607361,50.29590129852295,0.5062522888183594,2,False,True,True,52.5,True,0.17357337474822998,UNRANKED,,False,,,
2018-01-02,2018-01-03,2018-01-10,T,XLC,15.892180081116114,15.394363403320312,15.608909381478838,5,take_profit,SHORT,SHORT,0.4872147887945175,0.4748741388320923,0.49955543875694275,0.4748741388320923,0.5695675611495972,51.27852112054825,0.5062522888183594,1,True,False,True,52.5,True,0.04906529188156142,UNRANKED,,False,,,
2018-01-03,2018-01-04,2018-01-11,T,XLC,15.594742566148154,15.335508346557617,15.335508346557617,5,time_exit,SHORT,SHORT,0.4892664700746536,0.4789775013923645,0.49955543875694275,0.4789775013923645,0.5137321352958679,51.07335299253464,0.5062522888183594,1,True,False,True,52.5,True,-0.13829395174980172,UNRANKED,,False,,,
2018-01-04,2018-01-05,2018-01-10,T,XLC,15.755858421325684,15.512073516845703,15.473767280578613,3,take_profit,SHORT,SHORT,0.49662522971630096,0.4936950206756592,0.49955543875694275,0.4936950206756592,0.44974714517593384,50.337477028369904,0.5062522888183594,2,False,True,True,52.5,True,0.09606277942657482,UNRANKED,,False,,,
2018-01-05,2018-01-08,2018-01-10,T,XLC,15.759989243637293,15.436405181884766,15.487340296057772,2,take_profit,SHORT,SHORT,0.4923238158226013,0.4850921928882599,0.49955543875694275,0.4850921928882599,0.5173729062080383,50.76761841773987,0.5062522888183594,1,True,False,True,52.5,True,0.21870270371437067,UNRANKED,,False,,,
2018-01-08,2018-01-09,2018-01-10,T,XLC,15.818948653431962,15.49105453491211,15.56931568180459,1,take_profit,SHORT,SHORT,0.4914434254169464,0.4833314120769501,0.49955543875694275,0.4833314120769501,0.5027585029602051,50.85565745830536,0.5062522888183594,1,True,False,True,52.5,True,0.18401366472244268,UNRANKED,,False,,,
2018-01-09,2018-01-10,2018-01-11,T,XLC,15.71805734272011,15.617168426513672,15.475520797920305,1,stop_loss,LONG,LONG,0.5162006169557571,0.5328457951545715,0.49955543875694275,0.5328457951545715,0.4530254006385803,51.620061695575714,0.5062522888183594,1,True,True,False,52.5,True,-0.08819308876991272,UNRANKED,,False,,,
2018-01-10,2018-01-11,2018-01-19,T,XLC,15.415381101025474,15.6423921585083,15.6423921585083,5,time_exit,SHORT,SHORT,0.49776819348335266,0.4959809482097626,0.49955543875694275,0.4959809482097626,0.48050785064697266,50.223180651664734,0.5062522888183594,2,False,True,True,52.5,True,0.14140337705612185,UNRANKED,,False,,,
2018-01-11,2018-01-12,2018-01-18,T,XLC,15.335513249344576,15.919844627380371,15.585002216150171,3,stop_loss,SHORT,SHORT,0.4907010644674301,0.4818466901779175,0.49955543875694275,0.4818466901779175,0.5622410774230957,50.92989355325699,0.5062522888183594,1,True,False,True,52.5,True,0.527486950159073,UNRANKED,,False,,,
2018-01-12,2018-01-16,2018-01-22,T,XLC,15.512074022078602,15.63398265838623,15.767311601424305,4,stop_loss,SHORT,SHORT,0.4950256049633026,0.4904957711696625,0.49955543875694275,0.4904957711696625,0.4255983531475067,50.49743950366974,0.5062522888183594,2,False,True,True,52.5,True,0.2582092881202698,UNRANKED,,False,,,
2018-01-16,2018-01-17,2018-01-22,T,XLC,15.457422997441048,15.562520980834961,15.7199294824264,3,stop_loss,SHORT,SHORT,0.49506519734859467,0.4905749559402466,0.49955543875694275,0.4905749559402466,0.4213782548904419,50.49348026514053,0.5062522888183594,2,False,True,True,52.5,True,-0.021992713212966915,UNRANKED,,False,,,
2018-01-17,2018-01-18,2018-01-22,T,XLC,15.486850466283562,15.74328327178955,15.750082288706134,2,stop_loss,SHORT,SHORT,0.48822300136089325,0.47689056396484375,0.49955543875694275,0.47689056396484375,0.41122937202453613,51.177699863910675,0.5062522888183594,1,True,False,True,52.5,True,-0.042399168014526464,UNRANKED,,False,,,
2018-01-18,2018-01-19,2018-01-26,T,XLC,15.709653110038248,15.89882755279541,15.89882755279541,5,time_exit,SHORT,SHORT,0.49650008976459503,0.4934447407722473,0.49955543875694275,0.4934447407722473,0.4274199604988098,50.3499910235405,0.5062522888183594,2,False,True,True,52.5,True,-0.15819442272186277,UNRANKED,,False,,,
2018-01-19,2018-01-22,2018-01-26,T,XLC,15.638190023796117,15.663412094116211,15.895894213641611,4,stop_loss,SHORT,SHORT,0.4843217432498932,0.46908804774284363,0.49955543875694275,0.46908804774284363,0.47980883717536926,51.56782567501068,0.5062522888183594,1,True,False,True,52.5,True,-0.15020194649696356,UNRANKED,,False,,,
2018-01-22,2018-01-23,2018-01-24,T,XLC,15.953471614333344,15.739079475402832,15.673835912472644,1,take_profit,SHORT,SHORT,0.491411030292511,0.4832666218280792,0.49955543875694275,0.4832666218280792,0.4560021758079529,50.8588969707489,0.5062522888183594,1,True,False,True,52.5,True,-0.16625154018402108,UNRANKED,,False,,,
2018-01-23,2018-01-24,2018-01-31,T,XLC,15.676024246314418,15.74328327178955,15.74328327178955,5,time_exit,SHORT,SHORT,0.49937042593955994,0.4991854131221771,0.49955543875694275,0.4991854131221771,0.43411925435066223,50.062957406044006,0.5062522888183594,2,False,True,True,52.5,True,0.022342920303344664,UNRANKED,,False,,,
2018-01-24,2018-01-25,2018-01-26,T,XLC,15.591946654461557,16.462135314941406,15.850040215906521,1,stop_loss,SHORT,SHORT,0.49650710821151733,0.4934587776660919,0.49955543875694275,0.4934587776660919,0.4747560918331146,50.34928917884827,0.5062522888183594,2,False,True,True,52.5,True,0.16789188981056216,UNRANKED,,False,,,
2018-01-25,2018-01-26,2018-02-01,T,XLC,15.74748984854861,16.00391960144043,16.01075150735337,4,stop_loss,SHORT,SHORT,0.49394814670085907,0.4883408546447754,0.49955543875694275,0.4883408546447754,0.4365575611591339,50.60518532991409,0.5062522888183594,2,False,True,True,52.5,True,-0.1774393916130066,UNRANKED,,False,,,
2018-01-26,2018-01-29,2018-02-01,T,XLC,15.608761903009016,15.398569107055664,15.885981402869508,3,stop_loss,SHORT,SHORT,0.49688878655433655,0.49422213435173035,0.49955543875694275,0.49422213435173035,0.3960823118686676,50.311121344566345,0.5062522888183594,2,False,True,True,52.5,True,-0.04245302081108088,UNRANKED,,False,,,
2018-01-29,2018-01-30,2018-02-01,T,XLC,15.705448999997325,15.482645988464355,16.009807618597353,2,stop_loss,SHORT,SHORT,0.4960678964853287,0.4925803542137146,0.49955543875694275,0.4925803542137146,0.4289611577987671,50.39321035146713,0.5062522888183594,2,False,True,True,52.5,True,0.06695586442947371,UNRANKED,,False,,,
2018-01-30,2018-01-31,2018-02-01,T,XLC,15.730672506279822,15.52468490600586,16.039954400418704,1,stop_loss,SHORT,SHORT,0.49826598167419434,0.4969765245914459,0.49955543875694275,0.4969765245914459,0.4420586824417114,50.173401832580566,0.5062522888183594,2,False,True,True,52.5,True,-0.09902089834213246,UNRANKED,,False,,,
2018-01-31,2018-02-01,2018-02-05,T,XLC,16.18888756811876,14.95296573638916,15.931252587780799,2,take_profit,SHORT,SHORT,0.4896131306886673,0.47967082262039185,0.49955543875694275,0.47967082262039185,0.4732103943824768,51.03868693113327,0.5062522888183594,1,True,False,True,52.5,True,0.1579926311969757,UNRANKED,,False,,,
2018-02-01,2018-02-02,2018-02-05,T,XLC,16.40748531298692,15.154748916625977,16.05556504887908,1,stop_loss,LONG,LONG,0.5006334334611893,0.5017114281654358,0.49955543875694275,0.5017114281654358,0.42072340846061707,50.06334334611893,0.5062522888183594,2,False,True,True,52.5,True,-0.2478265464305878,UNRANKED,,False,,,
2018-02-02,2018-02-05,2018-02-06,T,XLC,15.894619395819317,15.28926944732666,15.50246333982392,1,take_profit,SHORT,SHORT,0.4939340502023697,0.4717961847782135,0.5160719156265259,0.4717961847782135,0.5415562391281128,50.60659497976303,0.5062522888183594,2,False,True,True,52.5,True,0.34141582250595087,UNRANKED,,False,,,
2018-02-05,2018-02-06,2018-02-13,T,XLC,15.167359892569712,15.385956764221191,15.385956764221191,5,time_exit,LONG,LONG,0.5202106535434723,0.5243493914604187,0.5160719156265259,0.5243493914604187,0.5597566366195679,52.02106535434723,0.5062522888183594,1,True,True,False,52.5,True,0.9156930446624757,UNRANKED,,False,,,
2018-02-06,2018-02-07,2018-02-08,T,XLC,15.47423866174129,15.306082725524902,15.002209793202297,1,stop_loss,LONG,LONG,0.5023395866155624,0.512394368648529,0.4922848045825958,0.512394368648529,0.5488376021385193,50.233958661556244,0.5062522888183594,2,False,True,True,52.5,True,0.6428964734077455,UNRANKED,,False,,,
2018-02-07,2018-02-08,2018-02-15,T,XLC,15.507869114471793,15.554109573364258,15.554109573364258,5,time_exit,SHORT,SHORT,0.4862459599971771,0.4820552170276642,0.49043670296669006,0.47843942505133474,0.5326142311096191,51.37540400028229,0.5101221203804016,1,True,False,True,62.046978915300656,False,0.4734930098056794,UNRANKED,,False,,,
2018-02-08,2018-02-09,2018-02-16,T,XLC,15.062264317029497,15.612964630126953,15.600353251791635,5,stop_loss,SHORT,SHORT,0.4902067929506302,0.4899768829345703,0.49043670296669006,0.4821118443904133,0.4640829265117645,50.97932070493698,0.5101221203804016,2,False,True,True,62.046978915300656,False,0.5097241103649139,UNRANKED,,False,,,
2018-02-09,2018-02-12,2018-02-20,T,XLC,15.27245368104638,15.457423210144043,15.457423210144043,5,time_exit,LONG,LONG,0.5051341354846954,0.5023273825645447,0.5079408884048462,0.4821118443904133,0.4480845034122467,50.51341354846954,0.5101221203804016,2,False,True,True,62.046978915300656,False,1.0509241372346878,UNRANKED,,False,,,
2018-02-12,2018-02-13,2018-02-21,T,XLC,15.255638823262517,15.264047622680664,15.264047622680664,5,time_exit,LONG,LONG,0.5114302337169647,0.5149195790290833,0.5079408884048462,0.4821118443904133,0.4702357053756714,51.14302337169647,0.5101221203804016,1,True,True,False,62.046978915300656,False,0.863437682390213,UNRANKED,,False,,,
2018-02-13,2018-02-14,2018-02-22,T,XLC,15.301878784346629,15.33130931854248,15.33130931854248,5,time_exit,LONG,LONG,0.5048983693122864,0.5018558502197266,0.5079408884048462,0.4821118443904133,0.4661902189254761,50.48983693122864,0.5101221203804016,2,False,True,True,62.046978915300656,False,1.0680766999721527,UNRANKED,,False,,,
2018-02-14,2018-02-15,2018-02-23,T,XLC,15.331307035462627,15.436405181884766,15.436405181884766,5,time_exit,LONG,LONG,0.5206583142280579,0.5263031721115112,0.5150134563446045,0.4821118443904133,0.4237542748451233,52.065831422805786,0.5101221203804016,1,True,True,False,62.046978915300656,False,0.4630949795246125,UNRANKED,,False,,,
2018-02-15,2018-02-16,2018-02-26,T,XLC,15.54570367830917,15.747485160827637,15.747485160827637,5,time_exit,LONG,LONG,0.5098457932472229,0.5002615451812744,0.5194300413131714,0.4821118443904133,0.4830109775066376,50.98457932472229,0.5101221203804016,2,False,True,True,62.046978915300656,False,0.1578243970870974,UNRANKED,,False,,,
2018-02-16,2018-02-20,2018-02-27,T,XLC,15.503665513201508,15.499457359313965,15.499457359313965,5,time_exit,SHORT,SHORT,0.47112032771110535,0.4430677890777588,0.4991728663444519,0.3660245183887916,0.5262758731842041,52.887967228889465,0.5101221203804016,1,True,False,True,62.046978915300656,False,0.3897121250629426,UNRANKED,,False,,,
2018-02-20,2018-02-21,2018-02-28,T,XLC,15.457422588412879,15.259841918945312,15.259841918945312,5,time_exit,SHORT,SHORT,0.4825770705938339,0.46598127484321594,0.4991728663444519,0.44042232277526394,0.5260327458381653,51.74229294061661,0.5101221203804016,1,True,False,True,62.046978915300656,False,0.24888780713081365,UNRANKED,,False,,,
2018-02-21,2018-02-22,2018-03-01,T,XLC,15.331309318542482,15.133729934692383,15.133729934692383,5,time_exit,SHORT,SHORT,0.4847289025783539,0.47028493881225586,0.4991728663444519,0.44042232277526394,0.5361244678497314,51.52710974216461,0.5101221203804016,1,True,False,True,62.046978915300656,False,0.262095421552658,UNRANKED,,False,,,
2018-02-22,2018-02-23,2018-03-02,T,XLC,15.364940284101875,15.280862808227539,15.280862808227539,5,time_exit,SHORT,SHORT,0.4951847195625305,0.49119657278060913,0.4991728663444519,0.4821118443904133,0.5379784107208252,50.48152804374695,0.5101221203804016,2,False,True,True,62.046978915300656,False,0.3975970149040221,UNRANKED,,False,,,
2018-02-23,2018-02-26,2018-03-01,T,XLC,15.524683675456624,15.428000450134277,15.146939818209134,3,take_profit,SHORT,SHORT,0.4848258048295975,0.47047874331474304,0.4991728663444519,0.44042232277526394,0.5952196717262268,51.51741951704025,0.5101221203804016,1,True,False,True,62.046978915300656,False,0.29390639066696167,UNRANKED,,False,,,
2018-02-26,2018-02-27,2018-02-28,T,XLC,15.730667750173245,15.499457359313965,15.394962537988883,1,stop_loss,LONG,LONG,0.5055818855762482,0.5119909048080444,0.4991728663444519,0.4821118443904133,0.5370568633079529,50.55818855762482,0.5101221203804016,2,False,True,True,62.046978915300656,False,0.217710316181183,UNRANKED,,False,,,
2018-02-27,2018-02-28,2018-03-01,T,XLC,15.629778162615198,15.516282081604004,15.27065139041584,1,stop_loss,LONG,LONG,0.5022985339164734,0.5054242014884949,0.4991728663444519,0.4821118443904133,0.5357892513275146,50.22985339164734,0.5101221203804016,2,False,True,True,62.046978915300656,False,0.2857574820518493,UNRANKED,,False,,,
2018-02-28,2018-03-01,2018-03-08,T,XLC,15.264047894861841,15.60035228729248,15.60035228729248,5,time_exit,LONG,LONG,0.5018396377563477,0.5045064091682434,0.4991728663444519,0.4821118443904133,0.452816367149353,50.183963775634766,0.5101221203804016,2,False,True,True,62.046978915300656,False,0.23967531323432914,UNRANKED,,False,,,
2018-03-01,2018-03-02,2018-03-06,T,XLC,15.133729087702314,15.575132369995117,15.457422908110726,2,take_profit,LONG,LONG,0.5047277212142944,0.510282576084137,0.4991728663444519,0.4821118443904133,0.4430018663406372,50.47277212142944,0.5101221203804016,2,False,True,True,62.046978915300656,False,0.33424583077430725,UNRANKED,,False,,,
2018-03-02,2018-03-05,2018-03-08,T,XLC,15.217810717841006,15.705451011657715,15.533697351577754,3,stop_loss,SHORT,SHORT,0.49401481449604034,0.4888567626476288,0.4991728663444519,0.4821118443904133,0.46662193536758423,50.598518550395966,0.5101221203804016,2,False,True,True,62.046978915300656,False,0.38798651099205006,UNRANKED,,False,,,
2018-03-05,2018-03-06,2018-03-13,T,XLC,15.482642656517651,15.718059539794922,15.718059539794922,5,time_exit,SHORT,SHORT,0.49697646498680115,0.4947800636291504,0.4991728663444519,0.4821118443904133,0.5045265555381775,50.302353501319885,0.5101221203804016,2,False,True,True,62.046978915300656,False,0.3226862847805022,UNRANKED,,False,,,
2018-03-06,2018-03-07,2018-03-12,T,XLC,15.381760135165857,15.56672477722168,15.695844869401348,3,stop_loss,SHORT,SHORT,0.49597568809986115,0.4927785098552704,0.4991728663444519,0.4821118443904133,0.5210205316543579,50.402431190013885,0.5101221203804016,2,False,True,True,62.046978915300656,False,0.3856349885463714,UNRANKED,,False,,,
2018-03-07,2018-03-08,2018-03-15,T,XLC,15.516275575223258,15.570927619934082,15.570927619934082,5,time_exit,LONG,LONG,0.5004908740520477,0.5018088817596436,0.4991728663444519,0.4821118443904133,0.5151497721672058,50.04908740520477,0.5101221203804016,2,False,True,True,62.046978915300656,False,0.20701161026954634,UNRANKED,,False,,,
2018-03-08,2018-03-09,2018-03-16,T,XLC,15.625578621648668,15.554109573364258,15.554109573364258,5,time_exit,SHORT,SHORT,0.49802230298519135,0.4968717396259308,0.4991728663444519,0.4821118443904133,0.5866663455963135,50.197769701480865,0.5101221203804016,2,False,True,True,62.046978915300656,False,0.27586549520492565,UNRANKED,,False,,,
2018-03-09,2018-03-12,2018-03-19,T,XLC,15.575131973867872,15.377551078796387,15.377551078796387,5,time_exit,LONG,LONG,0.5171598196029663,0.5351467728614807,0.4991728663444519,0.4821118443904133,0.5060817003250122,51.71598196029663,0.5101221203804016,1,True,True,False,62.046978915300656,False,0.342415302991867,UNRANKED,,False,,,
2018-03-12,2018-03-13,2018-03-19,T,XLC,15.785320489643206,15.276658058166504,15.512073452028112,4,take_profit,SHORT,SHORT,0.4992031157016754,0.4992333650588989,0.4991728663444519,0.4821118443904133,0.5749331712722778,50.07968842983246,0.5101221203804016,2,False,True,True,62.046978915300656,False,0.3157460391521454,UNRANKED,,False,,,
2018-03-13,2018-03-14,2018-03-16,T,XLC,15.802138129573972,15.133729934692383,15.554714957576902,2,take_profit,SHORT,SHORT,0.4995909035205841,0.5000089406967163,0.4991728663444519,0.4821118443904133,0.5525715351104736,50.04090964794159,0.5101221203804016,2,False,True,True,62.046978915300656,False,0.31618896126747126,UNRANKED,,False,,,
2018-03-14,2018-03-15,2018-03-20,T,XLC,15.591947332700654,14.868889808654785,15.332513722601952,3,take_profit,SHORT,SHORT,0.49909886717796326,0.4990248680114746,0.4991728663444519,0.4821118443904133,0.5396061539649963,50.090113282203674,0.5101221203804016,2,False,True,True,62.046978915300656,False,0.34272795915603643,UNRANKED,,False,,,
2018-03-15,2018-03-16,2018-03-20,T,XLC,15.591943986623052,14.587235450744629,15.346923665185761,2,stop_loss,LONG,LONG,0.5019491314888,0.5047253966331482,0.4991728663444519,0.4821118443904133,0.5072076916694641,50.194913148880005,0.5101221203804016,2,False,True,True,62.046978915300656,False,0.2016212046146393,UNRANKED,,False,,,
2018-03-16,2018-03-19,2018-03-20,T,XLC,15.54570345593551,14.583028793334961,15.342720553408654,1,stop_loss,LONG,LONG,0.5029137432575226,0.5066546201705933,0.4991728663444519,0.4821118443904133,0.47877439856529236,50.29137432575226,0.5101221203804016,2,False,True,True,62.046978915300656,False,0.3276212215423584,UNRANKED,,False,,,
2018-03-19,2018-03-20,2018-03-21,T,XLC,15.419586767616861,14.671310424804688,15.226813766082262,1,stop_loss,LONG,LONG,0.5021874904632568,0.5052021145820618,0.4991728663444519,0.4821118443904133,0.4293138086795807,50.218749046325684,0.5101221203804016,2,False,True,True,62.046978915300656,False,0.3734682500362396,UNRANKED,,False,,,
2018-03-20,2018-03-21,2018-03-22,T,XLC,15.276659721304647,14.94876480102539,15.103704208304158,1,take_profit,SHORT,SHORT,0.4993017911911011,0.49943071603775024,0.4991728663444519,0.4821118443904133,0.5334219932556152,50.06982088088989,0.5101221203804016,2,False,True,True,62.046978915300656,False,0.3799241483211517,UNRANKED,,False,,,
2018-03-21,2018-03-22,2018-03-23,T,XLC,15.112711017683113,14.986595153808594,14.937353199079597,1,stop_loss,LONG,LONG,0.5021452903747559,0.5051177144050598,0.4991728663444519,0.4821118443904133,0.46627721190452576,50.214529037475586,0.5101221203804016,2,False,True,True,62.046978915300656,False,0.3848342001438141,UNRANKED,,False,,,
2018-03-22,2018-03-23,2018-03-26,T,XLC,14.868891101315581,14.755387306213379,14.676717960926002,1,stop_loss,LONG,LONG,0.5119272172451019,0.5088409781455994,0.5150134563446045,0.4821118443904133,0.41190558671951294,51.19272172451019,0.5101221203804016,1,True,True,False,62.046978915300656,False,0.5738107264041902,UNRANKED,,False,,,
2018-03-23,2018-03-26,2018-03-29,T,XLC,14.738570388197722,14.868889808654785,14.949960202302075,3,take_profit,LONG,LONG,0.5055274367332458,0.5031139850616455,0.5079408884048462,0.4821118443904133,0.4477449059486389,50.552743673324585,0.5101221203804016,2,False,True,True,62.046978915300656,False,0.44340214133262634,UNRANKED,,False,,,
2018-03-26,2018-03-27,2018-03-28,T,XLC,14.650291775201866,15.083279609680176,14.852074410481931,1,stop_loss,SHORT,SHORT,0.4917568266391754,0.4843407869338989,0.4991728663444519,0.47843942505133474,0.5537012219429016,50.82431733608246,0.5101221203804016,2,False,True,True,62.046978915300656,False,0.6000424921512603,UNRANKED,,False,,,
2018-03-27,2018-03-28,2018-04-04,T,XLC,14.835262586570758,15.192582130432129,15.047253351733636,4,stop_loss,SHORT,SHORT,0.4936118721961975,0.4722102880477905,0.5150134563446045,0.4630541871921182,0.5152203440666199,50.63881278038025,0.5101221203804016,2,False,True,True,62.046978915300656,False,0.608338475227356,UNRANKED,,False,,,
2018-03-28,2018-03-29,2018-04-02,T,XLC,14.999206979365995,14.978187561035156,14.759589904127086,1,stop_loss,LONG,LONG,0.5057822465896606,0.4965510368347168,0.5150134563446045,0.4821118443904133,0.41026949882507324,50.578224658966064,0.5101221203804016,2,False,True,True,62.046978915300656,False,0.536321222782135,UNRANKED,,False,,,
2018-03-29,2018-04-02,2018-04-09,T,XLC,14.95717016635136,15.064711570739746,15.064711570739746,5,time_exit,LONG,LONG,0.5079811960458755,0.4965323507785797,0.5194300413131714,0.4821118443904133,0.431804895401001,50.798119604587555,0.5101221203804016,2,False,True,True,62.046978915300656,False,0.48499664664268494,UNRANKED,,False,,,
2018-04-02,2018-04-03,2018-04-04,T,XLC,14.780609148323022,15.338849067687988,15.036440458050281,1,take_profit,LONG,LONG,0.5004458427429199,0.49295079708099365,0.5079408884048462,0.4821118443904133,0.3799351751804352,50.04458427429199,0.5101221203804016,2,False,True,True,62.046978915300656,False,0.520370900630951,UNRANKED,,False,,,
2018-04-03,2018-04-04,2018-04-05,T,XLC,14.780605411356527,15.098981857299805,15.050850145984388,1,take_profit,LONG,LONG,0.5064922720193863,0.4979710876941681,0.5150134563446045,0.4821118443904133,0.3977552056312561,50.64922720193863,0.5101221203804016,2,False,True,True,62.046978915300656,False,0.649366945028305,UNRANKED,,False,,,
2018-04-04,2018-04-05,2018-04-12,T,XLC,15.104301479766217,15.060428619384766,15.060428619384766,5,time_exit,SHORT,SHORT,0.4964318722486496,0.4936908781528473,0.4991728663444519,0.4821118443904133,0.47002458572387695,50.35681277513504,0.5101221203804016,2,False,True,True,62.046978915300656,False,0.3714807331562042,UNRANKED,,False,,,
2018-04-05,2018-04-06,2018-04-13,T,XLC,15.137933108125843,15.051862716674805,15.051862716674805,5,time_exit,LONG,LONG,0.5099079310894012,0.5206429958343506,0.4991728663444519,0.4821118443904133,0.40239647030830383,50.990793108940125,0.5101221203804016,2,False,True,True,62.046978915300656,False,0.4792436361312867,UNRANKED,,False,,,
2018-04-06,2018-04-09,2018-04-16,T,XLC,15.094695191642275,15.266036033630371,15.266036033630371,5,time_exit,LONG,LONG,0.501228079199791,0.4874427020549774,0.5150134563446045,0.4821118443904133,0.38350909948349,50.122807919979095,0.5101221203804016,2,False,True,True,62.046978915300656,False,0.6638555824756623,UNRANKED,,False,,,
2018-04-09,2018-04-10,2018-04-17,T,XLC,15.128962635590916,15.146097183227539,15.146097183227539,5,time_exit,SHORT,SHORT,0.48981383442878723,0.48045480251312256,0.4991728663444519,0.47843942505133474,0.4765496253967285,51.01861655712128,0.5101221203804016,1,True,False,True,62.046978915300656,False,0.48083290457725525,UNRANKED,,False,,,
2018-04-10,2018-04-11,2018-04-18,T,XLC,15.274601171954863,15.081844329833984,15.081844329833984,5,time_exit,SHORT,SHORT,0.4980105012655258,0.49684813618659973,0.4991728663444519,0.4821118443904133,0.5885158777236938,50.19894987344742,0.5101221203804016,2,False,True,True,62.046978915300656,False,0.5015164911746978,UNRANKED,,False,,,
2018-04-11,2018-04-12,2018-04-19,T,XLC,15.17179713107903,14.91479778289795,14.91479778289795,5,time_exit,LONG,LONG,0.5016811192035675,0.5041893720626831,0.4991728663444519,0.4821118443904133,0.47491759061813354,50.16811192035675,0.5101221203804016,2,False,True,True,62.046978915300656,False,0.5243901908397676,UNRANKED,,False,,,
2018-04-12,2018-04-13,2018-04-20,T,XLC,15.081847422728389,14.850542068481445,14.850542068481445,5,time_exit,SHORT,SHORT,0.4982988089323044,0.49742475152015686,0.4991728663444519,0.4821118443904133,0.5781423449516296,50.17011910676956,0.5101221203804016,2,False,True,True,62.046978915300656,False,0.3448982238769532,UNRANKED,,False,,,
2018-04-13,2018-04-16,2018-04-20,T,XLC,15.150385040382112,14.944778442382812,14.87349673798779,4,take_profit,SHORT,SHORT,0.4930361211299896,0.48689937591552734,0.4991728663444519,0.4821118443904133,0.6182945966720581,50.69638788700104,0.5101221203804016,2,False,True,True,62.046978915300656,False,0.3497709929943084,UNRANKED,,False,,,
2018-04-16,2018-04-17,2018-04-19,T,XLC,15.287449318328344,14.991896629333496,14.980565778856036,2,take_profit,SHORT,SHORT,0.499529168009758,0.4998854696750641,0.4991728663444519,0.4821118443904133,0.5524801015853882,50.0470831990242,0.5101221203804016,2,False,True,True,62.046978915300656,False,0.27686008810997004,UNRANKED,,False,,,
2018-04-17,2018-04-18,2018-04-20,T,XLC,15.197495274097685,15.07756233215332,14.886089274777792,2,take_profit,SHORT,SHORT,0.4983433932065964,0.49751392006874084,0.4991728663444519,0.4821118443904133,0.5656487345695496,50.16566067934036,0.5101221203804016,2,False,True,True,62.046978915300656,False,0.3004691004753112,UNRANKED,,False,,,
2018-04-18,2018-04-19,2018-04-26,T,XLC,15.094700655127706,14.17805004119873,14.81375201621169,5,take_profit,SHORT,SHORT,0.4994077533483505,0.49964264035224915,0.4991728663444519,0.4821118443904133,0.5400505065917969,50.05922466516495,0.5101221203804016,2,False,True,True,62.046978915300656,False,0.29158428311347967,UNRANKED,,False,,,
2018-04-19,2018-04-20,2018-04-26,T,XLC,14.93192695749393,14.152351379394531,14.632518862270366,4,stop_loss,LONG,LONG,0.5038955807685852,0.5086182951927185,0.4991728663444519,0.4821118443904133,0.4882271885871887,50.38955807685852,0.5101221203804016,2,False,True,True,62.046978915300656,False,0.2784580588340758,UNRANKED,,False,,,
2018-04-20,2018-04-23,2018-04-26,T,XLC,14.86767599611413,14.0067138671875,14.592118205630383,3,take_profit,SHORT,SHORT,0.49787449836730957,0.49657613039016724,0.4991728663444519,0.4821118443904133,0.5269156098365784,50.21255016326904,0.5101221203804016,2,False,True,True,62.046978915300656,False,0.28097906708717346,UNRANKED,,False,,,
2018-04-23,2018-04-24,2018-04-26,T,XLC,15.05614741245546,13.93818187713623,14.78334192604886,2,take_profit,SHORT,SHORT,0.4945109486579895,0.4898490309715271,0.4991728663444519,0.4821118443904133,0.5149986743927002,50.54890513420105,0.5101221203804016,2,False,True,True,62.046978915300656,False,0.21522080898284912,UNRANKED,,False,,,
2018-04-24,2018-04-25,2018-04-26,T,XLC,14.936210202190935,13.73257827758789,14.687300660652152,1,take_profit,SHORT,SHORT,0.48894400894641876,0.4787151515483856,0.4991728663444519,0.4630541871921182,0.5411001443862915,51.105599105358124,0.5101221203804016,1,True,False,True,62.046978915300656,False,0.18272814154624933,UNRANKED,,False,,,
2018-04-25,2018-04-26,2018-04-30,T,XLC,14.32368571818137,13.681175231933594,14.078152864918605,2,take_profit,SHORT,SHORT,0.48434773087501526,0.4695225954055786,0.4991728663444519,0.44042232277526394,0.6067696213722229,51.565226912498474,0.5101221203804016,1,True,False,True,62.046978915300656,False,0.2766060531139374,UNRANKED,,False,,,
2018-04-26,2018-04-27,2018-05-02,T,XLC,14.195184515564232,13.766847610473633,13.85177770207895,3,take_profit,SHORT,SHORT,0.4840916246175766,0.4690103828907013,0.4991728663444519,0.44042232277526394,0.5472468733787537,51.59083753824234,0.5101221203804016,1,True,False,True,62.046978915300656,False,0.20066300034523016,UNRANKED,,False,,,
2018-04-27,2018-04-30,2018-05-02,T,XLC,14.250867471099557,13.724010467529297,13.916149993028617,2,take_profit,SHORT,SHORT,0.49347104132175446,0.487769216299057,0.4991728663444519,0.4821118443904133,0.5401651263237,50.652895867824554,0.5101221203804016,2,False,True,True,62.046978915300656,False,0.3293291330337524,UNRANKED,,False,,,
2018-04-30,2018-05-01,2018-05-03,T,XLC,14.028132764393538,13.578372955322266,13.711772426999914,2,take_profit,SHORT,SHORT,0.49597516655921936,0.4927774667739868,0.4991728663444519,0.4821118443904133,0.5200539827346802,50.402483344078064,0.5101221203804016,2,False,True,True,62.046978915300656,False,0.3612788319587708,UNRANKED,,False,,,
2018-05-01,2018-05-02,2018-05-03,T,XLC,13.976731910629566,13.449870109558105,13.684848033284071,1,take_profit,SHORT,SHORT,0.4886306971311569,0.47808852791786194,0.4991728663444519,0.4630541871921182,0.5737372040748596,51.13693028688431,0.5101221203804016,1,True,False,True,62.046978915300656,False,0.34034678339958196,UNRANKED,,False,,,
2018-05-02,2018-05-03,2018-05-10,T,XLC,13.724009443809326,13.655475616455078,13.655475616455078,5,time_exit,SHORT,SHORT,0.4776213467121124,0.45606982707977295,0.4991728663444519,0.4131455399061033,0.48592719435691833,52.23786532878876,0.5101221203804016,1,True,False,True,62.046978915300656,False,0.3081867992877961,UNRANKED,,False,,,
2018-05-03,2018-05-04,2018-05-11,T,XLC,13.681180237080795,13.831095695495605,13.831095695495605,5,time_exit,SHORT,SHORT,0.4823518246412277,0.46553078293800354,0.4991728663444519,0.4131455399061033,0.4820840656757355,51.76481753587723,0.5101221203804016,1,True,False,True,62.046978915300656,False,0.3616839945316313,UNRANKED,,False,,,
2018-05-04,2018-05-07,2018-05-09,T,XLC,13.801110756617588,13.788256645202637,13.497600226963222,2,take_profit,SHORT,SHORT,0.4804999530315399,0.46182703971862793,0.4991728663444519,0.4131455399061033,0.5105963945388794,51.95000469684601,0.5101221203804016,1,True,False,True,62.046978915300656,False,0.35942882299423223,UNRANKED,,False,,,
2018-05-07,2018-05-08,2018-05-15,T,XLC,13.694024995917152,13.7454252243042,13.7454252243042,5,time_exit,SHORT,SHORT,0.4871542751789093,0.4751356840133667,0.4991728663444519,0.4630541871921182,0.520335853099823,51.28457248210907,0.5101221203804016,1,True,False,True,62.046978915300656,False,0.36981344223022455,UNRANKED,,False,,,
2018-05-08,2018-05-09,2018-05-16,T,XLC,13.548389113857466,13.835375785827637,13.835375785827637,5,time_exit,SHORT,SHORT,0.49599456787109375,0.4928162693977356,0.4991728663444519,0.4821118443904133,0.4811317026615143,50.400543212890625,0.5101221203804016,2,False,True,True,62.046978915300656,False,0.23565548658370986,UNRANKED,,False,,,
2018-05-09,2018-05-10,2018-05-11,T,XLC,13.526974058020008,13.676891326904297,13.82559019484339,1,stop_loss,SHORT,SHORT,0.49493640661239624,0.4906999468803406,0.4991728663444519,0.4821118443904133,0.4820670187473297,50.506359338760376,0.5101221203804016,2,False,True,True,62.046978915300656,False,0.23648878931999215,UNRANKED,,False,,,
2018-05-10,2018-05-11,2018-05-18,T,XLC,13.7068765778841,13.728292465209961,13.728292465209961,5,time_exit,SHORT,SHORT,0.48533952236175537,0.47150617837905884,0.4991728663444519,0.4630541871921182,0.592078447341919,51.46604776382446,0.5101221203804016,1,True,False,True,62.046978915300656,False,0.19555923342704784,UNRANKED,,False,,,
2018-05-11,2018-05-14,2018-05-21,T,XLC,13.873923965039522,13.959592819213867,13.959592819213867,5,time_exit,SHORT,SHORT,0.4848289489746094,0.47048503160476685,0.4991728663444519,0.44042232277526394,0.5940521359443665,51.51710510253906,0.5101221203804016,1,True,False,True,62.046978915300656,False,0.27401602268218983,UNRANKED,,False,,,
2018-05-14,2018-05-15,2018-05-22,T,XLC,13.766841788169934,13.891059875488281,13.891059875488281,5,time_exit,LONG,LONG,0.5142183899879456,0.5292639136314392,0.4991728663444519,0.4821118443904133,0.5298572182655334,51.421838998794556,0.5101221203804016,1,True,True,False,62.046978915300656,False,0.19288319349288946,UNRANKED,,False,,,
2018-05-15,2018-05-16,2018-05-23,T,XLC,13.745424921533768,13.848227500915527,13.848227500915527,5,time_exit,LONG,LONG,0.5063208341598511,0.5134688019752502,0.4991728663444519,0.4821118443904133,0.5280129909515381,50.63208341598511,0.5101221203804016,2,False,True,True,62.046978915300656,False,0.286131888628006,UNRANKED,,False,,,
2018-05-16,2018-05-17,2018-05-24,T,XLC,13.869644734200952,14.04098129272461,14.04098129272461,5,time_exit,LONG,LONG,0.5019011497497559,0.5046294331550598,0.4991728663444519,0.4821118443904133,0.4937863349914551,50.190114974975586,0.5101221203804016,2,False,True,True,62.046978915300656,False,0.13006481528282168,UNRANKED,,False,,,
2018-05-17,2018-05-18,2018-05-21,T,XLC,13.681174725720114,13.925329208374023,13.908197169218997,1,take_profit,LONG,LONG,0.5175395309925079,0.535906195640564,0.4991728663444519,0.4821118443904133,0.46830663084983826,51.75395309925079,0.5101221203804016,1,True,True,False,62.046978915300656,False,0.222342073917389,UNRANKED,,False,,,
2018-05-18,2018-05-21,2018-05-24,T,XLC,13.775406507128718,13.848227500915527,13.988966611498835,3,take_profit,LONG,LONG,0.5053822696208954,0.5115916728973389,0.4991728663444519,0.4821118443904133,0.4464479982852936,50.53822696208954,0.5101221203804016,2,False,True,True,62.046978915300656,False,0.04125443100929252,UNRANKED,,False,,,
2018-05-21,2018-05-22,2018-05-30,T,XLC,13.976728288109456,13.951026916503906,13.951026916503906,5,time_exit,SHORT,SHORT,0.49194400012493134,0.48471513390541077,0.4991728663444519,0.47843942505133474,0.5438082218170166,50.80559998750687,0.5101221203804016,2,False,True,True,62.046978915300656,False,0.16971495747566218,UNRANKED,,False,,,
2018-05-22,2018-05-23,2018-05-31,T,XLC,13.886778183524328,13.843945503234863,13.843945503234863,5,time_exit,SHORT,SHORT,0.4741249978542328,0.44907712936401367,0.4991728663444519,0.3825301204819277,0.6012762188911438,52.58750021457672,0.5101221203804016,1,True,False,True,62.046978915300656,False,0.1495447754859925,UNRANKED,,False,,,
2018-05-23,2018-05-24,2018-06-01,T,XLC,13.873927969680322,13.908195495605469,13.908195495605469,5,time_exit,LONG,LONG,0.508607804775238,0.5180427432060242,0.4991728663444519,0.4821118443904133,0.4897386431694031,50.860780477523804,0.5101221203804016,2,False,True,True,62.046978915300656,False,0.16586726903915408,UNRANKED,,False,,,
2018-05-24,2018-05-25,2018-06-04,T,XLC,14.006714104959379,13.882494926452637,13.882494926452637,5,time_exit,SHORT,SHORT,0.49637627601623535,0.4935796856880188,0.4991728663444519,0.4821118443904133,0.5560129880905151,50.362372398376465,0.5101221203804016,2,False,True,True,62.046978915300656,False,0.10842055082321166,UNRANKED,,False,,,
2018-05-25,2018-05-29,2018-06-05,T,XLC,13.90391230099461,13.998146057128906,13.998146057128906,5,time_exit,SHORT,SHORT,0.4916440397500992,0.48411521315574646,0.4991728663444519,0.47843942505133474,0.5561460852622986,50.83559602499008,0.5101221203804016,2,False,True,True,62.046978915300656,False,0.1568140089511871,UNRANKED,,False,,,
2018-05-29,2018-05-30,2018-06-06,T,XLC,13.861076058062729,14.297983169555664,14.092991532000717,5,stop_loss,SHORT,SHORT,0.49417154490947723,0.48917022347450256,0.4991728663444519,0.4821118443904133,0.5133188366889954,50.58284550905228,0.5101221203804016,2,False,True,True,62.046978915300656,False,0.2664118409156799,UNRANKED,,False,,,
2018-05-30,2018-05-31,2018-06-06,T,XLC,13.929613936665916,14.482170104980469,14.157857492007365,4,stop_loss,SHORT,SHORT,0.4924154430627823,0.48565801978111267,0.4991728663444519,0.4821118443904133,0.504738450050354,50.75845569372177,0.5101221203804016,2,False,True,True,62.046978915300656,False,0.2571499347686768,UNRANKED,,False,,,
2018-05-31,2018-06-01,2018-06-06,T,XLC,13.91247794317063,14.490739822387695,14.126646627993804,3,stop_loss,SHORT,SHORT,0.49340836703777313,0.48764386773109436,0.4991728663444519,0.4821118443904133,0.5049706697463989,50.65916329622269,0.5101221203804016,2,False,True,True,62.046978915300656,False,0.22744500637054443,UNRANKED,,False,,,
2018-06-01,2018-06-04,2018-06-06,T,XLC,13.955312763730937,14.640656471252441,14.153571436172692,2,stop_loss,SHORT,SHORT,0.4912271797657013,0.4832814931869507,0.4991728663444519,0.47843942505133474,0.5109935998916626,50.87728202342987,0.5101221203804016,2,False,True,True,62.046978915300656,False,0.18286252021789537,UNRANKED,,False,,,
2018-06-04,2018-06-05,2018-06-06,T,XLC,13.882494014630264,14.71347427368164,14.078304332623429,1,stop_loss,SHORT,SHORT,0.4972994774580002,0.49542608857154846,0.4991728663444519,0.4821118443904133,0.5082392692565918,50.27005225419998,0.5101221203804016,2,False,True,True,62.046978915300656,False,0.1749623715877533,UNRANKED,,False,,,
2018-06-05,2018-06-06,2018-06-07,T,XLC,14.036696547314083,13.80111026763916,14.242909680989795,1,stop_loss,SHORT,SHORT,0.4889120012521744,0.47865113615989685,0.4991728663444519,0.4630541871921182,0.534584641456604,51.10879987478256,0.5101221203804016,1,True,False,True,62.046978915300656,False,0.1622689962387084,UNRANKED,,False,,,
2018-06-06,2018-06-07,2018-06-08,T,XLC,14.165197614997936,13.929612159729004,14.401394541659837,1,stop_loss,SHORT,SHORT,0.4769645184278488,0.4547561705112457,0.4991728663444519,0.40298507462686567,0.5432810187339783,52.30354815721512,0.5101221203804016,1,True,False,True,62.046978915300656,False,0.14637073874473572,UNRANKED,,False,,,
2018-06-07,2018-06-08,2018-06-12,T,XLC,14.41792197454306,14.199466705322266,14.657790683562311,2,stop_loss,SHORT,SHORT,0.4942774474620819,0.4893820285797119,0.4991728663444519,0.4821118443904133,0.4822631776332855,50.57225525379181,0.5101221203804016,2,False,True,True,62.046978915300656,False,0.1904042661190034,UNRANKED,,False,,,
2018-06-08,2018-06-11,2018-06-13,T,XLC,14.55070560064692,13.788256645202637,14.31695566604173,2,take_profit,SHORT,SHORT,0.4967581331729889,0.4943434000015259,0.4991728663444519,0.4821118443904133,0.48417988419532776,50.32418668270111,0.5101221203804016,2,False,True,True,62.046978915300656,False,0.28656700253486633,UNRANKED,,False,,,
2018-06-11,2018-06-12,2018-06-13,T,XLC,14.782008579238571,13.873929023742676,14.55988488822469,1,take_profit,SHORT,SHORT,0.4824475347995758,0.4657222032546997,0.4991728663444519,0.44042232277526394,0.5500616431236267,51.75524652004242,0.5101221203804016,1,True,False,True,62.046978915300656,False,0.3046644926071167,UNRANKED,,False,,,
2018-06-12,2018-06-13,2018-06-18,T,XLC,14.135215835315252,13.706873893737793,13.912480021629426,3,stop_loss,LONG,LONG,0.508985847234726,0.518798828125,0.4991728663444519,0.4821118443904133,0.4591526985168457,50.898584723472595,0.5101221203804016,2,False,True,True,62.046978915300656,False,0.29262971878051763,UNRANKED,,False,,,
2018-06-13,2018-06-14,2018-06-21,T,XLC,13.96387931239023,13.535542488098145,13.616924694208729,5,take_profit,SHORT,SHORT,0.476283460855484,0.4533940553665161,0.4991728663444519,0.39285714285714285,0.5727230310440063,52.3716539144516,0.5101221203804016,1,True,False,True,62.046978915300656,False,0.31056863069534313,UNRANKED,,False,,,
2018-06-14,2018-06-15,2018-06-21,T,XLC,13.972447210931652,13.574092864990234,13.634671435567185,4,take_profit,SHORT,SHORT,0.4712936729192734,0.44341447949409485,0.4991728663444519,0.3660245183887916,0.5457493662834167,52.87063270807266,0.5101221203804016,1,True,False,True,62.046978915300656,False,0.20715692639350897,UNRANKED,,False,,,
2018-06-15,2018-06-18,2018-06-20,T,XLC,14.143778672688386,13.582659721374512,13.783973974289252,2,take_profit,SHORT,SHORT,0.46206049621105194,0.424948126077652,0.4991728663444519,0.3660245183887916,0.5440440773963928,53.793950378894806,0.5101221203804016,1,True,False,True,62.046978915300656,False,0.2516058683395385,UNRANKED,,False,,,
2018-06-18,2018-06-19,2018-06-26,T,XLC,13.706876769706069,13.544105529785156,13.544105529785156,5,time_exit,SHORT,SHORT,0.45021262764930725,0.4012523889541626,0.4991728663444519,0.25925925925925924,0.561369776725769,54.978737235069275,0.5101221203804016,1,True,False,True,62.046978915300656,False,0.3079831004142762,UNRANKED,,False,,,
2018-06-19,2018-06-20,2018-06-27,T,XLC,13.921043849032097,13.556957244873047,13.556957244873047,5,time_exit,SHORT,SHORT,0.4872952699661255,0.4754176735877991,0.4991728663444519,0.4630541871921182,0.5298265218734741,51.27047300338745,0.5101221203804016,1,True,False,True,62.046978915300656,False,0.23578938841819766,UNRANKED,,False,,,
2018-06-20,2018-06-21,2018-06-28,T,XLC,13.749712512099045,13.788256645202637,13.788256645202637,5,time_exit,SHORT,SHORT,0.4846595823764801,0.4701462984085083,0.4991728663444519,0.44042232277526394,0.536626398563385,51.53404176235199,0.5101221203804016,1,True,False,True,62.046978915300656,False,0.23694488406181338,UNRANKED,,False,,,
2018-06-21,2018-06-22,2018-06-29,T,XLC,13.591226985729792,13.75399398803711,13.75399398803711,5,time_exit,SHORT,SHORT,0.4882763475179672,0.47737982869148254,0.4991728663444519,0.4630541871921182,0.527083158493042,51.17236524820328,0.5101221203804016,1,True,False,True,62.046978915300656,False,0.30104202032089233,UNRANKED,,False,,,
2018-06-22,2018-06-25,2018-07-02,T,XLC,13.556959622350682,13.79682731628418,13.79682731628418,5,time_exit,SHORT,SHORT,0.49494749307632446,0.490722119808197,0.4991728663444519,0.4821118443904133,0.49320846796035767,50.505250692367554,0.5101221203804016,2,False,True,True,62.046978915300656,False,0.2292093038558961,UNRANKED,,False,,,
2018-06-25,2018-06-26,2018-07-03,T,XLC,13.591223267228184,14.010998725891113,14.006713962636596,5,stop_loss,SHORT,SHORT,0.48607850074768066,0.4729841351509094,0.4991728663444519,0.4630541871921182,0.522599458694458,51.392149925231934,0.5101221203804016,1,True,False,True,62.046978915300656,False,0.2072291672229767,UNRANKED,,False,,,
2018-06-26,2018-06-27,2018-07-05,T,XLC,13.69830938726453,13.963879585266113,13.963879585266113,5,time_exit,SHORT,SHORT,0.49926982820034027,0.49936679005622864,0.4991728663444519,0.4821118443904133,0.5036638975143433,50.07301717996597,0.5101221203804016,2,False,True,True,62.046978915300656,False,0.26402816176414473,UNRANKED,,False,,,
2018-06-27,2018-06-28,2018-07-03,T,XLC,13.599787892542059,13.998146057128906,13.95347599635414,3,take_profit,LONG,LONG,0.5060135126113892,0.5128541588783264,0.4991728663444519,0.4821118443904133,0.46963855624198914,50.601351261138916,0.5101221203804016,2,False,True,True,62.046978915300656,False,0.43606916069984436,UNRANKED,,False,,,
2018-06-28,2018-06-29,2018-07-09,T,XLC,13.813961239656576,14.055855751037598,14.055855751037598,5,time_exit,LONG,LONG,0.5081540644168854,0.5171352624893188,0.4991728663444519,0.4821118443904133,0.4696038067340851,50.81540644168854,0.5101221203804016,2,False,True,True,62.046978915300656,False,0.3013131022453308,UNRANKED,,False,,,
2018-06-29,2018-07-02,2018-07-10,T,XLC,13.775409669439526,14.208878517150879,14.1443943005692,5,stop_loss,SHORT,SHORT,0.4864506274461746,0.47372838854789734,0.4991728663444519,0.4630541871921182,0.515799343585968,51.35493725538254,0.5101221203804016,1,True,False,True,62.046978915300656,False,0.2713125944137573,UNRANKED,,False,,,
2018-07-02,2018-07-03,2018-07-10,T,XLC,13.813961763287786,13.933444023132324,14.178662898105726,4,take_profit,LONG,LONG,0.5030058324337006,0.5068387985229492,0.4991728663444519,0.4821118443904133,0.47380149364471436,50.300583243370056,0.5101221203804016,2,False,True,True,62.046978915300656,False,0.260897159576416,UNRANKED,,False,,,
2018-07-03,2018-07-05,2018-07-12,T,XLC,14.028130362549055,14.090832710266113,14.090832710266113,5,time_exit,LONG,LONG,0.5323498845100403,0.5655269026756287,0.4991728663444519,0.5423728813559322,0.5010513663291931,53.23498845100403,0.5101221203804016,1,True,True,False,62.046978915300656,False,0.2987547814846039,UNRANKED,,False,,,
2018-07-05,2018-07-06,2018-07-13,T,XLC,13.989578998788424,13.8460054397583,13.8460054397583,5,time_exit,SHORT,SHORT,0.49845975637435913,0.49774664640426636,0.4991728663444519,0.4821118443904133,0.5040449500083923,50.15402436256409,0.5101221203804016,2,False,True,True,62.046978915300656,False,0.3361901044845581,UNRANKED,,False,,,
2018-07-06,2018-07-09,2018-07-13,T,XLC,14.095203501433165,13.946558952331543,13.87552571256249,4,take_profit,SHORT,SHORT,0.49400247633457184,0.4888320863246918,0.4991728663444519,0.4821118443904133,0.5474236011505127,50.599752366542816,0.5101221203804016,2,False,True,True,62.046978915300656,False,0.2182590961456299,UNRANKED,,False,,,
2018-07-09,2018-07-10,2018-07-13,T,XLC,14.095207330028357,13.885351181030273,13.92602959347353,3,stop_loss,LONG,LONG,0.5076846480369568,0.5161964297294617,0.4991728663444519,0.4821118443904133,0.5146914124488831,50.76846480369568,0.5101221203804016,2,False,True,True,62.046978915300656,False,0.33444383740425093,UNRANKED,,False,,,
2018-07-10,2018-07-11,2018-07-13,T,XLC,14.112694427694214,13.863493919372559,13.933895207200353,2,stop_loss,LONG,LONG,0.5049955248832703,0.5108181834220886,0.4991728663444519,0.4821118443904133,0.49953895807266235,50.499552488327026,0.5101221203804016,2,False,True,True,62.046978915300656,False,0.32346948981285095,UNRANKED,,False,,,
2018-07-11,2018-07-12,2018-07-19,T,XLC,14.01651040160258,13.671125411987305,13.822228414821051,5,stop_loss,LONG,LONG,0.5016704499721527,0.5041680335998535,0.4991728663444519,0.4821118443904133,0.48388779163360596,50.16704499721527,0.5101221203804016,2,False,True,True,62.046978915300656,False,0.30063107609748835,UNRANKED,,False,,,
2018-07-12,2018-07-13,2018-07-19,T,XLC,13.937816137997459,13.59679889678955,13.745525968145339,4,take_profit,SHORT,SHORT,0.48622138798236847,0.47326990962028503,0.4991728663444519,0.4630541871921182,0.5530394315719604,51.37786120176315,0.5101221203804016,1,True,False,True,62.046978915300656,False,0.2141527831554412,UNRANKED,,False,,,
2018-07-13,2018-07-16,2018-07-20,T,XLC,13.863491349700013,13.553077697753906,13.641733052188503,4,take_profit,SHORT,SHORT,0.49240994453430176,0.4856470227241516,0.4991728663444519,0.4821118443904133,0.5110807418823242,50.759005546569824,0.5101221203804016,2,False,True,True,62.046978915300656,False,0.21549513936042788,UNRANKED,,False,,,
2018-07-16,2018-07-17,2018-07-19,T,XLC,13.93344312689014,13.850373268127441,13.698543878494492,2,take_profit,SHORT,SHORT,0.4913787692785263,0.4835846722126007,0.4991728663444519,0.47843942505133474,0.5590867400169373,50.86212307214737,0.5101221203804016,2,False,True,True,62.046978915300656,False,0.14906543493270874,UNRANKED,,False,,,
2018-07-17,2018-07-18,2018-07-19,T,XLC,13.911585872557197,13.225183486938477,13.673450398488418,1,take_profit,SHORT,SHORT,0.49819953739643097,0.49722620844841003,0.4991728663444519,0.4821118443904133,0.5025779008865356,50.1800462603569,0.5101221203804016,2,False,True,True,62.046978915300656,False,0.144743949174881,UNRANKED,,False,,,
2018-07-18,2018-07-19,2018-07-20,T,XLC,13.872236286428155,13.268902778625488,13.632814305706544,1,take_profit,SHORT,SHORT,0.489833801984787,0.48049473762512207,0.4991728663444519,0.47843942505133474,0.5258154273033142,51.0166198015213,0.5101221203804016,1,True,False,True,62.046978915300656,False,0.12572175264358512,UNRANKED,,False,,,
2018-07-19,2018-07-20,2018-07-25,T,XLC,13.69735375905782,13.588058471679688,13.463493334471115,3,stop_loss,LONG,LONG,0.507479339838028,0.515785813331604,0.4991728663444519,0.4821118443904133,0.44503840804100037,50.747933983802795,0.5101221203804016,2,False,True,True,62.046978915300656,False,0.15185019373893746,UNRANKED,,False,,,
2018-07-20,2018-07-23,2018-07-25,T,XLC,13.614284807078937,13.990276336669922,13.374700974201915,2,stop_loss,LONG,LONG,0.5232037901878357,0.5472347140312195,0.4991728663444519,0.4821118443904133,0.5073508620262146,52.32037901878357,0.5101221203804016,1,True,True,False,62.046978915300656,False,0.058412432670593234,UNRANKED,,False,,,
2018-07-23,2018-07-24,2018-07-25,T,XLC,13.66237871478592,13.977160453796387,13.422668043224816,1,stop_loss,LONG,LONG,0.52442267537117,0.5496724843978882,0.4991728663444519,0.4821118443904133,0.5254236459732056,52.442267537117004,0.5101221203804016,1,True,True,False,62.046978915300656,False,-0.11315095424652101,UNRANKED,,False,,,
2018-07-24,2018-07-25,2018-07-26,T,XLC,13.596800526900514,13.946558952331543,13.345214975229895,1,stop_loss,LONG,LONG,0.5197937786579132,0.5404146909713745,0.4991728663444519,0.4821118443904133,0.5058894157409668,51.97937786579132,0.5101221203804016,1,True,True,False,62.046978915300656,False,0.1320211589336394,UNRANKED,,False,,,
2018-07-25,2018-07-26,2018-07-30,T,XLC,13.273274873508601,13.924699783325195,13.607441945259787,2,stop_loss,SHORT,SHORT,0.4964326322078705,0.49369239807128906,0.4991728663444519,0.4821118443904133,0.5261450409889221,50.35673677921295,0.5101221203804016,2,False,True,True,62.046978915300656,False,0.1687111556529999,UNRANKED,,False,,,
2018-07-26,2018-07-27,2018-07-30,T,XLC,13.312625271764672,14.108320236206055,13.648142746347888,1,stop_loss,SHORT,SHORT,0.49215076863765717,0.4851286709308624,0.4991728663444519,0.4791666666666667,0.5401508212089539,50.78492313623428,0.5101221203804016,2,False,True,True,62.046978915300656,False,0.20099434256553636,UNRANKED,,False,,,
2018-07-27,2018-07-30,2018-08-06,T,XLC,13.797910786424396,14.038368225097656,14.038368225097656,5,time_exit,SHORT,SHORT,0.4871877282857895,0.4752025902271271,0.4991728663444519,0.4630541871921182,0.538209855556488,51.28122717142105,0.5101221203804016,1,True,False,True,62.046978915300656,False,0.27720415592193615,UNRANKED,,False,,,
2018-07-30,2018-07-31,2018-08-07,T,XLC,14.051482750794744,14.165155410766602,14.165155410766602,5,time_exit,SHORT,SHORT,0.47901827096939087,0.45886367559432983,0.4991728663444519,0.4131455399061033,0.5481055378913879,52.09817290306091,0.5101221203804016,1,True,False,True,62.046978915300656,False,0.291560173034668,UNRANKED,,False,,,
2018-07-31,2018-08-01,2018-08-08,T,XLC,14.07771739516914,14.14767074584961,14.14767074584961,5,time_exit,SHORT,SHORT,0.49961280822753906,0.5037240982055664,0.4955015182495117,0.4821118443904133,0.4574360251426697,50.038719177246094,0.5101221203804016,2,False,True,True,62.046978915300656,False,0.23822996020317083,UNRANKED,,False,,,
2018-08-01,2018-08-02,2018-08-09,T,XLC,13.924699783325195,14.20450210571289,14.20450210571289,5,time_exit,SHORT,SHORT,0.4859408885240555,0.47270891070365906,0.4991728663444519,0.4630541871921182,0.5050935745239258,51.40591114759445,0.5101221203804016,1,True,False,True,62.046978915300656,False,0.2717753946781158,UNRANKED,,False,,,
2018-08-02,2018-08-03,2018-08-10,T,XLC,13.946558238589136,14.103946685791016,14.103946685791016,5,time_exit,LONG,LONG,0.5242883563041687,0.5530751943588257,0.4955015182495117,0.5,0.42279189825057983,52.42883563041687,0.5101221203804016,1,True,True,False,62.046978915300656,False,0.15203157067298895,UNRANKED,,False,,,
2018-08-03,2018-08-06,2018-08-13,T,XLC,14.082088069653878,14.0820894241333,14.0820894241333,5,time_exit,LONG,LONG,0.5011120438575745,0.503051221370697,0.4991728663444519,0.4821118443904133,0.46213388442993164,50.111204385757446,0.5101221203804016,2,False,True,True,62.046978915300656,False,0.16385456919670105,UNRANKED,,False,,,
2018-08-06,2018-08-07,2018-08-14,T,XLC,14.029624878158666,14.095203399658203,14.095203399658203,5,time_exit,SHORT,SHORT,0.49006226658821106,0.4809516668319702,0.4991728663444519,0.47843942505133474,0.528131902217865,50.993773341178894,0.5101221203804016,2,False,True,True,62.046978915300656,False,0.09674954414367679,UNRANKED,,False,,,
2018-08-07,2018-08-08,2018-08-15,T,XLC,14.200133688901266,14.195760726928711,14.195760726928711,5,time_exit,LONG,LONG,0.5000412166118622,0.5009095668792725,0.4991728663444519,0.4821118443904133,0.47390246391296387,50.00412166118622,0.5101221203804016,2,False,True,True,62.046978915300656,False,0.21203398704528814,UNRANKED,,False,,,
2018-08-08,2018-08-09,2018-08-16,T,XLC,14.16515435658333,14.46682071685791,14.46682071685791,5,time_exit,SHORT,SHORT,0.49282965064048767,0.5007854700088501,0.48487383127212524,0.5007854700088501,0.5004446506500244,50.71703493595123,0.5082164704799652,2,False,True,True,52.0,True,0.11926251649856555,UNRANKED,,False,,,
2018-08-09,2018-08-10,2018-08-17,T,XLC,14.160781707830203,14.440590858459473,14.440590858459473,5,time_exit,SHORT,SHORT,0.48771847784519196,0.49056312441825867,0.48487383127212524,0.49056312441825867,0.44937705993652344,51.228152215480804,0.5082164704799652,1,True,False,True,52.0,True,0.19562825560569774,UNRANKED,,False,,,
2018-08-10,2018-08-13,2018-08-16,T,XLC,14.103948796481767,14.475566864013672,14.433718203481627,3,stop_loss,SHORT,SHORT,0.4933413714170456,0.5002898573875427,0.48639288544654846,0.5002898573875427,0.5500491261482239,50.66586285829544,0.5082164704799652,2,False,True,True,52.0,True,0.2330332100391387,UNRANKED,,False,,,
2018-08-13,2018-08-14,2018-08-16,T,XLC,14.095203399658203,14.602350234985352,14.385624476841517,2,stop_loss,SHORT,SHORT,0.490594819188118,0.5002898573875427,0.48089978098869324,0.5002898573875427,0.5225679874420166,50.9405180811882,0.5082164704799652,1,True,False,True,52.0,True,-0.052143514156341525,UNRANKED,,False,,,
2018-08-14,2018-08-15,2018-08-16,T,XLC,14.112693123883082,14.28757095336914,14.315674800257245,1,stop_loss,SHORT,SHORT,0.48595771193504333,0.5002898573875427,0.47162556648254395,0.5002898573875427,0.4802415668964386,51.40422880649567,0.5082164704799652,1,True,False,True,52.0,True,-0.012135088443755975,UNRANKED,,False,,,
2018-08-15,2018-08-16,2018-08-17,T,XLC,14.221991125518256,14.20450210571289,14.43309252126149,1,stop_loss,SHORT,SHORT,0.49773022532463074,0.5002898573875427,0.49517059326171875,0.5002898573875427,0.5404682159423828,50.226977467536926,0.5082164704799652,2,False,True,True,52.0,True,0.26510533690452576,UNRANKED,,False,,,
2018-08-16,2018-08-17,2018-08-23,T,XLC,14.453707144908337,14.270079612731934,14.249476563897247,4,take_profit,SHORT,SHORT,0.4912932366132736,0.5002898573875427,0.4822966158390045,0.5002898573875427,0.5144661664962769,50.87067633867264,0.5082164704799652,1,True,False,True,52.0,True,0.18575689196586612,UNRANKED,,False,,,
2018-08-17,2018-08-20,2018-08-22,T,XLC,14.488682046711284,14.353155136108398,14.33816403807045,2,take_profit,SHORT,SHORT,0.49773022532463074,0.5002898573875427,0.49517059326171875,0.5002898573875427,0.5522512793540955,50.226977467536926,0.5082164704799652,2,False,True,True,52.0,True,0.2297920286655427,UNRANKED,,False,,,
2018-08-20,2018-08-21,2018-08-22,T,XLC,14.571746676193744,14.283203125,14.418105792884242,1,stop_loss,LONG,LONG,0.5030389428138733,0.5002898573875427,0.5057880282402039,0.5002898573875427,0.4053646922111511,50.30389428138733,0.5082164704799652,2,False,True,True,52.0,True,-0.06738623976707452,UNRANKED,,False,,,
2018-08-21,2018-08-22,2018-08-23,T,XLC,14.514913278510894,14.090832710266113,14.34753212812899,1,take_profit,SHORT,SHORT,0.4996875524520874,0.5002898573875427,0.4990852475166321,0.5002898573875427,0.5238425731658936,50.03124475479126,0.5082164704799652,2,False,True,True,52.0,True,0.10890519618988034,UNRANKED,,False,,,
2018-08-22,2018-08-23,2018-08-30,T,XLC,14.291941793570661,13.97278881072998,14.082714912815918,5,stop_loss,LONG,LONG,0.5051060616970062,0.5002898573875427,0.5099222660064697,0.5002898573875427,0.5144186615943909,50.51060616970062,0.5082164704799652,2,False,True,True,52.0,True,0.3182287514209747,UNRANKED,,False,,,
2018-08-23,2018-08-24,2018-08-30,T,XLC,14.19138412997417,13.964046478271484,13.996521764251513,4,stop_loss,LONG,LONG,0.5011418163776398,0.5002898573875427,0.5019937753677368,0.5002898573875427,0.5477529764175415,50.11418163776398,0.5082164704799652,2,False,True,True,52.0,True,0.3041530847549439,UNRANKED,,False,,,
2018-08-24,2018-08-27,2018-08-29,T,XLC,14.313807372944472,13.929069519042969,14.119569936377438,2,take_profit,SHORT,SHORT,0.4998316168785095,0.5002898573875427,0.4993733763694763,0.5002898573875427,0.4822828471660614,50.01683831214905,0.5082164704799652,2,False,True,True,52.0,True,0.26902782917022705,UNRANKED,,False,,,
2018-08-27,2018-08-28,2018-08-29,T,XLC,14.344411371785608,13.999021530151367,14.156418458403214,1,stop_loss,LONG,LONG,0.503009021282196,0.5042676329612732,0.5017504096031189,0.5042676329612732,0.4989337921142578,50.300902128219604,0.5082164704799652,2,False,True,True,52.0,True,0.18045726418495178,UNRANKED,,False,,,
2018-08-28,2018-08-29,2018-08-30,T,XLC,14.278827289758413,14.06897258758545,14.083339041205818,1,stop_loss,LONG,LONG,0.5012679398059845,0.5007854700088501,0.5017504096031189,0.5007854700088501,0.5050892233848572,50.12679398059845,0.5082164704799652,2,False,True,True,52.0,True,0.2226292490959167,UNRANKED,,False,,,
2018-08-29,2018-08-30,2018-09-07,T,XLC,14.077715773727686,14.042743682861328,14.042743682861328,5,time_exit,SHORT,SHORT,0.4946710765361786,0.5007854700088501,0.4885566830635071,0.5007854700088501,0.5286309123039246,50.53289234638214,0.5082164704799652,2,False,True,True,52.0,True,0.24875745177268987,UNRANKED,,False,,,
2018-08-30,2018-08-31,2018-09-10,T,XLC,13.968418573652563,14.160784721374512,14.160784721374512,5,time_exit,SHORT,SHORT,0.49282965064048767,0.5007854700088501,0.48487383127212524,0.5007854700088501,0.5007115602493286,50.71703493595123,0.5082164704799652,2,False,True,True,52.0,True,0.09277409315109246,UNRANKED,,False,,,
2018-08-31,2018-09-04,2018-09-10,T,XLC,13.894093863323722,14.283203125,14.109569626917123,4,stop_loss,SHORT,SHORT,0.487856850028038,0.5007854700088501,0.47492823004722595,0.5007854700088501,0.5125068426132202,51.2143149971962,0.5082164704799652,1,True,False,True,52.0,True,0.010850846767425544,UNRANKED,,False,,,
2018-09-04,2018-09-05,2018-09-10,T,XLC,13.880979376239416,14.61109733581543,14.099578423219048,3,stop_loss,SHORT,SHORT,0.4837966710329056,0.5002898573875427,0.46730348467826843,0.5002898573875427,0.4541284441947937,51.62033289670944,0.5082164704799652,1,True,False,True,52.0,True,-0.015979975461959724,UNRANKED,,False,,,
2018-09-05,2018-09-06,2018-09-11,T,XLC,14.047113216092622,14.724767684936523,14.261340075049096,3,stop_loss,SHORT,SHORT,0.48578014969825745,0.5002898573875427,0.47127044200897217,0.5002898573875427,0.47936874628067017,51.421985030174255,0.5082164704799652,1,True,False,True,52.0,True,0.10284230113029487,UNRANKED,,False,,,
2018-09-06,2018-09-07,2018-09-11,T,XLC,14.060230962432987,14.689791679382324,14.245727973890158,2,stop_loss,SHORT,SHORT,0.4935155063867569,0.5002898573875427,0.48674115538597107,0.5002898573875427,0.4182073473930359,50.64844936132431,0.5082164704799652,2,False,True,True,52.0,True,0.014824241399765022,UNRANKED,,False,,,
2018-09-07,2018-09-10,2018-09-12,T,XLC,14.112693878357735,14.698532104492188,14.298190753575717,2,stop_loss,SHORT,SHORT,0.4935155063867569,0.5002898573875427,0.48674115538597107,0.5002898573875427,0.502623438835144,50.64844936132431,0.5082164704799652,2,False,True,True,52.0,True,0.07975581288337703,UNRANKED,,False,,,
2018-09-10,2018-09-11,2018-09-12,T,XLC,14.200135499832603,14.742258071899414,14.397498808330441,1,stop_loss,SHORT,SHORT,0.496263787150383,0.5002898573875427,0.49223771691322327,0.5002898573875427,0.41696763038635254,50.3736212849617,0.5082164704799652,2,False,True,True,52.0,True,0.06946423649787908,UNRANKED,,False,,,
2018-09-11,2018-09-12,2018-09-13,T,XLC,14.357523521503119,14.589238166809082,14.554263263237214,1,stop_loss,SHORT,SHORT,0.49928008019924164,0.5002898573875427,0.49827030301094055,0.5002898573875427,0.47255662083625793,50.071991980075836,0.5082164704799652,2,False,True,True,52.0,True,0.24131420254707342,UNRANKED,,False,,,
2018-09-12,2018-09-13,2018-09-20,T,XLC,14.619840709439845,14.619842529296875,14.619842529296875,5,time_exit,SHORT,SHORT,0.49928008019924164,0.5002898573875427,0.49827030301094055,0.5002898573875427,0.37762993574142456,50.071991980075836,0.5082164704799652,2,False,True,True,52.0,True,0.06690388917922982,UNRANKED,,False,,,
2018-09-13,2018-09-14,2018-09-21,T,XLC,14.694163774599451,14.768486976623535,14.768486976623535,5,time_exit,SHORT,SHORT,0.4917835295200348,0.49056312441825867,0.4930039346218109,0.49056312441825867,0.3656049370765686,50.82164704799652,0.5082164704799652,2,False,True,True,52.0,True,0.20063903927803042,UNRANKED,,False,,,
2018-09-14,2018-09-17,2018-09-24,T,XLC,14.689787916297933,14.825325965881348,14.825325965881348,5,time_exit,SHORT,SHORT,0.4917835295200348,0.49056312441825867,0.4930039346218109,0.49056312441825867,0.3141321837902069,50.82164704799652,0.5082164704799652,2,False,True,True,52.0,True,0.15171995759010312,UNRANKED,,False,,,
2018-09-17,2018-09-18,2018-09-25,T,XLC,14.672305641320142,14.759744644165039,14.759744644165039,5,time_exit,SHORT,SHORT,0.4917835295200348,0.49056312441825867,0.4930039346218109,0.49056312441825867,0.36517801880836487,50.82164704799652,0.5082164704799652,2,False,True,True,52.0,True,0.262996643781662,UNRANKED,,False,,,
2018-09-18,2018-09-19,2018-09-20,T,XLC,14.834068916020197,14.580496788024902,14.649821490395894,1,take_profit,SHORT,SHORT,0.4917835295200348,0.49056312441825867,0.4930039346218109,0.49056312441825867,0.33677783608436584,50.82164704799652,0.5082164704799652,2,False,True,True,52.0,True,0.2053116858005524,UNRANKED,,False,,,
2018-09-19,2018-09-20,2018-09-24,T,XLC,14.641701904555529,14.61109733581543,14.82032782880218,2,stop_loss,SHORT,SHORT,0.4917835295200348,0.49056312441825867,0.4930039346218109,0.49056312441825867,0.3997547924518585,50.82164704799652,0.5082164704799652,2,False,True,True,52.0,True,0.24883615970611572,UNRANKED,,False,,,
2018-09-20,2018-09-21,2018-09-26,T,XLC,14.886530233625804,14.681047439575195,14.720395671814629,3,take_profit,SHORT,SHORT,0.4880802780389786,0.49056312441825867,0.4855974316596985,0.49056312441825867,0.5074287056922913,51.19197219610214,0.5082164704799652,1,True,False,True,52.0,True,0.19186595082283012,UNRANKED,,False,,,
2018-09-21,2018-09-24,2018-09-25,T,XLC,14.973972824615734,14.64169979095459,14.787852246394822,1,take_profit,SHORT,SHORT,0.4880802780389786,0.49056312441825867,0.4855974316596985,0.49056312441825867,0.5080317258834839,51.19197219610214,0.5082164704799652,1,True,False,True,52.0,True,0.21691203117370608,UNRANKED,,False,,,
2018-09-24,2018-09-25,2018-10-02,T,XLC,14.768488835576479,14.829695701599121,14.829695701599121,5,time_exit,SHORT,SHORT,0.4987899512052536,0.49056312441825867,0.5070167779922485,0.49056312441825867,0.46529334783554077,50.12100487947464,0.5082164704799652,2,False,True,True,52.0,True,0.3196845054626466,UNRANKED,,False,,,
2018-09-25,2018-09-26,2018-10-03,T,XLC,14.790350794177245,14.829695701599121,14.829695701599121,5,time_exit,LONG,LONG,0.5018682777881622,0.5007854700088501,0.5029510855674744,0.5007854700088501,0.4957275986671448,50.18682777881622,0.5082164704799652,2,False,True,True,52.0,True,0.22011095285415652,UNRANKED,,False,,,
2018-09-26,2018-09-27,2018-10-02,T,XLC,14.615469431380328,14.917132377624512,14.819702600935992,3,stop_loss,SHORT,SHORT,0.48793502151966095,0.5007854700088501,0.4750845730304718,0.5007854700088501,0.5471045970916748,51.206497848033905,0.5082164704799652,1,True,False,True,52.0,True,0.07592475414276122,UNRANKED,,False,,,
2018-09-27,2018-09-28,2018-10-02,T,XLC,14.606724029262878,14.860299110412598,14.8115817192566,2,stop_loss,SHORT,SHORT,0.48793502151966095,0.5007854700088501,0.4750845730304718,0.5007854700088501,0.5423361659049988,51.206497848033905,0.5082164704799652,1,True,False,True,52.0,True,0.10208928585052501,UNRANKED,,False,,,
2018-09-28,2018-10-01,2018-10-04,T,XLC,14.71602320179552,14.912763595581055,14.91401075825304,3,stop_loss,SHORT,SHORT,0.4820890575647354,0.5007854700088501,0.4633926451206207,0.5007854700088501,0.47793760895729065,51.79109424352646,0.5082164704799652,1,True,False,True,52.0,True,-0.02700746059417728,UNRANKED,,False,,,
2018-10-01,2018-10-02,2018-10-04,T,XLC,14.659189492454148,14.935944557189941,14.845309798196684,2,stop_loss,SHORT,SHORT,0.48498907685279846,0.5007854700088501,0.4691926836967468,0.5007854700088501,0.5236418843269348,51.501092314720154,0.5082164704799652,1,True,False,True,52.0,True,0.2023000121116637,UNRANKED,,False,,,
2018-10-02,2018-10-03,2018-10-10,T,XLC,14.899647023508063,14.646143913269043,14.733512189218512,5,take_profit,SHORT,SHORT,0.4847412705421448,0.5002898573875427,0.4691926836967468,0.5002898573875427,0.4783790409564972,51.52587294578552,0.5082164704799652,1,True,False,True,52.0,True,-0.1511906385421752,UNRANKED,,False,,,
2018-10-03,2018-10-04,2018-10-11,T,XLC,14.790344942363891,14.155708312988281,14.640448729377354,5,take_profit,SHORT,SHORT,0.4847412705421448,0.5002898573875427,0.4691926836967468,0.5002898573875427,0.5004302263259888,51.52587294578552,0.5082164704799652,1,True,False,True,52.0,True,-0.22263252735137945,UNRANKED,,False,,,
2018-10-04,2018-10-05,2018-10-10,T,XLC,14.947738813910105,14.378631591796875,14.790348219427683,3,take_profit,SHORT,SHORT,0.48799827694892883,0.5002898573875427,0.47570669651031494,0.5002898573875427,0.5184106230735779,51.20017230510712,0.5082164704799652,1,True,False,True,52.0,True,0.10331401228904731,UNRANKED,,False,,,
2018-10-05,2018-10-08,2018-10-10,T,XLC,14.869043742535732,14.4276762008667,14.70478274203873,2,take_profit,SHORT,SHORT,0.490594819188118,0.5002898573875427,0.48089978098869324,0.5002898573875427,0.507823646068573,50.9405180811882,0.5082164704799652,1,True,False,True,52.0,True,0.1725241541862487,UNRANKED,,False,,,
2018-10-08,2018-10-09,2018-10-10,T,XLC,15.020656218943062,14.441055297851562,14.855146858765885,1,take_profit,SHORT,SHORT,0.4855020046234131,0.5002898573875427,0.47071415185928345,0.5002898573875427,0.45533135533332825,51.44979953765869,0.5082164704799652,1,True,False,True,52.0,True,0.19272404909133917,UNRANKED,,False,,,
2018-10-09,2018-10-10,2018-10-11,T,XLC,14.99390671468253,14.5213041305542,14.846945775002702,1,stop_loss,LONG,LONG,0.5002761483192444,0.5002898573875427,0.500262439250946,0.5002898573875427,0.4971081018447876,50.02761483192444,0.5082164704799652,2,False,True,True,52.0,True,0.35415130853652943,UNRANKED,,False,,,
2018-10-10,2018-10-11,2018-10-12,T,XLC,14.63722535173135,14.490100860595703,14.453236371846794,1,take_profit,SHORT,SHORT,0.49910086393356323,0.5002898573875427,0.49791187047958374,0.5002898573875427,0.3395724892616272,50.08991360664368,0.5082164704799652,2,False,True,True,52.0,True,0.3387785553932189,UNRANKED,,False,,,
2018-10-11,2018-10-12,2018-10-19,T,XLC,14.351880958272751,14.655062675476074,14.584697245722179,5,take_profit,LONG,LONG,0.5213470757007599,0.5002898573875427,0.542404294013977,0.5002898573875427,0.506479024887085,52.13470757007599,0.5082164704799652,1,True,True,False,52.0,True,0.578742414712906,UNRANKED,,False,,,
2018-10-12,2018-10-15,2018-10-19,T,XLC,14.38754968527894,14.565890312194824,14.64409229980705,4,take_profit,LONG,LONG,0.5175114572048187,0.5002898573875427,0.5347330570220947,0.5002898573875427,0.528901219367981,51.75114572048187,0.5082164704799652,1,True,True,False,52.0,True,0.4191465079784394,UNRANKED,,False,,,
2018-10-15,2018-10-16,2018-10-23,T,XLC,14.432139167418892,14.721940040588379,14.686319394426077,5,take_profit,LONG,LONG,0.5429912805557251,0.5002898573875427,0.5856927037239075,0.5002898573875427,0.47125592827796936,54.29912805557251,0.5082164704799652,1,True,True,False,52.0,True,0.770399272441864,UNRANKED,,False,,,
2018-10-16,2018-10-17,2018-10-23,T,XLC,14.449968352339114,13.535979270935059,14.680453042324118,4,take_profit,LONG,LONG,0.5386091470718384,0.5002898573875427,0.576928436756134,0.5002898573875427,0.40044841170310974,53.86091470718384,0.5082164704799652,1,True,True,False,52.0,True,0.7320514023303988,UNRANKED,,False,,,
2018-10-17,2018-10-18,2018-10-24,T,XLC,14.521310135731678,13.366559028625488,14.283732833616375,4,stop_loss,LONG,LONG,0.5291433036327362,0.5002898573875427,0.5579967498779297,0.5002898573875427,0.4529852867126465,52.91433036327362,0.5082164704799652,1,True,True,False,52.0,True,0.5267520248889923,UNRANKED,,False,,,
2018-10-18,2018-10-19,2018-10-23,T,XLC,14.467805936363222,12.969746589660645,14.699847976506916,2,take_profit,LONG,LONG,0.5425695478916168,0.5002898573875427,0.5848492383956909,0.5002898573875427,0.42478811740875244,54.25695478916168,0.5082164704799652,1,True,True,False,52.0,True,0.8353469222784041,UNRANKED,,False,,,
2018-10-19,2018-10-22,2018-10-24,T,XLC,14.672893987148498,13.21496868133545,14.422907066110552,2,stop_loss,LONG,LONG,0.5406768918037415,0.5002898573875427,0.5810639262199402,0.5002898573875427,0.3848808705806732,54.067689180374146,0.5082164704799652,1,True,True,False,52.0,True,0.8454407900571823,UNRANKED,,False,,,
2018-10-22,2018-10-23,2018-10-24,T,XLC,14.579268451885856,13.585025787353516,14.343399180471236,1,stop_loss,LONG,LONG,0.5291507542133331,0.5007854700088501,0.5575160384178162,0.5007854700088501,0.3936840295791626,52.91507542133331,0.5082164704799652,1,True,True,False,52.0,True,0.990983933210373,UNRANKED,,False,,,
2018-10-23,2018-10-24,2018-10-25,T,XLC,14.146793196347781,13.67864990234375,13.888631106591225,1,stop_loss,LONG,LONG,0.5149439573287964,0.5007854700088501,0.5291024446487427,0.5007854700088501,0.44998347759246826,51.49439573287964,0.5082164704799652,1,True,True,False,52.0,True,0.9539114534854889,UNRANKED,,False,,,
2018-10-24,2018-10-25,2018-10-26,T,XLC,13.665278094307698,13.593939781188965,13.250183991175723,1,stop_loss,LONG,LONG,0.5288950204849243,0.49594646692276,0.5618435740470886,0.49594646692276,0.3900482952594757,52.88950204849243,0.5082164704799652,1,True,True,False,52.0,True,1.1015383154153822,UNRANKED,,False,,,
2018-10-25,2018-10-26,2018-11-02,T,XLC,13.326426533063847,13.607317924499512,13.607317924499512,5,time_exit,LONG,LONG,0.5149439573287964,0.5007854700088501,0.5291024446487427,0.5007854700088501,0.4698709547519684,51.49439573287964,0.5082164704799652,1,True,True,False,52.0,True,0.7071834653615952,UNRANKED,,False,,,
2018-10-26,2018-10-29,2018-10-31,T,XLC,13.192676670005737,13.656360626220703,13.673047191551147,2,take_profit,LONG,LONG,0.5310667157173157,0.5002898573875427,0.5618435740470886,0.5002898573875427,0.48161840438842773,53.10667157173157,0.5082164704799652,1,True,True,False,52.0,True,1.31697615981102,UNRANKED,,False,,,
2018-10-29,2018-10-30,2018-11-06,T,XLC,13.308598720384914,13.803485870361328,13.803485870361328,5,time_exit,LONG,LONG,0.5254620015621185,0.5002898573875427,0.5506341457366943,0.5002898573875427,0.3793172836303711,52.54620015621185,0.5082164704799652,1,True,True,False,52.0,True,1.2627390772104263,UNRANKED,,False,,,
2018-10-30,2018-10-31,2018-11-07,T,XLC,13.683108529337606,13.865906715393066,13.865906715393066,5,time_exit,SHORT,SHORT,0.49636290967464447,0.5002898573875427,0.4924359619617462,0.5002898573875427,0.3805186152458191,50.36370903253555,0.5082164704799652,2,False,True,True,52.0,True,-0.3209758400917053,UNRANKED,,False,,,
2018-10-31,2018-11-01,2018-11-08,T,XLC,13.816863256259095,13.839156150817871,13.839156150817871,5,time_exit,LONG,LONG,0.5383984744548798,0.49594646692276,0.5808504819869995,0.49594646692276,0.37955307960510254,53.839847445487976,0.5082164704799652,1,True,True,False,52.0,True,1.053383082151413,UNRANKED,,False,,,
2018-11-01,2018-11-02,2018-11-09,T,XLC,13.656361709220066,13.683107376098633,13.683107376098633,5,time_exit,SHORT,SHORT,0.47646360099315643,0.49594646692276,0.45698073506355286,0.49594646692276,0.40088286995887756,52.35363990068436,0.5082164704799652,1,True,False,True,52.0,True,0.2323554456233978,UNRANKED,,False,,,
2018-11-02,2018-11-05,2018-11-12,T,XLC,13.656360626220703,13.723237991333008,13.723237991333008,5,time_exit,SHORT,SHORT,0.48619501292705536,0.5002898573875427,0.472100168466568,0.5002898573875427,0.42329543828964233,51.380498707294464,0.5082164704799652,1,True,False,True,52.0,True,-0.4365593194961548,UNRANKED,,False,,,
2018-11-05,2018-11-06,2018-11-13,T,XLC,13.660814333064616,13.52260684967041,13.52260684967041,5,time_exit,SHORT,SHORT,0.493715763092041,0.5002898573875427,0.4871416687965393,0.5002898573875427,0.48614200949668884,50.6284236907959,0.5082164704799652,2,False,True,True,52.0,True,0.15865802764892575,UNRANKED,,False,,,
2018-11-06,2018-11-07,2018-11-14,T,XLC,13.816862943991442,13.60285758972168,13.60285758972168,5,time_exit,LONG,LONG,0.5053074657917023,0.5002898573875427,0.5103250741958618,0.5002898573875427,0.442832887172699,50.53074657917023,0.5082164704799652,2,False,True,True,52.0,True,0.43133324384689337,UNRANKED,,False,,,
2018-11-07,2018-11-08,2018-11-15,T,XLC,13.856989533109795,13.428976058959961,13.428976058959961,5,time_exit,LONG,LONG,0.5053074657917023,0.5002898573875427,0.5103250741958618,0.5002898573875427,0.4747183918952942,50.53074657917023,0.5082164704799652,2,False,True,True,52.0,True,0.4115920364856719,UNRANKED,,False,,,
2018-11-08,2018-11-09,2018-11-16,T,XLC,13.812404170275302,13.504769325256348,13.504769325256348,5,time_exit,LONG,LONG,0.5122429430484772,0.5042676329612732,0.5202182531356812,0.5042676329612732,0.523037314414978,51.22429430484772,0.5082164704799652,1,True,True,False,52.0,True,0.7467319369316101,UNRANKED,,False,,,
2018-11-09,2018-11-12,2018-11-19,T,XLC,13.687570093643853,13.531522750854492,13.531522750854492,5,time_exit,LONG,LONG,0.5133394598960876,0.5042676329612732,0.5224112868309021,0.5042676329612732,0.523967981338501,51.333945989608765,0.5082164704799652,1,True,True,False,52.0,True,0.5489221215248109,UNRANKED,,False,,,
2018-11-12,2018-11-13,2018-11-20,T,XLC,13.754448773094309,13.116881370544434,13.320062519737375,5,stop_loss,LONG,LONG,0.508971780538559,0.5042676329612732,0.5136759281158447,0.5042676329612732,0.49964439868927,50.897178053855896,0.5082164704799652,1,True,True,False,52.0,True,0.6839216649532319,UNRANKED,,False,,,
2018-11-13,2018-11-14,2018-11-20,T,XLC,13.62069210044309,13.272929191589355,13.327067222513403,4,stop_loss,LONG,LONG,0.504090428352356,0.5042676329612732,0.5039132237434387,0.5042676329612732,0.5017509460449219,50.409042835235596,0.5082164704799652,2,False,True,True,52.0,True,0.49932634830474854,UNRANKED,,False,,,
2018-11-14,2018-11-15,2018-11-20,T,XLC,13.531521112661101,13.090126991271973,13.250634735054028,3,stop_loss,LONG,LONG,0.5065925419330597,0.5002898573875427,0.5128952264785767,0.5002898573875427,0.4305407702922821,50.65925419330597,0.5082164704799652,2,False,True,True,52.0,True,0.6097836494445802,UNRANKED,,False,,,
2018-11-15,2018-11-16,2018-11-20,T,XLC,13.406681781435946,13.353181838989258,13.157642676429319,2,stop_loss,LONG,LONG,0.5021015405654907,0.5002898573875427,0.5039132237434387,0.5002898573875427,0.45501869916915894,50.21015405654907,0.5082164704799652,2,False,True,True,52.0,True,0.560288906097412,UNRANKED,,False,,,
2018-11-16,2018-11-19,2018-11-20,T,XLC,13.527064122860395,13.571649551391602,13.302229135764971,1,take_profit,SHORT,SHORT,0.4956614524126053,0.5002898573875427,0.49103304743766785,0.5002898573875427,0.45364832878112793,50.43385475873947,0.5082164704799652,2,False,True,True,52.0,True,0.4338972568511963,UNRANKED,,False,,,
2018-11-19,2018-11-20,2018-11-23,T,XLC,13.362097982296914,13.705402374267578,13.186306378118623,2,stop_loss,LONG,LONG,0.5053758025169373,0.5002898573875427,0.5104617476463318,0.5002898573875427,0.4171661138534546,50.537580251693726,0.5082164704799652,2,False,True,True,52.0,True,0.6167203485965729,UNRANKED,,False,,,
2018-11-20,2018-11-21,2018-11-27,T,XLC,13.152550748637207,13.629606246948242,13.374201962146904,3,take_profit,LONG,LONG,0.5036622881889343,0.5002898573875427,0.5070347189903259,0.5002898573875427,0.45264580845832825,50.36622881889343,0.5082164704799652,2,False,True,True,52.0,True,0.562739759683609,UNRANKED,,False,,,
2018-11-21,2018-11-23,2018-11-27,T,XLC,13.26846641198428,13.928327560424805,13.50030872547828,2,take_profit,LONG,LONG,0.5059836506843567,0.5002898573875427,0.5116774439811707,0.5002898573875427,0.432525098323822,50.59836506843567,0.5082164704799652,2,False,True,True,52.0,True,0.44546878337860113,UNRANKED,,False,,,
2018-11-23,2018-11-26,2018-11-27,T,XLC,13.21942751707149,14.1378755569458,13.475473267280753,1,stop_loss,SHORT,SHORT,0.49900053441524506,0.5002898573875427,0.4977112114429474,0.5002898573875427,0.33877941966056824,50.099946558475494,0.5082164704799652,2,False,True,True,52.0,True,0.4018065929412841,UNRANKED,,False,,,
2018-11-26,2018-11-27,2018-11-28,T,XLC,13.30413974774811,13.700944900512695,13.590758661671101,1,take_profit,LONG,LONG,0.5019620358943939,0.5002898573875427,0.5036342144012451,0.5002898573875427,0.37452244758605957,50.19620358943939,0.5082164704799652,2,False,True,True,52.0,True,0.29798683524131775,UNRANKED,,False,,,
2018-11-27,2018-11-28,2018-11-30,T,XLC,13.571646935270932,13.611775398254395,13.868457630374168,2,take_profit,LONG,LONG,0.5100298523902893,0.5002898573875427,0.5197698473930359,0.5002898573875427,0.35093262791633606,51.00298523902893,0.5082164704799652,1,True,True,False,52.0,True,0.7604614794254304,UNRANKED,,False,,,
2018-11-28,2018-11-29,2018-11-30,T,XLC,13.540435965512719,13.437893867492676,13.847436943165132,1,stop_loss,SHORT,SHORT,0.4973314106464386,0.5042676329612732,0.490395188331604,0.5042676329612732,0.3559892177581787,50.26685893535614,0.5082164704799652,2,False,True,True,52.0,True,0.5123291015625001,UNRANKED,,False,,,
2018-11-29,2018-11-30,2018-12-03,T,XLC,13.692028169972698,13.335349082946777,14.00603565658856,1,take_profit,LONG,LONG,0.5104071795940399,0.5042676329612732,0.5165467262268066,0.5042676329612732,0.2760716676712036,51.04071795940399,0.5082164704799652,1,True,True,False,52.0,True,-0.1145801544189454,UNRANKED,,False,,,
2018-11-30,2018-12-03,2018-12-04,T,XLC,14.151251438481047,13.241717338562012,13.81686216061414,1,stop_loss,LONG,LONG,0.5086660981178284,0.5007854700088501,0.5165467262268066,0.5007854700088501,0.3418683409690857,50.86660981178284,0.5082164704799652,1,True,True,False,52.0,True,0.10260668396949776,UNRANKED,,False,,,
2018-12-03,2018-12-04,2018-12-06,T,XLC,14.146794149538554,13.446806907653809,13.7882023886307,1,stop_loss,LONG,LONG,0.5075770020484924,0.5007854700088501,0.5143685340881348,0.5007854700088501,0.33906689286231995,50.75770020484924,0.5082164704799652,2,False,True,True,52.0,True,0.5588951110839844,UNRANKED,,False,,,
2018-12-04,2018-12-06,2018-12-13,T,XLC,13.589483384862783,13.335349082946777,13.335349082946777,5,time_exit,SHORT,SHORT,0.4940354526042938,0.5007854700088501,0.48728543519973755,0.5007854700088501,0.46440809965133667,50.59645473957062,0.5082164704799652,2,False,True,True,52.0,True,0.29299393296241766,UNRANKED,,False,,,
2018-12-06,2018-12-07,2018-12-14,T,XLC,13.473561762680632,13.47356128692627,13.47356128692627,5,time_exit,SHORT,SHORT,0.4933413714170456,0.5002898573875427,0.48639288544654846,0.5002898573875427,0.47356081008911133,50.66586285829544,0.5082164704799652,2,False,True,True,52.0,True,0.04990401864051813,UNRANKED,,False,,,
2018-12-07,2018-12-10,2018-12-17,T,XLC,13.411143508913904,13.313055038452148,13.313055038452148,5,time_exit,SHORT,SHORT,0.48914289474487305,0.5002898573875427,0.47799593210220337,0.5002898573875427,0.399303138256073,51.085710525512695,0.5082164704799652,1,True,False,True,52.0,True,-0.1782416999340057,UNRANKED,,False,,,
2018-12-10,2018-12-11,2018-12-18,T,XLC,13.571645587182681,13.264010429382324,13.264010429382324,5,time_exit,SHORT,SHORT,0.4830796718597412,0.5002898573875427,0.4658694863319397,0.5002898573875427,0.4525025486946106,51.69203281402588,0.5082164704799652,1,True,False,True,52.0,True,0.06852966547012326,UNRANKED,,False,,,
2018-12-11,2018-12-12,2018-12-19,T,XLC,13.42451490050111,13.295220375061035,13.295220375061035,5,time_exit,LONG,LONG,0.5002761483192444,0.5002898573875427,0.500262439250946,0.5002898573875427,0.3660070598125458,50.02761483192444,0.5082164704799652,2,False,True,True,52.0,True,0.5041163563728331,UNRANKED,,False,,,
2018-12-12,2018-12-13,2018-12-20,T,XLC,13.415602137019757,12.773577690124512,13.03853947571256,5,stop_loss,LONG,LONG,0.5079749822616577,0.5002898573875427,0.5156601071357727,0.5002898573875427,0.37408941984176636,50.79749822616577,0.5082164704799652,2,False,True,True,52.0,True,0.4137067198753357,UNRANKED,,False,,,
2018-12-13,2018-12-14,2018-12-20,T,XLC,13.299679318848227,12.621992111206055,12.92898665701787,4,stop_loss,LONG,LONG,0.5256223678588867,0.5002898573875427,0.5509548783302307,0.5002898573875427,0.438767671585083,52.56223678588867,0.5082164704799652,1,True,True,False,52.0,True,0.7282870709896087,UNRANKED,,False,,,
2018-12-14,2018-12-17,2018-12-20,T,XLC,13.433434601206987,12.198432922363281,13.069111938853471,3,stop_loss,LONG,LONG,0.5389049649238586,0.5002898573875427,0.5775200724601746,0.5002898573875427,0.39610719680786133,53.890496492385864,0.5082164704799652,1,True,True,False,52.0,True,1.3743550032377243,UNRANKED,,False,,,
2018-12-17,2018-12-18,2018-12-20,T,XLC,13.210508034088738,12.519448280334473,12.860835171627103,2,stop_loss,LONG,LONG,0.5389049649238586,0.5002898573875427,0.5775200724601746,0.5002898573875427,0.3874109983444214,53.890496492385864,0.5082164704799652,1,True,True,False,52.0,True,1.6725844442844393,UNRANKED,,False,,,
2018-12-18,2018-12-19,2018-12-20,T,XLC,13.339804393198326,12.550650596618652,13.014334831212766,1,stop_loss,LONG,LONG,0.5360336899757385,0.5002898573875427,0.5717775225639343,0.5002898573875427,0.4201448857784271,53.60336899757385,0.5082164704799652,1,True,True,False,52.0,True,1.6177661418914795,UNRANKED,,False,,,
2018-12-19,2018-12-20,2018-12-21,T,XLC,13.304137451852302,12.688867568969727,12.993316872323494,1,stop_loss,LONG,LONG,0.5408652424812317,0.5002898573875427,0.5814406275749207,0.5002898573875427,0.41088831424713135,54.08652424812317,0.5082164704799652,1,True,True,False,52.0,True,1.47388519346714,UNRANKED,,False,,,
2018-12-20,2018-12-21,2018-12-24,T,XLC,12.635367996590626,12.724534034729004,12.260855051687933,1,stop_loss,LONG,LONG,0.5348818302154541,0.5002898573875427,0.5694738030433655,0.5002898573875427,0.39600175619125366,53.48818302154541,0.5082164704799652,1,True,True,False,52.0,True,1.2076975107192993,UNRANKED,,False,,,
2018-12-21,2018-12-24,2019-01-02,T,XLC,12.57740386343665,13.170379638671875,12.930897417688184,5,take_profit,LONG,LONG,0.5389049649238586,0.5002898573875427,0.5775200724601746,0.5002898573875427,0.4004177749156952,53.890496492385864,0.5082164704799652,1,True,True,False,52.0,True,1.503065034747124,UNRANKED,,False,,,
2018-12-24,2018-12-26,2018-12-28,T,XLC,12.260855685243696,13.188220024108887,12.64492226696977,2,take_profit,LONG,LONG,0.5032133162021637,0.5002898573875427,0.5061367750167847,0.5002898573875427,0.3879202604293823,50.32133162021637,0.5082164704799652,2,False,True,True,52.0,True,1.2389855086803436,UNRANKED,,False,,,
2018-12-26,2018-12-27,2019-01-02,T,XLC,12.39906180157078,13.527063369750977,12.766569054945151,3,take_profit,LONG,LONG,0.5316362977027893,0.5002898573875427,0.5629827380180359,0.5002898573875427,0.43572860956192017,53.16362977027893,0.5082164704799652,1,True,True,False,52.0,True,1.296193301677704,UNRANKED,,False,,,
2018-12-27,2018-12-28,2019-01-02,T,XLC,12.568487994549743,13.7722806930542,12.927714221356384,2,take_profit,LONG,LONG,0.5254234969615936,0.5002898573875427,0.5505571365356445,0.5002898573875427,0.46264535188674927,52.54234969615936,0.5082164704799652,1,True,True,False,52.0,True,1.2346043586730957,UNRANKED,,False,,,
2018-12-28,2018-12-31,2019-01-02,T,XLC,12.737909916798817,13.94616413116455,13.09204120668965,1,take_profit,LONG,LONG,0.5277895033359528,0.5002898573875427,0.5552891492843628,0.5002898573875427,0.44885191321372986,52.778950333595276,0.5082164704799652,1,True,True,False,52.0,True,1.3282346427440643,UNRANKED,,False,,,
2018-12-31,2019-01-02,2019-01-03,T,XLC,12.706697157965955,13.716148376464844,13.051274402315844,1,take_profit,LONG,LONG,0.5041869878768921,0.5007854700088501,0.5075885057449341,0.5007854700088501,0.44747743010520935,50.41869878768921,0.5082164704799652,2,False,True,True,52.0,True,0.7190382778644563,UNRANKED,,False,,,
2019-01-02,2019-01-03,2019-01-07,T,XLC,13.161469381310699,13.852855682373047,13.556362891311744,2,take_profit,LONG,LONG,0.5221498012542725,0.5007854700088501,0.5435141324996948,0.5007854700088501,0.42941904067993164,52.214980125427246,0.5082164704799652,1,True,True,False,52.0,True,0.638926088809967,UNRANKED,,False,,,
2019-01-03,2019-01-04,2019-01-07,T,XLC,13.35764114498854,14.067028045654297,13.72578477161033,1,take_profit,LONG,LONG,0.5316472351551056,0.5002898573875427,0.5630046129226685,0.5002898573875427,0.39085397124290466,53.16472351551056,0.5082164704799652,1,True,True,False,52.0,True,1.4461241215467455,UNRANKED,,False,,,
2019-01-04,2019-01-07,2019-01-14,T,XLC,13.700944903268995,13.953109741210938,13.953109741210938,5,time_exit,LONG,LONG,0.5434246063232422,0.5002898573875427,0.5865593552589417,0.5002898573875427,0.44438058137893677,54.34246063232422,0.5082164704799652,1,True,True,False,52.0,True,1.3633289933204653,UNRANKED,,False,,,
2019-01-07,2019-01-08,2019-01-15,T,XLC,13.959538890536818,13.943991661071777,13.943991661071777,5,time_exit,SHORT,SHORT,0.488734632730484,0.5002898573875427,0.4771794080734253,0.5002898573875427,0.38190579414367676,51.1265367269516,0.5082164704799652,1,True,False,True,52.0,True,0.12676331400871282,UNRANKED,,False,,,
2019-01-08,2019-01-09,2019-01-16,T,XLC,14.071583948441694,13.925762176513672,13.925762176513672,5,time_exit,SHORT,SHORT,0.4879952222108841,0.5002898573875427,0.47570058703422546,0.5002898573875427,0.3308270573616028,51.20047777891159,0.5082164704799652,1,True,False,True,52.0,True,0.34970656037330633,UNRANKED,,False,,,
2019-01-09,2019-01-10,2019-01-17,T,XLC,13.693365308309927,13.962218284606934,13.962218284606934,5,time_exit,SHORT,SHORT,0.49126434326171875,0.5002898573875427,0.4822388291358948,0.5002898573875427,0.34211164712905884,50.873565673828125,0.5082164704799652,1,True,False,True,52.0,True,0.5690453648567201,UNRANKED,,False,,,
2019-01-10,2019-01-11,2019-01-18,T,XLC,13.85285597641389,14.108036041259766,14.108036041259766,5,time_exit,SHORT,SHORT,0.4999852329492569,0.5002898573875427,0.49968060851097107,0.5002898573875427,0.37141308188438416,50.00147670507431,0.5082164704799652,2,False,True,True,52.0,True,0.21956849098205564,UNRANKED,,False,,,
2019-01-11,2019-01-14,2019-01-22,T,XLC,13.989564594428574,13.934874534606934,13.934874534606934,5,time_exit,SHORT,SHORT,0.49177123606204987,0.5002898573875427,0.483252614736557,0.5002898573875427,0.2992103099822998,50.82287639379501,0.5082164704799652,1,True,False,True,52.0,True,-0.08484902977943416,UNRANKED,,False,,,
2019-01-14,2019-01-15,2019-01-23,T,XLC,13.907536818518562,14.076141357421875,14.076141357421875,5,time_exit,LONG,LONG,0.5053074657917023,0.5002898573875427,0.5103250741958618,0.5002898573875427,0.47180187702178955,50.53074657917023,0.5082164704799652,2,False,True,True,52.0,True,0.1887505054473877,UNRANKED,,False,,,
2019-01-15,2019-01-16,2019-01-24,T,XLC,13.91209118161259,13.943991661071777,13.943991661071777,5,time_exit,LONG,LONG,0.5074256360530853,0.5002898573875427,0.5145614147186279,0.5002898573875427,0.43561625480651855,50.74256360530853,0.5082164704799652,2,False,True,True,52.0,True,0.19705253839492812,UNRANKED,,False,,,
2019-01-16,2019-01-17,2019-01-25,T,XLC,13.921206446923224,13.971334457397461,13.971334457397461,5,time_exit,LONG,LONG,0.5104000270366669,0.5042676329612732,0.5165324211120605,0.5042676329612732,0.43789392709732056,51.04000270366669,0.5082164704799652,1,True,True,False,52.0,True,0.5454618632793428,UNRANKED,,False,,,
2019-01-17,2019-01-18,2019-01-28,T,XLC,14.044240367986566,13.975889205932617,13.975889205932617,5,time_exit,LONG,LONG,0.5104071795940399,0.5042676329612732,0.5165467262268066,0.5042676329612732,0.4316507875919342,51.04071795940399,0.5082164704799652,1,True,True,False,52.0,True,0.4721862673759461,UNRANKED,,False,,,
2019-01-18,2019-01-22,2019-01-29,T,XLC,14.089806704816022,13.9895601272583,13.9895601272583,5,time_exit,LONG,LONG,0.5060364007949829,0.5042676329612732,0.5078051686286926,0.5042676329612732,0.3959615230560303,50.60364007949829,0.5082164704799652,2,False,True,True,52.0,True,0.6096017956733704,UNRANKED,,False,,,
2019-01-22,2019-01-23,2019-01-30,T,XLC,13.998674672200242,13.383500099182129,13.67021370636249,5,stop_loss,LONG,LONG,0.5043226182460785,0.5042676329612732,0.5043776035308838,0.5042676329612732,0.43839049339294434,50.43226182460785,0.5082164704799652,2,False,True,True,52.0,True,0.3455660939216614,UNRANKED,,False,,,
2019-01-23,2019-01-24,2019-01-30,T,XLC,14.026015344505852,13.697919845581055,13.741065633114948,4,stop_loss,LONG,LONG,0.5011004507541656,0.5042676329612732,0.4979332685470581,0.5042676329612732,0.4862833619117737,50.110045075416565,0.5082164704799652,2,False,True,True,52.0,True,0.16094776988029466,UNRANKED,,False,,,
2019-01-24,2019-01-25,2019-01-30,T,XLC,13.98044730549042,13.670578956604004,13.679167692540505,3,stop_loss,LONG,LONG,0.5021015405654907,0.5002898573875427,0.5039132237434387,0.5002898573875427,0.4296751320362091,50.21015405654907,0.5082164704799652,2,False,True,True,52.0,True,0.6284683644771576,UNRANKED,,False,,,
2019-01-25,2019-01-28,2019-01-30,T,XLC,13.953104212476285,13.492859840393066,13.696324678000142,2,stop_loss,LONG,LONG,0.5021015405654907,0.5002898573875427,0.5039132237434387,0.5002898573875427,0.4343516528606415,50.21015405654907,0.5082164704799652,2,False,True,True,52.0,True,0.6176319420337677,UNRANKED,,False,,,
2019-01-28,2019-01-29,2019-01-30,T,XLC,13.953105285681486,13.50197696685791,13.730706119029351,1,stop_loss,LONG,LONG,0.5008460283279419,0.5002898573875427,0.5014021992683411,0.5002898573875427,0.4639759957790375,50.08460283279419,0.5082164704799652,2,False,True,True,52.0,True,0.3138129711151123,UNRANKED,,False,,,
2019-01-29,2019-01-30,2019-02-06,T,XLC,13.65235503620772,13.47007942199707,13.47007942199707,5,time_exit,LONG,LONG,0.5063194632530212,0.5002898573875427,0.5123490691184998,0.5002898573875427,0.36580196022987366,50.631946325302124,0.5082164704799652,2,False,True,True,52.0,True,0.4255259335041046,UNRANKED,,False,,,
2019-01-30,2019-01-31,2019-02-07,T,XLC,13.442737112720843,13.419953346252441,13.419953346252441,5,time_exit,LONG,LONG,0.5013693571090698,0.5002898573875427,0.5024488568305969,0.5002898573875427,0.5180076360702515,50.13693571090698,0.5082164704799652,2,False,True,True,52.0,True,0.5089322030544282,UNRANKED,,False,,,
2019-01-31,2019-02-01,2019-02-06,T,XLC,13.76627363185993,13.465522766113281,13.487653865624578,3,stop_loss,LONG,LONG,0.5094380080699921,0.5002898573875427,0.5185861587524414,0.5002898573875427,0.4848637282848358,50.94380080699921,0.5082164704799652,1,True,True,False,52.0,True,0.4620857536792755,UNRANKED,,False,,,
2019-02-01,2019-02-04,2019-02-07,T,XLC,13.6842480130109,13.538432121276855,13.432318457390434,3,stop_loss,LONG,LONG,0.5054765939712524,0.5002898573875427,0.5106633305549622,0.5002898573875427,0.4350009560585022,50.547659397125244,0.5082164704799652,2,False,True,True,52.0,True,0.5243726968765259,UNRANKED,,False,,,
2019-02-04,2019-02-05,2019-02-12,T,XLC,13.520204964074255,13.583998680114746,13.583998680114746,5,time_exit,LONG,LONG,0.503009021282196,0.5042676329612732,0.5017504096031189,0.5042676329612732,0.3903772830963135,50.300902128219604,0.5082164704799652,2,False,True,True,52.0,True,0.3036654591560365,UNRANKED,,False,,,
2019-02-05,2019-02-06,2019-02-13,T,XLC,13.533875112157988,13.597671508789062,13.597671508789062,5,time_exit,LONG,LONG,0.5058234333992004,0.509896457195282,0.5017504096031189,0.509896457195282,0.3384367525577545,50.582343339920044,0.5082164704799652,2,False,True,True,52.0,True,0.2508322894573211,UNRANKED,,False,,,
2019-02-06,2019-02-07,2019-02-14,T,XLC,13.460965189431539,13.574888229370117,13.574888229370117,5,time_exit,LONG,LONG,0.5014501959085464,0.509896457195282,0.4930039346218109,0.509896457195282,0.44910016655921936,50.145019590854645,0.5082164704799652,2,False,True,True,52.0,True,0.23291558027267464,UNRANKED,,False,,,
2019-02-07,2019-02-08,2019-02-15,T,XLC,13.397170074803192,13.88475513458252,13.662119328430425,5,take_profit,LONG,LONG,0.5008628666400909,0.5002898573875427,0.5014358758926392,0.5002898573875427,0.4623827636241913,50.086286664009094,0.5082164704799652,2,False,True,True,52.0,True,0.36772176623344427,UNRANKED,,False,,,
2019-02-08,2019-02-11,2019-02-15,T,XLC,13.47919343047885,13.957662582397461,13.729821493135796,4,stop_loss,SHORT,SHORT,0.49993476271629333,0.4959852695465088,0.5038842558860779,0.5031661817559473,0.4390313923358917,50.00652372837067,0.5110200047492981,2,False,True,True,65.5,False,0.3188628554344177,UNRANKED,,False,,,
2019-02-11,2019-02-12,2019-02-15,T,XLC,13.602225523926743,14.057910919189453,13.838531850656654,3,take_profit,LONG,LONG,0.5000331401824951,0.49618202447891235,0.5038842558860779,0.5031661817559473,0.4275885224342346,50.00331401824951,0.5110200047492981,2,False,True,True,65.5,False,0.2767339944839477,UNRANKED,,False,,,
2019-02-12,2019-02-13,2019-02-15,T,XLC,13.584001660620032,14.048799514770508,13.806636521067507,2,stop_loss,SHORT,SHORT,0.49760711193084717,0.49132996797561646,0.5038842558860779,0.5031661817559473,0.39857959747314453,50.23928880691528,0.5110200047492981,2,False,True,True,65.5,False,0.2940415740013122,UNRANKED,,False,,,
2019-02-13,2019-02-14,2019-02-15,T,XLC,13.533876381631934,14.19461727142334,13.739585975268584,1,stop_loss,SHORT,SHORT,0.4955034404993057,0.48712262511253357,0.5038842558860779,0.5031661817559473,0.3882221579551697,50.44965595006943,0.5110200047492981,2,False,True,True,65.5,False,0.3872437179088594,UNRANKED,,False,,,
2019-02-14,2019-02-15,2019-02-19,T,XLC,13.684252893953508,14.18550968170166,13.889311128032052,1,stop_loss,SHORT,SHORT,0.4885849952697754,0.4732857346534729,0.5038842558860779,0.43029814665592264,0.4381566345691681,51.14150047302246,0.5110200047492981,1,True,False,True,65.5,False,0.4600023031234741,UNRANKED,,False,,,
2019-02-15,2019-02-19,2019-02-22,T,XLC,13.880195898549939,14.22651481628418,14.128870155010945,3,stop_loss,SHORT,SHORT,0.48855575919151306,0.47322726249694824,0.5038842558860779,0.43029814665592264,0.44453832507133484,51.144424080848694,0.5110200047492981,1,True,False,True,65.5,False,0.36468407511711126,UNRANKED,,False,,,
2019-02-19,2019-02-20,2019-02-26,T,XLC,13.962217404464567,14.153606414794922,14.219354021852611,4,stop_loss,SHORT,SHORT,0.4937399625778198,0.4873813986778259,0.5000985264778137,0.5031661817559473,0.42869243025779724,50.62600374221802,0.5110200047492981,2,False,True,True,65.5,False,0.31822386384010315,UNRANKED,,False,,,
2019-02-20,2019-02-21,2019-02-28,T,XLC,14.062470512578432,14.180946350097656,14.180946350097656,5,time_exit,SHORT,SHORT,0.49680671095848083,0.4936303496360779,0.4999830722808838,0.5031661817559473,0.42312973737716675,50.31932890415192,0.5110200047492981,2,False,True,True,65.5,False,0.2762358486652375,UNRANKED,,False,,,
2019-02-21,2019-02-22,2019-03-01,T,XLC,14.103480748690881,14.044242858886719,14.044242858886719,5,time_exit,SHORT,SHORT,0.49301524460315704,0.49044254422187805,0.49558794498443604,0.5031661817559473,0.447296142578125,50.698475539684296,0.5110200047492981,2,False,True,True,65.5,False,0.2645237743854522,UNRANKED,,False,,,
2019-02-22,2019-02-25,2019-03-01,T,XLC,14.240191385454228,13.661466598510742,14.082003791721666,4,take_profit,SHORT,SHORT,0.4919195771217346,0.49044254422187805,0.4933966100215912,0.5031661817559473,0.40586501359939575,50.80804228782654,0.5110200047492981,2,False,True,True,65.5,False,0.25100001692771906,UNRANKED,,False,,,
2019-02-25,2019-02-26,2019-03-01,T,XLC,14.190059977797292,13.647797584533691,14.055959744991767,3,stop_loss,LONG,LONG,0.5025355070829391,0.5160682201385498,0.4890027940273285,0.5355887521968368,0.4779956638813019,50.253550708293915,0.5110200047492981,2,False,True,True,65.5,False,0.2516159415245055,UNRANKED,,False,,,
2019-02-26,2019-02-27,2019-03-01,T,XLC,14.231071940349635,13.583998680114746,14.092416277813014,2,stop_loss,LONG,LONG,0.5043790340423584,0.5100702047348022,0.49868786334991455,0.5355887521968368,0.4836460053920746,50.43790340423584,0.5110200047492981,2,False,True,True,65.5,False,0.24724850058555609,UNRANKED,,False,,,
2019-02-27,2019-02-28,2019-03-04,T,XLC,14.153605510427848,13.634123802185059,14.009091154087168,2,stop_loss,LONG,LONG,0.5199759006500244,0.5181086659431458,0.5218431353569031,0.5355887521968368,0.4992870092391968,51.99759006500244,0.5110200047492981,1,True,True,False,65.5,False,0.3268675208091737,UNRANKED,,False,,,
2019-02-28,2019-03-01,2019-03-04,T,XLC,14.217403067378887,13.652353286743164,14.076143873958477,1,take_profit,SHORT,SHORT,0.4966387301683426,0.5063583254814148,0.4869191348552704,0.524547803617571,0.3955497145652771,50.33612698316574,0.5110200047492981,2,False,True,True,65.5,False,0.27109637856483454,UNRANKED,,False,,,
2019-03-01,2019-03-04,2019-03-05,T,XLC,14.103481697944602,13.770833015441895,13.949203351474178,1,take_profit,SHORT,SHORT,0.494376078248024,0.5018330216407776,0.4869191348552704,0.523138832997988,0.39433059096336365,50.5623921751976,0.5110200047492981,2,False,True,True,65.5,False,0.3380589187145233,UNRANKED,,False,,,
2019-03-04,2019-03-05,2019-03-12,T,XLC,13.679695431809995,13.957662582397461,13.878240479025047,5,stop_loss,SHORT,SHORT,0.4908628910779953,0.5006194710731506,0.48110631108283997,0.5031661817559473,0.3957410156726837,50.91371089220047,0.5110200047492981,2,False,True,True,65.5,False,0.31454163789749146,UNRANKED,,False,,,
2019-03-05,2019-03-06,2019-03-12,T,XLC,13.670578202046888,13.798171997070312,13.864566457138965,4,stop_loss,SHORT,SHORT,0.4937693029642105,0.5006194710731506,0.4869191348552704,0.5031661817559473,0.3922964036464691,50.62306970357895,0.5110200047492981,2,False,True,True,65.5,False,0.2452749013900758,UNRANKED,,False,,,
2019-03-06,2019-03-07,2019-03-12,T,XLC,13.606782960209072,13.798171997070312,13.807932083264667,3,stop_loss,SHORT,SHORT,0.4887155443429947,0.5052421689033508,0.47218891978263855,0.523138832997988,0.38794100284576416,51.12844556570053,0.5110200047492981,1,True,False,True,65.5,False,0.16273722052574163,UNRANKED,,False,,,
2019-03-07,2019-03-08,2019-03-12,T,XLC,13.602227445354323,13.975889205932617,13.80728254593154,2,stop_loss,SHORT,SHORT,0.48718951642513275,0.502190113067627,0.47218891978263855,0.523138832997988,0.3921318054199219,51.281048357486725,0.5110200047492981,1,True,False,True,65.5,False,0.264633148908615,UNRANKED,,False,,,
2019-03-08,2019-03-11,2019-03-12,T,XLC,13.661468475323161,14.035127639770508,13.82486108723548,1,stop_loss,SHORT,SHORT,0.49023814499378204,0.5082873702049255,0.47218891978263855,0.5355887521968368,0.39450204372406006,50.976185500621796,0.5110200047492981,2,False,True,True,65.5,False,0.3145634531974791,UNRANKED,,False,,,
2019-03-11,2019-03-12,2019-03-15,T,XLC,13.784501218146595,13.980447769165039,13.954404155899455,3,stop_loss,SHORT,SHORT,0.49191583693027496,0.5116427540779114,0.47218891978263855,0.5355887521968368,0.44847890734672546,50.808416306972504,0.5110200047492981,2,False,True,True,65.5,False,0.17738381028175346,UNRANKED,,False,,,
2019-03-12,2019-03-13,2019-03-20,T,XLC,13.966776359512385,13.902978897094727,13.902978897094727,5,time_exit,SHORT,SHORT,0.48933441936969757,0.5064799189567566,0.47218891978263855,0.524547803617571,0.4823533892631531,51.06655806303024,0.5110200047492981,2,False,True,True,65.5,False,0.15487679839134225,UNRANKED,,False,,,
2019-03-13,2019-03-14,2019-03-18,T,XLC,13.798171997070312,14.153606414794922,14.00192642211914,2,stop_loss,SHORT,SHORT,0.4956517368555069,0.5191145539283752,0.47218891978263855,0.5355887521968368,0.46654438972473145,50.43482631444931,0.5110200047492981,2,False,True,True,65.5,False,0.18804669380187997,UNRANKED,,False,,,
2019-03-14,2019-03-15,2019-03-21,T,XLC,13.902978377629603,14.158163070678711,14.08590169458517,4,stop_loss,SHORT,SHORT,0.494388684630394,0.5165884494781494,0.47218891978263855,0.5355887521968368,0.4637928903102875,50.5611315369606,0.5110200047492981,2,False,True,True,65.5,False,0.20333153009414662,UNRANKED,,False,,,
2019-03-15,2019-03-18,2019-03-25,T,XLC,13.980444807197376,14.02146053314209,14.02146053314209,5,time_exit,SHORT,SHORT,0.4833316206932068,0.4958932101726532,0.4707700312137604,0.5031661817559473,0.4580591320991516,51.66683793067932,0.5110200047492981,1,True,False,True,65.5,False,0.07730534672737129,UNRANKED,,False,,,
2019-03-18,2019-03-19,2019-03-26,T,XLC,14.067028459600404,14.30398178100586,14.276643622041114,5,stop_loss,SHORT,SHORT,0.48350581526756287,0.5006194710731506,0.4663921594619751,0.5031661817559473,0.5056226253509521,51.64941847324371,0.5110200047492981,1,True,False,True,65.5,False,0.0725458264350891,UNRANKED,,False,,,
2019-03-19,2019-03-20,2019-03-21,T,XLC,13.939434887986982,14.308541297912598,14.146445974587149,1,stop_loss,SHORT,SHORT,0.4857354015111923,0.5007007718086243,0.4707700312137604,0.5031661817559473,0.4916597306728363,51.42645984888077,0.5110200047492981,1,True,False,True,65.5,False,0.08575055003166203,UNRANKED,,False,,,
2019-03-20,2019-03-21,2019-03-22,T,XLC,13.875637549659555,14.130820274353027,14.089809912940805,1,stop_loss,SHORT,SHORT,0.4878820925951004,0.5049941539764404,0.4707700312137604,0.523138832997988,0.4723273813724518,51.21179074048996,0.5110200047492981,1,True,False,True,65.5,False,0.09475028514862055,UNRANKED,,False,,,
2019-03-21,2019-03-22,2019-03-29,T,XLC,14.12626522874597,14.290315628051758,14.290315628051758,5,time_exit,SHORT,SHORT,0.4869816452264786,0.5017743706703186,0.47218891978263855,0.523138832997988,0.4477592408657074,51.30183547735214,0.5110200047492981,1,True,False,True,65.5,False,0.09506040811538682,UNRANKED,,False,,,
2019-03-22,2019-03-25,2019-04-01,T,XLC,14.171836925982339,14.559164047241211,14.348252778120314,5,stop_loss,SHORT,SHORT,0.4857805520296097,0.4993721842765808,0.47218891978263855,0.5031661817559473,0.491329163312912,51.42194479703903,0.5110200047492981,1,True,False,True,65.5,False,0.10501471161842328,UNRANKED,,False,,,
2019-03-25,2019-03-26,2019-03-27,T,XLC,14.112593602789518,14.413349151611328,14.30658567257886,1,stop_loss,SHORT,SHORT,0.4857805520296097,0.4993721842765808,0.47218891978263855,0.5031661817559473,0.4953484535217285,51.42194479703903,0.5110200047492981,1,True,False,True,65.5,False,0.10027578473091117,UNRANKED,,False,,,
2019-03-26,2019-03-27,2019-04-01,T,XLC,14.267529452723648,14.522713661193848,14.492767571576536,3,stop_loss,SHORT,SHORT,0.4848940968513489,0.4975992739200592,0.47218891978263855,0.5031661817559473,0.5656823515892029,51.51059031486511,0.5110200047492981,1,True,False,True,65.5,False,0.11784964799880973,UNRANKED,,False,,,
2019-03-27,2019-03-28,2019-04-01,T,XLC,14.317651451924794,14.57283878326416,14.536380198611457,2,take_profit,LONG,LONG,0.5076448619365692,0.49093854427337646,0.524351179599762,0.5031661817559473,0.5437932014465332,50.76448619365692,0.5110200047492981,2,False,True,True,65.5,False,0.3410699367523194,UNRANKED,,False,,,
2019-03-28,2019-03-29,2019-04-01,T,XLC,14.199177931064538,14.741438865661621,14.440691183322839,1,stop_loss,SHORT,SHORT,0.49882934987545013,0.504608154296875,0.49305054545402527,0.523138832997988,0.488847017288208,50.11706501245499,0.5110200047492981,2,False,True,True,65.5,False,0.1876578032970428,UNRANKED,,False,,,
2019-03-29,2019-04-01,2019-04-05,T,XLC,14.399673724328508,14.75967025756836,14.647046351586809,4,stop_loss,SHORT,SHORT,0.4932469129562378,0.4894995093345642,0.4969943165779114,0.5031661817559473,0.4753919243812561,50.67530870437622,0.5110200047492981,2,False,True,True,65.5,False,0.16954237222671503,UNRANKED,,False,,,
2019-04-01,2019-04-02,2019-04-09,T,XLC,14.540940528583713,14.776067733764648,14.776067733764648,5,time_exit,SHORT,SHORT,0.49469204246997833,0.4923897683620453,0.4969943165779114,0.5031661817559473,0.45135462284088135,50.53079575300217,0.5110200047492981,2,False,True,True,65.5,False,0.2426518201828003,UNRANKED,,False,,,
2019-04-02,2019-04-03,2019-04-08,T,XLC,14.490815816996886,14.836572647094727,14.747951753188989,3,stop_loss,SHORT,SHORT,0.4918053597211838,0.4866164028644562,0.4969943165779114,0.5031661817559473,0.43692097067832947,50.81946402788162,0.5110200047492981,2,False,True,True,65.5,False,0.3022518455982209,UNRANKED,,False,,,
2019-04-03,2019-04-04,2019-04-10,T,XLC,14.559167786101312,14.985494613647461,14.831927223662348,4,stop_loss,SHORT,SHORT,0.49841852486133575,0.4968207776546478,0.5000162720680237,0.5031661817559473,0.4296308755874634,50.158147513866425,0.5110200047492981,2,False,True,True,65.5,False,0.32975003123283386,UNRANKED,,False,,,
2019-04-04,2019-04-05,2019-04-11,T,XLC,14.613846371494823,14.985494613647461,14.868378368085574,4,take_profit,LONG,LONG,0.5027432143688202,0.5016021728515625,0.5038842558860779,0.523138832997988,0.4707627594470978,50.27432143688202,0.5110200047492981,2,False,True,True,65.5,False,0.25333911180496227,UNRANKED,,False,,,
2019-04-05,2019-04-08,2019-04-15,T,XLC,14.787012254520173,14.901725769042969,14.901725769042969,5,time_exit,LONG,LONG,0.5007916390895844,0.49206095933914185,0.5095223188400269,0.5031661817559473,0.4551893472671509,50.079163908958435,0.5110200047492981,2,False,True,True,65.5,False,0.22575840353965762,UNRANKED,,False,,,
2019-04-08,2019-04-09,2019-04-16,T,XLC,14.822605596973368,15.008761405944824,15.008761405944824,5,time_exit,SHORT,SHORT,0.499220609664917,0.4984581470489502,0.4999830722808838,0.5031661817559473,0.44851061701774597,50.0779390335083,0.5110200047492981,2,False,True,True,65.5,False,0.21960291266441356,UNRANKED,,False,,,
2019-04-09,2019-04-10,2019-04-17,T,XLC,14.776072699436924,14.869146347045898,14.869146347045898,5,time_exit,SHORT,SHORT,0.49051231145858765,0.4920218288898468,0.4890027940273285,0.5031661817559473,0.48053547739982605,50.948768854141235,0.5110200047492981,2,False,True,True,65.5,False,0.20583108067512515,UNRANKED,,False,,,
2019-04-10,2019-04-11,2019-04-18,T,XLC,14.855185515169147,14.90638256072998,14.90638256072998,5,time_exit,SHORT,SHORT,0.4953548461198807,0.4920218288898468,0.49868786334991455,0.5031661817559473,0.4657837152481079,50.46451538801193,0.5110200047492981,2,False,True,True,65.5,False,0.2237113118171692,UNRANKED,,False,,,
2019-04-11,2019-04-12,2019-04-22,T,XLC,15.032032486078574,14.929646492004395,14.929646492004395,5,time_exit,SHORT,SHORT,0.49736161530017853,0.4960353672504425,0.49868786334991455,0.5031661817559473,0.49873998761177063,50.26383846998215,0.5110200047492981,2,False,True,True,65.5,False,0.22656166553497317,UNRANKED,,False,,,
2019-04-12,2019-04-15,2019-04-23,T,XLC,14.990149849284036,14.938959121704102,14.938959121704102,5,time_exit,SHORT,SHORT,0.49485765397548676,0.500712513923645,0.4890027940273285,0.5031661817559473,0.5452679991722107,50.514234602451324,0.5110200047492981,2,False,True,True,65.5,False,0.11504319310188284,UNRANKED,,False,,,
2019-04-15,2019-04-16,2019-04-24,T,XLC,14.948261475271565,14.329300880432129,14.746496687325136,5,take_profit,SHORT,SHORT,0.49910248816013336,0.5048083662986755,0.4933966100215912,0.523138832997988,0.5141221880912781,50.089751183986664,0.5110200047492981,2,False,True,True,65.5,False,0.12384465336799612,UNRANKED,,False,,,
2019-04-16,2019-04-17,2019-04-24,T,XLC,14.92964628133621,14.119872093200684,14.713242047676193,4,stop_loss,LONG,LONG,0.5006332844495773,0.5078699588775635,0.4933966100215912,0.5355887521968368,0.6061052083969116,50.06332844495773,0.5110200047492981,2,False,True,True,65.5,False,0.1291023194789887,MEDIUM,,True,0.07787864373599296,-1.0,-0.27437798424137444
2019-04-17,2019-04-18,2019-04-24,T,XLC,14.869151547700577,14.27810287475586,14.658191023277794,3,stop_loss,LONG,LONG,0.5073509216308594,0.5160139799118042,0.49868786334991455,0.5355887521968368,0.5723038911819458,50.73509216308594,0.5110200047492981,2,False,True,True,65.5,False,0.22541612386703494,UNRANKED,,False,,,
2019-04-18,2019-04-22,2019-04-24,T,XLC,14.90172353541932,14.371183395385742,14.708228602427202,2,take_profit,SHORT,SHORT,0.499277725815773,0.5067570209503174,0.49179843068122864,0.524547803617571,0.45499488711357117,50.0722274184227,0.5110200047492981,2,False,True,True,65.5,False,0.21222621202468878,UNRANKED,,False,,,
2019-04-22,2019-04-23,2019-04-24,T,XLC,14.920344203352597,14.408413887023926,14.761932768634056,1,stop_loss,LONG,LONG,0.5063433349132538,0.5047623515129089,0.5079243183135986,0.523138832997988,0.5540019869804382,50.63433349132538,0.5110200047492981,2,False,True,True,65.5,False,0.3579261600971222,UNRANKED,,False,,,
2019-04-23,2019-04-24,2019-04-25,T,XLC,14.459608834852745,14.329300880432129,14.320697723838515,1,take_profit,SHORT,SHORT,0.49748949706554413,0.5038026571273804,0.4911763370037079,0.523138832997988,0.5268117785453796,50.25105029344559,0.5110200047492981,2,False,True,True,65.5,False,0.09703913331031797,UNRANKED,,False,,,
2019-04-24,2019-04-25,2019-05-02,T,XLC,14.259489234001128,14.250179290771484,14.250179290771484,5,time_exit,SHORT,SHORT,0.49674321711063385,0.5018590688705444,0.49162736535072327,0.523138832997988,0.5092257857322693,50.325678288936615,0.5110200047492981,2,False,True,True,65.5,False,0.10335084795951838,UNRANKED,,False,,,
2019-04-25,2019-04-26,2019-05-03,T,XLC,14.180371942640384,14.28741455078125,14.28741455078125,5,time_exit,SHORT,SHORT,0.49214276671409607,0.4970514476299286,0.48723408579826355,0.5031661817559473,0.44229593873023987,50.78572332859039,0.5110200047492981,2,False,True,True,65.5,False,0.14171037077903742,UNRANKED,,False,,,
2019-04-26,2019-04-29,2019-05-06,T,XLC,14.385144287906046,14.236222267150879,14.236222267150879,5,time_exit,SHORT,SHORT,0.49932944774627686,0.5004967451095581,0.4981621503829956,0.5031661817559473,0.42862674593925476,50.067055225372314,0.5110200047492981,2,False,True,True,65.5,False,0.1728081703186035,UNRANKED,,False,,,
2019-04-29,2019-04-30,2019-05-07,T,XLC,14.399105842170188,14.208298683166504,14.208298683166504,5,time_exit,LONG,LONG,0.5029116570949554,0.5006194710731506,0.5052038431167603,0.5031661817559473,0.5060349702835083,50.291165709495544,0.5110200047492981,2,False,True,True,65.5,False,0.16310629248619085,UNRANKED,,False,,,
2019-04-30,2019-05-01,2019-05-08,T,XLC,14.450301963293011,14.101256370544434,14.20497510368259,5,stop_loss,LONG,LONG,0.5045096725225449,0.49942120909690857,0.5095981359481812,0.5031661817559473,0.5210398435592651,50.450967252254486,0.5110200047492981,2,False,True,True,65.5,False,0.1616600751876832,UNRANKED,,False,,,
2019-05-01,2019-05-02,2019-05-08,T,XLC,14.408411324106519,14.138487815856934,14.16042616545871,4,take_profit,SHORT,SHORT,0.48296092450618744,0.4995296895503998,0.4663921594619751,0.5031661817559473,0.4955567419528961,51.703907549381256,0.5110200047492981,1,True,False,True,65.5,False,0.057305604219436757,UNRANKED,,False,,,
2019-05-02,2019-05-03,2019-05-10,T,XLC,14.268799634089584,14.250179290771484,14.250179290771484,5,time_exit,LONG,LONG,0.5028494745492935,0.494677871465683,0.511021077632904,0.5031661817559473,0.48996344208717346,50.28494745492935,0.5110200047492981,2,False,True,True,65.5,False,0.24840778112411493,UNRANKED,,False,,,
2019-05-03,2019-05-06,2019-05-13,T,XLC,14.175721145192107,14.180373191833496,14.180373191833496,5,time_exit,LONG,LONG,0.5001890510320663,0.4963972866535187,0.503980815410614,0.5031661817559473,0.4584626257419586,50.018905103206635,0.5110200047492981,2,False,True,True,65.5,False,0.21314588189125075,UNRANKED,,False,,,
2019-05-06,2019-05-07,2019-05-14,T,XLC,14.203644660122452,14.468913078308105,14.442323864790769,5,take_profit,LONG,LONG,0.5030161291360855,0.49501118063926697,0.511021077632904,0.5031661817559473,0.4679650068283081,50.30161291360855,0.5110200047492981,2,False,True,True,65.5,False,0.2572927474975586,UNRANKED,,False,,,
2019-05-07,2019-05-08,2019-05-14,T,XLC,14.143141392855664,14.543378829956055,14.370518875678627,4,take_profit,LONG,LONG,0.5156858563423157,0.5203506350517273,0.511021077632904,0.5355887521968368,0.5258688926696777,51.56858563423157,0.5110200047492981,1,True,True,False,65.5,False,0.3524742424488067,UNRANKED,,False,,,
2019-05-08,2019-05-09,2019-05-14,T,XLC,14.087294748030313,14.715569496154785,14.310018981385154,3,take_profit,LONG,LONG,0.5137180387973785,0.5124735832214355,0.5149624943733215,0.5355887521968368,0.5309208631515503,51.371803879737854,0.5110200047492981,1,True,True,False,65.5,False,0.34103006124496454,UNRANKED,,False,,,
2019-05-09,2019-05-10,2019-05-14,T,XLC,14.077985192639364,14.79934024810791,14.300708744798264,2,take_profit,LONG,LONG,0.5001909732818604,0.5039620995521545,0.49641984701156616,0.523138832997988,0.517577052116394,50.019097328186035,0.5110200047492981,2,False,True,True,65.5,False,0.5032318234443665,UNRANKED,,False,,,
2019-05-10,2019-05-13,2019-05-14,T,XLC,14.124526100520603,14.980840682983398,14.359882158913809,1,take_profit,LONG,LONG,0.513678640127182,0.5059205889701843,0.5214366912841797,0.524547803617571,0.5424452424049377,51.3678640127182,0.5110200047492981,1,True,True,False,65.5,False,0.48979890346527105,UNRANKED,,False,,,
2019-05-13,2019-05-14,2019-05-15,T,XLC,14.287412089356156,15.083227157592773,14.53141007192626,1,take_profit,LONG,LONG,0.5196893215179443,0.517941951751709,0.5214366912841797,0.5355887521968368,0.5233255624771118,51.968932151794434,0.5110200047492981,1,True,True,False,65.5,False,0.3454419672489167,UNRANKED,,False,,,
2019-05-14,2019-05-15,2019-05-16,T,XLC,14.445647864649587,15.022726058959961,14.643771796534352,1,take_profit,LONG,LONG,0.5196893215179443,0.517941951751709,0.5214366912841797,0.5355887521968368,0.5428788661956787,51.968932151794434,0.5110200047492981,1,True,True,False,65.5,False,0.40569558739662165,UNRANKED,,False,,,
2019-05-15,2019-05-16,2019-05-17,T,XLC,14.589914420408444,14.957571029663086,14.768757918638425,1,take_profit,LONG,LONG,0.5109243243932724,0.4973962604999542,0.5244523882865906,0.5031661817559473,0.5267736315727234,51.09243243932724,0.5110200047492981,2,False,True,True,65.5,False,0.48351001739501953,UNRANKED,,False,,,
2019-05-16,2019-05-17,2019-05-20,T,XLC,14.617838071674349,15.01807689666748,14.798675839139124,1,take_profit,LONG,LONG,0.5156651139259338,0.509893536567688,0.5214366912841797,0.5355887521968368,0.5613988637924194,51.566511392593384,0.5110200047492981,1,True,True,False,65.5,False,0.39523583650588995,UNRANKED,,False,,,
2019-05-17,2019-05-20,2019-05-28,T,XLC,15.022725708634113,14.85983943939209,14.85983943939209,5,time_exit,LONG,LONG,0.5156651139259338,0.509893536567688,0.5214366912841797,0.5355887521968368,0.5583474040031433,51.566511392593384,0.5110200047492981,1,True,True,False,65.5,False,0.4817509949207306,UNRANKED,,False,,,
2019-05-20,2019-05-21,2019-05-29,T,XLC,15.004111120697964,14.850531578063965,14.850531578063965,5,time_exit,LONG,LONG,0.5009421855211258,0.4853222072124481,0.5165621638298035,0.5031661817559473,0.5099260210990906,50.09421855211258,0.5110200047492981,2,False,True,True,65.5,False,0.38021084666252136,UNRANKED,,False,,,
2019-05-21,2019-05-22,2019-05-30,T,XLC,15.004109969233005,14.827260971069336,14.827260971069336,5,time_exit,LONG,LONG,0.5045758336782455,0.4925895035266876,0.5165621638298035,0.5031661817559473,0.5024884939193726,50.457583367824554,0.5110200047492981,2,False,True,True,65.5,False,0.348325103521347,UNRANKED,,False,,,
2019-05-22,2019-05-23,2019-05-31,T,XLC,14.976187119526314,14.2315673828125,14.775404616125783,5,stop_loss,LONG,LONG,0.5008787959814072,0.4925895035266876,0.5091680884361267,0.5031661817559473,0.4613780081272125,50.08787959814072,0.5110200047492981,2,False,True,True,65.5,False,0.31809842586517334,UNRANKED,,False,,,
2019-05-23,2019-05-24,2019-05-30,T,XLC,15.041345841098265,14.468913078308105,14.836574799228147,3,take_profit,SHORT,SHORT,0.49460048973560333,0.49306827783584595,0.4961327016353607,0.5031661817559473,0.49366798996925354,50.53995102643967,0.5110200047492981,2,False,True,True,65.5,False,0.356881707906723,UNRANKED,,False,,,
2019-05-24,2019-05-28,2019-05-30,T,XLC,15.045994453662416,14.650416374206543,14.839892899881724,2,take_profit,SHORT,SHORT,0.49442461133003235,0.492716521024704,0.4961327016353607,0.5031661817559473,0.4990413784980774,50.557538866996765,0.5110200047492981,2,False,True,True,65.5,False,0.23881295323371884,UNRANKED,,False,,,
2019-05-28,2019-05-29,2019-05-31,T,XLC,14.850531578063963,14.743494033813477,14.625813756670269,2,take_profit,SHORT,SHORT,0.4965755343437195,0.5078563094139099,0.48529475927352905,0.5355887521968368,0.4944140315055847,50.34244656562805,0.5110200047492981,2,False,True,True,65.5,False,0.23853334784507746,UNRANKED,,False,,,
2019-05-29,2019-05-30,2019-05-31,T,XLC,14.873800013781835,14.938959121704102,14.663044256858704,1,take_profit,SHORT,SHORT,0.4985996186733246,0.5119044780731201,0.48529475927352905,0.5355887521968368,0.5218673348426819,50.14003813266754,0.5110200047492981,2,False,True,True,65.5,False,0.2856325805187226,UNRANKED,,False,,,
2019-05-30,2019-05-31,2019-06-05,T,XLC,14.45495341515742,15.120458602905273,14.663714766606569,3,take_profit,LONG,LONG,0.5313988924026489,0.5126398205757141,0.5501579642295837,0.5355887521968368,0.5525972247123718,53.13988924026489,0.5110200047492981,1,True,True,False,65.5,False,0.4040565192699433,UNRANKED,,False,,,
2019-05-31,2019-06-03,2019-06-04,T,XLC,14.296720133727572,14.85983943939209,14.574624644225619,1,take_profit,LONG,LONG,0.5234287679195404,0.49669957160949707,0.5501579642295837,0.5031661817559473,0.5408207774162292,52.34287679195404,0.5110200047492981,1,True,True,False,65.5,False,0.4793087840080262,UNRANKED,,False,,,
2019-06-03,2019-06-04,2019-06-06,T,XLC,14.608531346557848,14.943608283996582,14.910370085135554,2,take_profit,LONG,LONG,0.5154065936803818,0.48019900918006897,0.5506141781806946,0.5031661817559473,0.5152772665023804,51.54065936803818,0.5110200047492981,1,True,True,False,65.5,False,1.1467791050672531,UNRANKED,,False,,,
2019-06-04,2019-06-05,2019-06-07,T,XLC,14.715571072409379,14.976186752319336,15.002118869476204,2,take_profit,LONG,LONG,0.5111342817544937,0.49224504828453064,0.5300235152244568,0.5031661817559473,0.5157118439674377,51.11342817544937,0.5110200047492981,1,True,True,False,65.5,False,0.6519619226455687,UNRANKED,,False,,,
2019-06-05,2019-06-06,2019-06-07,T,XLC,14.799343120663293,15.027379035949707,15.08854976172426,1,take_profit,LONG,LONG,0.5131996870040894,0.5357129573822021,0.49068641662597656,0.5355887521968368,0.5058709383010864,51.319968700408936,0.5110200047492981,1,True,True,False,65.5,False,0.21087384223937986,UNRANKED,,False,,,
2019-06-06,2019-06-07,2019-06-14,T,XLC,14.971534570376965,15.055301666259766,15.055301666259766,5,time_exit,LONG,LONG,0.5111882090568542,0.5316900014877319,0.49068641662597656,0.5355887521968368,0.46282801032066345,51.118820905685425,0.5110200047492981,1,True,True,False,65.5,False,0.22685629129409798,UNRANKED,,False,,,
2019-06-07,2019-06-10,2019-06-17,T,XLC,15.213534554134785,15.032034873962402,15.032034873962402,5,time_exit,LONG,LONG,0.5165753960609436,0.5294612050056458,0.5036895871162415,0.5355887521968368,0.43850842118263245,51.65753960609436,0.5110200047492981,1,True,True,False,65.5,False,0.34712499380111694,UNRANKED,,False,,,
2019-06-10,2019-06-11,2019-06-18,T,XLC,14.920339349811906,15.097186088562012,15.097186088562012,5,time_exit,LONG,LONG,0.5026814341545105,0.5014786124229431,0.5038842558860779,0.5031661817559473,0.5093191862106323,50.26814341545105,0.5110200047492981,2,False,True,True,65.5,False,0.05994012951850893,UNRANKED,,False,,,
2019-06-11,2019-06-12,2019-06-19,T,XLC,14.943609771115657,15.083227157592773,15.083227157592773,5,time_exit,LONG,LONG,0.5033760666847229,0.5028678774833679,0.5038842558860779,0.523138832997988,0.506137490272522,50.33760666847229,0.5110200047492981,2,False,True,True,65.5,False,0.014535754919052166,UNRANKED,,False,,,
2019-06-12,2019-06-13,2019-06-20,T,XLC,14.994800881193969,15.143729209899902,15.143729209899902,5,time_exit,LONG,LONG,0.5015510767698288,0.5045093894004822,0.4985927641391754,0.523138832997988,0.4853523075580597,50.15510767698288,0.5110200047492981,2,False,True,True,65.5,False,0.3232771456241608,UNRANKED,,False,,,
2019-06-13,2019-06-14,2019-06-21,T,XLC,15.050647644252912,15.101840019226074,15.101840019226074,5,time_exit,LONG,LONG,0.5076544135808945,0.5167160630226135,0.4985927641391754,0.5355887521968368,0.4784116744995117,50.76544135808945,0.5110200047492981,2,False,True,True,65.5,False,0.16364833712577817,UNRANKED,,False,,,
2019-06-14,2019-06-17,2019-06-24,T,XLC,15.008765934050505,15.162342071533203,15.162342071533203,5,time_exit,LONG,LONG,0.5035145431756973,0.5084363222122192,0.4985927641391754,0.5355887521968368,0.5086107850074768,50.35145431756973,0.5110200047492981,2,False,True,True,65.5,False,0.148383140563965,UNRANKED,,False,,,
2019-06-17,2019-06-18,2019-06-25,T,XLC,15.09718608856201,15.148383140563965,15.148383140563965,5,time_exit,LONG,LONG,0.502808541059494,0.5100463032722473,0.4955707788467407,0.5355887521968368,0.5323814749717712,50.2808541059494,0.5110200047492981,2,False,True,True,65.5,False,0.19142100214958185,UNRANKED,,False,,,
2019-06-18,2019-06-19,2019-06-26,T,XLC,15.143728278590249,15.139070510864258,15.139070510864258,5,time_exit,LONG,LONG,0.5034024715423584,0.5112341642379761,0.4955707788467407,0.5355887521968368,0.5524562001228333,50.34024715423584,0.5110200047492981,2,False,True,True,65.5,False,0.18493449687957755,UNRANKED,,False,,,
2019-06-19,2019-06-20,2019-06-27,T,XLC,15.16234412694202,15.34850025177002,15.34850025177002,5,time_exit,LONG,LONG,0.5021423548460007,0.5112341642379761,0.49305054545402527,0.5355887521968368,0.5865182280540466,50.21423548460007,0.5110200047492981,2,False,True,True,65.5,False,0.17701262235641493,UNRANKED,,False,,,
2019-06-20,2019-06-21,2019-06-28,T,XLC,15.213533016499433,15.595155715942383,15.428940388020429,5,take_profit,LONG,LONG,0.5081868767738342,0.5123929381370544,0.503980815410614,0.5355887521968368,0.5609356760978699,50.81868767738342,0.5110200047492981,2,False,True,True,65.5,False,0.255140483379364,UNRANKED,,False,,,
2019-06-21,2019-06-24,2019-06-27,T,XLC,15.120457044793438,15.5579195022583,15.307942058482752,3,stop_loss,SHORT,SHORT,0.4915292412042618,0.510869562625885,0.47218891978263855,0.5355887521968368,0.5778279304504395,50.84707587957382,0.5110200047492981,2,False,True,True,65.5,False,0.205517441034317,UNRANKED,,False,,,
2019-06-24,2019-06-25,2019-06-27,T,XLC,15.171652080539252,15.748734474182129,15.34185120228695,2,stop_loss,SHORT,SHORT,0.48746925592422485,0.5085463523864746,0.4663921594619751,0.5355887521968368,0.6176467537879944,51.253074407577515,0.5110200047492981,1,True,False,True,65.5,False,0.1550063490867614,UNRANKED,,False,,,
2019-06-25,2019-06-26,2019-06-27,T,XLC,15.166993465432128,15.813889503479004,15.325889911660155,1,stop_loss,SHORT,SHORT,0.4891746789216995,0.5061604380607605,0.47218891978263855,0.524547803617571,0.5615134835243225,51.08253210783005,0.5110200047492981,2,False,True,True,65.5,False,0.24368172883987424,UNRANKED,,False,,,
2019-06-26,2019-06-27,2019-06-28,T,XLC,15.24611409528216,15.962813377380371,15.378417333197199,1,stop_loss,SHORT,SHORT,0.489213690161705,0.5062384605407715,0.47218891978263855,0.524547803617571,0.5756615400314331,51.0786309838295,0.5110200047492981,2,False,True,True,65.5,False,0.22072154283523565,UNRANKED,,False,,,
2019-06-27,2019-06-28,2019-07-01,T,XLC,15.376423677760478,15.939539909362793,15.512716952776172,1,stop_loss,SHORT,SHORT,0.4982011169195175,0.5046038031578064,0.49179843068122864,0.523138832997988,0.5422326922416687,50.17988830804825,0.5110200047492981,2,False,True,True,65.5,False,0.22995015978813163,UNRANKED,,False,,,
2019-06-28,2019-07-01,2019-07-05,T,XLC,15.734767623136742,15.923036575317383,15.869066083960892,3,take_profit,LONG,LONG,0.5008056312799454,0.4936869442462921,0.5079243183135986,0.5031661817559473,0.47779539227485657,50.08056312799454,0.5110200047492981,2,False,True,True,65.5,False,0.28630989789962763,UNRANKED,,False,,,
2019-07-01,2019-07-02,2019-07-03,T,XLC,15.576540309751735,16.027481079101562,15.704191251872968,1,stop_loss,SHORT,SHORT,0.49891969561576843,0.5008450746536255,0.4969943165779114,0.5031661817559473,0.40839287638664246,50.10803043842316,0.5110200047492981,2,False,True,True,65.5,False,0.23541995882987973,UNRANKED,,False,,,
2019-07-02,2019-07-03,2019-07-05,T,XLC,15.804581456769508,15.885056495666504,15.954837613690895,1,take_profit,LONG,LONG,0.5002554953098297,0.503516674041748,0.4969943165779114,0.523138832997988,0.4454543888568878,50.02554953098297,0.5110200047492981,2,False,True,True,65.5,False,0.26329299807548523,UNRANKED,,False,,,
2019-07-03,2019-07-05,2019-07-10,T,XLC,15.813890496964689,15.975261688232422,15.966141331838433,3,take_profit,LONG,LONG,0.5009647607803345,0.5019132494926453,0.5000162720680237,0.523138832997988,0.456197589635849,50.09647607803345,0.5110200047492981,2,False,True,True,65.5,False,0.30862560868263245,UNRANKED,,False,,,
2019-07-05,2019-07-08,2019-07-15,T,XLC,15.883693991968197,16.00374984741211,16.00374984741211,5,time_exit,LONG,LONG,0.5029480308294296,0.5073032975196838,0.4985927641391754,0.524547803617571,0.4834584891796112,50.29480308294296,0.5110200047492981,2,False,True,True,65.5,False,0.2464686036109925,UNRANKED,,False,,,
2019-07-08,2019-07-09,2019-07-16,T,XLC,15.946773483351395,15.942024230957031,15.942024230957031,5,time_exit,LONG,LONG,0.5012330114841461,0.5082682371139526,0.4941977858543396,0.5355887521968368,0.5315826535224915,50.12330114841461,0.5110200047492981,2,False,True,True,65.5,False,0.21158850193023684,UNRANKED,,False,,,
2019-07-09,2019-07-10,2019-07-17,T,XLC,16.017985836075503,15.790106773376465,15.855397852807856,5,stop_loss,LONG,LONG,0.5041422545909882,0.5082682371139526,0.5000162720680237,0.5355887521968368,0.5363970398902893,50.414225459098816,0.5110200047492981,2,False,True,True,65.5,False,0.2509936988353729,UNRANKED,,False,,,
2019-07-10,2019-07-11,2019-07-16,T,XLC,16.13667324986094,15.709402084350586,15.961158756191159,3,stop_loss,LONG,LONG,0.5018962621688843,0.5067982077598572,0.4969943165779114,0.524547803617571,0.4556898772716522,50.18962621688843,0.5110200047492981,2,False,True,True,65.5,False,0.25160950422286993,UNRANKED,,False,,,
2019-07-11,2019-07-12,2019-07-18,T,XLC,15.918292616286086,15.566975593566895,15.731074903883743,4,stop_loss,LONG,LONG,0.5010230094194412,0.5108696818351746,0.4911763370037079,0.5355887521968368,0.5129674077033997,50.10230094194412,0.5110200047492981,2,False,True,True,65.5,False,0.1459170877933502,UNRANKED,,False,,,
2019-07-12,2019-07-15,2019-07-18,T,XLC,15.980011731426387,15.253644943237305,15.78589173303946,3,stop_loss,LONG,LONG,0.5015551745891571,0.5075395703315735,0.4955707788467407,0.524547803617571,0.4937777817249298,50.15551745891571,0.5110200047492981,2,False,True,True,65.5,False,0.20234438776969904,UNRANKED,,False,,,
2019-07-15,2019-07-16,2019-07-17,T,XLC,15.989499241062237,15.234657287597656,15.79995265597923,1,stop_loss,LONG,LONG,0.5015551745891571,0.5075395703315735,0.4955707788467407,0.524547803617571,0.5216718316078186,50.15551745891571,0.5110200047492981,2,False,True,True,65.5,False,0.11394065618515019,UNRANKED,,False,,,
2019-07-16,2019-07-17,2019-07-18,T,XLC,15.932530619370691,15.780614852905273,15.736160222075421,1,take_profit,SHORT,SHORT,0.4872483164072037,0.503726601600647,0.4707700312137604,0.523138832997988,0.49134716391563416,51.27516835927963,0.5110200047492981,1,True,False,True,65.5,False,0.09083956480026248,UNRANKED,,False,,,
2019-07-17,2019-07-18,2019-07-22,T,XLC,15.756877106798333,16.051219940185547,15.540134591234368,2,take_profit,SHORT,SHORT,0.48716773092746735,0.5021465420722961,0.47218891978263855,0.523138832997988,0.45928624272346497,51.283226907253265,0.5110200047492981,1,True,False,True,65.5,False,0.1477529108524323,UNRANKED,,False,,,
2019-07-18,2019-07-19,2019-07-22,T,XLC,15.775863738917556,16.212635040283203,15.577510516479288,1,take_profit,SHORT,SHORT,0.4851265400648117,0.49806416034698486,0.47218891978263855,0.5031661817559473,0.5429059267044067,51.48734599351883,0.5110200047492981,1,True,False,True,65.5,False,0.1749342381954193,UNRANKED,,False,,,
2019-07-19,2019-07-22,2019-07-23,T,XLC,15.54798792820543,16.30283546447754,15.364524559108402,1,take_profit,SHORT,SHORT,0.48672762513160706,0.4963972866535187,0.47705796360969543,0.5031661817559473,0.4970216453075409,51.327237486839294,0.5110200047492981,1,True,False,True,65.5,False,0.15170156955718997,UNRANKED,,False,,,
2019-07-22,2019-07-23,2019-07-24,T,XLC,15.263141827173643,16.22687530517578,15.4860472586486,1,stop_loss,SHORT,SHORT,0.48747575283050537,0.4978935420513153,0.47705796360969543,0.5031661817559473,0.5180130004882812,51.25242471694946,0.5110200047492981,1,True,False,True,65.5,False,0.11483174562454236,UNRANKED,,False,,,
2019-07-23,2019-07-24,2019-07-25,T,XLC,15.277382465699727,16.1651611328125,15.475741137705517,1,stop_loss,SHORT,SHORT,0.48835985362529755,0.5010821223258972,0.4756375849246979,0.5031661817559473,0.493417352437973,51.164014637470245,0.5110200047492981,1,True,False,True,65.5,False,0.11703476309776308,UNRANKED,,False,,,
2019-07-24,2019-07-25,2019-07-26,T,XLC,15.942027038048508,16.19839096069336,16.20907178662726,1,stop_loss,SHORT,SHORT,0.4935051500797272,0.4952118694782257,0.49179843068122864,0.5031661817559473,0.5070955753326416,50.64948499202728,0.5110200047492981,2,False,True,True,65.5,False,0.19612982869148246,UNRANKED,,False,,,
2019-07-25,2019-07-26,2019-07-29,T,XLC,16.017988520104993,16.222131729125977,16.302416299166445,1,stop_loss,SHORT,SHORT,0.4933754801750183,0.494952529668808,0.49179843068122864,0.5031661817559473,0.5125468373298645,50.66245198249817,0.5110200047492981,2,False,True,True,65.5,False,0.2389869093894958,UNRANKED,,False,,,
2019-07-26,2019-07-29,2019-08-05,T,XLC,16.174653274569994,15.899303436279297,15.899303436279297,5,time_exit,SHORT,SHORT,0.4956873804330826,0.4995763301849365,0.49179843068122864,0.5031661817559473,0.5349353551864624,50.43126195669174,0.5110200047492981,2,False,True,True,65.5,False,0.23378884792327886,UNRANKED,,False,,,
2019-07-29,2019-07-30,2019-08-05,T,XLC,16.350309868721546,16.122434616088867,16.035619415055947,4,take_profit,SHORT,SHORT,0.4889996200799942,0.4876238703727722,0.4903753697872162,0.5031661817559473,0.5788335204124451,51.10003799200058,0.5110200047492981,2,False,True,True,65.5,False,0.1629316210746765,UNRANKED,,False,,,
2019-07-30,2019-07-31,2019-08-07,T,XLC,16.1651611328125,16.169904708862305,16.169904708862305,5,time_exit,SHORT,SHORT,0.4926168620586395,0.49485835433006287,0.4903753697872162,0.5031661817559473,0.48842230439186096,50.73831379413605,0.5110200047492981,2,False,True,True,65.5,False,0.16165897250175476,UNRANKED,,False,,,
2019-07-31,2019-08-01,2019-08-05,T,XLC,16.369299343884556,16.39778709411621,16.070208141012415,2,take_profit,SHORT,SHORT,0.4905257523059845,0.48925307393074036,0.49179843068122864,0.5031661817559473,0.506955623626709,50.94742476940155,0.5110200047492981,2,False,True,True,65.5,False,0.16005730628967296,UNRANKED,,False,,,
2019-08-01,2019-08-02,2019-08-08,T,XLC,16.046475682543665,16.39778709411621,16.337427547603653,4,stop_loss,SHORT,SHORT,0.495517373085022,0.4992363154888153,0.49179843068122864,0.5031661817559473,0.48930320143699646,50.4482626914978,0.5110200047492981,2,False,True,True,65.5,False,0.37464326620101934,UNRANKED,,False,,,
2019-08-02,2019-08-05,2019-08-08,T,XLC,15.999001118741083,16.369300842285156,16.28927478512292,3,stop_loss,SHORT,SHORT,0.4982716739177704,0.5001235008239746,0.49641984701156616,0.5031661817559473,0.5005751252174377,50.17283260822296,0.5110200047492981,2,False,True,True,65.5,False,0.5447391569614409,UNRANKED,,False,,,
2019-08-05,2019-08-06,2019-08-08,T,XLC,15.908797596036148,16.549705505371094,16.236371644759643,2,take_profit,LONG,LONG,0.500257819890976,0.49210304021835327,0.5084125995635986,0.5031661817559473,0.4722001850605011,50.025781989097595,0.5110200047492981,2,False,True,True,65.5,False,0.2795770764350892,UNRANKED,,False,,,
2019-08-06,2019-08-07,2019-08-08,T,XLC,15.951520132898352,16.18415069580078,16.289267570511704,1,take_profit,LONG,LONG,0.5433829128742218,0.5305712819099426,0.556194543838501,0.5355887521968368,0.4439716339111328,54.33829128742218,0.5110200047492981,1,True,True,False,65.5,False,0.6371238529682159,UNRANKED,,False,,,
2019-08-07,2019-08-08,2019-08-15,T,XLC,16.260110836211766,16.30283546447754,16.30283546447754,5,time_exit,LONG,LONG,0.5132545381784439,0.4776318371295929,0.5488772392272949,0.43029814665592264,0.5513791441917419,51.32545381784439,0.5110200047492981,1,True,True,False,65.5,False,0.7060542702674865,UNRANKED,,False,,,
2019-08-08,2019-08-09,2019-08-16,T,XLC,16.345565644032597,16.601926803588867,16.601926803588867,5,time_exit,LONG,LONG,0.5120563954114914,0.47395482659339905,0.5501579642295837,0.43029814665592264,0.5311493277549744,51.20563954114914,0.5110200047492981,1,True,True,False,65.5,False,0.7245716154575348,UNRANKED,,False,,,
2019-08-09,2019-08-12,2019-08-19,T,XLC,16.364553220248826,16.796573638916016,16.664999321846203,5,stop_loss,SHORT,SHORT,0.4964945912361145,0.49745774269104004,0.49553143978118896,0.49745774269104004,0.47954094409942627,50.35054087638855,0.502358078956604,1,True,False,True,52.0,True,-0.04467067122459417,UNRANKED,,False,,,
2019-08-12,2019-08-13,2019-08-19,T,XLC,16.317079221469637,16.606674194335938,16.618882265380073,4,stop_loss,SHORT,SHORT,0.4974866658449173,0.49944189190864563,0.49553143978118896,0.49944189190864563,0.5810196399688721,50.25133341550827,0.502358078956604,1,True,False,True,52.0,True,-0.237797886133194,UNRANKED,,False,,,
2019-08-13,2019-08-14,2019-08-19,T,XLC,16.42627224301961,16.692129135131836,16.67585344375552,3,stop_loss,SHORT,SHORT,0.4974866658449173,0.49944189190864563,0.49553143978118896,0.49944189190864563,0.6101298332214355,50.25133341550827,0.502358078956604,1,True,False,True,52.0,True,0.554462194442749,UNRANKED,,False,,,
2019-08-14,2019-08-15,2019-08-16,T,XLC,16.25536044611611,16.801321029663086,16.518505892893455,1,stop_loss,SHORT,SHORT,0.4974866658449173,0.49944189190864563,0.49553143978118896,0.49944189190864563,0.5634926557540894,50.25133341550827,0.502358078956604,1,True,False,True,52.0,True,0.4179323315620422,UNRANKED,,False,,,
2019-08-15,2019-08-16,2019-08-19,T,XLC,16.369299339635337,16.53071403503418,16.62634045335255,1,stop_loss,SHORT,SHORT,0.4974866658449173,0.49944189190864563,0.49553143978118896,0.49944189190864563,0.4957774579524994,50.25133341550827,0.502358078956604,1,True,False,True,52.0,True,0.31936907768249506,UNRANKED,,False,,,
2019-08-16,2019-08-19,2019-08-26,T,XLC,16.620917618031456,16.582937240600586,16.582937240600586,5,time_exit,SHORT,SHORT,0.4974866658449173,0.49944189190864563,0.49553143978118896,0.49944189190864563,0.570750892162323,50.25133341550827,0.502358078956604,1,True,False,True,52.0,True,0.5250557065010071,UNRANKED,,False,,,
2019-08-19,2019-08-20,2019-08-27,T,XLC,16.75384566632867,16.483240127563477,16.483240127563477,5,time_exit,SHORT,SHORT,0.4974866658449173,0.49944189190864563,0.49553143978118896,0.49944189190864563,0.43244296312332153,50.25133341550827,0.502358078956604,1,True,False,True,52.0,True,-0.12178835272789006,UNRANKED,,False,,,
2019-08-20,2019-08-21,2019-08-28,T,XLC,16.70637200088718,16.597179412841797,16.597179412841797,5,time_exit,SHORT,SHORT,0.4974866658449173,0.49944189190864563,0.49553143978118896,0.49944189190864563,0.4509037435054779,50.25133341550827,0.502358078956604,1,True,False,True,52.0,True,0.18844977021217346,UNRANKED,,False,,,
2019-08-21,2019-08-22,2019-08-29,T,XLC,16.73010909788224,16.687379837036133,16.687379837036133,5,time_exit,LONG,LONG,0.5012099593877792,0.49944189190864563,0.5029780268669128,0.49944189190864563,0.5198680758476257,50.120995938777924,0.502358078956604,2,False,True,True,52.0,True,0.4642642140388489,UNRANKED,,False,,,
2019-08-22,2019-08-23,2019-08-30,T,XLC,16.75859268340807,16.739601135253906,16.739601135253906,5,time_exit,LONG,LONG,0.5012099593877792,0.49944189190864563,0.5029780268669128,0.49944189190864563,0.6236539483070374,50.120995938777924,0.502358078956604,2,False,True,True,52.0,True,0.5442180931568145,UNRANKED,,False,,,
2019-08-23,2019-08-26,2019-09-03,T,XLC,16.601927728060122,16.796573638916016,16.796573638916016,5,time_exit,LONG,LONG,0.5012099593877792,0.49944189190864563,0.5029780268669128,0.49944189190864563,0.492618203163147,50.120995938777924,0.502358078956604,2,False,True,True,52.0,True,0.6615762412548065,UNRANKED,,False,,,
2019-08-26,2019-08-27,2019-09-04,T,XLC,16.62091756954192,16.957984924316406,16.930860087503696,5,stop_loss,SHORT,SHORT,0.4974866658449173,0.49944189190864563,0.49553143978118896,0.49944189190864563,0.548816978931427,50.25133341550827,0.502358078956604,1,True,False,True,52.0,True,0.326140284538269,UNRANKED,,False,,,
2019-08-27,2019-08-28,2019-09-03,T,XLC,16.459501981194904,17.038694381713867,16.776905502051488,3,stop_loss,SHORT,SHORT,0.4974866658449173,0.49944189190864563,0.49553143978118896,0.49944189190864563,0.587256908416748,50.25133341550827,0.502358078956604,1,True,False,True,52.0,True,0.5446653068065644,UNRANKED,,False,,,
2019-08-28,2019-08-29,2019-09-05,T,XLC,16.668390550164162,17.209606170654297,16.96951648530995,4,take_profit,LONG,LONG,0.5012099593877792,0.49944189190864563,0.5029780268669128,0.49944189190864563,0.6079751253128052,50.120995938777924,0.502358078956604,2,False,True,True,52.0,True,0.4582238495349884,UNRANKED,,False,,,
2019-08-29,2019-08-30,2019-09-05,T,XLC,16.70162136565308,17.465965270996094,17.01563307568377,3,take_profit,LONG,LONG,0.5012099593877792,0.49944189190864563,0.5029780268669128,0.49944189190864563,0.6247860789299011,50.120995938777924,0.502358078956604,2,False,True,True,52.0,True,0.5528900027275087,UNRANKED,,False,,,
2019-08-30,2019-09-03,2019-09-05,T,XLC,16.654149773393698,17.841020584106445,16.971552204336778,2,stop_loss,SHORT,SHORT,0.4961528778076172,0.49944189190864563,0.49286386370658875,0.49944189190864563,0.5949726104736328,50.38471221923828,0.502358078956604,1,True,False,True,52.0,True,0.19642421603202828,UNRANKED,,False,,,
2019-09-03,2019-09-04,2019-09-06,T,XLC,16.867782519729207,18.391725540161133,17.167551785040313,2,take_profit,LONG,LONG,0.5003024786710739,0.49944189190864563,0.5011630654335022,0.49944189190864563,0.6302686929702759,50.03024786710739,0.502358078956604,2,False,True,True,52.0,True,0.37647861242294306,UNRANKED,,False,,,
2019-09-04,2019-09-05,2019-09-09,T,XLC,17.043442003531055,18.2208194732666,17.314047908246458,2,take_profit,LONG,LONG,0.5003024786710739,0.49944189190864563,0.5011630654335022,0.49944189190864563,0.625573992729187,50.03024786710739,0.502358078956604,2,False,True,True,52.0,True,0.2714962959289551,UNRANKED,,False,,,
2019-09-05,2019-09-06,2019-09-09,T,XLC,17.067182293516904,17.99768829345703,17.332363153763836,1,take_profit,LONG,LONG,0.5003024786710739,0.49944189190864563,0.5011630654335022,0.49944189190864563,0.6338825821876526,50.03024786710739,0.502358078956604,2,False,True,True,52.0,True,0.2512422502040863,LOW,,True,0.56391380653007,1.0,0.38882561288978396
2019-09-06,2019-09-09,2019-09-11,T,XLC,17.954955878619696,17.712839126586914,18.2018253745565,2,stop_loss,SHORT,SHORT,0.49595364928245544,0.4934610426425934,0.4984462559223175,0.4934610426425934,0.657830536365509,50.404635071754456,0.502358078956604,1,True,False,True,52.0,True,0.2231451869010925,UNRANKED,,False,,,
2019-09-09,2019-09-10,2019-09-11,T,XLC,17.6653645507339,17.641626358032227,17.921050084529938,1,stop_loss,SHORT,SHORT,0.4973120540380478,0.4934610426425934,0.5011630654335022,0.4934610426425934,0.5595595836639404,50.26879459619522,0.502358078956604,1,True,False,True,52.0,True,0.2726452648639679,UNRANKED,,False,,,
2019-09-10,2019-09-11,2019-09-16,T,XLC,18.007178969229344,17.45172691345215,17.725042597071837,3,take_profit,SHORT,SHORT,0.4973120540380478,0.4934610426425934,0.5011630654335022,0.4934610426425934,0.6090894937515259,50.26879459619522,0.502358078956604,1,True,False,True,52.0,True,0.34712886810302734,UNRANKED,,False,,,
2019-09-11,2019-09-12,2019-09-16,T,XLC,18.216073049503482,17.636878967285156,17.867472389451862,2,stop_loss,LONG,LONG,0.5003024786710739,0.49944189190864563,0.5011630654335022,0.49944189190864563,0.6116155385971069,50.03024786710739,0.502358078956604,2,False,True,True,52.0,True,0.39171192049980164,UNRANKED,,False,,,
2019-09-12,2019-09-13,2019-09-17,T,XLC,18.045163320854133,17.99768829345703,17.687746350464902,2,stop_loss,LONG,LONG,0.5003024786710739,0.49944189190864563,0.5011630654335022,0.49944189190864563,0.5717427730560303,50.03024786710739,0.502358078956604,2,False,True,True,52.0,True,0.4744361340999603,UNRANKED,,False,,,
2019-09-13,2019-09-16,2019-09-18,T,XLC,17.897990412546513,17.85051155090332,17.54735570141719,2,stop_loss,LONG,LONG,0.5003024786710739,0.49944189190864563,0.5011630654335022,0.49944189190864563,0.5614650845527649,50.03024786710739,0.502358078956604,2,False,True,True,52.0,True,0.5291277766227723,UNRANKED,,False,,,
2019-09-16,2019-09-17,2019-09-20,T,XLC,17.584656088697443,17.746070861816406,17.96852308001301,3,stop_loss,SHORT,SHORT,0.4932958632707596,0.4937278628349304,0.49286386370658875,0.4937278628349304,0.507496178150177,50.67041367292404,0.502358078956604,1,True,False,True,52.0,True,0.34646138548851013,UNRANKED,,False,,,
2019-09-17,2019-09-18,2019-09-20,T,XLC,17.45172691345215,17.746070861816406,17.8315247126988,2,stop_loss,SHORT,SHORT,0.4974454641342163,0.4937278628349304,0.5011630654335022,0.4937278628349304,0.5224378108978271,50.25545358657837,0.502358078956604,1,True,False,True,52.0,True,0.11505383253097536,UNRANKED,,False,,,
2019-09-18,2019-09-19,2019-09-20,T,XLC,17.579909896096797,17.746070861816406,17.970559146672272,1,stop_loss,SHORT,SHORT,0.4974454641342163,0.4937278628349304,0.5011630654335022,0.4937278628349304,0.5068389773368835,50.25545358657837,0.502358078956604,1,True,False,True,52.0,True,0.10105806589126592,UNRANKED,,False,,,
2019-09-19,2019-09-20,2019-09-27,T,XLC,17.708091705339854,17.769805908203125,17.769805908203125,5,time_exit,LONG,LONG,0.5024452209472656,0.503727376461029,0.5011630654335022,0.503727376461029,0.5222432017326355,50.24452209472656,0.502358078956604,1,True,True,False,52.0,True,0.28582617640495295,UNRANKED,,False,,,
2019-09-20,2019-09-23,2019-09-30,T,XLC,17.860005594481883,17.96445655822754,17.96445655822754,5,time_exit,LONG,LONG,0.5010868161916733,0.503727376461029,0.4984462559223175,0.503727376461029,0.5122966170310974,50.10868161916733,0.502358078956604,2,False,True,True,52.0,True,0.4191528856754303,UNRANKED,,False,,,
2019-09-23,2019-09-24,2019-10-01,T,XLC,17.94071738827685,17.760313034057617,17.760313034057617,5,time_exit,LONG,LONG,0.5024452209472656,0.503727376461029,0.5011630654335022,0.503727376461029,0.49059560894966125,50.24452209472656,0.502358078956604,1,True,True,False,52.0,True,0.3820410966873169,UNRANKED,,False,,,
2019-09-24,2019-09-25,2019-10-02,T,XLC,17.722333948402035,17.60364532470703,17.60364532470703,5,time_exit,LONG,LONG,0.5024452209472656,0.503727376461029,0.5011630654335022,0.503727376461029,0.4786553978919983,50.24452209472656,0.502358078956604,1,True,True,False,52.0,True,0.32668739557266235,UNRANKED,,False,,,
2019-09-25,2019-09-26,2019-10-03,T,XLC,17.75556610673998,17.655864715576172,17.655864715576172,5,time_exit,LONG,LONG,0.5003024786710739,0.49944189190864563,0.5011630654335022,0.49944189190864563,0.5475399494171143,50.03024786710739,0.502358078956604,2,False,True,True,52.0,True,0.34357982873916626,UNRANKED,,False,,,
2019-09-26,2019-09-27,2019-10-04,T,XLC,17.855259501087822,17.807785034179688,17.807785034179688,5,time_exit,LONG,LONG,0.5003024786710739,0.49944189190864563,0.5011630654335022,0.49944189190864563,0.6461990475654602,50.03024786710739,0.502358078956604,2,False,True,True,52.0,True,0.3036375343799591,MEDIUM,,True,0.9745875791390122,1.0,0.21419543023821097
2019-09-27,2019-09-30,2019-10-07,T,XLC,17.84577077735286,17.878997802734375,17.878997802734375,5,time_exit,LONG,LONG,0.5003024786710739,0.49944189190864563,0.5011630654335022,0.49944189190864563,0.6631248593330383,50.03024786710739,0.502358078956604,2,False,True,True,52.0,True,0.39687961339950556,LOW,,True,1.3890089381579853,1.0,0.2166886589346482
2019-09-30,2019-10-01,2019-10-02,T,XLC,18.016676244698026,17.793546676635742,17.658580803152265,1,take_profit,SHORT,SHORT,0.49894407391548157,0.49944189190864563,0.4984462559223175,0.49944189190864563,0.5528703331947327,50.10559260845184,0.502358078956604,2,False,True,True,52.0,True,0.07627326250076294,UNRANKED,,False,,,
2019-10-01,2019-10-02,2019-10-09,T,XLC,17.731827522412665,17.912107467651367,17.912107467651367,5,time_exit,LONG,LONG,0.5012099593877792,0.49944189190864563,0.5029780268669128,0.49944189190864563,0.5884422063827515,50.120995938777924,0.502358078956604,2,False,True,True,52.0,True,0.4770594537258148,UNRANKED,,False,,,
2019-10-02,2019-10-03,2019-10-07,T,XLC,17.56566231170757,18.090984344482422,17.872214926192083,2,stop_loss,SHORT,SHORT,0.4974866658449173,0.49944189190864563,0.49553143978118896,0.49944189190864563,0.49931424856185913,50.25133341550827,0.502358078956604,1,True,False,True,52.0,True,0.2950602769851684,UNRANKED,,False,,,
2019-10-03,2019-10-04,2019-10-10,T,XLC,17.67010760823778,18.16834259033203,17.952244252873662,4,stop_loss,SHORT,SHORT,0.4974866658449173,0.49944189190864563,0.49553143978118896,0.49944189190864563,0.5615575909614563,50.25133341550827,0.502358078956604,1,True,False,True,52.0,True,0.3977503478527069,UNRANKED,,False,,,
2019-10-04,2019-10-07,2019-10-11,T,XLC,17.841018028076597,18.115158081054688,18.104164837245822,4,stop_loss,SHORT,SHORT,0.4974866658449173,0.49944189190864563,0.49553143978118896,0.49944189190864563,0.5787771940231323,50.25133341550827,0.502358078956604,1,True,False,True,52.0,True,0.6254822015762329,UNRANKED,,False,,,
2019-10-07,2019-10-08,2019-10-11,T,XLC,17.88849673229313,18.323041915893555,18.151643541462356,3,stop_loss,SHORT,SHORT,0.499629408121109,0.503727376461029,0.49553143978118896,0.503727376461029,0.5799696445465088,50.0370591878891,0.502358078956604,2,False,True,True,52.0,True,0.5095544457435608,UNRANKED,,False,,,
2019-10-08,2019-10-09,2019-10-15,T,XLC,17.989461839425893,18.26986312866211,18.237687460240625,4,stop_loss,SHORT,SHORT,0.4974866658449173,0.49944189190864563,0.49553143978118896,0.49944189190864563,0.46436023712158203,50.25133341550827,0.502358078956604,1,True,False,True,52.0,True,0.2146296203136445,UNRANKED,,False,,,
2019-10-09,2019-10-10,2019-10-11,T,XLC,17.887932052394746,18.27953338623047,18.12664463566414,1,stop_loss,SHORT,SHORT,0.4974866658449173,0.49944189190864563,0.49553143978118896,0.49944189190864563,0.521673321723938,50.25133341550827,0.502358078956604,1,True,False,True,52.0,True,0.3627659678459168,UNRANKED,,False,,,
2019-10-10,2019-10-11,2019-10-18,T,XLC,18.173177315418375,18.598617553710938,18.385899548781936,5,stop_loss,SHORT,SHORT,0.4974866658449173,0.49944189190864563,0.49553143978118896,0.49944189190864563,0.5476468205451965,50.25133341550827,0.502358078956604,1,True,False,True,52.0,True,0.1390178501605988,UNRANKED,,False,,,
2019-10-11,2019-10-14,2019-10-18,T,XLC,18.168338825093,18.48258399963379,18.37108698749883,4,take_profit,LONG,LONG,0.5012099593877792,0.49944189190864563,0.5029780268669128,0.49944189190864563,0.6152281761169434,50.120995938777924,0.502358078956604,2,False,True,True,52.0,True,0.5841439366340637,LOW,,True,2.225551493917176,1.0,0.1854781582054309
2019-10-14,2019-10-15,2019-10-18,T,XLC,18.105485474497215,18.453575134277344,18.30091132550168,3,take_profit,LONG,LONG,0.5012099593877792,0.49944189190864563,0.5029780268669128,0.49944189190864563,0.5854929685592651,50.120995938777924,0.502358078956604,2,False,True,True,52.0,True,0.5238638520240784,UNRANKED,,False,,,
2019-10-15,2019-10-16,2019-10-18,T,XLC,18.28436729993122,18.245689392089844,18.50949084162695,2,stop_loss,SHORT,SHORT,0.49894407391548157,0.49944189190864563,0.4984462559223175,0.49944189190864563,0.6269292235374451,50.10559260845184,0.502358078956604,2,False,True,True,52.0,True,0.21131038665771484,UNRANKED,,False,,,
2019-10-16,2019-10-17,2019-10-18,T,XLC,18.303705785193674,17.80091094970703,18.536426296493897,1,stop_loss,SHORT,SHORT,0.49894407391548157,0.49944189190864563,0.4984462559223175,0.49944189190864563,0.6576865911483765,50.10559260845184,0.502358078956604,2,False,True,True,52.0,True,0.10209649801254275,UNRANKED,,False,,,
2019-10-17,2019-10-18,2019-10-24,T,XLC,18.27953550183977,17.844423294067383,18.048824246085026,4,take_profit,SHORT,SHORT,0.49894407391548157,0.49944189190864563,0.4984462559223175,0.49944189190864563,0.4775106906890869,50.10559260845184,0.502358078956604,2,False,True,True,52.0,True,-0.01586368680000301,UNRANKED,,False,,,
2019-10-18,2019-10-21,2019-10-23,T,XLC,18.574441304901974,18.608285903930664,18.325953832367794,2,take_profit,SHORT,SHORT,0.49894407391548157,0.49944189190864563,0.4984462559223175,0.49944189190864563,0.5474063158035278,50.10559260845184,0.502358078956604,2,False,True,True,52.0,True,0.179300308227539,UNRANKED,,False,,,
2019-10-21,2019-10-22,2019-10-24,T,XLC,18.284364710328944,18.40039825439453,18.048464376379446,2,take_profit,SHORT,SHORT,0.4961528778076172,0.49944189190864563,0.49286386370658875,0.49944189190864563,0.5275460481643677,50.38471221923828,0.502358078956604,1,True,False,True,52.0,True,0.03143885731697084,UNRANKED,,False,,,
2019-10-22,2019-10-23,2019-10-24,T,XLC,18.376223261265064,18.468082427978516,18.158559905029016,1,stop_loss,LONG,LONG,0.5003024786710739,0.49944189190864563,0.5011630654335022,0.49944189190864563,0.6073262095451355,50.03024786710739,0.502358078956604,2,False,True,True,52.0,True,0.3047396540641786,LOW,,True,0.9446726042267604,1.0,0.18229738176262236
2019-10-23,2019-10-24,2019-10-25,T,XLC,18.221518519205727,18.608285903930664,17.98161711278134,1,stop_loss,LONG,LONG,0.5003024786710739,0.49944189190864563,0.5011630654335022,0.49944189190864563,0.515966534614563,50.03024786710739,0.502358078956604,2,False,True,True,52.0,True,0.3650251030921936,UNRANKED,,False,,,
2019-10-24,2019-10-25,2019-10-28,T,XLC,17.858927467308515,18.83067512512207,18.140665748558515,1,stop_loss,SHORT,SHORT,0.4932958632707596,0.4937278628349304,0.49286386370658875,0.4937278628349304,0.5008528232574463,50.67041367292404,0.502358078956604,1,True,False,True,52.0,True,0.1855003535747528,UNRANKED,,False,,,
2019-10-25,2019-10-28,2019-11-01,T,XLC,18.516428585061718,18.801668167114258,18.794209662855383,4,stop_loss,SHORT,SHORT,0.4974454641342163,0.4937278628349304,0.5011630654335022,0.4937278628349304,0.5189975500106812,50.25545358657837,0.502358078956604,1,True,False,True,52.0,True,0.31894296407699585,UNRANKED,,False,,,
2019-10-28,2019-10-29,2019-11-05,T,XLC,18.60828528555754,18.937042236328125,18.937042236328125,5,time_exit,LONG,LONG,0.5003024786710739,0.49944189190864563,0.5011630654335022,0.49944189190864563,0.4682500958442688,50.03024786710739,0.502358078956604,2,False,True,True,52.0,True,0.21312487125396729,UNRANKED,,False,,,
2019-10-29,2019-10-30,2019-11-06,T,XLC,18.559938519210988,18.97571563720703,18.94739650304539,5,take_profit,LONG,LONG,0.5003024786710739,0.49944189190864563,0.5011630654335022,0.49944189190864563,0.49371135234832764,50.03024786710739,0.502358078956604,2,False,True,True,52.0,True,0.1376032829284668,UNRANKED,,False,,,
2019-10-30,2019-10-31,2019-11-05,T,XLC,18.472917287749585,19.057899475097656,18.84449059969155,3,take_profit,LONG,LONG,0.5024452209472656,0.503727376461029,0.5011630654335022,0.503727376461029,0.5019429922103882,50.24452209472656,0.502358078956604,1,True,True,False,52.0,True,0.04081419110298157,UNRANKED,,False,,,
2019-10-31,2019-11-01,2019-11-08,T,XLC,18.83067512512207,19.038564682006836,19.038564682006836,5,time_exit,LONG,LONG,0.5024452209472656,0.503727376461029,0.5011630654335022,0.503727376461029,0.42727696895599365,50.24452209472656,0.502358078956604,1,True,True,False,52.0,True,0.15876406431198112,UNRANKED,,False,,,
2019-11-01,2019-11-04,2019-11-11,T,XLC,18.903193710331077,19.033729553222656,19.033729553222656,5,time_exit,LONG,LONG,0.5003024786710739,0.49944189190864563,0.5011630654335022,0.49944189190864563,0.49982231855392456,50.03024786710739,0.502358078956604,2,False,True,True,52.0,True,0.28262406587600714,UNRANKED,,False,,,
2019-11-04,2019-11-05,2019-11-12,T,XLC,18.762997002496473,18.937042236328125,18.937042236328125,5,time_exit,LONG,LONG,0.5003024786710739,0.49944189190864563,0.5011630654335022,0.49944189190864563,0.5158366560935974,50.03024786710739,0.502358078956604,2,False,True,True,52.0,True,0.3547229170799255,UNRANKED,,False,,,
2019-11-05,2019-11-06,2019-11-13,T,XLC,18.97571563720703,18.932207107543945,18.932207107543945,5,time_exit,LONG,LONG,0.5003024786710739,0.49944189190864563,0.5011630654335022,0.49944189190864563,0.6211519837379456,50.03024786710739,0.502358078956604,2,False,True,True,52.0,True,-0.005992889404296802,LOW,,True,-0.38831101649990574,1.0,0.20168067226890754
2019-11-06,2019-11-07,2019-11-14,T,XLC,18.9950492885693,18.83067512512207,18.83067512512207,5,time_exit,SHORT,SHORT,0.49894407391548157,0.49944189190864563,0.4984462559223175,0.49944189190864563,0.615625262260437,50.10559260845184,0.502358078956604,2,False,True,True,52.0,True,0.15263956785202043,UNRANKED,,False,,,
2019-11-07,2019-11-08,2019-11-15,T,XLC,19.019227004140504,19.09657859802246,19.09657859802246,5,time_exit,LONG,LONG,0.5003024786710739,0.49944189190864563,0.5011630654335022,0.49944189190864563,0.5916963219642639,50.03024786710739,0.502358078956604,2,False,True,True,52.0,True,0.3566879332065583,UNRANKED,,False,,,
2019-11-08,2019-11-11,2019-11-18,T,XLC,18.98055002455171,19.15943145751953,19.15943145751953,5,time_exit,LONG,LONG,0.5003024786710739,0.49944189190864563,0.5011630654335022,0.49944189190864563,0.49885451793670654,50.03024786710739,0.502358078956604,2,False,True,True,52.0,True,0.36999148130416865,UNRANKED,,False,,,
2019-11-11,2019-11-12,2019-11-19,T,XLC,19.024064853243953,18.37139320373535,18.680120303683406,5,stop_loss,LONG,LONG,0.5003024786710739,0.49944189190864563,0.5011630654335022,0.49944189190864563,0.5026238560676575,50.03024786710739,0.502358078956604,2,False,True,True,52.0,True,0.28148388862609874,UNRANKED,,False,,,
2019-11-12,2019-11-13,2019-11-19,T,XLC,18.946710062794118,17.974956512451172,18.618651002561137,4,stop_loss,LONG,LONG,0.5003024786710739,0.49944189190864563,0.5011630654335022,0.49944189190864563,0.5492167472839355,50.03024786710739,0.502358078956604,2,False,True,True,52.0,True,0.19413265585899347,UNRANKED,,False,,,
2019-11-13,2019-11-14,2019-11-18,T,XLC,18.84034457321669,18.178009033203125,19.105554588649866,2,take_profit,LONG,LONG,0.5003024786710739,0.49944189190864563,0.5011630654335022,0.49944189190864563,0.5271190404891968,50.03024786710739,0.502358078956604,2,False,True,True,52.0,True,0.1924596130847931,UNRANKED,,False,,,
2019-11-14,2019-11-15,2019-11-19,T,XLC,18.91769868269274,18.250524520874023,18.64420014753649,2,take_profit,SHORT,SHORT,0.4961528778076172,0.49944189190864563,0.49286386370658875,0.49944189190864563,0.4885326623916626,50.38471221923828,0.502358078956604,1,True,False,True,52.0,True,0.04096585512161264,UNRANKED,,False,,,
2019-11-15,2019-11-18,2019-11-19,T,XLC,18.99989040701282,18.013633728027344,18.797528891422697,1,take_profit,SHORT,SHORT,0.4961528778076172,0.49944189190864563,0.49286386370658875,0.49944189190864563,0.5221601128578186,50.38471221923828,0.502358078956604,1,True,False,True,52.0,True,0.12476050853729251,UNRANKED,,False,,,
2019-11-18,2019-11-19,2019-11-20,T,XLC,18.816173218972818,18.081317901611328,18.634530959102563,1,take_profit,SHORT,SHORT,0.49894407391548157,0.49944189190864563,0.4984462559223175,0.49944189190864563,0.5601541996002197,50.10559260845184,0.502358078956604,2,False,True,True,52.0,True,0.1497276723384857,UNRANKED,,False,,,
2019-11-19,2019-11-20,2019-11-22,T,XLC,17.931445215259263,18.207015991210938,18.215995200872406,2,stop_loss,SHORT,SHORT,0.49894407391548157,0.49944189190864563,0.4984462559223175,0.49944189190864563,0.47827020287513733,50.10559260845184,0.502358078956604,2,False,True,True,52.0,True,0.11484366655349727,UNRANKED,,False,,,
2019-11-20,2019-11-21,2019-11-22,T,XLC,17.90243829510227,18.07164764404297,18.223593025762845,1,stop_loss,SHORT,SHORT,0.4932958632707596,0.4937278628349304,0.49286386370658875,0.4937278628349304,0.37788259983062744,50.67041367292404,0.502358078956604,1,True,False,True,52.0,True,-0.08598774671554568,UNRANKED,,False,,,
2019-11-21,2019-11-22,2019-12-02,T,XLC,18.250524520874023,18.042640686035156,18.042640686035156,5,time_exit,SHORT,SHORT,0.49894407391548157,0.49944189190864563,0.4984462559223175,0.49944189190864563,0.5297941565513611,50.10559260845184,0.502358078956604,2,False,True,True,52.0,True,0.015279293060302748,UNRANKED,,False,,,
2019-11-22,2019-11-25,2019-12-03,T,XLC,18.323046322750002,18.153837203979492,18.153837203979492,5,time_exit,SHORT,SHORT,0.49894407391548157,0.49944189190864563,0.4984462559223175,0.49944189190864563,0.5421199798583984,50.10559260845184,0.502358078956604,2,False,True,True,52.0,True,-0.03591910004615796,UNRANKED,,False,,,
2019-11-25,2019-11-26,2019-12-04,T,XLC,18.02330364902592,18.41973304748535,18.362413887237416,5,stop_loss,SHORT,SHORT,0.4976419061422348,0.49944189190864563,0.495841920375824,0.49944189190864563,0.6116764545440674,50.23580938577652,0.502358078956604,1,True,False,True,52.0,True,0.023592174053192142,UNRANKED,,False,,,
2019-11-26,2019-11-27,2019-12-05,T,XLC,18.100655720552314,18.463247299194336,18.443910354864535,5,take_profit,LONG,LONG,0.5003024786710739,0.49944189190864563,0.5011630654335022,0.49944189190864563,0.5472671985626221,50.03024786710739,0.502358078956604,2,False,True,True,52.0,True,0.18809598684310924,UNRANKED,,False,,,
2019-11-27,2019-11-29,2019-12-06,T,XLC,18.245692835792653,18.468082427978516,18.468082427978516,5,time_exit,SHORT,SHORT,0.49894407391548157,0.49944189190864563,0.4984462559223175,0.49944189190864563,0.5301348567008972,50.10559260845184,0.502358078956604,2,False,True,True,52.0,True,0.1674987971782685,UNRANKED,,False,,,
2019-11-29,2019-12-02,2019-12-09,T,XLC,18.1199938339976,18.390729904174805,18.390729904174805,5,time_exit,SHORT,SHORT,0.49894407391548157,0.49944189190864563,0.4984462559223175,0.49944189190864563,0.5949632525444031,50.10559260845184,0.502358078956604,2,False,True,True,52.0,True,0.023582696914672876,UNRANKED,,False,,,
2019-12-02,2019-12-03,2019-12-04,T,XLC,17.98462794169684,18.40039825439453,18.35412823815331,1,stop_loss,SHORT,SHORT,0.49894407391548157,0.49944189190864563,0.4984462559223175,0.49944189190864563,0.5830748677253723,50.10559260845184,0.502358078956604,2,False,True,True,52.0,True,0.11152213811874388,UNRANKED,,False,,,
2019-12-03,2019-12-04,2019-12-11,T,XLC,18.173169499465523,18.453575134277344,18.453575134277344,5,time_exit,LONG,LONG,0.5003024786710739,0.49944189190864563,0.5011630654335022,0.49944189190864563,0.6309972405433655,50.03024786710739,0.502358078956604,2,False,True,True,52.0,True,0.22265625000000003,LOW,,True,0.5893519422649622,-1.0,-0.26089704301908034
2019-12-04,2019-12-05,2019-12-12,T,XLC,18.42940423270942,18.54060173034668,18.54060173034668,5,time_exit,LONG,LONG,0.5003024786710739,0.49944189190864563,0.5011630654335022,0.49944189190864563,0.6221215724945068,50.03024786710739,0.502358078956604,2,False,True,True,52.0,True,0.1519735157489777,LOW,,True,0.24923861343639492,-1.0,-0.26089704301908034
2019-12-05,2019-12-06,2019-12-13,T,XLC,18.511593722094897,18.49709129333496,18.49709129333496,5,time_exit,LONG,LONG,0.5003024786710739,0.49944189190864563,0.5011630654335022,0.49944189190864563,0.5565232634544373,50.03024786710739,0.502358078956604,2,False,True,True,52.0,True,0.09651261568069469,UNRANKED,,False,,,
2019-12-06,2019-12-09,2019-12-16,T,XLC,18.429406478266035,18.65662956237793,18.65662956237793,5,time_exit,SHORT,SHORT,0.49894407391548157,0.49944189190864563,0.4984462559223175,0.49944189190864563,0.5878357887268066,50.10559260845184,0.502358078956604,2,False,True,True,52.0,True,0.17464628815650923,UNRANKED,,False,,,
2019-12-09,2019-12-10,2019-12-17,T,XLC,18.405232978478544,18.613121032714844,18.613121032714844,5,time_exit,SHORT,SHORT,0.49894407391548157,0.49944189190864563,0.4984462559223175,0.49944189190864563,0.6419162154197693,50.10559260845184,0.502358078956604,2,False,True,True,52.0,True,0.14627048373222354,UNRANKED,,False,,,
2019-12-10,2019-12-11,2019-12-16,T,XLC,18.381055509092555,18.729148864746094,18.635214891503967,3,stop_loss,SHORT,SHORT,0.49894407391548157,0.49944189190864563,0.4984462559223175,0.49944189190864563,0.5609210729598999,50.10559260845184,0.502358078956604,2,False,True,True,52.0,True,0.05745655298233037,UNRANKED,,False,,,
2019-12-11,2019-12-12,2019-12-18,T,XLC,18.468083310317994,18.82101058959961,18.673205576814926,4,stop_loss,SHORT,SHORT,0.49894407391548157,0.49944189190864563,0.4984462559223175,0.49944189190864563,0.5765861868858337,50.10559260845184,0.502358078956604,2,False,True,True,52.0,True,0.0854376852512361,UNRANKED,,False,,,
2019-12-12,2019-12-13,2019-12-18,T,XLC,18.472917671609256,18.927366256713867,18.66146480600867,3,stop_loss,SHORT,SHORT,0.4961528778076172,0.49944189190864563,0.49286386370658875,0.49944189190864563,0.5397648811340332,50.38471221923828,0.502358078956604,1,True,False,True,52.0,True,0.0890092253684997,UNRANKED,,False,,,
2019-12-13,2019-12-16,2019-12-19,T,XLC,18.55026930513685,18.888690948486328,18.734672860870667,3,take_profit,LONG,LONG,0.5003024786710739,0.49944189190864563,0.5011630654335022,0.49944189190864563,0.5113140940666199,50.03024786710739,0.502358078956604,2,False,True,True,52.0,True,0.27543845772743225,UNRANKED,,False,,,
2019-12-16,2019-12-17,2019-12-20,T,XLC,18.66146705532241,18.835508346557617,18.83482025051284,3,take_profit,LONG,LONG,0.5003024786710739,0.49944189190864563,0.5011630654335022,0.49944189190864563,0.5285883545875549,50.03024786710739,0.502358078956604,2,False,True,True,52.0,True,0.23727551102638247,UNRANKED,,False,,,
2019-12-17,2019-12-18,2019-12-20,T,XLC,18.66146517245849,18.932207107543945,18.83136470423165,2,stop_loss,SHORT,SHORT,0.49894407391548157,0.49944189190864563,0.4984462559223175,0.49944189190864563,0.5424503087997437,50.10559260845184,0.502358078956604,2,False,True,True,52.0,True,0.2390920221805573,UNRANKED,,False,,,
2019-12-18,2019-12-19,2019-12-20,T,XLC,18.753326877050615,18.97087860107422,18.921844943456865,1,stop_loss,SHORT,SHORT,0.49894407391548157,0.49944189190864563,0.4984462559223175,0.49944189190864563,0.5614156126976013,50.10559260845184,0.502358078956604,2,False,True,True,52.0,True,0.2959734201431274,UNRANKED,,False,,,
2019-12-19,2019-12-20,2019-12-30,T,XLC,18.956373378716908,18.874189376831055,18.874189376831055,5,time_exit,LONG,LONG,0.5003024786710739,0.49944189190864563,0.5011630654335022,0.49944189190864563,0.5447267889976501,50.03024786710739,0.502358078956604,2,False,True,True,52.0,True,0.19260454177856445,UNRANKED,,False,,,
2019-12-20,2019-12-23,2019-12-31,T,XLC,18.975713541196768,18.893526077270508,18.893526077270508,5,time_exit,LONG,LONG,0.5003024786710739,0.49944189190864563,0.5011630654335022,0.49944189190864563,0.5984410643577576,50.03024786710739,0.502358078956604,2,False,True,True,52.0,True,0.2857191264629365,UNRANKED,,False,,,
2019-12-23,2019-12-24,2020-01-02,T,XLC,18.90319203604063,18.787166595458984,18.787166595458984,5,time_exit,LONG,LONG,0.5003024786710739,0.49944189190864563,0.5011630654335022,0.49944189190864563,0.5449241399765015,50.03024786710739,0.502358078956604,2,False,True,True,52.0,True,0.2701811492443086,UNRANKED,,False,,,
2019-12-24,2019-12-26,2020-01-03,T,XLC,18.850019217862048,18.88385581970215,18.88385581970215,5,time_exit,SHORT,SHORT,0.49894407391548157,0.49944189190864563,0.4984462559223175,0.49944189190864563,0.5532642602920532,50.10559260845184,0.502358078956604,2,False,True,True,52.0,True,0.3031350672245026,UNRANKED,,False,,,
2019-12-26,2019-12-27,2020-01-02,T,XLC,18.97087860107422,18.9031982421875,18.8306759425572,3,stop_loss,LONG,LONG,0.5003024786710739,0.49944189190864563,0.5011630654335022,0.49944189190864563,0.5337169170379639,50.03024786710739,0.502358078956604,2,False,True,True,52.0,True,0.2569736242294312,UNRANKED,,False,,,
2019-12-27,2019-12-30,2020-01-02,T,XLC,18.98538560555548,18.97571563720703,18.84034918064616,2,stop_loss,LONG,LONG,0.5003024786710739,0.49944189190864563,0.5011630654335022,0.49944189190864563,0.5336922407150269,50.03024786710739,0.502358078956604,2,False,True,True,52.0,True,0.2538339197635651,UNRANKED,,False,,,
2019-12-30,2019-12-31,2020-01-08,T,XLC,18.85968300757723,19.033729553222656,19.007481818263617,5,stop_loss,SHORT,SHORT,0.49894407391548157,0.49944189190864563,0.4984462559223175,0.49944189190864563,0.5174299478530884,50.10559260845184,0.502358078956604,2,False,True,True,52.0,True,0.10206604003906247,UNRANKED,,False,,,
2019-12-31,2020-01-02,2020-01-09,T,XLC,18.93220467556124,19.09202766418457,19.081384679136157,5,take_profit,LONG,LONG,0.5003024786710739,0.49944189190864563,0.5011630654335022,0.49944189190864563,0.5057569146156311,50.03024786710739,0.502358078956604,2,False,True,True,52.0,True,0.2184993028640747,UNRANKED,,False,,,
2020-01-02,2020-01-03,2020-01-06,T,XLC,18.65179639137353,18.978857040405273,18.80857390950969,1,take_profit,LONG,LONG,0.5003024786710739,0.49944189190864563,0.5011630654335022,0.49944189190864563,0.5149007439613342,50.03024786710739,0.502358078956604,2,False,True,True,52.0,True,0.08139881491661073,UNRANKED,,False,,,
2020-01-03,2020-01-06,2020-01-08,T,XLC,18.850018706229857,18.747581481933594,19.00817659981942,2,take_profit,LONG,LONG,0.5003024786710739,0.49944189190864563,0.5011630654335022,0.49944189190864563,0.5530898571014404,50.03024786710739,0.502358078956604,2,False,True,True,52.0,True,0.2022717595100402,UNRANKED,,False,,,
2020-01-06,2020-01-07,2020-01-09,T,XLC,18.893527759556676,18.742666244506836,19.048233079642475,2,take_profit,LONG,LONG,0.5003024786710739,0.49944189190864563,0.5011630654335022,0.49944189190864563,0.5388991832733154,50.03024786710739,0.502358078956604,2,False,True,True,52.0,True,0.07356536388397213,UNRANKED,,False,,,
2020-01-07,2020-01-08,2020-01-13,T,XLC,19.014391875766872,18.634408950805664,18.872118109112993,3,take_profit,SHORT,SHORT,0.49894407391548157,0.49944189190864563,0.4984462559223175,0.49944189190864563,0.5038012266159058,50.10559260845184,0.502358078956604,2,False,True,True,52.0,True,0.027327030897140524,UNRANKED,,False,,,
2020-01-08,2020-01-09,2020-01-10,T,XLC,19.15107448962375,18.713132858276367,19.00672852491951,1,take_profit,SHORT,SHORT,0.4976419061422348,0.49944189190864563,0.495841920375824,0.49944189190864563,0.46085721254348755,50.23580938577652,0.502358078956604,1,True,False,True,52.0,True,0.04194316267967222,UNRANKED,,False,,,
2020-01-09,2020-01-10,2020-01-13,T,XLC,19.096951955643963,18.88536262512207,18.960853093949627,1,take_profit,SHORT,SHORT,0.4976419061422348,0.49944189190864563,0.495841920375824,0.49944189190864563,0.48471736907958984,50.23580938577652,0.502358078956604,1,True,False,True,52.0,True,-0.02394735813140876,UNRANKED,,False,,,
2020-01-10,2020-01-13,2020-01-14,T,XLC,18.96408813010702,18.95425033569336,18.824945139994714,1,take_profit,SHORT,SHORT,0.4976419061422348,0.49944189190864563,0.495841920375824,0.49944189190864563,0.43705490231513977,50.23580938577652,0.502358078956604,1,True,False,True,52.0,True,0.023975521326065126,UNRANKED,,False,,,
2020-01-13,2020-01-14,2020-01-17,T,XLC,18.727903914879747,19.210121154785156,18.884892603757397,3,stop_loss,SHORT,SHORT,0.4961528778076172,0.49944189190864563,0.49286386370658875,0.49944189190864563,0.4426991045475006,50.38471221923828,0.502358078956604,1,True,False,True,52.0,True,0.01058205962181087,UNRANKED,,False,,,
2020-01-14,2020-01-15,2020-01-17,T,XLC,18.683615466492444,19.00837516784668,18.83578128811284,2,stop_loss,SHORT,SHORT,0.4976419061422348,0.49944189190864563,0.495841920375824,0.49944189190864563,0.4188901484012604,50.23580938577652,0.502358078956604,1,True,False,True,52.0,True,0.0717667043209076,UNRANKED,,False,,,
2020-01-15,2020-01-16,2020-01-17,T,XLC,18.693451003906,18.944406509399414,18.853484638636747,1,stop_loss,SHORT,SHORT,0.4976419061422348,0.49944189190864563,0.495841920375824,0.49944189190864563,0.48730915784835815,50.23580938577652,0.502358078956604,1,True,False,True,52.0,True,0.11594432592391973,UNRANKED,,False,,,
2020-01-16,2020-01-17,2020-01-21,T,XLC,18.72298197975359,18.821392059326172,18.880447778267822,1,stop_loss,SHORT,SHORT,0.4976419061422348,0.49944189190864563,0.495841920375824,0.49944189190864563,0.5034183859825134,50.23580938577652,0.502358078956604,1,True,False,True,52.0,True,0.10377559065818787,UNRANKED,,False,,,
2020-01-17,2020-01-21,2020-01-22,T,XLC,18.870599633337847,18.983774185180664,19.047145185182853,1,stop_loss,SHORT,SHORT,0.4976419061422348,0.49944189190864563,0.495841920375824,0.49944189190864563,0.5539997220039368,50.23580938577652,0.502358078956604,1,True,False,True,52.0,True,0.2293773591518402,UNRANKED,,False,,,
2020-01-21,2020-01-22,2020-01-27,T,XLC,19.032979448783955,18.230918884277344,18.860405541749216,3,take_profit,SHORT,SHORT,0.4961528778076172,0.49944189190864563,0.49286386370658875,0.49944189190864563,0.5761123299598694,50.38471221923828,0.502358078956604,1,True,False,True,52.0,True,0.02337747812271116,UNRANKED,,False,,,
2020-01-22,2020-01-23,2020-01-24,T,XLC,19.170755786431076,18.41790008544922,18.96439129101743,1,stop_loss,LONG,LONG,0.5003024786710739,0.49944189190864563,0.5011630654335022,0.49944189190864563,0.5085849761962891,50.03024786710739,0.502358078956604,2,False,True,True,52.0,True,0.19095799326896667,UNRANKED,,False,,,
2020-01-23,2020-01-24,2020-01-29,T,XLC,18.99361301827993,18.51139259338379,18.77362187927672,3,stop_loss,LONG,LONG,0.5003024786710739,0.49944189190864563,0.5011630654335022,0.49944189190864563,0.49960049986839294,50.03024786710739,0.502358078956604,2,False,True,True,52.0,True,0.09871572256088257,UNRANKED,,False,,,
2020-01-24,2020-01-27,2020-01-28,T,XLC,18.708216708894323,18.18663215637207,18.92353348135526,1,stop_loss,SHORT,SHORT,0.4961528778076172,0.49944189190864563,0.49286386370658875,0.49944189190864563,0.612301766872406,50.38471221923828,0.502358078956604,1,True,False,True,52.0,True,0.09792128205299375,UNRANKED,,False,,,
2020-01-27,2020-01-28,2020-01-29,T,XLC,18.85583774082742,18.516313552856445,18.62571067871107,1,take_profit,SHORT,SHORT,0.4961528778076172,0.49944189190864563,0.49286386370658875,0.49944189190864563,0.6571457982063293,50.38471221923828,0.502358078956604,1,True,False,True,52.0,True,0.25944265723228455,UNRANKED,,False,,,
2020-01-28,2020-01-29,2020-01-30,T,XLC,18.94441029922881,18.604887008666992,18.701445418421752,1,stop_loss,LONG,LONG,0.5012099593877792,0.49944189190864563,0.5029780268669128,0.49944189190864563,0.6439998745918274,50.120995938777924,0.502358078956604,2,False,True,True,52.0,True,0.3809496760368347,LOW,,True,1.3554892404879935,1.0,-0.044003132167460185
2020-01-29,2020-01-30,2020-01-31,T,XLC,17.945519330552898,18.914886474609375,18.287747266343914,1,stop_loss,SHORT,SHORT,0.49835294485092163,0.4937278628349304,0.5029780268669128,0.4937278628349304,0.5202951431274414,50.16470551490784,0.502358078956604,2,False,True,True,52.0,True,0.34525454044342047,UNRANKED,,False,,,
2020-01-30,2020-01-31,2020-02-06,T,XLC,18.36377429444211,18.91980743408203,18.72438552883455,4,take_profit,LONG,LONG,0.5012099593877792,0.49944189190864563,0.5029780268669128,0.49944189190864563,0.49436238408088684,50.120995938777924,0.502358078956604,2,False,True,True,52.0,True,0.4243898391723632,UNRANKED,,False,,,
2020-01-31,2020-02-03,2020-02-10,T,XLC,18.678694831715422,18.86567497253418,18.86567497253418,5,time_exit,LONG,LONG,0.5012099593877792,0.49944189190864563,0.5029780268669128,0.49944189190864563,0.5553365349769592,50.120995938777924,0.502358078956604,2,False,True,True,52.0,True,0.3352707326412201,UNRANKED,,False,,,
2020-02-03,2020-02-04,2020-02-06,T,XLC,18.24567958790321,18.782026290893555,18.61683464553784,2,stop_loss,SHORT,SHORT,0.4974866658449173,0.49944189190864563,0.49553143978118896,0.49944189190864563,0.5557421445846558,50.25133341550827,0.502358078956604,1,True,False,True,52.0,True,0.3935595154762268,UNRANKED,,False,,,
2020-02-04,2020-02-05,2020-02-12,T,XLC,18.565522041530837,18.718061447143555,18.718061447143555,5,time_exit,LONG,LONG,0.5012099593877792,0.49944189190864563,0.5029780268669128,0.49944189190864563,0.5570487380027771,50.120995938777924,0.502358078956604,2,False,True,True,52.0,True,0.3202125132083893,UNRANKED,,False,,,
2020-02-05,2020-02-06,2020-02-13,T,XLC,18.62948892072542,18.850915908813477,18.850915908813477,5,time_exit,SHORT,SHORT,0.4976419061422348,0.49944189190864563,0.495841920375824,0.49944189190864563,0.5246898531913757,50.23580938577652,0.502358078956604,1,True,False,True,52.0,True,0.24746200442314156,UNRANKED,,False,,,
2020-02-06,2020-02-07,2020-02-14,T,XLC,18.91980743408203,18.821392059326172,18.821392059326172,5,time_exit,SHORT,SHORT,0.4976419061422348,0.49944189190864563,0.495841920375824,0.49944189190864563,0.404557466506958,50.23580938577652,0.502358078956604,1,True,False,True,52.0,True,-0.06343322992324821,UNRANKED,,False,,,
2020-02-07,2020-02-10,2020-02-18,T,XLC,18.905039927734933,18.82631492614746,18.82631492614746,5,time_exit,SHORT,SHORT,0.4976419061422348,0.49944189190864563,0.495841920375824,0.49944189190864563,0.4618271589279175,50.23580938577652,0.502358078956604,1,True,False,True,52.0,True,0.023554205894470073,UNRANKED,,False,,,
2020-02-10,2020-02-11,2020-02-19,T,XLC,18.93948612849289,18.914886474609375,18.914886474609375,5,time_exit,SHORT,SHORT,0.4972933977842331,0.49809783697128296,0.4964889585971832,0.4445086705202313,0.5515354871749878,50.27066022157669,0.5088495016098022,2,False,True,True,60.0,False,0.0615151226520538,UNRANKED,,False,,,
2020-02-11,2020-02-12,2020-02-20,T,XLC,18.791871849051947,18.998533248901367,18.998533248901367,5,time_exit,LONG,LONG,0.5006153881549835,0.5003296732902527,0.5009011030197144,0.4447727272727273,0.4464886784553528,50.06153881549835,0.5088495016098022,2,False,True,True,60.0,False,-0.11937499046325695,UNRANKED,,False,,,
2020-02-12,2020-02-13,2020-02-21,T,XLC,18.639328772030773,18.969013214111328,18.969013214111328,5,time_exit,SHORT,SHORT,0.4800778329372406,0.45925456285476685,0.5009011030197144,0.43700412567438907,0.5585880875587463,51.99221670627594,0.5088495016098022,1,True,False,True,60.0,False,0.19243437051773066,UNRANKED,,False,,,
2020-02-13,2020-02-14,2020-02-24,T,XLC,18.83615438571817,18.722976684570312,18.722976684570312,5,time_exit,LONG,LONG,0.5050757080316544,0.5136624574661255,0.4964889585971832,0.4447727272727273,0.45607176423072815,50.507570803165436,0.5088495016098022,2,False,True,True,60.0,False,0.1719939708709718,UNRANKED,,False,,,
2020-02-14,2020-02-18,2020-02-25,T,XLC,18.786949960682602,18.378538131713867,18.412982653728083,5,stop_loss,LONG,LONG,0.5015210509300232,0.502140998840332,0.5009011030197144,0.4447727272727273,0.47605758905410767,50.15210509300232,0.5088495016098022,2,False,True,True,60.0,False,0.2257951200008393,UNRANKED,,False,,,
2020-02-18,2020-02-19,2020-02-25,T,XLC,18.81647343929627,18.255525588989258,18.465000312203635,4,stop_loss,LONG,LONG,0.5049265474081039,0.5133641362190247,0.4964889585971832,0.4447727272727273,0.4680396020412445,50.492654740810394,0.5088495016098022,2,False,True,True,60.0,False,0.16570940613746638,UNRANKED,,False,,,
2020-02-19,2020-02-20,2020-02-25,T,XLC,18.895200694813372,17.58139419555664,18.638625246640938,3,stop_loss,LONG,LONG,0.5060615241527557,0.5112219452857971,0.5009011030197144,0.4447727272727273,0.4469011425971985,50.606152415275574,0.5088495016098022,2,False,True,True,60.0,False,0.18453407287597662,UNRANKED,,False,,,
2020-02-20,2020-02-21,2020-02-25,T,XLC,18.95425212811279,17.330440521240234,18.712438740923197,2,take_profit,SHORT,SHORT,0.4966181814670563,0.4923352599143982,0.5009011030197144,0.4416243654822335,0.6023943424224854,50.33818185329437,0.5088495016098022,2,False,True,True,60.0,False,0.19787257909774786,UNRANKED,,False,,,
2020-02-21,2020-02-24,2020-02-25,T,XLC,18.69345327811312,18.29488754272461,18.46077881565846,1,take_profit,SHORT,SHORT,0.49537158012390137,0.4898420572280884,0.5009011030197144,0.4416243654822335,0.6109850406646729,50.46284198760986,0.5088495016098022,2,False,True,True,60.0,False,0.23525646328926086,UNRANKED,,False,,,
2020-02-24,2020-02-25,2020-02-26,T,XLC,18.752505928067876,17.861867904663086,18.53107773810903,1,take_profit,SHORT,SHORT,0.48061659932136536,0.46033209562301636,0.5009011030197144,0.43700412567438907,0.5955412983894348,51.938340067863464,0.5088495016098022,1,True,False,True,60.0,False,0.585653454065323,UNRANKED,,False,,,
2020-02-25,2020-02-26,2020-02-27,T,XLC,18.299811338429873,18.786949157714844,18.076274983275017,1,take_profit,SHORT,SHORT,0.48674649000167847,0.4660090208053589,0.507483959197998,0.43700412567438907,0.5924339890480042,51.32535099983215,0.5088495016098022,1,True,False,True,60.0,False,0.6124865114688874,UNRANKED,,False,,,
2020-02-26,2020-02-27,2020-02-28,T,XLC,17.99964769032748,18.29488754272461,17.771191465613473,1,take_profit,SHORT,SHORT,0.47868670523166656,0.4498894512653351,0.507483959197998,0.43700412567438907,0.570229172706604,52.13132947683334,0.5088495016098022,1,True,False,True,60.0,False,0.6500265002250672,UNRANKED,,False,,,
2020-02-27,2020-02-28,2020-03-02,T,XLC,16.73012459920066,18.221078872680664,17.010599670698987,1,stop_loss,SHORT,SHORT,0.4505854994058609,0.39368703961372375,0.507483959197998,0.43700412567438907,0.555109977722168,54.94145005941391,0.5088495016098022,1,True,False,True,60.0,False,0.7996033728122711,UNRANKED,,False,,,
2020-02-28,2020-03-02,2020-03-03,T,XLC,17.40425440921942,17.069644927978516,17.71987701140971,1,stop_loss,SHORT,SHORT,0.43643733859062195,0.36539071798324585,0.507483959197998,0.38235294117647056,0.5520501136779785,56.356266140937805,0.5088495016098022,1,True,False,True,60.0,False,0.51429483294487,UNRANKED,,False,,,
2020-03-02,2020-03-03,2020-03-04,T,XLC,18.33424864020255,17.640443801879883,18.77991617952663,1,take_profit,LONG,LONG,0.5231307595968246,0.5532530546188354,0.49300846457481384,0.5685279187817259,0.4414883553981781,52.313075959682465,0.5088495016098022,1,True,True,False,60.0,False,-0.09516602754592908,UNRANKED,,False,,,
2020-03-03,2020-03-04,2020-03-09,T,XLC,18.216156561560364,16.986000061035156,17.720578885604727,3,stop_loss,LONG,LONG,0.5084603130817413,0.5143405795097351,0.5025800466537476,0.4447727272727273,0.4215735197067261,50.84603130817413,0.5088495016098022,2,False,True,True,60.0,False,0.4298538267612457,UNRANKED,,False,,,
2020-03-04,2020-03-05,2020-03-09,T,XLC,18.403140888705387,15.416319847106934,17.7845465828495,2,take_profit,SHORT,SHORT,0.4859599471092224,0.46933984756469727,0.5025800466537476,0.43700412567438907,0.4788748621940613,51.40400528907776,0.5088495016098022,1,True,False,True,60.0,False,0.41520980000495905,UNRANKED,,False,,,
2020-03-05,2020-03-06,2020-03-09,T,XLC,18.063617761663245,16.961395263671875,17.39370814819017,1,stop_loss,LONG,LONG,0.523777961730957,0.5449758768081665,0.5025800466537476,0.5619834710743803,0.5042228102684021,52.3777961730957,0.5088495016098022,1,True,True,False,60.0,False,0.46820580959320063,UNRANKED,,False,,,
2020-03-06,2020-03-09,2020-03-12,T,XLC,17.22710473084657,15.652511596679688,16.55086871443683,3,take_profit,SHORT,SHORT,0.4844517111778259,0.4663233757019043,0.5025800466537476,0.43700412567438907,0.5332963466644287,51.55482888221741,0.5088495016098022,1,True,False,True,60.0,False,0.752444326877594,UNRANKED,,False,,,
2020-03-09,2020-03-10,2020-03-12,T,XLC,17.47314238934297,16.602188110351562,16.63311907609311,2,take_profit,SHORT,SHORT,0.4661136418581009,0.4296472370624542,0.5025800466537476,0.43700412567438907,0.5280604362487793,53.38863581418991,0.5088495016098022,1,True,False,True,60.0,False,0.15688884258270275,UNRANKED,,False,,,
2020-03-10,2020-03-11,2020-03-12,T,XLC,17.14838069359918,16.164255142211914,16.239467762429395,1,take_profit,SHORT,SHORT,0.48178625106811523,0.4609924554824829,0.5025800466537476,0.43700412567438907,0.5121169090270996,51.82137489318848,0.5088495016098022,1,True,False,True,60.0,False,0.048963129520416225,UNRANKED,,False,,,
2020-03-11,2020-03-12,2020-03-13,T,XLC,15.677113512486464,15.32774829864502,16.667568867449493,1,stop_loss,SHORT,SHORT,0.45547066628932953,0.4083612859249115,0.5025800466537476,0.43700412567438907,0.5371800065040588,54.45293337106705,0.5088495016098022,1,True,False,True,60.0,False,0.42460787296295166,UNRANKED,,False,,,
2020-03-12,2020-03-13,2020-03-20,T,XLC,16.198698658014465,13.999181747436523,14.988220420317408,5,take_profit,SHORT,SHORT,0.4794987887144089,0.4564175307750702,0.5025800466537476,0.43700412567438907,0.5818644165992737,52.05012112855911,0.5088495016098022,1,True,False,True,60.0,False,0.12122052907943713,UNRANKED,,False,,,
2020-03-13,2020-03-16,2020-03-23,T,XLC,15.253939916448278,13.172515869140625,13.85788469489066,5,take_profit,SHORT,SHORT,0.4756207764148712,0.4486615061759949,0.5025800466537476,0.43700412567438907,0.5080461502075195,52.43792235851288,0.5088495016098022,1,True,False,True,60.0,False,0.17672997713088986,UNRANKED,,False,,,
2020-03-16,2020-03-17,2020-03-20,T,XLC,15.805047400781048,13.822037696838379,14.271214305775468,3,take_profit,SHORT,SHORT,0.4683809280395508,0.434181809425354,0.5025800466537476,0.43700412567438907,0.5297020673751831,53.16190719604492,0.5088495016098022,1,True,False,True,60.0,False,0.11139133572578425,UNRANKED,,False,,,
2020-03-17,2020-03-18,2020-03-20,T,XLC,15.746001626463649,13.974576950073242,14.094073678465602,2,take_profit,SHORT,SHORT,0.494357094168663,0.4861341416835785,0.5025800466537476,0.4416243654822335,0.5698490142822266,50.5642905831337,0.5088495016098022,2,False,True,True,60.0,False,0.39675703644752514,UNRANKED,,False,,,
2020-03-18,2020-03-19,2020-03-23,T,XLC,15.431082106212198,15.057116508483887,13.812896790398861,2,stop_loss,LONG,LONG,0.5239701867103577,0.5453603267669678,0.5025800466537476,0.5619834710743803,0.5239598751068115,52.39701867103577,0.5088495016098022,1,True,True,False,60.0,False,-0.33518826961517323,UNRANKED,,False,,,
2020-03-19,2020-03-20,2020-03-23,T,XLC,14.988228005734841,14.683143615722656,13.286392237171434,1,stop_loss,LONG,LONG,0.5110290050506592,0.5194779634475708,0.5025800466537476,0.4447727272727273,0.5116111040115356,51.10290050506592,0.5088495016098022,1,True,True,False,60.0,False,0.26485505700111395,UNRANKED,,False,,,
2020-03-20,2020-03-23,2020-03-30,T,XLC,13.477595308879705,14.87505054473877,14.87505054473877,5,time_exit,LONG,LONG,0.5049459934234619,0.5073119401931763,0.5025800466537476,0.4447727272727273,0.45715537667274475,50.49459934234619,0.5088495016098022,2,False,True,True,60.0,False,0.49693599343299855,UNRANKED,,False,,,
2020-03-23,2020-03-24,2020-03-31,T,XLC,13.777751954165105,14.343626022338867,14.343626022338867,5,time_exit,LONG,LONG,0.5056150555610657,0.5086500644683838,0.5025800466537476,0.4447727272727273,0.45303910970687866,50.56150555610657,0.5088495016098022,2,False,True,True,60.0,False,0.5580673217773438,UNRANKED,,False,,,
2020-03-24,2020-03-25,2020-04-01,T,XLC,13.817117096116831,13.802350044250488,13.802350044250488,5,time_exit,SHORT,SHORT,0.49825744330883026,0.49393483996391296,0.5025800466537476,0.4445086705202313,0.5279791951179504,50.174255669116974,0.5088495016098022,2,False,True,True,60.0,False,0.1935839653015136,UNRANKED,,False,,,
2020-03-25,2020-03-26,2020-04-02,T,XLC,14.11235598895502,14.151721954345703,14.151721954345703,5,time_exit,SHORT,SHORT,0.49661388993263245,0.49064773321151733,0.5025800466537476,0.4416243654822335,0.4855479598045349,50.338611006736755,0.5088495016098022,2,False,True,True,60.0,False,-0.6013637185096741,UNRANKED,,False,,,
2020-03-26,2020-03-27,2020-04-03,T,XLC,14.609334477965609,13.51203727722168,13.51203727722168,5,time_exit,SHORT,SHORT,0.48975415527820587,0.4769282639026642,0.5025800466537476,0.43700412567438907,0.4902750551700592,51.02458447217941,0.5088495016098022,1,True,False,True,60.0,False,-0.6208732426166534,UNRANKED,,False,,,
2020-03-27,2020-03-30,2020-04-06,T,XLC,14.712669926289138,14.48632526397705,14.48632526397705,5,time_exit,SHORT,SHORT,0.4925459921360016,0.4825119376182556,0.5025800466537476,0.4416243654822335,0.49030357599258423,50.74540078639984,0.5088495016098022,2,False,True,True,60.0,False,-0.3031820356845855,UNRANKED,,False,,,
2020-03-30,2020-03-31,2020-04-07,T,XLC,14.781561459792377,14.801238059997559,14.801238059997559,5,time_exit,LONG,LONG,0.5003560930490494,0.4981321394443512,0.5025800466537476,0.4445086705202313,0.49417757987976074,50.03560930490494,0.5088495016098022,2,False,True,True,60.0,False,-0.6376096904277802,UNRANKED,,False,,,
2020-03-31,2020-04-01,2020-04-08,T,XLC,13.964730618387321,15.052270889282227,15.052270889282227,5,time_exit,LONG,LONG,0.5241997838020325,0.5458195209503174,0.5025800466537476,0.5619834710743803,0.5807161927223206,52.41997838020325,0.5088495016098022,1,True,True,False,60.0,False,0.2582863569259644,UNRANKED,,False,,,
2020-04-01,2020-04-02,2020-04-09,T,XLC,13.777754092952033,15.475284576416016,15.314395350101867,5,stop_loss,SHORT,SHORT,0.49677906930446625,0.49097809195518494,0.5025800466537476,0.4416243654822335,0.5743865370750427,50.322093069553375,0.5088495016098022,2,False,True,True,60.0,False,0.7837461829185485,UNRANKED,,False,,,
2020-04-02,2020-04-03,2020-04-09,T,XLC,14.03854411350967,15.203350067138672,15.404370584020969,4,stop_loss,SHORT,SHORT,0.4668686091899872,0.4311571717262268,0.5025800466537476,0.43700412567438907,0.5101607441902161,53.31313908100128,0.5088495016098022,1,True,False,True,60.0,False,0.03657427430152887,UNRANKED,,False,,,
2020-04-03,2020-04-06,2020-04-09,T,XLC,13.974580604784364,15.67672348022461,15.244807219600213,3,stop_loss,SHORT,SHORT,0.47128206491470337,0.4399840831756592,0.5025800466537476,0.43700412567438907,0.5541137456893921,52.87179350852966,0.5088495016098022,1,True,False,True,60.0,False,-0.031965494155883865,UNRANKED,,False,,,
2020-04-06,2020-04-07,2020-04-15,T,XLC,14.978380979628017,15.152985572814941,15.152985572814941,5,time_exit,LONG,LONG,0.5215680301189423,0.540556013584137,0.5025800466537476,0.5619834710743803,0.5706390738487244,52.156803011894226,0.5088495016098022,1,True,True,False,60.0,False,0.5499509871006013,UNRANKED,,False,,,
2020-04-07,2020-04-08,2020-04-16,T,XLC,15.082485870447735,15.188239097595215,15.188239097595215,5,time_exit,LONG,LONG,0.5121061503887177,0.523311197757721,0.5009011030197144,0.5045045045045046,0.4958122670650482,51.210615038871765,0.5088495016098022,1,True,True,False,60.0,False,-0.13197278976440438,UNRANKED,,False,,,
2020-04-08,2020-04-09,2020-04-17,T,XLC,15.10766370035811,15.727079391479492,15.727079391479492,5,time_exit,LONG,LONG,0.534494012594223,0.5680869221687317,0.5009011030197144,0.6601307189542485,0.6802583336830139,53.4494012594223,0.5088495016098022,1,True,True,False,60.0,False,0.02785369753837575,HIGH,,True,0.785456629128423,1.0,0.20604903118272097
2020-04-09,2020-04-13,2020-04-20,T,XLC,15.359463589378908,15.601181030273438,15.601181030273438,5,time_exit,LONG,LONG,0.5440732538700104,0.5867778062820435,0.5013687014579773,0.765625,0.7454075813293457,54.40732538700104,0.5088495016098022,1,True,True,False,60.0,False,-0.568668097257614,UNRANKED,,False,,,
2020-04-13,2020-04-14,2020-04-21,T,XLC,15.455143949819337,15.042202949523926,15.042202949523926,5,time_exit,LONG,LONG,0.5313497483730316,0.5708212852478027,0.4918782114982605,0.6601307189542485,0.6284005641937256,53.13497483730316,0.5088495016098022,1,True,True,False,60.0,False,-0.1681258678436279,UNRANKED,,False,,,
2020-04-14,2020-04-15,2020-04-22,T,XLC,15.424924176417353,14.840763092041016,14.840763092041016,5,time_exit,LONG,LONG,0.5134643912315369,0.5260276794433594,0.5009011030197144,0.5045045045045046,0.4600447118282318,51.34643912315369,0.5088495016098022,1,True,True,False,60.0,False,0.19174286723136896,UNRANKED,,False,,,
2020-04-15,2020-04-16,2020-04-23,T,XLC,15.248670332279533,14.855871200561523,14.855871200561523,5,time_exit,LONG,LONG,0.5034878849983215,0.5060746669769287,0.5009011030197144,0.4447727272727273,0.40467146039009094,50.34878849983215,0.5088495016098022,2,False,True,True,60.0,False,0.35091909766197216,UNRANKED,,False,,,
2020-04-16,2020-04-17,2020-04-24,T,XLC,15.535716142697975,14.961626052856445,14.961626052856445,5,time_exit,LONG,LONG,0.5037426352500916,0.5065841674804688,0.5009011030197144,0.4447727272727273,0.39851847290992737,50.374263525009155,0.5088495016098022,2,False,True,True,60.0,False,0.44254973530769326,UNRANKED,,False,,,
2020-04-17,2020-04-20,2020-04-27,T,XLC,15.535713762125877,15.37960433959961,15.37960433959961,5,time_exit,SHORT,SHORT,0.49960045516490936,0.49829980731010437,0.5009011030197144,0.4445086705202313,0.4541339576244354,50.039954483509064,0.5088495016098022,2,False,True,True,60.0,False,-0.5654637515544894,UNRANKED,,False,,,
2020-04-20,2020-04-21,2020-04-28,T,XLC,15.364499562031735,15.434998512268066,15.434998512268066,5,time_exit,SHORT,SHORT,0.49625982344150543,0.4916185438632965,0.5009011030197144,0.4416243654822335,0.45437702536582947,50.37401765584946,0.5088495016098022,2,False,True,True,60.0,False,0.1671123206615447,UNRANKED,,False,,,
2020-04-21,2020-04-22,2020-04-29,T,XLC,15.560895481246867,15.827799797058105,15.827799797058105,5,time_exit,SHORT,SHORT,0.4994984269142151,0.4980957508087158,0.5009011030197144,0.4445086705202313,0.5362023711204529,50.05015730857849,0.5088495016098022,2,False,True,True,60.0,False,1.1083103418350218,UNRANKED,,False,,,
2020-04-22,2020-04-23,2020-04-29,T,XLC,14.825654948489012,15.344352722167969,15.637334924816091,4,take_profit,LONG,LONG,0.5195525586605072,0.5382040143013,0.5009011030197144,0.5200617283950616,0.5303985476493835,51.95525586605072,0.5088495016098022,1,True,True,False,60.0,False,0.580342099070549,UNRANKED,,False,,,
2020-04-23,2020-04-24,2020-04-29,T,XLC,14.901196084956466,15.057310104370117,15.665124089630014,3,take_profit,LONG,LONG,0.5187168419361115,0.5365325808525085,0.5009011030197144,0.5200617283950616,0.5022630095481873,51.871684193611145,0.5088495016098022,1,True,True,False,60.0,False,0.03603294491767873,UNRANKED,,False,,,
2020-04-24,2020-04-27,2020-04-29,T,XLC,15.102629635849235,14.906232833862305,15.790281951261484,2,stop_loss,SHORT,SHORT,0.484665185213089,0.4684292674064636,0.5009011030197144,0.43700412567438907,0.5396471619606018,51.5334814786911,0.5088495016098022,1,True,False,True,60.0,False,0.36337646842002863,UNRANKED,,False,,,
2020-04-27,2020-04-28,2020-05-04,T,XLC,15.611253627300968,14.976733207702637,15.003074126176177,4,stop_loss,LONG,LONG,0.5290028750896454,0.5571046471595764,0.5009011030197144,0.5685279187817259,0.5394054651260376,52.90028750896454,0.5088495016098022,1,True,True,False,60.0,False,-0.5503414571285247,UNRANKED,,False,,,
2020-04-28,2020-04-29,2020-05-01,T,XLC,15.676723594879771,14.49832534790039,15.105618182805273,2,stop_loss,LONG,LONG,0.5671870112419128,0.6334729194641113,0.5009011030197144,1.0,0.6879767179489136,56.718701124191284,0.5088495016098022,1,True,True,False,60.0,False,-0.9153313636779785,UNRANKED,,False,,,
2020-04-29,2020-04-30,2020-05-04,T,XLC,15.61125405901457,14.548678398132324,15.019896010439306,2,stop_loss,LONG,LONG,0.5444027483463287,0.596927285194397,0.4918782114982605,0.782608695652174,0.7215715050697327,54.44027483463287,0.5088495016098022,1,True,True,False,60.0,False,-0.22877082228660583,UNRANKED,,False,,,
2020-04-30,2020-05-01,2020-05-06,T,XLC,15.495431874640168,15.001914024353027,14.895440484956854,3,stop_loss,LONG,LONG,0.5396265387535095,0.5873748660087585,0.4918782114982605,0.765625,0.6699815988540649,53.96265387535095,0.5088495016098022,1,True,True,False,60.0,False,0.23323604464530953,UNRANKED,,False,,,
2020-05-01,2020-05-04,2020-05-11,T,XLC,14.98177221135307,14.795443534851074,14.795443534851074,5,time_exit,LONG,LONG,0.5417056977748871,0.5915331840515137,0.4918782114982605,0.782608695652174,0.6228802800178528,54.17056977748871,0.5088495016098022,1,True,True,False,60.0,False,1.6125489920377731,LOW,,True,6.351323863200724,1.0,0.02074449614556566
2020-05-04,2020-05-05,2020-05-12,T,XLC,14.976733207702637,14.548678398132324,14.548678398132324,5,time_exit,LONG,LONG,0.5130506157875061,0.5342230200767517,0.4918782114982605,0.5200617283950616,0.4873869717121124,51.30506157875061,0.5088495016098022,1,True,True,False,60.0,False,0.9971625506877899,UNRANKED,,False,,,
2020-05-05,2020-05-06,2020-05-13,T,XLC,15.017022520180099,14.145812034606934,14.525663354443491,5,stop_loss,LONG,LONG,0.5126630365848541,0.5334478616714478,0.4918782114982605,0.5200617283950616,0.44779667258262634,51.26630365848541,0.5088495016098022,1,True,True,False,60.0,False,-0.10951706767082237,UNRANKED,,False,,,
2020-05-06,2020-05-07,2020-05-14,T,XLC,14.689682457109768,14.392576217651367,14.392576217651367,5,time_exit,LONG,LONG,0.5285056829452515,0.5556426644325256,0.5013687014579773,0.5685279187817259,0.5117257237434387,52.85056829452515,0.5088495016098022,1,True,True,False,60.0,False,0.10143670439720157,UNRANKED,,False,,,
2020-05-07,2020-05-08,2020-05-13,T,XLC,14.750119508926582,14.25660228729248,14.265236472994314,3,stop_loss,LONG,LONG,0.5071234107017517,0.5128781199455261,0.5013687014579773,0.4447727272727273,0.4544662833213806,50.71234107017517,0.5088495016098022,2,False,True,True,60.0,False,-0.3840445578098296,UNRANKED,,False,,,
2020-05-08,2020-05-11,2020-05-13,T,XLC,14.931412886771882,14.83069133758545,14.39976738440895,2,stop_loss,LONG,LONG,0.5146289467811584,0.5278891921043396,0.5013687014579773,0.5045045045045046,0.4379422068595886,51.462894678115845,0.5088495016098022,1,True,True,False,60.0,False,-0.7277518361806871,UNRANKED,,False,,,
2020-05-11,2020-05-12,2020-05-13,T,XLC,14.860904033362031,14.583934783935547,14.379616758320179,1,stop_loss,LONG,LONG,0.5058853924274445,0.5104020833969116,0.5013687014579773,0.4447727272727273,0.39267992973327637,50.588539242744446,0.5088495016098022,2,False,True,True,60.0,False,-0.4664877802133558,UNRANKED,,False,,,
2020-05-12,2020-05-13,2020-05-20,T,XLC,14.503360904560438,14.90119457244873,14.90119457244873,5,time_exit,SHORT,SHORT,0.49006739258766174,0.47923368215560913,0.5009011030197144,0.43700412567438907,0.5488989949226379,50.993260741233826,0.5088495016098022,1,True,False,True,60.0,False,0.4613281935453415,UNRANKED,,False,,,
2020-05-13,2020-05-14,2020-05-18,T,XLC,14.090422454306866,14.991840362548828,14.633578805668822,2,stop_loss,SHORT,SHORT,0.49347832798957825,0.48605555295944214,0.5009011030197144,0.4416243654822335,0.5868975520133972,50.652167201042175,0.5088495016098022,2,False,True,True,60.0,False,0.4061315357685091,UNRANKED,,False,,,
2020-05-14,2020-05-15,2020-05-18,T,XLC,14.241494158837947,15.047234535217285,14.804794700306976,1,stop_loss,SHORT,SHORT,0.48893335461616516,0.47528666257858276,0.5025800466537476,0.43700412567438907,0.5593803524971008,51.106664538383484,0.5088495016098022,1,True,False,True,60.0,False,0.7322940528392792,UNRANKED,,False,,,
2020-05-15,2020-05-18,2020-05-26,T,XLC,14.599039758247063,15.520611763000488,15.122053963089767,5,stop_loss,SHORT,SHORT,0.49014677107334137,0.4777134954929352,0.5025800466537476,0.43700412567438907,0.5322742462158203,50.98532289266586,0.5088495016098022,1,True,False,True,60.0,False,0.11448740959167474,UNRANKED,,False,,,
2020-05-18,2020-05-19,2020-05-26,T,XLC,14.83572929253052,16.039304733276367,15.432842765605296,4,take_profit,LONG,LONG,0.5003485530614853,0.4997960031032562,0.5009011030197144,0.4447727272727273,0.4396898150444031,50.03485530614853,0.5088495016098022,2,False,True,True,60.0,False,-0.8338743746280672,UNRANKED,,False,,,
2020-05-19,2020-05-20,2020-05-26,T,XLC,14.740045040374017,15.641469955444336,15.316294980428774,3,take_profit,LONG,LONG,0.50682732462883,0.5127535462379456,0.5009011030197144,0.4447727272727273,0.4531451165676117,50.682732462882996,0.5088495016098022,2,False,True,True,60.0,False,-0.628649652004242,UNRANKED,,False,,,
2020-05-20,2020-05-21,2020-05-27,T,XLC,15.00191244732181,15.540753364562988,15.554421346465574,3,take_profit,LONG,LONG,0.5246483683586121,0.5483956336975098,0.5009011030197144,0.5675675675675675,0.5027928948402405,52.464836835861206,0.5088495016098022,1,True,True,False,60.0,False,-0.6179559826850889,UNRANKED,,False,,,
2020-05-21,2020-05-22,2020-05-27,T,XLC,14.99687538650013,15.576004981994629,15.521327595972787,2,take_profit,LONG,LONG,0.5063081383705139,0.5117151737213135,0.5009011030197144,0.4447727272727273,0.4698924422264099,50.63081383705139,0.5088495016098022,2,False,True,True,60.0,False,-0.9513625800609589,UNRANKED,,False,,,
2020-05-22,2020-05-26,2020-05-27,T,XLC,15.429965530588635,15.606216430664062,15.94074872608424,1,stop_loss,SHORT,SHORT,0.4953344017267227,0.4941798448562622,0.4964889585971832,0.4445086705202313,0.6223061680793762,50.46655982732773,0.5088495016098022,2,False,True,True,60.0,False,-0.2063728570938111,UNRANKED,,False,,,
2020-05-26,2020-05-27,2020-06-03,T,XLC,15.983910812734095,15.868083000183105,15.868083000183105,5,time_exit,SHORT,SHORT,0.47344277799129486,0.4550073444843292,0.4918782114982605,0.43700412567438907,0.5894408822059631,52.655722200870514,0.5088495016098022,1,True,False,True,60.0,False,0.37748432159423817,UNRANKED,,False,,,
2020-05-27,2020-05-28,2020-05-29,T,XLC,16.129950781245448,16.01412582397461,15.555858733690341,1,take_profit,SHORT,SHORT,0.4802207201719284,0.4685632288455963,0.4918782114982605,0.43700412567438907,0.5588422417640686,51.97792798280716,0.5088495016098022,1,True,False,True,60.0,False,-0.18536698818206787,UNRANKED,,False,,,
2020-05-28,2020-05-29,2020-06-04,T,XLC,15.384641128308314,16.50260353088379,16.008373422663432,4,stop_loss,SHORT,SHORT,0.4944867193698883,0.4970952272415161,0.4918782114982605,0.4445086705202313,0.5548034906387329,50.55132806301117,0.5088495016098022,2,False,True,True,60.0,False,0.491222620010376,UNRANKED,,False,,,
2020-05-29,2020-06-01,2020-06-05,T,XLC,15.485360025452536,16.7342586517334,16.05873245761632,4,take_profit,LONG,LONG,0.5011135339736938,0.5103488564491272,0.4918782114982605,0.4447727272727273,0.4464499056339264,50.111353397369385,0.5088495016098022,2,False,True,True,60.0,False,-0.5716978907585144,UNRANKED,,False,,,
2020-06-01,2020-06-02,2020-06-05,T,XLC,15.636432681058169,16.42706871032715,16.185345274354766,3,stop_loss,SHORT,SHORT,0.4951605349779129,0.4984428584575653,0.4918782114982605,0.4445086705202313,0.5447390079498291,50.48394650220871,0.5088495016098022,2,False,True,True,60.0,False,0.5703636705875398,UNRANKED,,False,,,
2020-06-02,2020-06-03,2020-06-05,T,XLC,15.762329938788247,16.185348510742188,16.28030629093494,2,stop_loss,SHORT,SHORT,0.49414533376693726,0.496412456035614,0.4918782114982605,0.4445086705202313,0.5250265002250671,50.585466623306274,0.5088495016098022,2,False,True,True,60.0,False,-0.1981546580791472,UNRANKED,,False,,,
2020-06-03,2020-06-04,2020-06-05,T,XLC,15.80765445278171,15.193276405334473,16.30548797721321,1,take_profit,LONG,LONG,0.5201243758201599,0.5483705401420593,0.4918782114982605,0.5675675675675675,0.4892086684703827,52.01243758201599,0.5088495016098022,1,True,True,False,60.0,False,0.03782352805137634,UNRANKED,,False,,,
2020-06-04,2020-06-05,2020-06-11,T,XLC,16.38677839760601,15.359461784362793,15.903333638782073,4,take_profit,SHORT,SHORT,0.49406222999095917,0.49624624848365784,0.4918782114982605,0.4445086705202313,0.5657373666763306,50.59377700090408,0.5088495016098022,2,False,True,True,60.0,False,0.4195943474769591,UNRANKED,,False,,,
2020-06-05,2020-06-08,2020-06-11,T,XLC,16.61843348485691,15.359461784362793,16.084631043668644,3,stop_loss,LONG,LONG,0.5012788772583008,0.5106795430183411,0.4918782114982605,0.4447727272727273,0.5052269101142883,50.12788772583008,0.5088495016098022,2,False,True,True,60.0,False,-0.38768577575683594,UNRANKED,,False,,,
2020-06-08,2020-06-09,2020-06-11,T,XLC,16.522750969339533,15.500467300415039,16.03786766092889,2,take_profit,SHORT,SHORT,0.49526770412921906,0.4986571967601776,0.4918782114982605,0.4445086705202313,0.5902767777442932,50.473229587078094,0.5088495016098022,2,False,True,True,60.0,False,-0.20046734809875477,UNRANKED,,False,,,
2020-06-09,2020-06-10,2020-06-11,T,XLC,16.401892014627464,15.23859691619873,15.90837536510877,1,stop_loss,LONG,LONG,0.5109582841396332,0.5300383567810059,0.4918782114982605,0.5200617283950616,0.49642854928970337,51.09582841396332,0.5088495016098022,1,True,True,False,60.0,False,0.15575170516967785,UNRANKED,,False,,,
2020-06-10,2020-06-11,2020-06-18,T,XLC,15.711973534510147,15.28392219543457,15.28392219543457,5,time_exit,LONG,LONG,0.5217446088790894,0.5516110062599182,0.4918782114982605,0.5685279187817259,0.5302805304527283,52.174460887908936,0.5088495016098022,1,True,True,False,60.0,False,0.6505484580993652,UNRANKED,,False,,,
2020-06-11,2020-06-12,2020-06-19,T,XLC,15.621327094914024,15.263777732849121,15.263777732849121,5,time_exit,LONG,LONG,0.512079507112503,0.5322808027267456,0.4918782114982605,0.5200617283950616,0.4988877475261688,51.207950711250305,0.5088495016098022,1,True,True,False,60.0,False,0.7879494577646254,UNRANKED,,False,,,
2020-06-12,2020-06-15,2020-06-22,T,XLC,15.102629972906625,15.163060188293457,15.163060188293457,5,time_exit,LONG,LONG,0.522777795791626,0.5441868901252747,0.5013687014579773,0.5619834710743803,0.5317879915237427,52.2777795791626,0.5088495016098022,1,True,True,False,60.0,False,0.9133418798446655,UNRANKED,,False,,,
2020-06-15,2020-06-16,2020-06-17,T,XLC,15.822763879198822,15.233563423156738,15.263061414686407,1,stop_loss,LONG,LONG,0.5181670486927032,0.5349653959274292,0.5013687014579773,0.5200617283950616,0.4706391394138336,51.816704869270325,0.5088495016098022,1,True,True,False,60.0,False,-0.0971124470233918,UNRANKED,,False,,,
2020-06-16,2020-06-17,2020-06-24,T,XLC,15.500463457400254,14.815585136413574,14.994716343491215,5,stop_loss,LONG,LONG,0.523254781961441,0.5451408624649048,0.5013687014579773,0.5619834710743803,0.5086416602134705,52.325478196144104,0.5088495016098022,1,True,True,False,60.0,False,-0.08282026648521404,UNRANKED,,False,,,
2020-06-17,2020-06-18,2020-06-25,T,XLC,15.13788077876732,14.966660499572754,14.966660499572754,5,time_exit,LONG,LONG,0.5238170623779297,0.5462654232978821,0.5013687014579773,0.5675675675675675,0.5060311555862427,52.38170623779297,0.5088495016098022,1,True,True,False,60.0,False,-0.8162325471639633,UNRANKED,,False,,,
2020-06-18,2020-06-19,2020-06-24,T,XLC,15.455140968746099,14.644362449645996,14.976730384160092,3,stop_loss,LONG,LONG,0.5230507850646973,0.5452004671096802,0.5009011030197144,0.5619834710743803,0.5602084398269653,52.30507850646973,0.5088495016098022,1,True,True,False,60.0,False,-0.06124633550643925,UNRANKED,,False,,,
2020-06-19,2020-06-22,2020-06-26,T,XLC,15.198311212042402,15.06234359741211,14.722058792434423,4,take_profit,SHORT,SHORT,0.49470794200897217,0.48851478099823,0.5009011030197144,0.4416243654822335,0.5551390647888184,50.52920579910278,0.5088495016098022,2,False,True,True,60.0,False,0.33786571025848383,UNRANKED,,False,,,
2020-06-22,2020-06-23,2020-06-26,T,XLC,15.258743636174223,15.223491668701172,14.772418917153924,3,take_profit,SHORT,SHORT,0.49178989231586456,0.48267868161201477,0.5009011030197144,0.4416243654822335,0.5518788695335388,50.821010768413544,0.5088495016098022,2,False,True,True,60.0,False,0.4400744140148164,UNRANKED,,False,,,
2020-06-23,2020-06-24,2020-06-26,T,XLC,15.122773546067249,15.057310104370117,14.663786446283488,2,stop_loss,LONG,LONG,0.5060903429985046,0.5096006393432617,0.5025800466537476,0.4447727272727273,0.44638755917549133,50.609034299850464,0.5088495016098022,2,False,True,True,60.0,False,0.9383113086223601,UNRANKED,,False,,,
2020-06-24,2020-06-25,2020-07-02,T,XLC,14.850835347008301,15.147947311401367,15.147947311401367,5,time_exit,LONG,LONG,0.5067332088947296,0.5108863711357117,0.5025800466537476,0.4447727272727273,0.47044360637664795,50.67332088947296,0.5088495016098022,2,False,True,True,60.0,False,0.8047302663326265,UNRANKED,,False,,,
2020-06-25,2020-06-26,2020-07-06,T,XLC,14.88608610637696,15.354424476623535,15.335720794618101,5,stop_loss,SHORT,SHORT,0.4854694902896881,0.46835893392562866,0.5025800466537476,0.43700412567438907,0.5489920973777771,51.45305097103119,0.5088495016098022,1,True,False,True,60.0,False,0.27961361408233637,UNRANKED,,False,,,
2020-06-26,2020-06-29,2020-07-06,T,XLC,14.770263289841571,15.268815040588379,15.232846967950877,4,stop_loss,SHORT,SHORT,0.4862709641456604,0.46996188163757324,0.5025800466537476,0.43700412567438907,0.5235122442245483,51.37290358543396,0.5088495016098022,1,True,False,True,60.0,False,0.8285297155380247,UNRANKED,,False,,,
2020-06-29,2020-06-30,2020-07-08,T,XLC,15.112701281728139,15.339320182800293,15.339320182800293,5,time_exit,LONG,LONG,0.502268373966217,0.5019567012786865,0.5025800466537476,0.4447727272727273,0.4377021789550781,50.226837396621704,0.5088495016098022,2,False,True,True,60.0,False,-0.6046231389045716,UNRANKED,,False,,,
2020-06-30,2020-07-01,2020-07-09,T,XLC,15.173135283018237,15.220027923583984,15.220027923583984,5,time_exit,LONG,LONG,0.5211204588413239,0.5396608710289001,0.5025800466537476,0.5200617283950616,0.4577360451221466,52.112045884132385,0.5088495016098022,1,True,True,False,60.0,False,0.5615098476409911,UNRANKED,,False,,,
2020-07-01,2020-07-02,2020-07-10,T,XLC,15.163055433296499,15.524019241333008,15.511971759546848,5,take_profit,LONG,LONG,0.5325736999511719,0.5625673532485962,0.5025800466537476,0.6601307189542485,0.6421402096748352,53.25736999511719,0.5088495016098022,1,True,True,False,60.0,False,0.03303915262222283,HIGH,,True,0.4134208162661023,1.0,0.21584832280019445
2020-07-02,2020-07-06,2020-07-13,T,XLC,15.379603415575387,15.333379745483398,15.333379745483398,5,time_exit,LONG,LONG,0.50736865401268,0.5121572613716125,0.5025800466537476,0.4447727272727273,0.4749988615512848,50.736865401268005,0.5088495016098022,2,False,True,True,60.0,False,0.061727255582809566,UNRANKED,,False,,,
2020-07-06,2020-07-07,2020-07-14,T,XLC,15.25874295583047,15.436426162719727,15.436426162719727,5,time_exit,LONG,LONG,0.519184410572052,0.5357887744903564,0.5025800466537476,0.5200617283950616,0.4170161187648773,51.9184410572052,0.5088495016098022,1,True,True,False,60.0,False,0.7448011636734009,UNRANKED,,False,,,
2020-07-07,2020-07-08,2020-07-15,T,XLC,15.339320182800295,15.462189674377441,15.462189674377441,5,time_exit,LONG,LONG,0.5035986304283142,0.5062961578369141,0.5009011030197144,0.4447727272727273,0.41235634684562683,50.35986304283142,0.5088495016098022,2,False,True,True,60.0,False,0.6463708281517029,UNRANKED,,False,,,
2020-07-08,2020-07-09,2020-07-16,T,XLC,15.390055302033028,15.657978057861328,15.657978057861328,5,time_exit,SHORT,SHORT,0.49559667706489563,0.4902922511100769,0.5009011030197144,0.4416243654822335,0.5514590740203857,50.44033229351044,0.5088495016098022,2,False,True,True,60.0,False,0.49638658761978155,UNRANKED,,False,,,
2020-07-09,2020-07-10,2020-07-16,T,XLC,15.199421933908134,15.58584976196289,15.542357496041923,4,stop_loss,SHORT,SHORT,0.496548131108284,0.49051621556282043,0.5025800466537476,0.4416243654822335,0.5512591600418091,50.3451868891716,0.5088495016098022,2,False,True,True,60.0,False,0.6168015301227571,UNRANKED,,False,,,
2020-07-10,2020-07-13,2020-07-20,T,XLC,15.539473349405963,15.379751205444336,15.379751205444336,5,time_exit,LONG,LONG,0.5012699067592621,0.5016387104988098,0.5009011030197144,0.4447727272727273,0.4521230161190033,50.12699067592621,0.5088495016098022,2,False,True,True,60.0,False,0.47145685553550726,UNRANKED,,False,,,
2020-07-13,2020-07-14,2020-07-21,T,XLC,15.312770008659585,15.58584976196289,15.58584976196289,5,time_exit,LONG,LONG,0.5116154849529266,0.5223298668861389,0.5009011030197144,0.5045045045045046,0.5069233179092407,51.161548495292664,0.5088495016098022,1,True,True,False,60.0,False,0.43124330043792725,UNRANKED,,False,,,
2020-07-14,2020-07-15,2020-07-22,T,XLC,15.49310339220829,15.539471626281738,15.539471626281738,5,time_exit,LONG,LONG,0.5117446184158325,0.5225881338119507,0.5009011030197144,0.5045045045045046,0.47568267583847046,51.17446184158325,0.5088495016098022,1,True,True,False,60.0,False,-0.10498890280723579,UNRANKED,,False,,,
2020-07-15,2020-07-16,2020-07-23,T,XLC,15.441579451945175,15.405516624450684,15.405516624450684,5,time_exit,LONG,LONG,0.5323460102081299,0.5637909173965454,0.5009011030197144,0.6601307189542485,0.6058067083358765,53.23460102081299,0.5088495016098022,1,True,True,False,60.0,False,-0.7849034070968628,LOW,,True,-2.032708055172259,1.0,0.00541704285019793
2020-07-16,2020-07-17,2020-07-24,T,XLC,15.704354762167425,15.23548698425293,15.353017738023661,5,stop_loss,LONG,LONG,0.5097739100456238,0.5186467170715332,0.5009011030197144,0.4447727272727273,0.5058584809303284,50.97739100456238,0.5088495016098022,1,True,True,False,60.0,False,-1.0369723141193392,UNRANKED,,False,,,
2020-07-17,2020-07-20,2020-07-27,T,XLC,15.54977859393645,15.091219902038574,15.234180106082446,5,stop_loss,LONG,LONG,0.5307199358940125,0.5605387687683105,0.5009011030197144,0.6601307189542485,0.6215684413909912,53.071993589401245,0.5088495016098022,1,True,True,False,60.0,False,-1.0652279555797577,UNRANKED,,False,,,
2020-07-20,2020-07-21,2020-07-27,T,XLC,15.400366107247617,15.297311782836914,15.115036561000407,4,take_profit,SHORT,SHORT,0.4958697259426117,0.49083834886550903,0.5009011030197144,0.4416243654822335,0.4914402663707733,50.41302740573883,0.5088495016098022,2,False,True,True,60.0,False,0.18241393566131614,UNRANKED,,False,,,
2020-07-21,2020-07-22,2020-07-24,T,XLC,15.539471626281737,15.230335235595703,15.247720582144598,2,take_profit,SHORT,SHORT,0.4929075986146927,0.4939369857311249,0.4918782114982605,0.4445086705202313,0.5782833099365234,50.70924013853073,0.5088495016098022,2,False,True,True,60.0,False,0.2604691088199616,UNRANKED,,False,,,
2020-07-22,2020-07-23,2020-07-24,T,XLC,15.534324014675843,15.23548698425293,15.25968774606012,1,take_profit,SHORT,SHORT,0.4783409535884857,0.46480369567871094,0.4918782114982605,0.43700412567438907,0.5526407361030579,52.16590464115143,0.5088495016098022,1,True,False,True,60.0,False,-0.25634849071502686,UNRANKED,,False,,,
2020-07-23,2020-07-24,2020-07-31,T,XLC,15.353990650768761,15.240639686584473,15.240639686584473,5,time_exit,LONG,LONG,0.5019095242023468,0.5119408369064331,0.4918782114982605,0.4447727272727273,0.5140462517738342,50.19095242023468,0.5088495016098022,2,False,True,True,60.0,False,0.2958007752895356,UNRANKED,,False,,,
2020-07-24,2020-07-27,2020-08-03,T,XLC,15.199419857154588,15.261244773864746,15.261244773864746,5,time_exit,LONG,LONG,0.5020069777965546,0.5026452541351318,0.5013687014579773,0.4447727272727273,0.4836398959159851,50.20069777965546,0.5088495016098022,2,False,True,True,60.0,False,0.5786127150058747,UNRANKED,,False,,,
2020-07-27,2020-07-28,2020-08-04,T,XLC,15.075760695960849,15.462189674377441,15.359758095427226,5,stop_loss,SHORT,SHORT,0.4961388409137726,0.5003994703292847,0.4918782114982605,0.4447727272727273,0.5072360038757324,50.38611590862274,0.5088495016098022,2,False,True,True,60.0,False,0.7756054699420929,UNRANKED,,False,,,
2020-07-28,2020-07-29,2020-08-05,T,XLC,15.287011470709293,15.379751205444336,15.379751205444336,5,time_exit,LONG,LONG,0.5090146660804749,0.5261511206626892,0.4918782114982605,0.5045045045045046,0.46796104311943054,50.901466608047485,0.5088495016098022,1,True,True,False,60.0,False,0.9757758677005768,UNRANKED,,False,,,
2020-07-29,2020-07-30,2020-08-06,T,XLC,15.18396325498692,15.374595642089844,15.374595642089844,5,time_exit,LONG,LONG,0.5072154998779297,0.5225527882575989,0.4918782114982605,0.5045045045045046,0.5001387000083923,50.72154998779297,0.5088495016098022,2,False,True,True,60.0,False,0.5391345620155334,UNRANKED,,False,,,
2020-07-30,2020-07-31,2020-08-04,T,XLC,15.204573465967792,15.467341423034668,15.457775359365533,2,take_profit,LONG,LONG,0.5056567192077637,0.5194352269172668,0.4918782114982605,0.4447727272727273,0.49372443556785583,50.56567192077637,0.5088495016098022,2,False,True,True,60.0,False,-0.04028061032295234,UNRANKED,,False,,,
2020-07-31,2020-08-03,2020-08-10,T,XLC,15.43127213149435,15.560087203979492,15.560087203979492,5,time_exit,LONG,LONG,0.5037313103675842,0.5060939192771912,0.5013687014579773,0.4447727272727273,0.5085490942001343,50.37313103675842,0.5088495016098022,2,False,True,True,60.0,False,0.021110147237777578,UNRANKED,,False,,,
2020-08-03,2020-08-04,2020-08-07,T,XLC,15.250943550448504,15.560087203979492,15.465869997635656,3,take_profit,LONG,LONG,0.5090567171573639,0.5167447328567505,0.5013687014579773,0.4447727272727273,0.4916933476924896,50.90567171573639,0.5088495016098022,1,True,True,False,60.0,False,0.09279453754425056,UNRANKED,,False,,,
2020-08-04,2020-08-05,2020-08-12,T,XLC,15.53432108547823,15.54978084564209,15.54978084564209,5,time_exit,LONG,LONG,0.5019529461860657,0.502537190914154,0.5013687014579773,0.4447727272727273,0.44081106781959534,50.19529461860657,0.5088495016098022,2,False,True,True,60.0,False,0.26005396246910095,UNRANKED,,False,,,
2020-08-05,2020-08-06,2020-08-10,T,XLC,15.307615721045028,15.410664558410645,15.531375235989922,2,take_profit,LONG,LONG,0.5236716419458389,0.5508543252944946,0.4964889585971832,0.5685279187817259,0.5240585207939148,52.36716419458389,0.5088495016098022,1,True,True,False,60.0,False,0.0928428769111634,UNRANKED,,False,,,
2020-08-06,2020-08-07,2020-08-10,T,XLC,15.323076546103234,15.462189674377441,15.537268527827564,1,take_profit,LONG,LONG,0.5309351086616516,0.5609691143035889,0.5009011030197144,0.6601307189542485,0.6454610228538513,53.09351086616516,0.5088495016098022,1,True,True,False,60.0,False,0.10345417261123654,HIGH,,True,0.6091616019800721,1.0,-0.004798944371136884
2020-08-07,2020-08-10,2020-08-17,T,XLC,15.482802246059931,15.379751205444336,15.379751205444336,5,time_exit,LONG,LONG,0.5203920006752014,0.5398828983306885,0.5009011030197144,0.5619834710743803,0.530083417892456,52.03920006752014,0.5088495016098022,1,True,True,False,60.0,False,-0.79666468501091,UNRANKED,,False,,,
2020-08-10,2020-08-11,2020-08-13,T,XLC,15.668287185976778,15.348840713500977,15.486481711559229,2,stop_loss,LONG,LONG,0.5120222121477127,0.5330163240432739,0.4910281002521515,0.4592594734366017,0.41496434807777405,51.20222121477127,0.5102553367614746,1,True,True,False,58.07050584744729,False,-0.46864858269691473,UNRANKED,,False,,,
2020-08-11,2020-08-12,2020-08-13,T,XLC,15.642523307546945,15.317920684814453,15.467343281083846,1,stop_loss,LONG,LONG,0.5094174146652222,0.5270139575004578,0.4918208718299866,0.4574280941214354,0.3232592046260834,50.94174146652222,0.5102553367614746,2,False,True,True,58.07050584744729,False,-0.26788818836212147,UNRANKED,,False,,,
2020-08-12,2020-08-13,2020-08-20,T,XLC,15.457035781556511,15.287012100219727,15.299519847021076,5,stop_loss,LONG,LONG,0.5006244778633118,0.500548243522644,0.5007007122039795,0.4493675233373963,0.3244148790836334,50.06244778633118,0.5102553367614746,2,False,True,True,58.07050584744729,False,-0.009187072515487622,UNRANKED,,False,,,
2020-08-13,2020-08-14,2020-08-21,T,XLC,15.36944721974773,15.297311782836914,15.297311782836914,5,time_exit,SHORT,SHORT,0.49238505959510803,0.497897207736969,0.48687291145324707,0.4485614987470012,0.4076382517814636,50.7614940404892,0.5102553367614746,2,False,True,True,58.07050584744729,False,0.07645189762115479,UNRANKED,,False,,,
2020-08-14,2020-08-17,2020-08-18,T,XLC,15.49825486687946,15.472495079040527,15.358403977946006,1,take_profit,SHORT,SHORT,0.4888983219861984,0.4909237325191498,0.48687291145324707,0.44644257420940525,0.3836725652217865,51.11016780138016,0.5102553367614746,1,True,False,True,58.07050584744729,False,0.22575545310974135,UNRANKED,,False,,,
2020-08-17,2020-08-18,2020-08-25,T,XLC,15.384906939675016,15.405516624450684,15.405516624450684,5,time_exit,SHORT,SHORT,0.49402377009391785,0.4949322044849396,0.4931153357028961,0.447660335242941,0.371473103761673,50.597622990608215,0.5102553367614746,2,False,True,True,58.07050584744729,False,0.1281767189502716,UNRANKED,,False,,,
2020-08-18,2020-08-19,2020-08-26,T,XLC,15.359139397920305,15.451887130737305,15.451887130737305,5,time_exit,SHORT,SHORT,0.4987698644399643,0.5024726986885071,0.4950670301914215,0.4499528042048607,0.5213667750358582,50.12301355600357,0.5102553367614746,2,False,True,True,58.07050584744729,False,0.2470776736736298,UNRANKED,,False,,,
2020-08-19,2020-08-20,2020-08-24,T,XLC,15.22518335926454,15.405516624450684,15.345898364321737,2,take_profit,LONG,LONG,0.5052586793899536,0.5092054009437561,0.5013119578361511,0.45200148806362744,0.45882466435432434,50.52586793899536,0.5102553367614746,2,False,True,True,58.07050584744729,False,0.32592082023620605,UNRANKED,,False,,,
2020-08-20,2020-08-21,2020-08-24,T,XLC,15.317921791447203,15.477645874023438,15.442316208256285,1,take_profit,LONG,LONG,0.5083806812763214,0.5194891691207886,0.49727219343185425,0.4551338395507582,0.5182985663414001,50.83806812763214,0.5102553367614746,2,False,True,True,58.07050584744729,False,0.1962797343730927,UNRANKED,,False,,,
2020-08-21,2020-08-24,2020-08-26,T,XLC,15.30762017818173,15.359143257141113,15.430542394324657,2,take_profit,LONG,LONG,0.503756120800972,0.5164841413497925,0.4910281002521515,0.45421815429238654,0.5635554194450378,50.3756120800972,0.5102553367614746,2,False,True,True,58.07050584744729,False,0.15387281775474546,UNRANKED,,False,,,
2020-08-24,2020-08-25,2020-08-31,T,XLC,15.503410293067297,15.183963775634766,15.384168306111382,4,take_profit,SHORT,SHORT,0.49496525526046753,0.49890241026878357,0.4910281002521515,0.4488670903477269,0.6116366982460022,50.50347447395325,0.5102553367614746,2,False,True,True,58.07050584744729,False,0.045942127704620264,UNRANKED,,False,,,
2020-08-25,2020-08-26,2020-09-01,T,XLC,15.36944966929159,15.30246639251709,15.252416255813284,4,take_profit,SHORT,SHORT,0.4900868088006973,0.48914551734924316,0.4910281002521515,0.4459025629539657,0.6028703451156616,50.99131911993027,0.5102553367614746,2,False,True,True,58.07050584744729,False,-0.15946218371391296,UNRANKED,,False,,,
2020-08-26,2020-08-27,2020-09-01,T,XLC,15.462191563876797,15.245794296264648,15.339270301408186,3,take_profit,SHORT,SHORT,0.49393732845783234,0.4968465566635132,0.4910281002521515,0.4482421318485374,0.6169747710227966,50.606267154216766,0.5102553367614746,2,False,True,True,58.07050584744729,False,0.17766028642654408,UNRANKED,,False,,,
2020-08-27,2020-08-28,2020-09-01,T,XLC,15.426122147907583,15.158198356628418,15.309825924675858,2,take_profit,SHORT,SHORT,0.4900868088006973,0.48914551734924316,0.4910281002521515,0.4459025629539657,0.601516604423523,50.99131911993027,0.5102553367614746,2,False,True,True,58.07050584744729,False,0.10787892341613761,UNRANKED,,False,,,
2020-08-28,2020-08-31,2020-09-01,T,XLC,15.53432185600469,15.204573631286621,15.420970851540403,1,take_profit,SHORT,SHORT,0.48521335422992706,0.48264387249946594,0.4877828359603882,0.44392922906482907,0.49775800108909607,51.478664577007294,0.5102553367614746,1,True,False,True,58.07050584744729,False,-0.004767030477523856,UNRANKED,,False,,,
2020-08-31,2020-09-01,2020-09-04,T,XLC,15.323077459081967,15.13244342803955,15.192797509348777,3,take_profit,SHORT,SHORT,0.4964260160923004,0.5050691962242126,0.4877828359603882,0.45074269134659656,0.5217750072479248,50.35739839076996,0.5102553367614746,2,False,True,True,58.07050584744729,False,0.2045275270938873,UNRANKED,,False,,,
2020-09-01,2020-09-02,2020-09-10,T,XLC,15.132439002612868,14.89543628692627,14.97860574956983,5,take_profit,SHORT,SHORT,0.4884641766548157,0.48914551734924316,0.4877828359603882,0.4459025629539657,0.5181368589401245,51.15358233451843,0.5102553367614746,1,True,False,True,58.07050584744729,False,0.18638151884078982,UNRANKED,,False,,,
2020-09-02,2020-09-03,2020-09-04,T,XLC,15.34368796542567,14.941802024841309,15.192799522432505,1,stop_loss,LONG,LONG,0.5064856857061386,0.5219432711601257,0.4910281002521515,0.45588187338016894,0.42810019850730896,50.64856857061386,0.5102553367614746,2,False,True,True,58.07050584744729,False,-0.3028135895729063,UNRANKED,,False,,,
2020-09-03,2020-09-04,2020-09-10,T,XLC,15.266396990765271,15.013935089111328,15.114773264874158,3,stop_loss,LONG,LONG,0.5030282288789749,0.5150283575057983,0.4910281002521515,0.4537746620785646,0.3532727360725403,50.30282288789749,0.5102553367614746,2,False,True,True,58.07050584744729,False,-0.10111150145530697,UNRANKED,,False,,,
2020-09-04,2020-09-08,2020-09-10,T,XLC,15.199421128122909,15.00362777709961,15.047060620702778,2,stop_loss,LONG,LONG,0.5129512846469879,0.5150283575057983,0.5108742117881775,0.4537746620785646,0.3603917062282562,51.29512846469879,0.5102553367614746,1,True,True,False,58.07050584744729,False,0.08741185069084173,UNRANKED,,False,,,
2020-09-08,2020-09-09,2020-09-10,T,XLC,15.266404638221923,15.065460205078125,15.111834876128242,1,stop_loss,LONG,LONG,0.5001905262470245,0.5254424810409546,0.4749385714530945,0.4569488096116138,0.4366001486778259,50.019052624702454,0.5102553367614746,2,False,True,True,58.07050584744729,False,-0.24493423104286213,UNRANKED,,False,,,
2020-09-09,2020-09-10,2020-09-11,T,XLC,15.13759751185019,14.977869033813477,14.977140581962146,1,stop_loss,LONG,LONG,0.5239123404026031,0.5376560688018799,0.5101686120033264,0.4606758609014317,0.3844047486782074,52.391234040260315,0.5102553367614746,1,True,True,False,58.07050584744729,False,0.11721700429916374,UNRANKED,,False,,,
2020-09-10,2020-09-11,2020-09-18,T,XLC,14.921193313945368,14.905734062194824,14.905734062194824,5,time_exit,LONG,LONG,0.5150531530380249,0.5000502467155457,0.5300560593605042,0.449216091284855,0.36455363035202026,51.50531530380249,0.5102553367614746,1,True,True,False,58.07050584744729,False,0.046222090721130274,UNRANKED,,False,,,
2020-09-11,2020-09-14,2020-09-21,T,XLC,14.9933250780072,14.751167297363281,14.798273203573954,5,stop_loss,LONG,LONG,0.5088757127523422,0.49049636721611023,0.5272550582885742,0.44631277963597543,0.4299090504646301,50.88757127523422,0.5102553367614746,2,False,True,True,58.07050584744729,False,0.3223033547401428,UNRANKED,,False,,,
2020-09-14,2020-09-15,2020-09-21,T,XLC,15.039693989850425,14.689338684082031,14.859363577121979,4,stop_loss,LONG,LONG,0.5106720477342606,0.4940890371799469,0.5272550582885742,0.44740413105163707,0.399145245552063,51.067204773426056,0.5102553367614746,1,True,True,False,58.07050584744729,False,0.36104899644851685,UNRANKED,,False,,,
2020-09-15,2020-09-16,2020-09-21,T,XLC,15.008783970452127,14.35958480834961,14.836549435234842,3,stop_loss,LONG,LONG,0.5024774223566055,0.5118395090103149,0.4931153357028961,0.45280346366724433,0.4598458409309387,50.24774223566055,0.5102553367614746,2,False,True,True,58.07050584744729,False,-0.1372653841972351,UNRANKED,,False,,,
2020-09-16,2020-09-17,2020-09-21,T,XLC,15.019087755333235,14.44717788696289,14.844644374159964,2,take_profit,SHORT,SHORT,0.496956929564476,0.5007985234260559,0.4931153357028961,0.4494436325906634,0.534882128238678,50.3043070435524,0.5102553367614746,2,False,True,True,58.07050584744729,False,0.19906225800514235,UNRANKED,,False,,,
2020-09-17,2020-09-18,2020-09-21,T,XLC,14.962410287522244,14.44717788696289,14.782078239923543,1,stop_loss,LONG,LONG,0.5001174956560135,0.5071196556091309,0.4931153357028961,0.45136664252230363,0.39841628074645996,50.01174956560135,0.5102553367614746,2,False,True,True,58.07050584744729,False,0.18855750560760495,UNRANKED,,False,,,
2020-09-18,2020-09-21,2020-09-23,T,XLC,14.838757254412736,14.622359275817871,14.658424389378904,2,take_profit,SHORT,SHORT,0.48800864815711975,0.4829019606113434,0.4931153357028961,0.4440075288816751,0.5735039710998535,51.199135184288025,0.5102553367614746,1,True,False,True,58.07050584744729,False,0.25319403409957886,UNRANKED,,False,,,
2020-09-21,2020-09-22,2020-09-23,T,XLC,14.699642389100806,14.581138610839844,14.514157502931372,1,stop_loss,LONG,LONG,0.5149997174739838,0.48609429597854614,0.5439051389694214,0.44497626128858125,0.3936528265476227,51.49997174739838,0.5102553367614746,1,True,True,False,58.07050584744729,False,1.0485810637474062,UNRANKED,,False,,,
2020-09-22,2020-09-23,2020-09-24,T,XLC,14.70994454056082,14.689338684082031,14.5406526355664,1,stop_loss,LONG,LONG,0.5204620957374573,0.5006237626075745,0.5403004288673401,0.44939048818043753,0.4000137448310852,52.04620957374573,0.5102553367614746,1,True,True,False,58.07050584744729,False,0.6769258081912994,UNRANKED,,False,,,
2020-09-23,2020-09-24,2020-09-28,T,XLC,14.35958793483927,14.679037094116211,14.55905859109799,2,take_profit,LONG,LONG,0.5232551395893097,0.5062098503112793,0.5403004288673401,0.45108977138301876,0.5232986807823181,52.32551395893097,0.5102553367614746,1,True,True,False,58.07050584744729,False,0.24127975106239316,UNRANKED,,False,,,
2020-09-24,2020-09-25,2020-09-28,T,XLC,14.380196646501618,14.776923179626465,14.584084585954743,1,take_profit,LONG,LONG,0.5125937163829803,0.4920976758003235,0.5330897569656372,0.4467991485602383,0.5137473940849304,51.259371638298035,0.5102553367614746,1,True,True,False,58.07050584744729,False,0.21503350138664243,UNRANKED,,False,,,
2020-09-25,2020-09-28,2020-10-05,T,XLC,14.591445554617092,14.771777153015137,14.771777153015137,5,time_exit,LONG,LONG,0.5159918665885925,0.5077494382858276,0.5242342948913574,0.45155831507355804,0.5337631702423096,51.59918665885925,0.5102553367614746,1,True,True,False,58.07050584744729,False,0.3650794327259064,UNRANKED,,False,,,
2020-09-28,2020-09-29,2020-10-06,T,XLC,14.612053629072506,14.79238510131836,14.79238510131836,5,time_exit,LONG,LONG,0.5033824443817139,0.5024464130401611,0.5043184757232666,0.4499448090638771,0.45217248797416687,50.33824443817139,0.5102553367614746,2,False,True,True,58.07050584744729,False,0.5451890528202057,UNRANKED,,False,,,
2020-09-29,2020-09-30,2020-10-07,T,XLC,14.622357445205717,14.838753700256348,14.827716904129057,5,stop_loss,SHORT,SHORT,0.4988808184862137,0.485649436712265,0.5121122002601624,0.44484124095254285,0.5184374451637268,50.11191815137863,0.5102553367614746,2,False,True,True,58.07050584744729,False,0.21941867470741264,UNRANKED,,False,,,
2020-09-30,2020-10-01,2020-10-08,T,XLC,14.694493305810003,15.101879119873047,14.881451755037473,5,take_profit,LONG,LONG,0.5098789632320404,0.5059115886688232,0.5138463377952576,0.45099901124773867,0.41246452927589417,50.98789632320404,0.5102553367614746,2,False,True,True,58.07050584744729,False,0.05337430536746981,UNRANKED,,False,,,
2020-10-01,2020-10-02,2020-10-05,T,XLC,14.565678419627876,14.94880199432373,14.747484847719742,1,take_profit,LONG,LONG,0.5046135485172272,0.5076279044151306,0.5015991926193237,0.45152132546764717,0.4346308410167694,50.46135485172272,0.5102553367614746,2,False,True,True,58.07050584744729,False,0.0839535892009734,UNRANKED,,False,,,
2020-10-02,2020-10-05,2020-10-08,T,XLC,14.679034693469944,14.848509788513184,14.86452012459613,3,take_profit,LONG,LONG,0.5307568907737732,0.5578100085258484,0.503703773021698,0.46683538947869097,0.3781715929508209,53.07568907737732,0.5102553367614746,1,True,True,False,58.07050584744729,False,-0.11532607674598697,UNRANKED,,False,,,
2020-10-05,2020-10-06,2020-10-08,T,XLC,14.812995113991175,14.64792537689209,14.99774321863159,2,stop_loss,SHORT,SHORT,0.4899078905582428,0.4761120080947876,0.503703773021698,0.4419485029824634,0.527923583984375,51.00921094417572,0.5102553367614746,2,False,True,True,58.07050584744729,False,-0.3627382218837737,UNRANKED,,False,,,
2020-10-06,2020-10-07,2020-10-08,T,XLC,14.90058112504877,14.510682106018066,15.079440018307002,1,take_profit,LONG,LONG,0.5087559819221497,0.5138081908226013,0.503703773021698,0.4534030051107738,0.40262097120285034,50.875598192214966,0.5102553367614746,2,False,True,True,58.07050584744729,False,-0.08532577753067022,UNRANKED,,False,,,
2020-10-07,2020-10-08,2020-10-13,T,XLC,14.948802358271603,14.489569664001465,14.77583240391718,3,stop_loss,LONG,LONG,0.5043807625770569,0.5080608129501343,0.5007007122039795,0.45165308637296386,0.3672248423099518,50.43807625770569,0.5102553367614746,2,False,True,True,58.07050584744729,False,-0.08561205863952649,UNRANKED,,False,,,
2020-10-08,2020-10-09,2020-10-12,T,XLC,15.112436137707803,14.426224708557129,14.912181833639375,1,stop_loss,LONG,LONG,0.5235509276390076,0.5304283499717712,0.5166735053062439,0.45846971996372615,0.3878477215766907,52.35509276390076,0.5102553367614746,1,True,True,False,58.07050584744729,False,0.1782438158988953,UNRANKED,,False,,,
2020-10-09,2020-10-12,2020-10-13,T,XLC,14.93824490109307,14.188693046569824,14.738203402636387,1,take_profit,SHORT,SHORT,0.49759434163570404,0.502073347568512,0.4931153357028961,0.44983133886609755,0.471253901720047,50.240565836429596,0.5102553367614746,2,False,True,True,58.07050584744729,False,0.10650447010993941,UNRANKED,,False,,,
2020-10-12,2020-10-13,2020-10-14,T,XLC,14.78516605217915,14.125351905822754,14.57962975478971,1,stop_loss,LONG,LONG,0.5040652006864548,0.5150150656700134,0.4931153357028961,0.4537706131702687,0.4175386130809784,50.40652006864548,0.5102553367614746,2,False,True,True,58.07050584744729,False,0.2639619410037995,UNRANKED,,False,,,
2020-10-13,2020-10-14,2020-10-16,T,XLC,14.626809333850192,14.104233741760254,14.439725817048085,2,stop_loss,LONG,LONG,0.5026675313711166,0.49838969111442566,0.5069453716278076,0.44871121376987094,0.4580196440219879,50.266753137111664,0.5102553367614746,2,False,True,True,58.07050584744729,False,0.33646005392074596,UNRANKED,,False,,,
2020-10-14,2020-10-15,2020-10-19,T,XLC,14.415670628333974,14.927685737609863,14.22149422692319,2,stop_loss,LONG,LONG,0.5007240176200867,0.5001360774040222,0.5013119578361511,0.4492421902139739,0.4235655963420868,50.07240176200867,0.5102553367614746,2,False,True,True,58.07050584744729,False,0.332680732011795,UNRANKED,,False,,,
2020-10-15,2020-10-16,2020-10-19,T,XLC,14.505402419057978,14.684874534606934,14.308209954501965,1,stop_loss,LONG,LONG,0.5036260485649109,0.5099799036979675,0.49727219343185425,0.4522372660404639,0.41012415289878845,50.36260485649109,0.5102553367614746,2,False,True,True,58.07050584744729,False,0.258713811635971,UNRANKED,,False,,,
2020-10-16,2020-10-19,2020-10-20,T,XLC,14.484291845896688,14.452621459960938,14.303076014685054,1,stop_loss,LONG,LONG,0.5036862790584564,0.5101003646850586,0.49727219343185425,0.4522739393018951,0.34877073764801025,50.36862790584564,0.5102553367614746,2,False,True,True,58.07050584744729,False,0.1776556074619292,UNRANKED,,False,,,
2020-10-19,2020-10-20,2020-10-22,T,XLC,14.246759190255146,14.209808349609375,14.456019449610963,2,take_profit,LONG,LONG,0.5061502754688263,0.5150283575057983,0.49727219343185425,0.4537746620785646,0.3344949781894684,50.61502754688263,0.5102553367614746,2,False,True,True,58.07050584744729,False,0.3017776906490326,UNRANKED,,False,,,
2020-10-20,2020-10-21,2020-10-22,T,XLC,14.130625867405715,13.988113403320312,14.333477707833659,1,take_profit,LONG,LONG,0.5084580779075623,0.5156041979789734,0.5013119578361511,0.4539500782696991,0.34748122096061707,50.845807790756226,0.5102553367614746,2,False,True,True,58.07050584744729,False,0.2748438417911529,UNRANKED,,False,,,
2020-10-21,2020-10-22,2020-10-26,T,XLC,14.690151252303531,14.125351905822754,14.485754187004634,2,take_profit,SHORT,SHORT,0.4979832172393799,0.49465447664260864,0.5013119578361511,0.4475759419909098,0.4700135290622711,50.20167827606201,0.5102553367614746,2,False,True,True,58.07050584744729,False,0.1119620501995087,UNRANKED,,False,,,
2020-10-22,2020-10-23,2020-10-26,T,XLC,14.96463723696699,14.262591361999512,14.656587898762469,1,take_profit,SHORT,SHORT,0.4951784014701843,0.48965609073638916,0.5007007122039795,0.4460576016937087,0.5342533588409424,50.48215985298157,0.5102553367614746,2,False,True,True,58.07050584744729,False,-0.022398203611373978,UNRANKED,,False,,,
2020-10-23,2020-10-26,2020-10-27,T,XLC,14.584584797364966,14.43150806427002,14.242583291104504,1,take_profit,SHORT,SHORT,0.4935411512851715,0.500209391117096,0.48687291145324707,0.4492644832705794,0.4338914453983307,50.64588487148285,0.5102553367614746,2,False,True,True,58.07050584744729,False,-0.2143535912036895,UNRANKED,,False,,,
2020-10-26,2020-10-27,2020-10-28,T,XLC,14.378721193830136,14.494848251342773,14.006484669520706,1,stop_loss,LONG,LONG,0.500540018081665,0.500209391117096,0.5008706450462341,0.4492644832705794,0.3639589250087738,50.054001808166504,0.5102553367614746,2,False,True,True,58.07050584744729,False,0.3192922770977021,UNRANKED,,False,,,
2020-10-27,2020-10-28,2020-11-03,T,XLC,14.093683290833821,14.273152351379395,14.493983316773763,4,take_profit,LONG,LONG,0.5047014504671097,0.4789300858974457,0.5304728150367737,0.442802835685901,0.3854018747806549,50.47014504671097,0.5102553367614746,2,False,True,True,58.07050584744729,False,0.7334986627101896,UNRANKED,,False,,,
2020-10-28,2020-10-29,2020-11-02,T,XLC,13.988111206905106,14.52124309539795,14.382492593798242,2,take_profit,LONG,LONG,0.530561089515686,0.5131255388259888,0.5479966402053833,0.45319509518995793,0.40436193346977234,53.0561089515686,0.5102553367614746,1,True,True,False,58.07050584744729,False,1.107024997472763,UNRANKED,,False,,,
2020-10-29,2020-10-30,2020-11-05,T,XLC,14.114793302778656,14.484292030334473,14.506912029236524,4,take_profit,LONG,LONG,0.5113378763198853,0.5121514201164246,0.510524332523346,0.4528984438471808,0.3953438401222229,51.133787631988525,0.5102553367614746,1,True,True,False,58.07050584744729,False,0.8301255404949189,UNRANKED,,False,,,
2020-10-30,2020-11-02,2020-11-09,T,XLC,14.463178892105079,14.938247680664062,14.86057579718669,5,take_profit,LONG,LONG,0.5265914499759674,0.5426585674285889,0.510524332523346,0.4622036983494597,0.3852607011795044,52.65914499759674,0.5102553367614746,1,True,True,False,58.07050584744729,False,0.26180222630500793,UNRANKED,,False,,,
2020-11-02,2020-11-03,2020-11-09,T,XLC,14.52124171603401,15.228562355041504,14.914114662636969,4,take_profit,LONG,LONG,0.5139851570129395,0.5146196484565735,0.5133506655693054,0.4536501654868361,0.38655605912208557,51.398515701293945,0.5102553367614746,1,True,True,False,58.07050584744729,False,0.5604372918605804,UNRANKED,,False,,,
2020-11-03,2020-11-04,2020-11-09,T,XLC,14.362887481282124,15.1652250289917,14.7452028444849,3,take_profit,LONG,LONG,0.5133139491081238,0.5207357406616211,0.5058921575546265,0.4555137814204102,0.4098089039325714,51.33139491081238,0.5102553367614746,1,True,True,False,58.07050584744729,False,0.5303966999053954,UNRANKED,,False,,,
2020-11-04,2020-11-05,2020-11-09,T,XLC,14.352330237342171,15.012145042419434,14.76330038025163,2,take_profit,LONG,LONG,0.5139270722866058,0.5009998083114624,0.5268543362617493,0.4495048443459045,0.4059174060821533,51.39270722866058,0.5102553367614746,1,True,True,False,58.07050584744729,False,0.41593313217163086,UNRANKED,,False,,,
2020-11-05,2020-11-06,2020-11-10,T,XLC,14.51068416171608,15.26024055480957,14.948046560136142,2,take_profit,LONG,LONG,0.5139270722866058,0.5009998083114624,0.5268543362617493,0.4495048443459045,0.40543243288993835,51.39270722866058,0.5102553367614746,1,True,True,False,58.07050584744729,False,0.3941605389118194,UNRANKED,,False,,,
2020-11-06,2020-11-09,2020-11-16,T,XLC,14.90657685062616,15.291908264160156,15.291908264160156,5,time_exit,LONG,LONG,0.5094678103923798,0.4998205304145813,0.5191150903701782,0.4491462417769639,0.5186100602149963,50.946781039237976,0.5102553367614746,2,False,True,True,58.07050584744729,False,0.08369323611259455,UNRANKED,,False,,,
2020-11-09,2020-11-10,2020-11-17,T,XLC,15.07020691506303,15.323580741882324,15.323580741882324,5,time_exit,LONG,LONG,0.5216102600097656,0.5171683430671692,0.5260521769523621,0.45442661568972875,0.37432071566581726,52.16102600097656,0.5102553367614746,1,True,True,False,58.07050584744729,False,0.8294771909713745,UNRANKED,,False,,,
2020-11-10,2020-11-11,2020-11-18,T,XLC,15.291909683635549,15.107158660888672,15.107158660888672,5,time_exit,LONG,LONG,0.5089894980192184,0.49754849076271057,0.5204305052757263,0.44845549436854887,0.3753822147846222,50.898949801921844,0.5102553367614746,2,False,True,True,58.07050584744729,False,0.7632944285869598,UNRANKED,,False,,,
2020-11-11,2020-11-12,2020-11-19,T,XLC,15.043815866088204,14.927685737609863,14.927685737609863,5,time_exit,SHORT,SHORT,0.49746567010879517,0.4984191656112671,0.49651217460632324,0.4487201743165341,0.5487897396087646,50.25343298912048,0.5102553367614746,2,False,True,True,58.07050584744729,False,-0.13076892495155348,UNRANKED,,False,,,
2020-11-12,2020-11-13,2020-11-20,T,XLC,15.080771591461636,14.94880199432373,14.94880199432373,5,time_exit,LONG,LONG,0.5031655877828598,0.5158931016921997,0.4904380738735199,0.45403809026803515,0.3688063323497772,50.31655877828598,0.5102553367614746,2,False,True,True,58.07050584744729,False,0.2358908355236054,UNRANKED,,False,,,
2020-11-13,2020-11-16,2020-11-19,T,XLC,15.36580730592516,15.107158660888672,14.981983911149769,3,take_profit,SHORT,SHORT,0.4985980838537216,0.4963255226612091,0.5008706450462341,0.4480837687155481,0.5458021759986877,50.14019161462784,0.5102553367614746,2,False,True,True,58.07050584744729,False,0.17957815527915943,UNRANKED,,False,,,
2020-11-16,2020-11-17,2020-11-24,T,XLC,15.191617391374129,15.42914867401123,15.42914867401123,5,time_exit,LONG,LONG,0.5110940635204315,0.5055146217346191,0.5166735053062439,0.4508782204425405,0.3930795192718506,51.10940635204315,0.5102553367614746,1,True,True,False,58.07050584744729,False,0.17325896024703988,UNRANKED,,False,,,
2020-11-17,2020-11-18,2020-11-19,T,XLC,15.334135802595208,15.30246639251709,15.00762210347237,1,take_profit,SHORT,SHORT,0.4926060438156128,0.49209675192832947,0.4931153357028961,0.446798867921144,0.5307390689849854,50.73939561843872,0.5102553367614746,2,False,True,True,58.07050584744729,False,-0.4230521917343141,UNRANKED,,False,,,
2020-11-18,2020-11-19,2020-11-24,T,XLC,15.04909299287926,15.323580741882324,15.386918631786555,3,stop_loss,SHORT,SHORT,0.4947700947523117,0.4886695444583893,0.5008706450462341,0.4457580403459743,0.5510009527206421,50.52299052476883,0.5102553367614746,2,False,True,True,58.07050584744729,False,0.04372096061706545,UNRANKED,,False,,,
2020-11-19,2020-11-20,2020-11-24,T,XLC,14.896016399779544,15.175780296325684,15.23987539112999,2,stop_loss,SHORT,SHORT,0.4923210144042969,0.49152669310569763,0.4931153357028961,0.44662571101856435,0.5474076271057129,50.76789855957031,0.5102553367614746,2,False,True,True,58.07050584744729,False,-0.25683093070983887,UNRANKED,,False,,,
2020-11-20,2020-11-23,2020-11-24,T,XLC,14.985752716767657,15.239119529724121,15.308497358752868,1,stop_loss,SHORT,SHORT,0.49740220606327057,0.501689076423645,0.4931153357028961,0.44971446585022473,0.549601137638092,50.25977939367294,0.5102553367614746,2,False,True,True,58.07050584744729,False,0.11241334676742555,UNRANKED,,False,,,
2020-11-23,2020-11-24,2020-12-02,T,XLC,15.270791887278678,15.35525131225586,15.35525131225586,5,time_exit,SHORT,SHORT,0.49740220606327057,0.501689076423645,0.4931153357028961,0.44971446585022473,0.5957823395729065,50.25977939367294,0.5102553367614746,2,False,True,True,58.07050584744729,False,0.4061937630176544,UNRANKED,,False,,,
2020-11-24,2020-11-25,2020-12-03,T,XLC,15.455544523215359,15.42914867401123,15.42914867401123,5,time_exit,SHORT,SHORT,0.4859487861394882,0.4710269272327423,0.5008706450462341,0.44040777459539243,0.686014711856842,51.40512138605118,0.5102553367614746,1,True,False,True,58.07050584744729,False,0.4605379700660706,UNRANKED,,False,,,
2020-11-25,2020-11-27,2020-12-04,T,XLC,15.344695517805329,15.592779159545898,15.592779159545898,5,time_exit,SHORT,SHORT,0.48794253170490265,0.4827697277069092,0.4931153357028961,0.44396741117979766,0.6392134428024292,51.205746829509735,0.5102553367614746,1,True,False,True,58.07050584744729,False,0.3829341828823089,UNRANKED,,False,,,
2020-11-27,2020-11-30,2020-12-04,T,XLC,15.239121948295297,15.64556884765625,15.57016164948461,4,stop_loss,SHORT,SHORT,0.49236227571964264,0.48385390639305115,0.5008706450462341,0.4442963580678168,0.6256552338600159,50.763772428035736,0.5102553367614746,2,False,True,True,58.07050584744729,False,0.38393911719322193,UNRANKED,,False,,,
2020-11-30,2020-12-01,2020-12-04,T,XLC,15.212727401092648,16.263158798217773,15.500030644457254,3,take_profit,LONG,LONG,0.5061714947223663,0.5114723443984985,0.5008706450462341,0.45269166262371485,0.37554609775543213,50.61714947223663,0.5102553367614746,2,False,True,True,58.07050584744729,False,0.05736097693443305,UNRANKED,,False,,,
2020-12-01,2020-12-02,2020-12-04,T,XLC,15.212731909207585,16.606264114379883,15.467610089575192,2,stop_loss,SHORT,SHORT,0.4883866012096405,0.48026102781295776,0.49651217460632324,0.44320644404010373,0.6258773803710938,51.16133987903595,0.5102553367614746,1,True,False,True,58.07050584744729,False,0.3226214051246644,UNRANKED,,False,,,
2020-12-02,2020-12-03,2020-12-04,T,XLC,15.323577482856196,16.19981575012207,15.585997728435506,1,take_profit,LONG,LONG,0.5083615183830261,0.5154110789299011,0.5013119578361511,0.453891247839054,0.48035240173339844,50.83615183830261,0.5102553367614746,2,False,True,True,58.07050584744729,False,0.38181638717651367,UNRANKED,,False,,,
2020-12-03,2020-12-04,2020-12-08,T,XLC,15.503044068034134,16.36872673034668,15.754152510068174,2,take_profit,LONG,LONG,0.5063416361808777,0.5154110789299011,0.49727219343185425,0.453891247839054,0.3781527578830719,50.63416361808777,0.5102553367614746,2,False,True,True,58.07050584744729,False,0.13718709349632266,UNRANKED,,False,,,
2020-12-04,2020-12-07,2020-12-08,T,XLC,15.719467883700844,16.12591552734375,15.95850989332696,1,stop_loss,SHORT,SHORT,0.49755391478538513,0.497835636138916,0.49727219343185425,0.44854278162670747,0.4805019497871399,50.24460852146149,0.5102553367614746,2,False,True,True,58.07050584744729,False,0.14524164795875544,UNRANKED,,False,,,
2020-12-07,2020-12-08,2020-12-09,T,XLC,15.566392584187234,16.141748428344727,15.80845201935046,1,take_profit,LONG,LONG,0.5102324783802032,0.5264392495155334,0.49402570724487305,0.457252804780193,0.3101691007614136,51.023247838020325,0.5102553367614746,2,False,True,True,58.07050584744729,False,0.2521017193794251,UNRANKED,,False,,,
2020-12-08,2020-12-09,2020-12-16,T,XLC,16.36345086516896,15.988675117492676,16.03768893388583,5,stop_loss,LONG,LONG,0.5127527117729187,0.5241934657096863,0.5013119578361511,0.45656792930091317,0.31861597299575806,51.27527117729187,0.5102553367614746,1,True,True,False,58.07050584744729,False,0.2539176642894745,UNRANKED,,False,,,
2020-12-09,2020-12-10,2020-12-16,T,XLC,16.40039943739786,15.635011672973633,16.05653990109066,4,stop_loss,LONG,LONG,0.5259140729904175,0.5448827743530273,0.5069453716278076,0.46288323398186265,0.39614760875701904,52.59140729904175,0.5102553367614746,1,True,True,False,58.07050584744729,False,-0.019000411033630316,UNRANKED,,False,,,
2020-12-10,2020-12-11,2020-12-17,T,XLC,16.062571874597165,15.518888473510742,15.686287275292965,4,take_profit,SHORT,SHORT,0.49584801495075226,0.4985806941986084,0.4931153357028961,0.4487692812400635,0.6129089593887329,50.415198504924774,0.5102553367614746,2,False,True,True,58.07050584744729,False,0.1455972194671631,UNRANKED,,False,,,
2020-12-11,2020-12-14,2020-12-16,T,XLC,16.484854660781533,15.313016891479492,16.08745652954723,2,stop_loss,LONG,LONG,0.5007257908582687,0.5083362460136414,0.4931153357028961,0.45173692125911385,0.3658977448940277,50.072579085826874,0.5102553367614746,2,False,True,True,58.07050584744729,False,0.04970085620880117,UNRANKED,,False,,,
2020-12-14,2020-12-15,2020-12-17,T,XLC,16.17341924767615,14.99102783203125,15.76395618266499,2,stop_loss,LONG,LONG,0.5076408088207245,0.5083362460136414,0.5069453716278076,0.45173692125911385,0.39685359597206116,50.76408088207245,0.5102553367614746,2,False,True,True,58.07050584744729,False,0.09898141026496886,UNRANKED,,False,,,
2020-12-15,2020-12-16,2020-12-17,T,XLC,16.115359765534862,15.175780296325684,15.749633430826785,1,take_profit,SHORT,SHORT,0.4966834634542465,0.4864215552806854,0.5069453716278076,0.4450755937560656,0.5025686025619507,50.33165365457535,0.5102553367614746,2,False,True,True,58.07050584744729,False,0.2748445272445679,UNRANKED,,False,,,
2020-12-16,2020-12-17,2020-12-21,T,XLC,15.856710117107204,15.144109725952148,15.487213635347995,2,take_profit,SHORT,SHORT,0.4983205795288086,0.49532920122146606,0.5013119578361511,0.4477809760082121,0.511352002620697,50.16794204711914,0.5102553367614746,2,False,True,True,58.07050584744729,False,0.11115181446075435,UNRANKED,,False,,,
2020-12-17,2020-12-18,2020-12-22,T,XLC,15.582231473934876,15.070209503173828,15.165227978582267,2,take_profit,SHORT,SHORT,0.49191124737262726,0.48655030131340027,0.49727219343185425,0.4451146730268947,0.5646948218345642,50.808875262737274,0.5102553367614746,2,False,True,True,58.07050584744729,False,-0.027785956859588574,UNRANKED,,False,,,
2020-12-18,2020-12-21,2020-12-29,T,XLC,15.29718214922339,15.064929962158203,15.064929962158203,5,time_exit,SHORT,SHORT,0.49648629128932953,0.4957003891468048,0.49727219343185425,0.4478937794623269,0.5215387344360352,50.35137087106705,0.5102553367614746,2,False,True,True,58.07050584744729,False,0.05997526645660388,UNRANKED,,False,,,
2020-12-21,2020-12-22,2020-12-30,T,XLC,15.307738683191612,15.038540840148926,15.038540840148926,5,time_exit,LONG,LONG,0.5018575191497803,0.5064428448677063,0.49727219343185425,0.45116067320154113,0.4177715480327606,50.18575191497803,0.5102553367614746,2,False,True,True,58.07050584744729,False,-0.030353546142578014,UNRANKED,,False,,,
2020-12-22,2020-12-23,2020-12-31,T,XLC,15.043816966218447,15.181057929992676,15.181057929992676,5,time_exit,LONG,LONG,0.5006884187459946,0.5103487372398376,0.4910281002521515,0.45234955572223384,0.45921021699905396,50.06884187459946,0.5102553367614746,2,False,True,True,58.07050584744729,False,0.11656421422958389,UNRANKED,,False,,,
2020-12-23,2020-12-24,2021-01-04,T,XLC,15.165224500825838,15.54000186920166,15.54000186920166,5,time_exit,LONG,LONG,0.5009311884641647,0.510834276676178,0.4910281002521515,0.4524973833730418,0.41208311915397644,50.09311884641647,0.5102553367614746,2,False,True,True,58.07050584744729,False,0.12880402803421018,UNRANKED,,False,,,
2020-12-24,2020-12-28,2021-01-05,T,XLC,15.270793183794384,15.444984436035156,15.444984436035156,5,time_exit,SHORT,SHORT,0.4954402595758438,0.4953777492046356,0.495502769947052,0.4477957293622927,0.5448196530342102,50.45597404241562,0.5102553367614746,2,False,True,True,58.07050584744729,False,0.05620548129081733,UNRANKED,,False,,,
2020-12-28,2020-12-29,2021-01-06,T,XLC,15.144107691289815,15.745857238769531,15.606356629714062,5,stop_loss,SHORT,SHORT,0.4956323802471161,0.503481924533844,0.4877828359603882,0.45025979362066837,0.5374456644058228,50.43676197528839,0.5102553367614746,2,False,True,True,58.07050584744729,False,0.12203413248062121,UNRANKED,,False,,,
2020-12-29,2020-12-30,2021-01-04,T,XLC,15.06493297747421,15.788091659545898,15.439709000249044,2,stop_loss,SHORT,SHORT,0.4932311624288559,0.4986794888973236,0.4877828359603882,0.4487993166865589,0.4934036433696747,50.67688375711441,0.5102553367614746,2,False,True,True,58.07050584744729,False,0.14963826537132252,UNRANKED,,False,,,
2020-12-30,2020-12-31,2021-01-04,T,XLC,15.01742377095256,15.67921257019043,15.346954623134131,1,stop_loss,SHORT,SHORT,0.49694980680942535,0.5016430616378784,0.4922565519809723,0.4497004711905881,0.4876520335674286,50.305019319057465,0.5102553367614746,2,False,True,True,58.07050584744729,False,0.08679494261741635,UNRANKED,,False,,,
2020-12-31,2021-01-04,2021-01-11,T,XLC,15.513609730027147,15.598161697387695,15.598161697387695,5,time_exit,SHORT,SHORT,0.4908381402492523,0.48941972851753235,0.4922565519809723,0.44598582755007804,0.5021897554397583,50.91618597507477,0.5102553367614746,2,False,True,True,58.07050584744729,False,0.14193680882453907,UNRANKED,,False,,,
2021-01-04,2021-01-05,2021-01-12,T,XLC,15.571670406959852,15.533332824707031,15.533332824707031,5,time_exit,SHORT,SHORT,0.49310630559921265,0.4907098412513733,0.495502769947052,0.4463776126502462,0.5839585661888123,50.689369440078735,0.5102553367614746,2,False,True,True,58.07050584744729,False,0.2518156468868256,UNRANKED,,False,,,
2021-01-05,2021-01-06,2021-01-13,T,XLC,15.524160169734339,15.457694053649902,15.457694053649902,5,time_exit,SHORT,SHORT,0.48701611161231995,0.4789651930332184,0.4950670301914215,0.4428134809631981,0.5607462525367737,51.298388838768005,0.5102553367614746,1,True,False,True,58.07050584744729,False,0.3025317192077637,UNRANKED,,False,,,
2021-01-06,2021-01-07,2021-01-13,T,XLC,15.846155962207732,15.825088500976562,15.507575421959405,4,take_profit,SHORT,SHORT,0.4931204915046692,0.46973717212677,0.5165038108825684,0.44001717300184906,0.6357151865959167,50.68795084953308,0.5102553367614746,2,False,True,True,58.07050584744729,False,0.4027660191059112,UNRANKED,,False,,,
2021-01-07,2021-01-08,2021-01-15,T,XLC,15.744047972747111,15.760252952575684,15.760252952575684,5,time_exit,LONG,LONG,0.5144434422254562,0.4984140694141388,0.5304728150367737,0.44871862501842125,0.3898428976535797,51.444344222545624,0.5102553367614746,1,True,True,False,58.07050584744729,False,0.449597418308258,UNRANKED,,False,,,
2021-01-08,2021-01-11,2021-01-14,T,XLC,15.527924629742527,15.641389846801758,15.815701849242387,3,take_profit,LONG,LONG,0.507411003112793,0.5321338772773743,0.48268812894821167,0.45899016029529977,0.42952826619148254,50.7411003112793,0.5102553367614746,2,False,True,True,58.07050584744729,False,0.1526070833206176,UNRANKED,,False,,,
2021-01-11,2021-01-12,2021-01-20,T,XLC,15.5981668525131,15.646793365478516,15.646793365478516,5,time_exit,SHORT,SHORT,0.4917605072259903,0.4904056787490845,0.4931153357028961,0.4462852376976676,0.5140039920806885,50.82394927740097,0.5102553367614746,2,False,True,True,58.07050584744729,False,-0.08585768938064584,UNRANKED,,False,,,
2021-01-12,2021-01-13,2021-01-14,T,XLC,15.554946477053333,15.576554298400879,15.817564405694515,1,stop_loss,SHORT,SHORT,0.4962123781442642,0.4993094205856323,0.4931153357028961,0.4489908365399275,0.45098257064819336,50.37876218557358,0.5102553367614746,2,False,True,True,58.07050584744729,False,-0.005342841148376493,UNRANKED,,False,,,
2021-01-13,2021-01-14,2021-01-15,T,XLC,15.479303384800238,15.630581855773926,15.706728415099834,1,stop_loss,SHORT,SHORT,0.496425598859787,0.49973586201667786,0.4931153357028961,0.4491204972837081,0.43586403131484985,50.3574401140213,0.5102553367614746,2,False,True,True,58.07050584744729,False,-0.14759114384651184,UNRANKED,,False,,,
2021-01-14,2021-01-15,2021-01-25,T,XLC,15.641389661175964,15.727835655212402,15.727835655212402,5,time_exit,SHORT,SHORT,0.4918994903564453,0.4906836450099945,0.4931153357028961,0.44636965663695655,0.4691445231437683,50.81005096435547,0.5102553367614746,2,False,True,True,58.07050584744729,False,-0.0014204680919647356,UNRANKED,,False,,,
2021-01-15,2021-01-19,2021-01-26,T,XLC,15.819685468222195,16.073623657226562,16.073623657226562,5,time_exit,SHORT,SHORT,0.49945999681949615,0.5058046579360962,0.4931153357028961,0.45096647333581846,0.5325111746788025,50.054000318050385,0.5102553367614746,2,False,True,True,58.07050584744729,False,-0.083895355463028,UNRANKED,,False,,,
2021-01-19,2021-01-20,2021-01-26,T,XLC,15.668404253705283,15.744041442871094,15.933082118869903,4,stop_loss,SHORT,SHORT,0.49305523931980133,0.49299514293670654,0.4931153357028961,0.44707178279466775,0.5131717324256897,50.69447606801987,0.5102553367614746,2,False,True,True,58.07050584744729,False,-0.10963770747184744,UNRANKED,,False,,,
2021-01-20,2021-01-21,2021-01-26,T,XLC,15.619777437570464,15.560346603393555,15.884473013829533,3,stop_loss,SHORT,SHORT,0.4945349395275116,0.4910046458244324,0.4980652332305908,0.44646714910927027,0.48446395993232727,50.54650604724884,0.5102553367614746,2,False,True,True,58.07050584744729,False,-0.021827638149261516,UNRANKED,,False,,,
2021-01-21,2021-01-22,2021-01-26,T,XLC,15.565747836307793,15.46849536895752,15.83670769043377,2,stop_loss,SHORT,SHORT,0.4967755675315857,0.49548590183258057,0.4980652332305908,0.44782859643421674,0.44329163432121277,50.32244324684143,0.5102553367614746,2,False,True,True,58.07050584744729,False,-0.13204365968704224,UNRANKED,,False,,,
2021-01-22,2021-01-25,2021-01-26,T,XLC,15.538733913448933,15.479301452636719,15.79705240579338,1,stop_loss,SHORT,SHORT,0.49844999611377716,0.4996277987957001,0.49727219343185425,0.4490876396957081,0.5244646668434143,50.155000388622284,0.5102553367614746,2,False,True,True,58.07050584744729,False,-0.11521574854850783,UNRANKED,,False,,,
2021-01-25,2021-01-26,2021-01-29,T,XLC,15.722434090037092,15.419868469238281,15.501499903374146,3,stop_loss,LONG,LONG,0.5092905759811401,0.521308958530426,0.49727219343185425,0.4556885095962265,0.5406938791275024,50.929057598114014,0.5102553367614746,2,False,True,True,58.07050584744729,False,-0.26200065016746515,UNRANKED,,False,,,
2021-01-26,2021-01-27,2021-02-02,T,XLC,15.69001219055096,15.40365982055664,15.433253636909777,4,stop_loss,LONG,LONG,0.5046664327383041,0.5183047652244568,0.4910281002521515,0.4547728941023231,0.49926841259002686,50.466643273830414,0.5102553367614746,2,False,True,True,58.07050584744729,False,-0.30712351202964777,UNRANKED,,False,,,
2021-01-27,2021-01-28,2021-02-02,T,XLC,15.684612958988481,15.60897445678711,15.423753060829998,3,take_profit,SHORT,SHORT,0.4814683049917221,0.4732154607772827,0.4897211492061615,0.4410707393297105,0.6031203866004944,51.85316950082779,0.5102553367614746,1,True,False,True,58.07050584744729,False,0.13162454962730408,UNRANKED,,False,,,
2021-01-28,2021-01-29,2021-02-05,T,XLC,15.54953857510868,15.630581855773926,15.630581855773926,5,time_exit,SHORT,SHORT,0.49010641872882843,0.4713928997516632,0.5088199377059937,0.44051862262424873,0.5552527904510498,50.98935812711716,0.5102553367614746,2,False,True,True,58.07050584744729,False,0.23171868920326238,UNRANKED,,False,,,
2021-01-29,2021-02-01,2021-02-08,T,XLC,15.635984802192834,15.544136047363281,15.544136047363281,5,time_exit,SHORT,SHORT,0.47246377170085907,0.47472304105758667,0.47020450234413147,0.4415275477017333,0.5728827714920044,52.75362282991409,0.5102553367614746,1,True,False,True,58.07050584744729,False,-0.19475525617599476,UNRANKED,,False,,,
2021-02-01,2021-02-02,2021-02-09,T,XLC,15.549537866049144,15.463095664978027,15.463095664978027,5,time_exit,SHORT,SHORT,0.4893497824668884,0.4776747226715088,0.5010248422622681,0.44242221577575813,0.5226069688796997,51.06502175331116,0.5102553367614746,1,True,False,True,58.07050584744729,False,0.04702976346015932,UNRANKED,,False,,,
2021-02-02,2021-02-03,2021-02-10,T,XLC,15.403659820556642,15.425272941589355,15.425272941589355,5,time_exit,SHORT,SHORT,0.4877360463142395,0.47444725036621094,0.5010248422622681,0.4414439735897966,0.5118958353996277,51.22639536857605,0.5102553367614746,1,True,False,True,58.07050584744729,False,0.26850432157516474,UNRANKED,,False,,,
2021-02-03,2021-02-04,2021-02-11,T,XLC,15.409066562565759,15.500908851623535,15.500908851623535,5,time_exit,SHORT,SHORT,0.49719731509685516,0.4855746924877167,0.5088199377059937,0.44481855594662056,0.4507524073123932,50.280268490314484,0.5102553367614746,2,False,True,True,58.07050584744729,False,0.07518422603607182,UNRANKED,,False,,,
2021-02-04,2021-02-05,2021-02-12,T,XLC,15.657597167559553,15.560346603393555,15.560346603393555,5,time_exit,SHORT,SHORT,0.49140654504299164,0.48774605989456177,0.4950670301914215,0.4454776631659109,0.48925456404685974,50.859345495700836,0.5102553367614746,2,False,True,True,58.07050584744729,False,-0.1261243522167205,UNRANKED,,False,,,
2021-02-05,2021-02-08,2021-02-16,T,XLC,15.652194568887577,15.65219783782959,15.65219783782959,5,time_exit,SHORT,SHORT,0.4828725755214691,0.4706781208515167,0.4950670301914215,0.44030213148312786,0.5197266936302185,51.71274244785309,0.5102553367614746,1,True,False,True,58.07050584744729,False,-0.04702153801918029,UNRANKED,,False,,,
2021-02-08,2021-02-09,2021-02-17,T,XLC,15.484707918997357,15.976369857788086,15.710087317888261,5,stop_loss,SHORT,SHORT,0.49110350012779236,0.4871399700641632,0.4950670301914215,0.445293668372109,0.48978081345558167,50.889649987220764,0.5102553367614746,2,False,True,True,58.07050584744729,False,-0.26413702964782715,UNRANKED,,False,,,
2021-02-09,2021-02-10,2021-02-17,T,XLC,15.473899140390314,15.792668342590332,15.710083805525288,4,take_profit,LONG,LONG,0.5073975026607513,0.5210540294647217,0.493740975856781,0.48678823967249724,0.42153283953666687,50.739750266075134,0.5086070895195007,2,False,True,True,54.5,True,-0.16529110074043263,UNRANKED,,False,,,
2021-02-10,2021-02-11,2021-02-16,T,XLC,15.403657845015413,15.668404579162598,15.635211603909108,2,take_profit,LONG,LONG,0.5031408071517944,0.5009689331054688,0.5053126811981201,0.4744835965978128,0.40223053097724915,50.31408071517944,0.5086070895195007,2,False,True,True,54.5,True,0.28832972049713135,UNRANKED,,False,,,
2021-02-11,2021-02-12,2021-02-17,T,XLC,15.452288072365885,15.841294288635254,15.686928738782598,2,take_profit,LONG,LONG,0.5031408071517944,0.5009689331054688,0.5053126811981201,0.4744835965978128,0.44047507643699646,50.31408071517944,0.5086070895195007,2,False,True,True,54.5,True,0.3342670202255248,UNRANKED,,False,,,
2021-02-12,2021-02-16,2021-02-17,T,XLC,15.560348484674234,15.765654563903809,15.789586858566881,1,take_profit,LONG,LONG,0.5031408071517944,0.5009689331054688,0.5053126811981201,0.4744835965978128,0.39534446597099304,50.31408071517944,0.5086070895195007,2,False,True,True,54.5,True,0.2338447570800782,UNRANKED,,False,,,
2021-02-16,2021-02-17,2021-02-18,T,XLC,15.571152421072327,15.873712539672852,15.764114113882385,1,take_profit,LONG,LONG,0.503982663154602,0.502652645111084,0.5053126811981201,0.48678823967249724,0.37682241201400757,50.398266315460205,0.5086070895195007,2,False,True,True,54.5,True,0.3107561469078064,UNRANKED,,False,,,
2021-02-17,2021-02-18,2021-02-19,T,XLC,15.965560866249826,15.46849536895752,15.77337205835362,1,stop_loss,LONG,LONG,0.5002238750457764,0.4951350688934326,0.5053126811981201,0.47053993019913776,0.4532119631767273,50.02238750457764,0.5086070895195007,2,False,True,True,54.5,True,0.31591770052909857,UNRANKED,,False,,,
2021-02-18,2021-02-19,2021-02-25,T,XLC,15.825089320803281,15.068685531616211,15.63289955923276,4,stop_loss,LONG,LONG,0.5027042925357819,0.5000959038734436,0.5053126811981201,0.4744835965978128,0.39703500270843506,50.270429253578186,0.5086070895195007,2,False,True,True,54.5,True,0.34084025025367737,UNRANKED,,False,,,
2021-02-19,2021-02-22,2021-02-24,T,XLC,15.66299734142825,15.176738739013672,15.8598174642833,2,take_profit,LONG,LONG,0.5018821507692337,0.4984516203403473,0.5053126811981201,0.47053993019913776,0.44363635778427124,50.18821507692337,0.5086070895195007,2,False,True,True,54.5,True,0.3992883563041688,UNRANKED,,False,,,
2021-02-22,2021-02-23,2021-02-25,T,XLC,16.019591676545105,15.246978759765625,15.799616750005274,2,take_profit,SHORT,SHORT,0.49890443682670593,0.49249619245529175,0.5053126811981201,0.47053993019913776,0.5551077723503113,50.10955631732941,0.5086070895195007,2,False,True,True,54.5,True,0.4070343971252442,UNRANKED,,False,,,
2021-02-23,2021-02-24,2021-02-25,T,XLC,15.830489406042751,15.517122268676758,15.608199230741063,1,take_profit,SHORT,SHORT,0.48446862399578094,0.4636245667934418,0.5053126811981201,0.4057408844065167,0.611514687538147,51.553137600421906,0.5086070895195007,1,True,False,True,54.5,True,0.4048033952713012,UNRANKED,,False,,,
2021-02-24,2021-02-25,2021-02-26,T,XLC,15.754849486061948,15.6251802444458,15.519437978319203,1,take_profit,SHORT,SHORT,0.48446862399578094,0.4636245667934418,0.5053126811981201,0.4057408844065167,0.5987375974655151,51.553137600421906,0.5086070895195007,1,True,False,True,54.5,True,0.4923027753829956,UNRANKED,,False,,,
2021-02-25,2021-02-26,2021-03-01,T,XLC,15.495513939034678,16.003381729125977,15.231544926365524,1,stop_loss,LONG,LONG,0.5117708742618561,0.518229067325592,0.5053126811981201,0.48678823967249724,0.4025927186012268,51.17708742618561,0.5086070895195007,1,True,True,False,54.5,True,0.6770662665367128,UNRANKED,,False,,,
2021-02-26,2021-03-01,2021-03-04,T,XLC,15.214560176702618,16.203290939331055,15.5325581091367,3,take_profit,LONG,LONG,0.5146245658397675,0.5239364504814148,0.5053126811981201,0.48678823967249724,0.4174313247203827,51.462456583976746,0.5086070895195007,1,True,True,False,54.5,True,0.901906430721283,UNRANKED,,False,,,
2021-03-01,2021-03-02,2021-03-03,T,XLC,15.171338605406966,16.014192581176758,15.492423309124879,1,take_profit,LONG,LONG,0.5045211613178253,0.5037296414375305,0.5053126811981201,0.48678823967249724,0.42542919516563416,50.45211613178253,0.5086070895195007,2,False,True,True,54.5,True,0.434639275074005,UNRANKED,,False,,,
2021-03-02,2021-03-03,2021-03-04,T,XLC,15.225366440429948,16.203290939331055,15.544908235343103,1,take_profit,LONG,LONG,0.5016490668058395,0.49798545241355896,0.5053126811981201,0.47053993019913776,0.4575647711753845,50.164906680583954,0.5086070895195007,2,False,True,True,54.5,True,-0.35608065128326405,UNRANKED,,False,,,
2021-03-03,2021-03-04,2021-03-05,T,XLC,15.54413703038223,15.960158348083496,15.896867508941451,1,stop_loss,SHORT,SHORT,0.49008582532405853,0.47485896944999695,0.5053126811981201,0.4386503067484663,0.6172634363174438,50.99141746759415,0.5086070895195007,1,True,False,True,54.5,True,0.0847354531288147,UNRANKED,,False,,,
2021-03-04,2021-03-05,2021-03-08,T,XLC,15.673804486794806,16.10603904724121,16.031166689030435,1,stop_loss,SHORT,SHORT,0.49366508424282074,0.48201748728752136,0.5053126811981201,0.47053993019913776,0.5858036279678345,50.633491575717926,0.5086070895195007,2,False,True,True,54.5,True,0.4569214284420014,UNRANKED,,False,,,
2021-03-05,2021-03-08,2021-03-15,T,XLC,15.960161286542151,16.17087173461914,16.17087173461914,5,time_exit,SHORT,SHORT,0.4874105155467987,0.4695083498954773,0.5053126811981201,0.4057408844065167,0.6240378618240356,51.25894844532013,0.5086070895195007,1,True,False,True,54.5,True,0.16227254271507255,UNRANKED,,False,,,
2021-03-08,2021-03-09,2021-03-16,T,XLC,16.154668146191998,16.203290939331055,16.203290939331055,5,time_exit,SHORT,SHORT,0.4871780276298523,0.4690433740615845,0.5053126811981201,0.4057408844065167,0.6210015416145325,51.28219723701477,0.5086070895195007,1,True,False,True,54.5,True,-0.10654371976852413,UNRANKED,,False,,,
2021-03-09,2021-03-10,2021-03-17,T,XLC,16.17627698826891,16.289735794067383,16.289735794067383,5,time_exit,SHORT,SHORT,0.49787452816963196,0.4904363751411438,0.5053126811981201,0.47053993019913776,0.5853652954101562,50.212547183036804,0.5086070895195007,2,False,True,True,54.5,True,0.02772825956344595,UNRANKED,,False,,,
2021-03-10,2021-03-11,2021-03-18,T,XLC,16.16006482372184,16.214096069335938,16.214096069335938,5,time_exit,SHORT,SHORT,0.4888208359479904,0.4723289906978607,0.5053126811981201,0.4386503067484663,0.6146882772445679,51.11791640520096,0.5086070895195007,1,True,False,True,54.5,True,-0.642280787229538,UNRANKED,,False,,,
2021-03-11,2021-03-12,2021-03-19,T,XLC,16.154665248115855,16.079023361206055,16.079023361206055,5,time_exit,SHORT,SHORT,0.4968973249197006,0.48848196864128113,0.5053126811981201,0.47053993019913776,0.5851063132286072,50.31026750802994,0.5086070895195007,2,False,True,True,54.5,True,-0.01689308881759645,UNRANKED,,False,,,
2021-03-12,2021-03-15,2021-03-22,T,XLC,16.219497931471846,16.203290939331055,16.203290939331055,5,time_exit,SHORT,SHORT,0.4871780276298523,0.4690433740615845,0.5053126811981201,0.4057408844065167,0.6391627192497253,51.28219723701477,0.5086070895195007,1,True,False,True,54.5,True,0.2891011238098145,UNRANKED,,False,,,
2021-03-15,2021-03-16,2021-03-23,T,XLC,16.07362288270487,16.208690643310547,16.208690643310547,5,time_exit,LONG,LONG,0.5098649263381958,0.5144171714782715,0.5053126811981201,0.48678823967249724,0.4548833668231964,50.98649263381958,0.5086070895195007,1,True,True,False,54.5,True,0.3481939435005189,UNRANKED,,False,,,
2021-03-16,2021-03-17,2021-03-24,T,XLC,16.27352797061283,16.203290939331055,16.203290939331055,5,time_exit,LONG,LONG,0.508698582649231,0.5120844841003418,0.5053126811981201,0.48678823967249724,0.4231536388397217,50.869858264923096,0.5086070895195007,1,True,True,False,54.5,True,0.21945574879646293,UNRANKED,,False,,,
2021-03-17,2021-03-18,2021-03-25,T,XLC,16.2465130815008,16.251914978027344,16.251914978027344,5,time_exit,LONG,LONG,0.5014842003583908,0.4976557195186615,0.5053126811981201,0.47053993019913776,0.4497254490852356,50.14842003583908,0.5086070895195007,2,False,True,True,54.5,True,0.33193379640579224,UNRANKED,,False,,,
2021-03-18,2021-03-19,2021-03-26,T,XLC,16.214095835086315,16.376184463500977,16.376184463500977,5,time_exit,LONG,LONG,0.5083717107772827,0.5114307403564453,0.5053126811981201,0.48678823967249724,0.3424793779850006,50.83717107772827,0.5086070895195007,2,False,True,True,54.5,True,0.42722073197364807,UNRANKED,,False,,,
2021-03-19,2021-03-22,2021-03-29,T,XLC,16.08983070757821,16.511255264282227,16.4024266199666,5,take_profit,LONG,LONG,0.5086070895195007,0.5119014978408813,0.5053126811981201,0.48678823967249724,0.3992304503917694,50.86070895195007,0.5086070895195007,2,False,True,True,54.5,True,0.3777654767036437,UNRANKED,,False,,,
2021-03-22,2021-03-23,2021-03-29,T,XLC,16.181676697846818,16.603107452392578,16.501990832717073,4,take_profit,LONG,LONG,0.5056146383285522,0.5059165954589844,0.5053126811981201,0.48678823967249724,0.38543322682380676,50.561463832855225,0.5086070895195007,2,False,True,True,54.5,True,0.5115773379802704,UNRANKED,,False,,,
2021-03-23,2021-03-24,2021-03-29,T,XLC,16.197889240646525,16.354570388793945,16.48038283195512,3,stop_loss,SHORT,SHORT,0.4975050985813141,0.5012692213058472,0.493740975856781,0.4744835965978128,0.4594273567199707,50.24949014186859,0.5086070895195007,2,False,True,True,54.5,True,0.7118853330612183,UNRANKED,,False,,,
2021-03-24,2021-03-25,2021-03-29,T,XLC,16.208691843439283,16.462629318237305,16.47651996734937,2,take_profit,LONG,LONG,0.5020604431629181,0.5000959038734436,0.5040249824523926,0.4744835965978128,0.3969973623752594,50.20604431629181,0.5086070895195007,2,False,True,True,54.5,True,0.762570858001709,UNRANKED,,False,,,
2021-03-25,2021-03-26,2021-03-30,T,XLC,16.359975274615294,16.592302322387695,16.580720906241968,2,stop_loss,SHORT,SHORT,0.49609629809856415,0.4984516203403473,0.493740975856781,0.47053993019913776,0.5707221031188965,50.390370190143585,0.5086070895195007,2,False,True,True,54.5,True,0.24951303005218503,UNRANKED,,False,,,
2021-03-26,2021-03-29,2021-04-06,T,XLC,16.424808994507586,16.738176345825195,16.634748951172625,5,stop_loss,SHORT,SHORT,0.49609629809856415,0.4984516203403473,0.493740975856781,0.47053993019913776,0.5320597887039185,50.390370190143585,0.5086070895195007,2,False,True,True,54.5,True,0.4550662040710449,UNRANKED,,False,,,
2021-03-29,2021-03-30,2021-04-07,T,XLC,16.538272056704322,16.711164474487305,16.711164474487305,5,time_exit,SHORT,SHORT,0.49609629809856415,0.4984516203403473,0.493740975856781,0.47053993019913776,0.5161600708961487,50.390370190143585,0.5086070895195007,2,False,True,True,54.5,True,0.41707885265350336,UNRANKED,,False,,,
2021-03-30,2021-03-31,2021-04-08,T,XLC,16.559881300822887,16.57770347595215,16.57770347595215,5,time_exit,LONG,LONG,0.5002408921718597,0.5067408084869385,0.493740975856781,0.48678823967249724,0.4380105435848236,50.024089217185974,0.5086070895195007,2,False,True,True,54.5,True,0.01724922657012941,UNRANKED,,False,,,
2021-03-31,2021-04-01,2021-04-05,T,XLC,16.338361609681186,16.599809646606445,16.52746310133681,1,stop_loss,SHORT,SHORT,0.4944380223751068,0.4951350688934326,0.493740975856781,0.47053993019913776,0.5874475836753845,50.55619776248932,0.5086070895195007,2,False,True,True,54.5,True,0.09230545163154613,UNRANKED,,False,,,
2021-04-01,2021-04-05,2021-04-06,T,XLC,16.543676113803073,16.555593490600586,16.7273744954995,1,take_profit,LONG,LONG,0.5049253702163696,0.5161097645759583,0.493740975856781,0.48678823967249724,0.4036187529563904,50.49253702163696,0.5086070895195007,2,False,True,True,54.5,True,0.23820728063583377,UNRANKED,,False,,,
2021-04-05,2021-04-06,2021-04-13,T,XLC,16.592297760181996,16.373245239257812,16.399336476089502,5,stop_loss,LONG,LONG,0.5003869235515594,0.5070328712463379,0.493740975856781,0.48678823967249724,0.453535795211792,50.038692355155945,0.5086070895195007,2,False,True,True,54.5,True,0.1067326664924621,UNRANKED,,False,,,
2021-04-06,2021-04-07,2021-04-13,T,XLC,16.75438761641763,16.428503036499023,16.545218501078626,4,take_profit,SHORT,SHORT,0.4963831603527069,0.48874133825302124,0.5040249824523926,0.47053993019913776,0.5997111797332764,50.36168396472931,0.5086070895195007,2,False,True,True,54.5,True,0.27176362276077276,UNRANKED,,False,,,
2021-04-07,2021-04-08,2021-04-13,T,XLC,16.743481389859173,16.43955421447754,16.542802700719943,3,take_profit,SHORT,SHORT,0.4956487864255905,0.48727259039878845,0.5040249824523926,0.47053993019913776,0.594018816947937,50.43512135744095,0.5086070895195007,2,False,True,True,54.5,True,0.2561278641223907,UNRANKED,,False,,,
2021-04-08,2021-04-09,2021-04-13,T,XLC,16.605335717246618,16.550073623657227,16.396396846135428,2,take_profit,SHORT,SHORT,0.4956487864255905,0.48727259039878845,0.5040249824523926,0.47053993019913776,0.6137034296989441,50.43512135744095,0.5086070895195007,2,False,True,True,54.5,True,0.22579848766326907,UNRANKED,,False,,,
2021-04-09,2021-04-12,2021-04-13,T,XLC,16.583222433332114,16.572174072265625,16.39042163900315,1,take_profit,SHORT,SHORT,0.49196213483810425,0.4798992872238159,0.5040249824523926,0.4386503067484663,0.6313936710357666,50.803786516189575,0.5086070895195007,2,False,True,True,54.5,True,0.239739865064621,UNRANKED,,False,,,
2021-04-12,2021-04-13,2021-04-20,T,XLC,16.500340658248245,16.51691436767578,16.51691436767578,5,time_exit,SHORT,SHORT,0.4948272258043289,0.48562946915626526,0.5040249824523926,0.47053993019913776,0.6213489770889282,50.51727741956711,0.5086070895195007,2,False,True,True,54.5,True,0.10210508108139038,UNRANKED,,False,,,
2021-04-13,2021-04-14,2021-04-19,T,XLC,16.356665531149503,16.63848304748535,16.563308771941912,3,stop_loss,SHORT,SHORT,0.49196213483810425,0.4798992872238159,0.5040249824523926,0.4386503067484663,0.558072030544281,50.803786516189575,0.5086070895195007,2,False,True,True,54.5,True,0.1597118675708772,UNRANKED,,False,,,
2021-04-14,2021-04-15,2021-04-22,T,XLC,16.456131025918765,17.329219818115234,16.66989685146285,5,take_profit,LONG,LONG,0.5013297945261002,0.49863460659980774,0.5040249824523926,0.47053993019913776,0.36388924717903137,50.132979452610016,0.5086070895195007,2,False,True,True,54.5,True,-0.0166566371917724,UNRANKED,,False,,,
2021-04-15,2021-04-16,2021-04-22,T,XLC,16.527969344813055,17.35132598876953,16.73636761882603,4,take_profit,LONG,LONG,0.5013297945261002,0.49863460659980774,0.5040249824523926,0.47053993019913776,0.38831639289855957,50.132979452610016,0.5086070895195007,2,False,True,True,54.5,True,-0.01972812414169308,UNRANKED,,False,,,
2021-04-16,2021-04-19,2021-04-22,T,XLC,16.577700141164783,17.0805606842041,16.784134118564335,3,stop_loss,SHORT,SHORT,0.4961877912282944,0.49863460659980774,0.493740975856781,0.47053993019913776,0.5540932416915894,50.38122087717056,0.5086070895195007,2,False,True,True,54.5,True,0.03773128986358644,UNRANKED,,False,,,
2021-04-19,2021-04-20,2021-04-22,T,XLC,16.561121518561947,17.00319480895996,16.75141687422252,2,stop_loss,SHORT,SHORT,0.49609629809856415,0.4984516203403473,0.493740975856781,0.47053993019913776,0.5724806189537048,50.390370190143585,0.5086070895195007,2,False,True,True,54.5,True,-0.04393395781517027,UNRANKED,,False,,,
2021-04-20,2021-04-21,2021-04-22,T,XLC,16.555594817177425,17.10818862915039,16.740662675192212,1,stop_loss,SHORT,SHORT,0.49668292701244354,0.4996248781681061,0.493740975856781,0.4744835965978128,0.43229639530181885,50.331707298755646,0.5086070895195007,2,False,True,True,54.5,True,-0.1650061309337616,UNRANKED,,False,,,
2021-04-21,2021-04-22,2021-04-26,T,XLC,17.296064806631783,17.318172454833984,17.129135289158288,2,take_profit,SHORT,SHORT,0.49609629809856415,0.4984516203403473,0.493740975856781,0.47053993019913776,0.5697633028030396,50.390370190143585,0.5086070895195007,2,False,True,True,54.5,True,0.04933288693428034,UNRANKED,,False,,,
2021-04-22,2021-04-23,2021-04-26,T,XLC,17.395534539771077,17.356853485107422,17.14536533069951,1,take_profit,SHORT,SHORT,0.49609629809856415,0.4984516203403473,0.493740975856781,0.47053993019913776,0.5792459845542908,50.390370190143585,0.5086070895195007,2,False,True,True,54.5,True,-0.08309853076934824,UNRANKED,,False,,,
2021-04-23,2021-04-26,2021-04-27,T,XLC,17.340279000200596,17.406585693359375,17.105476481628468,1,take_profit,SHORT,SHORT,0.4944380223751068,0.4951350688934326,0.493740975856781,0.47053993019913776,0.6140831708908081,50.55619776248932,0.5086070895195007,2,False,True,True,54.5,True,0.14164125919342044,UNRANKED,,False,,,
2021-04-26,2021-04-27,2021-04-29,T,XLC,17.041875895604253,17.693933486938477,17.294520025766083,2,stop_loss,SHORT,SHORT,0.4944380223751068,0.4951350688934326,0.493740975856781,0.47053993019913776,0.5396645069122314,50.55619776248932,0.5086070895195007,2,False,True,True,54.5,True,0.14707294106483465,UNRANKED,,False,,,
2021-04-27,2021-04-28,2021-05-03,T,XLC,17.113714698444866,17.699459075927734,17.37355225773616,3,take_profit,LONG,LONG,0.5002238750457764,0.4951350688934326,0.5053126811981201,0.47053993019913776,0.4259970486164093,50.02238750457764,0.5086070895195007,2,False,True,True,54.5,True,0.27531749010086065,UNRANKED,,False,,,
2021-04-28,2021-04-29,2021-05-04,T,XLC,17.20212918492801,17.909440994262695,17.45790000445577,3,take_profit,LONG,LONG,0.5002238750457764,0.4951350688934326,0.5053126811981201,0.47053993019913776,0.42944636940956116,50.02238750457764,0.5086070895195007,2,False,True,True,54.5,True,0.27212113142013555,UNRANKED,,False,,,
2021-04-29,2021-04-30,2021-05-04,T,XLC,17.329224533931136,17.77129554748535,17.611835018463083,2,take_profit,LONG,LONG,0.5018821507692337,0.4984516203403473,0.5053126811981201,0.47053993019913776,0.4214526116847992,50.18821507692337,0.5086070895195007,2,False,True,True,54.5,True,0.270495131611824,UNRANKED,,False,,,
2021-04-30,2021-05-03,2021-05-06,T,XLC,17.561311439105065,18.0310115814209,17.843131191389524,3,take_profit,LONG,LONG,0.5018821507692337,0.4984516203403473,0.5053126811981201,0.47053993019913776,0.37569543719291687,50.18821507692337,0.5086070895195007,2,False,True,True,54.5,True,0.31064772605896,UNRANKED,,False,,,
2021-05-03,2021-05-04,2021-05-06,T,XLC,17.46184555847296,17.826555252075195,17.724720161744443,2,stop_loss,SHORT,SHORT,0.49925418198108673,0.4984516203403473,0.5000567436218262,0.47053993019913776,0.4119030237197876,50.07458180189133,0.5086070895195007,2,False,True,True,54.5,True,0.2078141272068024,UNRANKED,,False,,,
2021-05-04,2021-05-05,2021-05-10,T,XLC,17.68840693785494,17.666303634643555,17.98443725488898,3,take_profit,LONG,LONG,0.504970371723175,0.502652645111084,0.5072880983352661,0.48678823967249724,0.3217015862464905,50.497037172317505,0.5086070895195007,2,False,True,True,54.5,True,0.25177294015884394,UNRANKED,,False,,,
2021-05-05,2021-05-06,2021-05-10,T,XLC,17.70498343699947,17.79892349243164,18.0002243841779,2,take_profit,LONG,LONG,0.503982663154602,0.502652645111084,0.5053126811981201,0.48678823967249724,0.3646596074104309,50.398266315460205,0.5086070895195007,2,False,True,True,54.5,True,0.29571840167045593,UNRANKED,,False,,,
2021-05-06,2021-05-07,2021-05-14,T,XLC,17.793399824084975,17.81550407409668,17.81550407409668,5,time_exit,LONG,LONG,0.5002238750457764,0.4951350688934326,0.5053126811981201,0.47053993019913776,0.461384654045105,50.02238750457764,0.5086070895195007,2,False,True,True,54.5,True,0.38004815578460704,UNRANKED,,False,,,
2021-05-07,2021-05-10,2021-05-17,T,XLC,17.865233713922915,17.334753036499023,17.53920597998388,5,stop_loss,LONG,LONG,0.5002238750457764,0.4951350688934326,0.5053126811981201,0.47053993019913776,0.42038261890411377,50.02238750457764,0.5086070895195007,2,False,True,True,54.5,True,0.3260084986686706,UNRANKED,,False,,,
2021-05-10,2021-05-11,2021-05-17,T,XLC,17.95365065901987,16.32904052734375,17.598414878031452,4,stop_loss,LONG,LONG,0.5002238750457764,0.4951350688934326,0.5053126811981201,0.47053993019913776,0.4173191487789154,50.02238750457764,0.5086070895195007,2,False,True,True,54.5,True,0.37362328171730047,UNRANKED,,False,,,
2021-05-11,2021-05-12,2021-05-17,T,XLC,17.765768688503808,16.003007888793945,17.39869181472451,3,stop_loss,LONG,LONG,0.5112972259521484,0.5172817707061768,0.5053126811981201,0.48678823967249724,0.4315479099750519,51.129722595214844,0.5086070895195007,1,True,True,False,54.5,True,0.6747352182865143,UNRANKED,,False,,,
2021-05-12,2021-05-13,2021-05-18,T,XLC,17.588938474947035,16.378768920898438,17.297645194481774,3,stop_loss,LONG,LONG,0.5130932927131653,0.5172817707061768,0.5089048147201538,0.48678823967249724,0.3778269588947296,51.30932927131653,0.5086070895195007,1,True,True,False,54.5,True,1.4193103611469269,UNRANKED,,False,,,
2021-05-13,2021-05-14,2021-05-17,T,XLC,17.86523730479516,16.583227157592773,17.558156354739356,1,take_profit,SHORT,SHORT,0.4959632009267807,0.4951350688934326,0.4967913329601288,0.47053993019913776,0.45114949345588684,50.40367990732193,0.5086070895195007,2,False,True,True,54.5,True,0.5555789172649384,UNRANKED,,False,,,
2021-05-14,2021-05-17,2021-05-18,T,XLC,18.517295756765343,16.43955421447754,18.246526909981025,1,stop_loss,LONG,LONG,0.5018821507692337,0.4984516203403473,0.5053126811981201,0.47053993019913776,0.4654344916343689,50.18821507692337,0.5086070895195007,2,False,True,True,54.5,True,0.6003237664699554,UNRANKED,,False,,,
2021-05-17,2021-05-18,2021-05-19,T,XLC,16.511395276236787,16.312458038330078,16.18299997768768,1,stop_loss,LONG,LONG,0.5034126043319702,0.5015125274658203,0.5053126811981201,0.4744835965978128,0.4039517045021057,50.34126043319702,0.5086070895195007,2,False,True,True,54.5,True,0.5677665770053864,UNRANKED,,False,,,
2021-05-18,2021-05-19,2021-05-21,T,XLC,16.05274111581364,16.32904052734375,16.509810512786295,2,take_profit,LONG,LONG,0.5079878270626068,0.5040298104286194,0.5119458436965942,0.48678823967249724,0.4304443597793579,50.79878270626068,0.5086070895195007,2,False,True,True,54.5,True,0.3051441311836244,UNRANKED,,False,,,
2021-05-19,2021-05-20,2021-05-21,T,XLC,16.030636342545208,16.417449951171875,16.504284141355893,1,take_profit,LONG,LONG,0.5035041272640228,0.5016955733299255,0.5053126811981201,0.48678823967249724,0.4366525113582611,50.35041272640228,0.5086070895195007,2,False,True,True,54.5,True,0.3891505897045135,UNRANKED,,False,,,
2021-05-20,2021-05-21,2021-05-28,T,XLC,16.583227157592773,16.26272964477539,16.26272964477539,5,time_exit,SHORT,SHORT,0.49972204864025116,0.4941314160823822,0.5053126811981201,0.47053993019913776,0.47752514481544495,50.027795135974884,0.5086070895195007,2,False,True,True,54.5,True,0.40456709265708923,UNRANKED,,False,,,
2021-05-21,2021-05-24,2021-06-01,T,XLC,16.605330701721577,16.20194435119629,16.20194435119629,5,time_exit,LONG,LONG,0.5035041272640228,0.5016955733299255,0.5053126811981201,0.48678823967249724,0.43243327736854553,50.35041272640228,0.5086070895195007,2,False,True,True,54.5,True,0.14509540796279916,UNRANKED,,False,,,
2021-05-24,2021-05-25,2021-06-02,T,XLC,16.41744915736838,16.362192153930664,16.362192153930664,5,time_exit,LONG,LONG,0.5030386298894882,0.4941314160823822,0.5119458436965942,0.47053993019913776,0.4967944025993347,50.30386298894882,0.5086070895195007,2,False,True,True,54.5,True,0.2622308731079101,UNRANKED,,False,,,
2021-05-25,2021-05-26,2021-06-03,T,XLC,16.30141156966726,16.152210235595703,16.152210235595703,5,time_exit,SHORT,SHORT,0.4990781992673874,0.4941314160823822,0.5040249824523926,0.47053993019913776,0.5561636090278625,50.09218007326126,0.5086070895195007,2,False,True,True,54.5,True,0.3836305141448973,UNRANKED,,False,,,
2021-05-26,2021-05-27,2021-06-04,T,XLC,16.38429493279206,16.17430877685547,16.17430877685547,5,time_exit,LONG,LONG,0.5021519958972931,0.5002790093421936,0.5040249824523926,0.4744835965978128,0.4199784994125366,50.21519958972931,0.5086070895195007,2,False,True,True,54.5,True,0.15065941214561462,UNRANKED,,False,,,
2021-05-27,2021-05-28,2021-06-07,T,XLC,16.417454032661368,16.069318771362305,16.069318771362305,5,time_exit,SHORT,SHORT,0.49609629809856415,0.4984516203403473,0.493740975856781,0.47053993019913776,0.5670540928840637,50.390370190143585,0.5086070895195007,2,False,True,True,54.5,True,-0.0062122642993926724,UNRANKED,,False,,,
2021-05-28,2021-06-01,2021-06-08,T,XLC,16.279306545544134,16.014057159423828,16.014057159423828,5,time_exit,SHORT,SHORT,0.49609629809856415,0.4984516203403473,0.493740975856781,0.47053993019913776,0.6082336902618408,50.390370190143585,0.5086070895195007,2,False,True,True,54.5,True,0.08219435811042779,UNRANKED,,False,,,
2021-06-01,2021-06-02,2021-06-09,T,XLC,16.190889581911186,16.030637741088867,16.030637741088867,5,time_exit,SHORT,SHORT,0.4973549544811249,0.5009689331054688,0.493740975856781,0.4744835965978128,0.5426124930381775,50.26450455188751,0.5086070895195007,2,False,True,True,54.5,True,-0.08595842123031604,UNRANKED,,False,,,
2021-06-02,2021-06-03,2021-06-10,T,XLC,16.27930566096749,16.12457847595215,16.12457847595215,5,time_exit,SHORT,SHORT,0.4944380223751068,0.4951350688934326,0.493740975856781,0.47053993019913776,0.5959422588348389,50.55619776248932,0.5086070895195007,2,False,True,True,54.5,True,-0.3423720002174378,UNRANKED,,False,,,
2021-06-03,2021-06-04,2021-06-11,T,XLC,16.1577319665461,16.20194435119629,16.20194435119629,5,time_exit,SHORT,SHORT,0.4880286008119583,0.4823162257671356,0.493740975856781,0.47053993019913776,0.6093738675117493,51.19713991880417,0.5086070895195007,1,True,False,True,54.5,True,-0.08768475055694597,UNRANKED,,False,,,
2021-06-04,2021-06-07,2021-06-14,T,XLC,16.190889508446265,16.074846267700195,16.074846267700195,5,time_exit,SHORT,SHORT,0.48944219946861267,0.48514342308044434,0.493740975856781,0.47053993019913776,0.6083016991615295,51.05578005313873,0.5086070895195007,1,True,False,True,54.5,True,0.13448697328567494,UNRANKED,,False,,,
2021-06-07,2021-06-08,2021-06-15,T,XLC,16.041686104832916,16.17983627319336,16.17983627319336,5,time_exit,SHORT,SHORT,0.4954710751771927,0.48562946915626526,0.5053126811981201,0.47053993019913776,0.5475064516067505,50.45289248228073,0.5086070895195007,2,False,True,True,54.5,True,0.3472949266433716,UNRANKED,,False,,,
2021-06-08,2021-06-09,2021-06-16,T,XLC,15.997482719700994,16.05826759338379,16.05826759338379,5,time_exit,SHORT,SHORT,0.4955625385046005,0.48581239581108093,0.5053126811981201,0.47053993019913776,0.5286689400672913,50.44374614953995,0.5086070895195007,2,False,True,True,54.5,True,0.23706147074699407,UNRANKED,,False,,,
2021-06-09,2021-06-10,2021-06-17,T,XLC,16.030638083784883,15.881440162658691,15.881440162658691,5,time_exit,LONG,LONG,0.5027958452701569,0.5002790093421936,0.5053126811981201,0.4744835965978128,0.36542078852653503,50.279584527015686,0.5086070895195007,2,False,True,True,54.5,True,0.20248833298683167,UNRANKED,,False,,,
2021-06-10,2021-06-11,2021-06-17,T,XLC,16.14668504288826,15.831706047058105,15.938281319307764,4,stop_loss,LONG,LONG,0.506941020488739,0.5085693597793579,0.5053126811981201,0.48678823967249724,0.36970391869544983,50.6941020488739,0.5086070895195007,2,False,True,True,54.5,True,0.2859831005334854,UNRANKED,,False,,,
2021-06-11,2021-06-14,2021-06-17,T,XLC,16.152209851476815,15.986428260803223,15.96196217953206,3,take_profit,SHORT,SHORT,0.4962926357984543,0.48727259039878845,0.5053126811981201,0.47053993019913776,0.5566582083702087,50.37073642015457,0.5086070895195007,2,False,True,True,54.5,True,0.18350675702095035,UNRANKED,,False,,,
2021-06-14,2021-06-15,2021-06-18,T,XLC,16.058266939818992,15.903538703918457,15.870387104962687,3,take_profit,SHORT,SHORT,0.4956487864255905,0.48727259039878845,0.5040249824523926,0.47053993019913776,0.4814307987689972,50.43512135744095,0.5086070895195007,2,False,True,True,54.5,True,0.2854940742254257,UNRANKED,,False,,,
2021-06-15,2021-06-16,2021-06-17,T,XLC,16.17983693170598,15.831706047058105,15.995115121228862,1,take_profit,SHORT,SHORT,0.4956487864255905,0.48727259039878845,0.5040249824523926,0.47053993019913776,0.4989263415336609,50.43512135744095,0.5086070895195007,2,False,True,True,54.5,True,0.194056898355484,UNRANKED,,False,,,
2021-06-16,2021-06-17,2021-06-18,T,XLC,16.047216672539346,15.909067153930664,15.847496834805668,1,stop_loss,LONG,LONG,0.5012383013963699,0.4984516203403473,0.5040249824523926,0.47053993019913776,0.37739622592926025,50.12383013963699,0.5086070895195007,2,False,True,True,54.5,True,0.19765031337738045,UNRANKED,,False,,,
2021-06-17,2021-06-18,2021-06-25,T,XLC,15.820653908223623,15.96432876586914,15.96432876586914,5,time_exit,LONG,LONG,0.507063090801239,0.5101011991500854,0.5040249824523926,0.48678823967249724,0.28251659870147705,50.7063090801239,0.5086070895195007,2,False,True,True,54.5,True,0.43141545355319977,UNRANKED,,False,,,
2021-06-18,2021-06-21,2021-06-28,T,XLC,15.870385005049773,15.903538703918457,15.903538703918457,5,time_exit,LONG,LONG,0.5182603597640991,0.5159181356430054,0.5206025838851929,0.48678823967249724,0.31199708580970764,51.82603597640991,0.5086070895195007,1,True,True,False,54.5,True,1.3158890455961227,UNRANKED,,False,,,
2021-06-21,2021-06-22,2021-06-29,T,XLC,15.991953004444518,15.83722972869873,15.83722972869873,5,time_exit,LONG,LONG,0.5039303451776505,0.4984516203403473,0.5094090700149536,0.47053993019913776,0.28975987434387207,50.393034517765045,0.5086070895195007,2,False,True,True,54.5,True,0.3916933238506317,UNRANKED,,False,,,
2021-06-22,2021-06-23,2021-06-30,T,XLC,15.914594297372574,15.903538703918457,15.903538703918457,5,time_exit,LONG,LONG,0.5039303451776505,0.4984516203403473,0.5094090700149536,0.47053993019913776,0.34577473998069763,50.393034517765045,0.5086070895195007,2,False,True,True,54.5,True,0.5373671501874923,UNRANKED,,False,,,
2021-06-23,2021-06-24,2021-07-01,T,XLC,15.864859997049244,16.085899353027344,16.0448457246319,5,take_profit,LONG,LONG,0.5039303451776505,0.4984516203403473,0.5094090700149536,0.47053993019913776,0.32059746980667114,50.393034517765045,0.5086070895195007,2,False,True,True,54.5,True,0.4715590775012971,UNRANKED,,False,,,
2021-06-24,2021-06-25,2021-07-01,T,XLC,15.859336229735778,16.152210235595703,16.047216609548837,4,take_profit,LONG,LONG,0.5039303451776505,0.4984516203403473,0.5094090700149536,0.47053993019913776,0.30213072896003723,50.393034517765045,0.5086070895195007,2,False,True,True,54.5,True,0.3052582293748855,UNRANKED,,False,,,
2021-06-25,2021-06-28,2021-07-06,T,XLC,15.975374799793967,16.03616714477539,16.03616714477539,5,time_exit,LONG,LONG,0.5002408921718597,0.5067408084869385,0.493740975856781,0.48678823967249724,0.343505859375,50.024089217185974,0.5086070895195007,2,False,True,True,54.5,True,-0.011661648750305089,UNRANKED,,False,,,
2021-06-28,2021-06-29,2021-07-02,T,XLC,15.914591897932075,15.986428260803223,16.096158000096207,3,stop_loss,SHORT,SHORT,0.49609629809856415,0.4984516203403473,0.493740975856781,0.47053993019913776,0.521358847618103,50.390370190143585,0.5086070895195007,2,False,True,True,54.5,True,0.10441169142723083,UNRANKED,,False,,,
2021-06-29,2021-06-30,2021-07-01,T,XLC,15.837228676259798,15.951605796813965,16.02589883464603,1,stop_loss,SHORT,SHORT,0.4961877912282944,0.49863460659980774,0.493740975856781,0.47053993019913776,0.5296303033828735,50.38122087717056,0.5086070895195007,2,False,True,True,54.5,True,0.09658682346343991,UNRANKED,,False,,,
2021-06-30,2021-07-01,2021-07-02,T,XLC,15.964329993479248,16.10444450378418,16.149052757630685,1,stop_loss,SHORT,SHORT,0.48968522250652313,0.48562946915626526,0.493740975856781,0.47053993019913776,0.5406444072723389,51.03147774934769,0.5086070895195007,1,True,False,True,54.5,True,-0.01626238226890568,UNRANKED,,False,,,
2021-07-01,2021-07-02,2021-07-12,T,XLC,16.085898790134806,16.121421813964844,16.121421813964844,5,time_exit,SHORT,SHORT,0.48968522250652313,0.48562946915626526,0.493740975856781,0.47053993019913776,0.5464411973953247,51.03147774934769,0.5086070895195007,1,True,False,True,54.5,True,-0.04196822643280033,UNRANKED,,False,,,
2021-07-02,2021-07-06,2021-07-07,T,XLC,16.179840794624653,16.002548217773438,15.988802662910786,1,take_profit,SHORT,SHORT,0.49609629809856415,0.4984516203403473,0.493740975856781,0.47053993019913776,0.528110146522522,50.390370190143585,0.5086070895195007,2,False,True,True,54.5,True,0.047641903162002563,UNRANKED,,False,,,
2021-07-06,2021-07-07,2021-07-14,T,XLC,16.041687552078532,15.996892929077148,15.996892929077148,5,time_exit,LONG,LONG,0.5020604431629181,0.5000959038734436,0.5040249824523926,0.4744835965978128,0.35446131229400635,50.20604431629181,0.5086070895195007,2,False,True,True,54.5,True,0.3299615830183029,UNRANKED,,False,,,
2021-07-07,2021-07-08,2021-07-15,T,XLC,16.0025514313449,16.093122482299805,16.093122482299805,5,time_exit,LONG,LONG,0.5012383013963699,0.4984516203403473,0.5040249824523926,0.47053993019913776,0.3772582411766052,50.12383013963699,0.5086070895195007,2,False,True,True,54.5,True,0.21255025267601008,UNRANKED,,False,,,
2021-07-08,2021-07-09,2021-07-16,T,XLC,15.991233071704258,16.042179107666016,16.042179107666016,5,time_exit,LONG,LONG,0.5020604431629181,0.5000959038734436,0.5040249824523926,0.4744835965978128,0.3467254042625427,50.20604431629181,0.5086070895195007,2,False,True,True,54.5,True,0.26603507995605474,UNRANKED,,False,,,
2021-07-09,2021-07-12,2021-07-19,T,XLC,16.042173693373744,15.730839729309082,15.865375145356515,5,stop_loss,LONG,LONG,0.5020604431629181,0.5000959038734436,0.5040249824523926,0.4744835965978128,0.31559544801712036,50.20604431629181,0.5086070895195007,2,False,True,True,54.5,True,0.2486430704593659,UNRANKED,,False,,,
2021-07-12,2021-07-13,2021-07-19,T,XLC,16.12142038814674,15.798768043518066,15.96429968349586,4,stop_loss,LONG,LONG,0.5012383013963699,0.4984516203403473,0.5040249824523926,0.47053993019913776,0.31028231978416443,50.12383013963699,0.5086070895195007,2,False,True,True,54.5,True,0.08525758981704715,UNRANKED,,False,,,
2021-07-13,2021-07-14,2021-07-19,T,XLC,15.996892929077148,15.793107032775879,15.834631647382464,3,stop_loss,LONG,LONG,0.5012383013963699,0.4984516203403473,0.5040249824523926,0.47053993019913776,0.32169732451438904,50.12383013963699,0.5086070895195007,2,False,True,True,54.5,True,0.10024210810661306,UNRANKED,,False,,,
2021-07-14,2021-07-15,2021-07-19,T,XLC,15.985570419313195,15.855377197265625,15.832763047356233,2,stop_loss,LONG,LONG,0.5012383013963699,0.4984516203403473,0.5040249824523926,0.47053993019913776,0.31465062499046326,50.12383013963699,0.5086070895195007,2,False,True,True,54.5,True,0.22354996204376223,UNRANKED,,False,,,
2021-07-15,2021-07-16,2021-07-19,T,XLC,16.132748827335153,15.934626579284668,15.977245963042463,1,stop_loss,LONG,LONG,0.5012383013963699,0.4984516203403473,0.5040249824523926,0.47053993019913776,0.31893390417099,50.12383013963699,0.5086070895195007,2,False,True,True,54.5,True,0.22993069887161247,UNRANKED,,False,,,
2021-07-16,2021-07-19,2021-07-26,T,XLC,15.911979114340804,15.951605796813965,15.951605796813965,5,time_exit,LONG,LONG,0.5010170489549637,0.4984516203403473,0.5035824775695801,0.47053993019913776,0.3159197270870209,50.10170489549637,0.5086070895195007,2,False,True,True,54.5,True,0.31545451283454895,UNRANKED,,False,,,
2021-07-19,2021-07-20,2021-07-23,T,XLC,15.685556630009977,15.962924003601074,15.876235362745748,3,take_profit,LONG,LONG,0.5060199499130249,0.5084574222564697,0.5035824775695801,0.48678823967249724,0.2993144392967224,50.60199499130249,0.5086070895195007,2,False,True,True,54.5,True,0.47256070375442505,UNRANKED,,False,,,
2021-07-20,2021-07-21,2021-07-28,T,XLC,15.894998294898677,15.855377197265625,15.855377197265625,5,time_exit,LONG,LONG,0.5012383013963699,0.4984516203403473,0.5040249824523926,0.47053993019913776,0.33400672674179077,50.12383013963699,0.5086070895195007,2,False,True,True,54.5,True,0.6698829531669617,UNRANKED,,False,,,
2021-07-21,2021-07-22,2021-07-29,T,XLC,15.996893990146926,16.01387596130371,16.01387596130371,5,time_exit,SHORT,SHORT,0.49609629809856415,0.4984516203403473,0.493740975856781,0.47053993019913776,0.4619540572166443,50.390370190143585,0.5086070895195007,2,False,True,True,54.5,True,0.46045741438865667,UNRANKED,,False,,,
2021-07-22,2021-07-23,2021-07-29,T,XLC,15.83273529016285,15.878018379211426,15.99782557859756,4,stop_loss,SHORT,SHORT,0.4968045800924301,0.4998681843280792,0.493740975856781,0.4744835965978128,0.45846742391586304,50.31954199075699,0.5086070895195007,2,False,True,True,54.5,True,0.47714567184448237,UNRANKED,,False,,,
2021-07-23,2021-07-26,2021-08-02,T,XLC,15.894999377391688,15.911981582641602,15.911981582641602,5,time_exit,SHORT,SHORT,0.4968045800924301,0.4998681843280792,0.493740975856781,0.4744835965978128,0.5191857218742371,50.31954199075699,0.5086070895195007,2,False,True,True,54.5,True,0.49863657355308527,UNRANKED,,False,,,
2021-07-26,2021-07-27,2021-07-29,T,XLC,15.85537196267507,15.957266807556152,16.008158626275446,2,stop_loss,SHORT,SHORT,0.4961877912282944,0.49863460659980774,0.493740975856781,0.47053993019913776,0.5381454229354858,50.38122087717056,0.5086070895195007,2,False,True,True,54.5,True,0.18733277916908259,UNRANKED,,False,,,
2021-07-27,2021-07-28,2021-08-04,T,XLC,15.934626772818126,15.764803886413574,15.787328777387042,5,take_profit,SHORT,SHORT,0.4961877912282944,0.49863460659980774,0.493740975856781,0.47053993019913776,0.564324140548706,50.38122087717056,0.5086070895195007,2,False,True,True,54.5,True,0.0323083996772766,UNRANKED,,False,,,
2021-07-28,2021-07-29,2021-08-04,T,XLC,15.957269526364678,15.815751075744629,15.799582339169854,4,take_profit,SHORT,SHORT,0.49609629809856415,0.4984516203403473,0.493740975856781,0.47053993019913776,0.5451055765151978,50.390370190143585,0.5086070895195007,2,False,True,True,54.5,True,-0.011851429939269955,UNRANKED,,False,,,
2021-07-29,2021-07-30,2021-08-04,T,XLC,16.059157793244943,15.827072143554688,15.900662026468995,3,take_profit,SHORT,SHORT,0.49609629809856415,0.4984516203403473,0.493740975856781,0.47053993019913776,0.6072828769683838,50.390370190143585,0.5086070895195007,2,False,True,True,54.5,True,0.02171728014945984,UNRANKED,,False,,,
2021-07-30,2021-08-02,2021-08-04,T,XLC,15.98557036265788,15.764803886413574,15.810091699894556,2,take_profit,SHORT,SHORT,0.49609629809856415,0.4984516203403473,0.493740975856781,0.47053993019913776,0.6200433969497681,50.390370190143585,0.5086070895195007,2,False,True,True,54.5,True,0.14284139871597293,UNRANKED,,False,,,
2021-08-02,2021-08-03,2021-08-10,T,XLC,15.895001026274468,15.90065860748291,15.90065860748291,5,time_exit,LONG,LONG,0.503982663154602,0.502652645111084,0.5053126811981201,0.48678823967249724,0.3920118510723114,50.398266315460205,0.5086070895195007,2,False,True,True,54.5,True,0.22997561097145075,UNRANKED,,False,,,
2021-08-03,2021-08-04,2021-08-11,T,XLC,15.872355938337435,15.940286636352539,15.940286636352539,5,time_exit,LONG,LONG,0.503982663154602,0.502652645111084,0.5053126811981201,0.48678823967249724,0.42465320229530334,50.398266315460205,0.5086070895195007,2,False,True,True,54.5,True,0.29857525229454046,UNRANKED,,False,,,
2021-08-04,2021-08-05,2021-08-12,T,XLC,15.776127007846291,15.86103630065918,15.86103630065918,5,time_exit,LONG,LONG,0.5107112228870392,0.5161097645759583,0.5053126811981201,0.48678823967249724,0.4173462688922882,51.07112228870392,0.5086070895195007,1,True,True,False,54.5,True,0.25267922878265375,UNRANKED,,False,,,
2021-08-05,2021-08-06,2021-08-13,T,XLC,15.798768217747138,15.957266807556152,15.957266807556152,5,time_exit,LONG,LONG,0.5018821507692337,0.4984516203403473,0.5053126811981201,0.47053993019913776,0.44763222336769104,50.18821507692337,0.5086070895195007,2,False,True,True,54.5,True,0.3297794461250306,UNRANKED,,False,,,
2021-08-06,2021-08-09,2021-08-16,T,XLC,15.832731874336831,15.962924003601074,15.962924003601074,5,time_exit,LONG,LONG,0.5018821507692337,0.4984516203403473,0.5053126811981201,0.47053993019913776,0.42918509244918823,50.18821507692337,0.5086070895195007,2,False,True,True,54.5,True,0.2844239175319672,UNRANKED,,False,,,
2021-08-09,2021-08-10,2021-08-11,T,XLC,15.74782313458569,15.957266807556152,15.886912991414652,1,take_profit,LONG,LONG,0.5027042925357819,0.5000959038734436,0.5053126811981201,0.4744835965978128,0.3924606740474701,50.270429253578186,0.5086070895195007,2,False,True,True,54.5,True,0.20948874950408944,UNRANKED,,False,,,
2021-08-10,2021-08-11,2021-08-18,T,XLC,15.895001779868288,15.753482818603516,15.753482818603516,5,time_exit,SHORT,SHORT,0.49920883774757385,0.4996139407157898,0.4988037347793579,0.45260575421901716,0.5455554723739624,50.079116225242615,0.5040674209594727,2,False,True,True,52.0,False,0.04875561594963082,UNRANKED,,False,,,
2021-08-11,2021-08-12,2021-08-18,T,XLC,15.962927580208975,15.58366584777832,15.808473212707579,4,take_profit,SHORT,SHORT,0.49529503285884857,0.4996139407157898,0.49097612500190735,0.45260575421901716,0.5084147453308105,50.47049671411514,0.5040674209594727,1,True,False,True,52.0,False,0.04274994134902954,UNRANKED,,False,,,
2021-08-12,2021-08-13,2021-08-19,T,XLC,15.872357884360195,15.606308937072754,15.717903380619612,4,take_profit,SHORT,SHORT,0.498735249042511,0.4996139407157898,0.4978565573692322,0.45260575421901716,0.5452659726142883,50.1264750957489,0.5040674209594727,2,False,True,True,52.0,False,0.21141351759433746,UNRANKED,,False,,,
2021-08-13,2021-08-16,2021-08-18,T,XLC,15.928960727857953,15.578004837036133,15.76318461135056,2,stop_loss,LONG,LONG,0.5026494264602661,0.4996139407157898,0.5056849122047424,0.45260575421901716,0.5389043092727661,50.26494264602661,0.5040674209594727,2,False,True,True,52.0,False,0.24740073084831238,UNRANKED,,False,,,
2021-08-16,2021-08-17,2021-08-19,T,XLC,15.895001026274468,15.53838062286377,15.730033625587387,2,take_profit,SHORT,SHORT,0.49920883774757385,0.4996139407157898,0.4988037347793579,0.45260575421901716,0.5983455777168274,50.079116225242615,0.5040674209594727,2,False,True,True,52.0,False,0.20791178941726687,UNRANKED,,False,,,
2021-08-17,2021-08-18,2021-08-19,T,XLC,15.8836780138123,15.527059555053711,15.73326627173815,1,stop_loss,LONG,LONG,0.5136570036411285,0.4996139407157898,0.5277000665664673,0.45260575421901716,0.5158917307853699,51.365700364112854,0.5040674209594727,1,True,True,False,52.0,False,0.29665511846542353,UNRANKED,,False,,,
2021-08-18,2021-08-19,2021-08-23,T,XLC,15.736502761791249,15.294975280761719,15.579621701872163,2,stop_loss,LONG,LONG,0.5136570036411285,0.4996139407157898,0.5277000665664673,0.45260575421901716,0.4272564649581909,51.365700364112854,0.5040674209594727,1,True,True,False,52.0,False,0.8702335059642793,UNRANKED,,False,,,
2021-08-19,2021-08-20,2021-08-26,T,XLC,15.578005010780315,15.357242584228516,15.41627260961367,4,stop_loss,LONG,LONG,0.5027649700641632,0.4996139407157898,0.5059159994125366,0.45260575421901716,0.43147581815719604,50.27649700641632,0.5040674209594727,2,False,True,True,52.0,False,0.7368800938129424,UNRANKED,,False,,,
2021-08-20,2021-08-23,2021-08-26,T,XLC,15.634611259498445,15.413848876953125,15.474496017494051,3,take_profit,SHORT,SHORT,0.49834325909614563,0.4996139407157898,0.49707257747650146,0.45260575421901716,0.6619350910186768,50.16567409038544,0.5040674209594727,2,False,True,True,52.0,False,0.275963306427002,UNRANKED,,False,,,
2021-08-23,2021-08-24,2021-08-26,T,XLC,15.583665474506098,15.52139949798584,15.425976107484265,2,take_profit,SHORT,SHORT,0.49834325909614563,0.4996139407157898,0.49707257747650146,0.45260575421901716,0.6392102837562561,50.16567409038544,0.5040674209594727,2,False,True,True,52.0,False,0.24112336337566379,UNRANKED,,False,,,
2021-08-24,2021-08-25,2021-08-26,T,XLC,15.538379695170045,15.391209602355957,15.402524429143957,1,take_profit,SHORT,SHORT,0.4944297671318054,0.4996139407157898,0.48924559354782104,0.45260575421901716,0.6331278085708618,50.55702328681946,0.5040674209594727,1,True,False,True,52.0,False,-0.05938756465911862,UNRANKED,,False,,,
2021-08-25,2021-08-26,2021-08-27,T,XLC,15.510079416063679,15.645931243896484,15.37988502454059,1,take_profit,SHORT,SHORT,0.4944297671318054,0.4996139407157898,0.48924559354782104,0.45260575421901716,0.6325100064277649,50.55702328681946,0.5040674209594727,1,True,False,True,52.0,False,0.13974058628082275,UNRANKED,,False,,,
2021-08-26,2021-08-27,2021-08-31,T,XLC,15.306296942906554,15.600648880004883,15.468028935355633,2,stop_loss,SHORT,SHORT,0.4927487075328827,0.4996139407157898,0.4858834743499756,0.45260575421901716,0.6125831604003906,50.72512924671173,0.5040674209594727,1,True,False,True,52.0,False,0.08952108025550841,UNRANKED,,False,,,
2021-08-27,2021-08-30,2021-08-31,T,XLC,15.351581664881623,15.52139949798584,15.513313521091515,1,stop_loss,SHORT,SHORT,0.4927487075328827,0.4996139407157898,0.4858834743499756,0.45260575421901716,0.5391009449958801,50.72512924671173,0.5040674209594727,1,True,False,True,52.0,False,0.1465353369712829,UNRANKED,,False,,,
2021-08-30,2021-08-31,2021-09-02,T,XLC,15.391205729869288,15.623291969299316,15.541616382029932,2,stop_loss,SHORT,SHORT,0.49666130542755127,0.4996139407157898,0.49370867013931274,0.45260575421901716,0.6363811492919922,50.33386945724487,0.5040674209594727,2,False,True,True,52.0,False,0.196162611246109,UNRANKED,,False,,,
2021-08-31,2021-09-01,2021-09-09,T,XLC,15.532724976216581,15.52139949798584,15.52139949798584,5,time_exit,SHORT,SHORT,0.49666130542755127,0.4996139407157898,0.49370867013931274,0.45260575421901716,0.6335366368293762,50.33386945724487,0.5040674209594727,2,False,True,True,52.0,False,0.12033149600028983,UNRANKED,,False,,,
2021-09-01,2021-09-02,2021-09-03,T,XLC,15.385543728252442,15.38554573059082,15.552934687855888,1,stop_loss,SHORT,SHORT,0.49666130542755127,0.4996139407157898,0.49370867013931274,0.45260575421901716,0.6672208309173584,50.33386945724487,0.5040674209594727,2,False,True,True,52.0,False,0.15566575527191165,UNRANKED,,False,,,
2021-09-02,2021-09-03,2021-09-10,T,XLC,15.645933734695317,15.578004837036133,15.455901184428507,4,take_profit,SHORT,SHORT,0.49666130542755127,0.4996139407157898,0.49370867013931274,0.45260575421901716,0.6024637818336487,50.33386945724487,0.5040674209594727,2,False,True,True,52.0,False,0.11115819215774536,UNRANKED,,False,,,
2021-09-03,2021-09-07,2021-09-14,T,XLC,15.549701993840332,15.470453262329102,15.470453262329102,5,time_exit,SHORT,SHORT,0.49666130542755127,0.4996139407157898,0.49370867013931274,0.45260575421901716,0.607475996017456,50.33386945724487,0.5040674209594727,2,False,True,True,52.0,False,0.2417601644992829,UNRANKED,,False,,,
2021-09-07,2021-09-08,2021-09-15,T,XLC,15.544043823980681,15.606308937072754,15.606308937072754,5,time_exit,SHORT,SHORT,0.49666130542755127,0.4996139407157898,0.49370867013931274,0.45260575421901716,0.6018293499946594,50.33386945724487,0.5040674209594727,2,False,True,True,52.0,False,0.17482802271842954,UNRANKED,,False,,,
2021-09-08,2021-09-09,2021-09-10,T,XLC,15.606308415040495,15.623291969299316,15.414657888176306,1,take_profit,SHORT,SHORT,0.49834325909614563,0.4996139407157898,0.49707257747650146,0.45260575421901716,0.6212019324302673,50.16567409038544,0.5040674209594727,2,False,True,True,52.0,False,0.15003278851509091,UNRANKED,,False,,,
2021-09-09,2021-09-10,2021-09-17,T,XLC,15.55536357337329,15.58366584777832,15.58366584777832,5,time_exit,SHORT,SHORT,0.49834325909614563,0.4996139407157898,0.49707257747650146,0.45260575421901716,0.6523181796073914,50.16567409038544,0.5040674209594727,2,False,True,True,52.0,False,0.12970572710037231,UNRANKED,,False,,,
2021-09-10,2021-09-13,2021-09-20,T,XLC,15.476114991993427,15.402527809143066,15.402527809143066,5,time_exit,SHORT,SHORT,0.49834325909614563,0.4996139407157898,0.49707257747650146,0.45260575421901716,0.5895196199417114,50.16567409038544,0.5040674209594727,2,False,True,True,52.0,False,0.22008368372917173,UNRANKED,,False,,,
2021-09-13,2021-09-14,2021-09-21,T,XLC,15.594986240550496,15.261011123657227,15.373415544400942,5,take_profit,SHORT,SHORT,0.4911908656358719,0.4996139407157898,0.482767790555954,0.45260575421901716,0.6055141091346741,50.88091343641281,0.5040674209594727,1,True,False,True,52.0,False,0.06486657261848454,UNRANKED,,False,,,
2021-09-14,2021-09-15,2021-09-22,T,XLC,15.4817759498597,15.289316177368164,15.289316177368164,5,time_exit,LONG,LONG,0.5053092837333679,0.4996139407157898,0.511004626750946,0.45260575421901716,0.5083974599838257,50.53092837333679,0.5040674209594727,1,True,True,False,52.0,False,0.24817627668380732,UNRANKED,,False,,,
2021-09-15,2021-09-16,2021-09-21,T,XLC,15.6006502547046,15.391209602355957,15.351584991773867,3,stop_loss,LONG,LONG,0.5120932161808014,0.4996139407157898,0.524572491645813,0.45260575421901716,0.47145870327949524,51.20932161808014,0.5040674209594727,1,True,True,False,52.0,False,0.19300895929336542,UNRANKED,,False,,,
2021-09-16,2021-09-17,2021-09-21,T,XLC,15.521400068710676,15.357242584228516,15.303063554646432,2,stop_loss,LONG,LONG,0.5120932161808014,0.4996139407157898,0.524572491645813,0.45260575421901716,0.4729804992675781,51.20932161808014,0.5040674209594727,1,True,True,False,52.0,False,0.37825265526771545,UNRANKED,,False,,,
2021-09-17,2021-09-20,2021-09-27,T,XLC,15.464795023249577,15.510077476501465,15.510077476501465,5,time_exit,LONG,LONG,0.5053092837333679,0.4996139407157898,0.511004626750946,0.45260575421901716,0.4806883633136749,50.53092837333679,0.5040674209594727,1,True,True,False,52.0,False,0.42204426229000097,UNRANKED,,False,,,
2021-09-20,2021-09-21,2021-09-28,T,XLC,15.459132890789837,15.41950798034668,15.41950798034668,5,time_exit,LONG,LONG,0.5099305808544159,0.4996139407157898,0.520247220993042,0.45260575421901716,0.39165931940078735,50.99305808544159,0.5040674209594727,1,True,True,False,52.0,False,0.6674625277519226,UNRANKED,,False,,,
2021-09-21,2021-09-22,2021-09-29,T,XLC,15.29497553358269,15.510077476501465,15.510077476501465,5,time_exit,LONG,LONG,0.510949432849884,0.4996139407157898,0.5222849249839783,0.45260575421901716,0.41508638858795166,51.0949432849884,0.5040674209594727,1,True,True,False,52.0,False,0.5467390865087509,UNRANKED,,False,,,
2021-09-22,2021-09-23,2021-09-30,T,XLC,15.31762080743317,15.289316177368164,15.289316177368164,5,time_exit,LONG,LONG,0.510949432849884,0.4996139407157898,0.5222849249839783,0.45260575421901716,0.448596715927124,51.0949432849884,0.5040674209594727,1,True,True,False,52.0,False,0.6791131943464279,UNRANKED,,False,,,
2021-09-23,2021-09-24,2021-10-01,T,XLC,15.368564155520357,15.374226570129395,15.374226570129395,5,time_exit,LONG,LONG,0.517719030380249,0.4996139407157898,0.5358241200447083,0.45260575421901716,0.5979000926017761,51.7719030380249,0.5040674209594727,1,True,True,False,52.0,False,0.49798119068145746,UNRANKED,,False,,,
2021-09-24,2021-09-27,2021-10-04,T,XLC,15.379883712173577,15.425169944763184,15.425169944763184,5,time_exit,LONG,LONG,0.517719030380249,0.4996139407157898,0.5358241200447083,0.45260575421901716,0.4572150707244873,51.7719030380249,0.5040674209594727,1,True,True,False,52.0,False,0.5624551922082901,UNRANKED,,False,,,
2021-09-27,2021-09-28,2021-09-30,T,XLC,15.532720820945404,15.481775283813477,15.322468059104583,2,take_profit,SHORT,SHORT,0.49295206367969513,0.4996139407157898,0.48629018664360046,0.45260575421901716,0.6100291609764099,50.70479363203049,0.5040674209594727,1,True,False,True,52.0,False,0.35402593016624445,UNRANKED,,False,,,
2021-09-28,2021-09-29,2021-10-06,T,XLC,15.442150916630887,15.459131240844727,15.459131240844727,5,time_exit,SHORT,SHORT,0.4947905093431473,0.4996139407157898,0.48996707797050476,0.45260575421901716,0.6313785910606384,50.52094906568527,0.5040674209594727,1,True,False,True,52.0,False,-0.5740768909454346,UNRANKED,,False,,,
2021-09-29,2021-09-30,2021-10-07,T,XLC,15.555364528595842,15.731178283691406,15.731178283691406,5,time_exit,SHORT,SHORT,0.49327246844768524,0.4919757843017578,0.49456915259361267,0.04009535965038151,0.636344313621521,50.672753155231476,0.5040674209594727,1,True,False,True,52.0,False,0.027794599533081117,UNRANKED,,False,,,
2021-09-30,2021-10-01,2021-10-07,T,XLC,15.362904997637985,15.545354843139648,15.582052271110362,4,take_profit,LONG,LONG,0.5170798599720001,0.4919757843017578,0.5421839356422424,0.04009535965038151,0.39699050784111023,51.70798599720001,0.5040674209594727,1,True,True,False,52.0,False,0.8135781884193422,UNRANKED,,False,,,
2021-10-01,2021-10-04,2021-10-07,T,XLC,15.419509159351296,15.115638732910156,15.623292330868805,3,take_profit,LONG,LONG,0.5208989381790161,0.4996139407157898,0.5421839356422424,0.45260575421901716,0.4756672978401184,52.08989381790161,0.5040674209594727,1,True,True,False,52.0,False,0.5015629529953003,UNRANKED,,False,,,
2021-10-04,2021-10-05,2021-10-07,T,XLC,15.453471358738708,14.767216682434082,15.649167644531468,2,take_profit,LONG,LONG,0.5208989381790161,0.4996139407157898,0.5421839356422424,0.45260575421901716,0.5201113820075989,52.08989381790161,0.5040674209594727,1,True,True,False,52.0,False,0.5072500705718994,UNRANKED,,False,,,
2021-10-05,2021-10-06,2021-10-07,T,XLC,15.430828746914164,14.691722869873047,15.615203556179301,1,take_profit,LONG,LONG,0.5137706995010376,0.4996139407157898,0.5279274582862854,0.45260575421901716,0.5452678799629211,51.37706995010376,0.5040674209594727,1,True,True,False,52.0,False,0.37020546197891235,UNRANKED,,False,,,
2021-10-06,2021-10-07,2021-10-11,T,XLC,15.678915106244036,14.87755012512207,15.493731581158587,2,stop_loss,LONG,LONG,0.5137706995010376,0.4996139407157898,0.5279274582862854,0.45260575421901716,0.5764647126197815,51.37706995010376,0.5040674209594727,1,True,True,False,52.0,False,0.40951611101627355,UNRANKED,,False,,,
2021-10-07,2021-10-08,2021-10-11,T,XLC,15.713758762515656,14.924002647399902,15.495372248669396,1,take_profit,SHORT,SHORT,0.49834325909614563,0.4996139407157898,0.49707257747650146,0.45260575421901716,0.6924201846122742,50.16567409038544,0.5040674209594727,2,False,True,True,52.0,False,0.0628523230552673,UNRANKED,,False,,,
2021-10-08,2021-10-11,2021-10-12,T,XLC,15.498899659736606,14.709145545959473,15.279843802759416,1,take_profit,SHORT,SHORT,0.49834325909614563,0.4996139407157898,0.49707257747650146,0.45260575421901716,0.7040013074874878,50.16567409038544,0.5040674209594727,2,False,True,True,52.0,False,0.17849785089492795,UNRANKED,,False,,,
2021-10-11,2021-10-12,2021-10-13,T,XLC,15.109830226200994,14.860129356384277,14.849603022831854,1,take_profit,SHORT,SHORT,0.49666130542755127,0.4996139407157898,0.49370867013931274,0.45260575421901716,0.6657735705375671,50.33386945724487,0.5040674209594727,2,False,True,True,52.0,False,0.015915870666503764,UNRANKED,,False,,,
2021-10-12,2021-10-13,2021-10-20,T,XLC,14.68010997142678,15.045951843261719,14.986068174333798,5,stop_loss,SHORT,SHORT,0.4927487075328827,0.4996139407157898,0.4858834743499756,0.45260575421901716,0.6415203809738159,50.72512924671173,0.5040674209594727,1,True,False,True,52.0,False,-0.19002360105514526,UNRANKED,,False,,,
2021-10-13,2021-10-14,2021-10-20,T,XLC,14.73237493114021,14.958846092224121,15.034561760843404,4,stop_loss,SHORT,SHORT,0.4927487075328827,0.4996139407157898,0.4858834743499756,0.45260575421901716,0.4913678765296936,50.72512924671173,0.5040674209594727,1,True,False,True,52.0,False,-0.03176537156105051,UNRANKED,,False,,,
2021-10-14,2021-10-15,2021-10-22,T,XLC,14.918195465019933,14.802057266235352,14.802057266235352,5,time_exit,SHORT,SHORT,0.4944297671318054,0.4996139407157898,0.48924559354782104,0.45260575421901716,0.5290064215660095,50.55702328681946,0.5040674209594727,1,True,False,True,52.0,False,0.275773286819458,UNRANKED,,False,,,
2021-10-15,2021-10-18,2021-10-25,T,XLC,14.842706353252337,14.889167785644531,14.889167785644531,5,time_exit,LONG,LONG,0.5008909404277802,0.4996139407157898,0.5021679401397705,0.45260575421901716,0.5621420741081238,50.089094042778015,0.5040674209594727,2,False,True,True,52.0,False,0.4920808672904968,UNRANKED,,False,,,
2021-10-18,2021-10-19,2021-10-26,T,XLC,14.784637437770614,14.732372283935547,14.732372283935547,5,time_exit,LONG,LONG,0.5008909404277802,0.4996139407157898,0.5021679401397705,0.45260575421901716,0.522356390953064,50.089094042778015,0.5040674209594727,2,False,True,True,52.0,False,0.6811811625957489,UNRANKED,,False,,,
2021-10-19,2021-10-20,2021-10-27,T,XLC,14.87174075620491,14.55235767364502,14.55235767364502,5,time_exit,LONG,LONG,0.5008909404277802,0.4996139407157898,0.5021679401397705,0.45260575421901716,0.5987119674682617,50.089094042778015,0.5040674209594727,2,False,True,True,52.0,False,0.4348122477531434,UNRANKED,,False,,,
2021-10-20,2021-10-21,2021-10-22,T,XLC,15.167898796961152,14.83690071105957,14.837820399482776,1,take_profit,SHORT,SHORT,0.49920883774757385,0.4996139407157898,0.4988037347793579,0.45260575421901716,0.48673397302627563,50.079116225242615,0.5040674209594727,2,False,True,True,52.0,False,0.15051794052124023,UNRANKED,,False,,,
2021-10-21,2021-10-22,2021-10-27,T,XLC,14.958846802229974,14.668498039245605,14.628454782140688,3,take_profit,SHORT,SHORT,0.49920883774757385,0.4996139407157898,0.4988037347793579,0.45260575421901716,0.5218849182128906,50.079116225242615,0.5040674209594727,2,False,True,True,52.0,False,0.20729970932006841,UNRANKED,,False,,,
2021-10-22,2021-10-25,2021-11-01,T,XLC,14.767221299629792,14.732372283935547,14.732372283935547,5,time_exit,SHORT,SHORT,0.49529503285884857,0.4996139407157898,0.49097612500190735,0.45260575421901716,0.48938849568367004,50.47049671411514,0.5040674209594727,1,True,False,True,52.0,False,0.169198989868164,UNRANKED,,False,,,
2021-10-25,2021-10-26,2021-11-02,T,XLC,14.883354634522494,14.65107250213623,14.65107250213623,5,time_exit,SHORT,SHORT,0.49529503285884857,0.4996139407157898,0.49097612500190735,0.45260575421901716,0.44407591223716736,50.47049671411514,0.5040674209594727,1,True,False,True,52.0,False,0.11143386363983154,UNRANKED,,False,,,
2021-10-26,2021-10-27,2021-11-03,T,XLC,14.74398886541229,14.622045516967773,14.622045516967773,5,time_exit,SHORT,SHORT,0.49529503285884857,0.4996139407157898,0.49097612500190735,0.45260575421901716,0.46848782896995544,50.47049671411514,0.5040674209594727,1,True,False,True,52.0,False,0.24125221371650687,UNRANKED,,False,,,
2021-10-27,2021-10-28,2021-11-04,T,XLC,14.59300780274276,14.401371002197266,14.401371002197266,5,time_exit,LONG,LONG,0.5136570036411285,0.4996139407157898,0.5277000665664673,0.45260575421901716,0.6210016012191772,51.365700364112854,0.5040674209594727,1,True,True,False,52.0,False,0.49788025021553034,LOW,,True,1.4977966560818248,1.0,0.30531286894923254
2021-10-28,2021-10-29,2021-11-05,T,XLC,14.732374123904476,14.57558536529541,14.57558536529541,5,time_exit,LONG,LONG,0.5008909404277802,0.4996139407157898,0.5021679401397705,0.45260575421901716,0.6961196064949036,50.089094042778015,0.5040674209594727,2,False,True,True,52.0,False,0.31537625193595875,UNRANKED,,False,,,
2021-10-29,2021-11-01,2021-11-04,T,XLC,14.784635461694885,14.447829246520996,14.451975467841997,3,stop_loss,LONG,LONG,0.5008909404277802,0.4996139407157898,0.5021679401397705,0.45260575421901716,0.6301314234733582,50.089094042778015,0.5040674209594727,2,False,True,True,52.0,False,0.3520312309265136,LOW,,True,0.7332597444602802,1.0,0.3006736578929092
2021-11-01,2021-11-02,2021-11-04,T,XLC,14.749791660429638,14.349111557006836,14.457781353117626,2,stop_loss,LONG,LONG,0.5008909404277802,0.4996139407157898,0.5021679401397705,0.45260575421901716,0.5483115315437317,50.089094042778015,0.5040674209594727,2,False,True,True,52.0,False,0.19717708230018613,UNRANKED,,False,,,
2021-11-02,2021-11-03,2021-11-10,T,XLC,14.587203874641322,14.488479614257812,14.488479614257812,5,time_exit,SHORT,SHORT,0.49529503285884857,0.4996139407157898,0.49097612500190735,0.45260575421901716,0.3525499105453491,50.47049671411514,0.5040674209594727,1,True,False,True,52.0,False,-0.0011748373508453126,UNRANKED,,False,,,
2021-11-03,2021-11-04,2021-11-11,T,XLC,14.593003603231239,14.47105884552002,14.47105884552002,5,time_exit,SHORT,SHORT,0.49529503285884857,0.4996139407157898,0.49097612500190735,0.45260575421901716,0.5129326581954956,50.47049671411514,0.5040674209594727,1,True,False,True,52.0,False,-0.5882015526294709,UNRANKED,,False,,,
2021-11-04,2021-11-05,2021-11-12,T,XLC,14.430410185963497,14.482673645019531,14.482673645019531,5,time_exit,SHORT,SHORT,0.49529503285884857,0.4996139407157898,0.49097612500190735,0.45260575421901716,0.37192824482917786,50.47049671411514,0.5040674209594727,1,True,False,True,52.0,False,-0.22188726067543024,UNRANKED,,False,,,
2021-11-05,2021-11-08,2021-11-15,T,XLC,14.552355602876633,14.401371002197266,14.401371002197266,5,time_exit,SHORT,SHORT,0.49529503285884857,0.4996139407157898,0.49097612500190735,0.45260575421901716,0.5014495253562927,50.47049671411514,0.5040674209594727,1,True,False,True,52.0,False,-0.16314968466758722,UNRANKED,,False,,,
2021-11-08,2021-11-09,2021-11-16,T,XLC,14.412989107266535,14.320079803466797,14.320079803466797,5,time_exit,SHORT,SHORT,0.49920883774757385,0.4996139407157898,0.4988037347793579,0.45260575421901716,0.3632011413574219,50.079116225242615,0.5040674209594727,2,False,True,True,52.0,False,0.08251538872718796,UNRANKED,,False,,,
2021-11-09,2021-11-10,2021-11-17,T,XLC,14.337495795078613,14.320079803466797,14.320079803466797,5,time_exit,SHORT,SHORT,0.49529503285884857,0.4996139407157898,0.49097612500190735,0.45260575421901716,0.37241971492767334,50.47049671411514,0.5040674209594727,1,True,False,True,52.0,False,-0.03333237767219541,UNRANKED,,False,,,
2021-11-10,2021-11-11,2021-11-18,T,XLC,14.51170766066103,14.163285255432129,14.230480957562188,5,stop_loss,LONG,LONG,0.508071780204773,0.4996139407157898,0.5165296196937561,0.45260575421901716,0.5021236538887024,50.807178020477295,0.5040674209594727,1,True,True,False,52.0,False,0.07431024312973016,UNRANKED,,False,,,
2021-11-11,2021-11-12,2021-11-18,T,XLC,14.488480828279197,14.012306213378906,14.22716384764478,4,take_profit,SHORT,SHORT,0.4969767779111862,0.4996139407157898,0.49433961510658264,0.45260575421901716,0.6367692947387695,50.30232220888138,0.5040674209594727,2,False,True,True,52.0,False,-0.20191600918769834,UNRANKED,,False,,,
2021-11-12,2021-11-15,2021-11-18,T,XLC,14.500090160399589,14.343303680419922,14.24955828260941,3,take_profit,SHORT,SHORT,0.49618780612945557,0.4996139407157898,0.49276167154312134,0.45260575421901716,0.5433475971221924,50.38121938705444,0.5040674209594727,2,False,True,True,52.0,False,-0.07473543286323553,UNRANKED,,False,,,
2021-11-15,2021-11-16,2021-11-19,T,XLC,14.395570268158455,14.378148078918457,14.15582308449495,3,take_profit,SHORT,SHORT,0.4937819093465805,0.4996139407157898,0.4879498779773712,0.45260575421901716,0.4007711410522461,50.62180906534195,0.5040674209594727,1,True,False,True,52.0,False,0.13122642040252686,UNRANKED,,False,,,
2021-11-16,2021-11-17,2021-11-19,T,XLC,14.302658250171467,14.209744453430176,14.077014411016542,2,stop_loss,LONG,LONG,0.5026494264602661,0.4996139407157898,0.5056849122047424,0.45260575421901716,0.47785648703575134,50.26494264602661,0.5040674209594727,2,False,True,True,52.0,False,0.2725577354431153,UNRANKED,,False,,,
2021-11-17,2021-11-18,2021-11-19,T,XLC,14.302653233529423,14.064568519592285,14.117658399719433,1,take_profit,SHORT,SHORT,0.49666130542755127,0.4996139407157898,0.49370867013931274,0.45260575421901716,0.6577132940292358,50.33386945724487,0.5040674209594727,2,False,True,True,52.0,False,-0.4654737412929533,UNRANKED,,False,,,
2021-11-18,2021-11-19,2021-11-22,T,XLC,14.122638293945391,13.87293529510498,14.305974824358337,1,stop_loss,SHORT,SHORT,0.49666130542755127,0.4996139407157898,0.49370867013931274,0.45260575421901716,0.6895429491996765,50.33386945724487,0.5040674209594727,2,False,True,True,52.0,False,0.37545186281204224,UNRANKED,,False,,,
2021-11-19,2021-11-22,2021-11-23,T,XLC,13.994884428651774,13.257394790649414,14.19066450154519,1,take_profit,LONG,LONG,0.5136570036411285,0.4996139407157898,0.5277000665664673,0.45260575421901716,0.4078448712825775,51.365700364112854,0.5040674209594727,1,True,True,False,52.0,False,0.38386088609695435,UNRANKED,,False,,,
2021-11-22,2021-11-23,2021-11-26,T,XLC,14.337497793840003,12.908971786499023,14.106046623054915,2,take_profit,SHORT,SHORT,0.49834325909614563,0.4996139407157898,0.49707257747650146,0.45260575421901716,0.5860608816146851,50.16567409038544,0.5040674209594727,2,False,True,True,52.0,False,0.1877255737781524,UNRANKED,,False,,,
2021-11-23,2021-11-24,2021-11-26,T,XLC,14.325885194605945,13.385149955749512,14.093602964773705,1,take_profit,SHORT,SHORT,0.4927487075328827,0.4996139407157898,0.4858834743499756,0.45260575421901716,0.41281235218048096,50.72512924671173,0.5040674209594727,1,True,False,True,52.0,False,-0.029272019863128742,UNRANKED,,False,,,
2021-11-24,2021-11-26,2021-11-30,T,XLC,13.971656518128352,13.623233795166016,13.746841558193573,2,take_profit,SHORT,SHORT,0.4927487075328827,0.4996139407157898,0.4858834743499756,0.45260575421901716,0.4324212074279785,50.72512924671173,0.5040674209594727,1,True,False,True,52.0,False,0.004754066467285278,UNRANKED,,False,,,
2021-11-26,2021-11-29,2021-11-30,T,XLC,14.081988000915807,13.518707275390625,13.861321388018206,1,stop_loss,LONG,LONG,0.5105539262294769,0.4996139407157898,0.5214939117431641,0.45260575421901716,0.428705096244812,51.05539262294769,0.5040674209594727,1,True,True,False,52.0,False,0.5963941961526871,UNRANKED,,False,,,
2021-11-29,2021-11-30,2021-12-01,T,XLC,13.727761975467791,13.402568817138672,13.497970061754064,1,stop_loss,LONG,LONG,0.5040673911571503,0.4996139407157898,0.5085208415985107,0.45260575421901716,0.4810250401496887,50.40673911571503,0.5040674209594727,2,False,True,True,52.0,False,0.6147319674491882,UNRANKED,,False,,,
2021-11-30,2021-12-01,2021-12-08,T,XLC,13.35611162585184,13.454832077026367,13.454832077026367,5,time_exit,LONG,LONG,0.506474494934082,0.4996139407157898,0.5133350491523743,0.45260575421901716,0.7109906673431396,50.6474494934082,0.5040674209594727,1,True,True,False,52.0,False,1.176688939332962,MEDIUM,,True,3.3787238014515095,1.0,0.2505243419681922
2021-12-01,2021-12-02,2021-12-03,T,XLC,12.938010035609354,13.32127571105957,13.271498772443199,1,take_profit,LONG,LONG,0.5017220079898834,0.4996139407157898,0.503830075263977,0.45260575421901716,0.6943828463554382,50.17220079898834,0.5040674209594727,2,False,True,True,52.0,False,1.183387041091919,HIGH,,True,3.0011578948048445,1.0,0.14642683519688865
2021-12-02,2021-12-03,2021-12-10,T,XLC,13.3677265615854,13.263200759887695,13.263200759887695,5,time_exit,LONG,LONG,0.5159731805324554,0.4996139407157898,0.5323324203491211,0.45260575421901716,0.5424275994300842,51.597318053245544,0.5040674209594727,1,True,True,False,52.0,False,0.8483860790729523,UNRANKED,,False,,,
2021-12-03,2021-12-06,2021-12-10,T,XLC,13.698724046951883,13.030920028686523,13.267345818628083,4,stop_loss,LONG,LONG,0.5159731805324554,0.4996139407157898,0.5323324203491211,0.45260575421901716,0.4902245104312897,51.597318053245544,0.5040674209594727,1,True,True,False,52.0,False,1.110343337059021,UNRANKED,,False,,,
2021-12-06,2021-12-07,2021-12-13,T,XLC,13.530322439902644,12.943815231323242,13.095626514871254,4,take_profit,SHORT,SHORT,0.4969731271266937,0.4996139407157898,0.49433231353759766,0.45260575421901716,0.563583493232727,50.30268728733063,0.5040674209594727,2,False,True,True,52.0,False,0.43319764733314514,UNRANKED,,False,,,
2021-12-07,2021-12-08,2021-12-15,T,XLC,13.367727267051565,12.874130249023438,12.928053162088535,5,take_profit,SHORT,SHORT,0.48504023253917694,0.4996139407157898,0.4704665243625641,0.45260575421901716,0.5196282863616943,51.495976746082306,0.5040674209594727,1,True,False,True,52.0,False,0.48081567883491527,UNRANKED,,False,,,
2021-12-08,2021-12-09,2021-12-15,T,XLC,13.373538907757583,13.76840877532959,12.926398622810597,4,take_profit,SHORT,SHORT,0.48374490439891815,0.4996139407157898,0.4678758680820465,0.45260575421901716,0.529925525188446,51.625509560108185,0.5040674209594727,1,True,False,True,52.0,False,0.14891749620437608,UNRANKED,,False,,,
2021-12-09,2021-12-10,2021-12-15,T,XLC,13.344498386091887,13.809062957763672,12.900677841440311,3,stop_loss,LONG,LONG,0.512229323387146,0.4996139407157898,0.5248447060585022,0.45260575421901716,0.5713892579078674,51.2229323387146,0.5040674209594727,1,True,True,False,52.0,False,0.5642517209053038,UNRANKED,,False,,,
2021-12-10,2021-12-13,2021-12-16,T,XLC,13.187709555715829,14.047146797180176,13.618258087384355,3,take_profit,LONG,LONG,0.5102650821208954,0.4996139407157898,0.520916223526001,0.45260575421901716,0.6573006510734558,51.02650821208954,0.5040674209594727,1,True,True,False,52.0,False,0.29157927632331865,UNRANKED,,False,,,
2021-12-13,2021-12-14,2021-12-16,T,XLC,13.001885596068004,14.209744453430176,13.418331736902267,2,take_profit,LONG,LONG,0.5053815543651581,0.4996139407157898,0.5111491680145264,0.45260575421901716,0.536152184009552,50.53815543651581,0.5040674209594727,1,True,True,False,52.0,False,0.5080612301826479,UNRANKED,,False,,,
2021-12-14,2021-12-15,2021-12-16,T,XLC,12.938007788365637,14.389758110046387,13.361919700466292,1,take_profit,LONG,LONG,0.5053815543651581,0.4996139407157898,0.5111491680145264,0.45260575421901716,0.46019431948661804,50.53815543651581,0.5040674209594727,1,True,True,False,52.0,False,0.5066049695014954,UNRANKED,,False,,,
2021-12-15,2021-12-16,2021-12-17,T,XLC,13.15286649690935,14.442022323608398,13.562675745697367,1,stop_loss,SHORT,SHORT,0.49666130542755127,0.4996139407157898,0.49370867013931274,0.45260575421901716,0.5410984754562378,50.33386945724487,0.5040674209594727,2,False,True,True,52.0,False,0.029702961444854833,UNRANKED,,False,,,
2021-12-16,2021-12-17,2021-12-22,T,XLC,13.820675859538499,14.389758110046387,14.33749976439341,3,stop_loss,SHORT,SHORT,0.49390217661857605,0.5019208788871765,0.4858834743499756,0.45260575421901716,0.4796167314052582,50.609782338142395,0.5040674209594727,1,True,False,True,52.0,False,0.04681822657585117,UNRANKED,,False,,,
2021-12-17,2021-12-20,2021-12-28,T,XLC,13.954234806554927,14.412986755371094,14.412986755371094,5,time_exit,SHORT,SHORT,0.4955832362174988,0.5019208788871765,0.48924559354782104,0.45260575421901716,0.5402576923370361,50.44167637825012,0.5040674209594727,1,True,False,True,52.0,False,0.3381122946739196,UNRANKED,,False,,,
2021-12-20,2021-12-21,2021-12-29,T,XLC,14.122639630778615,14.308463096618652,14.308463096618652,5,time_exit,LONG,LONG,0.5000042617321014,0.5019208788871765,0.49808764457702637,0.45260575421901716,0.49915218353271484,50.000426173210144,0.5040674209594727,2,False,True,True,52.0,False,-0.08141198754310613,UNRANKED,,False,,,
2021-12-21,2021-12-22,2021-12-30,T,XLC,14.192321239911713,14.389758110046387,14.389758110046387,5,time_exit,SHORT,SHORT,0.4955832362174988,0.5019208788871765,0.48924559354782104,0.45260575421901716,0.46635866165161133,50.44167637825012,0.5040674209594727,1,True,False,True,52.0,False,0.2385709285736084,UNRANKED,,False,,,
2021-12-22,2021-12-23,2021-12-31,T,XLC,14.430407959103647,14.285233497619629,14.285233497619629,5,time_exit,SHORT,SHORT,0.4955832362174988,0.5019208788871765,0.48924559354782104,0.45260575421901716,0.46039849519729614,50.44167637825012,0.5040674209594727,1,True,False,True,52.0,False,0.5224146842956543,UNRANKED,,False,,,
2021-12-23,2021-12-27,2022-01-03,T,XLC,14.442022751867604,14.767216682434082,14.767216682434082,5,time_exit,SHORT,SHORT,0.499496728181839,0.5019208788871765,0.49707257747650146,0.45260575421901716,0.48488351702690125,50.0503271818161,0.5040674209594727,2,False,True,True,52.0,False,0.49442732334136974,UNRANKED,,False,,,
2021-12-27,2021-12-28,2022-01-03,T,XLC,14.366530762706617,14.889167785644531,14.70499645331941,4,stop_loss,SHORT,SHORT,0.49796006083488464,0.5019208788871765,0.4939992427825928,0.45260575421901716,0.7018740177154541,50.203993916511536,0.5040674209594727,2,False,True,True,52.0,False,-0.2582127749919891,UNRANKED,,False,,,
2021-12-28,2021-12-29,2022-01-03,T,XLC,14.407182282906827,15.220163345336914,14.732375143101443,3,stop_loss,SHORT,SHORT,0.49657121300697327,0.5019208788871765,0.49122154712677,0.45260575421901716,0.7119738459587097,50.34287869930267,0.5040674209594727,2,False,True,True,52.0,False,-0.3531475961208344,UNRANKED,,False,,,
2021-12-29,2021-12-30,2022-01-03,T,XLC,14.325882036296425,15.162091255187988,14.658540667757432,2,stop_loss,SHORT,SHORT,0.49450168013572693,0.49778181314468384,0.49122154712677,0.42073170731707316,0.6262781620025635,50.54983198642731,0.5040674209594727,1,True,False,True,52.0,False,-0.14936673641204834,UNRANKED,,False,,,
2021-12-30,2021-12-31,2022-01-03,T,XLC,14.35491822873395,15.68007755279541,14.680110952689377,1,stop_loss,SHORT,SHORT,0.4972958117723465,0.49778181314468384,0.49680981040000916,0.42073170731707316,0.5623477697372437,50.27041882276535,0.5040674209594727,2,False,True,True,52.0,False,0.10762926936149601,UNRANKED,,False,,,
2021-12-31,2022-01-03,2022-01-04,T,XLC,14.389760039447873,15.781466484069824,14.721588429296855,1,take_profit,LONG,LONG,0.5007365047931671,0.49778181314468384,0.5036911964416504,0.42073170731707316,0.5306353569030762,50.07365047931671,0.5040674209594727,2,False,True,True,52.0,False,0.13699010014533997,UNRANKED,,False,,,
2022-01-03,2022-01-04,2022-01-07,T,XLC,14.894974970663453,15.709897994995117,15.262475139600046,3,take_profit,LONG,LONG,0.5007365047931671,0.49778181314468384,0.5036911964416504,0.42073170731707316,0.6109294891357422,50.07365047931671,0.5040674209594727,2,False,True,True,52.0,False,0.3990350067615509,MEDIUM,,True,1.2334321486367044,-1.0,-0.08222098756858114
2022-01-04,2022-01-05,2022-01-07,T,XLC,15.09821543442588,15.775504112243652,15.470693647054926,2,stop_loss,SHORT,SHORT,0.498735249042511,0.4996139407157898,0.4978565573692322,0.45260575421901716,0.5261581540107727,50.1264750957489,0.5040674209594727,2,False,True,True,52.0,False,0.4576456546783448,UNRANKED,,False,,,
2022-01-05,2022-01-06,2022-01-13,T,XLC,15.510510466213807,15.98425579071045,15.920318761327508,5,take_profit,LONG,LONG,0.5088355839252472,0.49778181314468384,0.5198893547058105,0.42073170731707316,0.49011877179145813,50.88355839252472,0.5040674209594727,1,True,True,False,52.0,False,0.26716053485870367,UNRANKED,,False,,,
2022-01-06,2022-01-07,2022-01-10,T,XLC,15.453435731207895,16.210899353027344,15.74378596401342,1,stop_loss,SHORT,SHORT,0.49606071412563324,0.49778181314468384,0.49433961510658264,0.42073170731707316,0.6493072509765625,50.393928587436676,0.5040674209594727,2,False,True,True,52.0,False,0.06593564152717578,UNRANKED,,False,,,
2022-01-07,2022-01-10,2022-01-14,T,XLC,15.739716803842608,16.288433074951172,16.098257338815753,4,stop_loss,SHORT,SHORT,0.49351370334625244,0.49778181314468384,0.48924559354782104,0.42073170731707316,0.6426741480827332,50.648629665374756,0.5040674209594727,1,True,False,True,52.0,False,0.2549595236778259,UNRANKED,,False,,,
2022-01-10,2022-01-11,2022-01-18,T,XLC,15.894790104584219,16.27054214477539,16.233802795537066,4,stop_loss,SHORT,SHORT,0.49351370334625244,0.49778181314468384,0.48924559354782104,0.42073170731707316,0.6305926442146301,50.648629665374756,0.5040674209594727,1,True,False,True,52.0,False,-0.03607079386711122,UNRANKED,,False,,,
2022-01-11,2022-01-12,2022-01-14,T,XLC,15.67411287897347,16.11546516418457,16.000121403186988,2,stop_loss,SHORT,SHORT,0.49423182010650635,0.49778181314468384,0.49068182706832886,0.42073170731707316,0.5160475969314575,50.576817989349365,0.5040674209594727,1,True,False,True,52.0,False,0.12504199147224418,UNRANKED,,False,,,
2022-01-12,2022-01-13,2022-01-14,T,XLC,15.80532811625321,15.870931625366211,16.114992706271348,1,stop_loss,SHORT,SHORT,0.49918580055236816,0.49778181314468384,0.5005897879600525,0.42073170731707316,0.622174859046936,50.081419944763184,0.5040674209594727,2,False,True,True,52.0,False,-0.12541395425796517,UNRANKED,,False,,,
2022-01-13,2022-01-14,2022-01-18,T,XLC,15.876898813479158,15.709897994995117,16.20891875562655,1,take_profit,LONG,LONG,0.5001018643379211,0.4996139407157898,0.5005897879600525,0.45260575421901716,0.5789217948913574,50.010186433792114,0.5040674209594727,2,False,True,True,52.0,False,0.1882387101650237,UNRANKED,,False,,,
2022-01-14,2022-01-18,2022-01-21,T,XLC,16.22879001828198,15.793399810791016,15.871858740598178,3,take_profit,SHORT,SHORT,0.49666130542755127,0.4996139407157898,0.49370867013931274,0.45260575421901716,0.6587231755256653,50.33386945724487,0.5040674209594727,2,False,True,True,52.0,False,0.04059064388275153,UNRANKED,,False,,,
2022-01-18,2022-01-19,2022-01-21,T,XLC,16.3719333888954,14.463362693786621,16.007244243126006,2,take_profit,SHORT,SHORT,0.4988507926464081,0.4996139407157898,0.49808764457702637,0.45260575421901716,0.5806654691696167,50.11492073535919,0.5040674209594727,2,False,True,True,52.0,False,0.08815997838973995,UNRANKED,,False,,,
2022-01-19,2022-01-20,2022-01-24,T,XLC,16.181072664122812,14.385832786560059,15.8287596224358,2,stop_loss,LONG,LONG,0.5167263150215149,0.4996139407157898,0.53383868932724,0.45260575421901716,0.45696136355400085,51.67263150215149,0.5040674209594727,1,True,True,False,52.0,False,0.19567924737930298,UNRANKED,,False,,,
2022-01-20,2022-01-21,2022-01-26,T,XLC,16.008109587906628,15.035933494567871,15.645256265196318,3,stop_loss,LONG,LONG,0.5126563906669617,0.4996139407157898,0.5256988406181335,0.45260575421901716,0.48277735710144043,51.26563906669617,0.5040674209594727,1,True,True,False,52.0,False,-0.19207742810249326,UNRANKED,,False,,,
2022-01-21,2022-01-24,2022-01-26,T,XLC,15.62043416817302,15.208900451660156,15.23757957026391,2,stop_loss,LONG,LONG,0.5126563906669617,0.4996139407157898,0.5256988406181335,0.45260575421901716,0.5861471891403198,51.26563906669617,0.5040674209594727,1,True,True,False,52.0,False,0.010809987783432038,UNRANKED,,False,,,
2022-01-24,2022-01-25,2022-01-26,T,XLC,15.602543215711194,14.564756393432617,15.265538554151135,1,stop_loss,LONG,LONG,0.513812243938446,0.4996139407157898,0.5280105471611023,0.45260575421901716,0.6776701211929321,51.381224393844604,0.5040674209594727,1,True,True,False,52.0,False,0.17129743099212646,LOW,,True,1.8306651370318692,-1.0,-0.0669213139801375
2022-01-25,2022-01-26,2022-01-27,T,XLC,16.091609275717108,14.636330604553223,15.760097369501985,1,stop_loss,LONG,LONG,0.513812243938446,0.4996139407157898,0.5280105471611023,0.45260575421901716,0.5432979464530945,51.381224393844604,0.5040674209594727,1,True,True,False,52.0,False,0.09386166930198686,UNRANKED,,False,,,
2022-01-26,2022-01-27,2022-01-28,T,XLC,14.350046042570497,14.648258209228516,14.824278171258765,1,take_profit,LONG,LONG,0.5272939503192902,0.4996139407157898,0.5549739599227905,0.45260575421901716,0.6816093325614929,52.729395031929016,0.5040674209594727,1,True,True,False,52.0,False,1.204739972949028,HIGH,,True,6.277119063081118,-1.0,-0.11569553441211193
2022-01-27,2022-01-28,2022-01-31,T,XLC,14.356006628584263,14.36197280883789,14.833018445426479,1,take_profit,LONG,LONG,0.522302120923996,0.5019208788871765,0.5426833629608154,0.45260575421901716,0.599465012550354,52.2302120923996,0.5040674209594727,1,True,True,False,52.0,False,1.3338942974805832,UNRANKED,,False,,,
2022-01-28,2022-01-31,2022-02-04,T,XLC,14.892793288420108,14.27250862121582,14.396907984377837,4,stop_loss,LONG,LONG,0.5200794339179993,0.5019208788871765,0.538237988948822,0.45260575421901716,0.5057005882263184,52.00794339179993,0.5040674209594727,1,True,True,False,52.0,False,1.8086866587400434,UNRANKED,,False,,,
2022-01-31,2022-02-01,2022-02-08,T,XLC,14.427578431840516,14.278475761413574,14.278475761413574,5,time_exit,LONG,LONG,0.5171695947647095,0.5019208788871765,0.5324183106422424,0.45260575421901716,0.6313616633415222,51.71695947647095,0.5040674209594727,1,True,True,False,52.0,False,0.9828828573226931,LOW,,True,4.0176508909127415,1.0,0.07764428085283699
2022-02-01,2022-02-02,2022-02-09,T,XLC,14.439509542060307,14.612471580505371,14.612471580505371,5,time_exit,LONG,LONG,0.5061245262622833,0.5019208788871765,0.5103281736373901,0.45260575421901716,0.5699540972709656,50.61245262622833,0.5040674209594727,1,True,True,False,52.0,False,0.7153134346008301,UNRANKED,,False,,,
2022-02-02,2022-02-03,2022-02-10,T,XLC,14.612472975477376,14.463362693786621,14.463362693786621,5,time_exit,LONG,LONG,0.514471709728241,0.5019208788871765,0.5270225405693054,0.45260575421901716,0.48566168546676636,51.4471709728241,0.5040674209594727,1,True,True,False,52.0,False,0.8647056072950363,UNRANKED,,False,,,
2022-02-03,2022-02-04,2022-02-11,T,XLC,14.618436904851684,14.39179801940918,14.39179801940918,5,time_exit,LONG,LONG,0.5097370743751526,0.5019208788871765,0.5175532698631287,0.45260575421901716,0.4209117293357849,50.97370743751526,0.5040674209594727,1,True,True,False,52.0,False,0.9554994106292726,UNRANKED,,False,,,
2022-02-04,2022-02-07,2022-02-14,T,XLC,14.338116134248658,14.344083786010742,14.344083786010742,5,time_exit,LONG,LONG,0.5097370743751526,0.5019208788871765,0.5175532698631287,0.45260575421901716,0.4967919886112213,50.97370743751526,0.5040674209594727,1,True,True,False,52.0,False,1.2125638872385027,UNRANKED,,False,,,
2022-02-07,2022-02-08,2022-02-15,T,XLC,14.242690523112719,14.517043113708496,14.517043113708496,5,time_exit,LONG,LONG,0.5006256699562073,0.4953286051750183,0.5059227347373962,0.26666666666666666,0.4465826749801636,50.06256699562073,0.5040674209594727,2,False,True,True,52.0,False,0.9979303777217865,UNRANKED,,False,,,
2022-02-08,2022-02-09,2022-02-16,T,XLC,14.320222269389326,14.278475761413574,14.278475761413574,5,time_exit,SHORT,SHORT,0.4758065491914749,0.45299115777015686,0.49862194061279297,0.46876987660602976,0.45112723112106323,52.41934508085251,0.5138390064239502,1,True,False,True,59.0,False,0.4207505285739899,UNRANKED,,False,,,
2022-02-09,2022-02-10,2022-02-17,T,XLC,14.588611735700242,14.171116828918457,14.171116828918457,5,time_exit,SHORT,SHORT,0.4454781264066696,0.47104331851005554,0.4199129343032837,0.46876987660602976,0.5950416326522827,55.45218735933304,0.5138390064239502,1,True,False,True,59.0,False,-0.15771329402923573,UNRANKED,,False,,,
2022-02-10,2022-02-11,2022-02-18,T,XLC,14.475297414198755,14.236722946166992,14.236722946166992,5,time_exit,LONG,LONG,0.509267657995224,0.49221426248550415,0.5263210535049438,0.46876987660602976,0.5338457822799683,50.9267657995224,0.5138390064239502,2,False,True,True,59.0,False,0.820235013961792,UNRANKED,,False,,,
2022-02-11,2022-02-14,2022-02-22,T,XLC,14.338119328390327,14.165154457092285,14.165154457092285,5,time_exit,SHORT,SHORT,0.4949776232242584,0.4667302370071411,0.5232250094413757,0.46876987660602976,0.49683746695518494,50.50223767757416,0.5138390064239502,2,False,True,True,59.0,False,0.6191181838512421,UNRANKED,,False,,,
2022-02-14,2022-02-15,2022-02-23,T,XLC,14.41565037388274,14.022007942199707,14.022007942199707,5,time_exit,SHORT,SHORT,0.4994662404060364,0.4756527543067932,0.5232797265052795,0.46876987660602976,0.4802374541759491,50.05337595939636,0.5138390064239502,2,False,True,True,59.0,False,0.7871096134185792,UNRANKED,,False,,,
2022-02-15,2022-02-16,2022-02-24,T,XLC,14.415653763380279,13.855010986328125,14.017753318259604,5,stop_loss,LONG,LONG,0.5008562803268433,0.478432834148407,0.5232797265052795,0.46876987660602976,0.501218855381012,50.085628032684326,0.5138390064239502,2,False,True,True,59.0,False,0.5811938643455508,UNRANKED,,False,,,
2022-02-16,2022-02-17,2022-02-25,T,XLC,14.212866519590115,14.260581970214844,14.260581970214844,5,time_exit,LONG,LONG,0.5027440637350082,0.4974188506603241,0.5080692768096924,0.4823529411764706,0.44983285665512085,50.274406373500824,0.5138390064239502,2,False,True,True,59.0,False,0.5612944960594176,UNRANKED,,False,,,
2022-02-17,2022-02-18,2022-02-28,T,XLC,14.141293154648313,14.129364967346191,14.129364967346191,5,time_exit,SHORT,SHORT,0.4994504302740097,0.5005035996437073,0.49839726090431213,0.5028653295128939,0.5646592974662781,50.05495697259903,0.5138390064239502,2,False,True,True,59.0,False,0.6273365616798401,UNRANKED,,False,,,
2022-02-18,2022-02-22,2022-03-01,T,XLC,14.177083372233042,14.03393840789795,14.03393840789795,5,time_exit,LONG,LONG,0.5153049528598785,0.51258784532547,0.5180220603942871,0.539821029082774,0.4038737416267395,51.530495285987854,0.5138390064239502,1,True,True,False,59.0,False,0.6294663548469542,UNRANKED,,False,,,
2022-02-22,2022-02-23,2022-02-24,T,XLC,14.194971137057449,14.20689868927002,13.948733654714047,1,take_profit,SHORT,SHORT,0.4939863234758377,0.49904635548591614,0.4889262914657593,0.5028653295128939,0.5319310426712036,50.60136765241623,0.5138390064239502,2,False,True,True,59.0,False,0.34666734933853144,UNRANKED,,False,,,
2022-02-23,2022-02-24,2022-02-25,T,XLC,13.693976664933098,14.260581970214844,13.950438762101067,1,stop_loss,SHORT,SHORT,0.48611941933631897,0.4954768717288971,0.47676196694374084,0.46876987660602976,0.5502822399139404,51.3880580663681,0.5138390064239502,1,True,False,True,59.0,False,0.3121081888675691,UNRANKED,,False,,,
2022-02-24,2022-02-25,2022-03-04,T,XLC,13.986224468165643,14.236722946166992,14.236722946166992,5,time_exit,LONG,LONG,0.5239951014518738,0.5107790231704712,0.5372111797332764,0.539821029082774,0.40724295377731323,52.39951014518738,0.5138390064239502,1,True,True,False,59.0,False,0.6191784143447876,UNRANKED,,False,,,
2022-02-25,2022-02-28,2022-03-07,T,XLC,14.069721915760825,14.057798385620117,14.057798385620117,5,time_exit,LONG,LONG,0.5001825839281082,0.48534640669822693,0.5150187611579895,0.46876987660602976,0.5131258964538574,50.01825839281082,0.5138390064239502,2,False,True,True,59.0,False,0.5027670562267303,UNRANKED,,False,,,
2022-02-28,2022-03-01,2022-03-08,T,XLC,14.081654065077963,13.717829704284668,13.780033717918714,5,stop_loss,LONG,LONG,0.5169279724359512,0.4962492287158966,0.5376067161560059,0.4690909090909091,0.4982828199863434,51.69279724359512,0.5138390064239502,1,True,True,False,59.0,False,0.6316340267658235,UNRANKED,,False,,,
2022-03-01,2022-03-02,2022-03-08,T,XLC,14.051827370616339,13.872900009155273,13.737427106421306,4,stop_loss,LONG,LONG,0.5244884192943573,0.5030068159103394,0.5459700226783752,0.539821029082774,0.41118958592414856,52.44884192943573,0.5138390064239502,1,True,True,False,59.0,False,0.42014235258102417,UNRANKED,,False,,,
2022-03-02,2022-03-03,2022-03-08,T,XLC,14.28443979916524,13.831151008605957,13.99304461178731,3,stop_loss,LONG,LONG,0.5134115070104599,0.48364970088005066,0.5431733131408691,0.46876987660602976,0.5409941673278809,51.34115070104599,0.5138390064239502,2,False,True,True,59.0,False,0.6272799670696259,UNRANKED,,False,,,
2022-03-03,2022-03-04,2022-03-08,T,XLC,14.135330204718192,13.831151008605957,13.857567246736538,2,stop_loss,LONG,LONG,0.5019681006669998,0.4876197278499603,0.5163164734840393,0.46876987660602976,0.6395273804664612,50.19681006669998,0.5138390064239502,2,False,True,True,59.0,False,0.4853072762489319,LOW,,True,1.297288143419883,-1.0,-0.1400305576776165
2022-03-04,2022-03-07,2022-03-08,T,XLC,14.117441460037218,13.652225494384766,13.84649359495979,1,stop_loss,LONG,LONG,0.5120556056499481,0.49669933319091797,0.5274118781089783,0.4690909090909091,0.6718136072158813,51.20556056499481,0.5138390064239502,2,False,True,True,59.0,False,0.548236072063446,LOW,,True,2.1170960294431853,-1.0,-0.1578720744496145
2022-03-07,2022-03-08,2022-03-14,T,XLC,14.022007914829423,13.771510124206543,13.73231571730222,4,take_profit,SHORT,SHORT,0.48893508315086365,0.45625001192092896,0.5216201543807983,0.46876987660602976,0.6093806028366089,51.106491684913635,0.5138390064239502,2,False,True,True,59.0,False,0.48407974839210516,UNRANKED,,False,,,
2022-03-08,2022-03-09,2022-03-16,T,XLC,13.89079186915916,13.831151008605957,13.831151008605957,5,time_exit,SHORT,SHORT,0.4774395078420639,0.5017755627632141,0.4531034529209137,0.5028653295128939,0.5400647521018982,52.25604921579361,0.5138390064239502,1,True,False,True,59.0,False,-0.00428900122642524,UNRANKED,,False,,,
2022-03-09,2022-03-10,2022-03-17,T,XLC,13.849042869490816,13.831151008605957,13.831151008605957,5,time_exit,LONG,LONG,0.5002880245447159,0.48555728793144226,0.5150187611579895,0.46876987660602976,0.5431479215621948,50.02880245447159,0.5138390064239502,2,False,True,True,59.0,False,0.43761387467384333,UNRANKED,,False,,,
2022-03-10,2022-03-11,2022-03-14,T,XLC,14.075686160888251,13.849043846130371,13.783436481322822,1,stop_loss,LONG,LONG,0.516735628247261,0.4903792440891266,0.5430920124053955,0.46876987660602976,0.5350658893585205,51.673562824726105,0.5138390064239502,1,True,True,False,59.0,False,0.5773451626300812,UNRANKED,,False,,,
2022-03-11,2022-03-14,2022-03-21,T,XLC,13.849045031904026,13.813257217407227,13.813257217407227,5,time_exit,LONG,LONG,0.5146276950836182,0.49164867401123047,0.5376067161560059,0.46876987660602976,0.5326139330863953,51.462769508361816,0.5138390064239502,1,True,True,False,59.0,False,0.6805659830570221,UNRANKED,,False,,,
2022-03-14,2022-03-15,2022-03-22,T,XLC,13.705902607506687,13.843079566955566,13.843079566955566,5,time_exit,SHORT,SHORT,0.49423183500766754,0.49164867401123047,0.4968149960041046,0.46876987660602976,0.5813803672790527,50.576816499233246,0.5138390064239502,2,False,True,True,59.0,False,0.4473339915275574,UNRANKED,,False,,,
2022-03-15,2022-03-16,2022-03-23,T,XLC,13.807293185858573,13.843079566955566,13.843079566955566,5,time_exit,SHORT,SHORT,0.48961734771728516,0.47982195019721985,0.49941274523735046,0.46876987660602976,0.5606293082237244,51.038265228271484,0.5138390064239502,2,False,True,True,59.0,False,0.34487882256507874,UNRANKED,,False,,,
2022-03-16,2022-03-17,2022-03-24,T,XLC,13.789401324973714,13.914652824401855,13.914652824401855,5,time_exit,LONG,LONG,0.5099957883358002,0.48493486642837524,0.5350567102432251,0.46876987660602976,0.6284551620483398,50.99957883358002,0.5138390064239502,2,False,True,True,59.0,False,0.5199607014656067,UNRANKED,,False,,,
2022-03-17,2022-03-18,2022-03-25,T,XLC,13.837116440091231,14.218830108642578,14.058646400723555,5,take_profit,LONG,LONG,0.5203250348567963,0.5386632680892944,0.5019868016242981,0.539821029082774,0.6229145526885986,52.03250348567963,0.5138390064239502,1,True,True,False,59.0,False,0.19425332546234142,LOW,,True,1.5562100130084315,-1.0,-0.1270713243975276
2022-03-18,2022-03-21,2022-03-25,T,XLC,13.849042444253833,14.236722946166992,14.054383238408409,4,take_profit,LONG,LONG,0.5171825587749481,0.5334598422050476,0.5009052753448486,0.539821029082774,0.5951971411705017,51.71825587749481,0.5138390064239502,1,True,True,False,59.0,False,0.31866064667701727,UNRANKED,,False,,,
2022-03-21,2022-03-22,2022-03-25,T,XLC,13.872901847874042,14.308292388916016,14.069722651925032,3,take_profit,LONG,LONG,0.5578109622001648,0.5110889673233032,0.6045329570770264,0.539821029082774,0.5281675457954407,55.78109622001648,0.5138390064239502,1,True,True,False,59.0,False,0.23970559239387515,UNRANKED,,False,,,
2022-03-22,2022-03-23,2022-03-25,T,XLC,13.843079566955566,14.397756576538086,14.019452095031738,2,take_profit,LONG,LONG,0.5211534202098846,0.5116050839424133,0.530701756477356,0.539821029082774,0.4755605161190033,52.115342020988464,0.5138390064239502,1,True,True,False,59.0,False,0.6499485075473785,UNRANKED,,False,,,
2022-03-23,2022-03-24,2022-03-25,T,XLC,13.860974219950213,14.093578338623047,14.02967770789141,1,stop_loss,SHORT,SHORT,0.49756355583667755,0.48655030131340027,0.5085768103599548,0.46876987660602976,0.5453816652297974,50.243644416332245,0.5138390064239502,2,False,True,True,59.0,False,0.6073415279388427,UNRANKED,,False,,,
2022-03-24,2022-03-25,2022-03-28,T,XLC,13.956401561065185,14.302327156066895,14.131921368063301,1,take_profit,LONG,LONG,0.5151491761207581,0.5082101821899414,0.5220881700515747,0.539821029082774,0.5702124238014221,51.514917612075806,0.5138390064239502,1,True,True,False,59.0,False,0.5811055302619933,UNRANKED,,False,,,
2022-03-25,2022-03-28,2022-03-31,T,XLC,14.314257863192177,14.421615600585938,14.120844809952082,3,stop_loss,LONG,LONG,0.5107387900352478,0.5080724954605103,0.5134050846099854,0.539821029082774,0.6593072414398193,51.07387900352478,0.5138390064239502,2,False,True,True,59.0,False,0.30261951684951777,UNRANKED,,False,,,
2022-03-28,2022-03-29,2022-03-31,T,XLC,14.27847161668431,14.248649597167969,14.131069398274363,2,stop_loss,LONG,LONG,0.5034290552139282,0.5048580169677734,0.502000093460083,0.539821029082774,0.6141036748886108,50.34290552139282,0.5138390064239502,2,False,True,True,59.0,False,0.30393442511558544,UNRANKED,,False,,,
2022-03-29,2022-03-30,2022-03-31,T,XLC,14.3440794863963,14.3321533203125,14.20860596257515,1,stop_loss,LONG,LONG,0.5233898460865021,0.49725085496902466,0.5495288372039795,0.4823529411764706,0.6131213307380676,52.33898460865021,0.5138390064239502,1,True,True,False,59.0,False,0.4561170041561128,LOW,,True,2.3143196846208367,-1.0,-0.11188276963678032
2022-03-30,2022-03-31,2022-04-07,T,XLC,14.314257179294907,14.153223991394043,14.17196720017765,5,stop_loss,LONG,LONG,0.5130976140499115,0.5084065198898315,0.5177887082099915,0.539821029082774,0.622203528881073,51.30976140499115,0.5138390064239502,2,False,True,True,59.0,False,0.34376475214958196,LOW,,True,1.2270127750883564,-1.0,-0.1402736301132023
2022-03-31,2022-04-01,2022-04-04,T,XLC,14.147255835301884,14.397756576538086,14.332999848407004,1,stop_loss,SHORT,SHORT,0.4939845949411392,0.49700191617012024,0.4909672737121582,0.4823529411764706,0.6186280250549316,50.60154050588608,0.5138390064239502,2,False,True,True,59.0,False,0.2736200094223023,UNRANKED,,False,,,
2022-04-01,2022-04-04,2022-04-11,T,XLC,14.224794566426713,15.501219749450684,14.414799051420784,5,take_profit,LONG,LONG,0.515207976102829,0.49862974882125854,0.5317862033843994,0.5028653295128939,0.6114034652709961,51.5207976102829,0.5138390064239502,1,True,True,False,59.0,False,0.34490290284156805,UNRANKED,,False,,,
2022-04-04,2022-04-05,2022-04-11,T,XLC,14.29636524348675,15.445944786071777,14.486370273437574,4,take_profit,LONG,LONG,0.5117075145244598,0.4940800666809082,0.5293349623680115,0.46876987660602976,0.5919962525367737,51.170751452445984,0.5138390064239502,2,False,True,True,59.0,False,0.562325656414032,UNRANKED,,False,,,
2022-04-05,2022-04-06,2022-04-08,T,XLC,14.183046414461053,15.556486129760742,14.389240747128813,2,take_profit,LONG,LONG,0.5160204470157623,0.49418002367019653,0.5378608703613281,0.46876987660602976,0.44869759678840637,51.60204470157623,0.5138390064239502,1,True,True,False,59.0,False,0.5637722909450532,UNRANKED,,False,,,
2022-04-06,2022-04-07,2022-04-11,T,XLC,14.260581203547018,15.652616500854492,14.478704639521139,2,take_profit,LONG,LONG,0.5083357989788055,0.4902782440185547,0.5263933539390564,0.46876987660602976,0.5859767198562622,50.833579897880554,0.5138390064239502,2,False,True,True,59.0,False,0.6591237187385561,UNRANKED,,False,,,
2022-04-07,2022-04-08,2022-04-11,T,XLC,14.11743618946114,15.588529586791992,14.358564838491553,1,take_profit,LONG,LONG,0.5164059400558472,0.4949510097503662,0.5378608703613281,0.46876987660602976,0.6117599010467529,51.64059400558472,0.5138390064239502,1,True,True,False,59.0,False,0.7312965989112854,UNRANKED,,False,,,
2022-04-08,2022-04-11,2022-04-12,T,XLC,14.916864193818663,15.61256217956543,15.187813693766348,1,take_profit,LONG,LONG,0.5079006105661392,0.4863382875919342,0.5294629335403442,0.46876987660602976,0.6115061044692993,50.79006105661392,0.5138390064239502,2,False,True,True,59.0,False,0.5283311903476716,UNRANKED,,False,,,
2022-04-11,2022-04-12,2022-04-20,T,XLC,15.595982507876831,15.564498901367188,15.564498901367188,5,time_exit,SHORT,SHORT,0.4449969679117203,0.4632954001426697,0.4266985356807709,0.46876987660602976,0.5058664679527283,55.50030320882797,0.5138390064239502,1,True,False,True,59.0,False,0.40088525414466863,UNRANKED,,False,,,
2022-04-12,2022-04-13,2022-04-21,T,XLC,15.31617027229748,16.189319610595703,15.748393456065616,5,stop_loss,SHORT,SHORT,0.49834083020687103,0.4716225564479828,0.5250591039657593,0.46876987660602976,0.41279542446136475,50.1659169793129,0.5138390064239502,2,False,True,True,59.0,False,0.15955978631973278,UNRANKED,,False,,,
2022-04-13,2022-04-14,2022-04-21,T,XLC,15.476383410985523,15.6365966796875,15.9141734642169,4,stop_loss,SHORT,SHORT,0.49820445477962494,0.4932122528553009,0.503196656703949,0.46876987660602976,0.35785573720932007,50.179554522037506,0.5138390064239502,2,False,True,True,59.0,False,0.23475334048271185,UNRANKED,,False,,,
2022-04-14,2022-04-18,2022-04-21,T,XLC,15.564498914611226,15.628585815429688,15.972567980250178,3,stop_loss,SHORT,SHORT,0.4792933613061905,0.46033239364624023,0.49825432896614075,0.46876987660602976,0.4605391323566437,52.07066386938095,0.5138390064239502,1,True,False,True,59.0,False,0.13417312502861023,UNRANKED,,False,,,
2022-04-18,2022-04-19,2022-04-21,T,XLC,15.61256217956543,15.460362434387207,16.027230398995535,2,stop_loss,SHORT,SHORT,0.47632916271686554,0.4604065716266632,0.49225175380706787,0.46876987660602976,0.36224809288978577,52.367083728313446,0.5138390064239502,1,True,False,True,59.0,False,0.38760763406753534,UNRANKED,,False,,,
2022-04-19,2022-04-20,2022-04-21,T,XLC,15.636593973630463,15.276121139526367,16.044471214492628,1,stop_loss,SHORT,SHORT,0.4998310059309006,0.4914533793926239,0.5082086324691772,0.46876987660602976,0.5047651529312134,50.01689940690994,0.5138390064239502,2,False,True,True,59.0,False,0.3024328052997588,UNRANKED,,False,,,
2022-04-20,2022-04-21,2022-04-27,T,XLC,15.764761470073324,15.556486129760742,15.362798644843135,4,take_profit,SHORT,SHORT,0.4915580302476883,0.48991158604621887,0.4932044744491577,0.46876987660602976,0.50020432472229,50.84419697523117,0.5138390064239502,2,False,True,True,59.0,False,0.6627875864505769,UNRANKED,,False,,,
2022-04-21,2022-04-22,2022-04-26,T,XLC,16.061154925499213,15.107900619506836,15.613386032938527,2,take_profit,SHORT,SHORT,0.4980853199958801,0.4885827898979187,0.5075878500938416,0.46876987660602976,0.5005028247833252,50.19146800041199,0.5138390064239502,2,False,True,True,59.0,False,0.3378018140792846,UNRANKED,,False,,,
2022-04-22,2022-04-25,2022-04-27,T,XLC,15.83686033318678,15.316176414489746,15.339952281559757,2,stop_loss,LONG,LONG,0.5231522023677826,0.5090932250022888,0.5372111797332764,0.539821029082774,0.46000173687934875,52.31522023677826,0.5138390064239502,1,True,True,False,59.0,False,0.7103009819984437,UNRANKED,,False,,,
2022-04-25,2022-04-26,2022-05-03,T,XLC,15.580521918712254,15.484395980834961,15.484395980834961,5,time_exit,SHORT,SHORT,0.49979229271411896,0.5263398289680481,0.4732447564601898,0.539821029082774,0.49450692534446716,50.020770728588104,0.5138390064239502,2,False,True,True,59.0,False,-0.1714811623096467,UNRANKED,,False,,,
2022-04-26,2022-04-27,2022-05-04,T,XLC,15.404289838555579,15.981047630310059,15.884623575520214,5,take_profit,LONG,LONG,0.5215039253234863,0.541053056716919,0.5019547939300537,0.5517241379310345,0.4847591519355774,52.15039253234863,0.5138390064239502,1,True,True,False,59.0,False,0.001494228839874108,UNRANKED,,False,,,
2022-04-27,2022-04-28,2022-05-04,T,XLC,15.420306736427305,15.981047630310059,15.915031555065697,4,take_profit,LONG,LONG,0.5190911889076233,0.509208083152771,0.5289742946624756,0.539821029082774,0.44229820370674133,51.90911889076233,0.5138390064239502,1,True,True,False,59.0,False,0.8893037140369418,UNRANKED,,False,,,
2022-04-28,2022-04-29,2022-05-06,T,XLC,15.508428194548765,16.04513168334961,16.017643821946574,5,take_profit,LONG,LONG,0.5390223115682602,0.48554930090904236,0.592495322227478,0.46876987660602976,0.4953433573246002,53.90223115682602,0.5138390064239502,1,True,True,False,59.0,False,0.40257349610328663,UNRANKED,,False,,,
2022-04-29,2022-05-02,2022-05-04,T,XLC,15.220049116220272,15.660627365112305,15.75841516149092,2,take_profit,LONG,LONG,0.5222045183181763,0.5065481662750244,0.5378608703613281,0.539821029082774,0.44066452980041504,52.22045183181763,0.5138390064239502,1,True,True,False,59.0,False,1.0495886057615282,UNRANKED,,False,,,
2022-05-02,2022-05-03,2022-05-04,T,XLC,15.364238013971834,15.508426666259766,15.774720148109669,1,take_profit,LONG,LONG,0.5216441452503204,0.5054274201393127,0.5378608703613281,0.539821029082774,0.4021599590778351,52.16441452503204,0.5138390064239502,1,True,True,False,59.0,False,0.6631481945514679,UNRANKED,,False,,,
2022-05-03,2022-05-04,2022-05-05,T,XLC,15.44434072694715,15.564498901367188,15.870957804365887,1,take_profit,LONG,LONG,0.5223139226436615,0.5126062631607056,0.5320215821266174,0.539821029082774,0.4537021517753601,52.23139226436615,0.5138390064239502,1,True,True,False,59.0,False,0.8323909938335419,UNRANKED,,False,,,
2022-05-04,2022-05-05,2022-05-12,T,XLC,15.812825288236631,15.796806335449219,15.796806335449219,5,time_exit,LONG,LONG,0.5017812699079514,0.5324768424034119,0.47108569741249084,0.539821029082774,0.5091791152954102,50.178126990795135,0.5138390064239502,2,False,True,True,59.0,False,0.08673945069313047,UNRANKED,,False,,,
2022-05-05,2022-05-06,2022-05-13,T,XLC,15.860887878085416,15.892932891845703,15.892932891845703,5,time_exit,SHORT,SHORT,0.4838891923427582,0.4886617362499237,0.47911664843559265,0.46876987660602976,0.5110158920288086,51.61108076572418,0.5138390064239502,1,True,False,True,59.0,False,-0.08520659804344186,UNRANKED,,False,,,
2022-05-06,2022-05-09,2022-05-10,T,XLC,16.005081319538903,16.24539566040039,15.537038945881676,1,stop_loss,LONG,LONG,0.5150661170482635,0.49252551794052124,0.5376067161560059,0.46876987660602976,0.501146674156189,51.506611704826355,0.5138390064239502,1,True,True,False,59.0,False,0.6210185885429382,UNRANKED,,False,,,
2022-05-09,2022-05-10,2022-05-17,T,XLC,15.748742576446242,16.477703094482422,16.26828091088402,5,stop_loss,SHORT,SHORT,0.48524443805217743,0.5142524242401123,0.45623645186424255,0.539821029082774,0.560438334941864,51.47555619478226,0.5138390064239502,1,True,False,True,59.0,False,-0.30198574066162087,UNRANKED,,False,,,
2022-05-10,2022-05-11,2022-05-16,T,XLC,15.620572506929477,16.205341339111328,16.154987615746442,3,take_profit,LONG,LONG,0.5077109932899475,0.5050051212310791,0.5104168653488159,0.539821029082774,0.4230586886405945,50.77109932899475,0.5138390064239502,2,False,True,True,59.0,False,0.34254094958305353,UNRANKED,,False,,,
2022-05-11,2022-05-12,2022-05-16,T,XLC,15.540468942824779,16.189319610595703,15.993634269624444,2,take_profit,LONG,LONG,0.5217759609222412,0.48752450942993164,0.5560274124145508,0.46876987660602976,0.5005564093589783,52.17759609222412,0.5138390064239502,1,True,True,False,59.0,False,0.8426130414009094,UNRANKED,,False,,,
2022-05-12,2022-05-13,2022-05-16,T,XLC,15.812827078356078,16.34152603149414,16.220218762752005,1,take_profit,LONG,LONG,0.5155014246702194,0.4875667989253998,0.5434360504150391,0.46876987660602976,0.5771820545196533,51.55014246702194,0.5138390064239502,1,True,True,False,59.0,False,0.7010294795036317,UNRANKED,,False,,,
2022-05-13,2022-05-16,2022-05-17,T,XLC,15.96502610982089,16.613882064819336,16.385005750236626,1,take_profit,LONG,LONG,0.5158156901597977,0.49425968527793884,0.5373716950416565,0.46876987660602976,0.5343847274780273,51.58156901597977,0.5138390064239502,1,True,True,False,59.0,False,0.6461108922958375,UNRANKED,,False,,,
2022-05-16,2022-05-17,2022-05-24,T,XLC,16.341523666929206,16.9503231048584,16.787823219846686,5,take_profit,LONG,LONG,0.5180797725915909,0.49002209305763245,0.5461374521255493,0.46876987660602976,0.5460058450698853,51.80797725915909,0.5138390064239502,1,True,True,False,59.0,False,0.600455731153488,UNRANKED,,False,,,
2022-05-17,2022-05-18,2022-05-24,T,XLC,16.42963727608367,17.06247329711914,16.882803420318464,4,stop_loss,SHORT,SHORT,0.49185459315776825,0.5034341812133789,0.4802750051021576,0.539821029082774,0.4686482548713684,50.814540684223175,0.5138390064239502,2,False,True,True,59.0,False,0.18092206120491028,UNRANKED,,False,,,
2022-05-18,2022-05-19,2022-05-23,T,XLC,15.957014472404579,17.078495025634766,16.40903729737319,2,stop_loss,SHORT,SHORT,0.48924389481544495,0.5330856442451477,0.4454021453857422,0.539821029082774,0.5042722225189209,51.075610518455505,0.5138390064239502,2,False,True,True,59.0,False,-0.06738218665122991,UNRANKED,,False,,,
2022-05-19,2022-05-20,2022-05-23,T,XLC,16.1893251132902,17.054462432861328,16.579553112296196,1,stop_loss,SHORT,SHORT,0.49270594120025635,0.46790122985839844,0.5175106525421143,0.46876987660602976,0.5250904560089111,50.729405879974365,0.5138390064239502,2,False,True,True,59.0,False,0.4327915608882904,UNRANKED,,False,,,
2022-05-20,2022-05-23,2022-05-24,T,XLC,16.445661232531418,17.054462432861328,16.82787932095392,1,stop_loss,SHORT,SHORT,0.4909253567457199,0.463752418756485,0.5180982947349548,0.46876987660602976,0.5164809823036194,50.90746432542801,0.5138390064239502,2,False,True,True,59.0,False,0.5375404953956604,UNRANKED,,False,,,
2022-05-23,2022-05-24,2022-05-25,T,XLC,16.6619428256803,16.998388290405273,17.0590375522428,1,stop_loss,SHORT,SHORT,0.49837736785411835,0.4853084981441498,0.5114462375640869,0.46876987660602976,0.5057404041290283,50.162263214588165,0.5138390064239502,2,False,True,True,59.0,False,0.4460330605506896,UNRANKED,,False,,,
2022-05-24,2022-05-25,2022-06-02,T,XLC,16.91828466019627,16.97435760498047,16.97435760498047,5,time_exit,LONG,LONG,0.5272751897573471,0.49751368165016174,0.5570366978645325,0.4823529411764706,0.5371994376182556,52.72751897573471,0.5138390064239502,1,True,True,False,59.0,False,0.664015918970108,UNRANKED,,False,,,
2022-05-25,2022-05-26,2022-06-03,T,XLC,17.126557905339517,16.742050170898438,16.742050170898438,5,time_exit,LONG,LONG,0.5139886736869812,0.48734050989151,0.5406368374824524,0.46876987660602976,0.5340399742126465,51.39886736869812,0.5138390064239502,1,True,True,False,59.0,False,0.5312204658985138,UNRANKED,,False,,,
2022-05-26,2022-05-27,2022-06-06,T,XLC,17.07048237236806,16.77409553527832,16.77409553527832,5,time_exit,LONG,LONG,0.5086875259876251,0.5406923294067383,0.47668272256851196,0.5517241379310345,0.5299692153930664,50.86875259876251,0.5138390064239502,2,False,True,True,59.0,False,0.2758012413978576,UNRANKED,,False,,,
2022-05-27,2022-05-31,2022-06-07,T,XLC,16.974356623762773,16.934307098388672,16.934307098388672,5,time_exit,SHORT,SHORT,0.4889947175979614,0.47600263357162476,0.5019868016242981,0.46876987660602976,0.6057243943214417,51.10052824020386,0.5138390064239502,2,False,True,True,59.0,False,0.36732313036918635,UNRANKED,,False,,,
2022-05-31,2022-06-01,2022-06-03,T,XLC,17.174621386299926,16.86220359802246,16.864497397739658,2,take_profit,SHORT,SHORT,0.496270552277565,0.4905543029308319,0.5019868016242981,0.46876987660602976,0.5851293802261353,50.3729447722435,0.5138390064239502,2,False,True,True,59.0,False,0.3907335698604584,UNRANKED,,False,,,
2022-06-01,2022-06-02,2022-06-09,T,XLC,17.030431216223473,16.726024627685547,16.726024627685547,5,time_exit,SHORT,SHORT,0.49154894053936005,0.5120121836662292,0.47108569741249084,0.539821029082774,0.6165165305137634,50.845105946063995,0.5138390064239502,2,False,True,True,59.0,False,0.414323925971985,UNRANKED,,False,,,
2022-06-02,2022-06-03,2022-06-10,T,XLC,16.870218856142557,16.57383155822754,16.58984841634066,5,stop_loss,LONG,LONG,0.5223893225193024,0.5177047848701477,0.527073860168457,0.539821029082774,0.6025681495666504,52.23893225193024,0.5138390064239502,1,True,True,False,59.0,False,0.26579505205154424,UNRANKED,,False,,,
2022-06-03,2022-06-06,2022-06-13,T,XLC,16.75807406532986,15.828845977783203,16.45824921443003,5,stop_loss,LONG,LONG,0.5206835567951202,0.5106653571128845,0.530701756477356,0.539821029082774,0.5448083281517029,52.068355679512024,0.5138390064239502,1,True,True,False,59.0,False,0.6918894946575165,UNRANKED,,False,,,
2022-06-06,2022-06-07,2022-06-13,T,XLC,16.742054026250546,15.580520629882812,16.48800309023283,4,stop_loss,LONG,LONG,0.5118613541126251,0.5063246488571167,0.5173980593681335,0.539821029082774,0.5566230416297913,51.18613541126251,0.5138390064239502,2,False,True,True,59.0,False,0.3786608874797821,UNRANKED,,False,,,
2022-06-07,2022-06-08,2022-06-10,T,XLC,16.894246524681662,15.572509765625,16.650494998802756,2,stop_loss,LONG,LONG,0.5050030946731567,0.49113744497299194,0.5188687443733215,0.46876987660602976,0.5461229681968689,50.500309467315674,0.5138390064239502,2,False,True,True,59.0,False,0.504823327064514,UNRANKED,,False,,,
2022-06-08,2022-06-09,2022-06-10,T,XLC,16.838173345865616,15.188007354736328,16.623030142130265,1,take_profit,SHORT,SHORT,0.4996812492609024,0.489339143037796,0.5100233554840088,0.46876987660602976,0.5963965654373169,50.03187507390976,0.5138390064239502,2,False,True,True,59.0,False,0.2858171164989472,UNRANKED,,False,,,
2022-06-09,2022-06-10,2022-06-13,T,XLC,16.56582082334339,15.524449348449707,16.333512299347856,1,stop_loss,LONG,LONG,0.5146418809890747,0.48418354988098145,0.545100212097168,0.46876987660602976,0.5393160581588745,51.46418809890747,0.5138390064239502,1,True,True,False,59.0,False,0.4914232194423676,UNRANKED,,False,,,
2022-06-10,2022-06-13,2022-06-14,T,XLC,16.341520656289198,15.989055633544922,16.109214039642296,1,stop_loss,LONG,LONG,0.5079531520605087,0.49278661608695984,0.5231196880340576,0.46876987660602976,0.5335671305656433,50.79531520605087,0.5138390064239502,2,False,True,True,59.0,False,0.7370924651622771,UNRANKED,,False,,,
2022-06-13,2022-06-14,2022-06-15,T,XLC,15.92497300239521,16.27743911743164,15.625147879017002,1,take_profit,SHORT,SHORT,0.49183961749076843,0.47887343168258667,0.5048058032989502,0.46876987660602976,0.4629296660423279,50.81603825092316,0.5138390064239502,2,False,True,True,59.0,False,0.7982281744480131,UNRANKED,,False,,,
2022-06-14,2022-06-15,2022-06-16,T,XLC,15.70067844452799,16.509748458862305,15.413441277169591,1,stop_loss,LONG,LONG,0.5140959322452545,0.5233860611915588,0.5048058032989502,0.539821029082774,0.5392556190490723,51.40959322452545,0.5138390064239502,1,True,True,False,59.0,False,0.8600828349590303,UNRANKED,,False,,,
2022-06-15,2022-06-16,2022-06-21,T,XLC,15.444346327416392,16.81414794921875,15.716706447917229,2,take_profit,LONG,LONG,0.5211246460676193,0.5454572439193726,0.4967920482158661,0.6111111111111112,0.540198028087616,52.11246460676193,0.5138390064239502,1,True,True,False,59.0,False,0.9142498672008516,UNRANKED,,False,,,
2022-06-16,2022-06-17,2022-06-21,T,XLC,15.332196280766082,16.645925521850586,15.657196498748783,1,take_profit,LONG,LONG,0.522387757897377,0.5719577074050903,0.4728178083896637,1.0,0.5423743724822998,52.2387757897377,0.5138390064239502,1,True,True,False,59.0,False,1.104791671037674,UNRANKED,,False,,,
2022-06-17,2022-06-21,2022-06-22,T,XLC,15.740729033611467,16.509748458862305,16.11035916601416,1,take_profit,LONG,LONG,0.5051391869783401,0.45745471119880676,0.5528236627578735,0.46876987660602976,0.5088866353034973,50.513918697834015,0.5138390064239502,2,False,True,True,59.0,False,1.1243748217821121,UNRANKED,,False,,,
2022-06-21,2022-06-22,2022-06-23,T,XLC,15.900943776720043,16.7821044921875,16.33694623556491,1,take_profit,LONG,LONG,0.517154797911644,0.48148593306541443,0.5528236627578735,0.46876987660602976,0.5031366944313049,51.7154797911644,0.5138390064239502,1,True,True,False,59.0,False,0.8658381700515746,UNRANKED,,False,,,
2022-06-22,2022-06-23,2022-06-30,T,XLC,16.365558275797582,16.790115356445312,16.790115356445312,5,time_exit,LONG,LONG,0.5193475931882858,0.4858715236186981,0.5528236627578735,0.46876987660602976,0.5280826687812805,51.93475931882858,0.5138390064239502,1,True,True,False,59.0,False,0.6251370608806608,UNRANKED,,False,,,
2022-06-23,2022-06-24,2022-07-01,T,XLC,16.58184274284362,17.070484161376953,17.070484161376953,5,time_exit,LONG,LONG,0.5107037723064423,0.4775526523590088,0.5438548922538757,0.46876987660602976,0.6185140609741211,51.070377230644226,0.5138390064239502,2,False,True,True,59.0,False,0.41879692673683167,UNRANKED,,False,,,
2022-06-24,2022-06-27,2022-07-05,T,XLC,16.782104949915595,16.95833396911621,16.95833396911621,5,time_exit,LONG,LONG,0.5071510225534439,0.5145834684371948,0.499718576669693,0.539821029082774,0.5988873839378357,50.71510225534439,0.5138390064239502,2,False,True,True,59.0,False,0.18905389308929432,UNRANKED,,False,,,
2022-06-27,2022-06-28,2022-07-06,T,XLC,16.766085883025557,16.89425277709961,16.89425277709961,5,time_exit,LONG,LONG,0.5035468935966492,0.5016515254974365,0.5054422616958618,0.5028653295128939,0.5510990023612976,50.35468935966492,0.5138390064239502,2,False,True,True,59.0,False,0.5098580121994019,UNRANKED,,False,,,
2022-06-28,2022-06-29,2022-07-07,T,XLC,16.55780852034765,16.94231414794922,16.94231414794922,5,time_exit,SHORT,SHORT,0.465254545211792,0.4832077920436859,0.44730129837989807,0.46876987660602976,0.42939528822898865,53.4745454788208,0.5138390064239502,1,True,False,True,59.0,False,0.29585933685302745,UNRANKED,,False,,,
2022-06-29,2022-06-30,2022-07-08,T,XLC,16.653937446538304,16.883867263793945,16.883867263793945,5,time_exit,LONG,LONG,0.520301565527916,0.49754467606544495,0.543058454990387,0.4823529411764706,0.43515512347221375,52.030156552791595,0.5138390064239502,1,True,True,False,59.0,False,0.490317702293396,UNRANKED,,False,,,
2022-06-30,2022-07-01,2022-07-11,T,XLC,16.798125298633046,16.770227432250977,16.770227432250977,5,time_exit,SHORT,SHORT,0.47573551535606384,0.46407783031463623,0.48739320039749146,0.46876987660602976,0.5381550192832947,52.426448464393616,0.5138390064239502,1,True,False,True,59.0,False,0.2585904896259306,UNRANKED,,False,,,
2022-07-01,2022-07-05,2022-07-12,T,XLC,16.92629103656362,16.721527099609375,16.721527099609375,5,time_exit,LONG,LONG,0.5071011930704117,0.4913890063762665,0.5228133797645569,0.46876987660602976,0.5430140495300293,50.71011930704117,0.5138390064239502,2,False,True,True,59.0,False,0.7891488969326019,UNRANKED,,False,,,
2022-07-05,2022-07-06,2022-07-13,T,XLC,16.95833712624424,16.599763870239258,16.599763870239258,5,time_exit,LONG,LONG,0.5303444862365723,0.5054645538330078,0.5552244186401367,0.539821029082774,0.5187670588493347,53.03444862365723,0.5138390064239502,1,True,True,False,59.0,False,0.8976160138845443,UNRANKED,,False,,,
2022-07-06,2022-07-07,2022-07-14,T,XLC,16.95833561578121,16.50235939025879,16.52118983767016,5,stop_loss,LONG,LONG,0.5493953377008438,0.48946306109428406,0.6093276143074036,0.46876987660602976,0.4893823266029358,54.93953377008438,0.5138390064239502,1,True,True,False,59.0,False,0.671790063381195,UNRANKED,,False,,,
2022-07-07,2022-07-08,2022-07-14,T,XLC,16.98939230507848,16.697174072265625,16.546525026025744,4,stop_loss,LONG,LONG,0.5248813331127167,0.515782356262207,0.5339803099632263,0.539821029082774,0.5127572417259216,52.48813331127167,0.5138390064239502,1,True,True,False,59.0,False,0.3999503850936889,UNRANKED,,False,,,
2022-07-08,2022-07-11,2022-07-18,T,XLC,16.81081303646866,16.664703369140625,16.664703369140625,5,time_exit,LONG,LONG,0.5270044803619385,0.5039746165275574,0.5500343441963196,0.539821029082774,0.5110039114952087,52.70044803619385,0.5138390064239502,1,True,True,False,59.0,False,0.09224602580070505,UNRANKED,,False,,,
2022-07-11,2022-07-12,2022-07-19,T,XLC,16.74587784677825,16.883867263793945,16.883867263793945,5,time_exit,LONG,LONG,0.5267046391963959,0.5033749341964722,0.5500343441963196,0.539821029082774,0.5395088195800781,52.67046391963959,0.5138390064239502,1,True,True,False,59.0,False,0.5782857537269592,UNRANKED,,False,,,
2022-07-12,2022-07-13,2022-07-20,T,XLC,16.599763870239258,16.624120712280273,16.624120712280273,5,time_exit,LONG,LONG,0.5198639929294586,0.5152416825294495,0.5244863033294678,0.539821029082774,0.501465380191803,51.98639929294586,0.5138390064239502,1,True,True,False,59.0,False,0.6603980958461761,UNRANKED,,False,,,
2022-07-13,2022-07-14,2022-07-15,T,XLC,16.34001386734985,15.357828140258789,16.621254875563437,1,stop_loss,SHORT,SHORT,0.49101434648036957,0.47989562153816223,0.5021330714225769,0.46876987660602976,0.5157057642936707,50.89856535196304,0.5138390064239502,2,False,True,True,59.0,False,0.2853853404521942,UNRANKED,,False,,,
2022-07-14,2022-07-15,2022-07-21,T,XLC,16.67282332616418,14.935733795166016,16.410854441014905,4,stop_loss,LONG,LONG,0.5079083144664764,0.4940034747123718,0.521813154220581,0.46876987660602976,0.5463660955429077,50.790831446647644,0.5138390064239502,2,False,True,True,59.0,False,0.11207234859466558,UNRANKED,,False,,,
2022-07-15,2022-07-18,2022-07-21,T,XLC,16.745874574832726,15.041254997253418,16.499560662304823,3,take_profit,SHORT,SHORT,0.49983181059360504,0.4896402657032013,0.5100233554840088,0.46876987660602976,0.47978276014328003,50.016818940639496,0.5138390064239502,2,False,True,True,59.0,False,0.39493349194526683,UNRANKED,,False,,,
2022-07-18,2022-07-19,2022-07-21,T,XLC,16.721523309247566,14.854558944702148,16.494602500182975,2,take_profit,SHORT,SHORT,0.49600742757320404,0.49024197459220886,0.5017728805541992,0.46876987660602976,0.49626538157463074,50.399257242679596,0.5138390064239502,2,False,True,True,59.0,False,0.13640639185905462,UNRANKED,,False,,,
2022-07-19,2022-07-20,2022-07-21,T,XLC,16.90010722132087,14.927614212036133,16.66133115058984,1,stop_loss,LONG,LONG,0.5084019750356674,0.48174723982810974,0.5350567102432251,0.46876987660602976,0.504913866519928,50.84019750356674,0.5138390064239502,2,False,True,True,59.0,False,0.47442191839218134,UNRANKED,,False,,,
2022-07-20,2022-07-21,2022-07-22,T,XLC,15.455235764899474,15.081842422485352,15.21826104871295,1,stop_loss,LONG,LONG,0.505992129445076,0.5408985614776611,0.47108569741249084,0.5517241379310345,0.542461633682251,50.5992129445076,0.5138390064239502,2,False,True,True,59.0,False,0.3257911801338196,UNRANKED,,False,,,
2022-07-21,2022-07-22,2022-07-29,T,XLC,15.146782397653515,15.244184494018555,15.244184494018555,5,time_exit,LONG,LONG,0.5114799439907074,0.4898250102996826,0.5331348776817322,0.46876987660602976,0.5593413710594177,51.14799439907074,0.5138390064239502,2,False,True,True,59.0,False,0.3563759326934814,UNRANKED,,False,,,
2022-07-22,2022-07-25,2022-08-01,T,XLC,14.919495088072853,15.203598976135254,15.203598976135254,5,time_exit,LONG,LONG,0.5204712003469467,0.4869711697101593,0.5539712309837341,0.46876987660602976,0.5615519285202026,52.04712003469467,0.5138390064239502,1,True,True,False,59.0,False,0.6372947692871094,UNRANKED,,False,,,
2022-07-25,2022-07-26,2022-08-02,T,XLC,14.93573171098437,14.9032621383667,14.9032621383667,5,time_exit,SHORT,SHORT,0.491693913936615,0.47180628776550293,0.511581540107727,0.46876987660602976,0.501588761806488,50.8306086063385,0.5138390064239502,2,False,True,True,59.0,False,0.5432299971580506,UNRANKED,,False,,,
2022-07-26,2022-07-27,2022-08-03,T,XLC,14.895146034615097,14.911377906799316,14.911377906799316,5,time_exit,SHORT,SHORT,0.4852864146232605,0.48264724016189575,0.48792558908462524,0.46876987660602976,0.5369283556938171,51.47135853767395,0.5138390064239502,1,True,False,True,59.0,False,0.3807880282402038,UNRANKED,,False,,,
2022-07-27,2022-07-28,2022-08-04,T,XLC,14.85455898591293,14.830208778381348,14.830208778381348,5,time_exit,LONG,LONG,0.5168775916099548,0.49315279722213745,0.5406023859977722,0.46876987660602976,0.5513420104980469,51.68775916099548,0.5138390064239502,1,True,True,False,59.0,False,0.6111569106578828,UNRANKED,,False,,,
2022-07-28,2022-07-29,2022-08-05,T,XLC,15.025018538686842,14.895146369934082,14.895146369934082,5,time_exit,LONG,LONG,0.5132317543029785,0.4781562089920044,0.5483072996139526,0.46876987660602976,0.5583363771438599,51.32317543029785,0.5138390064239502,2,False,True,True,59.0,False,0.637153297662735,UNRANKED,,False,,,
2022-07-29,2022-08-01,2022-08-08,T,XLC,15.301006593919233,14.611042022705078,14.823250366153468,5,stop_loss,LONG,LONG,0.5051162838935852,0.4751758575439453,0.5350567102432251,0.46876987660602976,0.5138931274414062,50.51162838935852,0.5138390064239502,2,False,True,True,59.0,False,0.6846445500850677,UNRANKED,,False,,,
2022-08-01,2022-08-02,2022-08-08,T,XLC,15.19548190209044,14.69221305847168,14.718884933575861,4,stop_loss,LONG,LONG,0.5195451080799103,0.4959169030189514,0.5431733131408691,0.46876987660602976,0.5142073631286621,51.95451080799103,0.5138390064239502,1,True,True,False,59.0,False,0.887537032365799,UNRANKED,,False,,,
2022-08-02,2022-08-03,2022-08-10,T,XLC,14.95196350749614,14.619158744812012,14.619158744812012,5,time_exit,LONG,LONG,0.5191749930381775,0.5092344284057617,0.5291155576705933,0.539821029082774,0.4649876654148102,51.91749930381775,0.5138390064239502,1,True,True,False,59.0,False,0.7021782696247102,UNRANKED,,False,,,
2022-08-03,2022-08-04,2022-08-11,T,XLC,14.86267695721855,14.643510818481445,14.643510818481445,5,time_exit,SHORT,SHORT,0.4994991719722748,0.48058801889419556,0.518410325050354,0.46876987660602976,0.4656926691532135,50.05008280277252,0.5138390064239502,2,False,True,True,59.0,False,0.6001347005367281,UNRANKED,,False,,,
2022-08-04,2022-08-05,2022-08-12,T,XLC,14.830208465388392,14.830208778381348,14.830208778381348,5,time_exit,LONG,LONG,0.5102513432502747,0.5140256881713867,0.5064769983291626,0.539821029082774,0.5193957090377808,51.025134325027466,0.5138390064239502,2,False,True,True,59.0,False,0.37107071280479437,UNRANKED,,False,,,
2022-08-05,2022-08-08,2022-08-15,T,XLC,14.903263358596531,14.927614212036133,14.927614212036133,5,time_exit,SHORT,SHORT,0.4982406497001648,0.5160472989082336,0.48043400049209595,0.539821029082774,0.5575078129768372,50.17593502998352,0.5138390064239502,2,False,True,True,59.0,False,0.381348341703415,UNRANKED,,False,,,
2022-08-08,2022-08-09,2022-08-16,T,XLC,14.643510024303653,15.073725700378418,15.073725700378418,5,time_exit,LONG,LONG,0.5026921331882477,0.5267348289489746,0.47864943742752075,0.539821029082774,0.5113793611526489,50.26921331882477,0.5138390064239502,2,False,True,True,59.0,False,0.3454668819904327,UNRANKED,,False,,,
2022-08-09,2022-08-10,2022-08-17,T,XLC,14.789620150317589,14.95196533203125,14.95196533203125,5,time_exit,SHORT,SHORT,0.48660656809806824,0.4792684018611908,0.4939447343349457,0.46876987660602976,0.5520150065422058,51.339343190193176,0.5138390064239502,2,False,True,True,59.0,False,0.3976229429244995,UNRANKED,,False,,,
2022-08-10,2022-08-11,2022-08-16,T,XLC,14.659744131923492,14.96008586883545,14.950802944746107,3,take_profit,LONG,LONG,0.5003002136945724,0.49799618124961853,0.5026042461395264,0.4863150867823765,0.547385036945343,50.030021369457245,0.506757378578186,2,False,True,True,55.0,False,0.009554654359817446,UNRANKED,,False,,,
2022-08-11,2022-08-12,2022-08-15,T,XLC,14.692215534779177,14.96008586883545,14.926454023112742,1,stop_loss,SHORT,SHORT,0.48192310333251953,0.49799618124961853,0.46585002541542053,0.4863150867823765,0.5429739356040955,51.80768966674805,0.506757378578186,1,True,False,True,55.0,False,-0.2144130766391755,UNRANKED,,False,,,
2022-08-12,2022-08-15,2022-08-16,T,XLC,14.765270228447477,14.716565132141113,15.011105396468542,1,take_profit,LONG,LONG,0.5015267580747604,0.4975126087665558,0.5055409073829651,0.4863150867823765,0.6106915473937988,50.152675807476044,0.506757378578186,2,False,True,True,55.0,False,-0.21755480766296378,UNRANKED,,False,,,
2022-08-15,2022-08-16,2022-08-23,T,XLC,14.911381707965436,14.659746170043945,14.678302342643867,5,stop_loss,LONG,LONG,0.5001496821641922,0.4947584569454193,0.5055409073829651,0.4727463312368972,0.5875123143196106,50.01496821641922,0.506757378578186,2,False,True,True,55.0,False,0.3858639299869537,UNRANKED,,False,,,
2022-08-16,2022-08-17,2022-08-23,T,XLC,14.95196533203125,14.619158744812012,14.708449363708496,4,stop_loss,LONG,LONG,0.5000584274530411,0.4975126087665558,0.5026042461395264,0.4863150867823765,0.524807333946228,50.00584274530411,0.506757378578186,2,False,True,True,55.0,False,0.3125506341457367,UNRANKED,,False,,,
2022-08-17,2022-08-18,2022-08-25,T,XLC,14.82209261343915,14.684099197387695,14.684099197387695,5,time_exit,SHORT,SHORT,0.4990401417016983,0.4977104961872101,0.5003697872161865,0.4863150867823765,0.3907563090324402,50.09598582983017,0.506757378578186,2,False,True,True,55.0,False,0.5337710827589035,UNRANKED,,False,,,
2022-08-18,2022-08-19,2022-08-23,T,XLC,14.919498706517752,14.52175235748291,14.702652649170863,2,take_profit,SHORT,SHORT,0.49743181467056274,0.4977104961872101,0.4971531331539154,0.4863150867823765,0.3380108177661896,50.256818532943726,0.506757378578186,2,False,True,True,55.0,False,0.3218213319778442,UNRANKED,,False,,,
2022-08-19,2022-08-22,2022-08-24,T,XLC,14.8626757960984,14.432461738586426,14.651627669877698,2,stop_loss,LONG,LONG,0.5079347044229507,0.4977104961872101,0.5181589126586914,0.4863150867823765,0.4925106465816498,50.793470442295074,0.506757378578186,1,True,True,False,55.0,False,0.8800333440303802,UNRANKED,,False,,,
2022-08-22,2022-08-23,2022-08-29,T,XLC,14.700333329895892,14.46493148803711,14.497401789542934,4,stop_loss,LONG,LONG,0.5097197741270065,0.49806901812553406,0.521370530128479,0.4863150867823765,0.5195024013519287,50.97197741270065,0.506757378578186,1,True,True,False,55.0,False,0.7551742643117905,UNRANKED,,False,,,
2022-08-23,2022-08-24,2022-08-29,T,XLC,14.667861782350514,14.237649917602539,14.45797264290262,3,stop_loss,LONG,LONG,0.5063389241695404,0.49945271015167236,0.5132251381874084,0.4863150867823765,0.4962932765483856,50.63389241695404,0.506757378578186,2,False,True,True,55.0,False,0.3227216005325318,UNRANKED,,False,,,
2022-08-24,2022-08-25,2022-08-29,T,XLC,14.65162946788878,14.205182075500488,14.44753771461032,2,stop_loss,LONG,LONG,0.5020086467266083,0.49976444244384766,0.5042528510093689,0.4863150867823765,0.5700064897537231,50.20086467266083,0.506757378578186,2,False,True,True,55.0,False,0.731424778699875,UNRANKED,,False,,,
2022-08-25,2022-08-26,2022-08-31,T,XLC,14.62727742074647,13.953544616699219,14.423185258750445,3,take_profit,SHORT,SHORT,0.4997909963130951,0.49976444244384766,0.49981755018234253,0.4863150867823765,0.5100956559181213,50.02090036869049,0.506757378578186,2,False,True,True,55.0,False,0.11871796846389766,UNRANKED,,False,,,
2022-08-26,2022-08-29,2022-08-31,T,XLC,14.456812481988344,13.62885570526123,14.270114249610065,2,stop_loss,LONG,LONG,0.5166559815406799,0.5011480450630188,0.5321639180183411,0.4863150867823765,0.39439722895622253,51.66559815406799,0.506757378578186,1,True,True,False,55.0,False,0.7479641437530518,UNRANKED,,False,,,
2022-08-29,2022-08-30,2022-08-31,T,XLC,14.45681405660514,13.693796157836914,14.268955883779736,1,stop_loss,LONG,LONG,0.5275002717971802,0.5011480450630188,0.5538524985313416,0.4863150867823765,0.3693843483924866,52.75002717971802,0.506757378578186,1,True,True,False,55.0,False,0.4887187480926515,UNRANKED,,False,,,
2022-08-30,2022-08-31,2022-09-01,T,XLC,14.464931809786243,13.612619400024414,14.282871431847836,1,stop_loss,LONG,LONG,0.502594530582428,0.4929922819137573,0.5121967792510986,0.4727463312368972,0.472158819437027,50.2594530582428,0.506757378578186,2,False,True,True,55.0,False,0.550278276205063,UNRANKED,,False,,,
2022-08-31,2022-09-01,2022-09-02,T,XLC,14.197064642811165,13.82366943359375,13.986014336763454,1,stop_loss,LONG,LONG,0.5222641825675964,0.4929922819137573,0.5515360832214355,0.4727463312368972,0.4877234995365143,52.226418256759644,0.506757378578186,1,True,True,False,55.0,False,0.9516600072383881,UNRANKED,,False,,,
2022-09-01,2022-09-02,2022-09-06,T,XLC,14.261999246096106,14.107773780822754,14.072981814019515,1,stop_loss,LONG,LONG,0.5191994309425354,0.47862863540649414,0.5597702264785767,0.4727463312368972,0.47326046228408813,51.91994309425354,0.506757378578186,1,True,True,False,55.0,False,0.8449865579605103,UNRANKED,,False,,,
2022-09-02,2022-09-06,2022-09-07,T,XLC,13.961662641226978,13.661322593688965,13.75061206270089,1,stop_loss,LONG,LONG,0.5153202265501022,0.47911128401756287,0.5515291690826416,0.4727463312368972,0.37147676944732666,51.53202265501022,0.506757378578186,1,True,True,False,55.0,False,0.7374254465103149,UNRANKED,,False,,,
2022-09-06,2022-09-07,2022-09-12,T,XLC,13.604505946784359,13.612619400024414,13.84106758575269,3,take_profit,LONG,LONG,0.5106165260076523,0.47911128401756287,0.5421217679977417,0.4727463312368972,0.4503426253795624,51.06165260076523,0.506757378578186,1,True,True,False,55.0,False,0.7506836056709291,UNRANKED,,False,,,
2022-09-07,2022-09-08,2022-09-12,T,XLC,13.68567472439418,13.604504585266113,13.914119232538015,2,stop_loss,SHORT,SHORT,0.4900916665792465,0.4802379310131073,0.49994540214538574,0.4727463312368972,0.487448126077652,50.99083334207535,0.506757378578186,1,True,False,True,55.0,False,1.3653987050056458,UNRANKED,,False,,,
2022-09-08,2022-09-09,2022-09-12,T,XLC,13.734379239014604,13.588268280029297,13.973260350159624,1,take_profit,LONG,LONG,0.5039856135845184,0.5016315579414368,0.5063396692276001,0.4863150867823765,0.4740369915962219,50.39856135845184,0.506757378578186,2,False,True,True,55.0,False,0.6352971792221069,UNRANKED,,False,,,
2022-09-09,2022-09-12,2022-09-19,T,XLC,13.856139572026963,13.604504585266113,13.604504585266113,5,time_exit,LONG,LONG,0.510996401309967,0.515653133392334,0.5063396692276001,0.6517241379310345,0.7188786864280701,51.099640130996704,0.506757378578186,1,True,True,False,55.0,False,0.5769857466220855,UNRANKED,,False,,,
2022-09-12,2022-09-13,2022-09-14,T,XLC,13.945426464208724,13.442158699035645,13.670597689620276,1,take_profit,SHORT,SHORT,0.49647611379623413,0.49871188402175903,0.49424034357070923,0.4863150867823765,0.4735950827598572,50.35238862037659,0.506757378578186,2,False,True,True,55.0,False,0.6911565810441971,UNRANKED,,False,,,
2022-09-13,2022-09-14,2022-09-21,T,XLC,13.71002546702309,13.190523147583008,13.379534946000838,5,stop_loss,LONG,LONG,0.5204774737358093,0.49883317947387695,0.5421217679977417,0.4863150867823765,0.3044673502445221,52.04774737358093,0.506757378578186,1,True,True,False,55.0,False,0.4763508737087249,UNRANKED,,False,,,
2022-09-14,2022-09-15,2022-09-21,T,XLC,13.661325059979607,13.182406425476074,13.32967514346698,4,stop_loss,LONG,LONG,0.5265471637248993,0.49883317947387695,0.5542611479759216,0.4863150867823765,0.3299036920070648,52.65471637248993,0.506757378578186,1,True,True,False,55.0,False,0.8459755182266236,UNRANKED,,False,,,
2022-09-15,2022-09-16,2022-09-21,T,XLC,13.531447811343703,12.995710372924805,13.207915843090705,3,stop_loss,LONG,LONG,0.5265471637248993,0.49883317947387695,0.5542611479759216,0.4863150867823765,0.365817129611969,52.65471637248993,0.506757378578186,1,True,True,False,55.0,False,0.9550742506980896,UNRANKED,,False,,,
2022-09-16,2022-09-19,2022-09-21,T,XLC,13.498979519448069,12.719724655151367,13.196320484719065,2,stop_loss,LONG,LONG,0.5265471637248993,0.49883317947387695,0.5542611479759216,0.4863150867823765,0.3515718877315521,52.65471637248993,0.506757378578186,1,True,True,False,55.0,False,1.022274062037468,UNRANKED,,False,,,
2022-09-19,2022-09-20,2022-09-21,T,XLC,13.515214035571853,12.768424987792969,13.222991331365659,1,stop_loss,LONG,LONG,0.5265471637248993,0.49883317947387695,0.5542611479759216,0.4863150867823765,0.38728225231170654,52.65471637248993,0.506757378578186,1,True,True,False,55.0,False,0.9920368790626527,UNRANKED,,False,,,
2022-09-20,2022-09-21,2022-09-23,T,XLC,13.458392171111951,12.849597930908203,13.147615733080073,2,stop_loss,LONG,LONG,0.517010971903801,0.4824858605861664,0.5515360832214355,0.4727463312368972,0.5590289235115051,51.701097190380096,0.506757378578186,1,True,True,False,55.0,False,0.7573158144950868,UNRANKED,,False,,,
2022-09-21,2022-09-22,2022-09-26,T,XLC,13.198641287954654,12.606082916259766,12.884385709777339,2,stop_loss,LONG,LONG,0.5213486701250076,0.4911612570285797,0.5515360832214355,0.4727463312368972,0.5931744575500488,52.13486701250076,0.506757378578186,1,True,True,False,55.0,False,0.9973847717046738,UNRANKED,,False,,,
2022-09-22,2022-09-23,2022-09-26,T,XLC,13.068765707080347,12.45185375213623,12.757988860330904,1,stop_loss,LONG,LONG,0.5220478624105453,0.49255964159965515,0.5515360832214355,0.4727463312368972,0.6396608352661133,52.204786241054535,0.506757378578186,1,True,True,False,55.0,False,0.8549515604972839,UNRANKED,,False,,,
2022-09-23,2022-09-26,2022-09-29,T,XLC,12.914538375065808,12.906420707702637,12.613038872066365,3,take_profit,SHORT,SHORT,0.49634914100170135,0.49255964159965515,0.5001386404037476,0.4727463312368972,0.5934438705444336,50.365085899829865,0.506757378578186,2,False,True,True,55.0,False,0.59159716963768,UNRANKED,,False,,,
2022-09-26,2022-09-27,2022-09-30,T,XLC,12.833363654767886,13.060647010803223,12.53882175086338,3,stop_loss,LONG,LONG,0.5036312490701675,0.49255964159965515,0.5147028565406799,0.4727463312368972,0.5479283332824707,50.363124907016754,0.506757378578186,2,False,True,True,55.0,False,0.6746291518211365,UNRANKED,,False,,,
2022-09-27,2022-09-28,2022-09-30,T,XLC,12.809011553744071,12.930771827697754,12.516789666973006,2,take_profit,SHORT,SHORT,0.4936094582080841,0.4725160598754883,0.5147028565406799,0.4727463312368972,0.490742564201355,50.63905417919159,0.506757378578186,2,False,True,True,55.0,False,0.6607705354690552,UNRANKED,,False,,,
2022-09-28,2022-09-29,2022-10-04,T,XLC,12.719724639799821,12.656493186950684,13.011945981614135,3,stop_loss,SHORT,SHORT,0.48543259501457214,0.4768008291721344,0.4940643608570099,0.4727463312368972,0.43657800555229187,51.456740498542786,0.506757378578186,1,True,False,True,55.0,False,0.8288550674915314,UNRANKED,,False,,,
2022-09-29,2022-09-30,2022-10-03,T,XLC,12.606081064024554,12.342557907104492,12.90294026027874,1,stop_loss,SHORT,SHORT,0.4888414740562439,0.4725160598754883,0.5051668882369995,0.4727463312368972,0.46088072657585144,51.11585259437561,0.506757378578186,1,True,False,True,55.0,False,1.1235077381134033,UNRANKED,,False,,,
2022-09-30,2022-10-03,2022-10-04,T,XLC,12.768427465084306,12.309513092041016,13.046733063751995,1,stop_loss,SHORT,SHORT,0.4966208040714264,0.49500030279159546,0.4982413053512573,0.4727463312368972,0.49939918518066406,50.33791959285736,0.506757378578186,2,False,True,True,55.0,False,0.3313578069210052,UNRANKED,,False,,,
2022-10-03,2022-10-04,2022-10-06,T,XLC,12.97947425313164,12.235161781311035,12.700009258973576,2,stop_loss,LONG,LONG,0.5086749196052551,0.49500030279159546,0.5223495364189148,0.4727463312368972,0.5604295134544373,50.86749196052551,0.506757378578186,1,True,True,False,55.0,False,1.1822690665721893,UNRANKED,,False,,,
2022-10-04,2022-10-05,2022-10-06,T,XLC,12.963240777473608,12.086454391479492,12.668701053396111,1,take_profit,SHORT,SHORT,0.49079449474811554,0.5201219916343689,0.4614669978618622,0.6517241379310345,0.8054259419441223,50.920550525188446,0.506757378578186,1,True,False,True,55.0,False,0.734622746706009,UNRANKED,,False,,,
2022-10-05,2022-10-06,2022-10-07,T,XLC,12.920859120907576,12.491263389587402,12.60892505849477,1,stop_loss,LONG,LONG,0.5104028284549713,0.5136163830757141,0.5071892738342285,0.6517241379310345,0.7894455194473267,51.04028284549713,0.506757378578186,1,True,True,False,55.0,False,0.9588284492492676,UNRANKED,,False,,,
2022-10-06,2022-10-07,2022-10-12,T,XLC,12.582138992965357,12.383865356445312,12.23334173976537,3,stop_loss,LONG,LONG,0.5034963041543961,0.4998033344745636,0.5071892738342285,0.4863150867823765,0.5177214741706848,50.349630415439606,0.506757378578186,2,False,True,True,55.0,False,0.8649704307317735,UNRANKED,,False,,,
2022-10-07,2022-10-10,2022-10-17,T,XLC,12.392127591129984,12.648232460021973,12.648232460021973,5,time_exit,LONG,LONG,0.5333476960659027,0.5151593089103699,0.5515360832214355,0.6517241379310345,0.5680214762687683,53.33476960659027,0.506757378578186,1,True,True,False,55.0,False,0.9766467958688737,UNRANKED,,False,,,
2022-10-10,2022-10-11,2022-10-17,T,XLC,12.268207425514381,12.887812614440918,12.641061522063278,4,take_profit,LONG,LONG,0.5258960723876953,0.5002560615539551,0.5515360832214355,0.4863150867823765,0.44596296548843384,52.58960723876953,0.506757378578186,1,True,True,False,55.0,False,0.7255037277936937,UNRANKED,,False,,,
2022-10-11,2022-10-12,2022-10-17,T,XLC,12.193852917917392,12.838242530822754,12.541380694363053,3,take_profit,LONG,LONG,0.5254263430833817,0.49931660294532776,0.5515360832214355,0.4863150867823765,0.5493013262748718,52.542634308338165,0.506757378578186,1,True,True,False,55.0,False,0.9121484756469727,UNRANKED,,False,,,
2022-10-12,2022-10-13,2022-10-14,T,XLC,11.970793983204153,13.82961368560791,12.33840614075333,1,take_profit,LONG,LONG,0.5254263430833817,0.49931660294532776,0.5515360832214355,0.4863150867823765,0.4389149844646454,52.542634308338165,0.506757378578186,1,True,True,False,55.0,False,1.0411136001348495,UNRANKED,,False,,,
2022-10-13,2022-10-14,2022-10-20,T,XLC,12.549093558384733,14.127023696899414,12.947864708156287,4,take_profit,LONG,LONG,0.5025611221790314,0.49793297052383423,0.5071892738342285,0.4863150867823765,0.4835205674171448,50.25611221790314,0.506757378578186,2,False,True,True,55.0,False,0.6473133563995361,UNRANKED,,False,,,
2022-10-14,2022-10-17,2022-10-18,T,XLC,12.507788278163412,14.465742111206055,12.88247547298763,1,take_profit,LONG,LONG,0.5254263430833817,0.49931660294532776,0.5515360832214355,0.4863150867823765,0.43106400966644287,52.542634308338165,0.506757378578186,1,True,True,False,55.0,False,1.0179541110992432,UNRANKED,,False,,,
2022-10-17,2022-10-18,2022-10-20,T,XLC,12.854766973393437,14.614449501037598,13.260263706922665,2,take_profit,LONG,LONG,0.5023193806409836,0.49744948744773865,0.5071892738342285,0.4863150867823765,0.5557692050933838,50.23193806409836,0.506757378578186,2,False,True,True,55.0,False,0.7621089220046997,UNRANKED,,False,,,
2022-10-18,2022-10-19,2022-10-20,T,XLC,12.772151255050114,14.98620891571045,13.200277590194156,1,stop_loss,SHORT,SHORT,0.4969009757041931,0.49871188402175903,0.4950900673866272,0.4863150867823765,0.48305779695510864,50.30990242958069,0.506757378578186,2,False,True,True,55.0,False,0.8365808725357055,UNRANKED,,False,,,
2022-10-19,2022-10-20,2022-10-21,T,XLC,13.39175795982347,14.895340919494629,13.792177876248903,1,stop_loss,SHORT,SHORT,0.4978780150413513,0.49744948744773865,0.498306542634964,0.4863150867823765,0.4606551229953766,50.21219849586487,0.506757378578186,2,False,True,True,55.0,False,0.4149355292320251,UNRANKED,,False,,,
2022-10-20,2022-10-21,2022-10-24,T,XLC,13.903965054799357,15.267099380493164,14.42397668417645,1,stop_loss,SHORT,SHORT,0.4948015809059143,0.49744948744773865,0.49215367436408997,0.4863150867823765,0.48533275723457336,50.51984190940857,0.506757378578186,2,False,True,True,55.0,False,0.12250265479087814,UNRANKED,,False,,,
2022-10-21,2022-10-24,2022-10-26,T,XLC,14.399650834785675,15.060564994812012,14.897211472123496,2,stop_loss,SHORT,SHORT,0.49849744141101837,0.49868834018707275,0.498306542634964,0.4863150867823765,0.467318058013916,50.15025585889816,0.506757378578186,2,False,True,True,55.0,False,0.09629529714584359,UNRANKED,,False,,,
2022-10-24,2022-10-25,2022-10-28,T,XLC,14.482266933508775,15.159704208374023,15.006183586733176,3,stop_loss,SHORT,SHORT,0.49811404943466187,0.49792155623435974,0.498306542634964,0.4863150867823765,0.5237236022949219,50.18859505653381,0.506757378578186,2,False,True,True,55.0,False,0.08429646492004389,UNRANKED,,False,,,
2022-10-25,2022-10-26,2022-11-02,T,XLC,14.746628658370694,15.22579574584961,15.22579574584961,5,time_exit,SHORT,SHORT,0.49938948452472687,0.49323806166648865,0.5055409073829651,0.4727463312368972,0.5604339241981506,50.06105154752731,0.506757378578186,2,False,True,True,55.0,False,0.3136663138866425,UNRANKED,,False,,,
2022-10-26,2022-10-27,2022-11-03,T,XLC,15.159706109012976,15.010998725891113,15.010998725891113,5,time_exit,SHORT,SHORT,0.47408008575439453,0.48231014609336853,0.46585002541542053,0.4727463312368972,0.5404624342918396,52.59199142456055,0.506757378578186,1,True,False,True,55.0,False,-0.19365108013153073,UNRANKED,,False,,,
2022-10-27,2022-10-28,2022-11-04,T,XLC,15.101871973570812,15.134919166564941,15.134919166564941,5,time_exit,SHORT,SHORT,0.4937455803155899,0.5048491954803467,0.48264196515083313,0.5325697924123122,0.49210599064826965,50.62544196844101,0.506757378578186,2,False,True,True,55.0,False,-0.5318824052810669,UNRANKED,,False,,,
2022-10-28,2022-10-31,2022-11-07,T,XLC,15.15970270650089,15.167963027954102,15.167963027954102,5,time_exit,SHORT,SHORT,0.4883459061384201,0.5108417868614197,0.46585002541542053,0.5325697924123122,0.5521878600120544,51.16540938615799,0.506757378578186,1,True,False,True,55.0,False,-0.22227469086647045,UNRANKED,,False,,,
2022-10-31,2022-11-01,2022-11-08,T,XLC,15.341454859445802,15.34145450592041,15.34145450592041,5,time_exit,SHORT,SHORT,0.48795710504055023,0.5100641846656799,0.46585002541542053,0.5325697924123122,0.5646230578422546,51.20428949594498,0.506757378578186,1,True,False,True,55.0,False,0.010269641876220568,UNRANKED,,False,,,
2022-11-01,2022-11-02,2022-11-09,T,XLC,15.09361316550642,15.184483528137207,15.184483528137207,5,time_exit,SHORT,SHORT,0.4990556985139847,0.5165688395500183,0.48154255747795105,0.6517241379310345,0.6225671768188477,50.09443014860153,0.506757378578186,2,False,True,True,55.0,False,0.2478186786174774,UNRANKED,,False,,,
2022-11-02,2022-11-03,2022-11-10,T,XLC,15.010998725891112,15.564513206481934,15.531466347830634,5,take_profit,LONG,LONG,0.5150282979011536,0.5118976831436157,0.5181589126586914,0.5633802816901409,0.5773944854736328,51.502829790115356,0.506757378578186,1,True,True,False,55.0,False,0.7943623661994935,UNRANKED,,False,,,
2022-11-03,2022-11-04,2022-11-11,T,XLC,15.15144238253601,15.737998962402344,15.687252716877875,5,take_profit,LONG,LONG,0.514409214258194,0.5106595158576965,0.5181589126586914,0.5325697924123122,0.5555842518806458,51.4409214258194,0.506757378578186,1,True,True,False,55.0,False,0.8407666981220245,UNRANKED,,False,,,
2022-11-04,2022-11-07,2022-11-11,T,XLC,15.151439814783265,15.746264457702637,15.667186340139013,4,take_profit,LONG,LONG,0.5014757364988327,0.50579833984375,0.4971531331539154,0.5325697924123122,0.5107007026672363,50.14757364988327,0.506757378578186,2,False,True,True,55.0,False,0.45363581180572515,UNRANKED,,False,,,
2022-11-07,2022-11-08,2022-11-11,T,XLC,15.184487107037901,15.713218688964844,15.670728447675108,3,stop_loss,SHORT,SHORT,0.499201700091362,0.5012502670288086,0.4971531331539154,0.4863150867823765,0.5420125722885132,50.0798299908638,0.506757378578186,2,False,True,True,55.0,False,0.1024501323699952,UNRANKED,,False,,,
2022-11-08,2022-11-09,2022-11-16,T,XLC,15.267098012063613,15.638863563537598,15.638863563537598,5,time_exit,SHORT,SHORT,0.4994572550058365,0.5017613768577576,0.4971531331539154,0.4863150867823765,0.43870800733566284,50.05427449941635,0.506757378578186,2,False,True,True,55.0,False,0.3141790330410004,UNRANKED,,False,,,
2022-11-09,2022-11-10,2022-11-17,T,XLC,15.556251598560566,15.655390739440918,15.655390739440918,5,time_exit,SHORT,SHORT,0.4952232092618942,0.49329328536987305,0.4971531331539154,0.4727463312368972,0.4972339868545532,50.47767907381058,0.506757378578186,2,False,True,True,55.0,False,0.2621167302131653,UNRANKED,,False,,,
2022-11-10,2022-11-11,2022-11-18,T,XLC,15.547986747072363,15.67190933227539,15.67190933227539,5,time_exit,LONG,LONG,0.5015802383422852,0.4976195693016052,0.5055409073829651,0.4863150867823765,0.5530645251274109,50.158023834228516,0.506757378578186,2,False,True,True,55.0,False,0.5042136907577514,UNRANKED,,False,,,
2022-11-11,2022-11-14,2022-11-21,T,XLC,15.762787674179354,15.564513206481934,15.564513206481934,5,time_exit,LONG,LONG,0.5039682984352112,0.5023956894874573,0.5055409073829651,0.4863150867823765,0.499123215675354,50.39682984352112,0.506757378578186,2,False,True,True,55.0,False,0.5249501764774323,UNRANKED,,False,,,
2022-11-14,2022-11-15,2022-11-22,T,XLC,15.795833190815307,15.696693420410156,15.696693420410156,5,time_exit,SHORT,SHORT,0.4961448907852173,0.49462416768074036,0.4976656138896942,0.4727463312368972,0.5487776398658752,50.38551092147827,0.506757378578186,2,False,True,True,55.0,False,0.06545370817184455,UNRANKED,,False,,,
2022-11-15,2022-11-16,2022-11-23,T,XLC,15.69669323385968,15.771049499511719,15.771049499511719,5,time_exit,LONG,LONG,0.5009395331144333,0.499199241399765,0.5026798248291016,0.4863150867823765,0.5447419881820679,50.09395331144333,0.506757378578186,2,False,True,True,55.0,False,0.3058583438396455,UNRANKED,,False,,,
2022-11-16,2022-11-17,2022-11-23,T,XLC,15.457115282805182,15.7958345413208,15.759248025550718,4,take_profit,LONG,LONG,0.5018687844276428,0.5011333227157593,0.5026042461395264,0.4863150867823765,0.4917466640472412,50.18687844276428,0.506757378578186,2,False,True,True,55.0,False,0.43079715967178345,UNRANKED,,False,,,
2022-11-17,2022-11-18,2022-11-28,T,XLC,15.729740581725917,15.547987937927246,15.547987937927246,5,time_exit,LONG,LONG,0.5108151137828827,0.503471314907074,0.5181589126586914,0.5213523131672597,0.45813682675361633,51.08151137828827,0.506757378578186,1,True,True,False,55.0,False,0.8878723978996278,UNRANKED,,False,,,
2022-11-18,2022-11-21,2022-11-29,T,XLC,15.68017256589989,15.70495891571045,15.70495891571045,5,time_exit,SHORT,SHORT,0.49983882904052734,0.49930787086486816,0.5003697872161865,0.4863150867823765,0.4859883487224579,50.016117095947266,0.506757378578186,2,False,True,True,55.0,False,0.5058015882968903,UNRANKED,,False,,,
2022-11-21,2022-11-22,2022-11-30,T,XLC,15.61407892936519,15.928013801574707,15.839498791294947,5,stop_loss,SHORT,SHORT,0.4982305020093918,0.49930787086486816,0.4971531331539154,0.4863150867823765,0.4706348478794098,50.17694979906082,0.506757378578186,2,False,True,True,55.0,False,0.41684579849243153,UNRANKED,,False,,,
2022-11-22,2022-11-23,2022-11-30,T,XLC,15.638866917359742,15.853663444519043,15.873728018782733,4,take_profit,LONG,LONG,0.5009017437696457,0.499199241399765,0.5026042461395264,0.4863150867823765,0.5033689737319946,50.09017437696457,0.506757378578186,2,False,True,True,55.0,False,0.4171710014343262,UNRANKED,,False,,,
2022-11-23,2022-11-25,2022-11-28,T,XLC,15.837141007907356,15.713218688964844,15.622342898035354,1,stop_loss,LONG,LONG,0.5047710686922073,0.499199241399765,0.5103428959846497,0.4863150867823765,0.3987061381340027,50.477106869220734,0.506757378578186,2,False,True,True,55.0,False,0.3375713229179383,UNRANKED,,False,,,
2022-11-25,2022-11-28,2022-12-05,T,XLC,15.779308201963858,15.490160942077637,15.578672291929678,5,take_profit,SHORT,SHORT,0.4982680082321167,0.49393177032470703,0.5026042461395264,0.4727463312368972,0.43318992853164673,50.17319917678833,0.506757378578186,2,False,True,True,55.0,False,0.3301891088485719,UNRANKED,,False,,,
2022-11-28,2022-11-29,2022-11-30,T,XLC,15.523208251001487,15.837139129638672,15.754530267036294,1,stop_loss,SHORT,SHORT,0.49761107563972473,0.49806901812553406,0.4971531331539154,0.4863150867823765,0.4921630918979645,50.23889243602753,0.506757378578186,2,False,True,True,55.0,False,0.6816959381103516,UNRANKED,,False,,,
2022-11-29,2022-11-30,2022-12-07,T,XLC,15.647125475325396,15.944539070129395,15.876087419905474,5,stop_loss,SHORT,SHORT,0.4982305020093918,0.49930787086486816,0.4971531331539154,0.4863150867823765,0.4069797396659851,50.17694979906082,0.506757378578186,2,False,True,True,55.0,False,0.30605882406234736,UNRANKED,,False,,,
2022-11-30,2022-12-01,2022-12-05,T,XLC,15.93627794936655,15.7958345413208,15.697875446489178,2,take_profit,SHORT,SHORT,0.49973633885383606,0.49393177032470703,0.5055409073829651,0.4727463312368972,0.37867292761802673,50.026366114616394,0.506757378578186,2,False,True,True,55.0,False,0.36287489533424383,UNRANKED,,False,,,
2022-12-01,2022-12-02,2022-12-05,T,XLC,15.73800193650159,15.771049499511719,15.543267908094084,1,take_profit,SHORT,SHORT,0.4973328709602356,0.4975126087665558,0.4971531331539154,0.4863150867823765,0.3505808115005493,50.26671290397644,0.506757378578186,2,False,True,True,55.0,False,0.3821525573730469,UNRANKED,,False,,,
2022-12-02,2022-12-05,2022-12-06,T,XLC,15.6306051309821,15.944539070129395,15.820619016480148,1,take_profit,LONG,LONG,0.505147323012352,0.4998967945575714,0.5103978514671326,0.4863150867823765,0.40611106157302856,50.5147323012352,0.506757378578186,2,False,True,True,55.0,False,0.43680801987648016,UNRANKED,,False,,,
2022-12-05,2022-12-06,2022-12-07,T,XLC,15.605818847262514,15.7958345413208,15.82651734013012,1,take_profit,LONG,LONG,0.5191727578639984,0.5037709474563599,0.534574568271637,0.5213523131672597,0.43892186880111694,51.91727578639984,0.506757378578186,1,True,True,False,55.0,False,1.2090310901403427,UNRANKED,,False,,,
2022-12-06,2022-12-07,2022-12-14,T,XLC,15.73800358178191,15.614079475402832,15.614079475402832,5,time_exit,LONG,LONG,0.517609030008316,0.5037709474563599,0.5314471125602722,0.5213523131672597,0.3730967044830322,51.760903000831604,0.506757378578186,1,True,True,False,55.0,False,0.5406444668769838,UNRANKED,,False,,,
2022-12-07,2022-12-08,2022-12-09,T,XLC,16.051938100786963,15.258838653564453,15.781671431649825,1,stop_loss,LONG,LONG,0.5135282874107361,0.5012481212615967,0.5258084535598755,0.4863150867823765,0.38357579708099365,51.35282874107361,0.506757378578186,1,True,True,False,55.0,False,0.612557977437973,UNRANKED,,False,,,
2022-12-08,2022-12-09,2022-12-15,T,XLC,15.754526282807554,15.275364875793457,15.46537713468395,4,stop_loss,LONG,LONG,0.5086906552314758,0.5054661631584167,0.5119151473045349,0.5325697924123122,0.3845447897911072,50.86906552314758,0.506757378578186,1,True,True,False,55.0,False,0.5942376852035522,UNRANKED,,False,,,
2022-12-09,2022-12-12,2022-12-15,T,XLC,15.812356483646262,14.754889488220215,15.52202641424057,3,take_profit,SHORT,SHORT,0.4982793927192688,0.5074133276939392,0.4891454577445984,0.5325697924123122,0.40547454357147217,50.17206072807312,0.506757378578186,2,False,True,True,55.0,False,0.3444285988807677,UNRANKED,,False,,,
2022-12-12,2022-12-13,2022-12-14,T,XLC,16.035414883856063,14.928382873535156,15.735642893761197,1,take_profit,SHORT,SHORT,0.4876376688480377,0.49814000725746155,0.4771353304386139,0.4863150867823765,0.3793278634548187,51.23623311519623,0.506757378578186,1,True,False,True,55.0,False,0.09489536285400402,UNRANKED,,False,,,
2022-12-13,2022-12-14,2022-12-15,T,XLC,15.738000428433725,14.994474411010742,15.435867821927378,1,take_profit,SHORT,SHORT,0.4970685690641403,0.4998967945575714,0.49424034357070923,0.4863150867823765,0.3481743633747101,50.29314309358597,0.506757378578186,2,False,True,True,55.0,False,0.3383923768997192,UNRANKED,,False,,,
2022-12-14,2022-12-15,2022-12-19,T,XLC,15.399282824203237,15.093612670898438,15.081807505294545,2,take_profit,SHORT,SHORT,0.4956004470586777,0.4998967945575714,0.49130409955978394,0.4863150867823765,0.4108588993549347,50.43995529413223,0.506757378578186,2,False,True,True,55.0,False,0.23861902952194217,UNRANKED,,False,,,
2022-12-15,2022-12-16,2022-12-19,T,XLC,15.167967112741096,15.126653671264648,14.80328382525679,1,take_profit,SHORT,SHORT,0.4987977296113968,0.5040546655654907,0.49354079365730286,0.5213523131672597,0.5038713812828064,50.12022703886032,0.506757378578186,2,False,True,True,55.0,False,0.09190011024475106,UNRANKED,,False,,,
2022-12-16,2022-12-19,2022-12-27,T,XLC,15.09360741834428,15.250577926635742,15.250577926635742,5,time_exit,LONG,LONG,0.5015303194522858,0.5031152367591858,0.49994540214538574,0.4863150867823765,0.5280470848083496,50.15303194522858,0.506757378578186,2,False,True,True,55.0,False,0.3716615438461305,UNRANKED,,False,,,
2022-12-19,2022-12-20,2022-12-27,T,XLC,14.746632235066059,15.052303314208984,15.130198955211148,4,take_profit,LONG,LONG,0.5091931223869324,0.47626447677612305,0.5421217679977417,0.4727463312368972,0.47020238637924194,50.91931223869324,0.506757378578186,1,True,True,False,55.0,False,0.7788653671741487,UNRANKED,,False,,,
2022-12-20,2022-12-21,2022-12-29,T,XLC,15.019259234023055,15.242316246032715,15.242316246032715,5,time_exit,LONG,LONG,0.512255385518074,0.48238900303840637,0.5421217679977417,0.4727463312368972,0.4825809895992279,51.225538551807404,0.506757378578186,1,True,True,False,55.0,False,1.2558505833148956,UNRANKED,,False,,,
2022-12-21,2022-12-22,2022-12-30,T,XLC,14.878815590944356,15.209268569946289,15.209268569946289,5,time_exit,LONG,LONG,0.5109480321407318,0.500007152557373,0.5218889117240906,0.4863150867823765,0.3895707428455353,51.09480321407318,0.506757378578186,1,True,True,False,55.0,False,1.1489726901054382,UNRANKED,,False,,,
2022-12-22,2022-12-23,2023-01-03,T,XLC,15.010994340671033,15.481897354125977,15.380400087130994,5,take_profit,LONG,LONG,0.5210644602775574,0.500007152557373,0.5421217679977417,0.4863150867823765,0.3961143493652344,52.10644602775574,0.506757378578186,1,True,True,False,55.0,False,1.112579107284546,UNRANKED,,False,,,
2022-12-23,2022-12-27,2023-01-03,T,XLC,15.077088892989678,15.812352180480957,15.41934938994664,4,take_profit,LONG,LONG,0.5140399783849716,0.4995236098766327,0.5285563468933105,0.4863150867823765,0.353135883808136,51.40399783849716,0.506757378578186,1,True,True,False,55.0,False,0.5762054324150087,UNRANKED,,False,,,
2022-12-27,2022-12-28,2023-01-04,T,XLC,15.242317129375433,15.870183944702148,15.552712778876689,4,take_profit,LONG,LONG,0.5093297958374023,0.5038096904754639,0.5148499011993408,0.5213523131672597,0.41149166226387024,50.932979583740234,0.506757378578186,1,True,True,False,55.0,False,0.9397467374801636,UNRANKED,,False,,,
2022-12-28,2022-12-29,2023-01-03,T,XLC,15.093610475711946,16.134552001953125,15.416988221204065,2,take_profit,LONG,LONG,0.5032875537872314,0.5026317834854126,0.5039433240890503,0.4863150867823765,0.3700920343399048,50.328755378723145,0.506757378578186,2,False,True,True,55.0,False,0.46354147791862493,UNRANKED,,False,,,
2022-12-29,2022-12-30,2023-01-04,T,XLC,15.217530176034577,15.956880569458008,15.546809121957429,2,take_profit,LONG,LONG,0.505074679851532,0.5038096904754639,0.5063396692276001,0.5213523131672597,0.349140465259552,50.5074679851532,0.506757378578186,2,False,True,True,55.0,False,0.4994827508926391,UNRANKED,,False,,,
2022-12-30,2023-01-03,2023-01-04,T,XLC,15.291885115711402,16.31724739074707,15.622344437959589,1,take_profit,LONG,LONG,0.5046577155590057,0.5029757618904114,0.5063396692276001,0.4863150867823765,0.33691641688346863,50.465771555900574,0.506757378578186,2,False,True,True,55.0,False,0.40205600857734675,UNRANKED,,False,,,
2023-01-03,2023-01-04,2023-01-06,T,XLC,15.589295111331262,16.2669677734375,15.933917178374022,2,take_profit,LONG,LONG,0.503606379032135,0.5038096904754639,0.5034030675888062,0.5213523131672597,0.3596372604370117,50.3606379032135,0.506757378578186,2,False,True,True,55.0,False,0.6688709259033203,UNRANKED,,False,,,
2023-01-04,2023-01-05,2023-01-10,T,XLC,15.812354268185855,16.2669677734375,16.18294066344953,3,stop_loss,SHORT,SHORT,0.4967241883277893,0.4992080330848694,0.49424034357070923,0.4863150867823765,0.3454667329788208,50.32758116722107,0.506757378578186,2,False,True,True,55.0,False,0.6234370172023773,UNRANKED,,False,,,
2023-01-05,2023-01-06,2023-01-13,T,XLC,15.98584620665779,16.384294509887695,16.338729273107635,5,take_profit,LONG,LONG,0.5023035407066345,0.4992080330848694,0.5053990483283997,0.4863150867823765,0.4337460994720459,50.23035407066345,0.506757378578186,2,False,True,True,55.0,False,0.24634757637977592,UNRANKED,,False,,,
2023-01-06,2023-01-09,2023-01-17,T,XLC,16.124493893997737,16.199918746948242,16.199918746948242,5,time_exit,LONG,LONG,0.504533052444458,0.5007307529449463,0.5083353519439697,0.4863150867823765,0.45797133445739746,50.4533052444458,0.506757378578186,2,False,True,True,55.0,False,0.25684031844139105,UNRANKED,,False,,,
2023-01-09,2023-01-10,2023-01-18,T,XLC,16.21667973141253,15.940118789672852,15.940118789672852,5,time_exit,SHORT,SHORT,0.49791041016578674,0.5007307529449463,0.4950900673866272,0.4863150867823765,0.4641219973564148,50.208958983421326,0.506757378578186,2,False,True,True,55.0,False,0.1772989928722382,UNRANKED,,False,,,
2023-01-10,2023-01-11,2023-01-18,T,XLC,16.31725161612585,15.873069763183594,15.977202281191072,4,stop_loss,LONG,LONG,0.5020186603069305,0.5007307529449463,0.5033065676689148,0.4863150867823765,0.40004485845565796,50.201866030693054,0.506757378578186,2,False,True,True,55.0,False,0.37264284491538996,UNRANKED,,False,,,
2023-01-11,2023-01-12,2023-01-18,T,XLC,16.325632522989665,16.11610984802246,16.003185154912796,3,take_profit,SHORT,SHORT,0.49973633885383606,0.49393177032470703,0.5055409073829651,0.4727463312368972,0.4980632960796356,50.026366114616394,0.506757378578186,2,False,True,True,55.0,False,0.5002603232860565,UNRANKED,,False,,,
2023-01-12,2023-01-13,2023-01-19,T,XLC,16.250203219665668,16.007164001464844,15.937197499799597,3,take_profit,SHORT,SHORT,0.49973633885383606,0.49393177032470703,0.5055409073829651,0.4727463312368972,0.47262755036354065,50.026366114616394,0.506757378578186,2,False,True,True,55.0,False,0.46588814258575445,UNRANKED,,False,,,
2023-01-13,2023-01-17,2023-01-18,T,XLC,16.384293864112955,16.05744743347168,16.06868979045224,1,stop_loss,LONG,LONG,0.502370074391365,0.499199241399765,0.5055409073829651,0.4863150867823765,0.4228662848472595,50.237007439136505,0.506757378578186,2,False,True,True,55.0,False,0.5076247453689575,UNRANKED,,False,,,
2023-01-17,2023-01-18,2023-01-25,T,XLC,16.166398456677918,17.113414764404297,16.50362178213481,5,take_profit,LONG,LONG,0.5009017437696457,0.499199241399765,0.5026042461395264,0.4863150867823765,0.5071133375167847,50.09017437696457,0.506757378578186,2,False,True,True,55.0,False,0.36403107643127447,UNRANKED,,False,,,
2023-01-18,2023-01-19,2023-01-25,T,XLC,15.864688858948467,16.76142692565918,16.221322998963117,4,take_profit,LONG,LONG,0.5094825923442841,0.5007308125495911,0.518234372138977,0.4863150867823765,0.5306146740913391,50.948259234428406,0.506757378578186,1,True,True,False,55.0,False,0.8592754304409027,UNRANKED,,False,,,
2023-01-19,2023-01-20,2023-01-25,T,XLC,15.889830225561813,16.719526290893555,16.227717853299676,3,take_profit,LONG,LONG,0.510431244969368,0.49949195981025696,0.521370530128479,0.4863150867823765,0.6026198267936707,51.0431244969368,0.506757378578186,1,True,True,False,55.0,False,1.1130063980817795,UNRANKED,,False,,,
2023-01-20,2023-01-23,2023-01-25,T,XLC,16.116112579730977,16.89552116394043,16.46157551504243,2,stop_loss,SHORT,SHORT,0.4982305020093918,0.49930787086486816,0.4971531331539154,0.4863150867823765,0.47850751876831055,50.17694979906082,0.506757378578186,2,False,True,True,55.0,False,0.4014464914798737,UNRANKED,,False,,,
2023-01-23,2023-01-24,2023-01-25,T,XLC,15.89821342448113,17.07151222229004,16.25451895557418,1,stop_loss,SHORT,SHORT,0.4957071393728256,0.499199241399765,0.49221503734588623,0.4863150867823765,0.5111992359161377,50.42928606271744,0.506757378578186,2,False,True,True,55.0,False,0.2317806482315064,UNRANKED,,False,,,
2023-01-24,2023-01-25,2023-01-30,T,XLC,16.55190697033176,16.912281036376953,16.876448879685835,3,stop_loss,SHORT,SHORT,0.4957614541053772,0.49930787086486816,0.49221503734588623,0.4863150867823765,0.511387825012207,50.42385458946228,0.506757378578186,2,False,True,True,55.0,False,0.17705973982810969,UNRANKED,,False,,,
2023-01-25,2023-01-26,2023-02-02,T,XLC,16.987706572794195,16.9960880279541,16.9960880279541,5,time_exit,LONG,LONG,0.5021004676818848,0.49930787086486816,0.5048930644989014,0.4863150867823765,0.36947256326675415,50.21004676818848,0.506757378578186,2,False,True,True,55.0,False,0.05561465024948127,UNRANKED,,False,,,
2023-01-26,2023-01-27,2023-02-03,T,XLC,16.719526290893555,16.61895179748535,16.61895179748535,5,time_exit,SHORT,SHORT,0.49433089792728424,0.49228283762931824,0.49637895822525024,0.4727463312368972,0.47005632519721985,50.566910207271576,0.506757378578186,2,False,True,True,55.0,False,-0.6877427101135254,UNRANKED,,False,,,
2023-01-27,2023-01-30,2023-02-06,T,XLC,16.69438419752382,16.40943717956543,16.40943717956543,5,time_exit,SHORT,SHORT,0.4966725558042526,0.496966153383255,0.49637895822525024,0.4727463312368972,0.4974064230918884,50.33274441957474,0.506757378578186,2,False,True,True,55.0,False,-0.16035503149032576,UNRANKED,,False,,,
2023-01-30,2023-01-31,2023-02-06,T,XLC,16.89551642696021,16.132871627807617,16.457328146582142,4,take_profit,SHORT,SHORT,0.4946276992559433,0.4978899359703064,0.4913654625415802,0.4863150867823765,0.48231545090675354,50.53723007440567,0.506757378578186,2,False,True,True,55.0,False,-0.4990733563899992,UNRANKED,,False,,,
2023-01-31,2023-02-01,2023-02-03,T,XLC,17.15532091013409,16.05744743347168,16.743472024461656,2,take_profit,SHORT,SHORT,0.496926948428154,0.49755045771598816,0.4963034391403198,0.4863150867823765,0.486642986536026,50.3073051571846,0.506757378578186,2,False,True,True,55.0,False,-0.558030515909195,UNRANKED,,False,,,
2023-02-01,2023-02-02,2023-02-06,T,XLC,16.84523492498351,15.898211479187012,16.417821529510576,2,take_profit,SHORT,SHORT,0.4963045120239258,0.498028039932251,0.4945809841156006,0.4863150867823765,0.5012950897216797,50.36954879760742,0.506757378578186,2,False,True,True,55.0,False,-0.3125728368759155,UNRANKED,,False,,,
2023-02-02,2023-02-03,2023-02-06,T,XLC,16.945799053287296,15.982022285461426,16.506413230446196,1,stop_loss,LONG,LONG,0.5006383061408997,0.498028039932251,0.5032485723495483,0.4863150867823765,0.4193888306617737,50.063830614089966,0.506757378578186,2,False,True,True,55.0,False,-0.4673847854137419,UNRANKED,,False,,,
2023-02-03,2023-02-06,2023-02-08,T,XLC,16.551909374832878,16.14125633239746,16.075407909989128,2,take_profit,SHORT,SHORT,0.49516940116882324,0.4989733397960663,0.4913654625415802,0.4863150867823765,0.5282952189445496,50.483059883117676,0.506757378578186,2,False,True,True,55.0,False,-0.4400548338890074,UNRANKED,,False,,,
2023-02-06,2023-02-07,2023-02-14,T,XLC,16.334008536802553,16.049062728881836,16.049062728881836,5,time_exit,SHORT,SHORT,0.496676966547966,0.4970504939556122,0.4963034391403198,0.4863150867823765,0.5607569813728333,50.3323033452034,0.506757378578186,2,False,True,True,55.0,False,0.07629022002220154,UNRANKED,,False,,,
2023-02-07,2023-02-08,2023-02-15,T,XLC,15.998782692921028,16.132871627807617,16.132871627807617,5,time_exit,LONG,LONG,0.5015890151262283,0.4983605444431305,0.5048174858093262,0.4863150867823765,0.4841407537460327,50.15890151262283,0.506757378578186,2,False,True,True,55.0,False,0.1981976330280304,UNRANKED,,False,,,
2023-02-08,2023-02-09,2023-02-16,T,XLC,16.09934839296154,16.14125633239746,16.14125633239746,5,time_exit,LONG,LONG,0.508259728550911,0.4983605444431305,0.5181589126586914,0.4863150867823765,0.4735473394393921,50.825972855091095,0.506757378578186,1,True,True,False,55.0,False,0.4071308076381685,UNRANKED,,False,,,
2023-02-09,2023-02-10,2023-02-17,T,XLC,15.948500258700092,16.2921085357666,16.2921085357666,5,time_exit,SHORT,SHORT,0.49598874151706696,0.501857578754425,0.49011990427970886,0.501857578754425,0.4839344024658203,50.401125848293304,0.5152866840362549,2,False,True,True,63.0,True,0.20197984576225264,UNRANKED,,False,,,
2023-02-10,2023-02-13,2023-02-21,T,XLC,15.931738469721214,16.09935188293457,16.09935188293457,5,time_exit,SHORT,SHORT,0.48955079913139343,0.4928895831108093,0.48621201515197754,0.4928895831108093,0.4703461229801178,51.04492008686066,0.5152866840362549,2,False,True,True,63.0,True,-0.2765956819057465,UNRANKED,,False,,,
2023-02-13,2023-02-14,2023-02-22,T,XLC,16.17477308580379,16.241819381713867,16.241819381713867,5,time_exit,SHORT,SHORT,0.49338312447071075,0.4963935911655426,0.4903726577758789,0.4963935911655426,0.5232939720153809,50.661687552928925,0.5152866840362549,2,False,True,True,63.0,True,0.14541462063789373,UNRANKED,,False,,,
2023-02-14,2023-02-15,2023-02-17,T,XLC,15.93173471881268,16.21668243408203,16.27773865993991,2,stop_loss,SHORT,SHORT,0.493647038936615,0.48687392473220825,0.5004201531410217,0.48687392473220825,0.5011240839958191,50.6352961063385,0.5152866840362549,2,False,True,True,63.0,True,0.2745946645736693,UNRANKED,,False,,,
2023-02-15,2023-02-16,2023-02-17,T,XLC,15.95688118870036,16.124492645263672,16.264573852710544,1,stop_loss,SHORT,SHORT,0.49743953347206116,0.4944589138031006,0.5004201531410217,0.4944589138031006,0.5278406143188477,50.256046652793884,0.5152866840362549,2,False,True,True,63.0,True,0.38554614782333374,UNRANKED,,False,,,
2023-02-16,2023-02-17,2023-02-27,T,XLC,16.141255427339097,15.948498725891113,15.948498725891113,5,time_exit,LONG,LONG,0.5090390145778656,0.5237962603569031,0.4942817687988281,0.5237962603569031,0.5333813428878784,50.90390145778656,0.5152866840362549,2,False,True,True,63.0,True,0.29633390903472895,UNRANKED,,False,,,
2023-02-17,2023-02-21,2023-02-28,T,XLC,16.10773278930373,15.847931861877441,15.847931861877441,5,time_exit,SHORT,SHORT,0.49813225865364075,0.5019827485084534,0.4942817687988281,0.5019827485084534,0.4920998215675354,50.186774134635925,0.5152866840362549,2,False,True,True,63.0,True,0.2258212864398956,UNRANKED,,False,,,
2023-02-21,2023-02-22,2023-03-01,T,XLC,16.107728115702354,15.638411521911621,15.806020166745183,5,stop_loss,LONG,LONG,0.5215910971164703,0.5130161643028259,0.5301660299301147,0.5130161643028259,0.48976850509643555,52.159109711647034,0.5152866840362549,1,True,True,False,63.0,True,0.5416331589221954,UNRANKED,,False,,,
2023-02-22,2023-02-23,2023-02-27,T,XLC,16.27534717821992,15.638411521911621,15.976034041710435,2,stop_loss,LONG,LONG,0.5085932165384293,0.517747163772583,0.4994392693042755,0.517747163772583,0.5029938817024231,50.859321653842926,0.5152866840362549,2,False,True,True,63.0,True,0.1350419521331787,UNRANKED,,False,,,
2023-02-23,2023-02-24,2023-02-28,T,XLC,16.141254455967868,15.764120101928711,15.850322754307712,2,stop_loss,LONG,LONG,0.5277299880981445,0.514498233795166,0.540961742401123,0.514498233795166,0.4662576913833618,52.77299880981445,0.5152866840362549,1,True,True,False,63.0,True,0.37821760773658747,UNRANKED,,False,,,
2023-02-24,2023-02-27,2023-02-28,T,XLC,16.174776780642237,15.730599403381348,15.924551713503565,1,stop_loss,LONG,LONG,0.5145314037799835,0.4974645972251892,0.5315982103347778,0.4974645972251892,0.5085496306419373,51.45314037799835,0.5152866840362549,2,False,True,True,63.0,True,0.32564207911491394,UNRANKED,,False,,,
2023-02-27,2023-02-28,2023-03-01,T,XLC,15.940120237957998,15.68031120300293,15.694683842040378,1,stop_loss,LONG,LONG,0.5089940875768661,0.48638996481895447,0.5315982103347778,0.48638996481895447,0.47485366463661194,50.899408757686615,0.5152866840362549,2,False,True,True,63.0,True,0.3838432729244232,UNRANKED,,False,,,
2023-02-28,2023-03-01,2023-03-08,T,XLC,15.780883717709083,15.596508979797363,15.596508979797363,5,time_exit,LONG,LONG,0.5246059596538544,0.5095582008361816,0.5396537184715271,0.5095582008361816,0.5474984645843506,52.46059596538544,0.5152866840362549,1,True,True,False,63.0,True,1.0259729772806168,UNRANKED,,False,,,
2023-03-01,2023-03-02,2023-03-09,T,XLC,15.529462947946161,15.353466033935547,15.353466033935547,5,time_exit,LONG,LONG,0.5161433070898056,0.4926328957080841,0.5396537184715271,0.4926328957080841,0.547271728515625,51.61433070898056,0.5152866840362549,1,True,True,False,63.0,True,0.830235466361046,UNRANKED,,False,,,
2023-03-02,2023-03-03,2023-03-09,T,XLC,15.671933349433889,15.445655822753906,15.455231024430402,4,take_profit,SHORT,SHORT,0.4852892756462097,0.4622002840042114,0.508378267288208,0.4622002840042114,0.5177671909332275,51.47107243537903,0.5152866840362549,2,False,True,True,63.0,True,0.9234040379524231,UNRANKED,,False,,,
2023-03-03,2023-03-06,2023-03-09,T,XLC,15.797645046504947,15.336705207824707,15.574957325252505,3,stop_loss,LONG,LONG,0.518635168671608,0.48952624201774597,0.54774409532547,0.48952624201774597,0.46431416273117065,51.8635168671608,0.5152866840362549,1,True,True,False,63.0,True,0.6673885285854341,UNRANKED,,False,,,
2023-03-06,2023-03-07,2023-03-09,T,XLC,15.755737738008325,15.454035758972168,15.551009066525694,2,stop_loss,LONG,LONG,0.5213863551616669,0.49231046438217163,0.5504622459411621,0.49231046438217163,0.4754104018211365,52.13863551616669,0.5152866840362549,1,True,True,False,63.0,True,0.5553049594163895,UNRANKED,,False,,,
2023-03-07,2023-03-08,2023-03-09,T,XLC,15.562985357134218,15.345086097717285,15.364243171814046,1,stop_loss,LONG,LONG,0.5417479276657104,0.5237348675727844,0.5597609877586365,0.5237348675727844,0.46439018845558167,54.174792766571045,0.5152866840362549,1,True,True,False,63.0,True,0.9079476892948148,UNRANKED,,False,,,
2023-03-08,2023-03-09,2023-03-10,T,XLC,15.671934024620874,15.412131309509277,15.473192792975018,1,stop_loss,LONG,LONG,0.5297056138515472,0.5174458622932434,0.5419653654098511,0.5174458622932434,0.43496406078338623,52.970561385154724,0.5152866840362549,1,True,True,False,63.0,True,0.6939241588115693,UNRANKED,,False,,,
2023-03-09,2023-03-10,2023-03-17,T,XLC,15.319945435179342,15.194230079650879,15.194230079650879,5,time_exit,LONG,LONG,0.5312796533107758,0.5257486701011658,0.5368106365203857,0.5257486701011658,0.4923761188983917,53.127965331077576,0.5152866840362549,1,True,True,False,63.0,True,0.9592653512954713,UNRANKED,,False,,,
2023-03-10,2023-03-13,2023-03-20,T,XLC,15.311564090127881,15.495939254760742,15.495939254760742,5,time_exit,LONG,LONG,0.5143123865127563,0.49181413650512695,0.5368106365203857,0.49181413650512695,0.4923569858074188,51.431238651275635,0.5152866840362549,2,False,True,True,63.0,True,1.005109503865242,UNRANKED,,False,,,
2023-03-13,2023-03-14,2023-03-21,T,XLC,15.39537102168365,15.537841796875,15.537841796875,5,time_exit,LONG,LONG,0.5271402597427368,0.5004857182502747,0.553794801235199,0.5004857182502747,0.5575538277626038,52.71402597427368,0.5152866840362549,1,True,True,False,63.0,True,1.1333575546741486,UNRANKED,,False,,,
2023-03-14,2023-03-15,2023-03-20,T,XLC,15.252899335431636,15.412131309509277,15.461219544389852,3,take_profit,LONG,LONG,0.5238764584064484,0.49362999200820923,0.5541229248046875,0.49362999200820923,0.5464528203010559,52.387645840644836,0.5152866840362549,1,True,True,False,63.0,True,0.9509362131357193,UNRANKED,,False,,,
2023-03-15,2023-03-16,2023-03-21,T,XLC,15.278040024046541,15.470794677734375,15.498333477808051,3,take_profit,LONG,LONG,0.5392006933689117,0.5176538825035095,0.560747504234314,0.5176538825035095,0.5689529180526733,53.920069336891174,0.5152866840362549,1,True,True,False,63.0,True,1.0490123033523562,UNRANKED,,False,,,
2023-03-16,2023-03-17,2023-03-24,T,XLC,15.35346405446403,15.596508979797363,15.570165425793201,5,take_profit,LONG,LONG,0.5247452855110168,0.4887430667877197,0.560747504234314,0.4887430667877197,0.5095421671867371,52.474528551101685,0.5152866840362549,1,True,True,False,63.0,True,1.0681434720754623,UNRANKED,,False,,,
2023-03-17,2023-03-20,2023-03-21,T,XLC,15.311564131016535,15.81440544128418,15.534252260986541,1,take_profit,LONG,LONG,0.5410686731338501,0.5383273959159851,0.5438099503517151,0.5383273959159851,0.5700232982635498,54.10686731338501,0.5152866840362549,1,True,True,False,63.0,True,1.0058033615350723,UNRANKED,,False,,,
2023-03-20,2023-03-21,2023-03-28,T,XLC,15.655171260769183,15.68869400024414,15.68869400024414,5,time_exit,LONG,LONG,0.5078769773244858,0.49728623032569885,0.5184677243232727,0.49728623032569885,0.6224953532218933,50.78769773244858,0.5152866840362549,2,False,True,True,63.0,True,1.123494952917099,UNRANKED,,False,,,
2023-03-21,2023-03-22,2023-03-29,T,XLC,15.596508025891197,15.92335319519043,15.823985372039006,5,take_profit,LONG,LONG,0.5361770689487457,0.5538864135742188,0.5184677243232727,0.5538864135742188,0.5985022187232971,53.61770689487457,0.5152866840362549,1,True,True,False,63.0,True,0.7322807610034943,UNRANKED,,False,,,
2023-03-22,2023-03-23,2023-03-27,T,XLC,15.428891754171516,15.990398406982422,15.674327741371572,2,stop_loss,SHORT,SHORT,0.49763907492160797,0.5324435830116272,0.46283456683158875,0.5324435830116272,0.6278249025344849,50.2360925078392,0.5152866840362549,2,False,True,True,63.0,True,0.306128591299057,UNRANKED,,False,,,
2023-03-23,2023-03-24,2023-03-27,T,XLC,15.462417686133401,16.132871627807617,15.698275785934602,1,take_profit,LONG,LONG,0.5015899688005447,0.4847122132778168,0.5184677243232727,0.4847122132778168,0.6031766533851624,50.158996880054474,0.5152866840362549,2,False,True,True,63.0,True,0.6045822203159332,UNRANKED,,False,,,
2023-03-24,2023-03-27,2023-03-30,T,XLC,15.705455281902108,16.250200271606445,15.954483896491254,3,take_profit,LONG,LONG,0.5257666707038879,0.5330656170845032,0.5184677243232727,0.5330656170845032,0.621967077255249,52.576667070388794,0.5152866840362549,1,True,True,False,63.0,True,0.5995630323886871,UNRANKED,,False,,,
2023-03-27,2023-03-28,2023-03-31,T,XLC,15.789263258554007,16.459720611572266,16.062235910444354,3,take_profit,LONG,LONG,0.5043662488460541,0.49026477336883545,0.5184677243232727,0.49026477336883545,0.5583579540252686,50.43662488460541,0.5152866840362549,2,False,True,True,63.0,True,0.5678942799568176,UNRANKED,,False,,,
2023-03-28,2023-03-29,2023-03-31,T,XLC,15.806023735796579,16.660858154296875,16.084983418806136,2,take_profit,LONG,LONG,0.5029608309268951,0.48325783014297485,0.5226638317108154,0.48325783014297485,0.5558726191520691,50.296083092689514,0.5152866840362549,2,False,True,True,63.0,True,0.6760661303997041,UNRANKED,,False,,,
2023-03-29,2023-03-30,2023-04-03,T,XLC,15.931733678833458,16.701656341552734,16.209495683140798,2,take_profit,LONG,LONG,0.5295131504535675,0.5206078886985779,0.5384184122085571,0.5206078886985779,0.5457815527915955,52.95131504535675,0.5152866840362549,1,True,True,False,63.0,True,0.5929226875305176,UNRANKED,,False,,,
2023-03-30,2023-03-31,2023-04-04,T,XLC,16.023923068203963,16.6336612701416,16.298092990078963,2,take_profit,LONG,LONG,0.5018607378005981,0.5127367377281189,0.4909847378730774,0.5127367377281189,0.4828529357910156,50.186073780059814,0.5152866840362549,2,False,True,True,63.0,True,0.36769485473632807,UNRANKED,,False,,,
2023-03-31,2023-04-03,2023-04-04,T,XLC,16.14963262143172,16.735654830932617,16.42859148700615,1,stop_loss,SHORT,SHORT,0.4798697233200073,0.48613739013671875,0.4736020565032959,0.48613739013671875,0.6353735327720642,52.01302766799927,0.5152866840362549,1,True,False,True,63.0,True,0.57363361120224,UNRANKED,,False,,,
2023-04-03,2023-04-04,2023-04-05,T,XLC,16.359152945895485,16.803653717041016,16.638111538991538,1,take_profit,LONG,LONG,0.5000165402889252,0.5025210976600647,0.49751198291778564,0.5025210976600647,0.5439519882202148,50.00165402889252,0.5152866840362549,2,False,True,True,63.0,True,0.3121401369571687,UNRANKED,,False,,,
2023-04-04,2023-04-05,2023-04-12,T,XLC,16.442961004483667,16.965145111083984,16.736286837395568,4,stop_loss,SHORT,SHORT,0.4879876524209976,0.4841371774673462,0.49183812737464905,0.4841371774673462,0.6096770167350769,51.20123475790024,0.5152866840362549,2,False,True,True,63.0,True,0.143897920846939,UNRANKED,,False,,,
2023-04-05,2023-04-06,2023-04-14,T,XLC,16.701656341552734,16.93964385986328,16.93964385986328,5,time_exit,LONG,LONG,0.5200438052415848,0.5482494831085205,0.49183812737464905,0.5482494831085205,0.5364946722984314,52.00438052415848,0.5152866840362549,1,True,True,False,63.0,True,0.22558322548866266,UNRANKED,,False,,,
2023-04-06,2023-04-10,2023-04-13,T,XLC,16.54866523037711,16.820648193359375,16.835846675907593,3,stop_loss,SHORT,SHORT,0.4911680370569229,0.49720752239227295,0.4851285517215729,0.49720752239227295,0.5908212065696716,50.88319629430771,0.5152866840362549,2,False,True,True,63.0,True,0.2528631389141083,UNRANKED,,False,,,
2023-04-10,2023-04-11,2023-04-13,T,XLC,16.650658801382278,16.846147537231445,16.904452517812942,2,stop_loss,SHORT,SHORT,0.48929598927497864,0.4934634268283844,0.4851285517215729,0.4934634268283844,0.6282852292060852,51.070401072502136,0.5152866840362549,2,False,True,True,63.0,True,0.264423280954361,UNRANKED,,False,,,
2023-04-11,2023-04-12,2023-04-19,T,XLC,16.82065324959849,16.744155883789062,16.744155883789062,5,time_exit,SHORT,SHORT,0.48344603180885315,0.49306318163871765,0.47382888197898865,0.49306318163871765,0.6166908740997314,51.655396819114685,0.5152866840362549,1,True,False,True,63.0,True,0.1499239206314087,UNRANKED,,False,,,
2023-04-12,2023-04-13,2023-04-20,T,XLC,16.871650920499203,15.001741409301758,16.617517287294334,5,take_profit,SHORT,SHORT,0.4960866719484329,0.5373391509056091,0.4548341929912567,0.5373391509056091,0.6047472357749939,50.39133280515671,0.5152866840362549,2,False,True,True,63.0,True,-0.172179877758026,UNRANKED,,False,,,
2023-04-13,2023-04-14,2023-04-20,T,XLC,16.956643389535284,15.486215591430664,16.687820038356435,4,take_profit,SHORT,SHORT,0.4843728393316269,0.4907585084438324,0.4779871702194214,0.4907585084438324,0.5620169639587402,51.56271606683731,0.5152866840362549,1,True,False,True,63.0,True,0.09207171201705928,UNRANKED,,False,,,
2023-04-14,2023-04-17,2023-04-20,T,XLC,16.9141423519921,14.899747848510742,16.65963515093358,3,take_profit,SHORT,SHORT,0.4833436757326126,0.48870018124580383,0.4779871702194214,0.48870018124580383,0.5324171781539917,51.66563242673874,0.5152866840362549,1,True,False,True,63.0,True,0.029266357421874965,UNRANKED,,False,,,
2023-04-17,2023-04-18,2023-04-20,T,XLC,16.85464730179973,14.882750511169434,16.614268785738766,2,take_profit,SHORT,SHORT,0.4903072863817215,0.483389288187027,0.497225284576416,0.483389288187027,0.495145708322525,50.96927136182785,0.5152866840362549,2,False,True,True,63.0,True,0.3262709677219391,UNRANKED,,False,,,
2023-04-18,2023-04-19,2023-04-20,T,XLC,16.81215238842603,14.619260787963867,16.586089886246203,1,take_profit,SHORT,SHORT,0.4909157007932663,0.4832201898097992,0.4986112117767334,0.4832201898097992,0.6257062554359436,50.90842992067337,0.5152866840362549,2,False,True,True,63.0,True,0.31553417444229126,UNRANKED,,False,,,
2023-04-19,2023-04-20,2023-04-21,T,XLC,15.902695416426532,14.967745780944824,15.695585420175835,1,stop_loss,LONG,LONG,0.5018772482872009,0.5051432847976685,0.4986112117767334,0.5051432847976685,0.559423565864563,50.18772482872009,0.5152866840362549,2,False,True,True,63.0,True,0.31740853190422064,UNRANKED,,False,,,
2023-04-20,2023-04-21,2023-04-26,T,XLC,15.18873194537266,15.018741607666016,14.742283483022632,3,stop_loss,LONG,LONG,0.5024150013923645,0.5061529278755188,0.4986770749092102,0.5061529278755188,0.5447855591773987,50.24150013923645,0.5152866840362549,2,False,True,True,63.0,True,0.21866866946220398,UNRANKED,,False,,,
2023-04-21,2023-04-24,2023-04-26,T,XLC,15.375723348283461,14.874249458312988,14.880417605747189,2,take_profit,SHORT,SHORT,0.48694469034671783,0.4852205812931061,0.4886687994003296,0.4852205812931061,0.5535315275192261,51.30553096532822,0.5152866840362549,2,False,True,True,63.0,True,0.19222036004066462,UNRANKED,,False,,,
2023-04-24,2023-04-25,2023-05-02,T,XLC,14.882750511169434,14.508767127990723,14.508767127990723,5,time_exit,SHORT,SHORT,0.46312206983566284,0.44003212451934814,0.48621201515197754,0.44003212451934814,0.4826299250125885,53.687793016433716,0.5152866840362549,1,True,False,True,63.0,True,0.11715209484100333,UNRANKED,,False,,,
2023-04-25,2023-04-26,2023-05-03,T,XLC,14.78075144784794,14.525765419006348,14.525765419006348,5,time_exit,SHORT,SHORT,0.49801239371299744,0.5017430186271667,0.4942817687988281,0.5017430186271667,0.46103787422180176,50.198760628700256,0.5152866840362549,2,False,True,True,63.0,True,0.3834131956100464,UNRANKED,,False,,,
2023-04-26,2023-04-27,2023-05-04,T,XLC,14.77225440631007,14.372774124145508,14.372774124145508,5,time_exit,LONG,LONG,0.5179624855518341,0.5074635744094849,0.5284613966941833,0.5074635744094849,0.4455784559249878,51.79624855518341,0.5152866840362549,1,True,True,False,63.0,True,0.5992105007171631,UNRANKED,,False,,,
2023-04-27,2023-04-28,2023-05-05,T,XLC,14.806252338525956,14.559762954711914,14.559762954711914,5,time_exit,LONG,LONG,0.5001336932182312,0.49948376417160034,0.5007836222648621,0.49948376417160034,0.47407203912734985,50.01336932182312,0.5152866840362549,2,False,True,True,63.0,True,0.15183451771736134,UNRANKED,,False,,,
2023-04-28,2023-05-01,2023-05-04,T,XLC,15.078238970630109,14.551265716552734,14.492982394092023,3,take_profit,SHORT,SHORT,0.4986240118741989,0.49708130955696106,0.5001667141914368,0.49708130955696106,0.4513375163078308,50.13759881258011,0.5152866840362549,2,False,True,True,63.0,True,0.45446208119392406,UNRANKED,,False,,,
2023-05-01,2023-05-02,2023-05-09,T,XLC,14.755255459889527,14.466268539428711,14.466268539428711,5,time_exit,SHORT,SHORT,0.49291400611400604,0.49406981468200684,0.49175819754600525,0.49406981468200684,0.46404555439949036,50.708599388599396,0.5152866840362549,2,False,True,True,63.0,True,0.42941123247146606,UNRANKED,,False,,,
2023-05-02,2023-05-03,2023-05-10,T,XLC,14.576762385639654,14.483269691467285,14.483269691467285,5,time_exit,LONG,LONG,0.5132923722267151,0.5165519118309021,0.5100328326225281,0.5165519118309021,0.48221829533576965,51.32923722267151,0.5152866840362549,2,False,True,True,63.0,True,0.48811927437782293,UNRANKED,,False,,,
2023-05-03,2023-05-04,2023-05-11,T,XLC,14.466269921920048,14.415271759033203,14.415271759033203,5,time_exit,LONG,LONG,0.5240538567304611,0.5494383573532104,0.4986693561077118,0.5494383573532104,0.5818309187889099,52.40538567304611,0.5152866840362549,1,True,True,False,63.0,True,0.26644900441169744,UNRANKED,,False,,,
2023-05-04,2023-05-05,2023-05-12,T,XLC,14.432269726685378,14.474769592285156,14.474769592285156,5,time_exit,LONG,LONG,0.5183294415473938,0.5472129583358765,0.48944592475891113,0.5472129583358765,0.6126278042793274,51.83294415473938,0.5152866840362549,1,True,True,False,63.0,True,0.24854889512062076,UNRANKED,,False,,,
2023-05-05,2023-05-08,2023-05-15,T,XLC,14.457769920306019,14.406773567199707,14.406773567199707,5,time_exit,LONG,LONG,0.5259040594100952,0.5149974822998047,0.5368106365203857,0.5149974822998047,0.5755653381347656,52.59040594100952,0.5152866840362549,1,True,True,False,63.0,True,0.7715577483177185,UNRANKED,,False,,,
2023-05-08,2023-05-09,2023-05-16,T,XLC,14.534265034630783,14.04979133605957,14.04979133605957,5,time_exit,LONG,LONG,0.5309419929981232,0.5058072209358215,0.5560767650604248,0.5058072209358215,0.5333610773086548,53.09419929981232,0.5152866840362549,1,True,True,False,63.0,True,0.6889223158359529,UNRANKED,,False,,,
2023-05-09,2023-05-10,2023-05-17,T,XLC,14.50026760129929,14.160283088684082,14.160283088684082,5,time_exit,LONG,LONG,0.5247193872928619,0.503635823726654,0.5458029508590698,0.503635823726654,0.5725987553596497,52.471938729286194,0.5152866840362549,1,True,True,False,63.0,True,0.2315802723169328,UNRANKED,,False,,,
2023-05-10,2023-05-11,2023-05-18,T,XLC,14.406773614586529,14.066791534423828,14.066791534423828,5,time_exit,LONG,LONG,0.5360652804374695,0.5053867101669312,0.5667438507080078,0.5053867101669312,0.4854552745819092,53.60652804374695,0.5152866840362549,1,True,True,False,63.0,True,0.5923867374658585,UNRANKED,,False,,,
2023-05-11,2023-05-12,2023-05-16,T,XLC,14.449270296378222,13.862797737121582,14.11900143651494,2,stop_loss,LONG,LONG,0.5342463552951813,0.5017488598823547,0.5667438507080078,0.5017488598823547,0.4988955855369568,53.42463552951813,0.5152866840362549,1,True,True,False,63.0,True,0.613115832209587,UNRANKED,,False,,,
2023-05-12,2023-05-15,2023-05-16,T,XLC,14.449270773951403,13.922295570373535,14.194283329754974,1,stop_loss,LONG,LONG,0.5333411693572998,0.4999384880065918,0.5667438507080078,0.4999384880065918,0.5541555881500244,53.33411693572998,0.5152866840362549,1,True,True,False,63.0,True,0.5853883326053619,UNRANKED,,False,,,
2023-05-15,2023-05-16,2023-05-18,T,XLC,14.389773849151302,13.684308052062988,14.127500878134281,2,stop_loss,LONG,LONG,0.5318658947944641,0.5087636709213257,0.5549681186676025,0.5087636709213257,0.5674417018890381,53.18658947944641,0.5152866840362549,1,True,True,False,63.0,True,0.5492098927497864,UNRANKED,,False,,,
2023-05-16,2023-05-17,2023-05-19,T,XLC,14.160283088684082,13.556815147399902,13.88465404510498,2,stop_loss,LONG,LONG,0.5411801338195801,0.5214883685112,0.5608718991279602,0.5214883685112,0.529237687587738,54.11801338195801,0.5152866840362549,1,True,True,False,63.0,True,0.7997386157512665,UNRANKED,,False,,,
2023-05-17,2023-05-18,2023-05-19,T,XLC,14.109290368702414,12.876849174499512,13.867660359459947,1,stop_loss,LONG,LONG,0.530791848897934,0.5066155791282654,0.5549681186676025,0.5066155791282654,0.5963388681411743,53.079184889793396,0.5152866840362549,1,True,True,False,63.0,True,0.5554773956537246,UNRANKED,,False,,,
2023-05-18,2023-05-19,2023-05-23,T,XLC,14.10078627251836,13.174333572387695,13.853085445056026,2,stop_loss,LONG,LONG,0.5164673328399658,0.5075215101242065,0.5254131555557251,0.5075215101242065,0.5386193990707397,51.64673328399658,0.5152866840362549,1,True,True,False,63.0,True,0.626784637570381,UNRANKED,,False,,,
2023-05-19,2023-05-22,2023-05-24,T,XLC,13.896797896776466,13.293327331542969,13.640596833892817,2,take_profit,SHORT,SHORT,0.499903067946434,0.5141629576683044,0.4856431782245636,0.5141629576683044,0.5577797293663025,50.0096932053566,0.5152866840362549,2,False,True,True,63.0,True,0.3438360393047332,UNRANKED,,False,,,
2023-05-22,2023-05-23,2023-05-24,T,XLC,13.820301042646415,13.36982536315918,13.60781205077281,1,take_profit,SHORT,SHORT,0.49246491491794586,0.5065268278121948,0.4784030020236969,0.5065268278121948,0.4551199972629547,50.753508508205414,0.5152866840362549,2,False,True,True,63.0,True,0.3026138544082642,UNRANKED,,False,,,
2023-05-23,2023-05-24,2023-05-25,T,XLC,13.692808959920487,13.437820434570312,13.448750078433322,1,stop_loss,LONG,LONG,0.5017217993736267,0.5030234456062317,0.5004201531410217,0.5030234456062317,0.549095630645752,50.17217993736267,0.5152866840362549,2,False,True,True,63.0,True,0.37313541769981384,UNRANKED,,False,,,
2023-05-24,2023-05-25,2023-06-02,T,XLC,13.31882723614273,12.927847862243652,13.078410981826671,5,stop_loss,LONG,LONG,0.5140658020973206,0.5153948068618774,0.5127367973327637,0.5153948068618774,0.5675525069236755,51.406580209732056,0.5152866840362549,2,False,True,True,63.0,True,0.5340994000434875,UNRANKED,,False,,,
2023-05-25,2023-05-26,2023-05-30,T,XLC,12.94484479204731,13.080839157104492,13.255686352411079,1,take_profit,LONG,LONG,0.5035930424928665,0.49631384015083313,0.5108722448348999,0.49631384015083313,0.5268023014068604,50.35930424928665,0.5152866840362549,2,False,True,True,63.0,True,0.7677309215068817,UNRANKED,,False,,,
2023-05-26,2023-05-30,2023-06-06,T,XLC,13.165833299416194,13.318827629089355,13.318827629089355,5,time_exit,LONG,LONG,0.5131118297576904,0.5163741707801819,0.509849488735199,0.5163741707801819,0.5316333174705505,51.31118297576904,0.5152866840362549,2,False,True,True,63.0,True,0.5761406272649766,UNRANKED,,False,,,
2023-05-30,2023-05-31,2023-06-02,T,XLC,13.310328623012348,13.684308052062988,12.9533465281114,2,stop_loss,LONG,LONG,0.530800998210907,0.5104931592941284,0.5511088371276855,0.5104931592941284,0.5495064854621887,53.0800998210907,0.5152866840362549,1,True,True,False,63.0,True,0.7738119661808014,UNRANKED,,False,,,
2023-05-31,2023-06-01,2023-06-02,T,XLC,13.386822658263636,13.658809661865234,13.021341009137311,1,stop_loss,LONG,LONG,0.546241283416748,0.534740149974823,0.5577424168586731,0.534740149974823,0.6055336594581604,54.624128341674805,0.5152866840362549,1,True,True,False,63.0,True,0.5879624187946318,UNRANKED,,False,,,
2023-06-01,2023-06-02,2023-06-06,T,XLC,12.817353339077878,13.556815147399902,13.182834579486638,2,take_profit,LONG,LONG,0.5299626588821411,0.4973384737968445,0.5625868439674377,0.4973384737968445,0.5573660731315613,52.99626588821411,0.5152866840362549,1,True,True,False,63.0,True,0.3721148818731308,UNRANKED,,False,,,
2023-06-02,2023-06-05,2023-06-07,T,XLC,13.029841377971541,13.539815902709961,13.459676152533833,2,stop_loss,SHORT,SHORT,0.491525799036026,0.5183237195014954,0.46472787857055664,0.5183237195014954,0.46985363960266113,50.8474200963974,0.5152866840362549,2,False,True,True,63.0,True,0.17647695541381825,UNRANKED,,False,,,
2023-06-05,2023-06-06,2023-06-07,T,XLC,13.140336608249283,13.446319580078125,13.582313564208059,1,stop_loss,SHORT,SHORT,0.4842221438884735,0.5037164092063904,0.46472787857055664,0.5037164092063904,0.5228451490402222,51.57778561115265,0.5152866840362549,1,True,False,True,63.0,True,-0.18463885784149167,UNRANKED,,False,,,
2023-06-06,2023-06-07,2023-06-14,T,XLC,13.284828034287552,13.463319778442383,13.463319778442383,5,time_exit,SHORT,SHORT,0.4637579768896103,0.4603411853313446,0.467174768447876,0.4603411853313446,0.5258303284645081,53.62420231103897,0.5152866840362549,1,True,False,True,63.0,True,-0.07665240764617928,UNRANKED,,False,,,
2023-06-07,2023-06-08,2023-06-15,T,XLC,13.63331198767198,13.624813079833984,13.624813079833984,5,time_exit,SHORT,SHORT,0.4937436580657959,0.4971526563167572,0.4903346598148346,0.4971526563167572,0.49758368730545044,50.62563419342041,0.5152866840362549,2,False,True,True,63.0,True,0.12456959486007671,UNRANKED,,False,,,
2023-06-08,2023-06-09,2023-06-16,T,XLC,13.607812928417902,13.650309562683105,13.650309562683105,5,time_exit,SHORT,SHORT,0.46850526332855225,0.4590505361557007,0.4779599905014038,0.4590505361557007,0.5342200994491577,53.149473667144775,0.5152866840362549,1,True,False,True,63.0,True,0.19424623250961287,UNRANKED,,False,,,
2023-06-09,2023-06-12,2023-06-20,T,XLC,13.556814622002351,13.412322044372559,13.412322044372559,5,time_exit,SHORT,SHORT,0.47318579256534576,0.4641878604888916,0.4821837246417999,0.4641878604888916,0.5231480002403259,52.681420743465424,0.5152866840362549,1,True,False,True,63.0,True,0.26568067073822027,UNRANKED,,False,,,
2023-06-12,2023-06-13,2023-06-21,T,XLC,13.429320861455107,13.267830848693848,13.267830848693848,5,time_exit,SHORT,SHORT,0.48908108472824097,0.4888331890106201,0.4893289804458618,0.4888331890106201,0.5778952836990356,51.0918915271759,0.5152866840362549,2,False,True,True,63.0,True,0.2789527475833892,UNRANKED,,False,,,
2023-06-13,2023-06-14,2023-06-22,T,XLC,13.514316747428277,13.242328643798828,13.242328643798828,5,time_exit,SHORT,SHORT,0.4963594079017639,0.503389835357666,0.4893289804458618,0.503389835357666,0.5049580335617065,50.36405920982361,0.5152866840362549,2,False,True,True,63.0,True,0.33114150166511536,UNRANKED,,False,,,
2023-06-14,2023-06-15,2023-06-23,T,XLC,13.497319026770201,13.131837844848633,13.131837844848633,5,time_exit,LONG,LONG,0.5263814926147461,0.5567222833633423,0.4960407018661499,0.5567222833633423,0.6361530423164368,52.63814926147461,0.5152866840362549,1,True,True,False,63.0,True,-0.2784387171268464,UNRANKED,,False,,,
2023-06-15,2023-06-16,2023-06-21,T,XLC,13.684308622327965,13.284829139709473,13.363753480334033,2,take_profit,SHORT,SHORT,0.49163712561130524,0.4981456995010376,0.4851285517215729,0.4981456995010376,0.5449379682540894,50.836287438869476,0.5152866840362549,2,False,True,True,63.0,True,0.041716843843460014,UNRANKED,,False,,,
2023-06-16,2023-06-20,2023-06-21,T,XLC,13.616312352754743,13.463319778442383,13.334612627194964,1,take_profit,SHORT,SHORT,0.49109524488449097,0.5042033195495605,0.4779871702194214,0.5042033195495605,0.5307945609092712,50.8904755115509,0.5152866840362549,2,False,True,True,63.0,True,0.056467354297637905,UNRANKED,,False,,,
2023-06-20,2023-06-21,2023-06-28,T,XLC,13.344327122054237,13.412322044372559,13.412322044372559,5,time_exit,SHORT,SHORT,0.49533236026763916,0.502080500125885,0.4885842204093933,0.502080500125885,0.5615283250808716,50.466763973236084,0.5152866840362549,2,False,True,True,63.0,True,0.2650002837181092,UNRANKED,,False,,,
2023-06-21,2023-06-22,2023-06-29,T,XLC,13.233828880126493,13.582313537597656,13.542241023288812,5,stop_loss,SHORT,SHORT,0.46544647216796875,0.4423087239265442,0.4885842204093933,0.4423087239265442,0.5803514122962952,53.455352783203125,0.5152866840362549,1,True,False,True,63.0,True,0.19199952483177204,UNRANKED,,False,,,
2023-06-22,2023-06-23,2023-06-30,T,XLC,13.284830391694758,13.556815147399902,13.556815147399902,5,time_exit,SHORT,SHORT,0.45282019674777985,0.4170561730861664,0.4885842204093933,0.4170561730861664,0.6237130165100098,54.717980325222015,0.5152866840362549,1,True,False,True,63.0,True,0.3506510257720948,UNRANKED,,False,,,
2023-06-23,2023-06-26,2023-06-27,T,XLC,13.140336372545894,13.701308250427246,13.385609281437844,1,stop_loss,SHORT,SHORT,0.49122747778892517,0.4909495711326599,0.49150538444519043,0.4909495711326599,0.5005087852478027,50.87725222110748,0.5152866840362549,2,False,True,True,63.0,True,0.45247644186019903,UNRANKED,,False,,,
2023-06-26,2023-06-27,2023-06-29,T,XLC,13.216832266791348,13.658809661865234,13.462105175683298,2,take_profit,LONG,LONG,0.5005251467227936,0.5148382782936096,0.48621201515197754,0.5148382782936096,0.5697957873344421,50.05251467227936,0.5152866840362549,2,False,True,True,63.0,True,0.10986158251762405,UNRANKED,,False,,,
2023-06-27,2023-06-28,2023-07-03,T,XLC,13.437821339534214,13.488819122314453,13.6745945579616,3,stop_loss,SHORT,SHORT,0.4909130036830902,0.4956139922142029,0.48621201515197754,0.4956139922142029,0.5300762057304382,50.90869963169098,0.5152866840362549,2,False,True,True,63.0,True,0.2749940156936646,UNRANKED,,False,,,
2023-06-28,2023-06-29,2023-07-03,T,XLC,13.378324036117208,13.504390716552734,13.570171156129764,2,stop_loss,SHORT,SHORT,0.4957260191440582,0.5027832388877869,0.4886687994003296,0.5027832388877869,0.5272252559661865,50.42739808559418,0.5152866840362549,2,False,True,True,63.0,True,0.4097611904144287,UNRANKED,,False,,,
2023-06-29,2023-06-30,2023-07-10,T,XLC,13.599313163151196,13.21025276184082,13.386824171277592,5,take_profit,SHORT,SHORT,0.4984922260046005,0.5049278736114502,0.49205657839775085,0.5049278736114502,0.5279154181480408,50.15077739953995,0.5152866840362549,2,False,True,True,63.0,True,0.28831550478935225,UNRANKED,,False,,,
2023-06-30,2023-07-03,2023-07-10,T,XLC,13.55681467764676,13.17564868927002,13.355253703525666,4,take_profit,SHORT,SHORT,0.4983576536178589,0.5036575794219971,0.4930577278137207,0.5036575794219971,0.5686781406402588,50.16423463821411,0.5152866840362549,2,False,True,True,63.0,True,0.24106201529502866,UNRANKED,,False,,,
2023-07-03,2023-07-05,2023-07-10,T,XLC,13.667309426984463,13.080486297607422,13.447535044529454,3,stop_loss,LONG,LONG,0.5009131729602814,0.5032151341438293,0.4986112117767334,0.5032151341438293,0.5086082816123962,50.09131729602814,0.5152866840362549,2,False,True,True,63.0,True,0.2965595126152038,UNRANKED,,False,,,
2023-07-05,2023-07-06,2023-07-10,T,XLC,13.607813408499732,13.080486297607422,13.395324416626128,2,stop_loss,LONG,LONG,0.5028789341449738,0.5071466565132141,0.4986112117767334,0.5071466565132141,0.5115895867347717,50.287893414497375,0.5152866840362549,2,False,True,True,63.0,True,0.24976944923400887,UNRANKED,,False,,,
2023-07-06,2023-07-07,2023-07-11,T,XLC,13.443833173328104,12.544116973876953,13.209488418427853,2,stop_loss,LONG,LONG,0.5054376423358917,0.4964495897293091,0.5144256949424744,0.4964495897293091,0.540583610534668,50.54376423358917,0.5152866840362549,2,False,True,True,63.0,True,0.5234760642051697,UNRANKED,,False,,,
2023-07-07,2023-07-10,2023-07-11,T,XLC,13.42653063292504,11.704957962036133,13.213031836189549,1,stop_loss,LONG,LONG,0.5020782649517059,0.5165594816207886,0.4875970482826233,0.5165594816207886,0.5246695876121521,50.20782649517059,0.5152866840362549,2,False,True,True,63.0,True,0.4591324329376222,UNRANKED,,False,,,
2023-07-10,2023-07-11,2023-07-14,T,XLC,13.227555745989624,11.635749816894531,12.975679596130878,3,take_profit,SHORT,SHORT,0.4984211027622223,0.510630190372467,0.48621201515197754,0.510630190372467,0.5492087006568909,50.15788972377777,0.5152866840362549,2,False,True,True,63.0,True,0.22517970204353338,UNRANKED,,False,,,
2023-07-11,2023-07-12,2023-07-14,T,XLC,13.184299582703357,12.62197494506836,12.96147821080743,2,stop_loss,LONG,LONG,0.503006786108017,0.5129558444023132,0.4930577278137207,0.5129558444023132,0.6114033460617065,50.3006786108017,0.5152866840362549,2,False,True,True,63.0,True,0.16789144277572637,UNRANKED,,False,,,
2023-07-12,2023-07-13,2023-07-14,T,XLC,13.097788924307403,12.682536125183105,12.88201452441378,1,take_profit,SHORT,SHORT,0.49611595273017883,0.49917417764663696,0.4930577278137207,0.49917417764663696,0.6201972365379333,50.38840472698212,0.5152866840362549,2,False,True,True,63.0,True,0.04807785153388969,UNRANKED,,False,,,
2023-07-13,2023-07-14,2023-07-17,T,XLC,12.803650593515817,12.769044876098633,12.591519365750052,1,stop_loss,LONG,LONG,0.5019645094871521,0.5067037343978882,0.497225284576416,0.5067037343978882,0.6139693856239319,50.19645094871521,0.5152866840362549,2,False,True,True,63.0,True,0.16219428181648263,UNRANKED,,False,,,
2023-07-14,2023-07-17,2023-07-18,T,XLC,12.215373861513731,12.933417320251465,11.942402844493643,1,stop_loss,LONG,LONG,0.5066058337688446,0.5146004557609558,0.4986112117767334,0.5146004557609558,0.53992760181427,50.66058337688446,0.5152866840362549,2,False,True,True,63.0,True,0.2540060281753541,UNRANKED,,False,,,
2023-07-17,2023-07-18,2023-07-19,T,XLC,11.704958672717195,12.80364990234375,12.075953649305854,1,stop_loss,SHORT,SHORT,0.4816131442785263,0.47138816118240356,0.49183812737464905,0.47138816118240356,0.569150984287262,51.83868557214737,0.5152866840362549,1,True,False,True,63.0,True,0.3845929801464081,UNRANKED,,False,,,
2023-07-18,2023-07-19,2023-07-21,T,XLC,12.38839448054413,12.881510734558105,12.74377767233403,2,stop_loss,SHORT,SHORT,0.4844563901424408,0.47707465291023254,0.49183812737464905,0.47707465291023254,0.5575978755950928,51.55436098575592,0.5152866840362549,1,True,False,True,63.0,True,-0.16139930486679077,UNRANKED,,False,,,
2023-07-19,2023-07-20,2023-07-27,T,XLC,12.621978576233563,12.55276870727539,12.55276870727539,5,time_exit,SHORT,SHORT,0.463454931974411,0.44178131222724915,0.4851285517215729,0.44178131222724915,0.5734460353851318,53.6545068025589,0.5152866840362549,1,True,False,True,63.0,True,0.07890895009040827,UNRANKED,,False,,,
2023-07-20,2023-07-21,2023-07-28,T,XLC,12.639277666869669,12.500860214233398,12.500860214233398,5,time_exit,SHORT,SHORT,0.4707392156124115,0.4634912610054016,0.4779871702194214,0.4634912610054016,0.5251929759979248,52.92607843875885,0.5152866840362549,1,True,False,True,63.0,True,-0.1386546790599824,UNRANKED,,False,,,
2023-07-21,2023-07-24,2023-07-31,T,XLC,12.786348292877861,12.561418533325195,12.561418533325195,5,time_exit,SHORT,SHORT,0.49602948129177094,0.524657666683197,0.46740129590034485,0.524657666683197,0.5270882248878479,50.39705187082291,0.5152866840362549,2,False,True,True,63.0,True,-0.23737260699272164,UNRANKED,,False,,,
2023-07-24,2023-07-25,2023-07-27,T,XLC,13.045880882580978,12.37109375,12.560971007528662,2,take_profit,SHORT,SHORT,0.4764097332954407,0.4789905846118927,0.47382888197898865,0.4789905846118927,0.394395649433136,52.35902667045593,0.5152866840362549,1,True,False,True,63.0,True,-0.11500453948974626,UNRANKED,,False,,,
2023-07-25,2023-07-26,2023-08-01,T,XLC,12.898812535812153,12.414351463317871,12.401435685139022,4,take_profit,SHORT,SHORT,0.4931749254465103,0.512520968914032,0.47382888197898865,0.512520968914032,0.4500170648097992,50.68250745534897,0.5152866840362549,2,False,True,True,63.0,True,-0.11947256326675423,UNRANKED,,False,,,
2023-07-26,2023-07-27,2023-08-01,T,XLC,12.881511193152155,12.189422607421875,12.397295729241371,3,take_profit,SHORT,SHORT,0.4851963222026825,0.4924054741859436,0.4779871702194214,0.4924054741859436,0.5262483358383179,51.48036777973175,0.5152866840362549,2,False,True,True,63.0,True,-0.100719839334488,UNRANKED,,False,,,
2023-07-27,2023-07-28,2023-08-04,T,XLC,12.621976113536059,12.111559867858887,12.111559867858887,5,time_exit,LONG,LONG,0.5215291976928711,0.5329596400260925,0.5100987553596497,0.5329596400260925,0.5412853956222534,52.15291976928711,0.5152866840362549,1,True,True,False,63.0,True,-0.008549928665161147,UNRANKED,,False,,,
2023-07-28,2023-07-31,2023-08-07,T,XLC,12.509511483792183,12.120211601257324,12.120211601257324,5,time_exit,LONG,LONG,0.5283205360174179,0.5648029446601868,0.49183812737464905,0.5648029446601868,0.5699790120124817,52.83205360174179,0.5152866840362549,1,True,True,False,63.0,True,-0.15318882465362554,UNRANKED,,False,,,
2023-07-31,2023-08-01,2023-08-08,T,XLC,12.596022922280897,12.267282485961914,12.267282485961914,5,time_exit,SHORT,SHORT,0.4899015724658966,0.50322026014328,0.4765828847885132,0.50322026014328,0.5629703402519226,51.00984275341034,0.5152866840362549,2,False,True,True,63.0,True,-0.166934072971344,UNRANKED,,False,,,
2023-08-01,2023-08-02,2023-08-09,T,XLC,12.362444405668583,12.345142364501953,12.345142364501953,5,time_exit,SHORT,SHORT,0.4989791661500931,0.5079042911529541,0.49005404114723206,0.5079042911529541,0.5087197422981262,50.10208338499069,0.5152866840362549,2,False,True,True,63.0,True,0.15659019351005557,UNRANKED,,False,,,
2023-08-02,2023-08-03,2023-08-10,T,XLC,12.319189017742442,12.25862979888916,12.25862979888916,5,time_exit,LONG,LONG,0.5053013861179352,0.5163210034370422,0.4942817687988281,0.5163210034370422,0.5770062208175659,50.53013861179352,0.5152866840362549,2,False,True,True,63.0,True,0.3926120400428772,UNRANKED,,False,,,
2023-08-03,2023-08-04,2023-08-11,T,XLC,12.154815603822435,12.43165111541748,12.43165111541748,5,time_exit,LONG,LONG,0.5006885528564453,0.5070953369140625,0.4942817687988281,0.5070953369140625,0.5453218817710876,50.06885528564453,0.5152866840362549,2,False,True,True,63.0,True,0.3754323124885559,UNRANKED,,False,,,
2023-08-04,2023-08-07,2023-08-14,T,XLC,12.120211601257324,12.336488723754883,12.336488723754883,5,time_exit,LONG,LONG,0.5224860906600952,0.540391206741333,0.5045809745788574,0.540391206741333,0.5872429609298706,52.24860906600952,0.5152866840362549,1,True,True,False,63.0,True,0.23622378706932065,UNRANKED,,False,,,
2023-08-07,2023-08-08,2023-08-11,T,XLC,12.059655079438494,12.232675552368164,12.415587996352208,3,take_profit,LONG,LONG,0.5077420026063919,0.5207244753837585,0.49475952982902527,0.5207244753837585,0.5755231976509094,50.77420026063919,0.5152866840362549,2,False,True,True,63.0,True,0.14253959059715265,UNRANKED,,False,,,
2023-08-08,2023-08-09,2023-08-16,T,XLC,12.25863087843703,12.19807243347168,12.19807243347168,5,time_exit,SHORT,SHORT,0.49963995814323425,0.4900926947593689,0.5091872215270996,0.4900926947593689,0.4819352924823761,50.036004185676575,0.5152866840362549,2,False,True,True,63.0,True,0.40689539909362804,UNRANKED,,False,,,
2023-08-09,2023-08-10,2023-08-17,T,XLC,12.362443078004016,12.120211601257324,12.123918096096581,5,stop_loss,LONG,LONG,0.5428741574287415,0.5202073454856873,0.5655409693717957,0.5202073454856873,0.5276812314987183,54.287415742874146,0.5152866840362549,1,True,True,False,63.0,True,0.7048221528530121,UNRANKED,,False,,,
2023-08-10,2023-08-11,2023-08-18,T,XLC,12.24132637033872,12.154816627502441,12.154816627502441,5,time_exit,LONG,LONG,0.5397140681743622,0.5138871669769287,0.5655409693717957,0.5138871669769287,0.5439428091049194,53.97140681743622,0.5152866840362549,1,True,True,False,63.0,True,0.8124526888132095,UNRANKED,,False,,,
2023-08-11,2023-08-14,2023-08-17,T,XLC,12.379744458627659,12.19807243347168,12.139983378566972,3,stop_loss,LONG,LONG,0.5000692456960678,0.5013657212257385,0.4987727701663971,0.5013657212257385,0.41884610056877136,50.00692456960678,0.5007985532283783,2,False,True,True,52.0,True,0.307771623134613,UNRANKED,,False,,,
2023-08-14,2023-08-15,2023-08-22,T,XLC,12.284581774600692,12.336488723754883,12.336488723754883,5,time_exit,LONG,LONG,0.5000692456960678,0.5013657212257385,0.4987727701663971,0.5013657212257385,0.43154069781303406,50.00692456960678,0.5007985532283783,2,False,True,True,52.0,True,0.1701889038085936,UNRANKED,,False,,,
2023-08-15,2023-08-16,2023-08-23,T,XLC,12.241327348278944,12.249979019165039,12.249979019165039,5,time_exit,LONG,LONG,0.5027892887592316,0.5013657212257385,0.5042128562927246,0.5013657212257385,0.4519719183444977,50.27892887592316,0.5007985532283783,1,True,True,False,52.0,True,0.11606749892234797,UNRANKED,,False,,,
2023-08-16,2023-08-17,2023-08-24,T,XLC,12.224024876156808,12.241327285766602,12.241327285766602,5,time_exit,LONG,LONG,0.5027892887592316,0.5013657212257385,0.5042128562927246,0.5013657212257385,0.4644179046154022,50.27892887592316,0.5007985532283783,1,True,True,False,52.0,True,0.3344136774539947,UNRANKED,,False,,,
2023-08-17,2023-08-18,2023-08-22,T,XLC,12.085607774145805,12.206724166870117,12.285820389022689,2,stop_loss,SHORT,SHORT,0.4972788542509079,0.5013657212257385,0.49319198727607727,0.5013657212257385,0.692624568939209,50.27211457490921,0.5007985532283783,1,True,False,True,52.0,True,0.48638081550598156,UNRANKED,,False,,,
2023-08-18,2023-08-21,2023-08-22,T,XLC,12.128863579738518,12.293233871459961,12.32536858135159,1,take_profit,LONG,LONG,0.5025612413883209,0.5013657212257385,0.5037567615509033,0.5013657212257385,0.4147917926311493,50.25612413883209,0.5007985532283783,1,True,True,False,52.0,True,0.3011510670185088,UNRANKED,,False,,,
2023-08-21,2023-08-22,2023-08-29,T,XLC,12.189419720208157,12.77769660949707,12.364914867913235,5,take_profit,LONG,LONG,0.5025612413883209,0.5013657212257385,0.5037567615509033,0.5013657212257385,0.4239077866077423,50.25612413883209,0.5007985532283783,1,True,True,False,52.0,True,0.5645729601383209,UNRANKED,,False,,,
2023-08-22,2023-08-23,2023-08-29,T,XLC,12.336490501376428,12.74309253692627,12.525579731505125,4,take_profit,LONG,LONG,0.5025612413883209,0.5013657212257385,0.5037567615509033,0.5013657212257385,0.4232906103134155,50.25612413883209,0.5007985532283783,1,True,True,False,52.0,True,0.5684529840946198,UNRANKED,,False,,,
2023-08-23,2023-08-24,2023-08-29,T,XLC,12.146165318628118,12.794999122619629,12.315480384284507,3,take_profit,LONG,LONG,0.5025612413883209,0.5013657212257385,0.5037567615509033,0.5013657212257385,0.3971545696258545,50.25612413883209,0.5007985532283783,1,True,True,False,52.0,True,0.6999725550413133,UNRANKED,,False,,,
2023-08-24,2023-08-25,2023-08-29,T,XLC,12.258631224983398,12.673883438110352,12.418059004044853,2,take_profit,LONG,LONG,0.5016934424638748,0.4996301233768463,0.5037567615509033,0.4996301233768463,0.5724029541015625,50.16934424638748,0.5007985532283783,1,True,True,False,52.0,True,0.39218661189079285,UNRANKED,,False,,,
2023-08-25,2023-08-28,2023-08-29,T,XLC,12.267280758686832,12.526813507080078,12.43041587853372,1,take_profit,LONG,LONG,0.5016934424638748,0.4996301233768463,0.5037567615509033,0.4996301233768463,0.5355574488639832,50.16934424638748,0.5007985532283783,1,True,True,False,52.0,True,0.44560497999191284,UNRANKED,,False,,,
2023-08-28,2023-08-29,2023-08-30,T,XLC,12.500860382372425,12.639277458190918,12.655343905060064,1,stop_loss,SHORT,SHORT,0.4992014467716217,0.4996301233768463,0.4987727701663971,0.4996301233768463,0.8619502186775208,50.07985532283783,0.5007985532283783,2,False,True,True,52.0,True,0.30640727281570446,UNRANKED,,False,,,
2023-08-29,2023-08-30,2023-09-05,T,XLC,12.872859762425094,12.639277458190918,12.660290116952158,3,take_profit,SHORT,SHORT,0.4992014467716217,0.4996301233768463,0.4987727701663971,0.4996301233768463,0.7177721858024597,50.07985532283783,0.5007985532283783,2,False,True,True,52.0,True,0.540041595697403,UNRANKED,,False,,,
2023-08-30,2023-08-31,2023-09-05,T,XLC,12.803650435675687,12.45760440826416,12.59849628920875,2,take_profit,SHORT,SHORT,0.4992014467716217,0.4996301233768463,0.4987727701663971,0.4996301233768463,0.7229673862457275,50.07985532283783,0.5007985532283783,2,False,True,True,52.0,True,0.28883886337280273,UNRANKED,,False,,,
2023-08-31,2023-09-01,2023-09-05,T,XLC,12.812301974340803,12.561418533325195,12.62444993227886,1,take_profit,SHORT,SHORT,0.4992014467716217,0.4996301233768463,0.4987727701663971,0.4996301233768463,0.7871022820472717,50.07985532283783,0.5007985532283783,2,False,True,True,52.0,True,0.4028061330318451,UNRANKED,,False,,,
2023-09-01,2023-09-05,2023-09-08,T,XLC,12.673882520840195,12.509511947631836,12.482322865514442,3,take_profit,SHORT,SHORT,0.4992014467716217,0.4996301233768463,0.4987727701663971,0.4996301233768463,0.8053479194641113,50.07985532283783,0.5007985532283783,2,False,True,True,52.0,True,0.49146026372909557,UNRANKED,,False,,,
2023-09-05,2023-09-06,2023-09-13,T,XLC,12.48355796473551,12.647930145263672,12.647930145263672,5,time_exit,SHORT,SHORT,0.4992014467716217,0.4996301233768463,0.4987727701663971,0.4996301233768463,0.7166473269462585,50.07985532283783,0.5007985532283783,2,False,True,True,52.0,True,0.35698410868644703,UNRANKED,,False,,,
2023-09-06,2023-09-07,2023-09-14,T,XLC,12.63062697107945,13.028579711914062,12.83948913952776,5,stop_loss,SHORT,SHORT,0.4992014467716217,0.4996301233768463,0.4987727701663971,0.4996301233768463,0.7746946811676025,50.07985532283783,0.5007985532283783,2,False,True,True,52.0,True,0.29369610548019415,UNRANKED,,False,,,
2023-09-07,2023-09-08,2023-09-14,T,XLC,12.639277843698764,13.17564868927002,12.837017036116453,4,stop_loss,SHORT,SHORT,0.4992014467716217,0.4996301233768463,0.4987727701663971,0.4996301233768463,0.7673794627189636,50.07985532283783,0.5007985532283783,2,False,True,True,52.0,True,0.3624036312103272,UNRANKED,,False,,,
2023-09-08,2023-09-11,2023-09-14,T,XLC,12.518162796220112,13.054532051086426,12.736911706306607,3,stop_loss,SHORT,SHORT,0.4992014467716217,0.4996301233768463,0.4987727701663971,0.4996301233768463,0.7431642413139343,50.07985532283783,0.5007985532283783,2,False,True,True,52.0,True,0.26687604188919073,UNRANKED,,False,,,
2023-09-11,2023-09-12,2023-09-14,T,XLC,12.570069486803623,13.158347129821777,12.797469585331804,2,stop_loss,SHORT,SHORT,0.4992014467716217,0.4996301233768463,0.4987727701663971,0.4996301233768463,0.6135624051094055,50.07985532283783,0.5007985532283783,2,False,True,True,52.0,True,0.35307568311691284,UNRANKED,,False,,,
2023-09-12,2023-09-13,2023-09-14,T,XLC,12.587372603727642,13.452485084533691,12.802414173028703,1,stop_loss,SHORT,SHORT,0.4992014467716217,0.4996301233768463,0.4987727701663971,0.4996301233768463,0.7230648994445801,50.07985532283783,0.5007985532283783,2,False,True,True,52.0,True,0.3875106871128082,UNRANKED,,False,,,
2023-09-13,2023-09-14,2023-09-15,T,XLC,12.890161177196806,13.244857788085938,13.112618245503866,1,stop_loss,SHORT,SHORT,0.4992014467716217,0.4996301233768463,0.4987727701663971,0.4996301233768463,0.6690717935562134,50.07985532283783,0.5007985532283783,2,False,True,True,52.0,True,0.3746496737003326,UNRANKED,,False,,,
2023-09-14,2023-09-15,2023-09-20,T,XLC,12.97667342608667,13.080486297607422,13.252273042001152,3,stop_loss,SHORT,SHORT,0.4992014467716217,0.4996301233768463,0.4987727701663971,0.4996301233768463,0.7338757514953613,50.07985532283783,0.5007985532283783,2,False,True,True,52.0,True,0.2869223058223725,UNRANKED,,False,,,
2023-09-15,2023-09-18,2023-09-20,T,XLC,13.12374090181835,13.028579711914062,13.415407068941327,2,stop_loss,SHORT,SHORT,0.4992014467716217,0.4996301233768463,0.4987727701663971,0.4996301233768463,0.67360520362854,50.07985532283783,0.5007985532283783,2,False,True,True,52.0,True,0.31240832805633545,UNRANKED,,False,,,
2023-09-18,2023-09-19,2023-09-20,T,XLC,13.028580723180621,12.993973731994629,13.325190737959849,1,stop_loss,SHORT,SHORT,0.4992014467716217,0.4996301233768463,0.4987727701663971,0.4996301233768463,0.6959954500198364,50.07985532283783,0.5007985532283783,2,False,True,True,52.0,True,0.2457863688468933,UNRANKED,,False,,,
2023-09-19,2023-09-20,2023-09-27,T,XLC,13.218904564512398,12.86420726776123,12.976672786776279,5,take_profit,SHORT,SHORT,0.4992014467716217,0.4996301233768463,0.4987727701663971,0.4996301233768463,0.6905778646469116,50.07985532283783,0.5007985532283783,2,False,True,True,52.0,True,0.27170792222023016,UNRANKED,,False,,,
2023-09-20,2023-09-21,2023-09-25,T,XLC,13.331368445417018,12.985323905944824,13.052060398803597,2,take_profit,SHORT,SHORT,0.4952516108751297,0.4996301233768463,0.4908730983734131,0.4996301233768463,0.7011390328407288,50.47483891248703,0.5007985532283783,1,True,False,True,52.0,True,0.286914199590683,UNRANKED,,False,,,
2023-09-21,2023-09-22,2023-09-27,T,XLC,13.262159752783969,12.993973731994629,12.960605890348491,3,stop_loss,LONG,LONG,0.5085998326539993,0.4996301233768463,0.5175695419311523,0.4996301233768463,0.5198984742164612,50.85998326539993,0.5007985532283783,1,True,True,False,52.0,True,0.440872997045517,UNRANKED,,False,,,
2023-09-22,2023-09-25,2023-10-02,T,XLC,13.019928398800241,12.69118595123291,12.712195135512015,5,stop_loss,LONG,LONG,0.5085998326539993,0.4996301233768463,0.5175695419311523,0.4996301233768463,0.5258339643478394,50.85998326539993,0.5007985532283783,1,True,True,False,52.0,True,0.5812444686889648,UNRANKED,,False,,,
2023-09-25,2023-09-26,2023-10-03,T,XLC,12.803648991403392,12.786347389221191,12.786347389221191,5,time_exit,LONG,LONG,0.5019214898347855,0.4996301233768463,0.5042128562927246,0.4996301233768463,0.5266343951225281,50.192148983478546,0.5007985532283783,1,True,True,False,52.0,True,0.567227840423584,UNRANKED,,False,,,
2023-09-26,2023-09-27,2023-10-02,T,XLC,12.985323168764744,12.673883438110352,12.702307236409135,3,stop_loss,LONG,LONG,0.5005428791046143,0.4968729019165039,0.5042128562927246,0.4968729019165039,0.5042943358421326,50.054287910461426,0.5007985532283783,2,False,True,True,52.0,True,0.30809444189071655,UNRANKED,,False,,,
2023-09-27,2023-09-28,2023-10-05,T,XLC,12.881510624205983,12.829604148864746,12.829604148864746,5,time_exit,LONG,LONG,0.5005428791046143,0.4968729019165039,0.5042128562927246,0.4968729019165039,0.4300050735473633,50.054287910461426,0.5007985532283783,2,False,True,True,52.0,True,0.7079166173934938,UNRANKED,,False,,,
2023-09-28,2023-09-29,2023-10-02,T,XLC,13.011275531120454,12.739675521850586,12.718372448409097,1,stop_loss,LONG,LONG,0.5019214898347855,0.4996301233768463,0.5042128562927246,0.4996301233768463,0.4337669312953949,50.192148983478546,0.5007985532283783,1,True,True,False,52.0,True,0.7064389437437057,UNRANKED,,False,,,
2023-09-29,2023-10-02,2023-10-04,T,XLC,13.011277111774437,12.986533164978027,12.731968928921829,2,stop_loss,LONG,LONG,0.5019214898347855,0.4996301233768463,0.5042128562927246,0.4996301233768463,0.46629688143730164,50.192148983478546,0.5007985532283783,1,True,True,False,52.0,True,0.6984823942184448,UNRANKED,,False,,,
2023-10-02,2023-10-03,2023-10-10,T,XLC,12.6911854238368,13.189312934875488,13.00633377741346,5,take_profit,LONG,LONG,0.5005428791046143,0.4968729019165039,0.5042128562927246,0.4968729019165039,0.4590970277786255,50.054287910461426,0.5007985532283783,2,False,True,True,52.0,True,0.46581128239631664,UNRANKED,,False,,,
2023-10-03,2023-10-04,2023-10-10,T,XLC,12.68253475131875,13.021801948547363,12.991503567803473,4,take_profit,LONG,LONG,0.5072212219238281,0.4968729019165039,0.5175695419311523,0.4968729019165039,0.45330849289894104,50.72212219238281,0.5007985532283783,1,True,True,False,52.0,True,0.6189646422863007,UNRANKED,,False,,,
2023-10-04,2023-10-05,2023-10-09,T,XLC,12.656582004837727,12.739675521850586,12.927238590531086,2,take_profit,LONG,LONG,0.5003148317337036,0.4968729019165039,0.5037567615509033,0.4968729019165039,0.43368664383888245,50.03148317337036,0.5007985532283783,2,False,True,True,52.0,True,0.5768391191959382,UNRANKED,,False,,,
2023-10-05,2023-10-06,2023-10-09,T,XLC,12.713226603591771,12.660329818725586,12.985119151199193,1,take_profit,LONG,LONG,0.5003148317337036,0.4968729019165039,0.5037567615509033,0.4968729019165039,0.417942076921463,50.03148317337036,0.5007985532283783,2,False,True,True,52.0,True,0.6017777025699615,UNRANKED,,False,,,
2023-10-06,2023-10-09,2023-10-10,T,XLC,12.757307821102689,12.704410552978516,13.02474493854305,1,take_profit,LONG,LONG,0.5016934424638748,0.4996301233768463,0.5037567615509033,0.4996301233768463,0.43000152707099915,50.16934424638748,0.5007985532283783,1,True,True,False,52.0,True,0.8735246956348419,UNRANKED,,False,,,
2023-10-09,2023-10-10,2023-10-13,T,XLC,12.951270119305695,12.854290008544922,12.663398349809322,3,take_profit,SHORT,SHORT,0.4992014467716217,0.4996301233768463,0.4987727701663971,0.4996301233768463,0.513588547706604,50.07985532283783,0.5007985532283783,2,False,True,True,52.0,True,0.9064330309629439,UNRANKED,,False,,,
2023-10-10,2023-10-11,2023-10-12,T,XLC,13.180496317773803,12.625061988830566,12.905675717536639,1,take_profit,SHORT,SHORT,0.4992014467716217,0.4996301233768463,0.4987727701663971,0.4996301233768463,0.5229987502098083,50.07985532283783,0.5007985532283783,2,False,True,True,52.0,True,0.8166693449020386,UNRANKED,,False,,,
2023-10-11,2023-10-12,2023-10-18,T,XLC,12.907187299346965,13.453802108764648,12.638097600555461,4,take_profit,SHORT,SHORT,0.4992014467716217,0.4996301233768463,0.4987727701663971,0.4996301233768463,0.6026195287704468,50.07985532283783,0.5007985532283783,2,False,True,True,52.0,True,0.47098115086555475,UNRANKED,,False,,,
2023-10-12,2023-10-13,2023-10-19,T,XLC,12.766126348371106,13.559599876403809,13.052038180908076,4,stop_loss,SHORT,SHORT,0.4992014467716217,0.4996301233768463,0.4987727701663971,0.4996301233768463,0.6413768529891968,50.07985532283783,0.5007985532283783,2,False,True,True,52.0,True,0.35797467827796936,UNRANKED,,False,,,
2023-10-13,2023-10-16,2023-10-19,T,XLC,12.695593966255137,13.18049430847168,12.985425672710912,3,stop_loss,SHORT,SHORT,0.4992014467716217,0.4996301233768463,0.4987727701663971,0.4996301233768463,0.6785547733306885,50.07985532283783,0.5007985532283783,2,False,True,True,52.0,True,0.47330167889595026,UNRANKED,,False,,,
2023-10-16,2023-10-17,2023-10-19,T,XLC,12.62506378345413,13.691844940185547,12.916249026243262,2,stop_loss,SHORT,SHORT,0.4992014467716217,0.4996301233768463,0.4987727701663971,0.4996301233768463,0.6045184135437012,50.07985532283783,0.5007985532283783,2,False,True,True,52.0,True,0.4111150801181794,UNRANKED,,False,,,
2023-10-17,2023-10-18,2023-10-19,T,XLC,12.757308257182617,13.392087936401367,13.051366784447893,1,stop_loss,SHORT,SHORT,0.4992014467716217,0.4996301233768463,0.4987727701663971,0.4996301233768463,0.5649915933609009,50.07985532283783,0.5007985532283783,2,False,True,True,52.0,True,0.4128658771514892,UNRANKED,,False,,,
2023-10-18,2023-10-19,2023-10-23,T,XLC,13.550782029522892,13.330374717712402,13.241279019181793,2,take_profit,SHORT,SHORT,0.4992014467716217,0.4996301233768463,0.4987727701663971,0.4996301233768463,0.6368271112442017,50.07985532283783,0.5007985532283783,2,False,True,True,52.0,True,0.18366906046867357,UNRANKED,,False,,,
2023-10-19,2023-10-20,2023-10-27,T,XLC,13.39208809493735,13.065882682800293,13.065882682800293,5,time_exit,SHORT,SHORT,0.4992014467716217,0.4996301233768463,0.4987727701663971,0.4996301233768463,0.6444072723388672,50.07985532283783,0.5007985532283783,2,False,True,True,52.0,True,0.1775425970554353,UNRANKED,,False,,,
2023-10-20,2023-10-23,2023-10-27,T,XLC,13.550782514878161,13.453802108764648,13.152265178713959,4,take_profit,SHORT,SHORT,0.4964110553264618,0.4996301233768463,0.49319198727607727,0.4996301233768463,0.8045275211334229,50.35889446735382,0.5007985532283783,1,True,False,True,52.0,True,0.1922276318073274,UNRANKED,,False,,,
2023-10-23,2023-10-24,2023-10-31,T,XLC,13.383271986101434,13.577231407165527,13.577231407165527,5,time_exit,SHORT,SHORT,0.4964110553264618,0.4996301233768463,0.49319198727607727,0.4996301233768463,0.7382511496543884,50.35889446735382,0.5007985532283783,1,True,False,True,52.0,True,0.2562547624111175,UNRANKED,,False,,,
2023-10-24,2023-10-25,2023-10-27,T,XLC,13.66539623097101,13.735926628112793,13.169331636157255,2,stop_loss,LONG,LONG,0.5025612413883209,0.5013657212257385,0.5037567615509033,0.5013657212257385,0.399606853723526,50.25612413883209,0.5007985532283783,1,True,True,False,52.0,True,0.4470621347427368,UNRANKED,,False,,,
2023-10-25,2023-10-26,2023-11-02,T,XLC,13.374456813181821,13.868173599243164,13.868173599243164,5,time_exit,LONG,LONG,0.5025612413883209,0.5013657212257385,0.5037567615509033,0.5013657212257385,0.4344555139541626,50.25612413883209,0.5007985532283783,1,True,True,False,52.0,True,0.720275968313217,UNRANKED,,False,,,
2023-10-26,2023-10-27,2023-11-02,T,XLC,13.31274207538796,14.000419616699219,13.8253525108738,4,take_profit,LONG,LONG,0.500923365354538,0.4980899691581726,0.5037567615509033,0.4980899691581726,0.5028052926063538,50.092336535453796,0.5007985532283783,1,True,True,False,52.0,True,0.5482415556907653,UNRANKED,,False,,,
2023-10-27,2023-10-30,2023-11-01,T,XLC,13.180493836379211,13.885807037353516,13.695623470691432,2,take_profit,LONG,LONG,0.5094676315784454,0.5013657212257385,0.5175695419311523,0.5013657212257385,0.5039069652557373,50.94676315784454,0.5007985532283783,1,True,True,False,52.0,True,0.6899093389511108,UNRANKED,,False,,,
2023-10-30,2023-10-31,2023-11-07,T,XLC,13.471434897072852,13.965152740478516,13.965152740478516,5,time_exit,LONG,LONG,0.5094676315784454,0.5013657212257385,0.5175695419311523,0.5013657212257385,0.43115541338920593,50.94676315784454,0.5007985532283783,1,True,True,False,52.0,True,0.769438087940216,UNRANKED,,False,,,
2023-10-31,2023-11-01,2023-11-08,T,XLC,13.656579035139753,13.797640800476074,13.797640800476074,5,time_exit,LONG,LONG,0.5094676315784454,0.5013657212257385,0.5175695419311523,0.5013657212257385,0.4208275079727173,50.94676315784454,0.5007985532283783,1,True,True,False,52.0,True,0.8863417804241179,UNRANKED,,False,,,
2023-11-01,2023-11-02,2023-11-09,T,XLC,13.771193664147736,13.780011177062988,13.780011177062988,5,time_exit,LONG,LONG,0.5000692456960678,0.5013657212257385,0.4987727701663971,0.5013657212257385,0.41273242235183716,50.00692456960678,0.5007985532283783,2,False,True,True,52.0,True,0.7383761703968048,UNRANKED,,False,,,
2023-11-02,2023-11-03,2023-11-10,T,XLC,14.018051949656336,13.788825988769531,13.788825988769531,5,time_exit,LONG,LONG,0.5000692456960678,0.5013657212257385,0.4987727701663971,0.5013657212257385,0.34740149974823,50.00692456960678,0.5007985532283783,2,False,True,True,52.0,True,0.4372083246707917,UNRANKED,,False,,,
2023-11-03,2023-11-06,2023-11-13,T,XLC,13.956338053454168,13.735926628112793,13.735926628112793,5,time_exit,LONG,LONG,0.5000692456960678,0.5013657212257385,0.4987727701663971,0.5013657212257385,0.36070817708969116,50.00692456960678,0.5007985532283783,2,False,True,True,52.0,True,0.5805265605449677,UNRANKED,,False,,,
2023-11-06,2023-11-07,2023-11-14,T,XLC,13.850539644710931,13.780011177062988,13.780011177062988,5,time_exit,LONG,LONG,0.5000692456960678,0.5013657212257385,0.4987727701663971,0.5013657212257385,0.39239808917045593,50.00692456960678,0.5007985532283783,2,False,True,True,52.0,True,0.338522106409073,UNRANKED,,False,,,
2023-11-07,2023-11-08,2023-11-15,T,XLC,13.96515256946817,13.894621849060059,13.894621849060059,5,time_exit,LONG,LONG,0.5000692456960678,0.5013657212257385,0.4987727701663971,0.5013657212257385,0.38593849539756775,50.00692456960678,0.5007985532283783,2,False,True,True,52.0,True,0.18594965338706965,UNRANKED,,False,,,
2023-11-08,2023-11-09,2023-11-16,T,XLC,13.824093274448586,14.000419616699219,14.000419616699219,5,time_exit,LONG,LONG,0.5000692456960678,0.5013657212257385,0.4987727701663971,0.5013657212257385,0.4474011957645416,50.00692456960678,0.5007985532283783,2,False,True,True,52.0,True,0.0625304579734802,UNRANKED,,False,,,
2023-11-09,2023-11-10,2023-11-17,T,XLC,13.824091493976779,14.018051147460938,14.018051147460938,5,time_exit,LONG,LONG,0.5000692456960678,0.5013657212257385,0.4987727701663971,0.5013657212257385,0.4452880918979645,50.00692456960678,0.5007985532283783,2,False,True,True,52.0,True,0.20024690032005316,UNRANKED,,False,,,
2023-11-10,2023-11-13,2023-11-20,T,XLC,13.762375545505165,14.194380760192871,14.113770471303853,5,take_profit,LONG,LONG,0.5000692456960678,0.5013657212257385,0.4987727701663971,0.5013657212257385,0.29836636781692505,50.00692456960678,0.5007985532283783,2,False,True,True,52.0,True,0.36203533411026007,UNRANKED,,False,,,
2023-11-13,2023-11-14,2023-11-20,T,XLC,13.84172560892518,14.273726463317871,14.127627496001422,4,take_profit,LONG,LONG,0.5000692456960678,0.5013657212257385,0.4987727701663971,0.5013657212257385,0.40409958362579346,50.00692456960678,0.5007985532283783,2,False,True,True,52.0,True,0.2292470932006836,UNRANKED,,False,,,
2023-11-14,2023-11-15,2023-11-20,T,XLC,13.797641083717188,14.256093978881836,14.047018334388575,3,stop_loss,SHORT,SHORT,0.49843136966228485,0.4980899691581726,0.4987727701663971,0.4980899691581726,0.4056777358055115,50.156863033771515,0.5007985532283783,1,True,False,True,52.0,True,-0.12793195247650155,UNRANKED,,False,,,
2023-11-15,2023-11-16,2023-11-21,T,XLC,14.000419616699219,14.291358947753906,14.25735364641462,3,stop_loss,SHORT,SHORT,0.49448153376579285,0.4980899691581726,0.4908730983734131,0.4980899691581726,0.4593154191970825,50.551846623420715,0.5007985532283783,1,True,False,True,52.0,True,0.004415363073349051,UNRANKED,,False,,,
2023-11-16,2023-11-17,2023-11-21,T,XLC,14.02686773383296,14.291358947753906,14.26113115393794,2,stop_loss,SHORT,SHORT,0.49843136966228485,0.4980899691581726,0.4987727701663971,0.4980899691581726,0.5006483793258667,50.156863033771515,0.5007985532283783,1,True,False,True,52.0,True,0.08370837569236762,UNRANKED,,False,,,
2023-11-17,2023-11-20,2023-11-21,T,XLC,14.018052380427175,14.264910697937012,14.199417529788922,1,stop_loss,SHORT,SHORT,0.49448153376579285,0.4980899691581726,0.4908730983734131,0.4980899691581726,0.5670679211616516,50.551846623420715,0.5007985532283783,1,True,False,True,52.0,True,0.01592874526977527,UNRANKED,,False,,,
2023-11-20,2023-11-21,2023-11-29,T,XLC,14.16792911322002,14.370705604553223,14.356851450343346,5,stop_loss,SHORT,SHORT,0.4917031228542328,0.4925331473350525,0.4908730983734131,0.4925331473350525,0.520908772945404,50.82968771457672,0.5007985532283783,1,True,False,True,52.0,True,0.08519035577774052,UNRANKED,,False,,,
2023-11-21,2023-11-22,2023-11-30,T,XLC,14.326624988484545,14.608749389648438,14.50421168020469,5,take_profit,LONG,LONG,0.5000692456960678,0.5013657212257385,0.4987727701663971,0.5013657212257385,0.4096303880214691,50.00692456960678,0.5007985532283783,2,False,True,True,52.0,True,-0.01467159390449533,UNRANKED,,False,,,
2023-11-22,2023-11-24,2023-11-30,T,XLC,14.291358947753906,14.776261329650879,14.45257214137486,4,take_profit,LONG,LONG,0.5000692456960678,0.5013657212257385,0.4987727701663971,0.5013657212257385,0.4222910404205322,50.00692456960678,0.5007985532283783,2,False,True,True,52.0,True,0.12273314595222483,UNRANKED,,False,,,
2023-11-24,2023-11-27,2023-11-30,T,XLC,14.273727456171045,14.68809700012207,14.42108621428,3,take_profit,LONG,LONG,0.5000692456960678,0.5013657212257385,0.4987727701663971,0.5013657212257385,0.43276742100715637,50.00692456960678,0.5007985532283783,2,False,True,True,52.0,True,0.23506182432174683,UNRANKED,,False,,,
2023-11-27,2023-11-28,2023-11-30,T,XLC,14.256094111455694,15.181816101074219,14.387079643943835,2,stop_loss,SHORT,SHORT,0.4998868256807327,0.4996301233768463,0.5001435279846191,0.4996301233768463,0.48376908898353577,50.01131743192673,0.5007985532283783,2,False,True,True,52.0,True,0.2648175954818725,UNRANKED,,False,,,
2023-11-28,2023-11-29,2023-11-30,T,XLC,14.27372652162519,14.934958457946777,14.397155275069316,1,stop_loss,SHORT,SHORT,0.4998868256807327,0.4996301233768463,0.5001435279846191,0.4996301233768463,0.6507303714752197,50.01131743192673,0.5007985532283783,2,False,True,True,52.0,True,0.25634270906448364,UNRANKED,,False,,,
2023-11-29,2023-11-30,2023-12-01,T,XLC,14.361891690705134,15.067203521728516,14.476503725094085,1,stop_loss,SHORT,SHORT,0.4998868256807327,0.4996301233768463,0.5001435279846191,0.4996301233768463,0.6978709101676941,50.01131743192673,0.5007985532283783,2,False,True,True,52.0,True,0.23406198620796198,UNRANKED,,False,,,
2023-11-30,2023-12-01,2023-12-05,T,XLC,14.635199305439718,14.917323112487793,14.78129907721183,2,stop_loss,SHORT,SHORT,0.4998868256807327,0.4996301233768463,0.5001435279846191,0.4996301233768463,0.69110107421875,50.01131743192673,0.5007985532283783,2,False,True,True,52.0,True,0.2209163308143615,UNRANKED,,False,,,
2023-12-01,2023-12-04,2023-12-05,T,XLC,14.635199161959477,14.652831077575684,14.803969952059575,1,stop_loss,SHORT,SHORT,0.4998868256807327,0.4996301233768463,0.5001435279846191,0.4996301233768463,0.6693297624588013,50.01131743192673,0.5007985532283783,2,False,True,True,52.0,True,0.1917235851287842,UNRANKED,,False,,,
2023-12-04,2023-12-05,2023-12-11,T,XLC,14.970223038663923,14.46768856048584,14.796414395867815,4,take_profit,SHORT,SHORT,0.4998868256807327,0.4996301233768463,0.5001435279846191,0.4996301233768463,0.6661720871925354,50.01131743192673,0.5007985532283783,2,False,True,True,52.0,True,0.1614591181278228,UNRANKED,,False,,,
2023-12-05,2023-12-06,2023-12-11,T,XLC,15.137734933764488,14.502954483032227,14.89969278353953,3,take_profit,SHORT,SHORT,0.4998868256807327,0.4996301233768463,0.5001435279846191,0.4996301233768463,0.5989622473716736,50.01131743192673,0.5007985532283783,2,False,True,True,52.0,True,0.2083217799663543,UNRANKED,,False,,,
2023-12-06,2023-12-07,2023-12-11,T,XLC,15.005489089957976,14.679281234741211,14.748554515285822,2,take_profit,SHORT,SHORT,0.4998868256807327,0.4996301233768463,0.5001435279846191,0.4996301233768463,0.6676061153411865,50.01131743192673,0.5007985532283783,2,False,True,True,52.0,True,0.31246733665466314,UNRANKED,,False,,,
2023-12-07,2023-12-08,2023-12-11,T,XLC,15.067201720985993,14.564668655395508,14.806488961150613,1,take_profit,SHORT,SHORT,0.4998868256807327,0.4996301233768463,0.5001435279846191,0.4996301233768463,0.6103764176368713,50.01131743192673,0.5007985532283783,2,False,True,True,52.0,True,0.17792943120002752,UNRANKED,,False,,,
2023-12-08,2023-12-11,2023-12-12,T,XLC,14.908505341410628,14.51176929473877,14.628899884649677,1,take_profit,SHORT,SHORT,0.4998868256807327,0.4996301233768463,0.5001435279846191,0.4996301233768463,0.5474711656570435,50.01131743192673,0.5007985532283783,2,False,True,True,52.0,True,0.15851470828056333,UNRANKED,,False,,,
2023-12-11,2023-12-12,2023-12-19,T,XLC,14.59993400748564,14.644017219543457,14.644017219543457,5,time_exit,SHORT,SHORT,0.4998868256807327,0.4996301233768463,0.5001435279846191,0.4996301233768463,0.4557080864906311,50.01131743192673,0.5007985532283783,2,False,True,True,52.0,True,0.20266586542129508,UNRANKED,,False,,,
2023-12-12,2023-12-13,2023-12-20,T,XLC,14.39715711959085,14.458871841430664,14.458871841430664,5,time_exit,SHORT,SHORT,0.4998868256807327,0.4996301233768463,0.5001435279846191,0.4996301233768463,0.5271701216697693,50.01131743192673,0.5007985532283783,2,False,True,True,52.0,True,0.2505532503128053,UNRANKED,,False,,,
2023-12-13,2023-12-14,2023-12-21,T,XLC,14.555852378259175,14.538219451904297,14.538219451904297,5,time_exit,SHORT,SHORT,0.4998868256807327,0.4996301233768463,0.5001435279846191,0.4996301233768463,0.5000284314155579,50.01131743192673,0.5007985532283783,2,False,True,True,52.0,True,0.3428380787372589,UNRANKED,,False,,,
2023-12-14,2023-12-15,2023-12-22,T,XLC,14.564668655395508,14.591118812561035,14.591118812561035,5,time_exit,SHORT,SHORT,0.48903727531433105,0.47793102264404297,0.5001435279846191,0.47793102264404297,0.5450108051300049,51.096272468566895,0.5007985532283783,1,True,False,True,52.0,True,0.06179046630859385,UNRANKED,,False,,,
2023-12-15,2023-12-18,2023-12-26,T,XLC,14.635199831554669,14.608749389648438,14.608749389648438,5,time_exit,SHORT,SHORT,0.4998868256807327,0.4996301233768463,0.5001435279846191,0.4996301233768463,0.6175301671028137,50.01131743192673,0.5007985532283783,2,False,True,True,52.0,True,0.24924549460411072,UNRANKED,,False,,,
2023-12-18,2023-12-19,2023-12-27,T,XLC,14.485322007523148,14.61756420135498,14.61756420135498,5,time_exit,SHORT,SHORT,0.4998868256807327,0.4996301233768463,0.5001435279846191,0.4996301233768463,0.4727952778339386,50.01131743192673,0.5007985532283783,2,False,True,True,52.0,True,0.22841608524322518,UNRANKED,,False,,,
2023-12-19,2023-12-20,2023-12-28,T,XLC,14.608750461756381,14.758628845214844,14.758628845214844,5,time_exit,SHORT,SHORT,0.4998868256807327,0.4996301233768463,0.5001435279846191,0.4996301233768463,0.4963482916355133,50.01131743192673,0.5007985532283783,2,False,True,True,52.0,True,0.2746793925762177,UNRANKED,,False,,,
2023-12-20,2023-12-21,2023-12-29,T,XLC,14.520586277365625,14.79389476776123,14.79389476776123,5,time_exit,SHORT,SHORT,0.4998868256807327,0.4996301233768463,0.5001435279846191,0.4996301233768463,0.5458196401596069,50.01131743192673,0.5007985532283783,2,False,True,True,52.0,True,0.29486754536628734,UNRANKED,,False,,,
2023-12-21,2023-12-22,2024-01-02,T,XLC,14.547037553218487,15.20826244354248,14.880801356973022,5,stop_loss,SHORT,SHORT,0.4998868256807327,0.4996301233768463,0.5001435279846191,0.4996301233768463,0.33750054240226746,50.01131743192673,0.5007985532283783,2,False,True,True,52.0,True,0.1819421350955962,UNRANKED,,False,,,
2023-12-22,2023-12-26,2024-01-02,T,XLC,14.54703496491261,15.190629959106445,14.875760915971135,4,stop_loss,SHORT,SHORT,0.4998868256807327,0.4996301233768463,0.5001435279846191,0.4996301233768463,0.4522494077682495,50.01131743192673,0.5007985532283783,2,False,True,True,52.0,True,0.224914938211441,UNRANKED,,False,,,
2023-12-26,2023-12-27,2024-01-02,T,XLC,14.538216613017287,15.120100975036621,14.798929917809419,3,stop_loss,SHORT,SHORT,0.4998868256807327,0.4996301233768463,0.5001435279846191,0.4996301233768463,0.592840313911438,50.01131743192673,0.5007985532283783,2,False,True,True,52.0,True,0.32230570912361145,UNRANKED,,False,,,
2023-12-27,2023-12-28,2024-01-02,T,XLC,14.582302147515286,15.40222454071045,14.809009333533004,2,stop_loss,SHORT,SHORT,0.4998868256807327,0.4996301233768463,0.5001435279846191,0.4996301233768463,0.4931580126285553,50.01131743192673,0.5007985532283783,2,False,True,True,52.0,True,0.3013271987438203,UNRANKED,,False,,,
2023-12-28,2023-12-29,2024-01-02,T,XLC,14.661647646304182,15.269978523254395,14.88961477233306,1,stop_loss,SHORT,SHORT,0.4998868256807327,0.4996301233768463,0.5001435279846191,0.4996301233768463,0.5484157204627991,50.01131743192673,0.5007985532283783,2,False,True,True,52.0,True,0.24816367030143738,UNRANKED,,False,,,
2023-12-29,2024-01-02,2024-01-03,T,XLC,14.846790833034902,15.187544822692871,15.05838446096459,1,stop_loss,SHORT,SHORT,0.4998868256807327,0.4996301233768463,0.5001435279846191,0.4996301233768463,0.6256313920021057,50.01131743192673,0.5007985532283783,2,False,True,True,52.0,True,0.3190445601940154,UNRANKED,,False,,,
2024-01-02,2024-01-03,2024-01-10,T,XLC,15.26997755345051,15.115865707397461,15.115865707397461,5,time_exit,SHORT,SHORT,0.4998868256807327,0.4996301233768463,0.5001435279846191,0.4996301233768463,0.6964594721794128,50.01131743192673,0.5007985532283783,2,False,True,True,52.0,True,0.30819284915924067,UNRANKED,,False,,,
2024-01-03,2024-01-04,2024-01-11,T,XLC,15.21708175479327,14.54240894317627,15.008007325689963,5,take_profit,SHORT,SHORT,0.4998868256807327,0.4996301233768463,0.5001435279846191,0.4996301233768463,0.6495810747146606,50.01131743192673,0.5007985532283783,2,False,True,True,52.0,True,0.2959701120853423,UNRANKED,,False,,,
2024-01-04,2024-01-05,2024-01-11,T,XLC,15.128917066777406,14.7664155960083,14.914805057456466,4,take_profit,SHORT,SHORT,0.4998868256807327,0.4996301233768463,0.5001435279846191,0.4996301233768463,0.6384732127189636,50.01131743192673,0.5007985532283783,2,False,True,True,52.0,True,0.3738637864589691,UNRANKED,,False,,,
2024-01-05,2024-01-08,2024-01-10,T,XLC,15.384592469738065,14.730574607849121,15.155366629850718,2,take_profit,SHORT,SHORT,0.4998868256807327,0.4996301233768463,0.5001435279846191,0.4996301233768463,0.6174465417861938,50.01131743192673,0.5007985532283783,2,False,True,True,52.0,True,0.2499727010726929,UNRANKED,,False,,,
2024-01-08,2024-01-09,2024-01-11,T,XLC,15.20546392989913,14.703694343566895,14.97371902742459,2,take_profit,SHORT,SHORT,0.4998868256807327,0.4996301233768463,0.5001435279846191,0.4996301233768463,0.7290659546852112,50.01131743192673,0.5007985532283783,2,False,True,True,52.0,True,0.28160557150840765,UNRANKED,,False,,,
2024-01-09,2024-01-10,2024-01-11,T,XLC,15.14274522705835,14.694734573364258,14.906781133168842,1,take_profit,SHORT,SHORT,0.4998868256807327,0.4996301233768463,0.5001435279846191,0.4996301233768463,0.5321191549301147,50.01131743192673,0.5007985532283783,2,False,True,True,52.0,True,0.23661518096923828,UNRANKED,,False,,,
2024-01-10,2024-01-11,2024-01-12,T,XLC,15.053140236670643,14.936659812927246,14.825828829853888,1,take_profit,SHORT,SHORT,0.4992014467716217,0.4996301233768463,0.4987727701663971,0.4996301233768463,0.5605942606925964,50.07985532283783,0.5007985532283783,2,False,True,True,52.0,True,0.23448210954666143,UNRANKED,,False,,,
2024-01-11,2024-01-12,2024-01-19,T,XLC,14.640973288474365,15.053140640258789,14.923757750449463,4,stop_loss,SHORT,SHORT,0.4992014467716217,0.4996301233768463,0.4987727701663971,0.4996301233768463,0.5846889019012451,50.07985532283783,0.5007985532283783,2,False,True,True,52.0,True,0.24004200100898737,UNRANKED,,False,,,
2024-01-12,2024-01-16,2024-01-22,T,XLC,14.712653791200207,15.402589797973633,15.016103830655076,4,stop_loss,SHORT,SHORT,0.4992014467716217,0.4996301233768463,0.4987727701663971,0.4996301233768463,0.45424914360046387,50.07985532283783,0.5007985532283783,2,False,True,True,52.0,True,0.41700249910354614,UNRANKED,,False,,,
2024-01-16,2024-01-17,2024-01-22,T,XLC,14.676813116837192,14.9456205368042,14.977826245935267,3,stop_loss,SHORT,SHORT,0.4992014467716217,0.4996301233768463,0.4987727701663971,0.4996301233768463,0.5776638388633728,50.07985532283783,0.5007985532283783,2,False,True,True,52.0,True,0.45040351152420044,UNRANKED,,False,,,
2024-01-17,2024-01-18,2024-01-19,T,XLC,14.59617348911789,15.39362907409668,14.89850800210094,1,stop_loss,SHORT,SHORT,0.4992014467716217,0.4996301233768463,0.4987727701663971,0.4996301233768463,0.5949339270591736,50.07985532283783,0.5007985532283783,2,False,True,True,52.0,True,0.36211806535720825,UNRANKED,,False,,,
2024-01-18,2024-01-19,2024-01-23,T,XLC,14.927699404038478,15.492191314697266,15.230054625378113,2,stop_loss,SHORT,SHORT,0.4992014467716217,0.4996301233768463,0.4987727701663971,0.4996301233768463,0.5597078800201416,50.07985532283783,0.5007985532283783,2,False,True,True,52.0,True,0.11054158210754396,UNRANKED,,False,,,
2024-01-19,2024-01-22,2024-01-23,T,XLC,14.98145908326796,15.456350326538086,15.298222961136613,1,take_profit,LONG,LONG,0.508980467915535,0.5191881656646729,0.4987727701663971,0.5191881656646729,0.4585423171520233,50.8980467915535,0.5007985532283783,1,True,True,False,52.0,True,0.18480259180068975,UNRANKED,,False,,,
2024-01-22,2024-01-23,2024-01-30,T,XLC,15.268187091615545,15.707236289978027,15.59655309873922,5,take_profit,LONG,LONG,0.5009416192770004,0.5031104683876038,0.4987727701663971,0.5031104683876038,0.4485362768173218,50.09416192770004,0.5007985532283783,1,True,True,False,52.0,True,0.08699083328247062,UNRANKED,,False,,,
2024-01-23,2024-01-24,2024-01-25,T,XLC,14.83809733689611,15.850601196289062,15.1571892700103,1,take_profit,LONG,LONG,0.5009416192770004,0.5031104683876038,0.4987727701663971,0.5031104683876038,0.46804824471473694,50.09416192770004,0.5007985532283783,1,True,True,False,52.0,True,0.11636757850646975,UNRANKED,,False,,,
2024-01-24,2024-01-25,2024-01-26,T,XLC,15.026260886705156,16.164209365844727,15.408115216495544,1,take_profit,LONG,LONG,0.5009416192770004,0.5031104683876038,0.4987727701663971,0.5031104683876038,0.4767152667045593,50.09416192770004,0.5007985532283783,1,True,True,False,52.0,True,0.04979968070983904,UNRANKED,,False,,,
2024-01-25,2024-01-26,2024-01-31,T,XLC,15.366747314550535,15.97603988647461,15.802527294801303,3,take_profit,LONG,LONG,0.5009416192770004,0.5031104683876038,0.4987727701663971,0.5031104683876038,0.4486222565174103,50.09416192770004,0.5007985532283783,1,True,True,False,52.0,True,0.2559373080730439,UNRANKED,,False,,,
2024-01-26,2024-01-29,2024-01-31,T,XLC,15.429469102026221,15.886438369750977,15.839026035837954,2,stop_loss,SHORT,SHORT,0.4969917833805084,0.5031104683876038,0.4908730983734131,0.5031104683876038,0.611725389957428,50.30082166194916,0.5007985532283783,1,True,False,True,52.0,True,0.2618140876293182,UNRANKED,,False,,,
2024-01-29,2024-01-30,2024-02-01,T,XLC,15.456349993673,15.778918266296387,15.852134780442322,2,take_profit,LONG,LONG,0.5009416192770004,0.5031104683876038,0.4987727701663971,0.5031104683876038,0.4683085083961487,50.09416192770004,0.5007985532283783,1,True,True,False,52.0,True,0.14639663696289062,UNRANKED,,False,,,
2024-01-30,2024-01-31,2024-02-01,T,XLC,15.689317252455444,15.528032302856445,16.1091666482074,1,stop_loss,SHORT,SHORT,0.4992014467716217,0.4996301233768463,0.4987727701663971,0.4996301233768463,0.6026232838630676,50.07985532283783,0.5007985532283783,2,False,True,True,52.0,True,0.25644350051879894,UNRANKED,,False,,,
2024-01-31,2024-02-01,2024-02-06,T,XLC,16.209009703703,15.071063041687012,15.7789194806631,3,take_profit,SHORT,SHORT,0.4952516108751297,0.4996301233768463,0.4908730983734131,0.4996301233768463,0.7093257308006287,50.47483891248703,0.5007985532283783,1,True,False,True,52.0,True,0.16241836547851554,UNRANKED,,False,,,
2024-02-01,2024-02-02,2024-02-07,T,XLC,16.065642247094864,15.088984489440918,15.672673251864326,3,stop_loss,LONG,LONG,0.5046419054269791,0.510511040687561,0.4987727701663971,0.510511040687561,0.5218890905380249,50.46419054269791,0.5007985532283783,1,True,True,False,52.0,True,0.0892543494701385,UNRANKED,,False,,,
2024-02-02,2024-02-05,2024-02-08,T,XLC,15.868517554870385,15.25026798248291,15.480668155848692,3,stop_loss,LONG,LONG,0.5000692456960678,0.5013657212257385,0.4987727701663971,0.5013657212257385,0.47785240411758423,50.00692456960678,0.5007985532283783,2,False,True,True,52.0,True,-0.0013009309768676446,UNRANKED,,False,,,
2024-02-05,2024-02-06,2024-02-08,T,XLC,15.823718598358374,15.142744064331055,15.428189123827472,2,stop_loss,LONG,LONG,0.5000692456960678,0.5013657212257385,0.4987727701663971,0.5013657212257385,0.4711930751800537,50.00692456960678,0.5007985532283783,2,False,True,True,52.0,True,0.25034239888191223,UNRANKED,,False,,,
2024-02-06,2024-02-07,2024-02-08,T,XLC,15.769958202937104,15.151701927185059,15.36290875138158,1,stop_loss,LONG,LONG,0.5000692456960678,0.5013657212257385,0.4987727701663971,0.5013657212257385,0.49080780148506165,50.00692456960678,0.5007985532283783,2,False,True,True,52.0,True,0.19003084301948553,UNRANKED,,False,,,
2024-02-07,2024-02-08,2024-02-15,T,XLC,15.501152428861653,15.31298828125,15.31298828125,5,time_exit,LONG,LONG,0.5000692456960678,0.5013657212257385,0.4987727701663971,0.5013657212257385,0.3604244589805603,50.00692456960678,0.5007985532283783,2,False,True,True,52.0,True,0.3235344886779785,UNRANKED,,False,,,
2024-02-08,2024-02-09,2024-02-16,T,XLC,15.044184150625332,15.205463409423828,15.205463409423828,5,time_exit,LONG,LONG,0.5000692456960678,0.5013657212257385,0.4987727701663971,0.5013657212257385,0.49150964617729187,50.00692456960678,0.5007985532283783,2,False,True,True,52.0,True,0.23624601960182184,UNRANKED,,False,,,
2024-02-09,2024-02-12,2024-02-20,T,XLC,15.088984033186234,15.151701927185059,15.151701927185059,5,time_exit,LONG,LONG,0.5000692456960678,0.5013657212257385,0.4987727701663971,0.5013657212257385,0.5139265060424805,50.00692456960678,0.5007985532283783,2,False,True,True,52.0,True,0.13646170496940624,UNRANKED,,False,,,
2024-02-12,2024-02-13,2024-02-21,T,XLC,15.250267261788638,15.232345581054688,15.232345581054688,5,time_exit,SHORT,SHORT,0.4932136535644531,0.49337857961654663,0.4930487275123596,0.49337857961654663,0.5381596684455872,50.67863464355469,0.5086827874183655,2,False,True,True,52.0,True,0.2349340617656708,UNRANKED,,False,,,
2024-02-13,2024-02-14,2024-02-22,T,XLC,15.20546266236853,14.864977836608887,14.864977836608887,5,time_exit,SHORT,SHORT,0.4989436864852905,0.5008481740951538,0.49703919887542725,0.5008481740951538,0.5297202467918396,50.10563135147095,0.5086827874183655,2,False,True,True,52.0,True,0.3112227022647857,UNRANKED,,False,,,
2024-02-14,2024-02-15,2024-02-23,T,XLC,15.178585567368325,15.053140640258789,15.053140640258789,5,time_exit,SHORT,SHORT,0.4911968857049942,0.49573034048080444,0.48666343092918396,0.49573034048080444,0.46052756905555725,50.88031142950058,0.5086827874183655,1,True,False,True,52.0,True,0.1783170402050019,UNRANKED,,False,,,
2024-02-15,2024-02-16,2024-02-26,T,XLC,15.187544302830931,14.873937606811523,14.873937606811523,5,time_exit,SHORT,SHORT,0.49091801047325134,0.49337857961654663,0.48845744132995605,0.49337857961654663,0.49518340826034546,50.908198952674866,0.5086827874183655,1,True,False,True,52.0,True,0.24623006582260135,UNRANKED,,False,,,
2024-02-16,2024-02-20,2024-02-27,T,XLC,15.124820705081843,15.080022811889648,15.080022811889648,5,time_exit,SHORT,SHORT,0.4806042015552521,0.49337857961654663,0.4678298234939575,0.49337857961654663,0.5394717454910278,51.93957984447479,0.5086827874183655,1,True,False,True,52.0,True,0.22832867503166204,UNRANKED,,False,,,
2024-02-20,2024-02-21,2024-02-28,T,XLC,15.160664023151828,15.196502685546875,15.196502685546875,5,time_exit,SHORT,SHORT,0.4911968857049942,0.49573034048080444,0.48666343092918396,0.49573034048080444,0.4672466516494751,50.88031142950058,0.5086827874183655,1,True,False,True,52.0,True,0.2889811098575591,UNRANKED,,False,,,
2024-02-21,2024-02-22,2024-02-29,T,XLC,15.026261774065839,15.169625282287598,15.169625282287598,5,time_exit,SHORT,SHORT,0.483443945646286,0.49573034048080444,0.4711575508117676,0.49573034048080444,0.47928905487060547,51.6556054353714,0.5086827874183655,1,True,False,True,52.0,True,0.20705944299697884,UNRANKED,,False,,,
2024-02-22,2024-02-23,2024-03-01,T,XLC,14.900817118025389,15.214425086975098,15.209305282654643,5,stop_loss,SHORT,SHORT,0.49154703319072723,0.49337857961654663,0.48971548676490784,0.49337857961654663,0.4631168246269226,50.84529668092728,0.5086827874183655,2,False,True,True,52.0,True,0.2681659162044526,UNRANKED,,False,,,
2024-02-23,2024-02-26,2024-03-04,T,XLC,15.053140644831466,15.053140640258789,15.053140640258789,5,time_exit,SHORT,SHORT,0.49710148572921753,0.49582210183143616,0.4983808696269989,0.49582210183143616,0.5251615643501282,50.28985142707825,0.5086827874183655,2,False,True,True,52.0,True,0.18891590833663952,UNRANKED,,False,,,
2024-02-26,2024-02-27,2024-03-01,T,XLC,14.882898945043234,15.384669303894043,15.204186372672977,3,take_profit,LONG,LONG,0.5019382983446121,0.4976029098033905,0.5062736868858337,0.4976029098033905,0.3914068341255188,50.19382983446121,0.5086827874183655,2,False,True,True,52.0,True,0.21616521477699274,UNRANKED,,False,,,
2024-02-27,2024-02-28,2024-03-06,T,XLC,15.071060396890433,15.39362907409668,15.39362907409668,5,time_exit,SHORT,SHORT,0.49695517122745514,0.5024464726448059,0.49146386981010437,0.5024464726448059,0.37435391545295715,50.304482877254486,0.5086827874183655,2,False,True,True,52.0,True,0.16519296169281014,UNRANKED,,False,,,
2024-02-28,2024-02-29,2024-03-07,T,XLC,15.250267253078917,15.277146339416504,15.277146339416504,5,time_exit,SHORT,SHORT,0.49695517122745514,0.5024464726448059,0.49146386981010437,0.5024464726448059,0.3210393786430359,50.304482877254486,0.5086827874183655,2,False,True,True,52.0,True,0.16594529151916504,UNRANKED,,False,,,
2024-02-29,2024-03-01,2024-03-05,T,XLC,15.11586401090795,15.411548614501953,15.370589603384932,2,take_profit,LONG,LONG,0.5022040605545044,0.5031934380531311,0.5012146830558777,0.5031934380531311,0.4826996922492981,50.22040605545044,0.5086827874183655,2,False,True,True,52.0,True,0.29177737236022955,UNRANKED,,False,,,
2024-03-01,2024-03-04,2024-03-05,T,XLC,15.115863498020998,15.528032302856445,15.374428855774207,1,stop_loss,SHORT,SHORT,0.49826668202877045,0.4953186810016632,0.5012146830558777,0.4953186810016632,0.5210325121879578,50.173331797122955,0.5086827874183655,2,False,True,True,52.0,True,0.2178113162517547,UNRANKED,,False,,,
2024-03-04,2024-03-05,2024-03-11,T,XLC,15.25922700319994,15.411548614501953,15.517792497192337,4,take_profit,LONG,LONG,0.5014597326517105,0.49381259083747864,0.5091068744659424,0.49381259083747864,0.3936672806739807,50.14597326517105,0.5086827874183655,2,False,True,True,52.0,True,0.29673007130622864,UNRANKED,,False,,,
2024-03-05,2024-03-06,2024-03-13,T,XLC,15.321947518240359,15.402589797973633,15.402589797973633,5,time_exit,SHORT,SHORT,0.49911513924598694,0.4984772205352783,0.49975305795669556,0.4984772205352783,0.47675061225891113,50.088486075401306,0.5086827874183655,2,False,True,True,52.0,True,0.25406593084335327,UNRANKED,,False,,,
2024-03-06,2024-03-07,2024-03-14,T,XLC,15.402590351008207,15.241303443908691,15.241303443908691,5,time_exit,SHORT,SHORT,0.49911513924598694,0.4984772205352783,0.49975305795669556,0.4984772205352783,0.370099276304245,50.088486075401306,0.5086827874183655,2,False,True,True,52.0,True,0.2021113038063049,UNRANKED,,False,,,
2024-03-07,2024-03-08,2024-03-15,T,XLC,15.286104620370702,15.277146339416504,15.277146339416504,5,time_exit,LONG,LONG,0.5014597326517105,0.49381259083747864,0.5091068744659424,0.49381259083747864,0.3546607494354248,50.14597326517105,0.5086827874183655,2,False,True,True,52.0,True,0.25348117947578425,UNRANKED,,False,,,
2024-03-08,2024-03-11,2024-03-18,T,XLC,15.429469519336958,15.501152038574219,15.501152038574219,5,time_exit,SHORT,SHORT,0.4979303181171417,0.5040000081062317,0.49186062812805176,0.5040000081062317,0.488832950592041,50.20696818828583,0.5086827874183655,2,False,True,True,52.0,True,0.22292324900627128,UNRANKED,,False,,,
2024-03-11,2024-03-12,2024-03-19,T,XLC,15.501149270137613,15.384669303894043,15.384669303894043,5,time_exit,SHORT,SHORT,0.49911513924598694,0.4984772205352783,0.49975305795669556,0.4984772205352783,0.5215030908584595,50.088486075401306,0.5086827874183655,2,False,True,True,52.0,True,0.2341582477092743,UNRANKED,,False,,,
2024-03-12,2024-03-13,2024-03-20,T,XLC,15.47427135529949,15.42050838470459,15.42050838470459,5,time_exit,SHORT,SHORT,0.4926662743091583,0.4790588617324829,0.5062736868858337,0.4790588617324829,0.6042633056640625,50.73337256908417,0.5086827874183655,2,False,True,True,52.0,True,0.1710586845874786,UNRANKED,,False,,,
2024-03-13,2024-03-14,2024-03-21,T,XLC,15.366745722032288,15.375706672668457,15.375706672668457,5,time_exit,SHORT,SHORT,0.49408286809921265,0.4790588617324829,0.5091068744659424,0.4790588617324829,0.6202830672264099,50.591713190078735,0.5086827874183655,2,False,True,True,52.0,True,0.051345825195312465,UNRANKED,,False,,,
2024-03-14,2024-03-15,2024-03-18,T,XLC,15.133783219617296,15.214425086975098,15.380828327867505,1,stop_loss,SHORT,SHORT,0.4985993057489395,0.48916521668434143,0.5080333948135376,0.48916521668434143,0.5010793805122375,50.14006942510605,0.5086827874183655,2,False,True,True,52.0,True,0.16552057862281788,UNRANKED,,False,,,
2024-03-15,2024-03-18,2024-03-25,T,XLC,15.321948986275071,15.339869499206543,15.339869499206543,5,time_exit,SHORT,SHORT,0.49935492873191833,0.49856895208358765,0.500140905380249,0.49856895208358765,0.3776203393936157,50.06450712680817,0.5086827874183655,2,False,True,True,52.0,True,0.23464924097061157,UNRANKED,,False,,,
2024-03-18,2024-03-19,2024-03-22,T,XLC,15.501151196106685,15.39362907409668,15.272026036979312,3,take_profit,SHORT,SHORT,0.4914826899766922,0.49856895208358765,0.48439642786979675,0.49856895208358765,0.4293755888938904,50.85173100233078,0.5086827874183655,2,False,True,True,52.0,True,0.3028444349765777,UNRANKED,,False,,,
2024-03-19,2024-03-20,2024-03-27,T,XLC,15.3398681308319,15.725157737731934,15.568993698676834,5,stop_loss,SHORT,SHORT,0.4918573796749115,0.5049492716789246,0.47876548767089844,0.5049492716789246,0.4241444766521454,50.81426203250885,0.5086827874183655,2,False,True,True,52.0,True,0.15484336018562317,UNRANKED,,False,,,
2024-03-20,2024-03-21,2024-03-27,T,XLC,15.402587894226832,15.76995849609375,15.632993701721949,4,stop_loss,SHORT,SHORT,0.4960593730211258,0.5049492716789246,0.487169474363327,0.5049492716789246,0.4382694661617279,50.39406269788742,0.5086827874183655,2,False,True,True,52.0,True,0.1506663262844086,UNRANKED,,False,,,
2024-03-21,2024-03-22,2024-03-27,T,XLC,15.40259024859999,15.6803560256958,15.632996328573483,3,stop_loss,SHORT,SHORT,0.49944713711738586,0.5025056600570679,0.49638861417770386,0.5025056600570679,0.47789961099624634,50.055286288261414,0.5086827874183655,2,False,True,True,52.0,True,0.2510976791381835,UNRANKED,,False,,,
2024-03-22,2024-03-25,2024-03-27,T,XLC,15.268187937907488,15.69827651977539,15.498593609163416,2,stop_loss,SHORT,SHORT,0.4943923205137253,0.49856895208358765,0.4902156889438629,0.49856895208358765,0.4820176959037781,50.56076794862747,0.5086827874183655,2,False,True,True,52.0,True,0.21933713555335996,UNRANKED,,False,,,
2024-03-25,2024-03-26,2024-03-27,T,XLC,15.348827033547042,15.778918266296387,15.549792097459571,1,stop_loss,SHORT,SHORT,0.49257032573223114,0.4984772205352783,0.48666343092918396,0.4984772205352783,0.37982678413391113,50.742967426776886,0.5086827874183655,2,False,True,True,52.0,True,0.15574637055397034,UNRANKED,,False,,,
2024-03-26,2024-03-27,2024-03-28,T,XLC,15.492193931726668,15.74307632446289,15.69955896773741,1,stop_loss,SHORT,SHORT,0.49257032573223114,0.4984772205352783,0.48666343092918396,0.4984772205352783,0.31730762124061584,50.742967426776886,0.5086827874183655,2,False,True,True,52.0,True,0.01949918270111083,UNRANKED,,False,,,
2024-03-27,2024-03-28,2024-04-05,T,XLC,15.72515645319606,15.608675003051758,15.608675003051758,5,time_exit,SHORT,SHORT,0.48646266758441925,0.49381259083747864,0.47911274433135986,0.49381259083747864,0.5275998711585999,51.353733241558075,0.5086827874183655,1,True,False,True,52.0,True,0.16068238019943237,UNRANKED,,False,,,
2024-03-28,2024-04-01,2024-04-02,T,XLC,15.402590197481393,15.456350326538086,15.627875863810914,1,stop_loss,SHORT,SHORT,0.49247685074806213,0.5025056600570679,0.4824480414390564,0.5025056600570679,0.5073357820510864,50.75231492519379,0.5086827874183655,2,False,True,True,52.0,True,0.18005251884460452,UNRANKED,,False,,,
2024-04-01,2024-04-02,2024-04-09,T,XLC,15.662434886408642,15.39078140258789,15.440989394072913,5,take_profit,SHORT,SHORT,0.48030969500541687,0.4952498972415924,0.46536949276924133,0.4952498972415924,0.4061073064804077,51.96903049945831,0.5086827874183655,1,True,False,True,52.0,True,0.1653573513031005,UNRANKED,,False,,,
2024-04-02,2024-04-03,2024-04-08,T,XLC,15.760997449862344,15.235960006713867,15.553632413851602,3,stop_loss,LONG,LONG,0.5012601912021637,0.4984772205352783,0.5040431618690491,0.4984772205352783,0.339110791683197,50.12601912021637,0.5086827874183655,2,False,True,True,52.0,True,0.3491643965244293,UNRANKED,,False,,,
2024-04-03,2024-04-04,2024-04-08,T,XLC,15.787878364668735,14.95364761352539,15.570272910087612,2,stop_loss,LONG,LONG,0.5012601912021637,0.4984772205352783,0.5040431618690491,0.4984772205352783,0.3523223102092743,50.12601912021637,0.5086827874183655,2,False,True,True,52.0,True,0.27507340908050537,UNRANKED,,False,,,
2024-04-04,2024-04-05,2024-04-08,T,XLC,15.698277382368982,14.853470802307129,15.498592558106635,1,stop_loss,LONG,LONG,0.5118317306041718,0.4984772205352783,0.5251862406730652,0.4984772205352783,0.17380794882774353,51.183173060417175,0.5086827874183655,1,True,True,False,52.0,True,0.5402047336101532,UNRANKED,,False,,,
2024-04-05,2024-04-08,2024-04-10,T,XLC,15.590753031051186,14.78972053527832,15.376988431659793,2,stop_loss,LONG,LONG,0.5038643479347229,0.49856895208358765,0.5091597437858582,0.49856895208358765,0.35637420415878296,50.38643479347229,0.5086827874183655,2,False,True,True,52.0,True,0.35427257418632496,UNRANKED,,False,,,
2024-04-08,2024-04-09,2024-04-10,T,XLC,15.48185146448827,14.653118133544922,15.278327011188885,1,take_profit,SHORT,SHORT,0.49988916516304016,0.49856895208358765,0.5012093782424927,0.49856895208358765,0.4115198254585266,50.011083483695984,0.5086827874183655,2,False,True,True,52.0,True,0.15654736757278456,UNRANKED,,False,,,
2024-04-09,2024-04-10,2024-04-11,T,XLC,15.272388719557997,14.680438995361328,15.076137667791464,1,stop_loss,LONG,LONG,0.5014597326517105,0.49381259083747864,0.5091068744659424,0.49381259083747864,0.4540250301361084,50.14597326517105,0.5086827874183655,2,False,True,True,52.0,True,0.23342290520668024,UNRANKED,,False,,,
2024-04-10,2024-04-11,2024-04-12,T,XLC,15.18132190621791,14.871685028076172,14.968073380870882,1,stop_loss,LONG,LONG,0.5138671398162842,0.49856895208358765,0.5291653275489807,0.49856895208358765,0.19657519459724426,51.38671398162842,0.5086827874183655,1,True,True,False,52.0,True,0.5316228866577148,UNRANKED,,False,,,
2024-04-11,2024-04-12,2024-04-16,T,XLC,14.944540869444888,15.035608291625977,14.697362246790382,2,stop_loss,LONG,LONG,0.5064520537853241,0.5147930383682251,0.4981110692024231,0.5147930383682251,0.2676030695438385,50.64520537853241,0.5086827874183655,2,False,True,True,52.0,True,0.5185362100601196,UNRANKED,,False,,,
2024-04-12,2024-04-15,2024-04-16,T,XLC,14.990073269780979,14.853470802307129,14.751623900622915,1,take_profit,SHORT,SHORT,0.4880888760089874,0.49856895208358765,0.4776087999343872,0.49856895208358765,0.3846914768218994,51.19111239910126,0.5086827874183655,1,True,False,True,52.0,True,0.5633775889873504,UNRANKED,,False,,,
2024-04-15,2024-04-16,2024-04-19,T,XLC,14.771508005633788,15.02650260925293,15.001143925477189,3,take_profit,LONG,LONG,0.5354054570198059,0.5016394257545471,0.5691714882850647,0.5016394257545471,0.17832346260547638,53.54054570198059,0.5086827874183655,1,True,True,False,52.0,True,0.590251088142395,UNRANKED,,False,,,
2024-04-16,2024-04-17,2024-04-19,T,XLC,14.671331815311923,15.308817863464355,14.912802424704362,2,stop_loss,SHORT,SHORT,0.48995649814605713,0.49856895208358765,0.4813440442085266,0.49856895208358765,0.3752078711986542,51.00435018539429,0.5086827874183655,1,True,False,True,52.0,True,0.4479453563690185,UNRANKED,,False,,,
2024-04-17,2024-04-18,2024-04-19,T,XLC,14.671332271806317,15.099356651306152,14.869344623796064,1,stop_loss,SHORT,SHORT,0.4818873852491379,0.49856895208358765,0.4652058184146881,0.49856895208358765,0.5536526441574097,51.81126147508621,0.5086827874183655,1,True,False,True,52.0,True,0.40313941240310674,UNRANKED,,False,,,
2024-04-18,2024-04-19,2024-04-24,T,XLC,14.87168254701807,15.254175186157227,15.09061565248682,3,stop_loss,SHORT,SHORT,0.4848792105913162,0.49675217270851135,0.4730062484741211,0.49675217270851135,0.44329267740249634,51.51207894086838,0.5086827874183655,1,True,False,True,52.0,True,0.6033080220222472,UNRANKED,,False,,,
2024-04-19,2024-04-22,2024-04-29,T,XLC,15.199536710027196,15.500065803527832,15.429087071660497,5,stop_loss,SHORT,SHORT,0.4469391405582428,0.4864563047885895,0.4074219763278961,0.4864563047885895,0.6493083238601685,55.30608594417572,0.5086827874183655,1,True,False,True,52.0,True,0.5482445657253268,UNRANKED,,False,,,
2024-04-22,2024-04-23,2024-04-24,T,XLC,14.917218189625462,15.381674766540527,15.170228122007229,1,take_profit,LONG,LONG,0.510123610496521,0.5025056600570679,0.5177415609359741,0.5025056600570679,0.40649160742759705,51.0123610496521,0.5086827874183655,1,True,True,False,52.0,True,0.5630817711353302,UNRANKED,,False,,,
2024-04-23,2024-04-24,2024-04-25,T,XLC,15.390780741954833,15.408992767333984,15.124572229512381,1,take_profit,SHORT,SHORT,0.48606178164482117,0.5025056600570679,0.46961790323257446,0.5025056600570679,0.5312326550483704,51.39382183551788,0.5086827874183655,1,True,False,True,52.0,True,0.2611601650714874,UNRANKED,,False,,,
2024-04-24,2024-04-25,2024-05-02,T,XLC,15.20864105892852,15.317925453186035,15.317925453186035,5,time_exit,SHORT,SHORT,0.48857855796813965,0.5025056600570679,0.4746514558792114,0.5025056600570679,0.4443335235118866,51.142144203186035,0.5086827874183655,1,True,False,True,52.0,True,0.2864557802677154,UNRANKED,,False,,,
2024-04-25,2024-04-26,2024-04-29,T,XLC,14.999179393540219,15.345248222351074,15.311321220714815,1,stop_loss,SHORT,SHORT,0.49594028294086456,0.5025056600570679,0.48937490582466125,0.5025056600570679,0.4514371156692505,50.405971705913544,0.5086827874183655,2,False,True,True,52.0,True,0.4620173871517182,UNRANKED,,False,,,
2024-04-26,2024-04-29,2024-05-06,T,XLC,15.472744263889195,15.472743034362793,15.472743034362793,5,time_exit,SHORT,SHORT,0.4898452162742615,0.49564287066459656,0.4840475618839264,0.49564287066459656,0.5207192897796631,51.01547837257385,0.5086827874183655,1,True,False,True,52.0,True,0.21654230356216425,UNRANKED,,False,,,
2024-04-29,2024-04-30,2024-05-07,T,XLC,15.399889126967993,15.554708480834961,15.554708480834961,5,time_exit,SHORT,SHORT,0.4956738352775574,0.5066617131233215,0.4846859574317932,0.5066617131233215,0.5227422118186951,50.43261647224426,0.5086827874183655,2,False,True,True,52.0,True,0.23736983537673934,UNRANKED,,False,,,
2024-04-30,2024-05-01,2024-05-08,T,XLC,15.327029901256415,15.58202838897705,15.58202838897705,5,time_exit,SHORT,SHORT,0.4900423288345337,0.4955511689186096,0.48453348875045776,0.4955511689186096,0.46825894713401794,50.99576711654663,0.5086827874183655,1,True,False,True,52.0,True,0.16548994183540341,UNRANKED,,False,,,
2024-05-01,2024-05-02,2024-05-09,T,XLC,15.472744034812282,15.645776748657227,15.645776748657227,5,time_exit,SHORT,SHORT,0.49268123507499695,0.5036596059799194,0.48170286417007446,0.5036596059799194,0.39381471276283264,50.731876492500305,0.5086827874183655,2,False,True,True,52.0,True,0.0341667234897613,UNRANKED,,False,,,
2024-05-02,2024-05-03,2024-05-09,T,XLC,15.317926680927101,15.636670112609863,15.613251551445376,4,stop_loss,SHORT,SHORT,0.4908560812473297,0.49564287066459656,0.48606929183006287,0.49564287066459656,0.47561338543891907,50.91439187526703,0.5086827874183655,1,True,False,True,52.0,True,0.21082073450088512,UNRANKED,,False,,,
2024-05-03,2024-05-06,2024-05-13,T,XLC,15.436316054756198,15.718631744384766,15.718631744384766,5,time_exit,SHORT,SHORT,0.49306243658065796,0.5026290416717529,0.483495831489563,0.5026290416717529,0.48013201355934143,50.693756341934204,0.5086827874183655,2,False,True,True,52.0,True,0.13346561789512645,UNRANKED,,False,,,
2024-05-06,2024-05-07,2024-05-14,T,XLC,15.536494119512549,15.755060195922852,15.755060195922852,5,time_exit,SHORT,SHORT,0.49385684728622437,0.4863995909690857,0.501314103603363,0.4863995909690857,0.5477969646453857,50.61431527137756,0.5086827874183655,2,False,True,True,52.0,True,0.1425245702266693,UNRANKED,,False,,,
2024-05-07,2024-05-08,2024-05-15,T,XLC,15.509172688343728,15.782377243041992,15.782377243041992,5,time_exit,LONG,LONG,0.5050474107265472,0.5087807178497314,0.501314103603363,0.5087807178497314,0.3471897840499878,50.504741072654724,0.5086827874183655,2,False,True,True,52.0,True,0.08695647120475777,UNRANKED,,False,,,
2024-05-08,2024-05-09,2024-05-16,T,XLC,15.572921048774761,15.755060195922852,15.755060195922852,5,time_exit,LONG,LONG,0.5080892741680145,0.4981299638748169,0.5180485844612122,0.4981299638748169,0.26606646180152893,50.80892741680145,0.5086827874183655,2,False,True,True,52.0,True,0.3295736610889435,UNRANKED,,False,,,
2024-05-09,2024-05-10,2024-05-17,T,XLC,15.663991652396883,15.846129417419434,15.846129417419434,5,time_exit,LONG,LONG,0.5000625550746918,0.5068408846855164,0.4932842254638672,0.5068408846855164,0.41620922088623047,50.00625550746918,0.5086827874183655,2,False,True,True,52.0,True,0.21913954615592965,UNRANKED,,False,,,
2024-05-10,2024-05-13,2024-05-20,T,XLC,15.645776047766052,15.955411911010742,15.879954863335248,5,stop_loss,SHORT,SHORT,0.4974784553050995,0.4984043538570404,0.49655255675315857,0.4984043538570404,0.5182305574417114,50.25215446949005,0.5086827874183655,2,False,True,True,52.0,True,0.27618131041526794,UNRANKED,,False,,,
2024-05-13,2024-05-14,2024-05-21,T,XLC,15.736847572829484,15.727740287780762,15.727740287780762,5,time_exit,SHORT,SHORT,0.4934673309326172,0.4984772205352783,0.48845744132995605,0.4984772205352783,0.4647290110588074,50.65326690673828,0.5086827874183655,2,False,True,True,52.0,True,0.2569690644741058,UNRANKED,,False,,,
2024-05-14,2024-05-15,2024-05-22,T,XLC,15.800591597966946,15.937200546264648,15.937200546264648,5,time_exit,SHORT,SHORT,0.4934673309326172,0.4984772205352783,0.48845744132995605,0.4984772205352783,0.38462701439857483,50.65326690673828,0.5086827874183655,2,False,True,True,52.0,True,0.2548084855079651,UNRANKED,,False,,,
2024-05-15,2024-05-16,2024-05-20,T,XLC,15.764167375978028,15.90987777709961,15.924188885421039,2,stop_loss,SHORT,SHORT,0.49179475009441376,0.49625611305236816,0.48733338713645935,0.49625611305236816,0.4371906518936157,50.820524990558624,0.5086827874183655,2,False,True,True,52.0,True,0.15797308087348938,UNRANKED,,False,,,
2024-05-16,2024-05-17,2024-05-24,T,XLC,15.846129417419434,15.937200546264648,15.937200546264648,5,time_exit,SHORT,SHORT,0.4912005215883255,0.49856895208358765,0.48383209109306335,0.49856895208358765,0.44271036982536316,50.87994784116745,0.5086827874183655,1,True,False,True,52.0,True,0.16262403130531314,UNRANKED,,False,,,
2024-05-17,2024-05-20,2024-05-28,T,XLC,15.827913149406879,15.727740287780762,15.727740287780762,5,time_exit,SHORT,SHORT,0.49209095537662506,0.5003498196601868,0.48383209109306335,0.5003498196601868,0.33420443534851074,50.790904462337494,0.5086827874183655,2,False,True,True,52.0,True,0.11861070990562446,UNRANKED,,False,,,
2024-05-20,2024-05-21,2024-05-28,T,XLC,15.946307396594962,15.591136932373047,15.82791894815223,4,take_profit,SHORT,SHORT,0.49088673293590546,0.5016394257545471,0.4801340401172638,0.5016394257545471,0.3972124755382538,50.911326706409454,0.5086827874183655,1,True,False,True,52.0,True,0.08692789077758786,UNRANKED,,False,,,
2024-05-21,2024-05-22,2024-05-23,T,XLC,15.654884908667007,16.04648208618164,15.801895303172099,1,take_profit,LONG,LONG,0.50401970744133,0.5016394257545471,0.5063999891281128,0.5016394257545471,0.3346078395843506,50.401970744132996,0.5086827874183655,2,False,True,True,52.0,True,0.13161408901214608,UNRANKED,,False,,,
2024-05-22,2024-05-23,2024-05-29,T,XLC,15.846129257760158,16.592899322509766,15.682205585492788,3,take_profit,SHORT,SHORT,0.49273575842380524,0.5016394257545471,0.48383209109306335,0.5016394257545471,0.3627299666404724,50.726424157619476,0.5086827874183655,2,False,True,True,52.0,True,0.11216333508491522,UNRANKED,,False,,,
2024-05-23,2024-05-24,2024-05-28,T,XLC,15.928093366081884,16.401655197143555,15.764169693814514,1,stop_loss,LONG,LONG,0.5074777007102966,0.49856895208358765,0.5163864493370056,0.49856895208358765,0.22905094921588898,50.74777007102966,0.5086827874183655,2,False,True,True,52.0,True,0.44724932312965393,UNRANKED,,False,,,
2024-05-24,2024-05-28,2024-05-29,T,XLC,15.900771496623062,16.711292266845703,15.751158116190933,1,stop_loss,LONG,LONG,0.5024844706058502,0.49856895208358765,0.5063999891281128,0.49856895208358765,0.3560321033000946,50.24844706058502,0.5086827874183655,2,False,True,True,52.0,True,0.15396779775619512,UNRANKED,,False,,,
2024-05-28,2024-05-29,2024-05-30,T,XLC,15.709526804875905,16.66575813293457,15.877353729881136,1,take_profit,LONG,LONG,0.5040676891803741,0.49856895208358765,0.5095664262771606,0.49856895208358765,0.32390180230140686,50.406768918037415,0.5086827874183655,2,False,True,True,52.0,True,0.37166056036949163,UNRANKED,,False,,,
2024-05-29,2024-05-30,2024-05-31,T,XLC,15.636667736729533,16.647544860839844,15.820106582772711,1,take_profit,LONG,LONG,0.5074777007102966,0.49856895208358765,0.5163864493370056,0.49856895208358765,0.2782756984233856,50.74777007102966,0.5086827874183655,2,False,True,True,52.0,True,0.48060953617095953,UNRANKED,,False,,,
2024-05-30,2024-05-31,2024-06-03,T,XLC,15.964519620142791,16.483619689941406,16.203900865347173,1,take_profit,LONG,LONG,0.5045737028121948,0.49856895208358765,0.510578453540802,0.49856895208358765,0.3891355097293854,50.45737028121948,0.5086827874183655,2,False,True,True,52.0,True,0.5636170506477357,UNRANKED,,False,,,
2024-05-31,2024-06-03,2024-06-10,T,XLC,16.510937877864635,16.26505470275879,16.26505470275879,5,time_exit,SHORT,SHORT,0.48812171816825867,0.4944002628326416,0.48184317350387573,0.4944002628326416,0.5146365761756897,51.18782818317413,0.5086827874183655,1,True,False,True,52.0,True,0.20010143518447882,UNRANKED,,False,,,
2024-06-03,2024-06-04,2024-06-11,T,XLC,16.365226393332158,16.26505470275879,16.26505470275879,5,time_exit,SHORT,SHORT,0.48893967270851135,0.4876636564731598,0.4902156889438629,0.4876636564731598,0.5910002589225769,51.106032729148865,0.5086827874183655,1,True,False,True,52.0,True,0.2822170555591582,UNRANKED,,False,,,
2024-06-04,2024-06-05,2024-06-10,T,XLC,16.674865313413637,16.03737449645996,16.304083823632666,3,take_profit,SHORT,SHORT,0.4863341748714447,0.48600491881370544,0.48666343092918396,0.48600491881370544,0.46624284982681274,51.36658251285553,0.5086827874183655,1,True,False,True,52.0,True,0.13987919688224787,UNRANKED,,False,,,
2024-06-05,2024-06-06,2024-06-10,T,XLC,16.65665204096433,16.09202003479004,16.283268110213076,2,take_profit,SHORT,SHORT,0.4953317195177078,0.5040000081062317,0.48666343092918396,0.5040000081062317,0.3931933045387268,50.46682804822922,0.5086827874183655,2,False,True,True,52.0,True,0.275093376636505,UNRANKED,,False,,,
2024-06-06,2024-06-07,2024-06-12,T,XLC,16.592902381361274,16.064697265625,16.22081898989922,3,take_profit,SHORT,SHORT,0.495516762137413,0.4836212694644928,0.5074122548103333,0.4836212694644928,0.6106762290000916,50.4483237862587,0.5086827874183655,2,False,True,True,52.0,True,0.46080356836318964,UNRANKED,,False,,,
2024-06-07,2024-06-10,2024-06-17,T,XLC,16.392551771805074,16.09202003479004,16.09202003479004,5,time_exit,LONG,LONG,0.5137892663478851,0.5147930383682251,0.5127854943275452,0.5147930383682251,0.3254615366458893,51.37892663478851,0.5086827874183655,1,True,True,False,52.0,True,0.5593020617961884,UNRANKED,,False,,,
2024-06-10,2024-06-11,2024-06-18,T,XLC,16.246840339461524,16.438081741333008,16.438081741333008,5,time_exit,SHORT,SHORT,0.4962482452392578,0.48609650135040283,0.5063999891281128,0.48609650135040283,0.5801059603691101,50.37517547607422,0.5086827874183655,2,False,True,True,52.0,True,0.3450775444507599,UNRANKED,,False,,,
2024-06-11,2024-06-12,2024-06-20,T,XLC,16.383438587222805,16.49272346496582,16.49272346496582,5,time_exit,SHORT,SHORT,0.4962482452392578,0.48609650135040283,0.5063999891281128,0.48609650135040283,0.497895210981369,50.37517547607422,0.5086827874183655,2,False,True,True,52.0,True,0.3541018068790435,UNRANKED,,False,,,
2024-06-12,2024-06-13,2024-06-18,T,XLC,15.982735603505505,16.75682830810547,16.350917104621576,3,stop_loss,SHORT,SHORT,0.49792179465293884,0.4894436001777649,0.5063999891281128,0.4894436001777649,0.4419969916343689,50.207820534706116,0.5086827874183655,2,False,True,True,52.0,True,0.2752377688884735,UNRANKED,,False,,,
2024-06-13,2024-06-14,2024-06-18,T,XLC,16.01916310266118,16.984498977661133,16.391247856515115,2,take_profit,LONG,LONG,0.5020014494657516,0.4976029098033905,0.5063999891281128,0.4976029098033905,0.4235163927078247,50.200144946575165,0.5086827874183655,2,False,True,True,52.0,True,0.4072657525539399,UNRANKED,,False,,,
2024-06-14,2024-06-17,2024-06-18,T,XLC,15.991842784197308,17.02092933654785,16.363927538051243,1,take_profit,LONG,LONG,0.5011110454797745,0.49582210183143616,0.5063999891281128,0.49582210183143616,0.4560936689376831,50.11110454797745,0.5086827874183655,2,False,True,True,52.0,True,0.3507418036460876,UNRANKED,,False,,,
2024-06-17,2024-06-18,2024-06-21,T,XLC,16.283263166913624,17.084678649902344,16.629328279436294,2,take_profit,LONG,LONG,0.5009364783763885,0.5008481740951538,0.5010247826576233,0.5008481740951538,0.5955591201782227,50.093647837638855,0.5086827874183655,2,False,True,True,52.0,True,0.4812077581882477,UNRANKED,,False,,,
2024-06-18,2024-06-20,2024-06-21,T,XLC,16.33790490324051,17.075572967529297,16.71389263735393,1,take_profit,LONG,LONG,0.5052597522735596,0.5094947218894958,0.5010247826576233,0.5094947218894958,0.5458479523658752,50.52597522735596,0.5086827874183655,2,False,True,True,52.0,True,0.4300816357135772,UNRANKED,,False,,,
2024-06-20,2024-06-21,2024-06-24,T,XLC,16.547368366795705,17.403423309326172,16.866112753741156,1,take_profit,LONG,LONG,0.5016171783208847,0.49582210183143616,0.5074122548103333,0.49582210183143616,0.5694024562835693,50.16171783208847,0.5086827874183655,2,False,True,True,52.0,True,0.3673913478851319,UNRANKED,,False,,,
2024-06-21,2024-06-24,2024-06-26,T,XLC,16.775039081152926,17.285030364990234,17.05345312621431,2,stop_loss,SHORT,SHORT,0.4944354146718979,0.49582210183143616,0.4930487275123596,0.49582210183143616,0.614730954170227,50.55645853281021,0.5086827874183655,2,False,True,True,52.0,True,0.2436137199401855,UNRANKED,,False,,,
2024-06-24,2024-06-25,2024-06-28,T,XLC,16.9753934392008,17.139320373535156,17.25901127628925,3,stop_loss,SHORT,SHORT,0.4756349176168442,0.4864563047885895,0.4648135304450989,0.4864563047885895,0.6623495817184448,52.43650823831558,0.5086827874183655,1,True,False,True,52.0,True,0.1745017468929291,UNRANKED,,False,,,
2024-06-25,2024-06-26,2024-06-28,T,XLC,16.975394228206824,17.011821746826172,17.219982535178783,2,stop_loss,SHORT,SHORT,0.48600803315639496,0.4789673388004303,0.4930487275123596,0.4789673388004303,0.6408336162567139,51.399196684360504,0.5086827874183655,1,True,False,True,52.0,True,0.30008828639984136,UNRANKED,,False,,,
2024-06-26,2024-06-27,2024-06-28,T,XLC,17.1028945096035,17.09378433227539,17.35008498506737,1,stop_loss,SHORT,SHORT,0.48605379462242126,0.4790588617324829,0.4930487275123596,0.4790588617324829,0.598414957523346,51.39462053775787,0.5086827874183655,1,True,False,True,52.0,True,0.23423561453819264,UNRANKED,,False,,,
2024-06-27,2024-06-28,2024-07-08,T,XLC,17.121105938654107,17.130210876464844,17.130210876464844,5,time_exit,SHORT,SHORT,0.4849642962217331,0.48609650135040283,0.48383209109306335,0.48609650135040283,0.5113925933837891,51.50357037782669,0.5086827874183655,1,True,False,True,52.0,True,0.17313662171363833,UNRANKED,,False,,,
2024-06-28,2024-07-01,2024-07-02,T,XLC,17.521811817019575,17.12110710144043,17.252504544244744,1,take_profit,SHORT,SHORT,0.4858541488647461,0.48787620663642883,0.48383209109306335,0.48787620663642883,0.44230327010154724,51.41458511352539,0.5086827874183655,1,True,False,True,52.0,True,0.10348808765411385,UNRANKED,,False,,,
2024-07-01,2024-07-02,2024-07-03,T,XLC,17.28503178102615,17.32261848449707,17.030034800086558,1,stop_loss,LONG,LONG,0.5028318464756012,0.4888985753059387,0.5167651176452637,0.4888985753059387,0.37833157181739807,50.28318464756012,0.5086827874183655,2,False,True,True,52.0,True,0.3860102891921997,UNRANKED,,False,,,
2024-07-02,2024-07-03,2024-07-11,T,XLC,17.193960120771358,17.433542251586914,17.433542251586914,5,time_exit,LONG,LONG,0.5028318464756012,0.4888985753059387,0.5167651176452637,0.4888985753059387,0.43497374653816223,50.28318464756012,0.5086827874183655,2,False,True,True,52.0,True,0.35820847749710083,UNRANKED,,False,,,
2024-07-03,2024-07-05,2024-07-10,T,XLC,17.030035815628157,17.38732147216797,17.29153685540564,3,take_profit,LONG,LONG,0.5044754445552826,0.49856895208358765,0.5103819370269775,0.49856895208358765,0.32913026213645935,50.44754445552826,0.5086827874183655,2,False,True,True,52.0,True,0.31890290975570684,UNRANKED,,False,,,
2024-07-05,2024-07-08,2024-07-11,T,XLC,17.157532413055357,17.174720764160156,17.422935888135573,3,take_profit,LONG,LONG,0.5044754445552826,0.49856895208358765,0.5103819370269775,0.49856895208358765,0.38446223735809326,50.44754445552826,0.5086827874183655,2,False,True,True,52.0,True,0.35897696018218994,UNRANKED,,False,,,
2024-07-08,2024-07-09,2024-07-11,T,XLC,17.139321462788626,17.424299240112305,17.406025477158046,2,take_profit,LONG,LONG,0.5044754445552826,0.49856895208358765,0.5103819370269775,0.49856895208358765,0.4237767457962036,50.44754445552826,0.5086827874183655,2,False,True,True,52.0,True,0.42076355218887324,UNRANKED,,False,,,
2024-07-09,2024-07-10,2024-07-11,T,XLC,17.165476195279226,17.710851669311523,17.429577496199986,1,stop_loss,SHORT,SHORT,0.49979686737060547,0.49856895208358765,0.5010247826576233,0.49856895208358765,0.5313487648963928,50.02031326293945,0.5086827874183655,2,False,True,True,52.0,True,0.3864206075668334,UNRANKED,,False,,,
2024-07-10,2024-07-11,2024-07-17,T,XLC,17.285643841733442,17.70160675048828,17.529095096441868,4,stop_loss,SHORT,SHORT,0.4970318228006363,0.4876636564731598,0.5063999891281128,0.4876636564731598,0.44523298740386963,50.29681771993637,0.5086827874183655,2,False,True,True,52.0,True,0.22984650731086723,UNRANKED,,False,,,
2024-07-11,2024-07-12,2024-07-17,T,XLC,17.304128403054747,17.673877716064453,17.555619949685607,3,stop_loss,SHORT,SHORT,0.4816150665283203,0.49671557545661926,0.46651455760002136,0.49671557545661926,0.5220207571983337,51.83849334716797,0.5086827874183655,1,True,False,True,52.0,True,0.2399510741233824,UNRANKED,,False,,,
2024-07-12,2024-07-15,2024-07-17,T,XLC,17.42430001536187,17.146987915039062,17.644665267175483,2,stop_loss,SHORT,SHORT,0.4816150665283203,0.49671557545661926,0.46651455760002136,0.49671557545661926,0.5159010887145996,51.83849334716797,0.5086827874183655,1,True,False,True,52.0,True,0.21109065413475034,UNRANKED,,False,,,
2024-07-15,2024-07-16,2024-07-17,T,XLC,17.193207742930678,16.832704544067383,17.411420143094603,1,stop_loss,SHORT,SHORT,0.486913338303566,0.5025056600570679,0.4713210165500641,0.5025056600570679,0.5283153653144836,51.3086661696434,0.5086827874183655,1,True,False,True,52.0,True,0.1849062740802765,UNRANKED,,False,,,
2024-07-16,2024-07-17,2024-07-22,T,XLC,17.47051630791353,17.710851669311523,17.221854176740262,3,take_profit,SHORT,SHORT,0.47859370708465576,0.4794951379299164,0.47769227623939514,0.4794951379299164,0.6381418108940125,52.140629291534424,0.5086827874183655,1,True,False,True,52.0,True,0.1726972758769988,UNRANKED,,False,,,
2024-07-17,2024-07-18,2024-07-22,T,XLC,17.65538916041513,17.73858070373535,17.37489801269261,2,take_profit,SHORT,SHORT,0.4909404218196869,0.5037067532539368,0.478174090385437,0.5037067532539368,0.5239902138710022,50.90595781803131,0.5086827874183655,1,True,False,True,52.0,True,0.18963482975959783,UNRANKED,,False,,,
2024-07-18,2024-07-19,2024-07-22,T,XLC,17.673877716064453,17.57219696044922,17.39336667742048,1,take_profit,SHORT,SHORT,0.49686264991760254,0.5060585737228394,0.4876667261123657,0.5060585737228394,0.5669763684272766,50.313735008239746,0.5086827874183655,2,False,True,True,52.0,True,0.17995288968086245,UNRANKED,,False,,,
2024-07-19,2024-07-22,2024-07-23,T,XLC,17.285644220013154,17.470516204833984,17.048007653851045,1,take_profit,SHORT,SHORT,0.4903681129217148,0.5060585737228394,0.4746776521205902,0.5060585737228394,0.6065707206726074,50.96318870782852,0.5086827874183655,1,True,False,True,52.0,True,0.139973521232605,UNRANKED,,False,,,
2024-07-22,2024-07-23,2024-07-24,T,XLC,17.165476878740307,17.544466018676758,17.461470138715196,1,stop_loss,SHORT,SHORT,0.4859389066696167,0.48600491881370544,0.48587289452552795,0.48600491881370544,0.6112343072891235,51.40610933303833,0.5086827874183655,1,True,False,True,52.0,True,0.10725384950637822,UNRANKED,,False,,,
2024-07-23,2024-07-24,2024-07-31,T,XLC,17.489004050272182,17.794044494628906,17.794044494628906,5,time_exit,SHORT,SHORT,0.4870956838130951,0.4789673388004303,0.4952240288257599,0.4789673388004303,0.6496919989585876,51.29043161869049,0.5086827874183655,1,True,False,True,52.0,True,0.20071321725845334,UNRANKED,,False,,,
2024-07-24,2024-07-25,2024-08-01,T,XLC,17.70160522439413,17.997404098510742,17.997404098510742,5,time_exit,SHORT,SHORT,0.4951445013284683,0.4789673388004303,0.5113216638565063,0.4789673388004303,0.5954023599624634,50.48554986715317,0.5086827874183655,2,False,True,True,52.0,True,0.3163267672061919,UNRANKED,,False,,,
2024-07-25,2024-07-26,2024-08-02,T,XLC,17.710851500642313,17.90496826171875,17.90496826171875,5,time_exit,SHORT,SHORT,0.4948757588863373,0.4984772205352783,0.49127429723739624,0.4984772205352783,0.49878084659576416,50.51242411136627,0.5086827874183655,2,False,True,True,52.0,True,0.3075642883777618,UNRANKED,,False,,,
2024-07-26,2024-07-29,2024-08-05,T,XLC,17.562953152993686,17.479759216308594,17.479759216308594,5,time_exit,SHORT,SHORT,0.4896257370710373,0.49337857961654663,0.48587289452552795,0.49337857961654663,0.6653985977172852,51.03742629289627,0.5086827874183655,1,True,False,True,52.0,True,0.21400493383407607,UNRANKED,,False,,,
2024-07-29,2024-07-30,2024-08-01,T,XLC,17.51673616742968,17.73858070373535,17.96808978550655,2,stop_loss,SHORT,SHORT,0.4896257370710373,0.49337857961654663,0.48587289452552795,0.49337857961654663,0.5565910935401917,51.03742629289627,0.5086827874183655,1,True,False,True,52.0,True,0.21992793679237377,UNRANKED,,False,,,
2024-07-30,2024-07-31,2024-08-01,T,XLC,17.470516060290755,17.794044494628906,17.90364659705136,1,stop_loss,SHORT,SHORT,0.484286367893219,0.49337857961654663,0.47519415616989136,0.49337857961654663,0.6581732630729675,51.5713632106781,0.5086827874183655,1,True,False,True,52.0,True,0.29407012462615956,UNRANKED,,False,,,
2024-07-31,2024-08-01,2024-08-08,T,XLC,17.849505690132233,17.93269920349121,17.93269920349121,5,time_exit,SHORT,SHORT,0.48687392473220825,0.49337857961654663,0.4803692698478699,0.49337857961654663,0.5529298186302185,51.312607526779175,0.5086827874183655,1,True,False,True,52.0,True,0.17606019973754883,UNRANKED,,False,,,
2024-08-01,2024-08-02,2024-08-05,T,XLC,18.154545714813104,18.015893936157227,17.679158959006045,1,take_profit,SHORT,SHORT,0.48710884153842926,0.5007564425468445,0.47346124053001404,0.5007564425468445,0.45953458547592163,51.289115846157074,0.5086827874183655,1,True,False,True,52.0,True,-0.21733680367469788,UNRANKED,,False,,,
2024-08-02,2024-08-05,2024-08-08,T,XLC,17.378078402024748,17.960432052612305,17.83629874765812,3,take_profit,LONG,LONG,0.5006923377513885,0.5007564425468445,0.5006282329559326,0.5007564425468445,0.3814999461174011,50.069233775138855,0.5086827874183655,2,False,True,True,52.0,True,0.4006071388721467,UNRANKED,,False,,,
2024-08-05,2024-08-06,2024-08-09,T,XLC,17.46126989793987,18.043622970581055,17.944580324924384,3,take_profit,LONG,LONG,0.5730974674224854,0.49573034048080444,0.6504645943641663,0.49573034048080444,0.24843746423721313,57.309746742248535,0.5086827874183655,1,True,True,False,52.0,True,0.8551396429538727,UNRANKED,,False,,,
2024-08-06,2024-08-07,2024-08-14,T,XLC,17.747826902475513,18.145301818847656,18.145301818847656,5,time_exit,LONG,LONG,0.5513463914394379,0.49573034048080444,0.6069624423980713,0.49573034048080444,0.22287802398204803,55.13463914394379,0.5086827874183655,1,True,True,False,52.0,True,0.5347781181335449,UNRANKED,,False,,,
2024-08-07,2024-08-08,2024-08-15,T,XLC,17.80328853376935,17.646146774291992,17.646146774291992,5,time_exit,LONG,LONG,0.5155110955238342,0.49573034048080444,0.535291850566864,0.49573034048080444,0.2295425832271576,51.55110955238342,0.5086827874183655,1,True,True,False,52.0,True,0.5751242041587828,UNRANKED,,False,,,
2024-08-08,2024-08-09,2024-08-16,T,XLC,17.923456979395247,17.87723731994629,17.87723731994629,5,time_exit,SHORT,SHORT,0.4864270091056824,0.49337857961654663,0.4794754385948181,0.49337857961654663,0.5597251057624817,51.35729908943176,0.5086827874183655,1,True,False,True,52.0,True,0.5181950032711029,UNRANKED,,False,,,
2024-08-09,2024-08-12,2024-08-19,T,XLC,18.06211287901141,18.015893936157227,18.015893936157227,5,time_exit,SHORT,SHORT,0.48755915462970734,0.49564287066459656,0.4794754385948181,0.49564287066459656,0.5570787787437439,51.244084537029266,0.5086827874183655,1,True,False,True,52.0,True,0.38731780648231506,UNRANKED,,False,,,
2024-08-12,2024-08-13,2024-08-20,T,XLC,17.951186027044184,18.015893936157227,18.015893936157227,5,time_exit,SHORT,SHORT,0.4874303638935089,0.49564287066459656,0.47921785712242126,0.49564287066459656,0.5573729276657104,51.25696361064911,0.5086827874183655,1,True,False,True,52.0,True,0.30812907218933105,UNRANKED,,False,,,
2024-08-13,2024-08-14,2024-08-15,T,XLC,18.00664728663638,18.06211280822754,17.71877388226975,1,stop_loss,LONG,LONG,0.5117180049419403,0.5015698075294495,0.5218662023544312,0.5015698075294495,0.40651291608810425,51.17180049419403,0.5197169780731201,2,False,True,True,52.0,True,0.36628380417823797,UNRANKED,,False,,,
2024-08-14,2024-08-15,2024-08-22,T,XLC,18.07135428061797,18.034378051757812,18.034378051757812,5,time_exit,LONG,LONG,0.5207535624504089,0.5015698075294495,0.5399373173713684,0.5015698075294495,0.39124009013175964,52.075356245040894,0.5197169780731201,1,True,True,False,52.0,True,0.4567038118839264,UNRANKED,,False,,,
2024-08-15,2024-08-16,2024-08-21,T,XLC,17.673877449003516,18.23773956298828,18.01985386981476,3,take_profit,LONG,LONG,0.5114129781723022,0.5015698075294495,0.521256148815155,0.5015698075294495,0.39909568428993225,51.141297817230225,0.5197169780731201,2,False,True,True,52.0,True,0.5222161710262299,UNRANKED,,False,,,
2024-08-16,2024-08-19,2024-08-26,T,XLC,17.88648325454344,18.265470504760742,18.250946788217405,5,take_profit,LONG,LONG,0.5196860134601593,0.5015698075294495,0.5378022193908691,0.5015698075294495,0.4581257998943329,51.96860134601593,0.5197169780731201,2,False,True,True,52.0,True,0.5305473506450654,UNRANKED,,False,,,
2024-08-19,2024-08-20,2024-08-27,T,XLC,17.98816232020214,18.163789749145508,18.163789749145508,5,time_exit,LONG,LONG,0.5127590596675873,0.5015698075294495,0.5239483118057251,0.5015698075294495,0.380951851606369,51.27590596675873,0.5197169780731201,2,False,True,True,52.0,True,0.25757128000259405,UNRANKED,,False,,,
2024-08-20,2024-08-21,2024-08-28,T,XLC,18.04362506475683,18.320932388305664,18.320932388305664,5,time_exit,SHORT,SHORT,0.4959452897310257,0.4991564154624939,0.4927341639995575,0.4991564154624939,0.4553493559360504,50.40547102689743,0.5197169780731201,2,False,True,True,52.0,True,0.37011513113975536,UNRANKED,,False,,,
2024-08-21,2024-08-22,2024-08-29,T,XLC,18.08059563929605,18.265470504760742,18.265470504760742,5,time_exit,SHORT,SHORT,0.47667641937732697,0.5015698075294495,0.45178303122520447,0.5015698075294495,0.6485956311225891,52.3323580622673,0.5197169780731201,1,True,False,True,52.0,True,0.20944115519523615,UNRANKED,,False,,,
2024-08-22,2024-08-23,2024-08-30,T,XLC,18.0621113039087,18.394882202148438,18.36847291105156,5,stop_loss,SHORT,SHORT,0.4850747585296631,0.5014287829399109,0.4687207341194153,0.5014287829399109,0.7121906876564026,51.49252414703369,0.5197169780731201,2,False,True,True,52.0,True,0.33794659376144415,UNRANKED,,False,,,
2024-08-23,2024-08-26,2024-09-03,T,XLC,18.265470504760742,18.884798049926758,18.540139607020787,5,stop_loss,SHORT,SHORT,0.4897942692041397,0.5182971358299255,0.4612914025783539,0.5182971358299255,0.5623219609260559,51.02057307958603,0.5197169780731201,2,False,True,True,52.0,True,0.12507730722427363,UNRANKED,,False,,,
2024-08-26,2024-08-27,2024-09-03,T,XLC,18.24698282195635,19.01420783996582,18.488638989122926,4,stop_loss,SHORT,SHORT,0.4613981992006302,0.49701881408691406,0.4257775843143463,0.49701881408691406,0.5441189408302307,53.86018007993698,0.5197169780731201,1,True,False,True,52.0,True,0.0845093727111815,UNRANKED,,False,,,
2024-08-27,2024-08-28,2024-09-03,T,XLC,18.191521722733206,19.08815574645996,18.43978031343145,3,stop_loss,SHORT,SHORT,0.44649724662303925,0.49701881408691406,0.39597567915916443,0.49701881408691406,0.5346845984458923,55.350275337696075,0.5197169780731201,1,True,False,True,52.0,True,0.06881591677665705,UNRANKED,,False,,,
2024-08-28,2024-08-29,2024-09-03,T,XLC,18.30244422417599,19.38395118713379,18.553343947773925,2,stop_loss,SHORT,SHORT,0.4507008194923401,0.4992290139198303,0.40217262506484985,0.4992290139198303,0.478568434715271,54.92991805076599,0.5197169780731201,1,True,False,True,52.0,True,0.14726024866104126,UNRANKED,,False,,,
2024-08-29,2024-08-30,2024-09-03,T,XLC,18.265471532283012,19.873865127563477,18.51240942029222,1,stop_loss,SHORT,SHORT,0.4883689284324646,0.4992290139198303,0.4775088429450989,0.4992290139198303,0.4629364311695099,51.16310715675354,0.5197169780731201,2,False,True,True,52.0,True,0.22244846820831293,UNRANKED,,False,,,
2024-08-30,2024-09-03,2024-09-04,T,XLC,18.422615040435016,20.067983627319336,18.68011718756462,1,take_profit,LONG,LONG,0.5048271715641022,0.4992290139198303,0.510425329208374,0.4992290139198303,0.3773508369922638,50.48271715641022,0.5197169780731201,2,False,True,True,52.0,True,0.2850155532360077,UNRANKED,,False,,,
2024-09-03,2024-09-04,2024-09-06,T,XLC,18.940258632425916,19.827651977539062,19.255864340956887,2,take_profit,LONG,LONG,0.5176587998867035,0.4992290139198303,0.5360885858535767,0.4992290139198303,0.3227519989013672,51.76587998867035,0.5197169780731201,2,False,True,True,52.0,True,0.5616633594036102,UNRANKED,,False,,,
2024-09-04,2024-09-05,2024-09-09,T,XLC,19.1436172075626,19.957059860229492,19.46318447920392,2,take_profit,LONG,LONG,0.5083839297294617,0.4992290139198303,0.517538845539093,0.4992290139198303,0.3640833795070648,50.83839297294617,0.5197169780731201,2,False,True,True,52.0,True,0.17574095726013184,UNRANKED,,False,,,
2024-09-05,2024-09-06,2024-09-09,T,XLC,19.088154398031364,20.003278732299805,19.346977792806754,1,stop_loss,SHORT,SHORT,0.4994913637638092,0.4992290139198303,0.4997537136077881,0.4992290139198303,0.42891281843185425,50.05086362361908,0.5197169780731201,2,False,True,True,52.0,True,0.23450699448585507,UNRANKED,,False,,,
2024-09-06,2024-09-09,2024-09-10,T,XLC,19.37470673854249,20.585630416870117,19.64277368974924,1,take_profit,LONG,LONG,0.5014996230602264,0.4992290139198303,0.5037702322006226,0.4992290139198303,0.269823282957077,50.149962306022644,0.5197169780731201,2,False,True,True,52.0,True,0.40236786007881165,UNRANKED,,False,,,
2024-09-09,2024-09-10,2024-09-16,T,XLC,19.827650035440442,20.1326904296875,20.14589660439273,4,stop_loss,SHORT,SHORT,0.4805944114923477,0.4992290139198303,0.4619598090648651,0.4992290139198303,0.4763637185096741,51.94055885076523,0.5197169780731201,2,False,True,True,52.0,True,-0.10851612687110893,UNRANKED,,False,,,
2024-09-10,2024-09-11,2024-09-16,T,XLC,19.984794272598332,20.086469650268555,20.330772055801457,3,stop_loss,SHORT,SHORT,0.48982182145118713,0.500354528427124,0.47928911447525024,0.500354528427124,0.4595034122467041,51.01781785488129,0.5197169780731201,2,False,True,True,52.0,True,-0.09757593274116522,UNRANKED,,False,,,
2024-09-11,2024-09-12,2024-09-16,T,XLC,19.716724515403374,19.74445915222168,20.09043269542221,2,take_profit,LONG,LONG,0.5077136158943176,0.500354528427124,0.5150727033615112,0.500354528427124,0.40874040126800537,50.77136158943176,0.5197169780731201,2,False,True,True,52.0,True,0.20824128389358518,UNRANKED,,False,,,
2024-09-12,2024-09-13,2024-09-16,T,XLC,19.938573397445932,19.91084098815918,20.326806309782008,1,stop_loss,SHORT,SHORT,0.49261607229709625,0.500354528427124,0.4848776161670685,0.500354528427124,0.4114406406879425,50.738392770290375,0.5197169780731201,2,False,True,True,52.0,True,0.31130585074424755,UNRANKED,,False,,,
2024-09-13,2024-09-16,2024-09-19,T,XLC,20.188152770730056,19.8646240234375,19.82236880684543,3,stop_loss,LONG,LONG,0.5052728652954102,0.500354528427124,0.5101912021636963,0.500354528427124,0.37173786759376526,50.527286529541016,0.5197169780731201,2,False,True,True,52.0,True,0.33673313260078436,UNRANKED,,False,,,
2024-09-16,2024-09-17,2024-09-19,T,XLC,20.400755630445655,19.957059860229492,19.955740131875622,2,take_profit,SHORT,SHORT,0.4752974361181259,0.500354528427124,0.4502403438091278,0.500354528427124,0.35072192549705505,52.47025638818741,0.5197169780731201,1,True,False,True,52.0,True,0.15652540326118466,UNRANKED,,False,,,
2024-09-17,2024-09-18,2024-09-25,T,XLC,20.188150458730746,19.92932891845703,19.92932891845703,5,time_exit,SHORT,SHORT,0.4901511073112488,0.500354528427124,0.47994768619537354,0.500354528427124,0.38831040263175964,50.98488926887512,0.5197169780731201,2,False,True,True,52.0,True,0.2539002597332002,UNRANKED,,False,,,
2024-09-18,2024-09-19,2024-09-26,T,XLC,20.01252438665779,20.012523651123047,20.012523651123047,5,time_exit,SHORT,SHORT,0.4507008194923401,0.4992290139198303,0.40217262506484985,0.4992290139198303,0.3383857011795044,54.92991805076599,0.5197169780731201,1,True,False,True,52.0,True,0.15684664249420166,UNRANKED,,False,,,
2024-09-19,2024-09-20,2024-09-27,T,XLC,19.688991635618112,20.24361228942871,20.20927656080645,5,stop_loss,SHORT,SHORT,0.494231179356575,0.4992290139198303,0.4892333447933197,0.4992290139198303,0.38693904876708984,50.5768820643425,0.5197169780731201,2,False,True,True,52.0,True,0.3461997210979463,UNRANKED,,False,,,
2024-09-20,2024-09-23,2024-09-30,T,XLC,19.91084337871943,20.336050033569336,20.336050033569336,5,time_exit,SHORT,SHORT,0.4808085560798645,0.4992290139198303,0.4623880982398987,0.4992290139198303,0.44082438945770264,51.91914439201355,0.5197169780731201,2,False,True,True,52.0,True,0.13590216636657726,UNRANKED,,False,,,
2024-09-23,2024-09-24,2024-09-27,T,XLC,19.762942105024997,20.45621681213379,20.225122923855213,3,stop_loss,SHORT,SHORT,0.486799031496048,0.498144268989563,0.47545379400253296,0.498144268989563,0.539139449596405,51.3200968503952,0.5197169780731201,2,False,True,True,52.0,True,0.17694166302680966,UNRANKED,,False,,,
2024-09-24,2024-09-25,2024-10-01,T,XLC,19.984792143572818,20.511682510375977,20.441690969082025,4,stop_loss,SHORT,SHORT,0.48721615970134735,0.498144268989563,0.4762880504131317,0.498144268989563,0.589827299118042,51.278384029865265,0.5197169780731201,2,False,True,True,52.0,True,0.15479782223701477,UNRANKED,,False,,,
2024-09-25,2024-09-26,2024-09-30,T,XLC,19.86462523140343,20.382266998291016,20.31492163338097,2,take_profit,LONG,LONG,0.5078627169132233,0.498144268989563,0.5175811648368835,0.498144268989563,0.42158156633377075,50.78627169132233,0.5197169780731201,2,False,True,True,52.0,True,0.32644614577293396,UNRANKED,,False,,,
2024-09-26,2024-09-27,2024-10-02,T,XLC,20.077226150002744,20.25286102294922,20.49715102226488,3,stop_loss,SHORT,SHORT,0.4913923144340515,0.49701881408691406,0.48576581478118896,0.49701881408691406,0.5678675770759583,50.86076855659485,0.5197169780731201,2,False,True,True,52.0,True,0.13608258962631223,UNRANKED,,False,,,
2024-09-27,2024-09-30,2024-10-07,T,XLC,20.336050033569336,20.1326904296875,20.1326904296875,5,time_exit,LONG,LONG,0.5086379051208496,0.4992290139198303,0.5180467963218689,0.4992290139198303,0.4122980535030365,50.86379051208496,0.5197169780731201,2,False,True,True,52.0,True,0.34504356980323786,UNRANKED,,False,,,
2024-09-30,2024-10-01,2024-10-08,T,XLC,20.271344687990304,20.206642150878906,20.206642150878906,5,time_exit,SHORT,SHORT,0.4975476562976837,0.4992290139198303,0.4958662986755371,0.4992290139198303,0.4872775673866272,50.24523437023163,0.5197169780731201,2,False,True,True,52.0,True,0.18720015883445743,UNRANKED,,False,,,
2024-10-01,2024-10-02,2024-10-09,T,XLC,20.382270068468312,20.271347045898438,20.271347045898438,5,time_exit,LONG,LONG,0.5081766843795776,0.4992290139198303,0.517124354839325,0.4992290139198303,0.4835037887096405,50.817668437957764,0.5197169780731201,2,False,True,True,52.0,True,0.34102642536163313,UNRANKED,,False,,,
2024-10-02,2024-10-03,2024-10-10,T,XLC,20.456216198347185,19.866891860961914,20.11552177085695,5,take_profit,SHORT,SHORT,0.4770118445158005,0.4992290139198303,0.45479467511177063,0.4992290139198303,0.6527843475341797,52.29881554841995,0.5197169780731201,1,True,False,True,52.0,True,0.3605441451072693,UNRANKED,,False,,,
2024-10-03,2024-10-04,2024-10-11,T,XLC,20.05874498906556,20.007328033447266,20.007328033447266,5,time_exit,SHORT,SHORT,0.49560651183128357,0.4992290139198303,0.4919840097427368,0.4992290139198303,0.5975871086120605,50.43934881687164,0.5197169780731201,2,False,True,True,52.0,True,0.14966732263565077,UNRANKED,,False,,,
2024-10-04,2024-10-07,2024-10-10,T,XLC,20.252857223871207,19.904340744018555,19.964984091982952,3,take_profit,SHORT,SHORT,0.4880727082490921,0.500354528427124,0.4757908880710602,0.500354528427124,0.6062542796134949,51.19272917509079,0.5197169780731201,2,False,True,True,52.0,True,-0.03544598817825321,UNRANKED,,False,,,
2024-10-07,2024-10-08,2024-10-10,T,XLC,20.262103619483234,20.138399124145508,20.021768972440825,2,take_profit,SHORT,SHORT,0.4914093613624573,0.4992290139198303,0.48358970880508423,0.4992290139198303,0.590404748916626,50.85906386375427,0.5197169780731201,2,False,True,True,52.0,True,0.1287861764430999,UNRANKED,,False,,,
2024-10-08,2024-10-09,2024-10-10,T,XLC,20.21588557851307,20.325647354125977,19.97158936836031,1,stop_loss,LONG,LONG,0.5081648826599121,0.500354528427124,0.5159752368927002,0.500354528427124,0.517419159412384,50.81648826599121,0.5197169780731201,2,False,True,True,52.0,True,0.3230936527252197,UNRANKED,,False,,,
2024-10-09,2024-10-10,2024-10-11,T,XLC,20.222661906748122,20.34437370300293,20.017980782742125,1,stop_loss,LONG,LONG,0.5018327832221985,0.500354528427124,0.503311038017273,0.500354528427124,0.5487026572227478,50.18327832221985,0.5197169780731201,2,False,True,True,52.0,True,0.2717441320419312,UNRANKED,,False,,,
2024-10-10,2024-10-11,2024-10-16,T,XLC,19.941790131597124,20.45671844482422,20.180481734031556,3,take_profit,LONG,LONG,0.5242988765239716,0.500354528427124,0.5482432246208191,0.500354528427124,0.45554491877555847,52.429887652397156,0.5197169780731201,1,True,True,False,52.0,True,0.2569795846939087,UNRANKED,,False,,,
2024-10-11,2024-10-14,2024-10-16,T,XLC,19.997964527926197,20.27883529663086,20.25011601718401,2,stop_loss,SHORT,SHORT,0.48380397260189056,0.500354528427124,0.4672534167766571,0.500354528427124,0.6118135452270508,51.619602739810944,0.5197169780731201,2,False,True,True,52.0,True,0.044009864330291776,UNRANKED,,False,,,
2024-10-14,2024-10-15,2024-10-16,T,XLC,20.02605022735332,20.129037857055664,20.279709066987806,1,stop_loss,SHORT,SHORT,0.4919227510690689,0.498144268989563,0.48570123314857483,0.498144268989563,0.5172101259231567,50.80772489309311,0.5197169780731201,2,False,True,True,52.0,True,0.15775927901268,UNRANKED,,False,,,
2024-10-15,2024-10-16,2024-10-18,T,XLC,20.147764109210637,21.055906295776367,20.43089829718148,2,stop_loss,SHORT,SHORT,0.4991786479949951,0.49701881408691406,0.5013384819030762,0.49701881408691406,0.44224175810813904,50.08213520050049,0.5197169780731201,2,False,True,True,52.0,True,0.15018698573112493,UNRANKED,,False,,,
2024-10-16,2024-10-17,2024-10-23,T,XLC,20.185213778726784,20.78440284729004,20.483212752028262,4,take_profit,LONG,LONG,0.5006358623504639,0.49701881408691406,0.5042529106140137,0.49701881408691406,0.41578924655914307,50.06358623504639,0.5197169780731201,2,False,True,True,52.0,True,0.16613468527793898,UNRANKED,,False,,,
2024-10-17,2024-10-18,2024-10-23,T,XLC,20.34436955061449,20.43799591064453,20.612031053997583,3,stop_loss,SHORT,SHORT,0.4754374176263809,0.49701881408691406,0.4538560211658478,0.49701881408691406,0.6273381114006042,52.45625823736191,0.5197169780731201,1,True,False,True,52.0,True,0.07277113199234,UNRANKED,,False,,,
2024-10-18,2024-10-21,2024-10-22,T,XLC,20.484806204863375,20.70013999938965,20.21430084466876,1,take_profit,SHORT,SHORT,0.49556609988212585,0.4992290139198303,0.4919031858444214,0.4992290139198303,0.4811227023601532,50.443390011787415,0.5197169780731201,2,False,True,True,52.0,True,0.08543720841407768,UNRANKED,,False,,,
2024-10-21,2024-10-22,2024-10-23,T,XLC,19.89497927732246,20.765676498413086,20.173729833178346,1,stop_loss,SHORT,SHORT,0.4894142299890518,0.498144268989563,0.48068419098854065,0.498144268989563,0.572602391242981,51.05857700109482,0.5197169780731201,2,False,True,True,52.0,True,0.08014455437660215,UNRANKED,,False,,,
2024-10-22,2024-10-23,2024-10-24,T,XLC,19.885613581788853,20.615880966186523,20.17784010069231,1,take_profit,LONG,LONG,0.5344167947769165,0.498144268989563,0.57068932056427,0.498144268989563,0.4460577368736267,53.44167947769165,0.5197169780731201,1,True,True,False,52.0,True,0.4707295894622802,UNRANKED,,False,,,
2024-10-23,2024-10-24,2024-10-25,T,XLC,20.97164864191794,21.102724075317383,20.565500276352232,1,stop_loss,LONG,LONG,0.5108018815517426,0.500354528427124,0.5212492346763611,0.500354528427124,0.5378540754318237,51.080188155174255,0.5197169780731201,2,False,True,True,52.0,True,0.7556155323982239,UNRANKED,,False,,,
2024-10-24,2024-10-25,2024-11-01,T,XLC,20.878025414900897,20.709505081176758,20.709505081176758,5,time_exit,LONG,LONG,0.5047203004360199,0.500354528427124,0.5090860724449158,0.500354528427124,0.49123069643974304,50.47203004360199,0.5197169780731201,2,False,True,True,52.0,True,0.3948144614696504,UNRANKED,,False,,,
2024-10-25,2024-10-28,2024-10-31,T,XLC,20.522254990507736,20.522258758544922,20.981022472720348,3,take_profit,LONG,LONG,0.5023971498012543,0.498144268989563,0.5066500306129456,0.498144268989563,0.318516343832016,50.23971498012543,0.5197169780731201,2,False,True,True,52.0,True,0.42254275083541865,UNRANKED,,False,,,
2024-10-28,2024-10-29,2024-10-31,T,XLC,20.587791486218315,20.643966674804688,21.07344359236717,2,stop_loss,SHORT,SHORT,0.4921220988035202,0.498144268989563,0.4860999286174774,0.498144268989563,0.5117254257202148,50.78779011964798,0.5197169780731201,2,False,True,True,52.0,True,0.15248292684555045,UNRANKED,,False,,,
2024-10-29,2024-10-30,2024-11-06,T,XLC,20.718865531145685,20.896751403808594,20.896751403808594,5,time_exit,SHORT,SHORT,0.4898691773414612,0.498144268989563,0.4815940856933594,0.498144268989563,0.48609209060668945,51.01308226585388,0.5197169780731201,2,False,True,True,52.0,True,0.1941008865833282,UNRANKED,,False,,,
2024-10-30,2024-10-31,2024-11-07,T,XLC,20.65333020952717,20.634605407714844,20.634605407714844,5,time_exit,LONG,LONG,0.5233890414237976,0.498144268989563,0.5486338138580322,0.498144268989563,0.27351778745651245,52.33890414237976,0.5197169780731201,1,True,True,False,52.0,True,0.4007058143615723,UNRANKED,,False,,,
2024-10-31,2024-11-01,2024-11-04,T,XLC,21.09336103059439,20.915477752685547,20.594483369025614,1,stop_loss,LONG,LONG,0.5075831115245819,0.5030046105384827,0.5121616125106812,0.5030046105384827,0.416380912065506,50.75831115245819,0.5197169780731201,2,False,True,True,52.0,True,0.3713807761669159,UNRANKED,,False,,,
2024-11-01,2024-11-04,2024-11-11,T,XLC,20.72822969009824,20.887388229370117,20.887388229370117,5,time_exit,LONG,LONG,0.501416951417923,0.5030046105384827,0.4998292922973633,0.5030046105384827,0.42229533195495605,50.1416951417923,0.5197169780731201,2,False,True,True,52.0,True,0.2163920104503631,UNRANKED,,False,,,
2024-11-04,2024-11-05,2024-11-12,T,XLC,20.50353187964298,20.73758888244629,20.73758888244629,5,time_exit,LONG,LONG,0.501416951417923,0.5030046105384827,0.4998292922973633,0.5030046105384827,0.4128361642360687,50.1416951417923,0.5197169780731201,2,False,True,True,52.0,True,0.1979711055755615,UNRANKED,,False,,,
2024-11-05,2024-11-06,2024-11-13,T,XLC,20.70014303807147,20.87802505493164,20.87802505493164,5,time_exit,SHORT,SHORT,0.4780546724796295,0.4992290139198303,0.4568803310394287,0.4992290139198303,0.411039799451828,52.19453275203705,0.5197169780731201,1,True,False,True,52.0,True,0.06758967041969305,UNRANKED,,False,,,
2024-11-06,2024-11-07,2024-11-14,T,XLC,20.9622859933224,20.831214904785156,20.831214904785156,5,time_exit,LONG,LONG,0.5257036089897156,0.4992290139198303,0.5521782040596008,0.4992290139198303,0.30230554938316345,52.57036089897156,0.5197169780731201,1,True,True,False,52.0,True,0.23644214868545527,UNRANKED,,False,,,
2024-11-07,2024-11-08,2024-11-15,T,XLC,20.64396890507849,21.233795166015625,21.22309499063234,5,take_profit,LONG,LONG,0.5164197683334351,0.500354528427124,0.5324850082397461,0.500354528427124,0.2977110743522644,51.641976833343506,0.5197169780731201,2,False,True,True,52.0,True,0.26150038838386547,UNRANKED,,False,,,
2024-11-08,2024-11-11,2024-11-18,T,XLC,20.85930234122218,21.524024963378906,21.453141169172792,5,stop_loss,SHORT,SHORT,0.48497407138347626,0.500354528427124,0.4695936143398285,0.500354528427124,0.4986899197101593,51.502592861652374,0.5197169780731201,2,False,True,True,52.0,True,0.005215436220168922,UNRANKED,,False,,,
2024-11-11,2024-11-12,2024-11-18,T,XLC,20.79376243907419,21.280607223510742,21.370214421844835,4,stop_loss,SHORT,SHORT,0.48329219222068787,0.5017839670181274,0.4648004174232483,0.5017839670181274,0.5434933304786682,51.67078077793121,0.5197169780731201,2,False,True,True,52.0,True,0.03820627927780158,UNRANKED,,False,,,
2024-11-12,2024-11-13,2024-11-15,T,XLC,20.756315376525258,21.374231338500977,21.22175748903921,2,take_profit,LONG,LONG,0.5165625214576721,0.5014287829399109,0.5316962599754333,0.5014287829399109,0.37903687357902527,51.65625214576721,0.5197169780731201,2,False,True,True,52.0,True,0.3416385352611542,UNRANKED,,False,,,
2024-11-13,2024-11-14,2024-11-18,T,XLC,20.87802590938217,21.514663696289062,21.324744125324553,2,stop_loss,SHORT,SHORT,0.4863249808549881,0.5014287829399109,0.4712211787700653,0.5014287829399109,0.5275589227676392,51.36750191450119,0.5197169780731201,2,False,True,True,52.0,True,0.13438895344734195,UNRANKED,,False,,,
2024-11-14,2024-11-15,2024-11-18,T,XLC,20.821851555459993,21.70191192626953,21.225770230473945,1,take_profit,LONG,LONG,0.5065429508686066,0.5013860464096069,0.5116998553276062,0.5013860464096069,0.46686437726020813,50.65429508686066,0.5197169780731201,2,False,True,True,52.0,True,0.23634627461433408,UNRANKED,,False,,,
2024-11-15,2024-11-18,2024-11-25,T,XLC,21.33677918681339,21.62701416015625,21.62701416015625,5,time_exit,LONG,LONG,0.5123413503170013,0.5013860464096069,0.5232966542243958,0.5013860464096069,0.46703410148620605,51.234135031700134,0.5197169780731201,2,False,True,True,52.0,True,0.46527302265167236,UNRANKED,,False,,,
2024-11-18,2024-11-19,2024-11-26,T,XLC,21.421042024650433,21.61764907836914,21.61764907836914,5,time_exit,SHORT,SHORT,0.4990888833999634,0.5014287829399109,0.49674898386001587,0.5014287829399109,0.4839116930961609,50.09111166000366,0.5197169780731201,2,False,True,True,52.0,True,0.23304024338722235,UNRANKED,,False,,,
2024-11-19,2024-11-20,2024-11-27,T,XLC,21.346143663563705,21.786174774169922,21.786174774169922,5,time_exit,SHORT,SHORT,0.4924679398536682,0.5016430020332336,0.4832928776741028,0.5016430020332336,0.5922650098800659,50.75320601463318,0.5197169780731201,2,False,True,True,52.0,True,0.13449972867965715,UNRANKED,,False,,,
2024-11-20,2024-11-21,2024-11-27,T,XLC,21.34614123727123,21.68318748474121,21.759421724331776,4,stop_loss,SHORT,SHORT,0.4958641082048416,0.4991564154624939,0.49257180094718933,0.4991564154624939,0.4989529252052307,50.41358917951584,0.5197169780731201,2,False,True,True,52.0,True,0.16217070817947402,UNRANKED,,False,,,
2024-11-21,2024-11-22,2024-12-02,T,XLC,21.580200464085994,21.252517700195312,21.252517700195312,5,time_exit,SHORT,SHORT,0.47300830483436584,0.4992290139198303,0.44678759574890137,0.4992290139198303,0.35705649852752686,52.699169516563416,0.5197169780731201,1,True,False,True,52.0,True,0.16831347346305858,UNRANKED,,False,,,
2024-11-22,2024-11-25,2024-12-02,T,XLC,21.673825164054453,22.2262020111084,21.296656781137322,4,take_profit,SHORT,SHORT,0.48430295288562775,0.4992290139198303,0.46937689185142517,0.4992290139198303,0.2956283390522003,51.569704711437225,0.5197169780731201,2,False,True,True,52.0,True,0.01921814680099481,UNRANKED,,False,,,
2024-11-25,2024-11-26,2024-12-03,T,XLC,21.477214297344972,22.029590606689453,21.84769551595546,4,take_profit,LONG,LONG,0.5051981806755066,0.4992290139198303,0.5111673474311829,0.4992290139198303,0.2368791550397873,50.51981806755066,0.5197169780731201,2,False,True,True,52.0,True,0.27886733412742626,UNRANKED,,False,,,
2024-11-26,2024-11-27,2024-12-02,T,XLC,21.72063865231436,22.310462951660156,21.384931669020553,2,stop_loss,LONG,LONG,0.5265835523605347,0.4992290139198303,0.553938090801239,0.4992290139198303,0.22897787392139435,52.65835523605347,0.5197169780731201,1,True,True,False,52.0,True,0.3591129779815673,UNRANKED,,False,,,
2024-11-27,2024-11-29,2024-12-02,T,XLC,21.786173835060872,22.35727310180664,21.463841180380346,1,stop_loss,LONG,LONG,0.5106803476810455,0.4992290139198303,0.5221316814422607,0.4992290139198303,0.25585848093032837,51.06803476810455,0.5197169780731201,2,False,True,True,52.0,True,0.36192601919174194,UNRANKED,,False,,,
2024-11-29,2024-12-02,2024-12-03,T,XLC,21.67382203156456,21.879798889160156,21.97074253545337,1,take_profit,LONG,LONG,0.5298484861850739,0.4992290139198303,0.5604679584503174,0.4992290139198303,0.35388192534446716,52.984848618507385,0.5197169780731201,1,True,True,False,52.0,True,0.3242126405239105,UNRANKED,,False,,,
2024-12-02,2024-12-03,2024-12-05,T,XLC,21.917244764324245,22.0108699798584,22.271676734103124,2,take_profit,LONG,LONG,0.515509694814682,0.500354528427124,0.53066486120224,0.500354528427124,0.39160242676734924,51.5509694814682,0.5197169780731201,2,False,True,True,52.0,True,0.19584551453590404,UNRANKED,,False,,,
2024-12-03,2024-12-04,2024-12-11,T,XLC,22.16066281872266,21.98278045654297,21.98278045654297,5,time_exit,LONG,LONG,0.5380164980888367,0.500354528427124,0.5756784677505493,0.500354528427124,0.44275808334350586,53.80164980888367,0.5197169780731201,1,True,True,False,52.0,True,0.5775389671325684,UNRANKED,,False,,,
2024-12-04,2024-12-05,2024-12-12,T,XLC,22.104492051714693,21.87043571472168,21.87043571472168,5,time_exit,LONG,LONG,0.515212893486023,0.500354528427124,0.5300712585449219,0.500354528427124,0.40753549337387085,51.521289348602295,0.5197169780731201,2,False,True,True,52.0,True,0.5911376476287841,UNRANKED,,False,,,
2024-12-05,2024-12-06,2024-12-13,T,XLC,22.310462103601868,22.123214721679688,22.123214721679688,5,time_exit,LONG,LONG,0.5428258180618286,0.500354528427124,0.5852971076965332,0.500354528427124,0.4050062596797943,54.28258180618286,0.5197169780731201,1,True,True,False,52.0,True,0.5631279051303864,UNRANKED,,False,,,
2024-12-06,2024-12-09,2024-12-12,T,XLC,22.376001982274655,21.383590698242188,21.913233972543907,3,stop_loss,LONG,LONG,0.5271328091621399,0.498144268989563,0.5561213493347168,0.498144268989563,0.36436113715171814,52.71328091621399,0.5197169780731201,1,True,True,False,52.0,True,0.6848332583904265,UNRANKED,,False,,,
2024-12-09,2024-12-10,2024-12-16,T,XLC,21.91724618687509,21.374231338500977,21.427728974961028,4,stop_loss,LONG,LONG,0.5319817066192627,0.498144268989563,0.5658191442489624,0.498144268989563,0.4956037104129791,53.19817066192627,0.5197169780731201,1,True,True,False,52.0,True,0.6966329514980316,UNRANKED,,False,,,
2024-12-10,2024-12-11,2024-12-16,T,XLC,21.935969456852806,21.046546936035156,21.46250176624873,3,stop_loss,LONG,LONG,0.5368369817733765,0.498144268989563,0.5755296945571899,0.498144268989563,0.3326358199119568,53.68369817733765,0.5197169780731201,1,True,True,False,52.0,True,0.7131365239620209,UNRANKED,,False,,,
2024-12-11,2024-12-12,2024-12-16,T,XLC,22.076406635710022,21.130809783935547,21.61230102963092,2,stop_loss,LONG,LONG,0.5246174931526184,0.498144268989563,0.5510907173156738,0.498144268989563,0.37959346175193787,52.46174931526184,0.5197169780731201,1,True,True,False,52.0,True,0.6146968305110931,UNRANKED,,False,,,
2024-12-12,2024-12-13,2024-12-16,T,XLC,21.879795386138383,21.299331665039062,21.419702296625967,1,stop_loss,LONG,LONG,0.5175770223140717,0.498144268989563,0.5370097756385803,0.498144268989563,0.5207085609436035,51.757702231407166,0.5197169780731201,2,False,True,True,52.0,True,0.43848991394042963,UNRANKED,,False,,,
2024-12-13,2024-12-16,2024-12-17,T,XLC,22.198113506606695,21.383590698242188,21.72865887752606,1,stop_loss,LONG,LONG,0.5136371850967407,0.5041300654411316,0.5231443047523499,0.5041300654411316,0.482516884803772,51.36371850967407,0.5197169780731201,2,False,True,True,52.0,True,0.3670111298561095,UNRANKED,,False,,,
2024-12-16,2024-12-17,2024-12-24,T,XLC,21.346143663563705,21.486576080322266,21.486576080322266,5,time_exit,LONG,LONG,0.5188368409872055,0.4995933473110199,0.5380803346633911,0.4995933473110199,0.5728522539138794,51.88368409872055,0.5197169780731201,2,False,True,True,52.0,True,0.42836505174636846,UNRANKED,,False,,,
2024-12-17,2024-12-18,2024-12-26,T,XLC,21.346141630598254,21.495941162109375,21.495941162109375,5,time_exit,LONG,LONG,0.5470232218503952,0.4995933473110199,0.5944530963897705,0.4995933473110199,0.5876697301864624,54.70232218503952,0.5197169780731201,1,True,True,False,52.0,True,0.4787644147872925,UNRANKED,,False,,,
2024-12-18,2024-12-19,2024-12-27,T,XLC,21.074636220838116,21.40231704711914,21.40231704711914,5,time_exit,LONG,LONG,0.5689404904842377,0.5155252814292908,0.6223556995391846,0.5155252814292908,0.5750600695610046,56.89404904842377,0.5197169780731201,1,True,True,False,52.0,True,0.3538925349712371,UNRANKED,,False,,,
2024-12-19,2024-12-20,2024-12-30,T,XLC,21.14953431047264,21.16826057434082,21.16826057434082,5,time_exit,LONG,LONG,0.5347338318824768,0.5155252814292908,0.5539423823356628,0.5155252814292908,0.5874737501144409,53.47338318824768,0.5197169780731201,1,True,True,False,52.0,True,0.6223071813583374,UNRANKED,,False,,,
2024-12-20,2024-12-23,2024-12-31,T,XLC,21.224430802189044,21.318056106567383,21.318056106567383,5,time_exit,LONG,LONG,0.5401208698749542,0.5015698075294495,0.578671932220459,0.5015698075294495,0.5554611086845398,54.01208698749542,0.5197169780731201,1,True,True,False,52.0,True,0.9290528893470764,UNRANKED,,False,,,
2024-12-23,2024-12-24,2025-01-02,T,XLC,21.38358974460861,21.374231338500977,21.374231338500977,5,time_exit,LONG,LONG,0.5647592544555664,0.5015698075294495,0.6279487013816833,0.5015698075294495,0.489925354719162,56.47592544555664,0.5197169780731201,1,True,True,False,52.0,True,0.7660953700542451,UNRANKED,,False,,,
2024-12-24,2024-12-26,2025-01-03,T,XLC,21.467855272718516,21.22443199157715,21.22443199157715,5,time_exit,LONG,LONG,0.5478160381317139,0.5015698075294495,0.5940622687339783,0.5015698075294495,0.49625810980796814,54.78160381317139,0.5197169780731201,1,True,True,False,52.0,True,0.6376526951789857,UNRANKED,,False,,,
2024-12-26,2024-12-27,2025-01-06,T,XLC,21.421040376298393,21.15889549255371,21.15889549255371,5,time_exit,LONG,LONG,0.549454003572464,0.5015698075294495,0.5973381996154785,0.5015698075294495,0.5807881355285645,54.9454003572464,0.5197169780731201,1,True,True,False,52.0,True,0.6174379289150238,UNRANKED,,False,,,
2024-12-27,2024-12-30,2025-01-07,T,XLC,21.327420495415765,20.78440284729004,20.952928395108845,5,stop_loss,LONG,LONG,0.5326052010059357,0.4991564154624939,0.5660539865493774,0.4991564154624939,0.694756031036377,53.26052010059357,0.5197169780731201,1,True,True,False,52.0,True,0.5627845525741578,UNRANKED,,False,,,
2024-12-30,2024-12-31,2025-01-07,T,XLC,21.17762131431854,20.765676498413086,20.837903176849927,4,take_profit,SHORT,SHORT,0.44275082647800446,0.5013860464096069,0.384115606546402,0.5013860464096069,0.6439706683158875,55.724917352199554,0.5197169780731201,1,True,False,True,52.0,True,0.566941261291504,UNRANKED,,False,,,
2024-12-31,2025-01-02,2025-01-07,T,XLC,21.374231338500977,20.564678192138672,21.031838280814036,3,stop_loss,LONG,LONG,0.5307568907737732,0.5016430020332336,0.5598707795143127,0.5016430020332336,0.496396541595459,53.07568907737732,0.5197169780731201,1,True,True,False,52.0,True,0.46218246221542364,UNRANKED,,False,,,
2025-01-02,2025-01-03,2025-01-07,T,XLC,21.43976545544394,20.441417694091797,21.093360153668687,2,stop_loss,LONG,LONG,0.5019762217998505,0.5027239918708801,0.5012284517288208,0.5027239918708801,0.5434077978134155,50.197622179985046,0.5197169780731201,2,False,True,True,52.0,True,0.3167725205421448,UNRANKED,,False,,,
2025-01-03,2025-01-06,2025-01-07,T,XLC,21.308692837380004,20.66896629333496,20.95693687773296,1,stop_loss,LONG,LONG,0.509727954864502,0.5064432621002197,0.5130126476287842,0.5064432621002197,0.3921401798725128,50.972795486450195,0.5197169780731201,2,False,True,True,52.0,True,0.19624531269073478,UNRANKED,,False,,,
2025-01-06,2025-01-07,2025-01-08,T,XLC,21.102722662455268,20.77326202392578,20.777715632513164,1,take_profit,SHORT,SHORT,0.49799662828445435,0.500354528427124,0.49563872814178467,0.500354528427124,0.5030368566513062,50.200337171554565,0.5197169780731201,2,False,True,True,52.0,True,0.07586070895195017,UNRANKED,,False,,,
2025-01-07,2025-01-08,2025-01-13,T,XLC,20.718863713243323,20.87755584716797,20.446018308754624,2,stop_loss,LONG,LONG,0.5124514102935791,0.4984678626060486,0.5264349579811096,0.4984678626060486,0.48419636487960815,51.24514102935791,0.5197169780731201,2,False,True,True,52.0,True,0.1403397023677826,UNRANKED,,False,,,
2025-01-08,2025-01-10,2025-01-13,T,XLC,20.744819294905515,21.133546829223633,20.470635749111707,1,stop_loss,LONG,LONG,0.5049611330032349,0.500354528427124,0.5095677375793457,0.500354528427124,0.44026729464530945,50.496113300323486,0.5197169780731201,2,False,True,True,52.0,True,0.17964705824851995,UNRANKED,,False,,,
2025-01-10,2025-01-13,2025-01-15,T,XLC,20.50778564565975,21.32316780090332,20.763871177711927,2,take_profit,LONG,LONG,0.5329259932041168,0.5041300654411316,0.561721920967102,0.5041300654411316,0.582290768623352,53.29259932041168,0.5197169780731201,1,True,True,False,52.0,True,0.2966734468936919,UNRANKED,,False,,,
2025-01-13,2025-01-14,2025-01-15,T,XLC,20.40349447984868,21.161989212036133,20.665151104778925,1,take_profit,LONG,LONG,0.52789506316185,0.4992290139198303,0.5565611124038696,0.4992290139198303,0.31293413043022156,52.789506316185,0.5197169780731201,1,True,True,False,52.0,True,0.2866587042808533,UNRANKED,,False,,,
2025-01-14,2025-01-15,2025-01-17,T,XLC,20.8396299843231,21.361095428466797,21.10971899755901,2,take_profit,LONG,LONG,0.5284650027751923,0.4992290139198303,0.5577009916305542,0.4992290139198303,0.2297336906194687,52.846500277519226,0.5197169780731201,1,True,True,False,52.0,True,0.22394457459449774,UNRANKED,,False,,,
2025-01-15,2025-01-16,2025-01-17,T,XLC,20.85859305583057,21.541234970092773,21.13154445440758,1,take_profit,LONG,LONG,0.5487029850482941,0.4992290139198303,0.5981769561767578,0.4992290139198303,0.320978581905365,54.87029850482941,0.5197169780731201,1,True,True,False,52.0,True,0.4356998503208161,UNRANKED,,False,,,
2025-01-16,2025-01-17,2025-01-21,T,XLC,20.94392254407984,22.88756561279297,21.217060862822866,1,take_profit,LONG,LONG,0.5388187170028687,0.4992290139198303,0.578408420085907,0.4992290139198303,0.2588903307914734,53.881871700286865,0.5197169780731201,1,True,True,False,52.0,True,0.3542059659957885,UNRANKED,,False,,,
2025-01-17,2025-01-21,2025-01-24,T,XLC,21.057694182118418,23.13407325744629,21.36606477232838,3,take_profit,LONG,LONG,0.5192145109176636,0.4992290139198303,0.5392000079154968,0.4992290139198303,0.23999270796775818,51.92145109176636,0.5197169780731201,2,False,True,True,52.0,True,0.21513205766677856,UNRANKED,,False,,,
2025-01-21,2025-01-22,2025-01-24,T,XLC,21.21887577423869,22.97289276123047,21.540960201118573,2,take_profit,LONG,LONG,0.526618629693985,0.4992290139198303,0.5540082454681396,0.4992290139198303,0.3186594843864441,52.6618629693985,0.5197169780731201,1,True,True,False,52.0,True,0.27137333154678356,UNRANKED,,False,,,
2025-01-22,2025-01-23,2025-01-24,T,XLC,21.180952533847616,22.77379035949707,21.49262583445448,1,take_profit,LONG,LONG,0.5202876627445221,0.500354528427124,0.5402207970619202,0.500354528427124,0.4304135739803314,52.02876627445221,0.5197169780731201,1,True,True,False,52.0,True,0.28670537471771235,UNRANKED,,False,,,
2025-01-23,2025-01-24,2025-01-27,T,XLC,21.380054877704783,22.498836517333984,21.698772561769374,1,take_profit,LONG,LONG,0.5106731653213501,0.500354528427124,0.5209918022155762,0.500354528427124,0.4153454899787903,51.06731653213501,0.5197169780731201,2,False,True,True,52.0,True,0.12143629789352411,UNRANKED,,False,,,
2025-01-24,2025-01-27,2025-01-28,T,XLC,22.280770733212012,22.991859436035156,22.617197604375516,1,take_profit,LONG,LONG,0.5167374908924103,0.500354528427124,0.5331204533576965,0.500354528427124,0.3737300932407379,51.67374908924103,0.5197169780731201,2,False,True,True,52.0,True,0.20149490237236023,UNRANKED,,False,,,
2025-01-27,2025-01-28,2025-02-04,T,XLC,22.811713070541295,22.991859436035156,22.991859436035156,5,time_exit,LONG,LONG,0.5189060866832733,0.4992290139198303,0.5385831594467163,0.4992290139198303,0.2803226113319397,51.89060866832733,0.5197169780731201,2,False,True,True,52.0,True,0.3780085146427154,UNRANKED,,False,,,
2025-01-28,2025-01-29,2025-01-30,T,XLC,23.427988849450085,23.200441360473633,22.894775915228543,1,stop_loss,LONG,LONG,0.5243896842002869,0.500354528427124,0.5484248399734497,0.500354528427124,0.36280006170272827,52.43896842002869,0.5197169780731201,1,True,True,False,52.0,True,0.2962707281112671,UNRANKED,,False,,,
2025-01-29,2025-01-30,2025-02-06,T,XLC,22.916007670126174,23.181482315063477,23.181482315063477,5,time_exit,LONG,LONG,0.5171405076980591,0.4992290139198303,0.5350520014762878,0.4992290139198303,0.359325647354126,51.71405076980591,0.5197169780731201,2,False,True,True,52.0,True,0.43864890933036804,UNRANKED,,False,,,
2025-01-30,2025-01-31,2025-02-07,T,XLC,22.764310170730642,23.26681137084961,23.26681137084961,5,time_exit,LONG,LONG,0.5166265964508057,0.4992290139198303,0.534024178981781,0.4992290139198303,0.24891526997089386,51.662659645080566,0.5197169780731201,2,False,True,True,52.0,True,0.4822010397911074,UNRANKED,,False,,,
2025-01-31,2025-02-03,2025-02-05,T,XLC,22.46091391004744,23.570209503173828,22.999986764225735,2,take_profit,LONG,LONG,0.5145723223686218,0.4992290139198303,0.5299156308174133,0.4992290139198303,0.34405726194381714,51.45723223686218,0.5197169780731201,2,False,True,True,52.0,True,0.35517624020576466,UNRANKED,,False,,,
2025-02-03,2025-02-04,2025-02-10,T,XLC,22.953933851411758,23.84516143798828,23.545829908540664,4,take_profit,LONG,LONG,0.5361435115337372,0.500354528427124,0.5719324946403503,0.500354528427124,0.45312073826789856,53.61435115337372,0.5197169780731201,1,True,True,False,52.0,True,0.49430710077285767,UNRANKED,,False,,,
2025-02-04,2025-02-05,2025-02-11,T,XLC,23.190959965693303,24.044267654418945,23.750349080073185,4,take_profit,LONG,LONG,0.504561573266983,0.4992290139198303,0.5098941326141357,0.4992290139198303,0.3788597583770752,50.4561573266983,0.5197169780731201,2,False,True,True,52.0,True,0.258911669254303,UNRANKED,,False,,,
2025-02-05,2025-02-06,2025-02-11,T,XLC,23.228887484532535,24.30025863647461,23.80317462660494,3,take_profit,LONG,LONG,0.5010313093662262,0.500354528427124,0.5017080903053284,0.500354528427124,0.3531256318092346,50.10313093662262,0.5197169780731201,2,False,True,True,52.0,True,0.13013103604316714,UNRANKED,,False,,,
2025-02-06,2025-02-07,2025-02-11,T,XLC,23.181480625312222,24.527809143066406,23.743577084837195,2,take_profit,LONG,LONG,0.5186246633529663,0.5014287829399109,0.5358205437660217,0.5014287829399109,0.3994961678981781,51.86246633529663,0.5197169780731201,2,False,True,True,52.0,True,0.1867491900920867,UNRANKED,,False,,,
2025-02-07,2025-02-10,2025-02-12,T,XLC,23.333180048985486,24.717432022094727,23.8708962333291,2,stop_loss,SHORT,SHORT,0.4933556765317917,0.5013860464096069,0.48532530665397644,0.5013860464096069,0.44138598442077637,50.66443234682083,0.5197169780731201,2,False,True,True,52.0,True,0.1652365922927856,UNRANKED,,False,,,
2025-02-10,2025-02-11,2025-02-13,T,XLC,23.60813199663971,24.878612518310547,24.162102061075394,2,take_profit,LONG,LONG,0.5200461447238922,0.5014287829399109,0.5386635065078735,0.5014287829399109,0.3790985643863678,52.00461447238922,0.5197169780731201,1,True,True,False,52.0,True,0.2927191853523254,UNRANKED,,False,,,
2025-02-11,2025-02-12,2025-02-14,T,XLC,23.845161978806956,24.79327964782715,24.415385378377966,2,stop_loss,SHORT,SHORT,0.48844312131404877,0.5014287829399109,0.47545745968818665,0.5014287829399109,0.5647540092468262,51.15568786859512,0.5197169780731201,2,False,True,True,52.0,True,0.05826631188392628,UNRANKED,,False,,,
2025-02-12,2025-02-13,2025-02-19,T,XLC,24.14855993178396,25.23889923095703,24.71878333135497,3,take_profit,LONG,LONG,0.5130949020385742,0.5013860464096069,0.5248037576675415,0.5013860464096069,0.3171069025993347,51.30949020385742,0.5197169780731201,2,False,True,True,52.0,True,0.5222260355949402,UNRANKED,,False,,,
2025-02-13,2025-02-14,2025-02-21,T,XLC,24.338184853050652,25.35266876220703,24.919244172683047,4,stop_loss,SHORT,SHORT,0.48888246715068817,0.48847395181655884,0.4892909824848175,0.4710936770337162,0.3336833417415619,51.11175328493118,0.5076256990432739,1,True,False,True,52.5,True,0.21948102116584783,UNRANKED,,False,,,
2025-02-14,2025-02-18,2025-02-19,T,XLC,24.37610901793512,25.2673397064209,24.797342603837745,1,stop_loss,SHORT,SHORT,0.4931550770998001,0.4819680154323578,0.5043421387672424,0.4598190526875997,0.3535575866699219,50.68449229001999,0.5076256990432739,2,False,True,True,52.5,True,0.25512057542800903,UNRANKED,,False,,,
2025-02-18,2025-02-19,2025-02-24,T,XLC,24.85964972702886,25.191492080688477,25.272756917842198,3,stop_loss,SHORT,SHORT,0.49182531237602234,0.486368864774704,0.4972817599773407,0.4710936770337162,0.39248621463775635,50.817468762397766,0.5076256990432739,1,True,False,True,52.5,True,0.21855831146240234,UNRANKED,,False,,,
2025-02-19,2025-02-20,2025-02-24,T,XLC,24.840686621981355,25.504369735717773,25.253793812794694,2,stop_loss,SHORT,SHORT,0.49462395906448364,0.4878641963005066,0.5013837218284607,0.4710936770337162,0.41286665201187134,50.537604093551636,0.5076256990432739,2,False,True,True,52.5,True,0.2159023582935334,UNRANKED,,False,,,
2025-02-20,2025-02-21,2025-02-24,T,XLC,24.726914698201785,25.987911224365234,25.12376909883655,1,take_profit,LONG,LONG,0.5012014657258987,0.5051211714744568,0.4972817599773407,0.4710936770337162,0.44173428416252136,50.120146572589874,0.5076256990432739,2,False,True,True,52.5,True,0.24703159928321852,UNRANKED,,False,,,
2025-02-21,2025-02-24,2025-02-28,T,XLC,25.238895643361342,26.28182601928711,25.66013086413422,4,stop_loss,SHORT,SHORT,0.4955303966999054,0.49084603786468506,0.5002147555351257,0.4710936770337162,0.5541088581085205,50.44696033000946,0.5076256990432739,2,False,True,True,52.5,True,0.28572994470596313,UNRANKED,,False,,,
2025-02-24,2025-02-25,2025-02-28,T,XLC,25.47592678555421,24.859649658203125,25.842982950976925,3,take_profit,LONG,LONG,0.5524254441261292,0.6209253072738647,0.48392558097839355,0.4710936770337162,0.22256328165531158,55.242544412612915,0.5076256990432739,1,True,True,False,52.5,True,0.2273091077804567,UNRANKED,,False,,,
2025-02-25,2025-02-26,2025-02-28,T,XLC,25.182010684769192,24.821725845336914,25.56125671530421,2,take_profit,LONG,LONG,0.5176052302122116,0.5379287004470825,0.4972817599773407,0.4710936770337162,0.2581174373626709,51.76052302122116,0.5076256990432739,1,True,True,False,52.5,True,0.22292980551719663,UNRANKED,,False,,,
2025-02-26,2025-02-27,2025-02-28,T,XLC,25.257858878364242,25.34318733215332,25.618142866226965,1,take_profit,LONG,LONG,0.5152030736207962,0.5331243872642517,0.4972817599773407,0.4710936770337162,0.27205130457878113,51.52030736207962,0.5076256990432739,1,True,True,False,52.5,True,0.25716543197631836,UNRANKED,,False,,,
2025-02-27,2025-02-28,2025-03-03,T,XLC,25.599183034074667,25.71295738220215,26.001455394740123,1,take_profit,LONG,LONG,0.5414720773696899,0.562646746635437,0.5202974081039429,0.4710936770337162,0.24969647824764252,54.147207736968994,0.5076256990432739,1,True,True,False,52.5,True,0.2916462421417235,UNRANKED,,False,,,
2025-02-28,2025-03-03,2025-03-04,T,XLC,25.85517407395973,25.864654541015625,25.396014222885512,1,stop_loss,LONG,LONG,0.541280061006546,0.5689752101898193,0.5135849118232727,0.4710936770337162,0.19831737875938416,54.1280061006546,0.5076256990432739,1,True,True,False,52.5,True,0.257651299238205,UNRANKED,,False,,,
2025-03-03,2025-03-04,2025-03-05,T,XLC,26.357675805874106,24.660547256469727,25.899870717285935,1,stop_loss,LONG,LONG,0.5381733179092407,0.5707232356071472,0.5056234002113342,0.4710936770337162,0.22017061710357666,53.81733179092407,0.5076256990432739,1,True,True,False,52.5,True,0.2099416553974152,UNRANKED,,False,,,
2025-03-04,2025-03-05,2025-03-06,T,XLC,24.71743230213071,24.385591506958008,25.33912659447167,1,take_profit,LONG,LONG,0.5035307109355927,0.4948652982711792,0.5121961236000061,0.4710936770337162,0.4632825553417206,50.353071093559265,0.5076256990432739,2,False,True,True,52.5,True,0.37482422590255743,UNRANKED,,False,,,
2025-03-05,2025-03-06,2025-03-07,T,XLC,24.85964705675711,24.73639678955078,25.458315291446006,1,stop_loss,SHORT,SHORT,0.4944695383310318,0.4792146384716034,0.5097244381904602,0.4598190526875997,0.4401068389415741,50.55304616689682,0.5076256990432739,2,False,True,True,52.5,True,0.41335165500640864,UNRANKED,,False,,,
2025-03-06,2025-03-07,2025-03-12,T,XLC,25.286303618140256,25.200971603393555,24.6497110256284,3,take_profit,SHORT,SHORT,0.49070030450820923,0.47577720880508423,0.5056234002113342,0.4598190526875997,0.5041378140449524,50.92996954917908,0.5076256990432739,1,True,False,True,52.5,True,0.3608818650245666,UNRANKED,,False,,,
2025-03-07,2025-03-10,2025-03-11,T,XLC,25.703474440773117,25.43800163269043,25.046564770624542,1,take_profit,SHORT,SHORT,0.4989147335290909,0.49220606684684753,0.5056234002113342,0.4710936770337162,0.48194950819015503,50.10852664709091,0.5076256990432739,2,False,True,True,52.5,True,0.3436244428157807,UNRANKED,,False,,,
2025-03-10,2025-03-11,2025-03-12,T,XLC,25.096680630585364,25.229415893554688,24.44518892046748,1,stop_loss,LONG,LONG,0.5075005441904068,0.4985610544681549,0.5164400339126587,0.4710936770337162,0.3460972309112549,50.75005441904068,0.5076256990432739,2,False,True,True,52.5,True,0.39706930518150324,UNRANKED,,False,,,
2025-03-11,2025-03-12,2025-03-14,T,XLC,24.300260752091596,25.447481155395508,25.100742003399493,2,take_profit,LONG,LONG,0.5078355371952057,0.5033296346664429,0.5123414397239685,0.4710936770337162,0.3682209849357605,50.78355371952057,0.5076256990432739,1,True,True,False,52.5,True,0.4627526402473449,UNRANKED,,False,,,
2025-03-12,2025-03-13,2025-03-17,T,XLC,24.451962135618587,25.400075912475586,25.279532369644816,2,take_profit,LONG,LONG,0.5084946155548096,0.5072647929191589,0.5097244381904602,0.4710936770337162,0.49996477365493774,50.84946155548096,0.5076256990432739,1,True,True,False,52.5,True,0.4639816880226136,UNRANKED,,False,,,
2025-03-13,2025-03-14,2025-03-17,T,XLC,24.461439052182016,25.61814308166504,25.275464386131514,1,stop_loss,SHORT,SHORT,0.4928571730852127,0.4759899079799652,0.5097244381904602,0.4598190526875997,0.6014069318771362,50.71428269147873,0.5076256990432739,2,False,True,True,52.5,True,0.48191517591476457,UNRANKED,,False,,,
2025-03-14,2025-03-17,2025-03-24,T,XLC,25.191490776723104,25.561254501342773,25.561254501342773,5,time_exit,SHORT,SHORT,0.491687148809433,0.45875346660614014,0.5246208310127258,0.3812684365781711,0.4856332838535309,50.8312851190567,0.5076256990432739,1,True,False,True,52.5,True,0.5683170258998871,UNRANKED,,False,,,
2025-03-17,2025-03-18,2025-03-25,T,XLC,25.40955697820316,25.893096923828125,25.893096923828125,5,time_exit,SHORT,SHORT,0.4793410450220108,0.4446413815021515,0.5140407085418701,0.3812684365781711,0.44574788212776184,52.06589549779892,0.5076256990432739,1,True,False,True,52.5,True,0.49680495262146007,UNRANKED,,False,,,
2025-03-18,2025-03-19,2025-03-26,T,XLC,25.267338272293472,26.215457916259766,26.172112801886804,5,stop_loss,SHORT,SHORT,0.4906455874443054,0.47156673669815063,0.5097244381904602,0.3940972222222222,0.4212533235549927,50.93544125556946,0.5076256990432739,1,True,False,True,52.5,True,0.4455136060714722,UNRANKED,,False,,,
2025-03-19,2025-03-20,2025-03-27,T,XLC,25.50436763741274,26.736923217773438,26.39559753940772,5,take_profit,LONG,LONG,0.5047857463359833,0.49313145875930786,0.5164400339126587,0.4710936770337162,0.32029926776885986,50.47857463359833,0.5076256990432739,2,False,True,True,52.5,True,0.3617563247680664,UNRANKED,,False,,,
2025-03-20,2025-03-21,2025-03-27,T,XLC,25.419037405698127,26.717958450317383,26.247962129732027,4,stop_loss,SHORT,SHORT,0.49602238833904266,0.4864213764667511,0.5056234002113342,0.4710936770337162,0.5261291861534119,50.397761166095734,0.5076256990432739,2,False,True,True,52.5,True,0.3560287356376649,UNRANKED,,False,,,
2025-03-21,2025-03-24,2025-03-27,T,XLC,25.466444169979393,26.81277084350586,26.284533518908663,3,stop_loss,SHORT,SHORT,0.49715685844421387,0.4886903166770935,0.5056234002113342,0.4710936770337162,0.5566421151161194,50.28431415557861,0.5076256990432739,2,False,True,True,52.5,True,0.3231529891490935,UNRANKED,,False,,,
2025-03-24,2025-03-25,2025-03-26,T,XLC,25.570736723270326,27.002395629882812,26.193784960662207,1,stop_loss,SHORT,SHORT,0.4802815169095993,0.46106451749801636,0.49949851632118225,0.3812684365781711,0.4913700222969055,51.97184830904007,0.5076256990432739,1,True,False,True,52.5,True,0.30461835861206044,UNRANKED,,False,,,
2025-03-25,2025-03-26,2025-03-27,T,XLC,25.987909851649896,26.68003273010254,26.65294646184451,1,stop_loss,SHORT,SHORT,0.47867999970912933,0.4354272186756134,0.5219327807426453,0.3812684365781711,0.5865572094917297,52.13200002908707,0.5076256990432739,1,True,False,True,52.5,True,0.3946284651756287,UNRANKED,,False,,,
2025-03-26,2025-03-27,2025-04-01,T,XLC,26.32923226628193,27.116167068481445,26.965825948707295,3,stop_loss,SHORT,SHORT,0.48894554376602173,0.4783925712108612,0.49949851632118225,0.4598190526875997,0.43887948989868164,51.10544562339783,0.5076256990432739,1,True,False,True,52.5,True,0.2510952055454254,UNRANKED,,False,,,
2025-03-27,2025-03-28,2025-04-04,T,XLC,26.879138539947764,25.25786018371582,26.220874107313136,5,take_profit,SHORT,SHORT,0.4908159375190735,0.4802481532096863,0.5013837218284607,0.4598190526875997,0.4429202377796173,50.91840624809265,0.5076256990432739,1,True,False,True,52.5,True,0.21938458085060128,UNRANKED,,False,,,
2025-03-28,2025-03-31,2025-04-04,T,XLC,26.793808054334647,25.43800163269043,26.154505391893938,4,stop_loss,LONG,LONG,0.5081015676259995,0.5293469429016113,0.4868561923503876,0.4710936770337162,0.4586597979068756,50.810156762599945,0.5076256990432739,1,True,True,False,52.5,True,0.23022186756134028,UNRANKED,,False,,,
2025-03-31,2025-04-01,2025-04-04,T,XLC,26.926546275072685,25.020830154418945,26.44571431139732,3,stop_loss,LONG,LONG,0.5016501843929291,0.5193747878074646,0.48392558097839355,0.4710936770337162,0.3532988727092743,50.16501843929291,0.5076256990432739,2,False,True,True,52.5,True,0.2275743186473847,UNRANKED,,False,,,
2025-04-01,2025-04-02,2025-04-04,T,XLC,26.93602495492566,25.0966796875,26.46738312884098,2,stop_loss,LONG,LONG,0.5285562872886658,0.573186993598938,0.48392558097839355,0.4710936770337162,0.25547561049461365,52.85562872886658,0.5076256990432739,1,True,True,False,52.5,True,0.22388601303100575,UNRANKED,,False,,,
2025-04-02,2025-04-03,2025-04-04,T,XLC,27.059280511809668,25.286399841308594,26.59470188326963,1,take_profit,SHORT,SHORT,0.4935033470392227,0.48972493410110474,0.4972817599773407,0.4710936770337162,0.5202327966690063,50.64966529607773,0.5076256990432739,2,False,True,True,52.5,True,0.27207064628601085,UNRANKED,,False,,,
2025-04-03,2025-04-04,2025-04-07,T,XLC,26.547301101622736,25.669673919677734,26.086785398148965,1,stop_loss,LONG,LONG,0.5083812475204468,0.5031775832176208,0.5135849118232727,0.4710936770337162,0.4920542538166046,50.83812475204468,0.5076256990432739,1,True,True,False,52.5,True,0.11894601583480827,UNRANKED,,False,,,
2025-04-04,2025-04-07,2025-04-08,T,XLC,23.873607554812477,26.062524795532227,24.565734237638928,1,take_profit,LONG,LONG,0.5178192853927612,0.5220536589622498,0.5135849118232727,0.4710936770337162,0.38072875142097473,51.78192853927612,0.5076256990432739,1,True,True,False,52.5,True,0.45113170146942155,UNRANKED,,False,,,
2025-04-07,2025-04-08,2025-04-15,T,XLC,25.618145428651083,26.349979400634766,26.306208641454514,5,take_profit,LONG,LONG,0.5242214798927307,0.51588374376297,0.5325592160224915,0.4710936770337162,0.3895094096660614,52.42214798927307,0.5076256990432739,1,True,True,False,52.5,True,0.44058990478515625,UNRANKED,,False,,,
2025-04-08,2025-04-09,2025-04-11,T,XLC,24.736395688003753,25.890052795410156,25.452902646011566,2,take_profit,LONG,LONG,0.5106253623962402,0.5134108662605286,0.5078398585319519,0.4710936770337162,0.48543718457221985,51.06253623962402,0.5076256990432739,1,True,True,False,52.5,True,0.6105398535728455,UNRANKED,,False,,,
2025-04-09,2025-04-10,2025-04-14,T,XLC,25.142673035021208,26.01461410522461,25.86324346305204,2,take_profit,LONG,LONG,0.5216435492038727,0.5189788341522217,0.5243082642555237,0.4710936770337162,0.5226897597312927,52.16435492038727,0.5076256990432739,1,True,True,False,52.5,True,0.41520377993583674,UNRANKED,,False,,,
2025-04-10,2025-04-11,2025-04-15,T,XLC,25.468454927567247,25.22890853881836,26.18497578197224,2,stop_loss,SHORT,SHORT,0.4686104506254196,0.4239262640476227,0.5132946372032166,0.3812684365781711,0.5334764122962952,53.13895493745804,0.5076256990432739,1,True,False,True,52.5,True,0.5031968057155608,UNRANKED,,False,,,
2025-04-11,2025-04-14,2025-04-15,T,XLC,25.51636007224427,25.832561492919922,26.279507426370248,1,stop_loss,SHORT,SHORT,0.4949823319911957,0.4541393518447876,0.5358253121376038,0.3812684365781711,0.6541787981987,50.50176680088043,0.5076256990432739,2,False,True,True,52.5,True,0.5529127418994904,UNRANKED,,False,,,
2025-04-14,2025-04-15,2025-04-21,T,XLC,26.349979400634766,26.05294418334961,25.57811655317034,3,stop_loss,LONG,LONG,0.5096741616725922,0.5024850368499756,0.5168632864952087,0.4710936770337162,0.5317465662956238,50.967416167259216,0.5076256990432739,1,True,True,False,52.5,True,0.47259080410003645,UNRANKED,,False,,,
2025-04-15,2025-04-16,2025-04-21,T,XLC,26.57994250375954,26.378725051879883,25.813066283056415,2,stop_loss,LONG,LONG,0.5096960216760635,0.4917283356189728,0.5276637077331543,0.4710936770337162,0.4721415638923645,50.969602167606354,0.5076256990432739,1,True,True,False,52.5,True,0.4163328111171723,UNRANKED,,False,,,
2025-04-16,2025-04-17,2025-04-21,T,XLC,26.04336019350971,25.688833236694336,25.285275215133595,1,stop_loss,LONG,LONG,0.5162215530872345,0.537693977355957,0.49474912881851196,0.4710936770337162,0.46807169914245605,51.62215530872345,0.5076256990432739,1,True,True,False,52.5,True,0.27904736995697016,UNRANKED,,False,,,
2025-04-17,2025-04-21,2025-04-28,T,XLC,26.024198786561698,26.120018005371094,26.120018005371094,5,time_exit,LONG,LONG,0.5146721005439758,0.5345950722694397,0.49474912881851196,0.4710936770337162,0.36713263392448425,51.46721005439758,0.5076256990432739,1,True,True,False,52.5,True,0.4524669945240022,UNRANKED,,False,,,
2025-04-21,2025-04-22,2025-04-23,T,XLC,24.9127085172175,26.158342361450195,25.784577740675925,1,stop_loss,SHORT,SHORT,0.4821099638938904,0.48389318585395813,0.48032674193382263,0.4710936770337162,0.6171400547027588,51.78900361061096,0.5076256990432739,1,True,False,True,52.5,True,0.3357583582401276,UNRANKED,,False,,,
2025-04-22,2025-04-23,2025-04-24,T,XLC,25.43012684432249,26.54161834716797,26.36114294888443,1,take_profit,LONG,LONG,0.5040641725063324,0.4878309369087219,0.5202974081039429,0.4710936770337162,0.45650941133499146,50.40641725063324,0.5076256990432739,2,False,True,True,52.5,True,0.4680332243442535,UNRANKED,,False,,,
2025-04-23,2025-04-24,2025-05-01,T,XLC,26.033779287909038,26.4841251373291,26.4841251373291,5,time_exit,LONG,LONG,0.5203706920146942,0.5271564722061157,0.5135849118232727,0.4710936770337162,0.30738452076911926,52.03706920146942,0.5076256990432739,1,True,True,False,52.5,True,0.455451399087906,UNRANKED,,False,,,
2025-04-24,2025-04-25,2025-05-02,T,XLC,26.311650548777866,26.455381393432617,26.455381393432617,5,time_exit,LONG,LONG,0.5040781050920486,0.4880039393901825,0.5201522707939148,0.4710936770337162,0.5359742641448975,50.407810509204865,0.5076256990432739,2,False,True,True,52.5,True,0.3694226741790772,UNRANKED,,False,,,
2025-04-25,2025-04-28,2025-04-30,T,XLC,25.775072211336774,26.359560012817383,26.50883849464453,2,stop_loss,SHORT,SHORT,0.4593232274055481,0.41931164264678955,0.49933481216430664,0.3812684365781711,0.5973840951919556,54.06767725944519,0.5076256990432739,1,True,False,True,52.5,True,0.33925616741180414,UNRANKED,,False,,,
2025-04-28,2025-04-29,2025-05-06,T,XLC,25.96670724486965,26.982379913330078,26.736336859563426,5,stop_loss,SHORT,SHORT,0.482986718416214,0.4440406560897827,0.5219327807426453,0.3812684365781711,0.6587793231010437,51.7013281583786,0.5076256990432739,1,True,False,True,52.5,True,0.3127042651176453,UNRANKED,,False,,,
2025-04-29,2025-04-30,2025-05-07,T,XLC,26.445799867513205,26.924888610839844,26.924888610839844,5,time_exit,SHORT,SHORT,0.4904606342315674,0.4575788378715515,0.5233424305915833,0.3812684365781711,0.6933966875076294,50.95393657684326,0.5076256990432739,1,True,False,True,52.5,True,0.37088385224342346,UNRANKED,,False,,,
2025-04-30,2025-05-01,2025-05-08,T,XLC,26.349980367557958,26.32123565673828,26.32123565673828,5,time_exit,LONG,LONG,0.5035360157489777,0.5027298927307129,0.5043421387672424,0.4710936770337162,0.4748289883136749,50.353601574897766,0.5076256990432739,2,False,True,True,52.5,True,0.3564071953296663,UNRANKED,,False,,,
2025-05-01,2025-05-02,2025-05-09,T,XLC,26.44579936289143,26.67576026916504,26.67576026916504,5,time_exit,LONG,LONG,0.5069487392902374,0.5095553398132324,0.5043421387672424,0.4710936770337162,0.3776656985282898,50.69487392902374,0.5076256990432739,2,False,True,True,52.5,True,0.32597696781158436,UNRANKED,,False,,,
2025-05-02,2025-05-05,2025-05-12,T,XLC,26.407468332662067,25.88047218322754,25.88047218322754,5,time_exit,SHORT,SHORT,0.4769395589828491,0.46225717663764954,0.4916219413280487,0.3812684365781711,0.6091337203979492,52.30604410171509,0.5076256990432739,1,True,False,True,52.5,True,0.2632696330547334,UNRANKED,,False,,,
2025-05-05,2025-05-06,2025-05-13,T,XLC,26.388308648535272,25.343889236450195,25.740851525732538,5,take_profit,SHORT,SHORT,0.4886977821588516,0.48400387167930603,0.4933916926383972,0.4710936770337162,0.622736930847168,51.13022178411484,0.5076256990432739,1,True,False,True,52.5,True,0.2824515998363495,UNRANKED,,False,,,
2025-05-06,2025-05-07,2025-05-12,T,XLC,26.867398257982984,25.334308624267578,26.172031807264514,3,stop_loss,LONG,LONG,0.5016645789146423,0.5031144022941589,0.5002147555351257,0.4710936770337162,0.4957176744937897,50.16645789146423,0.5076256990432739,2,False,True,True,52.5,True,0.2302897572517396,UNRANKED,,False,,,
2025-05-07,2025-05-08,2025-05-12,T,XLC,26.829072326564756,26.187088012695312,26.191196633379768,2,take_profit,SHORT,SHORT,0.4984724372625351,0.4996631145477295,0.4972817599773407,0.4710936770337162,0.5742075443267822,50.15275627374649,0.5076256990432739,2,False,True,True,52.5,True,0.2280636727809906,UNRANKED,,False,,,
2025-05-08,2025-05-09,2025-05-13,T,XLC,26.407468920342513,26.56077766418457,25.701151563687937,2,take_profit,SHORT,SHORT,0.48946554958820343,0.4950055181980133,0.48392558097839355,0.4710936770337162,0.5109761953353882,51.05344504117966,0.5076256990432739,1,True,False,True,52.5,True,0.2508817911148072,UNRANKED,,False,,,
2025-05-09,2025-05-12,2025-05-19,T,XLC,25.9571265994656,26.848234176635742,26.601846676980248,5,stop_loss,SHORT,SHORT,0.48429207503795624,0.4672004282474518,0.5013837218284607,0.3812684365781711,0.6691454648971558,51.570792496204376,0.5076256990432739,1,True,False,True,52.5,True,0.285995751619339,UNRANKED,,False,,,
2025-05-12,2025-05-13,2025-05-19,T,XLC,25.918796398323344,26.61827278137207,26.59089292324313,4,stop_loss,SHORT,SHORT,0.4736475497484207,0.44591137766838074,0.5013837218284607,0.3812684365781711,0.5041698217391968,52.63524502515793,0.5076256990432739,1,True,False,True,52.5,True,0.3873865008354187,UNRANKED,,False,,,
2025-05-13,2025-05-14,2025-05-15,T,XLC,25.324726594022177,26.32123565673828,26.041994584134482,1,stop_loss,SHORT,SHORT,0.4693053215742111,0.4181933104991913,0.520417332649231,0.3812684365781711,0.49020904302597046,53.06946784257889,0.5076256990432739,1,True,False,True,52.5,True,0.34310731291770924,UNRANKED,,False,,,
2025-05-14,2025-05-15,2025-05-16,T,XLC,25.487616285101627,26.091270446777344,26.15971281002141,1,stop_loss,SHORT,SHORT,0.46577031910419464,0.40350183844566345,0.5280387997627258,0.0521826165568901,0.5813687443733215,53.422968089580536,0.5076256990432739,1,True,False,True,52.5,True,0.35687810182571417,UNRANKED,,False,,,
2025-05-15,2025-05-16,2025-05-23,T,XLC,26.22541576359983,26.273324966430664,26.273324966430664,5,time_exit,LONG,LONG,0.5072111636400223,0.47400030493736267,0.5404220223426819,0.3940972222222222,0.6595069766044617,50.72111636400223,0.5076256990432739,2,False,True,True,52.5,True,0.2673703432083128,UNRANKED,,False,,,
2025-05-16,2025-05-19,2025-05-27,T,XLC,26.599106877672252,26.24458122253418,26.24458122253418,5,time_exit,SHORT,SHORT,0.4964335709810257,0.4713870584964752,0.5214800834655762,0.3940972222222222,0.5223971009254456,50.35664290189743,0.5076256990432739,2,False,True,True,52.5,True,0.3233212530612946,UNRANKED,,False,,,
2025-05-19,2025-05-20,2025-05-22,T,XLC,26.876980300734278,26.349979400634766,26.154237402610672,2,stop_loss,LONG,LONG,0.5091204941272736,0.5184183120727539,0.4998226761817932,0.4710936770337162,0.4931415617465973,50.912049412727356,0.5076256990432739,1,True,True,False,52.5,True,0.26189640164375316,UNRANKED,,False,,,
2025-05-20,2025-05-21,2025-05-29,T,XLC,26.522454649531984,26.23499870300293,26.23499870300293,5,time_exit,LONG,LONG,0.5098669230937958,0.5119194388389587,0.5078144073486328,0.4710936770337162,0.6050066947937012,50.98669230937958,0.5076256990432739,1,True,True,False,52.5,True,0.2883775234222412,UNRANKED,,False,,,
2025-05-21,2025-05-22,2025-05-30,T,XLC,26.42663419128411,26.637432098388672,26.637432098388672,5,time_exit,SHORT,SHORT,0.49260859191417694,0.48500242829322815,0.5002147555351257,0.4710936770337162,0.6405196785926819,50.739140808582306,0.5076256990432739,2,False,True,True,52.5,True,0.25224199891090393,UNRANKED,,False,,,
2025-05-22,2025-05-23,2025-06-02,T,XLC,26.33081531880595,26.76199722290039,26.76199722290039,5,time_exit,LONG,LONG,0.5082971751689911,0.5182648301124573,0.4983295202255249,0.4710936770337162,0.6116029024124146,50.82971751689911,0.5076256990432739,1,True,True,False,52.5,True,0.24466127157211306,UNRANKED,,False,,,
2025-05-23,2025-05-27,2025-06-03,T,XLC,26.215836957569675,26.790742874145508,26.790742874145508,5,time_exit,LONG,LONG,0.5071328580379486,0.5159361958503723,0.4983295202255249,0.4710936770337162,0.5659309029579163,50.71328580379486,0.5076256990432739,2,False,True,True,52.5,True,0.29743722081184387,UNRANKED,,False,,,
2025-05-27,2025-05-28,2025-06-04,T,XLC,26.23499686820353,26.215835571289062,26.215835571289062,5,time_exit,SHORT,SHORT,0.49161456525325775,0.47888699173927307,0.5043421387672424,0.4598190526875997,0.555579662322998,50.838543474674225,0.5076256990432739,1,True,False,True,52.5,True,0.2507913112640381,UNRANKED,,False,,,
2025-05-28,2025-05-29,2025-06-05,T,XLC,26.330817182132662,26.599105834960938,26.599105834960938,5,time_exit,SHORT,SHORT,0.49149155616760254,0.47864097356796265,0.5043421387672424,0.4598190526875997,0.6516335606575012,50.850844383239746,0.5076256990432739,1,True,False,True,52.5,True,0.23650962114334112,UNRANKED,,False,,,
2025-05-29,2025-05-30,2025-06-06,T,XLC,26.24457801941336,26.905725479125977,26.872869830675217,5,take_profit,LONG,LONG,0.5047212541103363,0.5051003694534302,0.5043421387672424,0.4710936770337162,0.4116811752319336,50.47212541103363,0.5076256990432739,2,False,True,True,52.5,True,0.2411572337150573,UNRANKED,,False,,,
2025-05-30,2025-06-02,2025-06-09,T,XLC,26.493705868924692,26.694927215576172,26.694927215576172,5,time_exit,SHORT,SHORT,0.487335667014122,0.4853803515434265,0.4892909824848175,0.4710936770337162,0.4946085810661316,51.2664332985878,0.5076256990432739,1,True,False,True,52.5,True,0.2305799424648286,UNRANKED,,False,,,
2025-06-02,2025-06-03,2025-06-10,T,XLC,26.72367048907001,27.23150634765625,27.23150634765625,5,time_exit,SHORT,SHORT,0.4971406161785126,0.4899390935897827,0.5043421387672424,0.4710936770337162,0.5074545741081238,50.28593838214874,0.5076256990432739,2,False,True,True,52.5,True,0.274802416563034,UNRANKED,,False,,,
2025-06-03,2025-06-04,2025-06-11,T,XLC,26.79074277120454,27.15485382080078,27.15485382080078,5,time_exit,SHORT,SHORT,0.48707614839076996,0.4848613142967224,0.4892909824848175,0.4710936770337162,0.4560976028442383,51.292385160923004,0.5076256990432739,1,True,False,True,52.5,True,0.23758113384246818,UNRANKED,,False,,,
2025-06-04,2025-06-05,2025-06-06,T,XLC,26.282906165515186,27.087779998779297,26.830437293444874,1,stop_loss,SHORT,SHORT,0.4866073876619339,0.4839237928390503,0.4892909824848175,0.4710936770337162,0.3572583794593811,51.33926123380661,0.5076256990432739,1,True,False,True,52.5,True,0.22038924694061285,UNRANKED,,False,,,
2025-06-05,2025-06-06,2025-06-10,T,XLC,26.608689846932833,27.011123657226562,27.08914824275454,2,stop_loss,SHORT,SHORT,0.4974122941493988,0.4975428283214569,0.4972817599773407,0.4710936770337162,0.4899573028087616,50.25877058506012,0.5076256990432739,2,False,True,True,52.5,True,0.20878872275352486,UNRANKED,,False,,,
2025-06-06,2025-06-09,2025-06-10,T,XLC,26.66618112336964,26.800323486328125,27.137058089573603,1,stop_loss,SHORT,SHORT,0.49108488857746124,0.492878794670105,0.4892909824848175,0.4710936770337162,0.4241311252117157,50.891511142253876,0.5076256990432739,1,True,False,True,52.5,True,0.1930411159992219,UNRANKED,,False,,,
2025-06-09,2025-06-10,2025-06-17,T,XLC,26.742833777887807,26.49370765686035,26.49370765686035,5,time_exit,SHORT,SHORT,0.48939473927021027,0.48150771856307983,0.4972817599773407,0.4598190526875997,0.37913578748703003,51.06052607297897,0.5076256990432739,1,True,False,True,52.5,True,0.2273368835449219,UNRANKED,,False,,,
2025-06-10,2025-06-11,2025-06-17,T,XLC,27.288998596398375,26.50328826904297,26.78527027477798,4,take_profit,SHORT,SHORT,0.4883282035589218,0.4873654246330261,0.4892909824848175,0.4710936770337162,0.3816729485988617,51.16717964410782,0.5076256990432739,1,True,False,True,52.5,True,0.18617239594459523,UNRANKED,,False,,,
2025-06-11,2025-06-12,2025-06-16,T,XLC,27.279415121259955,26.60869026184082,26.80717031360789,2,take_profit,SHORT,SHORT,0.4737400859594345,0.4501984119415283,0.4972817599773407,0.3812684365781711,0.42745134234428406,52.62599140405655,0.5076256990432739,1,True,False,True,52.5,True,0.19085794687271124,UNRANKED,,False,,,
2025-06-12,2025-06-13,2025-06-17,T,XLC,27.049449947954237,27.020708084106445,26.600475338579237,2,take_profit,SHORT,SHORT,0.47978363931179047,0.4641706943511963,0.49539658427238464,0.3812684365781711,0.4420435428619385,52.02163606882095,0.5076256990432739,1,True,False,True,52.5,True,0.15311288833618175,UNRANKED,,False,,,
2025-06-13,2025-06-16,2025-06-17,T,XLC,26.972796368872867,27.097360610961914,26.538878642083667,1,take_profit,SHORT,SHORT,0.4781002402305603,0.4578709602355957,0.4983295202255249,0.3812684365781711,0.5624545812606812,52.18997597694397,0.5076256990432739,1,True,False,True,52.5,True,0.2608720362186432,UNRANKED,,False,,,
2025-06-16,2025-06-17,2025-06-25,T,XLC,26.68534461228786,26.752416610717773,26.752416610717773,5,time_exit,SHORT,SHORT,0.47373291850090027,0.4520692527294159,0.49539658427238464,0.3812684365781711,0.42038485407829285,52.62670814990997,0.5076256990432739,1,True,False,True,52.5,True,0.05908361077308659,UNRANKED,,False,,,
2025-06-17,2025-06-18,2025-06-24,T,XLC,26.599106741628912,26.829071044921875,27.087777908185135,3,stop_loss,SHORT,SHORT,0.48106247186660767,0.4667283594608307,0.49539658427238464,0.3812684365781711,0.49724048376083374,51.89375281333923,0.5076256990432739,1,True,False,True,52.5,True,0.09264436364173874,UNRANKED,,False,,,
2025-06-18,2025-06-20,2025-06-23,T,XLC,26.522453814442418,26.905725479125977,26.996067825934468,1,stop_loss,SHORT,SHORT,0.47556306421756744,0.45572954416275024,0.49539658427238464,0.3812684365781711,0.421520859003067,52.443693578243256,0.5076256990432739,1,True,False,True,52.5,True,0.09961572289466872,UNRANKED,,False,,,
2025-06-20,2025-06-23,2025-06-24,T,XLC,26.63743417731367,27.729761123657227,27.06861513129316,1,stop_loss,SHORT,SHORT,0.4859115332365036,0.4745413064956665,0.4972817599773407,0.3940972222222222,0.4878285527229309,51.40884667634964,0.5076256990432739,1,True,False,True,52.5,True,0.22200980782508842,UNRANKED,,False,,,
2025-06-23,2025-06-24,2025-06-30,T,XLC,26.98237808142255,27.67226791381836,27.454623706509743,4,stop_loss,SHORT,SHORT,0.49643276631832123,0.49558377265930176,0.4972817599773407,0.4710936770337162,0.5203149318695068,50.35672336816788,0.5076256990432739,2,False,True,True,52.5,True,0.26740223169326793,UNRANKED,,False,,,
2025-06-24,2025-06-25,2025-06-30,T,XLC,26.963215796564782,27.12610626220703,27.44230526102488,3,stop_loss,SHORT,SHORT,0.4930948466062546,0.48890793323516846,0.4972817599773407,0.4710936770337162,0.4445621073246002,50.69051533937454,0.5076256990432739,2,False,True,True,52.5,True,0.254755973815918,UNRANKED,,False,,,
2025-06-25,2025-06-26,2025-06-30,T,XLC,26.809906984126428,27.174015045166016,27.256144548213342,2,stop_loss,SHORT,SHORT,0.4882989376783371,0.48120129108428955,0.49539658427238464,0.4598190526875997,0.5280376076698303,51.17010623216629,0.5076256990432739,1,True,False,True,52.5,True,0.2638541758060457,UNRANKED,,False,,,
2025-06-26,2025-06-27,2025-06-30,T,XLC,26.829071063476604,27.221923828125,27.23150636621098,1,stop_loss,SHORT,SHORT,0.494249552488327,0.4841569662094116,0.5043421387672424,0.4710936770337162,0.5432649254798889,50.5750447511673,0.5076256990432739,2,False,True,True,52.5,True,0.26459750533103943,UNRANKED,,False,,,
2025-06-27,2025-06-30,2025-07-01,T,XLC,26.94405292602993,27.106943130493164,27.313636055912742,1,stop_loss,SHORT,SHORT,0.4912751764059067,0.4782082140445709,0.5043421387672424,0.4598190526875997,0.6703104972839355,50.87248235940933,0.5076256990432739,1,True,False,True,52.5,True,0.2848449349403381,UNRANKED,,False,,,
2025-06-30,2025-07-01,2025-07-02,T,XLC,27.77766841412264,26.924888610839844,27.32047994409962,1,take_profit,SHORT,SHORT,0.4911367744207382,0.477931410074234,0.5043421387672424,0.4598190526875997,0.6068465709686279,50.88632255792618,0.5076256990432739,1,True,False,True,52.5,True,0.30933794379234314,UNRANKED,,False,,,
2025-07-01,2025-07-02,2025-07-03,T,XLC,27.605196809256324,26.729402542114258,27.216449185267763,1,stop_loss,LONG,LONG,0.5102422535419464,0.5191007852554321,0.5013837218284607,0.4710936770337162,0.5066820383071899,51.02422535419464,0.5076256990432739,1,True,True,False,52.5,True,0.17499136924743638,UNRANKED,,False,,,
2025-07-02,2025-07-03,2025-07-11,T,XLC,27.106942664370084,26.100358963012695,26.651122308273543,5,stop_loss,LONG,LONG,0.5000154972076416,0.5161054134368896,0.48392558097839355,0.4710936770337162,0.516128420829773,50.00154972076416,0.5076256990432739,2,False,True,True,52.5,True,0.23459973931312555,UNRANKED,,False,,,
2025-07-03,2025-07-07,2025-07-10,T,XLC,27.231505858056263,26.28423309326172,26.778423364682936,3,take_profit,SHORT,SHORT,0.49907003343105316,0.5008583068847656,0.4972817599773407,0.4710936770337162,0.6591646075248718,50.092996656894684,0.5076256990432739,2,False,True,True,52.5,True,0.2685386538505553,UNRANKED,,False,,,
2025-07-07,2025-07-08,2025-07-11,T,XLC,27.059032980825574,26.14874839782715,26.61005728153707,3,stop_loss,LONG,LONG,0.5047026127576828,0.5121234655380249,0.4972817599773407,0.4710936770337162,0.5823730230331421,50.47026127576828,0.5076256990432739,2,False,True,True,52.5,True,0.27663761377334595,UNRANKED,,False,,,
2025-07-08,2025-07-09,2025-07-11,T,XLC,27.145269819778935,26.08100700378418,26.709982616671375,2,stop_loss,LONG,LONG,0.514160081744194,0.5310384035110474,0.4972817599773407,0.4710936770337162,0.432183176279068,51.4160081744194,0.5076256990432739,1,True,True,False,52.5,True,0.2569005787372589,UNRANKED,,False,,,
2025-07-09,2025-07-10,2025-07-11,T,XLC,26.86488769518666,26.119714736938477,26.447394964909734,1,take_profit,SHORT,SHORT,0.4911874383687973,0.48040345311164856,0.501971423625946,0.4598190526875997,0.5430045127868652,50.88125616312027,0.5076256990432739,1,True,False,True,52.5,True,0.24263703823089594,UNRANKED,,False,,,
2025-07-10,2025-07-11,2025-07-15,T,XLC,26.66165694568458,26.07132911682129,26.217606293044373,2,take_profit,SHORT,SHORT,0.4747835695743561,0.44818341732025146,0.5013837218284607,0.3812684365781711,0.46567365527153015,52.52164304256439,0.5076256990432739,1,True,False,True,52.5,True,0.23990690708160406,UNRANKED,,False,,,
2025-07-11,2025-07-14,2025-07-21,T,XLC,26.148747945577355,26.49713897705078,26.49713897705078,5,time_exit,SHORT,SHORT,0.4949565678834915,0.49263137578964233,0.4972817599773407,0.4710936770337162,0.5502046942710876,50.50434321165085,0.5076256990432739,2,False,True,True,52.5,True,0.2312822937965392,UNRANKED,,False,,,
2025-07-14,2025-07-15,2025-07-22,T,XLC,26.061650273996044,26.53584861755371,26.53584861755371,5,time_exit,SHORT,SHORT,0.49536943435668945,0.4934571087360382,0.4972817599773407,0.4710936770337162,0.5111657381057739,50.463056564331055,0.5076256990432739,2,False,True,True,52.5,True,0.2522171735763549,UNRANKED,,False,,,
2025-07-15,2025-07-16,2025-07-23,T,XLC,26.14874958186543,26.855209350585938,26.643418814915098,5,stop_loss,SHORT,SHORT,0.4969148188829422,0.4799829423427582,0.5138466954231262,0.4598190526875997,0.5743591785430908,50.30851811170578,0.5076256990432739,2,False,True,True,52.5,True,0.4076003432273864,UNRANKED,,False,,,
2025-07-16,2025-07-17,2025-07-21,T,XLC,25.935840717244652,27.01972770690918,26.390909577979865,2,stop_loss,SHORT,SHORT,0.495786115527153,0.48312875628471375,0.5084434747695923,0.4710936770337162,0.6069738268852234,50.4213884472847,0.5076256990432739,2,False,True,True,52.5,True,0.2091934084892273,UNRANKED,,False,,,
2025-07-17,2025-07-18,2025-07-23,T,XLC,26.10036059539023,27.097148895263672,26.550008498832614,3,stop_loss,SHORT,SHORT,0.49206000566482544,0.47977787256240845,0.5043421387672424,0.4598190526875997,0.6027098894119263,50.793999433517456,0.5076256990432739,1,True,False,True,52.5,True,0.24614945054054266,UNRANKED,,False,,,
2025-07-18,2025-07-21,2025-07-25,T,XLC,26.574559326267966,26.71004867553711,27.020168827697933,4,take_profit,LONG,LONG,0.500013455748558,0.49568477272987366,0.5043421387672424,0.4710936770337162,0.5368258953094482,50.001345574855804,0.5076256990432739,2,False,True,True,52.5,True,0.2627797722816467,UNRANKED,,False,,,
2025-07-21,2025-07-22,2025-07-24,T,XLC,26.564881939108517,26.526174545288086,26.95360204278109,2,take_profit,LONG,LONG,0.508554995059967,0.5127678513526917,0.5043421387672424,0.4710936770337162,0.3945312798023224,50.855499505996704,0.5076256990432739,1,True,True,False,52.5,True,0.16717973351478574,UNRANKED,,False,,,
2025-07-22,2025-07-23,2025-07-24,T,XLC,25.451963438973387,26.613271713256836,25.83800017559797,1,take_profit,LONG,LONG,0.5015621185302734,0.5191986560821533,0.48392558097839355,0.4710936770337162,0.42106395959854126,50.156211853027344,0.5076256990432739,2,False,True,True,52.5,True,0.19966432452201838,UNRANKED,,False,,,
2025-07-23,2025-07-24,2025-07-31,T,XLC,26.874564782920885,26.526174545288086,26.526174545288086,5,time_exit,LONG,LONG,0.5062134861946106,0.5285013914108276,0.48392558097839355,0.4710936770337162,0.5218177437782288,50.62134861946106,0.5076256990432739,2,False,True,True,52.5,True,0.2217605412006378,UNRANKED,,False,,,
2025-07-24,2025-07-25,2025-07-29,T,XLC,27.01005076900401,26.855209350585938,26.639755653124407,2,take_profit,SHORT,SHORT,0.49847859144210815,0.4996754229068756,0.4972817599773407,0.4710936770337162,0.5997087359428406,50.152140855789185,0.5076256990432739,2,False,True,True,52.5,True,0.23116862773895266,UNRANKED,,False,,,
2025-07-25,2025-07-28,2025-07-29,T,XLC,27.029407874931547,26.78746795654297,26.6548967011383,1,take_profit,SHORT,SHORT,0.4945358335971832,0.49178990721702576,0.4972817599773407,0.4710936770337162,0.5686033964157104,50.54641664028168,0.5076256990432739,2,False,True,True,52.5,True,0.2728649973869323,UNRANKED,,False,,,
2025-07-28,2025-07-29,2025-08-05,T,XLC,26.787468938203705,26.87456512451172,26.87456512451172,5,time_exit,LONG,LONG,0.5014316886663437,0.5055816173553467,0.4972817599773407,0.4710936770337162,0.4601570665836334,50.14316886663437,0.5076256990432739,2,False,True,True,52.5,True,0.2888583540916443,UNRANKED,,False,,,
2025-07-29,2025-07-30,2025-08-05,T,XLC,26.45843100732018,26.603593826293945,26.872076342926345,4,stop_loss,SHORT,SHORT,0.496975302696228,0.49197918176651,0.501971423625946,0.4710936770337162,0.5960050821304321,50.3024697303772,0.5076256990432739,2,False,True,True,52.5,True,0.26393261551856995,UNRANKED,,False,,,
2025-07-30,2025-07-31,2025-08-05,T,XLC,26.46810973992246,27.15521240234375,26.86627094684908,3,stop_loss,SHORT,SHORT,0.49139371514320374,0.46894073486328125,0.5138466954231262,0.3814405212119195,0.6455207467079163,50.86062848567963,0.5076256990432739,1,True,False,True,52.5,True,0.34797999262809753,UNRANKED,,False,,,
2025-07-31,2025-08-01,2025-08-07,T,XLC,26.748755677804553,27.17456817626953,27.069495968855055,4,stop_loss,SHORT,SHORT,0.4926465153694153,0.4590247869491577,0.5262682437896729,0.3812684365781711,0.7363859415054321,50.73534846305847,0.5076256990432739,2,False,True,True,52.5,True,0.38583695888519287,UNRANKED,,False,,,
2025-08-01,2025-08-04,2025-08-11,T,XLC,26.89392163401788,27.232633590698242,27.232633590698242,5,time_exit,SHORT,SHORT,0.4913101941347122,0.47534558176994324,0.5072748064994812,0.3972602739726027,0.58241206407547,50.86898058652878,0.5076256990432739,1,True,False,True,52.5,True,0.3951274454593659,UNRANKED,,False,,,
2025-08-04,2025-08-05,2025-08-08,T,XLC,26.826176252002753,27.561670303344727,27.15797616786143,3,stop_loss,SHORT,SHORT,0.48862679302692413,0.48796260356903076,0.4892909824848175,0.4710936770337162,0.5402390956878662,51.13732069730759,0.5076256990432739,1,True,False,True,52.5,True,0.2804605960845947,UNRANKED,,False,,,
2025-08-05,2025-08-06,2025-08-12,T,XLC,27.039084463559842,27.484249114990234,27.373649489979346,4,take_profit,LONG,LONG,0.5003082454204559,0.49502086639404297,0.5055956244468689,0.4710936770337162,0.49692919850349426,50.03082454204559,0.5076256990432739,2,False,True,True,52.5,True,0.2076404392719269,UNRANKED,,False,,,
2025-08-06,2025-08-07,2025-08-08,T,XLC,26.564882941885138,27.822965621948242,26.932628477599422,1,stop_loss,SHORT,SHORT,0.49873727560043335,0.4885704517364502,0.5089040994644165,0.4710936770337162,0.5054296851158142,50.126272439956665,0.5076256990432739,2,False,True,True,52.5,True,0.21225067973136905,UNRANKED,,False,,,
2025-08-07,2025-08-08,2025-08-14,T,XLC,27.164890401972304,27.939096450805664,27.604526359962676,4,stop_loss,SHORT,SHORT,0.49561871588230133,0.49360617995262146,0.4976312518119812,0.4710936770337162,0.4173550605773926,50.43812841176987,0.5076256990432739,2,False,True,True,52.5,True,0.24728938937187184,UNRANKED,,False,,,
2025-08-08,2025-08-11,2025-08-14,T,XLC,27.271344688760646,27.987485885620117,27.652915777279063,3,stop_loss,SHORT,SHORT,0.49101920425891876,0.4690342843532562,0.5130041241645813,0.38235294117647056,0.7114241123199463,50.898079574108124,0.5076256990432739,1,True,False,True,52.5,True,0.1751362383365631,UNRANKED,,False,,,
2025-08-11,2025-08-12,2025-08-14,T,XLC,27.232633356036597,28.045549392700195,27.616969555115837,2,stop_loss,SHORT,SHORT,0.48467372357845306,0.45634332299232483,0.5130041241645813,0.3812684365781711,0.6218200922012329,51.532627642154694,0.5076256990432739,1,True,False,True,52.5,True,0.2239039540290832,UNRANKED,,False,,,
2025-08-12,2025-08-13,2025-08-18,T,XLC,27.581025010512246,28.33587646484375,27.966743492393523,3,take_profit,LONG,LONG,0.5097863972187042,0.5106686949729919,0.5089040994644165,0.4710936770337162,0.4790043234825134,50.97863972187042,0.5076256990432739,1,True,True,False,52.5,True,0.380696713924408,UNRANKED,,False,,,
2025-08-13,2025-08-14,2025-08-19,T,XLC,27.658447142697632,28.4907169342041,28.031723172011947,3,stop_loss,SHORT,SHORT,0.4910009056329727,0.4980762302875519,0.48392558097839355,0.4710936770337162,0.643541157245636,50.89990943670273,0.5076256990432739,1,True,False,True,52.5,True,0.3087396025657654,UNRANKED,,False,,,
2025-08-14,2025-08-15,2025-08-20,T,XLC,27.813287227556756,27.842321395874023,28.223891159528716,3,stop_loss,SHORT,SHORT,0.4901966154575348,0.4790095090866089,0.5013837218284607,0.4598190526875997,0.5821137428283691,50.98033845424652,0.5076256990432739,1,True,False,True,52.5,True,0.17474737763404852,UNRANKED,,False,,,
2025-08-15,2025-08-18,2025-08-21,T,XLC,28.045550692043946,27.81328582763672,28.417444711034598,3,stop_loss,SHORT,SHORT,0.49741269648075104,0.5076362490653992,0.4871891438961029,0.5076362490653992,0.6281472444534302,50.258730351924896,0.5036262273788452,2,False,True,True,52.0,True,-0.03733158111572264,UNRANKED,,False,,,
2025-08-18,2025-08-19,2025-08-20,T,XLC,27.93909756016288,27.63909149169922,28.29163662266288,1,stop_loss,SHORT,SHORT,0.49305465817451477,0.48517292737960815,0.5009363889694214,0.48517292737960815,0.6919746398925781,50.69453418254852,0.5036262273788452,1,True,False,True,52.0,True,0.09287622570991506,UNRANKED,,False,,,
2025-08-19,2025-08-20,2025-08-25,T,XLC,28.161680211719293,28.122968673706055,27.81328881506053,3,take_profit,SHORT,SHORT,0.49690714478492737,0.5174206495285034,0.4763936400413513,0.5174206495285034,0.45341140031814575,50.30928552150726,0.5036262273788452,2,False,True,True,52.0,True,0.21015959978103624,UNRANKED,,False,,,
2025-08-20,2025-08-21,2025-08-22,T,XLC,28.306842907879922,28.006839752197266,27.929418667767617,1,stop_loss,LONG,LONG,0.5016528517007828,0.499469131231308,0.5038365721702576,0.499469131231308,0.39419323205947876,50.16528517007828,0.5036262273788452,2,False,True,True,52.0,True,0.25216546654701244,UNRANKED,,False,,,
2025-08-21,2025-08-22,2025-08-25,T,XLC,28.519749022012427,28.34555435180664,28.16720968703405,1,stop_loss,LONG,LONG,0.5041277706623077,0.5073191523551941,0.5009363889694214,0.5073191523551941,0.30637484788894653,50.412777066230774,0.5036262273788452,1,True,True,False,52.0,True,0.2650666832923891,UNRANKED,,False,,,
2025-08-22,2025-08-25,2025-08-29,T,XLC,27.84231914981285,28.142324447631836,28.277809076832245,4,take_profit,LONG,LONG,0.5028723776340485,0.49827849864959717,0.5074662566184998,0.49827849864959717,0.3555338680744171,50.287237763404846,0.5036262273788452,2,False,True,True,52.0,True,0.33689954876899725,UNRANKED,,False,,,
2025-08-25,2025-08-26,2025-08-29,T,XLC,27.90038587175794,28.103614807128906,28.327581284529984,3,stop_loss,SHORT,SHORT,0.4996074438095093,0.49827849864959717,0.5009363889694214,0.49827849864959717,0.5347228050231934,50.03925561904907,0.5036262273788452,2,False,True,True,52.0,True,0.16039153933525094,UNRANKED,,False,,,
2025-08-26,2025-08-27,2025-08-28,T,XLC,27.58102621921816,28.626203536987305,27.99439635166445,1,take_profit,LONG,LONG,0.5002485066652298,0.499469131231308,0.5010278820991516,0.499469131231308,0.4602585434913635,50.02485066652298,0.5036262273788452,2,False,True,True,52.0,True,-0.199861079454422,UNRANKED,,False,,,
2025-08-27,2025-08-28,2025-09-04,T,XLC,28.08426010472237,28.635879516601562,28.487952895162522,4,take_profit,LONG,LONG,0.5034676939249039,0.499469131231308,0.5074662566184998,0.499469131231308,0.5022101998329163,50.34676939249039,0.5036262273788452,2,False,True,True,52.0,True,0.06658807396888741,UNRANKED,,False,,,
2025-08-28,2025-08-29,2025-09-04,T,XLC,28.08425997108521,27.968128204345703,28.501777496894363,3,take_profit,LONG,LONG,0.5036603659391403,0.499469131231308,0.5078516006469727,0.499469131231308,0.7091620564460754,50.36603659391403,0.5036262273788452,1,True,True,False,52.0,True,-0.11288216710090637,UNRANKED,,False,,,
2025-08-29,2025-09-02,2025-09-09,T,XLC,28.355229952133957,28.471359252929688,28.471359252929688,5,time_exit,SHORT,SHORT,0.4994632452726364,0.499469131231308,0.49945735931396484,0.499469131231308,0.7547563910484314,50.05367547273636,0.5036262273788452,2,False,True,True,52.0,True,-0.01502960920333864,UNRANKED,,False,,,
2025-09-02,2025-09-03,2025-09-04,T,XLC,28.07458148361465,28.258455276489258,28.514219348953656,1,take_profit,LONG,LONG,0.5002027601003647,0.499469131231308,0.5009363889694214,0.499469131231308,0.48389196395874023,50.02027601003647,0.5036262273788452,2,False,True,True,52.0,True,0.07337635755538946,UNRANKED,,False,,,
2025-09-03,2025-09-04,2025-09-11,T,XLC,28.23910176131799,28.539104461669922,28.539104461669922,5,time_exit,SHORT,SHORT,0.4994632452726364,0.499469131231308,0.49945735931396484,0.499469131231308,0.7240903377532959,50.05367547273636,0.5036262273788452,2,False,True,True,52.0,True,0.10691118240356445,UNRANKED,,False,,,
2025-09-04,2025-09-05,2025-09-08,T,XLC,28.62620174208578,28.61652374267578,28.16582663745408,1,stop_loss,LONG,LONG,0.5049508064985275,0.499469131231308,0.5104324817657471,0.499469131231308,0.5767473578453064,50.49508064985275,0.5036262273788452,1,True,True,False,52.0,True,0.20623904466629028,UNRANKED,,False,,,
2025-09-05,2025-09-08,2025-09-09,T,XLC,27.581026447930075,28.664913177490234,28.026193716955603,1,take_profit,LONG,LONG,0.5002027601003647,0.499469131231308,0.5009363889694214,0.499469131231308,0.44438982009887695,50.02027601003647,0.5036262273788452,2,False,True,True,52.0,True,0.13780876994132998,UNRANKED,,False,,,
2025-09-08,2025-09-09,2025-09-11,T,XLC,27.968126084803114,28.38426399230957,28.50177362203456,2,stop_loss,SHORT,SHORT,0.4974830150604248,0.499469131231308,0.4954968988895416,0.499469131231308,0.6579615473747253,50.25169849395752,0.5036262273788452,2,False,True,True,52.0,True,0.284938246011734,UNRANKED,,False,,,
2025-09-09,2025-09-10,2025-09-17,T,XLC,28.306842302770683,28.587493896484375,28.587493896484375,5,time_exit,LONG,LONG,0.5057404786348343,0.499469131231308,0.5120118260383606,0.499469131231308,0.6245005130767822,50.57404786348343,0.5036262273788452,1,True,True,False,52.0,True,0.30302998423576355,UNRANKED,,False,,,
2025-09-10,2025-09-11,2025-09-18,T,XLC,28.345554503168024,28.258455276489258,28.258455276489258,5,time_exit,LONG,LONG,0.5024763494729996,0.499469131231308,0.5054835677146912,0.499469131231308,0.4945286214351654,50.24763494729996,0.5036262273788452,2,False,True,True,52.0,True,0.33230084180831904,UNRANKED,,False,,,
2025-09-11,2025-09-12,2025-09-19,T,XLC,28.471360817773377,28.074581146240234,28.074581146240234,5,time_exit,LONG,LONG,0.5034676939249039,0.499469131231308,0.5074662566184998,0.499469131231308,0.44662874937057495,50.34676939249039,0.5036262273788452,2,False,True,True,52.0,True,0.45925635099411016,UNRANKED,,False,,,
2025-09-12,2025-09-15,2025-09-19,T,XLC,28.65523540286056,27.987485885620117,28.132648307872415,4,stop_loss,LONG,LONG,0.5057404786348343,0.499469131231308,0.5120118260383606,0.499469131231308,0.5035955905914307,50.57404786348343,0.5036262273788452,1,True,True,False,52.0,True,0.5022435486316681,UNRANKED,,False,,,
2025-09-15,2025-09-16,2025-09-19,T,XLC,28.664913926361784,27.861677169799805,28.139561993291192,3,stop_loss,LONG,LONG,0.5057404786348343,0.499469131231308,0.5120118260383606,0.499469131231308,0.6073143482208252,50.57404786348343,0.5036262273788452,1,True,True,False,52.0,True,0.5534740686416624,UNRANKED,,False,,,
2025-09-16,2025-09-17,2025-09-24,T,XLC,28.38426431334678,27.406831741333008,27.84370454467002,5,stop_loss,LONG,LONG,0.5024763494729996,0.499469131231308,0.5054835677146912,0.499469131231308,0.5123820900917053,50.24763494729996,0.5036262273788452,2,False,True,True,52.0,True,0.18756347894668574,UNRANKED,,False,,,
2025-09-17,2025-09-18,2025-09-23,T,XLC,28.403618201180272,27.387475967407227,27.903150900765233,3,take_profit,SHORT,SHORT,0.4992392808198929,0.499469131231308,0.4990094304084778,0.499469131231308,0.6350272297859192,50.07607191801071,0.5036262273788452,2,False,True,True,52.0,True,0.2677366137504579,UNRANKED,,False,,,
2025-09-18,2025-09-19,2025-09-24,T,XLC,28.31651996841137,27.397151947021484,27.785636996784,3,take_profit,SHORT,SHORT,0.4974830150604248,0.499469131231308,0.4954968988895416,0.499469131231308,0.6518498659133911,50.25169849395752,0.5036262273788452,2,False,True,True,52.0,True,0.2469115257263184,UNRANKED,,False,,,
2025-09-19,2025-09-22,2025-09-24,T,XLC,28.00684143637703,27.16489028930664,27.498078531801138,2,take_profit,SHORT,SHORT,0.4974830150604248,0.499469131231308,0.4954968988895416,0.499469131231308,0.6596019268035889,50.25169849395752,0.5036262273788452,2,False,True,True,52.0,True,0.2395643293857574,UNRANKED,,False,,,
2025-09-22,2025-09-23,2025-09-24,T,XLC,27.98748455203127,27.329410552978516,27.49531231082033,1,stop_loss,LONG,LONG,0.5068704336881638,0.499469131231308,0.5142717361450195,0.499469131231308,0.4892982840538025,50.687043368816376,0.5036262273788452,1,True,True,False,52.0,True,0.2603458762168885,UNRANKED,,False,,,
2025-09-23,2025-09-24,2025-09-29,T,XLC,27.764902039860413,26.661657333374023,27.260287073604136,3,stop_loss,LONG,LONG,0.5066792368888855,0.5058922171592712,0.5074662566184998,0.5058922171592712,0.3315596580505371,50.66792368888855,0.5036262273788452,1,True,True,False,52.0,True,0.22843962907791146,UNRANKED,,False,,,
2025-09-24,2025-09-25,2025-10-01,T,XLC,27.581027777871384,26.139070510864258,27.08609042609962,4,stop_loss,LONG,LONG,0.5002027601003647,0.499469131231308,0.5009363889694214,0.499469131231308,0.41584423184394836,50.02027601003647,0.5036262273788452,2,False,True,True,52.0,True,0.2599734663963318,UNRANKED,,False,,,
2025-09-25,2025-09-26,2025-10-01,T,XLC,27.46489452249032,26.187458038330078,26.968574342959766,3,stop_loss,LONG,LONG,0.5024763494729996,0.499469131231308,0.5054835677146912,0.499469131231308,0.47813543677330017,50.24763494729996,0.5036262273788452,2,False,True,True,52.0,True,0.34360709786415095,UNRANKED,,False,,,
2025-09-26,2025-09-29,2025-10-01,T,XLC,27.339086534240817,25.035831451416016,26.936777116516208,2,stop_loss,LONG,LONG,0.5021402388811111,0.49681422114372253,0.5074662566184998,0.49681422114372253,0.4010830819606781,50.214023888111115,0.5036262273788452,2,False,True,True,52.0,True,0.2948510050773621,UNRANKED,,False,,,
2025-09-29,2025-09-30,2025-10-01,T,XLC,27.232634649905183,25.31648063659668,26.86903514516188,1,stop_loss,LONG,LONG,0.5021402388811111,0.49681422114372253,0.5074662566184998,0.49681422114372253,0.4406525492668152,50.214023888111115,0.5036262273788452,2,False,True,True,52.0,True,0.16803374886512754,UNRANKED,,False,,,
2025-09-30,2025-10-01,2025-10-02,T,XLC,27.145534975328882,25.403575897216797,26.788847429552515,1,stop_loss,LONG,LONG,0.5002027601003647,0.499469131231308,0.5009363889694214,0.499469131231308,0.4486551582813263,50.02027601003647,0.5036262273788452,2,False,True,True,52.0,True,0.16826161742210383,UNRANKED,,False,,,
2025-10-01,2025-10-02,2025-10-06,T,XLC,26.51649448194271,25.258413314819336,26.104506359820082,2,stop_loss,LONG,LONG,0.5034676939249039,0.499469131231308,0.5074662566184998,0.499469131231308,0.44943705201148987,50.34676939249039,0.5036262273788452,2,False,True,True,52.0,True,0.27250233292579656,UNRANKED,,False,,,
2025-10-02,2025-10-03,2025-10-06,T,XLC,26.14874878596763,25.30536651611328,25.673165300773015,1,stop_loss,LONG,LONG,0.5002027601003647,0.499469131231308,0.5009363889694214,0.499469131231308,0.47750434279441833,50.02027601003647,0.5036262273788452,2,False,True,True,52.0,True,0.10791218280792239,UNRANKED,,False,,,
2025-10-03,2025-10-06,2025-10-13,T,XLC,25.68422760288008,25.031476974487305,25.208644390163844,5,stop_loss,LONG,LONG,0.5002027601003647,0.499469131231308,0.5009363889694214,0.499469131231308,0.4516507685184479,50.02027601003647,0.5036262273788452,2,False,True,True,52.0,True,0.32307106256484996,UNRANKED,,False,,,
2025-10-06,2025-10-07,2025-10-14,T,XLC,25.084219566499552,25.559690475463867,25.559690475463867,5,time_exit,LONG,LONG,0.5002027601003647,0.499469131231308,0.5009363889694214,0.499469131231308,0.5086840391159058,50.02027601003647,0.5036262273788452,2,False,True,True,52.0,True,0.2545367181301117,UNRANKED,,False,,,
2025-10-07,2025-10-08,2025-10-15,T,XLC,25.384220348768093,25.500999450683594,25.500999450683594,5,time_exit,LONG,LONG,0.5002027601003647,0.499469131231308,0.5009363889694214,0.499469131231308,0.48884934186935425,50.02027601003647,0.5036262273788452,2,False,True,True,52.0,True,0.20466649532318112,UNRANKED,,False,,,
2025-10-08,2025-10-09,2025-10-16,T,XLC,25.403576238441083,25.628164291381836,25.628164291381836,5,time_exit,LONG,LONG,0.5006537288427353,0.499469131231308,0.5018383264541626,0.499469131231308,0.542119026184082,50.06537288427353,0.5036262273788452,2,False,True,True,52.0,True,0.24625322222709656,UNRANKED,,False,,,
2025-10-09,2025-10-10,2025-10-17,T,XLC,25.27602061945029,25.765108108520508,25.765108108520508,5,time_exit,LONG,LONG,0.5024763494729996,0.499469131231308,0.5054835677146912,0.499469131231308,0.5211358666419983,50.24763494729996,0.5036262273788452,2,False,True,True,52.0,True,0.3896819949150085,UNRANKED,,False,,,
2025-10-10,2025-10-13,2025-10-17,T,XLC,25.119512798393945,25.530345916748047,25.684753113422545,4,stop_loss,SHORT,SHORT,0.4974830150604248,0.499469131231308,0.4954968988895416,0.499469131231308,0.6292500495910645,50.25169849395752,0.5036262273788452,2,False,True,True,52.0,True,0.3888732194900513,UNRANKED,,False,,,
2025-10-13,2025-10-14,2025-10-16,T,XLC,25.021695423320267,25.48143768310547,25.60809014203539,2,take_profit,LONG,LONG,0.5036666542291641,0.499469131231308,0.5078641772270203,0.499469131231308,0.5012040734291077,50.36666542291641,0.5036262273788452,1,True,True,False,52.0,True,0.2984249591827393,UNRANKED,,False,,,
2025-10-14,2025-10-15,2025-10-22,T,XLC,25.48143552017284,24.99234962463379,24.99234962463379,5,time_exit,LONG,LONG,0.5034676939249039,0.499469131231308,0.5074662566184998,0.499469131231308,0.3841927647590637,50.34676939249039,0.5036262273788452,2,False,True,True,52.0,True,0.43706676363945,UNRANKED,,False,,,
2025-10-15,2025-10-16,2025-10-23,T,XLC,25.530346500126953,24.08264923095703,24.927851306645508,5,stop_loss,LONG,LONG,0.5034676939249039,0.499469131231308,0.5074662566184998,0.499469131231308,0.4277023673057556,50.34676939249039,0.5036262273788452,2,False,True,True,52.0,True,0.36762565374374395,UNRANKED,,False,,,
2025-10-16,2025-10-17,2025-10-22,T,XLC,25.81401607134305,24.591299057006836,25.194736754849608,3,take_profit,SHORT,SHORT,0.49497541785240173,0.48517292737960815,0.5047779083251953,0.48517292737960815,0.7042396664619446,50.50245821475983,0.5036262273788452,1,True,False,True,52.0,True,0.2645579278469087,UNRANKED,,False,,,
2025-10-17,2025-10-20,2025-10-22,T,XLC,25.765107490963857,24.972787857055664,25.15944500883844,2,stop_loss,LONG,LONG,0.5002027601003647,0.499469131231308,0.5009363889694214,0.499469131231308,0.39814290404319763,50.02027601003647,0.5036262273788452,2,False,True,True,52.0,True,0.3044245243072511,UNRANKED,,False,,,
2025-10-20,2025-10-21,2025-10-23,T,XLC,25.57925547824315,25.13907814025879,24.963558434960508,2,stop_loss,LONG,LONG,0.5002027601003647,0.499469131231308,0.5009363889694214,0.499469131231308,0.3781934082508087,50.02027601003647,0.5036262273788452,2,False,True,True,52.0,True,0.2854162454605103,UNRANKED,,False,,,
2025-10-21,2025-10-22,2025-10-27,T,XLC,24.37610071037683,24.591299057006836,24.903391327093487,3,take_profit,LONG,LONG,0.5002027601003647,0.499469131231308,0.5009363889694214,0.499469131231308,0.3827163577079773,50.02027601003647,0.5036262273788452,2,False,True,True,52.0,True,0.30111193656921387,UNRANKED,,False,,,
2025-10-22,2025-10-23,2025-10-24,T,XLC,25.11951334359396,24.141340255737305,24.59700826459703,1,stop_loss,LONG,LONG,0.5002027601003647,0.499469131231308,0.5009363889694214,0.499469131231308,0.3810896575450897,50.02027601003647,0.5036262273788452,2,False,True,True,52.0,True,0.3193027377128602,UNRANKED,,False,,,
2025-10-23,2025-10-24,2025-10-27,T,XLC,24.102211951715727,24.209810256958008,24.74776172588565,1,take_profit,LONG,LONG,0.5002027601003647,0.499469131231308,0.5009363889694214,0.499469131231308,0.4806990623474121,50.02027601003647,0.5036262273788452,2,False,True,True,52.0,True,0.36472192406654363,UNRANKED,,False,,,
2025-10-24,2025-10-27,2025-10-28,T,XLC,24.532608723246298,23.994613647460938,25.086304674435613,1,stop_loss,SHORT,SHORT,0.4994632452726364,0.499469131231308,0.49945735931396484,0.499469131231308,0.6704791784286499,50.05367547273636,0.5036262273788452,2,False,True,True,52.0,True,0.3223090171813965,UNRANKED,,False,,,
2025-10-27,2025-10-28,2025-10-30,T,XLC,24.855406721590914,23.906578063964844,24.28730511113472,2,stop_loss,LONG,LONG,0.5057404786348343,0.499469131231308,0.5120118260383606,0.499469131231308,0.48642295598983765,50.57404786348343,0.5036262273788452,1,True,True,False,52.0,True,0.5514838397502898,UNRANKED,,False,,,
2025-10-28,2025-10-29,2025-10-30,T,XLC,25.549911201324036,24.023956298828125,24.970496016213126,1,stop_loss,LONG,LONG,0.502472534775734,0.4993700683116913,0.5055750012397766,0.4993700683116913,0.6339462399482727,50.247253477573395,0.5036262273788452,2,False,True,True,52.0,True,0.28351292014122015,UNRANKED,,False,,,
2025-10-29,2025-10-30,2025-11-06,T,XLC,24.444573744143803,24.200029373168945,24.200029373168945,5,time_exit,LONG,LONG,0.502472534775734,0.4993700683116913,0.5055750012397766,0.4993700683116913,0.6497089266777039,50.247253477573395,0.5036262273788452,2,False,True,True,52.0,True,0.27637615799903864,UNRANKED,,False,,,
2025-10-30,2025-10-31,2025-11-07,T,XLC,24.092428537826038,24.28806495666504,24.28806495666504,5,time_exit,SHORT,SHORT,0.4955824464559555,0.49544164538383484,0.49572324752807617,0.49544164538383484,0.5603746771812439,50.44175535440445,0.5036262273788452,1,True,False,True,52.0,True,0.5084423422813416,UNRANKED,,False,,,
2025-10-31,2025-11-03,2025-11-10,T,XLC,24.102211540098338,24.28806495666504,24.28806495666504,5,time_exit,LONG,LONG,0.5063369572162628,0.500662088394165,0.5120118260383606,0.500662088394165,0.6911846995353699,50.63369572162628,0.5036262273788452,1,True,True,False,52.0,True,0.5203227400779724,UNRANKED,,False,,,
2025-11-03,2025-11-04,2025-11-11,T,XLC,23.935922096019386,24.63042640686035,24.55636380526534,5,take_profit,LONG,LONG,0.5030728280544281,0.500662088394165,0.5054835677146912,0.500662088394165,0.6395329833030701,50.30728280544281,0.5036262273788452,2,False,True,True,52.0,True,0.5023368895053862,UNRANKED,,False,,,
2025-11-04,2025-11-05,2025-11-11,T,XLC,23.92613851191708,25.090167999267578,24.55077230097958,4,stop_loss,SHORT,SHORT,0.4926898926496506,0.4867556095123291,0.49862417578697205,0.4867556095123291,0.7254854440689087,50.73101073503494,0.5036262273788452,1,True,False,True,52.0,True,0.331182301044464,UNRANKED,,False,,,
2025-11-05,2025-11-06,2025-11-11,T,XLC,23.759852104618467,25.187984466552734,24.383087807133116,3,take_profit,LONG,LONG,0.5001143962144852,0.49314770102500916,0.5070810914039612,0.49314770102500916,0.38425761461257935,50.01143962144852,0.5036262273788452,2,False,True,True,52.0,True,0.4932682216167451,UNRANKED,,False,,,
2025-11-06,2025-11-07,2025-11-12,T,XLC,24.26850102517814,25.031476974487305,24.89732662157881,3,take_profit,LONG,LONG,0.5001143962144852,0.49314770102500916,0.5070810914039612,0.49314770102500916,0.4642772674560547,50.01143962144852,0.5036262273788452,2,False,True,True,52.0,True,0.5365454256534576,UNRANKED,,False,,,
2025-11-07,2025-11-10,2025-11-12,T,XLC,24.20002913069319,24.91409683227539,24.80789378305438,2,take_profit,LONG,LONG,0.5001143962144852,0.49314770102500916,0.5070810914039612,0.49314770102500916,0.38509243726730347,50.01143962144852,0.5036262273788452,2,False,True,True,52.0,True,0.3107672333717347,UNRANKED,,False,,,
2025-11-10,2025-11-11,2025-11-12,T,XLC,24.385882859319196,25.041259765625,24.986760621160016,1,take_profit,LONG,LONG,0.5032837390899658,0.5056310892105103,0.5009363889694214,0.5056310892105103,0.3335295617580414,50.32837390899658,0.5036262273788452,2,False,True,True,52.0,True,0.12194719910621653,UNRANKED,,False,,,
2025-11-11,2025-11-12,2025-11-19,T,XLC,24.884752311646867,24.718463897705078,24.718463897705078,5,time_exit,LONG,LONG,0.5002027601003647,0.499469131231308,0.5009363889694214,0.499469131231308,0.34276139736175537,50.02027601003647,0.5036262273788452,2,False,True,True,52.0,True,0.2562394142150879,UNRANKED,,False,,,
2025-11-12,2025-11-13,2025-11-20,T,XLC,25.09016667800482,24.96300506591797,24.96300506591797,5,time_exit,SHORT,SHORT,0.4992942065000534,0.499469131231308,0.49911928176879883,0.499469131231308,0.6547858715057373,50.07057934999466,0.5036262273788452,2,False,True,True,52.0,True,0.14290896058082575,UNRANKED,,False,,,
2025-11-13,2025-11-14,2025-11-19,T,XLC,25.305366411721202,25.364057540893555,24.848419902496175,3,take_profit,SHORT,SHORT,0.49909962713718414,0.499469131231308,0.4987301230430603,0.499469131231308,0.6116731762886047,50.090037286281586,0.5036262273788452,2,False,True,True,52.0,True,0.20350581407547005,UNRANKED,,False,,,
2025-11-14,2025-11-17,2025-11-24,T,XLC,25.070604558975035,25.060823440551758,25.060823440551758,5,time_exit,SHORT,SHORT,0.4945836514234543,0.499469131231308,0.4896981716156006,0.499469131231308,0.5160936713218689,50.54163485765457,0.5036262273788452,1,True,False,True,52.0,True,0.21869951486587536,UNRANKED,,False,,,
2025-11-17,2025-11-18,2025-11-25,T,XLC,24.98256983632525,25.29558563232422,25.29558563232422,5,time_exit,LONG,LONG,0.5034676939249039,0.499469131231308,0.5074662566184998,0.499469131231308,0.3280543088912964,50.34676939249039,0.5036262273788452,2,False,True,True,52.0,True,0.39711427688598633,UNRANKED,,False,,,
2025-11-18,2025-11-19,2025-11-26,T,XLC,25.041261327566914,25.256458282470703,25.256458282470703,5,time_exit,LONG,LONG,0.5034676939249039,0.499469131231308,0.5074662566184998,0.499469131231308,0.3152429759502411,50.34676939249039,0.5036262273788452,2,False,True,True,52.0,True,0.2756390273571014,UNRANKED,,False,,,
2025-11-19,2025-11-20,2025-11-21,T,XLC,24.698897594364055,25.45209312438965,25.038462598985287,1,take_profit,LONG,LONG,0.5002027601003647,0.499469131231308,0.5009363889694214,0.499469131231308,0.37604665756225586,50.02027601003647,0.5036262273788452,2,False,True,True,52.0,True,0.19883647561073306,UNRANKED,,False,,,
2025-11-20,2025-11-21,2025-11-28,T,XLC,24.963006264413526,25.227113723754883,25.327724292890785,4,take_profit,LONG,LONG,0.5027282983064651,0.499469131231308,0.5059874653816223,0.499469131231308,0.40962710976600647,50.272829830646515,0.5036262273788452,2,False,True,True,52.0,True,0.23491957783699033,UNRANKED,,False,,,
2025-11-21,2025-11-24,2025-12-02,T,XLC,25.422746844198073,24.96300506591797,25.031477977795312,5,stop_loss,LONG,LONG,0.5021402388811111,0.49681422114372253,0.5074662566184998,0.49681422114372253,0.3566945493221283,50.214023888111115,0.5036262273788452,2,False,True,True,52.0,True,0.29908928275108354,UNRANKED,,False,,,
2025-11-24,2025-11-25,2025-12-03,T,XLC,25.197767838316896,24.767370223999023,24.775756326650463,5,stop_loss,LONG,LONG,0.5034676939249039,0.499469131231308,0.5074662566184998,0.499469131231308,0.3707481324672699,50.34676939249039,0.5036262273788452,2,False,True,True,52.0,True,0.3504615724086761,UNRANKED,,False,,,
2025-11-25,2025-11-26,2025-12-03,T,XLC,25.26624024864245,24.83584213256836,24.827459600274704,4,stop_loss,LONG,LONG,0.5034676939249039,0.499469131231308,0.5074662566184998,0.499469131231308,0.3633038401603699,50.34676939249039,0.5036262273788452,2,False,True,True,52.0,True,0.4522518515586853,UNRANKED,,False,,,
2025-11-26,2025-11-28,2025-12-03,T,XLC,25.256457538158706,24.728242874145508,24.837240564717717,3,stop_loss,LONG,LONG,0.5002027601003647,0.499469131231308,0.5009363889694214,0.499469131231308,0.333944171667099,50.02027601003647,0.5036262273788452,2,False,True,True,52.0,True,0.2684877812862397,UNRANKED,,False,,,
2025-11-28,2025-12-01,2025-12-03,T,XLC,25.383621447801474,24.297847747802734,24.94903315172865,2,stop_loss,LONG,LONG,0.5002027601003647,0.499469131231308,0.5009363889694214,0.499469131231308,0.40580838918685913,50.02027601003647,0.5036262273788452,2,False,True,True,52.0,True,0.3882707059383391,UNRANKED,,False,,,
2025-12-01,2025-12-02,2025-12-03,T,XLC,25.266238533784048,23.97504997253418,24.79951032333483,1,stop_loss,LONG,LONG,0.5025220662355423,0.499469131231308,0.5055750012397766,0.499469131231308,0.6089310050010681,50.25220662355423,0.5036262273788452,2,False,True,True,52.0,True,0.34543040394783026,UNRANKED,,False,,,
2025-12-02,2025-12-03,2025-12-08,T,XLC,25.002131806013328,23.857667922973633,24.546582565901023,3,stop_loss,LONG,LONG,0.5034676939249039,0.499469131231308,0.5074662566184998,0.499469131231308,0.4240906834602356,50.34676939249039,0.5036262273788452,2,False,True,True,52.0,True,0.2658572196960449,UNRANKED,,False,,,
2025-12-03,2025-12-04,2025-12-08,T,XLC,24.816280066679116,23.76963233947754,24.398460362350853,2,stop_loss,LONG,LONG,0.5002027601003647,0.499469131231308,0.5009363889694214,0.499469131231308,0.38951292634010315,50.02027601003647,0.5036262273788452,2,False,True,True,52.0,True,0.18066188693046564,UNRANKED,,False,,,
2025-12-04,2025-12-05,2025-12-08,T,XLC,24.80649673053727,24.043521881103516,24.39286910602555,1,stop_loss,LONG,LONG,0.503626212477684,0.499469131231308,0.5077832937240601,0.499469131231308,0.4095163345336914,50.3626212477684,0.5036262273788452,2,False,True,True,52.0,True,0.20996356010437017,UNRANKED,,False,,,
2025-12-05,2025-12-08,2025-12-09,T,XLC,24.786934857274257,23.779415130615234,24.38029412328291,1,stop_loss,LONG,LONG,0.503626212477684,0.499469131231308,0.5077832937240601,0.499469131231308,0.45402824878692627,50.3626212477684,0.5036262273788452,2,False,True,True,52.0,True,0.10410165786743164,UNRANKED,,False,,,
2025-12-08,2025-12-09,2025-12-11,T,XLC,24.297847385341306,23.544652938842773,23.846490225045546,2,stop_loss,LONG,LONG,0.502099022269249,0.499469131231308,0.5047289133071899,0.499469131231308,0.4552503228187561,50.209902226924896,0.5036262273788452,2,False,True,True,52.0,True,0.17851200699806213,UNRANKED,,False,,,
2025-12-09,2025-12-10,2025-12-17,T,XLC,24.023957610082952,23.828323364257812,23.828323364257812,5,time_exit,SHORT,SHORT,0.4998658746480942,0.499469131231308,0.5002626180648804,0.499469131231308,0.646003782749176,50.01341253519058,0.5036262273788452,2,False,True,True,52.0,True,0.11285194754600539,UNRANKED,,False,,,
2025-12-10,2025-12-11,2025-12-18,T,XLC,23.92614006238965,23.730504989624023,23.730504989624023,5,time_exit,LONG,LONG,0.5002027601003647,0.499469131231308,0.5009363889694214,0.499469131231308,0.3691697120666504,50.02027601003647,0.5036262273788452,2,False,True,True,52.0,True,0.3442023396492004,UNRANKED,,False,,,
2025-12-11,2025-12-12,2025-12-19,T,XLC,23.857668259776617,23.622907638549805,23.622907638549805,5,time_exit,SHORT,SHORT,0.49887530505657196,0.49681422114372253,0.5009363889694214,0.49681422114372253,0.5348269939422607,50.112469494342804,0.5036262273788452,2,False,True,True,52.0,True,0.4498838186264037,UNRANKED,,False,,,
2025-12-12,2025-12-15,2025-12-16,T,XLC,23.955486791431554,23.76963233947754,23.546050701779627,1,stop_loss,LONG,LONG,0.50032539665699,0.49681422114372253,0.5038365721702576,0.49681422114372253,0.39918842911720276,50.032539665699005,0.5036262273788452,2,False,True,True,52.0,True,0.32254484295845015,UNRANKED,,False,,,
2025-12-15,2025-12-16,2025-12-23,T,XLC,23.828324355320035,23.92613983154297,23.92613983154297,5,time_exit,SHORT,SHORT,0.49690714478492737,0.5174206495285034,0.4763936400413513,0.5174206495285034,0.4392128884792328,50.30928552150726,0.5036262273788452,2,False,True,True,52.0,True,0.27559494972229004,UNRANKED,,False,,,
2025-12-16,2025-12-17,2025-12-24,T,XLC,23.583779821901206,24.121774673461914,23.987626290145485,5,take_profit,LONG,LONG,0.5041277706623077,0.5073191523551941,0.5009363889694214,0.5073191523551941,0.2838612198829651,50.412777066230774,0.5036262273788452,1,True,True,False,52.0,True,0.35146734118461614,UNRANKED,,False,,,
2025-12-17,2025-12-18,2025-12-26,T,XLC,23.77941295060294,24.11199188232422,24.11199188232422,5,time_exit,LONG,LONG,0.5060485303401947,0.5073191523551941,0.5047779083251953,0.5073191523551941,0.3061903119087219,50.60485303401947,0.5036262273788452,1,True,True,False,52.0,True,0.17724958062171936,UNRANKED,,False,,,
2025-12-18,2025-12-19,2025-12-24,T,XLC,23.681597570835834,24.2293758392334,24.106404983119596,3,take_profit,LONG,LONG,0.5034676939249039,0.499469131231308,0.5074662566184998,0.499469131231308,0.3081066906452179,50.34676939249039,0.5036262273788452,2,False,True,True,52.0,True,0.3123802542686463,UNRANKED,,False,,,
2025-12-19,2025-12-22,2025-12-24,T,XLC,23.62290658246234,24.26850128173828,24.030945130523165,2,take_profit,LONG,LONG,0.5049102008342743,0.5102716088294983,0.4995487928390503,0.5102716088294983,0.42730408906936646,50.49102008342743,0.5036262273788452,1,True,True,False,52.0,True,0.26952531933784496,UNRANKED,,False,,,
2025-12-22,2025-12-23,2025-12-29,T,XLC,23.75007004425504,24.297847747802734,24.141339455614553,3,stop_loss,SHORT,SHORT,0.4945836514234543,0.499469131231308,0.4896981716156006,0.499469131231308,0.5828030109405518,50.54163485765457,0.5036262273788452,1,True,False,True,52.0,True,0.10170575976371768,UNRANKED,,False,,,
2025-12-23,2025-12-24,2025-12-29,T,XLC,23.83810513679935,24.023956298828125,24.223784926751218,2,take_profit,LONG,LONG,0.506672129034996,0.499469131231308,0.5138751268386841,0.499469131231308,0.5666782855987549,50.6672129034996,0.5036262273788452,1,True,True,False,52.0,True,0.26618388295173645,UNRANKED,,False,,,
2025-12-24,2025-12-26,2026-01-05,T,XLC,24.07286588737771,24.170684814453125,24.170684814453125,5,time_exit,LONG,LONG,0.5056302547454834,0.4944879412651062,0.5167725682258606,0.4944879412651062,0.6210564970970154,50.56302547454834,0.5036262273788452,1,True,True,False,52.0,True,0.1328360438346861,UNRANKED,,False,,,
2025-12-26,2025-12-29,2026-01-06,T,XLC,24.141340010313705,23.808759689331055,23.808759689331055,5,time_exit,LONG,LONG,0.5024763494729996,0.499469131231308,0.5054835677146912,0.499469131231308,0.5369404554367065,50.24763494729996,0.5036262273788452,2,False,True,True,52.0,True,0.33999201655387884,UNRANKED,,False,,,
2025-12-29,2025-12-30,2026-01-06,T,XLC,24.22937528407005,23.446834564208984,23.884219023170914,4,take_profit,SHORT,SHORT,0.4992392808198929,0.499469131231308,0.4990094304084778,0.499469131231308,0.620094895362854,50.07607191801071,0.5036262273788452,2,False,True,True,52.0,True,0.20844259858131411,UNRANKED,,False,,,
2025-12-30,2025-12-31,2026-01-06,T,XLC,24.248939783143285,23.64246940612793,23.94430814121039,3,take_profit,SHORT,SHORT,0.4959743618965149,0.499469131231308,0.4924795925617218,0.499469131231308,0.6800154447555542,50.40256381034851,0.5036262273788452,1,True,False,True,52.0,True,0.04946723580360407,UNRANKED,,False,,,
2025-12-31,2026-01-02,2026-01-06,T,XLC,24.24893776843925,23.466400146484375,23.95688263843437,2,take_profit,SHORT,SHORT,0.49305465817451477,0.48517292737960815,0.5009363889694214,0.48517292737960815,0.5654034614562988,50.69453418254852,0.5036262273788452,1,True,False,True,52.0,True,0.1981805264949799,UNRANKED,,False,,,
2026-01-02,2026-01-05,2026-01-07,T,XLC,23.877233285831927,23.494108200073242,23.558627317901543,2,take_profit,SHORT,SHORT,0.4891003668308258,0.5018070936203003,0.4763936400413513,0.5018070936203003,0.5027478337287903,51.08996331691742,0.5036262273788452,1,True,False,True,52.0,True,0.3163349330425262,UNRANKED,,False,,,
2026-01-05,2026-01-06,2026-01-07,T,XLC,23.984831340237793,23.058666229248047,23.68439123316469,1,take_profit,SHORT,SHORT,0.49305465817451477,0.48517292737960815,0.5009363889694214,0.48517292737960815,0.5432597994804382,50.69453418254852,0.5036262273788452,1,True,False,True,52.0,True,0.2059847414493561,UNRANKED,,False,,,
2026-01-06,2026-01-07,2026-01-09,T,XLC,23.90657762563923,23.365455627441406,23.592163465047015,2,take_profit,SHORT,SHORT,0.49305465817451477,0.48517292737960815,0.5009363889694214,0.48517292737960815,0.5805317163467407,50.69453418254852,0.5036262273788452,1,True,False,True,52.0,True,0.12367552518844585,UNRANKED,,False,,,
2026-01-07,2026-01-08,2026-01-13,T,XLC,23.46639775967452,23.484210968017578,23.13381746574665,3,stop_loss,LONG,LONG,0.5002027601003647,0.499469131231308,0.5009363889694214,0.499469131231308,0.38642656803131104,50.02027601003647,0.5036262273788452,2,False,True,True,52.0,True,0.10185959935188295,UNRANKED,,False,,,
2026-01-08,2026-01-09,2026-01-13,T,XLC,23.622907877979614,23.2466983795166,23.302904095979752,2,stop_loss,LONG,LONG,0.5021402388811111,0.49681422114372253,0.5074662566184998,0.49681422114372253,0.3487415909767151,50.214023888111115,0.5036262273788452,2,False,True,True,52.0,True,0.2551095783710479,UNRANKED,,False,,,
2026-01-09,2026-01-12,2026-01-13,T,XLC,23.513901499284742,23.20711326599121,23.182719019426344,1,stop_loss,LONG,LONG,0.5016528517007828,0.499469131231308,0.5038365721702576,0.499469131231308,0.3732439875602722,50.16528517007828,0.5036262273788452,2,False,True,True,52.0,True,0.24197006225585926,UNRANKED,,False,,,
2026-01-12,2026-01-13,2026-01-21,T,XLC,23.44462803314911,23.256593704223633,23.256593704223633,5,time_exit,LONG,LONG,0.5002027601003647,0.499469131231308,0.5009363889694214,0.499469131231308,0.4069734811782837,50.02027601003647,0.5036262273788452,2,False,True,True,52.0,True,0.125870794057846,UNRANKED,,False,,,
2026-01-13,2026-01-14,2026-01-15,T,XLC,23.08835510010807,23.335765838623047,23.449370147453912,1,take_profit,LONG,LONG,0.5002027601003647,0.499469131231308,0.5009363889694214,0.499469131231308,0.41497302055358887,50.02027601003647,0.5036262273788452,2,False,True,True,52.0,True,0.25967538356781,UNRANKED,,False,,,
2026-01-14,2026-01-15,2026-01-23,T,XLC,23.365454950879744,23.34566307067871,23.34566307067871,5,time_exit,LONG,LONG,0.5021402388811111,0.49681422114372253,0.5074662566184998,0.49681422114372253,0.39649370312690735,50.214023888111115,0.5036262273788452,2,False,True,True,52.0,True,0.12149563431739793,UNRANKED,,False,,,
2026-01-15,2026-01-16,2026-01-26,T,XLC,23.414937653105664,23.20711326599121,23.20711326599121,5,time_exit,LONG,LONG,0.5073927044868469,0.5073191523551941,0.5074662566184998,0.5073191523551941,0.32248371839523315,50.73927044868469,0.5036262273788452,1,True,True,False,52.0,True,0.2351860105991364,UNRANKED,,False,,,
2026-01-16,2026-01-20,2026-01-27,T,XLC,23.12794195553005,22.76177406311035,22.76177406311035,5,time_exit,LONG,LONG,0.5041277706623077,0.5073191523551941,0.5009363889694214,0.5073191523551941,0.30699729919433594,50.412777066230774,0.5036262273788452,1,True,True,False,52.0,True,0.19102981686592102,UNRANKED,,False,,,
2026-01-20,2026-01-21,2026-01-27,T,XLC,23.22690375613162,23.820690155029297,22.83398394324797,4,stop_loss,LONG,LONG,0.5041277706623077,0.5073191523551941,0.5009363889694214,0.5073191523551941,0.2838713228702545,50.412777066230774,0.5036262273788452,1,True,True,False,52.0,True,0.2098713219165802,UNRANKED,,False,,,
2026-01-21,2026-01-22,2026-01-27,T,XLC,23.325869188908282,24.86971092224121,22.931470090920698,3,stop_loss,LONG,LONG,0.50032539665699,0.49681422114372253,0.5038365721702576,0.49681422114372253,0.3178716003894806,50.032539665699005,0.5036262273788452,2,False,True,True,52.0,True,0.3381065428256988,UNRANKED,,False,,,
2026-01-22,2026-01-23,2026-01-27,T,XLC,23.256595108616995,25.93852424621582,22.855078058010132,2,stop_loss,LONG,LONG,0.5034676939249039,0.499469131231308,0.5074662566184998,0.499469131231308,0.4278719425201416,50.34676939249039,0.5036262273788452,2,False,True,True,52.0,True,0.1288006007671358,UNRANKED,,False,,,
2026-01-23,2026-01-26,2026-01-27,T,XLC,23.454523847131444,26.027591705322266,23.09072025608443,1,stop_loss,LONG,LONG,0.5002485066652298,0.499469131231308,0.5010278820991516,0.499469131231308,0.5160844922065735,50.02485066652298,0.5036262273788452,2,False,True,True,52.0,True,0.11368036270141599,UNRANKED,,False,,,
2026-01-26,2026-01-27,2026-01-28,T,XLC,23.25659523839536,26.55210304260254,23.619230442165588,1,take_profit,LONG,LONG,0.5043997019529343,0.499469131231308,0.5093302726745605,0.499469131231308,0.5483390688896179,50.43997019529343,0.5036262273788452,1,True,True,False,52.0,True,-0.16289392113685608,UNRANKED,,False,,,
2026-01-27,2026-01-28,2026-01-29,T,XLC,23.17742302955333,26.93806266784668,23.551974530146243,1,stop_loss,SHORT,SHORT,0.49754665791988373,0.4993700683116913,0.49572324752807617,0.4993700683116913,0.6628890633583069,50.24533420801163,0.5036262273788452,2,False,True,True,52.0,True,-0.35026904940605147,UNRANKED,,False,,,
2026-01-28,2026-01-29,2026-01-30,T,XLC,24.196755723422473,27.027132034301758,24.670877362129225,1,take_profit,LONG,LONG,0.5005083233118057,0.49544164538383484,0.5055750012397766,0.49544164538383484,0.6176697015762329,50.05083233118057,0.5036262273788452,2,False,True,True,52.0,True,-0.5921064615249634,UNRANKED,,False,,,
2026-01-29,2026-01-30,2026-02-02,T,XLC,25.235879106548673,26.848995208740234,25.83191302029728,1,take_profit,LONG,LONG,0.500462606549263,0.49544164538383484,0.5054835677146912,0.49544164538383484,0.5817367434501648,50.0462606549263,0.5036262273788452,2,False,True,True,52.0,True,-0.3786306083202362,UNRANKED,,False,,,
2026-01-30,2026-02-02,2026-02-04,T,XLC,26.017696943415274,26.829204559326172,26.741265723496888,2,take_profit,LONG,LONG,0.5057404786348343,0.499469131231308,0.5120118260383606,0.499469131231308,0.4833816885948181,50.57404786348343,0.5036262273788452,1,True,True,False,52.0,True,-0.02662622928619393,UNRANKED,,False,,,
2026-02-02,2026-02-03,2026-02-04,T,XLC,25.839561260524484,27.126096725463867,26.571895669965752,1,stop_loss,SHORT,SHORT,0.4959743618965149,0.499469131231308,0.4924795925617218,0.499469131231308,0.6065785884857178,50.40256381034851,0.5036262273788452,1,True,False,True,52.0,True,-0.34391140937805165,UNRANKED,,False,,,
2026-02-03,2026-02-04,2026-02-11,T,XLC,26.809409999667512,28.17511558532715,27.554468604316646,5,stop_loss,SHORT,SHORT,0.49887965619564056,0.5105701684951782,0.4871891438961029,0.5105701684951782,0.5446125864982605,50.112034380435944,0.5036262273788452,2,False,True,True,52.0,True,-0.18843102455139157,UNRANKED,,False,,,
2026-02-04,2026-02-05,2026-02-11,T,XLC,27.11619999675755,28.501697540283203,27.872568633842512,4,stop_loss,SHORT,SHORT,0.49641160666942596,0.48574212193489075,0.5070810914039612,0.48574212193489075,0.5319662690162659,50.358839333057404,0.5036262273788452,2,False,True,True,52.0,True,-0.42547452449798584,UNRANKED,,False,,,
2026-02-05,2026-02-06,2026-02-11,T,XLC,26.977649766901983,28.392839431762695,27.729777550541073,3,stop_loss,SHORT,SHORT,0.49641160666942596,0.48574212193489075,0.5070810914039612,0.48574212193489075,0.5413111448287964,50.358839333057404,0.5036262273788452,2,False,True,True,52.0,True,-0.142578274011612,UNRANKED,,False,,,
2026-02-06,2026-02-09,2026-02-11,T,XLC,26.819307909371528,28.38294219970703,27.562953441162126,2,take_profit,LONG,LONG,0.5012192726135254,0.5056310892105103,0.4968074560165405,0.5056310892105103,0.34407562017440796,50.12192726135254,0.5036262273788452,2,False,True,True,52.0,True,-0.6304905414581299,UNRANKED,,False,,,
2026-02-09,2026-02-10,2026-02-11,T,XLC,26.79951482470945,27.59122657775879,27.540332575912714,1,take_profit,LONG,LONG,0.5007992386817932,0.500662088394165,0.5009363889694214,0.500662088394165,0.36550191044807434,50.07992386817932,0.5036262273788452,2,False,True,True,52.0,True,-0.2392608225345611,UNRANKED,,False,,,
2026-02-10,2026-02-11,2026-02-12,T,XLC,26.997442608068628,27.59122657775879,27.773604891829788,1,take_profit,LONG,LONG,0.5007992386817932,0.500662088394165,0.5009363889694214,0.500662088394165,0.3529820144176483,50.07992386817932,0.5036262273788452,2,False,True,True,52.0,True,0.12981793284416193,UNRANKED,,False,,,
2026-02-11,2026-02-12,2026-02-20,T,XLC,28.185012305683394,27.6901912689209,27.6901912689209,5,time_exit,SHORT,SHORT,0.4959193766117096,0.500662088394165,0.49117666482925415,0.500662088394165,0.4942956268787384,50.40806233882904,0.5036262273788452,1,True,False,True,52.0,True,0.3733637034893036,UNRANKED,,False,,,
2026-02-12,2026-02-13,2026-02-23,T,XLC,28.38294278179276,28.224599838256836,28.224599838256836,5,time_exit,LONG,LONG,0.5008449852466583,0.500662088394165,0.5010278820991516,0.500662088394165,0.3529549837112427,50.08449852466583,0.5036262273788452,2,False,True,True,52.0,True,0.4642977118492128,UNRANKED,,False,,,
2026-02-13,2026-02-17,2026-02-24,T,XLC,28.462113510249875,28.056360244750977,28.056360244750977,5,time_exit,LONG,LONG,0.5040641725063324,0.500662088394165,0.5074662566184998,0.500662088394165,0.29819557070732117,50.40641725063324,0.5036262273788452,1,True,True,False,52.0,True,0.27518203854560846,UNRANKED,,False,,,
2026-02-17,2026-02-18,2026-02-25,T,XLC,28.333458305026532,27.58133316040039,27.58133316040039,5,time_exit,SHORT,SHORT,0.4916987866163254,0.49860793352127075,0.48478963971138,0.49860793352127075,0.5616762638092041,50.83012133836746,0.5082823634147644,1,True,False,True,52.0,True,-0.07221159338951111,UNRANKED,,False,,,
2026-02-18,2026-02-19,2026-02-26,T,XLC,27.72977778374527,27.17557716369629,27.17557716369629,5,time_exit,LONG,LONG,0.5026835203170776,0.5047026872634888,0.5006643533706665,0.5047026872634888,0.43213674426078796,50.268352031707764,0.5082823634147644,2,False,True,True,52.0,True,0.1842883527278902,UNRANKED,,False,,,
2026-02-19,2026-02-20,2026-02-27,T,XLC,27.660503207800286,27.719881057739258,27.719881057739258,5,time_exit,SHORT,SHORT,0.4944576621055603,0.5031214356422424,0.4857938885688782,0.5031214356422424,0.44952815771102905,50.55423378944397,0.5082823634147644,2,False,True,True,52.0,True,0.1743336319923402,UNRANKED,,False,,,
2026-02-20,2026-02-23,2026-02-26,T,XLC,27.749571970630036,27.719881057739258,27.182648556672167,3,take_profit,SHORT,SHORT,0.4995136260986328,0.5031214356422424,0.4959058165550232,0.5031214356422424,0.3956746459007263,50.04863739013672,0.5082823634147644,2,False,True,True,52.0,True,0.11922153830528255,UNRANKED,,False,,,
2026-02-23,2026-02-24,2026-02-25,T,XLC,28.224599515225755,28.373044967651367,27.594055942663672,1,take_profit,SHORT,SHORT,0.4896277189254761,0.49860793352127075,0.4806475043296814,0.49860793352127075,0.44247448444366455,51.03722810745239,0.5082823634147644,1,True,False,True,52.0,True,0.05885672569274896,UNRANKED,,False,,,
2026-02-24,2026-02-25,2026-03-03,T,XLC,27.73967578559595,28.679834365844727,28.319323394761685,4,stop_loss,SHORT,SHORT,0.4896277189254761,0.49860793352127075,0.4806475043296814,0.49860793352127075,0.4706311523914337,51.03722810745239,0.5082823634147644,1,True,False,True,52.0,True,-0.005762487649917623,UNRANKED,,False,,,
2026-02-25,2026-02-26,2026-03-03,T,XLC,27.69019162240924,28.669937133789062,28.28256315430447,3,stop_loss,SHORT,SHORT,0.4859248846769333,0.4912022650241852,0.4806475043296814,0.4912022650241852,0.3231208920478821,51.40751153230667,0.5082823634147644,1,True,False,True,52.0,True,0.026657849550247147,UNRANKED,,False,,,
2026-02-26,2026-02-27,2026-03-03,T,XLC,27.324024515140334,28.343355178833008,27.961636994213993,2,stop_loss,SHORT,SHORT,0.49272696673870087,0.49860793352127075,0.486845999956131,0.49860793352127075,0.33112913370132446,50.72730332612991,0.5082823634147644,2,False,True,True,52.0,True,0.12627989053726205,UNRANKED,,False,,,
2026-02-27,2026-03-02,2026-03-03,T,XLC,27.620916450191306,27.244853973388672,28.3108385104766,1,stop_loss,SHORT,SHORT,0.4918844699859619,0.5031214356422424,0.4806475043296814,0.5031214356422424,0.3759709894657135,50.81155300140381,0.5082823634147644,2,False,True,True,52.0,True,0.08983159065246593,UNRANKED,,False,,,
2026-03-02,2026-03-03,2026-03-04,T,XLC,27.502160569552903,27.42298698425293,28.189255394207617,1,stop_loss,SHORT,SHORT,0.4889318197965622,0.4938785433769226,0.4839850962162018,0.4938785433769226,0.34083887934684753,51.10681802034378,0.5082823634147644,1,True,False,True,52.0,True,-0.2152840197086334,UNRANKED,,False,,,
2026-03-03,2026-03-04,2026-03-09,T,XLC,28.175116549353508,26.878684997558594,27.437125761302447,3,take_profit,SHORT,SHORT,0.4905879497528076,0.4944872260093689,0.48668867349624634,0.4944872260093689,0.349670946598053,50.94120502471924,0.5082823634147644,1,True,False,True,52.0,True,0.10704344511032107,UNRANKED,,False,,,
2026-03-04,2026-03-05,2026-03-09,T,XLC,28.64024907245261,27.10630226135254,28.00829106464011,2,take_profit,SHORT,SHORT,0.49421292543411255,0.4944872260093689,0.4939386248588562,0.4944872260093689,0.2998206317424774,50.578707456588745,0.5082823634147644,2,False,True,True,52.0,True,0.26574826240539545,UNRANKED,,False,,,
2026-03-05,2026-03-06,2026-03-09,T,XLC,28.630352355025305,27.432884216308594,28.043635021912863,1,stop_loss,LONG,LONG,0.503689244389534,0.5104600191116333,0.4969184696674347,0.5104600191116333,0.32317760586738586,50.3689244389534,0.5082823634147644,2,False,True,True,52.0,True,0.2138724327087402,UNRANKED,,False,,,
2026-03-06,2026-03-09,2026-03-11,T,XLC,27.83863786020183,27.442781448364258,27.220817120455735,2,stop_loss,LONG,LONG,0.5179666876792908,0.5015199184417725,0.5344134569168091,0.5015199184417725,0.3676181435585022,51.79666876792908,0.5082823634147644,1,True,True,False,52.0,True,0.5626681447029113,UNRANKED,,False,,,
2026-03-09,2026-03-10,2026-03-17,T,XLC,27.363608975304455,27.561538696289062,27.561538696289062,5,time_exit,SHORT,SHORT,0.49935221672058105,0.5014692544937134,0.49723517894744873,0.5014692544937134,0.40479299426078796,50.064778327941895,0.5082823634147644,2,False,True,True,52.0,True,0.3831746280193329,UNRANKED,,False,,,
2026-03-10,2026-03-11,2026-03-18,T,XLC,27.383402802338104,27.126096725463867,27.126096725463867,5,time_exit,LONG,LONG,0.5037570595741272,0.5014692544937134,0.506044864654541,0.5014692544937134,0.4404292702674866,50.37570595741272,0.5082823634147644,2,False,True,True,52.0,True,0.3705412149429323,UNRANKED,,False,,,
2026-03-11,2026-03-12,2026-03-17,T,XLC,26.769823725013598,27.452678680419922,27.533262086045266,3,take_profit,LONG,LONG,0.5038421750068665,0.4944872260093689,0.513197124004364,0.4944872260093689,0.4218890070915222,50.384217500686646,0.5082823634147644,2,False,True,True,52.0,True,0.19675052165985096,UNRANKED,,False,,,
2026-03-12,2026-03-13,2026-03-20,T,XLC,27.215163587144882,28.016773223876953,27.996980887123957,5,take_profit,LONG,LONG,0.5229757875204086,0.4912022650241852,0.5547493100166321,0.4912022650241852,0.46374744176864624,52.29757875204086,0.5082823634147644,1,True,True,False,52.0,True,0.7021894454956054,UNRANKED,,False,,,
2026-03-13,2026-03-16,2026-03-23,T,XLC,27.442781448364258,28.462114334106445,28.194909232003347,5,take_profit,LONG,LONG,0.5149434804916382,0.49132782220840454,0.5385591387748718,0.49132782220840454,0.45521286129951477,51.49434804916382,0.5082823634147644,1,True,True,False,52.0,True,0.7223352789878846,UNRANKED,,False,,,
2026-03-16,2026-03-17,2026-03-23,T,XLC,27.601123407119594,28.570974349975586,28.330630853408657,4,take_profit,LONG,LONG,0.5292087644338608,0.4912022650241852,0.5672152638435364,0.4912022650241852,0.3271940052509308,52.92087644338608,0.5082823634147644,1,True,True,False,52.0,True,0.6354589164257048,UNRANKED,,False,,,
2026-03-17,2026-03-18,2026-03-23,T,XLC,27.42298867611589,28.511594772338867,28.101600431486983,3,take_profit,LONG,LONG,0.5188919305801392,0.49860793352127075,0.5391759276390076,0.49860793352127075,0.42867574095726013,51.889193058013916,0.5082823634147644,1,True,True,False,52.0,True,0.43693807721138,UNRANKED,,False,,,
2026-03-18,2026-03-19,2026-03-20,T,XLC,27.294336054747152,28.62045669555664,27.977188663564117,1,take_profit,LONG,LONG,0.5087933540344238,0.49860793352127075,0.5189787745475769,0.49860793352127075,0.4767090976238251,50.87933540344238,0.5082823634147644,1,True,True,False,52.0,True,0.439085990190506,UNRANKED,,False,,,
2026-03-19,2026-03-20,2026-03-23,T,XLC,27.551642018435853,28.79859161376953,28.203391493097545,1,stop_loss,SHORT,SHORT,0.4813508242368698,0.4944872260093689,0.4682144224643707,0.4944872260093689,0.2790449559688568,51.86491757631302,0.5082823634147644,1,True,False,True,52.0,True,0.2835416793823243,UNRANKED,,False,,,
2026-03-20,2026-03-23,2026-03-27,T,XLC,27.987086457099355,28.48190689086914,28.719420866540624,4,take_profit,LONG,LONG,0.5056445598602295,0.4944872260093689,0.5168018937110901,0.4944872260093689,0.41600966453552246,50.56445598602295,0.5082823634147644,2,False,True,True,52.0,True,0.48807913064956654,UNRANKED,,False,,,
2026-03-23,2026-03-24,2026-03-31,T,XLC,28.501697802625447,28.68973159790039,28.68973159790039,5,time_exit,LONG,LONG,0.5056445598602295,0.4944872260093689,0.5168018937110901,0.4944872260093689,0.36579710245132446,50.56445598602295,0.5082823634147644,2,False,True,True,52.0,True,0.4563912153244019,UNRANKED,,False,,,
2026-03-24,2026-03-25,2026-04-01,T,XLC,28.67983404260645,28.016773223876953,28.016773223876953,5,time_exit,LONG,LONG,0.5077952146530151,0.4944872260093689,0.5211032032966614,0.4944872260093689,0.3853149712085724,50.779521465301514,0.5082823634147644,2,False,True,True,52.0,True,0.8170787692070007,UNRANKED,,False,,,
2026-03-25,2026-03-26,2026-04-01,T,XLC,28.768902669801804,28.03656768798828,28.087463951278504,4,take_profit,SHORT,SHORT,0.4985991418361664,0.4944872260093689,0.5027110576629639,0.4944872260093689,0.3392293155193329,50.14008581638336,0.5082823634147644,2,False,True,True,52.0,True,0.406877726316452,UNRANKED,,False,,,
2026-03-26,2026-03-27,2026-04-01,T,XLC,28.69962700519854,28.026670455932617,28.04929114835214,3,stop_loss,LONG,LONG,0.5173480361700058,0.4912022650241852,0.5434938073158264,0.4912022650241852,0.2565004825592041,51.73480361700058,0.5082823634147644,1,True,True,False,52.0,True,0.4058859050273893,UNRANKED,,False,,,
2026-03-27,2026-03-30,2026-04-01,T,XLC,28.907451506502827,27.749570846557617,28.388596547832346,2,stop_loss,LONG,LONG,0.5148632824420929,0.49860793352127075,0.531118631362915,0.49860793352127075,0.25801706314086914,51.48632824420929,0.5082823634147644,1,True,True,False,52.0,True,0.5585410296916961,UNRANKED,,False,,,
2026-03-30,2026-03-31,2026-04-01,T,XLC,28.63035358522378,27.06671714782715,28.091705524833852,1,stop_loss,LONG,LONG,0.5301618278026581,0.5047026872634888,0.5556209683418274,0.5047026872634888,0.33575162291526794,53.01618278026581,0.5082823634147644,1,True,True,False,52.0,True,0.439740628004074,UNRANKED,,False,,,
2026-03-31,2026-04-01,2026-04-02,T,XLC,28.650145584852275,26.562000274658203,28.15956570727136,1,stop_loss,LONG,LONG,0.5195379257202148,0.5014692544937134,0.5376065969467163,0.5014692544937134,0.4131411910057068,51.953792572021484,0.5082823634147644,1,True,True,False,52.0,True,0.31219565868377697,UNRANKED,,False,,,
2026-04-01,2026-04-02,2026-04-08,T,XLC,28.095945700436815,26.459999084472656,27.541745664251685,3,stop_loss,LONG,LONG,0.5195379257202148,0.5014692544937134,0.5376065969467163,0.5014692544937134,0.41909655928611755,51.953792572021484,0.5082823634147644,1,True,True,False,52.0,True,0.33439919352531416,UNRANKED,,False,,,
2026-04-02,2026-04-06,2026-04-08,T,XLC,27.977189094518618,25.610000610351562,27.46681584273988,2,take_profit,SHORT,SHORT,0.4987509399652481,0.5014692544937134,0.49603262543678284,0.5014692544937134,0.29028475284576416,50.12490600347519,0.5082823634147644,2,False,True,True,52.0,True,0.33019730448722845,UNRANKED,,False,,,
2026-04-06,2026-04-07,2026-04-08,T,XLC,27.996981420206986,25.6200008392334,27.486608168428248,1,take_profit,SHORT,SHORT,0.49558794498443604,0.5014692544937134,0.4897066354751587,0.5014692544937134,0.37748298048973083,50.4412055015564,0.5082823634147644,2,False,True,True,52.0,True,-0.0035086870193481653,UNRANKED,,False,,,
2026-04-07,2026-04-08,2026-04-13,T,XLC,26.94795924187725,25.459999084472656,26.41496565274848,3,take_profit,SHORT,SHORT,0.4863709658384323,0.4912022650241852,0.48153966665267944,0.4912022650241852,0.3710315525531769,51.36290341615677,0.5082823634147644,1,True,False,True,52.0,True,-0.4487707614898681,UNRANKED,,False,,,
2026-04-08,2026-04-09,2026-04-13,T,XLC,26.94796017913158,26.399999618530273,26.37962205744492,2,stop_loss,LONG,LONG,0.502099335193634,0.5014692544937134,0.5027294158935547,0.5014692544937134,0.3489588797092438,50.2099335193634,0.5082823634147644,2,False,True,True,52.0,True,0.06193543970584858,UNRANKED,,False,,,
2026-04-09,2026-04-10,2026-04-13,T,XLC,26.520000457763672,26.510000228881836,25.926214490618026,1,stop_loss,LONG,LONG,0.5076698064804077,0.5014692544937134,0.513870358467102,0.5014692544937134,0.3537503480911255,50.76698064804077,0.5082823634147644,2,False,True,True,52.0,True,0.0740629136562347,UNRANKED,,False,,,
2026-04-10,2026-04-13,2026-04-14,T,XLC,26.3700008392334,26.18000030517578,25.842228208269393,1,stop_loss,LONG,LONG,0.5076698064804077,0.5014692544937134,0.513870358467102,0.5014692544937134,0.48573824763298035,50.76698064804077,0.5082823634147644,2,False,True,True,52.0,True,0.29836234450340265,UNRANKED,,False,,,
2026-04-13,2026-04-14,2026-04-16,T,XLC,25.200000762939453,25.8799991607666,25.785581588745117,2,take_profit,LONG,LONG,0.5217593908309937,0.5014692544937134,0.5420495271682739,0.5014692544937134,0.5576750040054321,52.175939083099365,0.5082823634147644,1,True,True,False,52.0,True,0.16035112738609306,UNRANKED,,False,,,
2026-04-14,2026-04-15,2026-04-16,T,XLC,25.68000030517578,25.979999542236328,26.251458304268972,1,take_profit,LONG,LONG,0.5108270049095154,0.4944872260093689,0.5271667838096619,0.4944872260093689,0.5180165767669678,51.08270049095154,0.5082823634147644,1,True,True,False,52.0,True,0.30752491950988775,UNRANKED,,False,,,
2026-04-15,2026-04-16,2026-04-17,T,XLC,25.520000457763672,26.610000610351562,26.105833053588867,1,take_profit,LONG,LONG,0.5114410817623138,0.49860793352127075,0.5242742300033569,0.49860793352127075,0.48603543639183044,51.144108176231384,0.5082823634147644,1,True,True,False,52.0,True,-0.09190744161605824,UNRANKED,,False,,,
2026-04-16,2026-04-17,2026-04-24,T,XLC,26.149999618530273,26.200000762939453,26.200000762939453,5,time_exit,LONG,LONG,0.5098019689321518,0.4912022650241852,0.5284016728401184,0.4912022650241852,0.531177818775177,50.98019689321518,0.5082823634147644,1,True,True,False,52.0,True,-0.29486557841300953,UNRANKED,,False,,,
