2026-04-25 14:33:22,166 INFO     Leakage audit output:
[leakage_audit] wrote /Users/amos/Code/Stock Market AI Bot/logs/leakage_audit.json
[leakage_audit] all tickers passed.
2026-04-25 14:33:22,221 INFO     [AMD] Dropping 10 rows with unknown future labels
2026-04-25 14:33:22,431 INFO     [AMD] Non-overlapping train rows: 1973 -> 198 (stride=10)
2026-04-25 14:33:22,782 INFO     [AMD] Calibrator skipped (Brier/rank test); threshold 57.5 derived from raw probs on calibration set (415 rows)
2026-04-25 14:33:24,110 INFO     RESULTS AMD: acc=45.31% baseline=48.59% threshold=57.5% fallback=True
2026-04-25 14:33:24,110 INFO     WF-CV AMD: {'fold_accuracies': [50.21, 53.81, 46.19, 48.09, 44.07], 'mean_accuracy': 48.47, 'std_accuracy': 3.36, 'note': 'diagnostic_cv_full_history_not_primary_oos'}
2026-04-25 14:33:24,110 INFO     Return model AMD: {'spearman_corr': 0.0057, 'avg_expected_return_pct': 0.1783, 'avg_actual_return_pct': 2.3718}
2026-04-25 14:33:24,110 INFO     Saved results plot /Users/amos/Code/Stock Market AI Bot/models/AMD_xgb_only_results.png
2026-04-25 14:33:24,112 INFO     
              precision    recall  f1-score   support

        DOWN       0.48      0.66      0.55       219
          UP       0.39      0.23      0.29       207

    accuracy                           0.45       426
   macro avg       0.44      0.45      0.42       426
weighted avg       0.44      0.45      0.43       426

2026-04-25 14:33:24,117 INFO     [AMZN] Dropping 10 rows with unknown future labels
2026-04-25 14:33:24,320 INFO     [AMZN] Non-overlapping train rows: 1973 -> 198 (stride=10)
2026-04-25 14:33:24,812 INFO     [AMZN] Calibrator skipped (Brier/rank test); threshold 57.5 derived from raw probs on calibration set (415 rows)
2026-04-25 14:33:26,067 INFO     RESULTS AMZN: acc=53.52% baseline=46.48% threshold=57.5% fallback=True
2026-04-25 14:33:26,067 INFO     WF-CV AMZN: {'fold_accuracies': [52.54, 44.49, 53.6, 55.08, 56.36], 'mean_accuracy': 52.42, 'std_accuracy': 4.17, 'note': 'diagnostic_cv_full_history_not_primary_oos'}
2026-04-25 14:33:26,067 INFO     Return model AMZN: {'spearman_corr': 0.1832, 'avg_expected_return_pct': -0.1764, 'avg_actual_return_pct': 1.1205}
2026-04-25 14:33:26,067 INFO     Saved results plot /Users/amos/Code/Stock Market AI Bot/models/AMZN_xgb_only_results.png
2026-04-25 14:33:26,068 INFO     
              precision    recall  f1-score   support

        DOWN       0.54      1.00      0.70       228
          UP       0.00      0.00      0.00       198

    accuracy                           0.54       426
   macro avg       0.27      0.50      0.35       426
weighted avg       0.29      0.54      0.37       426

2026-04-25 14:33:26,074 INFO     [CAT] Dropping 10 rows with unknown future labels
2026-04-25 14:33:26,277 INFO     [CAT] Non-overlapping train rows: 1973 -> 198 (stride=10)
2026-04-25 14:33:26,701 INFO     [CAT] Dynamic threshold: 62.5 (calibration set size: 415)
2026-04-25 14:33:27,949 INFO     RESULTS CAT: acc=47.65% baseline=57.04% threshold=62.5% fallback=False
2026-04-25 14:33:27,949 INFO     WF-CV CAT: {'fold_accuracies': [46.61, 46.4, 51.06, 48.52, 52.33], 'mean_accuracy': 48.98, 'std_accuracy': 2.37, 'note': 'diagnostic_cv_full_history_not_primary_oos'}
2026-04-25 14:33:27,949 INFO     Return model CAT: {'spearman_corr': -0.0577, 'avg_expected_return_pct': 0.4016, 'avg_actual_return_pct': 2.3405}
2026-04-25 14:33:27,949 INFO     Saved results plot /Users/amos/Code/Stock Market AI Bot/models/CAT_xgb_only_results.png
2026-04-25 14:33:27,951 INFO     
              precision    recall  f1-score   support

        DOWN       0.44      0.82      0.57       183
          UP       0.62      0.22      0.32       243

    accuracy                           0.48       426
   macro avg       0.53      0.52      0.45       426
weighted avg       0.54      0.48      0.43       426

2026-04-25 14:33:27,957 INFO     [GOOGL] Dropping 10 rows with unknown future labels
2026-04-25 14:33:28,162 INFO     [GOOGL] Non-overlapping train rows: 1973 -> 198 (stride=10)
2026-04-25 14:33:28,577 INFO     [GOOGL] Dynamic threshold: 60.0 (calibration set size: 415)
2026-04-25 14:33:29,829 INFO     RESULTS GOOGL: acc=51.41% baseline=54.23% threshold=60.0% fallback=False
2026-04-25 14:33:29,829 INFO     WF-CV GOOGL: {'fold_accuracies': [51.91, 48.94, 47.88, 47.03, 48.52], 'mean_accuracy': 48.86, 'std_accuracy': 1.66, 'note': 'diagnostic_cv_full_history_not_primary_oos'}
2026-04-25 14:33:29,829 INFO     Return model GOOGL: {'spearman_corr': -0.0293, 'avg_expected_return_pct': 0.1267, 'avg_actual_return_pct': 1.8937}
2026-04-25 14:33:29,829 INFO     Saved results plot /Users/amos/Code/Stock Market AI Bot/models/GOOGL_xgb_only_results.png
2026-04-25 14:33:29,831 INFO     
              precision    recall  f1-score   support

        DOWN       0.46      0.39      0.42       195
          UP       0.55      0.62      0.58       231

    accuracy                           0.51       426
   macro avg       0.50      0.50      0.50       426
weighted avg       0.51      0.51      0.51       426

2026-04-25 14:33:29,836 INFO     [INTC] Dropping 10 rows with unknown future labels
2026-04-25 14:33:30,040 INFO     [INTC] Non-overlapping train rows: 1973 -> 198 (stride=10)
2026-04-25 14:33:30,592 INFO     [INTC] Calibrator skipped (Brier/rank test); threshold 52.0 derived from raw probs on calibration set (415 rows)
2026-04-25 14:33:31,827 INFO     RESULTS INTC: acc=50.23% baseline=49.77% threshold=52.0% fallback=True
2026-04-25 14:33:31,827 INFO     WF-CV INTC: {'fold_accuracies': [51.91, 50.85, 53.81, 53.18, 52.54], 'mean_accuracy': 52.46, 'std_accuracy': 1.03, 'note': 'diagnostic_cv_full_history_not_primary_oos'}
2026-04-25 14:33:31,827 INFO     Return model INTC: {'spearman_corr': 0.0752, 'avg_expected_return_pct': 0.2121, 'avg_actual_return_pct': 3.454}
2026-04-25 14:33:31,827 INFO     Saved results plot /Users/amos/Code/Stock Market AI Bot/models/INTC_xgb_only_results.png
2026-04-25 14:33:31,828 INFO     
              precision    recall  f1-score   support

        DOWN       0.50      1.00      0.67       214
          UP       0.00      0.00      0.00       212

    accuracy                           0.50       426
   macro avg       0.25      0.50      0.33       426
weighted avg       0.25      0.50      0.34       426

2026-04-25 14:33:31,834 INFO     [META] Dropping 10 rows with unknown future labels
2026-04-25 14:33:32,037 INFO     [META] Non-overlapping train rows: 1973 -> 198 (stride=10)
2026-04-25 14:33:32,484 INFO     [META] Calibrator skipped (Brier/rank test); threshold 64.0 derived from raw probs on calibration set (415 rows)
2026-04-25 14:33:33,749 INFO     RESULTS META: acc=50.47% baseline=43.90% threshold=64.0% fallback=True
2026-04-25 14:33:33,749 INFO     WF-CV META: {'fold_accuracies': [47.88, 48.52, 52.33, 45.13, 47.25], 'mean_accuracy': 48.22, 'std_accuracy': 2.35, 'note': 'diagnostic_cv_full_history_not_primary_oos'}
2026-04-25 14:33:33,749 INFO     Return model META: {'spearman_corr': -0.0875, 'avg_expected_return_pct': 0.3575, 'avg_actual_return_pct': 1.0012}
2026-04-25 14:33:33,749 INFO     Saved results plot /Users/amos/Code/Stock Market AI Bot/models/META_xgb_only_results.png
2026-04-25 14:33:33,751 INFO     
              precision    recall  f1-score   support

        DOWN       0.54      0.71      0.62       239
          UP       0.39      0.24      0.30       187

    accuracy                           0.50       426
   macro avg       0.47      0.48      0.46       426
weighted avg       0.48      0.50      0.48       426

2026-04-25 14:33:33,755 INFO     [MSFT] Dropping 10 rows with unknown future labels
2026-04-25 14:33:33,959 INFO     [MSFT] Non-overlapping train rows: 1973 -> 198 (stride=10)
2026-04-25 14:33:34,375 INFO     [MSFT] Calibrator skipped (Brier/rank test); threshold 57.5 derived from raw probs on calibration set (415 rows)
2026-04-25 14:33:35,621 INFO     RESULTS MSFT: acc=47.65% baseline=35.68% threshold=57.5% fallback=True
2026-04-25 14:33:35,621 INFO     WF-CV MSFT: {'fold_accuracies': [50.0, 56.57, 48.73, 48.31, 44.49], 'mean_accuracy': 49.62, 'std_accuracy': 3.93, 'note': 'diagnostic_cv_full_history_not_primary_oos'}
2026-04-25 14:33:35,621 INFO     Return model MSFT: {'spearman_corr': -0.0074, 'avg_expected_return_pct': 0.5559, 'avg_actual_return_pct': 0.1939}
2026-04-25 14:33:35,621 INFO     Saved results plot /Users/amos/Code/Stock Market AI Bot/models/MSFT_xgb_only_results.png
2026-04-25 14:33:35,622 INFO     
              precision    recall  f1-score   support

        DOWN       0.64      0.42      0.51       274
          UP       0.36      0.57      0.44       152

    accuracy                           0.48       426
   macro avg       0.50      0.50      0.47       426
weighted avg       0.54      0.48      0.48       426

2026-04-25 14:33:35,629 INFO     [MU] Dropping 10 rows with unknown future labels
2026-04-25 14:33:35,864 INFO     [MU] Non-overlapping train rows: 1973 -> 198 (stride=10)
2026-04-25 14:33:36,242 INFO     [MU] Calibrator skipped (Brier/rank test); threshold 52.0 derived from raw probs on calibration set (415 rows)
2026-04-25 14:33:37,461 INFO     RESULTS MU: acc=51.41% baseline=57.75% threshold=52.0% fallback=True
2026-04-25 14:33:37,461 INFO     WF-CV MU: {'fold_accuracies': [52.75, 51.27, 49.36, 50.42, 51.69], 'mean_accuracy': 51.1, 'std_accuracy': 1.15, 'note': 'diagnostic_cv_full_history_not_primary_oos'}
2026-04-25 14:33:37,461 INFO     Return model MU: {'spearman_corr': 0.0961, 'avg_expected_return_pct': 0.3926, 'avg_actual_return_pct': 4.598}
2026-04-25 14:33:37,461 INFO     Saved results plot /Users/amos/Code/Stock Market AI Bot/models/MU_xgb_only_results.png
2026-04-25 14:33:37,462 INFO     
              precision    recall  f1-score   support

        DOWN       0.44      0.54      0.48       180
          UP       0.60      0.50      0.54       246

    accuracy                           0.51       426
   macro avg       0.52      0.52      0.51       426
weighted avg       0.53      0.51      0.52       426

2026-04-25 14:33:37,468 INFO     [NVDA] Dropping 10 rows with unknown future labels
2026-04-25 14:33:37,670 INFO     [NVDA] Non-overlapping train rows: 1973 -> 198 (stride=10)
2026-04-25 14:33:38,041 INFO     [NVDA] Calibrator skipped (Brier/rank test); threshold 52.0 derived from raw probs on calibration set (415 rows)
2026-04-25 14:33:39,270 INFO     RESULTS NVDA: acc=53.52% baseline=54.23% threshold=52.0% fallback=True
2026-04-25 14:33:39,270 INFO     WF-CV NVDA: {'fold_accuracies': [58.9, 53.81, 48.09, 51.27, 48.73], 'mean_accuracy': 52.16, 'std_accuracy': 3.93, 'note': 'diagnostic_cv_full_history_not_primary_oos'}
2026-04-25 14:33:39,270 INFO     Return model NVDA: {'spearman_corr': -0.1252, 'avg_expected_return_pct': 0.5189, 'avg_actual_return_pct': 1.8233}
2026-04-25 14:33:39,270 INFO     Saved results plot /Users/amos/Code/Stock Market AI Bot/models/NVDA_xgb_only_results.png
2026-04-25 14:33:39,272 INFO     
              precision    recall  f1-score   support

        DOWN       0.49      0.26      0.34       195
          UP       0.55      0.77      0.64       231

    accuracy                           0.54       426
   macro avg       0.52      0.51      0.49       426
weighted avg       0.52      0.54      0.50       426

2026-04-25 14:33:39,277 INFO     [UNH] Dropping 10 rows with unknown future labels
2026-04-25 14:33:39,480 INFO     [UNH] Non-overlapping train rows: 1973 -> 198 (stride=10)
2026-04-25 14:33:40,056 INFO     [UNH] Calibrator skipped (Brier/rank test); threshold 57.5 derived from raw probs on calibration set (415 rows)
2026-04-25 14:33:41,304 INFO     RESULTS UNH: acc=50.70% baseline=42.72% threshold=57.5% fallback=True
2026-04-25 14:33:41,304 INFO     WF-CV UNH: {'fold_accuracies': [52.33, 51.48, 54.24, 50.64, 48.73], 'mean_accuracy': 51.48, 'std_accuracy': 1.82, 'note': 'diagnostic_cv_full_history_not_primary_oos'}
2026-04-25 14:33:41,304 INFO     Return model UNH: {'spearman_corr': 0.1157, 'avg_expected_return_pct': 0.8772, 'avg_actual_return_pct': -0.7156}
2026-04-25 14:33:41,304 INFO     Saved results plot /Users/amos/Code/Stock Market AI Bot/models/UNH_xgb_only_results.png
2026-04-25 14:33:41,306 INFO     
              precision    recall  f1-score   support

        DOWN       0.60      0.43      0.50       244
          UP       0.44      0.60      0.51       182

    accuracy                           0.51       426
   macro avg       0.52      0.52      0.51       426
weighted avg       0.53      0.51      0.51       426

2026-04-25 14:40:32,665 INFO     Failed to create TzCache, reason: Cannot read and write in TzCache folder: '/Users/amos/Library/Caches/py-yfinance'. TzCache will not be used. Tip: You can direct cache to use a different location with 'set_tz_cache_location(mylocation)'
2026-04-25 14:40:32,665 INFO     Failed to create CookieCache, reason: Cannot read and write in CookieCache folder: '/Users/amos/Library/Caches/py-yfinance'. CookieCache will not be used. Tip: You can direct cache to use a different location with 'set_tz_cache_location(mylocation)'
2026-04-25 14:40:32,668 ERROR    Failed to get ticker '^VIX' reason: Failed to perform, curl: (6) Could not resolve host: guce.yahoo.com. See https://curl.se/libcurl/c/libcurl-errors.html first for more details.
2026-04-25 14:40:32,677 ERROR    
1 Failed download:
2026-04-25 14:40:32,678 ERROR    ['^VIX']: DNSError('Failed to perform, curl: (6) Could not resolve host: guce.yahoo.com. See https://curl.se/libcurl/c/libcurl-errors.html first for more details.')
2026-04-25 14:40:32,685 ERROR    Failed to get ticker 'SPY' reason: Failed to perform, curl: (6) Could not resolve host: guce.yahoo.com. See https://curl.se/libcurl/c/libcurl-errors.html first for more details.
2026-04-25 14:40:32,695 ERROR    
1 Failed download:
2026-04-25 14:40:32,696 ERROR    ['SPY']: DNSError('Failed to perform, curl: (6) Could not resolve host: guce.yahoo.com. See https://curl.se/libcurl/c/libcurl-errors.html first for more details.')
2026-04-25 14:40:32,698 ERROR    Failed to get ticker 'QQQ' reason: Failed to perform, curl: (6) Could not resolve host: guce.yahoo.com. See https://curl.se/libcurl/c/libcurl-errors.html first for more details.
2026-04-25 14:40:32,698 ERROR    $QQQ: possibly delisted; no timezone found
2026-04-25 14:40:32,710 ERROR    
1 Failed download:
2026-04-25 14:40:32,710 ERROR    ['QQQ']: possibly delisted; no timezone found
2026-04-25 14:40:32,713 ERROR    Failed to get ticker 'IWM' reason: Failed to perform, curl: (6) Could not resolve host: guce.yahoo.com. See https://curl.se/libcurl/c/libcurl-errors.html first for more details.
2026-04-25 14:40:32,713 ERROR    $IWM: possibly delisted; no timezone found
2026-04-25 14:40:32,725 ERROR    
1 Failed download:
2026-04-25 14:40:32,725 ERROR    ['IWM']: possibly delisted; no timezone found
2026-04-25 14:40:32,842 ERROR    Failed to get ticker 'SPY' reason: Failed to perform, curl: (6) Could not resolve host: guce.yahoo.com. See https://curl.se/libcurl/c/libcurl-errors.html first for more details.
2026-04-25 14:40:32,842 ERROR    $SPY: possibly delisted; no timezone found
2026-04-25 14:40:32,854 ERROR    
1 Failed download:
2026-04-25 14:40:32,854 ERROR    ['SPY']: possibly delisted; no timezone found
2026-04-25 14:40:32,856 ERROR    Failed to get ticker 'QQQ' reason: Failed to perform, curl: (6) Could not resolve host: guce.yahoo.com. See https://curl.se/libcurl/c/libcurl-errors.html first for more details.
2026-04-25 14:40:32,857 ERROR    $QQQ: possibly delisted; no timezone found
2026-04-25 14:40:32,869 ERROR    
1 Failed download:
2026-04-25 14:40:32,869 ERROR    ['QQQ']: possibly delisted; no timezone found
2026-04-25 14:40:32,871 ERROR    Failed to get ticker 'IWM' reason: Failed to perform, curl: (6) Could not resolve host: guce.yahoo.com. See https://curl.se/libcurl/c/libcurl-errors.html first for more details.
2026-04-25 14:40:32,872 ERROR    $IWM: possibly delisted; no timezone found
2026-04-25 14:40:32,884 ERROR    
1 Failed download:
2026-04-25 14:40:32,884 ERROR    ['IWM']: possibly delisted; no timezone found
2026-04-25 15:02:26,778 INFO     POOLED_TRAINING=True — training cross-sectional model on all tickers
2026-04-25 15:02:26,778 INFO     [pooled] Starting cross-sectional training on 10 tickers
2026-04-25 15:02:26,860 INFO     [pooled] Common feature set: 80 features across 10 tickers
2026-04-25 15:02:49,514 INFO     POOLED_TRAINING=True — training cross-sectional model on all tickers
2026-04-25 15:02:49,514 INFO     [pooled] Starting cross-sectional training on 10 tickers
2026-04-25 15:02:49,609 INFO     [pooled] Common feature set: 80 features across 10 tickers
2026-04-25 15:02:50,307 INFO     [pooled] Train rows: 1990  Calib rows: 4250  Test rows: 4260
2026-04-25 15:02:51,712 INFO     [pooled] Confidence threshold: 52.0 (fallback=True)
2026-04-25 15:02:51,714 INFO     [pooled] Test accuracy: 67.23%  baseline: 32.77%  threshold: 52.0%
2026-04-25 15:02:51,719 INFO     [pooled] Saved artefacts for AMD
2026-04-25 15:02:51,721 INFO     [pooled] Saved artefacts for AMZN
2026-04-25 15:02:51,724 INFO     [pooled] Saved artefacts for CAT
2026-04-25 15:02:51,726 INFO     [pooled] Saved artefacts for GOOGL
2026-04-25 15:02:51,729 INFO     [pooled] Saved artefacts for INTC
2026-04-25 15:02:51,731 INFO     [pooled] Saved artefacts for META
2026-04-25 15:02:51,734 INFO     [pooled] Saved artefacts for MSFT
2026-04-25 15:02:51,736 INFO     [pooled] Saved artefacts for MU
2026-04-25 15:02:51,738 INFO     [pooled] Saved artefacts for NVDA
2026-04-25 15:02:51,740 INFO     [pooled] Saved artefacts for UNH
2026-04-25 15:02:51,740 INFO     [pooled] Done. 10 tickers, 67.23% acc vs 32.77% baseline
2026-04-25 15:06:54,422 INFO     Leakage audit output:
[leakage_audit] wrote /Users/amos/Code/Stock Market AI Bot/logs/leakage_audit.json
[leakage_audit] all tickers passed.
2026-04-25 15:06:54,422 INFO     POOLED_TRAINING=True — training cross-sectional model on all tickers
2026-04-25 15:06:54,422 INFO     [pooled] Starting cross-sectional training on 10 tickers
2026-04-25 15:06:54,519 INFO     [pooled] Common feature set: 80 features across 10 tickers
2026-04-25 15:06:55,203 INFO     [pooled] Train rows: 1990  Calib rows: 4250  Test rows: 4260
2026-04-25 15:06:56,545 INFO     [pooled] Confidence threshold: 52.0 (fallback=True)
2026-04-25 15:06:56,547 INFO     [pooled] Test accuracy: 67.23%  baseline: 32.77%  threshold: 52.0%
2026-04-25 15:06:56,551 INFO     [pooled] Saved artefacts for AMD
2026-04-25 15:06:56,554 INFO     [pooled] Saved artefacts for AMZN
2026-04-25 15:06:56,557 INFO     [pooled] Saved artefacts for CAT
2026-04-25 15:06:56,559 INFO     [pooled] Saved artefacts for GOOGL
2026-04-25 15:06:56,561 INFO     [pooled] Saved artefacts for INTC
2026-04-25 15:06:56,564 INFO     [pooled] Saved artefacts for META
2026-04-25 15:06:56,566 INFO     [pooled] Saved artefacts for MSFT
2026-04-25 15:06:56,569 INFO     [pooled] Saved artefacts for MU
2026-04-25 15:06:56,571 INFO     [pooled] Saved artefacts for NVDA
2026-04-25 15:06:56,573 INFO     [pooled] Saved artefacts for UNH
2026-04-25 15:06:56,573 INFO     [pooled] Done. 10 tickers, 67.23% acc vs 32.77% baseline
2026-04-25 15:20:41,437 INFO     POOLED_TRAINING=True — training cross-sectional model on all tickers (tune_hyperparams=True)
2026-04-25 15:20:41,437 INFO     [pooled] Starting cross-sectional training on 10 tickers
2026-04-25 15:20:41,573 INFO     [pooled] Common feature set: 80 features across 10 tickers
2026-04-25 15:20:42,304 INFO     [pooled] Train rows: 1990  Calib rows: 4250  Test rows: 4260
2026-04-25 15:20:42,321 INFO     [pooled] Running nested walk-forward CV hyperparameter search (1990 train rows, 4 outer × 3 inner folds)...
2026-04-25 15:26:52,530 INFO     Leakage audit output:
[leakage_audit] wrote /Users/amos/Code/Stock Market AI Bot/logs/leakage_audit.json
[leakage_audit] all tickers passed.
2026-04-25 15:26:52,531 INFO     POOLED_TRAINING=True — training cross-sectional model on all tickers (tune_hyperparams=True)
2026-04-25 15:26:52,531 INFO     [pooled] Starting cross-sectional training on 10 tickers
2026-04-25 15:26:52,647 INFO     [pooled] Common feature set: 80 features across 10 tickers
2026-04-25 15:26:53,457 INFO     [pooled] Train rows: 1990  Calib rows: 4250  Test rows: 4260
2026-04-25 15:26:53,478 INFO     [pooled] Running nested walk-forward CV hyperparameter search (1990 train rows, 4 outer × 3 inner folds)...
2026-04-25 15:28:13,499 INFO     [pooled] Nested CV best params: {'max_depth': 5, 'min_child_weight': 10, 'reg_lambda': 1.0} (fold 3 score=0.6649)
2026-04-25 15:28:13,501 INFO     [pooled]   fold 0: score=0.6357  params={'max_depth': 3, 'min_child_weight': 10, 'reg_lambda': 10.0}
2026-04-25 15:28:13,501 INFO     [pooled]   fold 1: score=0.6432  params={'max_depth': 5, 'min_child_weight': 3, 'reg_lambda': 1.0}
2026-04-25 15:28:13,501 INFO     [pooled]   fold 2: score=0.5879  params={'max_depth': 5, 'min_child_weight': 1, 'reg_lambda': 1.0}
2026-04-25 15:28:13,501 INFO     [pooled]   fold 3: score=0.6649  params={'max_depth': 5, 'min_child_weight': 10, 'reg_lambda': 1.0}
2026-04-25 15:28:13,501 INFO     [pooled] Saved tuned params to /Users/amos/Code/Stock Market AI Bot/models/pooled_best_xgb_params.json
2026-04-25 15:28:14,288 INFO     [pooled] Feature pruning: 810 → 40 cols  (30 base kept of 800, 770 dropped, 10 dummies always kept)
2026-04-25 15:28:14,295 INFO     build_models: applying tuned param overrides: {'max_depth': 5, 'min_child_weight': 10}
2026-04-25 15:28:14,646 INFO     [pooled] Confidence threshold: 52.0 (fallback=True)
2026-04-25 15:28:14,647 INFO     [pooled] Test accuracy: 67.23%  baseline: 32.77%  threshold: 52.0%
2026-04-25 15:28:14,653 INFO     [pooled] Saved artefacts for AMD
2026-04-25 15:28:14,655 INFO     [pooled] Saved artefacts for AMZN
2026-04-25 15:28:14,657 INFO     [pooled] Saved artefacts for CAT
2026-04-25 15:28:14,660 INFO     [pooled] Saved artefacts for GOOGL
2026-04-25 15:28:14,663 INFO     [pooled] Saved artefacts for INTC
2026-04-25 15:28:14,666 INFO     [pooled] Saved artefacts for META
2026-04-25 15:28:14,669 INFO     [pooled] Saved artefacts for MSFT
2026-04-25 15:28:14,671 INFO     [pooled] Saved artefacts for MU
2026-04-25 15:28:14,673 INFO     [pooled] Saved artefacts for NVDA
2026-04-25 15:28:14,676 INFO     [pooled] Saved artefacts for UNH
2026-04-25 15:28:14,677 INFO     [pooled] Done. 10 tickers, 67.23% acc vs 32.77% baseline
2026-04-25 15:34:31,310 INFO     [pooled] Nested CV best params: {'max_depth': 5, 'min_child_weight': 10, 'reg_lambda': 1.0} (fold 3 score=0.6649)
2026-04-25 15:34:31,312 INFO     [pooled]   fold 0: score=0.6357  params={'max_depth': 3, 'min_child_weight': 10, 'reg_lambda': 10.0}
2026-04-25 15:34:31,312 INFO     [pooled]   fold 1: score=0.6432  params={'max_depth': 5, 'min_child_weight': 3, 'reg_lambda': 1.0}
2026-04-25 15:34:31,312 INFO     [pooled]   fold 2: score=0.5879  params={'max_depth': 5, 'min_child_weight': 1, 'reg_lambda': 1.0}
2026-04-25 15:34:31,312 INFO     [pooled]   fold 3: score=0.6649  params={'max_depth': 5, 'min_child_weight': 10, 'reg_lambda': 1.0}
2026-04-25 15:34:31,313 INFO     [pooled] Saved tuned params to /Users/amos/Code/Stock Market AI Bot/models/pooled_best_xgb_params.json
2026-04-25 15:34:32,007 INFO     [pooled] Feature pruning: 810 → 40 cols  (30 base kept of 800, 770 dropped, 10 dummies always kept)
2026-04-25 15:34:32,013 INFO     build_models: applying tuned param overrides: {'max_depth': 5, 'min_child_weight': 10}
2026-04-25 15:34:32,254 INFO     [pooled] Confidence threshold: 52.0 (fallback=True)
2026-04-25 15:34:32,255 INFO     [pooled] Test accuracy: 67.23%  baseline: 32.77%  threshold: 52.0%
2026-04-25 15:34:32,262 INFO     [pooled] Saved artefacts for AMD
2026-04-25 15:34:32,264 INFO     [pooled] Saved artefacts for AMZN
2026-04-25 15:34:32,266 INFO     [pooled] Saved artefacts for CAT
2026-04-25 15:34:32,269 INFO     [pooled] Saved artefacts for GOOGL
2026-04-25 15:34:32,271 INFO     [pooled] Saved artefacts for INTC
2026-04-25 15:34:32,273 INFO     [pooled] Saved artefacts for META
2026-04-25 15:34:32,277 INFO     [pooled] Saved artefacts for MSFT
2026-04-25 15:34:32,279 INFO     [pooled] Saved artefacts for MU
2026-04-25 15:34:32,281 INFO     [pooled] Saved artefacts for NVDA
2026-04-25 15:34:32,283 INFO     [pooled] Saved artefacts for UNH
2026-04-25 15:34:32,283 INFO     [pooled] Done. 10 tickers, 67.23% acc vs 32.77% baseline
2026-04-25 16:00:31,524 INFO     Leakage audit output:
[leakage_audit] wrote /Users/amos/Code/Stock Market AI Bot/logs/leakage_audit.json
[leakage_audit] all tickers passed.
2026-04-25 16:00:31,525 INFO     POOLED_TRAINING=True — training cross-sectional model on all tickers (tune_hyperparams=True)
2026-04-25 16:00:31,525 INFO     [pooled] Starting cross-sectional training on 10 tickers
2026-04-25 16:00:31,673 INFO     [pooled] Common feature set: 96 features across 10 tickers
2026-04-25 16:00:32,359 INFO     [pooled] Train rows: 1990  Calib rows: 4250  Test rows: 4260
2026-04-25 16:00:32,376 INFO     [pooled] Running nested walk-forward CV hyperparameter search (1990 train rows, 4 outer × 3 inner folds)...
2026-04-25 16:08:27,887 INFO     [pooled] Nested CV best params: {'max_depth': 6, 'min_child_weight': 3, 'reg_lambda': 10.0} (fold 1 score=0.6357)
2026-04-25 16:08:27,890 INFO     [pooled]   fold 0: score=0.6231  params={'max_depth': 3, 'min_child_weight': 10, 'reg_lambda': 0.1}
2026-04-25 16:08:27,890 INFO     [pooled]   fold 1: score=0.6357  params={'max_depth': 6, 'min_child_weight': 3, 'reg_lambda': 10.0}
2026-04-25 16:08:27,890 INFO     [pooled]   fold 2: score=0.6030  params={'max_depth': 6, 'min_child_weight': 5, 'reg_lambda': 1.0}
2026-04-25 16:08:27,890 INFO     [pooled]   fold 3: score=0.6263  params={'max_depth': 5, 'min_child_weight': 10, 'reg_lambda': 10.0}
2026-04-25 16:08:27,890 INFO     [pooled] Saved tuned params to /Users/amos/Code/Stock Market AI Bot/models/pooled_best_xgb_params.json
2026-04-25 16:08:28,796 INFO     [pooled] Feature pruning: 970 → 40 cols  (30 base kept of 960, 930 dropped, 10 dummies always kept)
2026-04-25 16:08:28,805 INFO     build_models: applying tuned param overrides: {'max_depth': 6, 'min_child_weight': 3}
2026-04-25 16:08:29,081 INFO     [pooled] Confidence threshold: 52.0 (fallback=True)
2026-04-25 16:08:29,081 INFO     [pooled] Test accuracy: 67.23%  baseline: 32.77%  threshold: 52.0%
2026-04-25 16:08:29,090 INFO     [pooled] Saved artefacts for AMD
2026-04-25 16:08:29,093 INFO     [pooled] Saved artefacts for AMZN
2026-04-25 16:08:29,096 INFO     [pooled] Saved artefacts for CAT
2026-04-25 16:08:29,098 INFO     [pooled] Saved artefacts for GOOGL
2026-04-25 16:08:29,101 INFO     [pooled] Saved artefacts for INTC
2026-04-25 16:08:29,104 INFO     [pooled] Saved artefacts for META
2026-04-25 16:08:29,107 INFO     [pooled] Saved artefacts for MSFT
2026-04-25 16:08:29,110 INFO     [pooled] Saved artefacts for MU
2026-04-25 16:08:29,112 INFO     [pooled] Saved artefacts for NVDA
2026-04-25 16:08:29,115 INFO     [pooled] Saved artefacts for UNH
2026-04-25 16:08:29,115 INFO     [pooled] Done. 10 tickers, 67.23% acc vs 32.77% baseline
2026-04-25 16:25:24,702 INFO     Leakage audit output:
[leakage_audit] wrote /Users/amos/Code/Stock Market AI Bot/logs/leakage_audit.json
[leakage_audit] all tickers passed.
2026-04-25 16:25:24,702 INFO     POOLED_TRAINING=True — training cross-sectional model on all tickers (tune_hyperparams=True)
2026-04-25 16:25:24,702 INFO     [pooled] Starting cross-sectional training on 10 tickers
2026-04-25 16:25:24,796 INFO     [pooled] Common feature set: 80 features across 10 tickers
2026-04-25 16:25:25,445 INFO     [pooled] Train rows: 1990  Calib rows: 4250  Test rows: 4260
2026-04-25 16:25:25,461 INFO     [pooled] Running nested walk-forward CV hyperparameter search (1990 train rows, 4 outer × 3 inner folds)...
2026-04-25 16:32:30,343 INFO     [pooled] Nested CV best params: {'max_depth': 5, 'min_child_weight': 1, 'reg_lambda': 0.1} (fold 1 score=0.6482)
2026-04-25 16:32:30,346 INFO     [pooled]   fold 0: score=0.6382  params={'max_depth': 3, 'min_child_weight': 10, 'reg_lambda': 10.0}
2026-04-25 16:32:30,346 INFO     [pooled]   fold 1: score=0.6482  params={'max_depth': 5, 'min_child_weight': 1, 'reg_lambda': 0.1}
2026-04-25 16:32:30,346 INFO     [pooled]   fold 2: score=0.6055  params={'max_depth': 5, 'min_child_weight': 1, 'reg_lambda': 1.0}
2026-04-25 16:32:30,346 INFO     [pooled]   fold 3: score=0.6392  params={'max_depth': 4, 'min_child_weight': 10, 'reg_lambda': 10.0}
2026-04-25 16:32:30,346 INFO     [pooled] Saved tuned params to /Users/amos/Code/Stock Market AI Bot/models/pooled_best_xgb_params.json
2026-04-25 16:32:31,042 INFO     [pooled] Feature pruning: 810 → 40 cols  (30 base kept of 800, 770 dropped, 10 dummies always kept)
2026-04-25 16:32:31,050 INFO     build_models: applying tuned param overrides: {'max_depth': 5, 'min_child_weight': 1}
2026-04-25 16:32:31,318 INFO     [pooled] Confidence threshold: 52.0 (fallback=True)
2026-04-25 16:32:31,319 INFO     [pooled] Test accuracy: 67.23%  baseline: 32.77%  threshold: 52.0%
2026-04-25 16:32:31,326 INFO     [pooled] Saved artefacts for AMD
2026-04-25 16:32:31,329 INFO     [pooled] Saved artefacts for AMZN
2026-04-25 16:32:31,332 INFO     [pooled] Saved artefacts for CAT
2026-04-25 16:32:31,335 INFO     [pooled] Saved artefacts for GOOGL
2026-04-25 16:32:31,338 INFO     [pooled] Saved artefacts for INTC
2026-04-25 16:32:31,341 INFO     [pooled] Saved artefacts for META
2026-04-25 16:32:31,344 INFO     [pooled] Saved artefacts for MSFT
2026-04-25 16:32:31,346 INFO     [pooled] Saved artefacts for MU
2026-04-25 16:32:31,349 INFO     [pooled] Saved artefacts for NVDA
2026-04-25 16:32:31,352 INFO     [pooled] Saved artefacts for UNH
2026-04-25 16:32:31,352 INFO     [pooled] Done. 10 tickers, 67.23% acc vs 32.77% baseline
2026-04-25 16:38:27,446 INFO     Leakage audit output:
[leakage_audit] wrote /Users/amos/Code/Stock Market AI Bot/logs/leakage_audit.json
[leakage_audit] all tickers passed.
2026-04-25 16:38:27,446 INFO     POOLED_TRAINING=True — training cross-sectional model on all tickers (tune_hyperparams=True)
2026-04-25 16:38:27,446 INFO     [pooled] Starting cross-sectional training on 10 tickers
2026-04-25 16:38:27,536 INFO     [pooled] Common feature set: 80 features across 10 tickers
2026-04-25 16:38:28,132 INFO     [pooled] Train rows: 1990  Calib rows: 4250  Test rows: 4260
2026-04-25 16:38:28,147 INFO     [pooled] Running nested walk-forward CV hyperparameter search (1990 train rows, 4 outer × 3 inner folds)...
2026-04-25 16:45:33,399 INFO     [pooled] Nested CV best params: {'max_depth': 5, 'min_child_weight': 5, 'reg_lambda': 1.0} (fold 3 score=0.6469)
2026-04-25 16:45:33,402 INFO     [pooled]   fold 0: score=0.6382  params={'max_depth': 3, 'min_child_weight': 10, 'reg_lambda': 10.0}
2026-04-25 16:45:33,402 INFO     [pooled]   fold 1: score=0.6432  params={'max_depth': 4, 'min_child_weight': 3, 'reg_lambda': 1.0}
2026-04-25 16:45:33,402 INFO     [pooled]   fold 2: score=0.6131  params={'max_depth': 4, 'min_child_weight': 5, 'reg_lambda': 10.0}
2026-04-25 16:45:33,402 INFO     [pooled]   fold 3: score=0.6469  params={'max_depth': 5, 'min_child_weight': 5, 'reg_lambda': 1.0}
2026-04-25 16:45:33,402 INFO     [pooled] Saved tuned params to /Users/amos/Code/Stock Market AI Bot/models/pooled_best_xgb_params.json
2026-04-25 16:45:34,095 INFO     [pooled] Feature pruning: 810 → 40 cols  (30 base kept of 800, 770 dropped, 10 dummies always kept)
2026-04-25 16:45:34,104 INFO     build_models: applying tuned param overrides: {'max_depth': 5, 'min_child_weight': 5}
2026-04-25 16:45:34,443 INFO     [pooled] Confidence threshold: 52.0 (fallback=True)
2026-04-25 16:45:34,443 INFO     [pooled] Test accuracy: 67.23%  baseline: 32.77%  threshold: 52.0%
2026-04-25 16:45:34,450 INFO     [pooled] Saved artefacts for AMD
2026-04-25 16:45:34,454 INFO     [pooled] Saved artefacts for AMZN
2026-04-25 16:45:34,457 INFO     [pooled] Saved artefacts for CAT
2026-04-25 16:45:34,460 INFO     [pooled] Saved artefacts for GOOGL
2026-04-25 16:45:34,463 INFO     [pooled] Saved artefacts for INTC
2026-04-25 16:45:34,466 INFO     [pooled] Saved artefacts for META
2026-04-25 16:45:34,470 INFO     [pooled] Saved artefacts for MSFT
2026-04-25 16:45:34,473 INFO     [pooled] Saved artefacts for MU
2026-04-25 16:45:34,476 INFO     [pooled] Saved artefacts for NVDA
2026-04-25 16:45:34,479 INFO     [pooled] Saved artefacts for UNH
2026-04-25 16:45:34,479 INFO     [pooled] Done. 10 tickers, 67.23% acc vs 32.77% baseline
2026-04-25 16:52:18,853 INFO     Leakage audit output:
[leakage_audit] wrote /Users/amos/Code/Stock Market AI Bot/logs/leakage_audit.json
[leakage_audit] all tickers passed.
2026-04-25 16:52:18,854 INFO     POOLED_TRAINING=True — training cross-sectional model on all tickers (tune_hyperparams=True)
2026-04-25 16:52:18,854 INFO     [pooled] Starting cross-sectional training on 10 tickers
2026-04-25 16:52:19,006 INFO     [pooled] Common feature set: 96 features across 10 tickers
2026-04-25 16:52:19,703 INFO     [pooled] Train rows: 1990  Calib rows: 4250  Test rows: 4260
2026-04-25 16:52:19,720 INFO     [pooled] Running nested walk-forward CV hyperparameter search (1990 train rows, 4 outer × 3 inner folds)...
2026-04-25 17:00:16,643 INFO     [pooled] Nested CV best params: {'max_depth': 4, 'min_child_weight': 3, 'reg_lambda': 10.0} (fold 3 score=0.6443)
2026-04-25 17:00:16,646 INFO     [pooled]   fold 0: score=0.6231  params={'max_depth': 3, 'min_child_weight': 10, 'reg_lambda': 0.1}
2026-04-25 17:00:16,646 INFO     [pooled]   fold 1: score=0.6407  params={'max_depth': 4, 'min_child_weight': 1, 'reg_lambda': 0.1}
2026-04-25 17:00:16,646 INFO     [pooled]   fold 2: score=0.6005  params={'max_depth': 5, 'min_child_weight': 10, 'reg_lambda': 0.1}
2026-04-25 17:00:16,646 INFO     [pooled]   fold 3: score=0.6443  params={'max_depth': 4, 'min_child_weight': 3, 'reg_lambda': 10.0}
2026-04-25 17:00:16,646 INFO     [pooled] Saved tuned params to /Users/amos/Code/Stock Market AI Bot/models/pooled_best_xgb_params.json
2026-04-25 17:00:17,265 INFO     [pooled] Feature pruning: 970 → 40 cols  (30 base kept of 960, 930 dropped, 10 dummies always kept)
2026-04-25 17:00:17,274 INFO     build_models: applying tuned param overrides: {'max_depth': 4, 'min_child_weight': 3}
2026-04-25 17:00:17,478 INFO     [pooled] Confidence threshold: 52.0 (fallback=True)
2026-04-25 17:00:17,549 INFO     [pooled] Test accuracy: 67.23%  baseline: 32.77%  threshold: 52.0%
2026-04-25 17:00:17,556 INFO     [pooled] Saved artefacts for AMD
2026-04-25 17:00:17,559 INFO     [pooled] Saved artefacts for AMZN
2026-04-25 17:00:17,561 INFO     [pooled] Saved artefacts for CAT
2026-04-25 17:00:17,563 INFO     [pooled] Saved artefacts for GOOGL
2026-04-25 17:00:17,565 INFO     [pooled] Saved artefacts for INTC
2026-04-25 17:00:17,567 INFO     [pooled] Saved artefacts for META
2026-04-25 17:00:17,569 INFO     [pooled] Saved artefacts for MSFT
2026-04-25 17:00:17,571 INFO     [pooled] Saved artefacts for MU
2026-04-25 17:00:17,573 INFO     [pooled] Saved artefacts for NVDA
2026-04-25 17:00:17,575 INFO     [pooled] Saved artefacts for UNH
2026-04-25 17:00:17,575 INFO     [pooled] Done. 10 tickers, 67.23% acc vs 32.77% baseline
2026-04-25 17:11:05,731 INFO     Failed to create TzCache, reason: Cannot read and write in TzCache folder: '/Users/amos/Library/Caches/py-yfinance'. TzCache will not be used. Tip: You can direct cache to use a different location with 'set_tz_cache_location(mylocation)'
2026-04-25 17:11:05,732 INFO     Failed to create CookieCache, reason: Cannot read and write in CookieCache folder: '/Users/amos/Library/Caches/py-yfinance'. CookieCache will not be used. Tip: You can direct cache to use a different location with 'set_tz_cache_location(mylocation)'
2026-04-25 17:11:05,734 ERROR    Failed to get ticker '^VIX' reason: Failed to perform, curl: (6) Could not resolve host: guce.yahoo.com. See https://curl.se/libcurl/c/libcurl-errors.html first for more details.
2026-04-25 17:11:05,744 ERROR    
1 Failed download:
2026-04-25 17:11:05,744 ERROR    ['^VIX']: DNSError('Failed to perform, curl: (6) Could not resolve host: guce.yahoo.com. See https://curl.se/libcurl/c/libcurl-errors.html first for more details.')
2026-04-25 17:11:05,747 ERROR    Failed to get ticker 'SPY' reason: Failed to perform, curl: (6) Could not resolve host: guce.yahoo.com. See https://curl.se/libcurl/c/libcurl-errors.html first for more details.
2026-04-25 17:11:05,759 ERROR    
1 Failed download:
2026-04-25 17:11:05,759 ERROR    ['SPY']: DNSError('Failed to perform, curl: (6) Could not resolve host: guce.yahoo.com. See https://curl.se/libcurl/c/libcurl-errors.html first for more details.')
2026-04-25 17:11:05,761 ERROR    Failed to get ticker 'QQQ' reason: Failed to perform, curl: (6) Could not resolve host: guce.yahoo.com. See https://curl.se/libcurl/c/libcurl-errors.html first for more details.
2026-04-25 17:11:05,761 ERROR    $QQQ: possibly delisted; no timezone found
2026-04-25 17:11:05,771 ERROR    
1 Failed download:
2026-04-25 17:11:05,771 ERROR    ['QQQ']: possibly delisted; no timezone found
2026-04-25 17:11:05,773 ERROR    Failed to get ticker 'IWM' reason: Failed to perform, curl: (6) Could not resolve host: guce.yahoo.com. See https://curl.se/libcurl/c/libcurl-errors.html first for more details.
2026-04-25 17:11:05,773 ERROR    $IWM: possibly delisted; no timezone found
2026-04-25 17:11:05,785 ERROR    
1 Failed download:
2026-04-25 17:11:05,785 ERROR    ['IWM']: possibly delisted; no timezone found
2026-04-25 17:11:06,300 INFO     Failed to create TzCache, reason: Cannot read and write in TzCache folder: '/Users/amos/Library/Caches/py-yfinance'. TzCache will not be used. Tip: You can direct cache to use a different location with 'set_tz_cache_location(mylocation)'
2026-04-25 17:11:06,300 INFO     Failed to create CookieCache, reason: Cannot read and write in CookieCache folder: '/Users/amos/Library/Caches/py-yfinance'. CookieCache will not be used. Tip: You can direct cache to use a different location with 'set_tz_cache_location(mylocation)'
2026-04-25 17:11:06,302 ERROR    Failed to get ticker '^VIX' reason: Failed to perform, curl: (6) Could not resolve host: guce.yahoo.com. See https://curl.se/libcurl/c/libcurl-errors.html first for more details.
2026-04-25 17:11:06,312 ERROR    
1 Failed download:
2026-04-25 17:11:06,313 ERROR    ['^VIX']: DNSError('Failed to perform, curl: (6) Could not resolve host: guce.yahoo.com. See https://curl.se/libcurl/c/libcurl-errors.html first for more details.')
2026-04-25 17:11:06,315 ERROR    Failed to get ticker 'SPY' reason: Failed to perform, curl: (6) Could not resolve host: guce.yahoo.com. See https://curl.se/libcurl/c/libcurl-errors.html first for more details.
2026-04-25 17:11:06,327 ERROR    
1 Failed download:
2026-04-25 17:11:06,328 ERROR    ['SPY']: DNSError('Failed to perform, curl: (6) Could not resolve host: guce.yahoo.com. See https://curl.se/libcurl/c/libcurl-errors.html first for more details.')
2026-04-25 17:11:06,330 ERROR    Failed to get ticker 'QQQ' reason: Failed to perform, curl: (6) Could not resolve host: guce.yahoo.com. See https://curl.se/libcurl/c/libcurl-errors.html first for more details.
2026-04-25 17:11:06,330 ERROR    $QQQ: possibly delisted; no timezone found
2026-04-25 17:11:06,342 ERROR    
1 Failed download:
2026-04-25 17:11:06,342 ERROR    ['QQQ']: possibly delisted; no timezone found
2026-04-25 17:11:06,344 ERROR    Failed to get ticker 'IWM' reason: Failed to perform, curl: (6) Could not resolve host: guce.yahoo.com. See https://curl.se/libcurl/c/libcurl-errors.html first for more details.
2026-04-25 17:11:06,344 ERROR    $IWM: possibly delisted; no timezone found
2026-04-25 17:11:06,355 ERROR    
1 Failed download:
2026-04-25 17:11:06,355 ERROR    ['IWM']: possibly delisted; no timezone found
2026-04-25 17:11:10,228 ERROR    Failed to get ticker 'SPY' reason: Failed to perform, curl: (6) Could not resolve host: guce.yahoo.com. See https://curl.se/libcurl/c/libcurl-errors.html first for more details.
2026-04-25 17:11:10,228 ERROR    $SPY: possibly delisted; no timezone found
2026-04-25 17:11:10,240 ERROR    
1 Failed download:
2026-04-25 17:11:10,240 ERROR    ['SPY']: possibly delisted; no timezone found
2026-04-25 17:11:10,242 ERROR    Failed to get ticker 'QQQ' reason: Failed to perform, curl: (6) Could not resolve host: guce.yahoo.com. See https://curl.se/libcurl/c/libcurl-errors.html first for more details.
2026-04-25 17:11:10,242 ERROR    $QQQ: possibly delisted; no timezone found
2026-04-25 17:11:10,254 ERROR    
1 Failed download:
2026-04-25 17:11:10,254 ERROR    ['QQQ']: possibly delisted; no timezone found
2026-04-25 17:11:10,256 ERROR    Failed to get ticker 'IWM' reason: Failed to perform, curl: (6) Could not resolve host: guce.yahoo.com. See https://curl.se/libcurl/c/libcurl-errors.html first for more details.
2026-04-25 17:11:10,256 ERROR    $IWM: possibly delisted; no timezone found
2026-04-25 17:11:10,268 ERROR    
1 Failed download:
2026-04-25 17:11:10,268 ERROR    ['IWM']: possibly delisted; no timezone found
2026-04-25 17:11:10,775 ERROR    Failed to get ticker 'SPY' reason: Failed to perform, curl: (6) Could not resolve host: guce.yahoo.com. See https://curl.se/libcurl/c/libcurl-errors.html first for more details.
2026-04-25 17:11:10,775 ERROR    $SPY: possibly delisted; no timezone found
2026-04-25 17:11:10,787 ERROR    
1 Failed download:
2026-04-25 17:11:10,787 ERROR    ['SPY']: possibly delisted; no timezone found
2026-04-25 17:11:10,789 ERROR    Failed to get ticker 'QQQ' reason: Failed to perform, curl: (6) Could not resolve host: guce.yahoo.com. See https://curl.se/libcurl/c/libcurl-errors.html first for more details.
2026-04-25 17:11:10,789 ERROR    $QQQ: possibly delisted; no timezone found
2026-04-25 17:11:10,801 ERROR    
1 Failed download:
2026-04-25 17:11:10,801 ERROR    ['QQQ']: possibly delisted; no timezone found
2026-04-25 17:11:10,803 ERROR    Failed to get ticker 'IWM' reason: Failed to perform, curl: (6) Could not resolve host: guce.yahoo.com. See https://curl.se/libcurl/c/libcurl-errors.html first for more details.
2026-04-25 17:11:10,803 ERROR    $IWM: possibly delisted; no timezone found
2026-04-25 17:11:10,815 ERROR    
1 Failed download:
2026-04-25 17:11:10,815 ERROR    ['IWM']: possibly delisted; no timezone found
2026-04-25 17:14:57,376 INFO     Failed to create TzCache, reason: Cannot read and write in TzCache folder: '/Users/amos/Library/Caches/py-yfinance'. TzCache will not be used. Tip: You can direct cache to use a different location with 'set_tz_cache_location(mylocation)'
2026-04-25 17:14:57,376 INFO     Failed to create CookieCache, reason: Cannot read and write in CookieCache folder: '/Users/amos/Library/Caches/py-yfinance'. CookieCache will not be used. Tip: You can direct cache to use a different location with 'set_tz_cache_location(mylocation)'
2026-04-25 17:14:57,378 ERROR    Failed to get ticker '^VIX' reason: Failed to perform, curl: (6) Could not resolve host: guce.yahoo.com. See https://curl.se/libcurl/c/libcurl-errors.html first for more details.
2026-04-25 17:14:57,387 ERROR    
1 Failed download:
2026-04-25 17:14:57,388 ERROR    ['^VIX']: DNSError('Failed to perform, curl: (6) Could not resolve host: guce.yahoo.com. See https://curl.se/libcurl/c/libcurl-errors.html first for more details.')
2026-04-25 17:14:57,390 ERROR    Failed to get ticker 'SPY' reason: Failed to perform, curl: (6) Could not resolve host: guce.yahoo.com. See https://curl.se/libcurl/c/libcurl-errors.html first for more details.
2026-04-25 17:14:57,403 ERROR    
1 Failed download:
2026-04-25 17:14:57,403 ERROR    ['SPY']: DNSError('Failed to perform, curl: (6) Could not resolve host: guce.yahoo.com. See https://curl.se/libcurl/c/libcurl-errors.html first for more details.')
2026-04-25 17:14:57,404 ERROR    Failed to get ticker 'QQQ' reason: Failed to perform, curl: (6) Could not resolve host: guce.yahoo.com. See https://curl.se/libcurl/c/libcurl-errors.html first for more details.
2026-04-25 17:14:57,405 ERROR    $QQQ: possibly delisted; no timezone found
2026-04-25 17:14:57,414 ERROR    
1 Failed download:
2026-04-25 17:14:57,415 ERROR    ['QQQ']: possibly delisted; no timezone found
2026-04-25 17:14:57,416 ERROR    Failed to get ticker 'IWM' reason: Failed to perform, curl: (6) Could not resolve host: guce.yahoo.com. See https://curl.se/libcurl/c/libcurl-errors.html first for more details.
2026-04-25 17:14:57,416 ERROR    $IWM: possibly delisted; no timezone found
2026-04-25 17:14:57,428 ERROR    
1 Failed download:
2026-04-25 17:14:57,428 ERROR    ['IWM']: possibly delisted; no timezone found
2026-04-25 17:15:01,810 ERROR    Failed to get ticker 'SPY' reason: Failed to perform, curl: (6) Could not resolve host: guce.yahoo.com. See https://curl.se/libcurl/c/libcurl-errors.html first for more details.
2026-04-25 17:15:01,810 ERROR    $SPY: possibly delisted; no timezone found
2026-04-25 17:15:01,822 ERROR    
1 Failed download:
2026-04-25 17:15:01,822 ERROR    ['SPY']: possibly delisted; no timezone found
2026-04-25 17:15:01,824 ERROR    Failed to get ticker 'QQQ' reason: Failed to perform, curl: (6) Could not resolve host: guce.yahoo.com. See https://curl.se/libcurl/c/libcurl-errors.html first for more details.
2026-04-25 17:15:01,824 ERROR    $QQQ: possibly delisted; no timezone found
2026-04-25 17:15:01,836 ERROR    
1 Failed download:
2026-04-25 17:15:01,836 ERROR    ['QQQ']: possibly delisted; no timezone found
2026-04-25 17:15:01,838 ERROR    Failed to get ticker 'IWM' reason: Failed to perform, curl: (6) Could not resolve host: guce.yahoo.com. See https://curl.se/libcurl/c/libcurl-errors.html first for more details.
2026-04-25 17:15:01,838 ERROR    $IWM: possibly delisted; no timezone found
2026-04-25 17:15:01,850 ERROR    
1 Failed download:
2026-04-25 17:15:01,850 ERROR    ['IWM']: possibly delisted; no timezone found
2026-04-25 17:15:34,254 INFO     Failed to create TzCache, reason: Cannot read and write in TzCache folder: '/Users/amos/Library/Caches/py-yfinance'. TzCache will not be used. Tip: You can direct cache to use a different location with 'set_tz_cache_location(mylocation)'
2026-04-25 17:15:34,254 INFO     Failed to create CookieCache, reason: Cannot read and write in CookieCache folder: '/Users/amos/Library/Caches/py-yfinance'. CookieCache will not be used. Tip: You can direct cache to use a different location with 'set_tz_cache_location(mylocation)'
2026-04-25 17:15:34,256 ERROR    Failed to get ticker '^VIX' reason: Failed to perform, curl: (6) Could not resolve host: guce.yahoo.com. See https://curl.se/libcurl/c/libcurl-errors.html first for more details.
2026-04-25 17:15:34,267 ERROR    
1 Failed download:
2026-04-25 17:15:34,267 ERROR    ['^VIX']: DNSError('Failed to perform, curl: (6) Could not resolve host: guce.yahoo.com. See https://curl.se/libcurl/c/libcurl-errors.html first for more details.')
2026-04-25 17:15:34,270 ERROR    Failed to get ticker 'SPY' reason: Failed to perform, curl: (6) Could not resolve host: guce.yahoo.com. See https://curl.se/libcurl/c/libcurl-errors.html first for more details.
2026-04-25 17:15:34,282 ERROR    
1 Failed download:
2026-04-25 17:15:34,282 ERROR    ['SPY']: DNSError('Failed to perform, curl: (6) Could not resolve host: guce.yahoo.com. See https://curl.se/libcurl/c/libcurl-errors.html first for more details.')
2026-04-25 17:15:34,284 ERROR    Failed to get ticker 'QQQ' reason: Failed to perform, curl: (6) Could not resolve host: guce.yahoo.com. See https://curl.se/libcurl/c/libcurl-errors.html first for more details.
2026-04-25 17:15:34,284 ERROR    $QQQ: possibly delisted; no timezone found
2026-04-25 17:15:34,296 ERROR    
1 Failed download:
2026-04-25 17:15:34,297 ERROR    ['QQQ']: possibly delisted; no timezone found
2026-04-25 17:15:34,300 ERROR    Failed to get ticker 'IWM' reason: Failed to perform, curl: (6) Could not resolve host: guce.yahoo.com. See https://curl.se/libcurl/c/libcurl-errors.html first for more details.
2026-04-25 17:15:34,301 ERROR    $IWM: possibly delisted; no timezone found
2026-04-25 17:15:34,312 ERROR    
1 Failed download:
2026-04-25 17:15:34,312 ERROR    ['IWM']: possibly delisted; no timezone found
2026-04-25 17:15:38,682 ERROR    Failed to get ticker 'SPY' reason: Failed to perform, curl: (6) Could not resolve host: guce.yahoo.com. See https://curl.se/libcurl/c/libcurl-errors.html first for more details.
2026-04-25 17:15:38,683 ERROR    $SPY: possibly delisted; no timezone found
2026-04-25 17:15:38,695 ERROR    
1 Failed download:
2026-04-25 17:15:38,695 ERROR    ['SPY']: possibly delisted; no timezone found
2026-04-25 17:15:38,697 ERROR    Failed to get ticker 'QQQ' reason: Failed to perform, curl: (6) Could not resolve host: guce.yahoo.com. See https://curl.se/libcurl/c/libcurl-errors.html first for more details.
2026-04-25 17:15:38,697 ERROR    $QQQ: possibly delisted; no timezone found
2026-04-25 17:15:38,709 ERROR    
1 Failed download:
2026-04-25 17:15:38,709 ERROR    ['QQQ']: possibly delisted; no timezone found
2026-04-25 17:15:38,711 ERROR    Failed to get ticker 'IWM' reason: Failed to perform, curl: (6) Could not resolve host: guce.yahoo.com. See https://curl.se/libcurl/c/libcurl-errors.html first for more details.
2026-04-25 17:15:38,711 ERROR    $IWM: possibly delisted; no timezone found
2026-04-25 17:15:38,723 ERROR    
1 Failed download:
2026-04-25 17:15:38,723 ERROR    ['IWM']: possibly delisted; no timezone found
2026-04-25 17:16:33,445 INFO     Failed to create TzCache, reason: Cannot read and write in TzCache folder: '/Users/amos/Library/Caches/py-yfinance'. TzCache will not be used. Tip: You can direct cache to use a different location with 'set_tz_cache_location(mylocation)'
2026-04-25 17:16:33,445 INFO     Failed to create CookieCache, reason: Cannot read and write in CookieCache folder: '/Users/amos/Library/Caches/py-yfinance'. CookieCache will not be used. Tip: You can direct cache to use a different location with 'set_tz_cache_location(mylocation)'
2026-04-25 17:16:33,447 ERROR    Failed to get ticker '^VIX' reason: Failed to perform, curl: (6) Could not resolve host: guce.yahoo.com. See https://curl.se/libcurl/c/libcurl-errors.html first for more details.
2026-04-25 17:16:33,458 ERROR    
1 Failed download:
2026-04-25 17:16:33,458 ERROR    ['^VIX']: DNSError('Failed to perform, curl: (6) Could not resolve host: guce.yahoo.com. See https://curl.se/libcurl/c/libcurl-errors.html first for more details.')
2026-04-25 17:16:33,461 ERROR    Failed to get ticker 'SPY' reason: Failed to perform, curl: (6) Could not resolve host: guce.yahoo.com. See https://curl.se/libcurl/c/libcurl-errors.html first for more details.
2026-04-25 17:16:33,473 ERROR    
1 Failed download:
2026-04-25 17:16:33,473 ERROR    ['SPY']: DNSError('Failed to perform, curl: (6) Could not resolve host: guce.yahoo.com. See https://curl.se/libcurl/c/libcurl-errors.html first for more details.')
2026-04-25 17:16:33,475 ERROR    Failed to get ticker 'QQQ' reason: Failed to perform, curl: (6) Could not resolve host: guce.yahoo.com. See https://curl.se/libcurl/c/libcurl-errors.html first for more details.
2026-04-25 17:16:33,475 ERROR    $QQQ: possibly delisted; no timezone found
2026-04-25 17:16:33,487 ERROR    
1 Failed download:
2026-04-25 17:16:33,488 ERROR    ['QQQ']: possibly delisted; no timezone found
2026-04-25 17:16:33,489 ERROR    Failed to get ticker 'IWM' reason: Failed to perform, curl: (6) Could not resolve host: guce.yahoo.com. See https://curl.se/libcurl/c/libcurl-errors.html first for more details.
2026-04-25 17:16:33,490 ERROR    $IWM: possibly delisted; no timezone found
2026-04-25 17:16:33,502 ERROR    
1 Failed download:
2026-04-25 17:16:33,502 ERROR    ['IWM']: possibly delisted; no timezone found
2026-04-25 17:16:37,906 ERROR    Failed to get ticker 'SPY' reason: Failed to perform, curl: (6) Could not resolve host: guce.yahoo.com. See https://curl.se/libcurl/c/libcurl-errors.html first for more details.
2026-04-25 17:16:37,906 ERROR    $SPY: possibly delisted; no timezone found
2026-04-25 17:16:37,918 ERROR    
1 Failed download:
2026-04-25 17:16:37,918 ERROR    ['SPY']: possibly delisted; no timezone found
2026-04-25 17:16:37,920 ERROR    Failed to get ticker 'QQQ' reason: Failed to perform, curl: (6) Could not resolve host: guce.yahoo.com. See https://curl.se/libcurl/c/libcurl-errors.html first for more details.
2026-04-25 17:16:37,921 ERROR    $QQQ: possibly delisted; no timezone found
2026-04-25 17:16:37,932 ERROR    
1 Failed download:
2026-04-25 17:16:37,933 ERROR    ['QQQ']: possibly delisted; no timezone found
2026-04-25 17:16:37,934 ERROR    Failed to get ticker 'IWM' reason: Failed to perform, curl: (6) Could not resolve host: guce.yahoo.com. See https://curl.se/libcurl/c/libcurl-errors.html first for more details.
2026-04-25 17:16:37,934 ERROR    $IWM: possibly delisted; no timezone found
2026-04-25 17:16:37,944 ERROR    
1 Failed download:
2026-04-25 17:16:37,944 ERROR    ['IWM']: possibly delisted; no timezone found
2026-04-25 17:18:31,979 INFO     Failed to create TzCache, reason: Cannot read and write in TzCache folder: '/Users/amos/Library/Caches/py-yfinance'. TzCache will not be used. Tip: You can direct cache to use a different location with 'set_tz_cache_location(mylocation)'
2026-04-25 17:18:31,979 INFO     Failed to create CookieCache, reason: Cannot read and write in CookieCache folder: '/Users/amos/Library/Caches/py-yfinance'. CookieCache will not be used. Tip: You can direct cache to use a different location with 'set_tz_cache_location(mylocation)'
2026-04-25 17:18:31,981 ERROR    Failed to get ticker '^VIX' reason: Failed to perform, curl: (6) Could not resolve host: guce.yahoo.com. See https://curl.se/libcurl/c/libcurl-errors.html first for more details.
2026-04-25 17:18:31,991 ERROR    
1 Failed download:
2026-04-25 17:18:31,992 ERROR    ['^VIX']: DNSError('Failed to perform, curl: (6) Could not resolve host: guce.yahoo.com. See https://curl.se/libcurl/c/libcurl-errors.html first for more details.')
2026-04-25 17:18:31,995 ERROR    Failed to get ticker 'SPY' reason: Failed to perform, curl: (6) Could not resolve host: guce.yahoo.com. See https://curl.se/libcurl/c/libcurl-errors.html first for more details.
2026-04-25 17:18:32,007 ERROR    
1 Failed download:
2026-04-25 17:18:32,007 ERROR    ['SPY']: DNSError('Failed to perform, curl: (6) Could not resolve host: guce.yahoo.com. See https://curl.se/libcurl/c/libcurl-errors.html first for more details.')
2026-04-25 17:18:32,009 ERROR    Failed to get ticker 'QQQ' reason: Failed to perform, curl: (6) Could not resolve host: guce.yahoo.com. See https://curl.se/libcurl/c/libcurl-errors.html first for more details.
2026-04-25 17:18:32,009 ERROR    $QQQ: possibly delisted; no timezone found
2026-04-25 17:18:32,021 ERROR    
1 Failed download:
2026-04-25 17:18:32,021 ERROR    ['QQQ']: possibly delisted; no timezone found
2026-04-25 17:18:32,023 ERROR    Failed to get ticker 'IWM' reason: Failed to perform, curl: (6) Could not resolve host: guce.yahoo.com. See https://curl.se/libcurl/c/libcurl-errors.html first for more details.
2026-04-25 17:18:32,023 ERROR    $IWM: possibly delisted; no timezone found
2026-04-25 17:18:32,035 ERROR    
1 Failed download:
2026-04-25 17:18:32,035 ERROR    ['IWM']: possibly delisted; no timezone found
2026-04-25 17:18:36,351 ERROR    Failed to get ticker 'SPY' reason: Failed to perform, curl: (6) Could not resolve host: guce.yahoo.com. See https://curl.se/libcurl/c/libcurl-errors.html first for more details.
2026-04-25 17:18:36,351 ERROR    $SPY: possibly delisted; no timezone found
2026-04-25 17:18:36,363 ERROR    
1 Failed download:
2026-04-25 17:18:36,363 ERROR    ['SPY']: possibly delisted; no timezone found
2026-04-25 17:18:36,365 ERROR    Failed to get ticker 'QQQ' reason: Failed to perform, curl: (6) Could not resolve host: guce.yahoo.com. See https://curl.se/libcurl/c/libcurl-errors.html first for more details.
2026-04-25 17:18:36,365 ERROR    $QQQ: possibly delisted; no timezone found
2026-04-25 17:18:36,377 ERROR    
1 Failed download:
2026-04-25 17:18:36,377 ERROR    ['QQQ']: possibly delisted; no timezone found
2026-04-25 17:18:36,379 ERROR    Failed to get ticker 'IWM' reason: Failed to perform, curl: (6) Could not resolve host: guce.yahoo.com. See https://curl.se/libcurl/c/libcurl-errors.html first for more details.
2026-04-25 17:18:36,379 ERROR    $IWM: possibly delisted; no timezone found
2026-04-25 17:18:36,391 ERROR    
1 Failed download:
2026-04-25 17:18:36,391 ERROR    ['IWM']: possibly delisted; no timezone found
2026-04-25 17:18:36,457 ERROR    Failed to get ticker '^VIX' reason: Failed to perform, curl: (6) Could not resolve host: guce.yahoo.com. See https://curl.se/libcurl/c/libcurl-errors.html first for more details.
2026-04-25 17:18:36,457 ERROR    $^VIX: possibly delisted; no timezone found
2026-04-25 17:18:36,469 ERROR    
1 Failed download:
2026-04-25 17:18:36,469 ERROR    ['^VIX']: possibly delisted; no timezone found
2026-04-25 17:18:36,471 ERROR    Failed to get ticker 'SPY' reason: Failed to perform, curl: (6) Could not resolve host: guce.yahoo.com. See https://curl.se/libcurl/c/libcurl-errors.html first for more details.
2026-04-25 17:18:36,471 ERROR    $SPY: possibly delisted; no timezone found
2026-04-25 17:18:36,483 ERROR    
1 Failed download:
2026-04-25 17:18:36,483 ERROR    ['SPY']: possibly delisted; no timezone found
2026-04-25 17:18:36,485 ERROR    Failed to get ticker 'QQQ' reason: Failed to perform, curl: (6) Could not resolve host: guce.yahoo.com. See https://curl.se/libcurl/c/libcurl-errors.html first for more details.
2026-04-25 17:18:36,486 ERROR    $QQQ: possibly delisted; no timezone found
2026-04-25 17:18:36,497 ERROR    
1 Failed download:
2026-04-25 17:18:36,498 ERROR    ['QQQ']: possibly delisted; no timezone found
2026-04-25 17:18:36,499 ERROR    Failed to get ticker 'IWM' reason: Failed to perform, curl: (6) Could not resolve host: guce.yahoo.com. See https://curl.se/libcurl/c/libcurl-errors.html first for more details.
2026-04-25 17:18:36,499 ERROR    $IWM: possibly delisted; no timezone found
2026-04-25 17:18:36,511 ERROR    
1 Failed download:
2026-04-25 17:18:36,511 ERROR    ['IWM']: possibly delisted; no timezone found
2026-04-25 17:18:40,846 ERROR    Failed to get ticker 'SPY' reason: Failed to perform, curl: (6) Could not resolve host: guce.yahoo.com. See https://curl.se/libcurl/c/libcurl-errors.html first for more details.
2026-04-25 17:18:40,846 ERROR    $SPY: possibly delisted; no timezone found
2026-04-25 17:18:40,858 ERROR    
1 Failed download:
2026-04-25 17:18:40,858 ERROR    ['SPY']: possibly delisted; no timezone found
2026-04-25 17:18:40,860 ERROR    Failed to get ticker 'QQQ' reason: Failed to perform, curl: (6) Could not resolve host: guce.yahoo.com. See https://curl.se/libcurl/c/libcurl-errors.html first for more details.
2026-04-25 17:18:40,860 ERROR    $QQQ: possibly delisted; no timezone found
2026-04-25 17:18:40,871 ERROR    
1 Failed download:
2026-04-25 17:18:40,871 ERROR    ['QQQ']: possibly delisted; no timezone found
2026-04-25 17:18:40,872 ERROR    Failed to get ticker 'IWM' reason: Failed to perform, curl: (6) Could not resolve host: guce.yahoo.com. See https://curl.se/libcurl/c/libcurl-errors.html first for more details.
2026-04-25 17:18:40,872 ERROR    $IWM: possibly delisted; no timezone found
2026-04-25 17:18:40,884 ERROR    
1 Failed download:
2026-04-25 17:18:40,885 ERROR    ['IWM']: possibly delisted; no timezone found
2026-04-25 22:44:51,429 INFO     POOLED_TRAINING=True — training cross-sectional model on all tickers (tune_hyperparams=False)
2026-04-25 22:44:51,429 INFO     [pooled] Starting cross-sectional training on 10 tickers
2026-04-25 22:44:51,620 INFO     [pooled] Common feature set: 96 features across 10 tickers
2026-04-25 22:44:52,454 INFO     [pooled] Train rows: 1990  Calib rows: 4250  Test rows: 4260
2026-04-25 22:44:53,110 INFO     [pooled] Feature pruning: 970 → 40 cols  (30 base kept of 960, 930 dropped, 10 dummies always kept)
2026-04-25 22:44:53,114 INFO     build_models: scale_pos_weight=1.073  (n_pos=960, n_neg=1030)
2026-04-25 22:44:53,319 INFO     [pooled] Confidence threshold: 57.5 (fallback=True)
2026-04-25 22:44:53,320 INFO     [pooled] Test accuracy: 52.37%  baseline: 47.63%  threshold: 57.5%
2026-04-25 22:44:53,324 INFO     [pooled] Saved artefacts for AMD
2026-04-25 22:44:53,327 INFO     [pooled] Saved artefacts for AMZN
2026-04-25 22:44:53,329 INFO     [pooled] Saved artefacts for CAT
2026-04-25 22:44:53,331 INFO     [pooled] Saved artefacts for GOOGL
2026-04-25 22:44:53,333 INFO     [pooled] Saved artefacts for INTC
2026-04-25 22:44:53,335 INFO     [pooled] Saved artefacts for META
2026-04-25 22:44:53,336 INFO     [pooled] Saved artefacts for MSFT
2026-04-25 22:44:53,338 INFO     [pooled] Saved artefacts for MU
2026-04-25 22:44:53,340 INFO     [pooled] Saved artefacts for NVDA
2026-04-25 22:44:53,342 INFO     [pooled] Saved artefacts for UNH
2026-04-25 22:44:53,342 INFO     [pooled] Done. 10 tickers, 52.37% acc vs 47.63% baseline
2026-04-26 00:05:40,072 INFO     Leakage audit output:
[leakage_audit] wrote /Users/amos/Code/Stock Market AI Bot/logs/leakage_audit.json
[leakage_audit] all tickers passed.
2026-04-26 00:05:40,072 INFO     POOLED_TRAINING=True — training cross-sectional model on all tickers (tune_hyperparams=True)
2026-04-26 00:05:40,072 INFO     [pooled] Starting cross-sectional training on 10 tickers
2026-04-26 00:05:40,230 INFO     [pooled] Common feature set: 96 features across 10 tickers
2026-04-26 00:05:41,012 INFO     [pooled] Train rows: 1990  Calib rows: 4250  Test rows: 4260
2026-04-26 00:05:41,030 INFO     [pooled] Running nested walk-forward CV hyperparameter search (1990 train rows, 4 outer × 3 inner folds)...
2026-04-26 00:14:03,690 INFO     [pooled] Nested CV best params: {'max_depth': 6, 'min_child_weight': 1, 'reg_lambda': 10.0} (fold 3 score=0.5361)
2026-04-26 00:14:03,693 INFO     [pooled]   fold 0: score=0.4975  params={'max_depth': 5, 'min_child_weight': 3, 'reg_lambda': 1.0}
2026-04-26 00:14:03,693 INFO     [pooled]   fold 1: score=0.5126  params={'max_depth': 6, 'min_child_weight': 3, 'reg_lambda': 0.1}
2026-04-26 00:14:03,693 INFO     [pooled]   fold 2: score=0.5050  params={'max_depth': 4, 'min_child_weight': 10, 'reg_lambda': 10.0}
2026-04-26 00:14:03,693 INFO     [pooled]   fold 3: score=0.5361  params={'max_depth': 6, 'min_child_weight': 1, 'reg_lambda': 10.0}
2026-04-26 00:14:03,693 INFO     [pooled] Saved tuned params to /Users/amos/Code/Stock Market AI Bot/models/pooled_best_xgb_params.json
2026-04-26 00:14:04,622 INFO     [pooled] Feature pruning: 970 → 40 cols  (30 base kept of 960, 930 dropped, 10 dummies always kept)
2026-04-26 00:14:04,637 INFO     build_models: applying tuned param overrides: {'max_depth': 6, 'min_child_weight': 1, 'reg_lambda': 10.0}
2026-04-26 00:14:04,637 INFO     build_models: scale_pos_weight=1.073  (n_pos=960, n_neg=1030)
2026-04-26 00:14:04,966 INFO     [pooled] Confidence threshold: 57.5 (fallback=True)
2026-04-26 00:14:04,967 INFO     [pooled] Test accuracy: 52.37%  baseline: 47.63%  threshold: 57.5%
2026-04-26 00:14:04,975 INFO     [pooled] Saved artefacts for AMD
2026-04-26 00:14:04,979 INFO     [pooled] Saved artefacts for AMZN
2026-04-26 00:14:04,983 INFO     [pooled] Saved artefacts for CAT
2026-04-26 00:14:04,986 INFO     [pooled] Saved artefacts for GOOGL
2026-04-26 00:14:04,990 INFO     [pooled] Saved artefacts for INTC
2026-04-26 00:14:04,993 INFO     [pooled] Saved artefacts for META
2026-04-26 00:14:04,997 INFO     [pooled] Saved artefacts for MSFT
2026-04-26 00:14:05,000 INFO     [pooled] Saved artefacts for MU
2026-04-26 00:14:05,004 INFO     [pooled] Saved artefacts for NVDA
2026-04-26 00:14:05,007 INFO     [pooled] Saved artefacts for UNH
2026-04-26 00:14:05,007 INFO     [pooled] Done. 10 tickers, 52.37% acc vs 47.63% baseline
2026-04-26 01:03:23,952 INFO     Leakage audit output:
[leakage_audit] wrote /Users/amos/Code/Stock Market AI Bot/logs/leakage_audit.json
[leakage_audit] all tickers passed.
2026-04-26 01:03:23,953 INFO     POOLED_TRAINING=True — training cross-sectional model on all tickers (tune_hyperparams=True)
2026-04-26 01:03:23,953 INFO     [pooled] Starting cross-sectional training on 10 tickers
2026-04-26 01:03:24,106 INFO     [pooled] Common feature set: 96 features across 10 tickers
2026-04-26 01:03:24,826 INFO     [pooled] Train rows: 1990  Calib rows: 4250  Test rows: 4260
2026-04-26 01:03:24,845 INFO     [pooled] Running nested walk-forward CV hyperparameter search (1990 train rows, 4 outer × 3 inner folds)...
2026-04-26 01:12:02,421 INFO     [pooled] Nested CV best params: {'max_depth': 6, 'min_child_weight': 10, 'reg_lambda': 10.0} (fold 2 score=0.5452)
2026-04-26 01:12:02,424 INFO     [pooled]   fold 0: score=0.5000  params={'max_depth': 6, 'min_child_weight': 1, 'reg_lambda': 1.0}
2026-04-26 01:12:02,424 INFO     [pooled]   fold 1: score=0.5025  params={'max_depth': 6, 'min_child_weight': 3, 'reg_lambda': 0.1}
2026-04-26 01:12:02,424 INFO     [pooled]   fold 2: score=0.5452  params={'max_depth': 6, 'min_child_weight': 10, 'reg_lambda': 10.0}
2026-04-26 01:12:02,424 INFO     [pooled]   fold 3: score=0.5180  params={'max_depth': 5, 'min_child_weight': 1, 'reg_lambda': 0.1}
2026-04-26 01:12:02,424 INFO     [pooled] Saved tuned params to /Users/amos/Code/Stock Market AI Bot/models/pooled_best_xgb_params.json
2026-04-26 01:12:03,327 INFO     [pooled] Feature pruning: 970 → 40 cols  (30 base kept of 960, 930 dropped, 10 dummies always kept)
2026-04-26 01:12:03,336 INFO     build_models: applying tuned param overrides: {'max_depth': 6, 'min_child_weight': 10, 'reg_lambda': 10.0}
2026-04-26 01:12:03,337 INFO     build_models: scale_pos_weight=1.073  (n_pos=960, n_neg=1030)
2026-04-26 01:12:03,593 INFO     [pooled] Confidence threshold: 57.5 (fallback=True)
2026-04-26 01:12:03,594 INFO     [pooled] Test accuracy: 52.37%  baseline: 47.63%  threshold: 57.5%
2026-04-26 01:12:03,601 INFO     [pooled] Saved artefacts for AMD
2026-04-26 01:12:03,603 INFO     [pooled] Saved artefacts for AMZN
2026-04-26 01:12:03,606 INFO     [pooled] Saved artefacts for CAT
2026-04-26 01:12:03,608 INFO     [pooled] Saved artefacts for GOOGL
2026-04-26 01:12:03,610 INFO     [pooled] Saved artefacts for INTC
2026-04-26 01:12:03,612 INFO     [pooled] Saved artefacts for META
2026-04-26 01:12:03,614 INFO     [pooled] Saved artefacts for MSFT
2026-04-26 01:12:03,616 INFO     [pooled] Saved artefacts for MU
2026-04-26 01:12:03,618 INFO     [pooled] Saved artefacts for NVDA
2026-04-26 01:12:03,621 INFO     [pooled] Saved artefacts for UNH
2026-04-26 01:12:03,621 INFO     [pooled] Done. 10 tickers, 52.37% acc vs 47.63% baseline
2026-04-26 12:58:18,403 INFO     POOLED_TRAINING=True — training cross-sectional model on all tickers (tune_hyperparams=False)
2026-04-26 12:58:18,403 INFO     [pooled] Starting cross-sectional training on 10 tickers
2026-04-26 12:58:18,593 INFO     [pooled] Common feature set: 96 features across 10 tickers
2026-04-26 12:58:19,450 INFO     [pooled] Train rows: 1990  Calib rows: 4250  Test rows: 4260
2026-04-26 12:58:20,099 INFO     [pooled] Feature pruning: 970 → 40 cols  (30 base kept of 960, 930 dropped, 10 dummies always kept)
2026-04-26 12:58:20,102 INFO     build_models: scale_pos_weight=1.073  (n_pos=960, n_neg=1030)
2026-04-26 12:58:20,310 INFO     [pooled] Confidence threshold: 57.5 (fallback=True)
2026-04-26 12:58:20,310 INFO     [pooled] Test accuracy: 52.37%  baseline: 47.63%  threshold: 57.5%
2026-04-26 12:58:20,316 INFO     [pooled] Saved artefacts for AMD
2026-04-26 12:58:20,318 INFO     [pooled] Saved artefacts for AMZN
2026-04-26 12:58:20,320 INFO     [pooled] Saved artefacts for CAT
2026-04-26 12:58:20,322 INFO     [pooled] Saved artefacts for GOOGL
2026-04-26 12:58:20,324 INFO     [pooled] Saved artefacts for INTC
2026-04-26 12:58:20,326 INFO     [pooled] Saved artefacts for META
2026-04-26 12:58:20,328 INFO     [pooled] Saved artefacts for MSFT
2026-04-26 12:58:20,330 INFO     [pooled] Saved artefacts for MU
2026-04-26 12:58:20,332 INFO     [pooled] Saved artefacts for NVDA
2026-04-26 12:58:20,335 INFO     [pooled] Saved artefacts for UNH
2026-04-26 12:58:20,335 INFO     [pooled] Done. 10 tickers, 52.37% acc vs 47.63% baseline
2026-04-26 13:09:31,296 INFO     POOLED_TRAINING=True — training cross-sectional model on all tickers (tune_hyperparams=False)
2026-04-26 13:09:31,296 INFO     [pooled] Starting cross-sectional training on 10 tickers
2026-04-26 13:09:31,500 INFO     [pooled] Common feature set: 96 features across 10 tickers
2026-04-26 13:09:32,346 INFO     [pooled] Train rows: 1990  Calib rows: 4250  Test rows: 4260
2026-04-26 13:09:32,981 INFO     [pooled] Feature pruning: 970 → 40 cols  (30 base kept of 960, 930 dropped, 10 dummies always kept)
2026-04-26 13:09:32,985 INFO     build_models: scale_pos_weight=1.073  (n_pos=960, n_neg=1030)
2026-04-26 13:09:33,192 INFO     [pooled] Confidence threshold: 57.5 (fallback=True)
2026-04-26 13:09:33,193 INFO     [pooled] Test accuracy: 52.37%  baseline: 47.63%  threshold: 57.5%
2026-04-26 13:09:33,197 INFO     [pooled] Saved artefacts for AMD
2026-04-26 13:09:33,199 INFO     [pooled] Saved artefacts for AMZN
2026-04-26 13:09:33,201 INFO     [pooled] Saved artefacts for CAT
2026-04-26 13:09:33,203 INFO     [pooled] Saved artefacts for GOOGL
2026-04-26 13:09:33,205 INFO     [pooled] Saved artefacts for INTC
2026-04-26 13:09:33,207 INFO     [pooled] Saved artefacts for META
2026-04-26 13:09:33,209 INFO     [pooled] Saved artefacts for MSFT
2026-04-26 13:09:33,211 INFO     [pooled] Saved artefacts for MU
2026-04-26 13:09:33,213 INFO     [pooled] Saved artefacts for NVDA
2026-04-26 13:09:33,214 INFO     [pooled] Saved artefacts for UNH
2026-04-26 13:09:33,215 INFO     [pooled] Done. 10 tickers, 52.37% acc vs 47.63% baseline
2026-04-26 13:24:51,033 INFO     POOLED_TRAINING=True — training cross-sectional model on all tickers (tune_hyperparams=False)
2026-04-26 13:24:51,033 INFO     [pooled] Starting cross-sectional training on 10 tickers
2026-04-26 13:24:51,226 INFO     [pooled] Common feature set: 96 features across 10 tickers
2026-04-26 13:24:52,038 INFO     [pooled] Train rows: 1990  Calib rows: 4250  Test rows: 4260
2026-04-26 13:24:52,672 INFO     [pooled] Feature pruning: 970 → 40 cols  (30 base kept of 960, 930 dropped, 10 dummies always kept)
2026-04-26 13:24:52,674 INFO     build_models: scale_pos_weight=1.073  (n_pos=960, n_neg=1030)
2026-04-26 13:24:52,878 INFO     [pooled] Confidence threshold: 57.5 (fallback=True)
2026-04-26 13:24:52,879 INFO     [pooled] Test accuracy: 52.37%  baseline: 47.63%  threshold: 57.5%
2026-04-26 13:24:52,883 INFO     [pooled] Saved artefacts for AMD
2026-04-26 13:24:52,885 INFO     [pooled] Saved artefacts for AMZN
2026-04-26 13:24:52,887 INFO     [pooled] Saved artefacts for CAT
2026-04-26 13:24:52,889 INFO     [pooled] Saved artefacts for GOOGL
2026-04-26 13:24:52,891 INFO     [pooled] Saved artefacts for INTC
2026-04-26 13:24:52,893 INFO     [pooled] Saved artefacts for META
2026-04-26 13:24:52,895 INFO     [pooled] Saved artefacts for MSFT
2026-04-26 13:24:52,897 INFO     [pooled] Saved artefacts for MU
2026-04-26 13:24:52,899 INFO     [pooled] Saved artefacts for NVDA
2026-04-26 13:24:52,901 INFO     [pooled] Saved artefacts for UNH
2026-04-26 13:24:52,901 INFO     [pooled] Done. 10 tickers, 52.37% acc vs 47.63% baseline
2026-04-26 13:56:33,908 INFO     Leakage audit output:
[leakage_audit] wrote /Users/amos/Code/Stock Market AI Bot/logs/leakage_audit.json
[leakage_audit] all tickers passed.
2026-04-26 13:56:33,908 INFO     POOLED_TRAINING=True — training cross-sectional model on all tickers (tune_hyperparams=True)
2026-04-26 13:56:33,909 INFO     [pooled] Starting cross-sectional training on 10 tickers
2026-04-26 13:56:34,070 INFO     [pooled] Common feature set: 96 features across 10 tickers
2026-04-26 13:56:34,779 INFO     [pooled] Train rows: 1990  Calib rows: 4250  Test rows: 4260
2026-04-26 13:56:34,797 INFO     [pooled] Running nested walk-forward CV hyperparameter search (1990 train rows, 4 outer × 3 inner folds)...
2026-04-26 14:04:56,633 INFO     [pooled] Nested CV best params: {'max_depth': 6, 'min_child_weight': 5, 'reg_lambda': 1.0} (fold 2 score=0.5653)
2026-04-26 14:04:56,638 INFO     [pooled]   fold 0: score=0.4799  params={'max_depth': 5, 'min_child_weight': 3, 'reg_lambda': 0.1}
2026-04-26 14:04:56,638 INFO     [pooled]   fold 1: score=0.5276  params={'max_depth': 6, 'min_child_weight': 5, 'reg_lambda': 1.0}
2026-04-26 14:04:56,638 INFO     [pooled]   fold 2: score=0.5653  params={'max_depth': 6, 'min_child_weight': 5, 'reg_lambda': 1.0}
2026-04-26 14:04:56,638 INFO     [pooled]   fold 3: score=0.5309  params={'max_depth': 6, 'min_child_weight': 5, 'reg_lambda': 1.0}
2026-04-26 14:04:56,639 INFO     [pooled] Saved tuned params to /Users/amos/Code/Stock Market AI Bot/models/pooled_best_xgb_params.json
2026-04-26 14:04:57,558 INFO     [pooled] Feature pruning: 970 → 40 cols  (30 base kept of 960, 930 dropped, 10 dummies always kept)
2026-04-26 14:04:57,570 INFO     build_models: applying tuned param overrides: {'max_depth': 6, 'min_child_weight': 5, 'reg_lambda': 1.0}
2026-04-26 14:04:57,570 INFO     build_models: scale_pos_weight=1.073  (n_pos=960, n_neg=1030)
2026-04-26 14:04:57,990 INFO     [pooled] Confidence threshold: 57.5 (fallback=True)
2026-04-26 14:04:57,990 INFO     [pooled] Test accuracy: 52.37%  baseline: 47.63%  threshold: 57.5%
2026-04-26 14:04:57,999 INFO     [pooled] Saved artefacts for AMD
2026-04-26 14:04:58,003 INFO     [pooled] Saved artefacts for AMZN
2026-04-26 14:04:58,007 INFO     [pooled] Saved artefacts for CAT
2026-04-26 14:04:58,012 INFO     [pooled] Saved artefacts for GOOGL
2026-04-26 14:04:58,017 INFO     [pooled] Saved artefacts for INTC
2026-04-26 14:04:58,021 INFO     [pooled] Saved artefacts for META
2026-04-26 14:04:58,025 INFO     [pooled] Saved artefacts for MSFT
2026-04-26 14:04:58,028 INFO     [pooled] Saved artefacts for MU
2026-04-26 14:04:58,033 INFO     [pooled] Saved artefacts for NVDA
2026-04-26 14:04:58,037 INFO     [pooled] Saved artefacts for UNH
2026-04-26 14:04:58,037 INFO     [pooled] Done. 10 tickers, 52.37% acc vs 47.63% baseline
2026-04-26 15:59:11,790 INFO     Leakage audit output:
[leakage_audit] wrote /Users/amos/Code/Stock Market AI Bot/logs/leakage_audit.json
[leakage_audit] all tickers passed.
2026-04-26 15:59:11,790 INFO     POOLED_TRAINING=True — training cross-sectional model on all tickers (tune_hyperparams=True)
2026-04-26 15:59:11,790 INFO     [pooled] Starting cross-sectional training on 17 tickers
2026-04-26 15:59:12,054 INFO     [pooled] Common feature set: 96 features across 17 tickers
2026-04-26 15:59:14,026 INFO     [pooled] Train rows: 4819  Calib rows: 10438  Test rows: 10438
2026-04-26 15:59:14,070 INFO     [pooled] Running nested walk-forward CV hyperparameter search (4819 train rows, 4 outer × 3 inner folds)...
2026-04-26 16:13:50,759 INFO     [pooled] Nested CV best params: {'max_depth': 5, 'min_child_weight': 3, 'reg_lambda': 1.0} (fold 2 score=0.5296)
2026-04-26 16:13:50,762 INFO     [pooled]   fold 0: score=0.4870  params={'max_depth': 5, 'min_child_weight': 10, 'reg_lambda': 1.0}
2026-04-26 16:13:50,762 INFO     [pooled]   fold 1: score=0.4787  params={'max_depth': 4, 'min_child_weight': 10, 'reg_lambda': 0.1}
2026-04-26 16:13:50,762 INFO     [pooled]   fold 2: score=0.5296  params={'max_depth': 5, 'min_child_weight': 3, 'reg_lambda': 1.0}
2026-04-26 16:13:50,762 INFO     [pooled]   fold 3: score=0.4765  params={'max_depth': 4, 'min_child_weight': 3, 'reg_lambda': 1.0}
2026-04-26 16:13:50,765 INFO     [pooled] Saved tuned params to /Users/amos/Code/Stock Market AI Bot/models/pooled_best_xgb_params.json
2026-04-26 16:13:51,799 INFO     [pooled] Feature pruning: 977 → 47 cols  (30 base kept of 960, 930 dropped, 17 dummies always kept)
2026-04-26 16:13:51,817 INFO     build_models: applying tuned param overrides: {'max_depth': 5, 'min_child_weight': 3, 'reg_lambda': 1.0}
2026-04-26 16:13:51,817 INFO     build_models: scale_pos_weight=1.106  (n_pos=2288, n_neg=2531)
2026-04-26 16:13:52,079 INFO     [pooled] Confidence threshold: 57.5 (fallback=True)
2026-04-26 16:13:52,187 INFO     [pooled] Test accuracy: 51.93%  baseline: 48.07%  threshold: 57.5%
2026-04-26 16:13:52,197 INFO     [pooled] Saved artefacts for AMD
2026-04-26 16:13:52,200 INFO     [pooled] Saved artefacts for AMZN
2026-04-26 16:13:52,203 INFO     [pooled] Saved artefacts for BRK-B
2026-04-26 16:13:52,206 INFO     [pooled] Saved artefacts for CAT
2026-04-26 16:13:52,209 INFO     [pooled] Saved artefacts for COST
2026-04-26 16:13:52,213 INFO     [pooled] Saved artefacts for GOOGL
2026-04-26 16:13:52,216 INFO     [pooled] Saved artefacts for HD
2026-04-26 16:13:52,219 INFO     [pooled] Saved artefacts for INTC
2026-04-26 16:13:52,222 INFO     [pooled] Saved artefacts for LLY
2026-04-26 16:13:52,225 INFO     [pooled] Saved artefacts for MA
2026-04-26 16:13:52,229 INFO     [pooled] Saved artefacts for META
2026-04-26 16:13:52,232 INFO     [pooled] Saved artefacts for MSFT
2026-04-26 16:13:52,234 INFO     [pooled] Saved artefacts for MU
2026-04-26 16:13:52,237 INFO     [pooled] Saved artefacts for NVDA
2026-04-26 16:13:52,240 INFO     [pooled] Saved artefacts for PG
2026-04-26 16:13:52,243 INFO     [pooled] Saved artefacts for UNH
2026-04-26 16:13:52,245 INFO     [pooled] Saved artefacts for V
2026-04-26 16:13:52,245 INFO     [pooled] Done. 17 tickers, 51.93% acc vs 48.07% baseline
2026-04-26 17:19:57,342 INFO     Leakage audit output:
[leakage_audit] wrote /Users/amos/Code/Stock Market AI Bot/logs/leakage_audit.json
[leakage_audit] all tickers passed.
2026-04-26 17:19:57,342 INFO     POOLED_TRAINING=True — training cross-sectional model on all tickers (tune_hyperparams=True)
2026-04-26 17:19:57,343 INFO     [pooled] Starting cross-sectional training on 16 tickers
2026-04-26 17:19:57,554 INFO     [pooled] Common feature set: 96 features across 16 tickers
2026-04-26 17:19:59,159 INFO     [pooled] Train rows: 3016  Calib rows: 9808  Test rows: 9824
2026-04-26 17:19:59,202 INFO     [pooled] Running nested walk-forward CV hyperparameter search (3016 train rows, 4 outer × 3 inner folds)...
2026-04-26 17:30:38,644 INFO     [pooled] Nested CV best params: {'max_depth': 5, 'min_child_weight': 1, 'reg_lambda': 0.1} (fold 3 score=0.5178)
2026-04-26 17:30:38,647 INFO     [pooled]   fold 0: score=0.5041  params={'max_depth': 4, 'min_child_weight': 3, 'reg_lambda': 0.1}
2026-04-26 17:30:38,648 INFO     [pooled]   fold 1: score=0.5141  params={'max_depth': 6, 'min_child_weight': 5, 'reg_lambda': 1.0}
2026-04-26 17:30:38,648 INFO     [pooled]   fold 2: score=0.4660  params={'max_depth': 4, 'min_child_weight': 5, 'reg_lambda': 10.0}
2026-04-26 17:30:38,648 INFO     [pooled]   fold 3: score=0.5178  params={'max_depth': 5, 'min_child_weight': 1, 'reg_lambda': 0.1}
2026-04-26 17:30:38,648 INFO     [pooled] Saved tuned params to /Users/amos/Code/Stock Market AI Bot/models/pooled_best_xgb_params.json
2026-04-26 17:30:39,637 INFO     [pooled] Feature pruning: 976 → 46 cols  (30 base kept of 960, 930 dropped, 16 dummies always kept)
2026-04-26 17:30:39,664 INFO     build_models: applying tuned param overrides: {'max_depth': 5, 'min_child_weight': 1, 'reg_lambda': 0.1}
2026-04-26 17:30:39,664 INFO     build_models: scale_pos_weight=0.850  (n_pos=1630, n_neg=1386)
2026-04-26 17:30:39,939 INFO     [pooled] Confidence threshold: 57.5 (fallback=True)
2026-04-26 17:30:39,940 INFO     [pooled] Test accuracy: 49.65%  baseline: 52.03%  threshold: 57.5%
2026-04-26 17:30:39,945 INFO     [pooled] Saved artefacts for AMD
2026-04-26 17:30:39,948 INFO     [pooled] Saved artefacts for AMZN
2026-04-26 17:30:39,950 INFO     [pooled] Saved artefacts for BRK-B
2026-04-26 17:30:39,953 INFO     [pooled] Saved artefacts for CAT
2026-04-26 17:30:39,956 INFO     [pooled] Saved artefacts for GOOGL
2026-04-26 17:30:39,959 INFO     [pooled] Saved artefacts for HD
2026-04-26 17:30:39,962 INFO     [pooled] Saved artefacts for INTC
2026-04-26 17:30:39,964 INFO     [pooled] Saved artefacts for LLY
2026-04-26 17:30:39,967 INFO     [pooled] Saved artefacts for MA
2026-04-26 17:30:39,970 INFO     [pooled] Saved artefacts for META
2026-04-26 17:30:39,972 INFO     [pooled] Saved artefacts for MSFT
2026-04-26 17:30:39,975 INFO     [pooled] Saved artefacts for MU
2026-04-26 17:30:39,977 INFO     [pooled] Saved artefacts for NVDA
2026-04-26 17:30:39,980 INFO     [pooled] Saved artefacts for PG
2026-04-26 17:30:39,983 INFO     [pooled] Saved artefacts for UNH
2026-04-26 17:30:39,987 INFO     [pooled] Saved artefacts for V
2026-04-26 17:30:39,987 INFO     [pooled] Done. 16 tickers, 49.65% acc vs 52.03% baseline
2026-04-26 18:04:01,489 INFO     Leakage audit output:
[leakage_audit] wrote /Users/amos/Code/Stock Market AI Bot/logs/leakage_audit.json
[leakage_audit] all tickers passed.
2026-04-26 18:04:01,489 INFO     POOLED_TRAINING=True — training cross-sectional model on all tickers (tune_hyperparams=False)
2026-04-26 18:04:01,490 INFO     [pooled] Starting cross-sectional training on 16 tickers
2026-04-26 18:04:01,702 INFO     [pooled] Common feature set: 96 features across 16 tickers
2026-04-26 18:04:03,259 INFO     [pooled] Train rows: 4532  Calib rows: 9824  Test rows: 9824
2026-04-26 18:04:04,083 INFO     [pooled] Feature pruning: 976 → 46 cols  (30 base kept of 960, 930 dropped, 16 dummies always kept)
2026-04-26 18:04:04,092 INFO     build_models: scale_pos_weight=1.118  (n_pos=2140, n_neg=2392)
2026-04-26 18:04:04,314 INFO     [pooled] Confidence threshold: 57.5 (fallback=True)
2026-04-26 18:04:04,415 INFO     [pooled] Test accuracy: 52.25%  baseline: 47.75%  threshold: 57.5%
2026-04-26 18:04:04,420 INFO     [pooled] Saved artefacts for AMD
2026-04-26 18:04:04,422 INFO     [pooled] Saved artefacts for AMZN
2026-04-26 18:04:04,424 INFO     [pooled] Saved artefacts for BRK-B
2026-04-26 18:04:04,427 INFO     [pooled] Saved artefacts for CAT
2026-04-26 18:04:04,429 INFO     [pooled] Saved artefacts for GOOGL
2026-04-26 18:04:04,431 INFO     [pooled] Saved artefacts for HD
2026-04-26 18:04:04,434 INFO     [pooled] Saved artefacts for INTC
2026-04-26 18:04:04,437 INFO     [pooled] Saved artefacts for LLY
2026-04-26 18:04:04,439 INFO     [pooled] Saved artefacts for MA
2026-04-26 18:04:04,442 INFO     [pooled] Saved artefacts for META
2026-04-26 18:04:04,446 INFO     [pooled] Saved artefacts for MSFT
2026-04-26 18:04:04,448 INFO     [pooled] Saved artefacts for MU
2026-04-26 18:04:04,450 INFO     [pooled] Saved artefacts for NVDA
2026-04-26 18:04:04,453 INFO     [pooled] Saved artefacts for PG
2026-04-26 18:04:04,455 INFO     [pooled] Saved artefacts for UNH
2026-04-26 18:04:04,457 INFO     [pooled] Saved artefacts for V
2026-04-26 18:04:04,457 INFO     [pooled] Done. 16 tickers, 52.25% acc vs 47.75% baseline
2026-04-26 18:12:17,711 INFO     Leakage audit output:
[leakage_audit] wrote /Users/amos/Code/Stock Market AI Bot/logs/leakage_audit.json
[leakage_audit] all tickers passed.
2026-04-26 18:12:17,711 INFO     POOLED_TRAINING=True — training cross-sectional model on all tickers (tune_hyperparams=True)
2026-04-26 18:12:17,711 INFO     [pooled] Starting cross-sectional training on 16 tickers
2026-04-26 18:12:17,925 INFO     [pooled] Common feature set: 96 features across 16 tickers
2026-04-26 18:12:19,466 INFO     [pooled] Train rows: 4532  Calib rows: 9824  Test rows: 9824
2026-04-26 18:12:19,508 INFO     [pooled] Running nested walk-forward CV hyperparameter search (4532 train rows, 4 outer × 3 inner folds)...
2026-04-26 18:25:17,170 INFO     [pooled] Nested CV best params: {'max_depth': 6, 'min_child_weight': 1, 'reg_lambda': 0.1} (fold 2 score=0.5331)
2026-04-26 18:25:17,175 INFO     [pooled]   fold 0: score=0.4890  params={'max_depth': 6, 'min_child_weight': 1, 'reg_lambda': 0.1}
2026-04-26 18:25:17,175 INFO     [pooled]   fold 1: score=0.4934  params={'max_depth': 4, 'min_child_weight': 1, 'reg_lambda': 0.1}
2026-04-26 18:25:17,175 INFO     [pooled]   fold 2: score=0.5331  params={'max_depth': 6, 'min_child_weight': 1, 'reg_lambda': 0.1}
2026-04-26 18:25:17,175 INFO     [pooled]   fold 3: score=0.4688  params={'max_depth': 6, 'min_child_weight': 3, 'reg_lambda': 0.1}
2026-04-26 18:25:17,176 INFO     [pooled] Saved tuned params to /Users/amos/Code/Stock Market AI Bot/models/pooled_best_xgb_params.json
2026-04-26 18:25:18,397 INFO     [pooled] Feature pruning: 976 → 46 cols  (30 base kept of 960, 930 dropped, 16 dummies always kept)
2026-04-26 18:25:18,426 INFO     build_models: applying tuned param overrides: {'max_depth': 6, 'min_child_weight': 1, 'reg_lambda': 0.1}
2026-04-26 18:25:18,426 INFO     build_models: scale_pos_weight=1.118  (n_pos=2140, n_neg=2392)
2026-04-26 18:25:18,750 INFO     [pooled] Confidence threshold: 75.0 (fallback=False)
2026-04-26 18:25:18,879 INFO     [pooled] Test accuracy: 52.24%  baseline: 47.75%  threshold: 75.0%
2026-04-26 18:25:18,888 INFO     [pooled] Saved artefacts for AMD
2026-04-26 18:25:18,893 INFO     [pooled] Saved artefacts for AMZN
2026-04-26 18:25:18,898 INFO     [pooled] Saved artefacts for BRK-B
2026-04-26 18:25:18,902 INFO     [pooled] Saved artefacts for CAT
2026-04-26 18:25:18,907 INFO     [pooled] Saved artefacts for GOOGL
2026-04-26 18:25:18,912 INFO     [pooled] Saved artefacts for HD
2026-04-26 18:25:18,916 INFO     [pooled] Saved artefacts for INTC
2026-04-26 18:25:18,920 INFO     [pooled] Saved artefacts for LLY
2026-04-26 18:25:18,924 INFO     [pooled] Saved artefacts for MA
2026-04-26 18:25:18,928 INFO     [pooled] Saved artefacts for META
2026-04-26 18:25:18,932 INFO     [pooled] Saved artefacts for MSFT
2026-04-26 18:25:18,936 INFO     [pooled] Saved artefacts for MU
2026-04-26 18:25:18,940 INFO     [pooled] Saved artefacts for NVDA
2026-04-26 18:25:18,944 INFO     [pooled] Saved artefacts for PG
2026-04-26 18:25:18,948 INFO     [pooled] Saved artefacts for UNH
2026-04-26 18:25:18,952 INFO     [pooled] Saved artefacts for V
2026-04-26 18:25:18,952 INFO     [pooled] Done. 16 tickers, 52.24% acc vs 47.75% baseline
2026-04-26 18:45:32,469 INFO     Leakage audit output:
[leakage_audit] wrote /Users/amos/Code/Stock Market AI Bot/logs/leakage_audit.json
[leakage_audit] all tickers passed.
2026-04-26 18:45:32,470 INFO     POOLED_TRAINING=True — training cross-sectional model on all tickers (tune_hyperparams=False)
2026-04-26 18:45:32,470 INFO     [pooled] Starting cross-sectional training on 15 tickers
2026-04-26 18:45:32,689 INFO     [pooled] Common feature set: 96 features across 15 tickers
2026-04-26 18:45:34,222 INFO     [pooled] Train rows: 4245  Calib rows: 9210  Test rows: 9210
2026-04-26 18:45:35,022 INFO     [pooled] Feature pruning: 975 → 45 cols  (30 base kept of 960, 930 dropped, 15 dummies always kept)
2026-04-26 18:45:35,027 INFO     build_models: scale_pos_weight=1.111  (n_pos=2011, n_neg=2234)
2026-04-26 18:45:35,242 INFO     [pooled] Confidence threshold: 57.5 (fallback=True)
2026-04-26 18:45:35,243 INFO     [pooled] Test accuracy: 49.89%  baseline: 47.89%  threshold: 57.5%
2026-04-26 18:45:35,248 INFO     [pooled] Saved artefacts for AMD
2026-04-26 18:45:35,250 INFO     [pooled] Saved artefacts for AMZN
2026-04-26 18:45:35,252 INFO     [pooled] Saved artefacts for BRK-B
2026-04-26 18:45:35,255 INFO     [pooled] Saved artefacts for CAT
2026-04-26 18:45:35,257 INFO     [pooled] Saved artefacts for GOOGL
2026-04-26 18:45:35,259 INFO     [pooled] Saved artefacts for HD
2026-04-26 18:45:35,261 INFO     [pooled] Saved artefacts for LLY
2026-04-26 18:45:35,263 INFO     [pooled] Saved artefacts for MA
2026-04-26 18:45:35,265 INFO     [pooled] Saved artefacts for META
2026-04-26 18:45:35,267 INFO     [pooled] Saved artefacts for MSFT
2026-04-26 18:45:35,269 INFO     [pooled] Saved artefacts for MU
2026-04-26 18:45:35,271 INFO     [pooled] Saved artefacts for NVDA
2026-04-26 18:45:35,273 INFO     [pooled] Saved artefacts for PG
2026-04-26 18:45:35,275 INFO     [pooled] Saved artefacts for UNH
2026-04-26 18:45:35,277 INFO     [pooled] Saved artefacts for V
2026-04-26 18:45:35,277 INFO     [pooled] Done. 15 tickers, 49.89% acc vs 47.89% baseline
2026-04-26 18:46:11,096 INFO     Leakage audit output:
[leakage_audit] wrote /Users/amos/Code/Stock Market AI Bot/logs/leakage_audit.json
[leakage_audit] all tickers passed.
2026-04-26 18:46:11,096 INFO     POOLED_TRAINING=True — training cross-sectional model on all tickers (tune_hyperparams=False)
2026-04-26 18:46:11,096 INFO     [pooled] Starting cross-sectional training on 15 tickers
2026-04-26 18:46:11,307 INFO     [pooled] Common feature set: 96 features across 15 tickers
2026-04-26 18:46:12,684 INFO     [pooled] Train rows: 2825  Calib rows: 9195  Test rows: 9210
2026-04-26 18:46:13,480 INFO     [pooled] Feature pruning: 975 → 45 cols  (30 base kept of 960, 930 dropped, 15 dummies always kept)
2026-04-26 18:46:13,483 INFO     build_models: scale_pos_weight=0.849  (n_pos=1528, n_neg=1297)
2026-04-26 18:46:13,719 INFO     [pooled] Confidence threshold: 57.5 (fallback=True)
2026-04-26 18:46:13,720 INFO     [pooled] Test accuracy: 48.49%  baseline: 52.06%  threshold: 57.5%
2026-04-26 18:46:13,724 INFO     [pooled] Saved artefacts for AMD
2026-04-26 18:46:13,727 INFO     [pooled] Saved artefacts for AMZN
2026-04-26 18:46:13,729 INFO     [pooled] Saved artefacts for BRK-B
2026-04-26 18:46:13,731 INFO     [pooled] Saved artefacts for CAT
2026-04-26 18:46:13,733 INFO     [pooled] Saved artefacts for GOOGL
2026-04-26 18:46:13,735 INFO     [pooled] Saved artefacts for HD
2026-04-26 18:46:13,737 INFO     [pooled] Saved artefacts for LLY
2026-04-26 18:46:13,739 INFO     [pooled] Saved artefacts for MA
2026-04-26 18:46:13,741 INFO     [pooled] Saved artefacts for META
2026-04-26 18:46:13,743 INFO     [pooled] Saved artefacts for MSFT
2026-04-26 18:46:13,745 INFO     [pooled] Saved artefacts for MU
2026-04-26 18:46:13,747 INFO     [pooled] Saved artefacts for NVDA
2026-04-26 18:46:13,749 INFO     [pooled] Saved artefacts for PG
2026-04-26 18:46:13,751 INFO     [pooled] Saved artefacts for UNH
2026-04-26 18:46:13,753 INFO     [pooled] Saved artefacts for V
2026-04-26 18:46:13,753 INFO     [pooled] Done. 15 tickers, 48.49% acc vs 52.06% baseline
2026-04-26 18:46:49,679 INFO     Leakage audit output:
[leakage_audit] wrote /Users/amos/Code/Stock Market AI Bot/logs/leakage_audit.json
[leakage_audit] all tickers passed.
2026-04-26 18:46:49,679 INFO     POOLED_TRAINING=True — training cross-sectional model on all tickers (tune_hyperparams=False)
2026-04-26 18:46:49,679 INFO     [pooled] Starting cross-sectional training on 15 tickers
2026-04-26 18:46:49,904 INFO     [pooled] Common feature set: 96 features across 15 tickers
2026-04-26 18:46:51,529 INFO     [pooled] Train rows: 2115  Calib rows: 9180  Test rows: 9195
2026-04-26 18:46:52,248 INFO     [pooled] Feature pruning: 975 → 45 cols  (30 base kept of 960, 930 dropped, 15 dummies always kept)
2026-04-26 18:46:52,255 INFO     build_models: scale_pos_weight=0.782  (n_pos=1187, n_neg=928)
2026-04-26 18:46:52,542 INFO     [pooled] Confidence threshold: 57.5 (fallback=True)
2026-04-26 18:46:52,641 INFO     [pooled] Test accuracy: 53.39%  baseline: 53.30%  threshold: 57.5%
2026-04-26 18:46:52,646 INFO     [pooled] Saved artefacts for AMD
2026-04-26 18:46:52,648 INFO     [pooled] Saved artefacts for AMZN
2026-04-26 18:46:52,651 INFO     [pooled] Saved artefacts for BRK-B
2026-04-26 18:46:52,653 INFO     [pooled] Saved artefacts for CAT
2026-04-26 18:46:52,655 INFO     [pooled] Saved artefacts for GOOGL
2026-04-26 18:46:52,657 INFO     [pooled] Saved artefacts for HD
2026-04-26 18:46:52,659 INFO     [pooled] Saved artefacts for LLY
2026-04-26 18:46:52,661 INFO     [pooled] Saved artefacts for MA
2026-04-26 18:46:52,663 INFO     [pooled] Saved artefacts for META
2026-04-26 18:46:52,665 INFO     [pooled] Saved artefacts for MSFT
2026-04-26 18:46:52,667 INFO     [pooled] Saved artefacts for MU
2026-04-26 18:46:52,669 INFO     [pooled] Saved artefacts for NVDA
2026-04-26 18:46:52,671 INFO     [pooled] Saved artefacts for PG
2026-04-26 18:46:52,673 INFO     [pooled] Saved artefacts for UNH
2026-04-26 18:46:52,675 INFO     [pooled] Saved artefacts for V
2026-04-26 18:46:52,676 INFO     [pooled] Done. 15 tickers, 53.39% acc vs 53.30% baseline
2026-04-26 18:50:17,946 INFO     Leakage audit output:
[leakage_audit] wrote /Users/amos/Code/Stock Market AI Bot/logs/leakage_audit.json
[leakage_audit] all tickers passed.
2026-04-26 18:50:17,947 INFO     POOLED_TRAINING=True — training cross-sectional model on all tickers (tune_hyperparams=False)
2026-04-26 18:50:17,947 INFO     [pooled] Starting cross-sectional training on 15 tickers
2026-04-26 18:50:18,169 INFO     [pooled] Common feature set: 96 features across 15 tickers
2026-04-26 18:50:19,624 INFO     [pooled] Train rows: 4245  Calib rows: 9210  Test rows: 9210
2026-04-26 18:50:20,456 INFO     [pooled] Feature pruning: 975 → 45 cols  (30 base kept of 960, 930 dropped, 15 dummies always kept)
2026-04-26 18:50:20,467 INFO     build_models: scale_pos_weight=1.111  (n_pos=2011, n_neg=2234)
2026-04-26 18:50:20,702 INFO     [pooled] Confidence threshold: 57.5 (fallback=True)
2026-04-26 18:50:20,703 INFO     [pooled] Test accuracy: 49.89%  baseline: 47.89%  threshold: 57.5%
2026-04-26 18:50:20,708 INFO     [pooled] Saved artefacts for AMD
2026-04-26 18:50:20,710 INFO     [pooled] Saved artefacts for AMZN
2026-04-26 18:50:20,712 INFO     [pooled] Saved artefacts for BRK-B
2026-04-26 18:50:20,715 INFO     [pooled] Saved artefacts for CAT
2026-04-26 18:50:20,717 INFO     [pooled] Saved artefacts for GOOGL
2026-04-26 18:50:20,719 INFO     [pooled] Saved artefacts for HD
2026-04-26 18:50:20,722 INFO     [pooled] Saved artefacts for LLY
2026-04-26 18:50:20,724 INFO     [pooled] Saved artefacts for MA
2026-04-26 18:50:20,731 INFO     [pooled] Saved artefacts for META
2026-04-26 18:50:20,734 INFO     [pooled] Saved artefacts for MSFT
2026-04-26 18:50:20,736 INFO     [pooled] Saved artefacts for MU
2026-04-26 18:50:20,739 INFO     [pooled] Saved artefacts for NVDA
2026-04-26 18:50:20,741 INFO     [pooled] Saved artefacts for PG
2026-04-26 18:50:20,743 INFO     [pooled] Saved artefacts for UNH
2026-04-26 18:50:20,745 INFO     [pooled] Saved artefacts for V
2026-04-26 18:50:20,745 INFO     [pooled] Done. 15 tickers, 49.89% acc vs 47.89% baseline
2026-04-26 18:58:01,376 INFO     Leakage audit output:
[leakage_audit] wrote /Users/amos/Code/Stock Market AI Bot/logs/leakage_audit.json
[leakage_audit] all tickers passed.
2026-04-26 18:58:01,377 INFO     POOLED_TRAINING=True — training cross-sectional model on all tickers (tune_hyperparams=False)
2026-04-26 18:58:01,377 INFO     [pooled] Starting cross-sectional training on 15 tickers
2026-04-26 18:58:01,588 INFO     [pooled] Common feature set: 96 features across 15 tickers
2026-04-26 18:58:03,045 INFO     [pooled] Train rows: 2115  Calib rows: 9180  Test rows: 9195
2026-04-26 18:58:03,723 INFO     [pooled] Feature pruning: 975 → 45 cols  (30 base kept of 960, 930 dropped, 15 dummies always kept)
2026-04-26 18:58:03,729 INFO     build_models: scale_pos_weight=0.782  (n_pos=1187, n_neg=928)
2026-04-26 18:58:03,942 INFO     [pooled] Confidence threshold: 57.5 (fallback=True)
2026-04-26 18:58:04,037 INFO     [pooled] Test accuracy: 53.39%  baseline: 53.30%  threshold: 57.5%
2026-04-26 18:58:04,041 INFO     [pooled] Saved artefacts for AMD
2026-04-26 18:58:04,043 INFO     [pooled] Saved artefacts for AMZN
2026-04-26 18:58:04,045 INFO     [pooled] Saved artefacts for BRK-B
2026-04-26 18:58:04,047 INFO     [pooled] Saved artefacts for CAT
2026-04-26 18:58:04,049 INFO     [pooled] Saved artefacts for GOOGL
2026-04-26 18:58:04,051 INFO     [pooled] Saved artefacts for HD
2026-04-26 18:58:04,052 INFO     [pooled] Saved artefacts for LLY
2026-04-26 18:58:04,054 INFO     [pooled] Saved artefacts for MA
2026-04-26 18:58:04,057 INFO     [pooled] Saved artefacts for META
2026-04-26 18:58:04,058 INFO     [pooled] Saved artefacts for MSFT
2026-04-26 18:58:04,060 INFO     [pooled] Saved artefacts for MU
2026-04-26 18:58:04,062 INFO     [pooled] Saved artefacts for NVDA
2026-04-26 18:58:04,064 INFO     [pooled] Saved artefacts for PG
2026-04-26 18:58:04,066 INFO     [pooled] Saved artefacts for UNH
2026-04-26 18:58:04,068 INFO     [pooled] Saved artefacts for V
2026-04-26 18:58:04,068 INFO     [pooled] Done. 15 tickers, 53.39% acc vs 53.30% baseline
2026-04-26 19:00:18,652 INFO     Leakage audit output:
[leakage_audit] wrote /Users/amos/Code/Stock Market AI Bot/logs/leakage_audit.json
[leakage_audit] all tickers passed.
2026-04-26 19:00:18,653 INFO     POOLED_TRAINING=True — training cross-sectional model on all tickers (tune_hyperparams=True)
2026-04-26 19:00:18,653 INFO     [pooled] Starting cross-sectional training on 15 tickers
2026-04-26 19:00:18,859 INFO     [pooled] Common feature set: 96 features across 15 tickers
2026-04-26 19:00:20,231 INFO     [pooled] Train rows: 2115  Calib rows: 9180  Test rows: 9195
2026-04-26 19:00:20,262 INFO     [pooled] Running nested walk-forward CV hyperparameter search (2115 train rows, 4 outer × 3 inner folds)...
2026-04-26 19:08:51,732 INFO     [pooled] Nested CV best params: {'max_depth': 3, 'min_child_weight': 10, 'reg_lambda': 10.0} (fold 3 score=0.5335)
2026-04-26 19:08:51,735 INFO     [pooled]   fold 0: score=0.5106  params={'max_depth': 3, 'min_child_weight': 3, 'reg_lambda': 1.0}
2026-04-26 19:08:51,735 INFO     [pooled]   fold 1: score=0.4444  params={'max_depth': 6, 'min_child_weight': 3, 'reg_lambda': 0.1}
2026-04-26 19:08:51,735 INFO     [pooled]   fold 2: score=0.4870  params={'max_depth': 5, 'min_child_weight': 3, 'reg_lambda': 0.1}
2026-04-26 19:08:51,735 INFO     [pooled]   fold 3: score=0.5335  params={'max_depth': 3, 'min_child_weight': 10, 'reg_lambda': 10.0}
2026-04-26 19:08:51,735 INFO     [pooled] Saved tuned params to /Users/amos/Code/Stock Market AI Bot/models/pooled_best_xgb_params.json
2026-04-26 19:08:52,207 INFO     [pooled] Feature pruning: 975 → 45 cols  (30 base kept of 960, 930 dropped, 15 dummies always kept)
2026-04-26 19:08:52,223 INFO     build_models: applying tuned param overrides: {'max_depth': 3, 'min_child_weight': 10, 'reg_lambda': 10.0}
2026-04-26 19:08:52,223 INFO     build_models: scale_pos_weight=0.782  (n_pos=1187, n_neg=928)
2026-04-26 19:08:52,389 INFO     [pooled] Confidence threshold: 57.5 (fallback=True)
2026-04-26 19:08:52,486 INFO     [pooled] Test accuracy: 52.67%  baseline: 53.30%  threshold: 57.5%
2026-04-26 19:08:52,493 INFO     [pooled] Saved artefacts for AMD
2026-04-26 19:08:52,495 INFO     [pooled] Saved artefacts for AMZN
2026-04-26 19:08:52,496 INFO     [pooled] Saved artefacts for BRK-B
2026-04-26 19:08:52,498 INFO     [pooled] Saved artefacts for CAT
2026-04-26 19:08:52,500 INFO     [pooled] Saved artefacts for GOOGL
2026-04-26 19:08:52,502 INFO     [pooled] Saved artefacts for HD
2026-04-26 19:08:52,503 INFO     [pooled] Saved artefacts for LLY
2026-04-26 19:08:52,505 INFO     [pooled] Saved artefacts for MA
2026-04-26 19:08:52,507 INFO     [pooled] Saved artefacts for META
2026-04-26 19:08:52,508 INFO     [pooled] Saved artefacts for MSFT
2026-04-26 19:08:52,510 INFO     [pooled] Saved artefacts for MU
2026-04-26 19:08:52,512 INFO     [pooled] Saved artefacts for NVDA
2026-04-26 19:08:52,514 INFO     [pooled] Saved artefacts for PG
2026-04-26 19:08:52,515 INFO     [pooled] Saved artefacts for UNH
2026-04-26 19:08:52,517 INFO     [pooled] Saved artefacts for V
2026-04-26 19:08:52,517 INFO     [pooled] Done. 15 tickers, 52.67% acc vs 53.30% baseline
2026-04-26 19:13:56,810 INFO     Leakage audit output:
[leakage_audit] wrote /Users/amos/Code/Stock Market AI Bot/logs/leakage_audit.json
[leakage_audit] all tickers passed.
2026-04-26 19:13:56,811 INFO     POOLED_TRAINING=True — training cross-sectional model on all tickers (tune_hyperparams=False)
2026-04-26 19:13:56,811 INFO     [pooled] Starting cross-sectional training on 15 tickers
2026-04-26 19:13:57,033 INFO     [pooled] Common feature set: 96 features across 15 tickers
2026-04-26 19:13:58,601 INFO     [pooled] Train rows: 4245  Calib rows: 9210  Test rows: 9210
2026-04-26 19:13:59,403 INFO     [pooled] Feature pruning: 975 → 45 cols  (30 base kept of 960, 930 dropped, 15 dummies always kept)
2026-04-26 19:13:59,409 INFO     build_models: scale_pos_weight=1.111  (n_pos=2011, n_neg=2234)
2026-04-26 19:13:59,623 INFO     [pooled] Confidence threshold: 57.5 (fallback=True)
2026-04-26 19:13:59,624 INFO     [pooled] Test accuracy: 49.89%  baseline: 47.89%  threshold: 57.5%
2026-04-26 19:13:59,629 INFO     [pooled] Saved artefacts for AMD
2026-04-26 19:13:59,631 INFO     [pooled] Saved artefacts for AMZN
2026-04-26 19:13:59,633 INFO     [pooled] Saved artefacts for BRK-B
2026-04-26 19:13:59,635 INFO     [pooled] Saved artefacts for CAT
2026-04-26 19:13:59,637 INFO     [pooled] Saved artefacts for GOOGL
2026-04-26 19:13:59,639 INFO     [pooled] Saved artefacts for HD
2026-04-26 19:13:59,641 INFO     [pooled] Saved artefacts for LLY
2026-04-26 19:13:59,643 INFO     [pooled] Saved artefacts for MA
2026-04-26 19:13:59,645 INFO     [pooled] Saved artefacts for META
2026-04-26 19:13:59,646 INFO     [pooled] Saved artefacts for MSFT
2026-04-26 19:13:59,648 INFO     [pooled] Saved artefacts for MU
2026-04-26 19:13:59,650 INFO     [pooled] Saved artefacts for NVDA
2026-04-26 19:13:59,652 INFO     [pooled] Saved artefacts for PG
2026-04-26 19:13:59,654 INFO     [pooled] Saved artefacts for UNH
2026-04-26 19:13:59,656 INFO     [pooled] Saved artefacts for V
2026-04-26 19:13:59,656 INFO     [pooled] Done. 15 tickers, 49.89% acc vs 47.89% baseline
2026-04-26 19:14:35,840 INFO     Leakage audit output:
[leakage_audit] wrote /Users/amos/Code/Stock Market AI Bot/logs/leakage_audit.json
[leakage_audit] all tickers passed.
2026-04-26 19:14:35,840 INFO     POOLED_TRAINING=True — training cross-sectional model on all tickers (tune_hyperparams=False)
2026-04-26 19:14:35,840 INFO     [pooled] Starting cross-sectional training on 15 tickers
2026-04-26 19:14:36,059 INFO     [pooled] Common feature set: 96 features across 15 tickers
2026-04-26 19:14:37,629 INFO     [pooled] Train rows: 2825  Calib rows: 9195  Test rows: 9210
2026-04-26 19:14:38,424 INFO     [pooled] Feature pruning: 975 → 45 cols  (30 base kept of 960, 930 dropped, 15 dummies always kept)
2026-04-26 19:14:38,430 INFO     build_models: scale_pos_weight=0.849  (n_pos=1528, n_neg=1297)
2026-04-26 19:14:38,666 INFO     [pooled] Confidence threshold: 57.5 (fallback=True)
2026-04-26 19:14:38,667 INFO     [pooled] Test accuracy: 48.49%  baseline: 52.06%  threshold: 57.5%
2026-04-26 19:14:38,671 INFO     [pooled] Saved artefacts for AMD
2026-04-26 19:14:38,673 INFO     [pooled] Saved artefacts for AMZN
2026-04-26 19:14:38,675 INFO     [pooled] Saved artefacts for BRK-B
2026-04-26 19:14:38,677 INFO     [pooled] Saved artefacts for CAT
2026-04-26 19:14:38,679 INFO     [pooled] Saved artefacts for GOOGL
2026-04-26 19:14:38,682 INFO     [pooled] Saved artefacts for HD
2026-04-26 19:14:38,684 INFO     [pooled] Saved artefacts for LLY
2026-04-26 19:14:38,686 INFO     [pooled] Saved artefacts for MA
2026-04-26 19:14:38,688 INFO     [pooled] Saved artefacts for META
2026-04-26 19:14:38,690 INFO     [pooled] Saved artefacts for MSFT
2026-04-26 19:14:38,692 INFO     [pooled] Saved artefacts for MU
2026-04-26 19:14:38,694 INFO     [pooled] Saved artefacts for NVDA
2026-04-26 19:14:38,696 INFO     [pooled] Saved artefacts for PG
2026-04-26 19:14:38,698 INFO     [pooled] Saved artefacts for UNH
2026-04-26 19:14:38,699 INFO     [pooled] Saved artefacts for V
2026-04-26 19:14:38,700 INFO     [pooled] Done. 15 tickers, 48.49% acc vs 52.06% baseline
2026-04-26 19:15:13,474 INFO     Leakage audit output:
[leakage_audit] wrote /Users/amos/Code/Stock Market AI Bot/logs/leakage_audit.json
[leakage_audit] all tickers passed.
2026-04-26 19:15:13,474 INFO     POOLED_TRAINING=True — training cross-sectional model on all tickers (tune_hyperparams=False)
2026-04-26 19:15:13,474 INFO     [pooled] Starting cross-sectional training on 15 tickers
2026-04-26 19:15:13,690 INFO     [pooled] Common feature set: 96 features across 15 tickers
2026-04-26 19:15:15,218 INFO     [pooled] Train rows: 2115  Calib rows: 9180  Test rows: 9195
2026-04-26 19:15:15,883 INFO     [pooled] Feature pruning: 975 → 45 cols  (30 base kept of 960, 930 dropped, 15 dummies always kept)
2026-04-26 19:15:15,887 INFO     build_models: scale_pos_weight=0.782  (n_pos=1187, n_neg=928)
2026-04-26 19:15:16,092 INFO     [pooled] Confidence threshold: 57.5 (fallback=True)
2026-04-26 19:15:16,187 INFO     [pooled] Test accuracy: 53.39%  baseline: 53.30%  threshold: 57.5%
2026-04-26 19:15:16,191 INFO     [pooled] Saved artefacts for AMD
2026-04-26 19:15:16,193 INFO     [pooled] Saved artefacts for AMZN
2026-04-26 19:15:16,195 INFO     [pooled] Saved artefacts for BRK-B
2026-04-26 19:15:16,197 INFO     [pooled] Saved artefacts for CAT
2026-04-26 19:15:16,199 INFO     [pooled] Saved artefacts for GOOGL
2026-04-26 19:15:16,201 INFO     [pooled] Saved artefacts for HD
2026-04-26 19:15:16,203 INFO     [pooled] Saved artefacts for LLY
2026-04-26 19:15:16,205 INFO     [pooled] Saved artefacts for MA
2026-04-26 19:15:16,207 INFO     [pooled] Saved artefacts for META
2026-04-26 19:15:16,209 INFO     [pooled] Saved artefacts for MSFT
2026-04-26 19:15:16,210 INFO     [pooled] Saved artefacts for MU
2026-04-26 19:15:16,212 INFO     [pooled] Saved artefacts for NVDA
2026-04-26 19:15:16,214 INFO     [pooled] Saved artefacts for PG
2026-04-26 19:15:16,216 INFO     [pooled] Saved artefacts for UNH
2026-04-26 19:15:16,218 INFO     [pooled] Saved artefacts for V
2026-04-26 19:15:16,218 INFO     [pooled] Done. 15 tickers, 53.39% acc vs 53.30% baseline
2026-04-26 19:24:03,065 INFO     Leakage audit output:
[leakage_audit] wrote /Users/amos/Code/Stock Market AI Bot/logs/leakage_audit.json
[leakage_audit] all tickers passed.
2026-04-26 19:24:03,066 INFO     POOLED_TRAINING=True — training cross-sectional model on all tickers (tune_hyperparams=False)
2026-04-26 19:24:03,066 INFO     [pooled] Starting cross-sectional training on 15 tickers
2026-04-26 19:24:03,274 INFO     [pooled] Common feature set: 96 features across 15 tickers
2026-04-26 19:24:04,718 INFO     [pooled] Train rows: 4245  Calib rows: 9210  Test rows: 9210
2026-04-26 19:24:05,540 INFO     [pooled] Feature pruning: 975 → 45 cols  (30 base kept of 960, 930 dropped, 15 dummies always kept)
2026-04-26 19:24:05,551 INFO     build_models: scale_pos_weight=1.111  (n_pos=2011, n_neg=2234)
2026-04-26 19:24:05,857 INFO     [pooled] Confidence threshold: 57.5 (fallback=True)
2026-04-26 19:24:05,858 INFO     [pooled] Test accuracy: 49.89%  baseline: 47.89%  threshold: 57.5%
2026-04-26 19:24:05,863 INFO     [pooled] Saved artefacts for AMD
2026-04-26 19:24:05,865 INFO     [pooled] Saved artefacts for AMZN
2026-04-26 19:24:05,868 INFO     [pooled] Saved artefacts for BRK-B
2026-04-26 19:24:05,870 INFO     [pooled] Saved artefacts for CAT
2026-04-26 19:24:05,872 INFO     [pooled] Saved artefacts for GOOGL
2026-04-26 19:24:05,874 INFO     [pooled] Saved artefacts for HD
2026-04-26 19:24:05,876 INFO     [pooled] Saved artefacts for LLY
2026-04-26 19:24:05,878 INFO     [pooled] Saved artefacts for MA
2026-04-26 19:24:05,880 INFO     [pooled] Saved artefacts for META
2026-04-26 19:24:05,883 INFO     [pooled] Saved artefacts for MSFT
2026-04-26 19:24:05,885 INFO     [pooled] Saved artefacts for MU
2026-04-26 19:24:05,889 INFO     [pooled] Saved artefacts for NVDA
2026-04-26 19:24:05,891 INFO     [pooled] Saved artefacts for PG
2026-04-26 19:24:05,893 INFO     [pooled] Saved artefacts for UNH
2026-04-26 19:24:05,895 INFO     [pooled] Saved artefacts for V
2026-04-26 19:24:05,895 INFO     [pooled] Done. 15 tickers, 49.89% acc vs 47.89% baseline
2026-04-26 19:24:39,832 INFO     Leakage audit output:
[leakage_audit] wrote /Users/amos/Code/Stock Market AI Bot/logs/leakage_audit.json
[leakage_audit] all tickers passed.
2026-04-26 19:24:39,832 INFO     POOLED_TRAINING=True — training cross-sectional model on all tickers (tune_hyperparams=False)
2026-04-26 19:24:39,832 INFO     [pooled] Starting cross-sectional training on 15 tickers
2026-04-26 19:24:40,042 INFO     [pooled] Common feature set: 96 features across 15 tickers
2026-04-26 19:24:41,535 INFO     [pooled] Train rows: 2825  Calib rows: 9195  Test rows: 9210
2026-04-26 19:24:42,340 INFO     [pooled] Feature pruning: 975 → 45 cols  (30 base kept of 960, 930 dropped, 15 dummies always kept)
2026-04-26 19:24:42,346 INFO     build_models: scale_pos_weight=0.849  (n_pos=1528, n_neg=1297)
2026-04-26 19:24:42,577 INFO     [pooled] Confidence threshold: 57.5 (fallback=True)
2026-04-26 19:24:42,577 INFO     [pooled] Test accuracy: 48.49%  baseline: 52.06%  threshold: 57.5%
2026-04-26 19:24:42,582 INFO     [pooled] Saved artefacts for AMD
2026-04-26 19:24:42,584 INFO     [pooled] Saved artefacts for AMZN
2026-04-26 19:24:42,586 INFO     [pooled] Saved artefacts for BRK-B
2026-04-26 19:24:42,588 INFO     [pooled] Saved artefacts for CAT
2026-04-26 19:24:42,590 INFO     [pooled] Saved artefacts for GOOGL
2026-04-26 19:24:42,592 INFO     [pooled] Saved artefacts for HD
2026-04-26 19:24:42,594 INFO     [pooled] Saved artefacts for LLY
2026-04-26 19:24:42,597 INFO     [pooled] Saved artefacts for MA
2026-04-26 19:24:42,599 INFO     [pooled] Saved artefacts for META
2026-04-26 19:24:42,601 INFO     [pooled] Saved artefacts for MSFT
2026-04-26 19:24:42,603 INFO     [pooled] Saved artefacts for MU
2026-04-26 19:24:42,607 INFO     [pooled] Saved artefacts for NVDA
2026-04-26 19:24:42,608 INFO     [pooled] Saved artefacts for PG
2026-04-26 19:24:42,610 INFO     [pooled] Saved artefacts for UNH
2026-04-26 19:24:42,612 INFO     [pooled] Saved artefacts for V
2026-04-26 19:24:42,612 INFO     [pooled] Done. 15 tickers, 48.49% acc vs 52.06% baseline
2026-04-26 19:25:18,501 INFO     Leakage audit output:
[leakage_audit] wrote /Users/amos/Code/Stock Market AI Bot/logs/leakage_audit.json
[leakage_audit] all tickers passed.
2026-04-26 19:25:18,501 INFO     POOLED_TRAINING=True — training cross-sectional model on all tickers (tune_hyperparams=False)
2026-04-26 19:25:18,502 INFO     [pooled] Starting cross-sectional training on 15 tickers
2026-04-26 19:25:18,715 INFO     [pooled] Common feature set: 96 features across 15 tickers
2026-04-26 19:25:20,226 INFO     [pooled] Train rows: 2115  Calib rows: 9180  Test rows: 9195
2026-04-26 19:25:20,893 INFO     [pooled] Feature pruning: 975 → 45 cols  (30 base kept of 960, 930 dropped, 15 dummies always kept)
2026-04-26 19:25:20,900 INFO     build_models: scale_pos_weight=0.782  (n_pos=1187, n_neg=928)
2026-04-26 19:25:21,104 INFO     [pooled] Confidence threshold: 57.5 (fallback=True)
2026-04-26 19:25:21,200 INFO     [pooled] Test accuracy: 53.39%  baseline: 53.30%  threshold: 57.5%
2026-04-26 19:25:21,204 INFO     [pooled] Saved artefacts for AMD
2026-04-26 19:25:21,206 INFO     [pooled] Saved artefacts for AMZN
2026-04-26 19:25:21,208 INFO     [pooled] Saved artefacts for BRK-B
2026-04-26 19:25:21,210 INFO     [pooled] Saved artefacts for CAT
2026-04-26 19:25:21,212 INFO     [pooled] Saved artefacts for GOOGL
2026-04-26 19:25:21,214 INFO     [pooled] Saved artefacts for HD
2026-04-26 19:25:21,215 INFO     [pooled] Saved artefacts for LLY
2026-04-26 19:25:21,217 INFO     [pooled] Saved artefacts for MA
2026-04-26 19:25:21,219 INFO     [pooled] Saved artefacts for META
2026-04-26 19:25:21,221 INFO     [pooled] Saved artefacts for MSFT
2026-04-26 19:25:21,223 INFO     [pooled] Saved artefacts for MU
2026-04-26 19:25:21,224 INFO     [pooled] Saved artefacts for NVDA
2026-04-26 19:25:21,226 INFO     [pooled] Saved artefacts for PG
2026-04-26 19:25:21,228 INFO     [pooled] Saved artefacts for UNH
2026-04-26 19:25:21,230 INFO     [pooled] Saved artefacts for V
2026-04-26 19:25:21,230 INFO     [pooled] Done. 15 tickers, 53.39% acc vs 53.30% baseline
2026-04-26 19:39:12,365 INFO     Leakage audit output:
[leakage_audit] wrote /Users/amos/Code/Stock Market AI Bot/logs/leakage_audit.json
[leakage_audit] all tickers passed.
2026-04-26 19:39:12,366 INFO     POOLED_TRAINING=True — training cross-sectional model on all tickers (tune_hyperparams=False)
2026-04-26 19:39:12,366 INFO     [pooled] Starting cross-sectional training on 16 tickers
2026-04-26 19:39:12,588 INFO     [pooled] Common feature set: 95 features across 16 tickers
2026-04-26 19:39:14,121 INFO     [pooled] Train rows: 2258  Calib rows: 9792  Test rows: 9808
2026-04-26 19:39:14,794 INFO     [pooled] Feature pruning: 966 → 46 cols  (30 base kept of 950, 920 dropped, 16 dummies always kept)
2026-04-26 19:39:14,802 INFO     build_models: scale_pos_weight=0.789  (n_pos=1262, n_neg=996)
2026-04-26 19:39:15,024 INFO     [pooled] Confidence threshold: 68.0 (fallback=True)
2026-04-26 19:39:15,025 INFO     [pooled] Test accuracy: 48.21%  baseline: 53.28%  threshold: 68.0%
2026-04-26 19:39:15,136 INFO     [pooled] Saved results plot /Users/amos/Code/Stock Market AI Bot/models/pooled_xgb_only_results.png
2026-04-26 19:39:15,183 INFO     [pooled] Saved per-ticker plot /Users/amos/Code/Stock Market AI Bot/models/pooled_ticker_accuracy.png
2026-04-26 19:39:15,187 INFO     [pooled] Saved artefacts for AMD
2026-04-26 19:39:15,189 INFO     [pooled] Saved artefacts for AMZN
2026-04-26 19:39:15,191 INFO     [pooled] Saved artefacts for BRK-B
2026-04-26 19:39:15,193 INFO     [pooled] Saved artefacts for CAT
2026-04-26 19:39:15,195 INFO     [pooled] Saved artefacts for GOOGL
2026-04-26 19:39:15,198 INFO     [pooled] Saved artefacts for HD
2026-04-26 19:39:15,200 INFO     [pooled] Saved artefacts for INTC
2026-04-26 19:39:15,202 INFO     [pooled] Saved artefacts for LLY
2026-04-26 19:39:15,204 INFO     [pooled] Saved artefacts for MA
2026-04-26 19:39:15,207 INFO     [pooled] Saved artefacts for META
2026-04-26 19:39:15,208 INFO     [pooled] Saved artefacts for MSFT
2026-04-26 19:39:15,210 INFO     [pooled] Saved artefacts for MU
2026-04-26 19:39:15,212 INFO     [pooled] Saved artefacts for NVDA
2026-04-26 19:39:15,215 INFO     [pooled] Saved artefacts for PG
2026-04-26 19:39:15,216 INFO     [pooled] Saved artefacts for UNH
2026-04-26 19:39:15,218 INFO     [pooled] Saved artefacts for V
2026-04-26 19:39:15,218 INFO     [pooled] Done. 16 tickers, 48.21% acc vs 53.28% baseline
2026-04-26 20:10:31,044 INFO     Leakage audit output:
[leakage_audit] wrote /Users/amos/Code/Stock Market AI Bot/logs/leakage_audit.json
[leakage_audit] all tickers passed.
2026-04-26 20:10:31,045 INFO     POOLED_TRAINING=True — training cross-sectional model on all tickers (tune_hyperparams=True)
2026-04-26 20:10:31,045 INFO     [pooled] Starting cross-sectional training on 28 tickers
2026-04-26 20:10:31,414 INFO     [pooled] Common feature set: 95 features across 28 tickers
2026-04-26 20:10:34,661 INFO     [pooled] Train rows: 4105  Calib rows: 15795  Test rows: 15688
2026-04-26 20:10:34,710 INFO     [pooled] Running nested walk-forward CV hyperparameter search (4105 train rows, 4 outer × 3 inner folds)...
2026-04-26 20:15:08,735 INFO     [pooled] Nested CV best params: {'max_depth': 5, 'min_child_weight': 5, 'reg_lambda': 5.0} (fold 3 score=0.5212)
2026-04-26 20:15:08,741 INFO     [pooled]   fold 2: score=0.4683  params={'max_depth': 4, 'min_child_weight': 5, 'reg_lambda': 10.0}
2026-04-26 20:15:08,741 INFO     [pooled]   fold 3: score=0.5212  params={'max_depth': 5, 'min_child_weight': 5, 'reg_lambda': 5.0}
2026-04-26 20:15:08,741 INFO     [pooled] Saved tuned params to /Users/amos/Code/Stock Market AI Bot/models/pooled_best_xgb_params.json
2026-04-26 20:15:09,670 INFO     [pooled] Feature pruning: 978 → 58 cols  (30 base kept of 950, 920 dropped, 28 dummies always kept)
2026-04-26 20:15:09,707 INFO     build_models: applying tuned param overrides: {'max_depth': 5, 'min_child_weight': 5, 'reg_lambda': 5.0}
2026-04-26 20:15:09,707 INFO     build_models: scale_pos_weight=2.146  (n_pos=1305, n_neg=2800)
2026-04-26 20:15:09,988 INFO     [pooled] Confidence threshold: 57.5 (fallback=True)
2026-04-26 20:15:09,990 INFO     [pooled] Test accuracy: 34.34%  baseline: 31.83%  threshold: 57.5%
2026-04-26 20:15:10,068 INFO     [pooled] Saved results plot /Users/amos/Code/Stock Market AI Bot/models/pooled_xgb_only_results.png
2026-04-26 20:15:10,136 INFO     [pooled] Saved per-ticker plot /Users/amos/Code/Stock Market AI Bot/models/pooled_ticker_accuracy.png
2026-04-26 20:15:10,141 INFO     [pooled] Saved artefacts for AAPL
2026-04-26 20:15:10,144 INFO     [pooled] Saved artefacts for ABBV
2026-04-26 20:15:10,146 INFO     [pooled] Saved artefacts for AMD
2026-04-26 20:15:10,149 INFO     [pooled] Saved artefacts for AMZN
2026-04-26 20:15:10,151 INFO     [pooled] Saved artefacts for BAC
2026-04-26 20:15:10,154 INFO     [pooled] Saved artefacts for BRK-B
2026-04-26 20:15:10,156 INFO     [pooled] Saved artefacts for BTC-USD
2026-04-26 20:15:10,158 INFO     [pooled] Saved artefacts for CAT
2026-04-26 20:15:10,161 INFO     [pooled] Saved artefacts for COST
2026-04-26 20:15:10,163 INFO     [pooled] Saved artefacts for CVX
2026-04-26 20:15:10,166 INFO     [pooled] Saved artefacts for DE
2026-04-26 20:15:10,168 INFO     [pooled] Saved artefacts for GOOGL
2026-04-26 20:15:10,170 INFO     [pooled] Saved artefacts for GS
2026-04-26 20:15:10,173 INFO     [pooled] Saved artefacts for HD
2026-04-26 20:15:10,175 INFO     [pooled] Saved artefacts for INTC
2026-04-26 20:15:10,178 INFO     [pooled] Saved artefacts for JNJ
2026-04-26 20:15:10,181 INFO     [pooled] Saved artefacts for JPM
2026-04-26 20:15:10,183 INFO     [pooled] Saved artefacts for LLY
2026-04-26 20:15:10,185 INFO     [pooled] Saved artefacts for MA
2026-04-26 20:15:10,188 INFO     [pooled] Saved artefacts for META
2026-04-26 20:15:10,190 INFO     [pooled] Saved artefacts for MSFT
2026-04-26 20:15:10,192 INFO     [pooled] Saved artefacts for MU
2026-04-26 20:15:10,194 INFO     [pooled] Saved artefacts for NVDA
2026-04-26 20:15:10,197 INFO     [pooled] Saved artefacts for PG
2026-04-26 20:15:10,199 INFO     [pooled] Saved artefacts for TSLA
2026-04-26 20:15:10,201 INFO     [pooled] Saved artefacts for UNH
2026-04-26 20:15:10,203 INFO     [pooled] Saved artefacts for V
2026-04-26 20:15:10,205 INFO     [pooled] Saved artefacts for XOM
2026-04-26 20:15:10,205 INFO     [pooled] Done. 28 tickers, 34.34% acc vs 31.83% baseline
2026-04-26 20:19:47,866 INFO     Leakage audit output:
[leakage_audit] wrote /Users/amos/Code/Stock Market AI Bot/logs/leakage_audit.json
[leakage_audit] all tickers passed.
2026-04-26 20:19:47,867 INFO     POOLED_TRAINING=True — training cross-sectional model on all tickers (tune_hyperparams=True)
2026-04-26 20:19:47,867 INFO     [pooled] Starting cross-sectional training on 28 tickers
2026-04-26 20:19:48,200 INFO     [pooled] Common feature set: 95 features across 28 tickers
2026-04-26 20:19:50,999 INFO     [pooled] Train rows: 16237  Calib rows: 15852  Test rows: 15852
2026-04-26 20:19:51,128 INFO     [pooled] Running nested walk-forward CV hyperparameter search (16237 train rows, 4 outer × 3 inner folds)...
2026-04-26 20:33:15,168 INFO     [pooled] Nested CV best params: {'max_depth': 4, 'min_child_weight': 10, 'reg_lambda': 10.0} (fold 3 score=0.6107)
2026-04-26 20:33:15,173 INFO     [pooled]   fold 0: score=0.5206  params={'max_depth': 4, 'min_child_weight': 5, 'reg_lambda': 1.0}
2026-04-26 20:33:15,173 INFO     [pooled]   fold 1: score=0.5707  params={'max_depth': 5, 'min_child_weight': 10, 'reg_lambda': 10.0}
2026-04-26 20:33:15,173 INFO     [pooled]   fold 2: score=0.6070  params={'max_depth': 4, 'min_child_weight': 10, 'reg_lambda': 10.0}
2026-04-26 20:33:15,173 INFO     [pooled]   fold 3: score=0.6107  params={'max_depth': 4, 'min_child_weight': 10, 'reg_lambda': 10.0}
2026-04-26 20:33:15,173 INFO     [pooled] Saved tuned params to /Users/amos/Code/Stock Market AI Bot/models/pooled_best_xgb_params.json
2026-04-26 20:33:16,732 INFO     [pooled] Feature pruning: 978 → 58 cols  (30 base kept of 950, 920 dropped, 28 dummies always kept)
2026-04-26 20:33:16,774 INFO     build_models: applying tuned param overrides: {'max_depth': 4, 'min_child_weight': 10, 'reg_lambda': 10.0}
2026-04-26 20:33:16,774 INFO     build_models: scale_pos_weight=3.000  (n_pos=1908, n_neg=14329)
2026-04-26 20:33:17,233 INFO     [pooled] Confidence threshold: 52.0 (fallback=True)
2026-04-26 20:33:17,236 INFO     [pooled] Test accuracy: 86.10%  baseline: 12.63%  threshold: 52.0%
2026-04-26 20:33:17,311 INFO     [pooled] Saved results plot /Users/amos/Code/Stock Market AI Bot/models/pooled_xgb_only_results.png
2026-04-26 20:33:17,377 INFO     [pooled] Saved per-ticker plot /Users/amos/Code/Stock Market AI Bot/models/pooled_ticker_accuracy.png
2026-04-26 20:33:17,385 INFO     [pooled] Saved artefacts for AAPL
2026-04-26 20:33:17,390 INFO     [pooled] Saved artefacts for ABBV
2026-04-26 20:33:17,394 INFO     [pooled] Saved artefacts for AMD
2026-04-26 20:33:17,398 INFO     [pooled] Saved artefacts for AMZN
2026-04-26 20:33:17,403 INFO     [pooled] Saved artefacts for BAC
2026-04-26 20:33:17,406 INFO     [pooled] Saved artefacts for BRK-B
2026-04-26 20:33:17,410 INFO     [pooled] Saved artefacts for BTC-USD
2026-04-26 20:33:17,413 INFO     [pooled] Saved artefacts for CAT
2026-04-26 20:33:17,417 INFO     [pooled] Saved artefacts for COST
2026-04-26 20:33:17,420 INFO     [pooled] Saved artefacts for CVX
2026-04-26 20:33:17,424 INFO     [pooled] Saved artefacts for DE
2026-04-26 20:33:17,427 INFO     [pooled] Saved artefacts for GOOGL
2026-04-26 20:33:17,431 INFO     [pooled] Saved artefacts for GS
2026-04-26 20:33:17,434 INFO     [pooled] Saved artefacts for HD
2026-04-26 20:33:17,438 INFO     [pooled] Saved artefacts for INTC
2026-04-26 20:33:17,441 INFO     [pooled] Saved artefacts for JNJ
2026-04-26 20:33:17,445 INFO     [pooled] Saved artefacts for JPM
2026-04-26 20:33:17,448 INFO     [pooled] Saved artefacts for LLY
2026-04-26 20:33:17,451 INFO     [pooled] Saved artefacts for MA
2026-04-26 20:33:17,455 INFO     [pooled] Saved artefacts for META
2026-04-26 20:33:17,458 INFO     [pooled] Saved artefacts for MSFT
2026-04-26 20:33:17,462 INFO     [pooled] Saved artefacts for MU
2026-04-26 20:33:17,465 INFO     [pooled] Saved artefacts for NVDA
2026-04-26 20:33:17,468 INFO     [pooled] Saved artefacts for PG
2026-04-26 20:33:17,472 INFO     [pooled] Saved artefacts for TSLA
2026-04-26 20:33:17,475 INFO     [pooled] Saved artefacts for UNH
2026-04-26 20:33:17,478 INFO     [pooled] Saved artefacts for V
2026-04-26 20:33:17,482 INFO     [pooled] Saved artefacts for XOM
2026-04-26 20:33:17,482 INFO     [pooled] Done. 28 tickers, 86.10% acc vs 12.63% baseline
2026-04-26 20:33:19,966 INFO     Leakage audit output:
[leakage_audit] wrote /Users/amos/Code/Stock Market AI Bot/logs/leakage_audit.json
[leakage_audit] all tickers passed.
2026-04-26 20:33:19,966 INFO     POOLED_TRAINING=True — training cross-sectional model on all tickers (tune_hyperparams=True)
2026-04-26 20:33:19,966 INFO     [pooled] Starting cross-sectional training on 28 tickers
2026-04-26 20:33:20,342 INFO     [pooled] Common feature set: 95 features across 28 tickers
2026-04-26 20:33:22,899 INFO     [pooled] Train rows: 8157  Calib rows: 15851  Test rows: 15770
2026-04-26 20:33:22,965 INFO     [pooled] Running nested walk-forward CV hyperparameter search (8157 train rows, 4 outer × 3 inner folds)...
2026-04-26 20:41:47,607 INFO     [pooled] Nested CV best params: {'max_depth': 6, 'min_child_weight': 5, 'reg_lambda': 10.0} (fold 2 score=0.5686)
2026-04-26 20:41:47,613 INFO     [pooled]   fold 1: score=0.5197  params={'max_depth': 6, 'min_child_weight': 5, 'reg_lambda': 5.0}
2026-04-26 20:41:47,613 INFO     [pooled]   fold 2: score=0.5686  params={'max_depth': 6, 'min_child_weight': 5, 'reg_lambda': 10.0}
2026-04-26 20:41:47,613 INFO     [pooled]   fold 3: score=0.5605  params={'max_depth': 5, 'min_child_weight': 3, 'reg_lambda': 5.0}
2026-04-26 20:41:47,613 INFO     [pooled] Saved tuned params to /Users/amos/Code/Stock Market AI Bot/models/pooled_best_xgb_params.json
2026-04-26 20:41:49,014 INFO     [pooled] Feature pruning: 978 → 58 cols  (30 base kept of 950, 920 dropped, 28 dummies always kept)
2026-04-26 20:41:49,047 INFO     build_models: applying tuned param overrides: {'max_depth': 6, 'min_child_weight': 5, 'reg_lambda': 10.0}
2026-04-26 20:41:49,047 INFO     build_models: scale_pos_weight=3.000  (n_pos=1821, n_neg=6336)
2026-04-26 20:41:49,498 INFO     [pooled] Confidence threshold: 52.0 (fallback=True)
2026-04-26 20:41:49,502 INFO     [pooled] Test accuracy: 65.98%  baseline: 23.59%  threshold: 52.0%
2026-04-26 20:41:49,581 INFO     [pooled] Saved results plot /Users/amos/Code/Stock Market AI Bot/models/pooled_xgb_only_results.png
2026-04-26 20:41:49,645 INFO     [pooled] Saved per-ticker plot /Users/amos/Code/Stock Market AI Bot/models/pooled_ticker_accuracy.png
2026-04-26 20:41:49,655 INFO     [pooled] Saved artefacts for AAPL
2026-04-26 20:41:49,659 INFO     [pooled] Saved artefacts for ABBV
2026-04-26 20:41:49,665 INFO     [pooled] Saved artefacts for AMD
2026-04-26 20:41:49,669 INFO     [pooled] Saved artefacts for AMZN
2026-04-26 20:41:49,673 INFO     [pooled] Saved artefacts for BAC
2026-04-26 20:41:49,677 INFO     [pooled] Saved artefacts for BRK-B
2026-04-26 20:41:49,681 INFO     [pooled] Saved artefacts for BTC-USD
2026-04-26 20:41:49,686 INFO     [pooled] Saved artefacts for CAT
2026-04-26 20:41:49,690 INFO     [pooled] Saved artefacts for COST
2026-04-26 20:41:49,694 INFO     [pooled] Saved artefacts for CVX
2026-04-26 20:41:49,698 INFO     [pooled] Saved artefacts for DE
2026-04-26 20:41:49,703 INFO     [pooled] Saved artefacts for GOOGL
2026-04-26 20:41:49,707 INFO     [pooled] Saved artefacts for GS
2026-04-26 20:41:49,711 INFO     [pooled] Saved artefacts for HD
2026-04-26 20:41:49,715 INFO     [pooled] Saved artefacts for INTC
2026-04-26 20:41:49,719 INFO     [pooled] Saved artefacts for JNJ
2026-04-26 20:41:49,723 INFO     [pooled] Saved artefacts for JPM
2026-04-26 20:41:49,728 INFO     [pooled] Saved artefacts for LLY
2026-04-26 20:41:49,732 INFO     [pooled] Saved artefacts for MA
2026-04-26 20:41:49,736 INFO     [pooled] Saved artefacts for META
2026-04-26 20:41:49,740 INFO     [pooled] Saved artefacts for MSFT
2026-04-26 20:41:49,744 INFO     [pooled] Saved artefacts for MU
2026-04-26 20:41:49,748 INFO     [pooled] Saved artefacts for NVDA
2026-04-26 20:41:49,752 INFO     [pooled] Saved artefacts for PG
2026-04-26 20:41:49,756 INFO     [pooled] Saved artefacts for TSLA
2026-04-26 20:41:49,759 INFO     [pooled] Saved artefacts for UNH
2026-04-26 20:41:49,763 INFO     [pooled] Saved artefacts for V
2026-04-26 20:41:49,767 INFO     [pooled] Saved artefacts for XOM
2026-04-26 20:41:49,767 INFO     [pooled] Done. 28 tickers, 65.98% acc vs 23.59% baseline
2026-04-26 20:41:51,616 INFO     Leakage audit output:
[leakage_audit] wrote /Users/amos/Code/Stock Market AI Bot/logs/leakage_audit.json
[leakage_audit] all tickers passed.
2026-04-26 20:41:51,616 INFO     POOLED_TRAINING=True — training cross-sectional model on all tickers (tune_hyperparams=True)
2026-04-26 20:41:51,617 INFO     [pooled] Starting cross-sectional training on 28 tickers
2026-04-26 20:41:51,987 INFO     [pooled] Common feature set: 95 features across 28 tickers
2026-04-26 20:41:54,490 INFO     [pooled] Train rows: 4105  Calib rows: 15795  Test rows: 15688
2026-04-26 20:41:54,540 INFO     [pooled] Running nested walk-forward CV hyperparameter search (4105 train rows, 4 outer × 3 inner folds)...
2026-04-26 22:47:09,857 INFO     [pooled] Nested CV best params: {'max_depth': 5, 'min_child_weight': 5, 'reg_lambda': 5.0} (fold 3 score=0.5212)
2026-04-26 22:47:09,862 INFO     [pooled]   fold 2: score=0.4683  params={'max_depth': 4, 'min_child_weight': 5, 'reg_lambda': 10.0}
2026-04-26 22:47:09,863 INFO     [pooled]   fold 3: score=0.5212  params={'max_depth': 5, 'min_child_weight': 5, 'reg_lambda': 5.0}
2026-04-26 22:47:09,863 INFO     [pooled] Saved tuned params to /Users/amos/Code/Stock Market AI Bot/models/pooled_best_xgb_params.json
2026-04-26 22:47:10,920 INFO     [pooled] Feature pruning: 978 → 58 cols  (30 base kept of 950, 920 dropped, 28 dummies always kept)
2026-04-26 22:47:10,956 INFO     build_models: applying tuned param overrides: {'max_depth': 5, 'min_child_weight': 5, 'reg_lambda': 5.0}
2026-04-26 22:47:10,957 INFO     build_models: scale_pos_weight=2.146  (n_pos=1305, n_neg=2800)
2026-04-26 22:47:11,261 INFO     [pooled] Confidence threshold: 57.5 (fallback=True)
2026-04-26 22:47:11,264 INFO     [pooled] Test accuracy: 34.34%  baseline: 31.83%  threshold: 57.5%
2026-04-26 22:47:11,352 INFO     [pooled] Saved results plot /Users/amos/Code/Stock Market AI Bot/models/pooled_xgb_only_results.png
2026-04-26 22:47:11,423 INFO     [pooled] Saved per-ticker plot /Users/amos/Code/Stock Market AI Bot/models/pooled_ticker_accuracy.png
2026-04-26 22:47:11,430 INFO     [pooled] Saved artefacts for AAPL
2026-04-26 22:47:11,432 INFO     [pooled] Saved artefacts for ABBV
2026-04-26 22:47:11,435 INFO     [pooled] Saved artefacts for AMD
2026-04-26 22:47:11,437 INFO     [pooled] Saved artefacts for AMZN
2026-04-26 22:47:11,440 INFO     [pooled] Saved artefacts for BAC
2026-04-26 22:47:11,442 INFO     [pooled] Saved artefacts for BRK-B
2026-04-26 22:47:11,445 INFO     [pooled] Saved artefacts for BTC-USD
2026-04-26 22:47:11,447 INFO     [pooled] Saved artefacts for CAT
2026-04-26 22:47:11,450 INFO     [pooled] Saved artefacts for COST
2026-04-26 22:47:11,453 INFO     [pooled] Saved artefacts for CVX
2026-04-26 22:47:11,455 INFO     [pooled] Saved artefacts for DE
2026-04-26 22:47:11,458 INFO     [pooled] Saved artefacts for GOOGL
2026-04-26 22:47:11,460 INFO     [pooled] Saved artefacts for GS
2026-04-26 22:47:11,462 INFO     [pooled] Saved artefacts for HD
2026-04-26 22:47:11,465 INFO     [pooled] Saved artefacts for INTC
2026-04-26 22:47:11,467 INFO     [pooled] Saved artefacts for JNJ
2026-04-26 22:47:11,470 INFO     [pooled] Saved artefacts for JPM
2026-04-26 22:47:11,473 INFO     [pooled] Saved artefacts for LLY
2026-04-26 22:47:11,475 INFO     [pooled] Saved artefacts for MA
2026-04-26 22:47:11,478 INFO     [pooled] Saved artefacts for META
2026-04-26 22:47:11,481 INFO     [pooled] Saved artefacts for MSFT
2026-04-26 22:47:11,483 INFO     [pooled] Saved artefacts for MU
2026-04-26 22:47:11,485 INFO     [pooled] Saved artefacts for NVDA
2026-04-26 22:47:11,488 INFO     [pooled] Saved artefacts for PG
2026-04-26 22:47:11,490 INFO     [pooled] Saved artefacts for TSLA
2026-04-26 22:47:11,493 INFO     [pooled] Saved artefacts for UNH
2026-04-26 22:47:11,495 INFO     [pooled] Saved artefacts for V
2026-04-26 22:47:11,499 INFO     [pooled] Saved artefacts for XOM
2026-04-26 22:47:11,499 INFO     [pooled] Done. 28 tickers, 34.34% acc vs 31.83% baseline
2026-04-27 07:56:43,450 INFO     Leakage audit output:
[leakage_audit] wrote /Users/amos/Code/Stock Market AI Bot/logs/leakage_audit.json
[leakage_audit] all tickers passed.
2026-04-27 07:56:43,450 INFO     POOLED_TRAINING=True — training cross-sectional model on all tickers (tune_hyperparams=True)
2026-04-27 07:56:43,451 INFO     [pooled] Starting cross-sectional training on 28 tickers
2026-04-27 07:56:43,805 INFO     [pooled] Common feature set: 95 features across 28 tickers
2026-04-27 07:56:46,759 INFO     [pooled] Train rows: 4105  Calib rows: 15795  Test rows: 15688
2026-04-27 07:56:46,803 INFO     [pooled] Running nested walk-forward CV hyperparameter search (4105 train rows, 4 outer × 3 inner folds)...
2026-04-27 08:01:29,417 INFO     [pooled] Nested CV best params: {'max_depth': 4, 'min_child_weight': 3, 'reg_lambda': 5.0} (fold 3 score=0.5374)
2026-04-27 08:01:29,420 INFO     [pooled]   fold 2: score=0.4396  params={'max_depth': 6, 'min_child_weight': 3, 'reg_lambda': 10.0}
2026-04-27 08:01:29,420 INFO     [pooled]   fold 3: score=0.5374  params={'max_depth': 4, 'min_child_weight': 3, 'reg_lambda': 5.0}
2026-04-27 08:01:29,420 INFO     [pooled] Saved tuned params to /Users/amos/Code/Stock Market AI Bot/models/pooled_best_xgb_params.json
2026-04-27 08:01:30,190 INFO     [pooled] Feature pruning: 978 → 58 cols  (30 base kept of 950, 920 dropped, 28 dummies always kept)
2026-04-27 08:01:30,226 INFO     build_models: applying tuned param overrides: {'max_depth': 4, 'min_child_weight': 3, 'reg_lambda': 5.0}
2026-04-27 08:01:30,226 INFO     build_models: scale_pos_weight=0.963  (n_pos=2091, n_neg=2014)
2026-04-27 08:01:30,488 INFO     [pooled] h5 model trained on 4105 rows
2026-04-27 08:01:30,494 INFO     [pooled] Confidence threshold: 57.5 (fallback=True)
2026-04-27 08:01:30,496 INFO     [pooled] Test accuracy: 49.75%  baseline: 49.75%  threshold: 57.5%
2026-04-27 08:01:30,578 INFO     [pooled] Saved results plot /Users/amos/Code/Stock Market AI Bot/models/pooled_xgb_only_results.png
2026-04-27 08:01:30,645 INFO     [pooled] Saved per-ticker plot /Users/amos/Code/Stock Market AI Bot/models/pooled_ticker_accuracy.png
2026-04-27 08:01:30,647 INFO     [pooled] Saved h5 model to pooled_xgb_dir_h5.json
2026-04-27 08:01:30,650 INFO     [pooled] Saved artefacts for AAPL
2026-04-27 08:01:30,652 INFO     [pooled] Saved artefacts for ABBV
2026-04-27 08:01:30,655 INFO     [pooled] Saved artefacts for AMD
2026-04-27 08:01:30,658 INFO     [pooled] Saved artefacts for AMZN
2026-04-27 08:01:30,659 INFO     [pooled] Saved artefacts for BAC
2026-04-27 08:01:30,662 INFO     [pooled] Saved artefacts for BRK-B
2026-04-27 08:01:30,664 INFO     [pooled] Saved artefacts for BTC-USD
2026-04-27 08:01:30,666 INFO     [pooled] Saved artefacts for CAT
2026-04-27 08:01:30,668 INFO     [pooled] Saved artefacts for COST
2026-04-27 08:01:30,671 INFO     [pooled] Saved artefacts for CVX
2026-04-27 08:01:30,673 INFO     [pooled] Saved artefacts for DE
2026-04-27 08:01:30,675 INFO     [pooled] Saved artefacts for GOOGL
2026-04-27 08:01:30,676 INFO     [pooled] Saved artefacts for GS
2026-04-27 08:01:30,678 INFO     [pooled] Saved artefacts for HD
2026-04-27 08:01:30,680 INFO     [pooled] Saved artefacts for INTC
2026-04-27 08:01:30,682 INFO     [pooled] Saved artefacts for JNJ
2026-04-27 08:01:30,684 INFO     [pooled] Saved artefacts for JPM
2026-04-27 08:01:30,686 INFO     [pooled] Saved artefacts for LLY
2026-04-27 08:01:30,688 INFO     [pooled] Saved artefacts for MA
2026-04-27 08:01:30,690 INFO     [pooled] Saved artefacts for META
2026-04-27 08:01:30,692 INFO     [pooled] Saved artefacts for MSFT
2026-04-27 08:01:30,694 INFO     [pooled] Saved artefacts for MU
2026-04-27 08:01:30,696 INFO     [pooled] Saved artefacts for NVDA
2026-04-27 08:01:30,698 INFO     [pooled] Saved artefacts for PG
2026-04-27 08:01:30,701 INFO     [pooled] Saved artefacts for TSLA
2026-04-27 08:01:30,702 INFO     [pooled] Saved artefacts for UNH
2026-04-27 08:01:30,704 INFO     [pooled] Saved artefacts for V
2026-04-27 08:01:30,706 INFO     [pooled] Saved artefacts for XOM
2026-04-27 08:01:30,706 INFO     [pooled] Done. 28 tickers, 49.75% acc vs 49.75% baseline
2026-04-27 08:11:52,282 INFO     Leakage audit output:
[leakage_audit] wrote /Users/amos/Code/Stock Market AI Bot/logs/leakage_audit.json
[leakage_audit] all tickers passed.
2026-04-27 08:11:52,282 INFO     POOLED_TRAINING=True — training cross-sectional model on all tickers (tune_hyperparams=False)
2026-04-27 08:11:52,283 INFO     [pooled] Starting cross-sectional training on 28 tickers
2026-04-27 08:11:52,636 INFO     [pooled] Common feature set: 95 features across 28 tickers
2026-04-27 08:11:55,343 INFO     [pooled] Train rows: 4105  Calib rows: 15795  Test rows: 15688
2026-04-27 08:11:56,131 INFO     [pooled] Feature pruning: 978 → 58 cols  (30 base kept of 950, 920 dropped, 28 dummies always kept)
2026-04-27 08:11:56,139 INFO     build_models: scale_pos_weight=0.963  (n_pos=2091, n_neg=2014)
2026-04-27 08:11:56,398 INFO     [pooled] h5 model trained on 4105 rows
2026-04-27 08:11:56,403 INFO     [pooled] Confidence threshold: 57.5 (fallback=True)
2026-04-27 08:11:56,405 INFO     [pooled] Test accuracy: 49.75%  baseline: 49.75%  threshold: 57.5%
2026-04-27 08:11:56,481 INFO     [pooled] Saved results plot /Users/amos/Code/Stock Market AI Bot/models/pooled_xgb_only_results.png
2026-04-27 08:11:56,548 INFO     [pooled] Saved per-ticker plot /Users/amos/Code/Stock Market AI Bot/models/pooled_ticker_accuracy.png
2026-04-27 08:11:56,550 INFO     [pooled] Saved h5 model to pooled_xgb_dir_h5.json
2026-04-27 08:11:56,552 INFO     [pooled] Saved artefacts for AAPL
2026-04-27 08:11:56,554 INFO     [pooled] Saved artefacts for ABBV
2026-04-27 08:11:56,556 INFO     [pooled] Saved artefacts for AMD
2026-04-27 08:11:56,558 INFO     [pooled] Saved artefacts for AMZN
2026-04-27 08:11:56,560 INFO     [pooled] Saved artefacts for BAC
2026-04-27 08:11:56,562 INFO     [pooled] Saved artefacts for BRK-B
2026-04-27 08:11:56,564 INFO     [pooled] Saved artefacts for BTC-USD
2026-04-27 08:11:56,566 INFO     [pooled] Saved artefacts for CAT
2026-04-27 08:11:56,568 INFO     [pooled] Saved artefacts for COST
2026-04-27 08:11:56,570 INFO     [pooled] Saved artefacts for CVX
2026-04-27 08:11:56,572 INFO     [pooled] Saved artefacts for DE
2026-04-27 08:11:56,574 INFO     [pooled] Saved artefacts for GOOGL
2026-04-27 08:11:56,576 INFO     [pooled] Saved artefacts for GS
2026-04-27 08:11:56,578 INFO     [pooled] Saved artefacts for HD
2026-04-27 08:11:56,580 INFO     [pooled] Saved artefacts for INTC
2026-04-27 08:11:56,582 INFO     [pooled] Saved artefacts for JNJ
2026-04-27 08:11:56,583 INFO     [pooled] Saved artefacts for JPM
2026-04-27 08:11:56,585 INFO     [pooled] Saved artefacts for LLY
2026-04-27 08:11:56,587 INFO     [pooled] Saved artefacts for MA
2026-04-27 08:11:56,589 INFO     [pooled] Saved artefacts for META
2026-04-27 08:11:56,591 INFO     [pooled] Saved artefacts for MSFT
2026-04-27 08:11:56,593 INFO     [pooled] Saved artefacts for MU
2026-04-27 08:11:56,595 INFO     [pooled] Saved artefacts for NVDA
2026-04-27 08:11:56,597 INFO     [pooled] Saved artefacts for PG
2026-04-27 08:11:56,598 INFO     [pooled] Saved artefacts for TSLA
2026-04-27 08:11:56,601 INFO     [pooled] Saved artefacts for UNH
2026-04-27 08:11:56,602 INFO     [pooled] Saved artefacts for V
2026-04-27 08:11:56,604 INFO     [pooled] Saved artefacts for XOM
2026-04-27 08:11:56,604 INFO     [pooled] Done. 28 tickers, 49.75% acc vs 49.75% baseline
2026-04-27 12:37:15,484 INFO     Leakage audit output:
[leakage_audit] wrote /Users/amos/Code/Stock Market AI Bot/logs/leakage_audit.json
[leakage_audit] all tickers passed.
2026-04-27 12:37:15,485 INFO     POOLED_TRAINING=True — training cross-sectional model on all tickers (tune_hyperparams=True)
2026-04-27 12:37:15,485 INFO     [pooled] Starting cross-sectional training on 28 tickers
2026-04-27 12:37:15,884 INFO     [pooled] Common feature set: 95 features across 28 tickers
2026-04-27 12:37:18,803 INFO     [pooled] Train rows: 4105  Calib rows: 15795  Test rows: 15688
2026-04-27 12:37:18,848 INFO     [pooled] Running nested walk-forward CV hyperparameter search (4105 train rows, 4 outer × 3 inner folds)...
2026-04-27 12:42:02,420 INFO     [pooled] Nested CV best params: {'max_depth': 4, 'min_child_weight': 3, 'reg_lambda': 5.0} (fold 3 score=0.5374)
2026-04-27 12:42:02,425 INFO     [pooled]   fold 2: score=0.4396  params={'max_depth': 6, 'min_child_weight': 3, 'reg_lambda': 10.0}
2026-04-27 12:42:02,425 INFO     [pooled]   fold 3: score=0.5374  params={'max_depth': 4, 'min_child_weight': 3, 'reg_lambda': 5.0}
2026-04-27 12:42:02,426 INFO     [pooled] Saved tuned params to /Users/amos/Code/Stock Market AI Bot/models/pooled_best_xgb_params.json
2026-04-27 12:42:03,193 INFO     [pooled] Feature pruning: 978 → 58 cols  (30 base kept of 950, 920 dropped, 28 dummies always kept)
2026-04-27 12:42:03,230 INFO     build_models: applying tuned param overrides: {'max_depth': 4, 'min_child_weight': 3, 'reg_lambda': 5.0}
2026-04-27 12:42:03,230 INFO     build_models: scale_pos_weight=0.963  (n_pos=2091, n_neg=2014)
2026-04-27 12:42:03,489 INFO     [pooled] h5 model trained on 4105 rows
2026-04-27 12:42:03,495 INFO     [pooled] Confidence threshold: 57.5 (fallback=True)
2026-04-27 12:42:03,497 INFO     [pooled] Test accuracy: 49.75%  baseline: 49.75%  threshold: 57.5%
2026-04-27 12:42:03,576 INFO     [pooled] Saved results plot /Users/amos/Code/Stock Market AI Bot/models/pooled_xgb_only_results.png
2026-04-27 12:42:03,645 INFO     [pooled] Saved per-ticker plot /Users/amos/Code/Stock Market AI Bot/models/pooled_ticker_accuracy.png
2026-04-27 12:42:03,648 INFO     [pooled] Saved h5 model to pooled_xgb_dir_h5.json
2026-04-27 12:42:03,652 INFO     [pooled] Saved artefacts for AAPL
2026-04-27 12:42:03,654 INFO     [pooled] Saved artefacts for ABBV
2026-04-27 12:42:03,656 INFO     [pooled] Saved artefacts for AMD
2026-04-27 12:42:03,658 INFO     [pooled] Saved artefacts for AMZN
2026-04-27 12:42:03,660 INFO     [pooled] Saved artefacts for BAC
2026-04-27 12:42:03,662 INFO     [pooled] Saved artefacts for BRK-B
2026-04-27 12:42:03,664 INFO     [pooled] Saved artefacts for BTC-USD
2026-04-27 12:42:03,666 INFO     [pooled] Saved artefacts for CAT
2026-04-27 12:42:03,668 INFO     [pooled] Saved artefacts for COST
2026-04-27 12:42:03,671 INFO     [pooled] Saved artefacts for CVX
2026-04-27 12:42:03,672 INFO     [pooled] Saved artefacts for DE
2026-04-27 12:42:03,674 INFO     [pooled] Saved artefacts for GOOGL
2026-04-27 12:42:03,676 INFO     [pooled] Saved artefacts for GS
2026-04-27 12:42:03,679 INFO     [pooled] Saved artefacts for HD
2026-04-27 12:42:03,681 INFO     [pooled] Saved artefacts for INTC
2026-04-27 12:42:03,683 INFO     [pooled] Saved artefacts for JNJ
2026-04-27 12:42:03,685 INFO     [pooled] Saved artefacts for JPM
2026-04-27 12:42:03,687 INFO     [pooled] Saved artefacts for LLY
2026-04-27 12:42:03,689 INFO     [pooled] Saved artefacts for MA
2026-04-27 12:42:03,691 INFO     [pooled] Saved artefacts for META
2026-04-27 12:42:03,693 INFO     [pooled] Saved artefacts for MSFT
2026-04-27 12:42:03,695 INFO     [pooled] Saved artefacts for MU
2026-04-27 12:42:03,697 INFO     [pooled] Saved artefacts for NVDA
2026-04-27 12:42:03,699 INFO     [pooled] Saved artefacts for PG
2026-04-27 12:42:03,701 INFO     [pooled] Saved artefacts for TSLA
2026-04-27 12:42:03,703 INFO     [pooled] Saved artefacts for UNH
2026-04-27 12:42:03,705 INFO     [pooled] Saved artefacts for V
2026-04-27 12:42:03,707 INFO     [pooled] Saved artefacts for XOM
2026-04-27 12:42:03,707 INFO     [pooled] Done. 28 tickers, 49.75% acc vs 49.75% baseline
2026-04-27 12:58:39,197 INFO     Leakage audit output:
[leakage_audit] wrote /Users/amos/Code/Stock Market AI Bot/logs/leakage_audit.json
[leakage_audit] all tickers passed.
2026-04-27 12:58:39,197 INFO     POOLED_TRAINING=True — training cross-sectional model on all tickers (tune_hyperparams=True)
2026-04-27 12:58:39,198 INFO     [pooled] Starting cross-sectional training on 28 tickers
2026-04-27 12:58:39,597 INFO     [pooled] Common feature set: 95 features across 28 tickers
2026-04-27 12:58:42,858 INFO     [pooled] Train rows: 4105  Calib rows: 15795  Test rows: 15688
2026-04-27 12:58:42,930 INFO     [pooled] Running nested walk-forward CV hyperparameter search (4105 train rows, 4 outer × 3 inner folds)...
2026-04-27 13:03:37,344 INFO     [pooled] Nested CV best params: {'max_depth': 6, 'min_child_weight': 3, 'reg_lambda': 5.0} (fold 3 score=0.5730)
2026-04-27 13:03:37,345 INFO     [pooled]   fold 2: score=0.4644  params={'max_depth': 6, 'min_child_weight': 10, 'reg_lambda': 1.0}
2026-04-27 13:03:37,345 INFO     [pooled]   fold 3: score=0.5730  params={'max_depth': 6, 'min_child_weight': 3, 'reg_lambda': 5.0}
2026-04-27 13:03:37,346 INFO     [pooled] Saved tuned params to /Users/amos/Code/Stock Market AI Bot/models/pooled_best_xgb_params.json
2026-04-27 13:03:38,497 INFO     [pooled] Feature pruning: 978 → 58 cols  (30 base kept of 950, 920 dropped, 28 dummies always kept)
2026-04-27 13:03:38,538 INFO     build_models: applying tuned param overrides: {'max_depth': 6, 'min_child_weight': 3, 'reg_lambda': 5.0}
2026-04-27 13:03:38,538 INFO     build_models: scale_pos_weight=0.963  (n_pos=2091, n_neg=2014)
2026-04-27 13:03:38,854 INFO     [pooled] h5 model trained on 4105 rows
2026-04-27 13:03:38,898 INFO     [pooled] Confidence threshold: 57.5 (fallback=True)
2026-04-27 13:03:38,900 INFO     [pooled] Test accuracy: 49.75%  baseline: 49.75%  threshold: 57.5%
2026-04-27 13:03:38,984 INFO     [pooled] Saved results plot /Users/amos/Code/Stock Market AI Bot/models/pooled_xgb_only_results.png
2026-04-27 13:03:39,054 INFO     [pooled] Saved per-ticker plot /Users/amos/Code/Stock Market AI Bot/models/pooled_ticker_accuracy.png
2026-04-27 13:03:39,057 INFO     [pooled] Saved h5 model to pooled_xgb_dir_h5.json
2026-04-27 13:03:39,060 INFO     [pooled] Saved artefacts for AAPL
2026-04-27 13:03:39,063 INFO     [pooled] Saved artefacts for ABBV
2026-04-27 13:03:39,065 INFO     [pooled] Saved artefacts for AMD
2026-04-27 13:03:39,068 INFO     [pooled] Saved artefacts for AMZN
2026-04-27 13:03:39,071 INFO     [pooled] Saved artefacts for BAC
2026-04-27 13:03:39,074 INFO     [pooled] Saved artefacts for BRK-B
2026-04-27 13:03:39,077 INFO     [pooled] Saved artefacts for BTC-USD
2026-04-27 13:03:39,080 INFO     [pooled] Saved artefacts for CAT
2026-04-27 13:03:39,083 INFO     [pooled] Saved artefacts for COST
2026-04-27 13:03:39,085 INFO     [pooled] Saved artefacts for CVX
2026-04-27 13:03:39,088 INFO     [pooled] Saved artefacts for DE
2026-04-27 13:03:39,091 INFO     [pooled] Saved artefacts for GOOGL
2026-04-27 13:03:39,093 INFO     [pooled] Saved artefacts for GS
2026-04-27 13:03:39,096 INFO     [pooled] Saved artefacts for HD
2026-04-27 13:03:39,099 INFO     [pooled] Saved artefacts for INTC
2026-04-27 13:03:39,102 INFO     [pooled] Saved artefacts for JNJ
2026-04-27 13:03:39,104 INFO     [pooled] Saved artefacts for JPM
2026-04-27 13:03:39,107 INFO     [pooled] Saved artefacts for LLY
2026-04-27 13:03:39,111 INFO     [pooled] Saved artefacts for MA
2026-04-27 13:03:39,114 INFO     [pooled] Saved artefacts for META
2026-04-27 13:03:39,116 INFO     [pooled] Saved artefacts for MSFT
2026-04-27 13:03:39,120 INFO     [pooled] Saved artefacts for MU
2026-04-27 13:03:39,123 INFO     [pooled] Saved artefacts for NVDA
2026-04-27 13:03:39,126 INFO     [pooled] Saved artefacts for PG
2026-04-27 13:03:39,129 INFO     [pooled] Saved artefacts for TSLA
2026-04-27 13:03:39,131 INFO     [pooled] Saved artefacts for UNH
2026-04-27 13:03:39,134 INFO     [pooled] Saved artefacts for V
2026-04-27 13:03:39,137 INFO     [pooled] Saved artefacts for XOM
2026-04-27 13:03:39,137 INFO     [pooled] Done. 28 tickers, 49.75% acc vs 49.75% baseline
2026-04-27 13:10:42,347 INFO     Leakage audit output:
[leakage_audit] wrote /Users/amos/Code/Stock Market AI Bot/logs/leakage_audit.json
[leakage_audit] all tickers passed.
2026-04-27 13:10:42,348 INFO     POOLED_TRAINING=True — training cross-sectional model on all tickers (tune_hyperparams=True)
2026-04-27 13:10:42,348 INFO     [pooled] Starting cross-sectional training on 28 tickers
2026-04-27 13:10:42,710 INFO     [pooled] Common feature set: 95 features across 28 tickers
2026-04-27 13:10:45,746 INFO     [pooled] Train rows: 4105  Calib rows: 15795  Test rows: 15688
2026-04-27 13:10:45,793 INFO     [pooled] Running nested walk-forward CV hyperparameter search (4105 train rows, 4 outer × 3 inner folds)...
2026-04-27 13:17:32,627 INFO     [pooled] Nested CV best params (avg of 2 folds, mean AUC=0.5237): {'max_depth': 6, 'min_child_weight': 3, 'reg_lambda': 5.0}
2026-04-27 13:17:32,632 INFO     [pooled]   fold 2: score=0.4525  params={'max_depth': 4, 'min_child_weight': 3, 'reg_lambda': 1.0}
2026-04-27 13:17:32,632 INFO     [pooled]   fold 2: score=0.4627  params={'max_depth': 4, 'min_child_weight': 3, 'reg_lambda': 5.0}
2026-04-27 13:17:32,632 INFO     [pooled]   fold 2: score=0.4581  params={'max_depth': 4, 'min_child_weight': 3, 'reg_lambda': 10.0}
2026-04-27 13:17:32,632 INFO     [pooled]   fold 2: score=0.4600  params={'max_depth': 4, 'min_child_weight': 5, 'reg_lambda': 1.0}
2026-04-27 13:17:32,632 INFO     [pooled]   fold 2: score=0.4508  params={'max_depth': 4, 'min_child_weight': 5, 'reg_lambda': 5.0}
2026-04-27 13:17:32,632 INFO     [pooled]   fold 2: score=0.4539  params={'max_depth': 4, 'min_child_weight': 5, 'reg_lambda': 10.0}
2026-04-27 13:17:32,632 INFO     [pooled]   fold 2: score=0.4640  params={'max_depth': 4, 'min_child_weight': 10, 'reg_lambda': 1.0}
2026-04-27 13:17:32,632 INFO     [pooled]   fold 2: score=0.4470  params={'max_depth': 4, 'min_child_weight': 10, 'reg_lambda': 5.0}
2026-04-27 13:17:32,633 INFO     [pooled]   fold 2: score=0.4461  params={'max_depth': 4, 'min_child_weight': 10, 'reg_lambda': 10.0}
2026-04-27 13:17:32,633 INFO     [pooled]   fold 2: score=0.4731  params={'max_depth': 5, 'min_child_weight': 3, 'reg_lambda': 1.0}
2026-04-27 13:17:32,633 INFO     [pooled]   fold 2: score=0.4615  params={'max_depth': 5, 'min_child_weight': 3, 'reg_lambda': 5.0}
2026-04-27 13:17:32,633 INFO     [pooled]   fold 2: score=0.4578  params={'max_depth': 5, 'min_child_weight': 3, 'reg_lambda': 10.0}
2026-04-27 13:17:32,633 INFO     [pooled]   fold 2: score=0.4454  params={'max_depth': 5, 'min_child_weight': 5, 'reg_lambda': 1.0}
2026-04-27 13:17:32,633 INFO     [pooled]   fold 2: score=0.4483  params={'max_depth': 5, 'min_child_weight': 5, 'reg_lambda': 5.0}
2026-04-27 13:17:32,633 INFO     [pooled]   fold 2: score=0.4433  params={'max_depth': 5, 'min_child_weight': 5, 'reg_lambda': 10.0}
2026-04-27 13:17:32,633 INFO     [pooled]   fold 2: score=0.4517  params={'max_depth': 5, 'min_child_weight': 10, 'reg_lambda': 1.0}
2026-04-27 13:17:32,633 INFO     [pooled]   fold 2: score=0.4583  params={'max_depth': 5, 'min_child_weight': 10, 'reg_lambda': 5.0}
2026-04-27 13:17:32,633 INFO     [pooled]   fold 2: score=0.4497  params={'max_depth': 5, 'min_child_weight': 10, 'reg_lambda': 10.0}
2026-04-27 13:17:32,633 INFO     [pooled]   fold 2: score=0.4591  params={'max_depth': 6, 'min_child_weight': 3, 'reg_lambda': 1.0}
2026-04-27 13:17:32,633 INFO     [pooled]   fold 2: score=0.4745  params={'max_depth': 6, 'min_child_weight': 3, 'reg_lambda': 5.0}
2026-04-27 13:17:32,633 INFO     [pooled]   fold 2: score=0.4442  params={'max_depth': 6, 'min_child_weight': 3, 'reg_lambda': 10.0}
2026-04-27 13:17:32,633 INFO     [pooled]   fold 2: score=0.4673  params={'max_depth': 6, 'min_child_weight': 5, 'reg_lambda': 1.0}
2026-04-27 13:17:32,633 INFO     [pooled]   fold 2: score=0.4566  params={'max_depth': 6, 'min_child_weight': 5, 'reg_lambda': 5.0}
2026-04-27 13:17:32,633 INFO     [pooled]   fold 2: score=0.4651  params={'max_depth': 6, 'min_child_weight': 5, 'reg_lambda': 10.0}
2026-04-27 13:17:32,633 INFO     [pooled]   fold 2: score=0.4644  params={'max_depth': 6, 'min_child_weight': 10, 'reg_lambda': 1.0}
2026-04-27 13:17:32,633 INFO     [pooled]   fold 2: score=0.4562  params={'max_depth': 6, 'min_child_weight': 10, 'reg_lambda': 5.0}
2026-04-27 13:17:32,633 INFO     [pooled]   fold 2: score=0.4396  params={'max_depth': 6, 'min_child_weight': 10, 'reg_lambda': 10.0}
2026-04-27 13:17:32,633 INFO     [pooled]   fold 3: score=0.5402  params={'max_depth': 4, 'min_child_weight': 3, 'reg_lambda': 1.0}
2026-04-27 13:17:32,633 INFO     [pooled]   fold 3: score=0.5429  params={'max_depth': 4, 'min_child_weight': 3, 'reg_lambda': 5.0}
2026-04-27 13:17:32,633 INFO     [pooled]   fold 3: score=0.5423  params={'max_depth': 4, 'min_child_weight': 3, 'reg_lambda': 10.0}
2026-04-27 13:17:32,633 INFO     [pooled]   fold 3: score=0.5136  params={'max_depth': 4, 'min_child_weight': 5, 'reg_lambda': 1.0}
2026-04-27 13:17:32,633 INFO     [pooled]   fold 3: score=0.5453  params={'max_depth': 4, 'min_child_weight': 5, 'reg_lambda': 5.0}
2026-04-27 13:17:32,633 INFO     [pooled]   fold 3: score=0.5385  params={'max_depth': 4, 'min_child_weight': 5, 'reg_lambda': 10.0}
2026-04-27 13:17:32,633 INFO     [pooled]   fold 3: score=0.5280  params={'max_depth': 4, 'min_child_weight': 10, 'reg_lambda': 1.0}
2026-04-27 13:17:32,633 INFO     [pooled]   fold 3: score=0.5453  params={'max_depth': 4, 'min_child_weight': 10, 'reg_lambda': 5.0}
2026-04-27 13:17:32,633 INFO     [pooled]   fold 3: score=0.5497  params={'max_depth': 4, 'min_child_weight': 10, 'reg_lambda': 10.0}
2026-04-27 13:17:32,633 INFO     [pooled]   fold 3: score=0.5519  params={'max_depth': 5, 'min_child_weight': 3, 'reg_lambda': 1.0}
2026-04-27 13:17:32,633 INFO     [pooled]   fold 3: score=0.5632  params={'max_depth': 5, 'min_child_weight': 3, 'reg_lambda': 5.0}
2026-04-27 13:17:32,633 INFO     [pooled]   fold 3: score=0.5624  params={'max_depth': 5, 'min_child_weight': 3, 'reg_lambda': 10.0}
2026-04-27 13:17:32,633 INFO     [pooled]   fold 3: score=0.5264  params={'max_depth': 5, 'min_child_weight': 5, 'reg_lambda': 1.0}
2026-04-27 13:17:32,633 INFO     [pooled]   fold 3: score=0.5543  params={'max_depth': 5, 'min_child_weight': 5, 'reg_lambda': 5.0}
2026-04-27 13:17:32,633 INFO     [pooled]   fold 3: score=0.5546  params={'max_depth': 5, 'min_child_weight': 5, 'reg_lambda': 10.0}
2026-04-27 13:17:32,633 INFO     [pooled]   fold 3: score=0.5554  params={'max_depth': 5, 'min_child_weight': 10, 'reg_lambda': 1.0}
2026-04-27 13:17:32,633 INFO     [pooled]   fold 3: score=0.5691  params={'max_depth': 5, 'min_child_weight': 10, 'reg_lambda': 5.0}
2026-04-27 13:17:32,633 INFO     [pooled]   fold 3: score=0.5599  params={'max_depth': 5, 'min_child_weight': 10, 'reg_lambda': 10.0}
2026-04-27 13:17:32,633 INFO     [pooled]   fold 3: score=0.5595  params={'max_depth': 6, 'min_child_weight': 3, 'reg_lambda': 1.0}
2026-04-27 13:17:32,633 INFO     [pooled]   fold 3: score=0.5730  params={'max_depth': 6, 'min_child_weight': 3, 'reg_lambda': 5.0}
2026-04-27 13:17:32,633 INFO     [pooled]   fold 3: score=0.5607  params={'max_depth': 6, 'min_child_weight': 3, 'reg_lambda': 10.0}
2026-04-27 13:17:32,633 INFO     [pooled]   fold 3: score=0.5516  params={'max_depth': 6, 'min_child_weight': 5, 'reg_lambda': 1.0}
2026-04-27 13:17:32,633 INFO     [pooled]   fold 3: score=0.5667  params={'max_depth': 6, 'min_child_weight': 5, 'reg_lambda': 5.0}
2026-04-27 13:17:32,633 INFO     [pooled]   fold 3: score=0.5717  params={'max_depth': 6, 'min_child_weight': 5, 'reg_lambda': 10.0}
2026-04-27 13:17:32,633 INFO     [pooled]   fold 3: score=0.5449  params={'max_depth': 6, 'min_child_weight': 10, 'reg_lambda': 1.0}
2026-04-27 13:17:32,633 INFO     [pooled]   fold 3: score=0.5568  params={'max_depth': 6, 'min_child_weight': 10, 'reg_lambda': 5.0}
2026-04-27 13:17:32,633 INFO     [pooled]   fold 3: score=0.5586  params={'max_depth': 6, 'min_child_weight': 10, 'reg_lambda': 10.0}
2026-04-27 13:17:32,634 INFO     [pooled] Saved tuned params to /Users/amos/Code/Stock Market AI Bot/models/pooled_best_xgb_params.json
2026-04-27 13:17:33,684 INFO     [pooled] Feature pruning: 978 → 58 cols  (30 base kept of 950, 920 dropped, 28 dummies always kept)
2026-04-27 13:17:33,720 INFO     build_models: applying tuned param overrides: {'max_depth': 6, 'min_child_weight': 3, 'reg_lambda': 5.0}
2026-04-27 13:17:33,720 INFO     build_models: class balance via sample_weight  (n_pos=2091, n_neg=2014, w_pos=0.963)
2026-04-27 13:17:34,054 INFO     [pooled] h5 model trained on 4105 rows
2026-04-27 13:17:34,060 INFO     [pooled] Confidence threshold: 57.5 (fallback=True)
2026-04-27 13:17:34,062 INFO     [pooled] Test accuracy: 49.75%  baseline: 49.75%  threshold: 57.5%
2026-04-27 13:17:34,141 INFO     [pooled] Saved results plot /Users/amos/Code/Stock Market AI Bot/models/pooled_xgb_only_results.png
2026-04-27 13:17:34,209 INFO     [pooled] Saved per-ticker plot /Users/amos/Code/Stock Market AI Bot/models/pooled_ticker_accuracy.png
2026-04-27 13:17:34,212 INFO     [pooled] Saved h5 model to pooled_xgb_dir_h5.json
2026-04-27 13:17:34,215 INFO     [pooled] Saved artefacts for AAPL
2026-04-27 13:17:34,218 INFO     [pooled] Saved artefacts for ABBV
2026-04-27 13:17:34,221 INFO     [pooled] Saved artefacts for AMD
2026-04-27 13:17:34,224 INFO     [pooled] Saved artefacts for AMZN
2026-04-27 13:17:34,227 INFO     [pooled] Saved artefacts for BAC
2026-04-27 13:17:34,229 INFO     [pooled] Saved artefacts for BRK-B
2026-04-27 13:17:34,232 INFO     [pooled] Saved artefacts for BTC-USD
2026-04-27 13:17:34,235 INFO     [pooled] Saved artefacts for CAT
2026-04-27 13:17:34,237 INFO     [pooled] Saved artefacts for COST
2026-04-27 13:17:34,240 INFO     [pooled] Saved artefacts for CVX
2026-04-27 13:17:34,242 INFO     [pooled] Saved artefacts for DE
2026-04-27 13:17:34,244 INFO     [pooled] Saved artefacts for GOOGL
2026-04-27 13:17:34,247 INFO     [pooled] Saved artefacts for GS
2026-04-27 13:17:34,249 INFO     [pooled] Saved artefacts for HD
2026-04-27 13:17:34,251 INFO     [pooled] Saved artefacts for INTC
2026-04-27 13:17:34,254 INFO     [pooled] Saved artefacts for JNJ
2026-04-27 13:17:34,256 INFO     [pooled] Saved artefacts for JPM
2026-04-27 13:17:34,258 INFO     [pooled] Saved artefacts for LLY
2026-04-27 13:17:34,261 INFO     [pooled] Saved artefacts for MA
2026-04-27 13:17:34,263 INFO     [pooled] Saved artefacts for META
2026-04-27 13:17:34,265 INFO     [pooled] Saved artefacts for MSFT
2026-04-27 13:17:34,268 INFO     [pooled] Saved artefacts for MU
2026-04-27 13:17:34,270 INFO     [pooled] Saved artefacts for NVDA
2026-04-27 13:17:34,273 INFO     [pooled] Saved artefacts for PG
2026-04-27 13:17:34,275 INFO     [pooled] Saved artefacts for TSLA
2026-04-27 13:17:34,278 INFO     [pooled] Saved artefacts for UNH
2026-04-27 13:17:34,280 INFO     [pooled] Saved artefacts for V
2026-04-27 13:17:34,282 INFO     [pooled] Saved artefacts for XOM
2026-04-27 13:17:34,282 INFO     [pooled] Done. 28 tickers, 49.75% acc vs 49.75% baseline
2026-04-27 13:28:19,644 INFO     Leakage audit output:
[leakage_audit] wrote /Users/amos/Code/Stock Market AI Bot/logs/leakage_audit.json
[leakage_audit] all tickers passed.
2026-04-27 13:28:19,645 INFO     POOLED_TRAINING=True — training cross-sectional model on all tickers (tune_hyperparams=True)
2026-04-27 13:28:19,645 INFO     [pooled] Starting cross-sectional training on 28 tickers
2026-04-27 13:28:20,015 INFO     [pooled] Common feature set: 95 features across 28 tickers
2026-04-27 13:28:22,885 INFO     [pooled] Train rows: 4105  Calib rows: 15795  Test rows: 15688
2026-04-27 13:28:22,940 INFO     [pooled] Running nested walk-forward CV hyperparameter search (4105 train rows, 4 outer × 3 inner folds)...
2026-04-27 13:35:09,985 INFO     [pooled] Nested CV best params (avg of 2 folds, mean AUC=0.5237): {'max_depth': 6, 'min_child_weight': 3, 'reg_lambda': 5.0}
2026-04-27 13:35:09,986 INFO     [pooled]   fold 2: score=0.4525  params={'max_depth': 4, 'min_child_weight': 3, 'reg_lambda': 1.0}
2026-04-27 13:35:09,986 INFO     [pooled]   fold 2: score=0.4627  params={'max_depth': 4, 'min_child_weight': 3, 'reg_lambda': 5.0}
2026-04-27 13:35:09,986 INFO     [pooled]   fold 2: score=0.4581  params={'max_depth': 4, 'min_child_weight': 3, 'reg_lambda': 10.0}
2026-04-27 13:35:09,986 INFO     [pooled]   fold 2: score=0.4600  params={'max_depth': 4, 'min_child_weight': 5, 'reg_lambda': 1.0}
2026-04-27 13:35:09,986 INFO     [pooled]   fold 2: score=0.4508  params={'max_depth': 4, 'min_child_weight': 5, 'reg_lambda': 5.0}
2026-04-27 13:35:09,986 INFO     [pooled]   fold 2: score=0.4539  params={'max_depth': 4, 'min_child_weight': 5, 'reg_lambda': 10.0}
2026-04-27 13:35:09,986 INFO     [pooled]   fold 2: score=0.4640  params={'max_depth': 4, 'min_child_weight': 10, 'reg_lambda': 1.0}
2026-04-27 13:35:09,986 INFO     [pooled]   fold 2: score=0.4470  params={'max_depth': 4, 'min_child_weight': 10, 'reg_lambda': 5.0}
2026-04-27 13:35:09,986 INFO     [pooled]   fold 2: score=0.4461  params={'max_depth': 4, 'min_child_weight': 10, 'reg_lambda': 10.0}
2026-04-27 13:35:09,986 INFO     [pooled]   fold 2: score=0.4731  params={'max_depth': 5, 'min_child_weight': 3, 'reg_lambda': 1.0}
2026-04-27 13:35:09,986 INFO     [pooled]   fold 2: score=0.4615  params={'max_depth': 5, 'min_child_weight': 3, 'reg_lambda': 5.0}
2026-04-27 13:35:09,986 INFO     [pooled]   fold 2: score=0.4578  params={'max_depth': 5, 'min_child_weight': 3, 'reg_lambda': 10.0}
2026-04-27 13:35:09,986 INFO     [pooled]   fold 2: score=0.4454  params={'max_depth': 5, 'min_child_weight': 5, 'reg_lambda': 1.0}
2026-04-27 13:35:09,986 INFO     [pooled]   fold 2: score=0.4483  params={'max_depth': 5, 'min_child_weight': 5, 'reg_lambda': 5.0}
2026-04-27 13:35:09,986 INFO     [pooled]   fold 2: score=0.4433  params={'max_depth': 5, 'min_child_weight': 5, 'reg_lambda': 10.0}
2026-04-27 13:35:09,986 INFO     [pooled]   fold 2: score=0.4517  params={'max_depth': 5, 'min_child_weight': 10, 'reg_lambda': 1.0}
2026-04-27 13:35:09,986 INFO     [pooled]   fold 2: score=0.4583  params={'max_depth': 5, 'min_child_weight': 10, 'reg_lambda': 5.0}
2026-04-27 13:35:09,986 INFO     [pooled]   fold 2: score=0.4497  params={'max_depth': 5, 'min_child_weight': 10, 'reg_lambda': 10.0}
2026-04-27 13:35:09,986 INFO     [pooled]   fold 2: score=0.4591  params={'max_depth': 6, 'min_child_weight': 3, 'reg_lambda': 1.0}
2026-04-27 13:35:09,986 INFO     [pooled]   fold 2: score=0.4745  params={'max_depth': 6, 'min_child_weight': 3, 'reg_lambda': 5.0}
2026-04-27 13:35:09,986 INFO     [pooled]   fold 2: score=0.4442  params={'max_depth': 6, 'min_child_weight': 3, 'reg_lambda': 10.0}
2026-04-27 13:35:09,986 INFO     [pooled]   fold 2: score=0.4673  params={'max_depth': 6, 'min_child_weight': 5, 'reg_lambda': 1.0}
2026-04-27 13:35:09,986 INFO     [pooled]   fold 2: score=0.4566  params={'max_depth': 6, 'min_child_weight': 5, 'reg_lambda': 5.0}
2026-04-27 13:35:09,986 INFO     [pooled]   fold 2: score=0.4651  params={'max_depth': 6, 'min_child_weight': 5, 'reg_lambda': 10.0}
2026-04-27 13:35:09,986 INFO     [pooled]   fold 2: score=0.4644  params={'max_depth': 6, 'min_child_weight': 10, 'reg_lambda': 1.0}
2026-04-27 13:35:09,986 INFO     [pooled]   fold 2: score=0.4562  params={'max_depth': 6, 'min_child_weight': 10, 'reg_lambda': 5.0}
2026-04-27 13:35:09,986 INFO     [pooled]   fold 2: score=0.4396  params={'max_depth': 6, 'min_child_weight': 10, 'reg_lambda': 10.0}
2026-04-27 13:35:09,986 INFO     [pooled]   fold 3: score=0.5402  params={'max_depth': 4, 'min_child_weight': 3, 'reg_lambda': 1.0}
2026-04-27 13:35:09,986 INFO     [pooled]   fold 3: score=0.5429  params={'max_depth': 4, 'min_child_weight': 3, 'reg_lambda': 5.0}
2026-04-27 13:35:09,986 INFO     [pooled]   fold 3: score=0.5423  params={'max_depth': 4, 'min_child_weight': 3, 'reg_lambda': 10.0}
2026-04-27 13:35:09,986 INFO     [pooled]   fold 3: score=0.5136  params={'max_depth': 4, 'min_child_weight': 5, 'reg_lambda': 1.0}
2026-04-27 13:35:09,986 INFO     [pooled]   fold 3: score=0.5453  params={'max_depth': 4, 'min_child_weight': 5, 'reg_lambda': 5.0}
2026-04-27 13:35:09,987 INFO     [pooled]   fold 3: score=0.5385  params={'max_depth': 4, 'min_child_weight': 5, 'reg_lambda': 10.0}
2026-04-27 13:35:09,987 INFO     [pooled]   fold 3: score=0.5280  params={'max_depth': 4, 'min_child_weight': 10, 'reg_lambda': 1.0}
2026-04-27 13:35:09,987 INFO     [pooled]   fold 3: score=0.5453  params={'max_depth': 4, 'min_child_weight': 10, 'reg_lambda': 5.0}
2026-04-27 13:35:09,987 INFO     [pooled]   fold 3: score=0.5497  params={'max_depth': 4, 'min_child_weight': 10, 'reg_lambda': 10.0}
2026-04-27 13:35:09,987 INFO     [pooled]   fold 3: score=0.5519  params={'max_depth': 5, 'min_child_weight': 3, 'reg_lambda': 1.0}
2026-04-27 13:35:09,987 INFO     [pooled]   fold 3: score=0.5632  params={'max_depth': 5, 'min_child_weight': 3, 'reg_lambda': 5.0}
2026-04-27 13:35:09,987 INFO     [pooled]   fold 3: score=0.5624  params={'max_depth': 5, 'min_child_weight': 3, 'reg_lambda': 10.0}
2026-04-27 13:35:09,987 INFO     [pooled]   fold 3: score=0.5264  params={'max_depth': 5, 'min_child_weight': 5, 'reg_lambda': 1.0}
2026-04-27 13:35:09,987 INFO     [pooled]   fold 3: score=0.5543  params={'max_depth': 5, 'min_child_weight': 5, 'reg_lambda': 5.0}
2026-04-27 13:35:09,987 INFO     [pooled]   fold 3: score=0.5546  params={'max_depth': 5, 'min_child_weight': 5, 'reg_lambda': 10.0}
2026-04-27 13:35:09,987 INFO     [pooled]   fold 3: score=0.5554  params={'max_depth': 5, 'min_child_weight': 10, 'reg_lambda': 1.0}
2026-04-27 13:35:09,987 INFO     [pooled]   fold 3: score=0.5691  params={'max_depth': 5, 'min_child_weight': 10, 'reg_lambda': 5.0}
2026-04-27 13:35:09,987 INFO     [pooled]   fold 3: score=0.5599  params={'max_depth': 5, 'min_child_weight': 10, 'reg_lambda': 10.0}
2026-04-27 13:35:09,987 INFO     [pooled]   fold 3: score=0.5595  params={'max_depth': 6, 'min_child_weight': 3, 'reg_lambda': 1.0}
2026-04-27 13:35:09,987 INFO     [pooled]   fold 3: score=0.5730  params={'max_depth': 6, 'min_child_weight': 3, 'reg_lambda': 5.0}
2026-04-27 13:35:09,987 INFO     [pooled]   fold 3: score=0.5607  params={'max_depth': 6, 'min_child_weight': 3, 'reg_lambda': 10.0}
2026-04-27 13:35:09,987 INFO     [pooled]   fold 3: score=0.5516  params={'max_depth': 6, 'min_child_weight': 5, 'reg_lambda': 1.0}
2026-04-27 13:35:09,987 INFO     [pooled]   fold 3: score=0.5667  params={'max_depth': 6, 'min_child_weight': 5, 'reg_lambda': 5.0}
2026-04-27 13:35:09,987 INFO     [pooled]   fold 3: score=0.5717  params={'max_depth': 6, 'min_child_weight': 5, 'reg_lambda': 10.0}
2026-04-27 13:35:09,987 INFO     [pooled]   fold 3: score=0.5449  params={'max_depth': 6, 'min_child_weight': 10, 'reg_lambda': 1.0}
2026-04-27 13:35:09,987 INFO     [pooled]   fold 3: score=0.5568  params={'max_depth': 6, 'min_child_weight': 10, 'reg_lambda': 5.0}
2026-04-27 13:35:09,987 INFO     [pooled]   fold 3: score=0.5586  params={'max_depth': 6, 'min_child_weight': 10, 'reg_lambda': 10.0}
2026-04-27 13:35:09,993 INFO     [pooled] Saved tuned params to /Users/amos/Code/Stock Market AI Bot/models/pooled_best_xgb_params.json
2026-04-27 13:35:11,072 INFO     [pooled] Feature pruning: 978 → 58 cols  (30 base kept of 950, 920 dropped, 28 dummies always kept)
2026-04-27 13:35:11,115 INFO     build_models: applying tuned param overrides: {'max_depth': 6, 'min_child_weight': 3, 'reg_lambda': 5.0}
2026-04-27 13:35:11,116 INFO     build_models: class balance via sample_weight  (n_pos=2091, n_neg=2014, w_pos=0.963)
2026-04-27 13:35:11,417 INFO     [pooled] h5 class balance: n_pos=2277  n_neg=1828  w_pos=0.803
2026-04-27 13:35:11,456 INFO     [pooled] h5 model trained on 4105 rows
2026-04-27 13:35:11,466 INFO     [pooled] Confidence threshold: 57.5 (fallback=True)
2026-04-27 13:35:11,468 INFO     [pooled] Test accuracy: 49.82%  baseline: 49.75%  threshold: 57.5%
2026-04-27 13:35:11,549 INFO     [pooled] Saved results plot /Users/amos/Code/Stock Market AI Bot/models/pooled_xgb_only_results.png
2026-04-27 13:35:11,616 INFO     [pooled] Saved per-ticker plot /Users/amos/Code/Stock Market AI Bot/models/pooled_ticker_accuracy.png
2026-04-27 13:35:11,620 INFO     [pooled] Saved h5 model to pooled_xgb_dir_h5.json
2026-04-27 13:35:11,623 INFO     [pooled] Saved artefacts for AAPL
2026-04-27 13:35:11,625 INFO     [pooled] Saved artefacts for ABBV
2026-04-27 13:35:11,628 INFO     [pooled] Saved artefacts for AMD
2026-04-27 13:35:11,630 INFO     [pooled] Saved artefacts for AMZN
2026-04-27 13:35:11,632 INFO     [pooled] Saved artefacts for BAC
2026-04-27 13:35:11,635 INFO     [pooled] Saved artefacts for BRK-B
2026-04-27 13:35:11,638 INFO     [pooled] Saved artefacts for BTC-USD
2026-04-27 13:35:11,640 INFO     [pooled] Saved artefacts for CAT
2026-04-27 13:35:11,643 INFO     [pooled] Saved artefacts for COST
2026-04-27 13:35:11,646 INFO     [pooled] Saved artefacts for CVX
2026-04-27 13:35:11,648 INFO     [pooled] Saved artefacts for DE
2026-04-27 13:35:11,650 INFO     [pooled] Saved artefacts for GOOGL
2026-04-27 13:35:11,653 INFO     [pooled] Saved artefacts for GS
2026-04-27 13:35:11,656 INFO     [pooled] Saved artefacts for HD
2026-04-27 13:35:11,658 INFO     [pooled] Saved artefacts for INTC
2026-04-27 13:35:11,661 INFO     [pooled] Saved artefacts for JNJ
2026-04-27 13:35:11,663 INFO     [pooled] Saved artefacts for JPM
2026-04-27 13:35:11,665 INFO     [pooled] Saved artefacts for LLY
2026-04-27 13:35:11,667 INFO     [pooled] Saved artefacts for MA
2026-04-27 13:35:11,670 INFO     [pooled] Saved artefacts for META
2026-04-27 13:35:11,672 INFO     [pooled] Saved artefacts for MSFT
2026-04-27 13:35:11,675 INFO     [pooled] Saved artefacts for MU
2026-04-27 13:35:11,677 INFO     [pooled] Saved artefacts for NVDA
2026-04-27 13:35:11,679 INFO     [pooled] Saved artefacts for PG
2026-04-27 13:35:11,681 INFO     [pooled] Saved artefacts for TSLA
2026-04-27 13:35:11,684 INFO     [pooled] Saved artefacts for UNH
2026-04-27 13:35:11,686 INFO     [pooled] Saved artefacts for V
2026-04-27 13:35:11,688 INFO     [pooled] Saved artefacts for XOM
2026-04-27 13:35:11,688 INFO     [pooled] Done. 28 tickers, 49.82% acc vs 49.75% baseline
2026-04-27 13:35:27,737 INFO     Leakage audit output:
[leakage_audit] wrote /Users/amos/Code/Stock Market AI Bot/logs/leakage_audit.json
[leakage_audit] all tickers passed.
2026-04-27 13:35:27,737 INFO     POOLED_TRAINING=True — training cross-sectional model on all tickers (tune_hyperparams=True)
2026-04-27 13:35:27,738 INFO     [pooled] Starting cross-sectional training on 28 tickers
2026-04-27 13:35:28,128 INFO     [pooled] Common feature set: 95 features across 28 tickers
2026-04-27 13:35:30,897 INFO     [pooled] Train rows: 4105  Calib rows: 15795  Test rows: 15688
2026-04-27 13:35:30,952 INFO     [pooled] Running nested walk-forward CV hyperparameter search (4105 train rows, 4 outer × 3 inner folds)...
2026-04-27 13:42:23,828 INFO     [pooled] Nested CV best params (avg of 2 folds, mean AUC=0.5237): {'max_depth': 6, 'min_child_weight': 3, 'reg_lambda': 5.0}
2026-04-27 13:42:23,832 INFO     [pooled]   fold 2: score=0.4525  params={'max_depth': 4, 'min_child_weight': 3, 'reg_lambda': 1.0}
2026-04-27 13:42:23,832 INFO     [pooled]   fold 2: score=0.4627  params={'max_depth': 4, 'min_child_weight': 3, 'reg_lambda': 5.0}
2026-04-27 13:42:23,832 INFO     [pooled]   fold 2: score=0.4581  params={'max_depth': 4, 'min_child_weight': 3, 'reg_lambda': 10.0}
2026-04-27 13:42:23,832 INFO     [pooled]   fold 2: score=0.4600  params={'max_depth': 4, 'min_child_weight': 5, 'reg_lambda': 1.0}
2026-04-27 13:42:23,832 INFO     [pooled]   fold 2: score=0.4508  params={'max_depth': 4, 'min_child_weight': 5, 'reg_lambda': 5.0}
2026-04-27 13:42:23,832 INFO     [pooled]   fold 2: score=0.4539  params={'max_depth': 4, 'min_child_weight': 5, 'reg_lambda': 10.0}
2026-04-27 13:42:23,832 INFO     [pooled]   fold 2: score=0.4640  params={'max_depth': 4, 'min_child_weight': 10, 'reg_lambda': 1.0}
2026-04-27 13:42:23,832 INFO     [pooled]   fold 2: score=0.4470  params={'max_depth': 4, 'min_child_weight': 10, 'reg_lambda': 5.0}
2026-04-27 13:42:23,832 INFO     [pooled]   fold 2: score=0.4461  params={'max_depth': 4, 'min_child_weight': 10, 'reg_lambda': 10.0}
2026-04-27 13:42:23,832 INFO     [pooled]   fold 2: score=0.4731  params={'max_depth': 5, 'min_child_weight': 3, 'reg_lambda': 1.0}
2026-04-27 13:42:23,832 INFO     [pooled]   fold 2: score=0.4615  params={'max_depth': 5, 'min_child_weight': 3, 'reg_lambda': 5.0}
2026-04-27 13:42:23,832 INFO     [pooled]   fold 2: score=0.4578  params={'max_depth': 5, 'min_child_weight': 3, 'reg_lambda': 10.0}
2026-04-27 13:42:23,832 INFO     [pooled]   fold 2: score=0.4454  params={'max_depth': 5, 'min_child_weight': 5, 'reg_lambda': 1.0}
2026-04-27 13:42:23,832 INFO     [pooled]   fold 2: score=0.4483  params={'max_depth': 5, 'min_child_weight': 5, 'reg_lambda': 5.0}
2026-04-27 13:42:23,832 INFO     [pooled]   fold 2: score=0.4433  params={'max_depth': 5, 'min_child_weight': 5, 'reg_lambda': 10.0}
2026-04-27 13:42:23,832 INFO     [pooled]   fold 2: score=0.4517  params={'max_depth': 5, 'min_child_weight': 10, 'reg_lambda': 1.0}
2026-04-27 13:42:23,832 INFO     [pooled]   fold 2: score=0.4583  params={'max_depth': 5, 'min_child_weight': 10, 'reg_lambda': 5.0}
2026-04-27 13:42:23,832 INFO     [pooled]   fold 2: score=0.4497  params={'max_depth': 5, 'min_child_weight': 10, 'reg_lambda': 10.0}
2026-04-27 13:42:23,832 INFO     [pooled]   fold 2: score=0.4591  params={'max_depth': 6, 'min_child_weight': 3, 'reg_lambda': 1.0}
2026-04-27 13:42:23,832 INFO     [pooled]   fold 2: score=0.4745  params={'max_depth': 6, 'min_child_weight': 3, 'reg_lambda': 5.0}
2026-04-27 13:42:23,832 INFO     [pooled]   fold 2: score=0.4442  params={'max_depth': 6, 'min_child_weight': 3, 'reg_lambda': 10.0}
2026-04-27 13:42:23,832 INFO     [pooled]   fold 2: score=0.4673  params={'max_depth': 6, 'min_child_weight': 5, 'reg_lambda': 1.0}
2026-04-27 13:42:23,832 INFO     [pooled]   fold 2: score=0.4566  params={'max_depth': 6, 'min_child_weight': 5, 'reg_lambda': 5.0}
2026-04-27 13:42:23,832 INFO     [pooled]   fold 2: score=0.4651  params={'max_depth': 6, 'min_child_weight': 5, 'reg_lambda': 10.0}
2026-04-27 13:42:23,832 INFO     [pooled]   fold 2: score=0.4644  params={'max_depth': 6, 'min_child_weight': 10, 'reg_lambda': 1.0}
2026-04-27 13:42:23,832 INFO     [pooled]   fold 2: score=0.4562  params={'max_depth': 6, 'min_child_weight': 10, 'reg_lambda': 5.0}
2026-04-27 13:42:23,832 INFO     [pooled]   fold 2: score=0.4396  params={'max_depth': 6, 'min_child_weight': 10, 'reg_lambda': 10.0}
2026-04-27 13:42:23,832 INFO     [pooled]   fold 3: score=0.5402  params={'max_depth': 4, 'min_child_weight': 3, 'reg_lambda': 1.0}
2026-04-27 13:42:23,832 INFO     [pooled]   fold 3: score=0.5429  params={'max_depth': 4, 'min_child_weight': 3, 'reg_lambda': 5.0}
2026-04-27 13:42:23,832 INFO     [pooled]   fold 3: score=0.5423  params={'max_depth': 4, 'min_child_weight': 3, 'reg_lambda': 10.0}
2026-04-27 13:42:23,832 INFO     [pooled]   fold 3: score=0.5136  params={'max_depth': 4, 'min_child_weight': 5, 'reg_lambda': 1.0}
2026-04-27 13:42:23,832 INFO     [pooled]   fold 3: score=0.5453  params={'max_depth': 4, 'min_child_weight': 5, 'reg_lambda': 5.0}
2026-04-27 13:42:23,832 INFO     [pooled]   fold 3: score=0.5385  params={'max_depth': 4, 'min_child_weight': 5, 'reg_lambda': 10.0}
2026-04-27 13:42:23,832 INFO     [pooled]   fold 3: score=0.5280  params={'max_depth': 4, 'min_child_weight': 10, 'reg_lambda': 1.0}
2026-04-27 13:42:23,832 INFO     [pooled]   fold 3: score=0.5453  params={'max_depth': 4, 'min_child_weight': 10, 'reg_lambda': 5.0}
2026-04-27 13:42:23,832 INFO     [pooled]   fold 3: score=0.5497  params={'max_depth': 4, 'min_child_weight': 10, 'reg_lambda': 10.0}
2026-04-27 13:42:23,832 INFO     [pooled]   fold 3: score=0.5519  params={'max_depth': 5, 'min_child_weight': 3, 'reg_lambda': 1.0}
2026-04-27 13:42:23,832 INFO     [pooled]   fold 3: score=0.5632  params={'max_depth': 5, 'min_child_weight': 3, 'reg_lambda': 5.0}
2026-04-27 13:42:23,832 INFO     [pooled]   fold 3: score=0.5624  params={'max_depth': 5, 'min_child_weight': 3, 'reg_lambda': 10.0}
2026-04-27 13:42:23,832 INFO     [pooled]   fold 3: score=0.5264  params={'max_depth': 5, 'min_child_weight': 5, 'reg_lambda': 1.0}
2026-04-27 13:42:23,832 INFO     [pooled]   fold 3: score=0.5543  params={'max_depth': 5, 'min_child_weight': 5, 'reg_lambda': 5.0}
2026-04-27 13:42:23,832 INFO     [pooled]   fold 3: score=0.5546  params={'max_depth': 5, 'min_child_weight': 5, 'reg_lambda': 10.0}
2026-04-27 13:42:23,832 INFO     [pooled]   fold 3: score=0.5554  params={'max_depth': 5, 'min_child_weight': 10, 'reg_lambda': 1.0}
2026-04-27 13:42:23,832 INFO     [pooled]   fold 3: score=0.5691  params={'max_depth': 5, 'min_child_weight': 10, 'reg_lambda': 5.0}
2026-04-27 13:42:23,832 INFO     [pooled]   fold 3: score=0.5599  params={'max_depth': 5, 'min_child_weight': 10, 'reg_lambda': 10.0}
2026-04-27 13:42:23,832 INFO     [pooled]   fold 3: score=0.5595  params={'max_depth': 6, 'min_child_weight': 3, 'reg_lambda': 1.0}
2026-04-27 13:42:23,832 INFO     [pooled]   fold 3: score=0.5730  params={'max_depth': 6, 'min_child_weight': 3, 'reg_lambda': 5.0}
2026-04-27 13:42:23,832 INFO     [pooled]   fold 3: score=0.5607  params={'max_depth': 6, 'min_child_weight': 3, 'reg_lambda': 10.0}
2026-04-27 13:42:23,832 INFO     [pooled]   fold 3: score=0.5516  params={'max_depth': 6, 'min_child_weight': 5, 'reg_lambda': 1.0}
2026-04-27 13:42:23,833 INFO     [pooled]   fold 3: score=0.5667  params={'max_depth': 6, 'min_child_weight': 5, 'reg_lambda': 5.0}
2026-04-27 13:42:23,833 INFO     [pooled]   fold 3: score=0.5717  params={'max_depth': 6, 'min_child_weight': 5, 'reg_lambda': 10.0}
2026-04-27 13:42:23,833 INFO     [pooled]   fold 3: score=0.5449  params={'max_depth': 6, 'min_child_weight': 10, 'reg_lambda': 1.0}
2026-04-27 13:42:23,833 INFO     [pooled]   fold 3: score=0.5568  params={'max_depth': 6, 'min_child_weight': 10, 'reg_lambda': 5.0}
2026-04-27 13:42:23,833 INFO     [pooled]   fold 3: score=0.5586  params={'max_depth': 6, 'min_child_weight': 10, 'reg_lambda': 10.0}
2026-04-27 13:42:23,833 INFO     [pooled] Saved tuned params to /Users/amos/Code/Stock Market AI Bot/models/pooled_best_xgb_params.json
2026-04-27 13:42:24,930 INFO     [pooled] Feature pruning: 978 → 58 cols  (30 base kept of 950, 920 dropped, 28 dummies always kept)
2026-04-27 13:42:24,981 INFO     build_models: applying tuned param overrides: {'max_depth': 6, 'min_child_weight': 3, 'reg_lambda': 5.0}
2026-04-27 13:42:24,982 INFO     build_models: class balance via sample_weight  (n_pos=2091, n_neg=2014, w_pos=0.963)
2026-04-27 13:42:25,325 INFO     [pooled] h5 class balance: n_pos=2277  n_neg=1828  w_pos=0.803
2026-04-27 13:42:25,368 INFO     [pooled] h5 model trained on 4105 rows
2026-04-27 13:42:25,376 INFO     [pooled] Confidence threshold: 57.5 (fallback=True)
2026-04-27 13:42:25,379 INFO     [pooled] Test accuracy: 49.82%  baseline: 49.75%  threshold: 57.5%
2026-04-27 13:42:25,487 INFO     [pooled] Saved results plot /Users/amos/Code/Stock Market AI Bot/models/pooled_xgb_only_results.png
2026-04-27 13:42:25,573 INFO     [pooled] Saved per-ticker plot /Users/amos/Code/Stock Market AI Bot/models/pooled_ticker_accuracy.png
2026-04-27 13:42:25,577 INFO     [pooled] Saved h5 model to pooled_xgb_dir_h5.json
2026-04-27 13:42:25,580 INFO     [pooled] Saved artefacts for AAPL
2026-04-27 13:42:25,583 INFO     [pooled] Saved artefacts for ABBV
2026-04-27 13:42:25,585 INFO     [pooled] Saved artefacts for AMD
2026-04-27 13:42:25,588 INFO     [pooled] Saved artefacts for AMZN
2026-04-27 13:42:25,590 INFO     [pooled] Saved artefacts for BAC
2026-04-27 13:42:25,594 INFO     [pooled] Saved artefacts for BRK-B
2026-04-27 13:42:25,596 INFO     [pooled] Saved artefacts for BTC-USD
2026-04-27 13:42:25,599 INFO     [pooled] Saved artefacts for CAT
2026-04-27 13:42:25,603 INFO     [pooled] Saved artefacts for COST
2026-04-27 13:42:25,606 INFO     [pooled] Saved artefacts for CVX
2026-04-27 13:42:25,609 INFO     [pooled] Saved artefacts for DE
2026-04-27 13:42:25,611 INFO     [pooled] Saved artefacts for GOOGL
2026-04-27 13:42:25,614 INFO     [pooled] Saved artefacts for GS
2026-04-27 13:42:25,618 INFO     [pooled] Saved artefacts for HD
2026-04-27 13:42:25,621 INFO     [pooled] Saved artefacts for INTC
2026-04-27 13:42:25,623 INFO     [pooled] Saved artefacts for JNJ
2026-04-27 13:42:25,626 INFO     [pooled] Saved artefacts for JPM
2026-04-27 13:42:25,629 INFO     [pooled] Saved artefacts for LLY
2026-04-27 13:42:25,631 INFO     [pooled] Saved artefacts for MA
2026-04-27 13:42:25,635 INFO     [pooled] Saved artefacts for META
2026-04-27 13:42:25,638 INFO     [pooled] Saved artefacts for MSFT
2026-04-27 13:42:25,641 INFO     [pooled] Saved artefacts for MU
2026-04-27 13:42:25,644 INFO     [pooled] Saved artefacts for NVDA
2026-04-27 13:42:25,647 INFO     [pooled] Saved artefacts for PG
2026-04-27 13:42:25,649 INFO     [pooled] Saved artefacts for TSLA
2026-04-27 13:42:25,652 INFO     [pooled] Saved artefacts for UNH
2026-04-27 13:42:25,655 INFO     [pooled] Saved artefacts for V
2026-04-27 13:42:25,657 INFO     [pooled] Saved artefacts for XOM
2026-04-27 13:42:25,657 INFO     [pooled] Done. 28 tickers, 49.82% acc vs 49.75% baseline
2026-04-27 13:56:28,441 INFO     POOLED_TRAINING=True — training cross-sectional model on all tickers (tune_hyperparams=True)
2026-04-27 13:56:28,441 INFO     [pooled] Starting cross-sectional training on 28 tickers
2026-04-27 13:56:28,780 INFO     [pooled] Common feature set: 98 features across 28 tickers
2026-04-27 13:56:31,680 INFO     [pooled] Train rows: 4105  Calib rows: 15795  Test rows: 15688
2026-04-27 13:56:31,733 INFO     [pooled] Running nested walk-forward CV hyperparameter search (4105 train rows, 4 outer × 3 inner folds)...
2026-04-27 14:03:34,625 INFO     [pooled] Nested CV best params (avg of 2 folds, mean AUC=0.5284): {'max_depth': 6, 'min_child_weight': 10, 'reg_lambda': 5.0}
2026-04-27 14:03:34,628 INFO     [pooled]   fold 2: score=0.4572  params={'max_depth': 4, 'min_child_weight': 3, 'reg_lambda': 1.0}
2026-04-27 14:03:34,628 INFO     [pooled]   fold 2: score=0.4545  params={'max_depth': 4, 'min_child_weight': 3, 'reg_lambda': 5.0}
2026-04-27 14:03:34,628 INFO     [pooled]   fold 2: score=0.4617  params={'max_depth': 4, 'min_child_weight': 3, 'reg_lambda': 10.0}
2026-04-27 14:03:34,628 INFO     [pooled]   fold 2: score=0.4513  params={'max_depth': 4, 'min_child_weight': 5, 'reg_lambda': 1.0}
2026-04-27 14:03:34,628 INFO     [pooled]   fold 2: score=0.4735  params={'max_depth': 4, 'min_child_weight': 5, 'reg_lambda': 5.0}
2026-04-27 14:03:34,628 INFO     [pooled]   fold 2: score=0.4530  params={'max_depth': 4, 'min_child_weight': 5, 'reg_lambda': 10.0}
2026-04-27 14:03:34,628 INFO     [pooled]   fold 2: score=0.4811  params={'max_depth': 4, 'min_child_weight': 10, 'reg_lambda': 1.0}
2026-04-27 14:03:34,628 INFO     [pooled]   fold 2: score=0.4510  params={'max_depth': 4, 'min_child_weight': 10, 'reg_lambda': 5.0}
2026-04-27 14:03:34,628 INFO     [pooled]   fold 2: score=0.4555  params={'max_depth': 4, 'min_child_weight': 10, 'reg_lambda': 10.0}
2026-04-27 14:03:34,628 INFO     [pooled]   fold 2: score=0.4521  params={'max_depth': 5, 'min_child_weight': 3, 'reg_lambda': 1.0}
2026-04-27 14:03:34,628 INFO     [pooled]   fold 2: score=0.4454  params={'max_depth': 5, 'min_child_weight': 3, 'reg_lambda': 5.0}
2026-04-27 14:03:34,628 INFO     [pooled]   fold 2: score=0.4394  params={'max_depth': 5, 'min_child_weight': 3, 'reg_lambda': 10.0}
2026-04-27 14:03:34,628 INFO     [pooled]   fold 2: score=0.4606  params={'max_depth': 5, 'min_child_weight': 5, 'reg_lambda': 1.0}
2026-04-27 14:03:34,628 INFO     [pooled]   fold 2: score=0.4525  params={'max_depth': 5, 'min_child_weight': 5, 'reg_lambda': 5.0}
2026-04-27 14:03:34,628 INFO     [pooled]   fold 2: score=0.4666  params={'max_depth': 5, 'min_child_weight': 5, 'reg_lambda': 10.0}
2026-04-27 14:03:34,628 INFO     [pooled]   fold 2: score=0.4608  params={'max_depth': 5, 'min_child_weight': 10, 'reg_lambda': 1.0}
2026-04-27 14:03:34,628 INFO     [pooled]   fold 2: score=0.4509  params={'max_depth': 5, 'min_child_weight': 10, 'reg_lambda': 5.0}
2026-04-27 14:03:34,628 INFO     [pooled]   fold 2: score=0.4472  params={'max_depth': 5, 'min_child_weight': 10, 'reg_lambda': 10.0}
2026-04-27 14:03:34,628 INFO     [pooled]   fold 2: score=0.4651  params={'max_depth': 6, 'min_child_weight': 3, 'reg_lambda': 1.0}
2026-04-27 14:03:34,628 INFO     [pooled]   fold 2: score=0.4714  params={'max_depth': 6, 'min_child_weight': 3, 'reg_lambda': 5.0}
2026-04-27 14:03:34,628 INFO     [pooled]   fold 2: score=0.4445  params={'max_depth': 6, 'min_child_weight': 3, 'reg_lambda': 10.0}
2026-04-27 14:03:34,628 INFO     [pooled]   fold 2: score=0.4711  params={'max_depth': 6, 'min_child_weight': 5, 'reg_lambda': 1.0}
2026-04-27 14:03:34,628 INFO     [pooled]   fold 2: score=0.4617  params={'max_depth': 6, 'min_child_weight': 5, 'reg_lambda': 5.0}
2026-04-27 14:03:34,628 INFO     [pooled]   fold 2: score=0.4561  params={'max_depth': 6, 'min_child_weight': 5, 'reg_lambda': 10.0}
2026-04-27 14:03:34,628 INFO     [pooled]   fold 2: score=0.4742  params={'max_depth': 6, 'min_child_weight': 10, 'reg_lambda': 1.0}
2026-04-27 14:03:34,628 INFO     [pooled]   fold 2: score=0.4700  params={'max_depth': 6, 'min_child_weight': 10, 'reg_lambda': 5.0}
2026-04-27 14:03:34,628 INFO     [pooled]   fold 2: score=0.4642  params={'max_depth': 6, 'min_child_weight': 10, 'reg_lambda': 10.0}
2026-04-27 14:03:34,628 INFO     [pooled]   fold 3: score=0.5241  params={'max_depth': 4, 'min_child_weight': 3, 'reg_lambda': 1.0}
2026-04-27 14:03:34,628 INFO     [pooled]   fold 3: score=0.5462  params={'max_depth': 4, 'min_child_weight': 3, 'reg_lambda': 5.0}
2026-04-27 14:03:34,628 INFO     [pooled]   fold 3: score=0.5478  params={'max_depth': 4, 'min_child_weight': 3, 'reg_lambda': 10.0}
2026-04-27 14:03:34,628 INFO     [pooled]   fold 3: score=0.5256  params={'max_depth': 4, 'min_child_weight': 5, 'reg_lambda': 1.0}
2026-04-27 14:03:34,628 INFO     [pooled]   fold 3: score=0.5540  params={'max_depth': 4, 'min_child_weight': 5, 'reg_lambda': 5.0}
2026-04-27 14:03:34,628 INFO     [pooled]   fold 3: score=0.5479  params={'max_depth': 4, 'min_child_weight': 5, 'reg_lambda': 10.0}
2026-04-27 14:03:34,628 INFO     [pooled]   fold 3: score=0.5381  params={'max_depth': 4, 'min_child_weight': 10, 'reg_lambda': 1.0}
2026-04-27 14:03:34,628 INFO     [pooled]   fold 3: score=0.5514  params={'max_depth': 4, 'min_child_weight': 10, 'reg_lambda': 5.0}
2026-04-27 14:03:34,628 INFO     [pooled]   fold 3: score=0.5556  params={'max_depth': 4, 'min_child_weight': 10, 'reg_lambda': 10.0}
2026-04-27 14:03:34,628 INFO     [pooled]   fold 3: score=0.5257  params={'max_depth': 5, 'min_child_weight': 3, 'reg_lambda': 1.0}
2026-04-27 14:03:34,628 INFO     [pooled]   fold 3: score=0.5778  params={'max_depth': 5, 'min_child_weight': 3, 'reg_lambda': 5.0}
2026-04-27 14:03:34,628 INFO     [pooled]   fold 3: score=0.5690  params={'max_depth': 5, 'min_child_weight': 3, 'reg_lambda': 10.0}
2026-04-27 14:03:34,628 INFO     [pooled]   fold 3: score=0.5486  params={'max_depth': 5, 'min_child_weight': 5, 'reg_lambda': 1.0}
2026-04-27 14:03:34,628 INFO     [pooled]   fold 3: score=0.5677  params={'max_depth': 5, 'min_child_weight': 5, 'reg_lambda': 5.0}
2026-04-27 14:03:34,628 INFO     [pooled]   fold 3: score=0.5640  params={'max_depth': 5, 'min_child_weight': 5, 'reg_lambda': 10.0}
2026-04-27 14:03:34,628 INFO     [pooled]   fold 3: score=0.5390  params={'max_depth': 5, 'min_child_weight': 10, 'reg_lambda': 1.0}
2026-04-27 14:03:34,628 INFO     [pooled]   fold 3: score=0.5559  params={'max_depth': 5, 'min_child_weight': 10, 'reg_lambda': 5.0}
2026-04-27 14:03:34,628 INFO     [pooled]   fold 3: score=0.5659  params={'max_depth': 5, 'min_child_weight': 10, 'reg_lambda': 10.0}
2026-04-27 14:03:34,628 INFO     [pooled]   fold 3: score=0.5335  params={'max_depth': 6, 'min_child_weight': 3, 'reg_lambda': 1.0}
2026-04-27 14:03:34,628 INFO     [pooled]   fold 3: score=0.5542  params={'max_depth': 6, 'min_child_weight': 3, 'reg_lambda': 5.0}
2026-04-27 14:03:34,628 INFO     [pooled]   fold 3: score=0.5549  params={'max_depth': 6, 'min_child_weight': 3, 'reg_lambda': 10.0}
2026-04-27 14:03:34,628 INFO     [pooled]   fold 3: score=0.5432  params={'max_depth': 6, 'min_child_weight': 5, 'reg_lambda': 1.0}
2026-04-27 14:03:34,628 INFO     [pooled]   fold 3: score=0.5402  params={'max_depth': 6, 'min_child_weight': 5, 'reg_lambda': 5.0}
2026-04-27 14:03:34,628 INFO     [pooled]   fold 3: score=0.5598  params={'max_depth': 6, 'min_child_weight': 5, 'reg_lambda': 10.0}
2026-04-27 14:03:34,628 INFO     [pooled]   fold 3: score=0.5565  params={'max_depth': 6, 'min_child_weight': 10, 'reg_lambda': 1.0}
2026-04-27 14:03:34,628 INFO     [pooled]   fold 3: score=0.5868  params={'max_depth': 6, 'min_child_weight': 10, 'reg_lambda': 5.0}
2026-04-27 14:03:34,628 INFO     [pooled]   fold 3: score=0.5629  params={'max_depth': 6, 'min_child_weight': 10, 'reg_lambda': 10.0}
2026-04-27 14:03:34,629 INFO     [pooled] Saved tuned params to /Users/amos/Code/Stock Market AI Bot/models/pooled_best_xgb_params.json
2026-04-27 14:03:35,738 INFO     [pooled] Feature pruning: 1058 → 58 cols  (30 base kept of 1030, 1000 dropped, 28 dummies always kept)
2026-04-27 14:03:35,774 INFO     build_models: applying tuned param overrides: {'max_depth': 6, 'min_child_weight': 10, 'reg_lambda': 5.0}
2026-04-27 14:03:35,774 INFO     build_models: class balance via sample_weight  (n_pos=2091, n_neg=2014, w_pos=0.963)
2026-04-27 14:03:36,049 INFO     [pooled] h5 class balance: n_pos=2277  n_neg=1828  w_pos=0.803
2026-04-27 14:03:36,081 INFO     [pooled] h5 model trained on 4105 rows
2026-04-27 14:03:36,088 INFO     [pooled] Confidence threshold: 57.5 (fallback=True)
2026-04-27 14:03:36,090 INFO     [pooled] Test accuracy: 49.71%  baseline: 49.75%  threshold: 57.5%
2026-04-27 14:03:36,169 INFO     [pooled] Saved results plot /Users/amos/Code/Stock Market AI Bot/models/pooled_xgb_only_results.png
2026-04-27 14:03:36,237 INFO     [pooled] Saved per-ticker plot /Users/amos/Code/Stock Market AI Bot/models/pooled_ticker_accuracy.png
2026-04-27 14:03:36,240 INFO     [pooled] Saved h5 model to pooled_xgb_dir_h5.json
2026-04-27 14:03:36,242 INFO     [pooled] Saved artefacts for AAPL
2026-04-27 14:03:36,247 INFO     [pooled] Saved artefacts for ABBV
2026-04-27 14:03:36,251 INFO     [pooled] Saved artefacts for AMD
2026-04-27 14:03:36,254 INFO     [pooled] Saved artefacts for AMZN
2026-04-27 14:03:36,256 INFO     [pooled] Saved artefacts for BAC
2026-04-27 14:03:36,259 INFO     [pooled] Saved artefacts for BRK-B
2026-04-27 14:03:36,261 INFO     [pooled] Saved artefacts for BTC-USD
2026-04-27 14:03:36,263 INFO     [pooled] Saved artefacts for CAT
2026-04-27 14:03:36,265 INFO     [pooled] Saved artefacts for COST
2026-04-27 14:03:36,268 INFO     [pooled] Saved artefacts for CVX
2026-04-27 14:03:36,270 INFO     [pooled] Saved artefacts for DE
2026-04-27 14:03:36,272 INFO     [pooled] Saved artefacts for GOOGL
2026-04-27 14:03:36,275 INFO     [pooled] Saved artefacts for GS
2026-04-27 14:03:36,277 INFO     [pooled] Saved artefacts for HD
2026-04-27 14:03:36,279 INFO     [pooled] Saved artefacts for INTC
2026-04-27 14:03:36,281 INFO     [pooled] Saved artefacts for JNJ
2026-04-27 14:03:36,284 INFO     [pooled] Saved artefacts for JPM
2026-04-27 14:03:36,286 INFO     [pooled] Saved artefacts for LLY
2026-04-27 14:03:36,288 INFO     [pooled] Saved artefacts for MA
2026-04-27 14:03:36,290 INFO     [pooled] Saved artefacts for META
2026-04-27 14:03:36,292 INFO     [pooled] Saved artefacts for MSFT
2026-04-27 14:03:36,294 INFO     [pooled] Saved artefacts for MU
2026-04-27 14:03:36,297 INFO     [pooled] Saved artefacts for NVDA
2026-04-27 14:03:36,299 INFO     [pooled] Saved artefacts for PG
2026-04-27 14:03:36,302 INFO     [pooled] Saved artefacts for TSLA
2026-04-27 14:03:36,304 INFO     [pooled] Saved artefacts for UNH
2026-04-27 14:03:36,314 INFO     [pooled] Saved artefacts for V
2026-04-27 14:03:36,320 INFO     [pooled] Saved artefacts for XOM
2026-04-27 14:03:36,320 INFO     [pooled] Done. 28 tickers, 49.71% acc vs 49.75% baseline
2026-04-27 16:03:51,343 INFO     Loading FinBERT (ProsusAI/finbert) — first run downloads ~440MB...
2026-04-27 16:03:51,725 INFO     HTTP Request: HEAD https://huggingface.co/ProsusAI/finbert/resolve/main/tokenizer_config.json "HTTP/1.1 307 Temporary Redirect"
2026-04-27 16:03:51,727 WARNING  Warning: You are sending unauthenticated requests to the HF Hub. Please set a HF_TOKEN to enable higher rate limits and faster downloads.
2026-04-27 16:03:51,737 INFO     HTTP Request: HEAD https://huggingface.co/api/resolve-cache/models/ProsusAI/finbert/4556d13015211d73dccd3fdd39d39232506f3e43/tokenizer_config.json "HTTP/1.1 200 OK"
2026-04-27 16:03:52,035 INFO     HTTP Request: GET https://huggingface.co/api/models/ProsusAI/finbert/tree/main/additional_chat_templates?recursive=false&expand=false "HTTP/1.1 404 Not Found"
2026-04-27 16:03:52,339 INFO     HTTP Request: GET https://huggingface.co/api/models/ProsusAI/finbert/tree/main?recursive=true&expand=false "HTTP/1.1 200 OK"
2026-04-27 16:03:52,647 INFO     HTTP Request: HEAD https://huggingface.co/ProsusAI/finbert/resolve/main/config.json "HTTP/1.1 307 Temporary Redirect"
2026-04-27 16:03:52,658 INFO     HTTP Request: HEAD https://huggingface.co/api/resolve-cache/models/ProsusAI/finbert/4556d13015211d73dccd3fdd39d39232506f3e43/config.json "HTTP/1.1 200 OK"
2026-04-27 16:03:52,901 INFO     HTTP Request: HEAD https://huggingface.co/ProsusAI/finbert/resolve/main/model.safetensors "HTTP/1.1 404 Not Found"
2026-04-27 16:03:53,158 INFO     HTTP Request: HEAD https://huggingface.co/ProsusAI/finbert/resolve/main/model.safetensors.index.json "HTTP/1.1 404 Not Found"
2026-04-27 16:03:53,473 INFO     HTTP Request: HEAD https://huggingface.co/ProsusAI/finbert/resolve/main/pytorch_model.bin "HTTP/1.1 302 Found"
2026-04-27 16:03:53,771 INFO     HTTP Request: HEAD https://huggingface.co/ProsusAI/finbert/resolve/main/model.safetensors "HTTP/1.1 404 Not Found"
2026-04-27 16:03:53,997 INFO     Sentiment engine: FinBERT loaded on cpu
2026-04-27 16:03:53,997 INFO     Accuracy on financial text: ~89-91% (vs VADER ~56%)
2026-04-27 16:03:54,018 INFO     HTTP Request: GET https://huggingface.co/api/models/ProsusAI/finbert "HTTP/1.1 200 OK"
2026-04-27 16:03:54,073 INFO         yahoo_finance: 0 headlines (after filter)
2026-04-27 16:03:54,273 INFO     HTTP Request: GET https://huggingface.co/api/models/ProsusAI/finbert/commits/main "HTTP/1.1 200 OK"
2026-04-27 16:03:54,578 INFO         cnbc: 0 headlines (after filter)
2026-04-27 16:03:54,664 INFO     HTTP Request: GET https://huggingface.co/api/models/ProsusAI/finbert/discussions?p=0 "HTTP/1.1 200 OK"
2026-04-27 16:03:54,916 INFO     HTTP Request: GET https://huggingface.co/api/models/ProsusAI/finbert/commits/refs%2Fpr%2F29 "HTTP/1.1 200 OK"
2026-04-27 16:03:55,162 INFO     HTTP Request: HEAD https://huggingface.co/ProsusAI/finbert/resolve/refs%2Fpr%2F29/model.safetensors.index.json "HTTP/1.1 404 Not Found"
2026-04-27 16:03:55,415 INFO     HTTP Request: HEAD https://huggingface.co/ProsusAI/finbert/resolve/refs%2Fpr%2F29/model.safetensors "HTTP/1.1 302 Found"
2026-04-27 16:03:55,456 INFO         marketwatch: 0 headlines (after filter)
2026-04-27 16:03:56,301 INFO         google_news: 80 headlines (after filter)
2026-04-27 16:03:57,506 INFO         business_insider: 0 headlines (after filter)
2026-04-27 16:03:57,611 INFO       [AAPL] Headlines to score after filtering: 80
2026-04-27 16:10:32,950 INFO     POOLED_TRAINING=True — training cross-sectional model on all tickers (tune_hyperparams=True)
2026-04-27 16:10:32,950 INFO     [pooled] Starting cross-sectional training on 28 tickers
2026-04-27 16:10:33,322 INFO     [pooled] Common feature set: 105 features across 28 tickers
2026-04-27 16:10:36,728 INFO     [pooled] Train rows: 4105  Calib rows: 15823  Test rows: 15661
2026-04-27 16:10:36,784 INFO     [pooled] Running nested walk-forward CV hyperparameter search (4105 train rows, 4 outer × 3 inner folds)...
2026-04-27 16:18:23,643 INFO     [pooled] Nested CV best params (avg of 2 folds, mean AUC=0.5302): {'max_depth': 5, 'min_child_weight': 10, 'reg_lambda': 1.0}
2026-04-27 16:18:23,648 INFO     [pooled]   fold 2: score=0.4760  params={'max_depth': 4, 'min_child_weight': 3, 'reg_lambda': 1.0}
2026-04-27 16:18:23,648 INFO     [pooled]   fold 2: score=0.4750  params={'max_depth': 4, 'min_child_weight': 3, 'reg_lambda': 5.0}
2026-04-27 16:18:23,648 INFO     [pooled]   fold 2: score=0.4594  params={'max_depth': 4, 'min_child_weight': 3, 'reg_lambda': 10.0}
2026-04-27 16:18:23,648 INFO     [pooled]   fold 2: score=0.4955  params={'max_depth': 4, 'min_child_weight': 5, 'reg_lambda': 1.0}
2026-04-27 16:18:23,648 INFO     [pooled]   fold 2: score=0.4717  params={'max_depth': 4, 'min_child_weight': 5, 'reg_lambda': 5.0}
2026-04-27 16:18:23,648 INFO     [pooled]   fold 2: score=0.4828  params={'max_depth': 4, 'min_child_weight': 5, 'reg_lambda': 10.0}
2026-04-27 16:18:23,648 INFO     [pooled]   fold 2: score=0.4889  params={'max_depth': 4, 'min_child_weight': 10, 'reg_lambda': 1.0}
2026-04-27 16:18:23,648 INFO     [pooled]   fold 2: score=0.4698  params={'max_depth': 4, 'min_child_weight': 10, 'reg_lambda': 5.0}
2026-04-27 16:18:23,648 INFO     [pooled]   fold 2: score=0.4787  params={'max_depth': 4, 'min_child_weight': 10, 'reg_lambda': 10.0}
2026-04-27 16:18:23,648 INFO     [pooled]   fold 2: score=0.4791  params={'max_depth': 5, 'min_child_weight': 3, 'reg_lambda': 1.0}
2026-04-27 16:18:23,648 INFO     [pooled]   fold 2: score=0.4793  params={'max_depth': 5, 'min_child_weight': 3, 'reg_lambda': 5.0}
2026-04-27 16:18:23,648 INFO     [pooled]   fold 2: score=0.4763  params={'max_depth': 5, 'min_child_weight': 3, 'reg_lambda': 10.0}
2026-04-27 16:18:23,648 INFO     [pooled]   fold 2: score=0.5002  params={'max_depth': 5, 'min_child_weight': 5, 'reg_lambda': 1.0}
2026-04-27 16:18:23,648 INFO     [pooled]   fold 2: score=0.5004  params={'max_depth': 5, 'min_child_weight': 5, 'reg_lambda': 5.0}
2026-04-27 16:18:23,648 INFO     [pooled]   fold 2: score=0.4593  params={'max_depth': 5, 'min_child_weight': 5, 'reg_lambda': 10.0}
2026-04-27 16:18:23,648 INFO     [pooled]   fold 2: score=0.5296  params={'max_depth': 5, 'min_child_weight': 10, 'reg_lambda': 1.0}
2026-04-27 16:18:23,648 INFO     [pooled]   fold 2: score=0.4983  params={'max_depth': 5, 'min_child_weight': 10, 'reg_lambda': 5.0}
2026-04-27 16:18:23,648 INFO     [pooled]   fold 2: score=0.4688  params={'max_depth': 5, 'min_child_weight': 10, 'reg_lambda': 10.0}
2026-04-27 16:18:23,648 INFO     [pooled]   fold 2: score=0.4925  params={'max_depth': 6, 'min_child_weight': 3, 'reg_lambda': 1.0}
2026-04-27 16:18:23,648 INFO     [pooled]   fold 2: score=0.4537  params={'max_depth': 6, 'min_child_weight': 3, 'reg_lambda': 5.0}
2026-04-27 16:18:23,648 INFO     [pooled]   fold 2: score=0.4660  params={'max_depth': 6, 'min_child_weight': 3, 'reg_lambda': 10.0}
2026-04-27 16:18:23,648 INFO     [pooled]   fold 2: score=0.4955  params={'max_depth': 6, 'min_child_weight': 5, 'reg_lambda': 1.0}
2026-04-27 16:18:23,649 INFO     [pooled]   fold 2: score=0.4823  params={'max_depth': 6, 'min_child_weight': 5, 'reg_lambda': 5.0}
2026-04-27 16:18:23,649 INFO     [pooled]   fold 2: score=0.4648  params={'max_depth': 6, 'min_child_weight': 5, 'reg_lambda': 10.0}
2026-04-27 16:18:23,649 INFO     [pooled]   fold 2: score=0.5291  params={'max_depth': 6, 'min_child_weight': 10, 'reg_lambda': 1.0}
2026-04-27 16:18:23,649 INFO     [pooled]   fold 2: score=0.4780  params={'max_depth': 6, 'min_child_weight': 10, 'reg_lambda': 5.0}
2026-04-27 16:18:23,649 INFO     [pooled]   fold 2: score=0.4724  params={'max_depth': 6, 'min_child_weight': 10, 'reg_lambda': 10.0}
2026-04-27 16:18:23,649 INFO     [pooled]   fold 3: score=0.5253  params={'max_depth': 4, 'min_child_weight': 3, 'reg_lambda': 1.0}
2026-04-27 16:18:23,649 INFO     [pooled]   fold 3: score=0.5154  params={'max_depth': 4, 'min_child_weight': 3, 'reg_lambda': 5.0}
2026-04-27 16:18:23,649 INFO     [pooled]   fold 3: score=0.5035  params={'max_depth': 4, 'min_child_weight': 3, 'reg_lambda': 10.0}
2026-04-27 16:18:23,649 INFO     [pooled]   fold 3: score=0.4909  params={'max_depth': 4, 'min_child_weight': 5, 'reg_lambda': 1.0}
2026-04-27 16:18:23,649 INFO     [pooled]   fold 3: score=0.5122  params={'max_depth': 4, 'min_child_weight': 5, 'reg_lambda': 5.0}
2026-04-27 16:18:23,649 INFO     [pooled]   fold 3: score=0.5297  params={'max_depth': 4, 'min_child_weight': 5, 'reg_lambda': 10.0}
2026-04-27 16:18:23,649 INFO     [pooled]   fold 3: score=0.4927  params={'max_depth': 4, 'min_child_weight': 10, 'reg_lambda': 1.0}
2026-04-27 16:18:23,649 INFO     [pooled]   fold 3: score=0.5062  params={'max_depth': 4, 'min_child_weight': 10, 'reg_lambda': 5.0}
2026-04-27 16:18:23,649 INFO     [pooled]   fold 3: score=0.5288  params={'max_depth': 4, 'min_child_weight': 10, 'reg_lambda': 10.0}
2026-04-27 16:18:23,649 INFO     [pooled]   fold 3: score=0.5042  params={'max_depth': 5, 'min_child_weight': 3, 'reg_lambda': 1.0}
2026-04-27 16:18:23,649 INFO     [pooled]   fold 3: score=0.5185  params={'max_depth': 5, 'min_child_weight': 3, 'reg_lambda': 5.0}
2026-04-27 16:18:23,649 INFO     [pooled]   fold 3: score=0.5270  params={'max_depth': 5, 'min_child_weight': 3, 'reg_lambda': 10.0}
2026-04-27 16:18:23,649 INFO     [pooled]   fold 3: score=0.5111  params={'max_depth': 5, 'min_child_weight': 5, 'reg_lambda': 1.0}
2026-04-27 16:18:23,649 INFO     [pooled]   fold 3: score=0.5416  params={'max_depth': 5, 'min_child_weight': 5, 'reg_lambda': 5.0}
2026-04-27 16:18:23,649 INFO     [pooled]   fold 3: score=0.5174  params={'max_depth': 5, 'min_child_weight': 5, 'reg_lambda': 10.0}
2026-04-27 16:18:23,649 INFO     [pooled]   fold 3: score=0.5308  params={'max_depth': 5, 'min_child_weight': 10, 'reg_lambda': 1.0}
2026-04-27 16:18:23,649 INFO     [pooled]   fold 3: score=0.5381  params={'max_depth': 5, 'min_child_weight': 10, 'reg_lambda': 5.0}
2026-04-27 16:18:23,649 INFO     [pooled]   fold 3: score=0.5232  params={'max_depth': 5, 'min_child_weight': 10, 'reg_lambda': 10.0}
2026-04-27 16:18:23,649 INFO     [pooled]   fold 3: score=0.5298  params={'max_depth': 6, 'min_child_weight': 3, 'reg_lambda': 1.0}
2026-04-27 16:18:23,649 INFO     [pooled]   fold 3: score=0.5165  params={'max_depth': 6, 'min_child_weight': 3, 'reg_lambda': 5.0}
2026-04-27 16:18:23,649 INFO     [pooled]   fold 3: score=0.5237  params={'max_depth': 6, 'min_child_weight': 3, 'reg_lambda': 10.0}
2026-04-27 16:18:23,649 INFO     [pooled]   fold 3: score=0.5339  params={'max_depth': 6, 'min_child_weight': 5, 'reg_lambda': 1.0}
2026-04-27 16:18:23,649 INFO     [pooled]   fold 3: score=0.5202  params={'max_depth': 6, 'min_child_weight': 5, 'reg_lambda': 5.0}
2026-04-27 16:18:23,649 INFO     [pooled]   fold 3: score=0.5306  params={'max_depth': 6, 'min_child_weight': 5, 'reg_lambda': 10.0}
2026-04-27 16:18:23,649 INFO     [pooled]   fold 3: score=0.5226  params={'max_depth': 6, 'min_child_weight': 10, 'reg_lambda': 1.0}
2026-04-27 16:18:23,649 INFO     [pooled]   fold 3: score=0.5154  params={'max_depth': 6, 'min_child_weight': 10, 'reg_lambda': 5.0}
2026-04-27 16:18:23,649 INFO     [pooled]   fold 3: score=0.5419  params={'max_depth': 6, 'min_child_weight': 10, 'reg_lambda': 10.0}
2026-04-27 16:18:23,650 INFO     [pooled] Saved tuned params to /Users/amos/Code/Stock Market AI Bot/models/pooled_best_xgb_params.json
2026-04-27 16:18:24,723 INFO     [pooled] Feature pruning: 1128 → 58 cols  (30 base kept of 1100, 1070 dropped, 28 dummies always kept)
2026-04-27 16:18:24,762 INFO     build_models: applying tuned param overrides: {'max_depth': 5, 'min_child_weight': 10, 'reg_lambda': 1.0}
2026-04-27 16:18:24,762 INFO     build_models: class balance via sample_weight  (n_pos=2091, n_neg=2014, w_pos=0.963)
2026-04-27 16:18:25,061 INFO     [pooled] h5 class balance: n_pos=2277  n_neg=1828  w_pos=0.803
2026-04-27 16:18:25,095 INFO     [pooled] h5 model trained on 4105 rows
2026-04-27 16:18:25,109 INFO     [pooled] Confidence threshold: 57.5 (fallback=True)
2026-04-27 16:18:25,111 INFO     [pooled] Test accuracy: 49.66%  baseline: 49.69%  threshold: 57.5%
2026-04-27 16:18:25,229 INFO     [pooled] Saved results plot /Users/amos/Code/Stock Market AI Bot/models/pooled_xgb_only_results.png
2026-04-27 16:18:25,351 INFO     [pooled] Saved per-ticker plot /Users/amos/Code/Stock Market AI Bot/models/pooled_ticker_accuracy.png
2026-04-27 16:18:25,358 INFO     [pooled] Saved h5 model to pooled_xgb_dir_h5.json
2026-04-27 16:18:25,361 INFO     [pooled] Saved artefacts for AAPL
2026-04-27 16:18:25,364 INFO     [pooled] Saved artefacts for ABBV
2026-04-27 16:18:25,367 INFO     [pooled] Saved artefacts for AMD
2026-04-27 16:18:25,370 INFO     [pooled] Saved artefacts for AMZN
2026-04-27 16:18:25,373 INFO     [pooled] Saved artefacts for BAC
2026-04-27 16:18:25,375 INFO     [pooled] Saved artefacts for BRK-B
2026-04-27 16:18:25,378 INFO     [pooled] Saved artefacts for BTC-USD
2026-04-27 16:18:25,381 INFO     [pooled] Saved artefacts for CAT
2026-04-27 16:18:25,383 INFO     [pooled] Saved artefacts for COST
2026-04-27 16:18:25,386 INFO     [pooled] Saved artefacts for CVX
2026-04-27 16:18:25,388 INFO     [pooled] Saved artefacts for DE
2026-04-27 16:18:25,391 INFO     [pooled] Saved artefacts for GOOGL
2026-04-27 16:18:25,393 INFO     [pooled] Saved artefacts for GS
2026-04-27 16:18:25,396 INFO     [pooled] Saved artefacts for HD
2026-04-27 16:18:25,398 INFO     [pooled] Saved artefacts for INTC
2026-04-27 16:18:25,401 INFO     [pooled] Saved artefacts for JNJ
2026-04-27 16:18:25,403 INFO     [pooled] Saved artefacts for JPM
2026-04-27 16:18:25,406 INFO     [pooled] Saved artefacts for LLY
2026-04-27 16:18:25,408 INFO     [pooled] Saved artefacts for MA
2026-04-27 16:18:25,411 INFO     [pooled] Saved artefacts for META
2026-04-27 16:18:25,413 INFO     [pooled] Saved artefacts for MSFT
2026-04-27 16:18:25,415 INFO     [pooled] Saved artefacts for MU
2026-04-27 16:18:25,417 INFO     [pooled] Saved artefacts for NVDA
2026-04-27 16:18:25,421 INFO     [pooled] Saved artefacts for PG
2026-04-27 16:18:25,423 INFO     [pooled] Saved artefacts for TSLA
2026-04-27 16:18:25,425 INFO     [pooled] Saved artefacts for UNH
2026-04-27 16:18:25,428 INFO     [pooled] Saved artefacts for V
2026-04-27 16:18:25,431 INFO     [pooled] Saved artefacts for XOM
2026-04-27 16:18:25,431 INFO     [pooled] Done. 28 tickers, 49.66% acc vs 49.69% baseline
2026-04-27 16:30:44,501 INFO     POOLED_TRAINING=True — training cross-sectional model on all tickers (tune_hyperparams=True)
2026-04-27 16:30:44,501 INFO     [pooled] Starting cross-sectional training on 28 tickers
2026-04-27 16:30:44,925 INFO     [pooled] Common feature set: 105 features across 28 tickers
2026-04-27 16:30:48,101 INFO     [pooled] Train rows: 4105  Calib rows: 15823  Test rows: 15661
2026-04-27 16:30:48,154 INFO     [pooled] Running nested walk-forward CV hyperparameter search (4105 train rows, 4 outer × 3 inner folds)...
2026-04-27 16:41:51,929 INFO     [pooled] Nested CV best params (avg of 3 folds, mean AUC=0.5099): {'max_depth': 5, 'min_child_weight': 5, 'reg_lambda': 1.0}
2026-04-27 16:41:51,932 INFO     [pooled]   fold 1: score=0.4676  params={'max_depth': 4, 'min_child_weight': 3, 'reg_lambda': 1.0}
2026-04-27 16:41:51,932 INFO     [pooled]   fold 1: score=0.4746  params={'max_depth': 4, 'min_child_weight': 3, 'reg_lambda': 5.0}
2026-04-27 16:41:51,932 INFO     [pooled]   fold 1: score=0.4737  params={'max_depth': 4, 'min_child_weight': 3, 'reg_lambda': 10.0}
2026-04-27 16:41:51,932 INFO     [pooled]   fold 1: score=0.4695  params={'max_depth': 4, 'min_child_weight': 5, 'reg_lambda': 1.0}
2026-04-27 16:41:51,932 INFO     [pooled]   fold 1: score=0.4771  params={'max_depth': 4, 'min_child_weight': 5, 'reg_lambda': 5.0}
2026-04-27 16:41:51,932 INFO     [pooled]   fold 1: score=0.4575  params={'max_depth': 4, 'min_child_weight': 5, 'reg_lambda': 10.0}
2026-04-27 16:41:51,932 INFO     [pooled]   fold 1: score=0.4488  params={'max_depth': 4, 'min_child_weight': 10, 'reg_lambda': 1.0}
2026-04-27 16:41:51,932 INFO     [pooled]   fold 1: score=0.4580  params={'max_depth': 4, 'min_child_weight': 10, 'reg_lambda': 5.0}
2026-04-27 16:41:51,932 INFO     [pooled]   fold 1: score=0.4788  params={'max_depth': 4, 'min_child_weight': 10, 'reg_lambda': 10.0}
2026-04-27 16:41:51,932 INFO     [pooled]   fold 1: score=0.4622  params={'max_depth': 5, 'min_child_weight': 3, 'reg_lambda': 1.0}
2026-04-27 16:41:51,932 INFO     [pooled]   fold 1: score=0.4913  params={'max_depth': 5, 'min_child_weight': 3, 'reg_lambda': 5.0}
2026-04-27 16:41:51,932 INFO     [pooled]   fold 1: score=0.4822  params={'max_depth': 5, 'min_child_weight': 3, 'reg_lambda': 10.0}
2026-04-27 16:41:51,932 INFO     [pooled]   fold 1: score=0.4957  params={'max_depth': 5, 'min_child_weight': 5, 'reg_lambda': 1.0}
2026-04-27 16:41:51,932 INFO     [pooled]   fold 1: score=0.4694  params={'max_depth': 5, 'min_child_weight': 5, 'reg_lambda': 5.0}
2026-04-27 16:41:51,932 INFO     [pooled]   fold 1: score=0.4801  params={'max_depth': 5, 'min_child_weight': 5, 'reg_lambda': 10.0}
2026-04-27 16:41:51,932 INFO     [pooled]   fold 1: score=0.4737  params={'max_depth': 5, 'min_child_weight': 10, 'reg_lambda': 1.0}
2026-04-27 16:41:51,932 INFO     [pooled]   fold 1: score=0.4809  params={'max_depth': 5, 'min_child_weight': 10, 'reg_lambda': 5.0}
2026-04-27 16:41:51,932 INFO     [pooled]   fold 1: score=0.4804  params={'max_depth': 5, 'min_child_weight': 10, 'reg_lambda': 10.0}
2026-04-27 16:41:51,932 INFO     [pooled]   fold 1: score=0.4500  params={'max_depth': 6, 'min_child_weight': 3, 'reg_lambda': 1.0}
2026-04-27 16:41:51,932 INFO     [pooled]   fold 1: score=0.4808  params={'max_depth': 6, 'min_child_weight': 3, 'reg_lambda': 5.0}
2026-04-27 16:41:51,932 INFO     [pooled]   fold 1: score=0.4593  params={'max_depth': 6, 'min_child_weight': 3, 'reg_lambda': 10.0}
2026-04-27 16:41:51,933 INFO     [pooled]   fold 1: score=0.4816  params={'max_depth': 6, 'min_child_weight': 5, 'reg_lambda': 1.0}
2026-04-27 16:41:51,933 INFO     [pooled]   fold 1: score=0.4907  params={'max_depth': 6, 'min_child_weight': 5, 'reg_lambda': 5.0}
2026-04-27 16:41:51,933 INFO     [pooled]   fold 1: score=0.4688  params={'max_depth': 6, 'min_child_weight': 5, 'reg_lambda': 10.0}
2026-04-27 16:41:51,933 INFO     [pooled]   fold 1: score=0.4764  params={'max_depth': 6, 'min_child_weight': 10, 'reg_lambda': 1.0}
2026-04-27 16:41:51,933 INFO     [pooled]   fold 1: score=0.4760  params={'max_depth': 6, 'min_child_weight': 10, 'reg_lambda': 5.0}
2026-04-27 16:41:51,933 INFO     [pooled]   fold 1: score=0.4489  params={'max_depth': 6, 'min_child_weight': 10, 'reg_lambda': 10.0}
2026-04-27 16:41:51,933 INFO     [pooled]   fold 2: score=0.4996  params={'max_depth': 4, 'min_child_weight': 3, 'reg_lambda': 1.0}
2026-04-27 16:41:51,933 INFO     [pooled]   fold 2: score=0.4884  params={'max_depth': 4, 'min_child_weight': 3, 'reg_lambda': 5.0}
2026-04-27 16:41:51,933 INFO     [pooled]   fold 2: score=0.4783  params={'max_depth': 4, 'min_child_weight': 3, 'reg_lambda': 10.0}
2026-04-27 16:41:51,933 INFO     [pooled]   fold 2: score=0.4997  params={'max_depth': 4, 'min_child_weight': 5, 'reg_lambda': 1.0}
2026-04-27 16:41:51,933 INFO     [pooled]   fold 2: score=0.5326  params={'max_depth': 4, 'min_child_weight': 5, 'reg_lambda': 5.0}
2026-04-27 16:41:51,933 INFO     [pooled]   fold 2: score=0.4391  params={'max_depth': 4, 'min_child_weight': 5, 'reg_lambda': 10.0}
2026-04-27 16:41:51,933 INFO     [pooled]   fold 2: score=0.4843  params={'max_depth': 4, 'min_child_weight': 10, 'reg_lambda': 1.0}
2026-04-27 16:41:51,933 INFO     [pooled]   fold 2: score=0.4841  params={'max_depth': 4, 'min_child_weight': 10, 'reg_lambda': 5.0}
2026-04-27 16:41:51,933 INFO     [pooled]   fold 2: score=0.4560  params={'max_depth': 4, 'min_child_weight': 10, 'reg_lambda': 10.0}
2026-04-27 16:41:51,933 INFO     [pooled]   fold 2: score=0.4660  params={'max_depth': 5, 'min_child_weight': 3, 'reg_lambda': 1.0}
2026-04-27 16:41:51,933 INFO     [pooled]   fold 2: score=0.4555  params={'max_depth': 5, 'min_child_weight': 3, 'reg_lambda': 5.0}
2026-04-27 16:41:51,933 INFO     [pooled]   fold 2: score=0.4667  params={'max_depth': 5, 'min_child_weight': 3, 'reg_lambda': 10.0}
2026-04-27 16:41:51,933 INFO     [pooled]   fold 2: score=0.4913  params={'max_depth': 5, 'min_child_weight': 5, 'reg_lambda': 1.0}
2026-04-27 16:41:51,933 INFO     [pooled]   fold 2: score=0.4785  params={'max_depth': 5, 'min_child_weight': 5, 'reg_lambda': 5.0}
2026-04-27 16:41:51,933 INFO     [pooled]   fold 2: score=0.4500  params={'max_depth': 5, 'min_child_weight': 5, 'reg_lambda': 10.0}
2026-04-27 16:41:51,933 INFO     [pooled]   fold 2: score=0.4834  params={'max_depth': 5, 'min_child_weight': 10, 'reg_lambda': 1.0}
2026-04-27 16:41:51,933 INFO     [pooled]   fold 2: score=0.4894  params={'max_depth': 5, 'min_child_weight': 10, 'reg_lambda': 5.0}
2026-04-27 16:41:51,933 INFO     [pooled]   fold 2: score=0.4556  params={'max_depth': 5, 'min_child_weight': 10, 'reg_lambda': 10.0}
2026-04-27 16:41:51,933 INFO     [pooled]   fold 2: score=0.4898  params={'max_depth': 6, 'min_child_weight': 3, 'reg_lambda': 1.0}
2026-04-27 16:41:51,933 INFO     [pooled]   fold 2: score=0.4642  params={'max_depth': 6, 'min_child_weight': 3, 'reg_lambda': 5.0}
2026-04-27 16:41:51,933 INFO     [pooled]   fold 2: score=0.4745  params={'max_depth': 6, 'min_child_weight': 3, 'reg_lambda': 10.0}
2026-04-27 16:41:51,933 INFO     [pooled]   fold 2: score=0.5096  params={'max_depth': 6, 'min_child_weight': 5, 'reg_lambda': 1.0}
2026-04-27 16:41:51,933 INFO     [pooled]   fold 2: score=0.4837  params={'max_depth': 6, 'min_child_weight': 5, 'reg_lambda': 5.0}
2026-04-27 16:41:51,933 INFO     [pooled]   fold 2: score=0.4723  params={'max_depth': 6, 'min_child_weight': 5, 'reg_lambda': 10.0}
2026-04-27 16:41:51,933 INFO     [pooled]   fold 2: score=0.4988  params={'max_depth': 6, 'min_child_weight': 10, 'reg_lambda': 1.0}
2026-04-27 16:41:51,933 INFO     [pooled]   fold 2: score=0.4838  params={'max_depth': 6, 'min_child_weight': 10, 'reg_lambda': 5.0}
2026-04-27 16:41:51,933 INFO     [pooled]   fold 2: score=0.4483  params={'max_depth': 6, 'min_child_weight': 10, 'reg_lambda': 10.0}
2026-04-27 16:41:51,933 INFO     [pooled]   fold 3: score=0.5271  params={'max_depth': 4, 'min_child_weight': 3, 'reg_lambda': 1.0}
2026-04-27 16:41:51,933 INFO     [pooled]   fold 3: score=0.5079  params={'max_depth': 4, 'min_child_weight': 3, 'reg_lambda': 5.0}
2026-04-27 16:41:51,933 INFO     [pooled]   fold 3: score=0.5345  params={'max_depth': 4, 'min_child_weight': 3, 'reg_lambda': 10.0}
2026-04-27 16:41:51,933 INFO     [pooled]   fold 3: score=0.5127  params={'max_depth': 4, 'min_child_weight': 5, 'reg_lambda': 1.0}
2026-04-27 16:41:51,933 INFO     [pooled]   fold 3: score=0.5148  params={'max_depth': 4, 'min_child_weight': 5, 'reg_lambda': 5.0}
2026-04-27 16:41:51,933 INFO     [pooled]   fold 3: score=0.5309  params={'max_depth': 4, 'min_child_weight': 5, 'reg_lambda': 10.0}
2026-04-27 16:41:51,933 INFO     [pooled]   fold 3: score=0.5154  params={'max_depth': 4, 'min_child_weight': 10, 'reg_lambda': 1.0}
2026-04-27 16:41:51,933 INFO     [pooled]   fold 3: score=0.5279  params={'max_depth': 4, 'min_child_weight': 10, 'reg_lambda': 5.0}
2026-04-27 16:41:51,933 INFO     [pooled]   fold 3: score=0.5116  params={'max_depth': 4, 'min_child_weight': 10, 'reg_lambda': 10.0}
2026-04-27 16:41:51,933 INFO     [pooled]   fold 3: score=0.5287  params={'max_depth': 5, 'min_child_weight': 3, 'reg_lambda': 1.0}
2026-04-27 16:41:51,933 INFO     [pooled]   fold 3: score=0.5306  params={'max_depth': 5, 'min_child_weight': 3, 'reg_lambda': 5.0}
2026-04-27 16:41:51,933 INFO     [pooled]   fold 3: score=0.5303  params={'max_depth': 5, 'min_child_weight': 3, 'reg_lambda': 10.0}
2026-04-27 16:41:51,933 INFO     [pooled]   fold 3: score=0.5427  params={'max_depth': 5, 'min_child_weight': 5, 'reg_lambda': 1.0}
2026-04-27 16:41:51,933 INFO     [pooled]   fold 3: score=0.5387  params={'max_depth': 5, 'min_child_weight': 5, 'reg_lambda': 5.0}
2026-04-27 16:41:51,933 INFO     [pooled]   fold 3: score=0.5456  params={'max_depth': 5, 'min_child_weight': 5, 'reg_lambda': 10.0}
2026-04-27 16:41:51,933 INFO     [pooled]   fold 3: score=0.5268  params={'max_depth': 5, 'min_child_weight': 10, 'reg_lambda': 1.0}
2026-04-27 16:41:51,933 INFO     [pooled]   fold 3: score=0.5152  params={'max_depth': 5, 'min_child_weight': 10, 'reg_lambda': 5.0}
2026-04-27 16:41:51,933 INFO     [pooled]   fold 3: score=0.5318  params={'max_depth': 5, 'min_child_weight': 10, 'reg_lambda': 10.0}
2026-04-27 16:41:51,933 INFO     [pooled]   fold 3: score=0.5302  params={'max_depth': 6, 'min_child_weight': 3, 'reg_lambda': 1.0}
2026-04-27 16:41:51,933 INFO     [pooled]   fold 3: score=0.5137  params={'max_depth': 6, 'min_child_weight': 3, 'reg_lambda': 5.0}
2026-04-27 16:41:51,933 INFO     [pooled]   fold 3: score=0.4989  params={'max_depth': 6, 'min_child_weight': 3, 'reg_lambda': 10.0}
2026-04-27 16:41:51,933 INFO     [pooled]   fold 3: score=0.5242  params={'max_depth': 6, 'min_child_weight': 5, 'reg_lambda': 1.0}
2026-04-27 16:41:51,933 INFO     [pooled]   fold 3: score=0.5322  params={'max_depth': 6, 'min_child_weight': 5, 'reg_lambda': 5.0}
2026-04-27 16:41:51,933 INFO     [pooled]   fold 3: score=0.5333  params={'max_depth': 6, 'min_child_weight': 5, 'reg_lambda': 10.0}
2026-04-27 16:41:51,933 INFO     [pooled]   fold 3: score=0.5052  params={'max_depth': 6, 'min_child_weight': 10, 'reg_lambda': 1.0}
2026-04-27 16:41:51,933 INFO     [pooled]   fold 3: score=0.5242  params={'max_depth': 6, 'min_child_weight': 10, 'reg_lambda': 5.0}
2026-04-27 16:41:51,933 INFO     [pooled]   fold 3: score=0.5399  params={'max_depth': 6, 'min_child_weight': 10, 'reg_lambda': 10.0}
2026-04-27 16:41:51,934 INFO     [pooled] Saved tuned params to /Users/amos/Code/Stock Market AI Bot/models/pooled_best_xgb_params.json
2026-04-27 16:41:53,052 INFO     [pooled] Feature pruning: 1128 → 58 cols  (30 base kept of 1100, 1070 dropped, 28 dummies always kept)
2026-04-27 16:41:53,089 INFO     build_models: applying tuned param overrides: {'max_depth': 5, 'min_child_weight': 5, 'reg_lambda': 1.0}
2026-04-27 16:41:53,089 INFO     build_models: class balance via sample_weight  (n_pos=2091, n_neg=2014, w_pos=0.963)
2026-04-27 16:41:53,408 INFO     [pooled] h5 class balance: n_pos=2277  n_neg=1828  w_pos=0.803
2026-04-27 16:41:53,443 INFO     [pooled] h5 model trained on 4105 rows
2026-04-27 16:41:53,450 INFO     [pooled] Confidence threshold: 52.5 (fallback=True)
2026-04-27 16:41:53,455 INFO     [pooled] Test accuracy: 49.78%  baseline: 49.69%  threshold: 52.5%
2026-04-27 16:41:53,455 WARNING  [pooled] Confidence diagnostics failed: confidence_not_correlated_with_correctness; bucket_precision_not_monotonic
2026-04-27 16:41:53,537 INFO     [pooled] Saved results plot /Users/amos/Code/Stock Market AI Bot/models/pooled_xgb_only_results.png
2026-04-27 16:41:53,604 INFO     [pooled] Saved per-ticker plot /Users/amos/Code/Stock Market AI Bot/models/pooled_ticker_accuracy.png
2026-04-27 16:41:53,606 INFO     [pooled] Saved h5 model to pooled_xgb_dir_h5.json
2026-04-27 16:41:53,610 INFO     [pooled] Saved artefacts for AAPL
2026-04-27 16:41:53,613 INFO     [pooled] Saved artefacts for ABBV
2026-04-27 16:41:53,616 INFO     [pooled] Saved artefacts for AMD
2026-04-27 16:41:53,619 INFO     [pooled] Saved artefacts for AMZN
2026-04-27 16:41:53,622 INFO     [pooled] Saved artefacts for BAC
2026-04-27 16:41:53,625 INFO     [pooled] Saved artefacts for BRK-B
2026-04-27 16:41:53,628 INFO     [pooled] Saved artefacts for BTC-USD
2026-04-27 16:41:53,631 INFO     [pooled] Saved artefacts for CAT
2026-04-27 16:41:53,633 INFO     [pooled] Saved artefacts for COST
2026-04-27 16:41:53,636 INFO     [pooled] Saved artefacts for CVX
2026-04-27 16:41:53,639 INFO     [pooled] Saved artefacts for DE
2026-04-27 16:41:53,642 INFO     [pooled] Saved artefacts for GOOGL
2026-04-27 16:41:53,644 INFO     [pooled] Saved artefacts for GS
2026-04-27 16:41:53,647 INFO     [pooled] Saved artefacts for HD
2026-04-27 16:41:53,651 INFO     [pooled] Saved artefacts for INTC
2026-04-27 16:41:53,653 INFO     [pooled] Saved artefacts for JNJ
2026-04-27 16:41:53,656 INFO     [pooled] Saved artefacts for JPM
2026-04-27 16:41:53,659 INFO     [pooled] Saved artefacts for LLY
2026-04-27 16:41:53,662 INFO     [pooled] Saved artefacts for MA
2026-04-27 16:41:53,664 INFO     [pooled] Saved artefacts for META
2026-04-27 16:41:53,667 INFO     [pooled] Saved artefacts for MSFT
2026-04-27 16:41:53,671 INFO     [pooled] Saved artefacts for MU
2026-04-27 16:41:53,673 INFO     [pooled] Saved artefacts for NVDA
2026-04-27 16:41:53,675 INFO     [pooled] Saved artefacts for PG
2026-04-27 16:41:53,678 INFO     [pooled] Saved artefacts for TSLA
2026-04-27 16:41:53,681 INFO     [pooled] Saved artefacts for UNH
2026-04-27 16:41:53,683 INFO     [pooled] Saved artefacts for V
2026-04-27 16:41:53,686 INFO     [pooled] Saved artefacts for XOM
2026-04-27 16:41:53,686 INFO     [pooled] Done. 28 tickers, 49.78% acc vs 49.69% baseline
2026-04-27 16:51:05,064 INFO     POOLED_TRAINING=True — training cross-sectional model on all tickers (tune_hyperparams=True)
2026-04-27 16:51:05,065 INFO     [pooled] Starting cross-sectional training on 42 tickers
2026-04-27 16:51:05,556 INFO     [pooled] Common feature set: 105 features across 42 tickers
2026-04-27 16:51:10,525 INFO     [pooled] Train rows: 6205  Calib rows: 23607  Test rows: 23361
2026-04-27 16:51:10,609 INFO     [pooled] Running nested walk-forward CV hyperparameter search (6205 train rows, 4 outer × 3 inner folds)...
2026-04-27 17:03:55,065 INFO     [pooled] Nested CV best params (avg of 3 folds, mean AUC=0.5262): {'max_depth': 6, 'min_child_weight': 3, 'reg_lambda': 1.0}
2026-04-27 17:03:55,071 INFO     [pooled]   fold 1: score=0.5310  params={'max_depth': 4, 'min_child_weight': 3, 'reg_lambda': 1.0}
2026-04-27 17:03:55,071 INFO     [pooled]   fold 1: score=0.5127  params={'max_depth': 4, 'min_child_weight': 3, 'reg_lambda': 5.0}
2026-04-27 17:03:55,071 INFO     [pooled]   fold 1: score=0.5238  params={'max_depth': 4, 'min_child_weight': 3, 'reg_lambda': 10.0}
2026-04-27 17:03:55,071 INFO     [pooled]   fold 1: score=0.5280  params={'max_depth': 4, 'min_child_weight': 5, 'reg_lambda': 1.0}
2026-04-27 17:03:55,071 INFO     [pooled]   fold 1: score=0.5087  params={'max_depth': 4, 'min_child_weight': 5, 'reg_lambda': 5.0}
2026-04-27 17:03:55,071 INFO     [pooled]   fold 1: score=0.5364  params={'max_depth': 4, 'min_child_weight': 5, 'reg_lambda': 10.0}
2026-04-27 17:03:55,071 INFO     [pooled]   fold 1: score=0.5223  params={'max_depth': 4, 'min_child_weight': 10, 'reg_lambda': 1.0}
2026-04-27 17:03:55,071 INFO     [pooled]   fold 1: score=0.5202  params={'max_depth': 4, 'min_child_weight': 10, 'reg_lambda': 5.0}
2026-04-27 17:03:55,071 INFO     [pooled]   fold 1: score=0.5128  params={'max_depth': 4, 'min_child_weight': 10, 'reg_lambda': 10.0}
2026-04-27 17:03:55,071 INFO     [pooled]   fold 1: score=0.5258  params={'max_depth': 5, 'min_child_weight': 3, 'reg_lambda': 1.0}
2026-04-27 17:03:55,071 INFO     [pooled]   fold 1: score=0.5395  params={'max_depth': 5, 'min_child_weight': 3, 'reg_lambda': 5.0}
2026-04-27 17:03:55,071 INFO     [pooled]   fold 1: score=0.5387  params={'max_depth': 5, 'min_child_weight': 3, 'reg_lambda': 10.0}
2026-04-27 17:03:55,071 INFO     [pooled]   fold 1: score=0.5398  params={'max_depth': 5, 'min_child_weight': 5, 'reg_lambda': 1.0}
2026-04-27 17:03:55,071 INFO     [pooled]   fold 1: score=0.5425  params={'max_depth': 5, 'min_child_weight': 5, 'reg_lambda': 5.0}
2026-04-27 17:03:55,071 INFO     [pooled]   fold 1: score=0.5211  params={'max_depth': 5, 'min_child_weight': 5, 'reg_lambda': 10.0}
2026-04-27 17:03:55,071 INFO     [pooled]   fold 1: score=0.5371  params={'max_depth': 5, 'min_child_weight': 10, 'reg_lambda': 1.0}
2026-04-27 17:03:55,071 INFO     [pooled]   fold 1: score=0.5216  params={'max_depth': 5, 'min_child_weight': 10, 'reg_lambda': 5.0}
2026-04-27 17:03:55,071 INFO     [pooled]   fold 1: score=0.5443  params={'max_depth': 5, 'min_child_weight': 10, 'reg_lambda': 10.0}
2026-04-27 17:03:55,071 INFO     [pooled]   fold 1: score=0.5285  params={'max_depth': 6, 'min_child_weight': 3, 'reg_lambda': 1.0}
2026-04-27 17:03:55,071 INFO     [pooled]   fold 1: score=0.5251  params={'max_depth': 6, 'min_child_weight': 3, 'reg_lambda': 5.0}
2026-04-27 17:03:55,071 INFO     [pooled]   fold 1: score=0.5278  params={'max_depth': 6, 'min_child_weight': 3, 'reg_lambda': 10.0}
2026-04-27 17:03:55,071 INFO     [pooled]   fold 1: score=0.5625  params={'max_depth': 6, 'min_child_weight': 5, 'reg_lambda': 1.0}
2026-04-27 17:03:55,071 INFO     [pooled]   fold 1: score=0.5485  params={'max_depth': 6, 'min_child_weight': 5, 'reg_lambda': 5.0}
2026-04-27 17:03:55,071 INFO     [pooled]   fold 1: score=0.5202  params={'max_depth': 6, 'min_child_weight': 5, 'reg_lambda': 10.0}
2026-04-27 17:03:55,071 INFO     [pooled]   fold 1: score=0.5466  params={'max_depth': 6, 'min_child_weight': 10, 'reg_lambda': 1.0}
2026-04-27 17:03:55,071 INFO     [pooled]   fold 1: score=0.5418  params={'max_depth': 6, 'min_child_weight': 10, 'reg_lambda': 5.0}
2026-04-27 17:03:55,071 INFO     [pooled]   fold 1: score=0.5336  params={'max_depth': 6, 'min_child_weight': 10, 'reg_lambda': 10.0}
2026-04-27 17:03:55,071 INFO     [pooled]   fold 2: score=0.5118  params={'max_depth': 4, 'min_child_weight': 3, 'reg_lambda': 1.0}
2026-04-27 17:03:55,071 INFO     [pooled]   fold 2: score=0.4726  params={'max_depth': 4, 'min_child_weight': 3, 'reg_lambda': 5.0}
2026-04-27 17:03:55,071 INFO     [pooled]   fold 2: score=0.4595  params={'max_depth': 4, 'min_child_weight': 3, 'reg_lambda': 10.0}
2026-04-27 17:03:55,071 INFO     [pooled]   fold 2: score=0.4795  params={'max_depth': 4, 'min_child_weight': 5, 'reg_lambda': 1.0}
2026-04-27 17:03:55,071 INFO     [pooled]   fold 2: score=0.4751  params={'max_depth': 4, 'min_child_weight': 5, 'reg_lambda': 5.0}
2026-04-27 17:03:55,071 INFO     [pooled]   fold 2: score=0.4771  params={'max_depth': 4, 'min_child_weight': 5, 'reg_lambda': 10.0}
2026-04-27 17:03:55,071 INFO     [pooled]   fold 2: score=0.5024  params={'max_depth': 4, 'min_child_weight': 10, 'reg_lambda': 1.0}
2026-04-27 17:03:55,071 INFO     [pooled]   fold 2: score=0.4867  params={'max_depth': 4, 'min_child_weight': 10, 'reg_lambda': 5.0}
2026-04-27 17:03:55,071 INFO     [pooled]   fold 2: score=0.4559  params={'max_depth': 4, 'min_child_weight': 10, 'reg_lambda': 10.0}
2026-04-27 17:03:55,071 INFO     [pooled]   fold 2: score=0.5132  params={'max_depth': 5, 'min_child_weight': 3, 'reg_lambda': 1.0}
2026-04-27 17:03:55,071 INFO     [pooled]   fold 2: score=0.4846  params={'max_depth': 5, 'min_child_weight': 3, 'reg_lambda': 5.0}
2026-04-27 17:03:55,071 INFO     [pooled]   fold 2: score=0.4455  params={'max_depth': 5, 'min_child_weight': 3, 'reg_lambda': 10.0}
2026-04-27 17:03:55,071 INFO     [pooled]   fold 2: score=0.4850  params={'max_depth': 5, 'min_child_weight': 5, 'reg_lambda': 1.0}
2026-04-27 17:03:55,071 INFO     [pooled]   fold 2: score=0.4650  params={'max_depth': 5, 'min_child_weight': 5, 'reg_lambda': 5.0}
2026-04-27 17:03:55,071 INFO     [pooled]   fold 2: score=0.4751  params={'max_depth': 5, 'min_child_weight': 5, 'reg_lambda': 10.0}
2026-04-27 17:03:55,071 INFO     [pooled]   fold 2: score=0.5304  params={'max_depth': 5, 'min_child_weight': 10, 'reg_lambda': 1.0}
2026-04-27 17:03:55,071 INFO     [pooled]   fold 2: score=0.5006  params={'max_depth': 5, 'min_child_weight': 10, 'reg_lambda': 5.0}
2026-04-27 17:03:55,071 INFO     [pooled]   fold 2: score=0.4544  params={'max_depth': 5, 'min_child_weight': 10, 'reg_lambda': 10.0}
2026-04-27 17:03:55,071 INFO     [pooled]   fold 2: score=0.5377  params={'max_depth': 6, 'min_child_weight': 3, 'reg_lambda': 1.0}
2026-04-27 17:03:55,071 INFO     [pooled]   fold 2: score=0.4442  params={'max_depth': 6, 'min_child_weight': 3, 'reg_lambda': 5.0}
2026-04-27 17:03:55,071 INFO     [pooled]   fold 2: score=0.4489  params={'max_depth': 6, 'min_child_weight': 3, 'reg_lambda': 10.0}
2026-04-27 17:03:55,071 INFO     [pooled]   fold 2: score=0.5126  params={'max_depth': 6, 'min_child_weight': 5, 'reg_lambda': 1.0}
2026-04-27 17:03:55,071 INFO     [pooled]   fold 2: score=0.5045  params={'max_depth': 6, 'min_child_weight': 5, 'reg_lambda': 5.0}
2026-04-27 17:03:55,071 INFO     [pooled]   fold 2: score=0.4680  params={'max_depth': 6, 'min_child_weight': 5, 'reg_lambda': 10.0}
2026-04-27 17:03:55,071 INFO     [pooled]   fold 2: score=0.5092  params={'max_depth': 6, 'min_child_weight': 10, 'reg_lambda': 1.0}
2026-04-27 17:03:55,071 INFO     [pooled]   fold 2: score=0.4707  params={'max_depth': 6, 'min_child_weight': 10, 'reg_lambda': 5.0}
2026-04-27 17:03:55,071 INFO     [pooled]   fold 2: score=0.4803  params={'max_depth': 6, 'min_child_weight': 10, 'reg_lambda': 10.0}
2026-04-27 17:03:55,071 INFO     [pooled]   fold 3: score=0.4719  params={'max_depth': 4, 'min_child_weight': 3, 'reg_lambda': 1.0}
2026-04-27 17:03:55,071 INFO     [pooled]   fold 3: score=0.5095  params={'max_depth': 4, 'min_child_weight': 3, 'reg_lambda': 5.0}
2026-04-27 17:03:55,071 INFO     [pooled]   fold 3: score=0.4963  params={'max_depth': 4, 'min_child_weight': 3, 'reg_lambda': 10.0}
2026-04-27 17:03:55,072 INFO     [pooled]   fold 3: score=0.4841  params={'max_depth': 4, 'min_child_weight': 5, 'reg_lambda': 1.0}
2026-04-27 17:03:55,072 INFO     [pooled]   fold 3: score=0.4926  params={'max_depth': 4, 'min_child_weight': 5, 'reg_lambda': 5.0}
2026-04-27 17:03:55,072 INFO     [pooled]   fold 3: score=0.4642  params={'max_depth': 4, 'min_child_weight': 5, 'reg_lambda': 10.0}
2026-04-27 17:03:55,072 INFO     [pooled]   fold 3: score=0.4627  params={'max_depth': 4, 'min_child_weight': 10, 'reg_lambda': 1.0}
2026-04-27 17:03:55,072 INFO     [pooled]   fold 3: score=0.4790  params={'max_depth': 4, 'min_child_weight': 10, 'reg_lambda': 5.0}
2026-04-27 17:03:55,072 INFO     [pooled]   fold 3: score=0.4820  params={'max_depth': 4, 'min_child_weight': 10, 'reg_lambda': 10.0}
2026-04-27 17:03:55,072 INFO     [pooled]   fold 3: score=0.5109  params={'max_depth': 5, 'min_child_weight': 3, 'reg_lambda': 1.0}
2026-04-27 17:03:55,072 INFO     [pooled]   fold 3: score=0.5071  params={'max_depth': 5, 'min_child_weight': 3, 'reg_lambda': 5.0}
2026-04-27 17:03:55,072 INFO     [pooled]   fold 3: score=0.4785  params={'max_depth': 5, 'min_child_weight': 3, 'reg_lambda': 10.0}
2026-04-27 17:03:55,072 INFO     [pooled]   fold 3: score=0.4490  params={'max_depth': 5, 'min_child_weight': 5, 'reg_lambda': 1.0}
2026-04-27 17:03:55,072 INFO     [pooled]   fold 3: score=0.5070  params={'max_depth': 5, 'min_child_weight': 5, 'reg_lambda': 5.0}
2026-04-27 17:03:55,072 INFO     [pooled]   fold 3: score=0.5009  params={'max_depth': 5, 'min_child_weight': 5, 'reg_lambda': 10.0}
2026-04-27 17:03:55,072 INFO     [pooled]   fold 3: score=0.4826  params={'max_depth': 5, 'min_child_weight': 10, 'reg_lambda': 1.0}
2026-04-27 17:03:55,072 INFO     [pooled]   fold 3: score=0.4987  params={'max_depth': 5, 'min_child_weight': 10, 'reg_lambda': 5.0}
2026-04-27 17:03:55,072 INFO     [pooled]   fold 3: score=0.4873  params={'max_depth': 5, 'min_child_weight': 10, 'reg_lambda': 10.0}
2026-04-27 17:03:55,072 INFO     [pooled]   fold 3: score=0.5122  params={'max_depth': 6, 'min_child_weight': 3, 'reg_lambda': 1.0}
2026-04-27 17:03:55,072 INFO     [pooled]   fold 3: score=0.4907  params={'max_depth': 6, 'min_child_weight': 3, 'reg_lambda': 5.0}
2026-04-27 17:03:55,072 INFO     [pooled]   fold 3: score=0.4596  params={'max_depth': 6, 'min_child_weight': 3, 'reg_lambda': 10.0}
2026-04-27 17:03:55,072 INFO     [pooled]   fold 3: score=0.5000  params={'max_depth': 6, 'min_child_weight': 5, 'reg_lambda': 1.0}
2026-04-27 17:03:55,072 INFO     [pooled]   fold 3: score=0.4720  params={'max_depth': 6, 'min_child_weight': 5, 'reg_lambda': 5.0}
2026-04-27 17:03:55,072 INFO     [pooled]   fold 3: score=0.5215  params={'max_depth': 6, 'min_child_weight': 5, 'reg_lambda': 10.0}
2026-04-27 17:03:55,072 INFO     [pooled]   fold 3: score=0.5005  params={'max_depth': 6, 'min_child_weight': 10, 'reg_lambda': 1.0}
2026-04-27 17:03:55,072 INFO     [pooled]   fold 3: score=0.4691  params={'max_depth': 6, 'min_child_weight': 10, 'reg_lambda': 5.0}
2026-04-27 17:03:55,072 INFO     [pooled]   fold 3: score=0.4816  params={'max_depth': 6, 'min_child_weight': 10, 'reg_lambda': 10.0}
2026-04-27 17:03:55,072 INFO     [pooled] Saved tuned params to /Users/amos/Code/Stock Market AI Bot/models/pooled_best_xgb_params.json
2026-04-27 17:03:56,744 INFO     [pooled] Feature pruning: 1142 → 72 cols  (30 base kept of 1100, 1070 dropped, 42 dummies always kept)
2026-04-27 17:03:56,803 INFO     build_models: applying tuned param overrides: {'max_depth': 6, 'min_child_weight': 3, 'reg_lambda': 1.0}
2026-04-27 17:03:56,803 INFO     build_models: class balance via sample_weight  (n_pos=3156, n_neg=3049, w_pos=0.966)
2026-04-27 17:03:57,213 INFO     [pooled] h5 class balance: n_pos=3435  n_neg=2770  w_pos=0.806
2026-04-27 17:03:57,255 INFO     [pooled] h5 model trained on 6205 rows
2026-04-27 17:03:57,267 INFO     [pooled] Confidence threshold: 52.5 (fallback=True)
2026-04-27 17:03:57,274 INFO     [pooled] Test accuracy: 49.00%  baseline: 49.57%  threshold: 52.5%
2026-04-27 17:03:57,274 WARNING  [pooled] Confidence diagnostics failed: confidence_not_correlated_with_correctness
2026-04-27 17:03:57,358 INFO     [pooled] Saved results plot /Users/amos/Code/Stock Market AI Bot/models/pooled_xgb_only_results.png
2026-04-27 17:03:57,447 INFO     [pooled] Saved per-ticker plot /Users/amos/Code/Stock Market AI Bot/models/pooled_ticker_accuracy.png
2026-04-27 17:03:57,450 INFO     [pooled] Saved h5 model to pooled_xgb_dir_h5.json
2026-04-27 17:03:57,454 INFO     [pooled] Saved artefacts for AAPL
2026-04-27 17:03:57,458 INFO     [pooled] Saved artefacts for ABBV
2026-04-27 17:03:57,461 INFO     [pooled] Saved artefacts for AMD
2026-04-27 17:03:57,465 INFO     [pooled] Saved artefacts for AMT
2026-04-27 17:03:57,468 INFO     [pooled] Saved artefacts for AMZN
2026-04-27 17:03:57,471 INFO     [pooled] Saved artefacts for BAC
2026-04-27 17:03:57,475 INFO     [pooled] Saved artefacts for BRK-B
2026-04-27 17:03:57,478 INFO     [pooled] Saved artefacts for BTC-USD
2026-04-27 17:03:57,481 INFO     [pooled] Saved artefacts for CAT
2026-04-27 17:03:57,484 INFO     [pooled] Saved artefacts for COST
2026-04-27 17:03:57,487 INFO     [pooled] Saved artefacts for CVX
2026-04-27 17:03:57,490 INFO     [pooled] Saved artefacts for DE
2026-04-27 17:03:57,494 INFO     [pooled] Saved artefacts for DUK
2026-04-27 17:03:57,496 INFO     [pooled] Saved artefacts for EQIX
2026-04-27 17:03:57,499 INFO     [pooled] Saved artefacts for FCX
2026-04-27 17:03:57,503 INFO     [pooled] Saved artefacts for GOOGL
2026-04-27 17:03:57,506 INFO     [pooled] Saved artefacts for GS
2026-04-27 17:03:57,509 INFO     [pooled] Saved artefacts for HD
2026-04-27 17:03:57,512 INFO     [pooled] Saved artefacts for INTC
2026-04-27 17:03:57,517 INFO     [pooled] Saved artefacts for JNJ
2026-04-27 17:03:57,520 INFO     [pooled] Saved artefacts for JPM
2026-04-27 17:03:57,523 INFO     [pooled] Saved artefacts for KO
2026-04-27 17:03:57,526 INFO     [pooled] Saved artefacts for LIN
2026-04-27 17:03:57,529 INFO     [pooled] Saved artefacts for LLY
2026-04-27 17:03:57,532 INFO     [pooled] Saved artefacts for MA
2026-04-27 17:03:57,535 INFO     [pooled] Saved artefacts for MCD
2026-04-27 17:03:57,538 INFO     [pooled] Saved artefacts for META
2026-04-27 17:03:57,541 INFO     [pooled] Saved artefacts for MSFT
2026-04-27 17:03:57,544 INFO     [pooled] Saved artefacts for MU
2026-04-27 17:03:57,547 INFO     [pooled] Saved artefacts for NEE
2026-04-27 17:03:57,550 INFO     [pooled] Saved artefacts for NVDA
2026-04-27 17:03:57,553 INFO     [pooled] Saved artefacts for PEP
2026-04-27 17:03:57,556 INFO     [pooled] Saved artefacts for PG
2026-04-27 17:03:57,559 INFO     [pooled] Saved artefacts for PLD
2026-04-27 17:03:57,562 INFO     [pooled] Saved artefacts for SO
2026-04-27 17:03:57,565 INFO     [pooled] Saved artefacts for TSLA
2026-04-27 17:03:57,567 INFO     [pooled] Saved artefacts for UNH
2026-04-27 17:03:57,570 INFO     [pooled] Saved artefacts for UNP
2026-04-27 17:03:57,574 INFO     [pooled] Saved artefacts for UPS
2026-04-27 17:03:57,576 INFO     [pooled] Saved artefacts for V
2026-04-27 17:03:57,579 INFO     [pooled] Saved artefacts for WMT
2026-04-27 17:03:57,582 INFO     [pooled] Saved artefacts for XOM
2026-04-27 17:03:57,583 INFO     [pooled] Done. 42 tickers, 49.00% acc vs 49.57% baseline
2026-04-27 20:39:06,120 INFO     Leakage audit output:
[leakage_audit] wrote /Users/amos/Code/Stock Market AI Bot/logs/leakage_audit.json
[leakage_audit] all tickers passed.
2026-04-27 20:39:06,121 INFO     POOLED_TRAINING=True — training cross-sectional model on all tickers (tune_hyperparams=True)
2026-04-27 20:39:06,121 INFO     [pooled] Starting cross-sectional training on 44 tickers
2026-04-27 20:39:06,752 INFO     [pooled] Common feature set: 89 features across 44 tickers
2026-04-27 20:39:12,455 INFO     [pooled] Train rows: 6493  Calib rows: 24719  Test rows: 24461
2026-04-27 20:39:12,547 INFO     [pooled] Running nested walk-forward CV hyperparameter search (6493 train rows, 4 outer × 3 inner folds)...
2026-04-27 20:52:26,469 INFO     [pooled] Nested CV best params (avg of 3 folds, mean AUC=0.5116): {'max_depth': 6, 'min_child_weight': 3, 'reg_lambda': 1.0}
2026-04-27 20:52:26,472 INFO     [pooled]   fold 1: score=0.5283  params={'max_depth': 4, 'min_child_weight': 3, 'reg_lambda': 1.0}
2026-04-27 20:52:26,472 INFO     [pooled]   fold 1: score=0.5175  params={'max_depth': 4, 'min_child_weight': 3, 'reg_lambda': 5.0}
2026-04-27 20:52:26,472 INFO     [pooled]   fold 1: score=0.5266  params={'max_depth': 4, 'min_child_weight': 3, 'reg_lambda': 10.0}
2026-04-27 20:52:26,472 INFO     [pooled]   fold 1: score=0.5322  params={'max_depth': 4, 'min_child_weight': 5, 'reg_lambda': 1.0}
2026-04-27 20:52:26,472 INFO     [pooled]   fold 1: score=0.5128  params={'max_depth': 4, 'min_child_weight': 5, 'reg_lambda': 5.0}
2026-04-27 20:52:26,472 INFO     [pooled]   fold 1: score=0.5440  params={'max_depth': 4, 'min_child_weight': 5, 'reg_lambda': 10.0}
2026-04-27 20:52:26,472 INFO     [pooled]   fold 1: score=0.5330  params={'max_depth': 4, 'min_child_weight': 10, 'reg_lambda': 1.0}
2026-04-27 20:52:26,472 INFO     [pooled]   fold 1: score=0.5379  params={'max_depth': 4, 'min_child_weight': 10, 'reg_lambda': 5.0}
2026-04-27 20:52:26,472 INFO     [pooled]   fold 1: score=0.5499  params={'max_depth': 4, 'min_child_weight': 10, 'reg_lambda': 10.0}
2026-04-27 20:52:26,472 INFO     [pooled]   fold 1: score=0.5269  params={'max_depth': 5, 'min_child_weight': 3, 'reg_lambda': 1.0}
2026-04-27 20:52:26,472 INFO     [pooled]   fold 1: score=0.5172  params={'max_depth': 5, 'min_child_weight': 3, 'reg_lambda': 5.0}
2026-04-27 20:52:26,472 INFO     [pooled]   fold 1: score=0.4967  params={'max_depth': 5, 'min_child_weight': 3, 'reg_lambda': 10.0}
2026-04-27 20:52:26,472 INFO     [pooled]   fold 1: score=0.5055  params={'max_depth': 5, 'min_child_weight': 5, 'reg_lambda': 1.0}
2026-04-27 20:52:26,472 INFO     [pooled]   fold 1: score=0.5226  params={'max_depth': 5, 'min_child_weight': 5, 'reg_lambda': 5.0}
2026-04-27 20:52:26,472 INFO     [pooled]   fold 1: score=0.5230  params={'max_depth': 5, 'min_child_weight': 5, 'reg_lambda': 10.0}
2026-04-27 20:52:26,472 INFO     [pooled]   fold 1: score=0.5279  params={'max_depth': 5, 'min_child_weight': 10, 'reg_lambda': 1.0}
2026-04-27 20:52:26,472 INFO     [pooled]   fold 1: score=0.5245  params={'max_depth': 5, 'min_child_weight': 10, 'reg_lambda': 5.0}
2026-04-27 20:52:26,472 INFO     [pooled]   fold 1: score=0.5411  params={'max_depth': 5, 'min_child_weight': 10, 'reg_lambda': 10.0}
2026-04-27 20:52:26,472 INFO     [pooled]   fold 1: score=0.5326  params={'max_depth': 6, 'min_child_weight': 3, 'reg_lambda': 1.0}
2026-04-27 20:52:26,472 INFO     [pooled]   fold 1: score=0.5042  params={'max_depth': 6, 'min_child_weight': 3, 'reg_lambda': 5.0}
2026-04-27 20:52:26,472 INFO     [pooled]   fold 1: score=0.5151  params={'max_depth': 6, 'min_child_weight': 3, 'reg_lambda': 10.0}
2026-04-27 20:52:26,472 INFO     [pooled]   fold 1: score=0.5025  params={'max_depth': 6, 'min_child_weight': 5, 'reg_lambda': 1.0}
2026-04-27 20:52:26,472 INFO     [pooled]   fold 1: score=0.5306  params={'max_depth': 6, 'min_child_weight': 5, 'reg_lambda': 5.0}
2026-04-27 20:52:26,472 INFO     [pooled]   fold 1: score=0.5271  params={'max_depth': 6, 'min_child_weight': 5, 'reg_lambda': 10.0}
2026-04-27 20:52:26,472 INFO     [pooled]   fold 1: score=0.4966  params={'max_depth': 6, 'min_child_weight': 10, 'reg_lambda': 1.0}
2026-04-27 20:52:26,472 INFO     [pooled]   fold 1: score=0.5116  params={'max_depth': 6, 'min_child_weight': 10, 'reg_lambda': 5.0}
2026-04-27 20:52:26,472 INFO     [pooled]   fold 1: score=0.5375  params={'max_depth': 6, 'min_child_weight': 10, 'reg_lambda': 10.0}
2026-04-27 20:52:26,472 INFO     [pooled]   fold 2: score=0.5128  params={'max_depth': 4, 'min_child_weight': 3, 'reg_lambda': 1.0}
2026-04-27 20:52:26,472 INFO     [pooled]   fold 2: score=0.4690  params={'max_depth': 4, 'min_child_weight': 3, 'reg_lambda': 5.0}
2026-04-27 20:52:26,472 INFO     [pooled]   fold 2: score=0.4678  params={'max_depth': 4, 'min_child_weight': 3, 'reg_lambda': 10.0}
2026-04-27 20:52:26,472 INFO     [pooled]   fold 2: score=0.4930  params={'max_depth': 4, 'min_child_weight': 5, 'reg_lambda': 1.0}
2026-04-27 20:52:26,472 INFO     [pooled]   fold 2: score=0.5010  params={'max_depth': 4, 'min_child_weight': 5, 'reg_lambda': 5.0}
2026-04-27 20:52:26,472 INFO     [pooled]   fold 2: score=0.4924  params={'max_depth': 4, 'min_child_weight': 5, 'reg_lambda': 10.0}
2026-04-27 20:52:26,472 INFO     [pooled]   fold 2: score=0.4909  params={'max_depth': 4, 'min_child_weight': 10, 'reg_lambda': 1.0}
2026-04-27 20:52:26,472 INFO     [pooled]   fold 2: score=0.4782  params={'max_depth': 4, 'min_child_weight': 10, 'reg_lambda': 5.0}
2026-04-27 20:52:26,472 INFO     [pooled]   fold 2: score=0.4603  params={'max_depth': 4, 'min_child_weight': 10, 'reg_lambda': 10.0}
2026-04-27 20:52:26,472 INFO     [pooled]   fold 2: score=0.4873  params={'max_depth': 5, 'min_child_weight': 3, 'reg_lambda': 1.0}
2026-04-27 20:52:26,472 INFO     [pooled]   fold 2: score=0.4674  params={'max_depth': 5, 'min_child_weight': 3, 'reg_lambda': 5.0}
2026-04-27 20:52:26,472 INFO     [pooled]   fold 2: score=0.4880  params={'max_depth': 5, 'min_child_weight': 3, 'reg_lambda': 10.0}
2026-04-27 20:52:26,472 INFO     [pooled]   fold 2: score=0.5114  params={'max_depth': 5, 'min_child_weight': 5, 'reg_lambda': 1.0}
2026-04-27 20:52:26,472 INFO     [pooled]   fold 2: score=0.4700  params={'max_depth': 5, 'min_child_weight': 5, 'reg_lambda': 5.0}
2026-04-27 20:52:26,472 INFO     [pooled]   fold 2: score=0.4819  params={'max_depth': 5, 'min_child_weight': 5, 'reg_lambda': 10.0}
2026-04-27 20:52:26,472 INFO     [pooled]   fold 2: score=0.5025  params={'max_depth': 5, 'min_child_weight': 10, 'reg_lambda': 1.0}
2026-04-27 20:52:26,472 INFO     [pooled]   fold 2: score=0.4620  params={'max_depth': 5, 'min_child_weight': 10, 'reg_lambda': 5.0}
2026-04-27 20:52:26,472 INFO     [pooled]   fold 2: score=0.4670  params={'max_depth': 5, 'min_child_weight': 10, 'reg_lambda': 10.0}
2026-04-27 20:52:26,472 INFO     [pooled]   fold 2: score=0.5078  params={'max_depth': 6, 'min_child_weight': 3, 'reg_lambda': 1.0}
2026-04-27 20:52:26,472 INFO     [pooled]   fold 2: score=0.4842  params={'max_depth': 6, 'min_child_weight': 3, 'reg_lambda': 5.0}
2026-04-27 20:52:26,472 INFO     [pooled]   fold 2: score=0.4884  params={'max_depth': 6, 'min_child_weight': 3, 'reg_lambda': 10.0}
2026-04-27 20:52:26,472 INFO     [pooled]   fold 2: score=0.4850  params={'max_depth': 6, 'min_child_weight': 5, 'reg_lambda': 1.0}
2026-04-27 20:52:26,472 INFO     [pooled]   fold 2: score=0.4588  params={'max_depth': 6, 'min_child_weight': 5, 'reg_lambda': 5.0}
2026-04-27 20:52:26,472 INFO     [pooled]   fold 2: score=0.5053  params={'max_depth': 6, 'min_child_weight': 5, 'reg_lambda': 10.0}
2026-04-27 20:52:26,472 INFO     [pooled]   fold 2: score=0.4844  params={'max_depth': 6, 'min_child_weight': 10, 'reg_lambda': 1.0}
2026-04-27 20:52:26,472 INFO     [pooled]   fold 2: score=0.5126  params={'max_depth': 6, 'min_child_weight': 10, 'reg_lambda': 5.0}
2026-04-27 20:52:26,472 INFO     [pooled]   fold 2: score=0.4872  params={'max_depth': 6, 'min_child_weight': 10, 'reg_lambda': 10.0}
2026-04-27 20:52:26,472 INFO     [pooled]   fold 3: score=0.4874  params={'max_depth': 4, 'min_child_weight': 3, 'reg_lambda': 1.0}
2026-04-27 20:52:26,472 INFO     [pooled]   fold 3: score=0.4915  params={'max_depth': 4, 'min_child_weight': 3, 'reg_lambda': 5.0}
2026-04-27 20:52:26,472 INFO     [pooled]   fold 3: score=0.4929  params={'max_depth': 4, 'min_child_weight': 3, 'reg_lambda': 10.0}
2026-04-27 20:52:26,472 INFO     [pooled]   fold 3: score=0.5060  params={'max_depth': 4, 'min_child_weight': 5, 'reg_lambda': 1.0}
2026-04-27 20:52:26,472 INFO     [pooled]   fold 3: score=0.5001  params={'max_depth': 4, 'min_child_weight': 5, 'reg_lambda': 5.0}
2026-04-27 20:52:26,472 INFO     [pooled]   fold 3: score=0.4769  params={'max_depth': 4, 'min_child_weight': 5, 'reg_lambda': 10.0}
2026-04-27 20:52:26,472 INFO     [pooled]   fold 3: score=0.4756  params={'max_depth': 4, 'min_child_weight': 10, 'reg_lambda': 1.0}
2026-04-27 20:52:26,472 INFO     [pooled]   fold 3: score=0.4645  params={'max_depth': 4, 'min_child_weight': 10, 'reg_lambda': 5.0}
2026-04-27 20:52:26,472 INFO     [pooled]   fold 3: score=0.4899  params={'max_depth': 4, 'min_child_weight': 10, 'reg_lambda': 10.0}
2026-04-27 20:52:26,472 INFO     [pooled]   fold 3: score=0.4700  params={'max_depth': 5, 'min_child_weight': 3, 'reg_lambda': 1.0}
2026-04-27 20:52:26,472 INFO     [pooled]   fold 3: score=0.4850  params={'max_depth': 5, 'min_child_weight': 3, 'reg_lambda': 5.0}
2026-04-27 20:52:26,472 INFO     [pooled]   fold 3: score=0.4926  params={'max_depth': 5, 'min_child_weight': 3, 'reg_lambda': 10.0}
2026-04-27 20:52:26,472 INFO     [pooled]   fold 3: score=0.4629  params={'max_depth': 5, 'min_child_weight': 5, 'reg_lambda': 1.0}
2026-04-27 20:52:26,472 INFO     [pooled]   fold 3: score=0.4555  params={'max_depth': 5, 'min_child_weight': 5, 'reg_lambda': 5.0}
2026-04-27 20:52:26,472 INFO     [pooled]   fold 3: score=0.4797  params={'max_depth': 5, 'min_child_weight': 5, 'reg_lambda': 10.0}
2026-04-27 20:52:26,472 INFO     [pooled]   fold 3: score=0.4683  params={'max_depth': 5, 'min_child_weight': 10, 'reg_lambda': 1.0}
2026-04-27 20:52:26,472 INFO     [pooled]   fold 3: score=0.4766  params={'max_depth': 5, 'min_child_weight': 10, 'reg_lambda': 5.0}
2026-04-27 20:52:26,472 INFO     [pooled]   fold 3: score=0.4787  params={'max_depth': 5, 'min_child_weight': 10, 'reg_lambda': 10.0}
2026-04-27 20:52:26,472 INFO     [pooled]   fold 3: score=0.4945  params={'max_depth': 6, 'min_child_weight': 3, 'reg_lambda': 1.0}
2026-04-27 20:52:26,472 INFO     [pooled]   fold 3: score=0.5208  params={'max_depth': 6, 'min_child_weight': 3, 'reg_lambda': 5.0}
2026-04-27 20:52:26,472 INFO     [pooled]   fold 3: score=0.4571  params={'max_depth': 6, 'min_child_weight': 3, 'reg_lambda': 10.0}
2026-04-27 20:52:26,472 INFO     [pooled]   fold 3: score=0.4637  params={'max_depth': 6, 'min_child_weight': 5, 'reg_lambda': 1.0}
2026-04-27 20:52:26,472 INFO     [pooled]   fold 3: score=0.5234  params={'max_depth': 6, 'min_child_weight': 5, 'reg_lambda': 5.0}
2026-04-27 20:52:26,472 INFO     [pooled]   fold 3: score=0.4710  params={'max_depth': 6, 'min_child_weight': 5, 'reg_lambda': 10.0}
2026-04-27 20:52:26,472 INFO     [pooled]   fold 3: score=0.4901  params={'max_depth': 6, 'min_child_weight': 10, 'reg_lambda': 1.0}
2026-04-27 20:52:26,473 INFO     [pooled]   fold 3: score=0.4618  params={'max_depth': 6, 'min_child_weight': 10, 'reg_lambda': 5.0}
2026-04-27 20:52:26,473 INFO     [pooled]   fold 3: score=0.4789  params={'max_depth': 6, 'min_child_weight': 10, 'reg_lambda': 10.0}
2026-04-27 20:52:26,474 INFO     [pooled] Saved tuned params to /Users/amos/Code/Stock Market AI Bot/models/pooled_best_xgb_params.json
2026-04-27 20:52:28,008 INFO     [pooled] Feature pruning: 984 → 74 cols  (30 base kept of 940, 910 dropped, 44 dummies always kept, 0 sentiment kept)
2026-04-27 20:52:28,069 INFO     build_models: applying tuned param overrides: {'max_depth': 6, 'min_child_weight': 3, 'reg_lambda': 1.0}
2026-04-27 20:52:28,070 INFO     build_models: class balance via sample_weight  (n_pos=3286, n_neg=3207, w_pos=0.976)
2026-04-27 20:52:28,538 INFO     [pooled] h5 class balance: n_pos=3578  n_neg=2915  w_pos=0.815
2026-04-27 20:52:28,585 INFO     [pooled] h5 model trained on 6493 rows
2026-04-27 20:52:28,603 INFO     [pooled] Confidence threshold: 52.5 (fallback=True)
2026-04-27 20:52:28,610 INFO     [pooled] Test accuracy: 49.26%  baseline: 49.25%  threshold: 52.5%
2026-04-27 20:52:28,610 WARNING  [pooled] Confidence diagnostics failed: confidence_not_correlated_with_correctness; bucket_precision_not_monotonic
2026-04-27 20:52:28,699 INFO     [pooled] Saved results plot /Users/amos/Code/Stock Market AI Bot/models/pooled_xgb_only_results.png
2026-04-27 20:52:28,795 INFO     [pooled] Saved per-ticker plot /Users/amos/Code/Stock Market AI Bot/models/pooled_ticker_accuracy.png
2026-04-27 20:52:28,800 INFO     [pooled] Saved h5 model to pooled_xgb_dir_h5.json
2026-04-27 20:52:28,804 INFO     [pooled] Saved artefacts for AAPL
2026-04-27 20:52:28,808 INFO     [pooled] Saved artefacts for ABBV
2026-04-27 20:52:28,812 INFO     [pooled] Saved artefacts for AMD
2026-04-27 20:52:28,816 INFO     [pooled] Saved artefacts for AMT
2026-04-27 20:52:28,820 INFO     [pooled] Saved artefacts for AMZN
2026-04-27 20:52:28,823 INFO     [pooled] Saved artefacts for BAC
2026-04-27 20:52:28,827 INFO     [pooled] Saved artefacts for BBBY
2026-04-27 20:52:28,830 INFO     [pooled] Saved artefacts for BRK-B
2026-04-27 20:52:28,834 INFO     [pooled] Saved artefacts for BTC-USD
2026-04-27 20:52:28,838 INFO     [pooled] Saved artefacts for CAT
2026-04-27 20:52:28,842 INFO     [pooled] Saved artefacts for COST
2026-04-27 20:52:28,845 INFO     [pooled] Saved artefacts for CVX
2026-04-27 20:52:28,849 INFO     [pooled] Saved artefacts for DE
2026-04-27 20:52:28,854 INFO     [pooled] Saved artefacts for DUK
2026-04-27 20:52:28,857 INFO     [pooled] Saved artefacts for EQIX
2026-04-27 20:52:28,860 INFO     [pooled] Saved artefacts for FCX
2026-04-27 20:52:28,864 INFO     [pooled] Saved artefacts for FRC
2026-04-27 20:52:28,867 INFO     [pooled] Saved artefacts for GOOGL
2026-04-27 20:52:28,871 INFO     [pooled] Saved artefacts for GS
2026-04-27 20:52:28,875 INFO     [pooled] Saved artefacts for HD
2026-04-27 20:52:28,878 INFO     [pooled] Saved artefacts for INTC
2026-04-27 20:52:28,882 INFO     [pooled] Saved artefacts for JNJ
2026-04-27 20:52:28,886 INFO     [pooled] Saved artefacts for JPM
2026-04-27 20:52:28,889 INFO     [pooled] Saved artefacts for KO
2026-04-27 20:52:28,893 INFO     [pooled] Saved artefacts for LIN
2026-04-27 20:52:28,896 INFO     [pooled] Saved artefacts for LLY
2026-04-27 20:52:28,899 INFO     [pooled] Saved artefacts for MA
2026-04-27 20:52:28,903 INFO     [pooled] Saved artefacts for MCD
2026-04-27 20:52:28,906 INFO     [pooled] Saved artefacts for META
2026-04-27 20:52:28,910 INFO     [pooled] Saved artefacts for MSFT
2026-04-27 20:52:28,913 INFO     [pooled] Saved artefacts for MU
2026-04-27 20:52:28,917 INFO     [pooled] Saved artefacts for NEE
2026-04-27 20:52:28,920 INFO     [pooled] Saved artefacts for NVDA
2026-04-27 20:52:28,925 INFO     [pooled] Saved artefacts for PEP
2026-04-27 20:52:28,928 INFO     [pooled] Saved artefacts for PG
2026-04-27 20:52:28,931 INFO     [pooled] Saved artefacts for PLD
2026-04-27 20:52:28,935 INFO     [pooled] Saved artefacts for SO
2026-04-27 20:52:28,939 INFO     [pooled] Saved artefacts for TSLA
2026-04-27 20:52:28,942 INFO     [pooled] Saved artefacts for UNH
2026-04-27 20:52:28,946 INFO     [pooled] Saved artefacts for UNP
2026-04-27 20:52:28,950 INFO     [pooled] Saved artefacts for UPS
2026-04-27 20:52:28,953 INFO     [pooled] Saved artefacts for V
2026-04-27 20:52:28,957 INFO     [pooled] Saved artefacts for WMT
2026-04-27 20:52:28,960 INFO     [pooled] Saved artefacts for XOM
2026-04-27 20:52:28,960 INFO     [pooled] Done. 44 tickers, 49.26% acc vs 49.25% baseline
2026-04-27 22:00:20,333 INFO     Leakage audit output:
[leakage_audit] wrote /Users/amos/Code/Stock Market AI Bot/logs/leakage_audit.json
[leakage_audit] all tickers passed.
2026-04-27 22:00:20,333 INFO     POOLED_TRAINING=True — training cross-sectional model on all tickers (tune_hyperparams=True)
2026-04-27 22:00:20,334 INFO     [pooled] Starting cross-sectional training on 44 tickers
2026-04-27 22:00:20,860 INFO     [pooled] Common feature set: 89 features across 44 tickers
2026-04-27 22:00:25,267 INFO     [pooled] Train rows: 6493  Calib rows: 24719  Test rows: 24461
2026-04-27 22:00:25,339 INFO     [pooled] Running nested walk-forward CV hyperparameter search (6493 train rows, 4 outer × 3 inner folds)...
2026-04-27 22:11:51,831 INFO     [pooled] Nested CV best params (avg of 3 folds, mean AUC=0.5116): {'max_depth': 6, 'min_child_weight': 3, 'reg_lambda': 1.0}
2026-04-27 22:11:51,833 INFO     [pooled]   fold 1: score=0.5283  params={'max_depth': 4, 'min_child_weight': 3, 'reg_lambda': 1.0}
2026-04-27 22:11:51,833 INFO     [pooled]   fold 1: score=0.5175  params={'max_depth': 4, 'min_child_weight': 3, 'reg_lambda': 5.0}
2026-04-27 22:11:51,833 INFO     [pooled]   fold 1: score=0.5266  params={'max_depth': 4, 'min_child_weight': 3, 'reg_lambda': 10.0}
2026-04-27 22:11:51,833 INFO     [pooled]   fold 1: score=0.5322  params={'max_depth': 4, 'min_child_weight': 5, 'reg_lambda': 1.0}
2026-04-27 22:11:51,833 INFO     [pooled]   fold 1: score=0.5128  params={'max_depth': 4, 'min_child_weight': 5, 'reg_lambda': 5.0}
2026-04-27 22:11:51,833 INFO     [pooled]   fold 1: score=0.5440  params={'max_depth': 4, 'min_child_weight': 5, 'reg_lambda': 10.0}
2026-04-27 22:11:51,833 INFO     [pooled]   fold 1: score=0.5330  params={'max_depth': 4, 'min_child_weight': 10, 'reg_lambda': 1.0}
2026-04-27 22:11:51,834 INFO     [pooled]   fold 1: score=0.5379  params={'max_depth': 4, 'min_child_weight': 10, 'reg_lambda': 5.0}
2026-04-27 22:11:51,834 INFO     [pooled]   fold 1: score=0.5499  params={'max_depth': 4, 'min_child_weight': 10, 'reg_lambda': 10.0}
2026-04-27 22:11:51,834 INFO     [pooled]   fold 1: score=0.5269  params={'max_depth': 5, 'min_child_weight': 3, 'reg_lambda': 1.0}
2026-04-27 22:11:51,834 INFO     [pooled]   fold 1: score=0.5172  params={'max_depth': 5, 'min_child_weight': 3, 'reg_lambda': 5.0}
2026-04-27 22:11:51,834 INFO     [pooled]   fold 1: score=0.4967  params={'max_depth': 5, 'min_child_weight': 3, 'reg_lambda': 10.0}
2026-04-27 22:11:51,834 INFO     [pooled]   fold 1: score=0.5055  params={'max_depth': 5, 'min_child_weight': 5, 'reg_lambda': 1.0}
2026-04-27 22:11:51,834 INFO     [pooled]   fold 1: score=0.5226  params={'max_depth': 5, 'min_child_weight': 5, 'reg_lambda': 5.0}
2026-04-27 22:11:51,834 INFO     [pooled]   fold 1: score=0.5230  params={'max_depth': 5, 'min_child_weight': 5, 'reg_lambda': 10.0}
2026-04-27 22:11:51,834 INFO     [pooled]   fold 1: score=0.5279  params={'max_depth': 5, 'min_child_weight': 10, 'reg_lambda': 1.0}
2026-04-27 22:11:51,834 INFO     [pooled]   fold 1: score=0.5245  params={'max_depth': 5, 'min_child_weight': 10, 'reg_lambda': 5.0}
2026-04-27 22:11:51,834 INFO     [pooled]   fold 1: score=0.5411  params={'max_depth': 5, 'min_child_weight': 10, 'reg_lambda': 10.0}
2026-04-27 22:11:51,834 INFO     [pooled]   fold 1: score=0.5326  params={'max_depth': 6, 'min_child_weight': 3, 'reg_lambda': 1.0}
2026-04-27 22:11:51,834 INFO     [pooled]   fold 1: score=0.5042  params={'max_depth': 6, 'min_child_weight': 3, 'reg_lambda': 5.0}
2026-04-27 22:11:51,834 INFO     [pooled]   fold 1: score=0.5151  params={'max_depth': 6, 'min_child_weight': 3, 'reg_lambda': 10.0}
2026-04-27 22:11:51,834 INFO     [pooled]   fold 1: score=0.5025  params={'max_depth': 6, 'min_child_weight': 5, 'reg_lambda': 1.0}
2026-04-27 22:11:51,834 INFO     [pooled]   fold 1: score=0.5306  params={'max_depth': 6, 'min_child_weight': 5, 'reg_lambda': 5.0}
2026-04-27 22:11:51,834 INFO     [pooled]   fold 1: score=0.5271  params={'max_depth': 6, 'min_child_weight': 5, 'reg_lambda': 10.0}
2026-04-27 22:11:51,834 INFO     [pooled]   fold 1: score=0.4966  params={'max_depth': 6, 'min_child_weight': 10, 'reg_lambda': 1.0}
2026-04-27 22:11:51,834 INFO     [pooled]   fold 1: score=0.5116  params={'max_depth': 6, 'min_child_weight': 10, 'reg_lambda': 5.0}
2026-04-27 22:11:51,834 INFO     [pooled]   fold 1: score=0.5375  params={'max_depth': 6, 'min_child_weight': 10, 'reg_lambda': 10.0}
2026-04-27 22:11:51,834 INFO     [pooled]   fold 2: score=0.5128  params={'max_depth': 4, 'min_child_weight': 3, 'reg_lambda': 1.0}
2026-04-27 22:11:51,834 INFO     [pooled]   fold 2: score=0.4690  params={'max_depth': 4, 'min_child_weight': 3, 'reg_lambda': 5.0}
2026-04-27 22:11:51,834 INFO     [pooled]   fold 2: score=0.4678  params={'max_depth': 4, 'min_child_weight': 3, 'reg_lambda': 10.0}
2026-04-27 22:11:51,834 INFO     [pooled]   fold 2: score=0.4930  params={'max_depth': 4, 'min_child_weight': 5, 'reg_lambda': 1.0}
2026-04-27 22:11:51,834 INFO     [pooled]   fold 2: score=0.5010  params={'max_depth': 4, 'min_child_weight': 5, 'reg_lambda': 5.0}
2026-04-27 22:11:51,834 INFO     [pooled]   fold 2: score=0.4924  params={'max_depth': 4, 'min_child_weight': 5, 'reg_lambda': 10.0}
2026-04-27 22:11:51,834 INFO     [pooled]   fold 2: score=0.4909  params={'max_depth': 4, 'min_child_weight': 10, 'reg_lambda': 1.0}
2026-04-27 22:11:51,834 INFO     [pooled]   fold 2: score=0.4782  params={'max_depth': 4, 'min_child_weight': 10, 'reg_lambda': 5.0}
2026-04-27 22:11:51,834 INFO     [pooled]   fold 2: score=0.4603  params={'max_depth': 4, 'min_child_weight': 10, 'reg_lambda': 10.0}
2026-04-27 22:11:51,834 INFO     [pooled]   fold 2: score=0.4873  params={'max_depth': 5, 'min_child_weight': 3, 'reg_lambda': 1.0}
2026-04-27 22:11:51,834 INFO     [pooled]   fold 2: score=0.4674  params={'max_depth': 5, 'min_child_weight': 3, 'reg_lambda': 5.0}
2026-04-27 22:11:51,834 INFO     [pooled]   fold 2: score=0.4880  params={'max_depth': 5, 'min_child_weight': 3, 'reg_lambda': 10.0}
2026-04-27 22:11:51,834 INFO     [pooled]   fold 2: score=0.5114  params={'max_depth': 5, 'min_child_weight': 5, 'reg_lambda': 1.0}
2026-04-27 22:11:51,834 INFO     [pooled]   fold 2: score=0.4700  params={'max_depth': 5, 'min_child_weight': 5, 'reg_lambda': 5.0}
2026-04-27 22:11:51,834 INFO     [pooled]   fold 2: score=0.4819  params={'max_depth': 5, 'min_child_weight': 5, 'reg_lambda': 10.0}
2026-04-27 22:11:51,834 INFO     [pooled]   fold 2: score=0.5025  params={'max_depth': 5, 'min_child_weight': 10, 'reg_lambda': 1.0}
2026-04-27 22:11:51,834 INFO     [pooled]   fold 2: score=0.4620  params={'max_depth': 5, 'min_child_weight': 10, 'reg_lambda': 5.0}
2026-04-27 22:11:51,834 INFO     [pooled]   fold 2: score=0.4670  params={'max_depth': 5, 'min_child_weight': 10, 'reg_lambda': 10.0}
2026-04-27 22:11:51,834 INFO     [pooled]   fold 2: score=0.5078  params={'max_depth': 6, 'min_child_weight': 3, 'reg_lambda': 1.0}
2026-04-27 22:11:51,834 INFO     [pooled]   fold 2: score=0.4842  params={'max_depth': 6, 'min_child_weight': 3, 'reg_lambda': 5.0}
2026-04-27 22:11:51,834 INFO     [pooled]   fold 2: score=0.4884  params={'max_depth': 6, 'min_child_weight': 3, 'reg_lambda': 10.0}
2026-04-27 22:11:51,834 INFO     [pooled]   fold 2: score=0.4850  params={'max_depth': 6, 'min_child_weight': 5, 'reg_lambda': 1.0}
2026-04-27 22:11:51,834 INFO     [pooled]   fold 2: score=0.4588  params={'max_depth': 6, 'min_child_weight': 5, 'reg_lambda': 5.0}
2026-04-27 22:11:51,834 INFO     [pooled]   fold 2: score=0.5053  params={'max_depth': 6, 'min_child_weight': 5, 'reg_lambda': 10.0}
2026-04-27 22:11:51,834 INFO     [pooled]   fold 2: score=0.4844  params={'max_depth': 6, 'min_child_weight': 10, 'reg_lambda': 1.0}
2026-04-27 22:11:51,834 INFO     [pooled]   fold 2: score=0.5126  params={'max_depth': 6, 'min_child_weight': 10, 'reg_lambda': 5.0}
2026-04-27 22:11:51,834 INFO     [pooled]   fold 2: score=0.4872  params={'max_depth': 6, 'min_child_weight': 10, 'reg_lambda': 10.0}
2026-04-27 22:11:51,834 INFO     [pooled]   fold 3: score=0.4874  params={'max_depth': 4, 'min_child_weight': 3, 'reg_lambda': 1.0}
2026-04-27 22:11:51,834 INFO     [pooled]   fold 3: score=0.4915  params={'max_depth': 4, 'min_child_weight': 3, 'reg_lambda': 5.0}
2026-04-27 22:11:51,834 INFO     [pooled]   fold 3: score=0.4929  params={'max_depth': 4, 'min_child_weight': 3, 'reg_lambda': 10.0}
2026-04-27 22:11:51,834 INFO     [pooled]   fold 3: score=0.5060  params={'max_depth': 4, 'min_child_weight': 5, 'reg_lambda': 1.0}
2026-04-27 22:11:51,834 INFO     [pooled]   fold 3: score=0.5001  params={'max_depth': 4, 'min_child_weight': 5, 'reg_lambda': 5.0}
2026-04-27 22:11:51,834 INFO     [pooled]   fold 3: score=0.4769  params={'max_depth': 4, 'min_child_weight': 5, 'reg_lambda': 10.0}
2026-04-27 22:11:51,834 INFO     [pooled]   fold 3: score=0.4756  params={'max_depth': 4, 'min_child_weight': 10, 'reg_lambda': 1.0}
2026-04-27 22:11:51,834 INFO     [pooled]   fold 3: score=0.4645  params={'max_depth': 4, 'min_child_weight': 10, 'reg_lambda': 5.0}
2026-04-27 22:11:51,834 INFO     [pooled]   fold 3: score=0.4899  params={'max_depth': 4, 'min_child_weight': 10, 'reg_lambda': 10.0}
2026-04-27 22:11:51,834 INFO     [pooled]   fold 3: score=0.4700  params={'max_depth': 5, 'min_child_weight': 3, 'reg_lambda': 1.0}
2026-04-27 22:11:51,834 INFO     [pooled]   fold 3: score=0.4850  params={'max_depth': 5, 'min_child_weight': 3, 'reg_lambda': 5.0}
2026-04-27 22:11:51,834 INFO     [pooled]   fold 3: score=0.4926  params={'max_depth': 5, 'min_child_weight': 3, 'reg_lambda': 10.0}
2026-04-27 22:11:51,834 INFO     [pooled]   fold 3: score=0.4629  params={'max_depth': 5, 'min_child_weight': 5, 'reg_lambda': 1.0}
2026-04-27 22:11:51,834 INFO     [pooled]   fold 3: score=0.4555  params={'max_depth': 5, 'min_child_weight': 5, 'reg_lambda': 5.0}
2026-04-27 22:11:51,834 INFO     [pooled]   fold 3: score=0.4797  params={'max_depth': 5, 'min_child_weight': 5, 'reg_lambda': 10.0}
2026-04-27 22:11:51,834 INFO     [pooled]   fold 3: score=0.4683  params={'max_depth': 5, 'min_child_weight': 10, 'reg_lambda': 1.0}
2026-04-27 22:11:51,834 INFO     [pooled]   fold 3: score=0.4766  params={'max_depth': 5, 'min_child_weight': 10, 'reg_lambda': 5.0}
2026-04-27 22:11:51,834 INFO     [pooled]   fold 3: score=0.4787  params={'max_depth': 5, 'min_child_weight': 10, 'reg_lambda': 10.0}
2026-04-27 22:11:51,834 INFO     [pooled]   fold 3: score=0.4945  params={'max_depth': 6, 'min_child_weight': 3, 'reg_lambda': 1.0}
2026-04-27 22:11:51,834 INFO     [pooled]   fold 3: score=0.5208  params={'max_depth': 6, 'min_child_weight': 3, 'reg_lambda': 5.0}
2026-04-27 22:11:51,834 INFO     [pooled]   fold 3: score=0.4571  params={'max_depth': 6, 'min_child_weight': 3, 'reg_lambda': 10.0}
2026-04-27 22:11:51,834 INFO     [pooled]   fold 3: score=0.4637  params={'max_depth': 6, 'min_child_weight': 5, 'reg_lambda': 1.0}
2026-04-27 22:11:51,834 INFO     [pooled]   fold 3: score=0.5234  params={'max_depth': 6, 'min_child_weight': 5, 'reg_lambda': 5.0}
2026-04-27 22:11:51,834 INFO     [pooled]   fold 3: score=0.4710  params={'max_depth': 6, 'min_child_weight': 5, 'reg_lambda': 10.0}
2026-04-27 22:11:51,834 INFO     [pooled]   fold 3: score=0.4901  params={'max_depth': 6, 'min_child_weight': 10, 'reg_lambda': 1.0}
2026-04-27 22:11:51,834 INFO     [pooled]   fold 3: score=0.4618  params={'max_depth': 6, 'min_child_weight': 10, 'reg_lambda': 5.0}
2026-04-27 22:11:51,834 INFO     [pooled]   fold 3: score=0.4789  params={'max_depth': 6, 'min_child_weight': 10, 'reg_lambda': 10.0}
2026-04-27 22:11:51,835 INFO     [pooled] Saved tuned params to /Users/amos/Code/Stock Market AI Bot/models/pooled_best_xgb_params.json
2026-04-27 22:11:53,193 INFO     [pooled] Feature pruning: 984 → 74 cols  (30 base kept of 940, 910 dropped, 44 dummies always kept)
2026-04-27 22:11:53,243 INFO     build_models: applying tuned param overrides: {'max_depth': 6, 'min_child_weight': 3, 'reg_lambda': 1.0}
2026-04-27 22:11:53,243 INFO     build_models: class balance via sample_weight  (n_pos=3286, n_neg=3207, w_pos=0.976)
2026-04-27 22:11:53,701 INFO     [pooled] h5 class balance: n_pos=3578  n_neg=2915  w_pos=0.815
2026-04-27 22:11:53,743 INFO     [pooled] h5 model trained on 6493 rows
2026-04-27 22:11:53,753 INFO     [pooled] Confidence threshold: 52.5 (fallback=True)
2026-04-27 22:11:53,753 INFO     [pooled] Conformal qhat(alpha=0.20): 0.5238
2026-04-27 22:11:53,759 INFO     [pooled] Test accuracy: 49.26%  baseline: 49.25%  threshold: 52.5%
2026-04-27 22:11:53,759 WARNING  [pooled] Confidence diagnostics failed: confidence_not_correlated_with_correctness; bucket_precision_not_monotonic
2026-04-27 22:11:53,839 INFO     [pooled] Saved results plot /Users/amos/Code/Stock Market AI Bot/models/pooled_xgb_only_results.png
2026-04-27 22:11:53,932 INFO     [pooled] Saved per-ticker plot /Users/amos/Code/Stock Market AI Bot/models/pooled_ticker_accuracy.png
2026-04-27 22:11:53,937 INFO     [pooled] Saved h5 model to pooled_xgb_dir_h5.json
2026-04-27 22:11:53,942 INFO     [pooled] Saved artefacts for AAPL
2026-04-27 22:11:53,946 INFO     [pooled] Saved artefacts for ABBV
2026-04-27 22:11:53,950 INFO     [pooled] Saved artefacts for AMD
2026-04-27 22:11:53,954 INFO     [pooled] Saved artefacts for AMT
2026-04-27 22:11:53,958 INFO     [pooled] Saved artefacts for AMZN
2026-04-27 22:11:53,962 INFO     [pooled] Saved artefacts for BAC
2026-04-27 22:11:53,967 INFO     [pooled] Saved artefacts for BBBY
2026-04-27 22:11:53,970 INFO     [pooled] Saved artefacts for BRK-B
2026-04-27 22:11:53,974 INFO     [pooled] Saved artefacts for BTC-USD
2026-04-27 22:11:53,977 INFO     [pooled] Saved artefacts for CAT
2026-04-27 22:11:53,981 INFO     [pooled] Saved artefacts for COST
2026-04-27 22:11:53,984 INFO     [pooled] Saved artefacts for CVX
2026-04-27 22:11:53,988 INFO     [pooled] Saved artefacts for DE
2026-04-27 22:11:53,992 INFO     [pooled] Saved artefacts for DUK
2026-04-27 22:11:53,995 INFO     [pooled] Saved artefacts for EQIX
2026-04-27 22:11:53,998 INFO     [pooled] Saved artefacts for FCX
2026-04-27 22:11:54,002 INFO     [pooled] Saved artefacts for FRC
2026-04-27 22:11:54,005 INFO     [pooled] Saved artefacts for GOOGL
2026-04-27 22:11:54,009 INFO     [pooled] Saved artefacts for GS
2026-04-27 22:11:54,013 INFO     [pooled] Saved artefacts for HD
2026-04-27 22:11:54,016 INFO     [pooled] Saved artefacts for INTC
2026-04-27 22:11:54,020 INFO     [pooled] Saved artefacts for JNJ
2026-04-27 22:11:54,023 INFO     [pooled] Saved artefacts for JPM
2026-04-27 22:11:54,027 INFO     [pooled] Saved artefacts for KO
2026-04-27 22:11:54,031 INFO     [pooled] Saved artefacts for LIN
2026-04-27 22:11:54,034 INFO     [pooled] Saved artefacts for LLY
2026-04-27 22:11:54,037 INFO     [pooled] Saved artefacts for MA
2026-04-27 22:11:54,041 INFO     [pooled] Saved artefacts for MCD
2026-04-27 22:11:54,044 INFO     [pooled] Saved artefacts for META
2026-04-27 22:11:54,048 INFO     [pooled] Saved artefacts for MSFT
2026-04-27 22:11:54,051 INFO     [pooled] Saved artefacts for MU
2026-04-27 22:11:54,054 INFO     [pooled] Saved artefacts for NEE
2026-04-27 22:11:54,058 INFO     [pooled] Saved artefacts for NVDA
2026-04-27 22:11:54,063 INFO     [pooled] Saved artefacts for PEP
2026-04-27 22:11:54,067 INFO     [pooled] Saved artefacts for PG
2026-04-27 22:11:54,071 INFO     [pooled] Saved artefacts for PLD
2026-04-27 22:11:54,074 INFO     [pooled] Saved artefacts for SO
2026-04-27 22:11:54,077 INFO     [pooled] Saved artefacts for TSLA
2026-04-27 22:11:54,081 INFO     [pooled] Saved artefacts for UNH
2026-04-27 22:11:54,085 INFO     [pooled] Saved artefacts for UNP
2026-04-27 22:11:54,088 INFO     [pooled] Saved artefacts for UPS
2026-04-27 22:11:54,092 INFO     [pooled] Saved artefacts for V
2026-04-27 22:11:54,096 INFO     [pooled] Saved artefacts for WMT
2026-04-27 22:11:54,099 INFO     [pooled] Saved artefacts for XOM
2026-04-27 22:11:54,099 INFO     [pooled] Done. 44 tickers, 49.26% acc vs 49.25% baseline
2026-04-28 07:33:27,678 INFO     Leakage audit output:
[leakage_audit] wrote /Users/amos/Code/Stock Market AI Bot/logs/leakage_audit.json
[leakage_audit] all tickers passed.
2026-04-28 07:33:27,679 INFO     POOLED_TRAINING=True — training cross-sectional model on all tickers (tune_hyperparams=True)
2026-04-28 07:33:27,679 INFO     [pooled] Starting cross-sectional training on 44 tickers
2026-04-28 07:33:28,217 INFO     [pooled] Common feature set: 89 features across 44 tickers
2026-04-28 07:33:32,695 INFO     [pooled] Train rows: 6493  Calib rows: 24719  Test rows: 24461
2026-04-28 07:33:32,768 INFO     [pooled] Running nested walk-forward CV hyperparameter search (6493 train rows, 4 outer × 3 inner folds)...
2026-04-28 07:45:06,290 INFO     [pooled] Nested CV best params (avg of 3 folds, mean AUC=0.5163): {'max_depth': 4, 'min_child_weight': 10, 'reg_lambda': 1.0}
2026-04-28 07:45:06,294 INFO     [pooled]   fold 1: score=0.5392  params={'max_depth': 4, 'min_child_weight': 3, 'reg_lambda': 1.0}
2026-04-28 07:45:06,294 INFO     [pooled]   fold 1: score=0.5184  params={'max_depth': 4, 'min_child_weight': 3, 'reg_lambda': 5.0}
2026-04-28 07:45:06,294 INFO     [pooled]   fold 1: score=0.5281  params={'max_depth': 4, 'min_child_weight': 3, 'reg_lambda': 10.0}
2026-04-28 07:45:06,294 INFO     [pooled]   fold 1: score=0.5465  params={'max_depth': 4, 'min_child_weight': 5, 'reg_lambda': 1.0}
2026-04-28 07:45:06,294 INFO     [pooled]   fold 1: score=0.5203  params={'max_depth': 4, 'min_child_weight': 5, 'reg_lambda': 5.0}
2026-04-28 07:45:06,294 INFO     [pooled]   fold 1: score=0.5294  params={'max_depth': 4, 'min_child_weight': 5, 'reg_lambda': 10.0}
2026-04-28 07:45:06,294 INFO     [pooled]   fold 1: score=0.5371  params={'max_depth': 4, 'min_child_weight': 10, 'reg_lambda': 1.0}
2026-04-28 07:45:06,294 INFO     [pooled]   fold 1: score=0.5144  params={'max_depth': 4, 'min_child_weight': 10, 'reg_lambda': 5.0}
2026-04-28 07:45:06,294 INFO     [pooled]   fold 1: score=0.5189  params={'max_depth': 4, 'min_child_weight': 10, 'reg_lambda': 10.0}
2026-04-28 07:45:06,294 INFO     [pooled]   fold 1: score=0.5208  params={'max_depth': 5, 'min_child_weight': 3, 'reg_lambda': 1.0}
2026-04-28 07:45:06,294 INFO     [pooled]   fold 1: score=0.5189  params={'max_depth': 5, 'min_child_weight': 3, 'reg_lambda': 5.0}
2026-04-28 07:45:06,294 INFO     [pooled]   fold 1: score=0.5178  params={'max_depth': 5, 'min_child_weight': 3, 'reg_lambda': 10.0}
2026-04-28 07:45:06,294 INFO     [pooled]   fold 1: score=0.5313  params={'max_depth': 5, 'min_child_weight': 5, 'reg_lambda': 1.0}
2026-04-28 07:45:06,294 INFO     [pooled]   fold 1: score=0.5242  params={'max_depth': 5, 'min_child_weight': 5, 'reg_lambda': 5.0}
2026-04-28 07:45:06,294 INFO     [pooled]   fold 1: score=0.5158  params={'max_depth': 5, 'min_child_weight': 5, 'reg_lambda': 10.0}
2026-04-28 07:45:06,294 INFO     [pooled]   fold 1: score=0.5375  params={'max_depth': 5, 'min_child_weight': 10, 'reg_lambda': 1.0}
2026-04-28 07:45:06,294 INFO     [pooled]   fold 1: score=0.4931  params={'max_depth': 5, 'min_child_weight': 10, 'reg_lambda': 5.0}
2026-04-28 07:45:06,294 INFO     [pooled]   fold 1: score=0.5144  params={'max_depth': 5, 'min_child_weight': 10, 'reg_lambda': 10.0}
2026-04-28 07:45:06,294 INFO     [pooled]   fold 1: score=0.5187  params={'max_depth': 6, 'min_child_weight': 3, 'reg_lambda': 1.0}
2026-04-28 07:45:06,294 INFO     [pooled]   fold 1: score=0.5176  params={'max_depth': 6, 'min_child_weight': 3, 'reg_lambda': 5.0}
2026-04-28 07:45:06,294 INFO     [pooled]   fold 1: score=0.5134  params={'max_depth': 6, 'min_child_weight': 3, 'reg_lambda': 10.0}
2026-04-28 07:45:06,294 INFO     [pooled]   fold 1: score=0.5122  params={'max_depth': 6, 'min_child_weight': 5, 'reg_lambda': 1.0}
2026-04-28 07:45:06,294 INFO     [pooled]   fold 1: score=0.5203  params={'max_depth': 6, 'min_child_weight': 5, 'reg_lambda': 5.0}
2026-04-28 07:45:06,294 INFO     [pooled]   fold 1: score=0.5309  params={'max_depth': 6, 'min_child_weight': 5, 'reg_lambda': 10.0}
2026-04-28 07:45:06,294 INFO     [pooled]   fold 1: score=0.5162  params={'max_depth': 6, 'min_child_weight': 10, 'reg_lambda': 1.0}
2026-04-28 07:45:06,294 INFO     [pooled]   fold 1: score=0.5234  params={'max_depth': 6, 'min_child_weight': 10, 'reg_lambda': 5.0}
2026-04-28 07:45:06,294 INFO     [pooled]   fold 1: score=0.5369  params={'max_depth': 6, 'min_child_weight': 10, 'reg_lambda': 10.0}
2026-04-28 07:45:06,294 INFO     [pooled]   fold 2: score=0.5073  params={'max_depth': 4, 'min_child_weight': 3, 'reg_lambda': 1.0}
2026-04-28 07:45:06,294 INFO     [pooled]   fold 2: score=0.4927  params={'max_depth': 4, 'min_child_weight': 3, 'reg_lambda': 5.0}
2026-04-28 07:45:06,294 INFO     [pooled]   fold 2: score=0.4842  params={'max_depth': 4, 'min_child_weight': 3, 'reg_lambda': 10.0}
2026-04-28 07:45:06,294 INFO     [pooled]   fold 2: score=0.4899  params={'max_depth': 4, 'min_child_weight': 5, 'reg_lambda': 1.0}
2026-04-28 07:45:06,294 INFO     [pooled]   fold 2: score=0.4966  params={'max_depth': 4, 'min_child_weight': 5, 'reg_lambda': 5.0}
2026-04-28 07:45:06,294 INFO     [pooled]   fold 2: score=0.4832  params={'max_depth': 4, 'min_child_weight': 5, 'reg_lambda': 10.0}
2026-04-28 07:45:06,294 INFO     [pooled]   fold 2: score=0.5131  params={'max_depth': 4, 'min_child_weight': 10, 'reg_lambda': 1.0}
2026-04-28 07:45:06,294 INFO     [pooled]   fold 2: score=0.4886  params={'max_depth': 4, 'min_child_weight': 10, 'reg_lambda': 5.0}
2026-04-28 07:45:06,294 INFO     [pooled]   fold 2: score=0.4546  params={'max_depth': 4, 'min_child_weight': 10, 'reg_lambda': 10.0}
2026-04-28 07:45:06,294 INFO     [pooled]   fold 2: score=0.5148  params={'max_depth': 5, 'min_child_weight': 3, 'reg_lambda': 1.0}
2026-04-28 07:45:06,294 INFO     [pooled]   fold 2: score=0.5088  params={'max_depth': 5, 'min_child_weight': 3, 'reg_lambda': 5.0}
2026-04-28 07:45:06,294 INFO     [pooled]   fold 2: score=0.4874  params={'max_depth': 5, 'min_child_weight': 3, 'reg_lambda': 10.0}
2026-04-28 07:45:06,294 INFO     [pooled]   fold 2: score=0.4994  params={'max_depth': 5, 'min_child_weight': 5, 'reg_lambda': 1.0}
2026-04-28 07:45:06,294 INFO     [pooled]   fold 2: score=0.5022  params={'max_depth': 5, 'min_child_weight': 5, 'reg_lambda': 5.0}
2026-04-28 07:45:06,294 INFO     [pooled]   fold 2: score=0.4763  params={'max_depth': 5, 'min_child_weight': 5, 'reg_lambda': 10.0}
2026-04-28 07:45:06,295 INFO     [pooled]   fold 2: score=0.5107  params={'max_depth': 5, 'min_child_weight': 10, 'reg_lambda': 1.0}
2026-04-28 07:45:06,295 INFO     [pooled]   fold 2: score=0.5323  params={'max_depth': 5, 'min_child_weight': 10, 'reg_lambda': 5.0}
2026-04-28 07:45:06,295 INFO     [pooled]   fold 2: score=0.4873  params={'max_depth': 5, 'min_child_weight': 10, 'reg_lambda': 10.0}
2026-04-28 07:45:06,295 INFO     [pooled]   fold 2: score=0.5018  params={'max_depth': 6, 'min_child_weight': 3, 'reg_lambda': 1.0}
2026-04-28 07:45:06,295 INFO     [pooled]   fold 2: score=0.4808  params={'max_depth': 6, 'min_child_weight': 3, 'reg_lambda': 5.0}
2026-04-28 07:45:06,295 INFO     [pooled]   fold 2: score=0.4993  params={'max_depth': 6, 'min_child_weight': 3, 'reg_lambda': 10.0}
2026-04-28 07:45:06,295 INFO     [pooled]   fold 2: score=0.5060  params={'max_depth': 6, 'min_child_weight': 5, 'reg_lambda': 1.0}
2026-04-28 07:45:06,295 INFO     [pooled]   fold 2: score=0.4887  params={'max_depth': 6, 'min_child_weight': 5, 'reg_lambda': 5.0}
2026-04-28 07:45:06,295 INFO     [pooled]   fold 2: score=0.4813  params={'max_depth': 6, 'min_child_weight': 5, 'reg_lambda': 10.0}
2026-04-28 07:45:06,295 INFO     [pooled]   fold 2: score=0.5194  params={'max_depth': 6, 'min_child_weight': 10, 'reg_lambda': 1.0}
2026-04-28 07:45:06,295 INFO     [pooled]   fold 2: score=0.4791  params={'max_depth': 6, 'min_child_weight': 10, 'reg_lambda': 5.0}
2026-04-28 07:45:06,295 INFO     [pooled]   fold 2: score=0.4847  params={'max_depth': 6, 'min_child_weight': 10, 'reg_lambda': 10.0}
2026-04-28 07:45:06,295 INFO     [pooled]   fold 3: score=0.4805  params={'max_depth': 4, 'min_child_weight': 3, 'reg_lambda': 1.0}
2026-04-28 07:45:06,295 INFO     [pooled]   fold 3: score=0.5046  params={'max_depth': 4, 'min_child_weight': 3, 'reg_lambda': 5.0}
2026-04-28 07:45:06,295 INFO     [pooled]   fold 3: score=0.4855  params={'max_depth': 4, 'min_child_weight': 3, 'reg_lambda': 10.0}
2026-04-28 07:45:06,295 INFO     [pooled]   fold 3: score=0.4686  params={'max_depth': 4, 'min_child_weight': 5, 'reg_lambda': 1.0}
2026-04-28 07:45:06,295 INFO     [pooled]   fold 3: score=0.5294  params={'max_depth': 4, 'min_child_weight': 5, 'reg_lambda': 5.0}
2026-04-28 07:45:06,295 INFO     [pooled]   fold 3: score=0.5045  params={'max_depth': 4, 'min_child_weight': 5, 'reg_lambda': 10.0}
2026-04-28 07:45:06,295 INFO     [pooled]   fold 3: score=0.4987  params={'max_depth': 4, 'min_child_weight': 10, 'reg_lambda': 1.0}
2026-04-28 07:45:06,295 INFO     [pooled]   fold 3: score=0.4824  params={'max_depth': 4, 'min_child_weight': 10, 'reg_lambda': 5.0}
2026-04-28 07:45:06,295 INFO     [pooled]   fold 3: score=0.4868  params={'max_depth': 4, 'min_child_weight': 10, 'reg_lambda': 10.0}
2026-04-28 07:45:06,295 INFO     [pooled]   fold 3: score=0.4612  params={'max_depth': 5, 'min_child_weight': 3, 'reg_lambda': 1.0}
2026-04-28 07:45:06,295 INFO     [pooled]   fold 3: score=0.4807  params={'max_depth': 5, 'min_child_weight': 3, 'reg_lambda': 5.0}
2026-04-28 07:45:06,295 INFO     [pooled]   fold 3: score=0.5141  params={'max_depth': 5, 'min_child_weight': 3, 'reg_lambda': 10.0}
2026-04-28 07:45:06,295 INFO     [pooled]   fold 3: score=0.4923  params={'max_depth': 5, 'min_child_weight': 5, 'reg_lambda': 1.0}
2026-04-28 07:45:06,295 INFO     [pooled]   fold 3: score=0.5108  params={'max_depth': 5, 'min_child_weight': 5, 'reg_lambda': 5.0}
2026-04-28 07:45:06,295 INFO     [pooled]   fold 3: score=0.4998  params={'max_depth': 5, 'min_child_weight': 5, 'reg_lambda': 10.0}
2026-04-28 07:45:06,295 INFO     [pooled]   fold 3: score=0.4702  params={'max_depth': 5, 'min_child_weight': 10, 'reg_lambda': 1.0}
2026-04-28 07:45:06,295 INFO     [pooled]   fold 3: score=0.5068  params={'max_depth': 5, 'min_child_weight': 10, 'reg_lambda': 5.0}
2026-04-28 07:45:06,295 INFO     [pooled]   fold 3: score=0.4863  params={'max_depth': 5, 'min_child_weight': 10, 'reg_lambda': 10.0}
2026-04-28 07:45:06,295 INFO     [pooled]   fold 3: score=0.4895  params={'max_depth': 6, 'min_child_weight': 3, 'reg_lambda': 1.0}
2026-04-28 07:45:06,295 INFO     [pooled]   fold 3: score=0.4797  params={'max_depth': 6, 'min_child_weight': 3, 'reg_lambda': 5.0}
2026-04-28 07:45:06,295 INFO     [pooled]   fold 3: score=0.4877  params={'max_depth': 6, 'min_child_weight': 3, 'reg_lambda': 10.0}
2026-04-28 07:45:06,295 INFO     [pooled]   fold 3: score=0.4888  params={'max_depth': 6, 'min_child_weight': 5, 'reg_lambda': 1.0}
2026-04-28 07:45:06,295 INFO     [pooled]   fold 3: score=0.4637  params={'max_depth': 6, 'min_child_weight': 5, 'reg_lambda': 5.0}
2026-04-28 07:45:06,295 INFO     [pooled]   fold 3: score=0.5245  params={'max_depth': 6, 'min_child_weight': 5, 'reg_lambda': 10.0}
2026-04-28 07:45:06,295 INFO     [pooled]   fold 3: score=0.5126  params={'max_depth': 6, 'min_child_weight': 10, 'reg_lambda': 1.0}
2026-04-28 07:45:06,295 INFO     [pooled]   fold 3: score=0.4960  params={'max_depth': 6, 'min_child_weight': 10, 'reg_lambda': 5.0}
2026-04-28 07:45:06,295 INFO     [pooled]   fold 3: score=0.4925  params={'max_depth': 6, 'min_child_weight': 10, 'reg_lambda': 10.0}
2026-04-28 07:45:06,296 INFO     [pooled] Saved tuned params to /Users/amos/Code/Stock Market AI Bot/models/pooled_best_xgb_params.json
2026-04-28 07:45:07,258 INFO     [pooled] Feature pruning: 984 → 74 cols  (30 base kept of 940, 910 dropped, 44 dummies always kept)
2026-04-28 07:45:07,310 INFO     build_models: applying tuned param overrides: {'max_depth': 4, 'min_child_weight': 10, 'reg_lambda': 1.0}
2026-04-28 07:45:07,310 INFO     build_models: class balance via sample_weight  (n_pos=3286, n_neg=3207, w_pos=0.976)
2026-04-28 07:45:07,573 INFO     [pooled] h5 class balance: n_pos=3578  n_neg=2915  w_pos=0.815
2026-04-28 07:45:07,614 INFO     [pooled] h5 model trained on 6493 rows
2026-04-28 07:45:07,630 INFO     [pooled] Confidence threshold: 52.5 (fallback=True)
2026-04-28 07:45:07,630 INFO     [pooled] Conformal qhat(alpha=0.20): 0.5306
2026-04-28 07:45:07,637 INFO     [pooled] Test accuracy: 49.68%  baseline: 49.25%  threshold: 52.5%
2026-04-28 07:45:07,637 WARNING  [pooled] Confidence diagnostics failed: confidence_not_correlated_with_correctness; bucket_precision_not_monotonic
2026-04-28 07:45:07,716 INFO     [pooled] Saved results plot /Users/amos/Code/Stock Market AI Bot/models/pooled_xgb_only_results.png
2026-04-28 07:45:07,807 INFO     [pooled] Saved per-ticker plot /Users/amos/Code/Stock Market AI Bot/models/pooled_ticker_accuracy.png
2026-04-28 07:45:07,810 INFO     [pooled] Saved h5 model to pooled_xgb_dir_h5.json
2026-04-28 07:45:07,813 INFO     [pooled] Saved artefacts for AAPL
2026-04-28 07:45:07,815 INFO     [pooled] Saved artefacts for ABBV
2026-04-28 07:45:07,817 INFO     [pooled] Saved artefacts for AMD
2026-04-28 07:45:07,819 INFO     [pooled] Saved artefacts for AMT
2026-04-28 07:45:07,821 INFO     [pooled] Saved artefacts for AMZN
2026-04-28 07:45:07,823 INFO     [pooled] Saved artefacts for BAC
2026-04-28 07:45:07,826 INFO     [pooled] Saved artefacts for BBBY
2026-04-28 07:45:07,828 INFO     [pooled] Saved artefacts for BRK-B
2026-04-28 07:45:07,830 INFO     [pooled] Saved artefacts for BTC-USD
2026-04-28 07:45:07,832 INFO     [pooled] Saved artefacts for CAT
2026-04-28 07:45:07,834 INFO     [pooled] Saved artefacts for COST
2026-04-28 07:45:07,836 INFO     [pooled] Saved artefacts for CVX
2026-04-28 07:45:07,838 INFO     [pooled] Saved artefacts for DE
2026-04-28 07:45:07,840 INFO     [pooled] Saved artefacts for DUK
2026-04-28 07:45:07,842 INFO     [pooled] Saved artefacts for EQIX
2026-04-28 07:45:07,844 INFO     [pooled] Saved artefacts for FCX
2026-04-28 07:45:07,846 INFO     [pooled] Saved artefacts for FRC
2026-04-28 07:45:07,848 INFO     [pooled] Saved artefacts for GOOGL
2026-04-28 07:45:07,851 INFO     [pooled] Saved artefacts for GS
2026-04-28 07:45:07,853 INFO     [pooled] Saved artefacts for HD
2026-04-28 07:45:07,855 INFO     [pooled] Saved artefacts for INTC
2026-04-28 07:45:07,858 INFO     [pooled] Saved artefacts for JNJ
2026-04-28 07:45:07,859 INFO     [pooled] Saved artefacts for JPM
2026-04-28 07:45:07,861 INFO     [pooled] Saved artefacts for KO
2026-04-28 07:45:07,863 INFO     [pooled] Saved artefacts for LIN
2026-04-28 07:45:07,865 INFO     [pooled] Saved artefacts for LLY
2026-04-28 07:45:07,867 INFO     [pooled] Saved artefacts for MA
2026-04-28 07:45:07,869 INFO     [pooled] Saved artefacts for MCD
2026-04-28 07:45:07,871 INFO     [pooled] Saved artefacts for META
2026-04-28 07:45:07,873 INFO     [pooled] Saved artefacts for MSFT
2026-04-28 07:45:07,875 INFO     [pooled] Saved artefacts for MU
2026-04-28 07:45:07,877 INFO     [pooled] Saved artefacts for NEE
2026-04-28 07:45:07,879 INFO     [pooled] Saved artefacts for NVDA
2026-04-28 07:45:07,882 INFO     [pooled] Saved artefacts for PEP
2026-04-28 07:45:07,884 INFO     [pooled] Saved artefacts for PG
2026-04-28 07:45:07,886 INFO     [pooled] Saved artefacts for PLD
2026-04-28 07:45:07,888 INFO     [pooled] Saved artefacts for SO
2026-04-28 07:45:07,890 INFO     [pooled] Saved artefacts for TSLA
2026-04-28 07:45:07,892 INFO     [pooled] Saved artefacts for UNH
2026-04-28 07:45:07,894 INFO     [pooled] Saved artefacts for UNP
2026-04-28 07:45:07,896 INFO     [pooled] Saved artefacts for UPS
2026-04-28 07:45:07,898 INFO     [pooled] Saved artefacts for V
2026-04-28 07:45:07,900 INFO     [pooled] Saved artefacts for WMT
2026-04-28 07:45:07,902 INFO     [pooled] Saved artefacts for XOM
2026-04-28 07:45:07,902 INFO     [pooled] Done. 44 tickers, 49.68% acc vs 49.25% baseline
2026-04-28 08:04:46,768 INFO     Leakage audit output:
[leakage_audit] wrote /Users/amos/Code/Stock Market AI Bot/logs/leakage_audit.json
[leakage_audit] all tickers passed.
2026-04-28 08:04:46,768 INFO     POOLED_TRAINING=True — training cross-sectional model on all tickers (tune_hyperparams=True)
2026-04-28 08:04:46,768 INFO     [pooled] Starting cross-sectional training on 44 tickers (44 prediction, 2 training-only/survivorship)
2026-04-28 08:04:47,299 INFO     [pooled] Common feature set: 89 features across 44 tickers
2026-04-28 08:04:51,814 INFO     [pooled] Train rows: 6493  Calib rows: 24719  Test rows: 24461
2026-04-28 08:04:51,886 INFO     [pooled] Running nested walk-forward CV hyperparameter search (6493 train rows, 4 outer × 3 inner folds)...
2026-04-28 08:16:06,202 INFO     [pooled] Nested CV best params (avg of 3 folds, mean AUC=0.5163): {'max_depth': 4, 'min_child_weight': 10, 'reg_lambda': 1.0}
2026-04-28 08:16:06,205 INFO     [pooled]   fold 1: score=0.5392  params={'max_depth': 4, 'min_child_weight': 3, 'reg_lambda': 1.0}
2026-04-28 08:16:06,205 INFO     [pooled]   fold 1: score=0.5184  params={'max_depth': 4, 'min_child_weight': 3, 'reg_lambda': 5.0}
2026-04-28 08:16:06,205 INFO     [pooled]   fold 1: score=0.5281  params={'max_depth': 4, 'min_child_weight': 3, 'reg_lambda': 10.0}
2026-04-28 08:16:06,205 INFO     [pooled]   fold 1: score=0.5465  params={'max_depth': 4, 'min_child_weight': 5, 'reg_lambda': 1.0}
2026-04-28 08:16:06,205 INFO     [pooled]   fold 1: score=0.5203  params={'max_depth': 4, 'min_child_weight': 5, 'reg_lambda': 5.0}
2026-04-28 08:16:06,205 INFO     [pooled]   fold 1: score=0.5294  params={'max_depth': 4, 'min_child_weight': 5, 'reg_lambda': 10.0}
2026-04-28 08:16:06,205 INFO     [pooled]   fold 1: score=0.5371  params={'max_depth': 4, 'min_child_weight': 10, 'reg_lambda': 1.0}
2026-04-28 08:16:06,205 INFO     [pooled]   fold 1: score=0.5144  params={'max_depth': 4, 'min_child_weight': 10, 'reg_lambda': 5.0}
2026-04-28 08:16:06,205 INFO     [pooled]   fold 1: score=0.5189  params={'max_depth': 4, 'min_child_weight': 10, 'reg_lambda': 10.0}
2026-04-28 08:16:06,205 INFO     [pooled]   fold 1: score=0.5208  params={'max_depth': 5, 'min_child_weight': 3, 'reg_lambda': 1.0}
2026-04-28 08:16:06,205 INFO     [pooled]   fold 1: score=0.5189  params={'max_depth': 5, 'min_child_weight': 3, 'reg_lambda': 5.0}
2026-04-28 08:16:06,205 INFO     [pooled]   fold 1: score=0.5178  params={'max_depth': 5, 'min_child_weight': 3, 'reg_lambda': 10.0}
2026-04-28 08:16:06,205 INFO     [pooled]   fold 1: score=0.5313  params={'max_depth': 5, 'min_child_weight': 5, 'reg_lambda': 1.0}
2026-04-28 08:16:06,205 INFO     [pooled]   fold 1: score=0.5242  params={'max_depth': 5, 'min_child_weight': 5, 'reg_lambda': 5.0}
2026-04-28 08:16:06,205 INFO     [pooled]   fold 1: score=0.5158  params={'max_depth': 5, 'min_child_weight': 5, 'reg_lambda': 10.0}
2026-04-28 08:16:06,206 INFO     [pooled]   fold 1: score=0.5375  params={'max_depth': 5, 'min_child_weight': 10, 'reg_lambda': 1.0}
2026-04-28 08:16:06,206 INFO     [pooled]   fold 1: score=0.4931  params={'max_depth': 5, 'min_child_weight': 10, 'reg_lambda': 5.0}
2026-04-28 08:16:06,206 INFO     [pooled]   fold 1: score=0.5144  params={'max_depth': 5, 'min_child_weight': 10, 'reg_lambda': 10.0}
2026-04-28 08:16:06,206 INFO     [pooled]   fold 1: score=0.5187  params={'max_depth': 6, 'min_child_weight': 3, 'reg_lambda': 1.0}
2026-04-28 08:16:06,206 INFO     [pooled]   fold 1: score=0.5176  params={'max_depth': 6, 'min_child_weight': 3, 'reg_lambda': 5.0}
2026-04-28 08:16:06,206 INFO     [pooled]   fold 1: score=0.5134  params={'max_depth': 6, 'min_child_weight': 3, 'reg_lambda': 10.0}
2026-04-28 08:16:06,206 INFO     [pooled]   fold 1: score=0.5122  params={'max_depth': 6, 'min_child_weight': 5, 'reg_lambda': 1.0}
2026-04-28 08:16:06,206 INFO     [pooled]   fold 1: score=0.5203  params={'max_depth': 6, 'min_child_weight': 5, 'reg_lambda': 5.0}
2026-04-28 08:16:06,206 INFO     [pooled]   fold 1: score=0.5309  params={'max_depth': 6, 'min_child_weight': 5, 'reg_lambda': 10.0}
2026-04-28 08:16:06,206 INFO     [pooled]   fold 1: score=0.5162  params={'max_depth': 6, 'min_child_weight': 10, 'reg_lambda': 1.0}
2026-04-28 08:16:06,206 INFO     [pooled]   fold 1: score=0.5234  params={'max_depth': 6, 'min_child_weight': 10, 'reg_lambda': 5.0}
2026-04-28 08:16:06,206 INFO     [pooled]   fold 1: score=0.5369  params={'max_depth': 6, 'min_child_weight': 10, 'reg_lambda': 10.0}
2026-04-28 08:16:06,206 INFO     [pooled]   fold 2: score=0.5073  params={'max_depth': 4, 'min_child_weight': 3, 'reg_lambda': 1.0}
2026-04-28 08:16:06,206 INFO     [pooled]   fold 2: score=0.4927  params={'max_depth': 4, 'min_child_weight': 3, 'reg_lambda': 5.0}
2026-04-28 08:16:06,206 INFO     [pooled]   fold 2: score=0.4842  params={'max_depth': 4, 'min_child_weight': 3, 'reg_lambda': 10.0}
2026-04-28 08:16:06,206 INFO     [pooled]   fold 2: score=0.4899  params={'max_depth': 4, 'min_child_weight': 5, 'reg_lambda': 1.0}
2026-04-28 08:16:06,206 INFO     [pooled]   fold 2: score=0.4966  params={'max_depth': 4, 'min_child_weight': 5, 'reg_lambda': 5.0}
2026-04-28 08:16:06,206 INFO     [pooled]   fold 2: score=0.4832  params={'max_depth': 4, 'min_child_weight': 5, 'reg_lambda': 10.0}
2026-04-28 08:16:06,206 INFO     [pooled]   fold 2: score=0.5131  params={'max_depth': 4, 'min_child_weight': 10, 'reg_lambda': 1.0}
2026-04-28 08:16:06,206 INFO     [pooled]   fold 2: score=0.4886  params={'max_depth': 4, 'min_child_weight': 10, 'reg_lambda': 5.0}
2026-04-28 08:16:06,206 INFO     [pooled]   fold 2: score=0.4546  params={'max_depth': 4, 'min_child_weight': 10, 'reg_lambda': 10.0}
2026-04-28 08:16:06,206 INFO     [pooled]   fold 2: score=0.5148  params={'max_depth': 5, 'min_child_weight': 3, 'reg_lambda': 1.0}
2026-04-28 08:16:06,206 INFO     [pooled]   fold 2: score=0.5088  params={'max_depth': 5, 'min_child_weight': 3, 'reg_lambda': 5.0}
2026-04-28 08:16:06,206 INFO     [pooled]   fold 2: score=0.4874  params={'max_depth': 5, 'min_child_weight': 3, 'reg_lambda': 10.0}
2026-04-28 08:16:06,206 INFO     [pooled]   fold 2: score=0.4994  params={'max_depth': 5, 'min_child_weight': 5, 'reg_lambda': 1.0}
2026-04-28 08:16:06,206 INFO     [pooled]   fold 2: score=0.5022  params={'max_depth': 5, 'min_child_weight': 5, 'reg_lambda': 5.0}
2026-04-28 08:16:06,206 INFO     [pooled]   fold 2: score=0.4763  params={'max_depth': 5, 'min_child_weight': 5, 'reg_lambda': 10.0}
2026-04-28 08:16:06,206 INFO     [pooled]   fold 2: score=0.5107  params={'max_depth': 5, 'min_child_weight': 10, 'reg_lambda': 1.0}
2026-04-28 08:16:06,206 INFO     [pooled]   fold 2: score=0.5323  params={'max_depth': 5, 'min_child_weight': 10, 'reg_lambda': 5.0}
2026-04-28 08:16:06,206 INFO     [pooled]   fold 2: score=0.4873  params={'max_depth': 5, 'min_child_weight': 10, 'reg_lambda': 10.0}
2026-04-28 08:16:06,206 INFO     [pooled]   fold 2: score=0.5018  params={'max_depth': 6, 'min_child_weight': 3, 'reg_lambda': 1.0}
2026-04-28 08:16:06,206 INFO     [pooled]   fold 2: score=0.4808  params={'max_depth': 6, 'min_child_weight': 3, 'reg_lambda': 5.0}
2026-04-28 08:16:06,206 INFO     [pooled]   fold 2: score=0.4993  params={'max_depth': 6, 'min_child_weight': 3, 'reg_lambda': 10.0}
2026-04-28 08:16:06,206 INFO     [pooled]   fold 2: score=0.5060  params={'max_depth': 6, 'min_child_weight': 5, 'reg_lambda': 1.0}
2026-04-28 08:16:06,206 INFO     [pooled]   fold 2: score=0.4887  params={'max_depth': 6, 'min_child_weight': 5, 'reg_lambda': 5.0}
2026-04-28 08:16:06,206 INFO     [pooled]   fold 2: score=0.4813  params={'max_depth': 6, 'min_child_weight': 5, 'reg_lambda': 10.0}
2026-04-28 08:16:06,206 INFO     [pooled]   fold 2: score=0.5194  params={'max_depth': 6, 'min_child_weight': 10, 'reg_lambda': 1.0}
2026-04-28 08:16:06,206 INFO     [pooled]   fold 2: score=0.4791  params={'max_depth': 6, 'min_child_weight': 10, 'reg_lambda': 5.0}
2026-04-28 08:16:06,206 INFO     [pooled]   fold 2: score=0.4847  params={'max_depth': 6, 'min_child_weight': 10, 'reg_lambda': 10.0}
2026-04-28 08:16:06,206 INFO     [pooled]   fold 3: score=0.4805  params={'max_depth': 4, 'min_child_weight': 3, 'reg_lambda': 1.0}
2026-04-28 08:16:06,206 INFO     [pooled]   fold 3: score=0.5046  params={'max_depth': 4, 'min_child_weight': 3, 'reg_lambda': 5.0}
2026-04-28 08:16:06,206 INFO     [pooled]   fold 3: score=0.4855  params={'max_depth': 4, 'min_child_weight': 3, 'reg_lambda': 10.0}
2026-04-28 08:16:06,206 INFO     [pooled]   fold 3: score=0.4686  params={'max_depth': 4, 'min_child_weight': 5, 'reg_lambda': 1.0}
2026-04-28 08:16:06,206 INFO     [pooled]   fold 3: score=0.5294  params={'max_depth': 4, 'min_child_weight': 5, 'reg_lambda': 5.0}
2026-04-28 08:16:06,206 INFO     [pooled]   fold 3: score=0.5045  params={'max_depth': 4, 'min_child_weight': 5, 'reg_lambda': 10.0}
2026-04-28 08:16:06,206 INFO     [pooled]   fold 3: score=0.4987  params={'max_depth': 4, 'min_child_weight': 10, 'reg_lambda': 1.0}
2026-04-28 08:16:06,206 INFO     [pooled]   fold 3: score=0.4824  params={'max_depth': 4, 'min_child_weight': 10, 'reg_lambda': 5.0}
2026-04-28 08:16:06,206 INFO     [pooled]   fold 3: score=0.4868  params={'max_depth': 4, 'min_child_weight': 10, 'reg_lambda': 10.0}
2026-04-28 08:16:06,206 INFO     [pooled]   fold 3: score=0.4612  params={'max_depth': 5, 'min_child_weight': 3, 'reg_lambda': 1.0}
2026-04-28 08:16:06,206 INFO     [pooled]   fold 3: score=0.4807  params={'max_depth': 5, 'min_child_weight': 3, 'reg_lambda': 5.0}
2026-04-28 08:16:06,206 INFO     [pooled]   fold 3: score=0.5141  params={'max_depth': 5, 'min_child_weight': 3, 'reg_lambda': 10.0}
2026-04-28 08:16:06,206 INFO     [pooled]   fold 3: score=0.4923  params={'max_depth': 5, 'min_child_weight': 5, 'reg_lambda': 1.0}
2026-04-28 08:16:06,206 INFO     [pooled]   fold 3: score=0.5108  params={'max_depth': 5, 'min_child_weight': 5, 'reg_lambda': 5.0}
2026-04-28 08:16:06,206 INFO     [pooled]   fold 3: score=0.4998  params={'max_depth': 5, 'min_child_weight': 5, 'reg_lambda': 10.0}
2026-04-28 08:16:06,206 INFO     [pooled]   fold 3: score=0.4702  params={'max_depth': 5, 'min_child_weight': 10, 'reg_lambda': 1.0}
2026-04-28 08:16:06,206 INFO     [pooled]   fold 3: score=0.5068  params={'max_depth': 5, 'min_child_weight': 10, 'reg_lambda': 5.0}
2026-04-28 08:16:06,206 INFO     [pooled]   fold 3: score=0.4863  params={'max_depth': 5, 'min_child_weight': 10, 'reg_lambda': 10.0}
2026-04-28 08:16:06,206 INFO     [pooled]   fold 3: score=0.4895  params={'max_depth': 6, 'min_child_weight': 3, 'reg_lambda': 1.0}
2026-04-28 08:16:06,206 INFO     [pooled]   fold 3: score=0.4797  params={'max_depth': 6, 'min_child_weight': 3, 'reg_lambda': 5.0}
2026-04-28 08:16:06,206 INFO     [pooled]   fold 3: score=0.4877  params={'max_depth': 6, 'min_child_weight': 3, 'reg_lambda': 10.0}
2026-04-28 08:16:06,206 INFO     [pooled]   fold 3: score=0.4888  params={'max_depth': 6, 'min_child_weight': 5, 'reg_lambda': 1.0}
2026-04-28 08:16:06,206 INFO     [pooled]   fold 3: score=0.4637  params={'max_depth': 6, 'min_child_weight': 5, 'reg_lambda': 5.0}
2026-04-28 08:16:06,206 INFO     [pooled]   fold 3: score=0.5245  params={'max_depth': 6, 'min_child_weight': 5, 'reg_lambda': 10.0}
2026-04-28 08:16:06,206 INFO     [pooled]   fold 3: score=0.5126  params={'max_depth': 6, 'min_child_weight': 10, 'reg_lambda': 1.0}
2026-04-28 08:16:06,206 INFO     [pooled]   fold 3: score=0.4960  params={'max_depth': 6, 'min_child_weight': 10, 'reg_lambda': 5.0}
2026-04-28 08:16:06,206 INFO     [pooled]   fold 3: score=0.4925  params={'max_depth': 6, 'min_child_weight': 10, 'reg_lambda': 10.0}
2026-04-28 08:16:06,207 INFO     [pooled] Saved tuned params to /Users/amos/Code/Stock Market AI Bot/models/pooled_best_xgb_params.json
2026-04-28 08:16:07,166 INFO     [pooled] Feature pruning: 984 → 74 cols  (30 base kept of 940, 910 dropped, 44 dummies always kept, 0 sentiment kept)
2026-04-28 08:16:07,217 INFO     build_models: applying tuned param overrides: {'max_depth': 4, 'min_child_weight': 10, 'reg_lambda': 1.0}
2026-04-28 08:16:07,218 INFO     build_models: class balance via sample_weight  (n_pos=3286, n_neg=3207, w_pos=0.976)
2026-04-28 08:16:07,479 INFO     [pooled] h5 class balance: n_pos=3578  n_neg=2915  w_pos=0.815
2026-04-28 08:16:07,520 INFO     [pooled] h5 model trained on 6493 rows
2026-04-28 08:16:07,531 INFO     [pooled] Confidence threshold: 52.5 (fallback=True)
2026-04-28 08:16:07,531 INFO     [pooled] Conformal qhat(alpha=0.20): 0.5306
2026-04-28 08:16:07,537 INFO     [pooled] Test accuracy: 49.68%  baseline: 49.25%  threshold: 52.5%
2026-04-28 08:16:07,537 WARNING  [pooled] Confidence diagnostics failed: confidence_not_correlated_with_correctness; bucket_precision_not_monotonic
2026-04-28 08:16:07,620 INFO     [pooled] Saved results plot /Users/amos/Code/Stock Market AI Bot/models/pooled_xgb_only_results.png
2026-04-28 08:16:07,717 INFO     [pooled] Saved per-ticker plot /Users/amos/Code/Stock Market AI Bot/models/pooled_ticker_accuracy.png
2026-04-28 08:16:07,719 INFO     [pooled] Saved h5 model to pooled_xgb_dir_h5.json
2026-04-28 08:16:07,721 INFO     [pooled] Saved artefacts for AAPL
2026-04-28 08:16:07,724 INFO     [pooled] Saved artefacts for ABBV
2026-04-28 08:16:07,726 INFO     [pooled] Saved artefacts for AMD
2026-04-28 08:16:07,728 INFO     [pooled] Saved artefacts for AMT
2026-04-28 08:16:07,730 INFO     [pooled] Saved artefacts for AMZN
2026-04-28 08:16:07,732 INFO     [pooled] Saved artefacts for BAC
2026-04-28 08:16:07,732 INFO     [pooled] Skipping artefact save for training-only ticker BBBY
2026-04-28 08:16:07,734 INFO     [pooled] Saved artefacts for BRK-B
2026-04-28 08:16:07,736 INFO     [pooled] Saved artefacts for BTC-USD
2026-04-28 08:16:07,738 INFO     [pooled] Saved artefacts for CAT
2026-04-28 08:16:07,740 INFO     [pooled] Saved artefacts for COST
2026-04-28 08:16:07,742 INFO     [pooled] Saved artefacts for CVX
2026-04-28 08:16:07,744 INFO     [pooled] Saved artefacts for DE
2026-04-28 08:16:07,747 INFO     [pooled] Saved artefacts for DUK
2026-04-28 08:16:07,749 INFO     [pooled] Saved artefacts for EQIX
2026-04-28 08:16:07,751 INFO     [pooled] Saved artefacts for FCX
2026-04-28 08:16:07,751 INFO     [pooled] Skipping artefact save for training-only ticker FRC
2026-04-28 08:16:07,753 INFO     [pooled] Saved artefacts for GOOGL
2026-04-28 08:16:07,755 INFO     [pooled] Saved artefacts for GS
2026-04-28 08:16:07,757 INFO     [pooled] Saved artefacts for HD
2026-04-28 08:16:07,759 INFO     [pooled] Saved artefacts for INTC
2026-04-28 08:16:07,761 INFO     [pooled] Saved artefacts for JNJ
2026-04-28 08:16:07,762 INFO     [pooled] Saved artefacts for JPM
2026-04-28 08:16:07,764 INFO     [pooled] Saved artefacts for KO
2026-04-28 08:16:07,766 INFO     [pooled] Saved artefacts for LIN
2026-04-28 08:16:07,768 INFO     [pooled] Saved artefacts for LLY
2026-04-28 08:16:07,770 INFO     [pooled] Saved artefacts for MA
2026-04-28 08:16:07,772 INFO     [pooled] Saved artefacts for MCD
2026-04-28 08:16:07,774 INFO     [pooled] Saved artefacts for META
2026-04-28 08:16:07,776 INFO     [pooled] Saved artefacts for MSFT
2026-04-28 08:16:07,777 INFO     [pooled] Saved artefacts for MU
2026-04-28 08:16:07,780 INFO     [pooled] Saved artefacts for NEE
2026-04-28 08:16:07,781 INFO     [pooled] Saved artefacts for NVDA
2026-04-28 08:16:07,784 INFO     [pooled] Saved artefacts for PEP
2026-04-28 08:16:07,785 INFO     [pooled] Saved artefacts for PG
2026-04-28 08:16:07,787 INFO     [pooled] Saved artefacts for PLD
2026-04-28 08:16:07,789 INFO     [pooled] Saved artefacts for SO
2026-04-28 08:16:07,791 INFO     [pooled] Saved artefacts for TSLA
2026-04-28 08:16:07,793 INFO     [pooled] Saved artefacts for UNH
2026-04-28 08:16:07,795 INFO     [pooled] Saved artefacts for UNP
2026-04-28 08:16:07,797 INFO     [pooled] Saved artefacts for UPS
2026-04-28 08:16:07,799 INFO     [pooled] Saved artefacts for V
2026-04-28 08:16:07,801 INFO     [pooled] Saved artefacts for WMT
2026-04-28 08:16:07,802 INFO     [pooled] Saved artefacts for XOM
2026-04-28 08:16:07,802 INFO     [pooled] Done. 44 tickers, 49.68% acc vs 49.25% baseline
2026-04-28 08:23:56,765 INFO     Leakage audit output:
[leakage_audit] wrote /Users/amos/Code/Stock Market AI Bot/logs/leakage_audit.json
[leakage_audit] all tickers passed.
2026-04-28 08:23:56,766 INFO     POOLED_TRAINING=True — training cross-sectional model on all tickers (tune_hyperparams=True)
2026-04-28 08:23:56,766 INFO     [pooled] Starting cross-sectional training on 30 tickers (28 prediction, 2 training-only/survivorship)
2026-04-28 08:23:57,133 INFO     [pooled] Common feature set: 89 features across 30 tickers
2026-04-28 08:23:59,789 INFO     [pooled] Train rows: 4393  Calib rows: 16935  Test rows: 16761
2026-04-28 08:23:59,841 INFO     [pooled] Running nested walk-forward CV hyperparameter search (4393 train rows, 4 outer × 3 inner folds)...
2026-04-28 08:33:54,774 INFO     [pooled] Nested CV best params (avg of 3 folds, mean AUC=0.5023): {'max_depth': 4, 'min_child_weight': 5, 'reg_lambda': 10.0}
2026-04-28 08:33:54,776 INFO     [pooled]   fold 1: score=0.4646  params={'max_depth': 4, 'min_child_weight': 3, 'reg_lambda': 1.0}
2026-04-28 08:33:54,776 INFO     [pooled]   fold 1: score=0.4675  params={'max_depth': 4, 'min_child_weight': 3, 'reg_lambda': 5.0}
2026-04-28 08:33:54,776 INFO     [pooled]   fold 1: score=0.4708  params={'max_depth': 4, 'min_child_weight': 3, 'reg_lambda': 10.0}
2026-04-28 08:33:54,776 INFO     [pooled]   fold 1: score=0.4570  params={'max_depth': 4, 'min_child_weight': 5, 'reg_lambda': 1.0}
2026-04-28 08:33:54,776 INFO     [pooled]   fold 1: score=0.4538  params={'max_depth': 4, 'min_child_weight': 5, 'reg_lambda': 5.0}
2026-04-28 08:33:54,776 INFO     [pooled]   fold 1: score=0.4688  params={'max_depth': 4, 'min_child_weight': 5, 'reg_lambda': 10.0}
2026-04-28 08:33:54,776 INFO     [pooled]   fold 1: score=0.4514  params={'max_depth': 4, 'min_child_weight': 10, 'reg_lambda': 1.0}
2026-04-28 08:33:54,776 INFO     [pooled]   fold 1: score=0.4695  params={'max_depth': 4, 'min_child_weight': 10, 'reg_lambda': 5.0}
2026-04-28 08:33:54,776 INFO     [pooled]   fold 1: score=0.4732  params={'max_depth': 4, 'min_child_weight': 10, 'reg_lambda': 10.0}
2026-04-28 08:33:54,776 INFO     [pooled]   fold 1: score=0.4708  params={'max_depth': 5, 'min_child_weight': 3, 'reg_lambda': 1.0}
2026-04-28 08:33:54,776 INFO     [pooled]   fold 1: score=0.4541  params={'max_depth': 5, 'min_child_weight': 3, 'reg_lambda': 5.0}
2026-04-28 08:33:54,776 INFO     [pooled]   fold 1: score=0.4705  params={'max_depth': 5, 'min_child_weight': 3, 'reg_lambda': 10.0}
2026-04-28 08:33:54,776 INFO     [pooled]   fold 1: score=0.4784  params={'max_depth': 5, 'min_child_weight': 5, 'reg_lambda': 1.0}
2026-04-28 08:33:54,776 INFO     [pooled]   fold 1: score=0.4500  params={'max_depth': 5, 'min_child_weight': 5, 'reg_lambda': 5.0}
2026-04-28 08:33:54,776 INFO     [pooled]   fold 1: score=0.4766  params={'max_depth': 5, 'min_child_weight': 5, 'reg_lambda': 10.0}
2026-04-28 08:33:54,777 INFO     [pooled]   fold 1: score=0.4745  params={'max_depth': 5, 'min_child_weight': 10, 'reg_lambda': 1.0}
2026-04-28 08:33:54,777 INFO     [pooled]   fold 1: score=0.4709  params={'max_depth': 5, 'min_child_weight': 10, 'reg_lambda': 5.0}
2026-04-28 08:33:54,777 INFO     [pooled]   fold 1: score=0.4850  params={'max_depth': 5, 'min_child_weight': 10, 'reg_lambda': 10.0}
2026-04-28 08:33:54,777 INFO     [pooled]   fold 1: score=0.4610  params={'max_depth': 6, 'min_child_weight': 3, 'reg_lambda': 1.0}
2026-04-28 08:33:54,777 INFO     [pooled]   fold 1: score=0.4643  params={'max_depth': 6, 'min_child_weight': 3, 'reg_lambda': 5.0}
2026-04-28 08:33:54,777 INFO     [pooled]   fold 1: score=0.4680  params={'max_depth': 6, 'min_child_weight': 3, 'reg_lambda': 10.0}
2026-04-28 08:33:54,777 INFO     [pooled]   fold 1: score=0.4571  params={'max_depth': 6, 'min_child_weight': 5, 'reg_lambda': 1.0}
2026-04-28 08:33:54,777 INFO     [pooled]   fold 1: score=0.4623  params={'max_depth': 6, 'min_child_weight': 5, 'reg_lambda': 5.0}
2026-04-28 08:33:54,777 INFO     [pooled]   fold 1: score=0.4643  params={'max_depth': 6, 'min_child_weight': 5, 'reg_lambda': 10.0}
2026-04-28 08:33:54,777 INFO     [pooled]   fold 1: score=0.4684  params={'max_depth': 6, 'min_child_weight': 10, 'reg_lambda': 1.0}
2026-04-28 08:33:54,777 INFO     [pooled]   fold 1: score=0.4691  params={'max_depth': 6, 'min_child_weight': 10, 'reg_lambda': 5.0}
2026-04-28 08:33:54,777 INFO     [pooled]   fold 1: score=0.4724  params={'max_depth': 6, 'min_child_weight': 10, 'reg_lambda': 10.0}
2026-04-28 08:33:54,777 INFO     [pooled]   fold 2: score=0.4932  params={'max_depth': 4, 'min_child_weight': 3, 'reg_lambda': 1.0}
2026-04-28 08:33:54,777 INFO     [pooled]   fold 2: score=0.4931  params={'max_depth': 4, 'min_child_weight': 3, 'reg_lambda': 5.0}
2026-04-28 08:33:54,777 INFO     [pooled]   fold 2: score=0.4768  params={'max_depth': 4, 'min_child_weight': 3, 'reg_lambda': 10.0}
2026-04-28 08:33:54,777 INFO     [pooled]   fold 2: score=0.4810  params={'max_depth': 4, 'min_child_weight': 5, 'reg_lambda': 1.0}
2026-04-28 08:33:54,777 INFO     [pooled]   fold 2: score=0.5096  params={'max_depth': 4, 'min_child_weight': 5, 'reg_lambda': 5.0}
2026-04-28 08:33:54,777 INFO     [pooled]   fold 2: score=0.5130  params={'max_depth': 4, 'min_child_weight': 5, 'reg_lambda': 10.0}
2026-04-28 08:33:54,777 INFO     [pooled]   fold 2: score=0.5085  params={'max_depth': 4, 'min_child_weight': 10, 'reg_lambda': 1.0}
2026-04-28 08:33:54,777 INFO     [pooled]   fold 2: score=0.4713  params={'max_depth': 4, 'min_child_weight': 10, 'reg_lambda': 5.0}
2026-04-28 08:33:54,777 INFO     [pooled]   fold 2: score=0.4610  params={'max_depth': 4, 'min_child_weight': 10, 'reg_lambda': 10.0}
2026-04-28 08:33:54,777 INFO     [pooled]   fold 2: score=0.4619  params={'max_depth': 5, 'min_child_weight': 3, 'reg_lambda': 1.0}
2026-04-28 08:33:54,777 INFO     [pooled]   fold 2: score=0.4737  params={'max_depth': 5, 'min_child_weight': 3, 'reg_lambda': 5.0}
2026-04-28 08:33:54,777 INFO     [pooled]   fold 2: score=0.4611  params={'max_depth': 5, 'min_child_weight': 3, 'reg_lambda': 10.0}
2026-04-28 08:33:54,777 INFO     [pooled]   fold 2: score=0.4820  params={'max_depth': 5, 'min_child_weight': 5, 'reg_lambda': 1.0}
2026-04-28 08:33:54,777 INFO     [pooled]   fold 2: score=0.4565  params={'max_depth': 5, 'min_child_weight': 5, 'reg_lambda': 5.0}
2026-04-28 08:33:54,777 INFO     [pooled]   fold 2: score=0.4649  params={'max_depth': 5, 'min_child_weight': 5, 'reg_lambda': 10.0}
2026-04-28 08:33:54,777 INFO     [pooled]   fold 2: score=0.4999  params={'max_depth': 5, 'min_child_weight': 10, 'reg_lambda': 1.0}
2026-04-28 08:33:54,777 INFO     [pooled]   fold 2: score=0.4614  params={'max_depth': 5, 'min_child_weight': 10, 'reg_lambda': 5.0}
2026-04-28 08:33:54,777 INFO     [pooled]   fold 2: score=0.4676  params={'max_depth': 5, 'min_child_weight': 10, 'reg_lambda': 10.0}
2026-04-28 08:33:54,777 INFO     [pooled]   fold 2: score=0.4969  params={'max_depth': 6, 'min_child_weight': 3, 'reg_lambda': 1.0}
2026-04-28 08:33:54,777 INFO     [pooled]   fold 2: score=0.4790  params={'max_depth': 6, 'min_child_weight': 3, 'reg_lambda': 5.0}
2026-04-28 08:33:54,777 INFO     [pooled]   fold 2: score=0.4631  params={'max_depth': 6, 'min_child_weight': 3, 'reg_lambda': 10.0}
2026-04-28 08:33:54,777 INFO     [pooled]   fold 2: score=0.4488  params={'max_depth': 6, 'min_child_weight': 5, 'reg_lambda': 1.0}
2026-04-28 08:33:54,777 INFO     [pooled]   fold 2: score=0.4843  params={'max_depth': 6, 'min_child_weight': 5, 'reg_lambda': 5.0}
2026-04-28 08:33:54,777 INFO     [pooled]   fold 2: score=0.4730  params={'max_depth': 6, 'min_child_weight': 5, 'reg_lambda': 10.0}
2026-04-28 08:33:54,777 INFO     [pooled]   fold 2: score=0.5027  params={'max_depth': 6, 'min_child_weight': 10, 'reg_lambda': 1.0}
2026-04-28 08:33:54,777 INFO     [pooled]   fold 2: score=0.4804  params={'max_depth': 6, 'min_child_weight': 10, 'reg_lambda': 5.0}
2026-04-28 08:33:54,777 INFO     [pooled]   fold 2: score=0.4951  params={'max_depth': 6, 'min_child_weight': 10, 'reg_lambda': 10.0}
2026-04-28 08:33:54,777 INFO     [pooled]   fold 3: score=0.5104  params={'max_depth': 4, 'min_child_weight': 3, 'reg_lambda': 1.0}
2026-04-28 08:33:54,777 INFO     [pooled]   fold 3: score=0.5346  params={'max_depth': 4, 'min_child_weight': 3, 'reg_lambda': 5.0}
2026-04-28 08:33:54,777 INFO     [pooled]   fold 3: score=0.5321  params={'max_depth': 4, 'min_child_weight': 3, 'reg_lambda': 10.0}
2026-04-28 08:33:54,777 INFO     [pooled]   fold 3: score=0.5091  params={'max_depth': 4, 'min_child_weight': 5, 'reg_lambda': 1.0}
2026-04-28 08:33:54,777 INFO     [pooled]   fold 3: score=0.5123  params={'max_depth': 4, 'min_child_weight': 5, 'reg_lambda': 5.0}
2026-04-28 08:33:54,777 INFO     [pooled]   fold 3: score=0.5250  params={'max_depth': 4, 'min_child_weight': 5, 'reg_lambda': 10.0}
2026-04-28 08:33:54,777 INFO     [pooled]   fold 3: score=0.4872  params={'max_depth': 4, 'min_child_weight': 10, 'reg_lambda': 1.0}
2026-04-28 08:33:54,777 INFO     [pooled]   fold 3: score=0.5300  params={'max_depth': 4, 'min_child_weight': 10, 'reg_lambda': 5.0}
2026-04-28 08:33:54,777 INFO     [pooled]   fold 3: score=0.5312  params={'max_depth': 4, 'min_child_weight': 10, 'reg_lambda': 10.0}
2026-04-28 08:33:54,777 INFO     [pooled]   fold 3: score=0.5075  params={'max_depth': 5, 'min_child_weight': 3, 'reg_lambda': 1.0}
2026-04-28 08:33:54,777 INFO     [pooled]   fold 3: score=0.5329  params={'max_depth': 5, 'min_child_weight': 3, 'reg_lambda': 5.0}
2026-04-28 08:33:54,777 INFO     [pooled]   fold 3: score=0.5612  params={'max_depth': 5, 'min_child_weight': 3, 'reg_lambda': 10.0}
2026-04-28 08:33:54,777 INFO     [pooled]   fold 3: score=0.5006  params={'max_depth': 5, 'min_child_weight': 5, 'reg_lambda': 1.0}
2026-04-28 08:33:54,777 INFO     [pooled]   fold 3: score=0.5208  params={'max_depth': 5, 'min_child_weight': 5, 'reg_lambda': 5.0}
2026-04-28 08:33:54,777 INFO     [pooled]   fold 3: score=0.5200  params={'max_depth': 5, 'min_child_weight': 5, 'reg_lambda': 10.0}
2026-04-28 08:33:54,777 INFO     [pooled]   fold 3: score=0.5082  params={'max_depth': 5, 'min_child_weight': 10, 'reg_lambda': 1.0}
2026-04-28 08:33:54,777 INFO     [pooled]   fold 3: score=0.5126  params={'max_depth': 5, 'min_child_weight': 10, 'reg_lambda': 5.0}
2026-04-28 08:33:54,777 INFO     [pooled]   fold 3: score=0.5060  params={'max_depth': 5, 'min_child_weight': 10, 'reg_lambda': 10.0}
2026-04-28 08:33:54,777 INFO     [pooled]   fold 3: score=0.5296  params={'max_depth': 6, 'min_child_weight': 3, 'reg_lambda': 1.0}
2026-04-28 08:33:54,777 INFO     [pooled]   fold 3: score=0.5335  params={'max_depth': 6, 'min_child_weight': 3, 'reg_lambda': 5.0}
2026-04-28 08:33:54,777 INFO     [pooled]   fold 3: score=0.5399  params={'max_depth': 6, 'min_child_weight': 3, 'reg_lambda': 10.0}
2026-04-28 08:33:54,777 INFO     [pooled]   fold 3: score=0.4919  params={'max_depth': 6, 'min_child_weight': 5, 'reg_lambda': 1.0}
2026-04-28 08:33:54,777 INFO     [pooled]   fold 3: score=0.5311  params={'max_depth': 6, 'min_child_weight': 5, 'reg_lambda': 5.0}
2026-04-28 08:33:54,777 INFO     [pooled]   fold 3: score=0.5141  params={'max_depth': 6, 'min_child_weight': 5, 'reg_lambda': 10.0}
2026-04-28 08:33:54,777 INFO     [pooled]   fold 3: score=0.5167  params={'max_depth': 6, 'min_child_weight': 10, 'reg_lambda': 1.0}
2026-04-28 08:33:54,777 INFO     [pooled]   fold 3: score=0.5130  params={'max_depth': 6, 'min_child_weight': 10, 'reg_lambda': 5.0}
2026-04-28 08:33:54,777 INFO     [pooled]   fold 3: score=0.5184  params={'max_depth': 6, 'min_child_weight': 10, 'reg_lambda': 10.0}
2026-04-28 08:33:54,778 INFO     [pooled] Saved tuned params to /Users/amos/Code/Stock Market AI Bot/models/pooled_best_xgb_params.json
2026-04-28 08:33:55,539 INFO     [pooled] Feature pruning: 970 → 60 cols  (30 base kept of 940, 910 dropped, 30 dummies always kept, 0 sentiment kept)
2026-04-28 08:33:55,580 INFO     build_models: applying tuned param overrides: {'max_depth': 4, 'min_child_weight': 5, 'reg_lambda': 10.0}
2026-04-28 08:33:55,580 INFO     build_models: class balance via sample_weight  (n_pos=2221, n_neg=2172, w_pos=0.978)
2026-04-28 08:33:55,805 INFO     [pooled] h5 class balance: n_pos=2420  n_neg=1973  w_pos=0.815
2026-04-28 08:33:55,838 INFO     [pooled] h5 model trained on 4393 rows
2026-04-28 08:33:55,844 INFO     [pooled] Confidence threshold: 52.5 (fallback=True)
2026-04-28 08:33:55,844 INFO     [pooled] Conformal qhat(alpha=0.20): 0.5456
2026-04-28 08:33:55,848 INFO     [pooled] Test accuracy: 49.21%  baseline: 49.21%  threshold: 52.5%
2026-04-28 08:33:55,848 WARNING  [pooled] Confidence diagnostics failed: confidence_not_correlated_with_correctness; bucket_precision_not_monotonic
2026-04-28 08:33:55,928 INFO     [pooled] Saved results plot /Users/amos/Code/Stock Market AI Bot/models/pooled_xgb_only_results.png
2026-04-28 08:33:55,995 INFO     [pooled] Saved per-ticker plot /Users/amos/Code/Stock Market AI Bot/models/pooled_ticker_accuracy.png
2026-04-28 08:33:55,998 INFO     [pooled] Saved h5 model to pooled_xgb_dir_h5.json
2026-04-28 08:33:56,000 INFO     [pooled] Saved artefacts for AAPL
2026-04-28 08:33:56,002 INFO     [pooled] Saved artefacts for MSFT
2026-04-28 08:33:56,004 INFO     [pooled] Saved artefacts for NVDA
2026-04-28 08:33:56,006 INFO     [pooled] Saved artefacts for AMD
2026-04-28 08:33:56,008 INFO     [pooled] Saved artefacts for GOOGL
2026-04-28 08:33:56,010 INFO     [pooled] Saved artefacts for META
2026-04-28 08:33:56,012 INFO     [pooled] Saved artefacts for AMZN
2026-04-28 08:33:56,014 INFO     [pooled] Saved artefacts for TSLA
2026-04-28 08:33:56,016 INFO     [pooled] Saved artefacts for JPM
2026-04-28 08:33:56,018 INFO     [pooled] Saved artefacts for GS
2026-04-28 08:33:56,019 INFO     [pooled] Saved artefacts for BAC
2026-04-28 08:33:56,021 INFO     [pooled] Saved artefacts for UNH
2026-04-28 08:33:56,023 INFO     [pooled] Saved artefacts for JNJ
2026-04-28 08:33:56,025 INFO     [pooled] Saved artefacts for ABBV
2026-04-28 08:33:56,027 INFO     [pooled] Saved artefacts for XOM
2026-04-28 08:33:56,029 INFO     [pooled] Saved artefacts for CVX
2026-04-28 08:33:56,031 INFO     [pooled] Saved artefacts for CAT
2026-04-28 08:33:56,033 INFO     [pooled] Saved artefacts for DE
2026-04-28 08:33:56,035 INFO     [pooled] Saved artefacts for MU
2026-04-28 08:33:56,036 INFO     [pooled] Saved artefacts for INTC
2026-04-28 08:33:56,038 INFO     [pooled] Saved artefacts for BTC-USD
2026-04-28 08:33:56,040 INFO     [pooled] Saved artefacts for LLY
2026-04-28 08:33:56,042 INFO     [pooled] Saved artefacts for V
2026-04-28 08:33:56,044 INFO     [pooled] Saved artefacts for MA
2026-04-28 08:33:56,046 INFO     [pooled] Saved artefacts for HD
2026-04-28 08:33:56,048 INFO     [pooled] Saved artefacts for COST
2026-04-28 08:33:56,050 INFO     [pooled] Saved artefacts for PG
2026-04-28 08:33:56,052 INFO     [pooled] Saved artefacts for BRK-B
2026-04-28 08:33:56,052 INFO     [pooled] Skipping artefact save for training-only ticker FRC
2026-04-28 08:33:56,052 INFO     [pooled] Skipping artefact save for training-only ticker BBBY
2026-04-28 08:33:56,052 INFO     [pooled] Done. 30 tickers, 49.21% acc vs 49.21% baseline
2026-04-28 09:18:06,660 INFO     Leakage audit output:
[leakage_audit] wrote /Users/amos/Code/Stock Market AI Bot/logs/leakage_audit.json
[leakage_audit] all tickers passed.
2026-04-28 09:18:06,660 INFO     POOLED_TRAINING=True — training cross-sectional model on all tickers (tune_hyperparams=True)
2026-04-28 09:18:06,660 INFO     [pooled] Starting cross-sectional training on 30 tickers (28 prediction, 2 training-only/survivorship)
2026-04-28 09:18:07,061 INFO     [pooled] Common feature set: 89 features across 30 tickers
2026-04-28 09:18:09,521 INFO     [pooled] Train rows: 4393  Calib rows: 16935  Test rows: 16761
2026-04-28 09:18:09,584 INFO     [pooled] Running nested walk-forward CV hyperparameter search (4393 train rows, 4 outer × 3 inner folds)...
2026-04-28 09:28:25,318 INFO     [pooled] Nested CV best params (avg of 3 folds, mean AUC=0.5410): {'max_depth': 6, 'min_child_weight': 3, 'reg_lambda': 1.0}
2026-04-28 09:28:25,318 INFO     [pooled]   fold 1: score=0.5245  params={'max_depth': 4, 'min_child_weight': 3, 'reg_lambda': 1.0}
2026-04-28 09:28:25,318 INFO     [pooled]   fold 1: score=0.5224  params={'max_depth': 4, 'min_child_weight': 3, 'reg_lambda': 5.0}
2026-04-28 09:28:25,318 INFO     [pooled]   fold 1: score=0.5228  params={'max_depth': 4, 'min_child_weight': 3, 'reg_lambda': 10.0}
2026-04-28 09:28:25,318 INFO     [pooled]   fold 1: score=0.5007  params={'max_depth': 4, 'min_child_weight': 5, 'reg_lambda': 1.0}
2026-04-28 09:28:25,318 INFO     [pooled]   fold 1: score=0.5009  params={'max_depth': 4, 'min_child_weight': 5, 'reg_lambda': 5.0}
2026-04-28 09:28:25,318 INFO     [pooled]   fold 1: score=0.5242  params={'max_depth': 4, 'min_child_weight': 5, 'reg_lambda': 10.0}
2026-04-28 09:28:25,318 INFO     [pooled]   fold 1: score=0.5265  params={'max_depth': 4, 'min_child_weight': 10, 'reg_lambda': 1.0}
2026-04-28 09:28:25,318 INFO     [pooled]   fold 1: score=0.5029  params={'max_depth': 4, 'min_child_weight': 10, 'reg_lambda': 5.0}
2026-04-28 09:28:25,318 INFO     [pooled]   fold 1: score=0.5190  params={'max_depth': 4, 'min_child_weight': 10, 'reg_lambda': 10.0}
2026-04-28 09:28:25,318 INFO     [pooled]   fold 1: score=0.5311  params={'max_depth': 5, 'min_child_weight': 3, 'reg_lambda': 1.0}
2026-04-28 09:28:25,318 INFO     [pooled]   fold 1: score=0.5299  params={'max_depth': 5, 'min_child_weight': 3, 'reg_lambda': 5.0}
2026-04-28 09:28:25,318 INFO     [pooled]   fold 1: score=0.5110  params={'max_depth': 5, 'min_child_weight': 3, 'reg_lambda': 10.0}
2026-04-28 09:28:25,318 INFO     [pooled]   fold 1: score=0.5018  params={'max_depth': 5, 'min_child_weight': 5, 'reg_lambda': 1.0}
2026-04-28 09:28:25,318 INFO     [pooled]   fold 1: score=0.5255  params={'max_depth': 5, 'min_child_weight': 5, 'reg_lambda': 5.0}
2026-04-28 09:28:25,319 INFO     [pooled]   fold 1: score=0.5170  params={'max_depth': 5, 'min_child_weight': 5, 'reg_lambda': 10.0}
2026-04-28 09:28:25,319 INFO     [pooled]   fold 1: score=0.5124  params={'max_depth': 5, 'min_child_weight': 10, 'reg_lambda': 1.0}
2026-04-28 09:28:25,319 INFO     [pooled]   fold 1: score=0.5344  params={'max_depth': 5, 'min_child_weight': 10, 'reg_lambda': 5.0}
2026-04-28 09:28:25,319 INFO     [pooled]   fold 1: score=0.5227  params={'max_depth': 5, 'min_child_weight': 10, 'reg_lambda': 10.0}
2026-04-28 09:28:25,319 INFO     [pooled]   fold 1: score=0.5374  params={'max_depth': 6, 'min_child_weight': 3, 'reg_lambda': 1.0}
2026-04-28 09:28:25,319 INFO     [pooled]   fold 1: score=0.5242  params={'max_depth': 6, 'min_child_weight': 3, 'reg_lambda': 5.0}
2026-04-28 09:28:25,319 INFO     [pooled]   fold 1: score=0.5236  params={'max_depth': 6, 'min_child_weight': 3, 'reg_lambda': 10.0}
2026-04-28 09:28:25,319 INFO     [pooled]   fold 1: score=0.5213  params={'max_depth': 6, 'min_child_weight': 5, 'reg_lambda': 1.0}
2026-04-28 09:28:25,319 INFO     [pooled]   fold 1: score=0.5012  params={'max_depth': 6, 'min_child_weight': 5, 'reg_lambda': 5.0}
2026-04-28 09:28:25,319 INFO     [pooled]   fold 1: score=0.5257  params={'max_depth': 6, 'min_child_weight': 5, 'reg_lambda': 10.0}
2026-04-28 09:28:25,319 INFO     [pooled]   fold 1: score=0.5314  params={'max_depth': 6, 'min_child_weight': 10, 'reg_lambda': 1.0}
2026-04-28 09:28:25,319 INFO     [pooled]   fold 1: score=0.5192  params={'max_depth': 6, 'min_child_weight': 10, 'reg_lambda': 5.0}
2026-04-28 09:28:25,319 INFO     [pooled]   fold 1: score=0.5393  params={'max_depth': 6, 'min_child_weight': 10, 'reg_lambda': 10.0}
2026-04-28 09:28:25,319 INFO     [pooled]   fold 2: score=0.5146  params={'max_depth': 4, 'min_child_weight': 3, 'reg_lambda': 1.0}
2026-04-28 09:28:25,319 INFO     [pooled]   fold 2: score=0.4967  params={'max_depth': 4, 'min_child_weight': 3, 'reg_lambda': 5.0}
2026-04-28 09:28:25,319 INFO     [pooled]   fold 2: score=0.4836  params={'max_depth': 4, 'min_child_weight': 3, 'reg_lambda': 10.0}
2026-04-28 09:28:25,319 INFO     [pooled]   fold 2: score=0.4939  params={'max_depth': 4, 'min_child_weight': 5, 'reg_lambda': 1.0}
2026-04-28 09:28:25,319 INFO     [pooled]   fold 2: score=0.5095  params={'max_depth': 4, 'min_child_weight': 5, 'reg_lambda': 5.0}
2026-04-28 09:28:25,319 INFO     [pooled]   fold 2: score=0.4978  params={'max_depth': 4, 'min_child_weight': 5, 'reg_lambda': 10.0}
2026-04-28 09:28:25,319 INFO     [pooled]   fold 2: score=0.5166  params={'max_depth': 4, 'min_child_weight': 10, 'reg_lambda': 1.0}
2026-04-28 09:28:25,319 INFO     [pooled]   fold 2: score=0.4929  params={'max_depth': 4, 'min_child_weight': 10, 'reg_lambda': 5.0}
2026-04-28 09:28:25,319 INFO     [pooled]   fold 2: score=0.4875  params={'max_depth': 4, 'min_child_weight': 10, 'reg_lambda': 10.0}
2026-04-28 09:28:25,319 INFO     [pooled]   fold 2: score=0.5107  params={'max_depth': 5, 'min_child_weight': 3, 'reg_lambda': 1.0}
2026-04-28 09:28:25,319 INFO     [pooled]   fold 2: score=0.4931  params={'max_depth': 5, 'min_child_weight': 3, 'reg_lambda': 5.0}
2026-04-28 09:28:25,319 INFO     [pooled]   fold 2: score=0.4945  params={'max_depth': 5, 'min_child_weight': 3, 'reg_lambda': 10.0}
2026-04-28 09:28:25,319 INFO     [pooled]   fold 2: score=0.4942  params={'max_depth': 5, 'min_child_weight': 5, 'reg_lambda': 1.0}
2026-04-28 09:28:25,319 INFO     [pooled]   fold 2: score=0.4915  params={'max_depth': 5, 'min_child_weight': 5, 'reg_lambda': 5.0}
2026-04-28 09:28:25,319 INFO     [pooled]   fold 2: score=0.4691  params={'max_depth': 5, 'min_child_weight': 5, 'reg_lambda': 10.0}
2026-04-28 09:28:25,319 INFO     [pooled]   fold 2: score=0.4785  params={'max_depth': 5, 'min_child_weight': 10, 'reg_lambda': 1.0}
2026-04-28 09:28:25,319 INFO     [pooled]   fold 2: score=0.4771  params={'max_depth': 5, 'min_child_weight': 10, 'reg_lambda': 5.0}
2026-04-28 09:28:25,319 INFO     [pooled]   fold 2: score=0.5001  params={'max_depth': 5, 'min_child_weight': 10, 'reg_lambda': 10.0}
2026-04-28 09:28:25,319 INFO     [pooled]   fold 2: score=0.5040  params={'max_depth': 6, 'min_child_weight': 3, 'reg_lambda': 1.0}
2026-04-28 09:28:25,319 INFO     [pooled]   fold 2: score=0.4767  params={'max_depth': 6, 'min_child_weight': 3, 'reg_lambda': 5.0}
2026-04-28 09:28:25,319 INFO     [pooled]   fold 2: score=0.4738  params={'max_depth': 6, 'min_child_weight': 3, 'reg_lambda': 10.0}
2026-04-28 09:28:25,319 INFO     [pooled]   fold 2: score=0.5173  params={'max_depth': 6, 'min_child_weight': 5, 'reg_lambda': 1.0}
2026-04-28 09:28:25,319 INFO     [pooled]   fold 2: score=0.4991  params={'max_depth': 6, 'min_child_weight': 5, 'reg_lambda': 5.0}
2026-04-28 09:28:25,319 INFO     [pooled]   fold 2: score=0.4778  params={'max_depth': 6, 'min_child_weight': 5, 'reg_lambda': 10.0}
2026-04-28 09:28:25,319 INFO     [pooled]   fold 2: score=0.4916  params={'max_depth': 6, 'min_child_weight': 10, 'reg_lambda': 1.0}
2026-04-28 09:28:25,319 INFO     [pooled]   fold 2: score=0.4857  params={'max_depth': 6, 'min_child_weight': 10, 'reg_lambda': 5.0}
2026-04-28 09:28:25,319 INFO     [pooled]   fold 2: score=0.4799  params={'max_depth': 6, 'min_child_weight': 10, 'reg_lambda': 10.0}
2026-04-28 09:28:25,319 INFO     [pooled]   fold 3: score=0.5069  params={'max_depth': 4, 'min_child_weight': 3, 'reg_lambda': 1.0}
2026-04-28 09:28:25,319 INFO     [pooled]   fold 3: score=0.5166  params={'max_depth': 4, 'min_child_weight': 3, 'reg_lambda': 5.0}
2026-04-28 09:28:25,319 INFO     [pooled]   fold 3: score=0.5043  params={'max_depth': 4, 'min_child_weight': 3, 'reg_lambda': 10.0}
2026-04-28 09:28:25,319 INFO     [pooled]   fold 3: score=0.5197  params={'max_depth': 4, 'min_child_weight': 5, 'reg_lambda': 1.0}
2026-04-28 09:28:25,319 INFO     [pooled]   fold 3: score=0.5006  params={'max_depth': 4, 'min_child_weight': 5, 'reg_lambda': 5.0}
2026-04-28 09:28:25,319 INFO     [pooled]   fold 3: score=0.5126  params={'max_depth': 4, 'min_child_weight': 5, 'reg_lambda': 10.0}
2026-04-28 09:28:25,319 INFO     [pooled]   fold 3: score=0.5102  params={'max_depth': 4, 'min_child_weight': 10, 'reg_lambda': 1.0}
2026-04-28 09:28:25,319 INFO     [pooled]   fold 3: score=0.4999  params={'max_depth': 4, 'min_child_weight': 10, 'reg_lambda': 5.0}
2026-04-28 09:28:25,319 INFO     [pooled]   fold 3: score=0.5254  params={'max_depth': 4, 'min_child_weight': 10, 'reg_lambda': 10.0}
2026-04-28 09:28:25,319 INFO     [pooled]   fold 3: score=0.5202  params={'max_depth': 5, 'min_child_weight': 3, 'reg_lambda': 1.0}
2026-04-28 09:28:25,319 INFO     [pooled]   fold 3: score=0.5111  params={'max_depth': 5, 'min_child_weight': 3, 'reg_lambda': 5.0}
2026-04-28 09:28:25,319 INFO     [pooled]   fold 3: score=0.4913  params={'max_depth': 5, 'min_child_weight': 3, 'reg_lambda': 10.0}
2026-04-28 09:28:25,319 INFO     [pooled]   fold 3: score=0.5015  params={'max_depth': 5, 'min_child_weight': 5, 'reg_lambda': 1.0}
2026-04-28 09:28:25,319 INFO     [pooled]   fold 3: score=0.5083  params={'max_depth': 5, 'min_child_weight': 5, 'reg_lambda': 5.0}
2026-04-28 09:28:25,319 INFO     [pooled]   fold 3: score=0.4949  params={'max_depth': 5, 'min_child_weight': 5, 'reg_lambda': 10.0}
2026-04-28 09:28:25,319 INFO     [pooled]   fold 3: score=0.5302  params={'max_depth': 5, 'min_child_weight': 10, 'reg_lambda': 1.0}
2026-04-28 09:28:25,319 INFO     [pooled]   fold 3: score=0.4915  params={'max_depth': 5, 'min_child_weight': 10, 'reg_lambda': 5.0}
2026-04-28 09:28:25,319 INFO     [pooled]   fold 3: score=0.4975  params={'max_depth': 5, 'min_child_weight': 10, 'reg_lambda': 10.0}
2026-04-28 09:28:25,319 INFO     [pooled]   fold 3: score=0.5817  params={'max_depth': 6, 'min_child_weight': 3, 'reg_lambda': 1.0}
2026-04-28 09:28:25,319 INFO     [pooled]   fold 3: score=0.5107  params={'max_depth': 6, 'min_child_weight': 3, 'reg_lambda': 5.0}
2026-04-28 09:28:25,319 INFO     [pooled]   fold 3: score=0.5094  params={'max_depth': 6, 'min_child_weight': 3, 'reg_lambda': 10.0}
2026-04-28 09:28:25,319 INFO     [pooled]   fold 3: score=0.5457  params={'max_depth': 6, 'min_child_weight': 5, 'reg_lambda': 1.0}
2026-04-28 09:28:25,319 INFO     [pooled]   fold 3: score=0.4986  params={'max_depth': 6, 'min_child_weight': 5, 'reg_lambda': 5.0}
2026-04-28 09:28:25,319 INFO     [pooled]   fold 3: score=0.5137  params={'max_depth': 6, 'min_child_weight': 5, 'reg_lambda': 10.0}
2026-04-28 09:28:25,319 INFO     [pooled]   fold 3: score=0.5381  params={'max_depth': 6, 'min_child_weight': 10, 'reg_lambda': 1.0}
2026-04-28 09:28:25,319 INFO     [pooled]   fold 3: score=0.5126  params={'max_depth': 6, 'min_child_weight': 10, 'reg_lambda': 5.0}
2026-04-28 09:28:25,319 INFO     [pooled]   fold 3: score=0.5247  params={'max_depth': 6, 'min_child_weight': 10, 'reg_lambda': 10.0}
2026-04-28 09:28:25,320 INFO     [pooled] Saved tuned params to /Users/amos/Code/Stock Market AI Bot/models/pooled_best_xgb_params.json
2026-04-28 09:28:26,470 INFO     [pooled] Feature pruning: 970 → 60 cols  (30 base kept of 940, 910 dropped, 30 dummies always kept, 0 sentiment kept)
2026-04-28 09:28:26,496 INFO     build_models: applying tuned param overrides: {'max_depth': 6, 'min_child_weight': 3, 'reg_lambda': 1.0}
2026-04-28 09:28:26,496 INFO     build_models: class balance via sample_weight  (n_pos=2131, n_neg=2262, w_pos=1.061)
2026-04-28 09:28:26,814 INFO     [pooled] h5 class balance: n_pos=2420  n_neg=1973  w_pos=0.815
2026-04-28 09:28:26,848 INFO     [pooled] h5 model trained on 4393 rows
2026-04-28 09:28:26,858 INFO     [pooled] Confidence threshold: 52.5 (fallback=True)
2026-04-28 09:28:26,858 INFO     [pooled] Conformal qhat(alpha=0.20): 0.5158
2026-04-28 09:28:26,862 INFO     [pooled] Test accuracy: 48.13%  baseline: 45.56%  threshold: 52.5%
2026-04-28 09:28:26,862 WARNING  [pooled] Confidence diagnostics failed: confidence_not_correlated_with_correctness; bucket_precision_not_monotonic
2026-04-28 09:28:26,941 INFO     [pooled] Saved results plot /Users/amos/Code/Stock Market AI Bot/models/pooled_xgb_only_results.png
2026-04-28 09:28:27,009 INFO     [pooled] Saved per-ticker plot /Users/amos/Code/Stock Market AI Bot/models/pooled_ticker_accuracy.png
2026-04-28 09:28:27,012 INFO     [pooled] Saved h5 model to pooled_xgb_dir_h5.json
2026-04-28 09:28:27,015 INFO     [pooled] Saved artefacts for AAPL
2026-04-28 09:28:27,017 INFO     [pooled] Saved artefacts for MSFT
2026-04-28 09:28:27,020 INFO     [pooled] Saved artefacts for NVDA
2026-04-28 09:28:27,022 INFO     [pooled] Saved artefacts for AMD
2026-04-28 09:28:27,025 INFO     [pooled] Saved artefacts for GOOGL
2026-04-28 09:28:27,028 INFO     [pooled] Saved artefacts for META
2026-04-28 09:28:27,030 INFO     [pooled] Saved artefacts for AMZN
2026-04-28 09:28:27,033 INFO     [pooled] Saved artefacts for TSLA
2026-04-28 09:28:27,035 INFO     [pooled] Saved artefacts for JPM
2026-04-28 09:28:27,038 INFO     [pooled] Saved artefacts for GS
2026-04-28 09:28:27,041 INFO     [pooled] Saved artefacts for BAC
2026-04-28 09:28:27,043 INFO     [pooled] Saved artefacts for UNH
2026-04-28 09:28:27,046 INFO     [pooled] Saved artefacts for JNJ
2026-04-28 09:28:27,048 INFO     [pooled] Saved artefacts for ABBV
2026-04-28 09:28:27,051 INFO     [pooled] Saved artefacts for XOM
2026-04-28 09:28:27,053 INFO     [pooled] Saved artefacts for CVX
2026-04-28 09:28:27,056 INFO     [pooled] Saved artefacts for CAT
2026-04-28 09:28:27,058 INFO     [pooled] Saved artefacts for DE
2026-04-28 09:28:27,060 INFO     [pooled] Saved artefacts for MU
2026-04-28 09:28:27,063 INFO     [pooled] Saved artefacts for INTC
2026-04-28 09:28:27,066 INFO     [pooled] Saved artefacts for BTC-USD
2026-04-28 09:28:27,068 INFO     [pooled] Saved artefacts for LLY
2026-04-28 09:28:27,071 INFO     [pooled] Saved artefacts for V
2026-04-28 09:28:27,073 INFO     [pooled] Saved artefacts for MA
2026-04-28 09:28:27,075 INFO     [pooled] Saved artefacts for HD
2026-04-28 09:28:27,078 INFO     [pooled] Saved artefacts for COST
2026-04-28 09:28:27,080 INFO     [pooled] Saved artefacts for PG
2026-04-28 09:28:27,083 INFO     [pooled] Saved artefacts for BRK-B
2026-04-28 09:28:27,083 INFO     [pooled] Skipping artefact save for training-only ticker FRC
2026-04-28 09:28:27,083 INFO     [pooled] Skipping artefact save for training-only ticker BBBY
2026-04-28 09:28:27,083 INFO     [pooled] Done. 30 tickers, 48.13% acc vs 45.56% baseline
2026-04-28 11:07:33,451 INFO     Leakage audit output:
[leakage_audit] wrote /Users/amos/Code/Stock Market AI Bot/logs/leakage_audit.json
[leakage_audit] all tickers passed.
2026-04-28 11:07:33,452 INFO     POOLED_TRAINING=True — training cross-sectional model on all tickers (tune_hyperparams=True)
2026-04-28 11:07:33,452 INFO     [pooled] Starting cross-sectional training on 30 tickers (28 prediction, 2 training-only/survivorship)
2026-04-28 11:07:33,838 INFO     [pooled] Common feature set: 89 features across 30 tickers
2026-04-28 11:07:36,188 INFO     [pooled] Train rows: 4393  Calib rows: 16935  Test rows: 16761
2026-04-28 11:07:36,237 INFO     [pooled] Running nested walk-forward CV hyperparameter search (4393 train rows, 4 outer × 3 inner folds)...
2026-04-28 11:17:49,414 INFO     [pooled] Nested CV best params (avg of 3 folds, mean AUC=0.5410): {'max_depth': 6, 'min_child_weight': 3, 'reg_lambda': 1.0}
2026-04-28 11:17:49,417 INFO     [pooled]   fold 1: score=0.5245  params={'max_depth': 4, 'min_child_weight': 3, 'reg_lambda': 1.0}
2026-04-28 11:17:49,417 INFO     [pooled]   fold 1: score=0.5224  params={'max_depth': 4, 'min_child_weight': 3, 'reg_lambda': 5.0}
2026-04-28 11:17:49,417 INFO     [pooled]   fold 1: score=0.5228  params={'max_depth': 4, 'min_child_weight': 3, 'reg_lambda': 10.0}
2026-04-28 11:17:49,417 INFO     [pooled]   fold 1: score=0.5007  params={'max_depth': 4, 'min_child_weight': 5, 'reg_lambda': 1.0}
2026-04-28 11:17:49,417 INFO     [pooled]   fold 1: score=0.5009  params={'max_depth': 4, 'min_child_weight': 5, 'reg_lambda': 5.0}
2026-04-28 11:17:49,417 INFO     [pooled]   fold 1: score=0.5242  params={'max_depth': 4, 'min_child_weight': 5, 'reg_lambda': 10.0}
2026-04-28 11:17:49,417 INFO     [pooled]   fold 1: score=0.5265  params={'max_depth': 4, 'min_child_weight': 10, 'reg_lambda': 1.0}
2026-04-28 11:17:49,417 INFO     [pooled]   fold 1: score=0.5029  params={'max_depth': 4, 'min_child_weight': 10, 'reg_lambda': 5.0}
2026-04-28 11:17:49,417 INFO     [pooled]   fold 1: score=0.5190  params={'max_depth': 4, 'min_child_weight': 10, 'reg_lambda': 10.0}
2026-04-28 11:17:49,417 INFO     [pooled]   fold 1: score=0.5311  params={'max_depth': 5, 'min_child_weight': 3, 'reg_lambda': 1.0}
2026-04-28 11:17:49,417 INFO     [pooled]   fold 1: score=0.5299  params={'max_depth': 5, 'min_child_weight': 3, 'reg_lambda': 5.0}
2026-04-28 11:17:49,417 INFO     [pooled]   fold 1: score=0.5110  params={'max_depth': 5, 'min_child_weight': 3, 'reg_lambda': 10.0}
2026-04-28 11:17:49,417 INFO     [pooled]   fold 1: score=0.5018  params={'max_depth': 5, 'min_child_weight': 5, 'reg_lambda': 1.0}
2026-04-28 11:17:49,417 INFO     [pooled]   fold 1: score=0.5255  params={'max_depth': 5, 'min_child_weight': 5, 'reg_lambda': 5.0}
2026-04-28 11:17:49,417 INFO     [pooled]   fold 1: score=0.5170  params={'max_depth': 5, 'min_child_weight': 5, 'reg_lambda': 10.0}
2026-04-28 11:17:49,417 INFO     [pooled]   fold 1: score=0.5124  params={'max_depth': 5, 'min_child_weight': 10, 'reg_lambda': 1.0}
2026-04-28 11:17:49,417 INFO     [pooled]   fold 1: score=0.5344  params={'max_depth': 5, 'min_child_weight': 10, 'reg_lambda': 5.0}
2026-04-28 11:17:49,418 INFO     [pooled]   fold 1: score=0.5227  params={'max_depth': 5, 'min_child_weight': 10, 'reg_lambda': 10.0}
2026-04-28 11:17:49,418 INFO     [pooled]   fold 1: score=0.5374  params={'max_depth': 6, 'min_child_weight': 3, 'reg_lambda': 1.0}
2026-04-28 11:17:49,418 INFO     [pooled]   fold 1: score=0.5242  params={'max_depth': 6, 'min_child_weight': 3, 'reg_lambda': 5.0}
2026-04-28 11:17:49,418 INFO     [pooled]   fold 1: score=0.5236  params={'max_depth': 6, 'min_child_weight': 3, 'reg_lambda': 10.0}
2026-04-28 11:17:49,418 INFO     [pooled]   fold 1: score=0.5213  params={'max_depth': 6, 'min_child_weight': 5, 'reg_lambda': 1.0}
2026-04-28 11:17:49,418 INFO     [pooled]   fold 1: score=0.5012  params={'max_depth': 6, 'min_child_weight': 5, 'reg_lambda': 5.0}
2026-04-28 11:17:49,418 INFO     [pooled]   fold 1: score=0.5257  params={'max_depth': 6, 'min_child_weight': 5, 'reg_lambda': 10.0}
2026-04-28 11:17:49,418 INFO     [pooled]   fold 1: score=0.5314  params={'max_depth': 6, 'min_child_weight': 10, 'reg_lambda': 1.0}
2026-04-28 11:17:49,418 INFO     [pooled]   fold 1: score=0.5192  params={'max_depth': 6, 'min_child_weight': 10, 'reg_lambda': 5.0}
2026-04-28 11:17:49,418 INFO     [pooled]   fold 1: score=0.5393  params={'max_depth': 6, 'min_child_weight': 10, 'reg_lambda': 10.0}
2026-04-28 11:17:49,418 INFO     [pooled]   fold 2: score=0.5146  params={'max_depth': 4, 'min_child_weight': 3, 'reg_lambda': 1.0}
2026-04-28 11:17:49,418 INFO     [pooled]   fold 2: score=0.4967  params={'max_depth': 4, 'min_child_weight': 3, 'reg_lambda': 5.0}
2026-04-28 11:17:49,418 INFO     [pooled]   fold 2: score=0.4836  params={'max_depth': 4, 'min_child_weight': 3, 'reg_lambda': 10.0}
2026-04-28 11:17:49,418 INFO     [pooled]   fold 2: score=0.4939  params={'max_depth': 4, 'min_child_weight': 5, 'reg_lambda': 1.0}
2026-04-28 11:17:49,418 INFO     [pooled]   fold 2: score=0.5095  params={'max_depth': 4, 'min_child_weight': 5, 'reg_lambda': 5.0}
2026-04-28 11:17:49,418 INFO     [pooled]   fold 2: score=0.4978  params={'max_depth': 4, 'min_child_weight': 5, 'reg_lambda': 10.0}
2026-04-28 11:17:49,418 INFO     [pooled]   fold 2: score=0.5166  params={'max_depth': 4, 'min_child_weight': 10, 'reg_lambda': 1.0}
2026-04-28 11:17:49,418 INFO     [pooled]   fold 2: score=0.4929  params={'max_depth': 4, 'min_child_weight': 10, 'reg_lambda': 5.0}
2026-04-28 11:17:49,418 INFO     [pooled]   fold 2: score=0.4875  params={'max_depth': 4, 'min_child_weight': 10, 'reg_lambda': 10.0}
2026-04-28 11:17:49,418 INFO     [pooled]   fold 2: score=0.5107  params={'max_depth': 5, 'min_child_weight': 3, 'reg_lambda': 1.0}
2026-04-28 11:17:49,418 INFO     [pooled]   fold 2: score=0.4931  params={'max_depth': 5, 'min_child_weight': 3, 'reg_lambda': 5.0}
2026-04-28 11:17:49,418 INFO     [pooled]   fold 2: score=0.4945  params={'max_depth': 5, 'min_child_weight': 3, 'reg_lambda': 10.0}
2026-04-28 11:17:49,418 INFO     [pooled]   fold 2: score=0.4942  params={'max_depth': 5, 'min_child_weight': 5, 'reg_lambda': 1.0}
2026-04-28 11:17:49,418 INFO     [pooled]   fold 2: score=0.4915  params={'max_depth': 5, 'min_child_weight': 5, 'reg_lambda': 5.0}
2026-04-28 11:17:49,418 INFO     [pooled]   fold 2: score=0.4691  params={'max_depth': 5, 'min_child_weight': 5, 'reg_lambda': 10.0}
2026-04-28 11:17:49,418 INFO     [pooled]   fold 2: score=0.4785  params={'max_depth': 5, 'min_child_weight': 10, 'reg_lambda': 1.0}
2026-04-28 11:17:49,418 INFO     [pooled]   fold 2: score=0.4771  params={'max_depth': 5, 'min_child_weight': 10, 'reg_lambda': 5.0}
2026-04-28 11:17:49,418 INFO     [pooled]   fold 2: score=0.5001  params={'max_depth': 5, 'min_child_weight': 10, 'reg_lambda': 10.0}
2026-04-28 11:17:49,418 INFO     [pooled]   fold 2: score=0.5040  params={'max_depth': 6, 'min_child_weight': 3, 'reg_lambda': 1.0}
2026-04-28 11:17:49,418 INFO     [pooled]   fold 2: score=0.4767  params={'max_depth': 6, 'min_child_weight': 3, 'reg_lambda': 5.0}
2026-04-28 11:17:49,418 INFO     [pooled]   fold 2: score=0.4738  params={'max_depth': 6, 'min_child_weight': 3, 'reg_lambda': 10.0}
2026-04-28 11:17:49,418 INFO     [pooled]   fold 2: score=0.5173  params={'max_depth': 6, 'min_child_weight': 5, 'reg_lambda': 1.0}
2026-04-28 11:17:49,418 INFO     [pooled]   fold 2: score=0.4991  params={'max_depth': 6, 'min_child_weight': 5, 'reg_lambda': 5.0}
2026-04-28 11:17:49,418 INFO     [pooled]   fold 2: score=0.4778  params={'max_depth': 6, 'min_child_weight': 5, 'reg_lambda': 10.0}
2026-04-28 11:17:49,418 INFO     [pooled]   fold 2: score=0.4916  params={'max_depth': 6, 'min_child_weight': 10, 'reg_lambda': 1.0}
2026-04-28 11:17:49,418 INFO     [pooled]   fold 2: score=0.4857  params={'max_depth': 6, 'min_child_weight': 10, 'reg_lambda': 5.0}
2026-04-28 11:17:49,418 INFO     [pooled]   fold 2: score=0.4799  params={'max_depth': 6, 'min_child_weight': 10, 'reg_lambda': 10.0}
2026-04-28 11:17:49,418 INFO     [pooled]   fold 3: score=0.5069  params={'max_depth': 4, 'min_child_weight': 3, 'reg_lambda': 1.0}
2026-04-28 11:17:49,418 INFO     [pooled]   fold 3: score=0.5166  params={'max_depth': 4, 'min_child_weight': 3, 'reg_lambda': 5.0}
2026-04-28 11:17:49,418 INFO     [pooled]   fold 3: score=0.5043  params={'max_depth': 4, 'min_child_weight': 3, 'reg_lambda': 10.0}
2026-04-28 11:17:49,418 INFO     [pooled]   fold 3: score=0.5197  params={'max_depth': 4, 'min_child_weight': 5, 'reg_lambda': 1.0}
2026-04-28 11:17:49,418 INFO     [pooled]   fold 3: score=0.5006  params={'max_depth': 4, 'min_child_weight': 5, 'reg_lambda': 5.0}
2026-04-28 11:17:49,418 INFO     [pooled]   fold 3: score=0.5126  params={'max_depth': 4, 'min_child_weight': 5, 'reg_lambda': 10.0}
2026-04-28 11:17:49,418 INFO     [pooled]   fold 3: score=0.5102  params={'max_depth': 4, 'min_child_weight': 10, 'reg_lambda': 1.0}
2026-04-28 11:17:49,418 INFO     [pooled]   fold 3: score=0.4999  params={'max_depth': 4, 'min_child_weight': 10, 'reg_lambda': 5.0}
2026-04-28 11:17:49,418 INFO     [pooled]   fold 3: score=0.5254  params={'max_depth': 4, 'min_child_weight': 10, 'reg_lambda': 10.0}
2026-04-28 11:17:49,418 INFO     [pooled]   fold 3: score=0.5202  params={'max_depth': 5, 'min_child_weight': 3, 'reg_lambda': 1.0}
2026-04-28 11:17:49,418 INFO     [pooled]   fold 3: score=0.5111  params={'max_depth': 5, 'min_child_weight': 3, 'reg_lambda': 5.0}
2026-04-28 11:17:49,418 INFO     [pooled]   fold 3: score=0.4913  params={'max_depth': 5, 'min_child_weight': 3, 'reg_lambda': 10.0}
2026-04-28 11:17:49,418 INFO     [pooled]   fold 3: score=0.5015  params={'max_depth': 5, 'min_child_weight': 5, 'reg_lambda': 1.0}
2026-04-28 11:17:49,418 INFO     [pooled]   fold 3: score=0.5083  params={'max_depth': 5, 'min_child_weight': 5, 'reg_lambda': 5.0}
2026-04-28 11:17:49,418 INFO     [pooled]   fold 3: score=0.4949  params={'max_depth': 5, 'min_child_weight': 5, 'reg_lambda': 10.0}
2026-04-28 11:17:49,418 INFO     [pooled]   fold 3: score=0.5302  params={'max_depth': 5, 'min_child_weight': 10, 'reg_lambda': 1.0}
2026-04-28 11:17:49,418 INFO     [pooled]   fold 3: score=0.4915  params={'max_depth': 5, 'min_child_weight': 10, 'reg_lambda': 5.0}
2026-04-28 11:17:49,418 INFO     [pooled]   fold 3: score=0.4975  params={'max_depth': 5, 'min_child_weight': 10, 'reg_lambda': 10.0}
2026-04-28 11:17:49,418 INFO     [pooled]   fold 3: score=0.5817  params={'max_depth': 6, 'min_child_weight': 3, 'reg_lambda': 1.0}
2026-04-28 11:17:49,418 INFO     [pooled]   fold 3: score=0.5107  params={'max_depth': 6, 'min_child_weight': 3, 'reg_lambda': 5.0}
2026-04-28 11:17:49,418 INFO     [pooled]   fold 3: score=0.5094  params={'max_depth': 6, 'min_child_weight': 3, 'reg_lambda': 10.0}
2026-04-28 11:17:49,418 INFO     [pooled]   fold 3: score=0.5457  params={'max_depth': 6, 'min_child_weight': 5, 'reg_lambda': 1.0}
2026-04-28 11:17:49,418 INFO     [pooled]   fold 3: score=0.4986  params={'max_depth': 6, 'min_child_weight': 5, 'reg_lambda': 5.0}
2026-04-28 11:17:49,418 INFO     [pooled]   fold 3: score=0.5137  params={'max_depth': 6, 'min_child_weight': 5, 'reg_lambda': 10.0}
2026-04-28 11:17:49,418 INFO     [pooled]   fold 3: score=0.5381  params={'max_depth': 6, 'min_child_weight': 10, 'reg_lambda': 1.0}
2026-04-28 11:17:49,418 INFO     [pooled]   fold 3: score=0.5126  params={'max_depth': 6, 'min_child_weight': 10, 'reg_lambda': 5.0}
2026-04-28 11:17:49,418 INFO     [pooled]   fold 3: score=0.5247  params={'max_depth': 6, 'min_child_weight': 10, 'reg_lambda': 10.0}
2026-04-28 11:17:49,419 INFO     [pooled] Saved tuned params to /Users/amos/Code/Stock Market AI Bot/models/pooled_best_xgb_params.json
2026-04-28 11:17:50,558 INFO     [pooled] Feature pruning: 970 → 60 cols  (30 base kept of 940, 910 dropped, 30 dummies always kept, 0 sentiment kept)
2026-04-28 11:17:50,601 INFO     build_models: applying tuned param overrides: {'max_depth': 6, 'min_child_weight': 3, 'reg_lambda': 1.0}
2026-04-28 11:17:50,602 INFO     build_models: class balance via sample_weight  (n_pos=2131, n_neg=2262, w_pos=1.061)
2026-04-28 11:17:50,925 INFO     [pooled] Regime split — bull rows: 3175  bear rows: 668  (need >= 200 each to train regime models)
2026-04-28 11:17:50,926 INFO     build_models: applying tuned param overrides: {'max_depth': 6, 'min_child_weight': 3, 'reg_lambda': 1.0}
2026-04-28 11:17:50,926 INFO     build_models: class balance via sample_weight  (n_pos=1538, n_neg=1637, w_pos=1.064)
2026-04-28 11:17:51,309 INFO     build_models: applying tuned param overrides: {'max_depth': 6, 'min_child_weight': 3, 'reg_lambda': 1.0}
2026-04-28 11:17:51,310 INFO     build_models: class balance via sample_weight  (n_pos=311, n_neg=357, w_pos=1.148)
2026-04-28 11:17:51,406 INFO     [pooled] Regime-conditional models saved — bull (3175 rows) → pooled_xgb_dir_bull.json, bear (668 rows) → pooled_xgb_dir_bear.json
2026-04-28 11:17:51,406 INFO     [pooled] h5 class balance: n_pos=2420  n_neg=1973  w_pos=0.815
2026-04-28 11:17:51,439 INFO     [pooled] h5 model trained on 4393 rows
2026-04-28 11:17:51,447 INFO     [pooled] Confidence threshold: 52.5 (fallback=True)
2026-04-28 11:17:51,447 INFO     [pooled] Conformal qhat(alpha=0.20): 0.5158
2026-04-28 11:17:51,452 INFO     [pooled] Test accuracy: 48.13%  baseline: 45.56%  threshold: 52.5%
2026-04-28 11:17:51,452 WARNING  [pooled] Confidence diagnostics failed: confidence_not_correlated_with_correctness; bucket_precision_not_monotonic
2026-04-28 11:17:51,533 INFO     [pooled] Saved results plot /Users/amos/Code/Stock Market AI Bot/models/pooled_xgb_only_results.png
2026-04-28 11:17:51,602 INFO     [pooled] Saved per-ticker plot /Users/amos/Code/Stock Market AI Bot/models/pooled_ticker_accuracy.png
2026-04-28 11:17:51,605 INFO     [pooled] Saved h5 model to pooled_xgb_dir_h5.json
2026-04-28 11:17:51,608 INFO     [pooled] Saved artefacts for AAPL
2026-04-28 11:17:51,611 INFO     [pooled] Saved artefacts for MSFT
2026-04-28 11:17:51,614 INFO     [pooled] Saved artefacts for NVDA
2026-04-28 11:17:51,617 INFO     [pooled] Saved artefacts for AMD
2026-04-28 11:17:51,620 INFO     [pooled] Saved artefacts for GOOGL
2026-04-28 11:17:51,622 INFO     [pooled] Saved artefacts for META
2026-04-28 11:17:51,625 INFO     [pooled] Saved artefacts for AMZN
2026-04-28 11:17:51,628 INFO     [pooled] Saved artefacts for TSLA
2026-04-28 11:17:51,630 INFO     [pooled] Saved artefacts for JPM
2026-04-28 11:17:51,633 INFO     [pooled] Saved artefacts for GS
2026-04-28 11:17:51,635 INFO     [pooled] Saved artefacts for BAC
2026-04-28 11:17:51,639 INFO     [pooled] Saved artefacts for UNH
2026-04-28 11:17:51,641 INFO     [pooled] Saved artefacts for JNJ
2026-04-28 11:17:51,644 INFO     [pooled] Saved artefacts for ABBV
2026-04-28 11:17:51,647 INFO     [pooled] Saved artefacts for XOM
2026-04-28 11:17:51,649 INFO     [pooled] Saved artefacts for CVX
2026-04-28 11:17:51,653 INFO     [pooled] Saved artefacts for CAT
2026-04-28 11:17:51,656 INFO     [pooled] Saved artefacts for DE
2026-04-28 11:17:51,659 INFO     [pooled] Saved artefacts for MU
2026-04-28 11:17:51,662 INFO     [pooled] Saved artefacts for INTC
2026-04-28 11:17:51,665 INFO     [pooled] Saved artefacts for BTC-USD
2026-04-28 11:17:51,667 INFO     [pooled] Saved artefacts for LLY
2026-04-28 11:17:51,671 INFO     [pooled] Saved artefacts for V
2026-04-28 11:17:51,674 INFO     [pooled] Saved artefacts for MA
2026-04-28 11:17:51,677 INFO     [pooled] Saved artefacts for HD
2026-04-28 11:17:51,679 INFO     [pooled] Saved artefacts for COST
2026-04-28 11:17:51,682 INFO     [pooled] Saved artefacts for PG
2026-04-28 11:17:51,685 INFO     [pooled] Saved artefacts for BRK-B
2026-04-28 11:17:51,685 INFO     [pooled] Skipping artefact save for training-only ticker FRC
2026-04-28 11:17:51,685 INFO     [pooled] Skipping artefact save for training-only ticker BBBY
2026-04-28 11:17:51,685 INFO     [pooled] Done. 30 tickers, 48.13% acc vs 45.56% baseline
2026-04-28 12:47:44,491 INFO     Leakage audit output:
[leakage_audit] wrote /Users/amos/Code/Stock Market AI Bot/logs/leakage_audit.json
[leakage_audit] all tickers passed.
2026-04-28 12:47:44,491 INFO     POOLED_TRAINING=True — training cross-sectional model on all tickers (tune_hyperparams=True)
2026-04-28 12:47:44,491 INFO     [pooled] Starting cross-sectional training on 30 tickers (28 prediction, 2 training-only/survivorship)
2026-04-28 12:47:44,871 INFO     [pooled] Common feature set: 89 features across 30 tickers
2026-04-28 12:47:47,531 INFO     [pooled] Train rows: 4393  Calib rows: 16935  Test rows: 16761
2026-04-28 12:47:47,581 INFO     [pooled] Running nested walk-forward CV hyperparameter search (4393 train rows, 4 outer × 3 inner folds)...
2026-04-28 12:58:00,122 INFO     [pooled] Nested CV best params (avg of 3 folds, mean AUC=0.5410): {'max_depth': 6, 'min_child_weight': 3, 'reg_lambda': 1.0}
2026-04-28 12:58:00,125 INFO     [pooled]   fold 1: score=0.5245  params={'max_depth': 4, 'min_child_weight': 3, 'reg_lambda': 1.0}
2026-04-28 12:58:00,125 INFO     [pooled]   fold 1: score=0.5224  params={'max_depth': 4, 'min_child_weight': 3, 'reg_lambda': 5.0}
2026-04-28 12:58:00,125 INFO     [pooled]   fold 1: score=0.5228  params={'max_depth': 4, 'min_child_weight': 3, 'reg_lambda': 10.0}
2026-04-28 12:58:00,125 INFO     [pooled]   fold 1: score=0.5007  params={'max_depth': 4, 'min_child_weight': 5, 'reg_lambda': 1.0}
2026-04-28 12:58:00,125 INFO     [pooled]   fold 1: score=0.5009  params={'max_depth': 4, 'min_child_weight': 5, 'reg_lambda': 5.0}
2026-04-28 12:58:00,125 INFO     [pooled]   fold 1: score=0.5242  params={'max_depth': 4, 'min_child_weight': 5, 'reg_lambda': 10.0}
2026-04-28 12:58:00,125 INFO     [pooled]   fold 1: score=0.5265  params={'max_depth': 4, 'min_child_weight': 10, 'reg_lambda': 1.0}
2026-04-28 12:58:00,125 INFO     [pooled]   fold 1: score=0.5029  params={'max_depth': 4, 'min_child_weight': 10, 'reg_lambda': 5.0}
2026-04-28 12:58:00,125 INFO     [pooled]   fold 1: score=0.5190  params={'max_depth': 4, 'min_child_weight': 10, 'reg_lambda': 10.0}
2026-04-28 12:58:00,126 INFO     [pooled]   fold 1: score=0.5311  params={'max_depth': 5, 'min_child_weight': 3, 'reg_lambda': 1.0}
2026-04-28 12:58:00,126 INFO     [pooled]   fold 1: score=0.5299  params={'max_depth': 5, 'min_child_weight': 3, 'reg_lambda': 5.0}
2026-04-28 12:58:00,126 INFO     [pooled]   fold 1: score=0.5110  params={'max_depth': 5, 'min_child_weight': 3, 'reg_lambda': 10.0}
2026-04-28 12:58:00,126 INFO     [pooled]   fold 1: score=0.5018  params={'max_depth': 5, 'min_child_weight': 5, 'reg_lambda': 1.0}
2026-04-28 12:58:00,126 INFO     [pooled]   fold 1: score=0.5255  params={'max_depth': 5, 'min_child_weight': 5, 'reg_lambda': 5.0}
2026-04-28 12:58:00,126 INFO     [pooled]   fold 1: score=0.5170  params={'max_depth': 5, 'min_child_weight': 5, 'reg_lambda': 10.0}
2026-04-28 12:58:00,126 INFO     [pooled]   fold 1: score=0.5124  params={'max_depth': 5, 'min_child_weight': 10, 'reg_lambda': 1.0}
2026-04-28 12:58:00,126 INFO     [pooled]   fold 1: score=0.5344  params={'max_depth': 5, 'min_child_weight': 10, 'reg_lambda': 5.0}
2026-04-28 12:58:00,126 INFO     [pooled]   fold 1: score=0.5227  params={'max_depth': 5, 'min_child_weight': 10, 'reg_lambda': 10.0}
2026-04-28 12:58:00,126 INFO     [pooled]   fold 1: score=0.5374  params={'max_depth': 6, 'min_child_weight': 3, 'reg_lambda': 1.0}
2026-04-28 12:58:00,126 INFO     [pooled]   fold 1: score=0.5242  params={'max_depth': 6, 'min_child_weight': 3, 'reg_lambda': 5.0}
2026-04-28 12:58:00,126 INFO     [pooled]   fold 1: score=0.5236  params={'max_depth': 6, 'min_child_weight': 3, 'reg_lambda': 10.0}
2026-04-28 12:58:00,126 INFO     [pooled]   fold 1: score=0.5213  params={'max_depth': 6, 'min_child_weight': 5, 'reg_lambda': 1.0}
2026-04-28 12:58:00,126 INFO     [pooled]   fold 1: score=0.5012  params={'max_depth': 6, 'min_child_weight': 5, 'reg_lambda': 5.0}
2026-04-28 12:58:00,126 INFO     [pooled]   fold 1: score=0.5257  params={'max_depth': 6, 'min_child_weight': 5, 'reg_lambda': 10.0}
2026-04-28 12:58:00,126 INFO     [pooled]   fold 1: score=0.5314  params={'max_depth': 6, 'min_child_weight': 10, 'reg_lambda': 1.0}
2026-04-28 12:58:00,126 INFO     [pooled]   fold 1: score=0.5192  params={'max_depth': 6, 'min_child_weight': 10, 'reg_lambda': 5.0}
2026-04-28 12:58:00,126 INFO     [pooled]   fold 1: score=0.5393  params={'max_depth': 6, 'min_child_weight': 10, 'reg_lambda': 10.0}
2026-04-28 12:58:00,126 INFO     [pooled]   fold 2: score=0.5146  params={'max_depth': 4, 'min_child_weight': 3, 'reg_lambda': 1.0}
2026-04-28 12:58:00,126 INFO     [pooled]   fold 2: score=0.4967  params={'max_depth': 4, 'min_child_weight': 3, 'reg_lambda': 5.0}
2026-04-28 12:58:00,126 INFO     [pooled]   fold 2: score=0.4836  params={'max_depth': 4, 'min_child_weight': 3, 'reg_lambda': 10.0}
2026-04-28 12:58:00,126 INFO     [pooled]   fold 2: score=0.4939  params={'max_depth': 4, 'min_child_weight': 5, 'reg_lambda': 1.0}
2026-04-28 12:58:00,126 INFO     [pooled]   fold 2: score=0.5095  params={'max_depth': 4, 'min_child_weight': 5, 'reg_lambda': 5.0}
2026-04-28 12:58:00,126 INFO     [pooled]   fold 2: score=0.4978  params={'max_depth': 4, 'min_child_weight': 5, 'reg_lambda': 10.0}
2026-04-28 12:58:00,126 INFO     [pooled]   fold 2: score=0.5166  params={'max_depth': 4, 'min_child_weight': 10, 'reg_lambda': 1.0}
2026-04-28 12:58:00,126 INFO     [pooled]   fold 2: score=0.4929  params={'max_depth': 4, 'min_child_weight': 10, 'reg_lambda': 5.0}
2026-04-28 12:58:00,126 INFO     [pooled]   fold 2: score=0.4875  params={'max_depth': 4, 'min_child_weight': 10, 'reg_lambda': 10.0}
2026-04-28 12:58:00,126 INFO     [pooled]   fold 2: score=0.5107  params={'max_depth': 5, 'min_child_weight': 3, 'reg_lambda': 1.0}
2026-04-28 12:58:00,126 INFO     [pooled]   fold 2: score=0.4931  params={'max_depth': 5, 'min_child_weight': 3, 'reg_lambda': 5.0}
2026-04-28 12:58:00,126 INFO     [pooled]   fold 2: score=0.4945  params={'max_depth': 5, 'min_child_weight': 3, 'reg_lambda': 10.0}
2026-04-28 12:58:00,126 INFO     [pooled]   fold 2: score=0.4942  params={'max_depth': 5, 'min_child_weight': 5, 'reg_lambda': 1.0}
2026-04-28 12:58:00,126 INFO     [pooled]   fold 2: score=0.4915  params={'max_depth': 5, 'min_child_weight': 5, 'reg_lambda': 5.0}
2026-04-28 12:58:00,126 INFO     [pooled]   fold 2: score=0.4691  params={'max_depth': 5, 'min_child_weight': 5, 'reg_lambda': 10.0}
2026-04-28 12:58:00,126 INFO     [pooled]   fold 2: score=0.4785  params={'max_depth': 5, 'min_child_weight': 10, 'reg_lambda': 1.0}
2026-04-28 12:58:00,126 INFO     [pooled]   fold 2: score=0.4771  params={'max_depth': 5, 'min_child_weight': 10, 'reg_lambda': 5.0}
2026-04-28 12:58:00,126 INFO     [pooled]   fold 2: score=0.5001  params={'max_depth': 5, 'min_child_weight': 10, 'reg_lambda': 10.0}
2026-04-28 12:58:00,126 INFO     [pooled]   fold 2: score=0.5040  params={'max_depth': 6, 'min_child_weight': 3, 'reg_lambda': 1.0}
2026-04-28 12:58:00,126 INFO     [pooled]   fold 2: score=0.4767  params={'max_depth': 6, 'min_child_weight': 3, 'reg_lambda': 5.0}
2026-04-28 12:58:00,126 INFO     [pooled]   fold 2: score=0.4738  params={'max_depth': 6, 'min_child_weight': 3, 'reg_lambda': 10.0}
2026-04-28 12:58:00,126 INFO     [pooled]   fold 2: score=0.5173  params={'max_depth': 6, 'min_child_weight': 5, 'reg_lambda': 1.0}
2026-04-28 12:58:00,126 INFO     [pooled]   fold 2: score=0.4991  params={'max_depth': 6, 'min_child_weight': 5, 'reg_lambda': 5.0}
2026-04-28 12:58:00,126 INFO     [pooled]   fold 2: score=0.4778  params={'max_depth': 6, 'min_child_weight': 5, 'reg_lambda': 10.0}
2026-04-28 12:58:00,126 INFO     [pooled]   fold 2: score=0.4916  params={'max_depth': 6, 'min_child_weight': 10, 'reg_lambda': 1.0}
2026-04-28 12:58:00,126 INFO     [pooled]   fold 2: score=0.4857  params={'max_depth': 6, 'min_child_weight': 10, 'reg_lambda': 5.0}
2026-04-28 12:58:00,126 INFO     [pooled]   fold 2: score=0.4799  params={'max_depth': 6, 'min_child_weight': 10, 'reg_lambda': 10.0}
2026-04-28 12:58:00,126 INFO     [pooled]   fold 3: score=0.5069  params={'max_depth': 4, 'min_child_weight': 3, 'reg_lambda': 1.0}
2026-04-28 12:58:00,126 INFO     [pooled]   fold 3: score=0.5166  params={'max_depth': 4, 'min_child_weight': 3, 'reg_lambda': 5.0}
2026-04-28 12:58:00,126 INFO     [pooled]   fold 3: score=0.5043  params={'max_depth': 4, 'min_child_weight': 3, 'reg_lambda': 10.0}
2026-04-28 12:58:00,126 INFO     [pooled]   fold 3: score=0.5197  params={'max_depth': 4, 'min_child_weight': 5, 'reg_lambda': 1.0}
2026-04-28 12:58:00,126 INFO     [pooled]   fold 3: score=0.5006  params={'max_depth': 4, 'min_child_weight': 5, 'reg_lambda': 5.0}
2026-04-28 12:58:00,126 INFO     [pooled]   fold 3: score=0.5126  params={'max_depth': 4, 'min_child_weight': 5, 'reg_lambda': 10.0}
2026-04-28 12:58:00,126 INFO     [pooled]   fold 3: score=0.5102  params={'max_depth': 4, 'min_child_weight': 10, 'reg_lambda': 1.0}
2026-04-28 12:58:00,126 INFO     [pooled]   fold 3: score=0.4999  params={'max_depth': 4, 'min_child_weight': 10, 'reg_lambda': 5.0}
2026-04-28 12:58:00,126 INFO     [pooled]   fold 3: score=0.5254  params={'max_depth': 4, 'min_child_weight': 10, 'reg_lambda': 10.0}
2026-04-28 12:58:00,126 INFO     [pooled]   fold 3: score=0.5202  params={'max_depth': 5, 'min_child_weight': 3, 'reg_lambda': 1.0}
2026-04-28 12:58:00,126 INFO     [pooled]   fold 3: score=0.5111  params={'max_depth': 5, 'min_child_weight': 3, 'reg_lambda': 5.0}
2026-04-28 12:58:00,126 INFO     [pooled]   fold 3: score=0.4913  params={'max_depth': 5, 'min_child_weight': 3, 'reg_lambda': 10.0}
2026-04-28 12:58:00,126 INFO     [pooled]   fold 3: score=0.5015  params={'max_depth': 5, 'min_child_weight': 5, 'reg_lambda': 1.0}
2026-04-28 12:58:00,126 INFO     [pooled]   fold 3: score=0.5083  params={'max_depth': 5, 'min_child_weight': 5, 'reg_lambda': 5.0}
2026-04-28 12:58:00,126 INFO     [pooled]   fold 3: score=0.4949  params={'max_depth': 5, 'min_child_weight': 5, 'reg_lambda': 10.0}
2026-04-28 12:58:00,126 INFO     [pooled]   fold 3: score=0.5302  params={'max_depth': 5, 'min_child_weight': 10, 'reg_lambda': 1.0}
2026-04-28 12:58:00,126 INFO     [pooled]   fold 3: score=0.4915  params={'max_depth': 5, 'min_child_weight': 10, 'reg_lambda': 5.0}
2026-04-28 12:58:00,126 INFO     [pooled]   fold 3: score=0.4975  params={'max_depth': 5, 'min_child_weight': 10, 'reg_lambda': 10.0}
2026-04-28 12:58:00,126 INFO     [pooled]   fold 3: score=0.5817  params={'max_depth': 6, 'min_child_weight': 3, 'reg_lambda': 1.0}
2026-04-28 12:58:00,126 INFO     [pooled]   fold 3: score=0.5107  params={'max_depth': 6, 'min_child_weight': 3, 'reg_lambda': 5.0}
2026-04-28 12:58:00,126 INFO     [pooled]   fold 3: score=0.5094  params={'max_depth': 6, 'min_child_weight': 3, 'reg_lambda': 10.0}
2026-04-28 12:58:00,126 INFO     [pooled]   fold 3: score=0.5457  params={'max_depth': 6, 'min_child_weight': 5, 'reg_lambda': 1.0}
2026-04-28 12:58:00,126 INFO     [pooled]   fold 3: score=0.4986  params={'max_depth': 6, 'min_child_weight': 5, 'reg_lambda': 5.0}
2026-04-28 12:58:00,126 INFO     [pooled]   fold 3: score=0.5137  params={'max_depth': 6, 'min_child_weight': 5, 'reg_lambda': 10.0}
2026-04-28 12:58:00,126 INFO     [pooled]   fold 3: score=0.5381  params={'max_depth': 6, 'min_child_weight': 10, 'reg_lambda': 1.0}
2026-04-28 12:58:00,126 INFO     [pooled]   fold 3: score=0.5126  params={'max_depth': 6, 'min_child_weight': 10, 'reg_lambda': 5.0}
2026-04-28 12:58:00,126 INFO     [pooled]   fold 3: score=0.5247  params={'max_depth': 6, 'min_child_weight': 10, 'reg_lambda': 10.0}
2026-04-28 12:58:00,127 INFO     [pooled] Saved tuned params to /Users/amos/Code/Stock Market AI Bot/models/pooled_best_xgb_params.json
2026-04-28 12:58:01,258 INFO     [pooled] Feature pruning: 970 → 60 cols  (30 base kept of 940, 910 dropped, 30 dummies always kept, 0 sentiment kept)
2026-04-28 12:58:01,293 INFO     build_models: applying tuned param overrides: {'max_depth': 6, 'min_child_weight': 3, 'reg_lambda': 1.0}
2026-04-28 12:58:01,293 INFO     build_models: class balance via sample_weight  (n_pos=2131, n_neg=2262, w_pos=1.061)
2026-04-28 12:58:01,611 INFO     [pooled] h5 class balance: n_pos=2420  n_neg=1973  w_pos=0.815
2026-04-28 12:58:01,644 INFO     [pooled] h5 model trained on 4393 rows
2026-04-28 12:58:01,653 INFO     [pooled] Confidence threshold: 52.5 (fallback=True)
2026-04-28 12:58:01,653 INFO     [pooled] Conformal qhat(alpha=0.20): 0.5158
2026-04-28 12:58:01,657 INFO     [pooled] Test accuracy: 48.13%  baseline: 45.56%  threshold: 52.5%
2026-04-28 12:58:01,657 WARNING  [pooled] Confidence diagnostics failed: confidence_not_correlated_with_correctness; bucket_precision_not_monotonic
2026-04-28 12:58:01,745 INFO     [pooled] Saved results plot /Users/amos/Code/Stock Market AI Bot/models/pooled_xgb_only_results.png
2026-04-28 12:58:01,814 INFO     [pooled] Saved per-ticker plot /Users/amos/Code/Stock Market AI Bot/models/pooled_ticker_accuracy.png
2026-04-28 12:58:01,818 INFO     [pooled] Saved h5 model to pooled_xgb_dir_h5.json
2026-04-28 12:58:01,821 INFO     [pooled] Saved artefacts for AAPL
2026-04-28 12:58:01,824 INFO     [pooled] Saved artefacts for MSFT
2026-04-28 12:58:01,827 INFO     [pooled] Saved artefacts for NVDA
2026-04-28 12:58:01,829 INFO     [pooled] Saved artefacts for AMD
2026-04-28 12:58:01,833 INFO     [pooled] Saved artefacts for GOOGL
2026-04-28 12:58:01,835 INFO     [pooled] Saved artefacts for META
2026-04-28 12:58:01,838 INFO     [pooled] Saved artefacts for AMZN
2026-04-28 12:58:01,842 INFO     [pooled] Saved artefacts for TSLA
2026-04-28 12:58:01,844 INFO     [pooled] Saved artefacts for JPM
2026-04-28 12:58:01,847 INFO     [pooled] Saved artefacts for GS
2026-04-28 12:58:01,849 INFO     [pooled] Saved artefacts for BAC
2026-04-28 12:58:01,853 INFO     [pooled] Saved artefacts for UNH
2026-04-28 12:58:01,855 INFO     [pooled] Saved artefacts for JNJ
2026-04-28 12:58:01,858 INFO     [pooled] Saved artefacts for ABBV
2026-04-28 12:58:01,861 INFO     [pooled] Saved artefacts for XOM
2026-04-28 12:58:01,864 INFO     [pooled] Saved artefacts for CVX
2026-04-28 12:58:01,866 INFO     [pooled] Saved artefacts for CAT
2026-04-28 12:58:01,869 INFO     [pooled] Saved artefacts for DE
2026-04-28 12:58:01,872 INFO     [pooled] Saved artefacts for MU
2026-04-28 12:58:01,875 INFO     [pooled] Saved artefacts for INTC
2026-04-28 12:58:01,878 INFO     [pooled] Saved artefacts for BTC-USD
2026-04-28 12:58:01,880 INFO     [pooled] Saved artefacts for LLY
2026-04-28 12:58:01,883 INFO     [pooled] Saved artefacts for V
2026-04-28 12:58:01,885 INFO     [pooled] Saved artefacts for MA
2026-04-28 12:58:01,888 INFO     [pooled] Saved artefacts for HD
2026-04-28 12:58:01,890 INFO     [pooled] Saved artefacts for COST
2026-04-28 12:58:01,893 INFO     [pooled] Saved artefacts for PG
2026-04-28 12:58:01,895 INFO     [pooled] Saved artefacts for BRK-B
2026-04-28 12:58:01,895 INFO     [pooled] Skipping artefact save for training-only ticker FRC
2026-04-28 12:58:01,895 INFO     [pooled] Skipping artefact save for training-only ticker BBBY
2026-04-28 12:58:01,895 INFO     [pooled] Done. 30 tickers, 48.13% acc vs 45.56% baseline
2026-04-28 13:11:46,974 INFO     Leakage audit output:
[leakage_audit] wrote /Users/amos/Code/Stock Market AI Bot/logs/leakage_audit.json
[leakage_audit] all tickers passed.
2026-04-28 13:11:46,975 INFO     POOLED_TRAINING=True — training cross-sectional model on all tickers (tune_hyperparams=True)
2026-04-28 13:11:46,975 INFO     [pooled] Starting cross-sectional training on 30 tickers (28 prediction, 2 training-only/survivorship)
2026-04-28 13:11:47,366 INFO     [pooled] Common feature set: 89 features across 30 tickers
2026-04-28 13:11:49,922 INFO     [pooled] Train rows: 4393  Calib rows: 16935  Test rows: 16761
2026-04-28 13:11:49,972 INFO     [pooled] Running nested walk-forward CV hyperparameter search (4393 train rows, 4 outer × 3 inner folds)...
2026-04-28 13:22:02,859 INFO     [pooled] Nested CV best params (avg of 3 folds, mean AUC=0.5410): {'max_depth': 6, 'min_child_weight': 3, 'reg_lambda': 1.0}
2026-04-28 13:22:02,864 INFO     [pooled]   fold 1: score=0.5245  params={'max_depth': 4, 'min_child_weight': 3, 'reg_lambda': 1.0}
2026-04-28 13:22:02,864 INFO     [pooled]   fold 1: score=0.5224  params={'max_depth': 4, 'min_child_weight': 3, 'reg_lambda': 5.0}
2026-04-28 13:22:02,864 INFO     [pooled]   fold 1: score=0.5228  params={'max_depth': 4, 'min_child_weight': 3, 'reg_lambda': 10.0}
2026-04-28 13:22:02,864 INFO     [pooled]   fold 1: score=0.5007  params={'max_depth': 4, 'min_child_weight': 5, 'reg_lambda': 1.0}
2026-04-28 13:22:02,864 INFO     [pooled]   fold 1: score=0.5009  params={'max_depth': 4, 'min_child_weight': 5, 'reg_lambda': 5.0}
2026-04-28 13:22:02,864 INFO     [pooled]   fold 1: score=0.5242  params={'max_depth': 4, 'min_child_weight': 5, 'reg_lambda': 10.0}
2026-04-28 13:22:02,864 INFO     [pooled]   fold 1: score=0.5265  params={'max_depth': 4, 'min_child_weight': 10, 'reg_lambda': 1.0}
2026-04-28 13:22:02,864 INFO     [pooled]   fold 1: score=0.5029  params={'max_depth': 4, 'min_child_weight': 10, 'reg_lambda': 5.0}
2026-04-28 13:22:02,864 INFO     [pooled]   fold 1: score=0.5190  params={'max_depth': 4, 'min_child_weight': 10, 'reg_lambda': 10.0}
2026-04-28 13:22:02,864 INFO     [pooled]   fold 1: score=0.5311  params={'max_depth': 5, 'min_child_weight': 3, 'reg_lambda': 1.0}
2026-04-28 13:22:02,864 INFO     [pooled]   fold 1: score=0.5299  params={'max_depth': 5, 'min_child_weight': 3, 'reg_lambda': 5.0}
2026-04-28 13:22:02,864 INFO     [pooled]   fold 1: score=0.5110  params={'max_depth': 5, 'min_child_weight': 3, 'reg_lambda': 10.0}
2026-04-28 13:22:02,864 INFO     [pooled]   fold 1: score=0.5018  params={'max_depth': 5, 'min_child_weight': 5, 'reg_lambda': 1.0}
2026-04-28 13:22:02,864 INFO     [pooled]   fold 1: score=0.5255  params={'max_depth': 5, 'min_child_weight': 5, 'reg_lambda': 5.0}
2026-04-28 13:22:02,864 INFO     [pooled]   fold 1: score=0.5170  params={'max_depth': 5, 'min_child_weight': 5, 'reg_lambda': 10.0}
2026-04-28 13:22:02,864 INFO     [pooled]   fold 1: score=0.5124  params={'max_depth': 5, 'min_child_weight': 10, 'reg_lambda': 1.0}
2026-04-28 13:22:02,864 INFO     [pooled]   fold 1: score=0.5344  params={'max_depth': 5, 'min_child_weight': 10, 'reg_lambda': 5.0}
2026-04-28 13:22:02,864 INFO     [pooled]   fold 1: score=0.5227  params={'max_depth': 5, 'min_child_weight': 10, 'reg_lambda': 10.0}
2026-04-28 13:22:02,864 INFO     [pooled]   fold 1: score=0.5374  params={'max_depth': 6, 'min_child_weight': 3, 'reg_lambda': 1.0}
2026-04-28 13:22:02,864 INFO     [pooled]   fold 1: score=0.5242  params={'max_depth': 6, 'min_child_weight': 3, 'reg_lambda': 5.0}
2026-04-28 13:22:02,864 INFO     [pooled]   fold 1: score=0.5236  params={'max_depth': 6, 'min_child_weight': 3, 'reg_lambda': 10.0}
2026-04-28 13:22:02,864 INFO     [pooled]   fold 1: score=0.5213  params={'max_depth': 6, 'min_child_weight': 5, 'reg_lambda': 1.0}
2026-04-28 13:22:02,864 INFO     [pooled]   fold 1: score=0.5012  params={'max_depth': 6, 'min_child_weight': 5, 'reg_lambda': 5.0}
2026-04-28 13:22:02,864 INFO     [pooled]   fold 1: score=0.5257  params={'max_depth': 6, 'min_child_weight': 5, 'reg_lambda': 10.0}
2026-04-28 13:22:02,864 INFO     [pooled]   fold 1: score=0.5314  params={'max_depth': 6, 'min_child_weight': 10, 'reg_lambda': 1.0}
2026-04-28 13:22:02,864 INFO     [pooled]   fold 1: score=0.5192  params={'max_depth': 6, 'min_child_weight': 10, 'reg_lambda': 5.0}
2026-04-28 13:22:02,864 INFO     [pooled]   fold 1: score=0.5393  params={'max_depth': 6, 'min_child_weight': 10, 'reg_lambda': 10.0}
2026-04-28 13:22:02,864 INFO     [pooled]   fold 2: score=0.5146  params={'max_depth': 4, 'min_child_weight': 3, 'reg_lambda': 1.0}
2026-04-28 13:22:02,864 INFO     [pooled]   fold 2: score=0.4967  params={'max_depth': 4, 'min_child_weight': 3, 'reg_lambda': 5.0}
2026-04-28 13:22:02,864 INFO     [pooled]   fold 2: score=0.4836  params={'max_depth': 4, 'min_child_weight': 3, 'reg_lambda': 10.0}
2026-04-28 13:22:02,864 INFO     [pooled]   fold 2: score=0.4939  params={'max_depth': 4, 'min_child_weight': 5, 'reg_lambda': 1.0}
2026-04-28 13:22:02,864 INFO     [pooled]   fold 2: score=0.5095  params={'max_depth': 4, 'min_child_weight': 5, 'reg_lambda': 5.0}
2026-04-28 13:22:02,864 INFO     [pooled]   fold 2: score=0.4978  params={'max_depth': 4, 'min_child_weight': 5, 'reg_lambda': 10.0}
2026-04-28 13:22:02,864 INFO     [pooled]   fold 2: score=0.5166  params={'max_depth': 4, 'min_child_weight': 10, 'reg_lambda': 1.0}
2026-04-28 13:22:02,864 INFO     [pooled]   fold 2: score=0.4929  params={'max_depth': 4, 'min_child_weight': 10, 'reg_lambda': 5.0}
2026-04-28 13:22:02,864 INFO     [pooled]   fold 2: score=0.4875  params={'max_depth': 4, 'min_child_weight': 10, 'reg_lambda': 10.0}
2026-04-28 13:22:02,864 INFO     [pooled]   fold 2: score=0.5107  params={'max_depth': 5, 'min_child_weight': 3, 'reg_lambda': 1.0}
2026-04-28 13:22:02,864 INFO     [pooled]   fold 2: score=0.4931  params={'max_depth': 5, 'min_child_weight': 3, 'reg_lambda': 5.0}
2026-04-28 13:22:02,864 INFO     [pooled]   fold 2: score=0.4945  params={'max_depth': 5, 'min_child_weight': 3, 'reg_lambda': 10.0}
2026-04-28 13:22:02,864 INFO     [pooled]   fold 2: score=0.4942  params={'max_depth': 5, 'min_child_weight': 5, 'reg_lambda': 1.0}
2026-04-28 13:22:02,864 INFO     [pooled]   fold 2: score=0.4915  params={'max_depth': 5, 'min_child_weight': 5, 'reg_lambda': 5.0}
2026-04-28 13:22:02,865 INFO     [pooled]   fold 2: score=0.4691  params={'max_depth': 5, 'min_child_weight': 5, 'reg_lambda': 10.0}
2026-04-28 13:22:02,865 INFO     [pooled]   fold 2: score=0.4785  params={'max_depth': 5, 'min_child_weight': 10, 'reg_lambda': 1.0}
2026-04-28 13:22:02,865 INFO     [pooled]   fold 2: score=0.4771  params={'max_depth': 5, 'min_child_weight': 10, 'reg_lambda': 5.0}
2026-04-28 13:22:02,865 INFO     [pooled]   fold 2: score=0.5001  params={'max_depth': 5, 'min_child_weight': 10, 'reg_lambda': 10.0}
2026-04-28 13:22:02,865 INFO     [pooled]   fold 2: score=0.5040  params={'max_depth': 6, 'min_child_weight': 3, 'reg_lambda': 1.0}
2026-04-28 13:22:02,865 INFO     [pooled]   fold 2: score=0.4767  params={'max_depth': 6, 'min_child_weight': 3, 'reg_lambda': 5.0}
2026-04-28 13:22:02,865 INFO     [pooled]   fold 2: score=0.4738  params={'max_depth': 6, 'min_child_weight': 3, 'reg_lambda': 10.0}
2026-04-28 13:22:02,865 INFO     [pooled]   fold 2: score=0.5173  params={'max_depth': 6, 'min_child_weight': 5, 'reg_lambda': 1.0}
2026-04-28 13:22:02,865 INFO     [pooled]   fold 2: score=0.4991  params={'max_depth': 6, 'min_child_weight': 5, 'reg_lambda': 5.0}
2026-04-28 13:22:02,865 INFO     [pooled]   fold 2: score=0.4778  params={'max_depth': 6, 'min_child_weight': 5, 'reg_lambda': 10.0}
2026-04-28 13:22:02,865 INFO     [pooled]   fold 2: score=0.4916  params={'max_depth': 6, 'min_child_weight': 10, 'reg_lambda': 1.0}
2026-04-28 13:22:02,865 INFO     [pooled]   fold 2: score=0.4857  params={'max_depth': 6, 'min_child_weight': 10, 'reg_lambda': 5.0}
2026-04-28 13:22:02,865 INFO     [pooled]   fold 2: score=0.4799  params={'max_depth': 6, 'min_child_weight': 10, 'reg_lambda': 10.0}
2026-04-28 13:22:02,865 INFO     [pooled]   fold 3: score=0.5069  params={'max_depth': 4, 'min_child_weight': 3, 'reg_lambda': 1.0}
2026-04-28 13:22:02,865 INFO     [pooled]   fold 3: score=0.5166  params={'max_depth': 4, 'min_child_weight': 3, 'reg_lambda': 5.0}
2026-04-28 13:22:02,865 INFO     [pooled]   fold 3: score=0.5043  params={'max_depth': 4, 'min_child_weight': 3, 'reg_lambda': 10.0}
2026-04-28 13:22:02,865 INFO     [pooled]   fold 3: score=0.5197  params={'max_depth': 4, 'min_child_weight': 5, 'reg_lambda': 1.0}
2026-04-28 13:22:02,865 INFO     [pooled]   fold 3: score=0.5006  params={'max_depth': 4, 'min_child_weight': 5, 'reg_lambda': 5.0}
2026-04-28 13:22:02,865 INFO     [pooled]   fold 3: score=0.5126  params={'max_depth': 4, 'min_child_weight': 5, 'reg_lambda': 10.0}
2026-04-28 13:22:02,865 INFO     [pooled]   fold 3: score=0.5102  params={'max_depth': 4, 'min_child_weight': 10, 'reg_lambda': 1.0}
2026-04-28 13:22:02,865 INFO     [pooled]   fold 3: score=0.4999  params={'max_depth': 4, 'min_child_weight': 10, 'reg_lambda': 5.0}
2026-04-28 13:22:02,865 INFO     [pooled]   fold 3: score=0.5254  params={'max_depth': 4, 'min_child_weight': 10, 'reg_lambda': 10.0}
2026-04-28 13:22:02,865 INFO     [pooled]   fold 3: score=0.5202  params={'max_depth': 5, 'min_child_weight': 3, 'reg_lambda': 1.0}
2026-04-28 13:22:02,865 INFO     [pooled]   fold 3: score=0.5111  params={'max_depth': 5, 'min_child_weight': 3, 'reg_lambda': 5.0}
2026-04-28 13:22:02,865 INFO     [pooled]   fold 3: score=0.4913  params={'max_depth': 5, 'min_child_weight': 3, 'reg_lambda': 10.0}
2026-04-28 13:22:02,865 INFO     [pooled]   fold 3: score=0.5015  params={'max_depth': 5, 'min_child_weight': 5, 'reg_lambda': 1.0}
2026-04-28 13:22:02,865 INFO     [pooled]   fold 3: score=0.5083  params={'max_depth': 5, 'min_child_weight': 5, 'reg_lambda': 5.0}
2026-04-28 13:22:02,865 INFO     [pooled]   fold 3: score=0.4949  params={'max_depth': 5, 'min_child_weight': 5, 'reg_lambda': 10.0}
2026-04-28 13:22:02,865 INFO     [pooled]   fold 3: score=0.5302  params={'max_depth': 5, 'min_child_weight': 10, 'reg_lambda': 1.0}
2026-04-28 13:22:02,865 INFO     [pooled]   fold 3: score=0.4915  params={'max_depth': 5, 'min_child_weight': 10, 'reg_lambda': 5.0}
2026-04-28 13:22:02,865 INFO     [pooled]   fold 3: score=0.4975  params={'max_depth': 5, 'min_child_weight': 10, 'reg_lambda': 10.0}
2026-04-28 13:22:02,865 INFO     [pooled]   fold 3: score=0.5817  params={'max_depth': 6, 'min_child_weight': 3, 'reg_lambda': 1.0}
2026-04-28 13:22:02,865 INFO     [pooled]   fold 3: score=0.5107  params={'max_depth': 6, 'min_child_weight': 3, 'reg_lambda': 5.0}
2026-04-28 13:22:02,865 INFO     [pooled]   fold 3: score=0.5094  params={'max_depth': 6, 'min_child_weight': 3, 'reg_lambda': 10.0}
2026-04-28 13:22:02,865 INFO     [pooled]   fold 3: score=0.5457  params={'max_depth': 6, 'min_child_weight': 5, 'reg_lambda': 1.0}
2026-04-28 13:22:02,865 INFO     [pooled]   fold 3: score=0.4986  params={'max_depth': 6, 'min_child_weight': 5, 'reg_lambda': 5.0}
2026-04-28 13:22:02,865 INFO     [pooled]   fold 3: score=0.5137  params={'max_depth': 6, 'min_child_weight': 5, 'reg_lambda': 10.0}
2026-04-28 13:22:02,865 INFO     [pooled]   fold 3: score=0.5381  params={'max_depth': 6, 'min_child_weight': 10, 'reg_lambda': 1.0}
2026-04-28 13:22:02,865 INFO     [pooled]   fold 3: score=0.5126  params={'max_depth': 6, 'min_child_weight': 10, 'reg_lambda': 5.0}
2026-04-28 13:22:02,865 INFO     [pooled]   fold 3: score=0.5247  params={'max_depth': 6, 'min_child_weight': 10, 'reg_lambda': 10.0}
2026-04-28 13:22:02,866 INFO     [pooled] Saved tuned params to /Users/amos/Code/Stock Market AI Bot/models/pooled_best_xgb_params.json
2026-04-28 13:22:03,993 INFO     [pooled] Feature pruning: 970 → 60 cols  (30 base kept of 940, 910 dropped, 30 dummies always kept, 0 sentiment kept)
2026-04-28 13:22:04,028 INFO     build_models: applying tuned param overrides: {'max_depth': 6, 'min_child_weight': 3, 'reg_lambda': 1.0}
2026-04-28 13:22:04,028 INFO     build_models: class balance via sample_weight  (n_pos=2131, n_neg=2262, w_pos=1.061)
2026-04-28 13:22:04,346 INFO     [pooled] h5 class balance: n_pos=2420  n_neg=1973  w_pos=0.815
2026-04-28 13:22:04,381 INFO     [pooled] h5 model trained on 4393 rows
2026-04-28 13:22:04,391 INFO     [pooled] Confidence threshold: 52.5 (fallback=True)
2026-04-28 13:22:04,391 INFO     [pooled] Conformal qhat(alpha=0.20): 0.5158
2026-04-28 13:22:04,395 INFO     [pooled] Test accuracy: 48.13%  baseline: 45.56%  threshold: 52.5%
2026-04-28 13:22:04,399 INFO     [pooled] Test AUC: 0.4982  AP: 0.4555  (acc edge over baseline: +2.57pp)
2026-04-28 13:22:04,399 WARNING  [pooled] Confidence diagnostics failed: confidence_not_correlated_with_correctness; bucket_precision_not_monotonic
2026-04-28 13:22:04,480 INFO     [pooled] Saved results plot /Users/amos/Code/Stock Market AI Bot/models/pooled_xgb_only_results.png
2026-04-28 13:22:04,549 INFO     [pooled] Saved per-ticker plot /Users/amos/Code/Stock Market AI Bot/models/pooled_ticker_accuracy.png
2026-04-28 13:22:04,552 INFO     [pooled] Saved h5 model to pooled_xgb_dir_h5.json
2026-04-28 13:22:04,555 INFO     [pooled] Saved artefacts for AAPL
2026-04-28 13:22:04,557 INFO     [pooled] Saved artefacts for MSFT
2026-04-28 13:22:04,560 INFO     [pooled] Saved artefacts for NVDA
2026-04-28 13:22:04,563 INFO     [pooled] Saved artefacts for AMD
2026-04-28 13:22:04,566 INFO     [pooled] Saved artefacts for GOOGL
2026-04-28 13:22:04,569 INFO     [pooled] Saved artefacts for META
2026-04-28 13:22:04,571 INFO     [pooled] Saved artefacts for AMZN
2026-04-28 13:22:04,574 INFO     [pooled] Saved artefacts for TSLA
2026-04-28 13:22:04,576 INFO     [pooled] Saved artefacts for JPM
2026-04-28 13:22:04,579 INFO     [pooled] Saved artefacts for GS
2026-04-28 13:22:04,582 INFO     [pooled] Saved artefacts for BAC
2026-04-28 13:22:04,585 INFO     [pooled] Saved artefacts for UNH
2026-04-28 13:22:04,588 INFO     [pooled] Saved artefacts for JNJ
2026-04-28 13:22:04,591 INFO     [pooled] Saved artefacts for ABBV
2026-04-28 13:22:04,593 INFO     [pooled] Saved artefacts for XOM
2026-04-28 13:22:04,596 INFO     [pooled] Saved artefacts for CVX
2026-04-28 13:22:04,599 INFO     [pooled] Saved artefacts for CAT
2026-04-28 13:22:04,601 INFO     [pooled] Saved artefacts for DE
2026-04-28 13:22:04,604 INFO     [pooled] Saved artefacts for MU
2026-04-28 13:22:04,607 INFO     [pooled] Saved artefacts for INTC
2026-04-28 13:22:04,609 INFO     [pooled] Saved artefacts for BTC-USD
2026-04-28 13:22:04,612 INFO     [pooled] Saved artefacts for LLY
2026-04-28 13:22:04,615 INFO     [pooled] Saved artefacts for V
2026-04-28 13:22:04,617 INFO     [pooled] Saved artefacts for MA
2026-04-28 13:22:04,620 INFO     [pooled] Saved artefacts for HD
2026-04-28 13:22:04,623 INFO     [pooled] Saved artefacts for COST
2026-04-28 13:22:04,625 INFO     [pooled] Saved artefacts for PG
2026-04-28 13:22:04,628 INFO     [pooled] Saved artefacts for BRK-B
2026-04-28 13:22:04,628 INFO     [pooled] Skipping artefact save for training-only ticker FRC
2026-04-28 13:22:04,628 INFO     [pooled] Skipping artefact save for training-only ticker BBBY
2026-04-28 13:22:04,628 INFO     [pooled] Done. 30 tickers, 48.13% acc vs 45.56% baseline
2026-04-28 13:52:50,392 INFO     Leakage audit output:
[leakage_audit] wrote /Users/amos/Code/Stock Market AI Bot/logs/leakage_audit.json
[leakage_audit] all tickers passed.
2026-04-28 13:52:50,393 INFO     POOLED_TRAINING=True — training cross-sectional model on all tickers (tune_hyperparams=False)
2026-04-28 13:52:50,393 INFO     [pooled] Starting cross-sectional training on 30 tickers (28 prediction, 2 training-only/survivorship)
2026-04-28 13:52:50,761 INFO     [pooled] Common feature set: 89 features across 30 tickers
2026-04-28 13:52:53,159 INFO     [pooled] Train rows: 4393  Calib rows: 16935  Test rows: 16761
2026-04-28 13:52:54,029 INFO     [pooled] Found 0 sentiment + 310 macro/regime/market-context features in candidate set
2026-04-28 13:52:54,029 INFO     [pooled] Feature pruning: 970 → 70 cols  (40 base kept of 940, 900 dropped, 30 dummies always kept, 0 sentiment kept, 10 macro/regime kept)
2026-04-28 13:52:54,036 INFO     build_models: class balance via sample_weight  (n_pos=2131, n_neg=2262, w_pos=1.061)
2026-04-28 13:52:54,281 INFO     [pooled] h5 class balance: n_pos=2420  n_neg=1973  w_pos=0.815
2026-04-28 13:52:54,318 INFO     [pooled] h5 model trained on 4393 rows
2026-04-28 13:52:54,325 INFO     [pooled] Confidence threshold: 52.5 (fallback=True)
2026-04-28 13:52:54,325 INFO     [pooled] Conformal qhat(alpha=0.20): 0.5129
2026-04-28 13:52:54,330 INFO     [pooled] Test accuracy: 47.28%  baseline: 45.56%  threshold: 52.5%
2026-04-28 13:52:54,339 INFO     [pooled] Test AUC: 0.4903  AP: 0.4478  (acc edge over baseline: +1.71pp)
2026-04-28 13:52:54,339 WARNING  [pooled] Confidence diagnostics failed: confidence_not_correlated_with_correctness; bucket_precision_not_monotonic
2026-04-28 13:52:54,428 INFO     [pooled] Saved results plot /Users/amos/Code/Stock Market AI Bot/models/pooled_xgb_only_results.png
2026-04-28 13:52:54,495 INFO     [pooled] Saved per-ticker plot /Users/amos/Code/Stock Market AI Bot/models/pooled_ticker_accuracy.png
2026-04-28 13:52:54,498 INFO     [pooled] Saved h5 model to pooled_xgb_dir_h5.json
2026-04-28 13:52:54,500 INFO     [pooled] Saved artefacts for AAPL
2026-04-28 13:52:54,502 INFO     [pooled] Saved artefacts for MSFT
2026-04-28 13:52:54,504 INFO     [pooled] Saved artefacts for NVDA
2026-04-28 13:52:54,506 INFO     [pooled] Saved artefacts for AMD
2026-04-28 13:52:54,508 INFO     [pooled] Saved artefacts for GOOGL
2026-04-28 13:52:54,510 INFO     [pooled] Saved artefacts for META
2026-04-28 13:52:54,512 INFO     [pooled] Saved artefacts for AMZN
2026-04-28 13:52:54,514 INFO     [pooled] Saved artefacts for TSLA
2026-04-28 13:52:54,517 INFO     [pooled] Saved artefacts for JPM
2026-04-28 13:52:54,519 INFO     [pooled] Saved artefacts for GS
2026-04-28 13:52:54,521 INFO     [pooled] Saved artefacts for BAC
2026-04-28 13:52:54,523 INFO     [pooled] Saved artefacts for UNH
2026-04-28 13:52:54,525 INFO     [pooled] Saved artefacts for JNJ
2026-04-28 13:52:54,528 INFO     [pooled] Saved artefacts for ABBV
2026-04-28 13:52:54,529 INFO     [pooled] Saved artefacts for XOM
2026-04-28 13:52:54,532 INFO     [pooled] Saved artefacts for CVX
2026-04-28 13:52:54,534 INFO     [pooled] Saved artefacts for CAT
2026-04-28 13:52:54,535 INFO     [pooled] Saved artefacts for DE
2026-04-28 13:52:54,537 INFO     [pooled] Saved artefacts for MU
2026-04-28 13:52:54,539 INFO     [pooled] Saved artefacts for INTC
2026-04-28 13:52:54,541 INFO     [pooled] Saved artefacts for BTC-USD
2026-04-28 13:52:54,543 INFO     [pooled] Saved artefacts for LLY
2026-04-28 13:52:54,545 INFO     [pooled] Saved artefacts for V
2026-04-28 13:52:54,547 INFO     [pooled] Saved artefacts for MA
2026-04-28 13:52:54,549 INFO     [pooled] Saved artefacts for HD
2026-04-28 13:52:54,550 INFO     [pooled] Saved artefacts for COST
2026-04-28 13:52:54,552 INFO     [pooled] Saved artefacts for PG
2026-04-28 13:52:54,554 INFO     [pooled] Saved artefacts for BRK-B
2026-04-28 13:52:54,554 INFO     [pooled] Skipping artefact save for training-only ticker FRC
2026-04-28 13:52:54,554 INFO     [pooled] Skipping artefact save for training-only ticker BBBY
2026-04-28 13:52:54,554 INFO     [pooled] Done. 30 tickers, 47.28% acc vs 45.56% baseline
2026-04-28 13:53:05,813 INFO     POOLED_TRAINING=True — training cross-sectional model on all tickers (tune_hyperparams=True)
2026-04-28 13:53:05,813 INFO     [pooled] Starting cross-sectional training on 30 tickers (28 prediction, 2 training-only/survivorship)
2026-04-28 13:53:06,180 INFO     [pooled] Common feature set: 89 features across 30 tickers
2026-04-28 13:53:08,188 INFO     [pooled] Train rows: 4393  Calib rows: 16935  Test rows: 16761
2026-04-28 13:53:08,246 INFO     [pooled] Running nested walk-forward CV hyperparameter search (4393 train rows, 4 outer × 3 inner folds)...
2026-04-28 14:03:21,334 INFO     [pooled] Nested CV best params (avg of 3 folds, mean AUC=0.5410): {'max_depth': 6, 'min_child_weight': 3, 'reg_lambda': 1.0}
2026-04-28 14:03:21,339 INFO     [pooled]   fold 1: score=0.5245  params={'max_depth': 4, 'min_child_weight': 3, 'reg_lambda': 1.0}
2026-04-28 14:03:21,339 INFO     [pooled]   fold 1: score=0.5224  params={'max_depth': 4, 'min_child_weight': 3, 'reg_lambda': 5.0}
2026-04-28 14:03:21,339 INFO     [pooled]   fold 1: score=0.5228  params={'max_depth': 4, 'min_child_weight': 3, 'reg_lambda': 10.0}
2026-04-28 14:03:21,340 INFO     [pooled]   fold 1: score=0.5007  params={'max_depth': 4, 'min_child_weight': 5, 'reg_lambda': 1.0}
2026-04-28 14:03:21,340 INFO     [pooled]   fold 1: score=0.5009  params={'max_depth': 4, 'min_child_weight': 5, 'reg_lambda': 5.0}
2026-04-28 14:03:21,340 INFO     [pooled]   fold 1: score=0.5242  params={'max_depth': 4, 'min_child_weight': 5, 'reg_lambda': 10.0}
2026-04-28 14:03:21,340 INFO     [pooled]   fold 1: score=0.5265  params={'max_depth': 4, 'min_child_weight': 10, 'reg_lambda': 1.0}
2026-04-28 14:03:21,340 INFO     [pooled]   fold 1: score=0.5029  params={'max_depth': 4, 'min_child_weight': 10, 'reg_lambda': 5.0}
2026-04-28 14:03:21,340 INFO     [pooled]   fold 1: score=0.5190  params={'max_depth': 4, 'min_child_weight': 10, 'reg_lambda': 10.0}
2026-04-28 14:03:21,340 INFO     [pooled]   fold 1: score=0.5311  params={'max_depth': 5, 'min_child_weight': 3, 'reg_lambda': 1.0}
2026-04-28 14:03:21,340 INFO     [pooled]   fold 1: score=0.5299  params={'max_depth': 5, 'min_child_weight': 3, 'reg_lambda': 5.0}
2026-04-28 14:03:21,340 INFO     [pooled]   fold 1: score=0.5110  params={'max_depth': 5, 'min_child_weight': 3, 'reg_lambda': 10.0}
2026-04-28 14:03:21,340 INFO     [pooled]   fold 1: score=0.5018  params={'max_depth': 5, 'min_child_weight': 5, 'reg_lambda': 1.0}
2026-04-28 14:03:21,340 INFO     [pooled]   fold 1: score=0.5255  params={'max_depth': 5, 'min_child_weight': 5, 'reg_lambda': 5.0}
2026-04-28 14:03:21,340 INFO     [pooled]   fold 1: score=0.5170  params={'max_depth': 5, 'min_child_weight': 5, 'reg_lambda': 10.0}
2026-04-28 14:03:21,340 INFO     [pooled]   fold 1: score=0.5124  params={'max_depth': 5, 'min_child_weight': 10, 'reg_lambda': 1.0}
2026-04-28 14:03:21,340 INFO     [pooled]   fold 1: score=0.5344  params={'max_depth': 5, 'min_child_weight': 10, 'reg_lambda': 5.0}
2026-04-28 14:03:21,340 INFO     [pooled]   fold 1: score=0.5227  params={'max_depth': 5, 'min_child_weight': 10, 'reg_lambda': 10.0}
2026-04-28 14:03:21,340 INFO     [pooled]   fold 1: score=0.5374  params={'max_depth': 6, 'min_child_weight': 3, 'reg_lambda': 1.0}
2026-04-28 14:03:21,340 INFO     [pooled]   fold 1: score=0.5242  params={'max_depth': 6, 'min_child_weight': 3, 'reg_lambda': 5.0}
2026-04-28 14:03:21,340 INFO     [pooled]   fold 1: score=0.5236  params={'max_depth': 6, 'min_child_weight': 3, 'reg_lambda': 10.0}
2026-04-28 14:03:21,340 INFO     [pooled]   fold 1: score=0.5213  params={'max_depth': 6, 'min_child_weight': 5, 'reg_lambda': 1.0}
2026-04-28 14:03:21,340 INFO     [pooled]   fold 1: score=0.5012  params={'max_depth': 6, 'min_child_weight': 5, 'reg_lambda': 5.0}
2026-04-28 14:03:21,340 INFO     [pooled]   fold 1: score=0.5257  params={'max_depth': 6, 'min_child_weight': 5, 'reg_lambda': 10.0}
2026-04-28 14:03:21,340 INFO     [pooled]   fold 1: score=0.5314  params={'max_depth': 6, 'min_child_weight': 10, 'reg_lambda': 1.0}
2026-04-28 14:03:21,340 INFO     [pooled]   fold 1: score=0.5192  params={'max_depth': 6, 'min_child_weight': 10, 'reg_lambda': 5.0}
2026-04-28 14:03:21,340 INFO     [pooled]   fold 1: score=0.5393  params={'max_depth': 6, 'min_child_weight': 10, 'reg_lambda': 10.0}
2026-04-28 14:03:21,340 INFO     [pooled]   fold 2: score=0.5146  params={'max_depth': 4, 'min_child_weight': 3, 'reg_lambda': 1.0}
2026-04-28 14:03:21,340 INFO     [pooled]   fold 2: score=0.4967  params={'max_depth': 4, 'min_child_weight': 3, 'reg_lambda': 5.0}
2026-04-28 14:03:21,340 INFO     [pooled]   fold 2: score=0.4836  params={'max_depth': 4, 'min_child_weight': 3, 'reg_lambda': 10.0}
2026-04-28 14:03:21,340 INFO     [pooled]   fold 2: score=0.4939  params={'max_depth': 4, 'min_child_weight': 5, 'reg_lambda': 1.0}
2026-04-28 14:03:21,340 INFO     [pooled]   fold 2: score=0.5095  params={'max_depth': 4, 'min_child_weight': 5, 'reg_lambda': 5.0}
2026-04-28 14:03:21,340 INFO     [pooled]   fold 2: score=0.4978  params={'max_depth': 4, 'min_child_weight': 5, 'reg_lambda': 10.0}
2026-04-28 14:03:21,340 INFO     [pooled]   fold 2: score=0.5166  params={'max_depth': 4, 'min_child_weight': 10, 'reg_lambda': 1.0}
2026-04-28 14:03:21,340 INFO     [pooled]   fold 2: score=0.4929  params={'max_depth': 4, 'min_child_weight': 10, 'reg_lambda': 5.0}
2026-04-28 14:03:21,340 INFO     [pooled]   fold 2: score=0.4875  params={'max_depth': 4, 'min_child_weight': 10, 'reg_lambda': 10.0}
2026-04-28 14:03:21,340 INFO     [pooled]   fold 2: score=0.5107  params={'max_depth': 5, 'min_child_weight': 3, 'reg_lambda': 1.0}
2026-04-28 14:03:21,340 INFO     [pooled]   fold 2: score=0.4931  params={'max_depth': 5, 'min_child_weight': 3, 'reg_lambda': 5.0}
2026-04-28 14:03:21,340 INFO     [pooled]   fold 2: score=0.4945  params={'max_depth': 5, 'min_child_weight': 3, 'reg_lambda': 10.0}
2026-04-28 14:03:21,340 INFO     [pooled]   fold 2: score=0.4942  params={'max_depth': 5, 'min_child_weight': 5, 'reg_lambda': 1.0}
2026-04-28 14:03:21,340 INFO     [pooled]   fold 2: score=0.4915  params={'max_depth': 5, 'min_child_weight': 5, 'reg_lambda': 5.0}
2026-04-28 14:03:21,340 INFO     [pooled]   fold 2: score=0.4691  params={'max_depth': 5, 'min_child_weight': 5, 'reg_lambda': 10.0}
2026-04-28 14:03:21,340 INFO     [pooled]   fold 2: score=0.4785  params={'max_depth': 5, 'min_child_weight': 10, 'reg_lambda': 1.0}
2026-04-28 14:03:21,340 INFO     [pooled]   fold 2: score=0.4771  params={'max_depth': 5, 'min_child_weight': 10, 'reg_lambda': 5.0}
2026-04-28 14:03:21,340 INFO     [pooled]   fold 2: score=0.5001  params={'max_depth': 5, 'min_child_weight': 10, 'reg_lambda': 10.0}
2026-04-28 14:03:21,340 INFO     [pooled]   fold 2: score=0.5040  params={'max_depth': 6, 'min_child_weight': 3, 'reg_lambda': 1.0}
2026-04-28 14:03:21,340 INFO     [pooled]   fold 2: score=0.4767  params={'max_depth': 6, 'min_child_weight': 3, 'reg_lambda': 5.0}
2026-04-28 14:03:21,340 INFO     [pooled]   fold 2: score=0.4738  params={'max_depth': 6, 'min_child_weight': 3, 'reg_lambda': 10.0}
2026-04-28 14:03:21,340 INFO     [pooled]   fold 2: score=0.5173  params={'max_depth': 6, 'min_child_weight': 5, 'reg_lambda': 1.0}
2026-04-28 14:03:21,340 INFO     [pooled]   fold 2: score=0.4991  params={'max_depth': 6, 'min_child_weight': 5, 'reg_lambda': 5.0}
2026-04-28 14:03:21,340 INFO     [pooled]   fold 2: score=0.4778  params={'max_depth': 6, 'min_child_weight': 5, 'reg_lambda': 10.0}
2026-04-28 14:03:21,340 INFO     [pooled]   fold 2: score=0.4916  params={'max_depth': 6, 'min_child_weight': 10, 'reg_lambda': 1.0}
2026-04-28 14:03:21,340 INFO     [pooled]   fold 2: score=0.4857  params={'max_depth': 6, 'min_child_weight': 10, 'reg_lambda': 5.0}
2026-04-28 14:03:21,340 INFO     [pooled]   fold 2: score=0.4799  params={'max_depth': 6, 'min_child_weight': 10, 'reg_lambda': 10.0}
2026-04-28 14:03:21,340 INFO     [pooled]   fold 3: score=0.5069  params={'max_depth': 4, 'min_child_weight': 3, 'reg_lambda': 1.0}
2026-04-28 14:03:21,340 INFO     [pooled]   fold 3: score=0.5166  params={'max_depth': 4, 'min_child_weight': 3, 'reg_lambda': 5.0}
2026-04-28 14:03:21,340 INFO     [pooled]   fold 3: score=0.5043  params={'max_depth': 4, 'min_child_weight': 3, 'reg_lambda': 10.0}
2026-04-28 14:03:21,340 INFO     [pooled]   fold 3: score=0.5197  params={'max_depth': 4, 'min_child_weight': 5, 'reg_lambda': 1.0}
2026-04-28 14:03:21,340 INFO     [pooled]   fold 3: score=0.5006  params={'max_depth': 4, 'min_child_weight': 5, 'reg_lambda': 5.0}
2026-04-28 14:03:21,340 INFO     [pooled]   fold 3: score=0.5126  params={'max_depth': 4, 'min_child_weight': 5, 'reg_lambda': 10.0}
2026-04-28 14:03:21,340 INFO     [pooled]   fold 3: score=0.5102  params={'max_depth': 4, 'min_child_weight': 10, 'reg_lambda': 1.0}
2026-04-28 14:03:21,340 INFO     [pooled]   fold 3: score=0.4999  params={'max_depth': 4, 'min_child_weight': 10, 'reg_lambda': 5.0}
2026-04-28 14:03:21,340 INFO     [pooled]   fold 3: score=0.5254  params={'max_depth': 4, 'min_child_weight': 10, 'reg_lambda': 10.0}
2026-04-28 14:03:21,340 INFO     [pooled]   fold 3: score=0.5202  params={'max_depth': 5, 'min_child_weight': 3, 'reg_lambda': 1.0}
2026-04-28 14:03:21,340 INFO     [pooled]   fold 3: score=0.5111  params={'max_depth': 5, 'min_child_weight': 3, 'reg_lambda': 5.0}
2026-04-28 14:03:21,340 INFO     [pooled]   fold 3: score=0.4913  params={'max_depth': 5, 'min_child_weight': 3, 'reg_lambda': 10.0}
2026-04-28 14:03:21,340 INFO     [pooled]   fold 3: score=0.5015  params={'max_depth': 5, 'min_child_weight': 5, 'reg_lambda': 1.0}
2026-04-28 14:03:21,340 INFO     [pooled]   fold 3: score=0.5083  params={'max_depth': 5, 'min_child_weight': 5, 'reg_lambda': 5.0}
2026-04-28 14:03:21,340 INFO     [pooled]   fold 3: score=0.4949  params={'max_depth': 5, 'min_child_weight': 5, 'reg_lambda': 10.0}
2026-04-28 14:03:21,341 INFO     [pooled]   fold 3: score=0.5302  params={'max_depth': 5, 'min_child_weight': 10, 'reg_lambda': 1.0}
2026-04-28 14:03:21,341 INFO     [pooled]   fold 3: score=0.4915  params={'max_depth': 5, 'min_child_weight': 10, 'reg_lambda': 5.0}
2026-04-28 14:03:21,341 INFO     [pooled]   fold 3: score=0.4975  params={'max_depth': 5, 'min_child_weight': 10, 'reg_lambda': 10.0}
2026-04-28 14:03:21,341 INFO     [pooled]   fold 3: score=0.5817  params={'max_depth': 6, 'min_child_weight': 3, 'reg_lambda': 1.0}
2026-04-28 14:03:21,341 INFO     [pooled]   fold 3: score=0.5107  params={'max_depth': 6, 'min_child_weight': 3, 'reg_lambda': 5.0}
2026-04-28 14:03:21,341 INFO     [pooled]   fold 3: score=0.5094  params={'max_depth': 6, 'min_child_weight': 3, 'reg_lambda': 10.0}
2026-04-28 14:03:21,341 INFO     [pooled]   fold 3: score=0.5457  params={'max_depth': 6, 'min_child_weight': 5, 'reg_lambda': 1.0}
2026-04-28 14:03:21,341 INFO     [pooled]   fold 3: score=0.4986  params={'max_depth': 6, 'min_child_weight': 5, 'reg_lambda': 5.0}
2026-04-28 14:03:21,341 INFO     [pooled]   fold 3: score=0.5137  params={'max_depth': 6, 'min_child_weight': 5, 'reg_lambda': 10.0}
2026-04-28 14:03:21,341 INFO     [pooled]   fold 3: score=0.5381  params={'max_depth': 6, 'min_child_weight': 10, 'reg_lambda': 1.0}
2026-04-28 14:03:21,341 INFO     [pooled]   fold 3: score=0.5126  params={'max_depth': 6, 'min_child_weight': 10, 'reg_lambda': 5.0}
2026-04-28 14:03:21,341 INFO     [pooled]   fold 3: score=0.5247  params={'max_depth': 6, 'min_child_weight': 10, 'reg_lambda': 10.0}
2026-04-28 14:03:21,341 INFO     [pooled] Saved tuned params to /Users/amos/Code/Stock Market AI Bot/models/pooled_best_xgb_params.json
2026-04-28 14:03:22,468 INFO     [pooled] Found 0 sentiment + 310 macro/regime/market-context features in candidate set
2026-04-28 14:03:22,468 INFO     [pooled] Feature pruning: 970 → 70 cols  (40 base kept of 940, 900 dropped, 30 dummies always kept, 0 sentiment kept, 10 macro/regime kept)
2026-04-28 14:03:22,494 INFO     build_models: applying tuned param overrides: {'max_depth': 6, 'min_child_weight': 3, 'reg_lambda': 1.0}
2026-04-28 14:03:22,495 INFO     build_models: class balance via sample_weight  (n_pos=2131, n_neg=2262, w_pos=1.061)
2026-04-28 14:03:22,822 INFO     [pooled] h5 class balance: n_pos=2420  n_neg=1973  w_pos=0.815
2026-04-28 14:03:22,858 INFO     [pooled] h5 model trained on 4393 rows
2026-04-28 14:03:22,865 INFO     [pooled] Confidence threshold: 52.5 (fallback=True)
2026-04-28 14:03:22,865 INFO     [pooled] Conformal qhat(alpha=0.20): 0.5152
2026-04-28 14:03:22,869 INFO     [pooled] Test accuracy: 49.85%  baseline: 45.56%  threshold: 52.5%
2026-04-28 14:03:22,872 INFO     [pooled] Test AUC: 0.5005  AP: 0.4540  (acc edge over baseline: +4.28pp)
2026-04-28 14:03:22,872 WARNING  [pooled] Confidence diagnostics failed: confidence_not_correlated_with_correctness; bucket_precision_not_monotonic
2026-04-28 14:03:22,954 INFO     [pooled] Saved results plot /Users/amos/Code/Stock Market AI Bot/models/pooled_xgb_only_results.png
2026-04-28 14:03:23,023 INFO     [pooled] Saved per-ticker plot /Users/amos/Code/Stock Market AI Bot/models/pooled_ticker_accuracy.png
2026-04-28 14:03:23,026 INFO     [pooled] Saved h5 model to pooled_xgb_dir_h5.json
2026-04-28 14:03:23,029 INFO     [pooled] Saved artefacts for AAPL
2026-04-28 14:03:23,032 INFO     [pooled] Saved artefacts for MSFT
2026-04-28 14:03:23,035 INFO     [pooled] Saved artefacts for NVDA
2026-04-28 14:03:23,037 INFO     [pooled] Saved artefacts for AMD
2026-04-28 14:03:23,040 INFO     [pooled] Saved artefacts for GOOGL
2026-04-28 14:03:23,043 INFO     [pooled] Saved artefacts for META
2026-04-28 14:03:23,046 INFO     [pooled] Saved artefacts for AMZN
2026-04-28 14:03:23,048 INFO     [pooled] Saved artefacts for TSLA
2026-04-28 14:03:23,051 INFO     [pooled] Saved artefacts for JPM
2026-04-28 14:03:23,054 INFO     [pooled] Saved artefacts for GS
2026-04-28 14:03:23,057 INFO     [pooled] Saved artefacts for BAC
2026-04-28 14:03:23,060 INFO     [pooled] Saved artefacts for UNH
2026-04-28 14:03:23,063 INFO     [pooled] Saved artefacts for JNJ
2026-04-28 14:03:23,065 INFO     [pooled] Saved artefacts for ABBV
2026-04-28 14:03:23,068 INFO     [pooled] Saved artefacts for XOM
2026-04-28 14:03:23,071 INFO     [pooled] Saved artefacts for CVX
2026-04-28 14:03:23,074 INFO     [pooled] Saved artefacts for CAT
2026-04-28 14:03:23,077 INFO     [pooled] Saved artefacts for DE
2026-04-28 14:03:23,079 INFO     [pooled] Saved artefacts for MU
2026-04-28 14:03:23,082 INFO     [pooled] Saved artefacts for INTC
2026-04-28 14:03:23,084 INFO     [pooled] Saved artefacts for BTC-USD
2026-04-28 14:03:23,087 INFO     [pooled] Saved artefacts for LLY
2026-04-28 14:03:23,089 INFO     [pooled] Saved artefacts for V
2026-04-28 14:03:23,092 INFO     [pooled] Saved artefacts for MA
2026-04-28 14:03:23,095 INFO     [pooled] Saved artefacts for HD
2026-04-28 14:03:23,097 INFO     [pooled] Saved artefacts for COST
2026-04-28 14:03:23,100 INFO     [pooled] Saved artefacts for PG
2026-04-28 14:03:23,103 INFO     [pooled] Saved artefacts for BRK-B
2026-04-28 14:03:23,103 INFO     [pooled] Skipping artefact save for training-only ticker FRC
2026-04-28 14:03:23,103 INFO     [pooled] Skipping artefact save for training-only ticker BBBY
2026-04-28 14:03:23,103 INFO     [pooled] Done. 30 tickers, 49.85% acc vs 45.56% baseline
2026-04-28 14:09:49,998 INFO     Leakage audit output:
[leakage_audit] wrote /Users/amos/Code/Stock Market AI Bot/logs/leakage_audit.json
[leakage_audit] all tickers passed.
2026-04-28 14:09:49,998 INFO     POOLED_TRAINING=True — training cross-sectional model on all tickers (tune_hyperparams=False)
2026-04-28 14:09:49,998 INFO     [pooled] Starting cross-sectional training on 30 tickers (28 prediction, 2 training-only/survivorship)
2026-04-28 14:09:50,367 INFO     [pooled] Common feature set: 89 features across 30 tickers
2026-04-28 14:09:52,843 INFO     [pooled] Train rows: 4393  Calib rows: 16935  Test rows: 16761
2026-04-28 14:09:53,655 INFO     [pooled] Found 0 sentiment + 310 macro/regime/market-context features in candidate set
2026-04-28 14:09:53,655 INFO     [pooled] Feature pruning: 970 → 70 cols  (40 base kept of 940, 900 dropped, 30 dummies always kept, 0 sentiment kept, 10 macro/regime kept)
2026-04-28 14:09:53,662 INFO     build_models: class balance via sample_weight  (n_pos=2131, n_neg=2262, w_pos=1.061)
2026-04-28 14:09:53,905 INFO     [pooled] h5 class balance: n_pos=2420  n_neg=1973  w_pos=0.815
2026-04-28 14:09:53,941 INFO     [pooled] h5 model trained on 4393 rows
2026-04-28 14:09:53,948 INFO     [pooled] Confidence threshold: 52.5 (fallback=True)
2026-04-28 14:09:53,948 INFO     [pooled] Conformal qhat(alpha=0.20): 0.5129
2026-04-28 14:09:53,953 INFO     [pooled] Test accuracy: 47.28%  baseline: 45.56%  threshold: 52.5%
2026-04-28 14:09:53,956 INFO     [pooled] Test AUC: 0.4903  AP: 0.4478  (acc edge over baseline: +1.71pp)
2026-04-28 14:09:53,956 WARNING  [pooled] Confidence diagnostics failed: confidence_not_correlated_with_correctness; bucket_precision_not_monotonic
2026-04-28 14:09:54,034 INFO     [pooled] Saved results plot /Users/amos/Code/Stock Market AI Bot/models/pooled_xgb_only_results.png
2026-04-28 14:09:54,101 INFO     [pooled] Saved per-ticker plot /Users/amos/Code/Stock Market AI Bot/models/pooled_ticker_accuracy.png
2026-04-28 14:09:54,104 INFO     [pooled] Saved h5 model to pooled_xgb_dir_h5.json
2026-04-28 14:09:54,106 INFO     [pooled] Saved artefacts for AAPL
2026-04-28 14:09:54,108 INFO     [pooled] Saved artefacts for MSFT
2026-04-28 14:09:54,110 INFO     [pooled] Saved artefacts for NVDA
2026-04-28 14:09:54,111 INFO     [pooled] Saved artefacts for AMD
2026-04-28 14:09:54,114 INFO     [pooled] Saved artefacts for GOOGL
2026-04-28 14:09:54,116 INFO     [pooled] Saved artefacts for META
2026-04-28 14:09:54,117 INFO     [pooled] Saved artefacts for AMZN
2026-04-28 14:09:54,119 INFO     [pooled] Saved artefacts for TSLA
2026-04-28 14:09:54,121 INFO     [pooled] Saved artefacts for JPM
2026-04-28 14:09:54,123 INFO     [pooled] Saved artefacts for GS
2026-04-28 14:09:54,125 INFO     [pooled] Saved artefacts for BAC
2026-04-28 14:09:54,127 INFO     [pooled] Saved artefacts for UNH
2026-04-28 14:09:54,129 INFO     [pooled] Saved artefacts for JNJ
2026-04-28 14:09:54,131 INFO     [pooled] Saved artefacts for ABBV
2026-04-28 14:09:54,133 INFO     [pooled] Saved artefacts for XOM
2026-04-28 14:09:54,135 INFO     [pooled] Saved artefacts for CVX
2026-04-28 14:09:54,137 INFO     [pooled] Saved artefacts for CAT
2026-04-28 14:09:54,139 INFO     [pooled] Saved artefacts for DE
2026-04-28 14:09:54,141 INFO     [pooled] Saved artefacts for MU
2026-04-28 14:09:54,142 INFO     [pooled] Saved artefacts for INTC
2026-04-28 14:09:54,144 INFO     [pooled] Saved artefacts for BTC-USD
2026-04-28 14:09:54,146 INFO     [pooled] Saved artefacts for LLY
2026-04-28 14:09:54,148 INFO     [pooled] Saved artefacts for V
2026-04-28 14:09:54,150 INFO     [pooled] Saved artefacts for MA
2026-04-28 14:09:54,152 INFO     [pooled] Saved artefacts for HD
2026-04-28 14:09:54,153 INFO     [pooled] Saved artefacts for COST
2026-04-28 14:09:54,155 INFO     [pooled] Saved artefacts for PG
2026-04-28 14:09:54,157 INFO     [pooled] Saved artefacts for BRK-B
2026-04-28 14:09:54,157 INFO     [pooled] Skipping artefact save for training-only ticker FRC
2026-04-28 14:09:54,157 INFO     [pooled] Skipping artefact save for training-only ticker BBBY
2026-04-28 14:09:54,157 INFO     [pooled] Done. 30 tickers, 47.28% acc vs 45.56% baseline
2026-04-28 14:10:22,853 INFO     Leakage audit output:
[leakage_audit] wrote /Users/amos/Code/Stock Market AI Bot/logs/leakage_audit.json
[leakage_audit] all tickers passed.
2026-04-28 14:10:22,854 INFO     POOLED_TRAINING=True — training cross-sectional model on all tickers (tune_hyperparams=False)
2026-04-28 14:10:22,854 INFO     [pooled] Starting cross-sectional training on 30 tickers (28 prediction, 2 training-only/survivorship)
2026-04-28 14:10:23,222 INFO     [pooled] Common feature set: 89 features across 30 tickers
2026-04-28 14:10:25,554 INFO     [pooled] Train rows: 4393  Calib rows: 16935  Test rows: 16761
2026-04-28 14:10:26,372 INFO     [pooled] Found 0 sentiment + 310 macro/regime/market-context features in candidate set
2026-04-28 14:10:26,372 INFO     [pooled] Feature pruning: 970 → 67 cols  (37 base kept of 940, 903 dropped, 30 dummies always kept, 0 sentiment kept, 10 macro/regime kept)
2026-04-28 14:10:26,378 INFO     build_models: class balance via sample_weight  (n_pos=2580, n_neg=1813, w_pos=0.703)
2026-04-28 14:10:26,617 INFO     [pooled] h5 class balance: n_pos=2420  n_neg=1973  w_pos=0.815
2026-04-28 14:10:26,654 INFO     [pooled] h5 model trained on 4393 rows
2026-04-28 14:10:26,662 INFO     [pooled] Confidence threshold: 52.5 (fallback=True)
2026-04-28 14:10:26,662 INFO     [pooled] Conformal qhat(alpha=0.20): 0.5481
2026-04-28 14:10:26,667 INFO     [pooled] Test accuracy: 55.79%  baseline: 55.79%  threshold: 52.5%
2026-04-28 14:10:26,670 INFO     [pooled] Test AUC: 0.5122  AP: 0.5704  (acc edge over baseline: +0.00pp)
2026-04-28 14:10:26,670 WARNING  [pooled] Confidence diagnostics failed: confidence_not_correlated_with_correctness
2026-04-28 14:10:26,747 INFO     [pooled] Saved results plot /Users/amos/Code/Stock Market AI Bot/models/pooled_xgb_only_results.png
2026-04-28 14:10:26,814 INFO     [pooled] Saved per-ticker plot /Users/amos/Code/Stock Market AI Bot/models/pooled_ticker_accuracy.png
2026-04-28 14:10:26,817 INFO     [pooled] Saved h5 model to pooled_xgb_dir_h5.json
2026-04-28 14:10:26,819 INFO     [pooled] Saved artefacts for AAPL
2026-04-28 14:10:26,821 INFO     [pooled] Saved artefacts for MSFT
2026-04-28 14:10:26,823 INFO     [pooled] Saved artefacts for NVDA
2026-04-28 14:10:26,825 INFO     [pooled] Saved artefacts for AMD
2026-04-28 14:10:26,827 INFO     [pooled] Saved artefacts for GOOGL
2026-04-28 14:10:26,829 INFO     [pooled] Saved artefacts for META
2026-04-28 14:10:26,831 INFO     [pooled] Saved artefacts for AMZN
2026-04-28 14:10:26,833 INFO     [pooled] Saved artefacts for TSLA
2026-04-28 14:10:26,834 INFO     [pooled] Saved artefacts for JPM
2026-04-28 14:10:26,837 INFO     [pooled] Saved artefacts for GS
2026-04-28 14:10:26,838 INFO     [pooled] Saved artefacts for BAC
2026-04-28 14:10:26,840 INFO     [pooled] Saved artefacts for UNH
2026-04-28 14:10:26,842 INFO     [pooled] Saved artefacts for JNJ
2026-04-28 14:10:26,844 INFO     [pooled] Saved artefacts for ABBV
2026-04-28 14:10:26,846 INFO     [pooled] Saved artefacts for XOM
2026-04-28 14:10:26,848 INFO     [pooled] Saved artefacts for CVX
2026-04-28 14:10:26,850 INFO     [pooled] Saved artefacts for CAT
2026-04-28 14:10:26,852 INFO     [pooled] Saved artefacts for DE
2026-04-28 14:10:26,854 INFO     [pooled] Saved artefacts for MU
2026-04-28 14:10:26,856 INFO     [pooled] Saved artefacts for INTC
2026-04-28 14:10:26,858 INFO     [pooled] Saved artefacts for BTC-USD
2026-04-28 14:10:26,860 INFO     [pooled] Saved artefacts for LLY
2026-04-28 14:10:26,861 INFO     [pooled] Saved artefacts for V
2026-04-28 14:10:26,863 INFO     [pooled] Saved artefacts for MA
2026-04-28 14:10:26,865 INFO     [pooled] Saved artefacts for HD
2026-04-28 14:10:26,867 INFO     [pooled] Saved artefacts for COST
2026-04-28 14:10:26,869 INFO     [pooled] Saved artefacts for PG
2026-04-28 14:10:26,871 INFO     [pooled] Saved artefacts for BRK-B
2026-04-28 14:10:26,871 INFO     [pooled] Skipping artefact save for training-only ticker FRC
2026-04-28 14:10:26,871 INFO     [pooled] Skipping artefact save for training-only ticker BBBY
2026-04-28 14:10:26,871 INFO     [pooled] Done. 30 tickers, 55.79% acc vs 55.79% baseline
2026-04-28 14:10:41,954 INFO     Leakage audit output:
[leakage_audit] wrote /Users/amos/Code/Stock Market AI Bot/logs/leakage_audit.json
[leakage_audit] all tickers passed.
2026-04-28 14:10:41,954 INFO     POOLED_TRAINING=True — training cross-sectional model on all tickers (tune_hyperparams=True)
2026-04-28 14:10:41,954 INFO     [pooled] Starting cross-sectional training on 30 tickers (28 prediction, 2 training-only/survivorship)
2026-04-28 14:10:42,318 INFO     [pooled] Common feature set: 89 features across 30 tickers
2026-04-28 14:10:44,331 INFO     [pooled] Train rows: 4393  Calib rows: 16935  Test rows: 16761
2026-04-28 14:10:44,389 INFO     [pooled] Running nested walk-forward CV hyperparameter search (4393 train rows, 4 outer × 3 inner folds)...
2026-04-28 14:51:52,011 INFO     [pooled] Nested CV best params (avg of 3 folds, mean AUC=0.5297): {'max_depth': 5, 'min_child_weight': 3, 'reg_lambda': 1.0}
2026-04-28 14:51:52,016 INFO     [pooled]   fold 1: score=0.5165  params={'max_depth': 4, 'min_child_weight': 3, 'reg_lambda': 1.0}
2026-04-28 14:51:52,016 INFO     [pooled]   fold 1: score=0.4801  params={'max_depth': 4, 'min_child_weight': 3, 'reg_lambda': 5.0}
2026-04-28 14:51:52,016 INFO     [pooled]   fold 1: score=0.4901  params={'max_depth': 4, 'min_child_weight': 3, 'reg_lambda': 10.0}
2026-04-28 14:51:52,016 INFO     [pooled]   fold 1: score=0.5090  params={'max_depth': 4, 'min_child_weight': 5, 'reg_lambda': 1.0}
2026-04-28 14:51:52,016 INFO     [pooled]   fold 1: score=0.5098  params={'max_depth': 4, 'min_child_weight': 5, 'reg_lambda': 5.0}
2026-04-28 14:51:52,016 INFO     [pooled]   fold 1: score=0.4826  params={'max_depth': 4, 'min_child_weight': 5, 'reg_lambda': 10.0}
2026-04-28 14:51:52,016 INFO     [pooled]   fold 1: score=0.5044  params={'max_depth': 4, 'min_child_weight': 10, 'reg_lambda': 1.0}
2026-04-28 14:51:52,016 INFO     [pooled]   fold 1: score=0.4863  params={'max_depth': 4, 'min_child_weight': 10, 'reg_lambda': 5.0}
2026-04-28 14:51:52,016 INFO     [pooled]   fold 1: score=0.4804  params={'max_depth': 4, 'min_child_weight': 10, 'reg_lambda': 10.0}
2026-04-28 14:51:52,016 INFO     [pooled]   fold 1: score=0.5019  params={'max_depth': 5, 'min_child_weight': 3, 'reg_lambda': 1.0}
2026-04-28 14:51:52,016 INFO     [pooled]   fold 1: score=0.5074  params={'max_depth': 5, 'min_child_weight': 3, 'reg_lambda': 5.0}
2026-04-28 14:51:52,016 INFO     [pooled]   fold 1: score=0.4829  params={'max_depth': 5, 'min_child_weight': 3, 'reg_lambda': 10.0}
2026-04-28 14:51:52,016 INFO     [pooled]   fold 1: score=0.5212  params={'max_depth': 5, 'min_child_weight': 5, 'reg_lambda': 1.0}
2026-04-28 14:51:52,016 INFO     [pooled]   fold 1: score=0.4870  params={'max_depth': 5, 'min_child_weight': 5, 'reg_lambda': 5.0}
2026-04-28 14:51:52,016 INFO     [pooled]   fold 1: score=0.5009  params={'max_depth': 5, 'min_child_weight': 5, 'reg_lambda': 10.0}
2026-04-28 14:51:52,016 INFO     [pooled]   fold 1: score=0.4938  params={'max_depth': 5, 'min_child_weight': 10, 'reg_lambda': 1.0}
2026-04-28 14:51:52,016 INFO     [pooled]   fold 1: score=0.4954  params={'max_depth': 5, 'min_child_weight': 10, 'reg_lambda': 5.0}
2026-04-28 14:51:52,016 INFO     [pooled]   fold 1: score=0.4788  params={'max_depth': 5, 'min_child_weight': 10, 'reg_lambda': 10.0}
2026-04-28 14:51:52,016 INFO     [pooled]   fold 1: score=0.4856  params={'max_depth': 6, 'min_child_weight': 3, 'reg_lambda': 1.0}
2026-04-28 14:51:52,016 INFO     [pooled]   fold 1: score=0.4939  params={'max_depth': 6, 'min_child_weight': 3, 'reg_lambda': 5.0}
2026-04-28 14:51:52,016 INFO     [pooled]   fold 1: score=0.4757  params={'max_depth': 6, 'min_child_weight': 3, 'reg_lambda': 10.0}
2026-04-28 14:51:52,016 INFO     [pooled]   fold 1: score=0.5026  params={'max_depth': 6, 'min_child_weight': 5, 'reg_lambda': 1.0}
2026-04-28 14:51:52,016 INFO     [pooled]   fold 1: score=0.4863  params={'max_depth': 6, 'min_child_weight': 5, 'reg_lambda': 5.0}
2026-04-28 14:51:52,016 INFO     [pooled]   fold 1: score=0.4951  params={'max_depth': 6, 'min_child_weight': 5, 'reg_lambda': 10.0}
2026-04-28 14:51:52,016 INFO     [pooled]   fold 1: score=0.5145  params={'max_depth': 6, 'min_child_weight': 10, 'reg_lambda': 1.0}
2026-04-28 14:51:52,016 INFO     [pooled]   fold 1: score=0.4824  params={'max_depth': 6, 'min_child_weight': 10, 'reg_lambda': 5.0}
2026-04-28 14:51:52,016 INFO     [pooled]   fold 1: score=0.4823  params={'max_depth': 6, 'min_child_weight': 10, 'reg_lambda': 10.0}
2026-04-28 14:51:52,016 INFO     [pooled]   fold 2: score=0.5032  params={'max_depth': 4, 'min_child_weight': 3, 'reg_lambda': 1.0}
2026-04-28 14:51:52,016 INFO     [pooled]   fold 2: score=0.4942  params={'max_depth': 4, 'min_child_weight': 3, 'reg_lambda': 5.0}
2026-04-28 14:51:52,016 INFO     [pooled]   fold 2: score=0.5433  params={'max_depth': 4, 'min_child_weight': 3, 'reg_lambda': 10.0}
2026-04-28 14:51:52,016 INFO     [pooled]   fold 2: score=0.4922  params={'max_depth': 4, 'min_child_weight': 5, 'reg_lambda': 1.0}
2026-04-28 14:51:52,016 INFO     [pooled]   fold 2: score=0.5035  params={'max_depth': 4, 'min_child_weight': 5, 'reg_lambda': 5.0}
2026-04-28 14:51:52,016 INFO     [pooled]   fold 2: score=0.5259  params={'max_depth': 4, 'min_child_weight': 5, 'reg_lambda': 10.0}
2026-04-28 14:51:52,016 INFO     [pooled]   fold 2: score=0.5209  params={'max_depth': 4, 'min_child_weight': 10, 'reg_lambda': 1.0}
2026-04-28 14:51:52,017 INFO     [pooled]   fold 2: score=0.5103  params={'max_depth': 4, 'min_child_weight': 10, 'reg_lambda': 5.0}
2026-04-28 14:51:52,017 INFO     [pooled]   fold 2: score=0.5092  params={'max_depth': 4, 'min_child_weight': 10, 'reg_lambda': 10.0}
2026-04-28 14:51:52,017 INFO     [pooled]   fold 2: score=0.5282  params={'max_depth': 5, 'min_child_weight': 3, 'reg_lambda': 1.0}
2026-04-28 14:51:52,017 INFO     [pooled]   fold 2: score=0.4945  params={'max_depth': 5, 'min_child_weight': 3, 'reg_lambda': 5.0}
2026-04-28 14:51:52,017 INFO     [pooled]   fold 2: score=0.5025  params={'max_depth': 5, 'min_child_weight': 3, 'reg_lambda': 10.0}
2026-04-28 14:51:52,017 INFO     [pooled]   fold 2: score=0.5181  params={'max_depth': 5, 'min_child_weight': 5, 'reg_lambda': 1.0}
2026-04-28 14:51:52,017 INFO     [pooled]   fold 2: score=0.4997  params={'max_depth': 5, 'min_child_weight': 5, 'reg_lambda': 5.0}
2026-04-28 14:51:52,017 INFO     [pooled]   fold 2: score=0.4874  params={'max_depth': 5, 'min_child_weight': 5, 'reg_lambda': 10.0}
2026-04-28 14:51:52,017 INFO     [pooled]   fold 2: score=0.5271  params={'max_depth': 5, 'min_child_weight': 10, 'reg_lambda': 1.0}
2026-04-28 14:51:52,017 INFO     [pooled]   fold 2: score=0.4917  params={'max_depth': 5, 'min_child_weight': 10, 'reg_lambda': 5.0}
2026-04-28 14:51:52,017 INFO     [pooled]   fold 2: score=0.5033  params={'max_depth': 5, 'min_child_weight': 10, 'reg_lambda': 10.0}
2026-04-28 14:51:52,017 INFO     [pooled]   fold 2: score=0.4956  params={'max_depth': 6, 'min_child_weight': 3, 'reg_lambda': 1.0}
2026-04-28 14:51:52,017 INFO     [pooled]   fold 2: score=0.4920  params={'max_depth': 6, 'min_child_weight': 3, 'reg_lambda': 5.0}
2026-04-28 14:51:52,017 INFO     [pooled]   fold 2: score=0.5206  params={'max_depth': 6, 'min_child_weight': 3, 'reg_lambda': 10.0}
2026-04-28 14:51:52,017 INFO     [pooled]   fold 2: score=0.4996  params={'max_depth': 6, 'min_child_weight': 5, 'reg_lambda': 1.0}
2026-04-28 14:51:52,017 INFO     [pooled]   fold 2: score=0.4996  params={'max_depth': 6, 'min_child_weight': 5, 'reg_lambda': 5.0}
2026-04-28 14:51:52,017 INFO     [pooled]   fold 2: score=0.4680  params={'max_depth': 6, 'min_child_weight': 5, 'reg_lambda': 10.0}
2026-04-28 14:51:52,017 INFO     [pooled]   fold 2: score=0.5029  params={'max_depth': 6, 'min_child_weight': 10, 'reg_lambda': 1.0}
2026-04-28 14:51:52,017 INFO     [pooled]   fold 2: score=0.4795  params={'max_depth': 6, 'min_child_weight': 10, 'reg_lambda': 5.0}
2026-04-28 14:51:52,017 INFO     [pooled]   fold 2: score=0.5117  params={'max_depth': 6, 'min_child_weight': 10, 'reg_lambda': 10.0}
2026-04-28 14:51:52,017 INFO     [pooled]   fold 3: score=0.5429  params={'max_depth': 4, 'min_child_weight': 3, 'reg_lambda': 1.0}
2026-04-28 14:51:52,017 INFO     [pooled]   fold 3: score=0.5467  params={'max_depth': 4, 'min_child_weight': 3, 'reg_lambda': 5.0}
2026-04-28 14:51:52,017 INFO     [pooled]   fold 3: score=0.5409  params={'max_depth': 4, 'min_child_weight': 3, 'reg_lambda': 10.0}
2026-04-28 14:51:52,017 INFO     [pooled]   fold 3: score=0.5590  params={'max_depth': 4, 'min_child_weight': 5, 'reg_lambda': 1.0}
2026-04-28 14:51:52,017 INFO     [pooled]   fold 3: score=0.5238  params={'max_depth': 4, 'min_child_weight': 5, 'reg_lambda': 5.0}
2026-04-28 14:51:52,017 INFO     [pooled]   fold 3: score=0.5372  params={'max_depth': 4, 'min_child_weight': 5, 'reg_lambda': 10.0}
2026-04-28 14:51:52,017 INFO     [pooled]   fold 3: score=0.5498  params={'max_depth': 4, 'min_child_weight': 10, 'reg_lambda': 1.0}
2026-04-28 14:51:52,017 INFO     [pooled]   fold 3: score=0.5453  params={'max_depth': 4, 'min_child_weight': 10, 'reg_lambda': 5.0}
2026-04-28 14:51:52,017 INFO     [pooled]   fold 3: score=0.5502  params={'max_depth': 4, 'min_child_weight': 10, 'reg_lambda': 10.0}
2026-04-28 14:51:52,017 INFO     [pooled]   fold 3: score=0.5589  params={'max_depth': 5, 'min_child_weight': 3, 'reg_lambda': 1.0}
2026-04-28 14:51:52,017 INFO     [pooled]   fold 3: score=0.5636  params={'max_depth': 5, 'min_child_weight': 3, 'reg_lambda': 5.0}
2026-04-28 14:51:52,017 INFO     [pooled]   fold 3: score=0.5539  params={'max_depth': 5, 'min_child_weight': 3, 'reg_lambda': 10.0}
2026-04-28 14:51:52,017 INFO     [pooled]   fold 3: score=0.5454  params={'max_depth': 5, 'min_child_weight': 5, 'reg_lambda': 1.0}
2026-04-28 14:51:52,017 INFO     [pooled]   fold 3: score=0.5513  params={'max_depth': 5, 'min_child_weight': 5, 'reg_lambda': 5.0}
2026-04-28 14:51:52,017 INFO     [pooled]   fold 3: score=0.5356  params={'max_depth': 5, 'min_child_weight': 5, 'reg_lambda': 10.0}
2026-04-28 14:51:52,017 INFO     [pooled]   fold 3: score=0.5634  params={'max_depth': 5, 'min_child_weight': 10, 'reg_lambda': 1.0}
2026-04-28 14:51:52,017 INFO     [pooled]   fold 3: score=0.5455  params={'max_depth': 5, 'min_child_weight': 10, 'reg_lambda': 5.0}
2026-04-28 14:51:52,017 INFO     [pooled]   fold 3: score=0.5371  params={'max_depth': 5, 'min_child_weight': 10, 'reg_lambda': 10.0}
2026-04-28 14:51:52,017 INFO     [pooled]   fold 3: score=0.5523  params={'max_depth': 6, 'min_child_weight': 3, 'reg_lambda': 1.0}
2026-04-28 14:51:52,017 INFO     [pooled]   fold 3: score=0.5577  params={'max_depth': 6, 'min_child_weight': 3, 'reg_lambda': 5.0}
2026-04-28 14:51:52,017 INFO     [pooled]   fold 3: score=0.5352  params={'max_depth': 6, 'min_child_weight': 3, 'reg_lambda': 10.0}
2026-04-28 14:51:52,017 INFO     [pooled]   fold 3: score=0.5320  params={'max_depth': 6, 'min_child_weight': 5, 'reg_lambda': 1.0}
2026-04-28 14:51:52,017 INFO     [pooled]   fold 3: score=0.5370  params={'max_depth': 6, 'min_child_weight': 5, 'reg_lambda': 5.0}
2026-04-28 14:51:52,017 INFO     [pooled]   fold 3: score=0.5325  params={'max_depth': 6, 'min_child_weight': 5, 'reg_lambda': 10.0}
2026-04-28 14:51:52,017 INFO     [pooled]   fold 3: score=0.5691  params={'max_depth': 6, 'min_child_weight': 10, 'reg_lambda': 1.0}
2026-04-28 14:51:52,017 INFO     [pooled]   fold 3: score=0.5542  params={'max_depth': 6, 'min_child_weight': 10, 'reg_lambda': 5.0}
2026-04-28 14:51:52,017 INFO     [pooled]   fold 3: score=0.5271  params={'max_depth': 6, 'min_child_weight': 10, 'reg_lambda': 10.0}
2026-04-28 14:51:52,018 INFO     [pooled] Saved tuned params to /Users/amos/Code/Stock Market AI Bot/models/pooled_best_xgb_params.json
2026-04-28 14:51:52,962 INFO     [pooled] Found 0 sentiment + 310 macro/regime/market-context features in candidate set
2026-04-28 14:51:52,962 INFO     [pooled] Feature pruning: 970 → 66 cols  (36 base kept of 940, 904 dropped, 30 dummies always kept, 0 sentiment kept, 10 macro/regime kept)
2026-04-28 14:51:52,988 INFO     build_models: applying tuned param overrides: {'max_depth': 5, 'min_child_weight': 3, 'reg_lambda': 1.0}
2026-04-28 14:51:52,988 INFO     build_models: class balance via sample_weight  (n_pos=2580, n_neg=1813, w_pos=0.703)
2026-04-28 14:51:53,265 INFO     [pooled] h5 class balance: n_pos=2420  n_neg=1973  w_pos=0.815
2026-04-28 14:51:53,300 INFO     [pooled] h5 model trained on 4393 rows
2026-04-28 14:51:53,306 INFO     [pooled] Confidence threshold: 52.5 (fallback=True)
2026-04-28 14:51:53,306 INFO     [pooled] Conformal qhat(alpha=0.20): 0.5457
2026-04-28 14:51:53,311 INFO     [pooled] Test accuracy: 55.79%  baseline: 55.79%  threshold: 52.5%
2026-04-28 14:51:53,313 INFO     [pooled] Test AUC: 0.4917  AP: 0.5481  (acc edge over baseline: +0.00pp)
2026-04-28 14:51:53,313 WARNING  [pooled] Confidence diagnostics failed: confidence_not_correlated_with_correctness; bucket_precision_not_monotonic
2026-04-28 14:51:53,392 INFO     [pooled] Saved results plot /Users/amos/Code/Stock Market AI Bot/models/pooled_xgb_only_results.png
2026-04-28 14:51:53,462 INFO     [pooled] Saved per-ticker plot /Users/amos/Code/Stock Market AI Bot/models/pooled_ticker_accuracy.png
2026-04-28 14:51:53,465 INFO     [pooled] Saved h5 model to pooled_xgb_dir_h5.json
2026-04-28 14:51:53,468 INFO     [pooled] Saved artefacts for AAPL
2026-04-28 14:51:53,471 INFO     [pooled] Saved artefacts for MSFT
2026-04-28 14:51:53,473 INFO     [pooled] Saved artefacts for NVDA
2026-04-28 14:51:53,475 INFO     [pooled] Saved artefacts for AMD
2026-04-28 14:51:53,479 INFO     [pooled] Saved artefacts for GOOGL
2026-04-28 14:51:53,481 INFO     [pooled] Saved artefacts for META
2026-04-28 14:51:53,483 INFO     [pooled] Saved artefacts for AMZN
2026-04-28 14:51:53,486 INFO     [pooled] Saved artefacts for TSLA
2026-04-28 14:51:53,488 INFO     [pooled] Saved artefacts for JPM
2026-04-28 14:51:53,490 INFO     [pooled] Saved artefacts for GS
2026-04-28 14:51:53,492 INFO     [pooled] Saved artefacts for BAC
2026-04-28 14:51:53,494 INFO     [pooled] Saved artefacts for UNH
2026-04-28 14:51:53,496 INFO     [pooled] Saved artefacts for JNJ
2026-04-28 14:51:53,499 INFO     [pooled] Saved artefacts for ABBV
2026-04-28 14:51:53,501 INFO     [pooled] Saved artefacts for XOM
2026-04-28 14:51:53,503 INFO     [pooled] Saved artefacts for CVX
2026-04-28 14:51:53,505 INFO     [pooled] Saved artefacts for CAT
2026-04-28 14:51:53,507 INFO     [pooled] Saved artefacts for DE
2026-04-28 14:51:53,509 INFO     [pooled] Saved artefacts for MU
2026-04-28 14:51:53,512 INFO     [pooled] Saved artefacts for INTC
2026-04-28 14:51:53,514 INFO     [pooled] Saved artefacts for BTC-USD
2026-04-28 14:51:53,516 INFO     [pooled] Saved artefacts for LLY
2026-04-28 14:51:53,518 INFO     [pooled] Saved artefacts for V
2026-04-28 14:51:53,520 INFO     [pooled] Saved artefacts for MA
2026-04-28 14:51:53,523 INFO     [pooled] Saved artefacts for HD
2026-04-28 14:51:53,526 INFO     [pooled] Saved artefacts for COST
2026-04-28 14:51:53,528 INFO     [pooled] Saved artefacts for PG
2026-04-28 14:51:53,530 INFO     [pooled] Saved artefacts for BRK-B
2026-04-28 14:51:53,530 INFO     [pooled] Skipping artefact save for training-only ticker FRC
2026-04-28 14:51:53,530 INFO     [pooled] Skipping artefact save for training-only ticker BBBY
2026-04-28 14:51:53,530 INFO     [pooled] Done. 30 tickers, 55.79% acc vs 55.79% baseline
2026-04-28 18:30:37,425 INFO     Leakage audit output:
[leakage_audit] wrote /Users/amos/Code/Stock Market AI Bot/logs/leakage_audit.json
[leakage_audit] all tickers passed.
2026-04-28 18:30:37,426 INFO     POOLED_TRAINING=True — training cross-sectional model on all tickers (tune_hyperparams=True)
2026-04-28 18:30:37,426 INFO     [pooled] Starting cross-sectional training on 30 tickers (28 prediction, 2 training-only/survivorship)
2026-04-28 18:30:37,827 INFO     [pooled] Common feature set: 89 features across 30 tickers
2026-04-28 18:30:40,119 INFO     [pooled] Train rows: 4393  Calib rows: 16935  Test rows: 16761
2026-04-28 18:30:40,180 INFO     [pooled] Running nested walk-forward CV hyperparameter search (4393 train rows, 4 outer × 3 inner folds)...
2026-04-28 19:11:19,722 INFO     [pooled] Nested CV best params (avg of 3 folds, mean AUC=0.5410): {'max_depth': 6, 'min_child_weight': 3, 'reg_lambda': 1.0}
2026-04-28 19:11:19,725 INFO     [pooled]   fold 1: score=0.5245  params={'max_depth': 4, 'min_child_weight': 3, 'reg_lambda': 1.0}
2026-04-28 19:11:19,725 INFO     [pooled]   fold 1: score=0.5224  params={'max_depth': 4, 'min_child_weight': 3, 'reg_lambda': 5.0}
2026-04-28 19:11:19,725 INFO     [pooled]   fold 1: score=0.5228  params={'max_depth': 4, 'min_child_weight': 3, 'reg_lambda': 10.0}
2026-04-28 19:11:19,725 INFO     [pooled]   fold 1: score=0.5007  params={'max_depth': 4, 'min_child_weight': 5, 'reg_lambda': 1.0}
2026-04-28 19:11:19,725 INFO     [pooled]   fold 1: score=0.5009  params={'max_depth': 4, 'min_child_weight': 5, 'reg_lambda': 5.0}
2026-04-28 19:11:19,725 INFO     [pooled]   fold 1: score=0.5242  params={'max_depth': 4, 'min_child_weight': 5, 'reg_lambda': 10.0}
2026-04-28 19:11:19,725 INFO     [pooled]   fold 1: score=0.5265  params={'max_depth': 4, 'min_child_weight': 10, 'reg_lambda': 1.0}
2026-04-28 19:11:19,725 INFO     [pooled]   fold 1: score=0.5029  params={'max_depth': 4, 'min_child_weight': 10, 'reg_lambda': 5.0}
2026-04-28 19:11:19,725 INFO     [pooled]   fold 1: score=0.5190  params={'max_depth': 4, 'min_child_weight': 10, 'reg_lambda': 10.0}
2026-04-28 19:11:19,726 INFO     [pooled]   fold 1: score=0.5311  params={'max_depth': 5, 'min_child_weight': 3, 'reg_lambda': 1.0}
2026-04-28 19:11:19,726 INFO     [pooled]   fold 1: score=0.5299  params={'max_depth': 5, 'min_child_weight': 3, 'reg_lambda': 5.0}
2026-04-28 19:11:19,726 INFO     [pooled]   fold 1: score=0.5110  params={'max_depth': 5, 'min_child_weight': 3, 'reg_lambda': 10.0}
2026-04-28 19:11:19,726 INFO     [pooled]   fold 1: score=0.5018  params={'max_depth': 5, 'min_child_weight': 5, 'reg_lambda': 1.0}
2026-04-28 19:11:19,726 INFO     [pooled]   fold 1: score=0.5255  params={'max_depth': 5, 'min_child_weight': 5, 'reg_lambda': 5.0}
2026-04-28 19:11:19,726 INFO     [pooled]   fold 1: score=0.5170  params={'max_depth': 5, 'min_child_weight': 5, 'reg_lambda': 10.0}
2026-04-28 19:11:19,726 INFO     [pooled]   fold 1: score=0.5124  params={'max_depth': 5, 'min_child_weight': 10, 'reg_lambda': 1.0}
2026-04-28 19:11:19,726 INFO     [pooled]   fold 1: score=0.5344  params={'max_depth': 5, 'min_child_weight': 10, 'reg_lambda': 5.0}
2026-04-28 19:11:19,726 INFO     [pooled]   fold 1: score=0.5227  params={'max_depth': 5, 'min_child_weight': 10, 'reg_lambda': 10.0}
2026-04-28 19:11:19,726 INFO     [pooled]   fold 1: score=0.5374  params={'max_depth': 6, 'min_child_weight': 3, 'reg_lambda': 1.0}
2026-04-28 19:11:19,726 INFO     [pooled]   fold 1: score=0.5242  params={'max_depth': 6, 'min_child_weight': 3, 'reg_lambda': 5.0}
2026-04-28 19:11:19,726 INFO     [pooled]   fold 1: score=0.5236  params={'max_depth': 6, 'min_child_weight': 3, 'reg_lambda': 10.0}
2026-04-28 19:11:19,726 INFO     [pooled]   fold 1: score=0.5213  params={'max_depth': 6, 'min_child_weight': 5, 'reg_lambda': 1.0}
2026-04-28 19:11:19,726 INFO     [pooled]   fold 1: score=0.5012  params={'max_depth': 6, 'min_child_weight': 5, 'reg_lambda': 5.0}
2026-04-28 19:11:19,726 INFO     [pooled]   fold 1: score=0.5257  params={'max_depth': 6, 'min_child_weight': 5, 'reg_lambda': 10.0}
2026-04-28 19:11:19,726 INFO     [pooled]   fold 1: score=0.5314  params={'max_depth': 6, 'min_child_weight': 10, 'reg_lambda': 1.0}
2026-04-28 19:11:19,726 INFO     [pooled]   fold 1: score=0.5192  params={'max_depth': 6, 'min_child_weight': 10, 'reg_lambda': 5.0}
2026-04-28 19:11:19,726 INFO     [pooled]   fold 1: score=0.5393  params={'max_depth': 6, 'min_child_weight': 10, 'reg_lambda': 10.0}
2026-04-28 19:11:19,726 INFO     [pooled]   fold 2: score=0.5146  params={'max_depth': 4, 'min_child_weight': 3, 'reg_lambda': 1.0}
2026-04-28 19:11:19,726 INFO     [pooled]   fold 2: score=0.4967  params={'max_depth': 4, 'min_child_weight': 3, 'reg_lambda': 5.0}
2026-04-28 19:11:19,726 INFO     [pooled]   fold 2: score=0.4836  params={'max_depth': 4, 'min_child_weight': 3, 'reg_lambda': 10.0}
2026-04-28 19:11:19,726 INFO     [pooled]   fold 2: score=0.4939  params={'max_depth': 4, 'min_child_weight': 5, 'reg_lambda': 1.0}
2026-04-28 19:11:19,726 INFO     [pooled]   fold 2: score=0.5095  params={'max_depth': 4, 'min_child_weight': 5, 'reg_lambda': 5.0}
2026-04-28 19:11:19,726 INFO     [pooled]   fold 2: score=0.4978  params={'max_depth': 4, 'min_child_weight': 5, 'reg_lambda': 10.0}
2026-04-28 19:11:19,726 INFO     [pooled]   fold 2: score=0.5166  params={'max_depth': 4, 'min_child_weight': 10, 'reg_lambda': 1.0}
2026-04-28 19:11:19,726 INFO     [pooled]   fold 2: score=0.4929  params={'max_depth': 4, 'min_child_weight': 10, 'reg_lambda': 5.0}
2026-04-28 19:11:19,726 INFO     [pooled]   fold 2: score=0.4875  params={'max_depth': 4, 'min_child_weight': 10, 'reg_lambda': 10.0}
2026-04-28 19:11:19,726 INFO     [pooled]   fold 2: score=0.5107  params={'max_depth': 5, 'min_child_weight': 3, 'reg_lambda': 1.0}
2026-04-28 19:11:19,726 INFO     [pooled]   fold 2: score=0.4931  params={'max_depth': 5, 'min_child_weight': 3, 'reg_lambda': 5.0}
2026-04-28 19:11:19,726 INFO     [pooled]   fold 2: score=0.4945  params={'max_depth': 5, 'min_child_weight': 3, 'reg_lambda': 10.0}
2026-04-28 19:11:19,726 INFO     [pooled]   fold 2: score=0.4942  params={'max_depth': 5, 'min_child_weight': 5, 'reg_lambda': 1.0}
2026-04-28 19:11:19,726 INFO     [pooled]   fold 2: score=0.4915  params={'max_depth': 5, 'min_child_weight': 5, 'reg_lambda': 5.0}
2026-04-28 19:11:19,726 INFO     [pooled]   fold 2: score=0.4691  params={'max_depth': 5, 'min_child_weight': 5, 'reg_lambda': 10.0}
2026-04-28 19:11:19,726 INFO     [pooled]   fold 2: score=0.4785  params={'max_depth': 5, 'min_child_weight': 10, 'reg_lambda': 1.0}
2026-04-28 19:11:19,726 INFO     [pooled]   fold 2: score=0.4771  params={'max_depth': 5, 'min_child_weight': 10, 'reg_lambda': 5.0}
2026-04-28 19:11:19,726 INFO     [pooled]   fold 2: score=0.5001  params={'max_depth': 5, 'min_child_weight': 10, 'reg_lambda': 10.0}
2026-04-28 19:11:19,726 INFO     [pooled]   fold 2: score=0.5040  params={'max_depth': 6, 'min_child_weight': 3, 'reg_lambda': 1.0}
2026-04-28 19:11:19,726 INFO     [pooled]   fold 2: score=0.4767  params={'max_depth': 6, 'min_child_weight': 3, 'reg_lambda': 5.0}
2026-04-28 19:11:19,726 INFO     [pooled]   fold 2: score=0.4738  params={'max_depth': 6, 'min_child_weight': 3, 'reg_lambda': 10.0}
2026-04-28 19:11:19,726 INFO     [pooled]   fold 2: score=0.5173  params={'max_depth': 6, 'min_child_weight': 5, 'reg_lambda': 1.0}
2026-04-28 19:11:19,726 INFO     [pooled]   fold 2: score=0.4991  params={'max_depth': 6, 'min_child_weight': 5, 'reg_lambda': 5.0}
2026-04-28 19:11:19,726 INFO     [pooled]   fold 2: score=0.4778  params={'max_depth': 6, 'min_child_weight': 5, 'reg_lambda': 10.0}
2026-04-28 19:11:19,726 INFO     [pooled]   fold 2: score=0.4916  params={'max_depth': 6, 'min_child_weight': 10, 'reg_lambda': 1.0}
2026-04-28 19:11:19,726 INFO     [pooled]   fold 2: score=0.4857  params={'max_depth': 6, 'min_child_weight': 10, 'reg_lambda': 5.0}
2026-04-28 19:11:19,726 INFO     [pooled]   fold 2: score=0.4799  params={'max_depth': 6, 'min_child_weight': 10, 'reg_lambda': 10.0}
2026-04-28 19:11:19,726 INFO     [pooled]   fold 3: score=0.5069  params={'max_depth': 4, 'min_child_weight': 3, 'reg_lambda': 1.0}
2026-04-28 19:11:19,726 INFO     [pooled]   fold 3: score=0.5166  params={'max_depth': 4, 'min_child_weight': 3, 'reg_lambda': 5.0}
2026-04-28 19:11:19,726 INFO     [pooled]   fold 3: score=0.5043  params={'max_depth': 4, 'min_child_weight': 3, 'reg_lambda': 10.0}
2026-04-28 19:11:19,726 INFO     [pooled]   fold 3: score=0.5197  params={'max_depth': 4, 'min_child_weight': 5, 'reg_lambda': 1.0}
2026-04-28 19:11:19,726 INFO     [pooled]   fold 3: score=0.5006  params={'max_depth': 4, 'min_child_weight': 5, 'reg_lambda': 5.0}
2026-04-28 19:11:19,726 INFO     [pooled]   fold 3: score=0.5126  params={'max_depth': 4, 'min_child_weight': 5, 'reg_lambda': 10.0}
2026-04-28 19:11:19,726 INFO     [pooled]   fold 3: score=0.5102  params={'max_depth': 4, 'min_child_weight': 10, 'reg_lambda': 1.0}
2026-04-28 19:11:19,726 INFO     [pooled]   fold 3: score=0.4999  params={'max_depth': 4, 'min_child_weight': 10, 'reg_lambda': 5.0}
2026-04-28 19:11:19,726 INFO     [pooled]   fold 3: score=0.5254  params={'max_depth': 4, 'min_child_weight': 10, 'reg_lambda': 10.0}
2026-04-28 19:11:19,726 INFO     [pooled]   fold 3: score=0.5202  params={'max_depth': 5, 'min_child_weight': 3, 'reg_lambda': 1.0}
2026-04-28 19:11:19,726 INFO     [pooled]   fold 3: score=0.5111  params={'max_depth': 5, 'min_child_weight': 3, 'reg_lambda': 5.0}
2026-04-28 19:11:19,726 INFO     [pooled]   fold 3: score=0.4913  params={'max_depth': 5, 'min_child_weight': 3, 'reg_lambda': 10.0}
2026-04-28 19:11:19,726 INFO     [pooled]   fold 3: score=0.5015  params={'max_depth': 5, 'min_child_weight': 5, 'reg_lambda': 1.0}
2026-04-28 19:11:19,726 INFO     [pooled]   fold 3: score=0.5083  params={'max_depth': 5, 'min_child_weight': 5, 'reg_lambda': 5.0}
2026-04-28 19:11:19,726 INFO     [pooled]   fold 3: score=0.4949  params={'max_depth': 5, 'min_child_weight': 5, 'reg_lambda': 10.0}
2026-04-28 19:11:19,726 INFO     [pooled]   fold 3: score=0.5302  params={'max_depth': 5, 'min_child_weight': 10, 'reg_lambda': 1.0}
2026-04-28 19:11:19,726 INFO     [pooled]   fold 3: score=0.4915  params={'max_depth': 5, 'min_child_weight': 10, 'reg_lambda': 5.0}
2026-04-28 19:11:19,726 INFO     [pooled]   fold 3: score=0.4975  params={'max_depth': 5, 'min_child_weight': 10, 'reg_lambda': 10.0}
2026-04-28 19:11:19,726 INFO     [pooled]   fold 3: score=0.5817  params={'max_depth': 6, 'min_child_weight': 3, 'reg_lambda': 1.0}
2026-04-28 19:11:19,726 INFO     [pooled]   fold 3: score=0.5107  params={'max_depth': 6, 'min_child_weight': 3, 'reg_lambda': 5.0}
2026-04-28 19:11:19,726 INFO     [pooled]   fold 3: score=0.5094  params={'max_depth': 6, 'min_child_weight': 3, 'reg_lambda': 10.0}
2026-04-28 19:11:19,726 INFO     [pooled]   fold 3: score=0.5457  params={'max_depth': 6, 'min_child_weight': 5, 'reg_lambda': 1.0}
2026-04-28 19:11:19,726 INFO     [pooled]   fold 3: score=0.4986  params={'max_depth': 6, 'min_child_weight': 5, 'reg_lambda': 5.0}
2026-04-28 19:11:19,726 INFO     [pooled]   fold 3: score=0.5137  params={'max_depth': 6, 'min_child_weight': 5, 'reg_lambda': 10.0}
2026-04-28 19:11:19,726 INFO     [pooled]   fold 3: score=0.5381  params={'max_depth': 6, 'min_child_weight': 10, 'reg_lambda': 1.0}
2026-04-28 19:11:19,726 INFO     [pooled]   fold 3: score=0.5126  params={'max_depth': 6, 'min_child_weight': 10, 'reg_lambda': 5.0}
2026-04-28 19:11:19,727 INFO     [pooled]   fold 3: score=0.5247  params={'max_depth': 6, 'min_child_weight': 10, 'reg_lambda': 10.0}
2026-04-28 19:11:19,727 INFO     [pooled] Saved tuned params to /Users/amos/Code/Stock Market AI Bot/models/pooled_best_xgb_params.json
2026-04-28 19:11:20,857 INFO     [pooled] Found 0 sentiment + 310 macro/regime + 0 xs_rank features in candidate set
2026-04-28 19:11:20,857 INFO     [pooled] Feature pruning: 970 → 70 cols  (40 base kept of 940, 900 dropped, 30 dummies always kept, 0 sentiment kept, 10 macro/regime kept, 0 xs_rank kept)
2026-04-28 19:11:20,890 INFO     build_models: applying tuned param overrides: {'max_depth': 6, 'min_child_weight': 3, 'reg_lambda': 1.0}
2026-04-28 19:11:20,890 INFO     build_models: class balance via sample_weight  (n_pos=2131, n_neg=2262, w_pos=1.061)
2026-04-28 19:11:21,220 INFO     [pooled] h5 class balance: n_pos=2420  n_neg=1973  w_pos=0.815
2026-04-28 19:11:21,257 INFO     [pooled] h5 model trained on 4393 rows
2026-04-28 19:11:21,264 INFO     [pooled] Confidence threshold: 52.5 (fallback=True)
2026-04-28 19:11:21,264 INFO     [pooled] Conformal qhat(alpha=0.20): 0.5152
2026-04-28 19:11:21,268 INFO     [pooled] Test accuracy: 49.85%  baseline: 45.56%  threshold: 52.5%
2026-04-28 19:11:21,271 INFO     [pooled] Test AUC: 0.5005  AP: 0.4540  (acc edge over baseline: +4.28pp)
2026-04-28 19:11:21,271 WARNING  [pooled] Confidence diagnostics failed: confidence_not_correlated_with_correctness; bucket_precision_not_monotonic
2026-04-28 19:11:21,354 INFO     [pooled] Saved results plot /Users/amos/Code/Stock Market AI Bot/models/pooled_xgb_only_results.png
2026-04-28 19:11:21,422 INFO     [pooled] Saved per-ticker plot /Users/amos/Code/Stock Market AI Bot/models/pooled_ticker_accuracy.png
2026-04-28 19:11:21,426 INFO     [pooled] Saved h5 model to pooled_xgb_dir_h5.json
2026-04-28 19:11:21,430 INFO     [pooled] Saved artefacts for AAPL
2026-04-28 19:11:21,432 INFO     [pooled] Saved artefacts for MSFT
2026-04-28 19:11:21,435 INFO     [pooled] Saved artefacts for NVDA
2026-04-28 19:11:21,438 INFO     [pooled] Saved artefacts for AMD
2026-04-28 19:11:21,441 INFO     [pooled] Saved artefacts for GOOGL
2026-04-28 19:11:21,444 INFO     [pooled] Saved artefacts for META
2026-04-28 19:11:21,446 INFO     [pooled] Saved artefacts for AMZN
2026-04-28 19:11:21,449 INFO     [pooled] Saved artefacts for TSLA
2026-04-28 19:11:21,451 INFO     [pooled] Saved artefacts for JPM
2026-04-28 19:11:21,454 INFO     [pooled] Saved artefacts for GS
2026-04-28 19:11:21,456 INFO     [pooled] Saved artefacts for BAC
2026-04-28 19:11:21,459 INFO     [pooled] Saved artefacts for UNH
2026-04-28 19:11:21,462 INFO     [pooled] Saved artefacts for JNJ
2026-04-28 19:11:21,465 INFO     [pooled] Saved artefacts for ABBV
2026-04-28 19:11:21,467 INFO     [pooled] Saved artefacts for XOM
2026-04-28 19:11:21,470 INFO     [pooled] Saved artefacts for CVX
2026-04-28 19:11:21,473 INFO     [pooled] Saved artefacts for CAT
2026-04-28 19:11:21,476 INFO     [pooled] Saved artefacts for DE
2026-04-28 19:11:21,478 INFO     [pooled] Saved artefacts for MU
2026-04-28 19:11:21,481 INFO     [pooled] Saved artefacts for INTC
2026-04-28 19:11:21,484 INFO     [pooled] Saved artefacts for BTC-USD
2026-04-28 19:11:21,486 INFO     [pooled] Saved artefacts for LLY
2026-04-28 19:11:21,489 INFO     [pooled] Saved artefacts for V
2026-04-28 19:11:21,491 INFO     [pooled] Saved artefacts for MA
2026-04-28 19:11:21,494 INFO     [pooled] Saved artefacts for HD
2026-04-28 19:11:21,497 INFO     [pooled] Saved artefacts for COST
2026-04-28 19:11:21,499 INFO     [pooled] Saved artefacts for PG
2026-04-28 19:11:21,502 INFO     [pooled] Saved artefacts for BRK-B
2026-04-28 19:11:21,502 INFO     [pooled] Skipping artefact save for training-only ticker FRC
2026-04-28 19:11:21,502 INFO     [pooled] Skipping artefact save for training-only ticker BBBY
2026-04-28 19:11:21,502 INFO     [pooled] Done. 30 tickers, 49.85% acc vs 45.56% baseline
2026-04-28 19:18:06,557 INFO     Leakage audit output:
[leakage_audit] wrote /Users/amos/Code/Stock Market AI Bot/logs/leakage_audit.json
[leakage_audit] all tickers passed.
2026-04-28 19:18:06,557 INFO     POOLED_TRAINING=True — training cross-sectional model on all tickers (tune_hyperparams=True)
2026-04-28 19:18:06,557 INFO     [pooled] Starting cross-sectional training on 30 tickers (28 prediction, 2 training-only/survivorship)
2026-04-28 19:18:06,952 INFO     [pooled] Common feature set: 89 features across 30 tickers
2026-04-28 19:18:09,268 INFO     [pooled] Train rows: 4393  Calib rows: 16935  Test rows: 16761
2026-04-28 19:18:09,318 INFO     [pooled] Running nested walk-forward CV hyperparameter search (4393 train rows, 4 outer × 3 inner folds)...
2026-04-28 19:28:24,920 INFO     [pooled] Nested CV best params (avg of 3 folds, mean AUC=0.5410): {'max_depth': 6, 'min_child_weight': 3, 'reg_lambda': 1.0}
2026-04-28 19:28:24,925 INFO     [pooled]   fold 1: score=0.5245  params={'max_depth': 4, 'min_child_weight': 3, 'reg_lambda': 1.0}
2026-04-28 19:28:24,925 INFO     [pooled]   fold 1: score=0.5224  params={'max_depth': 4, 'min_child_weight': 3, 'reg_lambda': 5.0}
2026-04-28 19:28:24,925 INFO     [pooled]   fold 1: score=0.5228  params={'max_depth': 4, 'min_child_weight': 3, 'reg_lambda': 10.0}
2026-04-28 19:28:24,925 INFO     [pooled]   fold 1: score=0.5007  params={'max_depth': 4, 'min_child_weight': 5, 'reg_lambda': 1.0}
2026-04-28 19:28:24,925 INFO     [pooled]   fold 1: score=0.5009  params={'max_depth': 4, 'min_child_weight': 5, 'reg_lambda': 5.0}
2026-04-28 19:28:24,925 INFO     [pooled]   fold 1: score=0.5242  params={'max_depth': 4, 'min_child_weight': 5, 'reg_lambda': 10.0}
2026-04-28 19:28:24,925 INFO     [pooled]   fold 1: score=0.5265  params={'max_depth': 4, 'min_child_weight': 10, 'reg_lambda': 1.0}
2026-04-28 19:28:24,925 INFO     [pooled]   fold 1: score=0.5029  params={'max_depth': 4, 'min_child_weight': 10, 'reg_lambda': 5.0}
2026-04-28 19:28:24,925 INFO     [pooled]   fold 1: score=0.5190  params={'max_depth': 4, 'min_child_weight': 10, 'reg_lambda': 10.0}
2026-04-28 19:28:24,925 INFO     [pooled]   fold 1: score=0.5311  params={'max_depth': 5, 'min_child_weight': 3, 'reg_lambda': 1.0}
2026-04-28 19:28:24,925 INFO     [pooled]   fold 1: score=0.5299  params={'max_depth': 5, 'min_child_weight': 3, 'reg_lambda': 5.0}
2026-04-28 19:28:24,925 INFO     [pooled]   fold 1: score=0.5110  params={'max_depth': 5, 'min_child_weight': 3, 'reg_lambda': 10.0}
2026-04-28 19:28:24,925 INFO     [pooled]   fold 1: score=0.5018  params={'max_depth': 5, 'min_child_weight': 5, 'reg_lambda': 1.0}
2026-04-28 19:28:24,925 INFO     [pooled]   fold 1: score=0.5255  params={'max_depth': 5, 'min_child_weight': 5, 'reg_lambda': 5.0}
2026-04-28 19:28:24,925 INFO     [pooled]   fold 1: score=0.5170  params={'max_depth': 5, 'min_child_weight': 5, 'reg_lambda': 10.0}
2026-04-28 19:28:24,925 INFO     [pooled]   fold 1: score=0.5124  params={'max_depth': 5, 'min_child_weight': 10, 'reg_lambda': 1.0}
2026-04-28 19:28:24,925 INFO     [pooled]   fold 1: score=0.5344  params={'max_depth': 5, 'min_child_weight': 10, 'reg_lambda': 5.0}
2026-04-28 19:28:24,925 INFO     [pooled]   fold 1: score=0.5227  params={'max_depth': 5, 'min_child_weight': 10, 'reg_lambda': 10.0}
2026-04-28 19:28:24,925 INFO     [pooled]   fold 1: score=0.5374  params={'max_depth': 6, 'min_child_weight': 3, 'reg_lambda': 1.0}
2026-04-28 19:28:24,925 INFO     [pooled]   fold 1: score=0.5242  params={'max_depth': 6, 'min_child_weight': 3, 'reg_lambda': 5.0}
2026-04-28 19:28:24,925 INFO     [pooled]   fold 1: score=0.5236  params={'max_depth': 6, 'min_child_weight': 3, 'reg_lambda': 10.0}
2026-04-28 19:28:24,925 INFO     [pooled]   fold 1: score=0.5213  params={'max_depth': 6, 'min_child_weight': 5, 'reg_lambda': 1.0}
2026-04-28 19:28:24,925 INFO     [pooled]   fold 1: score=0.5012  params={'max_depth': 6, 'min_child_weight': 5, 'reg_lambda': 5.0}
2026-04-28 19:28:24,926 INFO     [pooled]   fold 1: score=0.5257  params={'max_depth': 6, 'min_child_weight': 5, 'reg_lambda': 10.0}
2026-04-28 19:28:24,926 INFO     [pooled]   fold 1: score=0.5314  params={'max_depth': 6, 'min_child_weight': 10, 'reg_lambda': 1.0}
2026-04-28 19:28:24,926 INFO     [pooled]   fold 1: score=0.5192  params={'max_depth': 6, 'min_child_weight': 10, 'reg_lambda': 5.0}
2026-04-28 19:28:24,926 INFO     [pooled]   fold 1: score=0.5393  params={'max_depth': 6, 'min_child_weight': 10, 'reg_lambda': 10.0}
2026-04-28 19:28:24,926 INFO     [pooled]   fold 2: score=0.5146  params={'max_depth': 4, 'min_child_weight': 3, 'reg_lambda': 1.0}
2026-04-28 19:28:24,926 INFO     [pooled]   fold 2: score=0.4967  params={'max_depth': 4, 'min_child_weight': 3, 'reg_lambda': 5.0}
2026-04-28 19:28:24,926 INFO     [pooled]   fold 2: score=0.4836  params={'max_depth': 4, 'min_child_weight': 3, 'reg_lambda': 10.0}
2026-04-28 19:28:24,926 INFO     [pooled]   fold 2: score=0.4939  params={'max_depth': 4, 'min_child_weight': 5, 'reg_lambda': 1.0}
2026-04-28 19:28:24,926 INFO     [pooled]   fold 2: score=0.5095  params={'max_depth': 4, 'min_child_weight': 5, 'reg_lambda': 5.0}
2026-04-28 19:28:24,926 INFO     [pooled]   fold 2: score=0.4978  params={'max_depth': 4, 'min_child_weight': 5, 'reg_lambda': 10.0}
2026-04-28 19:28:24,926 INFO     [pooled]   fold 2: score=0.5166  params={'max_depth': 4, 'min_child_weight': 10, 'reg_lambda': 1.0}
2026-04-28 19:28:24,926 INFO     [pooled]   fold 2: score=0.4929  params={'max_depth': 4, 'min_child_weight': 10, 'reg_lambda': 5.0}
2026-04-28 19:28:24,926 INFO     [pooled]   fold 2: score=0.4875  params={'max_depth': 4, 'min_child_weight': 10, 'reg_lambda': 10.0}
2026-04-28 19:28:24,926 INFO     [pooled]   fold 2: score=0.5107  params={'max_depth': 5, 'min_child_weight': 3, 'reg_lambda': 1.0}
2026-04-28 19:28:24,926 INFO     [pooled]   fold 2: score=0.4931  params={'max_depth': 5, 'min_child_weight': 3, 'reg_lambda': 5.0}
2026-04-28 19:28:24,926 INFO     [pooled]   fold 2: score=0.4945  params={'max_depth': 5, 'min_child_weight': 3, 'reg_lambda': 10.0}
2026-04-28 19:28:24,926 INFO     [pooled]   fold 2: score=0.4942  params={'max_depth': 5, 'min_child_weight': 5, 'reg_lambda': 1.0}
2026-04-28 19:28:24,926 INFO     [pooled]   fold 2: score=0.4915  params={'max_depth': 5, 'min_child_weight': 5, 'reg_lambda': 5.0}
2026-04-28 19:28:24,926 INFO     [pooled]   fold 2: score=0.4691  params={'max_depth': 5, 'min_child_weight': 5, 'reg_lambda': 10.0}
2026-04-28 19:28:24,926 INFO     [pooled]   fold 2: score=0.4785  params={'max_depth': 5, 'min_child_weight': 10, 'reg_lambda': 1.0}
2026-04-28 19:28:24,926 INFO     [pooled]   fold 2: score=0.4771  params={'max_depth': 5, 'min_child_weight': 10, 'reg_lambda': 5.0}
2026-04-28 19:28:24,926 INFO     [pooled]   fold 2: score=0.5001  params={'max_depth': 5, 'min_child_weight': 10, 'reg_lambda': 10.0}
2026-04-28 19:28:24,926 INFO     [pooled]   fold 2: score=0.5040  params={'max_depth': 6, 'min_child_weight': 3, 'reg_lambda': 1.0}
2026-04-28 19:28:24,926 INFO     [pooled]   fold 2: score=0.4767  params={'max_depth': 6, 'min_child_weight': 3, 'reg_lambda': 5.0}
2026-04-28 19:28:24,926 INFO     [pooled]   fold 2: score=0.4738  params={'max_depth': 6, 'min_child_weight': 3, 'reg_lambda': 10.0}
2026-04-28 19:28:24,926 INFO     [pooled]   fold 2: score=0.5173  params={'max_depth': 6, 'min_child_weight': 5, 'reg_lambda': 1.0}
2026-04-28 19:28:24,926 INFO     [pooled]   fold 2: score=0.4991  params={'max_depth': 6, 'min_child_weight': 5, 'reg_lambda': 5.0}
2026-04-28 19:28:24,926 INFO     [pooled]   fold 2: score=0.4778  params={'max_depth': 6, 'min_child_weight': 5, 'reg_lambda': 10.0}
2026-04-28 19:28:24,926 INFO     [pooled]   fold 2: score=0.4916  params={'max_depth': 6, 'min_child_weight': 10, 'reg_lambda': 1.0}
2026-04-28 19:28:24,926 INFO     [pooled]   fold 2: score=0.4857  params={'max_depth': 6, 'min_child_weight': 10, 'reg_lambda': 5.0}
2026-04-28 19:28:24,926 INFO     [pooled]   fold 2: score=0.4799  params={'max_depth': 6, 'min_child_weight': 10, 'reg_lambda': 10.0}
2026-04-28 19:28:24,926 INFO     [pooled]   fold 3: score=0.5069  params={'max_depth': 4, 'min_child_weight': 3, 'reg_lambda': 1.0}
2026-04-28 19:28:24,926 INFO     [pooled]   fold 3: score=0.5166  params={'max_depth': 4, 'min_child_weight': 3, 'reg_lambda': 5.0}
2026-04-28 19:28:24,926 INFO     [pooled]   fold 3: score=0.5043  params={'max_depth': 4, 'min_child_weight': 3, 'reg_lambda': 10.0}
2026-04-28 19:28:24,926 INFO     [pooled]   fold 3: score=0.5197  params={'max_depth': 4, 'min_child_weight': 5, 'reg_lambda': 1.0}
2026-04-28 19:28:24,926 INFO     [pooled]   fold 3: score=0.5006  params={'max_depth': 4, 'min_child_weight': 5, 'reg_lambda': 5.0}
2026-04-28 19:28:24,926 INFO     [pooled]   fold 3: score=0.5126  params={'max_depth': 4, 'min_child_weight': 5, 'reg_lambda': 10.0}
2026-04-28 19:28:24,926 INFO     [pooled]   fold 3: score=0.5102  params={'max_depth': 4, 'min_child_weight': 10, 'reg_lambda': 1.0}
2026-04-28 19:28:24,926 INFO     [pooled]   fold 3: score=0.4999  params={'max_depth': 4, 'min_child_weight': 10, 'reg_lambda': 5.0}
2026-04-28 19:28:24,926 INFO     [pooled]   fold 3: score=0.5254  params={'max_depth': 4, 'min_child_weight': 10, 'reg_lambda': 10.0}
2026-04-28 19:28:24,926 INFO     [pooled]   fold 3: score=0.5202  params={'max_depth': 5, 'min_child_weight': 3, 'reg_lambda': 1.0}
2026-04-28 19:28:24,926 INFO     [pooled]   fold 3: score=0.5111  params={'max_depth': 5, 'min_child_weight': 3, 'reg_lambda': 5.0}
2026-04-28 19:28:24,926 INFO     [pooled]   fold 3: score=0.4913  params={'max_depth': 5, 'min_child_weight': 3, 'reg_lambda': 10.0}
2026-04-28 19:28:24,926 INFO     [pooled]   fold 3: score=0.5015  params={'max_depth': 5, 'min_child_weight': 5, 'reg_lambda': 1.0}
2026-04-28 19:28:24,926 INFO     [pooled]   fold 3: score=0.5083  params={'max_depth': 5, 'min_child_weight': 5, 'reg_lambda': 5.0}
2026-04-28 19:28:24,926 INFO     [pooled]   fold 3: score=0.4949  params={'max_depth': 5, 'min_child_weight': 5, 'reg_lambda': 10.0}
2026-04-28 19:28:24,926 INFO     [pooled]   fold 3: score=0.5302  params={'max_depth': 5, 'min_child_weight': 10, 'reg_lambda': 1.0}
2026-04-28 19:28:24,926 INFO     [pooled]   fold 3: score=0.4915  params={'max_depth': 5, 'min_child_weight': 10, 'reg_lambda': 5.0}
2026-04-28 19:28:24,926 INFO     [pooled]   fold 3: score=0.4975  params={'max_depth': 5, 'min_child_weight': 10, 'reg_lambda': 10.0}
2026-04-28 19:28:24,926 INFO     [pooled]   fold 3: score=0.5817  params={'max_depth': 6, 'min_child_weight': 3, 'reg_lambda': 1.0}
2026-04-28 19:28:24,926 INFO     [pooled]   fold 3: score=0.5107  params={'max_depth': 6, 'min_child_weight': 3, 'reg_lambda': 5.0}
2026-04-28 19:28:24,926 INFO     [pooled]   fold 3: score=0.5094  params={'max_depth': 6, 'min_child_weight': 3, 'reg_lambda': 10.0}
2026-04-28 19:28:24,926 INFO     [pooled]   fold 3: score=0.5457  params={'max_depth': 6, 'min_child_weight': 5, 'reg_lambda': 1.0}
2026-04-28 19:28:24,926 INFO     [pooled]   fold 3: score=0.4986  params={'max_depth': 6, 'min_child_weight': 5, 'reg_lambda': 5.0}
2026-04-28 19:28:24,926 INFO     [pooled]   fold 3: score=0.5137  params={'max_depth': 6, 'min_child_weight': 5, 'reg_lambda': 10.0}
2026-04-28 19:28:24,926 INFO     [pooled]   fold 3: score=0.5381  params={'max_depth': 6, 'min_child_weight': 10, 'reg_lambda': 1.0}
2026-04-28 19:28:24,926 INFO     [pooled]   fold 3: score=0.5126  params={'max_depth': 6, 'min_child_weight': 10, 'reg_lambda': 5.0}
2026-04-28 19:28:24,926 INFO     [pooled]   fold 3: score=0.5247  params={'max_depth': 6, 'min_child_weight': 10, 'reg_lambda': 10.0}
2026-04-28 19:28:24,927 INFO     [pooled] Saved tuned params to /Users/amos/Code/Stock Market AI Bot/models/pooled_best_xgb_params.json
2026-04-28 19:28:26,194 INFO     [pooled] Found 0 sentiment + 310 macro/regime + 0 xs_rank features in candidate set
2026-04-28 19:28:26,194 INFO     [pooled] Feature pruning: 970 → 70 cols  (40 base kept of 940, 900 dropped, 30 dummies always kept, 0 sentiment kept, 10 macro/regime kept, 0 xs_rank kept)
2026-04-28 19:28:26,233 INFO     build_models: applying tuned param overrides: {'max_depth': 6, 'min_child_weight': 3, 'reg_lambda': 1.0}
2026-04-28 19:28:26,233 INFO     build_models: class balance via sample_weight  (n_pos=2131, n_neg=2262, w_pos=1.061)
2026-04-28 19:28:26,608 INFO     [pooled] h5 class balance: n_pos=2420  n_neg=1973  w_pos=0.815
2026-04-28 19:28:26,646 INFO     [pooled] h5 model trained on 4393 rows
2026-04-28 19:28:26,653 INFO     [pooled] Confidence threshold: 52.5 (fallback=True)
2026-04-28 19:28:26,653 INFO     [pooled] Conformal qhat(alpha=0.20): 0.5152
2026-04-28 19:28:26,658 INFO     [pooled] Test accuracy: 49.85%  baseline: 45.56%  threshold: 52.5%
2026-04-28 19:28:26,661 INFO     [pooled] Test AUC: 0.5005  AP: 0.4540  (acc edge over baseline: +4.28pp)
2026-04-28 19:28:26,661 WARNING  [pooled] Confidence diagnostics failed: confidence_not_correlated_with_correctness; bucket_precision_not_monotonic
2026-04-28 19:28:26,747 INFO     [pooled] Saved results plot /Users/amos/Code/Stock Market AI Bot/models/pooled_xgb_only_results.png
2026-04-28 19:28:26,816 INFO     [pooled] Saved per-ticker plot /Users/amos/Code/Stock Market AI Bot/models/pooled_ticker_accuracy.png
2026-04-28 19:28:26,819 INFO     [pooled] Saved h5 model to pooled_xgb_dir_h5.json
2026-04-28 19:28:26,822 INFO     [pooled] Saved artefacts for AAPL
2026-04-28 19:28:26,825 INFO     [pooled] Saved artefacts for MSFT
2026-04-28 19:28:26,827 INFO     [pooled] Saved artefacts for NVDA
2026-04-28 19:28:26,830 INFO     [pooled] Saved artefacts for AMD
2026-04-28 19:28:26,832 INFO     [pooled] Saved artefacts for GOOGL
2026-04-28 19:28:26,835 INFO     [pooled] Saved artefacts for META
2026-04-28 19:28:26,838 INFO     [pooled] Saved artefacts for AMZN
2026-04-28 19:28:26,840 INFO     [pooled] Saved artefacts for TSLA
2026-04-28 19:28:26,843 INFO     [pooled] Saved artefacts for JPM
2026-04-28 19:28:26,846 INFO     [pooled] Saved artefacts for GS
2026-04-28 19:28:26,848 INFO     [pooled] Saved artefacts for BAC
2026-04-28 19:28:26,851 INFO     [pooled] Saved artefacts for UNH
2026-04-28 19:28:26,854 INFO     [pooled] Saved artefacts for JNJ
2026-04-28 19:28:26,856 INFO     [pooled] Saved artefacts for ABBV
2026-04-28 19:28:26,859 INFO     [pooled] Saved artefacts for XOM
2026-04-28 19:28:26,861 INFO     [pooled] Saved artefacts for CVX
2026-04-28 19:28:26,864 INFO     [pooled] Saved artefacts for CAT
2026-04-28 19:28:26,866 INFO     [pooled] Saved artefacts for DE
2026-04-28 19:28:26,869 INFO     [pooled] Saved artefacts for MU
2026-04-28 19:28:26,871 INFO     [pooled] Saved artefacts for INTC
2026-04-28 19:28:26,874 INFO     [pooled] Saved artefacts for BTC-USD
2026-04-28 19:28:26,877 INFO     [pooled] Saved artefacts for LLY
2026-04-28 19:28:26,879 INFO     [pooled] Saved artefacts for V
2026-04-28 19:28:26,882 INFO     [pooled] Saved artefacts for MA
2026-04-28 19:28:26,884 INFO     [pooled] Saved artefacts for HD
2026-04-28 19:28:26,887 INFO     [pooled] Saved artefacts for COST
2026-04-28 19:28:26,889 INFO     [pooled] Saved artefacts for PG
2026-04-28 19:28:26,892 INFO     [pooled] Saved artefacts for BRK-B
2026-04-28 19:28:26,892 INFO     [pooled] Skipping artefact save for training-only ticker FRC
2026-04-28 19:28:26,892 INFO     [pooled] Skipping artefact save for training-only ticker BBBY
2026-04-28 19:28:26,892 INFO     [pooled] Done. 30 tickers, 49.85% acc vs 45.56% baseline
2026-04-28 19:37:25,278 INFO     Leakage audit output:
[leakage_audit] wrote /Users/amos/Code/Stock Market AI Bot/logs/leakage_audit.json
[leakage_audit] all tickers passed.
2026-04-28 19:37:25,278 INFO     POOLED_TRAINING=True — training cross-sectional model on all tickers (tune_hyperparams=True)
2026-04-28 19:37:25,278 INFO     [pooled] Starting cross-sectional training on 30 tickers (28 prediction, 2 training-only/survivorship)
2026-04-28 19:37:25,660 INFO     [pooled] Common feature set: 107 features across 30 tickers
2026-04-28 19:37:28,541 INFO     [pooled] Train rows: 4393  Calib rows: 16935  Test rows: 16761
2026-04-28 19:37:28,599 INFO     [pooled] Running nested walk-forward CV hyperparameter search (4393 train rows, 4 outer × 3 inner folds)...
2026-04-28 19:49:02,672 INFO     [pooled] Nested CV best params (avg of 3 folds, mean AUC=0.5227): {'max_depth': 6, 'min_child_weight': 10, 'reg_lambda': 5.0}
2026-04-28 19:49:02,677 INFO     [pooled]   fold 1: score=0.5098  params={'max_depth': 4, 'min_child_weight': 3, 'reg_lambda': 1.0}
2026-04-28 19:49:02,677 INFO     [pooled]   fold 1: score=0.5100  params={'max_depth': 4, 'min_child_weight': 3, 'reg_lambda': 5.0}
2026-04-28 19:49:02,677 INFO     [pooled]   fold 1: score=0.5119  params={'max_depth': 4, 'min_child_weight': 3, 'reg_lambda': 10.0}
2026-04-28 19:49:02,677 INFO     [pooled]   fold 1: score=0.5031  params={'max_depth': 4, 'min_child_weight': 5, 'reg_lambda': 1.0}
2026-04-28 19:49:02,677 INFO     [pooled]   fold 1: score=0.4966  params={'max_depth': 4, 'min_child_weight': 5, 'reg_lambda': 5.0}
2026-04-28 19:49:02,677 INFO     [pooled]   fold 1: score=0.4976  params={'max_depth': 4, 'min_child_weight': 5, 'reg_lambda': 10.0}
2026-04-28 19:49:02,677 INFO     [pooled]   fold 1: score=0.5174  params={'max_depth': 4, 'min_child_weight': 10, 'reg_lambda': 1.0}
2026-04-28 19:49:02,677 INFO     [pooled]   fold 1: score=0.5165  params={'max_depth': 4, 'min_child_weight': 10, 'reg_lambda': 5.0}
2026-04-28 19:49:02,677 INFO     [pooled]   fold 1: score=0.5072  params={'max_depth': 4, 'min_child_weight': 10, 'reg_lambda': 10.0}
2026-04-28 19:49:02,677 INFO     [pooled]   fold 1: score=0.5022  params={'max_depth': 5, 'min_child_weight': 3, 'reg_lambda': 1.0}
2026-04-28 19:49:02,677 INFO     [pooled]   fold 1: score=0.5011  params={'max_depth': 5, 'min_child_weight': 3, 'reg_lambda': 5.0}
2026-04-28 19:49:02,677 INFO     [pooled]   fold 1: score=0.5074  params={'max_depth': 5, 'min_child_weight': 3, 'reg_lambda': 10.0}
2026-04-28 19:49:02,677 INFO     [pooled]   fold 1: score=0.4897  params={'max_depth': 5, 'min_child_weight': 5, 'reg_lambda': 1.0}
2026-04-28 19:49:02,677 INFO     [pooled]   fold 1: score=0.5094  params={'max_depth': 5, 'min_child_weight': 5, 'reg_lambda': 5.0}
2026-04-28 19:49:02,677 INFO     [pooled]   fold 1: score=0.5041  params={'max_depth': 5, 'min_child_weight': 5, 'reg_lambda': 10.0}
2026-04-28 19:49:02,677 INFO     [pooled]   fold 1: score=0.4976  params={'max_depth': 5, 'min_child_weight': 10, 'reg_lambda': 1.0}
2026-04-28 19:49:02,677 INFO     [pooled]   fold 1: score=0.5055  params={'max_depth': 5, 'min_child_weight': 10, 'reg_lambda': 5.0}
2026-04-28 19:49:02,677 INFO     [pooled]   fold 1: score=0.5263  params={'max_depth': 5, 'min_child_weight': 10, 'reg_lambda': 10.0}
2026-04-28 19:49:02,677 INFO     [pooled]   fold 1: score=0.5042  params={'max_depth': 6, 'min_child_weight': 3, 'reg_lambda': 1.0}
2026-04-28 19:49:02,677 INFO     [pooled]   fold 1: score=0.5004  params={'max_depth': 6, 'min_child_weight': 3, 'reg_lambda': 5.0}
2026-04-28 19:49:02,677 INFO     [pooled]   fold 1: score=0.5240  params={'max_depth': 6, 'min_child_weight': 3, 'reg_lambda': 10.0}
2026-04-28 19:49:02,677 INFO     [pooled]   fold 1: score=0.5004  params={'max_depth': 6, 'min_child_weight': 5, 'reg_lambda': 1.0}
2026-04-28 19:49:02,677 INFO     [pooled]   fold 1: score=0.4983  params={'max_depth': 6, 'min_child_weight': 5, 'reg_lambda': 5.0}
2026-04-28 19:49:02,677 INFO     [pooled]   fold 1: score=0.5182  params={'max_depth': 6, 'min_child_weight': 5, 'reg_lambda': 10.0}
2026-04-28 19:49:02,677 INFO     [pooled]   fold 1: score=0.5099  params={'max_depth': 6, 'min_child_weight': 10, 'reg_lambda': 1.0}
2026-04-28 19:49:02,677 INFO     [pooled]   fold 1: score=0.5043  params={'max_depth': 6, 'min_child_weight': 10, 'reg_lambda': 5.0}
2026-04-28 19:49:02,677 INFO     [pooled]   fold 1: score=0.5000  params={'max_depth': 6, 'min_child_weight': 10, 'reg_lambda': 10.0}
2026-04-28 19:49:02,677 INFO     [pooled]   fold 2: score=0.4819  params={'max_depth': 4, 'min_child_weight': 3, 'reg_lambda': 1.0}
2026-04-28 19:49:02,677 INFO     [pooled]   fold 2: score=0.5050  params={'max_depth': 4, 'min_child_weight': 3, 'reg_lambda': 5.0}
2026-04-28 19:49:02,677 INFO     [pooled]   fold 2: score=0.5080  params={'max_depth': 4, 'min_child_weight': 3, 'reg_lambda': 10.0}
2026-04-28 19:49:02,678 INFO     [pooled]   fold 2: score=0.4840  params={'max_depth': 4, 'min_child_weight': 5, 'reg_lambda': 1.0}
2026-04-28 19:49:02,678 INFO     [pooled]   fold 2: score=0.4974  params={'max_depth': 4, 'min_child_weight': 5, 'reg_lambda': 5.0}
2026-04-28 19:49:02,678 INFO     [pooled]   fold 2: score=0.4991  params={'max_depth': 4, 'min_child_weight': 5, 'reg_lambda': 10.0}
2026-04-28 19:49:02,678 INFO     [pooled]   fold 2: score=0.4886  params={'max_depth': 4, 'min_child_weight': 10, 'reg_lambda': 1.0}
2026-04-28 19:49:02,678 INFO     [pooled]   fold 2: score=0.5041  params={'max_depth': 4, 'min_child_weight': 10, 'reg_lambda': 5.0}
2026-04-28 19:49:02,678 INFO     [pooled]   fold 2: score=0.5070  params={'max_depth': 4, 'min_child_weight': 10, 'reg_lambda': 10.0}
2026-04-28 19:49:02,678 INFO     [pooled]   fold 2: score=0.4925  params={'max_depth': 5, 'min_child_weight': 3, 'reg_lambda': 1.0}
2026-04-28 19:49:02,678 INFO     [pooled]   fold 2: score=0.5110  params={'max_depth': 5, 'min_child_weight': 3, 'reg_lambda': 5.0}
2026-04-28 19:49:02,678 INFO     [pooled]   fold 2: score=0.5042  params={'max_depth': 5, 'min_child_weight': 3, 'reg_lambda': 10.0}
2026-04-28 19:49:02,678 INFO     [pooled]   fold 2: score=0.4597  params={'max_depth': 5, 'min_child_weight': 5, 'reg_lambda': 1.0}
2026-04-28 19:49:02,678 INFO     [pooled]   fold 2: score=0.5076  params={'max_depth': 5, 'min_child_weight': 5, 'reg_lambda': 5.0}
2026-04-28 19:49:02,678 INFO     [pooled]   fold 2: score=0.5068  params={'max_depth': 5, 'min_child_weight': 5, 'reg_lambda': 10.0}
2026-04-28 19:49:02,678 INFO     [pooled]   fold 2: score=0.4846  params={'max_depth': 5, 'min_child_weight': 10, 'reg_lambda': 1.0}
2026-04-28 19:49:02,678 INFO     [pooled]   fold 2: score=0.4941  params={'max_depth': 5, 'min_child_weight': 10, 'reg_lambda': 5.0}
2026-04-28 19:49:02,678 INFO     [pooled]   fold 2: score=0.4955  params={'max_depth': 5, 'min_child_weight': 10, 'reg_lambda': 10.0}
2026-04-28 19:49:02,678 INFO     [pooled]   fold 2: score=0.4974  params={'max_depth': 6, 'min_child_weight': 3, 'reg_lambda': 1.0}
2026-04-28 19:49:02,678 INFO     [pooled]   fold 2: score=0.4812  params={'max_depth': 6, 'min_child_weight': 3, 'reg_lambda': 5.0}
2026-04-28 19:49:02,678 INFO     [pooled]   fold 2: score=0.5082  params={'max_depth': 6, 'min_child_weight': 3, 'reg_lambda': 10.0}
2026-04-28 19:49:02,678 INFO     [pooled]   fold 2: score=0.4934  params={'max_depth': 6, 'min_child_weight': 5, 'reg_lambda': 1.0}
2026-04-28 19:49:02,678 INFO     [pooled]   fold 2: score=0.4936  params={'max_depth': 6, 'min_child_weight': 5, 'reg_lambda': 5.0}
2026-04-28 19:49:02,678 INFO     [pooled]   fold 2: score=0.4902  params={'max_depth': 6, 'min_child_weight': 5, 'reg_lambda': 10.0}
2026-04-28 19:49:02,678 INFO     [pooled]   fold 2: score=0.5040  params={'max_depth': 6, 'min_child_weight': 10, 'reg_lambda': 1.0}
2026-04-28 19:49:02,678 INFO     [pooled]   fold 2: score=0.5217  params={'max_depth': 6, 'min_child_weight': 10, 'reg_lambda': 5.0}
2026-04-28 19:49:02,678 INFO     [pooled]   fold 2: score=0.4776  params={'max_depth': 6, 'min_child_weight': 10, 'reg_lambda': 10.0}
2026-04-28 19:49:02,678 INFO     [pooled]   fold 3: score=0.5122  params={'max_depth': 4, 'min_child_weight': 3, 'reg_lambda': 1.0}
2026-04-28 19:49:02,678 INFO     [pooled]   fold 3: score=0.5191  params={'max_depth': 4, 'min_child_weight': 3, 'reg_lambda': 5.0}
2026-04-28 19:49:02,678 INFO     [pooled]   fold 3: score=0.5272  params={'max_depth': 4, 'min_child_weight': 3, 'reg_lambda': 10.0}
2026-04-28 19:49:02,678 INFO     [pooled]   fold 3: score=0.5396  params={'max_depth': 4, 'min_child_weight': 5, 'reg_lambda': 1.0}
2026-04-28 19:49:02,678 INFO     [pooled]   fold 3: score=0.5044  params={'max_depth': 4, 'min_child_weight': 5, 'reg_lambda': 5.0}
2026-04-28 19:49:02,678 INFO     [pooled]   fold 3: score=0.5175  params={'max_depth': 4, 'min_child_weight': 5, 'reg_lambda': 10.0}
2026-04-28 19:49:02,678 INFO     [pooled]   fold 3: score=0.5383  params={'max_depth': 4, 'min_child_weight': 10, 'reg_lambda': 1.0}
2026-04-28 19:49:02,678 INFO     [pooled]   fold 3: score=0.5153  params={'max_depth': 4, 'min_child_weight': 10, 'reg_lambda': 5.0}
2026-04-28 19:49:02,678 INFO     [pooled]   fold 3: score=0.5238  params={'max_depth': 4, 'min_child_weight': 10, 'reg_lambda': 10.0}
2026-04-28 19:49:02,678 INFO     [pooled]   fold 3: score=0.5315  params={'max_depth': 5, 'min_child_weight': 3, 'reg_lambda': 1.0}
2026-04-28 19:49:02,678 INFO     [pooled]   fold 3: score=0.5079  params={'max_depth': 5, 'min_child_weight': 3, 'reg_lambda': 5.0}
2026-04-28 19:49:02,678 INFO     [pooled]   fold 3: score=0.5184  params={'max_depth': 5, 'min_child_weight': 3, 'reg_lambda': 10.0}
2026-04-28 19:49:02,678 INFO     [pooled]   fold 3: score=0.5163  params={'max_depth': 5, 'min_child_weight': 5, 'reg_lambda': 1.0}
2026-04-28 19:49:02,678 INFO     [pooled]   fold 3: score=0.5395  params={'max_depth': 5, 'min_child_weight': 5, 'reg_lambda': 5.0}
2026-04-28 19:49:02,678 INFO     [pooled]   fold 3: score=0.5370  params={'max_depth': 5, 'min_child_weight': 5, 'reg_lambda': 10.0}
2026-04-28 19:49:02,678 INFO     [pooled]   fold 3: score=0.5458  params={'max_depth': 5, 'min_child_weight': 10, 'reg_lambda': 1.0}
2026-04-28 19:49:02,678 INFO     [pooled]   fold 3: score=0.5045  params={'max_depth': 5, 'min_child_weight': 10, 'reg_lambda': 5.0}
2026-04-28 19:49:02,678 INFO     [pooled]   fold 3: score=0.5236  params={'max_depth': 5, 'min_child_weight': 10, 'reg_lambda': 10.0}
2026-04-28 19:49:02,678 INFO     [pooled]   fold 3: score=0.5011  params={'max_depth': 6, 'min_child_weight': 3, 'reg_lambda': 1.0}
2026-04-28 19:49:02,678 INFO     [pooled]   fold 3: score=0.5346  params={'max_depth': 6, 'min_child_weight': 3, 'reg_lambda': 5.0}
2026-04-28 19:49:02,678 INFO     [pooled]   fold 3: score=0.5115  params={'max_depth': 6, 'min_child_weight': 3, 'reg_lambda': 10.0}
2026-04-28 19:49:02,678 INFO     [pooled]   fold 3: score=0.5438  params={'max_depth': 6, 'min_child_weight': 5, 'reg_lambda': 1.0}
2026-04-28 19:49:02,678 INFO     [pooled]   fold 3: score=0.5205  params={'max_depth': 6, 'min_child_weight': 5, 'reg_lambda': 5.0}
2026-04-28 19:49:02,678 INFO     [pooled]   fold 3: score=0.5279  params={'max_depth': 6, 'min_child_weight': 5, 'reg_lambda': 10.0}
2026-04-28 19:49:02,678 INFO     [pooled]   fold 3: score=0.5227  params={'max_depth': 6, 'min_child_weight': 10, 'reg_lambda': 1.0}
2026-04-28 19:49:02,678 INFO     [pooled]   fold 3: score=0.5422  params={'max_depth': 6, 'min_child_weight': 10, 'reg_lambda': 5.0}
2026-04-28 19:49:02,678 INFO     [pooled]   fold 3: score=0.5109  params={'max_depth': 6, 'min_child_weight': 10, 'reg_lambda': 10.0}
2026-04-28 19:49:02,679 INFO     [pooled] Saved tuned params to /Users/amos/Code/Stock Market AI Bot/models/pooled_best_xgb_params.json
2026-04-28 19:49:03,932 INFO     [pooled] Found 0 sentiment + 310 macro/regime + 180 xs_rank features in candidate set
2026-04-28 19:49:03,935 INFO     [pooled] Feature pruning: 1150 → 74 cols  (44 base kept of 1120, 1076 dropped, 30 dummies always kept, 0 sentiment kept, 10 macro/regime kept, 12 xs_rank kept)
2026-04-28 19:49:03,976 INFO     build_models: applying tuned param overrides: {'max_depth': 6, 'min_child_weight': 10, 'reg_lambda': 5.0}
2026-04-28 19:49:03,976 INFO     build_models: class balance via sample_weight  (n_pos=2131, n_neg=2262, w_pos=1.061)
2026-04-28 19:49:04,284 INFO     [pooled] h5 class balance: n_pos=2420  n_neg=1973  w_pos=0.815
2026-04-28 19:49:04,321 INFO     [pooled] h5 model trained on 4393 rows
2026-04-28 19:49:04,350 INFO     [pooled] Confidence threshold: 52.5 (fallback=True)
2026-04-28 19:49:04,350 INFO     [pooled] Conformal qhat(alpha=0.20): 0.5166
2026-04-28 19:49:04,356 INFO     [pooled] Test accuracy: 48.67%  baseline: 45.56%  threshold: 52.5%
2026-04-28 19:49:04,359 INFO     [pooled] Test AUC: 0.5058  AP: 0.4594  (acc edge over baseline: +3.11pp)
2026-04-28 19:49:04,359 WARNING  [pooled] Confidence diagnostics failed: confidence_not_correlated_with_correctness; bucket_precision_not_monotonic
2026-04-28 19:49:04,475 INFO     [pooled] Saved results plot /Users/amos/Code/Stock Market AI Bot/models/pooled_xgb_only_results.png
2026-04-28 19:49:04,544 INFO     [pooled] Saved per-ticker plot /Users/amos/Code/Stock Market AI Bot/models/pooled_ticker_accuracy.png
2026-04-28 19:49:04,548 INFO     [pooled] Saved h5 model to pooled_xgb_dir_h5.json
2026-04-28 19:49:04,551 INFO     [pooled] Saved artefacts for AAPL
2026-04-28 19:49:04,553 INFO     [pooled] Saved artefacts for MSFT
2026-04-28 19:49:04,556 INFO     [pooled] Saved artefacts for NVDA
2026-04-28 19:49:04,558 INFO     [pooled] Saved artefacts for AMD
2026-04-28 19:49:04,560 INFO     [pooled] Saved artefacts for GOOGL
2026-04-28 19:49:04,563 INFO     [pooled] Saved artefacts for META
2026-04-28 19:49:04,565 INFO     [pooled] Saved artefacts for AMZN
2026-04-28 19:49:04,567 INFO     [pooled] Saved artefacts for TSLA
2026-04-28 19:49:04,570 INFO     [pooled] Saved artefacts for JPM
2026-04-28 19:49:04,572 INFO     [pooled] Saved artefacts for GS
2026-04-28 19:49:04,574 INFO     [pooled] Saved artefacts for BAC
2026-04-28 19:49:04,576 INFO     [pooled] Saved artefacts for UNH
2026-04-28 19:49:04,579 INFO     [pooled] Saved artefacts for JNJ
2026-04-28 19:49:04,581 INFO     [pooled] Saved artefacts for ABBV
2026-04-28 19:49:04,583 INFO     [pooled] Saved artefacts for XOM
2026-04-28 19:49:04,585 INFO     [pooled] Saved artefacts for CVX
2026-04-28 19:49:04,588 INFO     [pooled] Saved artefacts for CAT
2026-04-28 19:49:04,590 INFO     [pooled] Saved artefacts for DE
2026-04-28 19:49:04,592 INFO     [pooled] Saved artefacts for MU
2026-04-28 19:49:04,594 INFO     [pooled] Saved artefacts for INTC
2026-04-28 19:49:04,596 INFO     [pooled] Saved artefacts for BTC-USD
2026-04-28 19:49:04,598 INFO     [pooled] Saved artefacts for LLY
2026-04-28 19:49:04,600 INFO     [pooled] Saved artefacts for V
2026-04-28 19:49:04,603 INFO     [pooled] Saved artefacts for MA
2026-04-28 19:49:04,605 INFO     [pooled] Saved artefacts for HD
2026-04-28 19:49:04,607 INFO     [pooled] Saved artefacts for COST
2026-04-28 19:49:04,609 INFO     [pooled] Saved artefacts for PG
2026-04-28 19:49:04,611 INFO     [pooled] Saved artefacts for BRK-B
2026-04-28 19:49:04,611 INFO     [pooled] Skipping artefact save for training-only ticker FRC
2026-04-28 19:49:04,611 INFO     [pooled] Skipping artefact save for training-only ticker BBBY
2026-04-28 19:49:04,611 INFO     [pooled] Done. 30 tickers, 48.67% acc vs 45.56% baseline
2026-04-28 20:15:29,031 INFO     Leakage audit output:
[leakage_audit] wrote /Users/amos/Code/Stock Market AI Bot/logs/leakage_audit.json
[leakage_audit] all tickers passed.
2026-04-28 20:15:29,031 INFO     POOLED_TRAINING=True — training cross-sectional model on all tickers (tune_hyperparams=True)
2026-04-28 20:15:29,031 INFO     [pooled] Starting cross-sectional training on 149 tickers (147 prediction, 2 training-only/survivorship)
2026-04-28 20:15:30,773 INFO     [pooled] Common feature set: 107 features across 149 tickers
2026-04-28 20:16:28,335 INFO     [pooled] Train rows: 20997  Calib rows: 91188  Test rows: 91335
2026-04-28 20:16:28,754 INFO     [pooled] Running nested walk-forward CV hyperparameter search (20997 train rows, 4 outer × 3 inner folds)...
2026-04-28 20:40:41,428 INFO     [pooled] Nested CV best params (avg of 3 folds, mean AUC=0.5225): {'max_depth': 6, 'min_child_weight': 10, 'reg_lambda': 10.0}
2026-04-28 20:40:41,433 INFO     [pooled]   fold 1: score=0.5089  params={'max_depth': 4, 'min_child_weight': 3, 'reg_lambda': 1.0}
2026-04-28 20:40:41,433 INFO     [pooled]   fold 1: score=0.4998  params={'max_depth': 4, 'min_child_weight': 3, 'reg_lambda': 5.0}
2026-04-28 20:40:41,433 INFO     [pooled]   fold 1: score=0.5144  params={'max_depth': 4, 'min_child_weight': 3, 'reg_lambda': 10.0}
2026-04-28 20:40:41,434 INFO     [pooled]   fold 1: score=0.5047  params={'max_depth': 4, 'min_child_weight': 5, 'reg_lambda': 1.0}
2026-04-28 20:40:41,434 INFO     [pooled]   fold 1: score=0.5055  params={'max_depth': 4, 'min_child_weight': 5, 'reg_lambda': 5.0}
2026-04-28 20:40:41,434 INFO     [pooled]   fold 1: score=0.5198  params={'max_depth': 4, 'min_child_weight': 5, 'reg_lambda': 10.0}
2026-04-28 20:40:41,434 INFO     [pooled]   fold 1: score=0.5119  params={'max_depth': 4, 'min_child_weight': 10, 'reg_lambda': 1.0}
2026-04-28 20:40:41,434 INFO     [pooled]   fold 1: score=0.5156  params={'max_depth': 4, 'min_child_weight': 10, 'reg_lambda': 5.0}
2026-04-28 20:40:41,434 INFO     [pooled]   fold 1: score=0.5056  params={'max_depth': 4, 'min_child_weight': 10, 'reg_lambda': 10.0}
2026-04-28 20:40:41,434 INFO     [pooled]   fold 1: score=0.5127  params={'max_depth': 5, 'min_child_weight': 3, 'reg_lambda': 1.0}
2026-04-28 20:40:41,434 INFO     [pooled]   fold 1: score=0.5226  params={'max_depth': 5, 'min_child_weight': 3, 'reg_lambda': 5.0}
2026-04-28 20:40:41,434 INFO     [pooled]   fold 1: score=0.5076  params={'max_depth': 5, 'min_child_weight': 3, 'reg_lambda': 10.0}
2026-04-28 20:40:41,434 INFO     [pooled]   fold 1: score=0.5049  params={'max_depth': 5, 'min_child_weight': 5, 'reg_lambda': 1.0}
2026-04-28 20:40:41,434 INFO     [pooled]   fold 1: score=0.4987  params={'max_depth': 5, 'min_child_weight': 5, 'reg_lambda': 5.0}
2026-04-28 20:40:41,434 INFO     [pooled]   fold 1: score=0.5011  params={'max_depth': 5, 'min_child_weight': 5, 'reg_lambda': 10.0}
2026-04-28 20:40:41,434 INFO     [pooled]   fold 1: score=0.5284  params={'max_depth': 5, 'min_child_weight': 10, 'reg_lambda': 1.0}
2026-04-28 20:40:41,434 INFO     [pooled]   fold 1: score=0.5166  params={'max_depth': 5, 'min_child_weight': 10, 'reg_lambda': 5.0}
2026-04-28 20:40:41,434 INFO     [pooled]   fold 1: score=0.5053  params={'max_depth': 5, 'min_child_weight': 10, 'reg_lambda': 10.0}
2026-04-28 20:40:41,434 INFO     [pooled]   fold 1: score=0.5150  params={'max_depth': 6, 'min_child_weight': 3, 'reg_lambda': 1.0}
2026-04-28 20:40:41,434 INFO     [pooled]   fold 1: score=0.5085  params={'max_depth': 6, 'min_child_weight': 3, 'reg_lambda': 5.0}
2026-04-28 20:40:41,434 INFO     [pooled]   fold 1: score=0.4974  params={'max_depth': 6, 'min_child_weight': 3, 'reg_lambda': 10.0}
2026-04-28 20:40:41,434 INFO     [pooled]   fold 1: score=0.5235  params={'max_depth': 6, 'min_child_weight': 5, 'reg_lambda': 1.0}
2026-04-28 20:40:41,434 INFO     [pooled]   fold 1: score=0.4762  params={'max_depth': 6, 'min_child_weight': 5, 'reg_lambda': 5.0}
2026-04-28 20:40:41,434 INFO     [pooled]   fold 1: score=0.4866  params={'max_depth': 6, 'min_child_weight': 5, 'reg_lambda': 10.0}
2026-04-28 20:40:41,434 INFO     [pooled]   fold 1: score=0.5252  params={'max_depth': 6, 'min_child_weight': 10, 'reg_lambda': 1.0}
2026-04-28 20:40:41,434 INFO     [pooled]   fold 1: score=0.5141  params={'max_depth': 6, 'min_child_weight': 10, 'reg_lambda': 5.0}
2026-04-28 20:40:41,434 INFO     [pooled]   fold 1: score=0.5228  params={'max_depth': 6, 'min_child_weight': 10, 'reg_lambda': 10.0}
2026-04-28 20:40:41,434 INFO     [pooled]   fold 2: score=0.4602  params={'max_depth': 4, 'min_child_weight': 3, 'reg_lambda': 1.0}
2026-04-28 20:40:41,434 INFO     [pooled]   fold 2: score=0.4627  params={'max_depth': 4, 'min_child_weight': 3, 'reg_lambda': 5.0}
2026-04-28 20:40:41,434 INFO     [pooled]   fold 2: score=0.4644  params={'max_depth': 4, 'min_child_weight': 3, 'reg_lambda': 10.0}
2026-04-28 20:40:41,434 INFO     [pooled]   fold 2: score=0.4964  params={'max_depth': 4, 'min_child_weight': 5, 'reg_lambda': 1.0}
2026-04-28 20:40:41,434 INFO     [pooled]   fold 2: score=0.5134  params={'max_depth': 4, 'min_child_weight': 5, 'reg_lambda': 5.0}
2026-04-28 20:40:41,434 INFO     [pooled]   fold 2: score=0.4495  params={'max_depth': 4, 'min_child_weight': 5, 'reg_lambda': 10.0}
2026-04-28 20:40:41,435 INFO     [pooled]   fold 2: score=0.4861  params={'max_depth': 4, 'min_child_weight': 10, 'reg_lambda': 1.0}
2026-04-28 20:40:41,435 INFO     [pooled]   fold 2: score=0.4699  params={'max_depth': 4, 'min_child_weight': 10, 'reg_lambda': 5.0}
2026-04-28 20:40:41,435 INFO     [pooled]   fold 2: score=0.4765  params={'max_depth': 4, 'min_child_weight': 10, 'reg_lambda': 10.0}
2026-04-28 20:40:41,435 INFO     [pooled]   fold 2: score=0.4376  params={'max_depth': 5, 'min_child_weight': 3, 'reg_lambda': 1.0}
2026-04-28 20:40:41,435 INFO     [pooled]   fold 2: score=0.4884  params={'max_depth': 5, 'min_child_weight': 3, 'reg_lambda': 5.0}
2026-04-28 20:40:41,435 INFO     [pooled]   fold 2: score=0.4903  params={'max_depth': 5, 'min_child_weight': 3, 'reg_lambda': 10.0}
2026-04-28 20:40:41,435 INFO     [pooled]   fold 2: score=0.4756  params={'max_depth': 5, 'min_child_weight': 5, 'reg_lambda': 1.0}
2026-04-28 20:40:41,435 INFO     [pooled]   fold 2: score=0.5084  params={'max_depth': 5, 'min_child_weight': 5, 'reg_lambda': 5.0}
2026-04-28 20:40:41,435 INFO     [pooled]   fold 2: score=0.4819  params={'max_depth': 5, 'min_child_weight': 5, 'reg_lambda': 10.0}
2026-04-28 20:40:41,435 INFO     [pooled]   fold 2: score=0.4777  params={'max_depth': 5, 'min_child_weight': 10, 'reg_lambda': 1.0}
2026-04-28 20:40:41,435 INFO     [pooled]   fold 2: score=0.4960  params={'max_depth': 5, 'min_child_weight': 10, 'reg_lambda': 5.0}
2026-04-28 20:40:41,435 INFO     [pooled]   fold 2: score=0.4706  params={'max_depth': 5, 'min_child_weight': 10, 'reg_lambda': 10.0}
2026-04-28 20:40:41,435 INFO     [pooled]   fold 2: score=0.4540  params={'max_depth': 6, 'min_child_weight': 3, 'reg_lambda': 1.0}
2026-04-28 20:40:41,435 INFO     [pooled]   fold 2: score=0.4607  params={'max_depth': 6, 'min_child_weight': 3, 'reg_lambda': 5.0}
2026-04-28 20:40:41,435 INFO     [pooled]   fold 2: score=0.4774  params={'max_depth': 6, 'min_child_weight': 3, 'reg_lambda': 10.0}
2026-04-28 20:40:41,435 INFO     [pooled]   fold 2: score=0.4831  params={'max_depth': 6, 'min_child_weight': 5, 'reg_lambda': 1.0}
2026-04-28 20:40:41,435 INFO     [pooled]   fold 2: score=0.4714  params={'max_depth': 6, 'min_child_weight': 5, 'reg_lambda': 5.0}
2026-04-28 20:40:41,435 INFO     [pooled]   fold 2: score=0.4639  params={'max_depth': 6, 'min_child_weight': 5, 'reg_lambda': 10.0}
2026-04-28 20:40:41,435 INFO     [pooled]   fold 2: score=0.4866  params={'max_depth': 6, 'min_child_weight': 10, 'reg_lambda': 1.0}
2026-04-28 20:40:41,435 INFO     [pooled]   fold 2: score=0.4673  params={'max_depth': 6, 'min_child_weight': 10, 'reg_lambda': 5.0}
2026-04-28 20:40:41,435 INFO     [pooled]   fold 2: score=0.4857  params={'max_depth': 6, 'min_child_weight': 10, 'reg_lambda': 10.0}
2026-04-28 20:40:41,435 INFO     [pooled]   fold 3: score=0.4850  params={'max_depth': 4, 'min_child_weight': 3, 'reg_lambda': 1.0}
2026-04-28 20:40:41,435 INFO     [pooled]   fold 3: score=0.5220  params={'max_depth': 4, 'min_child_weight': 3, 'reg_lambda': 5.0}
2026-04-28 20:40:41,435 INFO     [pooled]   fold 3: score=0.5523  params={'max_depth': 4, 'min_child_weight': 3, 'reg_lambda': 10.0}
2026-04-28 20:40:41,435 INFO     [pooled]   fold 3: score=0.4971  params={'max_depth': 4, 'min_child_weight': 5, 'reg_lambda': 1.0}
2026-04-28 20:40:41,435 INFO     [pooled]   fold 3: score=0.5050  params={'max_depth': 4, 'min_child_weight': 5, 'reg_lambda': 5.0}
2026-04-28 20:40:41,435 INFO     [pooled]   fold 3: score=0.5278  params={'max_depth': 4, 'min_child_weight': 5, 'reg_lambda': 10.0}
2026-04-28 20:40:41,435 INFO     [pooled]   fold 3: score=0.5239  params={'max_depth': 4, 'min_child_weight': 10, 'reg_lambda': 1.0}
2026-04-28 20:40:41,435 INFO     [pooled]   fold 3: score=0.5303  params={'max_depth': 4, 'min_child_weight': 10, 'reg_lambda': 5.0}
2026-04-28 20:40:41,435 INFO     [pooled]   fold 3: score=0.5285  params={'max_depth': 4, 'min_child_weight': 10, 'reg_lambda': 10.0}
2026-04-28 20:40:41,435 INFO     [pooled]   fold 3: score=0.5157  params={'max_depth': 5, 'min_child_weight': 3, 'reg_lambda': 1.0}
2026-04-28 20:40:41,435 INFO     [pooled]   fold 3: score=0.5078  params={'max_depth': 5, 'min_child_weight': 3, 'reg_lambda': 5.0}
2026-04-28 20:40:41,435 INFO     [pooled]   fold 3: score=0.5271  params={'max_depth': 5, 'min_child_weight': 3, 'reg_lambda': 10.0}
2026-04-28 20:40:41,435 INFO     [pooled]   fold 3: score=0.5002  params={'max_depth': 5, 'min_child_weight': 5, 'reg_lambda': 1.0}
2026-04-28 20:40:41,435 INFO     [pooled]   fold 3: score=0.5392  params={'max_depth': 5, 'min_child_weight': 5, 'reg_lambda': 5.0}
2026-04-28 20:40:41,435 INFO     [pooled]   fold 3: score=0.5153  params={'max_depth': 5, 'min_child_weight': 5, 'reg_lambda': 10.0}
2026-04-28 20:40:41,435 INFO     [pooled]   fold 3: score=0.4936  params={'max_depth': 5, 'min_child_weight': 10, 'reg_lambda': 1.0}
2026-04-28 20:40:41,435 INFO     [pooled]   fold 3: score=0.5320  params={'max_depth': 5, 'min_child_weight': 10, 'reg_lambda': 5.0}
2026-04-28 20:40:41,435 INFO     [pooled]   fold 3: score=0.5112  params={'max_depth': 5, 'min_child_weight': 10, 'reg_lambda': 10.0}
2026-04-28 20:40:41,435 INFO     [pooled]   fold 3: score=0.5052  params={'max_depth': 6, 'min_child_weight': 3, 'reg_lambda': 1.0}
2026-04-28 20:40:41,435 INFO     [pooled]   fold 3: score=0.5491  params={'max_depth': 6, 'min_child_weight': 3, 'reg_lambda': 5.0}
2026-04-28 20:40:41,435 INFO     [pooled]   fold 3: score=0.5139  params={'max_depth': 6, 'min_child_weight': 3, 'reg_lambda': 10.0}
2026-04-28 20:40:41,435 INFO     [pooled]   fold 3: score=0.5126  params={'max_depth': 6, 'min_child_weight': 5, 'reg_lambda': 1.0}
2026-04-28 20:40:41,435 INFO     [pooled]   fold 3: score=0.5635  params={'max_depth': 6, 'min_child_weight': 5, 'reg_lambda': 5.0}
2026-04-28 20:40:41,435 INFO     [pooled]   fold 3: score=0.5474  params={'max_depth': 6, 'min_child_weight': 5, 'reg_lambda': 10.0}
2026-04-28 20:40:41,435 INFO     [pooled]   fold 3: score=0.4758  params={'max_depth': 6, 'min_child_weight': 10, 'reg_lambda': 1.0}
2026-04-28 20:40:41,435 INFO     [pooled]   fold 3: score=0.5617  params={'max_depth': 6, 'min_child_weight': 10, 'reg_lambda': 5.0}
2026-04-28 20:40:41,435 INFO     [pooled]   fold 3: score=0.5591  params={'max_depth': 6, 'min_child_weight': 10, 'reg_lambda': 10.0}
2026-04-28 20:40:41,436 INFO     [pooled] Saved tuned params to /Users/amos/Code/Stock Market AI Bot/models/pooled_best_xgb_params.json
2026-04-28 20:40:44,398 INFO     [pooled] Found 0 sentiment + 310 macro/regime + 180 xs_rank features in candidate set
2026-04-28 20:40:44,400 INFO     [pooled] Feature pruning: 1269 → 192 cols  (43 base kept of 1120, 1077 dropped, 149 dummies always kept, 0 sentiment kept, 10 macro/regime kept, 12 xs_rank kept)
2026-04-28 20:40:44,674 INFO     build_models: applying tuned param overrides: {'max_depth': 6, 'min_child_weight': 10, 'reg_lambda': 10.0}
2026-04-28 20:40:44,674 INFO     build_models: class balance via sample_weight  (n_pos=9870, n_neg=11127, w_pos=1.127)
2026-04-28 20:40:45,522 INFO     [pooled] h5 class balance: n_pos=11753  n_neg=9244  w_pos=0.787
2026-04-28 20:40:45,721 INFO     [pooled] h5 model trained on 20997 rows
2026-04-28 20:40:45,767 INFO     [pooled] Confidence threshold: 52.5 (fallback=True)
2026-04-28 20:40:45,767 INFO     [pooled] Conformal qhat(alpha=0.20): 0.5459
2026-04-28 20:40:46,726 INFO     [pooled] Test accuracy: 44.33%  baseline: 44.33%  threshold: 52.5%
2026-04-28 20:40:46,737 INFO     [pooled] Test AUC: 0.4954  AP: 0.4405  (acc edge over baseline: +0.00pp)
2026-04-28 20:40:46,737 WARNING  [pooled] Confidence diagnostics failed: confidence_not_correlated_with_correctness; bucket_precision_not_monotonic
2026-04-28 20:40:46,862 INFO     [pooled] Saved results plot /Users/amos/Code/Stock Market AI Bot/models/pooled_xgb_only_results.png
2026-04-28 20:40:47,228 INFO     [pooled] Saved per-ticker plot /Users/amos/Code/Stock Market AI Bot/models/pooled_ticker_accuracy.png
2026-04-28 20:40:47,231 INFO     [pooled] Saved h5 model to pooled_xgb_dir_h5.json
2026-04-28 20:40:47,236 INFO     [pooled] Saved artefacts for AAPL
2026-04-28 20:40:47,239 INFO     [pooled] Saved artefacts for MSFT
2026-04-28 20:40:47,242 INFO     [pooled] Saved artefacts for NVDA
2026-04-28 20:40:47,245 INFO     [pooled] Saved artefacts for AMD
2026-04-28 20:40:47,248 INFO     [pooled] Saved artefacts for GOOGL
2026-04-28 20:40:47,251 INFO     [pooled] Saved artefacts for META
2026-04-28 20:40:47,254 INFO     [pooled] Saved artefacts for INTC
2026-04-28 20:40:47,256 INFO     [pooled] Saved artefacts for MU
2026-04-28 20:40:47,259 INFO     [pooled] Saved artefacts for CRM
2026-04-28 20:40:47,261 INFO     [pooled] Saved artefacts for ORCL
2026-04-28 20:40:47,264 INFO     [pooled] Saved artefacts for ADBE
2026-04-28 20:40:47,267 INFO     [pooled] Saved artefacts for AVGO
2026-04-28 20:40:47,270 INFO     [pooled] Saved artefacts for TXN
2026-04-28 20:40:47,273 INFO     [pooled] Saved artefacts for QCOM
2026-04-28 20:40:47,275 INFO     [pooled] Saved artefacts for AMAT
2026-04-28 20:40:47,278 INFO     [pooled] Saved artefacts for CSCO
2026-04-28 20:40:47,281 INFO     [pooled] Saved artefacts for IBM
2026-04-28 20:40:47,283 INFO     [pooled] Saved artefacts for NOW
2026-04-28 20:40:47,286 INFO     [pooled] Saved artefacts for AMZN
2026-04-28 20:40:47,289 INFO     [pooled] Saved artefacts for TSLA
2026-04-28 20:40:47,292 INFO     [pooled] Saved artefacts for HD
2026-04-28 20:40:47,296 INFO     [pooled] Saved artefacts for MCD
2026-04-28 20:40:47,299 INFO     [pooled] Saved artefacts for NKE
2026-04-28 20:40:47,302 INFO     [pooled] Saved artefacts for SBUX
2026-04-28 20:40:47,305 INFO     [pooled] Saved artefacts for BKNG
2026-04-28 20:40:47,308 INFO     [pooled] Saved artefacts for TJX
2026-04-28 20:40:47,311 INFO     [pooled] Saved artefacts for LOW
2026-04-28 20:40:47,314 INFO     [pooled] Saved artefacts for MAR
2026-04-28 20:40:47,316 INFO     [pooled] Saved artefacts for GM
2026-04-28 20:40:47,319 INFO     [pooled] Saved artefacts for F
2026-04-28 20:40:47,322 INFO     [pooled] Saved artefacts for ROST
2026-04-28 20:40:47,324 INFO     [pooled] Saved artefacts for EBAY
2026-04-28 20:40:47,327 INFO     [pooled] Saved artefacts for JPM
2026-04-28 20:40:47,329 INFO     [pooled] Saved artefacts for GS
2026-04-28 20:40:47,332 INFO     [pooled] Saved artefacts for BAC
2026-04-28 20:40:47,335 INFO     [pooled] Saved artefacts for V
2026-04-28 20:40:47,337 INFO     [pooled] Saved artefacts for MA
2026-04-28 20:40:47,340 INFO     [pooled] Saved artefacts for BRK-B
2026-04-28 20:40:47,342 INFO     [pooled] Saved artefacts for WFC
2026-04-28 20:40:47,345 INFO     [pooled] Saved artefacts for MS
2026-04-28 20:40:47,347 INFO     [pooled] Saved artefacts for C
2026-04-28 20:40:47,350 INFO     [pooled] Saved artefacts for AXP
2026-04-28 20:40:47,352 INFO     [pooled] Saved artefacts for BLK
2026-04-28 20:40:47,355 INFO     [pooled] Saved artefacts for SCHW
2026-04-28 20:40:47,357 INFO     [pooled] Saved artefacts for USB
2026-04-28 20:40:47,360 INFO     [pooled] Saved artefacts for SPGI
2026-04-28 20:40:47,363 INFO     [pooled] Saved artefacts for COF
2026-04-28 20:40:47,365 INFO     [pooled] Saved artefacts for PNC
2026-04-28 20:40:47,368 INFO     [pooled] Saved artefacts for TRV
2026-04-28 20:40:47,371 INFO     [pooled] Saved artefacts for AIG
2026-04-28 20:40:47,373 INFO     [pooled] Saved artefacts for UNH
2026-04-28 20:40:47,376 INFO     [pooled] Saved artefacts for JNJ
2026-04-28 20:40:47,378 INFO     [pooled] Saved artefacts for ABBV
2026-04-28 20:40:47,381 INFO     [pooled] Saved artefacts for LLY
2026-04-28 20:40:47,383 INFO     [pooled] Saved artefacts for PFE
2026-04-28 20:40:47,386 INFO     [pooled] Saved artefacts for MRK
2026-04-28 20:40:47,389 INFO     [pooled] Saved artefacts for TMO
2026-04-28 20:40:47,391 INFO     [pooled] Saved artefacts for ABT
2026-04-28 20:40:47,394 INFO     [pooled] Saved artefacts for DHR
2026-04-28 20:40:47,396 INFO     [pooled] Saved artefacts for BMY
2026-04-28 20:40:47,398 INFO     [pooled] Saved artefacts for AMGN
2026-04-28 20:40:47,401 INFO     [pooled] Saved artefacts for GILD
2026-04-28 20:40:47,404 INFO     [pooled] Saved artefacts for CVS
2026-04-28 20:40:47,406 INFO     [pooled] Saved artefacts for MDT
2026-04-28 20:40:47,409 INFO     [pooled] Saved artefacts for ISRG
2026-04-28 20:40:47,412 INFO     [pooled] Saved artefacts for SYK
2026-04-28 20:40:47,414 INFO     [pooled] Saved artefacts for BSX
2026-04-28 20:40:47,417 INFO     [pooled] Saved artefacts for CI
2026-04-28 20:40:47,420 INFO     [pooled] Saved artefacts for XOM
2026-04-28 20:40:47,422 INFO     [pooled] Saved artefacts for CVX
2026-04-28 20:40:47,425 INFO     [pooled] Saved artefacts for COP
2026-04-28 20:40:47,428 INFO     [pooled] Saved artefacts for EOG
2026-04-28 20:40:47,430 INFO     [pooled] Saved artefacts for SLB
2026-04-28 20:40:47,433 INFO     [pooled] Saved artefacts for MPC
2026-04-28 20:40:47,436 INFO     [pooled] Saved artefacts for OXY
2026-04-28 20:40:47,438 INFO     [pooled] Saved artefacts for PSX
2026-04-28 20:40:47,441 INFO     [pooled] Saved artefacts for VLO
2026-04-28 20:40:47,444 INFO     [pooled] Saved artefacts for KMI
2026-04-28 20:40:47,446 INFO     [pooled] Saved artefacts for WMB
2026-04-28 20:40:47,449 INFO     [pooled] Saved artefacts for CAT
2026-04-28 20:40:47,452 INFO     [pooled] Saved artefacts for DE
2026-04-28 20:40:47,455 INFO     [pooled] Saved artefacts for UPS
2026-04-28 20:40:47,458 INFO     [pooled] Saved artefacts for UNP
2026-04-28 20:40:47,461 INFO     [pooled] Saved artefacts for BA
2026-04-28 20:40:47,464 INFO     [pooled] Saved artefacts for HON
2026-04-28 20:40:47,466 INFO     [pooled] Saved artefacts for GE
2026-04-28 20:40:47,469 INFO     [pooled] Saved artefacts for RTX
2026-04-28 20:40:47,472 INFO     [pooled] Saved artefacts for LMT
2026-04-28 20:40:47,474 INFO     [pooled] Saved artefacts for MMM
2026-04-28 20:40:47,477 INFO     [pooled] Saved artefacts for FDX
2026-04-28 20:40:47,480 INFO     [pooled] Saved artefacts for NOC
2026-04-28 20:40:47,483 INFO     [pooled] Saved artefacts for EMR
2026-04-28 20:40:47,485 INFO     [pooled] Saved artefacts for ETN
2026-04-28 20:40:47,488 INFO     [pooled] Saved artefacts for PH
2026-04-28 20:40:47,490 INFO     [pooled] Saved artefacts for CSX
2026-04-28 20:40:47,493 INFO     [pooled] Saved artefacts for COST
2026-04-28 20:40:47,495 INFO     [pooled] Saved artefacts for PG
2026-04-28 20:40:47,498 INFO     [pooled] Saved artefacts for KO
2026-04-28 20:40:47,501 INFO     [pooled] Saved artefacts for WMT
2026-04-28 20:40:47,503 INFO     [pooled] Saved artefacts for PEP
2026-04-28 20:40:47,506 INFO     [pooled] Saved artefacts for MO
2026-04-28 20:40:47,508 INFO     [pooled] Saved artefacts for PM
2026-04-28 20:40:47,511 INFO     [pooled] Saved artefacts for CL
2026-04-28 20:40:47,514 INFO     [pooled] Saved artefacts for KMB
2026-04-28 20:40:47,516 INFO     [pooled] Saved artefacts for GIS
2026-04-28 20:40:47,519 INFO     [pooled] Saved artefacts for SYY
2026-04-28 20:40:47,521 INFO     [pooled] Saved artefacts for HSY
2026-04-28 20:40:47,524 INFO     [pooled] Saved artefacts for NEE
2026-04-28 20:40:47,527 INFO     [pooled] Saved artefacts for DUK
2026-04-28 20:40:47,529 INFO     [pooled] Saved artefacts for SO
2026-04-28 20:40:47,532 INFO     [pooled] Saved artefacts for AEP
2026-04-28 20:40:47,534 INFO     [pooled] Saved artefacts for EXC
2026-04-28 20:40:47,537 INFO     [pooled] Saved artefacts for XEL
2026-04-28 20:40:47,539 INFO     [pooled] Saved artefacts for SRE
2026-04-28 20:40:47,542 INFO     [pooled] Saved artefacts for D
2026-04-28 20:40:47,545 INFO     [pooled] Saved artefacts for PEG
2026-04-28 20:40:47,547 INFO     [pooled] Saved artefacts for ED
2026-04-28 20:40:47,550 INFO     [pooled] Saved artefacts for PLD
2026-04-28 20:40:47,552 INFO     [pooled] Saved artefacts for AMT
2026-04-28 20:40:47,555 INFO     [pooled] Saved artefacts for EQIX
2026-04-28 20:40:47,557 INFO     [pooled] Saved artefacts for CCI
2026-04-28 20:40:47,560 INFO     [pooled] Saved artefacts for PSA
2026-04-28 20:40:47,563 INFO     [pooled] Saved artefacts for O
2026-04-28 20:40:47,565 INFO     [pooled] Saved artefacts for WELL
2026-04-28 20:40:47,568 INFO     [pooled] Saved artefacts for SPG
2026-04-28 20:40:47,570 INFO     [pooled] Saved artefacts for EQR
2026-04-28 20:40:47,573 INFO     [pooled] Saved artefacts for AVB
2026-04-28 20:40:47,576 INFO     [pooled] Saved artefacts for LIN
2026-04-28 20:40:47,579 INFO     [pooled] Saved artefacts for FCX
2026-04-28 20:40:47,581 INFO     [pooled] Saved artefacts for APD
2026-04-28 20:40:47,584 INFO     [pooled] Saved artefacts for SHW
2026-04-28 20:40:47,586 INFO     [pooled] Saved artefacts for ECL
2026-04-28 20:40:47,589 INFO     [pooled] Saved artefacts for NEM
2026-04-28 20:40:47,592 INFO     [pooled] Saved artefacts for NUE
2026-04-28 20:40:47,594 INFO     [pooled] Saved artefacts for DOW
2026-04-28 20:40:47,597 INFO     [pooled] Saved artefacts for DD
2026-04-28 20:40:47,599 INFO     [pooled] Saved artefacts for IFF
2026-04-28 20:40:47,602 INFO     [pooled] Saved artefacts for T
2026-04-28 20:40:47,604 INFO     [pooled] Saved artefacts for VZ
2026-04-28 20:40:47,607 INFO     [pooled] Saved artefacts for NFLX
2026-04-28 20:40:47,610 INFO     [pooled] Saved artefacts for CMCSA
2026-04-28 20:40:47,613 INFO     [pooled] Saved artefacts for DIS
2026-04-28 20:40:47,615 INFO     [pooled] Saved artefacts for TMUS
2026-04-28 20:40:47,618 INFO     [pooled] Saved artefacts for CHTR
2026-04-28 20:40:47,620 INFO     [pooled] Saved artefacts for EA
2026-04-28 20:40:47,623 INFO     [pooled] Saved artefacts for OMC
2026-04-28 20:40:47,626 INFO     [pooled] Saved artefacts for LYV
2026-04-28 20:40:47,626 INFO     [pooled] Skipping artefact save for training-only ticker FRC
2026-04-28 20:40:47,626 INFO     [pooled] Skipping artefact save for training-only ticker BBBY
2026-04-28 20:40:47,626 INFO     [pooled] Done. 149 tickers, 44.33% acc vs 44.33% baseline
2026-04-28 21:34:55,028 INFO     Leakage audit output:
[leakage_audit] wrote /Users/amos/Code/Stock Market AI Bot/logs/leakage_audit.json
[leakage_audit] all tickers passed.
2026-04-28 21:34:55,029 INFO     POOLED_TRAINING=True — training cross-sectional model on all tickers (tune_hyperparams=True)
2026-04-28 21:34:55,029 INFO     [pooled] Starting cross-sectional training on 149 tickers (147 prediction, 2 training-only/survivorship)
2026-04-28 21:34:56,910 INFO     [pooled] Common feature set: 107 features across 149 tickers
2026-04-28 21:36:00,853 INFO     [pooled] Train rows: 84300  Calib rows: 91635  Test rows: 91633
2026-04-28 21:36:02,597 INFO     [pooled] Running nested walk-forward CV hyperparameter search (84300 train rows, 4 outer × 3 inner folds)...
2026-04-29 01:51:37,427 INFO     [pooled] Nested CV best params (avg of 3 folds, mean AUC=0.5075): {'max_depth': 6, 'min_child_weight': 10, 'reg_lambda': 10.0}
2026-04-29 01:51:37,428 INFO     [pooled]   fold 1: score=0.5084  params={'max_depth': 4, 'min_child_weight': 3, 'reg_lambda': 1.0}
2026-04-29 01:51:37,428 INFO     [pooled]   fold 1: score=0.5239  params={'max_depth': 4, 'min_child_weight': 3, 'reg_lambda': 5.0}
2026-04-29 01:51:37,428 INFO     [pooled]   fold 1: score=0.5179  params={'max_depth': 4, 'min_child_weight': 3, 'reg_lambda': 10.0}
2026-04-29 01:51:37,428 INFO     [pooled]   fold 1: score=0.4984  params={'max_depth': 4, 'min_child_weight': 5, 'reg_lambda': 1.0}
2026-04-29 01:51:37,428 INFO     [pooled]   fold 1: score=0.5217  params={'max_depth': 4, 'min_child_weight': 5, 'reg_lambda': 5.0}
2026-04-29 01:51:37,428 INFO     [pooled]   fold 1: score=0.5257  params={'max_depth': 4, 'min_child_weight': 5, 'reg_lambda': 10.0}
2026-04-29 01:51:37,428 INFO     [pooled]   fold 1: score=0.5099  params={'max_depth': 4, 'min_child_weight': 10, 'reg_lambda': 1.0}
2026-04-29 01:51:37,428 INFO     [pooled]   fold 1: score=0.5331  params={'max_depth': 4, 'min_child_weight': 10, 'reg_lambda': 5.0}
2026-04-29 01:51:37,428 INFO     [pooled]   fold 1: score=0.5176  params={'max_depth': 4, 'min_child_weight': 10, 'reg_lambda': 10.0}
2026-04-29 01:51:37,429 INFO     [pooled]   fold 1: score=0.4959  params={'max_depth': 5, 'min_child_weight': 3, 'reg_lambda': 1.0}
2026-04-29 01:51:37,429 INFO     [pooled]   fold 1: score=0.5177  params={'max_depth': 5, 'min_child_weight': 3, 'reg_lambda': 5.0}
2026-04-29 01:51:37,429 INFO     [pooled]   fold 1: score=0.5047  params={'max_depth': 5, 'min_child_weight': 3, 'reg_lambda': 10.0}
2026-04-29 01:51:37,429 INFO     [pooled]   fold 1: score=0.5119  params={'max_depth': 5, 'min_child_weight': 5, 'reg_lambda': 1.0}
2026-04-29 01:51:37,429 INFO     [pooled]   fold 1: score=0.5042  params={'max_depth': 5, 'min_child_weight': 5, 'reg_lambda': 5.0}
2026-04-29 01:51:37,429 INFO     [pooled]   fold 1: score=0.5016  params={'max_depth': 5, 'min_child_weight': 5, 'reg_lambda': 10.0}
2026-04-29 01:51:37,429 INFO     [pooled]   fold 1: score=0.5188  params={'max_depth': 5, 'min_child_weight': 10, 'reg_lambda': 1.0}
2026-04-29 01:51:37,429 INFO     [pooled]   fold 1: score=0.4955  params={'max_depth': 5, 'min_child_weight': 10, 'reg_lambda': 5.0}
2026-04-29 01:51:37,429 INFO     [pooled]   fold 1: score=0.4766  params={'max_depth': 5, 'min_child_weight': 10, 'reg_lambda': 10.0}
2026-04-29 01:51:37,429 INFO     [pooled]   fold 1: score=0.4739  params={'max_depth': 6, 'min_child_weight': 3, 'reg_lambda': 1.0}
2026-04-29 01:51:37,429 INFO     [pooled]   fold 1: score=0.4900  params={'max_depth': 6, 'min_child_weight': 3, 'reg_lambda': 5.0}
2026-04-29 01:51:37,429 INFO     [pooled]   fold 1: score=0.4896  params={'max_depth': 6, 'min_child_weight': 3, 'reg_lambda': 10.0}
2026-04-29 01:51:37,429 INFO     [pooled]   fold 1: score=0.5015  params={'max_depth': 6, 'min_child_weight': 5, 'reg_lambda': 1.0}
2026-04-29 01:51:37,429 INFO     [pooled]   fold 1: score=0.4662  params={'max_depth': 6, 'min_child_weight': 5, 'reg_lambda': 5.0}
2026-04-29 01:51:37,429 INFO     [pooled]   fold 1: score=0.5129  params={'max_depth': 6, 'min_child_weight': 5, 'reg_lambda': 10.0}
2026-04-29 01:51:37,429 INFO     [pooled]   fold 1: score=0.4788  params={'max_depth': 6, 'min_child_weight': 10, 'reg_lambda': 1.0}
2026-04-29 01:51:37,429 INFO     [pooled]   fold 1: score=0.5187  params={'max_depth': 6, 'min_child_weight': 10, 'reg_lambda': 5.0}
2026-04-29 01:51:37,429 INFO     [pooled]   fold 1: score=0.4944  params={'max_depth': 6, 'min_child_weight': 10, 'reg_lambda': 10.0}
2026-04-29 01:51:37,429 INFO     [pooled]   fold 2: score=0.5076  params={'max_depth': 4, 'min_child_weight': 3, 'reg_lambda': 1.0}
2026-04-29 01:51:37,429 INFO     [pooled]   fold 2: score=0.5097  params={'max_depth': 4, 'min_child_weight': 3, 'reg_lambda': 5.0}
2026-04-29 01:51:37,429 INFO     [pooled]   fold 2: score=0.4724  params={'max_depth': 4, 'min_child_weight': 3, 'reg_lambda': 10.0}
2026-04-29 01:51:37,429 INFO     [pooled]   fold 2: score=0.5194  params={'max_depth': 4, 'min_child_weight': 5, 'reg_lambda': 1.0}
2026-04-29 01:51:37,429 INFO     [pooled]   fold 2: score=0.5161  params={'max_depth': 4, 'min_child_weight': 5, 'reg_lambda': 5.0}
2026-04-29 01:51:37,429 INFO     [pooled]   fold 2: score=0.5038  params={'max_depth': 4, 'min_child_weight': 5, 'reg_lambda': 10.0}
2026-04-29 01:51:37,429 INFO     [pooled]   fold 2: score=0.5020  params={'max_depth': 4, 'min_child_weight': 10, 'reg_lambda': 1.0}
2026-04-29 01:51:37,429 INFO     [pooled]   fold 2: score=0.5150  params={'max_depth': 4, 'min_child_weight': 10, 'reg_lambda': 5.0}
2026-04-29 01:51:37,429 INFO     [pooled]   fold 2: score=0.5070  params={'max_depth': 4, 'min_child_weight': 10, 'reg_lambda': 10.0}
2026-04-29 01:51:37,429 INFO     [pooled]   fold 2: score=0.4928  params={'max_depth': 5, 'min_child_weight': 3, 'reg_lambda': 1.0}
2026-04-29 01:51:37,429 INFO     [pooled]   fold 2: score=0.4997  params={'max_depth': 5, 'min_child_weight': 3, 'reg_lambda': 5.0}
2026-04-29 01:51:37,429 INFO     [pooled]   fold 2: score=0.4851  params={'max_depth': 5, 'min_child_weight': 3, 'reg_lambda': 10.0}
2026-04-29 01:51:37,429 INFO     [pooled]   fold 2: score=0.5217  params={'max_depth': 5, 'min_child_weight': 5, 'reg_lambda': 1.0}
2026-04-29 01:51:37,429 INFO     [pooled]   fold 2: score=0.4953  params={'max_depth': 5, 'min_child_weight': 5, 'reg_lambda': 5.0}
2026-04-29 01:51:37,429 INFO     [pooled]   fold 2: score=0.5092  params={'max_depth': 5, 'min_child_weight': 5, 'reg_lambda': 10.0}
2026-04-29 01:51:37,429 INFO     [pooled]   fold 2: score=0.5161  params={'max_depth': 5, 'min_child_weight': 10, 'reg_lambda': 1.0}
2026-04-29 01:51:37,429 INFO     [pooled]   fold 2: score=0.5525  params={'max_depth': 5, 'min_child_weight': 10, 'reg_lambda': 5.0}
2026-04-29 01:51:37,429 INFO     [pooled]   fold 2: score=0.5428  params={'max_depth': 5, 'min_child_weight': 10, 'reg_lambda': 10.0}
2026-04-29 01:51:37,429 INFO     [pooled]   fold 2: score=0.5148  params={'max_depth': 6, 'min_child_weight': 3, 'reg_lambda': 1.0}
2026-04-29 01:51:37,429 INFO     [pooled]   fold 2: score=0.5328  params={'max_depth': 6, 'min_child_weight': 3, 'reg_lambda': 5.0}
2026-04-29 01:51:37,429 INFO     [pooled]   fold 2: score=0.5090  params={'max_depth': 6, 'min_child_weight': 3, 'reg_lambda': 10.0}
2026-04-29 01:51:37,429 INFO     [pooled]   fold 2: score=0.5137  params={'max_depth': 6, 'min_child_weight': 5, 'reg_lambda': 1.0}
2026-04-29 01:51:37,429 INFO     [pooled]   fold 2: score=0.5445  params={'max_depth': 6, 'min_child_weight': 5, 'reg_lambda': 5.0}
2026-04-29 01:51:37,429 INFO     [pooled]   fold 2: score=0.5193  params={'max_depth': 6, 'min_child_weight': 5, 'reg_lambda': 10.0}
2026-04-29 01:51:37,429 INFO     [pooled]   fold 2: score=0.5672  params={'max_depth': 6, 'min_child_weight': 10, 'reg_lambda': 1.0}
2026-04-29 01:51:37,429 INFO     [pooled]   fold 2: score=0.5045  params={'max_depth': 6, 'min_child_weight': 10, 'reg_lambda': 5.0}
2026-04-29 01:51:37,429 INFO     [pooled]   fold 2: score=0.5459  params={'max_depth': 6, 'min_child_weight': 10, 'reg_lambda': 10.0}
2026-04-29 01:51:37,429 INFO     [pooled]   fold 3: score=0.4306  params={'max_depth': 4, 'min_child_weight': 3, 'reg_lambda': 1.0}
2026-04-29 01:51:37,429 INFO     [pooled]   fold 3: score=0.4569  params={'max_depth': 4, 'min_child_weight': 3, 'reg_lambda': 5.0}
2026-04-29 01:51:37,429 INFO     [pooled]   fold 3: score=0.4577  params={'max_depth': 4, 'min_child_weight': 3, 'reg_lambda': 10.0}
2026-04-29 01:51:37,429 INFO     [pooled]   fold 3: score=0.4413  params={'max_depth': 4, 'min_child_weight': 5, 'reg_lambda': 1.0}
2026-04-29 01:51:37,429 INFO     [pooled]   fold 3: score=0.4553  params={'max_depth': 4, 'min_child_weight': 5, 'reg_lambda': 5.0}
2026-04-29 01:51:37,429 INFO     [pooled]   fold 3: score=0.4885  params={'max_depth': 4, 'min_child_weight': 5, 'reg_lambda': 10.0}
2026-04-29 01:51:37,429 INFO     [pooled]   fold 3: score=0.4745  params={'max_depth': 4, 'min_child_weight': 10, 'reg_lambda': 1.0}
2026-04-29 01:51:37,429 INFO     [pooled]   fold 3: score=0.4367  params={'max_depth': 4, 'min_child_weight': 10, 'reg_lambda': 5.0}
2026-04-29 01:51:37,429 INFO     [pooled]   fold 3: score=0.4615  params={'max_depth': 4, 'min_child_weight': 10, 'reg_lambda': 10.0}
2026-04-29 01:51:37,429 INFO     [pooled]   fold 3: score=0.4555  params={'max_depth': 5, 'min_child_weight': 3, 'reg_lambda': 1.0}
2026-04-29 01:51:37,429 INFO     [pooled]   fold 3: score=0.4611  params={'max_depth': 5, 'min_child_weight': 3, 'reg_lambda': 5.0}
2026-04-29 01:51:37,430 INFO     [pooled]   fold 3: score=0.4223  params={'max_depth': 5, 'min_child_weight': 3, 'reg_lambda': 10.0}
2026-04-29 01:51:37,430 INFO     [pooled]   fold 3: score=0.4476  params={'max_depth': 5, 'min_child_weight': 5, 'reg_lambda': 1.0}
2026-04-29 01:51:37,430 INFO     [pooled]   fold 3: score=0.4497  params={'max_depth': 5, 'min_child_weight': 5, 'reg_lambda': 5.0}
2026-04-29 01:51:37,430 INFO     [pooled]   fold 3: score=0.4264  params={'max_depth': 5, 'min_child_weight': 5, 'reg_lambda': 10.0}
2026-04-29 01:51:37,430 INFO     [pooled]   fold 3: score=0.4542  params={'max_depth': 5, 'min_child_weight': 10, 'reg_lambda': 1.0}
2026-04-29 01:51:37,430 INFO     [pooled]   fold 3: score=0.4597  params={'max_depth': 5, 'min_child_weight': 10, 'reg_lambda': 5.0}
2026-04-29 01:51:37,430 INFO     [pooled]   fold 3: score=0.4890  params={'max_depth': 5, 'min_child_weight': 10, 'reg_lambda': 10.0}
2026-04-29 01:51:37,430 INFO     [pooled]   fold 3: score=0.4771  params={'max_depth': 6, 'min_child_weight': 3, 'reg_lambda': 1.0}
2026-04-29 01:51:37,430 INFO     [pooled]   fold 3: score=0.4841  params={'max_depth': 6, 'min_child_weight': 3, 'reg_lambda': 5.0}
2026-04-29 01:51:37,430 INFO     [pooled]   fold 3: score=0.4899  params={'max_depth': 6, 'min_child_weight': 3, 'reg_lambda': 10.0}
2026-04-29 01:51:37,430 INFO     [pooled]   fold 3: score=0.4548  params={'max_depth': 6, 'min_child_weight': 5, 'reg_lambda': 1.0}
2026-04-29 01:51:37,430 INFO     [pooled]   fold 3: score=0.4281  params={'max_depth': 6, 'min_child_weight': 5, 'reg_lambda': 5.0}
2026-04-29 01:51:37,430 INFO     [pooled]   fold 3: score=0.4637  params={'max_depth': 6, 'min_child_weight': 5, 'reg_lambda': 10.0}
2026-04-29 01:51:37,430 INFO     [pooled]   fold 3: score=0.4218  params={'max_depth': 6, 'min_child_weight': 10, 'reg_lambda': 1.0}
2026-04-29 01:51:37,430 INFO     [pooled]   fold 3: score=0.4766  params={'max_depth': 6, 'min_child_weight': 10, 'reg_lambda': 5.0}
2026-04-29 01:51:37,430 INFO     [pooled]   fold 3: score=0.4823  params={'max_depth': 6, 'min_child_weight': 10, 'reg_lambda': 10.0}
2026-04-29 01:51:37,432 INFO     [pooled] Saved tuned params to /Users/amos/Code/Stock Market AI Bot/models/pooled_best_xgb_params.json
2026-04-29 01:55:10,014 INFO     [pooled] Found 0 sentiment + 310 macro/regime + 180 xs_rank features in candidate set
2026-04-29 01:55:10,016 INFO     [pooled] Feature pruning: 1269 → 194 cols  (45 base kept of 1120, 1075 dropped, 149 dummies always kept, 0 sentiment kept, 10 macro/regime kept, 12 xs_rank kept)
2026-04-29 01:55:12,671 INFO     build_models: applying tuned param overrides: {'max_depth': 6, 'min_child_weight': 10, 'reg_lambda': 10.0}
2026-04-29 01:55:12,671 INFO     build_models: class balance via sample_weight  (n_pos=39988, n_neg=44312, w_pos=1.108)
2026-04-29 01:55:16,620 INFO     [pooled] h5 class balance: n_pos=47472  n_neg=36828  w_pos=0.776
2026-04-29 01:55:17,372 INFO     [pooled] h5 model trained on 84300 rows
2026-04-29 01:55:17,506 INFO     [pooled] Confidence threshold: 52.5 (fallback=True)
2026-04-29 01:55:17,506 INFO     [pooled] Conformal qhat(alpha=0.20): 0.5134
2026-04-29 01:55:17,570 INFO     [pooled] Test accuracy: 48.40%  baseline: 46.40%  threshold: 52.5%
2026-04-29 01:55:17,599 INFO     [pooled] Test AUC: 0.5036  AP: 0.4699  (acc edge over baseline: +2.00pp)
2026-04-29 01:55:17,599 WARNING  [pooled] Confidence diagnostics failed: confidence_not_correlated_with_correctness; bucket_precision_not_monotonic
2026-04-29 01:55:17,867 INFO     [pooled] Saved results plot /Users/amos/Code/Stock Market AI Bot/models/pooled_xgb_only_results.png
2026-04-29 01:55:18,460 INFO     [pooled] Saved per-ticker plot /Users/amos/Code/Stock Market AI Bot/models/pooled_ticker_accuracy.png
2026-04-29 01:55:18,469 INFO     [pooled] Saved h5 model to pooled_xgb_dir_h5.json
2026-04-29 01:55:18,476 INFO     [pooled] Saved artefacts for AAPL
2026-04-29 01:55:18,483 INFO     [pooled] Saved artefacts for MSFT
2026-04-29 01:55:18,489 INFO     [pooled] Saved artefacts for NVDA
2026-04-29 01:55:18,497 INFO     [pooled] Saved artefacts for AMD
2026-04-29 01:55:18,504 INFO     [pooled] Saved artefacts for GOOGL
2026-04-29 01:55:18,510 INFO     [pooled] Saved artefacts for META
2026-04-29 01:55:18,516 INFO     [pooled] Saved artefacts for INTC
2026-04-29 01:55:18,523 INFO     [pooled] Saved artefacts for MU
2026-04-29 01:55:18,529 INFO     [pooled] Saved artefacts for CRM
2026-04-29 01:55:18,535 INFO     [pooled] Saved artefacts for ORCL
2026-04-29 01:55:18,543 INFO     [pooled] Saved artefacts for ADBE
2026-04-29 01:55:18,550 INFO     [pooled] Saved artefacts for AVGO
2026-04-29 01:55:18,558 INFO     [pooled] Saved artefacts for TXN
2026-04-29 01:55:18,565 INFO     [pooled] Saved artefacts for QCOM
2026-04-29 01:55:18,571 INFO     [pooled] Saved artefacts for AMAT
2026-04-29 01:55:18,578 INFO     [pooled] Saved artefacts for CSCO
2026-04-29 01:55:18,584 INFO     [pooled] Saved artefacts for IBM
2026-04-29 01:55:18,591 INFO     [pooled] Saved artefacts for NOW
2026-04-29 01:55:18,597 INFO     [pooled] Saved artefacts for AMZN
2026-04-29 01:55:18,603 INFO     [pooled] Saved artefacts for TSLA
2026-04-29 01:55:18,610 INFO     [pooled] Saved artefacts for HD
2026-04-29 01:55:18,617 INFO     [pooled] Saved artefacts for MCD
2026-04-29 01:55:18,624 INFO     [pooled] Saved artefacts for NKE
2026-04-29 01:55:18,631 INFO     [pooled] Saved artefacts for SBUX
2026-04-29 01:55:18,637 INFO     [pooled] Saved artefacts for BKNG
2026-04-29 01:55:18,644 INFO     [pooled] Saved artefacts for TJX
2026-04-29 01:55:18,650 INFO     [pooled] Saved artefacts for LOW
2026-04-29 01:55:18,657 INFO     [pooled] Saved artefacts for MAR
2026-04-29 01:55:18,663 INFO     [pooled] Saved artefacts for GM
2026-04-29 01:55:18,669 INFO     [pooled] Saved artefacts for F
2026-04-29 01:55:18,675 INFO     [pooled] Saved artefacts for ROST
2026-04-29 01:55:18,681 INFO     [pooled] Saved artefacts for EBAY
2026-04-29 01:55:18,688 INFO     [pooled] Saved artefacts for JPM
2026-04-29 01:55:18,693 INFO     [pooled] Saved artefacts for GS
2026-04-29 01:55:18,700 INFO     [pooled] Saved artefacts for BAC
2026-04-29 01:55:18,706 INFO     [pooled] Saved artefacts for V
2026-04-29 01:55:18,712 INFO     [pooled] Saved artefacts for MA
2026-04-29 01:55:18,718 INFO     [pooled] Saved artefacts for BRK-B
2026-04-29 01:55:18,725 INFO     [pooled] Saved artefacts for WFC
2026-04-29 01:55:18,732 INFO     [pooled] Saved artefacts for MS
2026-04-29 01:55:18,738 INFO     [pooled] Saved artefacts for C
2026-04-29 01:55:18,744 INFO     [pooled] Saved artefacts for AXP
2026-04-29 01:55:18,751 INFO     [pooled] Saved artefacts for BLK
2026-04-29 01:55:18,758 INFO     [pooled] Saved artefacts for SCHW
2026-04-29 01:55:18,764 INFO     [pooled] Saved artefacts for USB
2026-04-29 01:55:18,771 INFO     [pooled] Saved artefacts for SPGI
2026-04-29 01:55:18,777 INFO     [pooled] Saved artefacts for COF
2026-04-29 01:55:18,783 INFO     [pooled] Saved artefacts for PNC
2026-04-29 01:55:18,790 INFO     [pooled] Saved artefacts for TRV
2026-04-29 01:55:18,796 INFO     [pooled] Saved artefacts for AIG
2026-04-29 01:55:18,803 INFO     [pooled] Saved artefacts for UNH
2026-04-29 01:55:18,810 INFO     [pooled] Saved artefacts for JNJ
2026-04-29 01:55:18,818 INFO     [pooled] Saved artefacts for ABBV
2026-04-29 01:55:18,825 INFO     [pooled] Saved artefacts for LLY
2026-04-29 01:55:18,833 INFO     [pooled] Saved artefacts for PFE
2026-04-29 01:55:18,841 INFO     [pooled] Saved artefacts for MRK
2026-04-29 01:55:18,848 INFO     [pooled] Saved artefacts for TMO
2026-04-29 01:55:18,855 INFO     [pooled] Saved artefacts for ABT
2026-04-29 01:55:18,862 INFO     [pooled] Saved artefacts for DHR
2026-04-29 01:55:18,869 INFO     [pooled] Saved artefacts for BMY
2026-04-29 01:55:18,877 INFO     [pooled] Saved artefacts for AMGN
2026-04-29 01:55:18,886 INFO     [pooled] Saved artefacts for GILD
2026-04-29 01:55:18,893 INFO     [pooled] Saved artefacts for CVS
2026-04-29 01:55:18,900 INFO     [pooled] Saved artefacts for MDT
2026-04-29 01:55:18,908 INFO     [pooled] Saved artefacts for ISRG
2026-04-29 01:55:18,916 INFO     [pooled] Saved artefacts for SYK
2026-04-29 01:55:18,923 INFO     [pooled] Saved artefacts for BSX
2026-04-29 01:55:18,930 INFO     [pooled] Saved artefacts for CI
2026-04-29 01:55:18,937 INFO     [pooled] Saved artefacts for XOM
2026-04-29 01:55:18,945 INFO     [pooled] Saved artefacts for CVX
2026-04-29 01:55:18,952 INFO     [pooled] Saved artefacts for COP
2026-04-29 01:55:18,960 INFO     [pooled] Saved artefacts for EOG
2026-04-29 01:55:18,967 INFO     [pooled] Saved artefacts for SLB
2026-04-29 01:55:18,975 INFO     [pooled] Saved artefacts for MPC
2026-04-29 01:55:18,982 INFO     [pooled] Saved artefacts for OXY
2026-04-29 01:55:18,990 INFO     [pooled] Saved artefacts for PSX
2026-04-29 01:55:18,997 INFO     [pooled] Saved artefacts for VLO
2026-04-29 01:55:19,006 INFO     [pooled] Saved artefacts for KMI
2026-04-29 01:55:19,014 INFO     [pooled] Saved artefacts for WMB
2026-04-29 01:55:19,022 INFO     [pooled] Saved artefacts for CAT
2026-04-29 01:55:19,030 INFO     [pooled] Saved artefacts for DE
2026-04-29 01:55:19,038 INFO     [pooled] Saved artefacts for UPS
2026-04-29 01:55:19,046 INFO     [pooled] Saved artefacts for UNP
2026-04-29 01:55:19,054 INFO     [pooled] Saved artefacts for BA
2026-04-29 01:55:19,063 INFO     [pooled] Saved artefacts for HON
2026-04-29 01:55:19,071 INFO     [pooled] Saved artefacts for GE
2026-04-29 01:55:19,080 INFO     [pooled] Saved artefacts for RTX
2026-04-29 01:55:19,088 INFO     [pooled] Saved artefacts for LMT
2026-04-29 01:55:19,097 INFO     [pooled] Saved artefacts for MMM
2026-04-29 01:55:19,106 INFO     [pooled] Saved artefacts for FDX
2026-04-29 01:55:19,114 INFO     [pooled] Saved artefacts for NOC
2026-04-29 01:55:19,123 INFO     [pooled] Saved artefacts for EMR
2026-04-29 01:55:19,131 INFO     [pooled] Saved artefacts for ETN
2026-04-29 01:55:19,140 INFO     [pooled] Saved artefacts for PH
2026-04-29 01:55:19,148 INFO     [pooled] Saved artefacts for CSX
2026-04-29 01:55:19,156 INFO     [pooled] Saved artefacts for COST
2026-04-29 01:55:19,164 INFO     [pooled] Saved artefacts for PG
2026-04-29 01:55:19,172 INFO     [pooled] Saved artefacts for KO
2026-04-29 01:55:19,180 INFO     [pooled] Saved artefacts for WMT
2026-04-29 01:55:19,188 INFO     [pooled] Saved artefacts for PEP
2026-04-29 01:55:19,197 INFO     [pooled] Saved artefacts for MO
2026-04-29 01:55:19,205 INFO     [pooled] Saved artefacts for PM
2026-04-29 01:55:19,214 INFO     [pooled] Saved artefacts for CL
2026-04-29 01:55:19,221 INFO     [pooled] Saved artefacts for KMB
2026-04-29 01:55:19,229 INFO     [pooled] Saved artefacts for GIS
2026-04-29 01:55:19,237 INFO     [pooled] Saved artefacts for SYY
2026-04-29 01:55:19,244 INFO     [pooled] Saved artefacts for HSY
2026-04-29 01:55:19,251 INFO     [pooled] Saved artefacts for NEE
2026-04-29 01:55:19,259 INFO     [pooled] Saved artefacts for DUK
2026-04-29 01:55:19,266 INFO     [pooled] Saved artefacts for SO
2026-04-29 01:55:19,274 INFO     [pooled] Saved artefacts for AEP
2026-04-29 01:55:19,281 INFO     [pooled] Saved artefacts for EXC
2026-04-29 01:55:19,290 INFO     [pooled] Saved artefacts for XEL
2026-04-29 01:55:19,298 INFO     [pooled] Saved artefacts for SRE
2026-04-29 01:55:19,307 INFO     [pooled] Saved artefacts for D
2026-04-29 01:55:19,316 INFO     [pooled] Saved artefacts for PEG
2026-04-29 01:55:19,324 INFO     [pooled] Saved artefacts for ED
2026-04-29 01:55:19,332 INFO     [pooled] Saved artefacts for PLD
2026-04-29 01:55:19,340 INFO     [pooled] Saved artefacts for AMT
2026-04-29 01:55:19,348 INFO     [pooled] Saved artefacts for EQIX
2026-04-29 01:55:19,356 INFO     [pooled] Saved artefacts for CCI
2026-04-29 01:55:19,365 INFO     [pooled] Saved artefacts for PSA
2026-04-29 01:55:19,374 INFO     [pooled] Saved artefacts for O
2026-04-29 01:55:19,383 INFO     [pooled] Saved artefacts for WELL
2026-04-29 01:55:19,391 INFO     [pooled] Saved artefacts for SPG
2026-04-29 01:55:19,399 INFO     [pooled] Saved artefacts for EQR
2026-04-29 01:55:19,408 INFO     [pooled] Saved artefacts for AVB
2026-04-29 01:55:19,417 INFO     [pooled] Saved artefacts for LIN
2026-04-29 01:55:19,425 INFO     [pooled] Saved artefacts for FCX
2026-04-29 01:55:19,433 INFO     [pooled] Saved artefacts for APD
2026-04-29 01:55:19,441 INFO     [pooled] Saved artefacts for SHW
2026-04-29 01:55:19,450 INFO     [pooled] Saved artefacts for ECL
2026-04-29 01:55:19,459 INFO     [pooled] Saved artefacts for NEM
2026-04-29 01:55:19,467 INFO     [pooled] Saved artefacts for NUE
2026-04-29 01:55:19,474 INFO     [pooled] Saved artefacts for DOW
2026-04-29 01:55:19,483 INFO     [pooled] Saved artefacts for DD
2026-04-29 01:55:19,492 INFO     [pooled] Saved artefacts for IFF
2026-04-29 01:55:19,500 INFO     [pooled] Saved artefacts for T
2026-04-29 01:55:19,508 INFO     [pooled] Saved artefacts for VZ
2026-04-29 01:55:19,516 INFO     [pooled] Saved artefacts for NFLX
2026-04-29 01:55:19,525 INFO     [pooled] Saved artefacts for CMCSA
2026-04-29 01:55:19,534 INFO     [pooled] Saved artefacts for DIS
2026-04-29 01:55:19,542 INFO     [pooled] Saved artefacts for TMUS
2026-04-29 01:55:19,550 INFO     [pooled] Saved artefacts for CHTR
2026-04-29 01:55:19,558 INFO     [pooled] Saved artefacts for EA
2026-04-29 01:55:19,567 INFO     [pooled] Saved artefacts for OMC
2026-04-29 01:55:19,575 INFO     [pooled] Saved artefacts for LYV
2026-04-29 01:55:19,575 INFO     [pooled] Skipping artefact save for training-only ticker FRC
2026-04-29 01:55:19,575 INFO     [pooled] Skipping artefact save for training-only ticker BBBY
2026-04-29 01:55:19,575 INFO     [pooled] Done. 149 tickers, 48.40% acc vs 46.40% baseline
2026-04-29 08:36:49,045 INFO     Leakage audit output:
[leakage_audit] wrote /Users/amos/Code/Stock Market AI Bot/logs/leakage_audit.json
[leakage_audit] all tickers passed.
2026-04-29 08:36:49,046 INFO     POOLED_TRAINING=True — training cross-sectional model on all tickers (tune_hyperparams=True)
2026-04-29 08:36:49,046 INFO     [pooled] Starting cross-sectional training on 149 tickers (147 prediction, 2 training-only/survivorship)
2026-04-29 08:36:50,892 INFO     [pooled] Common feature set: 107 features across 149 tickers
2026-04-29 08:37:59,266 INFO     [pooled] Train rows: 84300  Calib rows: 91635  Test rows: 91633
2026-04-29 08:38:01,155 INFO     [pooled] Running nested walk-forward CV hyperparameter search (84300 train rows, 4 outer × 3 inner folds)...
2026-04-29 09:37:34,895 INFO     [pooled] Nested CV best params (avg of 3 folds, mean AUC=0.5075): {'max_depth': 6, 'min_child_weight': 10, 'reg_lambda': 10.0}
2026-04-29 09:37:34,896 INFO     [pooled]   fold 1: score=0.5084  params={'max_depth': 4, 'min_child_weight': 3, 'reg_lambda': 1.0}
2026-04-29 09:37:34,896 INFO     [pooled]   fold 1: score=0.5239  params={'max_depth': 4, 'min_child_weight': 3, 'reg_lambda': 5.0}
2026-04-29 09:37:34,896 INFO     [pooled]   fold 1: score=0.5179  params={'max_depth': 4, 'min_child_weight': 3, 'reg_lambda': 10.0}
2026-04-29 09:37:34,896 INFO     [pooled]   fold 1: score=0.4984  params={'max_depth': 4, 'min_child_weight': 5, 'reg_lambda': 1.0}
2026-04-29 09:37:34,896 INFO     [pooled]   fold 1: score=0.5217  params={'max_depth': 4, 'min_child_weight': 5, 'reg_lambda': 5.0}
2026-04-29 09:37:34,896 INFO     [pooled]   fold 1: score=0.5257  params={'max_depth': 4, 'min_child_weight': 5, 'reg_lambda': 10.0}
2026-04-29 09:37:34,896 INFO     [pooled]   fold 1: score=0.5099  params={'max_depth': 4, 'min_child_weight': 10, 'reg_lambda': 1.0}
2026-04-29 09:37:34,896 INFO     [pooled]   fold 1: score=0.5331  params={'max_depth': 4, 'min_child_weight': 10, 'reg_lambda': 5.0}
2026-04-29 09:37:34,896 INFO     [pooled]   fold 1: score=0.5176  params={'max_depth': 4, 'min_child_weight': 10, 'reg_lambda': 10.0}
2026-04-29 09:37:34,896 INFO     [pooled]   fold 1: score=0.4959  params={'max_depth': 5, 'min_child_weight': 3, 'reg_lambda': 1.0}
2026-04-29 09:37:34,896 INFO     [pooled]   fold 1: score=0.5177  params={'max_depth': 5, 'min_child_weight': 3, 'reg_lambda': 5.0}
2026-04-29 09:37:34,896 INFO     [pooled]   fold 1: score=0.5047  params={'max_depth': 5, 'min_child_weight': 3, 'reg_lambda': 10.0}
2026-04-29 09:37:34,896 INFO     [pooled]   fold 1: score=0.5119  params={'max_depth': 5, 'min_child_weight': 5, 'reg_lambda': 1.0}
2026-04-29 09:37:34,896 INFO     [pooled]   fold 1: score=0.5042  params={'max_depth': 5, 'min_child_weight': 5, 'reg_lambda': 5.0}
2026-04-29 09:37:34,896 INFO     [pooled]   fold 1: score=0.5016  params={'max_depth': 5, 'min_child_weight': 5, 'reg_lambda': 10.0}
2026-04-29 09:37:34,897 INFO     [pooled]   fold 1: score=0.5188  params={'max_depth': 5, 'min_child_weight': 10, 'reg_lambda': 1.0}
2026-04-29 09:37:34,897 INFO     [pooled]   fold 1: score=0.4955  params={'max_depth': 5, 'min_child_weight': 10, 'reg_lambda': 5.0}
2026-04-29 09:37:34,897 INFO     [pooled]   fold 1: score=0.4766  params={'max_depth': 5, 'min_child_weight': 10, 'reg_lambda': 10.0}
2026-04-29 09:37:34,897 INFO     [pooled]   fold 1: score=0.4739  params={'max_depth': 6, 'min_child_weight': 3, 'reg_lambda': 1.0}
2026-04-29 09:37:34,897 INFO     [pooled]   fold 1: score=0.4900  params={'max_depth': 6, 'min_child_weight': 3, 'reg_lambda': 5.0}
2026-04-29 09:37:34,897 INFO     [pooled]   fold 1: score=0.4896  params={'max_depth': 6, 'min_child_weight': 3, 'reg_lambda': 10.0}
2026-04-29 09:37:34,897 INFO     [pooled]   fold 1: score=0.5015  params={'max_depth': 6, 'min_child_weight': 5, 'reg_lambda': 1.0}
2026-04-29 09:37:34,897 INFO     [pooled]   fold 1: score=0.4662  params={'max_depth': 6, 'min_child_weight': 5, 'reg_lambda': 5.0}
2026-04-29 09:37:34,897 INFO     [pooled]   fold 1: score=0.5129  params={'max_depth': 6, 'min_child_weight': 5, 'reg_lambda': 10.0}
2026-04-29 09:37:34,897 INFO     [pooled]   fold 1: score=0.4788  params={'max_depth': 6, 'min_child_weight': 10, 'reg_lambda': 1.0}
2026-04-29 09:37:34,897 INFO     [pooled]   fold 1: score=0.5187  params={'max_depth': 6, 'min_child_weight': 10, 'reg_lambda': 5.0}
2026-04-29 09:37:34,897 INFO     [pooled]   fold 1: score=0.4944  params={'max_depth': 6, 'min_child_weight': 10, 'reg_lambda': 10.0}
2026-04-29 09:37:34,897 INFO     [pooled]   fold 2: score=0.5076  params={'max_depth': 4, 'min_child_weight': 3, 'reg_lambda': 1.0}
2026-04-29 09:37:34,897 INFO     [pooled]   fold 2: score=0.5097  params={'max_depth': 4, 'min_child_weight': 3, 'reg_lambda': 5.0}
2026-04-29 09:37:34,897 INFO     [pooled]   fold 2: score=0.4724  params={'max_depth': 4, 'min_child_weight': 3, 'reg_lambda': 10.0}
2026-04-29 09:37:34,897 INFO     [pooled]   fold 2: score=0.5194  params={'max_depth': 4, 'min_child_weight': 5, 'reg_lambda': 1.0}
2026-04-29 09:37:34,897 INFO     [pooled]   fold 2: score=0.5161  params={'max_depth': 4, 'min_child_weight': 5, 'reg_lambda': 5.0}
2026-04-29 09:37:34,897 INFO     [pooled]   fold 2: score=0.5038  params={'max_depth': 4, 'min_child_weight': 5, 'reg_lambda': 10.0}
2026-04-29 09:37:34,897 INFO     [pooled]   fold 2: score=0.5020  params={'max_depth': 4, 'min_child_weight': 10, 'reg_lambda': 1.0}
2026-04-29 09:37:34,897 INFO     [pooled]   fold 2: score=0.5150  params={'max_depth': 4, 'min_child_weight': 10, 'reg_lambda': 5.0}
2026-04-29 09:37:34,897 INFO     [pooled]   fold 2: score=0.5070  params={'max_depth': 4, 'min_child_weight': 10, 'reg_lambda': 10.0}
2026-04-29 09:37:34,897 INFO     [pooled]   fold 2: score=0.4928  params={'max_depth': 5, 'min_child_weight': 3, 'reg_lambda': 1.0}
2026-04-29 09:37:34,897 INFO     [pooled]   fold 2: score=0.4997  params={'max_depth': 5, 'min_child_weight': 3, 'reg_lambda': 5.0}
2026-04-29 09:37:34,897 INFO     [pooled]   fold 2: score=0.4851  params={'max_depth': 5, 'min_child_weight': 3, 'reg_lambda': 10.0}
2026-04-29 09:37:34,897 INFO     [pooled]   fold 2: score=0.5217  params={'max_depth': 5, 'min_child_weight': 5, 'reg_lambda': 1.0}
2026-04-29 09:37:34,897 INFO     [pooled]   fold 2: score=0.4953  params={'max_depth': 5, 'min_child_weight': 5, 'reg_lambda': 5.0}
2026-04-29 09:37:34,897 INFO     [pooled]   fold 2: score=0.5092  params={'max_depth': 5, 'min_child_weight': 5, 'reg_lambda': 10.0}
2026-04-29 09:37:34,897 INFO     [pooled]   fold 2: score=0.5161  params={'max_depth': 5, 'min_child_weight': 10, 'reg_lambda': 1.0}
2026-04-29 09:37:34,897 INFO     [pooled]   fold 2: score=0.5525  params={'max_depth': 5, 'min_child_weight': 10, 'reg_lambda': 5.0}
2026-04-29 09:37:34,897 INFO     [pooled]   fold 2: score=0.5428  params={'max_depth': 5, 'min_child_weight': 10, 'reg_lambda': 10.0}
2026-04-29 09:37:34,897 INFO     [pooled]   fold 2: score=0.5148  params={'max_depth': 6, 'min_child_weight': 3, 'reg_lambda': 1.0}
2026-04-29 09:37:34,897 INFO     [pooled]   fold 2: score=0.5328  params={'max_depth': 6, 'min_child_weight': 3, 'reg_lambda': 5.0}
2026-04-29 09:37:34,897 INFO     [pooled]   fold 2: score=0.5090  params={'max_depth': 6, 'min_child_weight': 3, 'reg_lambda': 10.0}
2026-04-29 09:37:34,897 INFO     [pooled]   fold 2: score=0.5137  params={'max_depth': 6, 'min_child_weight': 5, 'reg_lambda': 1.0}
2026-04-29 09:37:34,897 INFO     [pooled]   fold 2: score=0.5445  params={'max_depth': 6, 'min_child_weight': 5, 'reg_lambda': 5.0}
2026-04-29 09:37:34,897 INFO     [pooled]   fold 2: score=0.5193  params={'max_depth': 6, 'min_child_weight': 5, 'reg_lambda': 10.0}
2026-04-29 09:37:34,897 INFO     [pooled]   fold 2: score=0.5672  params={'max_depth': 6, 'min_child_weight': 10, 'reg_lambda': 1.0}
2026-04-29 09:37:34,897 INFO     [pooled]   fold 2: score=0.5045  params={'max_depth': 6, 'min_child_weight': 10, 'reg_lambda': 5.0}
2026-04-29 09:37:34,897 INFO     [pooled]   fold 2: score=0.5459  params={'max_depth': 6, 'min_child_weight': 10, 'reg_lambda': 10.0}
2026-04-29 09:37:34,897 INFO     [pooled]   fold 3: score=0.4306  params={'max_depth': 4, 'min_child_weight': 3, 'reg_lambda': 1.0}
2026-04-29 09:37:34,897 INFO     [pooled]   fold 3: score=0.4569  params={'max_depth': 4, 'min_child_weight': 3, 'reg_lambda': 5.0}
2026-04-29 09:37:34,897 INFO     [pooled]   fold 3: score=0.4577  params={'max_depth': 4, 'min_child_weight': 3, 'reg_lambda': 10.0}
2026-04-29 09:37:34,897 INFO     [pooled]   fold 3: score=0.4413  params={'max_depth': 4, 'min_child_weight': 5, 'reg_lambda': 1.0}
2026-04-29 09:37:34,897 INFO     [pooled]   fold 3: score=0.4553  params={'max_depth': 4, 'min_child_weight': 5, 'reg_lambda': 5.0}
2026-04-29 09:37:34,897 INFO     [pooled]   fold 3: score=0.4885  params={'max_depth': 4, 'min_child_weight': 5, 'reg_lambda': 10.0}
2026-04-29 09:37:34,897 INFO     [pooled]   fold 3: score=0.4745  params={'max_depth': 4, 'min_child_weight': 10, 'reg_lambda': 1.0}
2026-04-29 09:37:34,897 INFO     [pooled]   fold 3: score=0.4367  params={'max_depth': 4, 'min_child_weight': 10, 'reg_lambda': 5.0}
2026-04-29 09:37:34,898 INFO     [pooled]   fold 3: score=0.4615  params={'max_depth': 4, 'min_child_weight': 10, 'reg_lambda': 10.0}
2026-04-29 09:37:34,898 INFO     [pooled]   fold 3: score=0.4555  params={'max_depth': 5, 'min_child_weight': 3, 'reg_lambda': 1.0}
2026-04-29 09:37:34,898 INFO     [pooled]   fold 3: score=0.4611  params={'max_depth': 5, 'min_child_weight': 3, 'reg_lambda': 5.0}
2026-04-29 09:37:34,898 INFO     [pooled]   fold 3: score=0.4223  params={'max_depth': 5, 'min_child_weight': 3, 'reg_lambda': 10.0}
2026-04-29 09:37:34,898 INFO     [pooled]   fold 3: score=0.4476  params={'max_depth': 5, 'min_child_weight': 5, 'reg_lambda': 1.0}
2026-04-29 09:37:34,898 INFO     [pooled]   fold 3: score=0.4497  params={'max_depth': 5, 'min_child_weight': 5, 'reg_lambda': 5.0}
2026-04-29 09:37:34,898 INFO     [pooled]   fold 3: score=0.4264  params={'max_depth': 5, 'min_child_weight': 5, 'reg_lambda': 10.0}
2026-04-29 09:37:34,898 INFO     [pooled]   fold 3: score=0.4542  params={'max_depth': 5, 'min_child_weight': 10, 'reg_lambda': 1.0}
2026-04-29 09:37:34,898 INFO     [pooled]   fold 3: score=0.4597  params={'max_depth': 5, 'min_child_weight': 10, 'reg_lambda': 5.0}
2026-04-29 09:37:34,898 INFO     [pooled]   fold 3: score=0.4890  params={'max_depth': 5, 'min_child_weight': 10, 'reg_lambda': 10.0}
2026-04-29 09:37:34,898 INFO     [pooled]   fold 3: score=0.4771  params={'max_depth': 6, 'min_child_weight': 3, 'reg_lambda': 1.0}
2026-04-29 09:37:34,898 INFO     [pooled]   fold 3: score=0.4841  params={'max_depth': 6, 'min_child_weight': 3, 'reg_lambda': 5.0}
2026-04-29 09:37:34,898 INFO     [pooled]   fold 3: score=0.4899  params={'max_depth': 6, 'min_child_weight': 3, 'reg_lambda': 10.0}
2026-04-29 09:37:34,898 INFO     [pooled]   fold 3: score=0.4548  params={'max_depth': 6, 'min_child_weight': 5, 'reg_lambda': 1.0}
2026-04-29 09:37:34,898 INFO     [pooled]   fold 3: score=0.4281  params={'max_depth': 6, 'min_child_weight': 5, 'reg_lambda': 5.0}
2026-04-29 09:37:34,898 INFO     [pooled]   fold 3: score=0.4637  params={'max_depth': 6, 'min_child_weight': 5, 'reg_lambda': 10.0}
2026-04-29 09:37:34,898 INFO     [pooled]   fold 3: score=0.4218  params={'max_depth': 6, 'min_child_weight': 10, 'reg_lambda': 1.0}
2026-04-29 09:37:34,898 INFO     [pooled]   fold 3: score=0.4766  params={'max_depth': 6, 'min_child_weight': 10, 'reg_lambda': 5.0}
2026-04-29 09:37:34,898 INFO     [pooled]   fold 3: score=0.4823  params={'max_depth': 6, 'min_child_weight': 10, 'reg_lambda': 10.0}
2026-04-29 09:37:34,900 INFO     [pooled] Saved tuned params to /Users/amos/Code/Stock Market AI Bot/models/pooled_best_xgb_params.json
2026-04-29 09:37:45,204 INFO     [pooled] Found 0 sentiment + 310 macro/regime + 180 xs_rank features in candidate set
2026-04-29 09:37:45,205 INFO     [pooled] Feature pruning: 1269 → 194 cols  (45 base kept of 1120, 1075 dropped, 149 dummies always kept, 0 sentiment kept, 10 macro/regime kept, 12 xs_rank kept)
2026-04-29 09:37:47,324 INFO     build_models: applying tuned param overrides: {'max_depth': 6, 'min_child_weight': 10, 'reg_lambda': 10.0}
2026-04-29 09:37:47,326 INFO     build_models: class balance via sample_weight  (n_pos=39988, n_neg=44312, w_pos=1.108)
2026-04-29 09:37:49,040 INFO     [pooled] h5 class balance: n_pos=47472  n_neg=36828  w_pos=0.776
2026-04-29 09:37:49,339 INFO     [pooled] h5 model trained on 84300 rows
2026-04-29 09:37:49,425 INFO     [pooled] Confidence threshold: 52.5 (fallback=True)
2026-04-29 09:37:49,425 INFO     [pooled] Conformal qhat(alpha=0.20): 0.5134
2026-04-29 09:37:49,472 INFO     [pooled] Test accuracy: 48.40%  baseline: 46.40%  threshold: 52.5%
2026-04-29 09:37:49,485 INFO     [pooled] Test AUC: 0.5036  AP: 0.4699  (acc edge over baseline: +2.00pp)
2026-04-29 09:37:49,485 WARNING  [pooled] Confidence diagnostics failed: confidence_not_correlated_with_correctness; bucket_precision_not_monotonic
2026-04-29 09:38:24,145 INFO     [pooled] LR-L1 baseline: test AUC=0.5067  AP=0.4706  best_C=10.00  cal_AUC=0.5016  nonzero_coefs=193/194
2026-04-29 09:38:24,145 INFO     [pooled] AUC verdict — XGB: 0.5036  LR-L1: 0.5067  →  XGB ≈ LR (Δ=+0.0031) — both models extract the same signal level; feature set is the bottleneck
2026-04-29 09:38:24,373 INFO     [pooled] Saved results plot /Users/amos/Code/Stock Market AI Bot/models/pooled_xgb_only_results.png
2026-04-29 09:38:24,851 INFO     [pooled] Saved per-ticker plot /Users/amos/Code/Stock Market AI Bot/models/pooled_ticker_accuracy.png
2026-04-29 09:38:24,859 INFO     [pooled] Saved h5 model to pooled_xgb_dir_h5.json
2026-04-29 09:38:24,866 INFO     [pooled] Saved artefacts for AAPL
2026-04-29 09:38:24,871 INFO     [pooled] Saved artefacts for MSFT
2026-04-29 09:38:24,877 INFO     [pooled] Saved artefacts for NVDA
2026-04-29 09:38:24,883 INFO     [pooled] Saved artefacts for AMD
2026-04-29 09:38:24,888 INFO     [pooled] Saved artefacts for GOOGL
2026-04-29 09:38:24,893 INFO     [pooled] Saved artefacts for META
2026-04-29 09:38:24,898 INFO     [pooled] Saved artefacts for INTC
2026-04-29 09:38:24,904 INFO     [pooled] Saved artefacts for MU
2026-04-29 09:38:24,909 INFO     [pooled] Saved artefacts for CRM
2026-04-29 09:38:24,915 INFO     [pooled] Saved artefacts for ORCL
2026-04-29 09:38:24,920 INFO     [pooled] Saved artefacts for ADBE
2026-04-29 09:38:24,925 INFO     [pooled] Saved artefacts for AVGO
2026-04-29 09:38:24,930 INFO     [pooled] Saved artefacts for TXN
2026-04-29 09:38:24,937 INFO     [pooled] Saved artefacts for QCOM
2026-04-29 09:38:24,943 INFO     [pooled] Saved artefacts for AMAT
2026-04-29 09:38:24,948 INFO     [pooled] Saved artefacts for CSCO
2026-04-29 09:38:24,953 INFO     [pooled] Saved artefacts for IBM
2026-04-29 09:38:24,958 INFO     [pooled] Saved artefacts for NOW
2026-04-29 09:38:24,963 INFO     [pooled] Saved artefacts for AMZN
2026-04-29 09:38:24,968 INFO     [pooled] Saved artefacts for TSLA
2026-04-29 09:38:24,973 INFO     [pooled] Saved artefacts for HD
2026-04-29 09:38:24,980 INFO     [pooled] Saved artefacts for MCD
2026-04-29 09:38:24,985 INFO     [pooled] Saved artefacts for NKE
2026-04-29 09:38:24,990 INFO     [pooled] Saved artefacts for SBUX
2026-04-29 09:38:24,995 INFO     [pooled] Saved artefacts for BKNG
2026-04-29 09:38:25,001 INFO     [pooled] Saved artefacts for TJX
2026-04-29 09:38:25,006 INFO     [pooled] Saved artefacts for LOW
2026-04-29 09:38:25,012 INFO     [pooled] Saved artefacts for MAR
2026-04-29 09:38:25,017 INFO     [pooled] Saved artefacts for GM
2026-04-29 09:38:25,022 INFO     [pooled] Saved artefacts for F
2026-04-29 09:38:25,027 INFO     [pooled] Saved artefacts for ROST
2026-04-29 09:38:25,032 INFO     [pooled] Saved artefacts for EBAY
2026-04-29 09:38:25,038 INFO     [pooled] Saved artefacts for JPM
2026-04-29 09:38:25,043 INFO     [pooled] Saved artefacts for GS
2026-04-29 09:38:25,048 INFO     [pooled] Saved artefacts for BAC
2026-04-29 09:38:25,053 INFO     [pooled] Saved artefacts for V
2026-04-29 09:38:25,058 INFO     [pooled] Saved artefacts for MA
2026-04-29 09:38:25,063 INFO     [pooled] Saved artefacts for BRK-B
2026-04-29 09:38:25,068 INFO     [pooled] Saved artefacts for WFC
2026-04-29 09:38:25,073 INFO     [pooled] Saved artefacts for MS
2026-04-29 09:38:25,078 INFO     [pooled] Saved artefacts for C
2026-04-29 09:38:25,084 INFO     [pooled] Saved artefacts for AXP
2026-04-29 09:38:25,090 INFO     [pooled] Saved artefacts for BLK
2026-04-29 09:38:25,095 INFO     [pooled] Saved artefacts for SCHW
2026-04-29 09:38:25,100 INFO     [pooled] Saved artefacts for USB
2026-04-29 09:38:25,105 INFO     [pooled] Saved artefacts for SPGI
2026-04-29 09:38:25,110 INFO     [pooled] Saved artefacts for COF
2026-04-29 09:38:25,115 INFO     [pooled] Saved artefacts for PNC
2026-04-29 09:38:25,120 INFO     [pooled] Saved artefacts for TRV
2026-04-29 09:38:25,126 INFO     [pooled] Saved artefacts for AIG
2026-04-29 09:38:25,130 INFO     [pooled] Saved artefacts for UNH
2026-04-29 09:38:25,136 INFO     [pooled] Saved artefacts for JNJ
2026-04-29 09:38:25,141 INFO     [pooled] Saved artefacts for ABBV
2026-04-29 09:38:25,146 INFO     [pooled] Saved artefacts for LLY
2026-04-29 09:38:25,153 INFO     [pooled] Saved artefacts for PFE
2026-04-29 09:38:25,159 INFO     [pooled] Saved artefacts for MRK
2026-04-29 09:38:25,164 INFO     [pooled] Saved artefacts for TMO
2026-04-29 09:38:25,169 INFO     [pooled] Saved artefacts for ABT
2026-04-29 09:38:25,174 INFO     [pooled] Saved artefacts for DHR
2026-04-29 09:38:25,179 INFO     [pooled] Saved artefacts for BMY
2026-04-29 09:38:25,185 INFO     [pooled] Saved artefacts for AMGN
2026-04-29 09:38:25,191 INFO     [pooled] Saved artefacts for GILD
2026-04-29 09:38:25,197 INFO     [pooled] Saved artefacts for CVS
2026-04-29 09:38:25,201 INFO     [pooled] Saved artefacts for MDT
2026-04-29 09:38:25,207 INFO     [pooled] Saved artefacts for ISRG
2026-04-29 09:38:25,212 INFO     [pooled] Saved artefacts for SYK
2026-04-29 09:38:25,217 INFO     [pooled] Saved artefacts for BSX
2026-04-29 09:38:25,222 INFO     [pooled] Saved artefacts for CI
2026-04-29 09:38:25,227 INFO     [pooled] Saved artefacts for XOM
2026-04-29 09:38:25,233 INFO     [pooled] Saved artefacts for CVX
2026-04-29 09:38:25,238 INFO     [pooled] Saved artefacts for COP
2026-04-29 09:38:25,244 INFO     [pooled] Saved artefacts for EOG
2026-04-29 09:38:25,248 INFO     [pooled] Saved artefacts for SLB
2026-04-29 09:38:25,253 INFO     [pooled] Saved artefacts for MPC
2026-04-29 09:38:25,258 INFO     [pooled] Saved artefacts for OXY
2026-04-29 09:38:25,263 INFO     [pooled] Saved artefacts for PSX
2026-04-29 09:38:25,269 INFO     [pooled] Saved artefacts for VLO
2026-04-29 09:38:25,273 INFO     [pooled] Saved artefacts for KMI
2026-04-29 09:38:25,279 INFO     [pooled] Saved artefacts for WMB
2026-04-29 09:38:25,284 INFO     [pooled] Saved artefacts for CAT
2026-04-29 09:38:25,288 INFO     [pooled] Saved artefacts for DE
2026-04-29 09:38:25,294 INFO     [pooled] Saved artefacts for UPS
2026-04-29 09:38:25,299 INFO     [pooled] Saved artefacts for UNP
2026-04-29 09:38:25,304 INFO     [pooled] Saved artefacts for BA
2026-04-29 09:38:25,310 INFO     [pooled] Saved artefacts for HON
2026-04-29 09:38:25,314 INFO     [pooled] Saved artefacts for GE
2026-04-29 09:38:25,319 INFO     [pooled] Saved artefacts for RTX
2026-04-29 09:38:25,325 INFO     [pooled] Saved artefacts for LMT
2026-04-29 09:38:25,330 INFO     [pooled] Saved artefacts for MMM
2026-04-29 09:38:25,336 INFO     [pooled] Saved artefacts for FDX
2026-04-29 09:38:25,341 INFO     [pooled] Saved artefacts for NOC
2026-04-29 09:38:25,346 INFO     [pooled] Saved artefacts for EMR
2026-04-29 09:38:25,351 INFO     [pooled] Saved artefacts for ETN
2026-04-29 09:38:25,356 INFO     [pooled] Saved artefacts for PH
2026-04-29 09:38:25,362 INFO     [pooled] Saved artefacts for CSX
2026-04-29 09:38:25,367 INFO     [pooled] Saved artefacts for COST
2026-04-29 09:38:25,372 INFO     [pooled] Saved artefacts for PG
2026-04-29 09:38:25,377 INFO     [pooled] Saved artefacts for KO
2026-04-29 09:38:25,382 INFO     [pooled] Saved artefacts for WMT
2026-04-29 09:38:25,386 INFO     [pooled] Saved artefacts for PEP
2026-04-29 09:38:25,394 INFO     [pooled] Saved artefacts for MO
2026-04-29 09:38:25,399 INFO     [pooled] Saved artefacts for PM
2026-04-29 09:38:25,404 INFO     [pooled] Saved artefacts for CL
2026-04-29 09:38:25,409 INFO     [pooled] Saved artefacts for KMB
2026-04-29 09:38:25,414 INFO     [pooled] Saved artefacts for GIS
2026-04-29 09:38:25,419 INFO     [pooled] Saved artefacts for SYY
2026-04-29 09:38:25,424 INFO     [pooled] Saved artefacts for HSY
2026-04-29 09:38:25,429 INFO     [pooled] Saved artefacts for NEE
2026-04-29 09:38:25,434 INFO     [pooled] Saved artefacts for DUK
2026-04-29 09:38:25,439 INFO     [pooled] Saved artefacts for SO
2026-04-29 09:38:25,444 INFO     [pooled] Saved artefacts for AEP
2026-04-29 09:38:25,450 INFO     [pooled] Saved artefacts for EXC
2026-04-29 09:38:25,464 INFO     [pooled] Saved artefacts for XEL
2026-04-29 09:38:25,480 INFO     [pooled] Saved artefacts for SRE
2026-04-29 09:38:25,488 INFO     [pooled] Saved artefacts for D
2026-04-29 09:38:25,494 INFO     [pooled] Saved artefacts for PEG
2026-04-29 09:38:25,499 INFO     [pooled] Saved artefacts for ED
2026-04-29 09:38:25,504 INFO     [pooled] Saved artefacts for PLD
2026-04-29 09:38:25,510 INFO     [pooled] Saved artefacts for AMT
2026-04-29 09:38:25,515 INFO     [pooled] Saved artefacts for EQIX
2026-04-29 09:38:25,520 INFO     [pooled] Saved artefacts for CCI
2026-04-29 09:38:25,525 INFO     [pooled] Saved artefacts for PSA
2026-04-29 09:38:25,530 INFO     [pooled] Saved artefacts for O
2026-04-29 09:38:25,536 INFO     [pooled] Saved artefacts for WELL
2026-04-29 09:38:25,540 INFO     [pooled] Saved artefacts for SPG
2026-04-29 09:38:25,545 INFO     [pooled] Saved artefacts for EQR
2026-04-29 09:38:25,550 INFO     [pooled] Saved artefacts for AVB
2026-04-29 09:38:25,555 INFO     [pooled] Saved artefacts for LIN
2026-04-29 09:38:25,560 INFO     [pooled] Saved artefacts for FCX
2026-04-29 09:38:25,567 INFO     [pooled] Saved artefacts for APD
2026-04-29 09:38:25,572 INFO     [pooled] Saved artefacts for SHW
2026-04-29 09:38:25,577 INFO     [pooled] Saved artefacts for ECL
2026-04-29 09:38:25,583 INFO     [pooled] Saved artefacts for NEM
2026-04-29 09:38:25,588 INFO     [pooled] Saved artefacts for NUE
2026-04-29 09:38:25,593 INFO     [pooled] Saved artefacts for DOW
2026-04-29 09:38:25,599 INFO     [pooled] Saved artefacts for DD
2026-04-29 09:38:25,604 INFO     [pooled] Saved artefacts for IFF
2026-04-29 09:38:25,609 INFO     [pooled] Saved artefacts for T
2026-04-29 09:38:25,614 INFO     [pooled] Saved artefacts for VZ
2026-04-29 09:38:25,619 INFO     [pooled] Saved artefacts for NFLX
2026-04-29 09:38:25,624 INFO     [pooled] Saved artefacts for CMCSA
2026-04-29 09:38:25,629 INFO     [pooled] Saved artefacts for DIS
2026-04-29 09:38:25,634 INFO     [pooled] Saved artefacts for TMUS
2026-04-29 09:38:25,639 INFO     [pooled] Saved artefacts for CHTR
2026-04-29 09:38:25,645 INFO     [pooled] Saved artefacts for EA
2026-04-29 09:38:25,650 INFO     [pooled] Saved artefacts for OMC
2026-04-29 09:38:25,655 INFO     [pooled] Saved artefacts for LYV
2026-04-29 09:38:25,655 INFO     [pooled] Skipping artefact save for training-only ticker FRC
2026-04-29 09:38:25,655 INFO     [pooled] Skipping artefact save for training-only ticker BBBY
2026-04-29 09:38:25,655 INFO     [pooled] Done. 149 tickers, 48.40% acc vs 46.40% baseline
2026-04-29 09:47:20,427 INFO     Leakage audit output:
[leakage_audit] wrote /Users/amos/Code/Stock Market AI Bot/logs/leakage_audit.json
[leakage_audit] all tickers passed.
2026-04-29 09:47:20,427 INFO     POOLED_TRAINING=True — training cross-sectional model on all tickers (tune_hyperparams=True)
2026-04-29 09:47:20,427 INFO     [pooled] Starting cross-sectional training on 149 tickers (147 prediction, 2 training-only/survivorship)
2026-04-29 09:47:22,427 INFO     [pooled] Common feature set: 76 features across 149 tickers
2026-04-29 09:47:47,484 INFO     [pooled] Train rows: 84300  Calib rows: 91635  Test rows: 91633
2026-04-29 09:47:48,354 INFO     [pooled] Running nested walk-forward CV hyperparameter search (84300 train rows, 4 outer × 3 inner folds)...
2026-04-29 10:24:32,132 INFO     [pooled] Nested CV best params (avg of 3 folds, mean AUC=0.5151): {'max_depth': 6, 'min_child_weight': 5, 'reg_lambda': 1.0}
2026-04-29 10:24:32,135 INFO     [pooled]   fold 1: score=0.5117  params={'max_depth': 4, 'min_child_weight': 3, 'reg_lambda': 1.0}
2026-04-29 10:24:32,135 INFO     [pooled]   fold 1: score=0.5278  params={'max_depth': 4, 'min_child_weight': 3, 'reg_lambda': 5.0}
2026-04-29 10:24:32,135 INFO     [pooled]   fold 1: score=0.5034  params={'max_depth': 4, 'min_child_weight': 3, 'reg_lambda': 10.0}
2026-04-29 10:24:32,135 INFO     [pooled]   fold 1: score=0.5201  params={'max_depth': 4, 'min_child_weight': 5, 'reg_lambda': 1.0}
2026-04-29 10:24:32,135 INFO     [pooled]   fold 1: score=0.5100  params={'max_depth': 4, 'min_child_weight': 5, 'reg_lambda': 5.0}
2026-04-29 10:24:32,135 INFO     [pooled]   fold 1: score=0.5166  params={'max_depth': 4, 'min_child_weight': 5, 'reg_lambda': 10.0}
2026-04-29 10:24:32,135 INFO     [pooled]   fold 1: score=0.5016  params={'max_depth': 4, 'min_child_weight': 10, 'reg_lambda': 1.0}
2026-04-29 10:24:32,135 INFO     [pooled]   fold 1: score=0.5082  params={'max_depth': 4, 'min_child_weight': 10, 'reg_lambda': 5.0}
2026-04-29 10:24:32,135 INFO     [pooled]   fold 1: score=0.5129  params={'max_depth': 4, 'min_child_weight': 10, 'reg_lambda': 10.0}
2026-04-29 10:24:32,135 INFO     [pooled]   fold 1: score=0.5026  params={'max_depth': 5, 'min_child_weight': 3, 'reg_lambda': 1.0}
2026-04-29 10:24:32,135 INFO     [pooled]   fold 1: score=0.4950  params={'max_depth': 5, 'min_child_weight': 3, 'reg_lambda': 5.0}
2026-04-29 10:24:32,135 INFO     [pooled]   fold 1: score=0.4861  params={'max_depth': 5, 'min_child_weight': 3, 'reg_lambda': 10.0}
2026-04-29 10:24:32,135 INFO     [pooled]   fold 1: score=0.5325  params={'max_depth': 5, 'min_child_weight': 5, 'reg_lambda': 1.0}
2026-04-29 10:24:32,135 INFO     [pooled]   fold 1: score=0.4781  params={'max_depth': 5, 'min_child_weight': 5, 'reg_lambda': 5.0}
2026-04-29 10:24:32,135 INFO     [pooled]   fold 1: score=0.4885  params={'max_depth': 5, 'min_child_weight': 5, 'reg_lambda': 10.0}
2026-04-29 10:24:32,135 INFO     [pooled]   fold 1: score=0.5473  params={'max_depth': 5, 'min_child_weight': 10, 'reg_lambda': 1.0}
2026-04-29 10:24:32,135 INFO     [pooled]   fold 1: score=0.4885  params={'max_depth': 5, 'min_child_weight': 10, 'reg_lambda': 5.0}
2026-04-29 10:24:32,135 INFO     [pooled]   fold 1: score=0.4843  params={'max_depth': 5, 'min_child_weight': 10, 'reg_lambda': 10.0}
2026-04-29 10:24:32,135 INFO     [pooled]   fold 1: score=0.5059  params={'max_depth': 6, 'min_child_weight': 3, 'reg_lambda': 1.0}
2026-04-29 10:24:32,135 INFO     [pooled]   fold 1: score=0.5008  params={'max_depth': 6, 'min_child_weight': 3, 'reg_lambda': 5.0}
2026-04-29 10:24:32,135 INFO     [pooled]   fold 1: score=0.4844  params={'max_depth': 6, 'min_child_weight': 3, 'reg_lambda': 10.0}
2026-04-29 10:24:32,135 INFO     [pooled]   fold 1: score=0.5071  params={'max_depth': 6, 'min_child_weight': 5, 'reg_lambda': 1.0}
2026-04-29 10:24:32,135 INFO     [pooled]   fold 1: score=0.5033  params={'max_depth': 6, 'min_child_weight': 5, 'reg_lambda': 5.0}
2026-04-29 10:24:32,135 INFO     [pooled]   fold 1: score=0.4931  params={'max_depth': 6, 'min_child_weight': 5, 'reg_lambda': 10.0}
2026-04-29 10:24:32,135 INFO     [pooled]   fold 1: score=0.5094  params={'max_depth': 6, 'min_child_weight': 10, 'reg_lambda': 1.0}
2026-04-29 10:24:32,135 INFO     [pooled]   fold 1: score=0.5058  params={'max_depth': 6, 'min_child_weight': 10, 'reg_lambda': 5.0}
2026-04-29 10:24:32,135 INFO     [pooled]   fold 1: score=0.4977  params={'max_depth': 6, 'min_child_weight': 10, 'reg_lambda': 10.0}
2026-04-29 10:24:32,136 INFO     [pooled]   fold 2: score=0.5141  params={'max_depth': 4, 'min_child_weight': 3, 'reg_lambda': 1.0}
2026-04-29 10:24:32,136 INFO     [pooled]   fold 2: score=0.5053  params={'max_depth': 4, 'min_child_weight': 3, 'reg_lambda': 5.0}
2026-04-29 10:24:32,136 INFO     [pooled]   fold 2: score=0.4904  params={'max_depth': 4, 'min_child_weight': 3, 'reg_lambda': 10.0}
2026-04-29 10:24:32,136 INFO     [pooled]   fold 2: score=0.5018  params={'max_depth': 4, 'min_child_weight': 5, 'reg_lambda': 1.0}
2026-04-29 10:24:32,136 INFO     [pooled]   fold 2: score=0.5059  params={'max_depth': 4, 'min_child_weight': 5, 'reg_lambda': 5.0}
2026-04-29 10:24:32,136 INFO     [pooled]   fold 2: score=0.4807  params={'max_depth': 4, 'min_child_weight': 5, 'reg_lambda': 10.0}
2026-04-29 10:24:32,136 INFO     [pooled]   fold 2: score=0.5116  params={'max_depth': 4, 'min_child_weight': 10, 'reg_lambda': 1.0}
2026-04-29 10:24:32,136 INFO     [pooled]   fold 2: score=0.4988  params={'max_depth': 4, 'min_child_weight': 10, 'reg_lambda': 5.0}
2026-04-29 10:24:32,136 INFO     [pooled]   fold 2: score=0.4876  params={'max_depth': 4, 'min_child_weight': 10, 'reg_lambda': 10.0}
2026-04-29 10:24:32,136 INFO     [pooled]   fold 2: score=0.4875  params={'max_depth': 5, 'min_child_weight': 3, 'reg_lambda': 1.0}
2026-04-29 10:24:32,136 INFO     [pooled]   fold 2: score=0.4840  params={'max_depth': 5, 'min_child_weight': 3, 'reg_lambda': 5.0}
2026-04-29 10:24:32,136 INFO     [pooled]   fold 2: score=0.4790  params={'max_depth': 5, 'min_child_weight': 3, 'reg_lambda': 10.0}
2026-04-29 10:24:32,136 INFO     [pooled]   fold 2: score=0.4643  params={'max_depth': 5, 'min_child_weight': 5, 'reg_lambda': 1.0}
2026-04-29 10:24:32,136 INFO     [pooled]   fold 2: score=0.5042  params={'max_depth': 5, 'min_child_weight': 5, 'reg_lambda': 5.0}
2026-04-29 10:24:32,136 INFO     [pooled]   fold 2: score=0.4935  params={'max_depth': 5, 'min_child_weight': 5, 'reg_lambda': 10.0}
2026-04-29 10:24:32,136 INFO     [pooled]   fold 2: score=0.4690  params={'max_depth': 5, 'min_child_weight': 10, 'reg_lambda': 1.0}
2026-04-29 10:24:32,136 INFO     [pooled]   fold 2: score=0.4847  params={'max_depth': 5, 'min_child_weight': 10, 'reg_lambda': 5.0}
2026-04-29 10:24:32,136 INFO     [pooled]   fold 2: score=0.4559  params={'max_depth': 5, 'min_child_weight': 10, 'reg_lambda': 10.0}
2026-04-29 10:24:32,136 INFO     [pooled]   fold 2: score=0.4433  params={'max_depth': 6, 'min_child_weight': 3, 'reg_lambda': 1.0}
2026-04-29 10:24:32,136 INFO     [pooled]   fold 2: score=0.4761  params={'max_depth': 6, 'min_child_weight': 3, 'reg_lambda': 5.0}
2026-04-29 10:24:32,136 INFO     [pooled]   fold 2: score=0.4626  params={'max_depth': 6, 'min_child_weight': 3, 'reg_lambda': 10.0}
2026-04-29 10:24:32,136 INFO     [pooled]   fold 2: score=0.4836  params={'max_depth': 6, 'min_child_weight': 5, 'reg_lambda': 1.0}
2026-04-29 10:24:32,136 INFO     [pooled]   fold 2: score=0.4688  params={'max_depth': 6, 'min_child_weight': 5, 'reg_lambda': 5.0}
2026-04-29 10:24:32,136 INFO     [pooled]   fold 2: score=0.4961  params={'max_depth': 6, 'min_child_weight': 5, 'reg_lambda': 10.0}
2026-04-29 10:24:32,136 INFO     [pooled]   fold 2: score=0.4646  params={'max_depth': 6, 'min_child_weight': 10, 'reg_lambda': 1.0}
2026-04-29 10:24:32,136 INFO     [pooled]   fold 2: score=0.4831  params={'max_depth': 6, 'min_child_weight': 10, 'reg_lambda': 5.0}
2026-04-29 10:24:32,136 INFO     [pooled]   fold 2: score=0.4877  params={'max_depth': 6, 'min_child_weight': 10, 'reg_lambda': 10.0}
2026-04-29 10:24:32,136 INFO     [pooled]   fold 3: score=0.5141  params={'max_depth': 4, 'min_child_weight': 3, 'reg_lambda': 1.0}
2026-04-29 10:24:32,136 INFO     [pooled]   fold 3: score=0.4929  params={'max_depth': 4, 'min_child_weight': 3, 'reg_lambda': 5.0}
2026-04-29 10:24:32,136 INFO     [pooled]   fold 3: score=0.5304  params={'max_depth': 4, 'min_child_weight': 3, 'reg_lambda': 10.0}
2026-04-29 10:24:32,136 INFO     [pooled]   fold 3: score=0.4872  params={'max_depth': 4, 'min_child_weight': 5, 'reg_lambda': 1.0}
2026-04-29 10:24:32,136 INFO     [pooled]   fold 3: score=0.5052  params={'max_depth': 4, 'min_child_weight': 5, 'reg_lambda': 5.0}
2026-04-29 10:24:32,136 INFO     [pooled]   fold 3: score=0.5202  params={'max_depth': 4, 'min_child_weight': 5, 'reg_lambda': 10.0}
2026-04-29 10:24:32,136 INFO     [pooled]   fold 3: score=0.5091  params={'max_depth': 4, 'min_child_weight': 10, 'reg_lambda': 1.0}
2026-04-29 10:24:32,136 INFO     [pooled]   fold 3: score=0.5159  params={'max_depth': 4, 'min_child_weight': 10, 'reg_lambda': 5.0}
2026-04-29 10:24:32,136 INFO     [pooled]   fold 3: score=0.5156  params={'max_depth': 4, 'min_child_weight': 10, 'reg_lambda': 10.0}
2026-04-29 10:24:32,136 INFO     [pooled]   fold 3: score=0.5252  params={'max_depth': 5, 'min_child_weight': 3, 'reg_lambda': 1.0}
2026-04-29 10:24:32,136 INFO     [pooled]   fold 3: score=0.5373  params={'max_depth': 5, 'min_child_weight': 3, 'reg_lambda': 5.0}
2026-04-29 10:24:32,136 INFO     [pooled]   fold 3: score=0.5320  params={'max_depth': 5, 'min_child_weight': 3, 'reg_lambda': 10.0}
2026-04-29 10:24:32,136 INFO     [pooled]   fold 3: score=0.5266  params={'max_depth': 5, 'min_child_weight': 5, 'reg_lambda': 1.0}
2026-04-29 10:24:32,136 INFO     [pooled]   fold 3: score=0.5040  params={'max_depth': 5, 'min_child_weight': 5, 'reg_lambda': 5.0}
2026-04-29 10:24:32,136 INFO     [pooled]   fold 3: score=0.5048  params={'max_depth': 5, 'min_child_weight': 5, 'reg_lambda': 10.0}
2026-04-29 10:24:32,136 INFO     [pooled]   fold 3: score=0.5191  params={'max_depth': 5, 'min_child_weight': 10, 'reg_lambda': 1.0}
2026-04-29 10:24:32,136 INFO     [pooled]   fold 3: score=0.5302  params={'max_depth': 5, 'min_child_weight': 10, 'reg_lambda': 5.0}
2026-04-29 10:24:32,136 INFO     [pooled]   fold 3: score=0.5214  params={'max_depth': 5, 'min_child_weight': 10, 'reg_lambda': 10.0}
2026-04-29 10:24:32,136 INFO     [pooled]   fold 3: score=0.5494  params={'max_depth': 6, 'min_child_weight': 3, 'reg_lambda': 1.0}
2026-04-29 10:24:32,136 INFO     [pooled]   fold 3: score=0.5360  params={'max_depth': 6, 'min_child_weight': 3, 'reg_lambda': 5.0}
2026-04-29 10:24:32,136 INFO     [pooled]   fold 3: score=0.5294  params={'max_depth': 6, 'min_child_weight': 3, 'reg_lambda': 10.0}
2026-04-29 10:24:32,136 INFO     [pooled]   fold 3: score=0.5547  params={'max_depth': 6, 'min_child_weight': 5, 'reg_lambda': 1.0}
2026-04-29 10:24:32,136 INFO     [pooled]   fold 3: score=0.5601  params={'max_depth': 6, 'min_child_weight': 5, 'reg_lambda': 5.0}
2026-04-29 10:24:32,137 INFO     [pooled]   fold 3: score=0.5224  params={'max_depth': 6, 'min_child_weight': 5, 'reg_lambda': 10.0}
2026-04-29 10:24:32,137 INFO     [pooled]   fold 3: score=0.5517  params={'max_depth': 6, 'min_child_weight': 10, 'reg_lambda': 1.0}
2026-04-29 10:24:32,137 INFO     [pooled]   fold 3: score=0.5492  params={'max_depth': 6, 'min_child_weight': 10, 'reg_lambda': 5.0}
2026-04-29 10:24:32,137 INFO     [pooled]   fold 3: score=0.5144  params={'max_depth': 6, 'min_child_weight': 10, 'reg_lambda': 10.0}
2026-04-29 10:24:32,138 INFO     [pooled] Saved tuned params to /Users/amos/Code/Stock Market AI Bot/models/pooled_best_xgb_params.json
2026-04-29 10:24:39,166 INFO     [pooled] Found 0 sentiment + 0 macro/regime + 180 xs_rank features in candidate set
2026-04-29 10:24:39,167 INFO     [pooled] Feature pruning: 949 → 187 cols  (38 base kept of 800, 762 dropped, 149 dummies always kept, 0 sentiment kept, 0 macro/regime kept, 12 xs_rank kept)
2026-04-29 10:24:39,430 INFO     build_models: applying tuned param overrides: {'max_depth': 6, 'min_child_weight': 5, 'reg_lambda': 1.0}
2026-04-29 10:24:39,431 INFO     build_models: class balance via sample_weight  (n_pos=39988, n_neg=44312, w_pos=1.108)
2026-04-29 10:24:41,039 INFO     [pooled] h5 class balance: n_pos=47472  n_neg=36828  w_pos=0.776
2026-04-29 10:24:41,322 INFO     [pooled] h5 model trained on 84300 rows
2026-04-29 10:24:41,366 INFO     [pooled] Confidence threshold: 52.5 (fallback=True)
2026-04-29 10:24:41,366 INFO     [pooled] Conformal qhat(alpha=0.20): 0.5188
2026-04-29 10:24:41,392 INFO     [pooled] Test accuracy: 49.20%  baseline: 46.40%  threshold: 52.5%
2026-04-29 10:24:41,405 INFO     [pooled] Test AUC: 0.5101  AP: 0.4738  (acc edge over baseline: +2.80pp)
2026-04-29 10:24:41,405 WARNING  [pooled] Confidence diagnostics failed: confidence_not_correlated_with_correctness; bucket_precision_not_monotonic
2026-04-29 10:25:01,789 INFO     [pooled] LR-L1 baseline: test AUC=0.5045  AP=0.4693  best_C=0.01  cal_AUC=0.4925  nonzero_coefs=168/187
2026-04-29 10:25:01,789 INFO     [pooled] AUC verdict — XGB: 0.5101  LR-L1: 0.5045  →  XGB ≈ LR (Δ=-0.0055) — both models extract the same signal level; feature set is the bottleneck
2026-04-29 10:25:01,907 INFO     [pooled] Saved results plot /Users/amos/Code/Stock Market AI Bot/models/pooled_xgb_only_results.png
2026-04-29 10:25:02,281 INFO     [pooled] Saved per-ticker plot /Users/amos/Code/Stock Market AI Bot/models/pooled_ticker_accuracy.png
2026-04-29 10:25:02,288 INFO     [pooled] Saved h5 model to pooled_xgb_dir_h5.json
2026-04-29 10:25:02,296 INFO     [pooled] Saved artefacts for AAPL
2026-04-29 10:25:02,301 INFO     [pooled] Saved artefacts for MSFT
2026-04-29 10:25:02,308 INFO     [pooled] Saved artefacts for NVDA
2026-04-29 10:25:02,314 INFO     [pooled] Saved artefacts for AMD
2026-04-29 10:25:02,319 INFO     [pooled] Saved artefacts for GOOGL
2026-04-29 10:25:02,325 INFO     [pooled] Saved artefacts for META
2026-04-29 10:25:02,330 INFO     [pooled] Saved artefacts for INTC
2026-04-29 10:25:02,336 INFO     [pooled] Saved artefacts for MU
2026-04-29 10:25:02,342 INFO     [pooled] Saved artefacts for CRM
2026-04-29 10:25:02,347 INFO     [pooled] Saved artefacts for ORCL
2026-04-29 10:25:02,352 INFO     [pooled] Saved artefacts for ADBE
2026-04-29 10:25:02,358 INFO     [pooled] Saved artefacts for AVGO
2026-04-29 10:25:02,363 INFO     [pooled] Saved artefacts for TXN
2026-04-29 10:25:02,369 INFO     [pooled] Saved artefacts for QCOM
2026-04-29 10:25:02,375 INFO     [pooled] Saved artefacts for AMAT
2026-04-29 10:25:02,381 INFO     [pooled] Saved artefacts for CSCO
2026-04-29 10:25:02,386 INFO     [pooled] Saved artefacts for IBM
2026-04-29 10:25:02,391 INFO     [pooled] Saved artefacts for NOW
2026-04-29 10:25:02,396 INFO     [pooled] Saved artefacts for AMZN
2026-04-29 10:25:02,401 INFO     [pooled] Saved artefacts for TSLA
2026-04-29 10:25:02,407 INFO     [pooled] Saved artefacts for HD
2026-04-29 10:25:02,413 INFO     [pooled] Saved artefacts for MCD
2026-04-29 10:25:02,418 INFO     [pooled] Saved artefacts for NKE
2026-04-29 10:25:02,423 INFO     [pooled] Saved artefacts for SBUX
2026-04-29 10:25:02,428 INFO     [pooled] Saved artefacts for BKNG
2026-04-29 10:25:02,434 INFO     [pooled] Saved artefacts for TJX
2026-04-29 10:25:02,439 INFO     [pooled] Saved artefacts for LOW
2026-04-29 10:25:02,444 INFO     [pooled] Saved artefacts for MAR
2026-04-29 10:25:02,450 INFO     [pooled] Saved artefacts for GM
2026-04-29 10:25:02,455 INFO     [pooled] Saved artefacts for F
2026-04-29 10:25:02,461 INFO     [pooled] Saved artefacts for ROST
2026-04-29 10:25:02,466 INFO     [pooled] Saved artefacts for EBAY
2026-04-29 10:25:02,471 INFO     [pooled] Saved artefacts for JPM
2026-04-29 10:25:02,477 INFO     [pooled] Saved artefacts for GS
2026-04-29 10:25:02,483 INFO     [pooled] Saved artefacts for BAC
2026-04-29 10:25:02,488 INFO     [pooled] Saved artefacts for V
2026-04-29 10:25:02,494 INFO     [pooled] Saved artefacts for MA
2026-04-29 10:25:02,499 INFO     [pooled] Saved artefacts for BRK-B
2026-04-29 10:25:02,506 INFO     [pooled] Saved artefacts for WFC
2026-04-29 10:25:02,512 INFO     [pooled] Saved artefacts for MS
2026-04-29 10:25:02,517 INFO     [pooled] Saved artefacts for C
2026-04-29 10:25:02,522 INFO     [pooled] Saved artefacts for AXP
2026-04-29 10:25:02,527 INFO     [pooled] Saved artefacts for BLK
2026-04-29 10:25:02,532 INFO     [pooled] Saved artefacts for SCHW
2026-04-29 10:25:02,537 INFO     [pooled] Saved artefacts for USB
2026-04-29 10:25:02,543 INFO     [pooled] Saved artefacts for SPGI
2026-04-29 10:25:02,549 INFO     [pooled] Saved artefacts for COF
2026-04-29 10:25:02,554 INFO     [pooled] Saved artefacts for PNC
2026-04-29 10:25:02,561 INFO     [pooled] Saved artefacts for TRV
2026-04-29 10:25:02,566 INFO     [pooled] Saved artefacts for AIG
2026-04-29 10:25:02,571 INFO     [pooled] Saved artefacts for UNH
2026-04-29 10:25:02,576 INFO     [pooled] Saved artefacts for JNJ
2026-04-29 10:25:02,582 INFO     [pooled] Saved artefacts for ABBV
2026-04-29 10:25:02,587 INFO     [pooled] Saved artefacts for LLY
2026-04-29 10:25:02,594 INFO     [pooled] Saved artefacts for PFE
2026-04-29 10:25:02,599 INFO     [pooled] Saved artefacts for MRK
2026-04-29 10:25:02,605 INFO     [pooled] Saved artefacts for TMO
2026-04-29 10:25:02,610 INFO     [pooled] Saved artefacts for ABT
2026-04-29 10:25:02,616 INFO     [pooled] Saved artefacts for DHR
2026-04-29 10:25:02,621 INFO     [pooled] Saved artefacts for BMY
2026-04-29 10:25:02,626 INFO     [pooled] Saved artefacts for AMGN
2026-04-29 10:25:02,632 INFO     [pooled] Saved artefacts for GILD
2026-04-29 10:25:02,637 INFO     [pooled] Saved artefacts for CVS
2026-04-29 10:25:02,642 INFO     [pooled] Saved artefacts for MDT
2026-04-29 10:25:02,648 INFO     [pooled] Saved artefacts for ISRG
2026-04-29 10:25:02,653 INFO     [pooled] Saved artefacts for SYK
2026-04-29 10:25:02,659 INFO     [pooled] Saved artefacts for BSX
2026-04-29 10:25:02,664 INFO     [pooled] Saved artefacts for CI
2026-04-29 10:25:02,670 INFO     [pooled] Saved artefacts for XOM
2026-04-29 10:25:02,675 INFO     [pooled] Saved artefacts for CVX
2026-04-29 10:25:02,680 INFO     [pooled] Saved artefacts for COP
2026-04-29 10:25:02,687 INFO     [pooled] Saved artefacts for EOG
2026-04-29 10:25:02,692 INFO     [pooled] Saved artefacts for SLB
2026-04-29 10:25:02,697 INFO     [pooled] Saved artefacts for MPC
2026-04-29 10:25:02,702 INFO     [pooled] Saved artefacts for OXY
2026-04-29 10:25:02,707 INFO     [pooled] Saved artefacts for PSX
2026-04-29 10:25:02,713 INFO     [pooled] Saved artefacts for VLO
2026-04-29 10:25:02,718 INFO     [pooled] Saved artefacts for KMI
2026-04-29 10:25:02,723 INFO     [pooled] Saved artefacts for WMB
2026-04-29 10:25:02,728 INFO     [pooled] Saved artefacts for CAT
2026-04-29 10:25:02,733 INFO     [pooled] Saved artefacts for DE
2026-04-29 10:25:02,739 INFO     [pooled] Saved artefacts for UPS
2026-04-29 10:25:02,744 INFO     [pooled] Saved artefacts for UNP
2026-04-29 10:25:02,749 INFO     [pooled] Saved artefacts for BA
2026-04-29 10:25:02,754 INFO     [pooled] Saved artefacts for HON
2026-04-29 10:25:02,759 INFO     [pooled] Saved artefacts for GE
2026-04-29 10:25:02,764 INFO     [pooled] Saved artefacts for RTX
2026-04-29 10:25:02,770 INFO     [pooled] Saved artefacts for LMT
2026-04-29 10:25:02,775 INFO     [pooled] Saved artefacts for MMM
2026-04-29 10:25:02,782 INFO     [pooled] Saved artefacts for FDX
2026-04-29 10:25:02,787 INFO     [pooled] Saved artefacts for NOC
2026-04-29 10:25:02,792 INFO     [pooled] Saved artefacts for EMR
2026-04-29 10:25:02,797 INFO     [pooled] Saved artefacts for ETN
2026-04-29 10:25:02,802 INFO     [pooled] Saved artefacts for PH
2026-04-29 10:25:02,807 INFO     [pooled] Saved artefacts for CSX
2026-04-29 10:25:02,813 INFO     [pooled] Saved artefacts for COST
2026-04-29 10:25:02,818 INFO     [pooled] Saved artefacts for PG
2026-04-29 10:25:02,823 INFO     [pooled] Saved artefacts for KO
2026-04-29 10:25:02,828 INFO     [pooled] Saved artefacts for WMT
2026-04-29 10:25:02,834 INFO     [pooled] Saved artefacts for PEP
2026-04-29 10:25:02,841 INFO     [pooled] Saved artefacts for MO
2026-04-29 10:25:02,846 INFO     [pooled] Saved artefacts for PM
2026-04-29 10:25:02,851 INFO     [pooled] Saved artefacts for CL
2026-04-29 10:25:02,857 INFO     [pooled] Saved artefacts for KMB
2026-04-29 10:25:02,863 INFO     [pooled] Saved artefacts for GIS
2026-04-29 10:25:02,868 INFO     [pooled] Saved artefacts for SYY
2026-04-29 10:25:02,873 INFO     [pooled] Saved artefacts for HSY
2026-04-29 10:25:02,878 INFO     [pooled] Saved artefacts for NEE
2026-04-29 10:25:02,883 INFO     [pooled] Saved artefacts for DUK
2026-04-29 10:25:02,888 INFO     [pooled] Saved artefacts for SO
2026-04-29 10:25:02,893 INFO     [pooled] Saved artefacts for AEP
2026-04-29 10:25:02,899 INFO     [pooled] Saved artefacts for EXC
2026-04-29 10:25:02,904 INFO     [pooled] Saved artefacts for XEL
2026-04-29 10:25:02,909 INFO     [pooled] Saved artefacts for SRE
2026-04-29 10:25:02,914 INFO     [pooled] Saved artefacts for D
2026-04-29 10:25:02,919 INFO     [pooled] Saved artefacts for PEG
2026-04-29 10:25:02,925 INFO     [pooled] Saved artefacts for ED
2026-04-29 10:25:02,930 INFO     [pooled] Saved artefacts for PLD
2026-04-29 10:25:02,935 INFO     [pooled] Saved artefacts for AMT
2026-04-29 10:25:02,940 INFO     [pooled] Saved artefacts for EQIX
2026-04-29 10:25:02,945 INFO     [pooled] Saved artefacts for CCI
2026-04-29 10:25:02,950 INFO     [pooled] Saved artefacts for PSA
2026-04-29 10:25:02,955 INFO     [pooled] Saved artefacts for O
2026-04-29 10:25:02,961 INFO     [pooled] Saved artefacts for WELL
2026-04-29 10:25:02,966 INFO     [pooled] Saved artefacts for SPG
2026-04-29 10:25:02,971 INFO     [pooled] Saved artefacts for EQR
2026-04-29 10:25:02,976 INFO     [pooled] Saved artefacts for AVB
2026-04-29 10:25:02,981 INFO     [pooled] Saved artefacts for LIN
2026-04-29 10:25:02,986 INFO     [pooled] Saved artefacts for FCX
2026-04-29 10:25:02,992 INFO     [pooled] Saved artefacts for APD
2026-04-29 10:25:02,997 INFO     [pooled] Saved artefacts for SHW
2026-04-29 10:25:03,002 INFO     [pooled] Saved artefacts for ECL
2026-04-29 10:25:03,007 INFO     [pooled] Saved artefacts for NEM
2026-04-29 10:25:03,013 INFO     [pooled] Saved artefacts for NUE
2026-04-29 10:25:03,018 INFO     [pooled] Saved artefacts for DOW
2026-04-29 10:25:03,023 INFO     [pooled] Saved artefacts for DD
2026-04-29 10:25:03,028 INFO     [pooled] Saved artefacts for IFF
2026-04-29 10:25:03,033 INFO     [pooled] Saved artefacts for T
2026-04-29 10:25:03,038 INFO     [pooled] Saved artefacts for VZ
2026-04-29 10:25:03,044 INFO     [pooled] Saved artefacts for NFLX
2026-04-29 10:25:03,049 INFO     [pooled] Saved artefacts for CMCSA
2026-04-29 10:25:03,054 INFO     [pooled] Saved artefacts for DIS
2026-04-29 10:25:03,059 INFO     [pooled] Saved artefacts for TMUS
2026-04-29 10:25:03,064 INFO     [pooled] Saved artefacts for CHTR
2026-04-29 10:25:03,070 INFO     [pooled] Saved artefacts for EA
2026-04-29 10:25:03,075 INFO     [pooled] Saved artefacts for OMC
2026-04-29 10:25:03,081 INFO     [pooled] Saved artefacts for LYV
2026-04-29 10:25:03,081 INFO     [pooled] Skipping artefact save for training-only ticker FRC
2026-04-29 10:25:03,081 INFO     [pooled] Skipping artefact save for training-only ticker BBBY
2026-04-29 10:25:03,081 INFO     [pooled] Done. 149 tickers, 49.20% acc vs 46.40% baseline
2026-04-29 13:51:42,133 INFO     Leakage audit output:
[leakage_audit] wrote /Users/amos/Code/Stock Market AI Bot/logs/leakage_audit.json
[leakage_audit] all tickers passed.
2026-04-29 13:51:42,133 INFO     POOLED_TRAINING=True — training cross-sectional model on all tickers (tune_hyperparams=True)
2026-04-29 13:51:42,133 INFO     [pooled] Starting cross-sectional training on 149 tickers (147 prediction, 2 training-only/survivorship)
2026-04-29 13:51:44,066 INFO     [pooled] Common feature set: 88 features across 149 tickers
2026-04-29 14:41:01,276 INFO     [pooled] Train rows: 84300  Calib rows: 91635  Test rows: 91631
2026-04-29 14:41:02,622 INFO     [pooled] Running nested walk-forward CV hyperparameter search (84300 train rows, 4 outer × 3 inner folds)...
2026-04-29 14:50:54,844 INFO     Leakage audit output:
[leakage_audit] wrote /Users/amos/Code/Stock Market AI Bot/logs/leakage_audit.json
[leakage_audit] all tickers passed.
2026-04-29 14:50:54,844 INFO     POOLED_TRAINING=True — training cross-sectional model on all tickers (tune_hyperparams=True)
2026-04-29 14:50:54,844 INFO     [pooled] Starting cross-sectional training on 149 tickers (147 prediction, 2 training-only/survivorship)
2026-04-29 14:50:57,021 INFO     [pooled] Common feature set: 104 features across 149 tickers
2026-04-29 14:51:31,343 INFO     [pooled] Train rows: 84300  Calib rows: 91635  Test rows: 91631
2026-04-29 14:51:32,948 INFO     [pooled] Running nested walk-forward CV hyperparameter search (84300 train rows, 4 outer × 3 inner folds)...
2026-04-29 18:32:42,005 INFO     Leakage audit output:
[leakage_audit] wrote /Users/amos/Code/Stock Market AI Bot/logs/leakage_audit.json
[leakage_audit] all tickers passed.
2026-04-29 18:32:42,005 INFO     POOLED_TRAINING=True — training cross-sectional model on all tickers (tune_hyperparams=True)
2026-04-29 18:32:42,005 INFO     [pooled] Starting cross-sectional training on 149 tickers (147 prediction, 2 training-only/survivorship)
2026-04-29 18:32:44,162 INFO     [pooled] Common feature set: 104 features across 149 tickers
2026-04-29 18:33:19,637 INFO     [pooled] Train rows: 84300  Calib rows: 91635  Test rows: 91631
2026-04-29 18:33:21,654 INFO     [pooled] Running nested walk-forward CV hyperparameter search (84300 train rows, 4 outer × 3 inner folds)...
2026-04-29 22:03:34,799 INFO     Leakage audit output:
[leakage_audit] wrote /Users/amos/Code/Stock Market AI Bot/logs/leakage_audit.json
[leakage_audit] all tickers passed.
2026-04-29 22:03:34,800 INFO     POOLED_TRAINING=True — training cross-sectional model on all tickers (tune_hyperparams=True)
2026-04-29 22:03:34,800 INFO     [pooled] Starting cross-sectional training on 149 tickers (147 prediction, 2 training-only/survivorship)
2026-04-29 22:03:36,932 INFO     [pooled] Common feature set: 104 features across 149 tickers
2026-04-29 22:04:09,630 INFO     [pooled] Train rows: 84300  Calib rows: 91635  Test rows: 91631
2026-04-29 22:04:10,981 INFO     [pooled] Running nested walk-forward CV hyperparameter search (84300 train rows, 4 outer × 3 inner folds)...
2026-04-29 23:07:53,334 INFO     POOLED_TRAINING=True — training cross-sectional model on all tickers (tune_hyperparams=False)
2026-04-29 23:07:53,334 INFO     [pooled] Starting cross-sectional training on 149 tickers (147 prediction, 2 training-only/survivorship)
2026-04-29 23:07:55,498 INFO     [pooled] Common feature set: 104 features across 149 tickers
2026-04-29 23:14:16,090 INFO     POOLED_TRAINING=True — training cross-sectional model on all tickers (tune_hyperparams=False)
2026-04-29 23:14:16,090 INFO     [pooled] Starting cross-sectional training on 149 tickers (147 prediction, 2 training-only/survivorship)
2026-04-29 23:14:18,293 INFO     [pooled] Common feature set: 104 features across 149 tickers
2026-04-29 23:14:53,328 INFO     [pooled] Train rows: 84300  Calib rows: 91635  Test rows: 91631
2026-04-29 23:15:02,034 INFO     [pooled] Found 160 sentiment + 0 macro/regime + 300 xs_rank features in candidate set
2026-04-29 23:15:02,036 INFO     [pooled] Feature pruning: 1229 → 185 cols  (36 base kept of 1080, 1044 dropped, 149 dummies always kept, 3 sentiment kept, 0 macro/regime kept, 12 xs_rank kept)
2026-04-29 23:15:02,393 INFO     build_models: class balance via sample_weight  (n_pos=39988, n_neg=44312, w_pos=1.108)
2026-04-29 23:15:03,670 INFO     [pooled] h5 class balance: n_pos=47472  n_neg=36828  w_pos=0.776
2026-04-29 23:15:03,943 INFO     [pooled] h5 model trained on 84300 rows
2026-04-29 23:15:03,982 INFO     [pooled] Confidence threshold: 52.5 (fallback=True)
2026-04-29 23:15:03,982 INFO     [pooled] Conformal qhat(alpha=0.20): 0.5135
2026-04-29 23:15:04,043 INFO     [pooled] Test accuracy: 47.81%  baseline: 46.41%  threshold: 52.5%
2026-04-29 23:15:04,055 INFO     [pooled] Test AUC: 0.5015  AP: 0.4659  (acc edge over baseline: +1.40pp)
2026-04-29 23:15:04,055 WARNING  [pooled] Confidence diagnostics failed: confidence_not_correlated_with_correctness; bucket_precision_not_monotonic
2026-04-29 23:15:52,765 INFO     [pooled] LR-L1 baseline: test AUC=0.5062  AP=0.4717  best_C=0.01  cal_AUC=0.4921  nonzero_coefs=161/185
2026-04-29 23:15:52,768 INFO     [pooled] AUC verdict — XGB: 0.5015  LR-L1: 0.5062  →  XGB ≈ LR (Δ=+0.0046) — both models extract the same signal level; feature set is the bottleneck
2026-04-29 23:15:52,958 INFO     [pooled] Saved results plot /Users/amos/Code/Stock Market AI Bot/models/pooled_xgb_only_results.png
2026-04-29 23:15:53,285 INFO     [pooled] Saved per-ticker plot /Users/amos/Code/Stock Market AI Bot/models/pooled_ticker_accuracy.png
2026-04-29 23:15:53,289 INFO     [pooled] Saved h5 model to pooled_xgb_dir_h5.json
2026-04-29 23:15:53,293 INFO     [pooled] Saved artefacts for AAPL
2026-04-29 23:15:53,296 INFO     [pooled] Saved artefacts for MSFT
2026-04-29 23:15:53,299 INFO     [pooled] Saved artefacts for NVDA
2026-04-29 23:15:53,301 INFO     [pooled] Saved artefacts for AMD
2026-04-29 23:15:53,304 INFO     [pooled] Saved artefacts for GOOGL
2026-04-29 23:15:53,307 INFO     [pooled] Saved artefacts for META
2026-04-29 23:15:53,310 INFO     [pooled] Saved artefacts for INTC
2026-04-29 23:15:53,313 INFO     [pooled] Saved artefacts for MU
2026-04-29 23:15:53,315 INFO     [pooled] Saved artefacts for CRM
2026-04-29 23:15:53,318 INFO     [pooled] Saved artefacts for ORCL
2026-04-29 23:15:53,321 INFO     [pooled] Saved artefacts for ADBE
2026-04-29 23:15:53,325 INFO     [pooled] Saved artefacts for AVGO
2026-04-29 23:15:53,328 INFO     [pooled] Saved artefacts for TXN
2026-04-29 23:15:53,330 INFO     [pooled] Saved artefacts for QCOM
2026-04-29 23:15:53,333 INFO     [pooled] Saved artefacts for AMAT
2026-04-29 23:15:53,336 INFO     [pooled] Saved artefacts for CSCO
2026-04-29 23:15:53,339 INFO     [pooled] Saved artefacts for IBM
2026-04-29 23:15:53,341 INFO     [pooled] Saved artefacts for NOW
2026-04-29 23:15:53,344 INFO     [pooled] Saved artefacts for AMZN
2026-04-29 23:15:53,347 INFO     [pooled] Saved artefacts for TSLA
2026-04-29 23:15:53,350 INFO     [pooled] Saved artefacts for HD
2026-04-29 23:15:53,352 INFO     [pooled] Saved artefacts for MCD
2026-04-29 23:15:53,355 INFO     [pooled] Saved artefacts for NKE
2026-04-29 23:15:53,358 INFO     [pooled] Saved artefacts for SBUX
2026-04-29 23:15:53,361 INFO     [pooled] Saved artefacts for BKNG
2026-04-29 23:15:53,365 INFO     [pooled] Saved artefacts for TJX
2026-04-29 23:15:53,368 INFO     [pooled] Saved artefacts for LOW
2026-04-29 23:15:53,371 INFO     [pooled] Saved artefacts for MAR
2026-04-29 23:15:53,374 INFO     [pooled] Saved artefacts for GM
2026-04-29 23:15:53,377 INFO     [pooled] Saved artefacts for F
2026-04-29 23:15:53,380 INFO     [pooled] Saved artefacts for ROST
2026-04-29 23:15:53,382 INFO     [pooled] Saved artefacts for EBAY
2026-04-29 23:15:53,385 INFO     [pooled] Saved artefacts for JPM
2026-04-29 23:15:53,388 INFO     [pooled] Saved artefacts for GS
2026-04-29 23:15:53,391 INFO     [pooled] Saved artefacts for BAC
2026-04-29 23:15:53,393 INFO     [pooled] Saved artefacts for V
2026-04-29 23:15:53,397 INFO     [pooled] Saved artefacts for MA
2026-04-29 23:15:53,400 INFO     [pooled] Saved artefacts for BRK-B
2026-04-29 23:15:53,402 INFO     [pooled] Saved artefacts for WFC
2026-04-29 23:15:53,405 INFO     [pooled] Saved artefacts for MS
2026-04-29 23:15:53,408 INFO     [pooled] Saved artefacts for C
2026-04-29 23:15:53,410 INFO     [pooled] Saved artefacts for AXP
2026-04-29 23:15:53,413 INFO     [pooled] Saved artefacts for BLK
2026-04-29 23:15:53,416 INFO     [pooled] Saved artefacts for SCHW
2026-04-29 23:15:53,419 INFO     [pooled] Saved artefacts for USB
2026-04-29 23:15:53,422 INFO     [pooled] Saved artefacts for SPGI
2026-04-29 23:15:53,424 INFO     [pooled] Saved artefacts for COF
2026-04-29 23:15:53,427 INFO     [pooled] Saved artefacts for PNC
2026-04-29 23:15:53,430 INFO     [pooled] Saved artefacts for TRV
2026-04-29 23:15:53,432 INFO     [pooled] Saved artefacts for AIG
2026-04-29 23:15:53,435 INFO     [pooled] Saved artefacts for UNH
2026-04-29 23:15:53,438 INFO     [pooled] Saved artefacts for JNJ
2026-04-29 23:15:53,441 INFO     [pooled] Saved artefacts for ABBV
2026-04-29 23:15:53,444 INFO     [pooled] Saved artefacts for LLY
2026-04-29 23:15:53,446 INFO     [pooled] Saved artefacts for PFE
2026-04-29 23:15:53,449 INFO     [pooled] Saved artefacts for MRK
2026-04-29 23:15:53,452 INFO     [pooled] Saved artefacts for TMO
2026-04-29 23:15:53,454 INFO     [pooled] Saved artefacts for ABT
2026-04-29 23:15:53,457 INFO     [pooled] Saved artefacts for DHR
2026-04-29 23:15:53,460 INFO     [pooled] Saved artefacts for BMY
2026-04-29 23:15:53,462 INFO     [pooled] Saved artefacts for AMGN
2026-04-29 23:15:53,465 INFO     [pooled] Saved artefacts for GILD
2026-04-29 23:15:53,468 INFO     [pooled] Saved artefacts for CVS
2026-04-29 23:15:53,470 INFO     [pooled] Saved artefacts for MDT
2026-04-29 23:15:53,473 INFO     [pooled] Saved artefacts for ISRG
2026-04-29 23:15:53,475 INFO     [pooled] Saved artefacts for SYK
2026-04-29 23:15:53,478 INFO     [pooled] Saved artefacts for BSX
2026-04-29 23:15:53,481 INFO     [pooled] Saved artefacts for CI
2026-04-29 23:15:53,483 INFO     [pooled] Saved artefacts for XOM
2026-04-29 23:15:53,486 INFO     [pooled] Saved artefacts for CVX
2026-04-29 23:15:53,489 INFO     [pooled] Saved artefacts for COP
2026-04-29 23:15:53,491 INFO     [pooled] Saved artefacts for EOG
2026-04-29 23:15:53,494 INFO     [pooled] Saved artefacts for SLB
2026-04-29 23:15:53,497 INFO     [pooled] Saved artefacts for MPC
2026-04-29 23:15:53,499 INFO     [pooled] Saved artefacts for OXY
2026-04-29 23:15:53,502 INFO     [pooled] Saved artefacts for PSX
2026-04-29 23:15:53,505 INFO     [pooled] Saved artefacts for VLO
2026-04-29 23:15:53,507 INFO     [pooled] Saved artefacts for KMI
2026-04-29 23:15:53,510 INFO     [pooled] Saved artefacts for WMB
2026-04-29 23:15:53,513 INFO     [pooled] Saved artefacts for CAT
2026-04-29 23:15:53,516 INFO     [pooled] Saved artefacts for DE
2026-04-29 23:15:53,519 INFO     [pooled] Saved artefacts for UPS
2026-04-29 23:15:53,521 INFO     [pooled] Saved artefacts for UNP
2026-04-29 23:15:53,524 INFO     [pooled] Saved artefacts for BA
2026-04-29 23:15:53,527 INFO     [pooled] Saved artefacts for HON
2026-04-29 23:15:53,529 INFO     [pooled] Saved artefacts for GE
2026-04-29 23:15:53,532 INFO     [pooled] Saved artefacts for RTX
2026-04-29 23:15:53,535 INFO     [pooled] Saved artefacts for LMT
2026-04-29 23:15:53,537 INFO     [pooled] Saved artefacts for MMM
2026-04-29 23:15:53,540 INFO     [pooled] Saved artefacts for FDX
2026-04-29 23:15:53,543 INFO     [pooled] Saved artefacts for NOC
2026-04-29 23:15:53,545 INFO     [pooled] Saved artefacts for EMR
2026-04-29 23:15:53,548 INFO     [pooled] Saved artefacts for ETN
2026-04-29 23:15:53,551 INFO     [pooled] Saved artefacts for PH
2026-04-29 23:15:53,553 INFO     [pooled] Saved artefacts for CSX
2026-04-29 23:15:53,556 INFO     [pooled] Saved artefacts for COST
2026-04-29 23:15:53,559 INFO     [pooled] Saved artefacts for PG
2026-04-29 23:15:53,561 INFO     [pooled] Saved artefacts for KO
2026-04-29 23:15:53,564 INFO     [pooled] Saved artefacts for WMT
2026-04-29 23:15:53,567 INFO     [pooled] Saved artefacts for PEP
2026-04-29 23:15:53,569 INFO     [pooled] Saved artefacts for MO
2026-04-29 23:15:53,572 INFO     [pooled] Saved artefacts for PM
2026-04-29 23:15:53,574 INFO     [pooled] Saved artefacts for CL
2026-04-29 23:15:53,577 INFO     [pooled] Saved artefacts for KMB
2026-04-29 23:15:53,580 INFO     [pooled] Saved artefacts for GIS
2026-04-29 23:15:53,582 INFO     [pooled] Saved artefacts for SYY
2026-04-29 23:15:53,585 INFO     [pooled] Saved artefacts for HSY
2026-04-29 23:15:53,588 INFO     [pooled] Saved artefacts for NEE
2026-04-29 23:15:53,590 INFO     [pooled] Saved artefacts for DUK
2026-04-29 23:15:53,593 INFO     [pooled] Saved artefacts for SO
2026-04-29 23:15:53,596 INFO     [pooled] Saved artefacts for AEP
2026-04-29 23:15:53,599 INFO     [pooled] Saved artefacts for EXC
2026-04-29 23:15:53,602 INFO     [pooled] Saved artefacts for XEL
2026-04-29 23:15:53,605 INFO     [pooled] Saved artefacts for SRE
2026-04-29 23:15:53,607 INFO     [pooled] Saved artefacts for D
2026-04-29 23:15:53,610 INFO     [pooled] Saved artefacts for PEG
2026-04-29 23:15:53,613 INFO     [pooled] Saved artefacts for ED
2026-04-29 23:15:53,615 INFO     [pooled] Saved artefacts for PLD
2026-04-29 23:15:53,618 INFO     [pooled] Saved artefacts for AMT
2026-04-29 23:15:53,621 INFO     [pooled] Saved artefacts for EQIX
2026-04-29 23:15:53,623 INFO     [pooled] Saved artefacts for CCI
2026-04-29 23:15:53,626 INFO     [pooled] Saved artefacts for PSA
2026-04-29 23:15:53,629 INFO     [pooled] Saved artefacts for O
2026-04-29 23:15:53,631 INFO     [pooled] Saved artefacts for WELL
2026-04-29 23:15:53,634 INFO     [pooled] Saved artefacts for SPG
2026-04-29 23:15:53,637 INFO     [pooled] Saved artefacts for EQR
2026-04-29 23:15:53,639 INFO     [pooled] Saved artefacts for AVB
2026-04-29 23:15:53,642 INFO     [pooled] Saved artefacts for LIN
2026-04-29 23:15:53,645 INFO     [pooled] Saved artefacts for FCX
2026-04-29 23:15:53,647 INFO     [pooled] Saved artefacts for APD
2026-04-29 23:15:53,650 INFO     [pooled] Saved artefacts for SHW
2026-04-29 23:15:53,652 INFO     [pooled] Saved artefacts for ECL
2026-04-29 23:15:53,655 INFO     [pooled] Saved artefacts for NEM
2026-04-29 23:15:53,658 INFO     [pooled] Saved artefacts for NUE
2026-04-29 23:15:53,661 INFO     [pooled] Saved artefacts for DOW
2026-04-29 23:15:53,663 INFO     [pooled] Saved artefacts for DD
2026-04-29 23:15:53,666 INFO     [pooled] Saved artefacts for IFF
2026-04-29 23:15:53,669 INFO     [pooled] Saved artefacts for T
2026-04-29 23:15:53,672 INFO     [pooled] Saved artefacts for VZ
2026-04-29 23:15:53,674 INFO     [pooled] Saved artefacts for NFLX
2026-04-29 23:15:53,677 INFO     [pooled] Saved artefacts for CMCSA
2026-04-29 23:15:53,680 INFO     [pooled] Saved artefacts for DIS
2026-04-29 23:15:53,682 INFO     [pooled] Saved artefacts for TMUS
2026-04-29 23:15:53,685 INFO     [pooled] Saved artefacts for CHTR
2026-04-29 23:15:53,688 INFO     [pooled] Saved artefacts for EA
2026-04-29 23:15:53,690 INFO     [pooled] Saved artefacts for OMC
2026-04-29 23:15:53,693 INFO     [pooled] Saved artefacts for LYV
2026-04-29 23:15:53,693 INFO     [pooled] Skipping artefact save for training-only ticker FRC
2026-04-29 23:15:53,693 INFO     [pooled] Skipping artefact save for training-only ticker BBBY
2026-04-29 23:15:53,693 INFO     [pooled] Done. 149 tickers, 47.81% acc vs 46.41% baseline
2026-04-29 23:19:25,808 INFO     POOLED_TRAINING=True — training cross-sectional model on all tickers (tune_hyperparams=False)
2026-04-29 23:19:25,808 INFO     [pooled] Starting cross-sectional training on 149 tickers (147 prediction, 2 training-only/survivorship)
2026-04-29 23:19:27,798 INFO     [pooled] Common feature set: 104 features across 149 tickers
2026-04-29 23:20:00,400 INFO     [pooled] Train rows: 84300  Calib rows: 91635  Test rows: 91631
2026-04-29 23:20:09,164 INFO     [pooled] Found 160 sentiment + 0 macro/regime + 300 xs_rank features in candidate set
2026-04-29 23:20:09,164 INFO     [pooled] Feature pruning: 1229 → 216 cols  (67 base kept of 1080, 1013 dropped, 149 dummies always kept, 16 sentiment kept, 0 macro/regime kept, 30 xs_rank kept)
2026-04-29 23:20:09,407 INFO     build_models: class balance via sample_weight  (n_pos=39988, n_neg=44312, w_pos=1.108)
2026-04-29 23:20:10,879 INFO     [pooled] h5 class balance: n_pos=47472  n_neg=36828  w_pos=0.776
2026-04-29 23:20:11,195 INFO     [pooled] h5 model trained on 84300 rows
2026-04-29 23:20:11,228 INFO     [pooled] Confidence threshold: 52.5 (fallback=True)
2026-04-29 23:20:11,228 INFO     [pooled] Conformal qhat(alpha=0.20): 0.5193
2026-04-29 23:20:11,302 INFO     [pooled] Test accuracy: 47.88%  baseline: 46.41%  threshold: 52.5%
2026-04-29 23:20:11,321 INFO     [pooled] Test AUC: 0.5029  AP: 0.4670  (acc edge over baseline: +1.46pp)
2026-04-29 23:20:11,321 WARNING  [pooled] Confidence diagnostics failed: confidence_not_correlated_with_correctness; bucket_precision_not_monotonic
2026-04-29 23:20:48,688 INFO     [pooled] LR-L1 baseline: test AUC=0.5036  AP=0.4686  best_C=0.01  cal_AUC=0.4927  nonzero_coefs=171/216
2026-04-29 23:20:48,691 INFO     [pooled] AUC verdict — XGB: 0.5029  LR-L1: 0.5036  →  XGB ≈ LR (Δ=+0.0007) — both models extract the same signal level; feature set is the bottleneck
2026-04-29 23:20:48,807 INFO     [pooled] Saved results plot /Users/amos/Code/Stock Market AI Bot/models/pooled_xgb_only_results.png
2026-04-29 23:20:49,129 INFO     [pooled] Saved per-ticker plot /Users/amos/Code/Stock Market AI Bot/models/pooled_ticker_accuracy.png
2026-04-29 23:20:49,132 INFO     [pooled] Saved h5 model to pooled_xgb_dir_h5.json
2026-04-29 23:20:49,136 INFO     [pooled] Saved artefacts for AAPL
2026-04-29 23:20:49,139 INFO     [pooled] Saved artefacts for MSFT
2026-04-29 23:20:49,142 INFO     [pooled] Saved artefacts for NVDA
2026-04-29 23:20:49,148 INFO     [pooled] Saved artefacts for AMD
2026-04-29 23:20:49,151 INFO     [pooled] Saved artefacts for GOOGL
2026-04-29 23:20:49,153 INFO     [pooled] Saved artefacts for META
2026-04-29 23:20:49,156 INFO     [pooled] Saved artefacts for INTC
2026-04-29 23:20:49,159 INFO     [pooled] Saved artefacts for MU
2026-04-29 23:20:49,162 INFO     [pooled] Saved artefacts for CRM
2026-04-29 23:20:49,165 INFO     [pooled] Saved artefacts for ORCL
2026-04-29 23:20:49,168 INFO     [pooled] Saved artefacts for ADBE
2026-04-29 23:20:49,171 INFO     [pooled] Saved artefacts for AVGO
2026-04-29 23:20:49,174 INFO     [pooled] Saved artefacts for TXN
2026-04-29 23:20:49,177 INFO     [pooled] Saved artefacts for QCOM
2026-04-29 23:20:49,180 INFO     [pooled] Saved artefacts for AMAT
2026-04-29 23:20:49,183 INFO     [pooled] Saved artefacts for CSCO
2026-04-29 23:20:49,186 INFO     [pooled] Saved artefacts for IBM
2026-04-29 23:20:49,189 INFO     [pooled] Saved artefacts for NOW
2026-04-29 23:20:49,192 INFO     [pooled] Saved artefacts for AMZN
2026-04-29 23:20:49,195 INFO     [pooled] Saved artefacts for TSLA
2026-04-29 23:20:49,197 INFO     [pooled] Saved artefacts for HD
2026-04-29 23:20:49,200 INFO     [pooled] Saved artefacts for MCD
2026-04-29 23:20:49,203 INFO     [pooled] Saved artefacts for NKE
2026-04-29 23:20:49,206 INFO     [pooled] Saved artefacts for SBUX
2026-04-29 23:20:49,208 INFO     [pooled] Saved artefacts for BKNG
2026-04-29 23:20:49,211 INFO     [pooled] Saved artefacts for TJX
2026-04-29 23:20:49,214 INFO     [pooled] Saved artefacts for LOW
2026-04-29 23:20:49,217 INFO     [pooled] Saved artefacts for MAR
2026-04-29 23:20:49,220 INFO     [pooled] Saved artefacts for GM
2026-04-29 23:20:49,223 INFO     [pooled] Saved artefacts for F
2026-04-29 23:20:49,226 INFO     [pooled] Saved artefacts for ROST
2026-04-29 23:20:49,228 INFO     [pooled] Saved artefacts for EBAY
2026-04-29 23:20:49,231 INFO     [pooled] Saved artefacts for JPM
2026-04-29 23:20:49,234 INFO     [pooled] Saved artefacts for GS
2026-04-29 23:20:49,237 INFO     [pooled] Saved artefacts for BAC
2026-04-29 23:20:49,239 INFO     [pooled] Saved artefacts for V
2026-04-29 23:20:49,242 INFO     [pooled] Saved artefacts for MA
2026-04-29 23:20:49,245 INFO     [pooled] Saved artefacts for BRK-B
2026-04-29 23:20:49,248 INFO     [pooled] Saved artefacts for WFC
2026-04-29 23:20:49,250 INFO     [pooled] Saved artefacts for MS
2026-04-29 23:20:49,253 INFO     [pooled] Saved artefacts for C
2026-04-29 23:20:49,256 INFO     [pooled] Saved artefacts for AXP
2026-04-29 23:20:49,258 INFO     [pooled] Saved artefacts for BLK
2026-04-29 23:20:49,261 INFO     [pooled] Saved artefacts for SCHW
2026-04-29 23:20:49,264 INFO     [pooled] Saved artefacts for USB
2026-04-29 23:20:49,267 INFO     [pooled] Saved artefacts for SPGI
2026-04-29 23:20:49,270 INFO     [pooled] Saved artefacts for COF
2026-04-29 23:20:49,272 INFO     [pooled] Saved artefacts for PNC
2026-04-29 23:20:49,275 INFO     [pooled] Saved artefacts for TRV
2026-04-29 23:20:49,278 INFO     [pooled] Saved artefacts for AIG
2026-04-29 23:20:49,281 INFO     [pooled] Saved artefacts for UNH
2026-04-29 23:20:49,284 INFO     [pooled] Saved artefacts for JNJ
2026-04-29 23:20:49,287 INFO     [pooled] Saved artefacts for ABBV
2026-04-29 23:20:49,290 INFO     [pooled] Saved artefacts for LLY
2026-04-29 23:20:49,292 INFO     [pooled] Saved artefacts for PFE
2026-04-29 23:20:49,295 INFO     [pooled] Saved artefacts for MRK
2026-04-29 23:20:49,298 INFO     [pooled] Saved artefacts for TMO
2026-04-29 23:20:49,301 INFO     [pooled] Saved artefacts for ABT
2026-04-29 23:20:49,304 INFO     [pooled] Saved artefacts for DHR
2026-04-29 23:20:49,306 INFO     [pooled] Saved artefacts for BMY
2026-04-29 23:20:49,309 INFO     [pooled] Saved artefacts for AMGN
2026-04-29 23:20:49,312 INFO     [pooled] Saved artefacts for GILD
2026-04-29 23:20:49,315 INFO     [pooled] Saved artefacts for CVS
2026-04-29 23:20:49,318 INFO     [pooled] Saved artefacts for MDT
2026-04-29 23:20:49,320 INFO     [pooled] Saved artefacts for ISRG
2026-04-29 23:20:49,323 INFO     [pooled] Saved artefacts for SYK
2026-04-29 23:20:49,326 INFO     [pooled] Saved artefacts for BSX
2026-04-29 23:20:49,329 INFO     [pooled] Saved artefacts for CI
2026-04-29 23:20:49,332 INFO     [pooled] Saved artefacts for XOM
2026-04-29 23:20:49,334 INFO     [pooled] Saved artefacts for CVX
2026-04-29 23:20:49,337 INFO     [pooled] Saved artefacts for COP
2026-04-29 23:20:49,340 INFO     [pooled] Saved artefacts for EOG
2026-04-29 23:20:49,343 INFO     [pooled] Saved artefacts for SLB
2026-04-29 23:20:49,345 INFO     [pooled] Saved artefacts for MPC
2026-04-29 23:20:49,350 INFO     [pooled] Saved artefacts for OXY
2026-04-29 23:20:49,353 INFO     [pooled] Saved artefacts for PSX
2026-04-29 23:20:49,356 INFO     [pooled] Saved artefacts for VLO
2026-04-29 23:20:49,358 INFO     [pooled] Saved artefacts for KMI
2026-04-29 23:20:49,361 INFO     [pooled] Saved artefacts for WMB
2026-04-29 23:20:49,364 INFO     [pooled] Saved artefacts for CAT
2026-04-29 23:20:49,366 INFO     [pooled] Saved artefacts for DE
2026-04-29 23:20:49,369 INFO     [pooled] Saved artefacts for UPS
2026-04-29 23:20:49,372 INFO     [pooled] Saved artefacts for UNP
2026-04-29 23:20:49,374 INFO     [pooled] Saved artefacts for BA
2026-04-29 23:20:49,377 INFO     [pooled] Saved artefacts for HON
2026-04-29 23:20:49,380 INFO     [pooled] Saved artefacts for GE
2026-04-29 23:20:49,383 INFO     [pooled] Saved artefacts for RTX
2026-04-29 23:20:49,385 INFO     [pooled] Saved artefacts for LMT
2026-04-29 23:20:49,388 INFO     [pooled] Saved artefacts for MMM
2026-04-29 23:20:49,391 INFO     [pooled] Saved artefacts for FDX
2026-04-29 23:20:49,393 INFO     [pooled] Saved artefacts for NOC
2026-04-29 23:20:49,396 INFO     [pooled] Saved artefacts for EMR
2026-04-29 23:20:49,399 INFO     [pooled] Saved artefacts for ETN
2026-04-29 23:20:49,401 INFO     [pooled] Saved artefacts for PH
2026-04-29 23:20:49,404 INFO     [pooled] Saved artefacts for CSX
2026-04-29 23:20:49,407 INFO     [pooled] Saved artefacts for COST
2026-04-29 23:20:49,409 INFO     [pooled] Saved artefacts for PG
2026-04-29 23:20:49,412 INFO     [pooled] Saved artefacts for KO
2026-04-29 23:20:49,415 INFO     [pooled] Saved artefacts for WMT
2026-04-29 23:20:49,417 INFO     [pooled] Saved artefacts for PEP
2026-04-29 23:20:49,420 INFO     [pooled] Saved artefacts for MO
2026-04-29 23:20:49,423 INFO     [pooled] Saved artefacts for PM
2026-04-29 23:20:49,426 INFO     [pooled] Saved artefacts for CL
2026-04-29 23:20:49,428 INFO     [pooled] Saved artefacts for KMB
2026-04-29 23:20:49,431 INFO     [pooled] Saved artefacts for GIS
2026-04-29 23:20:49,434 INFO     [pooled] Saved artefacts for SYY
2026-04-29 23:20:49,436 INFO     [pooled] Saved artefacts for HSY
2026-04-29 23:20:49,439 INFO     [pooled] Saved artefacts for NEE
2026-04-29 23:20:49,442 INFO     [pooled] Saved artefacts for DUK
2026-04-29 23:20:49,444 INFO     [pooled] Saved artefacts for SO
2026-04-29 23:20:49,447 INFO     [pooled] Saved artefacts for AEP
2026-04-29 23:20:49,450 INFO     [pooled] Saved artefacts for EXC
2026-04-29 23:20:49,453 INFO     [pooled] Saved artefacts for XEL
2026-04-29 23:20:49,455 INFO     [pooled] Saved artefacts for SRE
2026-04-29 23:20:49,458 INFO     [pooled] Saved artefacts for D
2026-04-29 23:20:49,461 INFO     [pooled] Saved artefacts for PEG
2026-04-29 23:20:49,463 INFO     [pooled] Saved artefacts for ED
2026-04-29 23:20:49,466 INFO     [pooled] Saved artefacts for PLD
2026-04-29 23:20:49,469 INFO     [pooled] Saved artefacts for AMT
2026-04-29 23:20:49,471 INFO     [pooled] Saved artefacts for EQIX
2026-04-29 23:20:49,474 INFO     [pooled] Saved artefacts for CCI
2026-04-29 23:20:49,477 INFO     [pooled] Saved artefacts for PSA
2026-04-29 23:20:49,480 INFO     [pooled] Saved artefacts for O
2026-04-29 23:20:49,482 INFO     [pooled] Saved artefacts for WELL
2026-04-29 23:20:49,490 INFO     [pooled] Saved artefacts for SPG
2026-04-29 23:20:49,500 INFO     [pooled] Saved artefacts for EQR
2026-04-29 23:20:49,506 INFO     [pooled] Saved artefacts for AVB
2026-04-29 23:20:49,509 INFO     [pooled] Saved artefacts for LIN
2026-04-29 23:20:49,512 INFO     [pooled] Saved artefacts for FCX
2026-04-29 23:20:49,515 INFO     [pooled] Saved artefacts for APD
2026-04-29 23:20:49,518 INFO     [pooled] Saved artefacts for SHW
2026-04-29 23:20:49,520 INFO     [pooled] Saved artefacts for ECL
2026-04-29 23:20:49,523 INFO     [pooled] Saved artefacts for NEM
2026-04-29 23:20:49,526 INFO     [pooled] Saved artefacts for NUE
2026-04-29 23:20:49,529 INFO     [pooled] Saved artefacts for DOW
2026-04-29 23:20:49,531 INFO     [pooled] Saved artefacts for DD
2026-04-29 23:20:49,534 INFO     [pooled] Saved artefacts for IFF
2026-04-29 23:20:49,537 INFO     [pooled] Saved artefacts for T
2026-04-29 23:20:49,540 INFO     [pooled] Saved artefacts for VZ
2026-04-29 23:20:49,542 INFO     [pooled] Saved artefacts for NFLX
2026-04-29 23:20:49,545 INFO     [pooled] Saved artefacts for CMCSA
2026-04-29 23:20:49,548 INFO     [pooled] Saved artefacts for DIS
2026-04-29 23:20:49,551 INFO     [pooled] Saved artefacts for TMUS
2026-04-29 23:20:49,553 INFO     [pooled] Saved artefacts for CHTR
2026-04-29 23:20:49,556 INFO     [pooled] Saved artefacts for EA
2026-04-29 23:20:49,559 INFO     [pooled] Saved artefacts for OMC
2026-04-29 23:20:49,561 INFO     [pooled] Saved artefacts for LYV
2026-04-29 23:20:49,562 INFO     [pooled] Skipping artefact save for training-only ticker FRC
2026-04-29 23:20:49,562 INFO     [pooled] Skipping artefact save for training-only ticker BBBY
2026-04-29 23:20:49,562 INFO     [pooled] Done. 149 tickers, 47.88% acc vs 46.41% baseline
2026-04-30 21:07:16,720 INFO     POOLED_TRAINING=True — training cross-sectional model on all tickers (tune_hyperparams=False, ranker_experiment=False)
2026-04-30 21:07:16,721 INFO     [pooled] Starting cross-sectional training on 149 tickers (147 prediction, 2 training-only/survivorship)
2026-04-30 21:07:18,995 INFO     [pooled] Common feature set: 104 features across 149 tickers
2026-04-30 21:07:53,638 INFO     [pooled] Train rows: 84300  Calib rows: 91635  Test rows: 91631
2026-04-30 21:08:02,526 INFO     [pooled] Found 160 sentiment + 0 macro/regime + 300 xs_rank features in candidate set
2026-04-30 21:08:02,527 INFO     [pooled] Feature pruning: 1229 → 216 cols  (67 base kept of 1080, 1013 dropped, 149 dummies always kept, 16 sentiment kept, 0 macro/regime kept, 30 xs_rank kept)
2026-04-30 21:08:02,879 INFO     build_models: class balance via sample_weight  (n_pos=39988, n_neg=44312, w_pos=1.108)
2026-04-30 21:08:04,446 INFO     [pooled] h5 class balance: n_pos=47472  n_neg=36828  w_pos=0.776
2026-04-30 21:08:04,757 INFO     [pooled] h5 model trained on 84300 rows
2026-04-30 21:08:04,803 INFO     [pooled] Confidence threshold: 52.5 (fallback=True)
2026-04-30 21:08:04,803 INFO     [pooled] Conformal qhat(alpha=0.20): 0.5193
2026-04-30 21:08:04,857 INFO     [pooled] Test accuracy: 47.88%  baseline: 46.41%  threshold: 52.5%
2026-04-30 21:08:04,871 INFO     [pooled] Test AUC: 0.5029  AP: 0.4670  (acc edge over baseline: +1.46pp)
2026-04-30 21:08:04,871 WARNING  [pooled] Confidence diagnostics failed: confidence_not_correlated_with_correctness; bucket_precision_not_monotonic
2026-04-30 21:08:42,310 INFO     [pooled] LR-L1 baseline: test AUC=0.5036  AP=0.4686  best_C=0.01  cal_AUC=0.4927  nonzero_coefs=171/216
2026-04-30 21:08:42,313 INFO     [pooled] AUC verdict — XGB: 0.5029  LR-L1: 0.5036  →  XGB ≈ LR (Δ=+0.0007) — both models extract the same signal level; feature set is the bottleneck
2026-04-30 21:08:42,433 INFO     [pooled] Saved results plot /Users/amos/Code/Stock Market AI Bot/models/pooled_xgb_only_results.png
2026-04-30 21:08:42,762 INFO     [pooled] Saved per-ticker plot /Users/amos/Code/Stock Market AI Bot/models/pooled_ticker_accuracy.png
2026-04-30 21:08:42,765 INFO     [pooled] Saved h5 model to pooled_xgb_dir_h5.json
2026-04-30 21:08:42,769 INFO     [pooled] Saved artefacts for AAPL
2026-04-30 21:08:42,772 INFO     [pooled] Saved artefacts for MSFT
2026-04-30 21:08:42,776 INFO     [pooled] Saved artefacts for NVDA
2026-04-30 21:08:42,779 INFO     [pooled] Saved artefacts for AMD
2026-04-30 21:08:42,782 INFO     [pooled] Saved artefacts for GOOGL
2026-04-30 21:08:42,785 INFO     [pooled] Saved artefacts for META
2026-04-30 21:08:42,788 INFO     [pooled] Saved artefacts for INTC
2026-04-30 21:08:42,791 INFO     [pooled] Saved artefacts for MU
2026-04-30 21:08:42,794 INFO     [pooled] Saved artefacts for CRM
2026-04-30 21:08:42,797 INFO     [pooled] Saved artefacts for ORCL
2026-04-30 21:08:42,800 INFO     [pooled] Saved artefacts for ADBE
2026-04-30 21:08:42,803 INFO     [pooled] Saved artefacts for AVGO
2026-04-30 21:08:42,806 INFO     [pooled] Saved artefacts for TXN
2026-04-30 21:08:42,809 INFO     [pooled] Saved artefacts for QCOM
2026-04-30 21:08:42,813 INFO     [pooled] Saved artefacts for AMAT
2026-04-30 21:08:42,816 INFO     [pooled] Saved artefacts for CSCO
2026-04-30 21:08:42,819 INFO     [pooled] Saved artefacts for IBM
2026-04-30 21:08:42,822 INFO     [pooled] Saved artefacts for NOW
2026-04-30 21:08:42,825 INFO     [pooled] Saved artefacts for AMZN
2026-04-30 21:08:42,827 INFO     [pooled] Saved artefacts for TSLA
2026-04-30 21:08:42,831 INFO     [pooled] Saved artefacts for HD
2026-04-30 21:08:42,834 INFO     [pooled] Saved artefacts for MCD
2026-04-30 21:08:42,837 INFO     [pooled] Saved artefacts for NKE
2026-04-30 21:08:42,840 INFO     [pooled] Saved artefacts for SBUX
2026-04-30 21:08:42,843 INFO     [pooled] Saved artefacts for BKNG
2026-04-30 21:08:42,846 INFO     [pooled] Saved artefacts for TJX
2026-04-30 21:08:42,849 INFO     [pooled] Saved artefacts for LOW
2026-04-30 21:08:42,852 INFO     [pooled] Saved artefacts for MAR
2026-04-30 21:08:42,855 INFO     [pooled] Saved artefacts for GM
2026-04-30 21:08:42,858 INFO     [pooled] Saved artefacts for F
2026-04-30 21:08:42,861 INFO     [pooled] Saved artefacts for ROST
2026-04-30 21:08:42,864 INFO     [pooled] Saved artefacts for EBAY
2026-04-30 21:08:42,867 INFO     [pooled] Saved artefacts for JPM
2026-04-30 21:08:42,870 INFO     [pooled] Saved artefacts for GS
2026-04-30 21:08:42,873 INFO     [pooled] Saved artefacts for BAC
2026-04-30 21:08:42,876 INFO     [pooled] Saved artefacts for V
2026-04-30 21:08:42,879 INFO     [pooled] Saved artefacts for MA
2026-04-30 21:08:42,882 INFO     [pooled] Saved artefacts for BRK-B
2026-04-30 21:08:42,886 INFO     [pooled] Saved artefacts for WFC
2026-04-30 21:08:42,888 INFO     [pooled] Saved artefacts for MS
2026-04-30 21:08:42,891 INFO     [pooled] Saved artefacts for C
2026-04-30 21:08:42,894 INFO     [pooled] Saved artefacts for AXP
2026-04-30 21:08:42,897 INFO     [pooled] Saved artefacts for BLK
2026-04-30 21:08:42,900 INFO     [pooled] Saved artefacts for SCHW
2026-04-30 21:08:42,903 INFO     [pooled] Saved artefacts for USB
2026-04-30 21:08:42,905 INFO     [pooled] Saved artefacts for SPGI
2026-04-30 21:08:42,908 INFO     [pooled] Saved artefacts for COF
2026-04-30 21:08:42,911 INFO     [pooled] Saved artefacts for PNC
2026-04-30 21:08:42,914 INFO     [pooled] Saved artefacts for TRV
2026-04-30 21:08:42,916 INFO     [pooled] Saved artefacts for AIG
2026-04-30 21:08:42,919 INFO     [pooled] Saved artefacts for UNH
2026-04-30 21:08:42,922 INFO     [pooled] Saved artefacts for JNJ
2026-04-30 21:08:42,924 INFO     [pooled] Saved artefacts for ABBV
2026-04-30 21:08:42,927 INFO     [pooled] Saved artefacts for LLY
2026-04-30 21:08:42,930 INFO     [pooled] Saved artefacts for PFE
2026-04-30 21:08:42,932 INFO     [pooled] Saved artefacts for MRK
2026-04-30 21:08:42,935 INFO     [pooled] Saved artefacts for TMO
2026-04-30 21:08:42,938 INFO     [pooled] Saved artefacts for ABT
2026-04-30 21:08:42,940 INFO     [pooled] Saved artefacts for DHR
2026-04-30 21:08:42,943 INFO     [pooled] Saved artefacts for BMY
2026-04-30 21:08:42,946 INFO     [pooled] Saved artefacts for AMGN
2026-04-30 21:08:42,949 INFO     [pooled] Saved artefacts for GILD
2026-04-30 21:08:42,951 INFO     [pooled] Saved artefacts for CVS
2026-04-30 21:08:42,954 INFO     [pooled] Saved artefacts for MDT
2026-04-30 21:08:42,957 INFO     [pooled] Saved artefacts for ISRG
2026-04-30 21:08:42,959 INFO     [pooled] Saved artefacts for SYK
2026-04-30 21:08:42,962 INFO     [pooled] Saved artefacts for BSX
2026-04-30 21:08:42,965 INFO     [pooled] Saved artefacts for CI
2026-04-30 21:08:42,968 INFO     [pooled] Saved artefacts for XOM
2026-04-30 21:08:42,970 INFO     [pooled] Saved artefacts for CVX
2026-04-30 21:08:42,973 INFO     [pooled] Saved artefacts for COP
2026-04-30 21:08:42,976 INFO     [pooled] Saved artefacts for EOG
2026-04-30 21:08:42,979 INFO     [pooled] Saved artefacts for SLB
2026-04-30 21:08:42,982 INFO     [pooled] Saved artefacts for MPC
2026-04-30 21:08:42,984 INFO     [pooled] Saved artefacts for OXY
2026-04-30 21:08:42,987 INFO     [pooled] Saved artefacts for PSX
2026-04-30 21:08:42,990 INFO     [pooled] Saved artefacts for VLO
2026-04-30 21:08:42,993 INFO     [pooled] Saved artefacts for KMI
2026-04-30 21:08:42,995 INFO     [pooled] Saved artefacts for WMB
2026-04-30 21:08:42,998 INFO     [pooled] Saved artefacts for CAT
2026-04-30 21:08:43,001 INFO     [pooled] Saved artefacts for DE
2026-04-30 21:08:43,004 INFO     [pooled] Saved artefacts for UPS
2026-04-30 21:08:43,007 INFO     [pooled] Saved artefacts for UNP
2026-04-30 21:08:43,009 INFO     [pooled] Saved artefacts for BA
2026-04-30 21:08:43,012 INFO     [pooled] Saved artefacts for HON
2026-04-30 21:08:43,015 INFO     [pooled] Saved artefacts for GE
2026-04-30 21:08:43,018 INFO     [pooled] Saved artefacts for RTX
2026-04-30 21:08:43,021 INFO     [pooled] Saved artefacts for LMT
2026-04-30 21:08:43,024 INFO     [pooled] Saved artefacts for MMM
2026-04-30 21:08:43,027 INFO     [pooled] Saved artefacts for FDX
2026-04-30 21:08:43,029 INFO     [pooled] Saved artefacts for NOC
2026-04-30 21:08:43,032 INFO     [pooled] Saved artefacts for EMR
2026-04-30 21:08:43,035 INFO     [pooled] Saved artefacts for ETN
2026-04-30 21:08:43,037 INFO     [pooled] Saved artefacts for PH
2026-04-30 21:08:43,040 INFO     [pooled] Saved artefacts for CSX
2026-04-30 21:08:43,043 INFO     [pooled] Saved artefacts for COST
2026-04-30 21:08:43,045 INFO     [pooled] Saved artefacts for PG
2026-04-30 21:08:43,048 INFO     [pooled] Saved artefacts for KO
2026-04-30 21:08:43,051 INFO     [pooled] Saved artefacts for WMT
2026-04-30 21:08:43,054 INFO     [pooled] Saved artefacts for PEP
2026-04-30 21:08:43,056 INFO     [pooled] Saved artefacts for MO
2026-04-30 21:08:43,059 INFO     [pooled] Saved artefacts for PM
2026-04-30 21:08:43,062 INFO     [pooled] Saved artefacts for CL
2026-04-30 21:08:43,065 INFO     [pooled] Saved artefacts for KMB
2026-04-30 21:08:43,067 INFO     [pooled] Saved artefacts for GIS
2026-04-30 21:08:43,070 INFO     [pooled] Saved artefacts for SYY
2026-04-30 21:08:43,073 INFO     [pooled] Saved artefacts for HSY
2026-04-30 21:08:43,076 INFO     [pooled] Saved artefacts for NEE
2026-04-30 21:08:43,079 INFO     [pooled] Saved artefacts for DUK
2026-04-30 21:08:43,081 INFO     [pooled] Saved artefacts for SO
2026-04-30 21:08:43,084 INFO     [pooled] Saved artefacts for AEP
2026-04-30 21:08:43,087 INFO     [pooled] Saved artefacts for EXC
2026-04-30 21:08:43,089 INFO     [pooled] Saved artefacts for XEL
2026-04-30 21:08:43,092 INFO     [pooled] Saved artefacts for SRE
2026-04-30 21:08:43,095 INFO     [pooled] Saved artefacts for D
2026-04-30 21:08:43,098 INFO     [pooled] Saved artefacts for PEG
2026-04-30 21:08:43,101 INFO     [pooled] Saved artefacts for ED
2026-04-30 21:08:43,104 INFO     [pooled] Saved artefacts for PLD
2026-04-30 21:08:43,106 INFO     [pooled] Saved artefacts for AMT
2026-04-30 21:08:43,109 INFO     [pooled] Saved artefacts for EQIX
2026-04-30 21:08:43,111 INFO     [pooled] Saved artefacts for CCI
2026-04-30 21:08:43,115 INFO     [pooled] Saved artefacts for PSA
2026-04-30 21:08:43,117 INFO     [pooled] Saved artefacts for O
2026-04-30 21:08:43,120 INFO     [pooled] Saved artefacts for WELL
2026-04-30 21:08:43,123 INFO     [pooled] Saved artefacts for SPG
2026-04-30 21:08:43,126 INFO     [pooled] Saved artefacts for EQR
2026-04-30 21:08:43,129 INFO     [pooled] Saved artefacts for AVB
2026-04-30 21:08:43,132 INFO     [pooled] Saved artefacts for LIN
2026-04-30 21:08:43,134 INFO     [pooled] Saved artefacts for FCX
2026-04-30 21:08:43,137 INFO     [pooled] Saved artefacts for APD
2026-04-30 21:08:43,140 INFO     [pooled] Saved artefacts for SHW
2026-04-30 21:08:43,142 INFO     [pooled] Saved artefacts for ECL
2026-04-30 21:08:43,145 INFO     [pooled] Saved artefacts for NEM
2026-04-30 21:08:43,148 INFO     [pooled] Saved artefacts for NUE
2026-04-30 21:08:43,150 INFO     [pooled] Saved artefacts for DOW
2026-04-30 21:08:43,153 INFO     [pooled] Saved artefacts for DD
2026-04-30 21:08:43,156 INFO     [pooled] Saved artefacts for IFF
2026-04-30 21:08:43,159 INFO     [pooled] Saved artefacts for T
2026-04-30 21:08:43,161 INFO     [pooled] Saved artefacts for VZ
2026-04-30 21:08:43,164 INFO     [pooled] Saved artefacts for NFLX
2026-04-30 21:08:43,167 INFO     [pooled] Saved artefacts for CMCSA
2026-04-30 21:08:43,171 INFO     [pooled] Saved artefacts for DIS
2026-04-30 21:08:43,173 INFO     [pooled] Saved artefacts for TMUS
2026-04-30 21:08:43,176 INFO     [pooled] Saved artefacts for CHTR
2026-04-30 21:08:43,179 INFO     [pooled] Saved artefacts for EA
2026-04-30 21:08:43,182 INFO     [pooled] Saved artefacts for OMC
2026-04-30 21:08:43,184 INFO     [pooled] Saved artefacts for LYV
2026-04-30 21:08:43,184 INFO     [pooled] Skipping artefact save for training-only ticker FRC
2026-04-30 21:08:43,184 INFO     [pooled] Skipping artefact save for training-only ticker BBBY
2026-04-30 21:08:43,185 INFO     [pooled] Done. 149 tickers, 47.88% acc vs 46.41% baseline
2026-04-30 21:23:19,607 INFO     POOLED_TRAINING=True — training cross-sectional model on all tickers (tune_hyperparams=False, ranker_experiment=False)
2026-04-30 21:23:19,607 INFO     [pooled] Starting cross-sectional training on 149 tickers (147 prediction, 2 training-only/survivorship)
2026-04-30 21:23:21,619 INFO     [pooled] Common feature set: 104 features across 149 tickers
2026-04-30 21:24:00,300 INFO     [pooled] Train rows: 84300  Calib rows: 91635  Test rows: 91631
2026-04-30 21:24:08,650 INFO     [pooled] Found 160 sentiment + 0 macro/regime + 300 xs_rank features in candidate set
2026-04-30 21:24:08,650 INFO     [pooled] Feature pruning: 1229 → 216 cols  (67 base kept of 1080, 1013 dropped, 149 dummies always kept, 16 sentiment kept, 0 macro/regime kept, 30 xs_rank kept)
2026-04-30 21:24:08,947 INFO     build_models: class balance via sample_weight  (n_pos=39988, n_neg=44312, w_pos=1.108)
2026-04-30 21:24:10,459 INFO     [pooled] h5 class balance: n_pos=47472  n_neg=36828  w_pos=0.776
2026-04-30 21:24:10,775 INFO     [pooled] h5 model trained on 84300 rows
2026-04-30 21:24:10,838 INFO     [pooled] Confidence threshold: 52.5 (fallback=True)
2026-04-30 21:24:10,838 INFO     [pooled] Conformal qhat(alpha=0.20): 0.5193
2026-04-30 21:24:10,889 INFO     [pooled] Test accuracy: 47.88%  baseline: 46.41%  threshold: 52.5%
2026-04-30 21:24:10,902 INFO     [pooled] Test AUC: 0.5029  AP: 0.4670  (acc edge over baseline: +1.46pp)
2026-04-30 21:24:10,902 WARNING  [pooled] Confidence diagnostics failed: confidence_not_correlated_with_correctness; bucket_precision_not_monotonic
2026-04-30 21:24:48,264 INFO     [pooled] LR-L1 baseline: test AUC=0.5036  AP=0.4686  best_C=0.01  cal_AUC=0.4927  nonzero_coefs=171/216
2026-04-30 21:24:48,264 INFO     [pooled] AUC verdict — XGB: 0.5029  LR-L1: 0.5036  →  XGB ≈ LR (Δ=+0.0007) — both models extract the same signal level; feature set is the bottleneck
2026-04-30 21:24:48,383 INFO     [pooled] Saved results plot /Users/amos/Code/Stock Market AI Bot/models/pooled_xgb_only_results.png
2026-04-30 21:24:48,712 INFO     [pooled] Saved per-ticker plot /Users/amos/Code/Stock Market AI Bot/models/pooled_ticker_accuracy.png
2026-04-30 21:24:48,716 INFO     [pooled] Saved h5 model to pooled_xgb_dir_h5.json
2026-04-30 21:24:48,720 INFO     [pooled] Saved artefacts for AAPL
2026-04-30 21:24:48,723 INFO     [pooled] Saved artefacts for MSFT
2026-04-30 21:24:48,727 INFO     [pooled] Saved artefacts for NVDA
2026-04-30 21:24:48,731 INFO     [pooled] Saved artefacts for AMD
2026-04-30 21:24:48,734 INFO     [pooled] Saved artefacts for GOOGL
2026-04-30 21:24:48,736 INFO     [pooled] Saved artefacts for META
2026-04-30 21:24:48,739 INFO     [pooled] Saved artefacts for INTC
2026-04-30 21:24:48,742 INFO     [pooled] Saved artefacts for MU
2026-04-30 21:24:48,744 INFO     [pooled] Saved artefacts for CRM
2026-04-30 21:24:48,747 INFO     [pooled] Saved artefacts for ORCL
2026-04-30 21:24:48,749 INFO     [pooled] Saved artefacts for ADBE
2026-04-30 21:24:48,752 INFO     [pooled] Saved artefacts for AVGO
2026-04-30 21:24:48,755 INFO     [pooled] Saved artefacts for TXN
2026-04-30 21:24:48,757 INFO     [pooled] Saved artefacts for QCOM
2026-04-30 21:24:48,760 INFO     [pooled] Saved artefacts for AMAT
2026-04-30 21:24:48,762 INFO     [pooled] Saved artefacts for CSCO
2026-04-30 21:24:48,765 INFO     [pooled] Saved artefacts for IBM
2026-04-30 21:24:48,767 INFO     [pooled] Saved artefacts for NOW
2026-04-30 21:24:48,770 INFO     [pooled] Saved artefacts for AMZN
2026-04-30 21:24:48,773 INFO     [pooled] Saved artefacts for TSLA
2026-04-30 21:24:48,776 INFO     [pooled] Saved artefacts for HD
2026-04-30 21:24:48,778 INFO     [pooled] Saved artefacts for MCD
2026-04-30 21:24:48,781 INFO     [pooled] Saved artefacts for NKE
2026-04-30 21:24:48,783 INFO     [pooled] Saved artefacts for SBUX
2026-04-30 21:24:48,786 INFO     [pooled] Saved artefacts for BKNG
2026-04-30 21:24:48,789 INFO     [pooled] Saved artefacts for TJX
2026-04-30 21:24:48,791 INFO     [pooled] Saved artefacts for LOW
2026-04-30 21:24:48,794 INFO     [pooled] Saved artefacts for MAR
2026-04-30 21:24:48,796 INFO     [pooled] Saved artefacts for GM
2026-04-30 21:24:48,799 INFO     [pooled] Saved artefacts for F
2026-04-30 21:24:48,802 INFO     [pooled] Saved artefacts for ROST
2026-04-30 21:24:48,804 INFO     [pooled] Saved artefacts for EBAY
2026-04-30 21:24:48,807 INFO     [pooled] Saved artefacts for JPM
2026-04-30 21:24:48,809 INFO     [pooled] Saved artefacts for GS
2026-04-30 21:24:48,812 INFO     [pooled] Saved artefacts for BAC
2026-04-30 21:24:48,815 INFO     [pooled] Saved artefacts for V
2026-04-30 21:24:48,817 INFO     [pooled] Saved artefacts for MA
2026-04-30 21:24:48,820 INFO     [pooled] Saved artefacts for BRK-B
2026-04-30 21:24:48,823 INFO     [pooled] Saved artefacts for WFC
2026-04-30 21:24:48,825 INFO     [pooled] Saved artefacts for MS
2026-04-30 21:24:48,828 INFO     [pooled] Saved artefacts for C
2026-04-30 21:24:48,830 INFO     [pooled] Saved artefacts for AXP
2026-04-30 21:24:48,833 INFO     [pooled] Saved artefacts for BLK
2026-04-30 21:24:48,836 INFO     [pooled] Saved artefacts for SCHW
2026-04-30 21:24:48,838 INFO     [pooled] Saved artefacts for USB
2026-04-30 21:24:48,841 INFO     [pooled] Saved artefacts for SPGI
2026-04-30 21:24:48,844 INFO     [pooled] Saved artefacts for COF
2026-04-30 21:24:48,846 INFO     [pooled] Saved artefacts for PNC
2026-04-30 21:24:48,849 INFO     [pooled] Saved artefacts for TRV
2026-04-30 21:24:48,851 INFO     [pooled] Saved artefacts for AIG
2026-04-30 21:24:48,854 INFO     [pooled] Saved artefacts for UNH
2026-04-30 21:24:48,856 INFO     [pooled] Saved artefacts for JNJ
2026-04-30 21:24:48,859 INFO     [pooled] Saved artefacts for ABBV
2026-04-30 21:24:48,861 INFO     [pooled] Saved artefacts for LLY
2026-04-30 21:24:48,864 INFO     [pooled] Saved artefacts for PFE
2026-04-30 21:24:48,866 INFO     [pooled] Saved artefacts for MRK
2026-04-30 21:24:48,869 INFO     [pooled] Saved artefacts for TMO
2026-04-30 21:24:48,872 INFO     [pooled] Saved artefacts for ABT
2026-04-30 21:24:48,874 INFO     [pooled] Saved artefacts for DHR
2026-04-30 21:24:48,877 INFO     [pooled] Saved artefacts for BMY
2026-04-30 21:24:48,879 INFO     [pooled] Saved artefacts for AMGN
2026-04-30 21:24:48,882 INFO     [pooled] Saved artefacts for GILD
2026-04-30 21:24:48,884 INFO     [pooled] Saved artefacts for CVS
2026-04-30 21:24:48,887 INFO     [pooled] Saved artefacts for MDT
2026-04-30 21:24:48,889 INFO     [pooled] Saved artefacts for ISRG
2026-04-30 21:24:48,892 INFO     [pooled] Saved artefacts for SYK
2026-04-30 21:24:48,894 INFO     [pooled] Saved artefacts for BSX
2026-04-30 21:24:48,897 INFO     [pooled] Saved artefacts for CI
2026-04-30 21:24:48,899 INFO     [pooled] Saved artefacts for XOM
2026-04-30 21:24:48,902 INFO     [pooled] Saved artefacts for CVX
2026-04-30 21:24:48,904 INFO     [pooled] Saved artefacts for COP
2026-04-30 21:24:48,907 INFO     [pooled] Saved artefacts for EOG
2026-04-30 21:24:48,909 INFO     [pooled] Saved artefacts for SLB
2026-04-30 21:24:48,912 INFO     [pooled] Saved artefacts for MPC
2026-04-30 21:24:48,914 INFO     [pooled] Saved artefacts for OXY
2026-04-30 21:24:48,917 INFO     [pooled] Saved artefacts for PSX
2026-04-30 21:24:48,920 INFO     [pooled] Saved artefacts for VLO
2026-04-30 21:24:48,922 INFO     [pooled] Saved artefacts for KMI
2026-04-30 21:24:48,925 INFO     [pooled] Saved artefacts for WMB
2026-04-30 21:24:48,927 INFO     [pooled] Saved artefacts for CAT
2026-04-30 21:24:48,930 INFO     [pooled] Saved artefacts for DE
2026-04-30 21:24:48,932 INFO     [pooled] Saved artefacts for UPS
2026-04-30 21:24:48,935 INFO     [pooled] Saved artefacts for UNP
2026-04-30 21:24:48,938 INFO     [pooled] Saved artefacts for BA
2026-04-30 21:24:48,940 INFO     [pooled] Saved artefacts for HON
2026-04-30 21:24:48,943 INFO     [pooled] Saved artefacts for GE
2026-04-30 21:24:48,945 INFO     [pooled] Saved artefacts for RTX
2026-04-30 21:24:48,948 INFO     [pooled] Saved artefacts for LMT
2026-04-30 21:24:48,950 INFO     [pooled] Saved artefacts for MMM
2026-04-30 21:24:48,953 INFO     [pooled] Saved artefacts for FDX
2026-04-30 21:24:48,956 INFO     [pooled] Saved artefacts for NOC
2026-04-30 21:24:48,958 INFO     [pooled] Saved artefacts for EMR
2026-04-30 21:24:48,961 INFO     [pooled] Saved artefacts for ETN
2026-04-30 21:24:48,963 INFO     [pooled] Saved artefacts for PH
2026-04-30 21:24:48,966 INFO     [pooled] Saved artefacts for CSX
2026-04-30 21:24:48,968 INFO     [pooled] Saved artefacts for COST
2026-04-30 21:24:48,971 INFO     [pooled] Saved artefacts for PG
2026-04-30 21:24:48,974 INFO     [pooled] Saved artefacts for KO
2026-04-30 21:24:48,976 INFO     [pooled] Saved artefacts for WMT
2026-04-30 21:24:48,979 INFO     [pooled] Saved artefacts for PEP
2026-04-30 21:24:48,981 INFO     [pooled] Saved artefacts for MO
2026-04-30 21:24:48,984 INFO     [pooled] Saved artefacts for PM
2026-04-30 21:24:48,986 INFO     [pooled] Saved artefacts for CL
2026-04-30 21:24:48,989 INFO     [pooled] Saved artefacts for KMB
2026-04-30 21:24:48,991 INFO     [pooled] Saved artefacts for GIS
2026-04-30 21:24:48,994 INFO     [pooled] Saved artefacts for SYY
2026-04-30 21:24:48,997 INFO     [pooled] Saved artefacts for HSY
2026-04-30 21:24:48,999 INFO     [pooled] Saved artefacts for NEE
2026-04-30 21:24:49,002 INFO     [pooled] Saved artefacts for DUK
2026-04-30 21:24:49,004 INFO     [pooled] Saved artefacts for SO
2026-04-30 21:24:49,007 INFO     [pooled] Saved artefacts for AEP
2026-04-30 21:24:49,009 INFO     [pooled] Saved artefacts for EXC
2026-04-30 21:24:49,012 INFO     [pooled] Saved artefacts for XEL
2026-04-30 21:24:49,015 INFO     [pooled] Saved artefacts for SRE
2026-04-30 21:24:49,017 INFO     [pooled] Saved artefacts for D
2026-04-30 21:24:49,020 INFO     [pooled] Saved artefacts for PEG
2026-04-30 21:24:49,022 INFO     [pooled] Saved artefacts for ED
2026-04-30 21:24:49,025 INFO     [pooled] Saved artefacts for PLD
2026-04-30 21:24:49,027 INFO     [pooled] Saved artefacts for AMT
2026-04-30 21:24:49,030 INFO     [pooled] Saved artefacts for EQIX
2026-04-30 21:24:49,032 INFO     [pooled] Saved artefacts for CCI
2026-04-30 21:24:49,035 INFO     [pooled] Saved artefacts for PSA
2026-04-30 21:24:49,037 INFO     [pooled] Saved artefacts for O
2026-04-30 21:24:49,040 INFO     [pooled] Saved artefacts for WELL
2026-04-30 21:24:49,042 INFO     [pooled] Saved artefacts for SPG
2026-04-30 21:24:49,045 INFO     [pooled] Saved artefacts for EQR
2026-04-30 21:24:49,047 INFO     [pooled] Saved artefacts for AVB
2026-04-30 21:24:49,050 INFO     [pooled] Saved artefacts for LIN
2026-04-30 21:24:49,053 INFO     [pooled] Saved artefacts for FCX
2026-04-30 21:24:49,055 INFO     [pooled] Saved artefacts for APD
2026-04-30 21:24:49,058 INFO     [pooled] Saved artefacts for SHW
2026-04-30 21:24:49,060 INFO     [pooled] Saved artefacts for ECL
2026-04-30 21:24:49,063 INFO     [pooled] Saved artefacts for NEM
2026-04-30 21:24:49,065 INFO     [pooled] Saved artefacts for NUE
2026-04-30 21:24:49,068 INFO     [pooled] Saved artefacts for DOW
2026-04-30 21:24:49,070 INFO     [pooled] Saved artefacts for DD
2026-04-30 21:24:49,073 INFO     [pooled] Saved artefacts for IFF
2026-04-30 21:24:49,076 INFO     [pooled] Saved artefacts for T
2026-04-30 21:24:49,078 INFO     [pooled] Saved artefacts for VZ
2026-04-30 21:24:49,081 INFO     [pooled] Saved artefacts for NFLX
2026-04-30 21:24:49,083 INFO     [pooled] Saved artefacts for CMCSA
2026-04-30 21:24:49,086 INFO     [pooled] Saved artefacts for DIS
2026-04-30 21:24:49,089 INFO     [pooled] Saved artefacts for TMUS
2026-04-30 21:24:49,091 INFO     [pooled] Saved artefacts for CHTR
2026-04-30 21:24:49,094 INFO     [pooled] Saved artefacts for EA
2026-04-30 21:24:49,096 INFO     [pooled] Saved artefacts for OMC
2026-04-30 21:24:49,099 INFO     [pooled] Saved artefacts for LYV
2026-04-30 21:24:49,099 INFO     [pooled] Skipping artefact save for training-only ticker FRC
2026-04-30 21:24:49,099 INFO     [pooled] Skipping artefact save for training-only ticker BBBY
2026-04-30 21:24:49,099 INFO     [pooled] Done. 149 tickers, 47.88% acc vs 46.41% baseline
2026-04-30 21:25:29,188 INFO     Leakage audit output:
[leakage_audit] wrote /Users/amos/Code/Stock Market AI Bot/logs/leakage_audit.json
[leakage_audit] all tickers passed.
2026-04-30 21:25:29,188 INFO     POOLED_TRAINING=True — training cross-sectional model on all tickers (tune_hyperparams=False, ranker_experiment=True)
2026-04-30 21:25:29,188 INFO     [pooled] Starting cross-sectional training on 149 tickers (147 prediction, 2 training-only/survivorship)
2026-04-30 21:25:31,196 INFO     [pooled] Common feature set: 104 features across 149 tickers
2026-04-30 21:26:12,324 INFO     [pooled] Train rows: 84300  Calib rows: 91635  Test rows: 91631
2026-04-30 21:26:14,113 INFO     [ranker] Experimental pooled XGBRanker enabled — continuous target=fwd_excess_5d
2026-04-30 21:26:21,395 INFO     [ranker] feature pruning: 1229 → 216 cols (67 base, 149 dummies)
2026-04-30 21:27:28,591 INFO     Leakage audit output:
[leakage_audit] wrote /Users/amos/Code/Stock Market AI Bot/logs/leakage_audit.json
[leakage_audit] all tickers passed.
2026-04-30 21:27:28,592 INFO     POOLED_TRAINING=True — training cross-sectional model on all tickers (tune_hyperparams=False, ranker_experiment=True)
2026-04-30 21:27:28,592 INFO     [pooled] Starting cross-sectional training on 149 tickers (147 prediction, 2 training-only/survivorship)
2026-04-30 21:27:30,732 INFO     [pooled] Common feature set: 104 features across 149 tickers
2026-04-30 21:28:09,516 INFO     [pooled] Train rows: 84300  Calib rows: 91635  Test rows: 91631
2026-04-30 21:28:11,296 INFO     [ranker] Experimental pooled XGBRanker enabled — continuous target=fwd_excess_5d
2026-04-30 21:28:18,654 INFO     [ranker] feature pruning: 1229 → 216 cols (67 base, 149 dummies)
2026-04-30 21:28:25,364 INFO     [ranker] Cal daily IC: mean=0.013  t=2.297  days=615  avg_names=149.0
2026-04-30 21:28:25,365 INFO     [ranker] Test daily IC: mean=-0.0016  t=-0.334  days=615  avg_names=149.0
2026-04-30 21:28:25,375 INFO     [ranker] Saved /Users/amos/Code/Stock Market AI Bot/models/pooled_xgb_ranker.json
2026-04-30 21:28:25,375 INFO     [ranker] Saved pooled_ranker_scaler.pkl and pooled_ranker_train_summary.json
2026-04-30 21:38:28,997 INFO     Leakage audit output:
[leakage_audit] wrote /Users/amos/Code/Stock Market AI Bot/logs/leakage_audit.json
[leakage_audit] all tickers passed.
2026-04-30 21:38:28,997 INFO     POOLED_TRAINING=True — training cross-sectional model on all tickers (tune_hyperparams=False, ranker_experiment=True)
2026-04-30 21:38:28,997 INFO     [pooled] Starting cross-sectional training on 149 tickers (147 prediction, 2 training-only/survivorship)
2026-04-30 21:38:30,990 INFO     [pooled] Common feature set: 104 features across 149 tickers
2026-04-30 21:39:05,886 INFO     [pooled] Train rows: 84300  Calib rows: 91635  Test rows: 91631
2026-04-30 21:39:07,480 INFO     [ranker] Experimental pooled XGBRanker enabled — continuous target=fwd_excess_5d
2026-04-30 21:39:14,752 INFO     [ranker] feature pruning: 1229 → 216 cols (67 base, 149 dummies)
2026-04-30 21:39:21,515 INFO     [ranker] Split date ranges:  train=2010-01-04→2021-05-21  cal=2021-05-27→2023-11-03  test=2023-11-06→2026-04-21
2026-04-30 21:39:21,515 INFO     [ranker] Train daily IC: mean=0.1383  t=26.329  days=574  avg_names=146.9
2026-04-30 21:39:21,515 INFO     [ranker] Cal daily IC:   mean=0.0130  t=2.297  days=615  avg_names=149.0
2026-04-30 21:39:21,515 INFO     [ranker] Test daily IC:  mean=-0.0016  t=-0.334  days=615  avg_names=149.0
2026-04-30 21:39:21,515 WARNING  [ranker] OVERFIT WARNING — train IC=0.1383 >> test IC=-0.0016.  Reduce model complexity (depth, n_estimators) or increase regularisation.
2026-04-30 21:39:21,521 INFO     [ranker] Saved /Users/amos/Code/Stock Market AI Bot/models/pooled_xgb_ranker.json
2026-04-30 21:39:21,521 INFO     [ranker] Saved pooled_ranker_scaler.pkl and pooled_ranker_train_summary.json
2026-04-30 22:07:16,085 INFO     Leakage audit output:
[leakage_audit] wrote /Users/amos/Code/Stock Market AI Bot/logs/leakage_audit.json
[leakage_audit] all tickers passed.
2026-04-30 22:07:16,085 INFO     POOLED_TRAINING=True — training cross-sectional model on all tickers (tune_hyperparams=False, ranker_experiment=True)
2026-04-30 22:07:16,085 INFO     [pooled] Starting cross-sectional training on 149 tickers (147 prediction, 2 training-only/survivorship)
2026-04-30 22:07:18,030 INFO     [pooled] Common feature set: 104 features across 149 tickers
2026-04-30 22:07:53,625 INFO     [pooled] Train rows: 84300  Calib rows: 91635  Test rows: 91631
2026-04-30 22:07:55,387 INFO     [ranker] Experimental pooled XGBRanker enabled — continuous target=fwd_excess_5d
2026-04-30 22:08:00,907 INFO     [ranker] feature pruning: 1080 base → 64 cols (NO ticker dummies)
2026-04-30 22:08:02,866 INFO     [ranker] Split date ranges:  train=2010-01-04→2021-05-21  cal=2021-05-27→2023-11-03  test=2023-11-06→2026-04-21
2026-04-30 22:08:02,866 INFO     [ranker] Train daily IC: mean=0.0284  t=3.907  days=574  avg_names=146.9
2026-04-30 22:08:02,866 INFO     [ranker] Cal daily IC:   mean=0.0112  t=1.281  days=615  avg_names=149.0
2026-04-30 22:08:02,866 INFO     [ranker] Test daily IC:  mean=0.0206  t=3.269  days=615  avg_names=149.0
2026-04-30 22:08:02,869 INFO     [ranker] Saved /Users/amos/Code/Stock Market AI Bot/models/pooled_xgb_ranker.json
2026-04-30 22:08:02,869 INFO     [ranker] Saved pooled_ranker_scaler.pkl and pooled_ranker_train_summary.json
2026-04-30 23:42:52,751 INFO     POOLED_TRAINING=True — training cross-sectional model on all tickers (tune_hyperparams=False, ranker_experiment=False)
2026-04-30 23:42:52,751 INFO     [pooled] Starting cross-sectional training on 149 tickers (147 prediction, 2 training-only/survivorship)
2026-04-30 23:42:55,133 INFO     [pooled] Common feature set: 104 features across 149 tickers
2026-04-30 23:44:27,586 INFO     [pooled] Train rows: 84300  Calib rows: 91635  Test rows: 91631
2026-04-30 23:44:42,781 INFO     [pooled] Found 160 sentiment + 0 macro/regime + 300 xs_rank features in candidate set
2026-04-30 23:44:42,782 INFO     [pooled] Feature pruning: 1229 → 216 cols  (67 base kept of 1080, 1013 dropped, 149 dummies always kept, 16 sentiment kept, 0 macro/regime kept, 30 xs_rank kept)
2026-04-30 23:44:44,074 INFO     build_models: class balance via sample_weight  (n_pos=39988, n_neg=44312, w_pos=1.108)
2026-04-30 23:44:46,122 INFO     [pooled] h5 class balance: n_pos=47472  n_neg=36828  w_pos=0.776
2026-04-30 23:44:46,508 INFO     [pooled] h5 model trained on 84300 rows
2026-04-30 23:44:46,551 INFO     [pooled] Confidence threshold: 52.5 (fallback=True)
2026-04-30 23:44:46,551 INFO     [pooled] Conformal qhat(alpha=0.20): 0.5193
2026-04-30 23:44:46,660 INFO     [pooled] Test accuracy: 47.88%  baseline: 46.41%  threshold: 52.5%
2026-04-30 23:44:46,674 INFO     [pooled] Test AUC: 0.5029  AP: 0.4670  (acc edge over baseline: +1.46pp)
2026-04-30 23:44:46,674 WARNING  [pooled] Confidence diagnostics failed: confidence_not_correlated_with_correctness; bucket_precision_not_monotonic
2026-04-30 23:45:29,235 INFO     [pooled] LR-L1 baseline: test AUC=0.5036  AP=0.4686  best_C=0.01  cal_AUC=0.4927  nonzero_coefs=171/216
2026-04-30 23:45:29,236 INFO     [pooled] AUC verdict — XGB: 0.5029  LR-L1: 0.5036  →  XGB ≈ LR (Δ=+0.0007) — both models extract the same signal level; feature set is the bottleneck
2026-04-30 23:45:29,511 INFO     [pooled] Saved results plot /Users/amos/Code/Stock Market AI Bot/models/pooled_xgb_only_results.png
2026-04-30 23:45:29,963 INFO     [pooled] Saved per-ticker plot /Users/amos/Code/Stock Market AI Bot/models/pooled_ticker_accuracy.png
2026-04-30 23:45:29,968 INFO     [pooled] Saved h5 model to pooled_xgb_dir_h5.json
2026-04-30 23:45:29,979 INFO     [pooled] Saved artefacts for AAPL
2026-04-30 23:45:29,983 INFO     [pooled] Saved artefacts for MSFT
2026-04-30 23:45:29,987 INFO     [pooled] Saved artefacts for NVDA
2026-04-30 23:45:29,990 INFO     [pooled] Saved artefacts for AMD
2026-04-30 23:45:29,994 INFO     [pooled] Saved artefacts for GOOGL
2026-04-30 23:45:29,998 INFO     [pooled] Saved artefacts for META
2026-04-30 23:45:30,001 INFO     [pooled] Saved artefacts for INTC
2026-04-30 23:45:30,004 INFO     [pooled] Saved artefacts for MU
2026-04-30 23:45:30,007 INFO     [pooled] Saved artefacts for CRM
2026-04-30 23:45:30,011 INFO     [pooled] Saved artefacts for ORCL
2026-04-30 23:45:30,014 INFO     [pooled] Saved artefacts for ADBE
2026-04-30 23:45:30,019 INFO     [pooled] Saved artefacts for AVGO
2026-04-30 23:45:30,024 INFO     [pooled] Saved artefacts for TXN
2026-04-30 23:45:30,028 INFO     [pooled] Saved artefacts for QCOM
2026-04-30 23:45:30,031 INFO     [pooled] Saved artefacts for AMAT
2026-04-30 23:45:30,037 INFO     [pooled] Saved artefacts for CSCO
2026-04-30 23:45:30,041 INFO     [pooled] Saved artefacts for IBM
2026-04-30 23:45:30,045 INFO     [pooled] Saved artefacts for NOW
2026-04-30 23:45:30,048 INFO     [pooled] Saved artefacts for AMZN
2026-04-30 23:45:30,052 INFO     [pooled] Saved artefacts for TSLA
2026-04-30 23:45:30,056 INFO     [pooled] Saved artefacts for HD
2026-04-30 23:45:30,060 INFO     [pooled] Saved artefacts for MCD
2026-04-30 23:45:30,064 INFO     [pooled] Saved artefacts for NKE
2026-04-30 23:45:30,067 INFO     [pooled] Saved artefacts for SBUX
2026-04-30 23:45:30,070 INFO     [pooled] Saved artefacts for BKNG
2026-04-30 23:45:30,073 INFO     [pooled] Saved artefacts for TJX
2026-04-30 23:45:30,077 INFO     [pooled] Saved artefacts for LOW
2026-04-30 23:45:30,080 INFO     [pooled] Saved artefacts for MAR
2026-04-30 23:45:30,087 INFO     [pooled] Saved artefacts for GM
2026-04-30 23:45:30,091 INFO     [pooled] Saved artefacts for F
2026-04-30 23:45:30,095 INFO     [pooled] Saved artefacts for ROST
2026-04-30 23:45:30,098 INFO     [pooled] Saved artefacts for EBAY
2026-04-30 23:45:30,102 INFO     [pooled] Saved artefacts for JPM
2026-04-30 23:45:30,105 INFO     [pooled] Saved artefacts for GS
2026-04-30 23:45:30,108 INFO     [pooled] Saved artefacts for BAC
2026-04-30 23:45:30,112 INFO     [pooled] Saved artefacts for V
2026-04-30 23:45:30,115 INFO     [pooled] Saved artefacts for MA
2026-04-30 23:45:30,119 INFO     [pooled] Saved artefacts for BRK-B
2026-04-30 23:45:30,123 INFO     [pooled] Saved artefacts for WFC
2026-04-30 23:45:30,127 INFO     [pooled] Saved artefacts for MS
2026-04-30 23:45:30,133 INFO     [pooled] Saved artefacts for C
2026-04-30 23:45:30,136 INFO     [pooled] Saved artefacts for AXP
2026-04-30 23:45:30,141 INFO     [pooled] Saved artefacts for BLK
2026-04-30 23:45:30,144 INFO     [pooled] Saved artefacts for SCHW
2026-04-30 23:45:30,147 INFO     [pooled] Saved artefacts for USB
2026-04-30 23:45:30,151 INFO     [pooled] Saved artefacts for SPGI
2026-04-30 23:45:30,154 INFO     [pooled] Saved artefacts for COF
2026-04-30 23:45:30,158 INFO     [pooled] Saved artefacts for PNC
2026-04-30 23:45:30,161 INFO     [pooled] Saved artefacts for TRV
2026-04-30 23:45:30,164 INFO     [pooled] Saved artefacts for AIG
2026-04-30 23:45:30,167 INFO     [pooled] Saved artefacts for UNH
2026-04-30 23:45:30,171 INFO     [pooled] Saved artefacts for JNJ
2026-04-30 23:45:30,174 INFO     [pooled] Saved artefacts for ABBV
2026-04-30 23:45:30,177 INFO     [pooled] Saved artefacts for LLY
2026-04-30 23:45:30,179 INFO     [pooled] Saved artefacts for PFE
2026-04-30 23:45:30,183 INFO     [pooled] Saved artefacts for MRK
2026-04-30 23:45:30,186 INFO     [pooled] Saved artefacts for TMO
2026-04-30 23:45:30,189 INFO     [pooled] Saved artefacts for ABT
2026-04-30 23:45:30,192 INFO     [pooled] Saved artefacts for DHR
2026-04-30 23:45:30,196 INFO     [pooled] Saved artefacts for BMY
2026-04-30 23:45:30,199 INFO     [pooled] Saved artefacts for AMGN
2026-04-30 23:45:30,202 INFO     [pooled] Saved artefacts for GILD
2026-04-30 23:45:30,206 INFO     [pooled] Saved artefacts for CVS
2026-04-30 23:45:30,210 INFO     [pooled] Saved artefacts for MDT
2026-04-30 23:45:30,214 INFO     [pooled] Saved artefacts for ISRG
2026-04-30 23:45:30,218 INFO     [pooled] Saved artefacts for SYK
2026-04-30 23:45:30,221 INFO     [pooled] Saved artefacts for BSX
2026-04-30 23:45:30,225 INFO     [pooled] Saved artefacts for CI
2026-04-30 23:45:30,228 INFO     [pooled] Saved artefacts for XOM
2026-04-30 23:45:30,234 INFO     [pooled] Saved artefacts for CVX
2026-04-30 23:45:30,237 INFO     [pooled] Saved artefacts for COP
2026-04-30 23:45:30,241 INFO     [pooled] Saved artefacts for EOG
2026-04-30 23:45:30,244 INFO     [pooled] Saved artefacts for SLB
2026-04-30 23:45:30,248 INFO     [pooled] Saved artefacts for MPC
2026-04-30 23:45:30,251 INFO     [pooled] Saved artefacts for OXY
2026-04-30 23:45:30,254 INFO     [pooled] Saved artefacts for PSX
2026-04-30 23:45:30,257 INFO     [pooled] Saved artefacts for VLO
2026-04-30 23:45:30,260 INFO     [pooled] Saved artefacts for KMI
2026-04-30 23:45:30,263 INFO     [pooled] Saved artefacts for WMB
2026-04-30 23:45:30,266 INFO     [pooled] Saved artefacts for CAT
2026-04-30 23:45:30,270 INFO     [pooled] Saved artefacts for DE
2026-04-30 23:45:30,273 INFO     [pooled] Saved artefacts for UPS
2026-04-30 23:45:30,276 INFO     [pooled] Saved artefacts for UNP
2026-04-30 23:45:30,279 INFO     [pooled] Saved artefacts for BA
2026-04-30 23:45:30,283 INFO     [pooled] Saved artefacts for HON
2026-04-30 23:45:30,286 INFO     [pooled] Saved artefacts for GE
2026-04-30 23:45:30,289 INFO     [pooled] Saved artefacts for RTX
2026-04-30 23:45:30,292 INFO     [pooled] Saved artefacts for LMT
2026-04-30 23:45:30,295 INFO     [pooled] Saved artefacts for MMM
2026-04-30 23:45:30,299 INFO     [pooled] Saved artefacts for FDX
2026-04-30 23:45:30,303 INFO     [pooled] Saved artefacts for NOC
2026-04-30 23:45:30,306 INFO     [pooled] Saved artefacts for EMR
2026-04-30 23:45:30,309 INFO     [pooled] Saved artefacts for ETN
2026-04-30 23:45:30,312 INFO     [pooled] Saved artefacts for PH
2026-04-30 23:45:30,316 INFO     [pooled] Saved artefacts for CSX
2026-04-30 23:45:30,319 INFO     [pooled] Saved artefacts for COST
2026-04-30 23:45:30,322 INFO     [pooled] Saved artefacts for PG
2026-04-30 23:45:30,326 INFO     [pooled] Saved artefacts for KO
2026-04-30 23:45:30,329 INFO     [pooled] Saved artefacts for WMT
2026-04-30 23:45:30,332 INFO     [pooled] Saved artefacts for PEP
2026-04-30 23:45:30,335 INFO     [pooled] Saved artefacts for MO
2026-04-30 23:45:30,338 INFO     [pooled] Saved artefacts for PM
2026-04-30 23:45:30,341 INFO     [pooled] Saved artefacts for CL
2026-04-30 23:45:30,344 INFO     [pooled] Saved artefacts for KMB
2026-04-30 23:45:30,348 INFO     [pooled] Saved artefacts for GIS
2026-04-30 23:45:30,351 INFO     [pooled] Saved artefacts for SYY
2026-04-30 23:45:30,354 INFO     [pooled] Saved artefacts for HSY
2026-04-30 23:45:30,357 INFO     [pooled] Saved artefacts for NEE
2026-04-30 23:45:30,360 INFO     [pooled] Saved artefacts for DUK
2026-04-30 23:45:30,364 INFO     [pooled] Saved artefacts for SO
2026-04-30 23:45:30,367 INFO     [pooled] Saved artefacts for AEP
2026-04-30 23:45:30,370 INFO     [pooled] Saved artefacts for EXC
2026-04-30 23:45:30,373 INFO     [pooled] Saved artefacts for XEL
2026-04-30 23:45:30,376 INFO     [pooled] Saved artefacts for SRE
2026-04-30 23:45:30,380 INFO     [pooled] Saved artefacts for D
2026-04-30 23:45:30,383 INFO     [pooled] Saved artefacts for PEG
2026-04-30 23:45:30,387 INFO     [pooled] Saved artefacts for ED
2026-04-30 23:45:30,390 INFO     [pooled] Saved artefacts for PLD
2026-04-30 23:45:30,393 INFO     [pooled] Saved artefacts for AMT
2026-04-30 23:45:30,397 INFO     [pooled] Saved artefacts for EQIX
2026-04-30 23:45:30,400 INFO     [pooled] Saved artefacts for CCI
2026-04-30 23:45:30,403 INFO     [pooled] Saved artefacts for PSA
2026-04-30 23:45:30,406 INFO     [pooled] Saved artefacts for O
2026-04-30 23:45:30,409 INFO     [pooled] Saved artefacts for WELL
2026-04-30 23:45:30,412 INFO     [pooled] Saved artefacts for SPG
2026-04-30 23:45:30,415 INFO     [pooled] Saved artefacts for EQR
2026-04-30 23:45:30,418 INFO     [pooled] Saved artefacts for AVB
2026-04-30 23:45:30,421 INFO     [pooled] Saved artefacts for LIN
2026-04-30 23:45:30,424 INFO     [pooled] Saved artefacts for FCX
2026-04-30 23:45:30,427 INFO     [pooled] Saved artefacts for APD
2026-04-30 23:45:30,430 INFO     [pooled] Saved artefacts for SHW
2026-04-30 23:45:30,433 INFO     [pooled] Saved artefacts for ECL
2026-04-30 23:45:30,436 INFO     [pooled] Saved artefacts for NEM
2026-04-30 23:45:30,440 INFO     [pooled] Saved artefacts for NUE
2026-04-30 23:45:30,442 INFO     [pooled] Saved artefacts for DOW
2026-04-30 23:45:30,446 INFO     [pooled] Saved artefacts for DD
2026-04-30 23:45:30,449 INFO     [pooled] Saved artefacts for IFF
2026-04-30 23:45:30,452 INFO     [pooled] Saved artefacts for T
2026-04-30 23:45:30,455 INFO     [pooled] Saved artefacts for VZ
2026-04-30 23:45:30,459 INFO     [pooled] Saved artefacts for NFLX
2026-04-30 23:45:30,463 INFO     [pooled] Saved artefacts for CMCSA
2026-04-30 23:45:30,466 INFO     [pooled] Saved artefacts for DIS
2026-04-30 23:45:30,470 INFO     [pooled] Saved artefacts for TMUS
2026-04-30 23:45:30,474 INFO     [pooled] Saved artefacts for CHTR
2026-04-30 23:45:30,478 INFO     [pooled] Saved artefacts for EA
2026-04-30 23:45:30,481 INFO     [pooled] Saved artefacts for OMC
2026-04-30 23:45:30,485 INFO     [pooled] Saved artefacts for LYV
2026-04-30 23:45:30,485 INFO     [pooled] Skipping artefact save for training-only ticker FRC
2026-04-30 23:45:30,485 INFO     [pooled] Skipping artefact save for training-only ticker BBBY
2026-04-30 23:45:30,485 INFO     [pooled] Done. 149 tickers, 47.88% acc vs 46.41% baseline
2026-05-01 00:10:37,300 INFO     POOLED_TRAINING=True — training cross-sectional model on all tickers (tune_hyperparams=False, ranker_experiment=True)
2026-05-01 00:10:37,300 INFO     [pooled] Starting cross-sectional training on 149 tickers (147 prediction, 2 training-only/survivorship)
2026-05-01 00:10:39,204 INFO     [pooled] Common feature set: 104 features across 149 tickers
2026-05-01 00:11:13,824 INFO     [pooled] Train rows: 84300  Calib rows: 91635  Test rows: 91631
2026-05-01 00:11:15,683 INFO     [ranker] Experimental pooled XGBRanker enabled — continuous target=fwd_excess_5d
2026-05-01 00:11:21,475 INFO     [ranker] feature pruning: 1080 base → 64 cols (NO ticker dummies)
2026-05-01 00:11:23,418 INFO     [ranker] Split date ranges:  train=2010-01-04→2021-05-21  cal=2021-05-27→2023-11-03  test=2023-11-06→2026-04-21
2026-05-01 00:11:23,418 INFO     [ranker] Train daily IC: mean=0.0284  t=3.907  days=574  avg_names=146.9
2026-05-01 00:11:23,418 INFO     [ranker] Cal daily IC:   mean=0.0112  t=1.281  days=615  avg_names=149.0
2026-05-01 00:11:23,418 INFO     [ranker] Test daily IC:  mean=0.0206  t=3.269  days=615  avg_names=149.0
2026-05-01 00:11:23,421 INFO     [ranker] Saved /Users/amos/Code/Stock Market AI Bot/models/pooled_xgb_ranker.json
2026-05-01 00:11:23,421 INFO     [ranker] Saved pooled_ranker_scaler.pkl and pooled_ranker_train_summary.json
2026-05-02 17:44:41,620 INFO     Leakage audit output:
[leakage_audit] wrote /Users/amos/Code/Stock Market AI Bot/logs/leakage_audit.json
[leakage_audit] all tickers passed.
2026-05-02 17:44:41,621 INFO     POOLED_TRAINING=True — training cross-sectional model on all tickers (tune_hyperparams=False, ranker_experiment=True)
2026-05-02 17:44:41,621 INFO     [pooled] Starting cross-sectional training on 149 tickers (147 prediction, 2 training-only/survivorship)
2026-05-02 17:44:43,786 INFO     [pooled] Common feature set: 104 features across 149 tickers
2026-05-02 17:45:27,053 INFO     [pooled] Train rows: 84449  Calib rows: 91635  Test rows: 91774
2026-05-02 17:45:28,717 INFO     [ranker] Experimental pooled XGBRanker enabled — continuous target=fwd_excess_5d
2026-05-02 17:45:34,390 INFO     [ranker] feature pruning: 1080 base → 64 cols (NO ticker dummies)
2026-05-02 17:45:36,408 INFO     [ranker] Split date ranges:  train=2010-01-04→2021-05-28  cal=2021-06-01→2023-11-07  test=2023-11-08→2026-04-24
2026-05-02 17:45:36,408 INFO     [ranker] Train daily IC: mean=0.0307  t=4.178  days=575  avg_names=146.9
2026-05-02 17:45:36,408 INFO     [ranker] Cal daily IC:   mean=0.0119  t=1.362  days=615  avg_names=149.0
2026-05-02 17:45:36,408 INFO     [ranker] Test daily IC:  mean=0.0209  t=3.436  days=616  avg_names=149.0
2026-05-02 17:45:36,413 INFO     [ranker] Saved /Users/amos/Code/Stock Market AI Bot/models/pooled_xgb_ranker.json
2026-05-02 17:45:36,414 INFO     [ranker] Saved pooled_ranker_scaler.pkl and pooled_ranker_train_summary.json
2026-05-08 20:12:05,903 ERROR    Failed to get ticker 'QQQ' reason: Expecting value: line 1 column 1 (char 0)
2026-05-08 20:12:06,760 ERROR    Failed to get ticker 'SPY' reason: Expecting value: line 1 column 1 (char 0)
2026-05-08 20:12:06,760 ERROR    
2 Failed downloads:
2026-05-08 20:12:06,761 ERROR    ['QQQ', 'SPY']: YFTzMissingError('$%ticker%: possibly delisted; No timezone found')
2026-05-08 21:04:50,107 ERROR    Failed to get ticker 'SPY' reason: Expecting value: line 1 column 1 (char 0)
2026-05-08 21:04:50,926 ERROR    Failed to get ticker 'QQQ' reason: Expecting value: line 1 column 1 (char 0)
2026-05-08 21:04:50,927 ERROR    
2 Failed downloads:
2026-05-08 21:04:50,927 ERROR    ['SPY', 'QQQ']: YFTzMissingError('$%ticker%: possibly delisted; No timezone found')
2026-05-08 21:04:52,313 ERROR    Failed to get ticker 'SPY' reason: Expecting value: line 1 column 1 (char 0)
2026-05-08 21:04:52,313 ERROR    Failed to get ticker 'QQQ' reason: Expecting value: line 1 column 1 (char 0)
2026-05-08 21:04:52,314 ERROR    
2 Failed downloads:
2026-05-08 21:04:52,314 ERROR    ['SPY', 'QQQ']: YFTzMissingError('$%ticker%: possibly delisted; No timezone found')
2026-05-08 21:09:28,433 ERROR    Failed to get ticker 'SPY' reason: Expecting value: line 1 column 1 (char 0)
2026-05-08 21:09:28,436 ERROR    Failed to get ticker 'QQQ' reason: Expecting value: line 1 column 1 (char 0)
2026-05-08 21:09:28,436 ERROR    
2 Failed downloads:
2026-05-08 21:09:28,436 ERROR    ['SPY', 'QQQ']: YFTzMissingError('$%ticker%: possibly delisted; No timezone found')
2026-05-08 21:09:29,724 ERROR    Failed to get ticker 'SPY' reason: Expecting value: line 1 column 1 (char 0)
2026-05-08 21:09:29,724 ERROR    Failed to get ticker 'QQQ' reason: Expecting value: line 1 column 1 (char 0)
2026-05-08 21:09:29,725 ERROR    
2 Failed downloads:
2026-05-08 21:09:29,725 ERROR    ['SPY', 'QQQ']: YFTzMissingError('$%ticker%: possibly delisted; No timezone found')
2026-05-08 21:13:09,135 ERROR    Failed to get ticker 'SPY' reason: Expecting value: line 1 column 1 (char 0)
2026-05-08 21:13:09,916 ERROR    Failed to get ticker 'QQQ' reason: Expecting value: line 1 column 1 (char 0)
2026-05-08 21:13:09,916 ERROR    
2 Failed downloads:
2026-05-08 21:13:09,916 ERROR    ['SPY', 'QQQ']: YFTzMissingError('$%ticker%: possibly delisted; No timezone found')
2026-05-08 21:13:47,491 ERROR    Failed to get ticker 'SPY' reason: Expecting value: line 1 column 1 (char 0)
2026-05-08 21:13:47,492 ERROR    Failed to get ticker 'QQQ' reason: Expecting value: line 1 column 1 (char 0)
2026-05-08 21:13:47,492 ERROR    
2 Failed downloads:
2026-05-08 21:13:47,492 ERROR    ['SPY', 'QQQ']: YFTzMissingError('$%ticker%: possibly delisted; No timezone found')
2026-05-08 21:16:17,868 ERROR    Failed to get ticker 'SPY' reason: Expecting value: line 1 column 1 (char 0)
2026-05-08 21:16:18,700 ERROR    Failed to get ticker 'QQQ' reason: Expecting value: line 1 column 1 (char 0)
2026-05-08 21:16:18,700 ERROR    
2 Failed downloads:
2026-05-08 21:16:18,701 ERROR    ['SPY', 'QQQ']: YFTzMissingError('$%ticker%: possibly delisted; No timezone found')
2026-05-08 21:17:29,118 ERROR    Failed to get ticker 'QQQ' reason: Expecting value: line 1 column 1 (char 0)
2026-05-08 21:17:30,020 ERROR    Failed to get ticker 'SPY' reason: Expecting value: line 1 column 1 (char 0)
2026-05-08 21:17:30,021 ERROR    
2 Failed downloads:
2026-05-08 21:17:30,021 ERROR    ['QQQ', 'SPY']: YFTzMissingError('$%ticker%: possibly delisted; No timezone found')
2026-05-08 22:25:44,901 ERROR    Failed to get ticker 'SPY' reason: Expecting value: line 1 column 1 (char 0)
2026-05-08 22:25:44,904 ERROR    
1 Failed download:
2026-05-08 22:25:44,904 ERROR    ['SPY']: YFTzMissingError('$%ticker%: possibly delisted; No timezone found')
2026-05-08 22:25:45,835 ERROR    Failed to get ticker 'QQQ' reason: Expecting value: line 1 column 1 (char 0)
2026-05-08 22:25:45,840 ERROR    
1 Failed download:
2026-05-08 22:25:45,840 ERROR    ['QQQ']: YFTzMissingError('$%ticker%: possibly delisted; No timezone found')
2026-05-08 22:25:46,768 ERROR    Failed to get ticker 'TQQQ' reason: Expecting value: line 1 column 1 (char 0)
2026-05-08 22:25:46,773 ERROR    
1 Failed download:
2026-05-08 22:25:46,773 ERROR    ['TQQQ']: YFTzMissingError('$%ticker%: possibly delisted; No timezone found')
2026-05-08 22:25:46,796 ERROR    Failed to get ticker 'QQQ' reason: Expecting value: line 1 column 1 (char 0)
2026-05-08 22:25:46,796 ERROR    Failed to get ticker 'SPY' reason: Expecting value: line 1 column 1 (char 0)
2026-05-08 22:25:46,797 ERROR    
2 Failed downloads:
2026-05-08 22:25:46,797 ERROR    ['QQQ', 'SPY']: YFTzMissingError('$%ticker%: possibly delisted; No timezone found')
2026-05-08 22:27:26,503 ERROR    $TQQQ: possibly delisted; no price data found  (1d 2009-12-28 00:00:00 -> 2026-05-14 00:00:00)
2026-05-08 22:27:26,509 ERROR    
1 Failed download:
2026-05-08 22:27:26,509 ERROR    ['TQQQ']: possibly delisted; no price data found  (1d 2009-12-28 00:00:00 -> 2026-05-14 00:00:00)
2026-05-09 18:42:22,727 ERROR    Failed to get ticker 'QQQ' reason: Expecting value: line 1 column 1 (char 0)
2026-05-09 18:42:23,560 ERROR    Failed to get ticker 'SPY' reason: Expecting value: line 1 column 1 (char 0)
2026-05-09 18:42:23,561 ERROR    
2 Failed downloads:
2026-05-09 18:42:23,561 ERROR    ['QQQ', 'SPY']: YFTzMissingError('$%ticker%: possibly delisted; No timezone found')
2026-05-10 10:52:02,125 ERROR    Failed to get ticker 'SPY' reason: Expecting value: line 1 column 1 (char 0)
2026-05-10 10:52:02,134 ERROR    
1 Failed download:
2026-05-10 10:52:02,134 ERROR    ['SPY']: YFTzMissingError('$%ticker%: possibly delisted; No timezone found')
2026-05-10 10:52:02,313 ERROR    Failed to get ticker 'QQQ' reason: Expecting value: line 1 column 1 (char 0)
2026-05-10 10:52:02,322 ERROR    
1 Failed download:
2026-05-10 10:52:02,322 ERROR    ['QQQ']: YFTzMissingError('$%ticker%: possibly delisted; No timezone found')
2026-05-10 10:52:02,500 ERROR    Failed to get ticker 'TQQQ' reason: Expecting value: line 1 column 1 (char 0)
2026-05-10 10:52:02,506 ERROR    
1 Failed download:
2026-05-10 10:52:02,506 ERROR    ['TQQQ']: YFTzMissingError('$%ticker%: possibly delisted; No timezone found')
2026-05-10 10:52:04,077 ERROR    Failed to get ticker 'SPY' reason: Expecting value: line 1 column 1 (char 0)
2026-05-10 10:52:04,092 ERROR    
1 Failed download:
2026-05-10 10:52:04,092 ERROR    ['SPY']: YFTzMissingError('$%ticker%: possibly delisted; No timezone found')
2026-05-10 10:52:04,093 ERROR    Failed to get ticker 'QQQ' reason: Expecting value: line 1 column 1 (char 0)
2026-05-10 10:52:04,107 ERROR    
1 Failed download:
2026-05-10 10:52:04,107 ERROR    ['QQQ']: YFTzMissingError('$%ticker%: possibly delisted; No timezone found')
2026-05-10 10:52:04,108 ERROR    Failed to get ticker 'TQQQ' reason: Expecting value: line 1 column 1 (char 0)
2026-05-10 10:52:04,120 ERROR    
1 Failed download:
2026-05-10 10:52:04,120 ERROR    ['TQQQ']: YFTzMissingError('$%ticker%: possibly delisted; No timezone found')
2026-05-10 10:52:05,560 ERROR    Failed to get ticker 'SPY' reason: Expecting value: line 1 column 1 (char 0)
2026-05-10 10:52:05,574 ERROR    
1 Failed download:
2026-05-10 10:52:05,574 ERROR    ['SPY']: YFTzMissingError('$%ticker%: possibly delisted; No timezone found')
2026-05-10 10:52:05,575 ERROR    Failed to get ticker 'QQQ' reason: Expecting value: line 1 column 1 (char 0)
2026-05-10 10:52:05,590 ERROR    
1 Failed download:
2026-05-10 10:52:05,590 ERROR    ['QQQ']: YFTzMissingError('$%ticker%: possibly delisted; No timezone found')
2026-05-10 10:52:05,591 ERROR    Failed to get ticker 'TQQQ' reason: Expecting value: line 1 column 1 (char 0)
2026-05-10 10:52:05,606 ERROR    
1 Failed download:
2026-05-10 10:52:05,606 ERROR    ['TQQQ']: YFTzMissingError('$%ticker%: possibly delisted; No timezone found')
2026-05-10 10:52:07,013 ERROR    Failed to get ticker 'SPY' reason: Expecting value: line 1 column 1 (char 0)
2026-05-10 10:52:07,025 ERROR    
1 Failed download:
2026-05-10 10:52:07,025 ERROR    ['SPY']: YFTzMissingError('$%ticker%: possibly delisted; No timezone found')
2026-05-10 10:52:07,026 ERROR    Failed to get ticker 'QQQ' reason: Expecting value: line 1 column 1 (char 0)
2026-05-10 10:52:07,041 ERROR    
1 Failed download:
2026-05-10 10:52:07,041 ERROR    ['QQQ']: YFTzMissingError('$%ticker%: possibly delisted; No timezone found')
2026-05-10 10:52:07,042 ERROR    Failed to get ticker 'TQQQ' reason: Expecting value: line 1 column 1 (char 0)
2026-05-10 10:52:07,056 ERROR    
1 Failed download:
2026-05-10 10:52:07,056 ERROR    ['TQQQ']: YFTzMissingError('$%ticker%: possibly delisted; No timezone found')
2026-05-10 10:52:08,493 ERROR    Failed to get ticker 'SPY' reason: Expecting value: line 1 column 1 (char 0)
2026-05-10 10:52:08,505 ERROR    
1 Failed download:
2026-05-10 10:52:08,506 ERROR    ['SPY']: YFTzMissingError('$%ticker%: possibly delisted; No timezone found')
2026-05-10 10:52:08,507 ERROR    Failed to get ticker 'QQQ' reason: Expecting value: line 1 column 1 (char 0)
2026-05-10 10:52:08,516 ERROR    
1 Failed download:
2026-05-10 10:52:08,516 ERROR    ['QQQ']: YFTzMissingError('$%ticker%: possibly delisted; No timezone found')
2026-05-10 10:52:08,517 ERROR    Failed to get ticker 'TQQQ' reason: Expecting value: line 1 column 1 (char 0)
2026-05-10 10:52:08,532 ERROR    
1 Failed download:
2026-05-10 10:52:08,532 ERROR    ['TQQQ']: YFTzMissingError('$%ticker%: possibly delisted; No timezone found')
2026-05-10 10:52:09,974 ERROR    Failed to get ticker 'SPY' reason: Expecting value: line 1 column 1 (char 0)
2026-05-10 10:52:09,986 ERROR    
1 Failed download:
2026-05-10 10:52:09,986 ERROR    ['SPY']: YFTzMissingError('$%ticker%: possibly delisted; No timezone found')
2026-05-10 10:52:09,987 ERROR    Failed to get ticker 'QQQ' reason: Expecting value: line 1 column 1 (char 0)
2026-05-10 10:52:09,998 ERROR    
1 Failed download:
2026-05-10 10:52:09,998 ERROR    ['QQQ']: YFTzMissingError('$%ticker%: possibly delisted; No timezone found')
2026-05-10 10:52:09,999 ERROR    Failed to get ticker 'TQQQ' reason: Expecting value: line 1 column 1 (char 0)
2026-05-10 10:52:10,014 ERROR    
1 Failed download:
2026-05-10 10:52:10,014 ERROR    ['TQQQ']: YFTzMissingError('$%ticker%: possibly delisted; No timezone found')
2026-05-10 10:52:11,451 ERROR    Failed to get ticker 'SPY' reason: Expecting value: line 1 column 1 (char 0)
2026-05-10 10:52:11,466 ERROR    
1 Failed download:
2026-05-10 10:52:11,466 ERROR    ['SPY']: YFTzMissingError('$%ticker%: possibly delisted; No timezone found')
2026-05-10 10:52:11,467 ERROR    Failed to get ticker 'QQQ' reason: Expecting value: line 1 column 1 (char 0)
2026-05-10 10:52:11,481 ERROR    
1 Failed download:
2026-05-10 10:52:11,481 ERROR    ['QQQ']: YFTzMissingError('$%ticker%: possibly delisted; No timezone found')
2026-05-10 10:52:11,482 ERROR    Failed to get ticker 'TQQQ' reason: Expecting value: line 1 column 1 (char 0)
2026-05-10 10:52:11,497 ERROR    
1 Failed download:
2026-05-10 10:52:11,497 ERROR    ['TQQQ']: YFTzMissingError('$%ticker%: possibly delisted; No timezone found')
2026-05-10 10:52:12,933 ERROR    Failed to get ticker 'SPY' reason: Expecting value: line 1 column 1 (char 0)
2026-05-10 10:52:12,947 ERROR    
1 Failed download:
2026-05-10 10:52:12,947 ERROR    ['SPY']: YFTzMissingError('$%ticker%: possibly delisted; No timezone found')
2026-05-10 10:52:12,948 ERROR    Failed to get ticker 'QQQ' reason: Expecting value: line 1 column 1 (char 0)
2026-05-10 10:52:12,963 ERROR    
1 Failed download:
2026-05-10 10:52:12,963 ERROR    ['QQQ']: YFTzMissingError('$%ticker%: possibly delisted; No timezone found')
2026-05-10 10:52:12,964 ERROR    Failed to get ticker 'TQQQ' reason: Expecting value: line 1 column 1 (char 0)
2026-05-10 10:52:12,979 ERROR    
1 Failed download:
2026-05-10 10:52:12,979 ERROR    ['TQQQ']: YFTzMissingError('$%ticker%: possibly delisted; No timezone found')
2026-05-10 10:52:14,433 ERROR    Failed to get ticker 'SPY' reason: Expecting value: line 1 column 1 (char 0)
2026-05-10 10:52:14,444 ERROR    
1 Failed download:
2026-05-10 10:52:14,444 ERROR    ['SPY']: YFTzMissingError('$%ticker%: possibly delisted; No timezone found')
2026-05-10 10:52:14,446 ERROR    Failed to get ticker 'QQQ' reason: Expecting value: line 1 column 1 (char 0)
2026-05-10 10:52:14,457 ERROR    
1 Failed download:
2026-05-10 10:52:14,457 ERROR    ['QQQ']: YFTzMissingError('$%ticker%: possibly delisted; No timezone found')
2026-05-10 10:52:14,457 ERROR    Failed to get ticker 'TQQQ' reason: Expecting value: line 1 column 1 (char 0)
2026-05-10 10:52:14,469 ERROR    
1 Failed download:
2026-05-10 10:52:14,469 ERROR    ['TQQQ']: YFTzMissingError('$%ticker%: possibly delisted; No timezone found')
2026-05-10 10:52:15,897 ERROR    Failed to get ticker 'SPY' reason: Expecting value: line 1 column 1 (char 0)
2026-05-10 10:52:15,908 ERROR    
1 Failed download:
2026-05-10 10:52:15,908 ERROR    ['SPY']: YFTzMissingError('$%ticker%: possibly delisted; No timezone found')
2026-05-10 10:52:15,910 ERROR    Failed to get ticker 'QQQ' reason: Expecting value: line 1 column 1 (char 0)
2026-05-10 10:52:15,924 ERROR    
1 Failed download:
2026-05-10 10:52:15,924 ERROR    ['QQQ']: YFTzMissingError('$%ticker%: possibly delisted; No timezone found')
2026-05-10 10:52:15,925 ERROR    Failed to get ticker 'TQQQ' reason: Expecting value: line 1 column 1 (char 0)
2026-05-10 10:52:15,937 ERROR    
1 Failed download:
2026-05-10 10:52:15,937 ERROR    ['TQQQ']: YFTzMissingError('$%ticker%: possibly delisted; No timezone found')
2026-05-10 10:52:17,378 ERROR    Failed to get ticker 'SPY' reason: Expecting value: line 1 column 1 (char 0)
2026-05-10 10:52:17,392 ERROR    
1 Failed download:
2026-05-10 10:52:17,392 ERROR    ['SPY']: YFTzMissingError('$%ticker%: possibly delisted; No timezone found')
2026-05-10 10:52:17,393 ERROR    Failed to get ticker 'QQQ' reason: Expecting value: line 1 column 1 (char 0)
2026-05-10 10:52:17,408 ERROR    
1 Failed download:
2026-05-10 10:52:17,408 ERROR    ['QQQ']: YFTzMissingError('$%ticker%: possibly delisted; No timezone found')
2026-05-10 10:52:17,409 ERROR    Failed to get ticker 'TQQQ' reason: Expecting value: line 1 column 1 (char 0)
2026-05-10 10:52:17,423 ERROR    
1 Failed download:
2026-05-10 10:52:17,424 ERROR    ['TQQQ']: YFTzMissingError('$%ticker%: possibly delisted; No timezone found')
2026-05-10 10:52:18,824 ERROR    Failed to get ticker 'SPY' reason: Expecting value: line 1 column 1 (char 0)
2026-05-10 10:52:18,836 ERROR    
1 Failed download:
2026-05-10 10:52:18,836 ERROR    ['SPY']: YFTzMissingError('$%ticker%: possibly delisted; No timezone found')
2026-05-10 10:52:18,837 ERROR    Failed to get ticker 'QQQ' reason: Expecting value: line 1 column 1 (char 0)
2026-05-10 10:52:18,852 ERROR    
1 Failed download:
2026-05-10 10:52:18,852 ERROR    ['QQQ']: YFTzMissingError('$%ticker%: possibly delisted; No timezone found')
2026-05-10 10:52:18,853 ERROR    Failed to get ticker 'TQQQ' reason: Expecting value: line 1 column 1 (char 0)
2026-05-10 10:52:18,867 ERROR    
1 Failed download:
2026-05-10 10:52:18,867 ERROR    ['TQQQ']: YFTzMissingError('$%ticker%: possibly delisted; No timezone found')
2026-05-10 10:52:20,274 ERROR    Failed to get ticker 'SPY' reason: Expecting value: line 1 column 1 (char 0)
2026-05-10 10:52:20,289 ERROR    
1 Failed download:
2026-05-10 10:52:20,289 ERROR    ['SPY']: YFTzMissingError('$%ticker%: possibly delisted; No timezone found')
2026-05-10 10:52:20,290 ERROR    Failed to get ticker 'QQQ' reason: Expecting value: line 1 column 1 (char 0)
2026-05-10 10:52:20,304 ERROR    
1 Failed download:
2026-05-10 10:52:20,304 ERROR    ['QQQ']: YFTzMissingError('$%ticker%: possibly delisted; No timezone found')
2026-05-10 10:52:20,305 ERROR    Failed to get ticker 'TQQQ' reason: Expecting value: line 1 column 1 (char 0)
2026-05-10 10:52:20,320 ERROR    
1 Failed download:
2026-05-10 10:52:20,320 ERROR    ['TQQQ']: YFTzMissingError('$%ticker%: possibly delisted; No timezone found')
2026-05-10 10:52:21,726 ERROR    Failed to get ticker 'SPY' reason: Expecting value: line 1 column 1 (char 0)
2026-05-10 10:52:21,741 ERROR    
1 Failed download:
2026-05-10 10:52:21,741 ERROR    ['SPY']: YFTzMissingError('$%ticker%: possibly delisted; No timezone found')
2026-05-10 10:52:21,742 ERROR    Failed to get ticker 'QQQ' reason: Expecting value: line 1 column 1 (char 0)
2026-05-10 10:52:21,757 ERROR    
1 Failed download:
2026-05-10 10:52:21,757 ERROR    ['QQQ']: YFTzMissingError('$%ticker%: possibly delisted; No timezone found')
2026-05-10 10:52:21,758 ERROR    Failed to get ticker 'TQQQ' reason: Expecting value: line 1 column 1 (char 0)
2026-05-10 10:52:21,772 ERROR    
1 Failed download:
2026-05-10 10:52:21,772 ERROR    ['TQQQ']: YFTzMissingError('$%ticker%: possibly delisted; No timezone found')
2026-05-10 10:52:23,173 ERROR    Failed to get ticker 'SPY' reason: Expecting value: line 1 column 1 (char 0)
2026-05-10 10:52:23,187 ERROR    
1 Failed download:
2026-05-10 10:52:23,187 ERROR    ['SPY']: YFTzMissingError('$%ticker%: possibly delisted; No timezone found')
2026-05-10 10:52:23,188 ERROR    Failed to get ticker 'QQQ' reason: Expecting value: line 1 column 1 (char 0)
2026-05-10 10:52:23,198 ERROR    
1 Failed download:
2026-05-10 10:52:23,198 ERROR    ['QQQ']: YFTzMissingError('$%ticker%: possibly delisted; No timezone found')
2026-05-10 10:52:23,199 ERROR    Failed to get ticker 'TQQQ' reason: Expecting value: line 1 column 1 (char 0)
2026-05-10 10:52:23,211 ERROR    
1 Failed download:
2026-05-10 10:52:23,211 ERROR    ['TQQQ']: YFTzMissingError('$%ticker%: possibly delisted; No timezone found')
2026-05-10 10:52:24,624 ERROR    Failed to get ticker 'SPY' reason: Expecting value: line 1 column 1 (char 0)
2026-05-10 10:52:24,639 ERROR    
1 Failed download:
2026-05-10 10:52:24,639 ERROR    ['SPY']: YFTzMissingError('$%ticker%: possibly delisted; No timezone found')
2026-05-10 10:52:24,640 ERROR    Failed to get ticker 'QQQ' reason: Expecting value: line 1 column 1 (char 0)
2026-05-10 10:52:24,654 ERROR    
1 Failed download:
2026-05-10 10:52:24,655 ERROR    ['QQQ']: YFTzMissingError('$%ticker%: possibly delisted; No timezone found')
2026-05-10 10:52:24,655 ERROR    Failed to get ticker 'TQQQ' reason: Expecting value: line 1 column 1 (char 0)
2026-05-10 10:52:24,670 ERROR    
1 Failed download:
2026-05-10 10:52:24,670 ERROR    ['TQQQ']: YFTzMissingError('$%ticker%: possibly delisted; No timezone found')
2026-05-10 10:52:26,133 ERROR    Failed to get ticker 'SPY' reason: Expecting value: line 1 column 1 (char 0)
2026-05-10 10:52:26,148 ERROR    
1 Failed download:
2026-05-10 10:52:26,148 ERROR    ['SPY']: YFTzMissingError('$%ticker%: possibly delisted; No timezone found')
2026-05-10 10:52:26,149 ERROR    Failed to get ticker 'QQQ' reason: Expecting value: line 1 column 1 (char 0)
2026-05-10 10:52:26,163 ERROR    
1 Failed download:
2026-05-10 10:52:26,164 ERROR    ['QQQ']: YFTzMissingError('$%ticker%: possibly delisted; No timezone found')
2026-05-10 10:52:26,164 ERROR    Failed to get ticker 'TQQQ' reason: Expecting value: line 1 column 1 (char 0)
2026-05-10 10:52:26,179 ERROR    
1 Failed download:
2026-05-10 10:52:26,179 ERROR    ['TQQQ']: YFTzMissingError('$%ticker%: possibly delisted; No timezone found')
2026-05-10 10:52:27,592 ERROR    Failed to get ticker 'SPY' reason: Expecting value: line 1 column 1 (char 0)
2026-05-10 10:52:27,602 ERROR    
1 Failed download:
2026-05-10 10:52:27,602 ERROR    ['SPY']: YFTzMissingError('$%ticker%: possibly delisted; No timezone found')
2026-05-10 10:52:27,603 ERROR    Failed to get ticker 'QQQ' reason: Expecting value: line 1 column 1 (char 0)
2026-05-10 10:52:27,615 ERROR    
1 Failed download:
2026-05-10 10:52:27,615 ERROR    ['QQQ']: YFTzMissingError('$%ticker%: possibly delisted; No timezone found')
2026-05-10 10:52:27,616 ERROR    Failed to get ticker 'TQQQ' reason: Expecting value: line 1 column 1 (char 0)
2026-05-10 10:52:27,629 ERROR    
1 Failed download:
2026-05-10 10:52:27,629 ERROR    ['TQQQ']: YFTzMissingError('$%ticker%: possibly delisted; No timezone found')
2026-05-10 10:52:29,044 ERROR    Failed to get ticker 'SPY' reason: Expecting value: line 1 column 1 (char 0)
2026-05-10 10:52:29,055 ERROR    
1 Failed download:
2026-05-10 10:52:29,055 ERROR    ['SPY']: YFTzMissingError('$%ticker%: possibly delisted; No timezone found')
2026-05-10 10:52:29,056 ERROR    Failed to get ticker 'QQQ' reason: Expecting value: line 1 column 1 (char 0)
2026-05-10 10:52:29,066 ERROR    
1 Failed download:
2026-05-10 10:52:29,066 ERROR    ['QQQ']: YFTzMissingError('$%ticker%: possibly delisted; No timezone found')
2026-05-10 10:52:29,067 ERROR    Failed to get ticker 'TQQQ' reason: Expecting value: line 1 column 1 (char 0)
2026-05-10 10:52:29,082 ERROR    
1 Failed download:
2026-05-10 10:52:29,082 ERROR    ['TQQQ']: YFTzMissingError('$%ticker%: possibly delisted; No timezone found')
2026-05-10 10:52:30,491 ERROR    Failed to get ticker 'SPY' reason: Expecting value: line 1 column 1 (char 0)
2026-05-10 10:52:30,505 ERROR    
1 Failed download:
2026-05-10 10:52:30,505 ERROR    ['SPY']: YFTzMissingError('$%ticker%: possibly delisted; No timezone found')
2026-05-10 10:52:30,506 ERROR    Failed to get ticker 'QQQ' reason: Expecting value: line 1 column 1 (char 0)
2026-05-10 10:52:30,521 ERROR    
1 Failed download:
2026-05-10 10:52:30,521 ERROR    ['QQQ']: YFTzMissingError('$%ticker%: possibly delisted; No timezone found')
2026-05-10 10:52:30,522 ERROR    Failed to get ticker 'TQQQ' reason: Expecting value: line 1 column 1 (char 0)
2026-05-10 10:52:30,536 ERROR    
1 Failed download:
2026-05-10 10:52:30,536 ERROR    ['TQQQ']: YFTzMissingError('$%ticker%: possibly delisted; No timezone found')
2026-05-10 10:52:31,943 ERROR    Failed to get ticker 'SPY' reason: Expecting value: line 1 column 1 (char 0)
2026-05-10 10:52:31,955 ERROR    
1 Failed download:
2026-05-10 10:52:31,955 ERROR    ['SPY']: YFTzMissingError('$%ticker%: possibly delisted; No timezone found')
2026-05-10 10:52:31,956 ERROR    Failed to get ticker 'QQQ' reason: Expecting value: line 1 column 1 (char 0)
2026-05-10 10:52:31,969 ERROR    
1 Failed download:
2026-05-10 10:52:31,969 ERROR    ['QQQ']: YFTzMissingError('$%ticker%: possibly delisted; No timezone found')
2026-05-10 10:52:31,970 ERROR    Failed to get ticker 'TQQQ' reason: Expecting value: line 1 column 1 (char 0)
2026-05-10 10:52:31,981 ERROR    
1 Failed download:
2026-05-10 10:52:31,981 ERROR    ['TQQQ']: YFTzMissingError('$%ticker%: possibly delisted; No timezone found')
2026-05-10 10:52:33,390 ERROR    Failed to get ticker 'SPY' reason: Expecting value: line 1 column 1 (char 0)
2026-05-10 10:52:33,405 ERROR    
1 Failed download:
2026-05-10 10:52:33,405 ERROR    ['SPY']: YFTzMissingError('$%ticker%: possibly delisted; No timezone found')
2026-05-10 10:52:33,406 ERROR    Failed to get ticker 'QQQ' reason: Expecting value: line 1 column 1 (char 0)
2026-05-10 10:52:33,420 ERROR    
1 Failed download:
2026-05-10 10:52:33,420 ERROR    ['QQQ']: YFTzMissingError('$%ticker%: possibly delisted; No timezone found')
2026-05-10 10:52:33,421 ERROR    Failed to get ticker 'TQQQ' reason: Expecting value: line 1 column 1 (char 0)
2026-05-10 10:52:33,433 ERROR    
1 Failed download:
2026-05-10 10:52:33,433 ERROR    ['TQQQ']: YFTzMissingError('$%ticker%: possibly delisted; No timezone found')
2026-05-10 10:52:34,845 ERROR    Failed to get ticker 'SPY' reason: Expecting value: line 1 column 1 (char 0)
2026-05-10 10:52:34,857 ERROR    
1 Failed download:
2026-05-10 10:52:34,857 ERROR    ['SPY']: YFTzMissingError('$%ticker%: possibly delisted; No timezone found')
2026-05-10 10:52:34,859 ERROR    Failed to get ticker 'QQQ' reason: Expecting value: line 1 column 1 (char 0)
2026-05-10 10:52:34,873 ERROR    
1 Failed download:
2026-05-10 10:52:34,873 ERROR    ['QQQ']: YFTzMissingError('$%ticker%: possibly delisted; No timezone found')
2026-05-10 10:52:34,874 ERROR    Failed to get ticker 'TQQQ' reason: Expecting value: line 1 column 1 (char 0)
2026-05-10 10:52:34,889 ERROR    
1 Failed download:
2026-05-10 10:52:34,889 ERROR    ['TQQQ']: YFTzMissingError('$%ticker%: possibly delisted; No timezone found')
2026-05-10 10:52:36,301 ERROR    Failed to get ticker 'SPY' reason: Expecting value: line 1 column 1 (char 0)
2026-05-10 10:52:36,315 ERROR    
1 Failed download:
2026-05-10 10:52:36,315 ERROR    ['SPY']: YFTzMissingError('$%ticker%: possibly delisted; No timezone found')
2026-05-10 10:52:36,316 ERROR    Failed to get ticker 'QQQ' reason: Expecting value: line 1 column 1 (char 0)
2026-05-10 10:52:36,330 ERROR    
1 Failed download:
2026-05-10 10:52:36,330 ERROR    ['QQQ']: YFTzMissingError('$%ticker%: possibly delisted; No timezone found')
2026-05-10 10:52:36,331 ERROR    Failed to get ticker 'TQQQ' reason: Expecting value: line 1 column 1 (char 0)
2026-05-10 10:52:36,346 ERROR    
1 Failed download:
2026-05-10 10:52:36,346 ERROR    ['TQQQ']: YFTzMissingError('$%ticker%: possibly delisted; No timezone found')
2026-05-10 10:52:37,813 ERROR    Failed to get ticker 'SPY' reason: Expecting value: line 1 column 1 (char 0)
2026-05-10 10:52:37,828 ERROR    
1 Failed download:
2026-05-10 10:52:37,828 ERROR    ['SPY']: YFTzMissingError('$%ticker%: possibly delisted; No timezone found')
2026-05-10 10:52:37,829 ERROR    Failed to get ticker 'QQQ' reason: Expecting value: line 1 column 1 (char 0)
2026-05-10 10:52:37,844 ERROR    
1 Failed download:
2026-05-10 10:52:37,844 ERROR    ['QQQ']: YFTzMissingError('$%ticker%: possibly delisted; No timezone found')
2026-05-10 10:52:37,845 ERROR    Failed to get ticker 'TQQQ' reason: Expecting value: line 1 column 1 (char 0)
2026-05-10 10:52:37,859 ERROR    
1 Failed download:
2026-05-10 10:52:37,860 ERROR    ['TQQQ']: YFTzMissingError('$%ticker%: possibly delisted; No timezone found')
2026-05-10 10:52:39,269 ERROR    Failed to get ticker 'SPY' reason: Expecting value: line 1 column 1 (char 0)
2026-05-10 10:52:39,284 ERROR    
1 Failed download:
2026-05-10 10:52:39,284 ERROR    ['SPY']: YFTzMissingError('$%ticker%: possibly delisted; No timezone found')
2026-05-10 10:52:39,285 ERROR    Failed to get ticker 'QQQ' reason: Expecting value: line 1 column 1 (char 0)
2026-05-10 10:52:39,298 ERROR    
1 Failed download:
2026-05-10 10:52:39,298 ERROR    ['QQQ']: YFTzMissingError('$%ticker%: possibly delisted; No timezone found')
2026-05-10 10:52:39,299 ERROR    Failed to get ticker 'TQQQ' reason: Expecting value: line 1 column 1 (char 0)
2026-05-10 10:52:39,313 ERROR    
1 Failed download:
2026-05-10 10:52:39,313 ERROR    ['TQQQ']: YFTzMissingError('$%ticker%: possibly delisted; No timezone found')
2026-05-10 10:52:40,740 ERROR    Failed to get ticker 'SPY' reason: Expecting value: line 1 column 1 (char 0)
2026-05-10 10:52:40,750 ERROR    
1 Failed download:
2026-05-10 10:52:40,750 ERROR    ['SPY']: YFTzMissingError('$%ticker%: possibly delisted; No timezone found')
2026-05-10 10:52:40,751 ERROR    Failed to get ticker 'QQQ' reason: Expecting value: line 1 column 1 (char 0)
2026-05-10 10:52:40,763 ERROR    
1 Failed download:
2026-05-10 10:52:40,763 ERROR    ['QQQ']: YFTzMissingError('$%ticker%: possibly delisted; No timezone found')
2026-05-10 10:52:40,764 ERROR    Failed to get ticker 'TQQQ' reason: Expecting value: line 1 column 1 (char 0)
2026-05-10 10:52:40,777 ERROR    
1 Failed download:
2026-05-10 10:52:40,777 ERROR    ['TQQQ']: YFTzMissingError('$%ticker%: possibly delisted; No timezone found')
2026-05-10 10:52:42,179 ERROR    Failed to get ticker 'SPY' reason: Expecting value: line 1 column 1 (char 0)
2026-05-10 10:52:42,192 ERROR    
1 Failed download:
2026-05-10 10:52:42,192 ERROR    ['SPY']: YFTzMissingError('$%ticker%: possibly delisted; No timezone found')
2026-05-10 10:52:42,193 ERROR    Failed to get ticker 'QQQ' reason: Expecting value: line 1 column 1 (char 0)
2026-05-10 10:52:42,206 ERROR    
1 Failed download:
2026-05-10 10:52:42,206 ERROR    ['QQQ']: YFTzMissingError('$%ticker%: possibly delisted; No timezone found')
2026-05-10 10:52:42,207 ERROR    Failed to get ticker 'TQQQ' reason: Expecting value: line 1 column 1 (char 0)
2026-05-10 10:52:42,222 ERROR    
1 Failed download:
2026-05-10 10:52:42,222 ERROR    ['TQQQ']: YFTzMissingError('$%ticker%: possibly delisted; No timezone found')
2026-05-10 10:52:43,623 ERROR    Failed to get ticker 'SPY' reason: Expecting value: line 1 column 1 (char 0)
2026-05-10 10:52:43,638 ERROR    
1 Failed download:
2026-05-10 10:52:43,638 ERROR    ['SPY']: YFTzMissingError('$%ticker%: possibly delisted; No timezone found')
2026-05-10 10:52:43,639 ERROR    Failed to get ticker 'QQQ' reason: Expecting value: line 1 column 1 (char 0)
2026-05-10 10:52:43,654 ERROR    
1 Failed download:
2026-05-10 10:52:43,654 ERROR    ['QQQ']: YFTzMissingError('$%ticker%: possibly delisted; No timezone found')
2026-05-10 10:52:43,654 ERROR    Failed to get ticker 'TQQQ' reason: Expecting value: line 1 column 1 (char 0)
2026-05-10 10:52:43,669 ERROR    
1 Failed download:
2026-05-10 10:52:43,669 ERROR    ['TQQQ']: YFTzMissingError('$%ticker%: possibly delisted; No timezone found')
2026-05-10 10:52:45,118 ERROR    Failed to get ticker 'SPY' reason: Expecting value: line 1 column 1 (char 0)
2026-05-10 10:52:45,133 ERROR    
1 Failed download:
2026-05-10 10:52:45,133 ERROR    ['SPY']: YFTzMissingError('$%ticker%: possibly delisted; No timezone found')
2026-05-10 10:52:45,134 ERROR    Failed to get ticker 'QQQ' reason: Expecting value: line 1 column 1 (char 0)
2026-05-10 10:52:45,149 ERROR    
1 Failed download:
2026-05-10 10:52:45,149 ERROR    ['QQQ']: YFTzMissingError('$%ticker%: possibly delisted; No timezone found')
2026-05-10 10:52:45,149 ERROR    Failed to get ticker 'TQQQ' reason: Expecting value: line 1 column 1 (char 0)
2026-05-10 10:52:45,164 ERROR    
1 Failed download:
2026-05-10 10:52:45,164 ERROR    ['TQQQ']: YFTzMissingError('$%ticker%: possibly delisted; No timezone found')
2026-05-10 10:52:46,567 ERROR    Failed to get ticker 'SPY' reason: Expecting value: line 1 column 1 (char 0)
2026-05-10 10:52:46,581 ERROR    
1 Failed download:
2026-05-10 10:52:46,581 ERROR    ['SPY']: YFTzMissingError('$%ticker%: possibly delisted; No timezone found')
2026-05-10 10:52:46,582 ERROR    Failed to get ticker 'QQQ' reason: Expecting value: line 1 column 1 (char 0)
2026-05-10 10:52:46,594 ERROR    
1 Failed download:
2026-05-10 10:52:46,594 ERROR    ['QQQ']: YFTzMissingError('$%ticker%: possibly delisted; No timezone found')
2026-05-10 10:52:46,595 ERROR    Failed to get ticker 'TQQQ' reason: Expecting value: line 1 column 1 (char 0)
2026-05-10 10:52:46,606 ERROR    
1 Failed download:
2026-05-10 10:52:46,606 ERROR    ['TQQQ']: YFTzMissingError('$%ticker%: possibly delisted; No timezone found')
2026-05-10 10:52:48,016 ERROR    Failed to get ticker 'SPY' reason: Expecting value: line 1 column 1 (char 0)
2026-05-10 10:52:48,030 ERROR    
1 Failed download:
2026-05-10 10:52:48,030 ERROR    ['SPY']: YFTzMissingError('$%ticker%: possibly delisted; No timezone found')
2026-05-10 10:52:48,031 ERROR    Failed to get ticker 'QQQ' reason: Expecting value: line 1 column 1 (char 0)
2026-05-10 10:52:48,041 ERROR    
1 Failed download:
2026-05-10 10:52:48,042 ERROR    ['QQQ']: YFTzMissingError('$%ticker%: possibly delisted; No timezone found')
2026-05-10 10:52:48,043 ERROR    Failed to get ticker 'TQQQ' reason: Expecting value: line 1 column 1 (char 0)
2026-05-10 10:52:48,057 ERROR    
1 Failed download:
2026-05-10 10:52:48,057 ERROR    ['TQQQ']: YFTzMissingError('$%ticker%: possibly delisted; No timezone found')
2026-05-10 10:52:49,465 ERROR    Failed to get ticker 'SPY' reason: Expecting value: line 1 column 1 (char 0)
2026-05-10 10:52:49,477 ERROR    
1 Failed download:
2026-05-10 10:52:49,477 ERROR    ['SPY']: YFTzMissingError('$%ticker%: possibly delisted; No timezone found')
2026-05-10 10:52:49,478 ERROR    Failed to get ticker 'QQQ' reason: Expecting value: line 1 column 1 (char 0)
2026-05-10 10:52:49,492 ERROR    
1 Failed download:
2026-05-10 10:52:49,492 ERROR    ['QQQ']: YFTzMissingError('$%ticker%: possibly delisted; No timezone found')
2026-05-10 10:52:49,493 ERROR    Failed to get ticker 'TQQQ' reason: Expecting value: line 1 column 1 (char 0)
2026-05-10 10:52:49,505 ERROR    
1 Failed download:
2026-05-10 10:52:49,506 ERROR    ['TQQQ']: YFTzMissingError('$%ticker%: possibly delisted; No timezone found')
2026-05-10 10:52:50,977 ERROR    Failed to get ticker 'SPY' reason: Expecting value: line 1 column 1 (char 0)
2026-05-10 10:52:50,992 ERROR    
1 Failed download:
2026-05-10 10:52:50,992 ERROR    ['SPY']: YFTzMissingError('$%ticker%: possibly delisted; No timezone found')
2026-05-10 10:52:50,993 ERROR    Failed to get ticker 'QQQ' reason: Expecting value: line 1 column 1 (char 0)
2026-05-10 10:52:51,007 ERROR    
1 Failed download:
2026-05-10 10:52:51,007 ERROR    ['QQQ']: YFTzMissingError('$%ticker%: possibly delisted; No timezone found')
2026-05-10 10:52:51,007 ERROR    Failed to get ticker 'TQQQ' reason: Expecting value: line 1 column 1 (char 0)
2026-05-10 10:52:51,022 ERROR    
1 Failed download:
2026-05-10 10:52:51,022 ERROR    ['TQQQ']: YFTzMissingError('$%ticker%: possibly delisted; No timezone found')
2026-05-10 10:52:52,456 ERROR    Failed to get ticker 'SPY' reason: Expecting value: line 1 column 1 (char 0)
2026-05-10 10:52:52,470 ERROR    
1 Failed download:
2026-05-10 10:52:52,470 ERROR    ['SPY']: YFTzMissingError('$%ticker%: possibly delisted; No timezone found')
2026-05-10 10:52:52,471 ERROR    Failed to get ticker 'QQQ' reason: Expecting value: line 1 column 1 (char 0)
2026-05-10 10:52:52,482 ERROR    
1 Failed download:
2026-05-10 10:52:52,482 ERROR    ['QQQ']: YFTzMissingError('$%ticker%: possibly delisted; No timezone found')
2026-05-10 10:52:52,483 ERROR    Failed to get ticker 'TQQQ' reason: Expecting value: line 1 column 1 (char 0)
2026-05-10 10:52:52,496 ERROR    
1 Failed download:
2026-05-10 10:52:52,496 ERROR    ['TQQQ']: YFTzMissingError('$%ticker%: possibly delisted; No timezone found')
2026-05-10 10:52:53,915 ERROR    Failed to get ticker 'SPY' reason: Expecting value: line 1 column 1 (char 0)
2026-05-10 10:52:53,928 ERROR    
1 Failed download:
2026-05-10 10:52:53,929 ERROR    ['SPY']: YFTzMissingError('$%ticker%: possibly delisted; No timezone found')
2026-05-10 10:52:53,929 ERROR    Failed to get ticker 'QQQ' reason: Expecting value: line 1 column 1 (char 0)
2026-05-10 10:52:53,944 ERROR    
1 Failed download:
2026-05-10 10:52:53,944 ERROR    ['QQQ']: YFTzMissingError('$%ticker%: possibly delisted; No timezone found')
2026-05-10 10:52:53,945 ERROR    Failed to get ticker 'TQQQ' reason: Expecting value: line 1 column 1 (char 0)
2026-05-10 10:52:53,960 ERROR    
1 Failed download:
2026-05-10 10:52:53,960 ERROR    ['TQQQ']: YFTzMissingError('$%ticker%: possibly delisted; No timezone found')
2026-05-10 10:52:55,380 ERROR    Failed to get ticker 'SPY' reason: Expecting value: line 1 column 1 (char 0)
2026-05-10 10:52:55,391 ERROR    
1 Failed download:
2026-05-10 10:52:55,391 ERROR    ['SPY']: YFTzMissingError('$%ticker%: possibly delisted; No timezone found')
2026-05-10 10:52:55,392 ERROR    Failed to get ticker 'QQQ' reason: Expecting value: line 1 column 1 (char 0)
2026-05-10 10:52:55,402 ERROR    
1 Failed download:
2026-05-10 10:52:55,402 ERROR    ['QQQ']: YFTzMissingError('$%ticker%: possibly delisted; No timezone found')
2026-05-10 10:52:55,403 ERROR    Failed to get ticker 'TQQQ' reason: Expecting value: line 1 column 1 (char 0)
2026-05-10 10:52:55,415 ERROR    
1 Failed download:
2026-05-10 10:52:55,415 ERROR    ['TQQQ']: YFTzMissingError('$%ticker%: possibly delisted; No timezone found')
2026-05-10 10:52:56,829 ERROR    Failed to get ticker 'SPY' reason: Expecting value: line 1 column 1 (char 0)
2026-05-10 10:52:56,842 ERROR    
1 Failed download:
2026-05-10 10:52:56,842 ERROR    ['SPY']: YFTzMissingError('$%ticker%: possibly delisted; No timezone found')
2026-05-10 10:52:56,843 ERROR    Failed to get ticker 'QQQ' reason: Expecting value: line 1 column 1 (char 0)
2026-05-10 10:52:56,854 ERROR    
1 Failed download:
2026-05-10 10:52:56,854 ERROR    ['QQQ']: YFTzMissingError('$%ticker%: possibly delisted; No timezone found')
2026-05-10 10:52:56,855 ERROR    Failed to get ticker 'TQQQ' reason: Expecting value: line 1 column 1 (char 0)
2026-05-10 10:52:56,870 ERROR    
1 Failed download:
2026-05-10 10:52:56,870 ERROR    ['TQQQ']: YFTzMissingError('$%ticker%: possibly delisted; No timezone found')
2026-05-10 10:52:58,280 ERROR    Failed to get ticker 'SPY' reason: Expecting value: line 1 column 1 (char 0)
2026-05-10 10:52:58,294 ERROR    
1 Failed download:
2026-05-10 10:52:58,294 ERROR    ['SPY']: YFTzMissingError('$%ticker%: possibly delisted; No timezone found')
2026-05-10 10:52:58,295 ERROR    Failed to get ticker 'QQQ' reason: Expecting value: line 1 column 1 (char 0)
2026-05-10 10:52:58,307 ERROR    
1 Failed download:
2026-05-10 10:52:58,307 ERROR    ['QQQ']: YFTzMissingError('$%ticker%: possibly delisted; No timezone found')
2026-05-10 10:52:58,308 ERROR    Failed to get ticker 'TQQQ' reason: Expecting value: line 1 column 1 (char 0)
2026-05-10 10:52:58,322 ERROR    
1 Failed download:
2026-05-10 10:52:58,323 ERROR    ['TQQQ']: YFTzMissingError('$%ticker%: possibly delisted; No timezone found')
2026-05-10 10:52:59,738 ERROR    Failed to get ticker 'SPY' reason: Expecting value: line 1 column 1 (char 0)
2026-05-10 10:52:59,749 ERROR    
1 Failed download:
2026-05-10 10:52:59,749 ERROR    ['SPY']: YFTzMissingError('$%ticker%: possibly delisted; No timezone found')
2026-05-10 10:52:59,750 ERROR    Failed to get ticker 'QQQ' reason: Expecting value: line 1 column 1 (char 0)
2026-05-10 10:52:59,765 ERROR    
1 Failed download:
2026-05-10 10:52:59,765 ERROR    ['QQQ']: YFTzMissingError('$%ticker%: possibly delisted; No timezone found')
2026-05-10 10:52:59,765 ERROR    Failed to get ticker 'TQQQ' reason: Expecting value: line 1 column 1 (char 0)
2026-05-10 10:52:59,778 ERROR    
1 Failed download:
2026-05-10 10:52:59,778 ERROR    ['TQQQ']: YFTzMissingError('$%ticker%: possibly delisted; No timezone found')
2026-05-10 10:53:01,191 ERROR    Failed to get ticker 'SPY' reason: Expecting value: line 1 column 1 (char 0)
2026-05-10 10:53:01,205 ERROR    
1 Failed download:
2026-05-10 10:53:01,205 ERROR    ['SPY']: YFTzMissingError('$%ticker%: possibly delisted; No timezone found')
2026-05-10 10:53:01,206 ERROR    Failed to get ticker 'QQQ' reason: Expecting value: line 1 column 1 (char 0)
2026-05-10 10:53:01,221 ERROR    
1 Failed download:
2026-05-10 10:53:01,221 ERROR    ['QQQ']: YFTzMissingError('$%ticker%: possibly delisted; No timezone found')
2026-05-10 10:53:01,222 ERROR    Failed to get ticker 'TQQQ' reason: Expecting value: line 1 column 1 (char 0)
2026-05-10 10:53:01,234 ERROR    
1 Failed download:
2026-05-10 10:53:01,234 ERROR    ['TQQQ']: YFTzMissingError('$%ticker%: possibly delisted; No timezone found')
2026-05-10 10:53:02,727 ERROR    Failed to get ticker 'SPY' reason: Expecting value: line 1 column 1 (char 0)
2026-05-10 10:53:02,739 ERROR    
1 Failed download:
2026-05-10 10:53:02,739 ERROR    ['SPY']: YFTzMissingError('$%ticker%: possibly delisted; No timezone found')
2026-05-10 10:53:02,740 ERROR    Failed to get ticker 'QQQ' reason: Expecting value: line 1 column 1 (char 0)
2026-05-10 10:53:02,752 ERROR    
1 Failed download:
2026-05-10 10:53:02,752 ERROR    ['QQQ']: YFTzMissingError('$%ticker%: possibly delisted; No timezone found')
2026-05-10 10:53:02,753 ERROR    Failed to get ticker 'TQQQ' reason: Expecting value: line 1 column 1 (char 0)
2026-05-10 10:53:02,768 ERROR    
1 Failed download:
2026-05-10 10:53:02,768 ERROR    ['TQQQ']: YFTzMissingError('$%ticker%: possibly delisted; No timezone found')
2026-05-10 10:53:04,176 ERROR    Failed to get ticker 'SPY' reason: Expecting value: line 1 column 1 (char 0)
2026-05-10 10:53:04,188 ERROR    
1 Failed download:
2026-05-10 10:53:04,188 ERROR    ['SPY']: YFTzMissingError('$%ticker%: possibly delisted; No timezone found')
2026-05-10 10:53:04,189 ERROR    Failed to get ticker 'QQQ' reason: Expecting value: line 1 column 1 (char 0)
2026-05-10 10:53:04,204 ERROR    
1 Failed download:
2026-05-10 10:53:04,204 ERROR    ['QQQ']: YFTzMissingError('$%ticker%: possibly delisted; No timezone found')
2026-05-10 10:53:04,205 ERROR    Failed to get ticker 'TQQQ' reason: Expecting value: line 1 column 1 (char 0)
2026-05-10 10:53:04,220 ERROR    
1 Failed download:
2026-05-10 10:53:04,220 ERROR    ['TQQQ']: YFTzMissingError('$%ticker%: possibly delisted; No timezone found')
2026-05-10 10:53:05,635 ERROR    Failed to get ticker 'SPY' reason: Expecting value: line 1 column 1 (char 0)
2026-05-10 10:53:05,650 ERROR    
1 Failed download:
2026-05-10 10:53:05,650 ERROR    ['SPY']: YFTzMissingError('$%ticker%: possibly delisted; No timezone found')
2026-05-10 10:53:05,651 ERROR    Failed to get ticker 'QQQ' reason: Expecting value: line 1 column 1 (char 0)
2026-05-10 10:53:05,665 ERROR    
1 Failed download:
2026-05-10 10:53:05,665 ERROR    ['QQQ']: YFTzMissingError('$%ticker%: possibly delisted; No timezone found')
2026-05-10 10:53:05,666 ERROR    Failed to get ticker 'TQQQ' reason: Expecting value: line 1 column 1 (char 0)
2026-05-10 10:53:05,680 ERROR    
1 Failed download:
2026-05-10 10:53:05,680 ERROR    ['TQQQ']: YFTzMissingError('$%ticker%: possibly delisted; No timezone found')
2026-05-10 10:53:07,093 ERROR    Failed to get ticker 'SPY' reason: Expecting value: line 1 column 1 (char 0)
2026-05-10 10:53:07,107 ERROR    
1 Failed download:
2026-05-10 10:53:07,107 ERROR    ['SPY']: YFTzMissingError('$%ticker%: possibly delisted; No timezone found')
2026-05-10 10:53:07,108 ERROR    Failed to get ticker 'QQQ' reason: Expecting value: line 1 column 1 (char 0)
2026-05-10 10:53:07,119 ERROR    
1 Failed download:
2026-05-10 10:53:07,119 ERROR    ['QQQ']: YFTzMissingError('$%ticker%: possibly delisted; No timezone found')
2026-05-10 10:53:07,120 ERROR    Failed to get ticker 'TQQQ' reason: Expecting value: line 1 column 1 (char 0)
2026-05-10 10:53:07,134 ERROR    
1 Failed download:
2026-05-10 10:53:07,135 ERROR    ['TQQQ']: YFTzMissingError('$%ticker%: possibly delisted; No timezone found')
2026-05-10 10:53:08,546 ERROR    Failed to get ticker 'SPY' reason: Expecting value: line 1 column 1 (char 0)
2026-05-10 10:53:08,560 ERROR    
1 Failed download:
2026-05-10 10:53:08,560 ERROR    ['SPY']: YFTzMissingError('$%ticker%: possibly delisted; No timezone found')
2026-05-10 10:53:08,561 ERROR    Failed to get ticker 'QQQ' reason: Expecting value: line 1 column 1 (char 0)
2026-05-10 10:53:08,576 ERROR    
1 Failed download:
2026-05-10 10:53:08,576 ERROR    ['QQQ']: YFTzMissingError('$%ticker%: possibly delisted; No timezone found')
2026-05-10 10:53:08,577 ERROR    Failed to get ticker 'TQQQ' reason: Expecting value: line 1 column 1 (char 0)
2026-05-10 10:53:08,592 ERROR    
1 Failed download:
2026-05-10 10:53:08,592 ERROR    ['TQQQ']: YFTzMissingError('$%ticker%: possibly delisted; No timezone found')
2026-05-10 10:53:10,004 ERROR    Failed to get ticker 'SPY' reason: Expecting value: line 1 column 1 (char 0)
2026-05-10 10:53:10,018 ERROR    
1 Failed download:
2026-05-10 10:53:10,018 ERROR    ['SPY']: YFTzMissingError('$%ticker%: possibly delisted; No timezone found')
2026-05-10 10:53:10,019 ERROR    Failed to get ticker 'QQQ' reason: Expecting value: line 1 column 1 (char 0)
2026-05-10 10:53:10,032 ERROR    
1 Failed download:
2026-05-10 10:53:10,032 ERROR    ['QQQ']: YFTzMissingError('$%ticker%: possibly delisted; No timezone found')
2026-05-10 10:53:10,032 ERROR    Failed to get ticker 'TQQQ' reason: Expecting value: line 1 column 1 (char 0)
2026-05-10 10:53:10,046 ERROR    
1 Failed download:
2026-05-10 10:53:10,047 ERROR    ['TQQQ']: YFTzMissingError('$%ticker%: possibly delisted; No timezone found')
2026-05-10 10:53:11,456 ERROR    Failed to get ticker 'SPY' reason: Expecting value: line 1 column 1 (char 0)
2026-05-10 10:53:11,465 ERROR    
1 Failed download:
2026-05-10 10:53:11,465 ERROR    ['SPY']: YFTzMissingError('$%ticker%: possibly delisted; No timezone found')
2026-05-10 10:53:11,467 ERROR    Failed to get ticker 'QQQ' reason: Expecting value: line 1 column 1 (char 0)
2026-05-10 10:53:11,481 ERROR    
1 Failed download:
2026-05-10 10:53:11,481 ERROR    ['QQQ']: YFTzMissingError('$%ticker%: possibly delisted; No timezone found')
2026-05-10 10:53:11,483 ERROR    Failed to get ticker 'TQQQ' reason: Expecting value: line 1 column 1 (char 0)
2026-05-10 10:53:11,494 ERROR    
1 Failed download:
2026-05-10 10:53:11,494 ERROR    ['TQQQ']: YFTzMissingError('$%ticker%: possibly delisted; No timezone found')
2026-05-10 10:53:12,925 ERROR    Failed to get ticker 'SPY' reason: Expecting value: line 1 column 1 (char 0)
2026-05-10 10:53:12,939 ERROR    
1 Failed download:
2026-05-10 10:53:12,939 ERROR    ['SPY']: YFTzMissingError('$%ticker%: possibly delisted; No timezone found')
2026-05-10 10:53:12,940 ERROR    Failed to get ticker 'QQQ' reason: Expecting value: line 1 column 1 (char 0)
2026-05-10 10:53:12,954 ERROR    
1 Failed download:
2026-05-10 10:53:12,954 ERROR    ['QQQ']: YFTzMissingError('$%ticker%: possibly delisted; No timezone found')
2026-05-10 10:53:12,955 ERROR    Failed to get ticker 'TQQQ' reason: Expecting value: line 1 column 1 (char 0)
2026-05-10 10:53:12,970 ERROR    
1 Failed download:
2026-05-10 10:53:12,970 ERROR    ['TQQQ']: YFTzMissingError('$%ticker%: possibly delisted; No timezone found')
2026-05-10 10:53:14,348 ERROR    Failed to get ticker 'SPY' reason: Expecting value: line 1 column 1 (char 0)
2026-05-10 10:53:14,359 ERROR    
1 Failed download:
2026-05-10 10:53:14,359 ERROR    ['SPY']: YFTzMissingError('$%ticker%: possibly delisted; No timezone found')
2026-05-10 10:53:14,361 ERROR    Failed to get ticker 'QQQ' reason: Expecting value: line 1 column 1 (char 0)
2026-05-10 10:53:14,372 ERROR    
1 Failed download:
2026-05-10 10:53:14,372 ERROR    ['QQQ']: YFTzMissingError('$%ticker%: possibly delisted; No timezone found')
2026-05-10 10:53:14,372 ERROR    Failed to get ticker 'TQQQ' reason: Expecting value: line 1 column 1 (char 0)
2026-05-10 10:53:14,387 ERROR    
1 Failed download:
2026-05-10 10:53:14,387 ERROR    ['TQQQ']: YFTzMissingError('$%ticker%: possibly delisted; No timezone found')
2026-05-10 10:53:15,849 ERROR    Failed to get ticker 'SPY' reason: Expecting value: line 1 column 1 (char 0)
2026-05-10 10:53:15,863 ERROR    
1 Failed download:
2026-05-10 10:53:15,863 ERROR    ['SPY']: YFTzMissingError('$%ticker%: possibly delisted; No timezone found')
2026-05-10 10:53:15,864 ERROR    Failed to get ticker 'QQQ' reason: Expecting value: line 1 column 1 (char 0)
2026-05-10 10:53:15,877 ERROR    
1 Failed download:
2026-05-10 10:53:15,877 ERROR    ['QQQ']: YFTzMissingError('$%ticker%: possibly delisted; No timezone found')
2026-05-10 10:53:15,878 ERROR    Failed to get ticker 'TQQQ' reason: Expecting value: line 1 column 1 (char 0)
2026-05-10 10:53:15,893 ERROR    
1 Failed download:
2026-05-10 10:53:15,893 ERROR    ['TQQQ']: YFTzMissingError('$%ticker%: possibly delisted; No timezone found')
2026-05-10 10:53:17,336 ERROR    Failed to get ticker 'SPY' reason: Expecting value: line 1 column 1 (char 0)
2026-05-10 10:53:17,350 ERROR    
1 Failed download:
2026-05-10 10:53:17,350 ERROR    ['SPY']: YFTzMissingError('$%ticker%: possibly delisted; No timezone found')
2026-05-10 10:53:17,351 ERROR    Failed to get ticker 'QQQ' reason: Expecting value: line 1 column 1 (char 0)
2026-05-10 10:53:17,363 ERROR    
1 Failed download:
2026-05-10 10:53:17,363 ERROR    ['QQQ']: YFTzMissingError('$%ticker%: possibly delisted; No timezone found')
2026-05-10 10:53:17,364 ERROR    Failed to get ticker 'TQQQ' reason: Expecting value: line 1 column 1 (char 0)
2026-05-10 10:53:17,374 ERROR    
1 Failed download:
2026-05-10 10:53:17,374 ERROR    ['TQQQ']: YFTzMissingError('$%ticker%: possibly delisted; No timezone found')
2026-05-10 10:53:18,775 ERROR    Failed to get ticker 'SPY' reason: Expecting value: line 1 column 1 (char 0)
2026-05-10 10:53:18,785 ERROR    
1 Failed download:
2026-05-10 10:53:18,785 ERROR    ['SPY']: YFTzMissingError('$%ticker%: possibly delisted; No timezone found')
2026-05-10 10:53:18,787 ERROR    Failed to get ticker 'QQQ' reason: Expecting value: line 1 column 1 (char 0)
2026-05-10 10:53:18,801 ERROR    
1 Failed download:
2026-05-10 10:53:18,801 ERROR    ['QQQ']: YFTzMissingError('$%ticker%: possibly delisted; No timezone found')
2026-05-10 10:53:18,802 ERROR    Failed to get ticker 'TQQQ' reason: Expecting value: line 1 column 1 (char 0)
2026-05-10 10:53:18,815 ERROR    
1 Failed download:
2026-05-10 10:53:18,815 ERROR    ['TQQQ']: YFTzMissingError('$%ticker%: possibly delisted; No timezone found')
2026-05-10 10:53:20,222 ERROR    Failed to get ticker 'SPY' reason: Expecting value: line 1 column 1 (char 0)
2026-05-10 10:53:20,235 ERROR    
1 Failed download:
2026-05-10 10:53:20,235 ERROR    ['SPY']: YFTzMissingError('$%ticker%: possibly delisted; No timezone found')
2026-05-10 10:53:20,236 ERROR    Failed to get ticker 'QQQ' reason: Expecting value: line 1 column 1 (char 0)
2026-05-10 10:53:20,248 ERROR    
1 Failed download:
2026-05-10 10:53:20,248 ERROR    ['QQQ']: YFTzMissingError('$%ticker%: possibly delisted; No timezone found')
2026-05-10 10:53:20,249 ERROR    Failed to get ticker 'TQQQ' reason: Expecting value: line 1 column 1 (char 0)
2026-05-10 10:53:20,264 ERROR    
1 Failed download:
2026-05-10 10:53:20,264 ERROR    ['TQQQ']: YFTzMissingError('$%ticker%: possibly delisted; No timezone found')
2026-05-10 10:53:21,661 ERROR    Failed to get ticker 'SPY' reason: Expecting value: line 1 column 1 (char 0)
2026-05-10 10:53:21,676 ERROR    
1 Failed download:
2026-05-10 10:53:21,676 ERROR    ['SPY']: YFTzMissingError('$%ticker%: possibly delisted; No timezone found')
2026-05-10 10:53:21,677 ERROR    Failed to get ticker 'QQQ' reason: Expecting value: line 1 column 1 (char 0)
2026-05-10 10:53:21,691 ERROR    
1 Failed download:
2026-05-10 10:53:21,691 ERROR    ['QQQ']: YFTzMissingError('$%ticker%: possibly delisted; No timezone found')
2026-05-10 10:53:21,692 ERROR    Failed to get ticker 'TQQQ' reason: Expecting value: line 1 column 1 (char 0)
2026-05-10 10:53:21,705 ERROR    
1 Failed download:
2026-05-10 10:53:21,705 ERROR    ['TQQQ']: YFTzMissingError('$%ticker%: possibly delisted; No timezone found')
2026-05-10 10:53:23,091 ERROR    Failed to get ticker 'SPY' reason: Expecting value: line 1 column 1 (char 0)
2026-05-10 10:53:23,105 ERROR    
1 Failed download:
2026-05-10 10:53:23,105 ERROR    ['SPY']: YFTzMissingError('$%ticker%: possibly delisted; No timezone found')
2026-05-10 10:53:23,106 ERROR    Failed to get ticker 'QQQ' reason: Expecting value: line 1 column 1 (char 0)
2026-05-10 10:53:23,119 ERROR    
1 Failed download:
2026-05-10 10:53:23,119 ERROR    ['QQQ']: YFTzMissingError('$%ticker%: possibly delisted; No timezone found')
2026-05-10 10:53:23,120 ERROR    Failed to get ticker 'TQQQ' reason: Expecting value: line 1 column 1 (char 0)
2026-05-10 10:53:23,135 ERROR    
1 Failed download:
2026-05-10 10:53:23,135 ERROR    ['TQQQ']: YFTzMissingError('$%ticker%: possibly delisted; No timezone found')
2026-05-10 10:53:24,526 ERROR    Failed to get ticker 'SPY' reason: Expecting value: line 1 column 1 (char 0)
2026-05-10 10:53:24,541 ERROR    
1 Failed download:
2026-05-10 10:53:24,541 ERROR    ['SPY']: YFTzMissingError('$%ticker%: possibly delisted; No timezone found')
2026-05-10 10:53:24,542 ERROR    Failed to get ticker 'QQQ' reason: Expecting value: line 1 column 1 (char 0)
2026-05-10 10:53:24,555 ERROR    
1 Failed download:
2026-05-10 10:53:24,555 ERROR    ['QQQ']: YFTzMissingError('$%ticker%: possibly delisted; No timezone found')
2026-05-10 10:53:24,556 ERROR    Failed to get ticker 'TQQQ' reason: Expecting value: line 1 column 1 (char 0)
2026-05-10 10:53:24,570 ERROR    
1 Failed download:
2026-05-10 10:53:24,571 ERROR    ['TQQQ']: YFTzMissingError('$%ticker%: possibly delisted; No timezone found')
2026-05-10 10:53:26,041 ERROR    Failed to get ticker 'SPY' reason: Expecting value: line 1 column 1 (char 0)
2026-05-10 10:53:26,055 ERROR    
1 Failed download:
2026-05-10 10:53:26,056 ERROR    ['SPY']: YFTzMissingError('$%ticker%: possibly delisted; No timezone found')
2026-05-10 10:53:26,057 ERROR    Failed to get ticker 'QQQ' reason: Expecting value: line 1 column 1 (char 0)
2026-05-10 10:53:26,067 ERROR    
1 Failed download:
2026-05-10 10:53:26,068 ERROR    ['QQQ']: YFTzMissingError('$%ticker%: possibly delisted; No timezone found')
2026-05-10 10:53:26,068 ERROR    Failed to get ticker 'TQQQ' reason: Expecting value: line 1 column 1 (char 0)
2026-05-10 10:53:26,082 ERROR    
1 Failed download:
2026-05-10 10:53:26,082 ERROR    ['TQQQ']: YFTzMissingError('$%ticker%: possibly delisted; No timezone found')
2026-05-10 10:53:27,489 ERROR    Failed to get ticker 'SPY' reason: Expecting value: line 1 column 1 (char 0)
2026-05-10 10:53:27,504 ERROR    
1 Failed download:
2026-05-10 10:53:27,504 ERROR    ['SPY']: YFTzMissingError('$%ticker%: possibly delisted; No timezone found')
2026-05-10 10:53:27,505 ERROR    Failed to get ticker 'QQQ' reason: Expecting value: line 1 column 1 (char 0)
2026-05-10 10:53:27,515 ERROR    
1 Failed download:
2026-05-10 10:53:27,515 ERROR    ['QQQ']: YFTzMissingError('$%ticker%: possibly delisted; No timezone found')
2026-05-10 10:53:27,516 ERROR    Failed to get ticker 'TQQQ' reason: Expecting value: line 1 column 1 (char 0)
2026-05-10 10:53:27,528 ERROR    
1 Failed download:
2026-05-10 10:53:27,528 ERROR    ['TQQQ']: YFTzMissingError('$%ticker%: possibly delisted; No timezone found')
2026-05-10 10:53:28,919 ERROR    Failed to get ticker 'SPY' reason: Expecting value: line 1 column 1 (char 0)
2026-05-10 10:53:28,934 ERROR    
1 Failed download:
2026-05-10 10:53:28,934 ERROR    ['SPY']: YFTzMissingError('$%ticker%: possibly delisted; No timezone found')
2026-05-10 10:53:28,935 ERROR    Failed to get ticker 'QQQ' reason: Expecting value: line 1 column 1 (char 0)
2026-05-10 10:53:28,948 ERROR    
1 Failed download:
2026-05-10 10:53:28,948 ERROR    ['QQQ']: YFTzMissingError('$%ticker%: possibly delisted; No timezone found')
2026-05-10 10:53:28,949 ERROR    Failed to get ticker 'TQQQ' reason: Expecting value: line 1 column 1 (char 0)
2026-05-10 10:53:28,960 ERROR    
1 Failed download:
2026-05-10 10:53:28,961 ERROR    ['TQQQ']: YFTzMissingError('$%ticker%: possibly delisted; No timezone found')
2026-05-10 10:53:30,366 ERROR    Failed to get ticker 'SPY' reason: Expecting value: line 1 column 1 (char 0)
2026-05-10 10:53:30,380 ERROR    
1 Failed download:
2026-05-10 10:53:30,380 ERROR    ['SPY']: YFTzMissingError('$%ticker%: possibly delisted; No timezone found')
2026-05-10 10:53:30,382 ERROR    Failed to get ticker 'QQQ' reason: Expecting value: line 1 column 1 (char 0)
2026-05-10 10:53:30,394 ERROR    
1 Failed download:
2026-05-10 10:53:30,394 ERROR    ['QQQ']: YFTzMissingError('$%ticker%: possibly delisted; No timezone found')
2026-05-10 10:53:30,395 ERROR    Failed to get ticker 'TQQQ' reason: Expecting value: line 1 column 1 (char 0)
2026-05-10 10:53:30,408 ERROR    
1 Failed download:
2026-05-10 10:53:30,408 ERROR    ['TQQQ']: YFTzMissingError('$%ticker%: possibly delisted; No timezone found')
2026-05-10 10:53:31,803 ERROR    Failed to get ticker 'SPY' reason: Expecting value: line 1 column 1 (char 0)
2026-05-10 10:53:31,816 ERROR    
1 Failed download:
2026-05-10 10:53:31,816 ERROR    ['SPY']: YFTzMissingError('$%ticker%: possibly delisted; No timezone found')
2026-05-10 10:53:31,817 ERROR    Failed to get ticker 'QQQ' reason: Expecting value: line 1 column 1 (char 0)
2026-05-10 10:53:31,828 ERROR    
1 Failed download:
2026-05-10 10:53:31,828 ERROR    ['QQQ']: YFTzMissingError('$%ticker%: possibly delisted; No timezone found')
2026-05-10 10:53:31,830 ERROR    Failed to get ticker 'TQQQ' reason: Expecting value: line 1 column 1 (char 0)
2026-05-10 10:53:31,844 ERROR    
1 Failed download:
2026-05-10 10:53:31,844 ERROR    ['TQQQ']: YFTzMissingError('$%ticker%: possibly delisted; No timezone found')
2026-05-10 10:53:33,247 ERROR    Failed to get ticker 'SPY' reason: Expecting value: line 1 column 1 (char 0)
2026-05-10 10:53:33,258 ERROR    
1 Failed download:
2026-05-10 10:53:33,258 ERROR    ['SPY']: YFTzMissingError('$%ticker%: possibly delisted; No timezone found')
2026-05-10 10:53:33,259 ERROR    Failed to get ticker 'QQQ' reason: Expecting value: line 1 column 1 (char 0)
2026-05-10 10:53:33,269 ERROR    
1 Failed download:
2026-05-10 10:53:33,269 ERROR    ['QQQ']: YFTzMissingError('$%ticker%: possibly delisted; No timezone found')
2026-05-10 10:53:33,270 ERROR    Failed to get ticker 'TQQQ' reason: Expecting value: line 1 column 1 (char 0)
2026-05-10 10:53:33,284 ERROR    
1 Failed download:
2026-05-10 10:53:33,284 ERROR    ['TQQQ']: YFTzMissingError('$%ticker%: possibly delisted; No timezone found')
2026-05-10 10:53:34,673 ERROR    Failed to get ticker 'SPY' reason: Expecting value: line 1 column 1 (char 0)
2026-05-10 10:53:34,687 ERROR    
1 Failed download:
2026-05-10 10:53:34,688 ERROR    ['SPY']: YFTzMissingError('$%ticker%: possibly delisted; No timezone found')
2026-05-10 10:53:34,688 ERROR    Failed to get ticker 'QQQ' reason: Expecting value: line 1 column 1 (char 0)
2026-05-10 10:53:34,703 ERROR    
1 Failed download:
2026-05-10 10:53:34,703 ERROR    ['QQQ']: YFTzMissingError('$%ticker%: possibly delisted; No timezone found')
2026-05-10 10:53:34,704 ERROR    Failed to get ticker 'TQQQ' reason: Expecting value: line 1 column 1 (char 0)
2026-05-10 10:53:34,715 ERROR    
1 Failed download:
2026-05-10 10:53:34,715 ERROR    ['TQQQ']: YFTzMissingError('$%ticker%: possibly delisted; No timezone found')
2026-05-10 10:53:36,111 ERROR    Failed to get ticker 'SPY' reason: Expecting value: line 1 column 1 (char 0)
2026-05-10 10:53:36,125 ERROR    
1 Failed download:
2026-05-10 10:53:36,125 ERROR    ['SPY']: YFTzMissingError('$%ticker%: possibly delisted; No timezone found')
2026-05-10 10:53:36,126 ERROR    Failed to get ticker 'QQQ' reason: Expecting value: line 1 column 1 (char 0)
2026-05-10 10:53:36,141 ERROR    
1 Failed download:
2026-05-10 10:53:36,141 ERROR    ['QQQ']: YFTzMissingError('$%ticker%: possibly delisted; No timezone found')
2026-05-10 10:53:36,142 ERROR    Failed to get ticker 'TQQQ' reason: Expecting value: line 1 column 1 (char 0)
2026-05-10 10:53:36,155 ERROR    
1 Failed download:
2026-05-10 10:53:36,155 ERROR    ['TQQQ']: YFTzMissingError('$%ticker%: possibly delisted; No timezone found')
2026-05-10 10:53:37,615 ERROR    Failed to get ticker 'SPY' reason: Expecting value: line 1 column 1 (char 0)
2026-05-10 10:53:37,629 ERROR    
1 Failed download:
2026-05-10 10:53:37,629 ERROR    ['SPY']: YFTzMissingError('$%ticker%: possibly delisted; No timezone found')
2026-05-10 10:53:37,630 ERROR    Failed to get ticker 'QQQ' reason: Expecting value: line 1 column 1 (char 0)
2026-05-10 10:53:37,645 ERROR    
1 Failed download:
2026-05-10 10:53:37,645 ERROR    ['QQQ']: YFTzMissingError('$%ticker%: possibly delisted; No timezone found')
2026-05-10 10:53:37,646 ERROR    Failed to get ticker 'TQQQ' reason: Expecting value: line 1 column 1 (char 0)
2026-05-10 10:53:37,659 ERROR    
1 Failed download:
2026-05-10 10:53:37,659 ERROR    ['TQQQ']: YFTzMissingError('$%ticker%: possibly delisted; No timezone found')
2026-05-10 10:53:39,055 ERROR    Failed to get ticker 'SPY' reason: Expecting value: line 1 column 1 (char 0)
2026-05-10 10:53:39,065 ERROR    
1 Failed download:
2026-05-10 10:53:39,065 ERROR    ['SPY']: YFTzMissingError('$%ticker%: possibly delisted; No timezone found')
2026-05-10 10:53:39,066 ERROR    Failed to get ticker 'QQQ' reason: Expecting value: line 1 column 1 (char 0)
2026-05-10 10:53:39,077 ERROR    
1 Failed download:
2026-05-10 10:53:39,077 ERROR    ['QQQ']: YFTzMissingError('$%ticker%: possibly delisted; No timezone found')
2026-05-10 10:53:39,078 ERROR    Failed to get ticker 'TQQQ' reason: Expecting value: line 1 column 1 (char 0)
2026-05-10 10:53:39,090 ERROR    
1 Failed download:
2026-05-10 10:53:39,090 ERROR    ['TQQQ']: YFTzMissingError('$%ticker%: possibly delisted; No timezone found')
2026-05-10 10:53:40,486 ERROR    Failed to get ticker 'SPY' reason: Expecting value: line 1 column 1 (char 0)
2026-05-10 10:53:40,501 ERROR    
1 Failed download:
2026-05-10 10:53:40,501 ERROR    ['SPY']: YFTzMissingError('$%ticker%: possibly delisted; No timezone found')
2026-05-10 10:53:40,502 ERROR    Failed to get ticker 'QQQ' reason: Expecting value: line 1 column 1 (char 0)
2026-05-10 10:53:40,516 ERROR    
1 Failed download:
2026-05-10 10:53:40,516 ERROR    ['QQQ']: YFTzMissingError('$%ticker%: possibly delisted; No timezone found')
2026-05-10 10:53:40,517 ERROR    Failed to get ticker 'TQQQ' reason: Expecting value: line 1 column 1 (char 0)
2026-05-10 10:53:40,532 ERROR    
1 Failed download:
2026-05-10 10:53:40,532 ERROR    ['TQQQ']: YFTzMissingError('$%ticker%: possibly delisted; No timezone found')
2026-05-10 10:53:41,933 ERROR    Failed to get ticker 'SPY' reason: Expecting value: line 1 column 1 (char 0)
2026-05-10 10:53:41,944 ERROR    
1 Failed download:
2026-05-10 10:53:41,944 ERROR    ['SPY']: YFTzMissingError('$%ticker%: possibly delisted; No timezone found')
2026-05-10 10:53:41,945 ERROR    Failed to get ticker 'QQQ' reason: Expecting value: line 1 column 1 (char 0)
2026-05-10 10:53:41,960 ERROR    
1 Failed download:
2026-05-10 10:53:41,960 ERROR    ['QQQ']: YFTzMissingError('$%ticker%: possibly delisted; No timezone found')
2026-05-10 10:53:41,961 ERROR    Failed to get ticker 'TQQQ' reason: Expecting value: line 1 column 1 (char 0)
2026-05-10 10:53:41,976 ERROR    
1 Failed download:
2026-05-10 10:53:41,976 ERROR    ['TQQQ']: YFTzMissingError('$%ticker%: possibly delisted; No timezone found')
2026-05-10 10:53:43,380 ERROR    Failed to get ticker 'SPY' reason: Expecting value: line 1 column 1 (char 0)
2026-05-10 10:53:43,394 ERROR    
1 Failed download:
2026-05-10 10:53:43,394 ERROR    ['SPY']: YFTzMissingError('$%ticker%: possibly delisted; No timezone found')
2026-05-10 10:53:43,395 ERROR    Failed to get ticker 'QQQ' reason: Expecting value: line 1 column 1 (char 0)
2026-05-10 10:53:43,408 ERROR    
1 Failed download:
2026-05-10 10:53:43,408 ERROR    ['QQQ']: YFTzMissingError('$%ticker%: possibly delisted; No timezone found')
2026-05-10 10:53:43,409 ERROR    Failed to get ticker 'TQQQ' reason: Expecting value: line 1 column 1 (char 0)
2026-05-10 10:53:43,420 ERROR    
1 Failed download:
2026-05-10 10:53:43,420 ERROR    ['TQQQ']: YFTzMissingError('$%ticker%: possibly delisted; No timezone found')
2026-05-10 10:53:44,816 ERROR    Failed to get ticker 'SPY' reason: Expecting value: line 1 column 1 (char 0)
2026-05-10 10:53:44,831 ERROR    
1 Failed download:
2026-05-10 10:53:44,831 ERROR    ['SPY']: YFTzMissingError('$%ticker%: possibly delisted; No timezone found')
2026-05-10 10:53:44,832 ERROR    Failed to get ticker 'QQQ' reason: Expecting value: line 1 column 1 (char 0)
2026-05-10 10:53:44,842 ERROR    
1 Failed download:
2026-05-10 10:53:44,842 ERROR    ['QQQ']: YFTzMissingError('$%ticker%: possibly delisted; No timezone found')
2026-05-10 10:53:44,843 ERROR    Failed to get ticker 'TQQQ' reason: Expecting value: line 1 column 1 (char 0)
2026-05-10 10:53:44,858 ERROR    
1 Failed download:
2026-05-10 10:53:44,858 ERROR    ['TQQQ']: YFTzMissingError('$%ticker%: possibly delisted; No timezone found')
2026-05-10 10:53:46,252 ERROR    Failed to get ticker 'SPY' reason: Expecting value: line 1 column 1 (char 0)
2026-05-10 10:53:46,267 ERROR    
1 Failed download:
2026-05-10 10:53:46,267 ERROR    ['SPY']: YFTzMissingError('$%ticker%: possibly delisted; No timezone found')
2026-05-10 10:53:46,267 ERROR    Failed to get ticker 'QQQ' reason: Expecting value: line 1 column 1 (char 0)
2026-05-10 10:53:46,282 ERROR    
1 Failed download:
2026-05-10 10:53:46,282 ERROR    ['QQQ']: YFTzMissingError('$%ticker%: possibly delisted; No timezone found')
2026-05-10 10:53:46,283 ERROR    Failed to get ticker 'TQQQ' reason: Expecting value: line 1 column 1 (char 0)
2026-05-10 10:53:46,297 ERROR    
1 Failed download:
2026-05-10 10:53:46,297 ERROR    ['TQQQ']: YFTzMissingError('$%ticker%: possibly delisted; No timezone found')
2026-05-11 02:32:01,160 INFO     Sentiment engine: FinVADER loaded (fast, financial-aware)
2026-05-11 02:38:23,594 INFO     Sentiment engine: FinVADER loaded (fast, financial-aware)
2026-05-11 03:23:18,670 INFO     Sentiment engine: FinVADER loaded (fast, financial-aware)
2026-05-11 18:49:18,372 INFO     Sentiment engine: FinVADER loaded (fast, financial-aware)
2026-05-11 18:51:20,637 INFO     Sentiment engine: FinVADER loaded (fast, financial-aware)
2026-05-11 19:10:08,081 INFO     Sentiment engine: FinVADER loaded (fast, financial-aware)
2026-05-11 20:34:25,570 WARNING  FinVADER unavailable (
**********************************************************************
  Resource [93mvader_lexicon[0m not found.
  Please use the NLTK Downloader to obtain the resource:

  [31m>>> import nltk
  >>> nltk.download('vader_lexicon')
  [0m
  For more information see: https://www.nltk.org/data.html

  Attempted to load [93msentiment/vader_lexicon.zip/vader_lexicon/vader_lexicon.txt[0m

  Searched in:
    - '/Users/amos/nltk_data'
    - '/Library/Frameworks/Python.framework/Versions/3.12/nltk_data'
    - '/Library/Frameworks/Python.framework/Versions/3.12/share/nltk_data'
    - '/Library/Frameworks/Python.framework/Versions/3.12/lib/nltk_data'
    - '/usr/share/nltk_data'
    - '/usr/local/share/nltk_data'
    - '/usr/lib/nltk_data'
    - '/usr/local/lib/nltk_data'
    - ''
**********************************************************************
). Falling back to VADER.
2026-05-11 20:34:25,575 WARNING  Sentiment engine: Using original VADER (lowest accuracy on financial text)
2026-05-11 20:46:53,982 WARNING  FinVADER unavailable (
**********************************************************************
  Resource [93mvader_lexicon[0m not found.
  Please use the NLTK Downloader to obtain the resource:

  [31m>>> import nltk
  >>> nltk.download('vader_lexicon')
  [0m
  For more information see: https://www.nltk.org/data.html

  Attempted to load [93msentiment/vader_lexicon.zip/vader_lexicon/vader_lexicon.txt[0m

  Searched in:
    - '/Users/amos/nltk_data'
    - '/Library/Frameworks/Python.framework/Versions/3.12/nltk_data'
    - '/Library/Frameworks/Python.framework/Versions/3.12/share/nltk_data'
    - '/Library/Frameworks/Python.framework/Versions/3.12/lib/nltk_data'
    - '/usr/share/nltk_data'
    - '/usr/local/share/nltk_data'
    - '/usr/lib/nltk_data'
    - '/usr/local/lib/nltk_data'
    - ''
**********************************************************************
). Falling back to VADER.
2026-05-11 20:46:53,986 WARNING  Sentiment engine: Using original VADER (lowest accuracy on financial text)
2026-05-11 22:00:05,261 WARNING  FinVADER unavailable (
**********************************************************************
  Resource [93mvader_lexicon[0m not found.
  Please use the NLTK Downloader to obtain the resource:

  [31m>>> import nltk
  >>> nltk.download('vader_lexicon')
  [0m
  For more information see: https://www.nltk.org/data.html

  Attempted to load [93msentiment/vader_lexicon.zip/vader_lexicon/vader_lexicon.txt[0m

  Searched in:
    - '/Users/amos/nltk_data'
    - '/Library/Frameworks/Python.framework/Versions/3.12/nltk_data'
    - '/Library/Frameworks/Python.framework/Versions/3.12/share/nltk_data'
    - '/Library/Frameworks/Python.framework/Versions/3.12/lib/nltk_data'
    - '/usr/share/nltk_data'
    - '/usr/local/share/nltk_data'
    - '/usr/lib/nltk_data'
    - '/usr/local/lib/nltk_data'
    - ''
**********************************************************************
). Falling back to VADER.
2026-05-11 22:00:05,265 WARNING  Sentiment engine: Using original VADER (lowest accuracy on financial text)
2026-05-11 22:19:31,725 WARNING  FinVADER unavailable (
**********************************************************************
  Resource [93mvader_lexicon[0m not found.
  Please use the NLTK Downloader to obtain the resource:

  [31m>>> import nltk
  >>> nltk.download('vader_lexicon')
  [0m
  For more information see: https://www.nltk.org/data.html

  Attempted to load [93msentiment/vader_lexicon.zip/vader_lexicon/vader_lexicon.txt[0m

  Searched in:
    - '/Users/amos/nltk_data'
    - '/Library/Frameworks/Python.framework/Versions/3.12/nltk_data'
    - '/Library/Frameworks/Python.framework/Versions/3.12/share/nltk_data'
    - '/Library/Frameworks/Python.framework/Versions/3.12/lib/nltk_data'
    - '/usr/share/nltk_data'
    - '/usr/local/share/nltk_data'
    - '/usr/lib/nltk_data'
    - '/usr/local/lib/nltk_data'
    - ''
**********************************************************************
). Falling back to VADER.
2026-05-11 22:19:31,730 WARNING  Sentiment engine: Using original VADER (lowest accuracy on financial text)
2026-05-11 22:20:55,524 WARNING  FinVADER unavailable (
**********************************************************************
  Resource [93mvader_lexicon[0m not found.
  Please use the NLTK Downloader to obtain the resource:

  [31m>>> import nltk
  >>> nltk.download('vader_lexicon')
  [0m
  For more information see: https://www.nltk.org/data.html

  Attempted to load [93msentiment/vader_lexicon.zip/vader_lexicon/vader_lexicon.txt[0m

  Searched in:
    - '/Users/amos/nltk_data'
    - '/Library/Frameworks/Python.framework/Versions/3.12/nltk_data'
    - '/Library/Frameworks/Python.framework/Versions/3.12/share/nltk_data'
    - '/Library/Frameworks/Python.framework/Versions/3.12/lib/nltk_data'
    - '/usr/share/nltk_data'
    - '/usr/local/share/nltk_data'
    - '/usr/lib/nltk_data'
    - '/usr/local/lib/nltk_data'
    - ''
**********************************************************************
). Falling back to VADER.
2026-05-11 22:20:55,528 WARNING  Sentiment engine: Using original VADER (lowest accuracy on financial text)
2026-05-11 22:30:56,774 WARNING  FinVADER unavailable (
**********************************************************************
  Resource [93mvader_lexicon[0m not found.
  Please use the NLTK Downloader to obtain the resource:

  [31m>>> import nltk
  >>> nltk.download('vader_lexicon')
  [0m
  For more information see: https://www.nltk.org/data.html

  Attempted to load [93msentiment/vader_lexicon.zip/vader_lexicon/vader_lexicon.txt[0m

  Searched in:
    - '/Users/amos/nltk_data'
    - '/Library/Frameworks/Python.framework/Versions/3.12/nltk_data'
    - '/Library/Frameworks/Python.framework/Versions/3.12/share/nltk_data'
    - '/Library/Frameworks/Python.framework/Versions/3.12/lib/nltk_data'
    - '/usr/share/nltk_data'
    - '/usr/local/share/nltk_data'
    - '/usr/lib/nltk_data'
    - '/usr/local/lib/nltk_data'
    - ''
**********************************************************************
). Falling back to VADER.
2026-05-11 22:30:56,778 WARNING  Sentiment engine: Using original VADER (lowest accuracy on financial text)
2026-05-11 22:47:52,767 WARNING  FinVADER unavailable (
**********************************************************************
  Resource [93mvader_lexicon[0m not found.
  Please use the NLTK Downloader to obtain the resource:

  [31m>>> import nltk
  >>> nltk.download('vader_lexicon')
  [0m
  For more information see: https://www.nltk.org/data.html

  Attempted to load [93msentiment/vader_lexicon.zip/vader_lexicon/vader_lexicon.txt[0m

  Searched in:
    - '/Users/amos/nltk_data'
    - '/Library/Frameworks/Python.framework/Versions/3.12/nltk_data'
    - '/Library/Frameworks/Python.framework/Versions/3.12/share/nltk_data'
    - '/Library/Frameworks/Python.framework/Versions/3.12/lib/nltk_data'
    - '/usr/share/nltk_data'
    - '/usr/local/share/nltk_data'
    - '/usr/lib/nltk_data'
    - '/usr/local/lib/nltk_data'
    - ''
**********************************************************************
). Falling back to VADER.
2026-05-11 22:47:52,772 WARNING  Sentiment engine: Using original VADER (lowest accuracy on financial text)
2026-05-12 12:48:19,970 WARNING  FinVADER unavailable (
**********************************************************************
  Resource [93mvader_lexicon[0m not found.
  Please use the NLTK Downloader to obtain the resource:

  [31m>>> import nltk
  >>> nltk.download('vader_lexicon')
  [0m
  For more information see: https://www.nltk.org/data.html

  Attempted to load [93msentiment/vader_lexicon.zip/vader_lexicon/vader_lexicon.txt[0m

  Searched in:
    - '/Users/amos/nltk_data'
    - '/Library/Frameworks/Python.framework/Versions/3.12/nltk_data'
    - '/Library/Frameworks/Python.framework/Versions/3.12/share/nltk_data'
    - '/Library/Frameworks/Python.framework/Versions/3.12/lib/nltk_data'
    - '/usr/share/nltk_data'
    - '/usr/local/share/nltk_data'
    - '/usr/lib/nltk_data'
    - '/usr/local/lib/nltk_data'
    - ''
**********************************************************************
). Falling back to VADER.
2026-05-12 12:48:19,974 WARNING  Sentiment engine: Using original VADER (lowest accuracy on financial text)
2026-05-12 15:52:32,665 WARNING  FinVADER unavailable (
**********************************************************************
  Resource [93mvader_lexicon[0m not found.
  Please use the NLTK Downloader to obtain the resource:

  [31m>>> import nltk
  >>> nltk.download('vader_lexicon')
  [0m
  For more information see: https://www.nltk.org/data.html

  Attempted to load [93msentiment/vader_lexicon.zip/vader_lexicon/vader_lexicon.txt[0m

  Searched in:
    - '/Users/amos/nltk_data'
    - '/Library/Frameworks/Python.framework/Versions/3.12/nltk_data'
    - '/Library/Frameworks/Python.framework/Versions/3.12/share/nltk_data'
    - '/Library/Frameworks/Python.framework/Versions/3.12/lib/nltk_data'
    - '/usr/share/nltk_data'
    - '/usr/local/share/nltk_data'
    - '/usr/lib/nltk_data'
    - '/usr/local/lib/nltk_data'
    - ''
**********************************************************************
). Falling back to VADER.
2026-05-12 15:52:32,670 WARNING  Sentiment engine: Using original VADER (lowest accuracy on financial text)
2026-05-12 21:11:30,223 ERROR    HTTP Error 404: {"quoteSummary":{"result":null,"error":{"code":"Not Found","description":"No fundamentals data found for symbol: TEST"}}}
2026-05-13 21:59:08,900 WARNING  FinVADER unavailable (
**********************************************************************
  Resource [93mvader_lexicon[0m not found.
  Please use the NLTK Downloader to obtain the resource:

  [31m>>> import nltk
  >>> nltk.download('vader_lexicon')
  [0m
  For more information see: https://www.nltk.org/data.html

  Attempted to load [93msentiment/vader_lexicon.zip/vader_lexicon/vader_lexicon.txt[0m

  Searched in:
    - '/Users/amos/nltk_data'
    - '/Library/Frameworks/Python.framework/Versions/3.12/nltk_data'
    - '/Library/Frameworks/Python.framework/Versions/3.12/share/nltk_data'
    - '/Library/Frameworks/Python.framework/Versions/3.12/lib/nltk_data'
    - '/usr/share/nltk_data'
    - '/usr/local/share/nltk_data'
    - '/usr/lib/nltk_data'
    - '/usr/local/lib/nltk_data'
    - ''
**********************************************************************
). Falling back to VADER.
2026-05-13 21:59:08,904 WARNING  Sentiment engine: Using original VADER (lowest accuracy on financial text)
2026-05-14 20:40:20,232 WARNING  FinVADER unavailable (
**********************************************************************
  Resource [93mvader_lexicon[0m not found.
  Please use the NLTK Downloader to obtain the resource:

  [31m>>> import nltk
  >>> nltk.download('vader_lexicon')
  [0m
  For more information see: https://www.nltk.org/data.html

  Attempted to load [93msentiment/vader_lexicon.zip/vader_lexicon/vader_lexicon.txt[0m

  Searched in:
    - '/Users/amos/nltk_data'
    - '/Library/Frameworks/Python.framework/Versions/3.12/nltk_data'
    - '/Library/Frameworks/Python.framework/Versions/3.12/share/nltk_data'
    - '/Library/Frameworks/Python.framework/Versions/3.12/lib/nltk_data'
    - '/usr/share/nltk_data'
    - '/usr/local/share/nltk_data'
    - '/usr/lib/nltk_data'
    - '/usr/local/lib/nltk_data'
    - ''
**********************************************************************
). Falling back to VADER.
2026-05-14 20:40:20,239 WARNING  Sentiment engine: Using original VADER (lowest accuracy on financial text)
