date,regime,bull_fraction,n_long,n_total,gross_exposure,target_spy_weight,target_qqq_weight,target_bil_weight,target_ief_weight,target_gld_weight,target_cash_weight
2015-02-06,risk_off,0.0,0,146,1.0,0.0,0.0,0.5,0.35,0.15,0.0
2015-02-09,risk_off,0.0,0,146,1.0,0.0,0.0,0.5,0.35,0.15,0.0
2015-02-10,risk_off,1.0,146,146,1.0,0.0,0.0,0.5,0.35,0.15,0.0
2015-02-11,risk_off,1.0,146,146,1.0,0.0,0.0,0.5,0.35,0.15,0.0
2015-02-12,risk_off,1.0,146,146,1.0,0.0,0.0,0.5,0.35,0.15,0.0
2015-02-13,risk_on,1.0,146,146,1.25,0.5,0.75,0.0,0.0,0.0,0.0
2015-02-17,risk_on,0.884,129,146,1.25,0.5,0.75,0.0,0.0,0.0,0.0
2015-02-18,risk_on,0.0,0,146,1.25,0.5,0.75,0.0,0.0,0.0,0.0
2015-02-19,risk_on,1.0,146,146,1.25,0.5,0.75,0.0,0.0,0.0,0.0
2015-02-20,risk_on,0.0,0,146,1.25,0.5,0.75,0.0,0.0,0.0,0.0
2015-02-23,risk_on,0.0,0,146,1.25,0.5,0.75,0.0,0.0,0.0,0.0
2015-02-24,risk_off,0.0,0,146,1.0,0.0,0.0,0.5,0.35,0.15,0.0
2015-02-25,risk_off,0.0,0,146,1.0,0.0,0.0,0.5,0.35,0.15,0.0
2015-02-26,risk_off,0.973,142,146,1.0,0.0,0.0,0.5,0.35,0.15,0.0
2015-02-27,risk_off,0.979,143,146,1.0,0.0,0.0,0.5,0.35,0.15,0.0
2015-03-02,risk_off,0.0,0,146,1.0,0.0,0.0,0.5,0.35,0.15,0.0
2015-03-03,risk_off,0.0,0,146,1.0,0.0,0.0,0.5,0.35,0.15,0.0
2015-03-04,risk_off,0.0,0,146,1.0,0.0,0.0,0.5,0.35,0.15,0.0
2015-03-05,risk_on,1.0,146,146,1.25,0.5,0.75,0.0,0.0,0.0,0.0
2015-03-06,risk_off,0.918,134,146,1.0,0.0,0.0,0.5,0.35,0.15,0.0
2015-03-09,risk_off,0.0,0,146,1.0,0.0,0.0,0.5,0.35,0.15,0.0
2015-03-10,risk_off,0.0,0,146,1.0,0.0,0.0,0.5,0.35,0.15,0.0
2015-03-11,risk_off,0.973,142,146,1.0,0.0,0.0,0.5,0.35,0.15,0.0
2015-03-12,risk_off,0.0,0,146,1.0,0.0,0.0,0.5,0.35,0.15,0.0
2015-03-13,risk_off,1.0,146,146,1.0,0.0,0.0,0.5,0.35,0.15,0.0
2015-03-16,risk_off,0.0,0,146,1.0,0.0,0.0,0.5,0.35,0.15,0.0
2015-03-17,risk_off,0.0,0,146,1.0,0.0,0.0,0.5,0.35,0.15,0.0
2015-03-18,risk_off,0.0,0,146,1.0,0.0,0.0,0.5,0.35,0.15,0.0
2015-03-19,risk_off,0.308,45,146,1.0,0.0,0.0,0.5,0.35,0.15,0.0
2015-03-20,risk_off,0.0,0,146,1.0,0.0,0.0,0.5,0.35,0.15,0.0
2015-03-23,risk_off,0.0,0,146,1.0,0.0,0.0,0.5,0.35,0.15,0.0
2015-03-24,risk_off,0.185,27,146,1.0,0.0,0.0,0.5,0.35,0.15,0.0
2015-03-25,risk_off,0.0,0,146,1.0,0.0,0.0,0.5,0.35,0.15,0.0
2015-03-26,risk_off,0.0,0,146,1.0,0.0,0.0,0.5,0.35,0.15,0.0
2015-03-27,risk_off,0.0,0,146,1.0,0.0,0.0,0.5,0.35,0.15,0.0
2015-03-30,risk_off,0.0,0,146,1.0,0.0,0.0,0.5,0.35,0.15,0.0
2015-03-31,risk_off,0.0,0,146,1.0,0.0,0.0,0.5,0.35,0.15,0.0
2015-04-01,risk_off,0.0,0,146,1.0,0.0,0.0,0.5,0.35,0.15,0.0
2015-04-02,risk_off,1.0,146,146,1.0,0.0,0.0,0.5,0.35,0.15,0.0
2015-04-06,risk_off,1.0,146,146,1.0,0.0,0.0,0.5,0.35,0.15,0.0
2015-04-07,risk_off,0.0,0,146,1.0,0.0,0.0,0.5,0.35,0.15,0.0
2015-04-08,risk_off,0.0,0,146,1.0,0.0,0.0,0.5,0.35,0.15,0.0
2015-04-09,risk_on,1.0,146,146,1.1188,0.4475,0.6713,0.0,0.0,0.0,0.0
2015-04-10,risk_on,1.0,146,146,1.1188,0.4475,0.6713,0.0,0.0,0.0,0.0
2015-04-13,risk_on,1.0,146,146,1.1188,0.4475,0.6713,0.0,0.0,0.0,0.0
2015-04-14,risk_on,0.0,0,146,1.1188,0.4475,0.6713,0.0,0.0,0.0,0.0
2015-04-15,risk_on,1.0,146,146,1.1188,0.4475,0.6713,0.0,0.0,0.0,0.0
2015-04-16,risk_on,0.0,0,146,1.2263,0.4905,0.7358,0.0,0.0,0.0,0.0
2015-04-17,risk_off,0.0,0,146,1.0,0.0,0.0,0.5,0.35,0.15,0.0
2015-04-20,risk_off,0.0,0,146,1.0,0.0,0.0,0.5,0.35,0.15,0.0
2015-04-21,risk_off,0.0,0,146,1.0,0.0,0.0,0.5,0.35,0.15,0.0
2015-04-22,risk_off,0.904,132,146,1.0,0.0,0.0,0.5,0.35,0.15,0.0
2015-04-23,risk_off,1.0,146,146,1.0,0.0,0.0,0.5,0.35,0.15,0.0
2015-04-24,risk_off,0.158,23,146,1.0,0.0,0.0,0.5,0.35,0.15,0.0
2015-04-27,risk_off,0.0,0,146,1.0,0.0,0.0,0.5,0.35,0.15,0.0
2015-04-28,risk_off,0.0,0,146,1.0,0.0,0.0,0.5,0.35,0.15,0.0
2015-04-29,risk_off,0.0,0,146,1.0,0.0,0.0,0.5,0.35,0.15,0.0
2015-04-30,risk_off,0.0,0,146,1.0,0.0,0.0,0.5,0.35,0.15,0.0
2015-05-01,risk_on,1.0,146,146,1.1166,0.4466,0.6699,0.0,0.0,0.0,0.0
2015-05-04,risk_on,0.973,142,146,1.1166,0.4466,0.6699,0.0,0.0,0.0,0.0
2015-05-05,risk_on,0.0,0,146,1.1166,0.4466,0.6699,0.0,0.0,0.0,0.0
2015-05-06,risk_off,0.0,0,146,1.0,0.0,0.0,0.5,0.35,0.15,0.0
2015-05-07,risk_off,1.0,146,146,1.0,0.0,0.0,0.5,0.35,0.15,0.0
2015-05-08,risk_off,0.918,134,146,1.0,0.0,0.0,0.5,0.35,0.15,0.0
2015-05-11,risk_off,1.0,146,146,1.0,0.0,0.0,0.5,0.35,0.15,0.0
2015-05-12,risk_off,1.0,146,146,1.0,0.0,0.0,0.5,0.35,0.15,0.0
2015-05-13,risk_off,0.103,15,146,1.0,0.0,0.0,0.5,0.35,0.15,0.0
2015-05-14,risk_off,0.171,25,146,1.0,0.0,0.0,0.5,0.35,0.15,0.0
2015-05-15,risk_off,0.0,0,146,1.0,0.0,0.0,0.5,0.35,0.15,0.0
2015-05-18,risk_off,0.0,0,146,1.0,0.0,0.0,0.5,0.35,0.15,0.0
2015-05-19,risk_off,0.0,0,146,1.0,0.0,0.0,0.5,0.35,0.15,0.0
2015-05-20,risk_off,0.0,0,146,1.0,0.0,0.0,0.5,0.35,0.15,0.0
2015-05-21,risk_off,0.0,0,146,1.0,0.0,0.0,0.5,0.35,0.15,0.0
2015-05-22,risk_off,0.0,0,146,1.0,0.0,0.0,0.5,0.35,0.15,0.0
2015-05-26,risk_off,0.0,0,146,1.0,0.0,0.0,0.5,0.35,0.15,0.0
2015-05-27,risk_on,1.0,146,146,1.0115,0.4046,0.6069,0.0,0.0,0.0,0.0
2015-05-28,risk_on,1.0,146,146,1.0115,0.4046,0.6069,0.0,0.0,0.0,0.0
2015-05-29,risk_on,0.0,0,146,1.0115,0.4046,0.6069,0.0,0.0,0.0,0.0
2015-06-01,risk_on,0.123,18,146,1.1673,0.4669,0.7004,0.0,0.0,0.0,0.0
2015-06-02,risk_on,0.0,0,146,1.1673,0.4669,0.7004,0.0,0.0,0.0,0.0
2015-06-03,risk_on,0.0,0,146,1.1673,0.4669,0.7004,0.0,0.0,0.0,0.0
2015-06-04,risk_off,0.0,0,146,1.0,0.0,0.0,0.5,0.35,0.15,0.0
2015-06-05,risk_off,0.0,0,146,1.0,0.0,0.0,0.5,0.35,0.15,0.0
2015-06-08,risk_off,0.0,0,146,1.0,0.0,0.0,0.5,0.35,0.15,0.0
2015-06-09,risk_off,0.0,0,146,1.0,0.0,0.0,0.5,0.35,0.15,0.0
2015-06-10,risk_off,0.0,0,146,1.0,0.0,0.0,0.5,0.35,0.15,0.0
2015-06-11,risk_off,1.0,146,146,1.0,0.0,0.0,0.5,0.35,0.15,0.0
2015-06-12,risk_on,1.0,146,146,1.25,0.5,0.75,0.0,0.0,0.0,0.0
2015-06-15,risk_off,0.0,0,146,1.0,0.0,0.0,0.5,0.35,0.15,0.0
2015-06-16,risk_off,1.0,146,146,1.0,0.0,0.0,0.5,0.35,0.15,0.0
2015-06-17,risk_off,0.0,0,146,1.0,0.0,0.0,0.5,0.35,0.15,0.0
2015-06-18,risk_off,0.911,133,146,1.0,0.0,0.0,0.5,0.35,0.15,0.0
2015-06-19,risk_off,0.0,0,146,1.0,0.0,0.0,0.5,0.35,0.15,0.0
2015-06-22,risk_off,0.0,0,146,1.0,0.0,0.0,0.5,0.35,0.15,0.0
2015-06-23,risk_on,1.0,146,146,1.244,0.4976,0.7464,0.0,0.0,0.0,0.0
2015-06-24,risk_on,0.0,0,146,1.244,0.4976,0.7464,0.0,0.0,0.0,0.0
2015-06-25,risk_on,0.0,0,146,1.244,0.4976,0.7464,0.0,0.0,0.0,0.0
2015-06-26,risk_on,0.0,0,146,1.244,0.4976,0.7464,0.0,0.0,0.0,0.0
2015-06-29,risk_off,0.0,0,146,1.0,0.0,0.0,0.5,0.35,0.15,0.0
2015-06-30,risk_off,0.0,0,146,1.0,0.0,0.0,0.5,0.35,0.15,0.0
2015-07-01,risk_off,0.0,0,146,1.0,0.0,0.0,0.5,0.35,0.15,0.0
2015-07-02,risk_off,0.0,0,146,1.0,0.0,0.0,0.5,0.35,0.15,0.0
2015-07-06,risk_off,0.0,0,146,1.0,0.0,0.0,0.5,0.35,0.15,0.0
2015-07-07,risk_off,0.0,0,146,1.0,0.0,0.0,0.5,0.35,0.15,0.0
2015-07-08,risk_off,0.0,0,146,1.0,0.0,0.0,0.5,0.35,0.15,0.0
2015-07-09,risk_off,0.0,0,146,1.0,0.0,0.0,0.5,0.35,0.15,0.0
2015-07-10,risk_off,0.0,0,146,1.0,0.0,0.0,0.5,0.35,0.15,0.0
2015-07-13,risk_on,1.0,146,146,0.9417,0.3767,0.565,0.0,0.0,0.0,0.0583
2015-07-14,risk_on,0.315,46,146,0.9417,0.3767,0.565,0.0,0.0,0.0,0.0583
2015-07-15,risk_on,1.0,146,146,0.9417,0.3767,0.565,0.0,0.0,0.0,0.0583
2015-07-16,risk_on,1.0,146,146,0.9417,0.3767,0.565,0.0,0.0,0.0,0.0583
2015-07-17,risk_on,1.0,146,146,0.9417,0.3767,0.565,0.0,0.0,0.0,0.0583
2015-07-20,risk_on,1.0,146,146,0.9417,0.3767,0.565,0.0,0.0,0.0,0.0583
2015-07-21,risk_on,1.0,146,146,0.9417,0.3767,0.565,0.0,0.0,0.0,0.0583
2015-07-22,risk_on,1.0,146,146,0.9417,0.3767,0.565,0.0,0.0,0.0,0.0583
2015-07-23,risk_off,0.0,0,146,1.0,0.0,0.0,0.5,0.35,0.15,0.0
2015-07-24,risk_off,0.0,0,146,1.0,0.0,0.0,0.5,0.35,0.15,0.0
2015-07-27,risk_off,1.0,146,146,1.0,0.0,0.0,0.5,0.35,0.15,0.0
2015-07-28,risk_off,0.0,0,146,1.0,0.0,0.0,0.5,0.35,0.15,0.0
2015-07-29,risk_off,0.0,0,146,1.0,0.0,0.0,0.5,0.35,0.15,0.0
2015-07-30,risk_off,0.0,0,146,1.0,0.0,0.0,0.5,0.35,0.15,0.0
2015-07-31,risk_off,0.0,0,146,1.0,0.0,0.0,0.5,0.35,0.15,0.0
2015-08-03,risk_off,0.0,0,146,1.0,0.0,0.0,0.5,0.35,0.15,0.0
2015-08-04,risk_on,1.0,146,146,0.9989,0.3996,0.5994,0.0,0.0,0.0,0.0011
2015-08-05,risk_on,0.966,141,146,1.1233,0.4493,0.674,0.0,0.0,0.0,0.0
2015-08-06,risk_off,0.0,0,146,1.0,0.0,0.0,0.5,0.35,0.15,0.0
2015-08-07,risk_off,0.164,24,146,1.0,0.0,0.0,0.5,0.35,0.15,0.0
2015-08-10,risk_off,0.062,9,146,1.0,0.0,0.0,0.5,0.35,0.15,0.0
2015-08-11,risk_off,0.048,7,146,1.0,0.0,0.0,0.5,0.35,0.15,0.0
2015-08-12,risk_off,0.055,8,146,1.0,0.0,0.0,0.5,0.35,0.15,0.0
2015-08-13,risk_off,0.007,1,146,1.0,0.0,0.0,0.5,0.35,0.15,0.0
2015-08-14,risk_off,0.0,0,146,1.0,0.0,0.0,0.5,0.35,0.15,0.0
2015-08-17,risk_off,0.027,4,146,1.0,0.0,0.0,0.5,0.35,0.15,0.0
2015-08-18,risk_off,0.171,25,146,1.0,0.0,0.0,0.5,0.35,0.15,0.0
2015-08-19,risk_off,0.151,22,146,1.0,0.0,0.0,0.5,0.35,0.15,0.0
2015-08-20,risk_off,0.438,64,146,1.0,0.0,0.0,0.5,0.35,0.15,0.0
2015-08-21,risk_off,0.959,140,146,1.0,0.0,0.0,0.5,0.35,0.15,0.0
2015-08-24,risk_off,1.0,146,146,1.0,0.0,0.0,0.5,0.35,0.15,0.0
2015-08-25,risk_off,1.0,146,146,1.0,0.0,0.0,0.5,0.35,0.15,0.0
2015-08-26,risk_off,1.0,146,146,1.0,0.0,0.0,0.5,0.35,0.15,0.0
2015-08-27,risk_off,0.685,100,146,1.0,0.0,0.0,0.5,0.35,0.15,0.0
2015-08-28,risk_off,0.993,145,146,1.0,0.0,0.0,0.5,0.35,0.15,0.0
2015-08-31,risk_off,1.0,146,146,1.0,0.0,0.0,0.5,0.35,0.15,0.0
2015-09-01,risk_off,1.0,146,146,1.0,0.0,0.0,0.5,0.35,0.15,0.0
2015-09-02,risk_off,1.0,146,146,1.0,0.0,0.0,0.5,0.35,0.15,0.0
2015-09-03,risk_off,1.0,146,146,1.0,0.0,0.0,0.5,0.35,0.15,0.0
2015-09-04,risk_off,1.0,146,146,1.0,0.0,0.0,0.5,0.35,0.15,0.0
2015-09-08,risk_off,1.0,146,146,1.0,0.0,0.0,0.5,0.35,0.15,0.0
2015-09-09,risk_off,0.884,129,146,1.0,0.0,0.0,0.5,0.35,0.15,0.0
2015-09-10,risk_off,0.904,132,146,1.0,0.0,0.0,0.5,0.35,0.15,0.0
2015-09-11,risk_off,0.973,142,146,1.0,0.0,0.0,0.5,0.35,0.15,0.0
2015-09-14,risk_off,1.0,146,146,1.0,0.0,0.0,0.5,0.35,0.15,0.0
2015-09-15,risk_off,0.548,80,146,1.0,0.0,0.0,0.5,0.35,0.15,0.0
2015-09-16,risk_off,0.918,134,146,1.0,0.0,0.0,0.5,0.35,0.15,0.0
2015-09-17,risk_off,0.555,81,146,1.0,0.0,0.0,0.5,0.35,0.15,0.0
2015-09-18,risk_off,0.507,74,146,1.0,0.0,0.0,0.5,0.35,0.15,0.0
2015-09-21,risk_off,0.274,40,146,1.0,0.0,0.0,0.5,0.35,0.15,0.0
2015-09-22,risk_off,0.048,7,146,1.0,0.0,0.0,0.5,0.35,0.15,0.0
2015-09-23,risk_off,0.932,136,146,1.0,0.0,0.0,0.5,0.35,0.15,0.0
2015-09-24,risk_off,0.336,49,146,1.0,0.0,0.0,0.5,0.35,0.15,0.0
2015-09-25,risk_off,0.082,12,146,1.0,0.0,0.0,0.5,0.35,0.15,0.0
2015-09-28,risk_off,0.137,20,146,1.0,0.0,0.0,0.5,0.35,0.15,0.0
2015-09-29,risk_off,0.014,2,146,1.0,0.0,0.0,0.5,0.35,0.15,0.0
2015-09-30,risk_off,0.233,34,146,1.0,0.0,0.0,0.5,0.35,0.15,0.0
2015-10-01,risk_off,0.089,13,146,1.0,0.0,0.0,0.5,0.35,0.15,0.0
2015-10-02,risk_off,0.041,6,146,1.0,0.0,0.0,0.5,0.35,0.15,0.0
2015-10-05,risk_off,0.418,61,146,1.0,0.0,0.0,0.5,0.35,0.15,0.0
2015-10-06,risk_off,0.301,44,146,1.0,0.0,0.0,0.5,0.35,0.15,0.0
2015-10-07,risk_off,0.014,2,146,1.0,0.0,0.0,0.5,0.35,0.15,0.0
2015-10-08,risk_off,0.61,89,146,1.0,0.0,0.0,0.5,0.35,0.15,0.0
2015-10-09,risk_off,0.959,140,146,1.0,0.0,0.0,0.5,0.35,0.15,0.0
2015-10-12,risk_off,1.0,146,146,1.0,0.0,0.0,0.5,0.35,0.15,0.0
2015-10-13,risk_off,1.0,146,146,1.0,0.0,0.0,0.5,0.35,0.15,0.0
2015-10-14,risk_off,0.979,143,146,1.0,0.0,0.0,0.5,0.35,0.15,0.0
2015-10-15,risk_off,0.808,118,146,1.0,0.0,0.0,0.5,0.35,0.15,0.0
2015-10-16,risk_off,0.966,141,146,1.0,0.0,0.0,0.5,0.35,0.15,0.0
2015-10-19,risk_off,0.418,61,146,1.0,0.0,0.0,0.5,0.35,0.15,0.0
2015-10-20,risk_off,0.815,119,146,1.0,0.0,0.0,0.5,0.35,0.15,0.0
2015-10-21,risk_off,0.288,42,146,1.0,0.0,0.0,0.5,0.35,0.15,0.0
2015-10-22,risk_off,0.137,20,146,1.0,0.0,0.0,0.5,0.35,0.15,0.0
2015-10-23,risk_off,0.027,4,146,1.0,0.0,0.0,0.5,0.35,0.15,0.0
2015-10-26,risk_off,0.055,8,146,1.0,0.0,0.0,0.5,0.35,0.15,0.0
2015-10-27,risk_off,0.082,12,146,1.0,0.0,0.0,0.5,0.35,0.15,0.0
2015-10-28,risk_off,0.096,14,146,1.0,0.0,0.0,0.5,0.35,0.15,0.0
2015-10-29,risk_off,0.103,15,146,1.0,0.0,0.0,0.5,0.35,0.15,0.0
2015-10-30,risk_off,0.082,12,146,1.0,0.0,0.0,0.5,0.35,0.15,0.0
2015-11-02,risk_off,0.123,18,146,1.0,0.0,0.0,0.5,0.35,0.15,0.0
2015-11-03,risk_off,0.205,30,146,1.0,0.0,0.0,0.5,0.35,0.15,0.0
2015-11-04,risk_off,0.027,4,146,1.0,0.0,0.0,0.5,0.35,0.15,0.0
2015-11-05,risk_off,0.041,6,146,1.0,0.0,0.0,0.5,0.35,0.15,0.0
2015-11-06,risk_off,0.445,65,146,1.0,0.0,0.0,0.5,0.35,0.15,0.0
2015-11-09,risk_off,0.274,40,146,1.0,0.0,0.0,0.5,0.35,0.15,0.0
2015-11-10,risk_off,0.0,0,146,1.0,0.0,0.0,0.5,0.35,0.15,0.0
2015-11-11,risk_off,0.089,13,146,1.0,0.0,0.0,0.5,0.35,0.15,0.0
2015-11-12,risk_off,0.781,114,146,1.0,0.0,0.0,0.5,0.35,0.15,0.0
2015-11-13,risk_off,0.89,130,146,1.0,0.0,0.0,0.5,0.35,0.15,0.0
2015-11-16,risk_off,0.178,26,146,1.0,0.0,0.0,0.5,0.35,0.15,0.0
2015-11-17,risk_off,0.075,11,146,1.0,0.0,0.0,0.5,0.35,0.15,0.0
2015-11-18,risk_off,0.007,1,146,1.0,0.0,0.0,0.5,0.35,0.15,0.0
2015-11-19,risk_off,0.096,14,146,1.0,0.0,0.0,0.5,0.35,0.15,0.0
2015-11-20,risk_off,0.075,11,146,1.0,0.0,0.0,0.5,0.35,0.15,0.0
2015-11-23,risk_off,0.116,17,146,1.0,0.0,0.0,0.5,0.35,0.15,0.0
2015-11-24,risk_off,0.363,53,146,1.0,0.0,0.0,0.5,0.35,0.15,0.0
2015-11-25,risk_on,0.664,97,146,1.0996,0.4399,0.6598,0.0,0.0,0.0,0.0
2015-11-27,risk_on,0.233,34,146,1.0996,0.4399,0.6598,0.0,0.0,0.0,0.0
2015-11-30,risk_on,0.185,27,146,1.0996,0.4399,0.6598,0.0,0.0,0.0,0.0
2015-12-01,risk_on,0.007,1,146,1.0996,0.4399,0.6598,0.0,0.0,0.0,0.0
2015-12-02,risk_on,0.815,119,146,1.0996,0.4399,0.6598,0.0,0.0,0.0,0.0
2015-12-03,risk_on,0.89,130,146,1.0996,0.4399,0.6598,0.0,0.0,0.0,0.0
2015-12-04,risk_on,0.842,123,146,0.8757,0.3503,0.5254,0.0,0.0,0.0,0.1243
2015-12-07,risk_on,0.993,145,146,0.8757,0.3503,0.5254,0.0,0.0,0.0,0.1243
2015-12-08,risk_on,0.815,119,146,0.8757,0.3503,0.5254,0.0,0.0,0.0,0.1243
2015-12-09,risk_off,0.144,21,146,1.0,0.0,0.0,0.5,0.35,0.15,0.0
2015-12-10,risk_off,0.144,21,146,1.0,0.0,0.0,0.5,0.35,0.15,0.0
2015-12-11,risk_off,0.11,16,146,1.0,0.0,0.0,0.5,0.35,0.15,0.0
2015-12-14,risk_off,0.226,33,146,1.0,0.0,0.0,0.5,0.35,0.15,0.0
2015-12-15,risk_off,0.068,10,146,1.0,0.0,0.0,0.5,0.35,0.15,0.0
2015-12-16,risk_off,0.308,45,146,1.0,0.0,0.0,0.5,0.35,0.15,0.0
2015-12-17,risk_off,0.089,13,146,1.0,0.0,0.0,0.5,0.35,0.15,0.0
2015-12-18,risk_off,0.021,3,146,1.0,0.0,0.0,0.5,0.35,0.15,0.0
2015-12-21,risk_off,0.281,41,146,1.0,0.0,0.0,0.5,0.35,0.15,0.0
2015-12-22,risk_off,0.267,39,146,1.0,0.0,0.0,0.5,0.35,0.15,0.0
2015-12-23,risk_off,0.082,12,146,1.0,0.0,0.0,0.5,0.35,0.15,0.0
2015-12-24,risk_on,0.904,132,146,0.7656,0.3062,0.4594,0.0,0.0,0.0,0.2344
2015-12-28,risk_on,0.993,145,146,0.7656,0.3062,0.4594,0.0,0.0,0.0,0.2344
2015-12-29,risk_on,1.0,146,146,0.7656,0.3062,0.4594,0.0,0.0,0.0,0.2344
2015-12-30,risk_on,0.979,143,146,0.7656,0.3062,0.4594,0.0,0.0,0.0,0.2344
2015-12-31,risk_off,0.904,132,146,1.0,0.0,0.0,0.5,0.35,0.15,0.0
2016-01-04,risk_off,0.671,98,146,1.0,0.0,0.0,0.5,0.35,0.15,0.0
2016-01-05,risk_off,0.733,107,146,1.0,0.0,0.0,0.5,0.35,0.15,0.0
2016-01-06,risk_off,0.986,144,146,1.0,0.0,0.0,0.5,0.35,0.15,0.0
2016-01-07,risk_off,0.986,144,146,1.0,0.0,0.0,0.5,0.35,0.15,0.0
2016-01-08,risk_off,1.0,146,146,1.0,0.0,0.0,0.5,0.35,0.15,0.0
2016-01-11,risk_off,1.0,146,146,1.0,0.0,0.0,0.5,0.35,0.15,0.0
2016-01-12,risk_off,1.0,146,146,1.0,0.0,0.0,0.5,0.35,0.15,0.0
2016-01-13,risk_off,1.0,146,146,1.0,0.0,0.0,0.5,0.35,0.15,0.0
2016-01-14,risk_off,0.171,25,146,1.0,0.0,0.0,0.5,0.35,0.15,0.0
2016-01-15,risk_off,0.301,44,146,1.0,0.0,0.0,0.5,0.35,0.15,0.0
2016-01-19,risk_off,0.116,17,146,1.0,0.0,0.0,0.5,0.35,0.15,0.0
2016-01-20,risk_off,0.37,54,146,1.0,0.0,0.0,0.5,0.35,0.15,0.0
2016-01-21,risk_off,1.0,146,146,1.0,0.0,0.0,0.5,0.35,0.15,0.0
2016-01-22,risk_off,1.0,146,146,1.0,0.0,0.0,0.5,0.35,0.15,0.0
2016-01-25,risk_off,1.0,146,146,1.0,0.0,0.0,0.5,0.35,0.15,0.0
2016-01-26,risk_off,1.0,146,146,1.0,0.0,0.0,0.5,0.35,0.15,0.0
2016-01-27,risk_off,0.993,145,146,1.0,0.0,0.0,0.5,0.35,0.15,0.0
2016-01-28,risk_off,1.0,146,146,1.0,0.0,0.0,0.5,0.35,0.15,0.0
2016-01-29,risk_off,0.979,143,146,1.0,0.0,0.0,0.5,0.35,0.15,0.0
2016-02-01,risk_off,0.993,145,146,1.0,0.0,0.0,0.5,0.35,0.15,0.0
2016-02-02,risk_off,1.0,146,146,1.0,0.0,0.0,0.5,0.35,0.15,0.0
2016-02-03,risk_off,0.884,129,146,1.0,0.0,0.0,0.5,0.35,0.15,0.0
2016-02-04,risk_off,0.925,135,146,1.0,0.0,0.0,0.5,0.35,0.15,0.0
2016-02-05,risk_off,0.836,122,146,1.0,0.0,0.0,0.5,0.35,0.15,0.0
2016-02-08,risk_off,0.0,0,146,1.0,0.0,0.0,0.5,0.35,0.15,0.0
2016-02-09,risk_off,0.74,108,146,1.0,0.0,0.0,0.5,0.35,0.15,0.0
2016-02-10,risk_off,0.582,85,146,1.0,0.0,0.0,0.5,0.35,0.15,0.0
2016-02-11,risk_off,0.589,86,146,1.0,0.0,0.0,0.5,0.35,0.15,0.0
2016-02-12,risk_off,0.459,67,146,1.0,0.0,0.0,0.5,0.35,0.15,0.0
2016-02-16,risk_off,0.322,47,146,1.0,0.0,0.0,0.5,0.35,0.15,0.0
2016-02-17,risk_off,0.048,7,146,1.0,0.0,0.0,0.5,0.35,0.15,0.0
2016-02-18,risk_off,0.0,0,146,1.0,0.0,0.0,0.5,0.35,0.15,0.0
2016-02-19,risk_off,0.0,0,146,1.0,0.0,0.0,0.5,0.35,0.15,0.0
2016-02-22,risk_off,1.0,146,146,1.0,0.0,0.0,0.5,0.35,0.15,0.0
2016-02-23,risk_off,1.0,146,146,1.0,0.0,0.0,0.5,0.35,0.15,0.0
2016-02-24,risk_off,1.0,146,146,1.0,0.0,0.0,0.5,0.35,0.15,0.0
2016-02-25,risk_off,1.0,146,146,1.0,0.0,0.0,0.5,0.35,0.15,0.0
2016-02-26,risk_off,1.0,146,146,1.0,0.0,0.0,0.5,0.35,0.15,0.0
2016-02-29,risk_off,1.0,146,146,1.0,0.0,0.0,0.5,0.35,0.15,0.0
2016-03-01,risk_off,1.0,146,146,1.0,0.0,0.0,0.5,0.35,0.15,0.0
2016-03-02,risk_off,1.0,146,146,1.0,0.0,0.0,0.5,0.35,0.15,0.0
2016-03-03,risk_off,0.0,0,146,1.0,0.0,0.0,0.5,0.35,0.15,0.0
2016-03-04,risk_off,0.0,0,146,1.0,0.0,0.0,0.5,0.35,0.15,0.0
2016-03-07,risk_off,0.0,0,146,1.0,0.0,0.0,0.5,0.35,0.15,0.0
2016-03-08,risk_off,0.0,0,146,1.0,0.0,0.0,0.5,0.35,0.15,0.0
2016-03-09,risk_off,0.0,0,146,1.0,0.0,0.0,0.5,0.35,0.15,0.0
2016-03-10,risk_off,0.0,0,146,1.0,0.0,0.0,0.5,0.35,0.15,0.0
2016-03-11,neutral,1.0,146,146,0.5835,0.3209,0.1459,0.1167,0.0,0.0,0.4165
2016-03-14,neutral,0.589,86,146,0.5835,0.3209,0.1459,0.1167,0.0,0.0,0.4165
2016-03-15,neutral,0.322,47,146,0.5835,0.3209,0.1459,0.1167,0.0,0.0,0.4165
2016-03-16,neutral,0.295,43,146,0.5835,0.3209,0.1459,0.1167,0.0,0.0,0.4165
2016-03-17,neutral,0.233,34,146,0.7019,0.386,0.1755,0.1404,0.0,0.0,0.2981
2016-03-18,neutral,0.24,35,146,0.7019,0.386,0.1755,0.1404,0.0,0.0,0.2981
2016-03-21,risk_off,0.466,68,146,1.0,0.0,0.0,0.5,0.35,0.15,0.0
2016-03-22,risk_off,1.0,146,146,1.0,0.0,0.0,0.5,0.35,0.15,0.0
2016-03-23,risk_off,0.452,66,146,1.0,0.0,0.0,0.5,0.35,0.15,0.0
2016-03-24,risk_off,0.356,52,146,1.0,0.0,0.0,0.5,0.35,0.15,0.0
2016-03-28,risk_off,0.329,48,146,1.0,0.0,0.0,0.5,0.35,0.15,0.0
2016-03-29,risk_off,0.274,40,146,1.0,0.0,0.0,0.5,0.35,0.15,0.0
2016-03-30,risk_off,0.267,39,146,1.0,0.0,0.0,0.5,0.35,0.15,0.0
2016-03-31,risk_off,0.288,42,146,1.0,0.0,0.0,0.5,0.35,0.15,0.0
2016-04-01,risk_off,0.274,40,146,1.0,0.0,0.0,0.5,0.35,0.15,0.0
2016-04-04,risk_off,0.356,52,146,1.0,0.0,0.0,0.5,0.35,0.15,0.0
2016-04-05,risk_off,0.39,57,146,1.0,0.0,0.0,0.5,0.35,0.15,0.0
2016-04-06,risk_off,0.377,55,146,1.0,0.0,0.0,0.5,0.35,0.15,0.0
2016-04-07,risk_off,0.418,61,146,1.0,0.0,0.0,0.5,0.35,0.15,0.0
2016-04-08,risk_off,0.308,45,146,1.0,0.0,0.0,0.5,0.35,0.15,0.0
2016-04-11,risk_off,0.329,48,146,1.0,0.0,0.0,0.5,0.35,0.15,0.0
2016-04-12,risk_off,0.267,39,146,1.0,0.0,0.0,0.5,0.35,0.15,0.0
2016-04-13,risk_off,0.096,14,146,1.0,0.0,0.0,0.5,0.35,0.15,0.0
2016-04-14,risk_off,0.0,0,146,1.0,0.0,0.0,0.5,0.35,0.15,0.0
2016-04-15,risk_on,1.0,146,146,1.1514,0.4605,0.6908,0.0,0.0,0.0,0.0
2016-04-18,risk_on,1.0,146,146,1.1514,0.4605,0.6908,0.0,0.0,0.0,0.0
2016-04-19,risk_on,1.0,146,146,1.1514,0.4605,0.6908,0.0,0.0,0.0,0.0
2016-04-20,risk_on,0.5,73,146,1.1514,0.4605,0.6908,0.0,0.0,0.0,0.0
2016-04-21,risk_on,0.459,67,146,1.1514,0.4605,0.6908,0.0,0.0,0.0,0.0
2016-04-22,risk_on,0.363,53,146,1.1514,0.4605,0.6908,0.0,0.0,0.0,0.0
2016-04-25,risk_off,0.0,0,146,1.0,0.0,0.0,0.5,0.35,0.15,0.0
2016-04-26,risk_off,1.0,146,146,1.0,0.0,0.0,0.5,0.35,0.15,0.0
2016-04-27,risk_off,0.0,0,146,1.0,0.0,0.0,0.5,0.35,0.15,0.0
2016-04-28,risk_off,0.0,0,146,1.0,0.0,0.0,0.5,0.35,0.15,0.0
2016-04-29,risk_off,0.0,0,146,1.0,0.0,0.0,0.5,0.35,0.15,0.0
2016-05-02,risk_off,0.0,0,146,1.0,0.0,0.0,0.5,0.35,0.15,0.0
2016-05-03,neutral,1.0,146,146,0.874,0.4807,0.2185,0.1748,0.0,0.0,0.126
2016-05-04,neutral,0.192,28,146,0.9931,0.5462,0.2483,0.1986,0.0,0.0,0.0069
2016-05-05,neutral,0.295,43,146,0.9931,0.5462,0.2483,0.1986,0.0,0.0,0.0069
2016-05-06,neutral,0.349,51,146,0.9931,0.5462,0.2483,0.1986,0.0,0.0,0.0069
2016-05-09,neutral,0.308,45,146,0.9931,0.5462,0.2483,0.1986,0.0,0.0,0.0069
2016-05-10,neutral,0.24,35,146,0.9931,0.5462,0.2483,0.1986,0.0,0.0,0.0069
2016-05-11,risk_off,0.295,43,146,1.0,0.0,0.0,0.5,0.35,0.15,0.0
2016-05-12,risk_off,0.295,43,146,1.0,0.0,0.0,0.5,0.35,0.15,0.0
2016-05-13,risk_off,0.336,49,146,1.0,0.0,0.0,0.5,0.35,0.15,0.0
2016-05-16,risk_off,0.288,42,146,1.0,0.0,0.0,0.5,0.35,0.15,0.0
2016-05-17,risk_off,0.336,49,146,1.0,0.0,0.0,0.5,0.35,0.15,0.0
2016-05-18,risk_off,0.329,48,146,1.0,0.0,0.0,0.5,0.35,0.15,0.0
2016-05-19,risk_off,0.185,27,146,1.0,0.0,0.0,0.5,0.35,0.15,0.0
2016-05-20,risk_off,0.164,24,146,1.0,0.0,0.0,0.5,0.35,0.15,0.0
2016-05-23,risk_off,0.219,32,146,1.0,0.0,0.0,0.5,0.35,0.15,0.0
2016-05-24,risk_off,0.137,20,146,1.0,0.0,0.0,0.5,0.35,0.15,0.0
2016-05-25,risk_off,0.089,13,146,1.0,0.0,0.0,0.5,0.35,0.15,0.0
2016-05-26,risk_off,0.096,14,146,1.0,0.0,0.0,0.5,0.35,0.15,0.0
2016-05-27,risk_off,0.116,17,146,1.0,0.0,0.0,0.5,0.35,0.15,0.0
2016-05-31,risk_off,0.185,27,146,1.0,0.0,0.0,0.5,0.35,0.15,0.0
2016-06-01,risk_on,0.651,95,146,1.1626,0.465,0.6975,0.0,0.0,0.0,0.0
2016-06-02,risk_on,0.507,74,146,1.1626,0.465,0.6975,0.0,0.0,0.0,0.0
2016-06-03,risk_on,0.568,83,146,1.1626,0.465,0.6975,0.0,0.0,0.0,0.0
2016-06-06,risk_on,1.0,146,146,1.1626,0.465,0.6975,0.0,0.0,0.0,0.0
2016-06-07,risk_on,1.0,146,146,1.1626,0.465,0.6975,0.0,0.0,0.0,0.0
2016-06-08,risk_on,1.0,146,146,1.1626,0.465,0.6975,0.0,0.0,0.0,0.0
2016-06-09,risk_on,1.0,146,146,1.1626,0.465,0.6975,0.0,0.0,0.0,0.0
2016-06-10,risk_off,0.171,25,146,1.0,0.0,0.0,0.5,0.35,0.15,0.0
2016-06-13,risk_off,0.308,45,146,1.0,0.0,0.0,0.5,0.35,0.15,0.0
2016-06-14,risk_off,0.432,63,146,1.0,0.0,0.0,0.5,0.35,0.15,0.0
2016-06-15,risk_off,0.445,65,146,1.0,0.0,0.0,0.5,0.35,0.15,0.0
2016-06-16,risk_off,0.377,55,146,1.0,0.0,0.0,0.5,0.35,0.15,0.0
2016-06-17,risk_off,0.295,43,146,1.0,0.0,0.0,0.5,0.35,0.15,0.0
2016-06-20,risk_off,0.267,39,146,1.0,0.0,0.0,0.5,0.35,0.15,0.0
2016-06-21,risk_off,0.082,12,146,1.0,0.0,0.0,0.5,0.35,0.15,0.0
2016-06-22,risk_off,0.0,0,146,1.0,0.0,0.0,0.5,0.35,0.15,0.0
2016-06-23,risk_on,1.0,146,146,1.25,0.5,0.75,0.0,0.0,0.0,0.0
2016-06-24,risk_on,0.295,43,146,0.8611,0.3444,0.5167,0.0,0.0,0.0,0.1389
2016-06-27,risk_off,0.466,68,146,1.0,0.0,0.0,0.5,0.35,0.15,0.0
2016-06-28,risk_off,0.411,60,146,1.0,0.0,0.0,0.5,0.35,0.15,0.0
2016-06-29,risk_off,0.281,41,146,1.0,0.0,0.0,0.5,0.35,0.15,0.0
2016-06-30,risk_off,0.247,36,146,1.0,0.0,0.0,0.5,0.35,0.15,0.0
2016-07-01,risk_off,0.226,33,146,1.0,0.0,0.0,0.5,0.35,0.15,0.0
2016-07-05,risk_off,0.219,32,146,1.0,0.0,0.0,0.5,0.35,0.15,0.0
2016-07-06,risk_off,0.26,38,146,1.0,0.0,0.0,0.5,0.35,0.15,0.0
2016-07-07,risk_off,0.301,44,146,1.0,0.0,0.0,0.5,0.35,0.15,0.0
2016-07-08,risk_off,0.144,21,146,1.0,0.0,0.0,0.5,0.35,0.15,0.0
2016-07-11,risk_off,0.137,20,146,1.0,0.0,0.0,0.5,0.35,0.15,0.0
2016-07-12,risk_off,0.164,24,146,1.0,0.0,0.0,0.5,0.35,0.15,0.0
2016-07-13,risk_off,0.0,0,146,1.0,0.0,0.0,0.5,0.35,0.15,0.0
2016-07-14,neutral,1.0,146,146,0.5333,0.2933,0.1333,0.1067,0.0,0.0,0.4667
2016-07-15,neutral,1.0,146,146,0.5333,0.2933,0.1333,0.1067,0.0,0.0,0.4667
2016-07-18,neutral,1.0,146,146,0.5333,0.2933,0.1333,0.1067,0.0,0.0,0.4667
2016-07-19,neutral,1.0,146,146,0.5333,0.2933,0.1333,0.1067,0.0,0.0,0.4667
2016-07-20,neutral,0.479,70,146,0.5333,0.2933,0.1333,0.1067,0.0,0.0,0.4667
2016-07-21,neutral,0.363,53,146,0.5333,0.2933,0.1333,0.1067,0.0,0.0,0.4667
2016-07-22,risk_off,0.432,63,146,1.0,0.0,0.0,0.5,0.35,0.15,0.0
2016-07-25,risk_off,0.438,64,146,1.0,0.0,0.0,0.5,0.35,0.15,0.0
2016-07-26,risk_off,0.192,28,146,1.0,0.0,0.0,0.5,0.35,0.15,0.0
2016-07-27,risk_off,0.226,33,146,1.0,0.0,0.0,0.5,0.35,0.15,0.0
2016-07-28,risk_off,0.301,44,146,1.0,0.0,0.0,0.5,0.35,0.15,0.0
2016-07-29,risk_off,0.411,60,146,1.0,0.0,0.0,0.5,0.35,0.15,0.0
2016-08-01,risk_off,0.171,25,146,1.0,0.0,0.0,0.5,0.35,0.15,0.0
2016-08-02,risk_off,0.349,51,146,1.0,0.0,0.0,0.5,0.35,0.15,0.0
2016-08-03,risk_off,0.411,60,146,1.0,0.0,0.0,0.5,0.35,0.15,0.0
2016-08-04,risk_off,0.384,56,146,1.0,0.0,0.0,0.5,0.35,0.15,0.0
2016-08-05,risk_off,0.288,42,146,1.0,0.0,0.0,0.5,0.35,0.15,0.0
2016-08-08,risk_off,0.199,29,146,1.0,0.0,0.0,0.5,0.35,0.15,0.0
2016-08-09,risk_off,0.219,32,146,1.0,0.0,0.0,0.5,0.35,0.15,0.0
2016-08-10,risk_off,0.247,36,146,1.0,0.0,0.0,0.5,0.35,0.15,0.0
2016-08-11,risk_off,0.082,12,146,1.0,0.0,0.0,0.5,0.35,0.15,0.0
2016-08-12,risk_off,0.137,20,146,1.0,0.0,0.0,0.5,0.35,0.15,0.0
2016-08-15,risk_off,0.068,10,146,1.0,0.0,0.0,0.5,0.35,0.15,0.0
2016-08-16,risk_off,0.329,48,146,1.0,0.0,0.0,0.5,0.35,0.15,0.0
2016-08-17,risk_off,0.178,26,146,1.0,0.0,0.0,0.5,0.35,0.15,0.0
2016-08-18,risk_off,0.308,45,146,1.0,0.0,0.0,0.5,0.35,0.15,0.0
2016-08-19,risk_off,0.233,34,146,1.0,0.0,0.0,0.5,0.35,0.15,0.0
2016-08-22,risk_off,0.034,5,146,1.0,0.0,0.0,0.5,0.35,0.15,0.0
2016-08-23,risk_on,0.685,100,146,1.25,0.5,0.75,0.0,0.0,0.0,0.0
2016-08-24,risk_on,0.473,69,146,1.25,0.5,0.75,0.0,0.0,0.0,0.0
2016-08-25,risk_on,0.479,70,146,1.25,0.5,0.75,0.0,0.0,0.0,0.0
2016-08-26,risk_on,0.192,28,146,1.25,0.5,0.75,0.0,0.0,0.0,0.0
2016-08-29,risk_on,0.137,20,146,1.25,0.5,0.75,0.0,0.0,0.0,0.0
2016-08-30,risk_on,0.151,22,146,1.25,0.5,0.75,0.0,0.0,0.0,0.0
2016-08-31,risk_off,0.137,20,146,1.0,0.0,0.0,0.5,0.35,0.15,0.0
2016-09-01,risk_off,0.158,23,146,1.0,0.0,0.0,0.5,0.35,0.15,0.0
2016-09-02,risk_off,0.11,16,146,1.0,0.0,0.0,0.5,0.35,0.15,0.0
2016-09-06,risk_off,0.068,10,146,1.0,0.0,0.0,0.5,0.35,0.15,0.0
2016-09-07,risk_off,0.075,11,146,1.0,0.0,0.0,0.5,0.35,0.15,0.0
2016-09-08,risk_off,0.089,13,146,1.0,0.0,0.0,0.5,0.35,0.15,0.0
2016-09-09,risk_on,0.863,126,146,1.25,0.5,0.75,0.0,0.0,0.0,0.0
2016-09-12,risk_on,0.041,6,146,1.25,0.5,0.75,0.0,0.0,0.0,0.0
2016-09-13,risk_on,1.0,146,146,1.25,0.5,0.75,0.0,0.0,0.0,0.0
2016-09-14,risk_on,0.007,1,146,1.25,0.5,0.75,0.0,0.0,0.0,0.0
2016-09-15,risk_on,0.301,44,146,1.0805,0.4322,0.6483,0.0,0.0,0.0,0.0
2016-09-16,risk_on,0.0,0,146,1.0805,0.4322,0.6483,0.0,0.0,0.0,0.0
2016-09-19,risk_off,0.192,28,146,1.0,0.0,0.0,0.5,0.35,0.15,0.0
2016-09-20,risk_off,0.288,42,146,1.0,0.0,0.0,0.5,0.35,0.15,0.0
2016-09-21,risk_off,0.164,24,146,1.0,0.0,0.0,0.5,0.35,0.15,0.0
2016-09-22,risk_off,0.13,19,146,1.0,0.0,0.0,0.5,0.35,0.15,0.0
2016-09-23,risk_off,0.226,33,146,1.0,0.0,0.0,0.5,0.35,0.15,0.0
2016-09-26,risk_off,0.26,38,146,1.0,0.0,0.0,0.5,0.35,0.15,0.0
2016-09-27,risk_off,0.288,42,146,1.0,0.0,0.0,0.5,0.35,0.15,0.0
2016-09-28,risk_off,0.13,19,146,1.0,0.0,0.0,0.5,0.35,0.15,0.0
2016-09-29,risk_off,0.281,41,146,1.0,0.0,0.0,0.5,0.35,0.15,0.0
2016-09-30,risk_off,0.192,28,146,1.0,0.0,0.0,0.5,0.35,0.15,0.0
2016-10-03,risk_off,0.308,45,146,1.0,0.0,0.0,0.5,0.35,0.15,0.0
2016-10-04,risk_off,0.178,26,146,1.0,0.0,0.0,0.5,0.35,0.15,0.0
2016-10-05,risk_off,0.205,30,146,1.0,0.0,0.0,0.5,0.35,0.15,0.0
2016-10-06,risk_off,0.185,27,146,1.0,0.0,0.0,0.5,0.35,0.15,0.0
2016-10-07,risk_off,0.219,32,146,1.0,0.0,0.0,0.5,0.35,0.15,0.0
2016-10-10,risk_off,0.185,27,146,1.0,0.0,0.0,0.5,0.35,0.15,0.0
2016-10-11,risk_off,0.048,7,146,1.0,0.0,0.0,0.5,0.35,0.15,0.0
2016-10-12,risk_off,0.212,31,146,1.0,0.0,0.0,0.5,0.35,0.15,0.0
2016-10-13,risk_off,0.432,63,146,1.0,0.0,0.0,0.5,0.35,0.15,0.0
2016-10-14,risk_off,0.329,48,146,1.0,0.0,0.0,0.5,0.35,0.15,0.0
2016-10-17,risk_off,0.39,57,146,1.0,0.0,0.0,0.5,0.35,0.15,0.0
2016-10-18,risk_off,0.281,41,146,1.0,0.0,0.0,0.5,0.35,0.15,0.0
2016-10-19,risk_off,0.219,32,146,1.0,0.0,0.0,0.5,0.35,0.15,0.0
2016-10-20,risk_off,0.247,36,146,1.0,0.0,0.0,0.5,0.35,0.15,0.0
2016-10-21,risk_off,0.199,29,146,1.0,0.0,0.0,0.5,0.35,0.15,0.0
2016-10-24,risk_off,0.144,21,146,1.0,0.0,0.0,0.5,0.35,0.15,0.0
2016-10-25,risk_off,0.199,29,146,1.0,0.0,0.0,0.5,0.35,0.15,0.0
2016-10-26,risk_off,0.144,21,146,1.0,0.0,0.0,0.5,0.35,0.15,0.0
2016-10-27,risk_off,0.253,37,146,1.0,0.0,0.0,0.5,0.35,0.15,0.0
2016-10-28,risk_off,0.192,28,146,1.0,0.0,0.0,0.5,0.35,0.15,0.0
2016-10-31,risk_off,0.199,29,146,1.0,0.0,0.0,0.5,0.35,0.15,0.0
2016-11-01,risk_off,0.26,38,146,1.0,0.0,0.0,0.5,0.35,0.15,0.0
2016-11-02,risk_on,1.0,146,146,1.25,0.5,0.75,0.0,0.0,0.0,0.0
2016-11-03,risk_on,1.0,146,146,1.25,0.5,0.75,0.0,0.0,0.0,0.0
2016-11-04,risk_on,1.0,146,146,1.25,0.5,0.75,0.0,0.0,0.0,0.0
2016-11-07,risk_on,0.274,40,146,1.1219,0.4487,0.6731,0.0,0.0,0.0,0.0
2016-11-08,risk_on,0.192,28,146,1.1219,0.4487,0.6731,0.0,0.0,0.0,0.0
2016-11-09,risk_on,0.205,30,146,1.1219,0.4487,0.6731,0.0,0.0,0.0,0.0
2016-11-10,risk_off,0.219,32,146,1.0,0.0,0.0,0.5,0.35,0.15,0.0
2016-11-11,risk_off,0.349,51,146,1.0,0.0,0.0,0.5,0.35,0.15,0.0
2016-11-14,risk_off,0.0,0,146,1.0,0.0,0.0,0.5,0.35,0.15,0.0
2016-11-15,risk_off,0.082,12,146,1.0,0.0,0.0,0.5,0.35,0.15,0.0
2016-11-16,risk_off,0.808,118,146,1.0,0.0,0.0,0.5,0.35,0.15,0.0
2016-11-17,risk_off,0.856,125,146,1.0,0.0,0.0,0.5,0.35,0.15,0.0
2016-11-18,risk_on,0.863,126,146,0.9776,0.391,0.5866,0.0,0.0,0.0,0.0224
2016-11-21,risk_on,0.74,108,146,0.9776,0.391,0.5866,0.0,0.0,0.0,0.0224
2016-11-22,risk_on,0.562,82,146,0.9776,0.391,0.5866,0.0,0.0,0.0,0.0224
2016-11-23,risk_on,0.295,43,146,0.9776,0.391,0.5866,0.0,0.0,0.0,0.0224
2016-11-25,risk_on,0.301,44,146,0.9776,0.391,0.5866,0.0,0.0,0.0,0.0224
2016-11-28,risk_on,0.151,22,146,0.9776,0.391,0.5866,0.0,0.0,0.0,0.0224
2016-11-29,risk_off,0.164,24,146,1.0,0.0,0.0,0.5,0.35,0.15,0.0
2016-11-30,risk_off,0.185,27,146,1.0,0.0,0.0,0.5,0.35,0.15,0.0
2016-12-01,risk_off,0.315,46,146,1.0,0.0,0.0,0.5,0.35,0.15,0.0
2016-12-02,risk_off,0.315,46,146,1.0,0.0,0.0,0.5,0.35,0.15,0.0
2016-12-05,risk_off,0.418,61,146,1.0,0.0,0.0,0.5,0.35,0.15,0.0
2016-12-06,risk_off,0.425,62,146,1.0,0.0,0.0,0.5,0.35,0.15,0.0
2016-12-07,risk_off,0.295,43,146,1.0,0.0,0.0,0.5,0.35,0.15,0.0
2016-12-08,risk_on,0.712,104,146,1.0657,0.4263,0.6394,0.0,0.0,0.0,0.0
2016-12-09,risk_on,0.671,98,146,1.1672,0.4669,0.7003,0.0,0.0,0.0,0.0
2016-12-12,risk_on,0.199,29,146,1.1672,0.4669,0.7003,0.0,0.0,0.0,0.0
2016-12-13,risk_on,0.158,23,146,1.1672,0.4669,0.7003,0.0,0.0,0.0,0.0
2016-12-14,risk_on,0.336,49,146,1.1672,0.4669,0.7003,0.0,0.0,0.0,0.0
2016-12-15,risk_on,0.144,21,146,1.1672,0.4669,0.7003,0.0,0.0,0.0,0.0
2016-12-16,risk_off,0.253,37,146,1.0,0.0,0.0,0.5,0.35,0.15,0.0
2016-12-19,risk_off,0.329,48,146,1.0,0.0,0.0,0.5,0.35,0.15,0.0
2016-12-20,risk_off,0.226,33,146,1.0,0.0,0.0,0.5,0.35,0.15,0.0
2016-12-21,risk_off,0.295,43,146,1.0,0.0,0.0,0.5,0.35,0.15,0.0
2016-12-22,risk_off,0.26,38,146,1.0,0.0,0.0,0.5,0.35,0.15,0.0
2016-12-23,risk_off,0.185,27,146,1.0,0.0,0.0,0.5,0.35,0.15,0.0
2016-12-27,risk_off,0.089,13,146,1.0,0.0,0.0,0.5,0.35,0.15,0.0
2016-12-28,risk_off,0.185,27,146,1.0,0.0,0.0,0.5,0.35,0.15,0.0
2016-12-29,risk_off,0.356,52,146,1.0,0.0,0.0,0.5,0.35,0.15,0.0
2016-12-30,risk_off,0.363,53,146,1.0,0.0,0.0,0.5,0.35,0.15,0.0
2017-01-03,risk_off,0.205,30,146,1.0,0.0,0.0,0.5,0.35,0.15,0.0
2017-01-04,risk_off,0.308,45,146,1.0,0.0,0.0,0.5,0.35,0.15,0.0
2017-01-05,risk_off,0.329,48,146,1.0,0.0,0.0,0.5,0.35,0.15,0.0
2017-01-06,risk_off,0.089,13,146,1.0,0.0,0.0,0.5,0.35,0.15,0.0
2017-01-09,risk_off,0.151,22,146,1.0,0.0,0.0,0.5,0.35,0.15,0.0
2017-01-10,risk_off,0.116,17,146,1.0,0.0,0.0,0.5,0.35,0.15,0.0
2017-01-11,risk_off,0.137,20,146,1.0,0.0,0.0,0.5,0.35,0.15,0.0
2017-01-12,risk_off,0.151,22,146,1.0,0.0,0.0,0.5,0.35,0.15,0.0
2017-01-13,risk_off,0.158,23,146,1.0,0.0,0.0,0.5,0.35,0.15,0.0
2017-01-17,risk_off,0.151,22,146,1.0,0.0,0.0,0.5,0.35,0.15,0.0
2017-01-18,risk_off,0.137,20,146,1.0,0.0,0.0,0.5,0.35,0.15,0.0
2017-01-19,risk_off,0.164,24,146,1.0,0.0,0.0,0.5,0.35,0.15,0.0
2017-01-20,risk_off,0.158,23,146,1.0,0.0,0.0,0.5,0.35,0.15,0.0
2017-01-23,risk_off,0.178,26,146,1.0,0.0,0.0,0.5,0.35,0.15,0.0
2017-01-24,risk_off,0.103,15,146,1.0,0.0,0.0,0.5,0.35,0.15,0.0
2017-01-25,risk_off,0.123,18,146,1.0,0.0,0.0,0.5,0.35,0.15,0.0
2017-01-26,risk_off,0.116,17,146,1.0,0.0,0.0,0.5,0.35,0.15,0.0
2017-01-27,risk_off,0.137,20,146,1.0,0.0,0.0,0.5,0.35,0.15,0.0
2017-01-30,risk_off,0.068,10,146,1.0,0.0,0.0,0.5,0.35,0.15,0.0
2017-01-31,risk_off,0.151,22,146,1.0,0.0,0.0,0.5,0.35,0.15,0.0
2017-02-01,risk_off,0.253,37,146,1.0,0.0,0.0,0.5,0.35,0.15,0.0
2017-02-02,risk_off,0.123,18,146,1.0,0.0,0.0,0.5,0.35,0.15,0.0
2017-02-03,risk_off,0.089,13,146,1.0,0.0,0.0,0.5,0.35,0.15,0.0
2017-02-06,risk_off,0.089,13,146,1.0,0.0,0.0,0.5,0.35,0.15,0.0
2017-02-07,risk_off,0.212,31,146,1.0,0.0,0.0,0.5,0.35,0.15,0.0
2017-02-08,risk_off,0.014,2,146,1.0,0.0,0.0,0.5,0.35,0.15,0.0
2017-02-09,risk_on,0.897,131,146,1.25,0.5,0.75,0.0,0.0,0.0,0.0
2017-02-10,risk_on,0.0,0,146,1.25,0.5,0.75,0.0,0.0,0.0,0.0
2017-02-13,risk_on,0.0,0,146,1.25,0.5,0.75,0.0,0.0,0.0,0.0
2017-02-14,risk_on,0.0,0,146,1.25,0.5,0.75,0.0,0.0,0.0,0.0
2017-02-15,risk_on,0.0,0,146,1.25,0.5,0.75,0.0,0.0,0.0,0.0
2017-02-16,risk_on,0.993,145,146,1.25,0.5,0.75,0.0,0.0,0.0,0.0
2017-02-17,risk_on,0.979,143,146,1.25,0.5,0.75,0.0,0.0,0.0,0.0
2017-02-21,risk_off,0.0,0,146,1.0,0.0,0.0,0.5,0.35,0.15,0.0
2017-02-22,risk_off,0.0,0,146,1.0,0.0,0.0,0.5,0.35,0.15,0.0
2017-02-23,risk_off,0.0,0,146,1.0,0.0,0.0,0.5,0.35,0.15,0.0
2017-02-24,risk_off,1.0,146,146,1.0,0.0,0.0,0.5,0.35,0.15,0.0
2017-02-27,risk_off,0.199,29,146,1.0,0.0,0.0,0.5,0.35,0.15,0.0
2017-02-28,risk_off,0.034,5,146,1.0,0.0,0.0,0.5,0.35,0.15,0.0
2017-03-01,risk_off,0.021,3,146,1.0,0.0,0.0,0.5,0.35,0.15,0.0
2017-03-02,risk_off,0.0,0,146,1.0,0.0,0.0,0.5,0.35,0.15,0.0
2017-03-03,risk_off,0.0,0,146,1.0,0.0,0.0,0.5,0.35,0.15,0.0
2017-03-06,risk_off,0.062,9,146,1.0,0.0,0.0,0.5,0.35,0.15,0.0
2017-03-07,risk_off,0.0,0,146,1.0,0.0,0.0,0.5,0.35,0.15,0.0
2017-03-08,risk_off,0.0,0,146,1.0,0.0,0.0,0.5,0.35,0.15,0.0
2017-03-09,risk_off,0.0,0,146,1.0,0.0,0.0,0.5,0.35,0.15,0.0
2017-03-10,risk_off,0.0,0,146,1.0,0.0,0.0,0.5,0.35,0.15,0.0
2017-03-13,risk_off,0.0,0,146,1.0,0.0,0.0,0.5,0.35,0.15,0.0
2017-03-14,risk_off,0.0,0,146,1.0,0.0,0.0,0.5,0.35,0.15,0.0
2017-03-15,risk_off,0.0,0,146,1.0,0.0,0.0,0.5,0.35,0.15,0.0
2017-03-16,risk_off,0.021,3,146,1.0,0.0,0.0,0.5,0.35,0.15,0.0
2017-03-17,risk_off,0.0,0,146,1.0,0.0,0.0,0.5,0.35,0.15,0.0
2017-03-20,risk_off,0.068,10,146,1.0,0.0,0.0,0.5,0.35,0.15,0.0
2017-03-21,risk_off,0.363,53,146,1.0,0.0,0.0,0.5,0.35,0.15,0.0
2017-03-22,risk_off,0.0,0,146,1.0,0.0,0.0,0.5,0.35,0.15,0.0
2017-03-23,risk_off,0.0,0,146,1.0,0.0,0.0,0.5,0.35,0.15,0.0
2017-03-24,risk_on,0.795,116,146,1.25,0.5,0.75,0.0,0.0,0.0,0.0
2017-03-27,risk_on,1.0,146,146,1.25,0.5,0.75,0.0,0.0,0.0,0.0
2017-03-28,risk_on,1.0,146,146,1.25,0.5,0.75,0.0,0.0,0.0,0.0
2017-03-29,risk_on,1.0,146,146,1.25,0.5,0.75,0.0,0.0,0.0,0.0
2017-03-30,risk_on,0.979,143,146,1.25,0.5,0.75,0.0,0.0,0.0,0.0
2017-03-31,risk_on,0.021,3,146,1.25,0.5,0.75,0.0,0.0,0.0,0.0
2017-04-03,risk_off,0.0,0,146,1.0,0.0,0.0,0.5,0.35,0.15,0.0
2017-04-04,risk_off,0.0,0,146,1.0,0.0,0.0,0.5,0.35,0.15,0.0
2017-04-05,risk_off,0.144,21,146,1.0,0.0,0.0,0.5,0.35,0.15,0.0
2017-04-06,risk_off,0.007,1,146,1.0,0.0,0.0,0.5,0.35,0.15,0.0
2017-04-07,risk_off,0.0,0,146,1.0,0.0,0.0,0.5,0.35,0.15,0.0
2017-04-10,risk_off,0.0,0,146,1.0,0.0,0.0,0.5,0.35,0.15,0.0
2017-04-11,risk_on,1.0,146,146,1.25,0.5,0.75,0.0,0.0,0.0,0.0
2017-04-12,risk_on,0.0,0,146,1.25,0.5,0.75,0.0,0.0,0.0,0.0
2017-04-13,risk_on,1.0,146,146,1.25,0.5,0.75,0.0,0.0,0.0,0.0
2017-04-17,risk_on,1.0,146,146,1.25,0.5,0.75,0.0,0.0,0.0,0.0
2017-04-18,risk_on,0.0,0,146,1.25,0.5,0.75,0.0,0.0,0.0,0.0
2017-04-19,risk_on,0.0,0,146,1.25,0.5,0.75,0.0,0.0,0.0,0.0
2017-04-20,risk_off,0.0,0,146,1.0,0.0,0.0,0.5,0.35,0.15,0.0
2017-04-21,risk_off,0.0,0,146,1.0,0.0,0.0,0.5,0.35,0.15,0.0
2017-04-24,risk_off,0.151,22,146,1.0,0.0,0.0,0.5,0.35,0.15,0.0
2017-04-25,risk_off,0.979,143,146,1.0,0.0,0.0,0.5,0.35,0.15,0.0
2017-04-26,risk_off,0.0,0,146,1.0,0.0,0.0,0.5,0.35,0.15,0.0
2017-04-27,risk_off,0.0,0,146,1.0,0.0,0.0,0.5,0.35,0.15,0.0
2017-04-28,risk_off,0.356,52,146,1.0,0.0,0.0,0.5,0.35,0.15,0.0
2017-05-01,risk_on,0.671,98,146,1.25,0.5,0.75,0.0,0.0,0.0,0.0
2017-05-02,risk_on,0.0,0,146,1.25,0.5,0.75,0.0,0.0,0.0,0.0
2017-05-03,risk_on,0.027,4,146,1.25,0.5,0.75,0.0,0.0,0.0,0.0
2017-05-04,risk_on,0.0,0,146,1.25,0.5,0.75,0.0,0.0,0.0,0.0
2017-05-05,risk_on,0.0,0,146,1.25,0.5,0.75,0.0,0.0,0.0,0.0
2017-05-08,risk_on,0.0,0,146,1.25,0.5,0.75,0.0,0.0,0.0,0.0
2017-05-09,risk_off,0.0,0,146,1.0,0.0,0.0,0.5,0.35,0.15,0.0
2017-05-10,risk_off,0.0,0,146,1.0,0.0,0.0,0.5,0.35,0.15,0.0
2017-05-11,risk_off,0.0,0,146,1.0,0.0,0.0,0.5,0.35,0.15,0.0
2017-05-12,risk_off,0.048,7,146,1.0,0.0,0.0,0.5,0.35,0.15,0.0
2017-05-15,risk_off,0.151,22,146,1.0,0.0,0.0,0.5,0.35,0.15,0.0
2017-05-16,risk_off,0.0,0,146,1.0,0.0,0.0,0.5,0.35,0.15,0.0
2017-05-17,risk_off,0.0,0,146,1.0,0.0,0.0,0.5,0.35,0.15,0.0
2017-05-18,risk_off,0.0,0,146,1.0,0.0,0.0,0.5,0.35,0.15,0.0
2017-05-19,risk_on,0.911,133,146,1.25,0.5,0.75,0.0,0.0,0.0,0.0
2017-05-22,risk_on,0.774,113,146,1.25,0.5,0.75,0.0,0.0,0.0,0.0
2017-05-23,risk_on,0.0,0,146,1.25,0.5,0.75,0.0,0.0,0.0,0.0
2017-05-24,risk_on,1.0,146,146,1.25,0.5,0.75,0.0,0.0,0.0,0.0
2017-05-25,risk_on,0.0,0,146,1.25,0.5,0.75,0.0,0.0,0.0,0.0
2017-05-26,risk_on,0.0,0,146,1.25,0.5,0.75,0.0,0.0,0.0,0.0
2017-05-30,risk_off,0.0,0,146,1.0,0.0,0.0,0.5,0.35,0.15,0.0
2017-05-31,risk_off,0.034,5,146,1.0,0.0,0.0,0.5,0.35,0.15,0.0
2017-06-01,risk_off,0.938,137,146,1.0,0.0,0.0,0.5,0.35,0.15,0.0
2017-06-02,risk_off,0.0,0,146,1.0,0.0,0.0,0.5,0.35,0.15,0.0
2017-06-05,risk_off,0.0,0,146,1.0,0.0,0.0,0.5,0.35,0.15,0.0
2017-06-06,risk_off,0.0,0,146,1.0,0.0,0.0,0.5,0.35,0.15,0.0
2017-06-07,risk_off,0.0,0,146,1.0,0.0,0.0,0.5,0.35,0.15,0.0
2017-06-08,risk_on,0.671,98,146,1.25,0.5,0.75,0.0,0.0,0.0,0.0
2017-06-09,risk_on,0.0,0,146,0.9881,0.3952,0.5929,0.0,0.0,0.0,0.0119
2017-06-12,risk_on,0.0,0,146,0.9881,0.3952,0.5929,0.0,0.0,0.0,0.0119
2017-06-13,risk_on,1.0,146,146,0.9881,0.3952,0.5929,0.0,0.0,0.0,0.0119
2017-06-14,risk_on,0.0,0,146,0.9881,0.3952,0.5929,0.0,0.0,0.0,0.0119
2017-06-15,risk_on,0.993,145,146,1.2021,0.4808,0.7212,0.0,0.0,0.0,0.0
2017-06-16,neutral,0.548,80,146,0.9769,0.5373,0.2442,0.1954,0.0,0.0,0.0231
2017-06-19,neutral,0.979,143,146,0.9769,0.5373,0.2442,0.1954,0.0,0.0,0.0231
2017-06-20,neutral,0.945,138,146,0.9769,0.5373,0.2442,0.1954,0.0,0.0,0.0231
2017-06-21,neutral,1.0,146,146,0.8563,0.471,0.2141,0.1713,0.0,0.0,0.1437
2017-06-22,neutral,0.014,2,146,0.8563,0.471,0.2141,0.1713,0.0,0.0,0.1437
2017-06-23,neutral,0.0,0,146,0.8563,0.471,0.2141,0.1713,0.0,0.0,0.1437
2017-06-26,risk_off,0.0,0,146,1.0,0.0,0.0,0.5,0.35,0.15,0.0
2017-06-27,risk_off,0.11,16,146,1.0,0.0,0.0,0.5,0.35,0.15,0.0
2017-06-28,risk_off,0.493,72,146,1.0,0.0,0.0,0.5,0.35,0.15,0.0
2017-06-29,risk_off,0.0,0,146,1.0,0.0,0.0,0.5,0.35,0.15,0.0
2017-06-30,risk_off,0.0,0,146,1.0,0.0,0.0,0.5,0.35,0.15,0.0
2017-07-03,risk_off,0.0,0,146,1.0,0.0,0.0,0.5,0.35,0.15,0.0
2017-07-05,risk_on,0.726,106,146,0.867,0.3468,0.5202,0.0,0.0,0.0,0.133
2017-07-06,risk_on,1.0,146,146,0.867,0.3468,0.5202,0.0,0.0,0.0,0.133
2017-07-07,risk_on,0.0,0,146,0.867,0.3468,0.5202,0.0,0.0,0.0,0.133
2017-07-10,risk_on,1.0,146,146,0.867,0.3468,0.5202,0.0,0.0,0.0,0.133
2017-07-11,risk_on,0.055,8,146,0.867,0.3468,0.5202,0.0,0.0,0.0,0.133
2017-07-12,risk_on,0.0,0,146,0.867,0.3468,0.5202,0.0,0.0,0.0,0.133
2017-07-13,risk_off,0.062,9,146,1.0,0.0,0.0,0.5,0.35,0.15,0.0
2017-07-14,risk_off,0.11,16,146,1.0,0.0,0.0,0.5,0.35,0.15,0.0
2017-07-17,risk_off,0.0,0,146,1.0,0.0,0.0,0.5,0.35,0.15,0.0
2017-07-18,risk_off,0.0,0,146,1.0,0.0,0.0,0.5,0.35,0.15,0.0
2017-07-19,risk_off,0.0,0,146,1.0,0.0,0.0,0.5,0.35,0.15,0.0
2017-07-20,risk_off,0.0,0,146,1.0,0.0,0.0,0.5,0.35,0.15,0.0
2017-07-21,risk_off,0.0,0,146,1.0,0.0,0.0,0.5,0.35,0.15,0.0
2017-07-24,risk_off,0.0,0,146,1.0,0.0,0.0,0.5,0.35,0.15,0.0
2017-07-25,risk_off,0.089,13,146,1.0,0.0,0.0,0.5,0.35,0.15,0.0
2017-07-26,risk_off,0.021,3,146,1.0,0.0,0.0,0.5,0.35,0.15,0.0
2017-07-27,risk_off,0.007,1,146,1.0,0.0,0.0,0.5,0.35,0.15,0.0
2017-07-28,risk_off,0.0,0,146,1.0,0.0,0.0,0.5,0.35,0.15,0.0
2017-07-31,risk_off,0.0,0,146,1.0,0.0,0.0,0.5,0.35,0.15,0.0
2017-08-01,risk_off,0.0,0,146,1.0,0.0,0.0,0.5,0.35,0.15,0.0
2017-08-02,risk_off,0.048,7,146,1.0,0.0,0.0,0.5,0.35,0.15,0.0
2017-08-03,risk_off,0.0,0,146,1.0,0.0,0.0,0.5,0.35,0.15,0.0
2017-08-04,risk_off,0.0,0,146,1.0,0.0,0.0,0.5,0.35,0.15,0.0
2017-08-07,risk_off,0.0,0,146,1.0,0.0,0.0,0.5,0.35,0.15,0.0
2017-08-08,risk_on,0.623,91,146,1.25,0.5,0.75,0.0,0.0,0.0,0.0
2017-08-09,risk_on,0.596,87,146,1.25,0.5,0.75,0.0,0.0,0.0,0.0
2017-08-10,risk_on,0.527,77,146,1.25,0.5,0.75,0.0,0.0,0.0,0.0
2017-08-11,risk_on,0.336,49,146,1.25,0.5,0.75,0.0,0.0,0.0,0.0
2017-08-14,risk_on,0.267,39,146,1.25,0.5,0.75,0.0,0.0,0.0,0.0
2017-08-15,risk_on,0.158,23,146,1.25,0.5,0.75,0.0,0.0,0.0,0.0
2017-08-16,risk_off,0.247,36,146,1.0,0.0,0.0,0.5,0.35,0.15,0.0
2017-08-17,risk_off,0.432,63,146,1.0,0.0,0.0,0.5,0.35,0.15,0.0
2017-08-18,risk_off,0.185,27,146,1.0,0.0,0.0,0.5,0.35,0.15,0.0
2017-08-21,risk_off,0.219,32,146,1.0,0.0,0.0,0.5,0.35,0.15,0.0
2017-08-22,risk_off,0.192,28,146,1.0,0.0,0.0,0.5,0.35,0.15,0.0
2017-08-23,risk_off,0.253,37,146,1.0,0.0,0.0,0.5,0.35,0.15,0.0
2017-08-24,risk_off,0.349,51,146,1.0,0.0,0.0,0.5,0.35,0.15,0.0
2017-08-25,risk_off,0.247,36,146,1.0,0.0,0.0,0.5,0.35,0.15,0.0
2017-08-28,risk_on,0.719,105,146,1.0819,0.4328,0.6492,0.0,0.0,0.0,0.0
2017-08-29,risk_on,0.548,80,146,1.0819,0.4328,0.6492,0.0,0.0,0.0,0.0
2017-08-30,risk_on,0.158,23,146,1.0819,0.4328,0.6492,0.0,0.0,0.0,0.0
2017-08-31,risk_on,0.068,10,146,1.0819,0.4328,0.6492,0.0,0.0,0.0,0.0
2017-09-01,risk_on,0.068,10,146,1.0819,0.4328,0.6492,0.0,0.0,0.0,0.0
2017-09-05,risk_on,0.192,28,146,1.0819,0.4328,0.6492,0.0,0.0,0.0,0.0
2017-09-06,risk_off,0.26,38,146,1.0,0.0,0.0,0.5,0.35,0.15,0.0
2017-09-07,risk_off,0.596,87,146,1.0,0.0,0.0,0.5,0.35,0.15,0.0
2017-09-08,risk_off,0.678,99,146,1.0,0.0,0.0,0.5,0.35,0.15,0.0
2017-09-11,risk_off,0.233,34,146,1.0,0.0,0.0,0.5,0.35,0.15,0.0
2017-09-12,risk_off,0.329,48,146,1.0,0.0,0.0,0.5,0.35,0.15,0.0
2017-09-13,risk_off,0.356,52,146,1.0,0.0,0.0,0.5,0.35,0.15,0.0
2017-09-14,risk_off,0.418,61,146,1.0,0.0,0.0,0.5,0.35,0.15,0.0
2017-09-15,risk_on,0.795,116,146,1.25,0.5,0.75,0.0,0.0,0.0,0.0
2017-09-18,risk_on,0.699,102,146,1.25,0.5,0.75,0.0,0.0,0.0,0.0
2017-09-19,risk_on,0.61,89,146,1.25,0.5,0.75,0.0,0.0,0.0,0.0
2017-09-20,risk_on,0.521,76,146,1.25,0.5,0.75,0.0,0.0,0.0,0.0
2017-09-21,risk_on,0.432,63,146,1.25,0.5,0.75,0.0,0.0,0.0,0.0
2017-09-22,risk_on,0.192,28,146,1.25,0.5,0.75,0.0,0.0,0.0,0.0
2017-09-25,risk_off,0.342,50,146,1.0,0.0,0.0,0.5,0.35,0.15,0.0
2017-09-26,risk_off,0.308,45,146,1.0,0.0,0.0,0.5,0.35,0.15,0.0
2017-09-27,risk_off,0.466,68,146,1.0,0.0,0.0,0.5,0.35,0.15,0.0
2017-09-28,risk_off,0.589,86,146,1.0,0.0,0.0,0.5,0.35,0.15,0.0
2017-09-29,risk_off,0.363,53,146,1.0,0.0,0.0,0.5,0.35,0.15,0.0
2017-10-02,risk_off,0.322,47,146,1.0,0.0,0.0,0.5,0.35,0.15,0.0
2017-10-03,risk_off,0.37,54,146,1.0,0.0,0.0,0.5,0.35,0.15,0.0
2017-10-04,risk_off,0.377,55,146,1.0,0.0,0.0,0.5,0.35,0.15,0.0
2017-10-05,risk_off,0.377,55,146,1.0,0.0,0.0,0.5,0.35,0.15,0.0
2017-10-06,risk_off,0.466,68,146,1.0,0.0,0.0,0.5,0.35,0.15,0.0
2017-10-09,risk_on,0.582,85,146,1.25,0.5,0.75,0.0,0.0,0.0,0.0
2017-10-10,risk_on,0.438,64,146,1.25,0.5,0.75,0.0,0.0,0.0,0.0
2017-10-11,risk_on,0.315,46,146,1.25,0.5,0.75,0.0,0.0,0.0,0.0
2017-10-12,risk_on,0.336,49,146,1.25,0.5,0.75,0.0,0.0,0.0,0.0
2017-10-13,risk_on,0.479,70,146,1.25,0.5,0.75,0.0,0.0,0.0,0.0
2017-10-16,risk_on,0.486,71,146,1.25,0.5,0.75,0.0,0.0,0.0,0.0
2017-10-17,neutral,0.5,73,146,1.0,0.55,0.25,0.2,0.0,0.0,0.0
2017-10-18,neutral,0.527,77,146,1.0,0.55,0.25,0.2,0.0,0.0,0.0
2017-10-19,neutral,0.445,65,146,1.0,0.55,0.25,0.2,0.0,0.0,0.0
2017-10-20,neutral,0.308,45,146,1.0,0.55,0.25,0.2,0.0,0.0,0.0
2017-10-23,neutral,0.493,72,146,1.0,0.55,0.25,0.2,0.0,0.0,0.0
2017-10-24,neutral,0.479,70,146,1.0,0.55,0.25,0.2,0.0,0.0,0.0
2017-10-25,risk_off,0.103,15,146,1.0,0.0,0.0,0.5,0.35,0.15,0.0
2017-10-26,risk_off,0.123,18,146,1.0,0.0,0.0,0.5,0.35,0.15,0.0
2017-10-27,risk_off,0.281,41,146,1.0,0.0,0.0,0.5,0.35,0.15,0.0
2017-10-30,risk_off,0.308,45,146,1.0,0.0,0.0,0.5,0.35,0.15,0.0
2017-10-31,risk_off,0.5,73,146,1.0,0.0,0.0,0.5,0.35,0.15,0.0
2017-11-01,risk_off,0.507,74,146,1.0,0.0,0.0,0.5,0.35,0.15,0.0
2017-11-02,risk_on,0.562,82,146,1.25,0.5,0.75,0.0,0.0,0.0,0.0
2017-11-03,risk_on,0.473,69,146,1.25,0.5,0.75,0.0,0.0,0.0,0.0
2017-11-06,risk_on,0.274,40,146,1.25,0.5,0.75,0.0,0.0,0.0,0.0
2017-11-07,risk_on,0.336,49,146,1.25,0.5,0.75,0.0,0.0,0.0,0.0
2017-11-08,risk_on,0.377,55,146,1.25,0.5,0.75,0.0,0.0,0.0,0.0
2017-11-09,risk_on,0.384,56,146,1.25,0.5,0.75,0.0,0.0,0.0,0.0
2017-11-10,risk_off,0.322,47,146,1.0,0.0,0.0,0.5,0.35,0.15,0.0
2017-11-13,risk_off,0.5,73,146,1.0,0.0,0.0,0.5,0.35,0.15,0.0
2017-11-14,risk_off,0.5,73,146,1.0,0.0,0.0,0.5,0.35,0.15,0.0
2017-11-15,risk_off,0.61,89,146,1.0,0.0,0.0,0.5,0.35,0.15,0.0
2017-11-16,risk_off,0.274,40,146,1.0,0.0,0.0,0.5,0.35,0.15,0.0
2017-11-17,risk_off,0.178,26,146,1.0,0.0,0.0,0.5,0.35,0.15,0.0
2017-11-20,risk_off,0.123,18,146,1.0,0.0,0.0,0.5,0.35,0.15,0.0
2017-11-21,risk_off,0.144,21,146,1.0,0.0,0.0,0.5,0.35,0.15,0.0
2017-11-22,risk_off,0.308,45,146,1.0,0.0,0.0,0.5,0.35,0.15,0.0
2017-11-24,risk_off,0.418,61,146,1.0,0.0,0.0,0.5,0.35,0.15,0.0
2017-11-27,risk_on,0.623,91,146,1.25,0.5,0.75,0.0,0.0,0.0,0.0
2017-11-28,risk_on,0.205,30,146,1.25,0.5,0.75,0.0,0.0,0.0,0.0
2017-11-29,risk_on,0.137,20,146,1.25,0.5,0.75,0.0,0.0,0.0,0.0
2017-11-30,risk_on,0.205,30,146,1.25,0.5,0.75,0.0,0.0,0.0,0.0
2017-12-01,risk_on,0.295,43,146,1.25,0.5,0.75,0.0,0.0,0.0,0.0
2017-12-04,risk_on,0.37,54,146,1.25,0.5,0.75,0.0,0.0,0.0,0.0
2017-12-05,risk_off,0.226,33,146,1.0,0.0,0.0,0.5,0.35,0.15,0.0
2017-12-06,risk_off,0.479,70,146,1.0,0.0,0.0,0.5,0.35,0.15,0.0
2017-12-07,risk_off,0.267,39,146,1.0,0.0,0.0,0.5,0.35,0.15,0.0
2017-12-08,risk_off,0.185,27,146,1.0,0.0,0.0,0.5,0.35,0.15,0.0
2017-12-11,risk_off,0.219,32,146,1.0,0.0,0.0,0.5,0.35,0.15,0.0
2017-12-12,risk_off,0.425,62,146,1.0,0.0,0.0,0.5,0.35,0.15,0.0
2017-12-13,risk_on,0.712,104,146,1.25,0.5,0.75,0.0,0.0,0.0,0.0
2017-12-14,risk_on,0.308,45,146,1.25,0.5,0.75,0.0,0.0,0.0,0.0
2017-12-15,risk_on,0.24,35,146,1.25,0.5,0.75,0.0,0.0,0.0,0.0
2017-12-18,risk_on,0.151,22,146,1.25,0.5,0.75,0.0,0.0,0.0,0.0
2017-12-19,risk_on,0.212,31,146,1.25,0.5,0.75,0.0,0.0,0.0,0.0
2017-12-20,risk_on,0.212,31,146,1.25,0.5,0.75,0.0,0.0,0.0,0.0
2017-12-21,risk_off,0.432,63,146,1.0,0.0,0.0,0.5,0.35,0.15,0.0
2017-12-22,risk_off,0.411,60,146,1.0,0.0,0.0,0.5,0.35,0.15,0.0
2017-12-26,risk_off,0.514,75,146,1.0,0.0,0.0,0.5,0.35,0.15,0.0
2017-12-27,risk_off,0.527,77,146,1.0,0.0,0.0,0.5,0.35,0.15,0.0
2017-12-28,risk_off,0.534,78,146,1.0,0.0,0.0,0.5,0.35,0.15,0.0
2017-12-29,risk_off,0.527,77,146,1.0,0.0,0.0,0.5,0.35,0.15,0.0
2018-01-02,risk_off,0.295,43,146,1.0,0.0,0.0,0.5,0.35,0.15,0.0
2018-01-03,risk_off,0.144,21,146,1.0,0.0,0.0,0.5,0.35,0.15,0.0
2018-01-04,risk_off,0.089,13,146,1.0,0.0,0.0,0.5,0.35,0.15,0.0
2018-01-05,risk_off,0.205,30,146,1.0,0.0,0.0,0.5,0.35,0.15,0.0
2018-01-08,risk_off,0.233,34,146,1.0,0.0,0.0,0.5,0.35,0.15,0.0
2018-01-09,neutral,0.548,80,146,1.0,0.55,0.25,0.2,0.0,0.0,0.0
2018-01-10,neutral,0.418,61,146,1.0,0.55,0.25,0.2,0.0,0.0,0.0
2018-01-11,neutral,0.212,31,146,1.0,0.55,0.25,0.2,0.0,0.0,0.0
2018-01-12,neutral,0.13,19,146,1.0,0.55,0.25,0.2,0.0,0.0,0.0
2018-01-16,neutral,0.233,34,146,1.0,0.55,0.25,0.2,0.0,0.0,0.0
2018-01-17,neutral,0.164,24,146,1.0,0.55,0.25,0.2,0.0,0.0,0.0
2018-01-18,risk_off,0.103,15,146,1.0,0.0,0.0,0.5,0.35,0.15,0.0
2018-01-19,risk_off,0.068,10,146,1.0,0.0,0.0,0.5,0.35,0.15,0.0
2018-01-22,risk_off,0.123,18,146,1.0,0.0,0.0,0.5,0.35,0.15,0.0
2018-01-23,risk_off,0.226,33,146,1.0,0.0,0.0,0.5,0.35,0.15,0.0
2018-01-24,risk_off,0.212,31,146,1.0,0.0,0.0,0.5,0.35,0.15,0.0
2018-01-25,risk_off,0.233,34,146,1.0,0.0,0.0,0.5,0.35,0.15,0.0
2018-01-26,risk_off,0.219,32,146,1.0,0.0,0.0,0.5,0.35,0.15,0.0
2018-01-29,risk_off,0.247,36,146,1.0,0.0,0.0,0.5,0.35,0.15,0.0
2018-01-30,risk_on,0.568,83,146,1.25,0.5,0.75,0.0,0.0,0.0,0.0
2018-01-31,risk_on,0.466,68,146,1.25,0.5,0.75,0.0,0.0,0.0,0.0
2018-02-01,risk_on,0.459,67,146,1.25,0.5,0.75,0.0,0.0,0.0,0.0
2018-02-02,risk_on,0.747,109,146,1.1175,0.447,0.6705,0.0,0.0,0.0,0.0
2018-02-05,risk_on,0.521,76,146,0.775,0.31,0.465,0.0,0.0,0.0,0.225
2018-02-06,risk_on,0.644,94,146,0.775,0.31,0.465,0.0,0.0,0.0,0.225
2018-02-07,neutral,0.527,77,146,0.542,0.2981,0.1355,0.1084,0.0,0.0,0.458
2018-02-08,neutral,0.856,125,146,0.542,0.2981,0.1355,0.1084,0.0,0.0,0.458
2018-02-09,neutral,0.692,101,146,0.4387,0.2413,0.1097,0.0877,0.0,0.0,0.5613
2018-02-12,neutral,0.712,104,146,0.4387,0.2413,0.1097,0.0877,0.0,0.0,0.5613
2018-02-13,neutral,0.658,96,146,0.4387,0.2413,0.1097,0.0877,0.0,0.0,0.5613
2018-02-14,neutral,0.493,72,146,0.4387,0.2413,0.1097,0.0877,0.0,0.0,0.5613
2018-02-15,neutral,0.747,109,146,0.4387,0.2413,0.1097,0.0877,0.0,0.0,0.5613
2018-02-16,risk_off,0.404,59,146,1.0,0.0,0.0,0.5,0.35,0.15,0.0
2018-02-20,risk_off,0.144,21,146,1.0,0.0,0.0,0.5,0.35,0.15,0.0
2018-02-21,risk_off,0.555,81,146,1.0,0.0,0.0,0.5,0.35,0.15,0.0
2018-02-22,risk_off,0.767,112,146,1.0,0.0,0.0,0.5,0.35,0.15,0.0
2018-02-23,risk_off,0.226,33,146,1.0,0.0,0.0,0.5,0.35,0.15,0.0
2018-02-26,risk_off,0.404,59,146,1.0,0.0,0.0,0.5,0.35,0.15,0.0
2018-02-27,neutral,0.527,77,146,0.3975,0.2186,0.0994,0.0795,0.0,0.0,0.6025
2018-02-28,neutral,0.671,98,146,0.3975,0.2186,0.0994,0.0795,0.0,0.0,0.6025
2018-03-01,neutral,0.637,93,146,0.3975,0.2186,0.0994,0.0795,0.0,0.0,0.6025
2018-03-02,neutral,0.452,66,146,0.3975,0.2186,0.0994,0.0795,0.0,0.0,0.6025
2018-03-05,neutral,0.377,55,146,0.3975,0.2186,0.0994,0.0795,0.0,0.0,0.6025
2018-03-06,neutral,0.384,56,146,0.3975,0.2186,0.0994,0.0795,0.0,0.0,0.6025
2018-03-07,risk_off,0.384,56,146,1.0,0.0,0.0,0.5,0.35,0.15,0.0
2018-03-08,risk_off,0.199,29,146,1.0,0.0,0.0,0.5,0.35,0.15,0.0
2018-03-09,risk_off,0.651,95,146,1.0,0.0,0.0,0.5,0.35,0.15,0.0
2018-03-12,risk_off,0.438,64,146,1.0,0.0,0.0,0.5,0.35,0.15,0.0
2018-03-13,risk_off,0.445,65,146,1.0,0.0,0.0,0.5,0.35,0.15,0.0
2018-03-14,risk_off,0.308,45,146,1.0,0.0,0.0,0.5,0.35,0.15,0.0
2018-03-15,risk_off,0.048,7,146,1.0,0.0,0.0,0.5,0.35,0.15,0.0
2018-03-16,risk_off,0.459,67,146,1.0,0.0,0.0,0.5,0.35,0.15,0.0
2018-03-19,risk_off,0.308,45,146,1.0,0.0,0.0,0.5,0.35,0.15,0.0
2018-03-20,risk_off,0.281,41,146,1.0,0.0,0.0,0.5,0.35,0.15,0.0
2018-03-21,risk_on,0.603,88,146,0.8426,0.337,0.5056,0.0,0.0,0.0,0.1574
2018-03-22,risk_on,0.452,66,146,0.8426,0.337,0.5056,0.0,0.0,0.0,0.1574
2018-03-23,risk_on,0.959,140,146,0.7361,0.2944,0.4417,0.0,0.0,0.0,0.2639
2018-03-26,risk_on,0.555,81,146,0.6181,0.2472,0.3708,0.0,0.0,0.0,0.3819
2018-03-27,risk_on,0.575,84,146,0.6181,0.2472,0.3708,0.0,0.0,0.0,0.3819
2018-03-28,risk_on,0.788,115,146,0.6181,0.2472,0.3708,0.0,0.0,0.0,0.3819
2018-03-29,neutral,0.815,119,146,0.4435,0.2439,0.1109,0.0887,0.0,0.0,0.5565
2018-04-02,neutral,0.856,125,146,0.4435,0.2439,0.1109,0.0887,0.0,0.0,0.5565
2018-04-03,neutral,0.753,110,146,0.4435,0.2439,0.1109,0.0887,0.0,0.0,0.5565
2018-04-04,neutral,0.658,96,146,0.4435,0.2439,0.1109,0.0887,0.0,0.0,0.5565
2018-04-05,neutral,0.603,88,146,0.4435,0.2439,0.1109,0.0887,0.0,0.0,0.5565
2018-04-06,neutral,0.705,103,146,0.4435,0.2439,0.1109,0.0887,0.0,0.0,0.5565
2018-04-09,neutral,0.658,96,146,0.4435,0.2439,0.1109,0.0887,0.0,0.0,0.5565
2018-04-10,neutral,0.596,87,146,0.4435,0.2439,0.1109,0.0887,0.0,0.0,0.5565
2018-04-11,neutral,0.527,77,146,0.4435,0.2439,0.1109,0.0887,0.0,0.0,0.5565
2018-04-12,risk_off,0.11,16,146,1.0,0.0,0.0,0.5,0.35,0.15,0.0
2018-04-13,risk_off,0.432,63,146,1.0,0.0,0.0,0.5,0.35,0.15,0.0
2018-04-16,risk_off,0.274,40,146,1.0,0.0,0.0,0.5,0.35,0.15,0.0
2018-04-17,risk_off,0.281,41,146,1.0,0.0,0.0,0.5,0.35,0.15,0.0
2018-04-18,risk_off,0.37,54,146,1.0,0.0,0.0,0.5,0.35,0.15,0.0
2018-04-19,risk_off,0.288,42,146,1.0,0.0,0.0,0.5,0.35,0.15,0.0
2018-04-20,risk_off,0.486,71,146,1.0,0.0,0.0,0.5,0.35,0.15,0.0
2018-04-23,risk_off,0.329,48,146,1.0,0.0,0.0,0.5,0.35,0.15,0.0
2018-04-24,risk_off,0.438,64,146,1.0,0.0,0.0,0.5,0.35,0.15,0.0
2018-04-25,risk_off,0.24,35,146,1.0,0.0,0.0,0.5,0.35,0.15,0.0
2018-04-26,risk_off,0.267,39,146,1.0,0.0,0.0,0.5,0.35,0.15,0.0
2018-04-27,risk_off,0.411,60,146,1.0,0.0,0.0,0.5,0.35,0.15,0.0
2018-04-30,risk_off,0.432,63,146,1.0,0.0,0.0,0.5,0.35,0.15,0.0
2018-05-01,neutral,0.664,97,146,0.555,0.3053,0.1388,0.111,0.0,0.0,0.445
2018-05-02,neutral,0.815,119,146,0.555,0.3053,0.1388,0.111,0.0,0.0,0.445
2018-05-03,neutral,0.507,74,146,0.555,0.3053,0.1388,0.111,0.0,0.0,0.445
2018-05-04,neutral,0.281,41,146,0.555,0.3053,0.1388,0.111,0.0,0.0,0.445
2018-05-07,neutral,0.295,43,146,0.555,0.3053,0.1388,0.111,0.0,0.0,0.445
2018-05-08,neutral,0.479,70,146,0.555,0.3053,0.1388,0.111,0.0,0.0,0.445
2018-05-09,risk_off,0.24,35,146,1.0,0.0,0.0,0.5,0.35,0.15,0.0
2018-05-10,risk_off,0.027,4,146,1.0,0.0,0.0,0.5,0.35,0.15,0.0
2018-05-11,risk_off,0.116,17,146,1.0,0.0,0.0,0.5,0.35,0.15,0.0
2018-05-14,risk_off,0.459,67,146,1.0,0.0,0.0,0.5,0.35,0.15,0.0
2018-05-15,risk_off,0.589,86,146,1.0,0.0,0.0,0.5,0.35,0.15,0.0
2018-05-16,risk_off,0.699,102,146,1.0,0.0,0.0,0.5,0.35,0.15,0.0
2018-05-17,neutral,0.514,75,146,0.705,0.3877,0.1762,0.141,0.0,0.0,0.295
2018-05-18,neutral,0.836,122,146,0.705,0.3877,0.1762,0.141,0.0,0.0,0.295
2018-05-21,neutral,0.342,50,146,0.705,0.3877,0.1762,0.141,0.0,0.0,0.295
2018-05-22,neutral,0.288,42,146,0.8869,0.4878,0.2217,0.1774,0.0,0.0,0.1131
2018-05-23,neutral,0.26,38,146,0.8869,0.4878,0.2217,0.1774,0.0,0.0,0.1131
2018-05-24,neutral,0.493,72,146,1.0,0.55,0.25,0.2,0.0,0.0,0.0
2018-05-25,risk_off,0.226,33,146,1.0,0.0,0.0,0.5,0.35,0.15,0.0
2018-05-29,risk_off,0.247,36,146,1.0,0.0,0.0,0.5,0.35,0.15,0.0
2018-05-30,risk_off,0.24,35,146,1.0,0.0,0.0,0.5,0.35,0.15,0.0
2018-05-31,risk_off,0.425,62,146,1.0,0.0,0.0,0.5,0.35,0.15,0.0
2018-06-01,risk_off,0.192,28,146,1.0,0.0,0.0,0.5,0.35,0.15,0.0
2018-06-04,risk_off,0.247,36,146,1.0,0.0,0.0,0.5,0.35,0.15,0.0
2018-06-05,risk_on,0.582,85,146,1.25,0.5,0.75,0.0,0.0,0.0,0.0
2018-06-06,risk_on,0.26,38,146,1.25,0.5,0.75,0.0,0.0,0.0,0.0
2018-06-07,risk_on,0.123,18,146,1.25,0.5,0.75,0.0,0.0,0.0,0.0
2018-06-08,risk_on,0.582,85,146,1.25,0.5,0.75,0.0,0.0,0.0,0.0
2018-06-11,risk_on,0.61,89,146,1.25,0.5,0.75,0.0,0.0,0.0,0.0
2018-06-12,risk_on,0.589,86,146,1.25,0.5,0.75,0.0,0.0,0.0,0.0
2018-06-13,risk_off,0.123,18,146,1.0,0.0,0.0,0.5,0.35,0.15,0.0
2018-06-14,risk_off,0.089,13,146,1.0,0.0,0.0,0.5,0.35,0.15,0.0
2018-06-15,risk_off,0.089,13,146,1.0,0.0,0.0,0.5,0.35,0.15,0.0
2018-06-18,risk_off,0.055,8,146,1.0,0.0,0.0,0.5,0.35,0.15,0.0
2018-06-19,risk_off,0.281,41,146,1.0,0.0,0.0,0.5,0.35,0.15,0.0
2018-06-20,risk_off,0.219,32,146,1.0,0.0,0.0,0.5,0.35,0.15,0.0
2018-06-21,risk_off,0.055,8,146,1.0,0.0,0.0,0.5,0.35,0.15,0.0
2018-06-22,risk_off,0.048,7,146,1.0,0.0,0.0,0.5,0.35,0.15,0.0
2018-06-25,risk_off,0.322,47,146,1.0,0.0,0.0,0.5,0.35,0.15,0.0
2018-06-26,risk_off,0.192,28,146,1.0,0.0,0.0,0.5,0.35,0.15,0.0
2018-06-27,risk_off,0.295,43,146,1.0,0.0,0.0,0.5,0.35,0.15,0.0
2018-06-28,risk_off,0.411,60,146,1.0,0.0,0.0,0.5,0.35,0.15,0.0
2018-06-29,risk_off,0.459,67,146,1.0,0.0,0.0,0.5,0.35,0.15,0.0
2018-07-02,risk_off,0.418,61,146,1.0,0.0,0.0,0.5,0.35,0.15,0.0
2018-07-03,risk_on,0.644,94,146,1.1264,0.4505,0.6758,0.0,0.0,0.0,0.0
2018-07-05,risk_on,0.315,46,146,1.1264,0.4505,0.6758,0.0,0.0,0.0,0.0
2018-07-06,risk_on,0.103,15,146,1.0141,0.4057,0.6085,0.0,0.0,0.0,0.0
2018-07-09,risk_on,0.151,22,146,1.0141,0.4057,0.6085,0.0,0.0,0.0,0.0
2018-07-10,risk_on,0.048,7,146,1.0141,0.4057,0.6085,0.0,0.0,0.0,0.0
2018-07-11,risk_on,0.336,49,146,1.0141,0.4057,0.6085,0.0,0.0,0.0,0.0
2018-07-12,risk_off,0.267,39,146,1.0,0.0,0.0,0.5,0.35,0.15,0.0
2018-07-13,risk_off,0.205,30,146,1.0,0.0,0.0,0.5,0.35,0.15,0.0
2018-07-16,risk_off,0.582,85,146,1.0,0.0,0.0,0.5,0.35,0.15,0.0
2018-07-17,risk_off,0.479,70,146,1.0,0.0,0.0,0.5,0.35,0.15,0.0
2018-07-18,risk_off,0.308,45,146,1.0,0.0,0.0,0.5,0.35,0.15,0.0
2018-07-19,risk_off,0.623,91,146,1.0,0.0,0.0,0.5,0.35,0.15,0.0
2018-07-20,risk_on,0.596,87,146,0.9634,0.3854,0.5781,0.0,0.0,0.0,0.0366
2018-07-23,risk_on,0.555,81,146,0.9634,0.3854,0.5781,0.0,0.0,0.0,0.0366
2018-07-24,risk_on,0.534,78,146,1.175,0.47,0.705,0.0,0.0,0.0,0.0
2018-07-25,risk_on,0.123,18,146,1.175,0.47,0.705,0.0,0.0,0.0,0.0
2018-07-26,risk_on,0.137,20,146,1.175,0.47,0.705,0.0,0.0,0.0,0.0
2018-07-27,risk_on,0.212,31,146,1.0229,0.4091,0.6137,0.0,0.0,0.0,0.0
2018-07-30,risk_off,0.459,67,146,1.0,0.0,0.0,0.5,0.35,0.15,0.0
2018-07-31,risk_off,0.425,62,146,1.0,0.0,0.0,0.5,0.35,0.15,0.0
2018-08-01,risk_off,0.486,71,146,1.0,0.0,0.0,0.5,0.35,0.15,0.0
2018-08-02,risk_off,0.801,117,146,1.0,0.0,0.0,0.5,0.35,0.15,0.0
2018-08-03,risk_off,0.658,96,146,1.0,0.0,0.0,0.5,0.35,0.15,0.0
2018-08-06,risk_off,0.363,53,146,1.0,0.0,0.0,0.5,0.35,0.15,0.0
2018-08-07,risk_on,0.582,85,146,1.0596,0.4238,0.6358,0.0,0.0,0.0,0.0
2018-08-08,risk_on,0.0,0,146,1.0596,0.4238,0.6358,0.0,0.0,0.0,0.0
2018-08-09,risk_on,0.274,40,146,1.1825,0.473,0.7095,0.0,0.0,0.0,0.0
2018-08-10,risk_on,0.0,0,146,1.1825,0.473,0.7095,0.0,0.0,0.0,0.0
2018-08-13,risk_on,0.37,54,146,1.1825,0.473,0.7095,0.0,0.0,0.0,0.0
2018-08-14,risk_on,0.37,54,146,1.1825,0.473,0.7095,0.0,0.0,0.0,0.0
2018-08-15,risk_off,0.315,46,146,1.0,0.0,0.0,0.5,0.35,0.15,0.0
2018-08-16,risk_off,0.0,0,146,1.0,0.0,0.0,0.5,0.35,0.15,0.0
2018-08-17,risk_off,0.089,13,146,1.0,0.0,0.0,0.5,0.35,0.15,0.0
2018-08-20,risk_off,0.082,12,146,1.0,0.0,0.0,0.5,0.35,0.15,0.0
2018-08-21,risk_off,0.089,13,146,1.0,0.0,0.0,0.5,0.35,0.15,0.0
2018-08-22,risk_off,1.0,146,146,1.0,0.0,0.0,0.5,0.35,0.15,0.0
2018-08-23,risk_on,1.0,146,146,1.25,0.5,0.75,0.0,0.0,0.0,0.0
2018-08-24,risk_on,0.0,0,146,1.25,0.5,0.75,0.0,0.0,0.0,0.0
2018-08-27,risk_on,0.0,0,146,1.25,0.5,0.75,0.0,0.0,0.0,0.0
2018-08-28,risk_on,0.0,0,146,1.25,0.5,0.75,0.0,0.0,0.0,0.0
2018-08-29,risk_on,0.253,37,146,1.25,0.5,0.75,0.0,0.0,0.0,0.0
2018-08-30,risk_on,0.0,0,146,1.25,0.5,0.75,0.0,0.0,0.0,0.0
2018-08-31,risk_off,0.089,13,146,1.0,0.0,0.0,0.5,0.35,0.15,0.0
2018-09-04,risk_off,0.26,38,146,1.0,0.0,0.0,0.5,0.35,0.15,0.0
2018-09-05,risk_off,0.0,0,146,1.0,0.0,0.0,0.5,0.35,0.15,0.0
2018-09-06,risk_off,0.0,0,146,1.0,0.0,0.0,0.5,0.35,0.15,0.0
2018-09-07,risk_off,0.0,0,146,1.0,0.0,0.0,0.5,0.35,0.15,0.0
2018-09-10,risk_off,0.267,39,146,1.0,0.0,0.0,0.5,0.35,0.15,0.0
2018-09-11,risk_off,0.0,0,146,1.0,0.0,0.0,0.5,0.35,0.15,0.0
2018-09-12,risk_off,0.0,0,146,1.0,0.0,0.0,0.5,0.35,0.15,0.0
2018-09-13,risk_off,0.0,0,146,1.0,0.0,0.0,0.5,0.35,0.15,0.0
2018-09-14,risk_off,0.0,0,146,1.0,0.0,0.0,0.5,0.35,0.15,0.0
2018-09-17,risk_off,0.0,0,146,1.0,0.0,0.0,0.5,0.35,0.15,0.0
2018-09-18,risk_off,0.0,0,146,1.0,0.0,0.0,0.5,0.35,0.15,0.0
2018-09-19,risk_off,0.0,0,146,1.0,0.0,0.0,0.5,0.35,0.15,0.0
2018-09-20,risk_off,0.0,0,146,1.0,0.0,0.0,0.5,0.35,0.15,0.0
2018-09-21,risk_off,0.0,0,146,1.0,0.0,0.0,0.5,0.35,0.15,0.0
2018-09-24,risk_off,0.0,0,146,1.0,0.0,0.0,0.5,0.35,0.15,0.0
2018-09-25,risk_off,0.377,55,146,1.0,0.0,0.0,0.5,0.35,0.15,0.0
2018-09-26,risk_off,0.377,55,146,1.0,0.0,0.0,0.5,0.35,0.15,0.0
2018-09-27,risk_off,0.37,54,146,1.0,0.0,0.0,0.5,0.35,0.15,0.0
2018-09-28,risk_off,0.308,45,146,1.0,0.0,0.0,0.5,0.35,0.15,0.0
2018-10-01,risk_off,0.315,46,146,1.0,0.0,0.0,0.5,0.35,0.15,0.0
2018-10-02,risk_on,0.822,120,146,1.25,0.5,0.75,0.0,0.0,0.0,0.0
2018-10-03,risk_on,0.0,0,146,1.25,0.5,0.75,0.0,0.0,0.0,0.0
2018-10-04,risk_on,0.274,40,146,1.25,0.5,0.75,0.0,0.0,0.0,0.0
2018-10-05,risk_on,0.938,137,146,1.25,0.5,0.75,0.0,0.0,0.0,0.0
2018-10-08,risk_on,0.952,139,146,1.25,0.5,0.75,0.0,0.0,0.0,0.0
2018-10-09,risk_on,0.952,139,146,1.25,0.5,0.75,0.0,0.0,0.0,0.0
2018-10-10,neutral,0.685,100,146,0.604,0.3322,0.151,0.1208,0.0,0.0,0.396
2018-10-11,risk_off,1.0,146,146,1.0,0.0,0.0,0.5,0.35,0.15,0.0
2018-10-12,risk_off,0.801,117,146,1.0,0.0,0.0,0.5,0.35,0.15,0.0
2018-10-15,risk_off,1.0,146,146,1.0,0.0,0.0,0.5,0.35,0.15,0.0
2018-10-16,risk_off,1.0,146,146,1.0,0.0,0.0,0.5,0.35,0.15,0.0
2018-10-17,risk_off,1.0,146,146,1.0,0.0,0.0,0.5,0.35,0.15,0.0
2018-10-18,risk_off,1.0,146,146,1.0,0.0,0.0,0.5,0.35,0.15,0.0
2018-10-19,neutral,1.0,146,146,0.4708,0.259,0.1177,0.0942,0.0,0.0,0.5292
2018-10-22,neutral,1.0,146,146,0.4708,0.259,0.1177,0.0942,0.0,0.0,0.5292
2018-10-23,risk_off,1.0,146,146,1.0,0.0,0.0,0.5,0.35,0.15,0.0
2018-10-24,risk_off,1.0,146,146,1.0,0.0,0.0,0.5,0.35,0.15,0.0
2018-10-25,risk_off,1.0,146,146,1.0,0.0,0.0,0.5,0.35,0.15,0.0
2018-10-26,risk_off,1.0,146,146,1.0,0.0,0.0,0.5,0.35,0.15,0.0
2018-10-29,risk_off,1.0,146,146,1.0,0.0,0.0,0.5,0.35,0.15,0.0
2018-10-30,risk_off,0.0,0,146,1.0,0.0,0.0,0.5,0.35,0.15,0.0
2018-10-31,risk_off,0.021,3,146,1.0,0.0,0.0,0.5,0.35,0.15,0.0
2018-11-01,risk_off,0.0,0,146,1.0,0.0,0.0,0.5,0.35,0.15,0.0
2018-11-02,risk_off,0.288,42,146,1.0,0.0,0.0,0.5,0.35,0.15,0.0
2018-11-05,risk_off,0.027,4,146,1.0,0.0,0.0,0.5,0.35,0.15,0.0
2018-11-06,risk_off,0.027,4,146,1.0,0.0,0.0,0.5,0.35,0.15,0.0
2018-11-07,risk_off,0.027,4,146,1.0,0.0,0.0,0.5,0.35,0.15,0.0
2018-11-08,neutral,0.993,145,146,0.3474,0.1911,0.0868,0.0695,0.0,0.0,0.6526
2018-11-09,neutral,0.753,110,146,0.3474,0.1911,0.0868,0.0695,0.0,0.0,0.6526
2018-11-12,risk_off,0.753,110,146,1.0,0.0,0.0,0.5,0.35,0.15,0.0
2018-11-13,risk_off,0.747,109,146,1.0,0.0,0.0,0.5,0.35,0.15,0.0
2018-11-14,risk_off,0.747,109,146,1.0,0.0,0.0,0.5,0.35,0.15,0.0
2018-11-15,risk_off,0.74,108,146,1.0,0.0,0.0,0.5,0.35,0.15,0.0
2018-11-16,risk_off,0.007,1,146,1.0,0.0,0.0,0.5,0.35,0.15,0.0
2018-11-19,risk_off,1.0,146,146,1.0,0.0,0.0,0.5,0.35,0.15,0.0
2018-11-20,risk_off,1.0,146,146,1.0,0.0,0.0,0.5,0.35,0.15,0.0
2018-11-21,risk_off,0.411,60,146,1.0,0.0,0.0,0.5,0.35,0.15,0.0
2018-11-23,risk_off,0.055,8,146,1.0,0.0,0.0,0.5,0.35,0.15,0.0
2018-11-26,risk_off,0.041,6,146,1.0,0.0,0.0,0.5,0.35,0.15,0.0
2018-11-27,risk_off,0.034,5,146,1.0,0.0,0.0,0.5,0.35,0.15,0.0
2018-11-28,risk_off,0.027,4,146,1.0,0.0,0.0,0.5,0.35,0.15,0.0
2018-11-29,risk_off,0.0,0,146,1.0,0.0,0.0,0.5,0.35,0.15,0.0
2018-11-30,risk_off,0.0,0,146,1.0,0.0,0.0,0.5,0.35,0.15,0.0
2018-12-03,risk_off,0.356,52,146,1.0,0.0,0.0,0.5,0.35,0.15,0.0
2018-12-04,risk_off,0.342,50,146,1.0,0.0,0.0,0.5,0.35,0.15,0.0
2018-12-06,risk_off,0.336,49,146,1.0,0.0,0.0,0.5,0.35,0.15,0.0
2018-12-07,risk_off,0.0,0,146,1.0,0.0,0.0,0.5,0.35,0.15,0.0
2018-12-10,risk_off,0.007,1,146,1.0,0.0,0.0,0.5,0.35,0.15,0.0
2018-12-11,risk_off,0.986,144,146,1.0,0.0,0.0,0.5,0.35,0.15,0.0
2018-12-12,risk_off,0.979,143,146,1.0,0.0,0.0,0.5,0.35,0.15,0.0
2018-12-13,risk_off,1.0,146,146,1.0,0.0,0.0,0.5,0.35,0.15,0.0
2018-12-14,risk_off,1.0,146,146,1.0,0.0,0.0,0.5,0.35,0.15,0.0
2018-12-17,risk_off,1.0,146,146,1.0,0.0,0.0,0.5,0.35,0.15,0.0
2018-12-18,risk_off,1.0,146,146,1.0,0.0,0.0,0.5,0.35,0.15,0.0
2018-12-19,risk_off,1.0,146,146,1.0,0.0,0.0,0.5,0.35,0.15,0.0
2018-12-20,risk_off,1.0,146,146,1.0,0.0,0.0,0.5,0.35,0.15,0.0
2018-12-21,risk_off,1.0,146,146,1.0,0.0,0.0,0.5,0.35,0.15,0.0
2018-12-24,risk_off,1.0,146,146,1.0,0.0,0.0,0.5,0.35,0.15,0.0
2018-12-26,risk_off,1.0,146,146,1.0,0.0,0.0,0.5,0.35,0.15,0.0
2018-12-27,risk_off,0.986,144,146,1.0,0.0,0.0,0.5,0.35,0.15,0.0
2018-12-28,risk_off,1.0,146,146,1.0,0.0,0.0,0.5,0.35,0.15,0.0
2018-12-31,risk_off,1.0,146,146,1.0,0.0,0.0,0.5,0.35,0.15,0.0
2019-01-02,risk_off,1.0,146,146,1.0,0.0,0.0,0.5,0.35,0.15,0.0
2019-01-03,risk_off,1.0,146,146,1.0,0.0,0.0,0.5,0.35,0.15,0.0
2019-01-04,risk_off,1.0,146,146,1.0,0.0,0.0,0.5,0.35,0.15,0.0
2019-01-07,risk_off,0.233,34,146,1.0,0.0,0.0,0.5,0.35,0.15,0.0
2019-01-08,risk_off,0.993,145,146,1.0,0.0,0.0,0.5,0.35,0.15,0.0
2019-01-09,risk_off,0.993,145,146,1.0,0.0,0.0,0.5,0.35,0.15,0.0
2019-01-10,risk_off,0.062,9,146,1.0,0.0,0.0,0.5,0.35,0.15,0.0
2019-01-11,risk_off,0.027,4,146,1.0,0.0,0.0,0.5,0.35,0.15,0.0
2019-01-14,risk_off,0.027,4,146,1.0,0.0,0.0,0.5,0.35,0.15,0.0
2019-01-15,risk_off,0.021,3,146,1.0,0.0,0.0,0.5,0.35,0.15,0.0
2019-01-16,risk_off,1.0,146,146,1.0,0.0,0.0,0.5,0.35,0.15,0.0
2019-01-17,risk_off,0.788,115,146,1.0,0.0,0.0,0.5,0.35,0.15,0.0
2019-01-18,risk_off,0.788,115,146,1.0,0.0,0.0,0.5,0.35,0.15,0.0
2019-01-22,risk_off,0.774,113,146,1.0,0.0,0.0,0.5,0.35,0.15,0.0
2019-01-23,risk_off,0.0,0,146,1.0,0.0,0.0,0.5,0.35,0.15,0.0
2019-01-24,risk_off,0.753,110,146,1.0,0.0,0.0,0.5,0.35,0.15,0.0
2019-01-25,risk_off,0.74,108,146,1.0,0.0,0.0,0.5,0.35,0.15,0.0
2019-01-28,risk_off,0.014,2,146,1.0,0.0,0.0,0.5,0.35,0.15,0.0
2019-01-29,risk_off,1.0,146,146,1.0,0.0,0.0,0.5,0.35,0.15,0.0
2019-01-30,risk_off,0.034,5,146,1.0,0.0,0.0,0.5,0.35,0.15,0.0
2019-01-31,risk_off,0.034,5,146,1.0,0.0,0.0,0.5,0.35,0.15,0.0
2019-02-01,risk_off,1.0,146,146,1.0,0.0,0.0,0.5,0.35,0.15,0.0
2019-02-04,risk_off,0.007,1,146,1.0,0.0,0.0,0.5,0.35,0.15,0.0
2019-02-05,risk_off,0.0,0,146,1.0,0.0,0.0,0.5,0.35,0.15,0.0
2019-02-06,risk_off,0.26,38,146,1.0,0.0,0.0,0.5,0.35,0.15,0.0
2019-02-07,risk_off,1.0,146,146,1.0,0.0,0.0,0.5,0.35,0.15,0.0
2019-02-08,risk_off,0.185,27,146,1.0,0.0,0.0,0.5,0.35,0.15,0.0
2019-02-11,risk_off,0.308,45,146,1.0,0.0,0.0,0.5,0.35,0.15,0.0
2019-02-12,risk_off,0.329,48,146,1.0,0.0,0.0,0.5,0.35,0.15,0.0
2019-02-13,risk_off,0.493,72,146,1.0,0.0,0.0,0.5,0.35,0.15,0.0
2019-02-14,risk_off,0.445,65,146,1.0,0.0,0.0,0.5,0.35,0.15,0.0
2019-02-15,risk_off,0.404,59,146,1.0,0.0,0.0,0.5,0.35,0.15,0.0
2019-02-19,risk_off,0.247,36,146,1.0,0.0,0.0,0.5,0.35,0.15,0.0
2019-02-20,risk_on,0.596,87,146,0.9737,0.3895,0.5842,0.0,0.0,0.0,0.0263
2019-02-21,risk_on,0.13,19,146,0.9737,0.3895,0.5842,0.0,0.0,0.0,0.0263
2019-02-22,risk_on,0.096,14,146,0.9737,0.3895,0.5842,0.0,0.0,0.0,0.0263
2019-02-25,risk_on,0.116,17,146,0.9737,0.3895,0.5842,0.0,0.0,0.0,0.0263
2019-02-26,risk_on,0.116,17,146,0.9737,0.3895,0.5842,0.0,0.0,0.0,0.0263
2019-02-27,risk_on,0.911,133,146,1.1098,0.4439,0.6659,0.0,0.0,0.0,0.0
2019-02-28,risk_off,0.027,4,146,1.0,0.0,0.0,0.5,0.35,0.15,0.0
2019-03-01,risk_off,0.021,3,146,1.0,0.0,0.0,0.5,0.35,0.15,0.0
2019-03-04,risk_off,0.021,3,146,1.0,0.0,0.0,0.5,0.35,0.15,0.0
2019-03-05,risk_off,0.021,3,146,1.0,0.0,0.0,0.5,0.35,0.15,0.0
2019-03-06,risk_off,0.0,0,146,1.0,0.0,0.0,0.5,0.35,0.15,0.0
2019-03-07,risk_off,0.0,0,146,1.0,0.0,0.0,0.5,0.35,0.15,0.0
2019-03-08,risk_off,0.0,0,146,1.0,0.0,0.0,0.5,0.35,0.15,0.0
2019-03-11,risk_off,0.0,0,146,1.0,0.0,0.0,0.5,0.35,0.15,0.0
2019-03-12,risk_off,0.0,0,146,1.0,0.0,0.0,0.5,0.35,0.15,0.0
2019-03-13,risk_off,0.0,0,146,1.0,0.0,0.0,0.5,0.35,0.15,0.0
2019-03-14,risk_off,0.0,0,146,1.0,0.0,0.0,0.5,0.35,0.15,0.0
2019-03-15,risk_off,0.034,5,146,1.0,0.0,0.0,0.5,0.35,0.15,0.0
2019-03-18,risk_off,0.0,0,146,1.0,0.0,0.0,0.5,0.35,0.15,0.0
2019-03-19,risk_off,0.034,5,146,1.0,0.0,0.0,0.5,0.35,0.15,0.0
2019-03-20,risk_off,0.0,0,147,1.0,0.0,0.0,0.5,0.35,0.15,0.0
2019-03-21,risk_off,0.0,0,147,1.0,0.0,0.0,0.5,0.35,0.15,0.0
2019-03-22,risk_off,0.0,0,147,1.0,0.0,0.0,0.5,0.35,0.15,0.0
2019-03-25,risk_off,0.0,0,147,1.0,0.0,0.0,0.5,0.35,0.15,0.0
2019-03-26,risk_off,0.0,0,147,1.0,0.0,0.0,0.5,0.35,0.15,0.0
2019-03-27,risk_on,0.98,144,147,1.0182,0.4073,0.6109,0.0,0.0,0.0,0.0
2019-03-28,risk_on,0.143,21,147,1.0182,0.4073,0.6109,0.0,0.0,0.0,0.0
2019-03-29,risk_on,0.19,28,147,1.0182,0.4073,0.6109,0.0,0.0,0.0,0.0
2019-04-01,risk_on,0.204,30,147,1.0182,0.4073,0.6109,0.0,0.0,0.0,0.0
2019-04-02,risk_on,0.381,56,147,1.0182,0.4073,0.6109,0.0,0.0,0.0,0.0
2019-04-03,risk_on,0.388,57,147,1.0182,0.4073,0.6109,0.0,0.0,0.0,0.0
2019-04-04,risk_off,0.177,26,147,1.0,0.0,0.0,0.5,0.35,0.15,0.0
2019-04-05,risk_off,0.728,107,147,1.0,0.0,0.0,0.5,0.35,0.15,0.0
2019-04-08,risk_off,0.143,21,147,1.0,0.0,0.0,0.5,0.35,0.15,0.0
2019-04-09,risk_off,0.075,11,147,1.0,0.0,0.0,0.5,0.35,0.15,0.0
2019-04-10,risk_off,0.075,11,147,1.0,0.0,0.0,0.5,0.35,0.15,0.0
2019-04-11,risk_off,0.061,9,147,1.0,0.0,0.0,0.5,0.35,0.15,0.0
2019-04-12,risk_off,0.068,10,147,1.0,0.0,0.0,0.5,0.35,0.15,0.0
2019-04-15,risk_off,0.054,8,147,1.0,0.0,0.0,0.5,0.35,0.15,0.0
2019-04-16,risk_off,0.15,22,147,1.0,0.0,0.0,0.5,0.35,0.15,0.0
2019-04-17,risk_off,0.122,18,147,1.0,0.0,0.0,0.5,0.35,0.15,0.0
2019-04-18,risk_off,0.102,15,147,1.0,0.0,0.0,0.5,0.35,0.15,0.0
2019-04-22,risk_on,0.551,81,147,1.25,0.5,0.75,0.0,0.0,0.0,0.0
2019-04-23,risk_on,0.007,1,147,1.25,0.5,0.75,0.0,0.0,0.0,0.0
2019-04-24,risk_on,0.014,2,147,1.25,0.5,0.75,0.0,0.0,0.0,0.0
2019-04-25,risk_on,0.007,1,147,1.25,0.5,0.75,0.0,0.0,0.0,0.0
2019-04-26,risk_on,0.054,8,147,1.25,0.5,0.75,0.0,0.0,0.0,0.0
2019-04-29,risk_on,0.748,110,147,1.25,0.5,0.75,0.0,0.0,0.0,0.0
2019-04-30,risk_on,0.762,112,147,1.25,0.5,0.75,0.0,0.0,0.0,0.0
2019-05-01,risk_off,0.0,0,147,1.0,0.0,0.0,0.5,0.35,0.15,0.0
2019-05-02,risk_off,0.925,136,147,1.0,0.0,0.0,0.5,0.35,0.15,0.0
2019-05-03,risk_off,0.524,77,147,1.0,0.0,0.0,0.5,0.35,0.15,0.0
2019-05-06,risk_off,0.728,107,147,1.0,0.0,0.0,0.5,0.35,0.15,0.0
2019-05-07,risk_off,0.741,109,147,1.0,0.0,0.0,0.5,0.35,0.15,0.0
2019-05-08,risk_off,0.83,122,147,1.0,0.0,0.0,0.5,0.35,0.15,0.0
2019-05-09,risk_off,0.129,19,147,1.0,0.0,0.0,0.5,0.35,0.15,0.0
2019-05-10,risk_on,0.762,112,147,1.25,0.5,0.75,0.0,0.0,0.0,0.0
2019-05-13,risk_on,1.0,147,147,0.8876,0.355,0.5326,0.0,0.0,0.0,0.1124
2019-05-14,risk_on,1.0,147,147,0.8876,0.355,0.5326,0.0,0.0,0.0,0.1124
2019-05-15,risk_on,0.898,132,147,0.8876,0.355,0.5326,0.0,0.0,0.0,0.1124
2019-05-16,risk_on,0.789,116,147,0.8876,0.355,0.5326,0.0,0.0,0.0,0.1124
2019-05-17,risk_on,0.81,119,147,0.8876,0.355,0.5326,0.0,0.0,0.0,0.1124
2019-05-20,risk_on,1.0,147,147,0.7626,0.305,0.4575,0.0,0.0,0.0,0.2374
2019-05-21,risk_on,0.986,145,147,0.7626,0.305,0.4575,0.0,0.0,0.0,0.2374
2019-05-22,risk_on,0.986,145,147,0.7626,0.305,0.4575,0.0,0.0,0.0,0.2374
2019-05-23,risk_off,0.075,11,147,1.0,0.0,0.0,0.5,0.35,0.15,0.0
2019-05-24,risk_off,0.095,14,147,1.0,0.0,0.0,0.5,0.35,0.15,0.0
2019-05-28,risk_off,0.0,0,147,1.0,0.0,0.0,0.5,0.35,0.15,0.0
2019-05-29,risk_off,0.0,0,147,1.0,0.0,0.0,0.5,0.35,0.15,0.0
2019-05-30,risk_off,1.0,147,147,1.0,0.0,0.0,0.5,0.35,0.15,0.0
2019-05-31,risk_off,0.837,123,147,1.0,0.0,0.0,0.5,0.35,0.15,0.0
2019-06-03,risk_off,0.796,117,147,1.0,0.0,0.0,0.5,0.35,0.15,0.0
2019-06-04,neutral,0.755,111,147,0.5143,0.2829,0.1286,0.1029,0.0,0.0,0.4857
2019-06-05,neutral,0.599,88,147,0.5143,0.2829,0.1286,0.1029,0.0,0.0,0.4857
2019-06-06,neutral,0.667,98,147,0.5143,0.2829,0.1286,0.1029,0.0,0.0,0.4857
2019-06-07,neutral,0.503,74,147,0.5143,0.2829,0.1286,0.1029,0.0,0.0,0.4857
2019-06-10,neutral,0.653,96,147,0.5143,0.2829,0.1286,0.1029,0.0,0.0,0.4857
2019-06-11,neutral,0.381,56,147,0.5143,0.2829,0.1286,0.1029,0.0,0.0,0.4857
2019-06-12,risk_off,0.218,32,147,1.0,0.0,0.0,0.5,0.35,0.15,0.0
2019-06-13,risk_off,0.238,35,147,1.0,0.0,0.0,0.5,0.35,0.15,0.0
2019-06-14,risk_off,0.408,60,147,1.0,0.0,0.0,0.5,0.35,0.15,0.0
2019-06-17,risk_off,0.061,9,147,1.0,0.0,0.0,0.5,0.35,0.15,0.0
2019-06-18,risk_off,0.0,0,147,1.0,0.0,0.0,0.5,0.35,0.15,0.0
2019-06-19,risk_off,0.116,17,147,1.0,0.0,0.0,0.5,0.35,0.15,0.0
2019-06-20,risk_on,0.83,122,147,0.7737,0.3095,0.4642,0.0,0.0,0.0,0.2263
2019-06-21,risk_on,0.0,0,147,0.7737,0.3095,0.4642,0.0,0.0,0.0,0.2263
2019-06-24,risk_on,0.0,0,147,0.7737,0.3095,0.4642,0.0,0.0,0.0,0.2263
2019-06-25,risk_on,0.0,0,147,0.7737,0.3095,0.4642,0.0,0.0,0.0,0.2263
2019-06-26,risk_on,0.0,0,147,0.7737,0.3095,0.4642,0.0,0.0,0.0,0.2263
2019-06-27,risk_on,0.095,14,147,0.7737,0.3095,0.4642,0.0,0.0,0.0,0.2263
2019-06-28,risk_on,0.694,102,147,0.7737,0.3095,0.4642,0.0,0.0,0.0,0.2263
2019-07-01,risk_off,0.279,41,147,1.0,0.0,0.0,0.5,0.35,0.15,0.0
2019-07-02,risk_off,0.259,38,147,1.0,0.0,0.0,0.5,0.35,0.15,0.0
2019-07-03,risk_off,0.245,36,147,1.0,0.0,0.0,0.5,0.35,0.15,0.0
2019-07-05,risk_off,0.327,48,147,1.0,0.0,0.0,0.5,0.35,0.15,0.0
2019-07-08,risk_off,0.252,37,147,1.0,0.0,0.0,0.5,0.35,0.15,0.0
2019-07-09,risk_off,0.265,39,147,1.0,0.0,0.0,0.5,0.35,0.15,0.0
2019-07-10,risk_off,0.048,7,147,1.0,0.0,0.0,0.5,0.35,0.15,0.0
2019-07-11,risk_off,0.0,0,147,1.0,0.0,0.0,0.5,0.35,0.15,0.0
2019-07-12,risk_off,0.0,0,147,1.0,0.0,0.0,0.5,0.35,0.15,0.0
2019-07-15,risk_off,0.0,0,147,1.0,0.0,0.0,0.5,0.35,0.15,0.0
2019-07-16,risk_off,0.0,0,147,1.0,0.0,0.0,0.5,0.35,0.15,0.0
2019-07-17,risk_off,0.0,0,147,1.0,0.0,0.0,0.5,0.35,0.15,0.0
2019-07-18,risk_off,0.0,0,147,1.0,0.0,0.0,0.5,0.35,0.15,0.0
2019-07-19,risk_off,0.0,0,147,1.0,0.0,0.0,0.5,0.35,0.15,0.0
2019-07-22,risk_off,0.007,1,147,1.0,0.0,0.0,0.5,0.35,0.15,0.0
2019-07-23,risk_off,0.007,1,147,1.0,0.0,0.0,0.5,0.35,0.15,0.0
2019-07-24,risk_off,0.061,9,147,1.0,0.0,0.0,0.5,0.35,0.15,0.0
2019-07-25,risk_off,0.054,8,147,1.0,0.0,0.0,0.5,0.35,0.15,0.0
2019-07-26,risk_off,0.082,12,147,1.0,0.0,0.0,0.5,0.35,0.15,0.0
2019-07-29,risk_off,0.068,10,147,1.0,0.0,0.0,0.5,0.35,0.15,0.0
2019-07-30,risk_off,0.068,10,147,1.0,0.0,0.0,0.5,0.35,0.15,0.0
2019-07-31,risk_off,0.068,10,147,1.0,0.0,0.0,0.5,0.35,0.15,0.0
2019-08-01,risk_off,0.15,22,147,1.0,0.0,0.0,0.5,0.35,0.15,0.0
2019-08-02,risk_on,1.0,147,147,1.2308,0.4923,0.7385,0.0,0.0,0.0,0.0
2019-08-05,risk_on,0.891,131,147,0.8731,0.3492,0.5239,0.0,0.0,0.0,0.1269
2019-08-06,risk_on,1.0,147,147,0.8731,0.3492,0.5239,0.0,0.0,0.0,0.1269
2019-08-07,risk_on,0.721,106,147,0.8731,0.3492,0.5239,0.0,0.0,0.0,0.1269
2019-08-08,risk_on,0.714,105,147,0.7661,0.3064,0.4597,0.0,0.0,0.0,0.2339
2019-08-09,risk_on,0.102,15,147,0.7661,0.3064,0.4597,0.0,0.0,0.0,0.2339
2019-08-12,risk_off,0.102,15,147,1.0,0.0,0.0,0.5,0.35,0.15,0.0
2019-08-13,risk_off,0.007,1,147,1.0,0.0,0.0,0.5,0.35,0.15,0.0
2019-08-14,risk_off,0.034,5,147,1.0,0.0,0.0,0.5,0.35,0.15,0.0
2019-08-15,risk_off,0.034,5,147,1.0,0.0,0.0,0.5,0.35,0.15,0.0
2019-08-16,risk_off,0.0,0,147,1.0,0.0,0.0,0.5,0.35,0.15,0.0
2019-08-19,risk_off,0.007,1,147,1.0,0.0,0.0,0.5,0.35,0.15,0.0
2019-08-20,risk_off,0.048,7,147,1.0,0.0,0.0,0.5,0.35,0.15,0.0
2019-08-21,neutral,1.0,147,147,0.4756,0.2616,0.1189,0.0951,0.0,0.0,0.5244
2019-08-22,neutral,0.83,122,147,0.4756,0.2616,0.1189,0.0951,0.0,0.0,0.5244
2019-08-23,neutral,1.0,147,147,0.4756,0.2616,0.1189,0.0951,0.0,0.0,0.5244
2019-08-26,neutral,0.014,2,147,0.4756,0.2616,0.1189,0.0951,0.0,0.0,0.5244
2019-08-27,neutral,0.034,5,147,0.4756,0.2616,0.1189,0.0951,0.0,0.0,0.5244
2019-08-28,neutral,1.0,147,147,0.4756,0.2616,0.1189,0.0951,0.0,0.0,0.5244
2019-08-29,neutral,1.0,147,147,0.4756,0.2616,0.1189,0.0951,0.0,0.0,0.5244
2019-08-30,risk_off,0.0,0,147,1.0,0.0,0.0,0.5,0.35,0.15,0.0
2019-09-03,risk_off,0.823,121,147,1.0,0.0,0.0,0.5,0.35,0.15,0.0
2019-09-04,risk_off,0.68,100,147,1.0,0.0,0.0,0.5,0.35,0.15,0.0
2019-09-05,risk_off,0.605,89,147,1.0,0.0,0.0,0.5,0.35,0.15,0.0
2019-09-06,risk_off,0.109,16,147,1.0,0.0,0.0,0.5,0.35,0.15,0.0
2019-09-09,risk_off,0.728,107,147,1.0,0.0,0.0,0.5,0.35,0.15,0.0
2019-09-10,neutral,0.748,110,147,0.514,0.2827,0.1285,0.1028,0.0,0.0,0.486
2019-09-11,neutral,0.667,98,147,0.514,0.2827,0.1285,0.1028,0.0,0.0,0.486
2019-09-12,neutral,0.728,107,147,0.6293,0.3461,0.1573,0.1259,0.0,0.0,0.3707
2019-09-13,neutral,0.884,130,147,0.6293,0.3461,0.1573,0.1259,0.0,0.0,0.3707
2019-09-16,neutral,0.007,1,147,0.6293,0.3461,0.1573,0.1259,0.0,0.0,0.3707
2019-09-17,neutral,0.823,121,147,0.6293,0.3461,0.1573,0.1259,0.0,0.0,0.3707
2019-09-18,risk_on,0.857,126,147,0.851,0.3404,0.5106,0.0,0.0,0.0,0.149
2019-09-19,risk_on,0.905,133,147,0.851,0.3404,0.5106,0.0,0.0,0.0,0.149
2019-09-20,risk_on,0.007,1,147,0.851,0.3404,0.5106,0.0,0.0,0.0,0.149
2019-09-23,risk_on,0.918,135,147,1.1433,0.4573,0.686,0.0,0.0,0.0,0.0
2019-09-24,risk_on,0.905,133,147,1.1433,0.4573,0.686,0.0,0.0,0.0,0.0
2019-09-25,risk_on,0.898,132,147,1.1433,0.4573,0.686,0.0,0.0,0.0,0.0
2019-09-26,risk_on,0.898,132,147,1.1433,0.4573,0.686,0.0,0.0,0.0,0.0
2019-09-27,risk_on,0.891,131,147,1.1433,0.4573,0.686,0.0,0.0,0.0,0.0
2019-09-30,risk_off,0.0,0,147,1.0,0.0,0.0,0.5,0.35,0.15,0.0
2019-10-01,risk_off,1.0,147,147,1.0,0.0,0.0,0.5,0.35,0.15,0.0
2019-10-02,risk_off,0.122,18,147,1.0,0.0,0.0,0.5,0.35,0.15,0.0
2019-10-03,risk_off,0.116,17,147,1.0,0.0,0.0,0.5,0.35,0.15,0.0
2019-10-04,risk_off,0.109,16,147,1.0,0.0,0.0,0.5,0.35,0.15,0.0
2019-10-07,risk_off,0.02,3,147,1.0,0.0,0.0,0.5,0.35,0.15,0.0
2019-10-08,risk_off,0.02,3,147,1.0,0.0,0.0,0.5,0.35,0.15,0.0
2019-10-09,risk_off,0.007,1,147,1.0,0.0,0.0,0.5,0.35,0.15,0.0
2019-10-10,risk_off,0.007,1,147,1.0,0.0,0.0,0.5,0.35,0.15,0.0
2019-10-11,risk_on,0.993,146,147,0.9276,0.371,0.5565,0.0,0.0,0.0,0.0724
2019-10-14,risk_on,1.0,147,147,0.9276,0.371,0.5565,0.0,0.0,0.0,0.0724
2019-10-15,risk_on,0.02,3,147,0.9276,0.371,0.5565,0.0,0.0,0.0,0.0724
2019-10-16,risk_on,0.027,4,147,0.9276,0.371,0.5565,0.0,0.0,0.0,0.0724
2019-10-17,risk_on,0.034,5,147,0.9276,0.371,0.5565,0.0,0.0,0.0,0.0724
2019-10-18,risk_on,0.156,23,147,0.9276,0.371,0.5565,0.0,0.0,0.0,0.0724
2019-10-21,risk_off,0.0,0,147,1.0,0.0,0.0,0.5,0.35,0.15,0.0
2019-10-22,risk_off,0.687,101,147,1.0,0.0,0.0,0.5,0.35,0.15,0.0
2019-10-23,risk_off,0.694,102,147,1.0,0.0,0.0,0.5,0.35,0.15,0.0
2019-10-24,risk_off,0.0,0,147,1.0,0.0,0.0,0.5,0.35,0.15,0.0
2019-10-25,risk_off,0.878,129,147,1.0,0.0,0.0,0.5,0.35,0.15,0.0
2019-10-28,risk_off,0.878,129,147,1.0,0.0,0.0,0.5,0.35,0.15,0.0
2019-10-29,risk_on,0.83,122,147,0.9689,0.3876,0.5813,0.0,0.0,0.0,0.0311
2019-10-30,risk_on,0.857,126,147,1.0978,0.4391,0.6587,0.0,0.0,0.0,0.0
2019-10-31,risk_on,0.878,129,147,1.0978,0.4391,0.6587,0.0,0.0,0.0,0.0
2019-11-01,risk_on,0.864,127,147,1.0978,0.4391,0.6587,0.0,0.0,0.0,0.0
2019-11-04,risk_on,0.864,127,147,1.0978,0.4391,0.6587,0.0,0.0,0.0,0.0
2019-11-05,risk_on,0.973,143,147,1.25,0.5,0.75,0.0,0.0,0.0,0.0
2019-11-06,risk_off,0.0,0,147,1.0,0.0,0.0,0.5,0.35,0.15,0.0
2019-11-07,risk_off,0.864,127,147,1.0,0.0,0.0,0.5,0.35,0.15,0.0
2019-11-08,risk_off,0.864,127,147,1.0,0.0,0.0,0.5,0.35,0.15,0.0
2019-11-11,risk_off,0.925,136,147,1.0,0.0,0.0,0.5,0.35,0.15,0.0
2019-11-12,risk_off,0.946,139,147,1.0,0.0,0.0,0.5,0.35,0.15,0.0
2019-11-13,risk_off,0.966,142,147,1.0,0.0,0.0,0.5,0.35,0.15,0.0
2019-11-14,risk_off,0.0,0,147,1.0,0.0,0.0,0.5,0.35,0.15,0.0
2019-11-15,risk_off,0.0,0,147,1.0,0.0,0.0,0.5,0.35,0.15,0.0
2019-11-18,risk_off,0.116,17,147,1.0,0.0,0.0,0.5,0.35,0.15,0.0
2019-11-19,risk_off,0.156,23,147,1.0,0.0,0.0,0.5,0.35,0.15,0.0
2019-11-20,risk_off,0.0,0,147,1.0,0.0,0.0,0.5,0.35,0.15,0.0
2019-11-21,risk_off,0.122,18,147,1.0,0.0,0.0,0.5,0.35,0.15,0.0
2019-11-22,risk_off,0.0,0,147,1.0,0.0,0.0,0.5,0.35,0.15,0.0
2019-11-25,risk_off,0.0,0,147,1.0,0.0,0.0,0.5,0.35,0.15,0.0
2019-11-26,risk_on,0.844,124,147,1.25,0.5,0.75,0.0,0.0,0.0,0.0
2019-11-27,risk_on,0.0,0,147,1.25,0.5,0.75,0.0,0.0,0.0,0.0
2019-11-29,risk_on,0.007,1,147,1.25,0.5,0.75,0.0,0.0,0.0,0.0
2019-12-02,risk_on,0.007,1,147,1.25,0.5,0.75,0.0,0.0,0.0,0.0
2019-12-03,risk_on,0.925,136,147,1.25,0.5,0.75,0.0,0.0,0.0,0.0
2019-12-04,risk_on,0.864,127,147,1.25,0.5,0.75,0.0,0.0,0.0,0.0
2019-12-05,risk_on,0.864,127,147,1.25,0.5,0.75,0.0,0.0,0.0,0.0
2019-12-06,risk_off,0.007,1,147,1.0,0.0,0.0,0.5,0.35,0.15,0.0
2019-12-09,risk_off,0.007,1,147,1.0,0.0,0.0,0.5,0.35,0.15,0.0
2019-12-10,risk_off,0.0,0,147,1.0,0.0,0.0,0.5,0.35,0.15,0.0
2019-12-11,risk_off,0.0,0,147,1.0,0.0,0.0,0.5,0.35,0.15,0.0
2019-12-12,risk_off,0.0,0,147,1.0,0.0,0.0,0.5,0.35,0.15,0.0
2019-12-13,risk_off,0.973,143,147,1.0,0.0,0.0,0.5,0.35,0.15,0.0
2019-12-16,risk_on,0.973,143,147,1.25,0.5,0.75,0.0,0.0,0.0,0.0
2019-12-17,risk_on,0.136,20,147,1.25,0.5,0.75,0.0,0.0,0.0,0.0
2019-12-18,risk_on,0.0,0,147,1.25,0.5,0.75,0.0,0.0,0.0,0.0
2019-12-19,risk_on,0.952,140,147,1.25,0.5,0.75,0.0,0.0,0.0,0.0
2019-12-20,risk_on,0.837,123,147,1.25,0.5,0.75,0.0,0.0,0.0,0.0
2019-12-23,risk_on,0.857,126,147,1.25,0.5,0.75,0.0,0.0,0.0,0.0
2019-12-24,risk_off,0.007,1,147,1.0,0.0,0.0,0.5,0.35,0.15,0.0
2019-12-26,risk_off,0.497,73,147,1.0,0.0,0.0,0.5,0.35,0.15,0.0
2019-12-27,risk_off,0.483,71,147,1.0,0.0,0.0,0.5,0.35,0.15,0.0
2019-12-30,risk_off,0.333,49,147,1.0,0.0,0.0,0.5,0.35,0.15,0.0
2019-12-31,risk_off,0.231,34,147,1.0,0.0,0.0,0.5,0.35,0.15,0.0
2020-01-02,risk_off,0.503,74,147,1.0,0.0,0.0,0.5,0.35,0.15,0.0
2020-01-03,risk_on,0.986,145,147,1.25,0.5,0.75,0.0,0.0,0.0,0.0
2020-01-06,risk_on,0.98,144,147,1.25,0.5,0.75,0.0,0.0,0.0,0.0
2020-01-07,risk_on,0.143,21,147,1.25,0.5,0.75,0.0,0.0,0.0,0.0
2020-01-08,risk_on,0.0,0,147,1.25,0.5,0.75,0.0,0.0,0.0,0.0
2020-01-09,risk_on,0.0,0,147,1.25,0.5,0.75,0.0,0.0,0.0,0.0
2020-01-10,risk_on,0.0,0,147,1.25,0.5,0.75,0.0,0.0,0.0,0.0
2020-01-13,risk_off,0.027,4,147,1.0,0.0,0.0,0.5,0.35,0.15,0.0
2020-01-14,risk_off,0.034,5,147,1.0,0.0,0.0,0.5,0.35,0.15,0.0
2020-01-15,risk_off,0.027,4,147,1.0,0.0,0.0,0.5,0.35,0.15,0.0
2020-01-16,risk_off,0.0,0,147,1.0,0.0,0.0,0.5,0.35,0.15,0.0
2020-01-17,risk_off,0.0,0,147,1.0,0.0,0.0,0.5,0.35,0.15,0.0
2020-01-21,risk_off,0.0,0,147,1.0,0.0,0.0,0.5,0.35,0.15,0.0
2020-01-22,risk_on,0.952,140,147,1.25,0.5,0.75,0.0,0.0,0.0,0.0
2020-01-23,risk_on,0.946,139,147,1.25,0.5,0.75,0.0,0.0,0.0,0.0
2020-01-24,risk_on,0.0,0,147,1.25,0.5,0.75,0.0,0.0,0.0,0.0
2020-01-27,risk_on,0.0,0,147,1.123,0.4492,0.6738,0.0,0.0,0.0,0.0
2020-01-28,risk_on,1.0,147,147,1.123,0.4492,0.6738,0.0,0.0,0.0,0.0
2020-01-29,risk_on,1.0,147,147,1.123,0.4492,0.6738,0.0,0.0,0.0,0.0
2020-01-30,risk_on,1.0,147,147,1.123,0.4492,0.6738,0.0,0.0,0.0,0.0
2020-01-31,risk_on,1.0,147,147,1.123,0.4492,0.6738,0.0,0.0,0.0,0.0
2020-02-03,risk_off,0.007,1,147,1.0,0.0,0.0,0.5,0.35,0.15,0.0
2020-02-04,risk_off,1.0,147,147,1.0,0.0,0.0,0.5,0.35,0.15,0.0
2020-02-05,risk_off,0.007,1,147,1.0,0.0,0.0,0.5,0.35,0.15,0.0
2020-02-06,risk_off,0.007,1,147,1.0,0.0,0.0,0.5,0.35,0.15,0.0
2020-02-07,risk_off,0.007,1,147,1.0,0.0,0.0,0.5,0.35,0.15,0.0
2020-02-10,risk_off,0.286,42,147,1.0,0.0,0.0,0.5,0.35,0.15,0.0
2020-02-11,risk_off,0.374,55,147,1.0,0.0,0.0,0.5,0.35,0.15,0.0
2020-02-12,risk_off,0.102,15,147,1.0,0.0,0.0,0.5,0.35,0.15,0.0
2020-02-13,risk_on,0.578,85,147,0.9117,0.3647,0.547,0.0,0.0,0.0,0.0883
2020-02-14,risk_on,0.422,62,147,0.9117,0.3647,0.547,0.0,0.0,0.0,0.0883
2020-02-18,risk_on,0.871,128,147,0.9117,0.3647,0.547,0.0,0.0,0.0,0.0883
2020-02-19,risk_on,0.68,100,147,0.9117,0.3647,0.547,0.0,0.0,0.0,0.0883
2020-02-20,risk_on,0.673,99,147,0.9117,0.3647,0.547,0.0,0.0,0.0,0.0883
2020-02-21,risk_on,0.639,94,147,0.8047,0.3219,0.4828,0.0,0.0,0.0,0.1953
2020-02-24,risk_off,0.395,58,147,1.0,0.0,0.0,0.5,0.35,0.15,0.0
2020-02-25,risk_off,0.49,72,147,1.0,0.0,0.0,0.5,0.35,0.15,0.0
2020-02-26,risk_off,0.599,88,147,1.0,0.0,0.0,0.5,0.35,0.15,0.0
2020-02-27,risk_off,0.633,93,147,1.0,0.0,0.0,0.5,0.35,0.15,0.0
2020-02-28,risk_off,0.701,103,147,1.0,0.0,0.0,0.5,0.35,0.15,0.0
2020-03-02,risk_off,0.422,62,147,1.0,0.0,0.0,0.5,0.35,0.15,0.0
2020-03-03,risk_off,0.782,115,147,1.0,0.0,0.0,0.5,0.35,0.15,0.0
2020-03-04,neutral,0.789,116,147,0.3137,0.1726,0.0784,0.0627,0.0,0.0,0.6863
2020-03-05,risk_off,0.612,90,147,1.0,0.0,0.0,0.5,0.35,0.15,0.0
2020-03-06,risk_off,0.912,134,147,1.0,0.0,0.0,0.5,0.35,0.15,0.0
2020-03-09,risk_off,0.946,139,147,1.0,0.0,0.0,0.5,0.35,0.15,0.0
2020-03-10,risk_off,0.388,57,147,1.0,0.0,0.0,0.5,0.35,0.15,0.0
2020-03-11,risk_off,0.891,131,147,1.0,0.0,0.0,0.5,0.35,0.15,0.0
2020-03-12,risk_off,0.966,142,147,1.0,0.0,0.0,0.5,0.35,0.15,0.0
2020-03-13,risk_off,0.476,70,147,1.0,0.0,0.0,0.5,0.35,0.15,0.0
2020-03-16,risk_off,0.932,137,147,1.0,0.0,0.0,0.5,0.35,0.15,0.0
2020-03-17,risk_off,0.762,112,147,1.0,0.0,0.0,0.5,0.35,0.15,0.0
2020-03-18,risk_off,0.857,126,147,1.0,0.0,0.0,0.5,0.35,0.15,0.0
2020-03-19,risk_off,0.755,111,147,1.0,0.0,0.0,0.5,0.35,0.15,0.0
2020-03-20,risk_off,0.714,105,147,1.0,0.0,0.0,0.5,0.35,0.15,0.0
2020-03-23,risk_off,0.701,103,147,1.0,0.0,0.0,0.5,0.35,0.15,0.0
2020-03-24,risk_off,0.388,57,147,1.0,0.0,0.0,0.5,0.35,0.15,0.0
2020-03-25,risk_off,0.245,36,147,1.0,0.0,0.0,0.5,0.35,0.15,0.0
2020-03-26,risk_off,0.156,23,147,1.0,0.0,0.0,0.5,0.35,0.15,0.0
2020-03-27,risk_off,0.136,20,147,1.0,0.0,0.0,0.5,0.35,0.15,0.0
2020-03-30,risk_off,0.143,21,147,1.0,0.0,0.0,0.5,0.35,0.15,0.0
2020-03-31,risk_off,0.803,118,147,1.0,0.0,0.0,0.5,0.35,0.15,0.0
2020-04-01,risk_off,0.912,134,147,1.0,0.0,0.0,0.5,0.35,0.15,0.0
2020-04-02,risk_off,0.762,112,147,1.0,0.0,0.0,0.5,0.35,0.15,0.0
2020-04-03,risk_off,0.531,78,147,1.0,0.0,0.0,0.5,0.35,0.15,0.0
2020-04-06,risk_off,0.286,42,147,1.0,0.0,0.0,0.5,0.35,0.15,0.0
2020-04-07,risk_off,0.17,25,147,1.0,0.0,0.0,0.5,0.35,0.15,0.0
2020-04-08,risk_off,0.197,29,147,1.0,0.0,0.0,0.5,0.35,0.15,0.0
2020-04-09,risk_off,0.34,50,147,1.0,0.0,0.0,0.5,0.35,0.15,0.0
2020-04-13,risk_off,0.347,51,147,1.0,0.0,0.0,0.5,0.35,0.15,0.0
2020-04-14,risk_off,0.986,145,147,1.0,0.0,0.0,0.5,0.35,0.15,0.0
2020-04-15,risk_off,0.993,146,147,1.0,0.0,0.0,0.5,0.35,0.15,0.0
2020-04-16,risk_off,0.946,139,147,1.0,0.0,0.0,0.5,0.35,0.15,0.0
2020-04-17,risk_off,0.646,95,147,1.0,0.0,0.0,0.5,0.35,0.15,0.0
2020-04-20,risk_off,0.762,112,147,1.0,0.0,0.0,0.5,0.35,0.15,0.0
2020-04-21,risk_off,0.966,142,147,1.0,0.0,0.0,0.5,0.35,0.15,0.0
2020-04-22,risk_off,0.51,75,147,1.0,0.0,0.0,0.5,0.35,0.15,0.0
2020-04-23,risk_off,0.653,96,147,1.0,0.0,0.0,0.5,0.35,0.15,0.0
2020-04-24,risk_off,0.449,66,147,1.0,0.0,0.0,0.5,0.35,0.15,0.0
2020-04-27,risk_off,0.497,73,147,1.0,0.0,0.0,0.5,0.35,0.15,0.0
2020-04-28,risk_off,0.49,72,147,1.0,0.0,0.0,0.5,0.35,0.15,0.0
2020-04-29,risk_off,0.49,72,147,1.0,0.0,0.0,0.5,0.35,0.15,0.0
2020-04-30,risk_off,0.993,146,147,1.0,0.0,0.0,0.5,0.35,0.15,0.0
2020-05-01,risk_off,1.0,147,147,1.0,0.0,0.0,0.5,0.35,0.15,0.0
2020-05-04,risk_off,0.993,146,147,1.0,0.0,0.0,0.5,0.35,0.15,0.0
2020-05-05,risk_off,0.918,135,147,1.0,0.0,0.0,0.5,0.35,0.15,0.0
2020-05-06,risk_off,0.973,143,147,1.0,0.0,0.0,0.5,0.35,0.15,0.0
2020-05-07,risk_off,0.735,108,147,1.0,0.0,0.0,0.5,0.35,0.15,0.0
2020-05-08,risk_off,0.401,59,147,1.0,0.0,0.0,0.5,0.35,0.15,0.0
2020-05-11,risk_off,0.388,57,147,1.0,0.0,0.0,0.5,0.35,0.15,0.0
2020-05-12,risk_off,0.735,108,147,1.0,0.0,0.0,0.5,0.35,0.15,0.0
2020-05-13,risk_off,0.939,138,147,1.0,0.0,0.0,0.5,0.35,0.15,0.0
2020-05-14,risk_off,0.891,131,147,1.0,0.0,0.0,0.5,0.35,0.15,0.0
2020-05-15,risk_off,0.537,79,147,1.0,0.0,0.0,0.5,0.35,0.15,0.0
2020-05-18,risk_off,0.374,55,147,1.0,0.0,0.0,0.5,0.35,0.15,0.0
2020-05-19,risk_off,0.422,62,147,1.0,0.0,0.0,0.5,0.35,0.15,0.0
2020-05-20,risk_off,0.449,66,147,1.0,0.0,0.0,0.5,0.35,0.15,0.0
2020-05-21,risk_off,0.517,76,147,1.0,0.0,0.0,0.5,0.35,0.15,0.0
2020-05-22,risk_off,0.585,86,147,1.0,0.0,0.0,0.5,0.35,0.15,0.0
2020-05-26,neutral,0.918,135,147,0.4858,0.2672,0.1215,0.0972,0.0,0.0,0.5142
2020-05-27,neutral,0.531,78,147,0.4858,0.2672,0.1215,0.0972,0.0,0.0,0.5142
2020-05-28,neutral,0.905,133,147,0.5928,0.326,0.1482,0.1186,0.0,0.0,0.4072
2020-05-29,neutral,0.98,144,147,0.5928,0.326,0.1482,0.1186,0.0,0.0,0.4072
2020-06-01,neutral,0.932,137,147,0.706,0.3883,0.1765,0.1412,0.0,0.0,0.294
2020-06-02,neutral,0.81,119,147,0.706,0.3883,0.1765,0.1412,0.0,0.0,0.294
2020-06-03,risk_on,0.823,121,147,0.9017,0.3607,0.541,0.0,0.0,0.0,0.0983
2020-06-04,risk_on,0.333,49,147,0.9017,0.3607,0.541,0.0,0.0,0.0,0.0983
2020-06-05,risk_on,0.503,74,147,0.9017,0.3607,0.541,0.0,0.0,0.0,0.0983
2020-06-08,risk_on,0.483,71,147,0.9017,0.3607,0.541,0.0,0.0,0.0,0.0983
2020-06-09,risk_on,0.993,146,147,0.9017,0.3607,0.541,0.0,0.0,0.0,0.0983
2020-06-10,risk_on,0.993,146,147,0.9017,0.3607,0.541,0.0,0.0,0.0,0.0983
2020-06-11,neutral,0.966,142,147,0.5019,0.276,0.1255,0.1004,0.0,0.0,0.4981
2020-06-12,neutral,0.973,143,147,0.5019,0.276,0.1255,0.1004,0.0,0.0,0.4981
2020-06-15,neutral,0.558,82,147,0.5019,0.276,0.1255,0.1004,0.0,0.0,0.4981
2020-06-16,neutral,0.537,79,147,0.5019,0.276,0.1255,0.1004,0.0,0.0,0.4981
2020-06-17,neutral,0.395,58,147,0.5019,0.276,0.1255,0.1004,0.0,0.0,0.4981
2020-06-18,neutral,0.415,61,147,0.5019,0.276,0.1255,0.1004,0.0,0.0,0.4981
2020-06-19,neutral,0.66,97,147,0.5019,0.276,0.1255,0.1004,0.0,0.0,0.4981
2020-06-22,risk_off,0.374,55,147,1.0,0.0,0.0,0.5,0.35,0.15,0.0
2020-06-23,risk_off,0.51,75,147,1.0,0.0,0.0,0.5,0.35,0.15,0.0
2020-06-24,risk_off,0.918,135,147,1.0,0.0,0.0,0.5,0.35,0.15,0.0
2020-06-25,risk_off,0.265,39,147,1.0,0.0,0.0,0.5,0.35,0.15,0.0
2020-06-26,risk_off,0.714,105,147,1.0,0.0,0.0,0.5,0.35,0.15,0.0
2020-06-29,risk_off,0.238,35,147,1.0,0.0,0.0,0.5,0.35,0.15,0.0
2020-06-30,risk_off,0.299,44,147,1.0,0.0,0.0,0.5,0.35,0.15,0.0
2020-07-01,risk_off,0.429,63,147,1.0,0.0,0.0,0.5,0.35,0.15,0.0
2020-07-02,neutral,0.633,93,147,0.4517,0.2484,0.1129,0.0903,0.0,0.0,0.5483
2020-07-06,neutral,0.748,110,147,0.4517,0.2484,0.1129,0.0903,0.0,0.0,0.5483
2020-07-07,neutral,0.878,129,147,0.4517,0.2484,0.1129,0.0903,0.0,0.0,0.5483
2020-07-08,neutral,0.769,113,147,0.4517,0.2484,0.1129,0.0903,0.0,0.0,0.5483
2020-07-09,neutral,0.714,105,147,0.4517,0.2484,0.1129,0.0903,0.0,0.0,0.5483
2020-07-10,neutral,0.551,81,147,0.6372,0.3505,0.1593,0.1274,0.0,0.0,0.3628
2020-07-13,risk_off,0.401,59,147,1.0,0.0,0.0,0.5,0.35,0.15,0.0
2020-07-14,risk_off,0.293,43,147,1.0,0.0,0.0,0.5,0.35,0.15,0.0
2020-07-15,risk_off,0.367,54,147,1.0,0.0,0.0,0.5,0.35,0.15,0.0
2020-07-16,risk_off,0.415,61,147,1.0,0.0,0.0,0.5,0.35,0.15,0.0
2020-07-17,risk_off,0.449,66,147,1.0,0.0,0.0,0.5,0.35,0.15,0.0
2020-07-20,risk_off,0.912,134,147,1.0,0.0,0.0,0.5,0.35,0.15,0.0
2020-07-21,neutral,0.85,125,147,0.523,0.2876,0.1307,0.1046,0.0,0.0,0.477
2020-07-22,neutral,0.741,109,147,0.523,0.2876,0.1307,0.1046,0.0,0.0,0.477
2020-07-23,neutral,0.66,97,147,0.523,0.2876,0.1307,0.1046,0.0,0.0,0.477
2020-07-24,neutral,0.748,110,147,0.523,0.2876,0.1307,0.1046,0.0,0.0,0.477
2020-07-27,neutral,0.68,100,147,0.523,0.2876,0.1307,0.1046,0.0,0.0,0.477
2020-07-28,neutral,0.81,119,147,0.523,0.2876,0.1307,0.1046,0.0,0.0,0.477
2020-07-29,neutral,0.68,100,147,0.523,0.2876,0.1307,0.1046,0.0,0.0,0.477
2020-07-30,neutral,0.741,109,147,0.523,0.2876,0.1307,0.1046,0.0,0.0,0.477
2020-07-31,neutral,0.721,106,147,0.523,0.2876,0.1307,0.1046,0.0,0.0,0.477
2020-08-03,neutral,0.85,125,147,0.523,0.2876,0.1307,0.1046,0.0,0.0,0.477
2020-08-04,neutral,0.769,113,147,0.523,0.2876,0.1307,0.1046,0.0,0.0,0.477
2020-08-05,neutral,0.517,76,147,0.523,0.2876,0.1307,0.1046,0.0,0.0,0.477
2020-08-06,risk_off,0.422,62,147,1.0,0.0,0.0,0.5,0.35,0.15,0.0
2020-08-07,risk_off,0.442,65,147,1.0,0.0,0.0,0.5,0.35,0.15,0.0
2020-08-10,risk_off,0.354,52,147,1.0,0.0,0.0,0.5,0.35,0.15,0.0
2020-08-11,risk_off,0.401,59,147,1.0,0.0,0.0,0.5,0.35,0.15,0.0
2020-08-12,risk_off,0.381,56,147,1.0,0.0,0.0,0.5,0.35,0.15,0.0
2020-08-13,risk_off,0.701,103,147,1.0,0.0,0.0,0.5,0.35,0.15,0.0
2020-08-14,risk_off,0.456,67,147,1.0,0.0,0.0,0.5,0.35,0.15,0.0
2020-08-17,neutral,0.612,90,147,0.5602,0.3081,0.1401,0.112,0.0,0.0,0.4398
2020-08-18,neutral,0.694,102,147,0.5602,0.3081,0.1401,0.112,0.0,0.0,0.4398
2020-08-19,neutral,0.85,125,147,0.5602,0.3081,0.1401,0.112,0.0,0.0,0.4398
2020-08-20,neutral,0.918,135,147,0.5602,0.3081,0.1401,0.112,0.0,0.0,0.4398
2020-08-21,neutral,0.667,98,147,0.5602,0.3081,0.1401,0.112,0.0,0.0,0.4398
2020-08-24,neutral,0.517,76,147,0.6821,0.3751,0.1705,0.1364,0.0,0.0,0.3179
2020-08-25,risk_off,0.082,12,147,1.0,0.0,0.0,0.5,0.35,0.15,0.0
2020-08-26,risk_off,0.245,36,147,1.0,0.0,0.0,0.5,0.35,0.15,0.0
2020-08-27,risk_off,0.197,29,147,1.0,0.0,0.0,0.5,0.35,0.15,0.0
2020-08-28,risk_off,0.299,44,147,1.0,0.0,0.0,0.5,0.35,0.15,0.0
2020-08-31,risk_off,0.401,59,147,1.0,0.0,0.0,0.5,0.35,0.15,0.0
2020-09-01,risk_off,0.306,45,147,1.0,0.0,0.0,0.5,0.35,0.15,0.0
2020-09-02,risk_off,0.456,67,147,1.0,0.0,0.0,0.5,0.35,0.15,0.0
2020-09-03,risk_off,0.252,37,147,1.0,0.0,0.0,0.5,0.35,0.15,0.0
2020-09-04,risk_off,0.306,45,147,1.0,0.0,0.0,0.5,0.35,0.15,0.0
2020-09-08,risk_off,0.463,68,147,1.0,0.0,0.0,0.5,0.35,0.15,0.0
2020-09-09,neutral,0.524,77,147,0.3688,0.2028,0.0922,0.0738,0.0,0.0,0.6312
2020-09-10,neutral,0.98,144,147,0.3688,0.2028,0.0922,0.0738,0.0,0.0,0.6312
2020-09-11,neutral,0.939,138,147,0.3688,0.2028,0.0922,0.0738,0.0,0.0,0.6312
2020-09-14,neutral,0.898,132,147,0.3688,0.2028,0.0922,0.0738,0.0,0.0,0.6312
2020-09-15,neutral,0.85,125,147,0.3688,0.2028,0.0922,0.0738,0.0,0.0,0.6312
2020-09-16,neutral,0.68,100,147,0.3688,0.2028,0.0922,0.0738,0.0,0.0,0.6312
2020-09-17,neutral,0.803,118,147,0.3688,0.2028,0.0922,0.0738,0.0,0.0,0.6312
2020-09-18,neutral,0.796,117,147,0.3688,0.2028,0.0922,0.0738,0.0,0.0,0.6312
2020-09-21,neutral,0.857,126,147,0.3688,0.2028,0.0922,0.0738,0.0,0.0,0.6312
2020-09-22,neutral,0.803,118,147,0.3688,0.2028,0.0922,0.0738,0.0,0.0,0.6312
2020-09-23,neutral,0.98,144,147,0.3688,0.2028,0.0922,0.0738,0.0,0.0,0.6312
2020-09-24,neutral,0.748,110,147,0.3688,0.2028,0.0922,0.0738,0.0,0.0,0.6312
2020-09-25,neutral,0.81,119,147,0.3688,0.2028,0.0922,0.0738,0.0,0.0,0.6312
2020-09-28,risk_off,0.34,50,147,1.0,0.0,0.0,0.5,0.35,0.15,0.0
2020-09-29,risk_off,0.639,94,147,1.0,0.0,0.0,0.5,0.35,0.15,0.0
2020-09-30,risk_off,0.782,115,147,1.0,0.0,0.0,0.5,0.35,0.15,0.0
2020-10-01,risk_off,0.816,120,147,1.0,0.0,0.0,0.5,0.35,0.15,0.0
2020-10-02,risk_off,0.327,48,147,1.0,0.0,0.0,0.5,0.35,0.15,0.0
2020-10-05,risk_off,0.415,61,147,1.0,0.0,0.0,0.5,0.35,0.15,0.0
2020-10-06,risk_off,0.374,55,147,1.0,0.0,0.0,0.5,0.35,0.15,0.0
2020-10-07,risk_off,0.34,50,147,1.0,0.0,0.0,0.5,0.35,0.15,0.0
2020-10-08,risk_off,0.347,51,147,1.0,0.0,0.0,0.5,0.35,0.15,0.0
2020-10-09,neutral,0.68,100,147,0.4357,0.2396,0.1089,0.0871,0.0,0.0,0.5643
2020-10-12,neutral,0.619,91,147,0.4357,0.2396,0.1089,0.0871,0.0,0.0,0.5643
2020-10-13,neutral,0.673,99,147,0.4357,0.2396,0.1089,0.0871,0.0,0.0,0.5643
2020-10-14,neutral,0.939,138,147,0.4357,0.2396,0.1089,0.0871,0.0,0.0,0.5643
2020-10-15,neutral,0.925,136,147,0.4357,0.2396,0.1089,0.0871,0.0,0.0,0.5643
2020-10-16,neutral,0.946,139,147,0.4357,0.2396,0.1089,0.0871,0.0,0.0,0.5643
2020-10-19,risk_off,0.313,46,147,1.0,0.0,0.0,0.5,0.35,0.15,0.0
2020-10-20,risk_off,0.422,62,147,1.0,0.0,0.0,0.5,0.35,0.15,0.0
2020-10-21,risk_off,0.592,87,147,1.0,0.0,0.0,0.5,0.35,0.15,0.0
2020-10-22,risk_off,0.265,39,147,1.0,0.0,0.0,0.5,0.35,0.15,0.0
2020-10-23,risk_off,0.646,95,147,1.0,0.0,0.0,0.5,0.35,0.15,0.0
2020-10-26,risk_off,0.673,99,147,1.0,0.0,0.0,0.5,0.35,0.15,0.0
2020-10-27,neutral,0.673,99,147,0.5178,0.2848,0.1294,0.1036,0.0,0.0,0.4822
2020-10-28,neutral,0.714,105,147,0.5178,0.2848,0.1294,0.1036,0.0,0.0,0.4822
2020-10-29,neutral,0.81,119,147,0.5178,0.2848,0.1294,0.1036,0.0,0.0,0.4822
2020-10-30,neutral,0.816,120,147,0.5178,0.2848,0.1294,0.1036,0.0,0.0,0.4822
2020-11-02,neutral,0.367,54,147,0.5178,0.2848,0.1294,0.1036,0.0,0.0,0.4822
2020-11-03,neutral,0.442,65,147,0.5178,0.2848,0.1294,0.1036,0.0,0.0,0.4822
2020-11-04,neutral,0.973,143,147,0.4041,0.2223,0.101,0.0808,0.0,0.0,0.5959
2020-11-05,neutral,0.986,145,147,0.4041,0.2223,0.101,0.0808,0.0,0.0,0.5959
2020-11-06,risk_off,0.327,48,147,1.0,0.0,0.0,0.5,0.35,0.15,0.0
2020-11-09,risk_off,0.68,100,147,1.0,0.0,0.0,0.5,0.35,0.15,0.0
2020-11-10,risk_off,0.626,92,147,1.0,0.0,0.0,0.5,0.35,0.15,0.0
2020-11-11,risk_off,0.388,57,147,1.0,0.0,0.0,0.5,0.35,0.15,0.0
2020-11-12,risk_off,0.884,130,147,1.0,0.0,0.0,0.5,0.35,0.15,0.0
2020-11-13,risk_off,0.361,53,147,1.0,0.0,0.0,0.5,0.35,0.15,0.0
2020-11-16,neutral,0.918,135,147,0.3918,0.2155,0.0979,0.0784,0.0,0.0,0.6082
2020-11-17,neutral,0.816,120,147,0.3918,0.2155,0.0979,0.0784,0.0,0.0,0.6082
2020-11-18,neutral,0.735,108,147,0.3918,0.2155,0.0979,0.0784,0.0,0.0,0.6082
2020-11-19,neutral,0.701,103,147,0.3918,0.2155,0.0979,0.0784,0.0,0.0,0.6082
2020-11-20,neutral,0.789,116,147,0.3918,0.2155,0.0979,0.0784,0.0,0.0,0.6082
2020-11-23,neutral,0.701,103,147,0.3918,0.2155,0.0979,0.0784,0.0,0.0,0.6082
2020-11-24,neutral,0.626,92,147,0.3918,0.2155,0.0979,0.0784,0.0,0.0,0.6082
2020-11-25,neutral,0.741,109,147,0.3918,0.2155,0.0979,0.0784,0.0,0.0,0.6082
2020-11-27,neutral,0.585,86,147,0.3918,0.2155,0.0979,0.0784,0.0,0.0,0.6082
2020-11-30,neutral,0.837,123,147,0.5036,0.277,0.1259,0.1007,0.0,0.0,0.4964
2020-12-01,neutral,0.673,99,147,0.5036,0.277,0.1259,0.1007,0.0,0.0,0.4964
2020-12-02,neutral,0.932,137,147,0.5036,0.277,0.1259,0.1007,0.0,0.0,0.4964
2020-12-03,risk_on,0.864,127,147,0.8136,0.3254,0.4881,0.0,0.0,0.0,0.1864
2020-12-04,risk_on,0.367,54,147,0.9191,0.3677,0.5515,0.0,0.0,0.0,0.0809
2020-12-07,risk_on,0.395,58,147,0.9191,0.3677,0.5515,0.0,0.0,0.0,0.0809
2020-12-08,risk_on,0.442,65,147,1.0697,0.4279,0.6418,0.0,0.0,0.0,0.0
2020-12-09,risk_on,0.456,67,147,1.0697,0.4279,0.6418,0.0,0.0,0.0,0.0
2020-12-10,risk_on,0.769,113,147,1.0697,0.4279,0.6418,0.0,0.0,0.0,0.0
2020-12-11,risk_on,0.912,134,147,1.0697,0.4279,0.6418,0.0,0.0,0.0,0.0
2020-12-14,risk_on,0.85,125,147,1.0697,0.4279,0.6418,0.0,0.0,0.0,0.0
2020-12-15,risk_off,0.408,60,147,1.0,0.0,0.0,0.5,0.35,0.15,0.0
2020-12-16,risk_off,0.959,141,147,1.0,0.0,0.0,0.5,0.35,0.15,0.0
2020-12-17,risk_off,0.707,104,147,1.0,0.0,0.0,0.5,0.35,0.15,0.0
2020-12-18,risk_off,0.891,131,147,1.0,0.0,0.0,0.5,0.35,0.15,0.0
2020-12-21,risk_off,0.905,133,147,1.0,0.0,0.0,0.5,0.35,0.15,0.0
2020-12-22,risk_off,0.605,89,147,1.0,0.0,0.0,0.5,0.35,0.15,0.0
2020-12-23,risk_off,0.293,43,147,1.0,0.0,0.0,0.5,0.35,0.15,0.0
2020-12-24,risk_off,0.408,60,147,1.0,0.0,0.0,0.5,0.35,0.15,0.0
2020-12-28,risk_off,0.184,27,147,1.0,0.0,0.0,0.5,0.35,0.15,0.0
2020-12-29,risk_off,0.211,31,147,1.0,0.0,0.0,0.5,0.35,0.15,0.0
2020-12-30,risk_on,0.592,87,147,1.25,0.5,0.75,0.0,0.0,0.0,0.0
2020-12-31,risk_on,0.204,30,147,1.25,0.5,0.75,0.0,0.0,0.0,0.0
2021-01-04,risk_on,0.408,60,147,1.25,0.5,0.75,0.0,0.0,0.0,0.0
2021-01-05,risk_on,0.429,63,147,1.25,0.5,0.75,0.0,0.0,0.0,0.0
2021-01-06,risk_on,0.381,56,147,1.0942,0.4377,0.6565,0.0,0.0,0.0,0.0
2021-01-07,risk_on,0.898,132,147,0.9299,0.372,0.5579,0.0,0.0,0.0,0.0701
2021-01-08,risk_on,0.898,132,147,1.076,0.4304,0.6456,0.0,0.0,0.0,0.0
2021-01-11,risk_on,0.925,136,147,1.076,0.4304,0.6456,0.0,0.0,0.0,0.0
2021-01-12,risk_on,0.918,135,147,1.076,0.4304,0.6456,0.0,0.0,0.0,0.0
2021-01-13,risk_on,0.673,99,147,1.076,0.4304,0.6456,0.0,0.0,0.0,0.0
2021-01-14,risk_on,0.81,119,147,1.076,0.4304,0.6456,0.0,0.0,0.0,0.0
2021-01-15,risk_on,0.823,121,147,1.076,0.4304,0.6456,0.0,0.0,0.0,0.0
2021-01-19,risk_off,0.49,72,147,1.0,0.0,0.0,0.5,0.35,0.15,0.0
2021-01-20,risk_off,0.68,100,147,1.0,0.0,0.0,0.5,0.35,0.15,0.0
2021-01-21,risk_off,0.721,106,147,1.0,0.0,0.0,0.5,0.35,0.15,0.0
2021-01-22,risk_off,0.803,118,147,1.0,0.0,0.0,0.5,0.35,0.15,0.0
2021-01-25,risk_off,0.884,130,147,1.0,0.0,0.0,0.5,0.35,0.15,0.0
2021-01-26,risk_off,0.612,90,147,1.0,0.0,0.0,0.5,0.35,0.15,0.0
2021-01-27,risk_off,0.252,37,147,1.0,0.0,0.0,0.5,0.35,0.15,0.0
2021-01-28,risk_off,0.442,65,147,1.0,0.0,0.0,0.5,0.35,0.15,0.0
2021-01-29,neutral,0.599,88,147,0.5407,0.2974,0.1352,0.1081,0.0,0.0,0.4593
2021-02-01,neutral,0.571,84,147,0.5407,0.2974,0.1352,0.1081,0.0,0.0,0.4593
2021-02-02,neutral,0.687,101,147,0.5407,0.2974,0.1352,0.1081,0.0,0.0,0.4593
2021-02-03,neutral,0.83,122,147,0.5407,0.2974,0.1352,0.1081,0.0,0.0,0.4593
2021-02-04,neutral,0.748,110,147,0.5407,0.2974,0.1352,0.1081,0.0,0.0,0.4593
2021-02-05,neutral,0.741,109,147,0.5407,0.2974,0.1352,0.1081,0.0,0.0,0.4593
2021-02-08,risk_off,0.49,72,147,1.0,0.0,0.0,0.5,0.35,0.15,0.0
2021-02-09,risk_off,0.082,12,147,1.0,0.0,0.0,0.5,0.35,0.15,0.0
2021-02-10,risk_off,0.286,42,147,1.0,0.0,0.0,0.5,0.35,0.15,0.0
2021-02-11,risk_off,0.374,55,147,1.0,0.0,0.0,0.5,0.35,0.15,0.0
2021-02-12,risk_off,0.388,57,147,1.0,0.0,0.0,0.5,0.35,0.15,0.0
2021-02-16,risk_off,0.415,61,147,1.0,0.0,0.0,0.5,0.35,0.15,0.0
2021-02-17,risk_off,0.456,67,147,1.0,0.0,0.0,0.5,0.35,0.15,0.0
2021-02-18,risk_off,0.49,72,147,1.0,0.0,0.0,0.5,0.35,0.15,0.0
2021-02-19,risk_on,0.741,109,147,0.8142,0.3257,0.4885,0.0,0.0,0.0,0.1858
2021-02-22,risk_on,0.408,60,147,0.8142,0.3257,0.4885,0.0,0.0,0.0,0.1858
2021-02-23,risk_on,0.361,53,147,0.8142,0.3257,0.4885,0.0,0.0,0.0,0.1858
2021-02-24,risk_on,0.265,39,147,0.8142,0.3257,0.4885,0.0,0.0,0.0,0.1858
2021-02-25,risk_on,0.177,26,147,0.6807,0.2723,0.4084,0.0,0.0,0.0,0.3193
2021-02-26,risk_on,0.238,35,147,0.6807,0.2723,0.4084,0.0,0.0,0.0,0.3193
2021-03-01,risk_off,0.211,31,147,1.0,0.0,0.0,0.5,0.35,0.15,0.0
2021-03-02,risk_off,0.218,32,147,1.0,0.0,0.0,0.5,0.35,0.15,0.0
2021-03-03,risk_off,0.163,24,147,1.0,0.0,0.0,0.5,0.35,0.15,0.0
2021-03-04,risk_off,0.293,43,147,1.0,0.0,0.0,0.5,0.35,0.15,0.0
2021-03-05,risk_off,0.32,47,147,1.0,0.0,0.0,0.5,0.35,0.15,0.0
2021-03-08,risk_off,0.082,12,147,1.0,0.0,0.0,0.5,0.35,0.15,0.0
2021-03-09,risk_off,0.218,32,147,1.0,0.0,0.0,0.5,0.35,0.15,0.0
2021-03-10,risk_off,0.449,66,147,1.0,0.0,0.0,0.5,0.35,0.15,0.0
2021-03-11,neutral,0.741,109,147,0.3825,0.2104,0.0956,0.0765,0.0,0.0,0.6175
2021-03-12,neutral,0.449,66,147,0.3825,0.2104,0.0956,0.0765,0.0,0.0,0.6175
2021-03-15,neutral,0.442,65,147,0.3825,0.2104,0.0956,0.0765,0.0,0.0,0.6175
2021-03-16,neutral,0.83,122,147,0.3825,0.2104,0.0956,0.0765,0.0,0.0,0.6175
2021-03-17,neutral,0.83,122,147,0.3825,0.2104,0.0956,0.0765,0.0,0.0,0.6175
2021-03-18,neutral,0.776,114,147,0.3825,0.2104,0.0956,0.0765,0.0,0.0,0.6175
2021-03-19,neutral,0.816,120,147,0.3825,0.2104,0.0956,0.0765,0.0,0.0,0.6175
2021-03-22,neutral,0.816,120,147,0.3825,0.2104,0.0956,0.0765,0.0,0.0,0.6175
2021-03-23,risk_off,0.293,43,147,1.0,0.0,0.0,0.5,0.35,0.15,0.0
2021-03-24,risk_off,0.197,29,147,1.0,0.0,0.0,0.5,0.35,0.15,0.0
2021-03-25,risk_off,0.143,21,147,1.0,0.0,0.0,0.5,0.35,0.15,0.0
2021-03-26,risk_off,0.422,62,147,1.0,0.0,0.0,0.5,0.35,0.15,0.0
2021-03-29,risk_off,0.354,52,147,1.0,0.0,0.0,0.5,0.35,0.15,0.0
2021-03-30,risk_off,0.347,51,147,1.0,0.0,0.0,0.5,0.35,0.15,0.0
2021-03-31,risk_off,0.238,35,147,1.0,0.0,0.0,0.5,0.35,0.15,0.0
2021-04-01,neutral,0.544,80,147,0.4445,0.2445,0.1111,0.0889,0.0,0.0,0.5555
2021-04-05,neutral,0.816,120,147,0.4445,0.2445,0.1111,0.0889,0.0,0.0,0.5555
2021-04-06,neutral,0.15,22,147,0.4445,0.2445,0.1111,0.0889,0.0,0.0,0.5555
2021-04-07,neutral,0.129,19,147,0.5697,0.3134,0.1424,0.1139,0.0,0.0,0.4303
2021-04-08,neutral,0.088,13,147,0.5697,0.3134,0.1424,0.1139,0.0,0.0,0.4303
2021-04-09,neutral,0.075,11,147,0.5697,0.3134,0.1424,0.1139,0.0,0.0,0.4303
2021-04-12,risk_off,0.0,0,147,1.0,0.0,0.0,0.5,0.35,0.15,0.0
2021-04-13,risk_off,0.32,47,147,1.0,0.0,0.0,0.5,0.35,0.15,0.0
2021-04-14,risk_off,0.0,0,147,1.0,0.0,0.0,0.5,0.35,0.15,0.0
2021-04-15,risk_off,0.0,0,147,1.0,0.0,0.0,0.5,0.35,0.15,0.0
2021-04-16,risk_off,0.293,43,147,1.0,0.0,0.0,0.5,0.35,0.15,0.0
2021-04-19,risk_off,0.082,12,147,1.0,0.0,0.0,0.5,0.35,0.15,0.0
2021-04-20,risk_off,0.388,57,147,1.0,0.0,0.0,0.5,0.35,0.15,0.0
2021-04-21,risk_off,0.374,55,147,1.0,0.0,0.0,0.5,0.35,0.15,0.0
2021-04-22,risk_off,0.32,47,147,1.0,0.0,0.0,0.5,0.35,0.15,0.0
2021-04-23,risk_off,0.19,28,147,1.0,0.0,0.0,0.5,0.35,0.15,0.0
2021-04-26,risk_off,0.293,43,147,1.0,0.0,0.0,0.5,0.35,0.15,0.0
2021-04-27,risk_off,0.395,58,147,1.0,0.0,0.0,0.5,0.35,0.15,0.0
2021-04-28,risk_off,0.374,55,147,1.0,0.0,0.0,0.5,0.35,0.15,0.0
2021-04-29,risk_on,0.633,93,147,0.9866,0.3946,0.592,0.0,0.0,0.0,0.0134
2021-04-30,risk_on,0.803,118,147,0.9866,0.3946,0.592,0.0,0.0,0.0,0.0134
2021-05-03,risk_on,0.463,68,147,1.1323,0.4529,0.6794,0.0,0.0,0.0,0.0
2021-05-04,risk_on,0.048,7,147,1.0111,0.4045,0.6067,0.0,0.0,0.0,0.0
2021-05-05,risk_on,0.585,86,147,1.0111,0.4045,0.6067,0.0,0.0,0.0,0.0
2021-05-06,risk_on,0.599,88,147,1.0111,0.4045,0.6067,0.0,0.0,0.0,0.0
2021-05-07,risk_on,0.673,99,147,1.0111,0.4045,0.6067,0.0,0.0,0.0,0.0
2021-05-10,risk_on,0.599,88,147,0.8727,0.3491,0.5236,0.0,0.0,0.0,0.1273
2021-05-11,risk_off,0.429,63,147,1.0,0.0,0.0,0.5,0.35,0.15,0.0
2021-05-12,risk_off,0.469,69,147,1.0,0.0,0.0,0.5,0.35,0.15,0.0
2021-05-13,risk_off,0.177,26,147,1.0,0.0,0.0,0.5,0.35,0.15,0.0
2021-05-14,risk_off,0.796,117,147,1.0,0.0,0.0,0.5,0.35,0.15,0.0
2021-05-17,risk_off,0.741,109,147,1.0,0.0,0.0,0.5,0.35,0.15,0.0
2021-05-18,risk_off,0.68,100,147,1.0,0.0,0.0,0.5,0.35,0.15,0.0
2021-05-19,neutral,0.51,75,147,0.6296,0.3463,0.1574,0.1259,0.0,0.0,0.3704
2021-05-20,neutral,0.816,120,147,0.6296,0.3463,0.1574,0.1259,0.0,0.0,0.3704
2021-05-21,neutral,0.755,111,147,0.6296,0.3463,0.1574,0.1259,0.0,0.0,0.3704
2021-05-24,neutral,0.401,59,147,0.6296,0.3463,0.1574,0.1259,0.0,0.0,0.3704
2021-05-25,neutral,0.054,8,147,0.6296,0.3463,0.1574,0.1259,0.0,0.0,0.3704
2021-05-26,neutral,0.361,53,147,0.6296,0.3463,0.1574,0.1259,0.0,0.0,0.3704
2021-05-27,risk_off,0.429,63,147,1.0,0.0,0.0,0.5,0.35,0.15,0.0
2021-05-28,risk_off,0.238,35,147,1.0,0.0,0.0,0.5,0.35,0.15,0.0
2021-06-01,risk_off,0.286,42,147,1.0,0.0,0.0,0.5,0.35,0.15,0.0
2021-06-02,risk_off,0.299,44,147,1.0,0.0,0.0,0.5,0.35,0.15,0.0
2021-06-03,risk_off,0.177,26,147,1.0,0.0,0.0,0.5,0.35,0.15,0.0
2021-06-04,risk_off,0.088,13,147,1.0,0.0,0.0,0.5,0.35,0.15,0.0
2021-06-07,risk_off,0.272,40,147,1.0,0.0,0.0,0.5,0.35,0.15,0.0
2021-06-08,risk_off,0.224,33,147,1.0,0.0,0.0,0.5,0.35,0.15,0.0
2021-06-09,neutral,0.537,79,147,0.6752,0.3713,0.1688,0.135,0.0,0.0,0.3248
2021-06-10,neutral,0.204,30,147,0.8177,0.4498,0.2044,0.1635,0.0,0.0,0.1823
2021-06-11,neutral,0.422,62,147,0.8177,0.4498,0.2044,0.1635,0.0,0.0,0.1823
2021-06-14,neutral,0.054,8,147,0.9185,0.5052,0.2296,0.1837,0.0,0.0,0.0815
2021-06-15,neutral,0.204,30,147,0.9185,0.5052,0.2296,0.1837,0.0,0.0,0.0815
2021-06-16,neutral,0.381,56,147,0.9185,0.5052,0.2296,0.1837,0.0,0.0,0.0815
2021-06-17,risk_off,0.306,45,147,1.0,0.0,0.0,0.5,0.35,0.15,0.0
2021-06-18,risk_off,0.986,145,147,1.0,0.0,0.0,0.5,0.35,0.15,0.0
2021-06-21,risk_off,0.02,3,147,1.0,0.0,0.0,0.5,0.35,0.15,0.0
2021-06-22,risk_off,0.054,8,147,1.0,0.0,0.0,0.5,0.35,0.15,0.0
2021-06-23,risk_off,0.0,0,147,1.0,0.0,0.0,0.5,0.35,0.15,0.0
2021-06-24,risk_off,0.143,21,147,1.0,0.0,0.0,0.5,0.35,0.15,0.0
2021-06-25,neutral,0.51,75,147,1.0,0.55,0.25,0.2,0.0,0.0,0.0
2021-06-28,neutral,0.102,15,147,1.0,0.55,0.25,0.2,0.0,0.0,0.0
2021-06-29,neutral,0.088,13,147,1.0,0.55,0.25,0.2,0.0,0.0,0.0
2021-06-30,neutral,0.395,58,147,1.0,0.55,0.25,0.2,0.0,0.0,0.0
2021-07-01,neutral,0.143,21,147,1.0,0.55,0.25,0.2,0.0,0.0,0.0
2021-07-02,neutral,0.082,12,147,1.0,0.55,0.25,0.2,0.0,0.0,0.0
2021-07-06,risk_off,0.061,9,147,1.0,0.0,0.0,0.5,0.35,0.15,0.0
2021-07-07,risk_off,0.068,10,147,1.0,0.0,0.0,0.5,0.35,0.15,0.0
2021-07-08,risk_off,0.313,46,147,1.0,0.0,0.0,0.5,0.35,0.15,0.0
2021-07-09,risk_off,0.082,12,147,1.0,0.0,0.0,0.5,0.35,0.15,0.0
2021-07-12,risk_off,0.19,28,147,1.0,0.0,0.0,0.5,0.35,0.15,0.0
2021-07-13,risk_off,0.204,30,147,1.0,0.0,0.0,0.5,0.35,0.15,0.0
2021-07-14,risk_off,0.435,64,147,1.0,0.0,0.0,0.5,0.35,0.15,0.0
2021-07-15,neutral,0.531,78,147,1.0,0.55,0.25,0.2,0.0,0.0,0.0
2021-07-16,neutral,0.463,68,147,1.0,0.55,0.25,0.2,0.0,0.0,0.0
2021-07-19,neutral,0.333,49,147,1.0,0.55,0.25,0.2,0.0,0.0,0.0
2021-07-20,neutral,0.531,78,147,1.0,0.55,0.25,0.2,0.0,0.0,0.0
2021-07-21,neutral,0.449,66,147,1.0,0.55,0.25,0.2,0.0,0.0,0.0
2021-07-22,neutral,0.075,11,147,1.0,0.55,0.25,0.2,0.0,0.0,0.0
2021-07-23,risk_off,0.034,5,147,1.0,0.0,0.0,0.5,0.35,0.15,0.0
2021-07-26,risk_off,0.299,44,147,1.0,0.0,0.0,0.5,0.35,0.15,0.0
2021-07-27,risk_off,0.381,56,147,1.0,0.0,0.0,0.5,0.35,0.15,0.0
2021-07-28,risk_off,0.075,11,147,1.0,0.0,0.0,0.5,0.35,0.15,0.0
2021-07-29,risk_off,0.299,44,147,1.0,0.0,0.0,0.5,0.35,0.15,0.0
2021-07-30,risk_off,0.286,42,147,1.0,0.0,0.0,0.5,0.35,0.15,0.0
2021-08-02,risk_off,0.415,61,147,1.0,0.0,0.0,0.5,0.35,0.15,0.0
2021-08-03,risk_off,0.429,63,147,1.0,0.0,0.0,0.5,0.35,0.15,0.0
2021-08-04,risk_off,0.163,24,147,1.0,0.0,0.0,0.5,0.35,0.15,0.0
2021-08-05,risk_off,0.361,53,147,1.0,0.0,0.0,0.5,0.35,0.15,0.0
2021-08-06,risk_off,0.456,67,147,1.0,0.0,0.0,0.5,0.35,0.15,0.0
2021-08-09,risk_on,0.694,102,147,1.25,0.5,0.75,0.0,0.0,0.0,0.0
2021-08-10,risk_on,0.0,0,147,1.25,0.5,0.75,0.0,0.0,0.0,0.0
2021-08-11,risk_on,0.0,0,147,1.25,0.5,0.75,0.0,0.0,0.0,0.0
2021-08-12,risk_on,0.0,0,147,1.25,0.5,0.75,0.0,0.0,0.0,0.0
2021-08-13,risk_on,1.0,147,147,1.25,0.5,0.75,0.0,0.0,0.0,0.0
2021-08-16,risk_on,0.0,0,147,1.25,0.5,0.75,0.0,0.0,0.0,0.0
2021-08-17,risk_off,0.0,0,147,1.0,0.0,0.0,0.5,0.35,0.15,0.0
2021-08-18,risk_off,1.0,147,147,1.0,0.0,0.0,0.5,0.35,0.15,0.0
2021-08-19,risk_off,1.0,147,147,1.0,0.0,0.0,0.5,0.35,0.15,0.0
2021-08-20,risk_off,1.0,147,147,1.0,0.0,0.0,0.5,0.35,0.15,0.0
2021-08-23,risk_off,1.0,147,147,1.0,0.0,0.0,0.5,0.35,0.15,0.0
2021-08-24,risk_off,0.0,0,147,1.0,0.0,0.0,0.5,0.35,0.15,0.0
2021-08-25,risk_off,0.0,0,147,1.0,0.0,0.0,0.5,0.35,0.15,0.0
2021-08-26,risk_off,0.0,0,147,1.0,0.0,0.0,0.5,0.35,0.15,0.0
2021-08-27,risk_off,0.0,0,147,1.0,0.0,0.0,0.5,0.35,0.15,0.0
2021-08-30,risk_on,1.0,147,147,1.25,0.5,0.75,0.0,0.0,0.0,0.0
2021-08-31,risk_on,1.0,147,147,1.25,0.5,0.75,0.0,0.0,0.0,0.0
2021-09-01,risk_on,1.0,147,147,1.25,0.5,0.75,0.0,0.0,0.0,0.0
2021-09-02,risk_on,0.0,0,147,1.25,0.5,0.75,0.0,0.0,0.0,0.0
2021-09-03,risk_on,0.0,0,147,1.25,0.5,0.75,0.0,0.0,0.0,0.0
2021-09-07,risk_on,1.0,147,147,1.25,0.5,0.75,0.0,0.0,0.0,0.0
2021-09-08,risk_off,0.0,0,147,1.0,0.0,0.0,0.5,0.35,0.15,0.0
2021-09-09,risk_off,0.0,0,147,1.0,0.0,0.0,0.5,0.35,0.15,0.0
2021-09-10,risk_off,0.0,0,147,1.0,0.0,0.0,0.5,0.35,0.15,0.0
2021-09-13,risk_off,0.0,0,147,1.0,0.0,0.0,0.5,0.35,0.15,0.0
2021-09-14,risk_off,1.0,147,147,1.0,0.0,0.0,0.5,0.35,0.15,0.0
2021-09-15,risk_off,1.0,147,147,1.0,0.0,0.0,0.5,0.35,0.15,0.0
2021-09-16,risk_on,1.0,147,147,1.25,0.5,0.75,0.0,0.0,0.0,0.0
2021-09-17,risk_on,1.0,147,147,1.25,0.5,0.75,0.0,0.0,0.0,0.0
2021-09-20,risk_on,1.0,147,147,1.25,0.5,0.75,0.0,0.0,0.0,0.0
2021-09-21,risk_on,1.0,147,147,1.25,0.5,0.75,0.0,0.0,0.0,0.0
2021-09-22,risk_on,1.0,147,147,1.25,0.5,0.75,0.0,0.0,0.0,0.0
2021-09-23,risk_on,1.0,147,147,1.25,0.5,0.75,0.0,0.0,0.0,0.0
2021-09-24,risk_on,1.0,147,147,1.25,0.5,0.75,0.0,0.0,0.0,0.0
2021-09-27,risk_off,0.0,0,147,1.0,0.0,0.0,0.5,0.35,0.15,0.0
2021-09-28,risk_off,0.0,0,147,1.0,0.0,0.0,0.5,0.35,0.15,0.0
2021-09-29,risk_off,0.0,0,147,1.0,0.0,0.0,0.5,0.35,0.15,0.0
2021-09-30,risk_off,1.0,147,147,1.0,0.0,0.0,0.5,0.35,0.15,0.0
2021-10-01,risk_off,1.0,147,147,1.0,0.0,0.0,0.5,0.35,0.15,0.0
2021-10-04,risk_off,1.0,147,147,1.0,0.0,0.0,0.5,0.35,0.15,0.0
2021-10-05,neutral,1.0,147,147,0.6991,0.3845,0.1748,0.1398,0.0,0.0,0.3009
2021-10-06,neutral,1.0,147,147,0.6991,0.3845,0.1748,0.1398,0.0,0.0,0.3009
2021-10-07,neutral,0.231,34,147,0.6991,0.3845,0.1748,0.1398,0.0,0.0,0.3009
2021-10-08,neutral,0.218,32,147,0.6991,0.3845,0.1748,0.1398,0.0,0.0,0.3009
2021-10-11,neutral,0.231,34,147,0.6991,0.3845,0.1748,0.1398,0.0,0.0,0.3009
2021-10-12,neutral,0.0,0,147,0.6991,0.3845,0.1748,0.1398,0.0,0.0,0.3009
2021-10-13,risk_off,0.0,0,147,1.0,0.0,0.0,0.5,0.35,0.15,0.0
2021-10-14,risk_off,0.0,0,147,1.0,0.0,0.0,0.5,0.35,0.15,0.0
2021-10-15,risk_off,1.0,147,147,1.0,0.0,0.0,0.5,0.35,0.15,0.0
2021-10-18,risk_off,1.0,147,147,1.0,0.0,0.0,0.5,0.35,0.15,0.0
2021-10-19,risk_off,0.204,30,147,1.0,0.0,0.0,0.5,0.35,0.15,0.0
2021-10-20,risk_off,0.0,0,147,1.0,0.0,0.0,0.5,0.35,0.15,0.0
2021-10-21,risk_off,0.0,0,147,1.0,0.0,0.0,0.5,0.35,0.15,0.0
2021-10-22,risk_off,0.0,0,147,1.0,0.0,0.0,0.5,0.35,0.15,0.0
2021-10-25,risk_off,0.0,0,147,1.0,0.0,0.0,0.5,0.35,0.15,0.0
2021-10-26,risk_off,0.0,0,147,1.0,0.0,0.0,0.5,0.35,0.15,0.0
2021-10-27,risk_on,1.0,147,147,1.0412,0.4165,0.6247,0.0,0.0,0.0,0.0
2021-10-28,risk_on,0.0,0,147,1.0412,0.4165,0.6247,0.0,0.0,0.0,0.0
2021-10-29,risk_on,0.0,0,147,1.0412,0.4165,0.6247,0.0,0.0,0.0,0.0
2021-11-01,risk_on,0.0,0,147,1.25,0.5,0.75,0.0,0.0,0.0,0.0
2021-11-02,risk_on,0.816,120,147,1.25,0.5,0.75,0.0,0.0,0.0,0.0
2021-11-03,risk_on,0.0,0,147,1.25,0.5,0.75,0.0,0.0,0.0,0.0
2021-11-04,risk_off,0.0,0,147,1.0,0.0,0.0,0.5,0.35,0.15,0.0
2021-11-05,risk_off,0.0,0,147,1.0,0.0,0.0,0.5,0.35,0.15,0.0
2021-11-08,risk_off,0.0,0,147,1.0,0.0,0.0,0.5,0.35,0.15,0.0
2021-11-09,risk_off,0.0,0,147,1.0,0.0,0.0,0.5,0.35,0.15,0.0
2021-11-10,risk_off,1.0,147,147,1.0,0.0,0.0,0.5,0.35,0.15,0.0
2021-11-11,risk_off,0.0,0,147,1.0,0.0,0.0,0.5,0.35,0.15,0.0
2021-11-12,risk_off,0.0,0,147,1.0,0.0,0.0,0.5,0.35,0.15,0.0
2021-11-15,risk_off,0.0,0,147,1.0,0.0,0.0,0.5,0.35,0.15,0.0
2021-11-16,risk_off,0.0,0,147,1.0,0.0,0.0,0.5,0.35,0.15,0.0
2021-11-17,risk_off,0.0,0,147,1.0,0.0,0.0,0.5,0.35,0.15,0.0
2021-11-18,risk_off,0.0,0,147,1.0,0.0,0.0,0.5,0.35,0.15,0.0
2021-11-19,risk_off,0.0,0,147,1.0,0.0,0.0,0.5,0.35,0.15,0.0
2021-11-22,risk_off,0.0,0,147,1.0,0.0,0.0,0.5,0.35,0.15,0.0
2021-11-23,risk_off,0.265,39,147,1.0,0.0,0.0,0.5,0.35,0.15,0.0
2021-11-24,risk_off,0.0,0,147,1.0,0.0,0.0,0.5,0.35,0.15,0.0
2021-11-26,risk_on,1.0,147,147,1.096,0.4384,0.6576,0.0,0.0,0.0,0.0
2021-11-29,risk_on,1.0,147,147,0.9672,0.3869,0.5803,0.0,0.0,0.0,0.0328
2021-11-30,risk_on,1.0,147,147,0.9672,0.3869,0.5803,0.0,0.0,0.0,0.0328
2021-12-01,risk_on,1.0,147,147,0.8493,0.3397,0.5096,0.0,0.0,0.0,0.1507
2021-12-02,risk_on,1.0,147,147,0.8493,0.3397,0.5096,0.0,0.0,0.0,0.1507
2021-12-03,risk_on,1.0,147,147,0.8493,0.3397,0.5096,0.0,0.0,0.0,0.1507
2021-12-06,risk_on,1.0,147,147,0.8493,0.3397,0.5096,0.0,0.0,0.0,0.1507
2021-12-07,risk_off,0.0,0,147,1.0,0.0,0.0,0.5,0.35,0.15,0.0
2021-12-08,risk_off,0.0,0,147,1.0,0.0,0.0,0.5,0.35,0.15,0.0
2021-12-09,risk_off,1.0,147,147,1.0,0.0,0.0,0.5,0.35,0.15,0.0
2021-12-10,risk_off,1.0,147,147,1.0,0.0,0.0,0.5,0.35,0.15,0.0
2021-12-13,risk_off,1.0,147,147,1.0,0.0,0.0,0.5,0.35,0.15,0.0
2021-12-14,risk_off,0.0,0,147,1.0,0.0,0.0,0.5,0.35,0.15,0.0
2021-12-15,risk_off,0.0,0,147,1.0,0.0,0.0,0.5,0.35,0.15,0.0
2021-12-16,risk_off,0.0,0,147,1.0,0.0,0.0,0.5,0.35,0.15,0.0
2021-12-17,risk_off,0.0,0,147,1.0,0.0,0.0,0.5,0.35,0.15,0.0
2021-12-20,risk_off,0.0,0,147,1.0,0.0,0.0,0.5,0.35,0.15,0.0
2021-12-21,risk_off,0.0,0,147,1.0,0.0,0.0,0.5,0.35,0.15,0.0
2021-12-22,risk_off,0.0,0,147,1.0,0.0,0.0,0.5,0.35,0.15,0.0
2021-12-23,neutral,1.0,147,147,0.451,0.2481,0.1128,0.0902,0.0,0.0,0.549
2021-12-27,neutral,1.0,147,147,0.451,0.2481,0.1128,0.0902,0.0,0.0,0.549
2021-12-28,neutral,1.0,147,147,0.451,0.2481,0.1128,0.0902,0.0,0.0,0.549
2021-12-29,neutral,0.0,0,147,0.451,0.2481,0.1128,0.0902,0.0,0.0,0.549
2021-12-30,neutral,0.0,0,147,0.451,0.2481,0.1128,0.0902,0.0,0.0,0.549
2021-12-31,neutral,0.741,109,147,0.451,0.2481,0.1128,0.0902,0.0,0.0,0.549
2022-01-03,neutral,1.0,147,147,0.451,0.2481,0.1128,0.0902,0.0,0.0,0.549
2022-01-04,risk_off,0.0,0,147,1.0,0.0,0.0,0.5,0.35,0.15,0.0
2022-01-05,risk_off,0.0,0,147,1.0,0.0,0.0,0.5,0.35,0.15,0.0
2022-01-06,risk_off,0.0,0,147,1.0,0.0,0.0,0.5,0.35,0.15,0.0
2022-01-07,risk_off,0.0,0,147,1.0,0.0,0.0,0.5,0.35,0.15,0.0
2022-01-10,risk_off,0.0,0,147,1.0,0.0,0.0,0.5,0.35,0.15,0.0
2022-01-11,risk_off,1.0,147,147,1.0,0.0,0.0,0.5,0.35,0.15,0.0
2022-01-12,risk_off,0.0,0,147,1.0,0.0,0.0,0.5,0.35,0.15,0.0
2022-01-13,neutral,1.0,147,147,0.527,0.2898,0.1317,0.1054,0.0,0.0,0.473
2022-01-14,neutral,0.259,38,147,0.527,0.2898,0.1317,0.1054,0.0,0.0,0.473
2022-01-18,neutral,1.0,147,147,0.527,0.2898,0.1317,0.1054,0.0,0.0,0.473
2022-01-19,neutral,1.0,147,147,0.527,0.2898,0.1317,0.1054,0.0,0.0,0.473
2022-01-20,neutral,1.0,147,147,0.527,0.2898,0.1317,0.1054,0.0,0.0,0.473
2022-01-21,risk_off,1.0,147,147,1.0,0.0,0.0,0.5,0.35,0.15,0.0
2022-01-24,risk_off,0.0,0,147,1.0,0.0,0.0,0.5,0.35,0.15,0.0
2022-01-25,risk_off,0.0,0,147,1.0,0.0,0.0,0.5,0.35,0.15,0.0
2022-01-26,risk_off,1.0,147,147,1.0,0.0,0.0,0.5,0.35,0.15,0.0
2022-01-27,risk_off,0.0,0,147,1.0,0.0,0.0,0.5,0.35,0.15,0.0
2022-01-28,risk_off,1.0,147,147,1.0,0.0,0.0,0.5,0.35,0.15,0.0
2022-01-31,neutral,1.0,147,147,0.4189,0.2304,0.1047,0.0838,0.0,0.0,0.5811
2022-02-01,neutral,1.0,147,147,0.4189,0.2304,0.1047,0.0838,0.0,0.0,0.5811
2022-02-02,neutral,1.0,147,147,0.4189,0.2304,0.1047,0.0838,0.0,0.0,0.5811
2022-02-03,neutral,1.0,147,147,0.4189,0.2304,0.1047,0.0838,0.0,0.0,0.5811
2022-02-04,neutral,1.0,147,147,0.4189,0.2304,0.1047,0.0838,0.0,0.0,0.5811
2022-02-07,neutral,1.0,147,147,0.4189,0.2304,0.1047,0.0838,0.0,0.0,0.5811
2022-02-08,risk_off,0.279,41,147,1.0,0.0,0.0,0.5,0.35,0.15,0.0
2022-02-09,risk_off,0.966,142,147,1.0,0.0,0.0,0.5,0.35,0.15,0.0
2022-02-10,risk_off,0.98,144,147,1.0,0.0,0.0,0.5,0.35,0.15,0.0
2022-02-11,risk_off,0.959,141,147,1.0,0.0,0.0,0.5,0.35,0.15,0.0
2022-02-14,risk_off,1.0,147,147,1.0,0.0,0.0,0.5,0.35,0.15,0.0
2022-02-15,risk_off,0.959,141,147,1.0,0.0,0.0,0.5,0.35,0.15,0.0
2022-02-16,neutral,0.912,134,147,0.3623,0.1993,0.0906,0.0725,0.0,0.0,0.6377
2022-02-17,risk_off,0.993,146,147,1.0,0.0,0.0,0.5,0.35,0.15,0.0
2022-02-18,risk_off,0.98,144,147,1.0,0.0,0.0,0.5,0.35,0.15,0.0
2022-02-22,risk_off,1.0,147,147,1.0,0.0,0.0,0.5,0.35,0.15,0.0
2022-02-23,risk_off,1.0,147,147,1.0,0.0,0.0,0.5,0.35,0.15,0.0
2022-02-24,risk_off,1.0,147,147,1.0,0.0,0.0,0.5,0.35,0.15,0.0
2022-02-25,risk_off,1.0,147,147,1.0,0.0,0.0,0.5,0.35,0.15,0.0
2022-02-28,risk_off,1.0,147,147,1.0,0.0,0.0,0.5,0.35,0.15,0.0
2022-03-01,risk_off,1.0,147,147,1.0,0.0,0.0,0.5,0.35,0.15,0.0
2022-03-02,risk_off,0.993,146,147,1.0,0.0,0.0,0.5,0.35,0.15,0.0
2022-03-03,risk_off,0.98,144,147,1.0,0.0,0.0,0.5,0.35,0.15,0.0
2022-03-04,risk_off,0.973,143,147,1.0,0.0,0.0,0.5,0.35,0.15,0.0
2022-03-07,risk_off,1.0,147,147,1.0,0.0,0.0,0.5,0.35,0.15,0.0
2022-03-08,risk_off,1.0,147,147,1.0,0.0,0.0,0.5,0.35,0.15,0.0
2022-03-09,risk_off,1.0,147,147,1.0,0.0,0.0,0.5,0.35,0.15,0.0
2022-03-10,risk_off,1.0,147,147,1.0,0.0,0.0,0.5,0.35,0.15,0.0
2022-03-11,risk_off,1.0,147,147,1.0,0.0,0.0,0.5,0.35,0.15,0.0
2022-03-14,risk_off,1.0,147,147,1.0,0.0,0.0,0.5,0.35,0.15,0.0
2022-03-15,risk_off,0.918,135,147,1.0,0.0,0.0,0.5,0.35,0.15,0.0
2022-03-16,risk_off,1.0,147,147,1.0,0.0,0.0,0.5,0.35,0.15,0.0
2022-03-17,risk_off,1.0,147,147,1.0,0.0,0.0,0.5,0.35,0.15,0.0
2022-03-18,neutral,0.925,136,147,0.3346,0.184,0.0837,0.0669,0.0,0.0,0.6654
2022-03-21,neutral,0.946,139,147,0.3346,0.184,0.0837,0.0669,0.0,0.0,0.6654
2022-03-22,neutral,0.748,110,147,0.3346,0.184,0.0837,0.0669,0.0,0.0,0.6654
2022-03-23,neutral,0.272,40,147,0.3346,0.184,0.0837,0.0669,0.0,0.0,0.6654
2022-03-24,neutral,0.871,128,147,0.3346,0.184,0.0837,0.0669,0.0,0.0,0.6654
2022-03-25,neutral,0.463,68,147,0.3346,0.184,0.0837,0.0669,0.0,0.0,0.6654
2022-03-28,risk_off,0.238,35,147,1.0,0.0,0.0,0.5,0.35,0.15,0.0
2022-03-29,risk_off,0.946,139,147,1.0,0.0,0.0,0.5,0.35,0.15,0.0
2022-03-30,risk_off,0.395,58,147,1.0,0.0,0.0,0.5,0.35,0.15,0.0
2022-03-31,risk_off,0.435,64,147,1.0,0.0,0.0,0.5,0.35,0.15,0.0
2022-04-01,risk_off,0.524,77,147,1.0,0.0,0.0,0.5,0.35,0.15,0.0
2022-04-04,risk_off,0.98,144,147,1.0,0.0,0.0,0.5,0.35,0.15,0.0
2022-04-05,neutral,0.98,144,147,0.3856,0.2121,0.0964,0.0771,0.0,0.0,0.6144
2022-04-06,neutral,0.15,22,147,0.3856,0.2121,0.0964,0.0771,0.0,0.0,0.6144
2022-04-07,neutral,0.98,144,147,0.3856,0.2121,0.0964,0.0771,0.0,0.0,0.6144
2022-04-08,neutral,0.19,28,147,0.3856,0.2121,0.0964,0.0771,0.0,0.0,0.6144
2022-04-11,risk_off,0.0,0,147,1.0,0.0,0.0,0.5,0.35,0.15,0.0
2022-04-12,risk_off,0.082,12,147,1.0,0.0,0.0,0.5,0.35,0.15,0.0
2022-04-13,risk_off,0.707,104,147,1.0,0.0,0.0,0.5,0.35,0.15,0.0
2022-04-14,risk_off,0.782,115,147,1.0,0.0,0.0,0.5,0.35,0.15,0.0
2022-04-18,risk_off,0.605,89,147,1.0,0.0,0.0,0.5,0.35,0.15,0.0
2022-04-19,risk_off,0.952,140,147,1.0,0.0,0.0,0.5,0.35,0.15,0.0
2022-04-20,risk_off,0.946,139,147,1.0,0.0,0.0,0.5,0.35,0.15,0.0
2022-04-21,risk_off,0.898,132,147,1.0,0.0,0.0,0.5,0.35,0.15,0.0
2022-04-22,risk_off,1.0,147,147,1.0,0.0,0.0,0.5,0.35,0.15,0.0
2022-04-25,risk_off,1.0,147,147,1.0,0.0,0.0,0.5,0.35,0.15,0.0
2022-04-26,risk_off,1.0,147,147,1.0,0.0,0.0,0.5,0.35,0.15,0.0
2022-04-27,risk_off,1.0,147,147,1.0,0.0,0.0,0.5,0.35,0.15,0.0
2022-04-28,risk_off,1.0,147,147,1.0,0.0,0.0,0.5,0.35,0.15,0.0
2022-04-29,risk_off,1.0,147,147,1.0,0.0,0.0,0.5,0.35,0.15,0.0
2022-05-02,risk_off,1.0,147,147,1.0,0.0,0.0,0.5,0.35,0.15,0.0
2022-05-03,risk_off,1.0,147,147,1.0,0.0,0.0,0.5,0.35,0.15,0.0
2022-05-04,risk_off,0.701,103,147,1.0,0.0,0.0,0.5,0.35,0.15,0.0
2022-05-05,risk_off,0.993,146,147,1.0,0.0,0.0,0.5,0.35,0.15,0.0
2022-05-06,risk_off,1.0,147,147,1.0,0.0,0.0,0.5,0.35,0.15,0.0
2022-05-09,risk_off,1.0,147,147,1.0,0.0,0.0,0.5,0.35,0.15,0.0
2022-05-10,risk_off,1.0,147,147,1.0,0.0,0.0,0.5,0.35,0.15,0.0
2022-05-11,risk_off,1.0,147,147,1.0,0.0,0.0,0.5,0.35,0.15,0.0
2022-05-12,risk_off,1.0,147,147,1.0,0.0,0.0,0.5,0.35,0.15,0.0
2022-05-13,risk_off,1.0,147,147,1.0,0.0,0.0,0.5,0.35,0.15,0.0
2022-05-16,risk_off,1.0,147,147,1.0,0.0,0.0,0.5,0.35,0.15,0.0
2022-05-17,risk_off,0.871,128,147,1.0,0.0,0.0,0.5,0.35,0.15,0.0
2022-05-18,risk_off,1.0,147,147,1.0,0.0,0.0,0.5,0.35,0.15,0.0
2022-05-19,risk_off,1.0,147,147,1.0,0.0,0.0,0.5,0.35,0.15,0.0
2022-05-20,risk_off,1.0,147,147,1.0,0.0,0.0,0.5,0.35,0.15,0.0
2022-05-23,risk_off,1.0,147,147,1.0,0.0,0.0,0.5,0.35,0.15,0.0
2022-05-24,risk_off,1.0,147,147,1.0,0.0,0.0,0.5,0.35,0.15,0.0
2022-05-25,risk_off,0.884,130,147,1.0,0.0,0.0,0.5,0.35,0.15,0.0
2022-05-26,risk_off,0.993,146,147,1.0,0.0,0.0,0.5,0.35,0.15,0.0
2022-05-27,risk_off,1.0,147,147,1.0,0.0,0.0,0.5,0.35,0.15,0.0
2022-05-31,risk_off,1.0,147,147,1.0,0.0,0.0,0.5,0.35,0.15,0.0
2022-06-01,risk_off,0.898,132,147,1.0,0.0,0.0,0.5,0.35,0.15,0.0
2022-06-02,risk_off,0.986,145,147,1.0,0.0,0.0,0.5,0.35,0.15,0.0
2022-06-03,risk_off,0.864,127,147,1.0,0.0,0.0,0.5,0.35,0.15,0.0
2022-06-06,risk_off,0.925,136,147,1.0,0.0,0.0,0.5,0.35,0.15,0.0
2022-06-07,risk_off,1.0,147,147,1.0,0.0,0.0,0.5,0.35,0.15,0.0
2022-06-08,risk_off,0.973,143,147,1.0,0.0,0.0,0.5,0.35,0.15,0.0
2022-06-09,risk_off,1.0,147,147,1.0,0.0,0.0,0.5,0.35,0.15,0.0
2022-06-10,risk_off,0.0,0,147,1.0,0.0,0.0,0.5,0.35,0.15,0.0
2022-06-13,risk_off,0.0,0,147,1.0,0.0,0.0,0.5,0.35,0.15,0.0
2022-06-14,risk_off,0.0,0,147,1.0,0.0,0.0,0.5,0.35,0.15,0.0
2022-06-15,risk_off,0.0,0,147,1.0,0.0,0.0,0.5,0.35,0.15,0.0
2022-06-16,risk_off,0.0,0,147,1.0,0.0,0.0,0.5,0.35,0.15,0.0
2022-06-17,risk_off,0.959,141,147,1.0,0.0,0.0,0.5,0.35,0.15,0.0
2022-06-21,risk_off,0.973,143,147,1.0,0.0,0.0,0.5,0.35,0.15,0.0
2022-06-22,risk_off,1.0,147,147,1.0,0.0,0.0,0.5,0.35,0.15,0.0
2022-06-23,risk_off,1.0,147,147,1.0,0.0,0.0,0.5,0.35,0.15,0.0
2022-06-24,risk_off,0.966,142,147,1.0,0.0,0.0,0.5,0.35,0.15,0.0
2022-06-27,risk_off,0.769,113,147,1.0,0.0,0.0,0.5,0.35,0.15,0.0
2022-06-28,risk_off,0.0,0,147,1.0,0.0,0.0,0.5,0.35,0.15,0.0
2022-06-29,risk_off,1.0,147,147,1.0,0.0,0.0,0.5,0.35,0.15,0.0
2022-06-30,risk_off,1.0,147,147,1.0,0.0,0.0,0.5,0.35,0.15,0.0
2022-07-01,risk_off,0.599,88,147,1.0,0.0,0.0,0.5,0.35,0.15,0.0
2022-07-05,risk_off,0.905,133,147,1.0,0.0,0.0,0.5,0.35,0.15,0.0
2022-07-06,risk_off,0.959,141,147,1.0,0.0,0.0,0.5,0.35,0.15,0.0
2022-07-07,risk_off,0.966,142,147,1.0,0.0,0.0,0.5,0.35,0.15,0.0
2022-07-08,risk_off,0.966,142,147,1.0,0.0,0.0,0.5,0.35,0.15,0.0
2022-07-11,risk_off,0.952,140,147,1.0,0.0,0.0,0.5,0.35,0.15,0.0
2022-07-12,risk_off,0.755,111,147,1.0,0.0,0.0,0.5,0.35,0.15,0.0
2022-07-13,risk_off,0.442,65,147,1.0,0.0,0.0,0.5,0.35,0.15,0.0
2022-07-14,risk_off,0.646,95,147,1.0,0.0,0.0,0.5,0.35,0.15,0.0
2022-07-15,risk_off,0.483,71,147,1.0,0.0,0.0,0.5,0.35,0.15,0.0
2022-07-18,risk_off,0.456,67,147,1.0,0.0,0.0,0.5,0.35,0.15,0.0
2022-07-19,risk_off,0.98,144,147,1.0,0.0,0.0,0.5,0.35,0.15,0.0
2022-07-20,risk_off,0.177,26,147,1.0,0.0,0.0,0.5,0.35,0.15,0.0
2022-07-21,risk_off,0.966,142,147,1.0,0.0,0.0,0.5,0.35,0.15,0.0
2022-07-22,risk_off,1.0,147,147,1.0,0.0,0.0,0.5,0.35,0.15,0.0
2022-07-25,risk_off,0.163,24,147,1.0,0.0,0.0,0.5,0.35,0.15,0.0
2022-07-26,risk_off,0.993,146,147,1.0,0.0,0.0,0.5,0.35,0.15,0.0
2022-07-27,risk_off,1.0,147,147,1.0,0.0,0.0,0.5,0.35,0.15,0.0
2022-07-28,risk_off,1.0,147,147,1.0,0.0,0.0,0.5,0.35,0.15,0.0
2022-07-29,risk_off,1.0,147,147,1.0,0.0,0.0,0.5,0.35,0.15,0.0
2022-08-01,risk_off,0.986,145,147,1.0,0.0,0.0,0.5,0.35,0.15,0.0
2022-08-02,risk_off,0.721,106,147,1.0,0.0,0.0,0.5,0.35,0.15,0.0
2022-08-03,risk_off,0.15,22,147,1.0,0.0,0.0,0.5,0.35,0.15,0.0
2022-08-04,risk_off,0.66,97,147,1.0,0.0,0.0,0.5,0.35,0.15,0.0
2022-08-05,risk_off,0.014,2,147,1.0,0.0,0.0,0.5,0.35,0.15,0.0
2022-08-08,risk_off,0.007,1,147,1.0,0.0,0.0,0.5,0.35,0.15,0.0
2022-08-09,risk_off,0.449,66,147,1.0,0.0,0.0,0.5,0.35,0.15,0.0
2022-08-10,risk_off,0.041,6,147,1.0,0.0,0.0,0.5,0.35,0.15,0.0
2022-08-11,risk_off,0.0,0,147,1.0,0.0,0.0,0.5,0.35,0.15,0.0
2022-08-12,risk_off,0.66,97,147,1.0,0.0,0.0,0.5,0.35,0.15,0.0
2022-08-15,risk_off,0.15,22,147,1.0,0.0,0.0,0.5,0.35,0.15,0.0
2022-08-16,risk_off,0.034,5,147,1.0,0.0,0.0,0.5,0.35,0.15,0.0
2022-08-17,risk_off,0.163,24,147,1.0,0.0,0.0,0.5,0.35,0.15,0.0
2022-08-18,risk_off,0.211,31,147,1.0,0.0,0.0,0.5,0.35,0.15,0.0
2022-08-19,risk_off,1.0,147,147,1.0,0.0,0.0,0.5,0.35,0.15,0.0
2022-08-22,risk_off,0.537,79,147,1.0,0.0,0.0,0.5,0.35,0.15,0.0
2022-08-23,risk_off,0.653,96,147,1.0,0.0,0.0,0.5,0.35,0.15,0.0
2022-08-24,risk_off,1.0,147,147,1.0,0.0,0.0,0.5,0.35,0.15,0.0
2022-08-25,risk_off,0.946,139,147,1.0,0.0,0.0,0.5,0.35,0.15,0.0
2022-08-26,risk_off,0.878,129,147,1.0,0.0,0.0,0.5,0.35,0.15,0.0
2022-08-29,risk_off,0.966,142,147,1.0,0.0,0.0,0.5,0.35,0.15,0.0
2022-08-30,risk_off,0.993,146,147,1.0,0.0,0.0,0.5,0.35,0.15,0.0
2022-08-31,risk_off,1.0,147,147,1.0,0.0,0.0,0.5,0.35,0.15,0.0
2022-09-01,risk_off,0.871,128,147,1.0,0.0,0.0,0.5,0.35,0.15,0.0
2022-09-02,risk_off,1.0,147,147,1.0,0.0,0.0,0.5,0.35,0.15,0.0
2022-09-06,risk_off,0.612,90,147,1.0,0.0,0.0,0.5,0.35,0.15,0.0
2022-09-07,risk_off,0.864,127,147,1.0,0.0,0.0,0.5,0.35,0.15,0.0
2022-09-08,risk_off,0.98,144,147,1.0,0.0,0.0,0.5,0.35,0.15,0.0
2022-09-09,risk_off,0.864,127,147,1.0,0.0,0.0,0.5,0.35,0.15,0.0
2022-09-12,risk_off,0.98,144,147,1.0,0.0,0.0,0.5,0.35,0.15,0.0
2022-09-13,risk_off,0.891,131,147,1.0,0.0,0.0,0.5,0.35,0.15,0.0
2022-09-14,risk_off,0.762,112,147,1.0,0.0,0.0,0.5,0.35,0.15,0.0
2022-09-15,risk_off,1.0,147,147,1.0,0.0,0.0,0.5,0.35,0.15,0.0
2022-09-16,risk_off,1.0,147,147,1.0,0.0,0.0,0.5,0.35,0.15,0.0
2022-09-19,risk_off,0.952,140,147,1.0,0.0,0.0,0.5,0.35,0.15,0.0
2022-09-20,risk_off,0.354,52,147,1.0,0.0,0.0,0.5,0.35,0.15,0.0
2022-09-21,risk_off,0.306,45,147,1.0,0.0,0.0,0.5,0.35,0.15,0.0
2022-09-22,risk_off,1.0,147,147,1.0,0.0,0.0,0.5,0.35,0.15,0.0
2022-09-23,risk_off,1.0,147,147,1.0,0.0,0.0,0.5,0.35,0.15,0.0
2022-09-26,risk_off,1.0,147,147,1.0,0.0,0.0,0.5,0.35,0.15,0.0
2022-09-27,risk_off,1.0,147,147,1.0,0.0,0.0,0.5,0.35,0.15,0.0
2022-09-28,risk_off,0.585,86,147,1.0,0.0,0.0,0.5,0.35,0.15,0.0
2022-09-29,risk_off,0.007,1,147,1.0,0.0,0.0,0.5,0.35,0.15,0.0
2022-09-30,risk_off,0.0,0,147,1.0,0.0,0.0,0.5,0.35,0.15,0.0
2022-10-03,risk_off,0.075,11,147,1.0,0.0,0.0,0.5,0.35,0.15,0.0
2022-10-04,risk_off,0.102,15,147,1.0,0.0,0.0,0.5,0.35,0.15,0.0
2022-10-05,risk_off,0.918,135,147,1.0,0.0,0.0,0.5,0.35,0.15,0.0
2022-10-06,risk_off,0.932,137,147,1.0,0.0,0.0,0.5,0.35,0.15,0.0
2022-10-07,risk_off,0.714,105,147,1.0,0.0,0.0,0.5,0.35,0.15,0.0
2022-10-10,risk_off,0.755,111,147,1.0,0.0,0.0,0.5,0.35,0.15,0.0
2022-10-11,risk_off,0.088,13,147,1.0,0.0,0.0,0.5,0.35,0.15,0.0
2022-10-12,risk_off,0.265,39,147,1.0,0.0,0.0,0.5,0.35,0.15,0.0
2022-10-13,risk_off,0.551,81,147,1.0,0.0,0.0,0.5,0.35,0.15,0.0
2022-10-14,risk_off,0.612,90,147,1.0,0.0,0.0,0.5,0.35,0.15,0.0
2022-10-17,risk_off,0.973,143,147,1.0,0.0,0.0,0.5,0.35,0.15,0.0
2022-10-18,risk_off,0.884,130,147,1.0,0.0,0.0,0.5,0.35,0.15,0.0
2022-10-19,risk_off,0.599,88,147,1.0,0.0,0.0,0.5,0.35,0.15,0.0
2022-10-20,risk_off,0.517,76,147,1.0,0.0,0.0,0.5,0.35,0.15,0.0
2022-10-21,risk_off,0.878,129,147,1.0,0.0,0.0,0.5,0.35,0.15,0.0
2022-10-24,risk_off,0.667,98,147,1.0,0.0,0.0,0.5,0.35,0.15,0.0
2022-10-25,risk_off,0.673,99,147,1.0,0.0,0.0,0.5,0.35,0.15,0.0
2022-10-26,risk_off,0.027,4,147,1.0,0.0,0.0,0.5,0.35,0.15,0.0
2022-10-27,risk_off,0.007,1,147,1.0,0.0,0.0,0.5,0.35,0.15,0.0
2022-10-28,risk_off,0.395,58,147,1.0,0.0,0.0,0.5,0.35,0.15,0.0
2022-10-31,risk_off,0.095,14,147,1.0,0.0,0.0,0.5,0.35,0.15,0.0
2022-11-01,risk_off,0.122,18,147,1.0,0.0,0.0,0.5,0.35,0.15,0.0
2022-11-02,risk_off,1.0,147,147,1.0,0.0,0.0,0.5,0.35,0.15,0.0
2022-11-03,risk_off,1.0,147,147,1.0,0.0,0.0,0.5,0.35,0.15,0.0
2022-11-04,risk_off,0.422,62,147,1.0,0.0,0.0,0.5,0.35,0.15,0.0
2022-11-07,risk_off,0.122,18,147,1.0,0.0,0.0,0.5,0.35,0.15,0.0
2022-11-08,risk_off,0.197,29,147,1.0,0.0,0.0,0.5,0.35,0.15,0.0
2022-11-09,risk_off,0.299,44,147,1.0,0.0,0.0,0.5,0.35,0.15,0.0
2022-11-10,risk_off,0.32,47,147,1.0,0.0,0.0,0.5,0.35,0.15,0.0
2022-11-11,risk_off,0.531,78,147,1.0,0.0,0.0,0.5,0.35,0.15,0.0
2022-11-14,risk_off,0.075,11,147,1.0,0.0,0.0,0.5,0.35,0.15,0.0
2022-11-15,risk_off,0.163,24,147,1.0,0.0,0.0,0.5,0.35,0.15,0.0
2022-11-16,risk_off,0.197,29,147,1.0,0.0,0.0,0.5,0.35,0.15,0.0
2022-11-17,risk_off,1.0,147,147,1.0,0.0,0.0,0.5,0.35,0.15,0.0
2022-11-18,risk_off,0.293,43,147,1.0,0.0,0.0,0.5,0.35,0.15,0.0
2022-11-21,risk_off,0.109,16,147,1.0,0.0,0.0,0.5,0.35,0.15,0.0
2022-11-22,risk_off,0.156,23,147,1.0,0.0,0.0,0.5,0.35,0.15,0.0
2022-11-23,risk_off,0.946,139,147,1.0,0.0,0.0,0.5,0.35,0.15,0.0
2022-11-25,risk_off,0.197,29,147,1.0,0.0,0.0,0.5,0.35,0.15,0.0
2022-11-28,risk_off,0.925,136,147,1.0,0.0,0.0,0.5,0.35,0.15,0.0
2022-11-29,risk_off,0.19,28,147,1.0,0.0,0.0,0.5,0.35,0.15,0.0
2022-11-30,neutral,0.626,92,147,0.3096,0.1703,0.0774,0.0619,0.0,0.0,0.6904
2022-12-01,neutral,0.299,44,147,0.3096,0.1703,0.0774,0.0619,0.0,0.0,0.6904
2022-12-02,neutral,0.966,142,147,0.3096,0.1703,0.0774,0.0619,0.0,0.0,0.6904
2022-12-05,risk_off,0.918,135,147,1.0,0.0,0.0,0.5,0.35,0.15,0.0
2022-12-06,risk_off,0.626,92,147,1.0,0.0,0.0,0.5,0.35,0.15,0.0
2022-12-07,risk_off,0.721,106,147,1.0,0.0,0.0,0.5,0.35,0.15,0.0
2022-12-08,risk_off,0.728,107,147,1.0,0.0,0.0,0.5,0.35,0.15,0.0
2022-12-09,risk_off,0.646,95,147,1.0,0.0,0.0,0.5,0.35,0.15,0.0
2022-12-12,risk_off,0.85,125,147,1.0,0.0,0.0,0.5,0.35,0.15,0.0
2022-12-13,neutral,0.871,128,147,0.4978,0.2738,0.1245,0.0996,0.0,0.0,0.5022
2022-12-14,risk_off,0.041,6,147,1.0,0.0,0.0,0.5,0.35,0.15,0.0
2022-12-15,risk_off,0.02,3,147,1.0,0.0,0.0,0.5,0.35,0.15,0.0
2022-12-16,risk_off,0.122,18,147,1.0,0.0,0.0,0.5,0.35,0.15,0.0
2022-12-19,risk_off,0.136,20,147,1.0,0.0,0.0,0.5,0.35,0.15,0.0
2022-12-20,risk_off,0.088,13,147,1.0,0.0,0.0,0.5,0.35,0.15,0.0
2022-12-21,risk_off,0.136,20,147,1.0,0.0,0.0,0.5,0.35,0.15,0.0
2022-12-22,risk_off,0.129,19,147,1.0,0.0,0.0,0.5,0.35,0.15,0.0
2022-12-23,risk_off,0.333,49,147,1.0,0.0,0.0,0.5,0.35,0.15,0.0
2022-12-27,risk_off,0.966,142,147,1.0,0.0,0.0,0.5,0.35,0.15,0.0
2022-12-28,risk_off,0.959,141,147,1.0,0.0,0.0,0.5,0.35,0.15,0.0
2022-12-29,risk_off,1.0,147,147,1.0,0.0,0.0,0.5,0.35,0.15,0.0
2022-12-30,risk_off,0.993,146,147,1.0,0.0,0.0,0.5,0.35,0.15,0.0
2023-01-03,risk_off,0.905,133,147,1.0,0.0,0.0,0.5,0.35,0.15,0.0
2023-01-04,risk_off,0.932,137,147,1.0,0.0,0.0,0.5,0.35,0.15,0.0
2023-01-05,risk_off,0.871,128,147,1.0,0.0,0.0,0.5,0.35,0.15,0.0
2023-01-06,risk_off,0.973,143,147,1.0,0.0,0.0,0.5,0.35,0.15,0.0
2023-01-09,risk_off,0.673,99,147,1.0,0.0,0.0,0.5,0.35,0.15,0.0
2023-01-10,risk_off,0.66,97,147,1.0,0.0,0.0,0.5,0.35,0.15,0.0
2023-01-11,neutral,0.741,109,147,0.4741,0.2608,0.1185,0.0948,0.0,0.0,0.5259
2023-01-12,neutral,0.735,108,147,0.4741,0.2608,0.1185,0.0948,0.0,0.0,0.5259
2023-01-13,neutral,0.286,42,147,0.4741,0.2608,0.1185,0.0948,0.0,0.0,0.5259
2023-01-17,neutral,0.068,10,147,0.4741,0.2608,0.1185,0.0948,0.0,0.0,0.5259
2023-01-18,risk_off,1.0,147,147,1.0,0.0,0.0,0.5,0.35,0.15,0.0
2023-01-19,risk_off,1.0,147,147,1.0,0.0,0.0,0.5,0.35,0.15,0.0
2023-01-20,risk_off,0.075,11,147,1.0,0.0,0.0,0.5,0.35,0.15,0.0
2023-01-23,risk_off,0.034,5,147,1.0,0.0,0.0,0.5,0.35,0.15,0.0
2023-01-24,risk_off,0.034,5,147,1.0,0.0,0.0,0.5,0.35,0.15,0.0
2023-01-25,risk_off,0.959,141,147,1.0,0.0,0.0,0.5,0.35,0.15,0.0
2023-01-26,risk_off,0.088,13,147,1.0,0.0,0.0,0.5,0.35,0.15,0.0
2023-01-27,risk_off,0.0,0,147,1.0,0.0,0.0,0.5,0.35,0.15,0.0
2023-01-30,risk_off,0.014,2,147,1.0,0.0,0.0,0.5,0.35,0.15,0.0
2023-01-31,risk_off,0.007,1,147,1.0,0.0,0.0,0.5,0.35,0.15,0.0
2023-02-01,neutral,0.544,80,147,0.5383,0.296,0.1346,0.1077,0.0,0.0,0.4617
2023-02-02,neutral,0.701,103,147,0.5383,0.296,0.1346,0.1077,0.0,0.0,0.4617
2023-02-03,neutral,0.17,25,147,0.5383,0.296,0.1346,0.1077,0.0,0.0,0.4617
2023-02-06,neutral,0.279,41,147,0.5383,0.296,0.1346,0.1077,0.0,0.0,0.4617
2023-02-07,neutral,0.959,141,147,0.5383,0.296,0.1346,0.1077,0.0,0.0,0.4617
2023-02-08,neutral,0.939,138,147,0.5383,0.296,0.1346,0.1077,0.0,0.0,0.4617
2023-02-09,risk_off,0.381,56,147,1.0,0.0,0.0,0.5,0.35,0.15,0.0
2023-02-10,risk_off,0.32,47,147,1.0,0.0,0.0,0.5,0.35,0.15,0.0
2023-02-13,risk_off,0.293,43,147,1.0,0.0,0.0,0.5,0.35,0.15,0.0
2023-02-14,risk_off,0.653,96,147,1.0,0.0,0.0,0.5,0.35,0.15,0.0
2023-02-15,risk_off,0.721,106,147,1.0,0.0,0.0,0.5,0.35,0.15,0.0
2023-02-16,risk_off,0.361,53,147,1.0,0.0,0.0,0.5,0.35,0.15,0.0
2023-02-17,risk_off,0.367,54,147,1.0,0.0,0.0,0.5,0.35,0.15,0.0
2023-02-21,risk_off,0.361,53,147,1.0,0.0,0.0,0.5,0.35,0.15,0.0
2023-02-22,risk_off,0.354,52,147,1.0,0.0,0.0,0.5,0.35,0.15,0.0
2023-02-23,neutral,0.551,81,147,0.4458,0.2452,0.1114,0.0892,0.0,0.0,0.5542
2023-02-24,neutral,0.354,52,147,0.4458,0.2452,0.1114,0.0892,0.0,0.0,0.5542
2023-02-27,neutral,0.218,32,147,0.4458,0.2452,0.1114,0.0892,0.0,0.0,0.5542
2023-02-28,neutral,0.497,73,147,0.4458,0.2452,0.1114,0.0892,0.0,0.0,0.5542
2023-03-01,neutral,0.578,85,147,0.4458,0.2452,0.1114,0.0892,0.0,0.0,0.5542
2023-03-02,neutral,0.565,83,147,0.4458,0.2452,0.1114,0.0892,0.0,0.0,0.5542
2023-03-03,neutral,0.517,76,147,0.5581,0.3069,0.1395,0.1116,0.0,0.0,0.4419
2023-03-06,risk_off,0.197,29,147,1.0,0.0,0.0,0.5,0.35,0.15,0.0
2023-03-07,risk_off,0.408,60,147,1.0,0.0,0.0,0.5,0.35,0.15,0.0
2023-03-08,risk_off,0.558,82,147,1.0,0.0,0.0,0.5,0.35,0.15,0.0
2023-03-09,risk_off,0.483,71,147,1.0,0.0,0.0,0.5,0.35,0.15,0.0
2023-03-10,risk_off,0.571,84,147,1.0,0.0,0.0,0.5,0.35,0.15,0.0
2023-03-13,risk_off,0.415,61,147,1.0,0.0,0.0,0.5,0.35,0.15,0.0
2023-03-14,risk_off,0.075,11,147,1.0,0.0,0.0,0.5,0.35,0.15,0.0
2023-03-15,risk_off,0.83,122,147,1.0,0.0,0.0,0.5,0.35,0.15,0.0
2023-03-16,neutral,0.585,86,147,0.5269,0.2898,0.1317,0.1054,0.0,0.0,0.4731
2023-03-17,neutral,0.714,105,147,0.5269,0.2898,0.1317,0.1054,0.0,0.0,0.4731
2023-03-20,neutral,0.66,97,147,0.5269,0.2898,0.1317,0.1054,0.0,0.0,0.4731
2023-03-21,neutral,0.184,27,147,0.5269,0.2898,0.1317,0.1054,0.0,0.0,0.4731
2023-03-22,neutral,0.531,78,147,0.5269,0.2898,0.1317,0.1054,0.0,0.0,0.4731
2023-03-23,neutral,0.578,85,147,0.5269,0.2898,0.1317,0.1054,0.0,0.0,0.4731
2023-03-24,risk_off,0.238,35,147,1.0,0.0,0.0,0.5,0.35,0.15,0.0
2023-03-27,risk_off,0.844,124,147,1.0,0.0,0.0,0.5,0.35,0.15,0.0
2023-03-28,risk_off,0.469,69,147,1.0,0.0,0.0,0.5,0.35,0.15,0.0
2023-03-29,risk_off,0.136,20,147,1.0,0.0,0.0,0.5,0.35,0.15,0.0
2023-03-30,risk_off,0.333,49,147,1.0,0.0,0.0,0.5,0.35,0.15,0.0
2023-03-31,risk_off,0.735,108,147,1.0,0.0,0.0,0.5,0.35,0.15,0.0
2023-04-03,risk_off,0.041,6,147,1.0,0.0,0.0,0.5,0.35,0.15,0.0
2023-04-04,risk_off,0.265,39,147,1.0,0.0,0.0,0.5,0.35,0.15,0.0
2023-04-05,neutral,0.51,75,147,0.5941,0.3267,0.1485,0.1188,0.0,0.0,0.4059
2023-04-06,neutral,0.571,84,147,0.5941,0.3267,0.1485,0.1188,0.0,0.0,0.4059
2023-04-10,neutral,0.49,72,147,0.5941,0.3267,0.1485,0.1188,0.0,0.0,0.4059
2023-04-11,neutral,0.49,72,147,0.5941,0.3267,0.1485,0.1188,0.0,0.0,0.4059
2023-04-12,neutral,0.374,55,147,0.7013,0.3857,0.1753,0.1403,0.0,0.0,0.2987
2023-04-13,neutral,0.306,45,147,0.7013,0.3857,0.1753,0.1403,0.0,0.0,0.2987
2023-04-14,risk_off,0.34,50,147,1.0,0.0,0.0,0.5,0.35,0.15,0.0
2023-04-17,risk_off,0.381,56,147,1.0,0.0,0.0,0.5,0.35,0.15,0.0
2023-04-18,risk_off,0.415,61,147,1.0,0.0,0.0,0.5,0.35,0.15,0.0
2023-04-19,risk_off,0.395,58,147,1.0,0.0,0.0,0.5,0.35,0.15,0.0
2023-04-20,risk_off,0.449,66,147,1.0,0.0,0.0,0.5,0.35,0.15,0.0
2023-04-21,risk_off,0.374,55,147,1.0,0.0,0.0,0.5,0.35,0.15,0.0
2023-04-24,risk_off,0.361,53,147,1.0,0.0,0.0,0.5,0.35,0.15,0.0
2023-04-25,risk_off,0.435,64,147,1.0,0.0,0.0,0.5,0.35,0.15,0.0
2023-04-26,risk_on,0.633,93,147,0.9683,0.3873,0.581,0.0,0.0,0.0,0.0317
2023-04-27,risk_on,0.435,64,147,0.9683,0.3873,0.581,0.0,0.0,0.0,0.0317
2023-04-28,risk_on,0.374,55,147,0.9683,0.3873,0.581,0.0,0.0,0.0,0.0317
2023-05-01,risk_on,0.313,46,147,0.9683,0.3873,0.581,0.0,0.0,0.0,0.0317
2023-05-02,risk_on,0.456,67,147,0.9683,0.3873,0.581,0.0,0.0,0.0,0.0317
2023-05-03,risk_on,0.544,80,147,0.9683,0.3873,0.581,0.0,0.0,0.0,0.0317
2023-05-04,neutral,0.537,79,147,0.7503,0.4127,0.1876,0.1501,0.0,0.0,0.2497
2023-05-05,neutral,0.456,67,147,0.7503,0.4127,0.1876,0.1501,0.0,0.0,0.2497
2023-05-08,neutral,0.429,63,147,0.7503,0.4127,0.1876,0.1501,0.0,0.0,0.2497
2023-05-09,neutral,0.456,67,147,0.7503,0.4127,0.1876,0.1501,0.0,0.0,0.2497
2023-05-10,neutral,0.435,64,147,0.7503,0.4127,0.1876,0.1501,0.0,0.0,0.2497
2023-05-11,neutral,0.463,68,147,0.7503,0.4127,0.1876,0.1501,0.0,0.0,0.2497
2023-05-12,risk_off,0.476,70,147,1.0,0.0,0.0,0.5,0.35,0.15,0.0
2023-05-15,risk_off,0.347,51,147,1.0,0.0,0.0,0.5,0.35,0.15,0.0
2023-05-16,risk_off,0.667,98,147,1.0,0.0,0.0,0.5,0.35,0.15,0.0
2023-05-17,risk_off,0.408,60,147,1.0,0.0,0.0,0.5,0.35,0.15,0.0
2023-05-18,risk_off,0.456,67,147,1.0,0.0,0.0,0.5,0.35,0.15,0.0
2023-05-19,risk_off,0.49,72,147,1.0,0.0,0.0,0.5,0.35,0.15,0.0
2023-05-22,risk_off,0.456,67,147,1.0,0.0,0.0,0.5,0.35,0.15,0.0
2023-05-23,risk_on,0.66,97,147,0.9157,0.3663,0.5494,0.0,0.0,0.0,0.0843
2023-05-24,risk_on,0.748,110,147,0.9157,0.3663,0.5494,0.0,0.0,0.0,0.0843
2023-05-25,risk_on,0.694,102,147,0.9157,0.3663,0.5494,0.0,0.0,0.0,0.0843
2023-05-26,risk_on,0.374,55,147,0.9157,0.3663,0.5494,0.0,0.0,0.0,0.0843
2023-05-30,risk_on,0.408,60,147,0.9157,0.3663,0.5494,0.0,0.0,0.0,0.0843
2023-05-31,risk_on,0.34,50,147,0.9157,0.3663,0.5494,0.0,0.0,0.0,0.0843
2023-06-01,risk_off,0.388,57,147,1.0,0.0,0.0,0.5,0.35,0.15,0.0
2023-06-02,risk_off,0.238,35,147,1.0,0.0,0.0,0.5,0.35,0.15,0.0
2023-06-05,risk_off,0.224,33,147,1.0,0.0,0.0,0.5,0.35,0.15,0.0
2023-06-06,risk_off,0.088,13,147,1.0,0.0,0.0,0.5,0.35,0.15,0.0
2023-06-07,risk_off,0.075,11,147,1.0,0.0,0.0,0.5,0.35,0.15,0.0
2023-06-08,risk_off,0.361,53,147,1.0,0.0,0.0,0.5,0.35,0.15,0.0
2023-06-09,risk_on,0.605,89,147,0.8541,0.3416,0.5124,0.0,0.0,0.0,0.1459
2023-06-12,risk_on,0.238,35,147,0.8541,0.3416,0.5124,0.0,0.0,0.0,0.1459
2023-06-13,risk_on,0.163,24,147,0.8541,0.3416,0.5124,0.0,0.0,0.0,0.1459
2023-06-14,risk_on,0.442,65,147,0.8541,0.3416,0.5124,0.0,0.0,0.0,0.1459
2023-06-15,risk_on,0.088,13,147,0.8541,0.3416,0.5124,0.0,0.0,0.0,0.1459
2023-06-16,risk_on,0.136,20,147,0.8541,0.3416,0.5124,0.0,0.0,0.0,0.1459
2023-06-20,risk_off,0.102,15,147,1.0,0.0,0.0,0.5,0.35,0.15,0.0
2023-06-21,risk_off,0.095,14,147,1.0,0.0,0.0,0.5,0.35,0.15,0.0
2023-06-22,risk_off,0.449,66,147,1.0,0.0,0.0,0.5,0.35,0.15,0.0
2023-06-23,risk_off,0.361,53,147,1.0,0.0,0.0,0.5,0.35,0.15,0.0
2023-06-26,risk_off,0.354,52,147,1.0,0.0,0.0,0.5,0.35,0.15,0.0
2023-06-27,risk_off,0.231,34,147,1.0,0.0,0.0,0.5,0.35,0.15,0.0
2023-06-28,risk_off,0.333,49,147,1.0,0.0,0.0,0.5,0.35,0.15,0.0
2023-06-29,risk_off,0.32,47,147,1.0,0.0,0.0,0.5,0.35,0.15,0.0
2023-06-30,risk_off,0.313,46,147,1.0,0.0,0.0,0.5,0.35,0.15,0.0
2023-07-03,risk_off,0.306,45,147,1.0,0.0,0.0,0.5,0.35,0.15,0.0
2023-07-05,risk_off,0.245,36,147,1.0,0.0,0.0,0.5,0.35,0.15,0.0
2023-07-06,risk_off,0.401,59,147,1.0,0.0,0.0,0.5,0.35,0.15,0.0
2023-07-07,risk_off,0.469,69,147,1.0,0.0,0.0,0.5,0.35,0.15,0.0
2023-07-10,risk_off,0.333,49,147,1.0,0.0,0.0,0.5,0.35,0.15,0.0
2023-07-11,risk_off,0.32,47,147,1.0,0.0,0.0,0.5,0.35,0.15,0.0
2023-07-12,risk_off,0.204,30,147,1.0,0.0,0.0,0.5,0.35,0.15,0.0
2023-07-13,risk_off,0.313,46,147,1.0,0.0,0.0,0.5,0.35,0.15,0.0
2023-07-14,risk_off,0.293,43,147,1.0,0.0,0.0,0.5,0.35,0.15,0.0
2023-07-17,risk_off,0.259,38,147,1.0,0.0,0.0,0.5,0.35,0.15,0.0
2023-07-18,risk_off,0.082,12,147,1.0,0.0,0.0,0.5,0.35,0.15,0.0
2023-07-19,risk_on,0.748,110,147,0.9942,0.3977,0.5965,0.0,0.0,0.0,0.0058
2023-07-20,risk_on,0.782,115,147,0.9942,0.3977,0.5965,0.0,0.0,0.0,0.0058
2023-07-21,risk_on,0.769,113,147,0.9942,0.3977,0.5965,0.0,0.0,0.0,0.0058
2023-07-24,risk_on,0.51,75,147,0.9942,0.3977,0.5965,0.0,0.0,0.0,0.0058
2023-07-25,risk_on,0.129,19,147,0.9942,0.3977,0.5965,0.0,0.0,0.0,0.0058
2023-07-26,risk_on,0.238,35,147,0.9942,0.3977,0.5965,0.0,0.0,0.0,0.0058
2023-07-27,risk_off,0.361,53,147,1.0,0.0,0.0,0.5,0.35,0.15,0.0
2023-07-28,risk_off,0.435,64,147,1.0,0.0,0.0,0.5,0.35,0.15,0.0
2023-07-31,risk_off,0.313,46,147,1.0,0.0,0.0,0.5,0.35,0.15,0.0
2023-08-01,risk_off,0.252,37,147,1.0,0.0,0.0,0.5,0.35,0.15,0.0
2023-08-02,risk_off,0.381,56,147,1.0,0.0,0.0,0.5,0.35,0.15,0.0
2023-08-03,risk_off,0.381,56,147,1.0,0.0,0.0,0.5,0.35,0.15,0.0
2023-08-04,risk_off,0.469,69,147,1.0,0.0,0.0,0.5,0.35,0.15,0.0
2023-08-07,risk_off,0.347,51,147,1.0,0.0,0.0,0.5,0.35,0.15,0.0
2023-08-08,risk_off,0.265,39,147,1.0,0.0,0.0,0.5,0.35,0.15,0.0
2023-08-09,risk_on,0.565,83,147,0.8885,0.3554,0.5331,0.0,0.0,0.0,0.1115
2023-08-10,risk_on,0.646,95,147,0.8885,0.3554,0.5331,0.0,0.0,0.0,0.1115
2023-08-11,risk_on,0.34,50,147,0.8885,0.3554,0.5331,0.0,0.0,0.0,0.1115
2023-08-14,risk_on,0.259,38,147,0.8885,0.3554,0.5331,0.0,0.0,0.0,0.1115
2023-08-15,risk_on,0.537,79,147,0.8885,0.3554,0.5331,0.0,0.0,0.0,0.1115
2023-08-16,risk_on,0.925,136,147,0.8885,0.3554,0.5331,0.0,0.0,0.0,0.1115
2023-08-17,neutral,0.524,77,147,0.8294,0.4561,0.2073,0.1659,0.0,0.0,0.1706
2023-08-18,neutral,1.0,147,147,0.8294,0.4561,0.2073,0.1659,0.0,0.0,0.1706
2023-08-21,neutral,1.0,147,147,0.8294,0.4561,0.2073,0.1659,0.0,0.0,0.1706
2023-08-22,neutral,1.0,147,147,0.8294,0.4561,0.2073,0.1659,0.0,0.0,0.1706
2023-08-23,neutral,1.0,147,147,0.7162,0.3939,0.179,0.1432,0.0,0.0,0.2838
2023-08-24,neutral,1.0,147,147,0.7162,0.3939,0.179,0.1432,0.0,0.0,0.2838
2023-08-25,risk_on,1.0,147,147,0.8802,0.3521,0.5281,0.0,0.0,0.0,0.1198
2023-08-28,risk_on,0.932,137,147,0.8802,0.3521,0.5281,0.0,0.0,0.0,0.1198
2023-08-29,risk_on,0.803,118,147,0.7745,0.3098,0.4647,0.0,0.0,0.0,0.2255
2023-08-30,risk_on,0.966,142,147,0.7745,0.3098,0.4647,0.0,0.0,0.0,0.2255
2023-08-31,risk_on,0.952,140,147,0.7745,0.3098,0.4647,0.0,0.0,0.0,0.2255
2023-09-01,risk_on,0.939,138,147,0.7745,0.3098,0.4647,0.0,0.0,0.0,0.2255
2023-09-05,risk_off,0.218,32,147,1.0,0.0,0.0,0.5,0.35,0.15,0.0
2023-09-06,risk_off,0.136,20,147,1.0,0.0,0.0,0.5,0.35,0.15,0.0
2023-09-07,risk_off,0.259,38,147,1.0,0.0,0.0,0.5,0.35,0.15,0.0
2023-09-08,risk_off,0.218,32,147,1.0,0.0,0.0,0.5,0.35,0.15,0.0
2023-09-11,risk_off,0.19,28,147,1.0,0.0,0.0,0.5,0.35,0.15,0.0
2023-09-12,risk_off,0.184,27,147,1.0,0.0,0.0,0.5,0.35,0.15,0.0
2023-09-13,risk_off,0.177,26,147,1.0,0.0,0.0,0.5,0.35,0.15,0.0
2023-09-14,risk_off,0.204,30,147,1.0,0.0,0.0,0.5,0.35,0.15,0.0
2023-09-15,risk_off,0.252,37,147,1.0,0.0,0.0,0.5,0.35,0.15,0.0
2023-09-18,risk_off,0.218,32,147,1.0,0.0,0.0,0.5,0.35,0.15,0.0
2023-09-19,risk_off,0.272,40,147,1.0,0.0,0.0,0.5,0.35,0.15,0.0
2023-09-20,risk_off,0.395,58,147,1.0,0.0,0.0,0.5,0.35,0.15,0.0
2023-09-21,neutral,0.932,137,147,0.6769,0.3723,0.1692,0.1354,0.0,0.0,0.3231
2023-09-22,neutral,1.0,147,147,0.6769,0.3723,0.1692,0.1354,0.0,0.0,0.3231
2023-09-25,neutral,0.844,124,147,0.6769,0.3723,0.1692,0.1354,0.0,0.0,0.3231
2023-09-26,neutral,0.531,78,147,0.6769,0.3723,0.1692,0.1354,0.0,0.0,0.3231
2023-09-27,neutral,0.449,66,147,0.857,0.4714,0.2143,0.1714,0.0,0.0,0.143
2023-09-28,neutral,1.0,147,147,0.857,0.4714,0.2143,0.1714,0.0,0.0,0.143
2023-09-29,neutral,1.0,147,147,0.857,0.4714,0.2143,0.1714,0.0,0.0,0.143
2023-10-02,neutral,0.986,145,147,0.857,0.4714,0.2143,0.1714,0.0,0.0,0.143
2023-10-03,neutral,0.735,108,147,0.857,0.4714,0.2143,0.1714,0.0,0.0,0.143
2023-10-04,neutral,1.0,147,147,0.7274,0.4001,0.1818,0.1455,0.0,0.0,0.2726
2023-10-05,neutral,1.0,147,147,0.7274,0.4001,0.1818,0.1455,0.0,0.0,0.2726
2023-10-06,risk_on,1.0,147,147,0.8507,0.3403,0.5104,0.0,0.0,0.0,0.1493
2023-10-09,risk_on,0.993,146,147,0.8507,0.3403,0.5104,0.0,0.0,0.0,0.1493
2023-10-10,risk_on,0.959,141,147,0.8507,0.3403,0.5104,0.0,0.0,0.0,0.1493
2023-10-11,risk_on,0.782,115,147,0.8507,0.3403,0.5104,0.0,0.0,0.0,0.1493
2023-10-12,risk_on,1.0,147,147,0.8507,0.3403,0.5104,0.0,0.0,0.0,0.1493
2023-10-13,risk_on,1.0,147,147,0.8507,0.3403,0.5104,0.0,0.0,0.0,0.1493
2023-10-16,risk_on,0.918,135,147,0.8507,0.3403,0.5104,0.0,0.0,0.0,0.1493
2023-10-17,risk_on,0.973,143,147,0.8507,0.3403,0.5104,0.0,0.0,0.0,0.1493
2023-10-18,risk_off,0.184,27,147,1.0,0.0,0.0,0.5,0.35,0.15,0.0
2023-10-19,risk_off,0.381,56,147,1.0,0.0,0.0,0.5,0.35,0.15,0.0
2023-10-20,risk_off,0.367,54,147,1.0,0.0,0.0,0.5,0.35,0.15,0.0
2023-10-23,risk_off,0.578,85,147,1.0,0.0,0.0,0.5,0.35,0.15,0.0
2023-10-24,risk_off,0.755,111,147,1.0,0.0,0.0,0.5,0.35,0.15,0.0
2023-10-25,risk_off,1.0,147,147,1.0,0.0,0.0,0.5,0.35,0.15,0.0
2023-10-26,risk_off,0.918,135,147,1.0,0.0,0.0,0.5,0.35,0.15,0.0
2023-10-27,risk_off,0.98,144,147,1.0,0.0,0.0,0.5,0.35,0.15,0.0
2023-10-30,risk_off,1.0,147,147,1.0,0.0,0.0,0.5,0.35,0.15,0.0
2023-10-31,risk_off,1.0,147,147,1.0,0.0,0.0,0.5,0.35,0.15,0.0
2023-11-01,neutral,0.966,142,147,0.6311,0.3471,0.1578,0.1262,0.0,0.0,0.3689
2023-11-02,neutral,1.0,147,147,0.6311,0.3471,0.1578,0.1262,0.0,0.0,0.3689
2023-11-03,neutral,0.973,143,147,0.6311,0.3471,0.1578,0.1262,0.0,0.0,0.3689
2023-11-06,neutral,0.993,146,147,0.6311,0.3471,0.1578,0.1262,0.0,0.0,0.3689
2023-11-07,neutral,0.946,139,147,0.6311,0.3471,0.1578,0.1262,0.0,0.0,0.3689
2023-11-08,neutral,0.463,68,147,0.6311,0.3471,0.1578,0.1262,0.0,0.0,0.3689
2023-11-09,risk_on,0.571,84,147,0.758,0.3032,0.4548,0.0,0.0,0.0,0.242
2023-11-10,risk_on,0.646,95,147,0.758,0.3032,0.4548,0.0,0.0,0.0,0.242
2023-11-13,risk_on,0.333,49,147,0.758,0.3032,0.4548,0.0,0.0,0.0,0.242
2023-11-14,risk_on,0.735,108,147,0.758,0.3032,0.4548,0.0,0.0,0.0,0.242
2023-11-15,risk_on,0.0,0,147,0.758,0.3032,0.4548,0.0,0.0,0.0,0.242
2023-11-16,risk_on,0.517,76,147,0.758,0.3032,0.4548,0.0,0.0,0.0,0.242
2023-11-17,risk_off,0.463,68,147,1.0,0.0,0.0,0.5,0.35,0.15,0.0
2023-11-20,risk_off,0.102,15,147,1.0,0.0,0.0,0.5,0.35,0.15,0.0
2023-11-21,risk_off,0.211,31,147,1.0,0.0,0.0,0.5,0.35,0.15,0.0
2023-11-22,risk_off,0.17,25,147,1.0,0.0,0.0,0.5,0.35,0.15,0.0
2023-11-24,risk_off,0.707,104,147,1.0,0.0,0.0,0.5,0.35,0.15,0.0
2023-11-27,risk_off,0.762,112,147,1.0,0.0,0.0,0.5,0.35,0.15,0.0
2023-11-28,risk_on,0.925,136,147,1.0572,0.4229,0.6343,0.0,0.0,0.0,0.0
2023-11-29,risk_on,0.959,141,147,1.0572,0.4229,0.6343,0.0,0.0,0.0,0.0
2023-11-30,risk_on,0.653,96,147,1.0572,0.4229,0.6343,0.0,0.0,0.0,0.0
2023-12-01,risk_on,0.673,99,147,1.1629,0.4652,0.6977,0.0,0.0,0.0,0.0
2023-12-04,risk_on,0.497,73,147,1.1629,0.4652,0.6977,0.0,0.0,0.0,0.0
2023-12-05,risk_on,0.565,83,147,1.1629,0.4652,0.6977,0.0,0.0,0.0,0.0
2023-12-06,risk_on,0.612,90,147,1.1629,0.4652,0.6977,0.0,0.0,0.0,0.0
2023-12-07,risk_off,0.429,63,147,1.0,0.0,0.0,0.5,0.35,0.15,0.0
2023-12-08,risk_off,0.17,25,147,1.0,0.0,0.0,0.5,0.35,0.15,0.0
2023-12-11,risk_off,0.088,13,147,1.0,0.0,0.0,0.5,0.35,0.15,0.0
2023-12-12,risk_off,0.034,5,147,1.0,0.0,0.0,0.5,0.35,0.15,0.0
2023-12-13,risk_off,0.0,0,147,1.0,0.0,0.0,0.5,0.35,0.15,0.0
2023-12-14,risk_off,0.0,0,147,1.0,0.0,0.0,0.5,0.35,0.15,0.0
2023-12-15,risk_off,0.218,32,147,1.0,0.0,0.0,0.5,0.35,0.15,0.0
2023-12-18,risk_off,0.483,71,147,1.0,0.0,0.0,0.5,0.35,0.15,0.0
2023-12-19,risk_off,0.388,57,147,1.0,0.0,0.0,0.5,0.35,0.15,0.0
2023-12-20,risk_on,0.66,97,147,1.25,0.5,0.75,0.0,0.0,0.0,0.0
2023-12-21,risk_on,0.333,49,147,1.25,0.5,0.75,0.0,0.0,0.0,0.0
2023-12-22,risk_on,0.449,66,147,1.25,0.5,0.75,0.0,0.0,0.0,0.0
2023-12-26,risk_on,0.755,111,147,1.25,0.5,0.75,0.0,0.0,0.0,0.0
2023-12-27,risk_on,0.463,68,147,1.25,0.5,0.75,0.0,0.0,0.0,0.0
2023-12-28,risk_on,0.449,66,147,1.25,0.5,0.75,0.0,0.0,0.0,0.0
2023-12-29,risk_off,0.408,60,147,1.0,0.0,0.0,0.5,0.35,0.15,0.0
2024-01-02,risk_off,0.701,103,147,1.0,0.0,0.0,0.5,0.35,0.15,0.0
2024-01-03,risk_off,0.626,92,147,1.0,0.0,0.0,0.5,0.35,0.15,0.0
2024-01-04,risk_off,0.401,59,147,1.0,0.0,0.0,0.5,0.35,0.15,0.0
2024-01-05,risk_off,0.184,27,147,1.0,0.0,0.0,0.5,0.35,0.15,0.0
2024-01-08,risk_off,0.293,43,147,1.0,0.0,0.0,0.5,0.35,0.15,0.0
2024-01-09,risk_off,0.109,16,147,1.0,0.0,0.0,0.5,0.35,0.15,0.0
2024-01-10,risk_off,0.129,19,147,1.0,0.0,0.0,0.5,0.35,0.15,0.0
2024-01-11,risk_off,0.17,25,147,1.0,0.0,0.0,0.5,0.35,0.15,0.0
2024-01-12,risk_off,0.15,22,147,1.0,0.0,0.0,0.5,0.35,0.15,0.0
2024-01-16,risk_on,0.721,106,147,1.1011,0.4404,0.6607,0.0,0.0,0.0,0.0
2024-01-17,risk_on,0.435,64,147,1.1011,0.4404,0.6607,0.0,0.0,0.0,0.0
2024-01-18,risk_on,0.265,39,147,1.1011,0.4404,0.6607,0.0,0.0,0.0,0.0
2024-01-19,risk_on,0.231,34,147,0.9432,0.3773,0.5659,0.0,0.0,0.0,0.0568
2024-01-22,risk_on,0.238,35,147,0.9432,0.3773,0.5659,0.0,0.0,0.0,0.0568
2024-01-23,risk_on,0.619,91,147,1.0497,0.4199,0.6298,0.0,0.0,0.0,0.0
2024-01-24,risk_off,0.17,25,147,1.0,0.0,0.0,0.5,0.35,0.15,0.0
2024-01-25,risk_off,0.204,30,147,1.0,0.0,0.0,0.5,0.35,0.15,0.0
2024-01-26,risk_off,0.082,12,147,1.0,0.0,0.0,0.5,0.35,0.15,0.0
2024-01-29,risk_off,0.143,21,147,1.0,0.0,0.0,0.5,0.35,0.15,0.0
2024-01-30,risk_off,0.19,28,147,1.0,0.0,0.0,0.5,0.35,0.15,0.0
2024-01-31,risk_off,0.259,38,147,1.0,0.0,0.0,0.5,0.35,0.15,0.0
2024-02-01,risk_off,0.109,16,147,1.0,0.0,0.0,0.5,0.35,0.15,0.0
2024-02-02,risk_off,0.299,44,147,1.0,0.0,0.0,0.5,0.35,0.15,0.0
2024-02-05,neutral,0.517,76,147,0.7661,0.4213,0.1915,0.1532,0.0,0.0,0.2339
2024-02-06,neutral,0.143,21,147,0.7661,0.4213,0.1915,0.1532,0.0,0.0,0.2339
2024-02-07,neutral,0.639,94,147,0.7661,0.4213,0.1915,0.1532,0.0,0.0,0.2339
2024-02-08,neutral,0.463,68,147,0.7661,0.4213,0.1915,0.1532,0.0,0.0,0.2339
2024-02-09,neutral,0.156,23,147,0.7661,0.4213,0.1915,0.1532,0.0,0.0,0.2339
2024-02-12,neutral,0.109,16,147,0.7661,0.4213,0.1915,0.1532,0.0,0.0,0.2339
2024-02-13,risk_off,0.265,39,147,1.0,0.0,0.0,0.5,0.35,0.15,0.0
2024-02-14,risk_off,0.184,27,147,1.0,0.0,0.0,0.5,0.35,0.15,0.0
2024-02-15,risk_off,0.245,36,147,1.0,0.0,0.0,0.5,0.35,0.15,0.0
2024-02-16,risk_off,0.014,2,147,1.0,0.0,0.0,0.5,0.35,0.15,0.0
2024-02-20,risk_off,0.0,0,147,1.0,0.0,0.0,0.5,0.35,0.15,0.0
2024-02-21,risk_off,0.156,23,147,1.0,0.0,0.0,0.5,0.35,0.15,0.0
2024-02-22,risk_off,0.129,19,147,1.0,0.0,0.0,0.5,0.35,0.15,0.0
2024-02-23,risk_off,0.109,16,147,1.0,0.0,0.0,0.5,0.35,0.15,0.0
2024-02-26,risk_off,0.075,11,147,1.0,0.0,0.0,0.5,0.35,0.15,0.0
2024-02-27,risk_off,0.286,42,147,1.0,0.0,0.0,0.5,0.35,0.15,0.0
2024-02-28,risk_off,0.109,16,147,1.0,0.0,0.0,0.5,0.35,0.15,0.0
2024-02-29,risk_off,0.272,40,147,1.0,0.0,0.0,0.5,0.35,0.15,0.0
2024-03-01,risk_off,0.163,24,147,1.0,0.0,0.0,0.5,0.35,0.15,0.0
2024-03-04,risk_off,0.156,23,147,1.0,0.0,0.0,0.5,0.35,0.15,0.0
2024-03-05,risk_off,0.095,14,147,1.0,0.0,0.0,0.5,0.35,0.15,0.0
2024-03-06,risk_off,0.184,27,147,1.0,0.0,0.0,0.5,0.35,0.15,0.0
2024-03-07,risk_off,0.156,23,147,1.0,0.0,0.0,0.5,0.35,0.15,0.0
2024-03-08,risk_off,0.197,29,147,1.0,0.0,0.0,0.5,0.35,0.15,0.0
2024-03-11,risk_off,0.184,27,147,1.0,0.0,0.0,0.5,0.35,0.15,0.0
2024-03-12,risk_off,0.32,47,147,1.0,0.0,0.0,0.5,0.35,0.15,0.0
2024-03-13,risk_on,0.769,113,147,0.8181,0.3272,0.4908,0.0,0.0,0.0,0.1819
2024-03-14,risk_on,0.136,20,147,0.8181,0.3272,0.4908,0.0,0.0,0.0,0.1819
2024-03-15,risk_on,0.653,96,147,0.8181,0.3272,0.4908,0.0,0.0,0.0,0.1819
2024-03-18,risk_on,0.197,29,147,0.8181,0.3272,0.4908,0.0,0.0,0.0,0.1819
2024-03-19,risk_on,0.075,11,147,0.8181,0.3272,0.4908,0.0,0.0,0.0,0.1819
2024-03-20,risk_on,0.231,34,147,0.8181,0.3272,0.4908,0.0,0.0,0.0,0.1819
2024-03-21,risk_off,0.102,15,147,1.0,0.0,0.0,0.5,0.35,0.15,0.0
2024-03-22,risk_off,0.068,10,147,1.0,0.0,0.0,0.5,0.35,0.15,0.0
2024-03-25,risk_off,0.354,52,147,1.0,0.0,0.0,0.5,0.35,0.15,0.0
2024-03-26,risk_off,0.163,24,147,1.0,0.0,0.0,0.5,0.35,0.15,0.0
2024-03-27,risk_off,0.102,15,147,1.0,0.0,0.0,0.5,0.35,0.15,0.0
2024-03-28,risk_off,0.224,33,147,1.0,0.0,0.0,0.5,0.35,0.15,0.0
2024-04-01,risk_off,0.129,19,147,1.0,0.0,0.0,0.5,0.35,0.15,0.0
2024-04-02,risk_off,0.361,53,147,1.0,0.0,0.0,0.5,0.35,0.15,0.0
2024-04-03,risk_off,0.231,34,147,1.0,0.0,0.0,0.5,0.35,0.15,0.0
2024-04-04,risk_on,0.796,117,147,1.0703,0.4281,0.6422,0.0,0.0,0.0,0.0
2024-04-05,risk_on,0.272,40,147,1.0703,0.4281,0.6422,0.0,0.0,0.0,0.0
2024-04-08,risk_on,0.061,9,147,1.1983,0.4793,0.719,0.0,0.0,0.0,0.0
2024-04-09,risk_on,0.116,17,147,1.1983,0.4793,0.719,0.0,0.0,0.0,0.0
2024-04-10,risk_on,0.218,32,147,1.1983,0.4793,0.719,0.0,0.0,0.0,0.0
2024-04-11,risk_on,0.313,46,147,1.1983,0.4793,0.719,0.0,0.0,0.0,0.0
2024-04-12,risk_on,0.748,110,147,1.0645,0.4258,0.6387,0.0,0.0,0.0,0.0
2024-04-15,risk_on,0.966,142,147,1.0645,0.4258,0.6387,0.0,0.0,0.0,0.0
2024-04-16,risk_off,0.395,58,147,1.0,0.0,0.0,0.5,0.35,0.15,0.0
2024-04-17,risk_off,0.299,44,147,1.0,0.0,0.0,0.5,0.35,0.15,0.0
2024-04-18,risk_off,0.197,29,147,1.0,0.0,0.0,0.5,0.35,0.15,0.0
2024-04-19,risk_off,0.0,0,147,1.0,0.0,0.0,0.5,0.35,0.15,0.0
2024-04-22,risk_off,0.061,9,147,1.0,0.0,0.0,0.5,0.35,0.15,0.0
2024-04-23,risk_off,0.143,21,147,1.0,0.0,0.0,0.5,0.35,0.15,0.0
2024-04-24,risk_off,0.245,36,147,1.0,0.0,0.0,0.5,0.35,0.15,0.0
2024-04-25,risk_off,0.218,32,147,1.0,0.0,0.0,0.5,0.35,0.15,0.0
2024-04-26,risk_off,0.088,13,147,1.0,0.0,0.0,0.5,0.35,0.15,0.0
2024-04-29,risk_off,0.02,3,147,1.0,0.0,0.0,0.5,0.35,0.15,0.0
2024-04-30,risk_off,0.224,33,147,1.0,0.0,0.0,0.5,0.35,0.15,0.0
2024-05-01,neutral,0.578,85,147,0.6265,0.3446,0.1566,0.1253,0.0,0.0,0.3735
2024-05-02,neutral,0.054,8,147,0.6265,0.3446,0.1566,0.1253,0.0,0.0,0.3735
2024-05-03,neutral,0.027,4,147,0.6265,0.3446,0.1566,0.1253,0.0,0.0,0.3735
2024-05-06,neutral,0.837,123,147,0.6265,0.3446,0.1566,0.1253,0.0,0.0,0.3735
2024-05-07,neutral,0.864,127,147,0.6265,0.3446,0.1566,0.1253,0.0,0.0,0.3735
2024-05-08,neutral,0.456,67,147,0.6265,0.3446,0.1566,0.1253,0.0,0.0,0.3735
2024-05-09,risk_on,0.81,119,147,0.7724,0.3089,0.4634,0.0,0.0,0.0,0.2276
2024-05-10,risk_on,0.177,26,147,0.7724,0.3089,0.4634,0.0,0.0,0.0,0.2276
2024-05-13,risk_on,0.218,32,147,0.7724,0.3089,0.4634,0.0,0.0,0.0,0.2276
2024-05-14,risk_on,0.211,31,147,0.7724,0.3089,0.4634,0.0,0.0,0.0,0.2276
2024-05-15,risk_on,0.279,41,147,0.7724,0.3089,0.4634,0.0,0.0,0.0,0.2276
2024-05-16,risk_on,0.667,98,147,0.874,0.3496,0.5244,0.0,0.0,0.0,0.126
2024-05-17,risk_on,0.673,99,147,1.0177,0.4071,0.6106,0.0,0.0,0.0,0.0
2024-05-20,risk_off,0.429,63,147,1.0,0.0,0.0,0.5,0.35,0.15,0.0
2024-05-21,risk_off,0.299,44,147,1.0,0.0,0.0,0.5,0.35,0.15,0.0
2024-05-22,risk_off,0.095,14,147,1.0,0.0,0.0,0.5,0.35,0.15,0.0
2024-05-23,risk_off,0.293,43,147,1.0,0.0,0.0,0.5,0.35,0.15,0.0
2024-05-24,risk_off,0.306,45,147,1.0,0.0,0.0,0.5,0.35,0.15,0.0
2024-05-28,risk_off,0.265,39,147,1.0,0.0,0.0,0.5,0.35,0.15,0.0
2024-05-29,risk_on,0.776,114,147,1.25,0.5,0.75,0.0,0.0,0.0,0.0
2024-05-30,risk_on,0.871,128,147,1.25,0.5,0.75,0.0,0.0,0.0,0.0
2024-05-31,risk_on,0.497,73,147,1.25,0.5,0.75,0.0,0.0,0.0,0.0
2024-06-03,risk_on,0.048,7,147,1.25,0.5,0.75,0.0,0.0,0.0,0.0
2024-06-04,risk_on,0.109,16,147,1.25,0.5,0.75,0.0,0.0,0.0,0.0
2024-06-05,risk_on,0.136,20,147,1.25,0.5,0.75,0.0,0.0,0.0,0.0
2024-06-06,risk_off,0.156,23,147,1.0,0.0,0.0,0.5,0.35,0.15,0.0
2024-06-07,risk_off,0.789,116,147,1.0,0.0,0.0,0.5,0.35,0.15,0.0
2024-06-10,risk_off,0.503,74,147,1.0,0.0,0.0,0.5,0.35,0.15,0.0
2024-06-11,risk_off,0.707,104,147,1.0,0.0,0.0,0.5,0.35,0.15,0.0
2024-06-12,risk_off,0.367,54,147,1.0,0.0,0.0,0.5,0.35,0.15,0.0
2024-06-13,risk_off,0.599,88,147,1.0,0.0,0.0,0.5,0.35,0.15,0.0
2024-06-14,risk_on,0.83,122,147,1.25,0.5,0.75,0.0,0.0,0.0,0.0
2024-06-17,risk_on,0.905,133,147,1.25,0.5,0.75,0.0,0.0,0.0,0.0
2024-06-18,risk_on,0.878,129,147,1.25,0.5,0.75,0.0,0.0,0.0,0.0
2024-06-20,risk_on,0.782,115,147,1.25,0.5,0.75,0.0,0.0,0.0,0.0
2024-06-21,risk_on,0.973,143,147,1.25,0.5,0.75,0.0,0.0,0.0,0.0
2024-06-24,risk_on,0.279,41,147,1.25,0.5,0.75,0.0,0.0,0.0,0.0
2024-06-25,risk_off,0.177,26,147,1.0,0.0,0.0,0.5,0.35,0.15,0.0
2024-06-26,risk_off,0.878,129,147,1.0,0.0,0.0,0.5,0.35,0.15,0.0
2024-06-27,risk_off,0.095,14,147,1.0,0.0,0.0,0.5,0.35,0.15,0.0
2024-06-28,risk_off,0.102,15,147,1.0,0.0,0.0,0.5,0.35,0.15,0.0
2024-07-01,risk_off,0.401,59,147,1.0,0.0,0.0,0.5,0.35,0.15,0.0
2024-07-02,risk_off,0.109,16,147,1.0,0.0,0.0,0.5,0.35,0.15,0.0
2024-07-03,risk_off,0.109,16,147,1.0,0.0,0.0,0.5,0.35,0.15,0.0
2024-07-05,risk_on,0.605,89,147,1.25,0.5,0.75,0.0,0.0,0.0,0.0
2024-07-08,risk_on,0.347,51,147,1.25,0.5,0.75,0.0,0.0,0.0,0.0
2024-07-09,risk_on,0.898,132,147,1.25,0.5,0.75,0.0,0.0,0.0,0.0
2024-07-10,risk_on,0.966,142,147,1.25,0.5,0.75,0.0,0.0,0.0,0.0
2024-07-11,risk_on,0.211,31,147,1.0546,0.4219,0.6328,0.0,0.0,0.0,0.0
2024-07-12,risk_on,0.177,26,147,1.0546,0.4219,0.6328,0.0,0.0,0.0,0.0
2024-07-15,risk_off,0.211,31,147,1.0,0.0,0.0,0.5,0.35,0.15,0.0
2024-07-16,risk_off,0.184,27,147,1.0,0.0,0.0,0.5,0.35,0.15,0.0
2024-07-17,risk_off,0.082,12,147,1.0,0.0,0.0,0.5,0.35,0.15,0.0
2024-07-18,risk_off,0.184,27,147,1.0,0.0,0.0,0.5,0.35,0.15,0.0
2024-07-19,risk_off,0.082,12,147,1.0,0.0,0.0,0.5,0.35,0.15,0.0
2024-07-22,risk_off,0.075,11,147,1.0,0.0,0.0,0.5,0.35,0.15,0.0
2024-07-23,risk_off,0.034,5,147,1.0,0.0,0.0,0.5,0.35,0.15,0.0
2024-07-24,risk_off,0.082,12,147,1.0,0.0,0.0,0.5,0.35,0.15,0.0
2024-07-25,risk_off,0.224,33,147,1.0,0.0,0.0,0.5,0.35,0.15,0.0
2024-07-26,risk_off,0.075,11,147,1.0,0.0,0.0,0.5,0.35,0.15,0.0
2024-07-29,risk_off,0.088,13,147,1.0,0.0,0.0,0.5,0.35,0.15,0.0
2024-07-30,risk_off,0.143,21,147,1.0,0.0,0.0,0.5,0.35,0.15,0.0
2024-07-31,risk_off,0.163,24,147,1.0,0.0,0.0,0.5,0.35,0.15,0.0
2024-08-01,risk_off,0.163,24,147,1.0,0.0,0.0,0.5,0.35,0.15,0.0
2024-08-02,risk_off,0.211,31,147,1.0,0.0,0.0,0.5,0.35,0.15,0.0
2024-08-05,neutral,0.694,102,147,0.44,0.242,0.11,0.088,0.0,0.0,0.56
2024-08-06,neutral,0.878,129,147,0.44,0.242,0.11,0.088,0.0,0.0,0.56
2024-08-07,neutral,0.034,5,147,0.44,0.242,0.11,0.088,0.0,0.0,0.56
2024-08-08,neutral,0.483,71,147,0.44,0.242,0.11,0.088,0.0,0.0,0.56
2024-08-09,neutral,0.694,102,147,0.44,0.242,0.11,0.088,0.0,0.0,0.56
2024-08-12,neutral,0.082,12,147,0.44,0.242,0.11,0.088,0.0,0.0,0.56
2024-08-13,neutral,0.973,143,147,0.44,0.242,0.11,0.088,0.0,0.0,0.56
2024-08-14,risk_off,0.177,26,147,1.0,0.0,0.0,0.5,0.35,0.15,0.0
2024-08-15,risk_off,0.748,110,147,1.0,0.0,0.0,0.5,0.35,0.15,0.0
2024-08-16,risk_off,0.741,109,147,1.0,0.0,0.0,0.5,0.35,0.15,0.0
2024-08-19,risk_off,0.898,132,147,1.0,0.0,0.0,0.5,0.35,0.15,0.0
2024-08-20,risk_off,0.02,3,147,1.0,0.0,0.0,0.5,0.35,0.15,0.0
2024-08-21,risk_off,1.0,147,147,1.0,0.0,0.0,0.5,0.35,0.15,0.0
2024-08-22,neutral,1.0,147,147,0.4247,0.2336,0.1062,0.0849,0.0,0.0,0.5753
2024-08-23,neutral,1.0,147,147,0.4247,0.2336,0.1062,0.0849,0.0,0.0,0.5753
2024-08-26,neutral,0.0,0,147,0.4247,0.2336,0.1062,0.0849,0.0,0.0,0.5753
2024-08-27,neutral,0.0,0,147,0.4247,0.2336,0.1062,0.0849,0.0,0.0,0.5753
2024-08-28,neutral,0.0,0,147,0.4247,0.2336,0.1062,0.0849,0.0,0.0,0.5753
2024-08-29,neutral,0.02,3,147,0.4247,0.2336,0.1062,0.0849,0.0,0.0,0.5753
2024-08-30,risk_off,0.014,2,147,1.0,0.0,0.0,0.5,0.35,0.15,0.0
2024-09-03,risk_off,1.0,147,147,1.0,0.0,0.0,0.5,0.35,0.15,0.0
2024-09-04,risk_off,1.0,147,147,1.0,0.0,0.0,0.5,0.35,0.15,0.0
2024-09-05,risk_off,1.0,147,147,1.0,0.0,0.0,0.5,0.35,0.15,0.0
2024-09-06,risk_off,0.741,109,147,1.0,0.0,0.0,0.5,0.35,0.15,0.0
2024-09-09,risk_off,0.741,109,147,1.0,0.0,0.0,0.5,0.35,0.15,0.0
2024-09-10,neutral,1.0,147,147,0.5158,0.2837,0.1289,0.1032,0.0,0.0,0.4842
2024-09-11,neutral,0.0,0,147,0.5158,0.2837,0.1289,0.1032,0.0,0.0,0.4842
2024-09-12,neutral,0.626,92,147,0.5158,0.2837,0.1289,0.1032,0.0,0.0,0.4842
2024-09-13,neutral,0.612,90,147,0.5158,0.2837,0.1289,0.1032,0.0,0.0,0.4842
2024-09-16,neutral,0.02,3,147,0.5158,0.2837,0.1289,0.1032,0.0,0.0,0.4842
2024-09-17,neutral,0.02,3,147,0.5158,0.2837,0.1289,0.1032,0.0,0.0,0.4842
2024-09-18,risk_off,0.014,2,147,1.0,0.0,0.0,0.5,0.35,0.15,0.0
2024-09-19,risk_off,0.0,0,147,1.0,0.0,0.0,0.5,0.35,0.15,0.0
2024-09-20,risk_off,0.0,0,147,1.0,0.0,0.0,0.5,0.35,0.15,0.0
2024-09-23,risk_off,0.0,0,147,1.0,0.0,0.0,0.5,0.35,0.15,0.0
2024-09-24,risk_off,0.0,0,147,1.0,0.0,0.0,0.5,0.35,0.15,0.0
2024-09-25,risk_off,0.0,0,147,1.0,0.0,0.0,0.5,0.35,0.15,0.0
2024-09-26,risk_off,0.0,0,147,1.0,0.0,0.0,0.5,0.35,0.15,0.0
2024-09-27,risk_off,0.0,0,147,1.0,0.0,0.0,0.5,0.35,0.15,0.0
2024-09-30,risk_off,0.0,0,147,1.0,0.0,0.0,0.5,0.35,0.15,0.0
2024-10-01,risk_on,0.585,86,147,0.829,0.3316,0.4974,0.0,0.0,0.0,0.171
2024-10-02,risk_on,0.612,90,147,0.829,0.3316,0.4974,0.0,0.0,0.0,0.171
2024-10-03,risk_on,0.0,0,147,0.829,0.3316,0.4974,0.0,0.0,0.0,0.171
2024-10-04,risk_on,0.0,0,147,1.0223,0.4089,0.6134,0.0,0.0,0.0,0.0
2024-10-07,risk_on,0.0,0,147,1.0223,0.4089,0.6134,0.0,0.0,0.0,0.0
2024-10-08,risk_on,0.0,0,147,1.0223,0.4089,0.6134,0.0,0.0,0.0,0.0
2024-10-09,risk_off,0.0,0,147,1.0,0.0,0.0,0.5,0.35,0.15,0.0
2024-10-10,risk_off,0.0,0,147,1.0,0.0,0.0,0.5,0.35,0.15,0.0
2024-10-11,risk_off,0.0,0,147,1.0,0.0,0.0,0.5,0.35,0.15,0.0
2024-10-14,risk_off,0.007,1,147,1.0,0.0,0.0,0.5,0.35,0.15,0.0
2024-10-15,risk_off,0.0,0,147,1.0,0.0,0.0,0.5,0.35,0.15,0.0
2024-10-16,risk_off,0.0,0,147,1.0,0.0,0.0,0.5,0.35,0.15,0.0
2024-10-17,risk_off,0.0,0,147,1.0,0.0,0.0,0.5,0.35,0.15,0.0
2024-10-18,risk_off,0.0,0,147,1.0,0.0,0.0,0.5,0.35,0.15,0.0
2024-10-21,risk_off,0.0,0,147,1.0,0.0,0.0,0.5,0.35,0.15,0.0
2024-10-22,risk_off,0.041,6,147,1.0,0.0,0.0,0.5,0.35,0.15,0.0
2024-10-23,risk_off,0.075,11,147,1.0,0.0,0.0,0.5,0.35,0.15,0.0
2024-10-24,risk_off,0.061,9,147,1.0,0.0,0.0,0.5,0.35,0.15,0.0
2024-10-25,risk_off,0.0,0,147,1.0,0.0,0.0,0.5,0.35,0.15,0.0
2024-10-28,risk_off,0.0,0,147,1.0,0.0,0.0,0.5,0.35,0.15,0.0
2024-10-29,risk_off,0.0,0,147,1.0,0.0,0.0,0.5,0.35,0.15,0.0
2024-10-30,risk_off,0.0,0,147,1.0,0.0,0.0,0.5,0.35,0.15,0.0
2024-10-31,risk_off,0.442,65,147,1.0,0.0,0.0,0.5,0.35,0.15,0.0
2024-11-01,risk_off,0.442,65,147,1.0,0.0,0.0,0.5,0.35,0.15,0.0
2024-11-04,risk_off,0.0,0,147,1.0,0.0,0.0,0.5,0.35,0.15,0.0
2024-11-05,risk_off,0.068,10,147,1.0,0.0,0.0,0.5,0.35,0.15,0.0
2024-11-06,risk_on,1.0,147,147,0.8487,0.3395,0.5092,0.0,0.0,0.0,0.1513
2024-11-07,risk_on,0.32,47,147,0.8487,0.3395,0.5092,0.0,0.0,0.0,0.1513
2024-11-08,risk_on,0.0,0,147,0.8487,0.3395,0.5092,0.0,0.0,0.0,0.1513
2024-11-11,risk_on,0.0,0,147,0.8487,0.3395,0.5092,0.0,0.0,0.0,0.1513
2024-11-12,risk_on,0.0,0,147,0.8487,0.3395,0.5092,0.0,0.0,0.0,0.1513
2024-11-13,risk_on,0.0,0,147,0.8487,0.3395,0.5092,0.0,0.0,0.0,0.1513
2024-11-14,risk_off,0.007,1,147,1.0,0.0,0.0,0.5,0.35,0.15,0.0
2024-11-15,risk_off,0.122,18,147,1.0,0.0,0.0,0.5,0.35,0.15,0.0
2024-11-18,risk_off,0.122,18,147,1.0,0.0,0.0,0.5,0.35,0.15,0.0
2024-11-19,risk_off,0.088,13,147,1.0,0.0,0.0,0.5,0.35,0.15,0.0
2024-11-20,risk_off,0.0,0,147,1.0,0.0,0.0,0.5,0.35,0.15,0.0
2024-11-21,risk_off,0.02,3,147,1.0,0.0,0.0,0.5,0.35,0.15,0.0
2024-11-22,risk_off,0.0,0,147,1.0,0.0,0.0,0.5,0.35,0.15,0.0
2024-11-25,risk_on,1.0,147,147,0.7917,0.3167,0.475,0.0,0.0,0.0,0.2083
2024-11-26,risk_on,1.0,147,147,0.7917,0.3167,0.475,0.0,0.0,0.0,0.2083
2024-11-27,risk_on,0.0,0,147,0.7917,0.3167,0.475,0.0,0.0,0.0,0.2083
2024-11-29,risk_on,0.0,0,147,0.9268,0.3707,0.5561,0.0,0.0,0.0,0.0732
2024-12-02,risk_on,0.0,0,147,0.9268,0.3707,0.5561,0.0,0.0,0.0,0.0732
2024-12-03,risk_on,1.0,147,147,0.9268,0.3707,0.5561,0.0,0.0,0.0,0.0732
2024-12-04,risk_on,1.0,147,147,0.9268,0.3707,0.5561,0.0,0.0,0.0,0.0732
2024-12-05,risk_on,1.0,147,147,1.1053,0.4421,0.6632,0.0,0.0,0.0,0.0
2024-12-06,risk_off,0.041,6,147,1.0,0.0,0.0,0.5,0.35,0.15,0.0
2024-12-09,risk_off,0.0,0,147,1.0,0.0,0.0,0.5,0.35,0.15,0.0
2024-12-10,risk_off,0.075,11,147,1.0,0.0,0.0,0.5,0.35,0.15,0.0
2024-12-11,risk_off,0.946,139,147,1.0,0.0,0.0,0.5,0.35,0.15,0.0
2024-12-12,risk_off,1.0,147,147,1.0,0.0,0.0,0.5,0.35,0.15,0.0
2024-12-13,risk_off,1.0,147,147,1.0,0.0,0.0,0.5,0.35,0.15,0.0
2024-12-16,risk_on,1.0,147,147,1.25,0.5,0.75,0.0,0.0,0.0,0.0
2024-12-17,risk_on,1.0,147,147,1.25,0.5,0.75,0.0,0.0,0.0,0.0
2024-12-18,risk_on,1.0,147,147,0.8172,0.3269,0.4903,0.0,0.0,0.0,0.1828
2024-12-19,risk_on,1.0,147,147,0.8172,0.3269,0.4903,0.0,0.0,0.0,0.1828
2024-12-20,risk_on,1.0,147,147,0.8172,0.3269,0.4903,0.0,0.0,0.0,0.1828
2024-12-23,risk_on,1.0,147,147,0.8172,0.3269,0.4903,0.0,0.0,0.0,0.1828
2024-12-24,risk_on,1.0,147,147,0.8172,0.3269,0.4903,0.0,0.0,0.0,0.1828
2024-12-26,risk_on,1.0,147,147,0.8172,0.3269,0.4903,0.0,0.0,0.0,0.1828
2024-12-27,risk_on,1.0,147,147,0.8172,0.3269,0.4903,0.0,0.0,0.0,0.1828
2024-12-30,risk_off,0.0,0,147,1.0,0.0,0.0,0.5,0.35,0.15,0.0
2024-12-31,risk_off,1.0,147,147,1.0,0.0,0.0,0.5,0.35,0.15,0.0
2025-01-02,risk_off,0.952,140,147,1.0,0.0,0.0,0.5,0.35,0.15,0.0
2025-01-03,risk_off,0.456,67,147,1.0,0.0,0.0,0.5,0.35,0.15,0.0
2025-01-06,risk_off,0.095,14,147,1.0,0.0,0.0,0.5,0.35,0.15,0.0
2025-01-07,risk_off,0.0,0,147,1.0,0.0,0.0,0.5,0.35,0.15,0.0
2025-01-08,risk_off,0.0,0,147,1.0,0.0,0.0,0.5,0.35,0.15,0.0
2025-01-10,neutral,1.0,147,147,0.5422,0.2982,0.1356,0.1084,0.0,0.0,0.4578
2025-01-13,neutral,0.673,99,147,0.5422,0.2982,0.1356,0.1084,0.0,0.0,0.4578
2025-01-14,neutral,1.0,147,147,0.5422,0.2982,0.1356,0.1084,0.0,0.0,0.4578
2025-01-15,neutral,1.0,147,147,0.5422,0.2982,0.1356,0.1084,0.0,0.0,0.4578
2025-01-16,neutral,1.0,147,147,0.5422,0.2982,0.1356,0.1084,0.0,0.0,0.4578
2025-01-17,neutral,1.0,147,147,0.5422,0.2982,0.1356,0.1084,0.0,0.0,0.4578
2025-01-21,risk_on,1.0,147,147,0.7986,0.3194,0.4791,0.0,0.0,0.0,0.2014
2025-01-22,risk_on,1.0,147,147,0.7986,0.3194,0.4791,0.0,0.0,0.0,0.2014
2025-01-23,risk_on,0.946,139,147,0.7986,0.3194,0.4791,0.0,0.0,0.0,0.2014
2025-01-24,risk_on,0.939,138,147,0.7986,0.3194,0.4791,0.0,0.0,0.0,0.2014
2025-01-27,risk_on,0.02,3,147,0.7986,0.3194,0.4791,0.0,0.0,0.0,0.2014
2025-01-28,risk_on,0.898,132,147,0.6903,0.2761,0.4142,0.0,0.0,0.0,0.3097
2025-01-29,neutral,0.565,83,147,0.5655,0.311,0.1414,0.1131,0.0,0.0,0.4345
2025-01-30,neutral,0.891,131,147,0.5655,0.311,0.1414,0.1131,0.0,0.0,0.4345
2025-01-31,neutral,0.558,82,147,0.5655,0.311,0.1414,0.1131,0.0,0.0,0.4345
2025-02-03,neutral,0.143,21,147,0.5655,0.311,0.1414,0.1131,0.0,0.0,0.4345
2025-02-04,neutral,0.122,18,147,0.5655,0.311,0.1414,0.1131,0.0,0.0,0.4345
2025-02-05,neutral,0.014,2,147,0.5655,0.311,0.1414,0.1131,0.0,0.0,0.4345
2025-02-06,risk_off,0.0,0,147,1.0,0.0,0.0,0.5,0.35,0.15,0.0
2025-02-07,risk_off,0.0,0,147,1.0,0.0,0.0,0.5,0.35,0.15,0.0
2025-02-10,risk_off,0.0,0,147,1.0,0.0,0.0,0.5,0.35,0.15,0.0
2025-02-11,risk_off,0.0,0,147,1.0,0.0,0.0,0.5,0.35,0.15,0.0
2025-02-12,risk_off,0.0,0,147,1.0,0.0,0.0,0.5,0.35,0.15,0.0
2025-02-13,risk_off,0.694,102,147,1.0,0.0,0.0,0.5,0.35,0.15,0.0
2025-02-14,risk_on,0.98,144,147,0.861,0.3444,0.5166,0.0,0.0,0.0,0.139
2025-02-18,risk_on,0.075,11,147,0.861,0.3444,0.5166,0.0,0.0,0.0,0.139
2025-02-19,risk_on,0.054,8,147,0.861,0.3444,0.5166,0.0,0.0,0.0,0.139
2025-02-20,risk_on,0.061,9,147,0.861,0.3444,0.5166,0.0,0.0,0.0,0.139
2025-02-21,risk_on,0.122,18,147,0.861,0.3444,0.5166,0.0,0.0,0.0,0.139
2025-02-24,risk_on,0.361,53,147,0.861,0.3444,0.5166,0.0,0.0,0.0,0.139
2025-02-25,risk_off,0.245,36,147,1.0,0.0,0.0,0.5,0.35,0.15,0.0
2025-02-26,risk_off,0.184,27,147,1.0,0.0,0.0,0.5,0.35,0.15,0.0
2025-02-27,risk_off,0.694,102,147,1.0,0.0,0.0,0.5,0.35,0.15,0.0
2025-02-28,risk_off,0.136,20,147,1.0,0.0,0.0,0.5,0.35,0.15,0.0
2025-03-03,risk_off,0.83,122,147,1.0,0.0,0.0,0.5,0.35,0.15,0.0
2025-03-04,risk_off,0.374,55,147,1.0,0.0,0.0,0.5,0.35,0.15,0.0
2025-03-05,neutral,0.776,114,147,0.6086,0.3347,0.1522,0.1217,0.0,0.0,0.3914
2025-03-06,neutral,0.755,111,147,0.6086,0.3347,0.1522,0.1217,0.0,0.0,0.3914
2025-03-07,neutral,0.707,104,147,0.6086,0.3347,0.1522,0.1217,0.0,0.0,0.3914
2025-03-10,risk_off,0.592,87,147,1.0,0.0,0.0,0.5,0.35,0.15,0.0
2025-03-11,risk_off,0.687,101,147,1.0,0.0,0.0,0.5,0.35,0.15,0.0
2025-03-12,risk_off,0.633,93,147,1.0,0.0,0.0,0.5,0.35,0.15,0.0
2025-03-13,risk_off,0.565,83,147,1.0,0.0,0.0,0.5,0.35,0.15,0.0
2025-03-14,risk_off,0.592,87,147,1.0,0.0,0.0,0.5,0.35,0.15,0.0
2025-03-17,risk_off,0.673,99,147,1.0,0.0,0.0,0.5,0.35,0.15,0.0
2025-03-18,risk_off,0.946,139,147,1.0,0.0,0.0,0.5,0.35,0.15,0.0
2025-03-19,risk_off,0.728,107,147,1.0,0.0,0.0,0.5,0.35,0.15,0.0
2025-03-20,risk_off,0.238,35,147,1.0,0.0,0.0,0.5,0.35,0.15,0.0
2025-03-21,risk_off,0.517,76,147,1.0,0.0,0.0,0.5,0.35,0.15,0.0
2025-03-24,neutral,0.707,104,147,0.4229,0.2326,0.1057,0.0846,0.0,0.0,0.5771
2025-03-25,neutral,0.361,53,147,0.4229,0.2326,0.1057,0.0846,0.0,0.0,0.5771
2025-03-26,risk_off,0.129,19,147,1.0,0.0,0.0,0.5,0.35,0.15,0.0
2025-03-27,risk_off,0.905,133,147,1.0,0.0,0.0,0.5,0.35,0.15,0.0
2025-03-28,risk_off,0.701,103,147,1.0,0.0,0.0,0.5,0.35,0.15,0.0
2025-03-31,risk_off,0.184,27,147,1.0,0.0,0.0,0.5,0.35,0.15,0.0
2025-04-01,risk_off,0.612,90,147,1.0,0.0,0.0,0.5,0.35,0.15,0.0
2025-04-02,risk_off,0.313,46,147,1.0,0.0,0.0,0.5,0.35,0.15,0.0
2025-04-03,risk_off,0.435,64,147,1.0,0.0,0.0,0.5,0.35,0.15,0.0
2025-04-04,risk_off,0.551,81,147,1.0,0.0,0.0,0.5,0.35,0.15,0.0
2025-04-07,risk_off,0.762,112,147,1.0,0.0,0.0,0.5,0.35,0.15,0.0
2025-04-08,risk_off,0.741,109,147,1.0,0.0,0.0,0.5,0.35,0.15,0.0
2025-04-09,risk_off,0.381,56,147,1.0,0.0,0.0,0.5,0.35,0.15,0.0
2025-04-10,risk_off,0.327,48,147,1.0,0.0,0.0,0.5,0.35,0.15,0.0
2025-04-11,risk_off,0.946,139,147,1.0,0.0,0.0,0.5,0.35,0.15,0.0
2025-04-14,risk_off,0.966,142,147,1.0,0.0,0.0,0.5,0.35,0.15,0.0
2025-04-15,risk_off,0.952,140,147,1.0,0.0,0.0,0.5,0.35,0.15,0.0
2025-04-16,risk_off,0.184,27,147,1.0,0.0,0.0,0.5,0.35,0.15,0.0
2025-04-17,risk_off,0.15,22,147,1.0,0.0,0.0,0.5,0.35,0.15,0.0
2025-04-21,risk_off,0.789,116,147,1.0,0.0,0.0,0.5,0.35,0.15,0.0
2025-04-22,risk_off,0.932,137,147,1.0,0.0,0.0,0.5,0.35,0.15,0.0
2025-04-23,risk_off,0.98,144,147,1.0,0.0,0.0,0.5,0.35,0.15,0.0
2025-04-24,risk_off,0.626,92,147,1.0,0.0,0.0,0.5,0.35,0.15,0.0
2025-04-25,risk_off,0.524,77,147,1.0,0.0,0.0,0.5,0.35,0.15,0.0
2025-04-28,risk_off,0.177,26,147,1.0,0.0,0.0,0.5,0.35,0.15,0.0
2025-04-29,risk_off,0.973,143,147,1.0,0.0,0.0,0.5,0.35,0.15,0.0
2025-04-30,risk_off,0.966,142,147,1.0,0.0,0.0,0.5,0.35,0.15,0.0
2025-05-01,risk_off,0.986,145,147,1.0,0.0,0.0,0.5,0.35,0.15,0.0
2025-05-02,risk_off,0.837,123,147,1.0,0.0,0.0,0.5,0.35,0.15,0.0
2025-05-05,risk_off,0.15,22,147,1.0,0.0,0.0,0.5,0.35,0.15,0.0
2025-05-06,risk_off,0.259,38,147,1.0,0.0,0.0,0.5,0.35,0.15,0.0
2025-05-07,risk_off,0.15,22,147,1.0,0.0,0.0,0.5,0.35,0.15,0.0
2025-05-08,risk_off,0.456,67,147,1.0,0.0,0.0,0.5,0.35,0.15,0.0
2025-05-09,risk_off,0.088,13,147,1.0,0.0,0.0,0.5,0.35,0.15,0.0
2025-05-12,neutral,0.565,83,147,0.4494,0.2472,0.1124,0.0899,0.0,0.0,0.5506
2025-05-13,neutral,0.054,8,147,0.4494,0.2472,0.1124,0.0899,0.0,0.0,0.5506
2025-05-14,neutral,0.061,9,147,0.4494,0.2472,0.1124,0.0899,0.0,0.0,0.5506
2025-05-15,neutral,0.061,9,147,0.4494,0.2472,0.1124,0.0899,0.0,0.0,0.5506
2025-05-16,neutral,0.939,138,147,0.4494,0.2472,0.1124,0.0899,0.0,0.0,0.5506
2025-05-19,neutral,0.068,10,147,0.6056,0.3331,0.1514,0.1211,0.0,0.0,0.3944
2025-05-20,risk_off,0.054,8,147,1.0,0.0,0.0,0.5,0.35,0.15,0.0
2025-05-21,risk_off,0.054,8,147,1.0,0.0,0.0,0.5,0.35,0.15,0.0
2025-05-22,risk_off,0.082,12,147,1.0,0.0,0.0,0.5,0.35,0.15,0.0
2025-05-23,risk_off,0.088,13,147,1.0,0.0,0.0,0.5,0.35,0.15,0.0
2025-05-27,risk_off,0.993,146,147,1.0,0.0,0.0,0.5,0.35,0.15,0.0
2025-05-28,risk_off,0.81,119,147,1.0,0.0,0.0,0.5,0.35,0.15,0.0
2025-05-29,risk_on,0.993,146,147,0.7471,0.2988,0.4482,0.0,0.0,0.0,0.2529
2025-05-30,risk_on,0.068,10,147,0.7471,0.2988,0.4482,0.0,0.0,0.0,0.2529
2025-06-02,risk_on,0.061,9,147,0.7471,0.2988,0.4482,0.0,0.0,0.0,0.2529
2025-06-03,risk_on,0.034,5,147,0.7471,0.2988,0.4482,0.0,0.0,0.0,0.2529
2025-06-04,risk_on,0.068,10,147,0.7471,0.2988,0.4482,0.0,0.0,0.0,0.2529
2025-06-05,risk_on,0.102,15,147,0.7471,0.2988,0.4482,0.0,0.0,0.0,0.2529
2025-06-06,risk_on,0.619,91,147,0.7471,0.2988,0.4482,0.0,0.0,0.0,0.2529
2025-06-09,risk_off,0.231,34,147,1.0,0.0,0.0,0.5,0.35,0.15,0.0
2025-06-10,risk_off,0.054,8,147,1.0,0.0,0.0,0.5,0.35,0.15,0.0
2025-06-11,risk_off,0.088,13,147,1.0,0.0,0.0,0.5,0.35,0.15,0.0
2025-06-12,risk_off,0.061,9,147,1.0,0.0,0.0,0.5,0.35,0.15,0.0
2025-06-13,risk_off,0.122,18,147,1.0,0.0,0.0,0.5,0.35,0.15,0.0
2025-06-16,risk_off,0.163,24,147,1.0,0.0,0.0,0.5,0.35,0.15,0.0
2025-06-17,risk_off,0.075,11,147,1.0,0.0,0.0,0.5,0.35,0.15,0.0
2025-06-18,risk_off,0.109,16,147,1.0,0.0,0.0,0.5,0.35,0.15,0.0
2025-06-20,risk_off,0.041,6,147,1.0,0.0,0.0,0.5,0.35,0.15,0.0
2025-06-23,risk_off,0.014,2,147,1.0,0.0,0.0,0.5,0.35,0.15,0.0
2025-06-24,risk_off,0.027,4,147,1.0,0.0,0.0,0.5,0.35,0.15,0.0
2025-06-25,risk_off,0.027,4,147,1.0,0.0,0.0,0.5,0.35,0.15,0.0
2025-06-26,risk_on,0.578,85,147,1.2372,0.4949,0.7423,0.0,0.0,0.0,0.0
2025-06-27,risk_on,0.503,74,147,1.2372,0.4949,0.7423,0.0,0.0,0.0,0.0
2025-06-30,risk_on,0.51,75,147,1.2372,0.4949,0.7423,0.0,0.0,0.0,0.0
2025-07-01,risk_on,0.776,114,147,1.2372,0.4949,0.7423,0.0,0.0,0.0,0.0
2025-07-02,risk_on,0.367,54,147,1.2372,0.4949,0.7423,0.0,0.0,0.0,0.0
2025-07-03,risk_on,0.0,0,147,1.2372,0.4949,0.7423,0.0,0.0,0.0,0.0
2025-07-07,risk_off,0.184,27,147,1.0,0.0,0.0,0.5,0.35,0.15,0.0
2025-07-08,risk_off,0.422,62,147,1.0,0.0,0.0,0.5,0.35,0.15,0.0
2025-07-09,risk_off,0.83,122,147,1.0,0.0,0.0,0.5,0.35,0.15,0.0
2025-07-10,risk_off,0.007,1,147,1.0,0.0,0.0,0.5,0.35,0.15,0.0
2025-07-11,risk_off,0.49,72,147,1.0,0.0,0.0,0.5,0.35,0.15,0.0
2025-07-14,risk_off,0.17,25,147,1.0,0.0,0.0,0.5,0.35,0.15,0.0
2025-07-15,risk_off,0.109,16,147,1.0,0.0,0.0,0.5,0.35,0.15,0.0
2025-07-16,risk_off,0.014,2,147,1.0,0.0,0.0,0.5,0.35,0.15,0.0
2025-07-17,risk_on,0.667,98,147,1.25,0.5,0.75,0.0,0.0,0.0,0.0
2025-07-18,risk_on,0.986,145,147,1.25,0.5,0.75,0.0,0.0,0.0,0.0
2025-07-21,risk_on,0.578,85,147,1.25,0.5,0.75,0.0,0.0,0.0,0.0
2025-07-22,risk_on,0.429,63,147,1.25,0.5,0.75,0.0,0.0,0.0,0.0
2025-07-23,risk_on,0.354,52,147,1.25,0.5,0.75,0.0,0.0,0.0,0.0
2025-07-24,risk_on,0.122,18,147,1.25,0.5,0.75,0.0,0.0,0.0,0.0
2025-07-25,risk_off,0.15,22,147,1.0,0.0,0.0,0.5,0.35,0.15,0.0
2025-07-28,risk_off,0.122,18,147,1.0,0.0,0.0,0.5,0.35,0.15,0.0
2025-07-29,risk_off,0.034,5,147,1.0,0.0,0.0,0.5,0.35,0.15,0.0
2025-07-30,risk_off,0.027,4,147,1.0,0.0,0.0,0.5,0.35,0.15,0.0
2025-07-31,risk_off,0.109,16,147,1.0,0.0,0.0,0.5,0.35,0.15,0.0
2025-08-01,risk_off,0.98,144,147,1.0,0.0,0.0,0.5,0.35,0.15,0.0
2025-08-04,risk_off,0.048,7,147,1.0,0.0,0.0,0.5,0.35,0.15,0.0
2025-08-05,risk_off,0.476,70,147,1.0,0.0,0.0,0.5,0.35,0.15,0.0
2025-08-06,risk_off,0.286,42,147,1.0,0.0,0.0,0.5,0.35,0.15,0.0
2025-08-07,risk_off,0.177,26,147,1.0,0.0,0.0,0.5,0.35,0.15,0.0
2025-08-08,risk_off,0.293,43,147,1.0,0.0,0.0,0.5,0.35,0.15,0.0
2025-08-11,risk_off,0.095,14,147,1.0,0.0,0.0,0.5,0.35,0.15,0.0
2025-08-12,risk_off,0.347,51,147,1.0,0.0,0.0,0.5,0.35,0.15,0.0
2025-08-13,neutral,0.517,76,147,0.9115,0.5013,0.2279,0.1823,0.0,0.0,0.0885
2025-08-14,neutral,0.585,86,147,0.9115,0.5013,0.2279,0.1823,0.0,0.0,0.0885
2025-08-15,neutral,0.0,0,147,0.9115,0.5013,0.2279,0.1823,0.0,0.0,0.0885
2025-08-18,neutral,0.0,0,147,0.9115,0.5013,0.2279,0.1823,0.0,0.0,0.0885
2025-08-19,neutral,0.0,0,147,0.9115,0.5013,0.2279,0.1823,0.0,0.0,0.0885
2025-08-20,neutral,0.497,73,147,0.9115,0.5013,0.2279,0.1823,0.0,0.0,0.0885
2025-08-21,risk_off,0.0,0,147,1.0,0.0,0.0,0.5,0.35,0.15,0.0
2025-08-22,risk_off,0.959,141,147,1.0,0.0,0.0,0.5,0.35,0.15,0.0
2025-08-25,risk_off,1.0,147,147,1.0,0.0,0.0,0.5,0.35,0.15,0.0
2025-08-26,risk_off,1.0,147,147,1.0,0.0,0.0,0.5,0.35,0.15,0.0
2025-08-27,risk_off,1.0,147,147,1.0,0.0,0.0,0.5,0.35,0.15,0.0
2025-08-28,risk_off,1.0,147,147,1.0,0.0,0.0,0.5,0.35,0.15,0.0
2025-08-29,risk_off,0.0,0,147,1.0,0.0,0.0,0.5,0.35,0.15,0.0
2025-09-02,risk_on,1.0,147,147,1.1704,0.4682,0.7022,0.0,0.0,0.0,0.0
2025-09-03,risk_on,0.0,0,147,1.1704,0.4682,0.7022,0.0,0.0,0.0,0.0
2025-09-04,risk_on,1.0,147,147,1.1704,0.4682,0.7022,0.0,0.0,0.0,0.0
2025-09-05,risk_on,0.0,0,147,1.1704,0.4682,0.7022,0.0,0.0,0.0,0.0
2025-09-08,risk_on,1.0,147,147,1.1704,0.4682,0.7022,0.0,0.0,0.0,0.0
2025-09-09,risk_on,1.0,147,147,1.1704,0.4682,0.7022,0.0,0.0,0.0,0.0
2025-09-10,risk_on,1.0,147,147,1.1704,0.4682,0.7022,0.0,0.0,0.0,0.0
2025-09-11,risk_off,0.0,0,147,1.0,0.0,0.0,0.5,0.35,0.15,0.0
2025-09-12,risk_off,0.034,5,147,1.0,0.0,0.0,0.5,0.35,0.15,0.0
2025-09-15,risk_off,1.0,147,147,1.0,0.0,0.0,0.5,0.35,0.15,0.0
2025-09-16,risk_off,1.0,147,147,1.0,0.0,0.0,0.5,0.35,0.15,0.0
2025-09-17,risk_off,0.0,0,147,1.0,0.0,0.0,0.5,0.35,0.15,0.0
2025-09-18,risk_off,1.0,147,147,1.0,0.0,0.0,0.5,0.35,0.15,0.0
2025-09-19,risk_off,0.02,3,147,1.0,0.0,0.0,0.5,0.35,0.15,0.0
2025-09-22,risk_on,1.0,147,147,1.25,0.5,0.75,0.0,0.0,0.0,0.0
2025-09-23,risk_on,0.0,0,147,1.25,0.5,0.75,0.0,0.0,0.0,0.0
2025-09-24,risk_on,0.0,0,147,1.25,0.5,0.75,0.0,0.0,0.0,0.0
2025-09-25,risk_on,1.0,147,147,1.25,0.5,0.75,0.0,0.0,0.0,0.0
2025-09-26,risk_on,1.0,147,147,1.25,0.5,0.75,0.0,0.0,0.0,0.0
2025-09-29,risk_on,0.0,0,147,1.25,0.5,0.75,0.0,0.0,0.0,0.0
2025-09-30,risk_on,1.0,147,147,1.25,0.5,0.75,0.0,0.0,0.0,0.0
2025-10-01,risk_on,1.0,147,147,1.25,0.5,0.75,0.0,0.0,0.0,0.0
2025-10-02,risk_off,0.0,0,147,1.0,0.0,0.0,0.5,0.35,0.15,0.0
2025-10-03,risk_off,1.0,147,147,1.0,0.0,0.0,0.5,0.35,0.15,0.0
2025-10-06,risk_off,1.0,147,147,1.0,0.0,0.0,0.5,0.35,0.15,0.0
2025-10-07,risk_off,1.0,147,147,1.0,0.0,0.0,0.5,0.35,0.15,0.0
2025-10-08,risk_off,0.0,0,147,1.0,0.0,0.0,0.5,0.35,0.15,0.0
2025-10-09,risk_off,1.0,147,147,1.0,0.0,0.0,0.5,0.35,0.15,0.0
2025-10-10,risk_on,1.0,147,147,0.9606,0.3843,0.5764,0.0,0.0,0.0,0.0394
2025-10-13,risk_on,1.0,147,147,0.9606,0.3843,0.5764,0.0,0.0,0.0,0.0394
2025-10-14,risk_on,1.0,147,147,0.9606,0.3843,0.5764,0.0,0.0,0.0,0.0394
2025-10-15,risk_on,0.02,3,147,0.9606,0.3843,0.5764,0.0,0.0,0.0,0.0394
2025-10-16,risk_on,0.0,0,147,0.9606,0.3843,0.5764,0.0,0.0,0.0,0.0394
2025-10-17,risk_on,0.014,2,147,0.9606,0.3843,0.5764,0.0,0.0,0.0,0.0394
2025-10-20,risk_on,1.0,147,147,0.8502,0.3401,0.5101,0.0,0.0,0.0,0.1498
2025-10-21,risk_on,1.0,147,147,0.8502,0.3401,0.5101,0.0,0.0,0.0,0.1498
2025-10-22,risk_off,0.014,2,147,1.0,0.0,0.0,0.5,0.35,0.15,0.0
2025-10-23,risk_off,0.0,0,147,1.0,0.0,0.0,0.5,0.35,0.15,0.0
2025-10-24,risk_off,0.0,0,147,1.0,0.0,0.0,0.5,0.35,0.15,0.0
2025-10-27,risk_off,1.0,147,147,1.0,0.0,0.0,0.5,0.35,0.15,0.0
2025-10-28,risk_off,1.0,147,147,1.0,0.0,0.0,0.5,0.35,0.15,0.0
2025-10-29,risk_off,1.0,147,147,1.0,0.0,0.0,0.5,0.35,0.15,0.0
2025-10-30,risk_on,1.0,147,147,0.746,0.2984,0.4476,0.0,0.0,0.0,0.254
2025-10-31,risk_on,1.0,147,147,0.746,0.2984,0.4476,0.0,0.0,0.0,0.254
2025-11-03,risk_on,1.0,147,147,0.746,0.2984,0.4476,0.0,0.0,0.0,0.254
2025-11-04,risk_on,0.0,0,147,0.746,0.2984,0.4476,0.0,0.0,0.0,0.254
2025-11-05,risk_on,0.007,1,147,0.746,0.2984,0.4476,0.0,0.0,0.0,0.254
2025-11-06,risk_on,0.0,0,147,0.746,0.2984,0.4476,0.0,0.0,0.0,0.254
2025-11-07,risk_off,0.136,20,147,1.0,0.0,0.0,0.5,0.35,0.15,0.0
2025-11-10,risk_off,0.0,0,147,1.0,0.0,0.0,0.5,0.35,0.15,0.0
2025-11-11,risk_off,0.993,146,147,1.0,0.0,0.0,0.5,0.35,0.15,0.0
2025-11-12,risk_off,0.993,146,147,1.0,0.0,0.0,0.5,0.35,0.15,0.0
2025-11-13,risk_off,0.993,146,147,1.0,0.0,0.0,0.5,0.35,0.15,0.0
2025-11-14,risk_off,0.0,0,147,1.0,0.0,0.0,0.5,0.35,0.15,0.0
2025-11-17,risk_on,0.993,146,147,0.786,0.3144,0.4716,0.0,0.0,0.0,0.214
2025-11-18,risk_on,0.0,0,147,0.786,0.3144,0.4716,0.0,0.0,0.0,0.214
2025-11-19,risk_on,0.993,146,147,0.786,0.3144,0.4716,0.0,0.0,0.0,0.214
2025-11-20,risk_on,0.0,0,147,0.786,0.3144,0.4716,0.0,0.0,0.0,0.214
2025-11-21,risk_on,0.497,73,147,0.786,0.3144,0.4716,0.0,0.0,0.0,0.214
2025-11-24,risk_on,0.993,146,147,0.786,0.3144,0.4716,0.0,0.0,0.0,0.214
2025-11-25,neutral,1.0,147,147,0.5551,0.3053,0.1388,0.111,0.0,0.0,0.4449
2025-11-26,neutral,0.034,5,147,0.5551,0.3053,0.1388,0.111,0.0,0.0,0.4449
2025-11-28,neutral,0.993,146,147,0.5551,0.3053,0.1388,0.111,0.0,0.0,0.4449
2025-12-01,neutral,1.0,147,147,0.5551,0.3053,0.1388,0.111,0.0,0.0,0.4449
2025-12-02,neutral,0.49,72,147,0.5551,0.3053,0.1388,0.111,0.0,0.0,0.4449
2025-12-03,neutral,0.483,71,147,0.5551,0.3053,0.1388,0.111,0.0,0.0,0.4449
2025-12-04,risk_on,0.993,146,147,0.7445,0.2978,0.4467,0.0,0.0,0.0,0.2555
2025-12-05,risk_on,0.02,3,147,0.7445,0.2978,0.4467,0.0,0.0,0.0,0.2555
2025-12-08,risk_on,1.0,147,147,0.7445,0.2978,0.4467,0.0,0.0,0.0,0.2555
2025-12-09,risk_on,1.0,147,147,0.8712,0.3485,0.5227,0.0,0.0,0.0,0.1288
2025-12-10,risk_on,0.993,146,147,0.8712,0.3485,0.5227,0.0,0.0,0.0,0.1288
2025-12-11,risk_on,0.966,142,147,0.8712,0.3485,0.5227,0.0,0.0,0.0,0.1288
2025-12-12,risk_off,0.0,0,147,1.0,0.0,0.0,0.5,0.35,0.15,0.0
2025-12-15,risk_off,0.0,0,147,1.0,0.0,0.0,0.5,0.35,0.15,0.0
2025-12-16,risk_off,1.0,147,147,1.0,0.0,0.0,0.5,0.35,0.15,0.0
2025-12-17,risk_off,0.0,0,147,1.0,0.0,0.0,0.5,0.35,0.15,0.0
2025-12-18,risk_off,0.027,4,147,1.0,0.0,0.0,0.5,0.35,0.15,0.0
2025-12-19,risk_off,0.993,146,147,1.0,0.0,0.0,0.5,0.35,0.15,0.0
2025-12-22,risk_on,0.993,146,147,0.9262,0.3705,0.5557,0.0,0.0,0.0,0.0738
2025-12-23,risk_on,1.0,147,147,1.0894,0.4358,0.6537,0.0,0.0,0.0,0.0
2025-12-24,risk_on,1.0,147,147,1.0894,0.4358,0.6537,0.0,0.0,0.0,0.0
2025-12-26,risk_on,1.0,147,147,1.0894,0.4358,0.6537,0.0,0.0,0.0,0.0
2025-12-29,risk_on,0.0,0,147,1.0894,0.4358,0.6537,0.0,0.0,0.0,0.0
2025-12-30,risk_on,0.0,0,147,1.0894,0.4358,0.6537,0.0,0.0,0.0,0.0
2025-12-31,risk_on,1.0,147,147,1.0894,0.4358,0.6537,0.0,0.0,0.0,0.0
2026-01-02,risk_off,0.0,0,147,1.0,0.0,0.0,0.5,0.35,0.15,0.0
2026-01-05,risk_off,0.0,0,147,1.0,0.0,0.0,0.5,0.35,0.15,0.0
2026-01-06,risk_off,0.748,110,147,1.0,0.0,0.0,0.5,0.35,0.15,0.0
2026-01-07,risk_off,0.014,2,147,1.0,0.0,0.0,0.5,0.35,0.15,0.0
2026-01-08,risk_off,0.0,0,147,1.0,0.0,0.0,0.5,0.35,0.15,0.0
2026-01-09,risk_off,0.993,146,147,1.0,0.0,0.0,0.5,0.35,0.15,0.0
2026-01-12,risk_on,0.993,146,147,1.0479,0.4192,0.6287,0.0,0.0,0.0,0.0
2026-01-13,risk_on,0.259,38,147,1.2104,0.4842,0.7262,0.0,0.0,0.0,0.0
2026-01-14,risk_on,0.0,0,147,1.2104,0.4842,0.7262,0.0,0.0,0.0,0.0
2026-01-15,risk_on,0.993,146,147,1.2104,0.4842,0.7262,0.0,0.0,0.0,0.0
2026-01-16,risk_on,0.701,103,147,1.2104,0.4842,0.7262,0.0,0.0,0.0,0.0
2026-01-20,risk_on,0.823,121,147,1.2104,0.4842,0.7262,0.0,0.0,0.0,0.0
2026-01-21,risk_off,0.0,0,147,1.0,0.0,0.0,0.5,0.35,0.15,0.0
2026-01-22,risk_off,0.993,146,147,1.0,0.0,0.0,0.5,0.35,0.15,0.0
2026-01-23,risk_off,0.993,146,147,1.0,0.0,0.0,0.5,0.35,0.15,0.0
2026-01-26,risk_off,0.993,146,147,1.0,0.0,0.0,0.5,0.35,0.15,0.0
2026-01-27,risk_off,1.0,147,147,1.0,0.0,0.0,0.5,0.35,0.15,0.0
2026-01-28,risk_off,1.0,147,147,1.0,0.0,0.0,0.5,0.35,0.15,0.0
2026-01-29,risk_on,0.796,117,147,1.1393,0.4557,0.6836,0.0,0.0,0.0,0.0
2026-01-30,risk_on,1.0,147,147,1.1393,0.4557,0.6836,0.0,0.0,0.0,0.0
2026-02-02,risk_on,0.0,0,147,1.1393,0.4557,0.6836,0.0,0.0,0.0,0.0
2026-02-03,risk_on,0.0,0,147,1.0255,0.4102,0.6153,0.0,0.0,0.0,0.0
2026-02-04,risk_on,0.095,14,147,1.0255,0.4102,0.6153,0.0,0.0,0.0,0.0
2026-02-05,risk_on,0.0,0,147,1.0255,0.4102,0.6153,0.0,0.0,0.0,0.0
2026-02-06,risk_off,0.034,5,147,1.0,0.0,0.0,0.5,0.35,0.15,0.0
2026-02-09,risk_off,0.32,47,147,1.0,0.0,0.0,0.5,0.35,0.15,0.0
2026-02-10,risk_off,0.993,146,147,1.0,0.0,0.0,0.5,0.35,0.15,0.0
2026-02-11,risk_off,0.993,146,147,1.0,0.0,0.0,0.5,0.35,0.15,0.0
2026-02-12,risk_off,1.0,147,147,1.0,0.0,0.0,0.5,0.35,0.15,0.0
2026-02-13,risk_off,0.061,9,147,1.0,0.0,0.0,0.5,0.35,0.15,0.0
2026-02-17,risk_off,0.0,0,147,1.0,0.0,0.0,0.5,0.35,0.15,0.0
2026-02-18,risk_off,0.306,45,147,1.0,0.0,0.0,0.5,0.35,0.15,0.0
2026-02-19,risk_off,0.0,0,147,1.0,0.0,0.0,0.5,0.35,0.15,0.0
2026-02-20,risk_off,0.0,0,147,1.0,0.0,0.0,0.5,0.35,0.15,0.0
2026-02-23,neutral,0.789,116,147,0.6898,0.3794,0.1725,0.138,0.0,0.0,0.3102
2026-02-24,neutral,1.0,147,147,0.6898,0.3794,0.1725,0.138,0.0,0.0,0.3102
2026-02-25,neutral,0.014,2,147,0.6898,0.3794,0.1725,0.138,0.0,0.0,0.3102
2026-02-26,neutral,0.0,0,147,0.6898,0.3794,0.1725,0.138,0.0,0.0,0.3102
2026-02-27,neutral,0.0,0,147,0.6898,0.3794,0.1725,0.138,0.0,0.0,0.3102
2026-03-02,neutral,0.0,0,147,0.6898,0.3794,0.1725,0.138,0.0,0.0,0.3102
2026-03-03,risk_off,0.0,0,147,1.0,0.0,0.0,0.5,0.35,0.15,0.0
2026-03-04,risk_off,0.0,0,147,1.0,0.0,0.0,0.5,0.35,0.15,0.0
2026-03-05,risk_off,1.0,147,147,1.0,0.0,0.0,0.5,0.35,0.15,0.0
2026-03-06,risk_off,1.0,147,147,1.0,0.0,0.0,0.5,0.35,0.15,0.0
2026-03-09,risk_off,1.0,147,147,1.0,0.0,0.0,0.5,0.35,0.15,0.0
2026-03-10,risk_off,1.0,147,147,1.0,0.0,0.0,0.5,0.35,0.15,0.0
2026-03-11,neutral,1.0,147,147,0.7433,0.4088,0.1858,0.1487,0.0,0.0,0.2567
2026-03-12,neutral,1.0,147,147,0.7433,0.4088,0.1858,0.1487,0.0,0.0,0.2567
2026-03-13,neutral,1.0,147,147,0.7433,0.4088,0.1858,0.1487,0.0,0.0,0.2567
2026-03-16,neutral,1.0,147,147,0.7433,0.4088,0.1858,0.1487,0.0,0.0,0.2567
2026-03-17,neutral,1.0,147,147,0.7433,0.4088,0.1858,0.1487,0.0,0.0,0.2567
2026-03-18,neutral,1.0,147,147,0.7433,0.4088,0.1858,0.1487,0.0,0.0,0.2567
2026-03-19,risk_off,0.0,0,147,1.0,0.0,0.0,0.5,0.35,0.15,0.0
2026-03-20,risk_off,0.891,131,147,1.0,0.0,0.0,0.5,0.35,0.15,0.0
2026-03-23,risk_off,1.0,147,147,1.0,0.0,0.0,0.5,0.35,0.15,0.0
2026-03-24,risk_off,1.0,147,147,1.0,0.0,0.0,0.5,0.35,0.15,0.0
2026-03-25,risk_off,1.0,147,147,1.0,0.0,0.0,0.5,0.35,0.15,0.0
2026-03-26,risk_off,1.0,147,147,1.0,0.0,0.0,0.5,0.35,0.15,0.0
2026-03-27,risk_off,1.0,147,147,1.0,0.0,0.0,0.5,0.35,0.15,0.0
2026-03-30,risk_off,0.993,146,147,1.0,0.0,0.0,0.5,0.35,0.15,0.0
2026-03-31,risk_off,1.0,147,147,1.0,0.0,0.0,0.5,0.35,0.15,0.0
2026-04-01,risk_off,1.0,147,147,1.0,0.0,0.0,0.5,0.35,0.15,0.0
2026-04-02,risk_off,1.0,147,147,1.0,0.0,0.0,0.5,0.35,0.15,0.0
2026-04-06,risk_off,1.0,147,147,1.0,0.0,0.0,0.5,0.35,0.15,0.0
2026-04-07,risk_off,0.0,0,147,1.0,0.0,0.0,0.5,0.35,0.15,0.0
2026-04-08,neutral,0.51,75,147,0.4925,0.2708,0.1231,0.0985,0.0,0.0,0.5075
2026-04-09,neutral,1.0,147,147,0.4925,0.2708,0.1231,0.0985,0.0,0.0,0.5075
2026-04-10,neutral,1.0,147,147,0.4925,0.2708,0.1231,0.0985,0.0,0.0,0.5075
2026-04-13,neutral,1.0,147,147,0.4925,0.2708,0.1231,0.0985,0.0,0.0,0.5075
2026-04-14,neutral,1.0,147,147,0.4925,0.2708,0.1231,0.0985,0.0,0.0,0.5075
2026-04-15,neutral,1.0,147,147,0.4925,0.2708,0.1231,0.0985,0.0,0.0,0.5075
2026-04-16,neutral,1.0,147,147,0.4925,0.2708,0.1231,0.0985,0.0,0.0,0.5075
