date,entry_date,exit_date,ticker,sector,open_next,horizon_future_close,exit_future_close,holding_days,exit_reason,signal,direction_vote,p_up_raw,p_up_h20,p_up_h5,p_up_calibrated,meta_confidence,confidence,conformal_qhat,conformal_set_size,conformal_singleton,conformal_contains_up,conformal_contains_down,conf_threshold,threshold_used_fallback,expected_return,signal_quality,ranker_score,actionable,rank_score,rank_orientation,rank_orientation_corr
2015-02-06,2015-02-09,2015-02-13,GE,XLI,100.01912968080076,102.88031768798828,102.02195473660433,4,stop_loss,SHORT,SHORT,0.4976445734500885,0.4982236921787262,0.4970654547214508,0.4982236921787262,0.522459089756012,50.23554265499115,0.5023554265499115,2,False,True,True,52.5,True,0.32502448558807373,UNRANKED,,False,,,
2015-02-09,2015-02-10,2015-02-18,GE,XLI,101.24535900186507,103.20732879638672,103.1664361851798,5,stop_loss,SHORT,SHORT,0.4976445734500885,0.4982236921787262,0.4970654547214508,0.4982236921787262,0.48998644948005676,50.23554265499115,0.5023554265499115,2,False,True,True,52.5,True,0.2483272552490234,UNRANKED,,False,,,
2015-02-10,2015-02-11,2015-02-17,GE,XLI,101.00011790021429,103.16605377197266,102.85696539079744,3,take_profit,LONG,LONG,0.5000318735837936,0.4982236921787262,0.5018400549888611,0.4982236921787262,0.4021417200565338,50.003187358379364,0.5023554265499115,2,False,True,True,52.5,True,0.3538517355918884,UNRANKED,,False,,,
2015-02-11,2015-02-12,2015-02-18,GE,XLI,101.40885735697262,103.99104309082031,103.15476146202285,3,take_profit,LONG,LONG,0.5000318735837936,0.4982236921787262,0.5018400549888611,0.4982236921787262,0.4734762907028198,50.003187358379364,0.5023554265499115,2,False,True,True,52.5,True,0.35783636569976807,UNRANKED,,False,,,
2015-02-12,2015-02-13,2015-02-20,GE,XLI,102.14459499486668,103.82605743408203,103.84378649702907,4,stop_loss,SHORT,SHORT,0.4988355487585068,0.4935929477214813,0.5040781497955322,0.4935929477214813,0.3334611654281616,50.11644512414932,0.5023554265499115,2,False,True,True,52.5,True,0.2800422310829162,UNRANKED,,False,,,
2015-02-13,2015-02-17,2015-02-24,GE,XLI,102.675944936722,104.73355865478516,104.46272624775716,5,take_profit,LONG,LONG,0.5011509209871292,0.4982236921787262,0.5040781497955322,0.4982236921787262,0.48201048374176025,50.11509209871292,0.5023554265499115,2,False,True,True,52.5,True,0.3126476407051087,UNRANKED,,False,,,
2015-02-17,2015-02-18,2015-02-25,GE,XLI,103.37083093316163,106.87852478027344,105.04667212840437,5,stop_loss,SHORT,SHORT,0.4976445734500885,0.4982236921787262,0.4970654547214508,0.4982236921787262,0.47811365127563477,50.23554265499115,0.5023554265499115,2,False,True,True,52.5,True,0.2013479173183441,UNRANKED,,False,,,
2015-02-18,2015-02-19,2015-02-24,GE,XLI,103.24855304527877,106.79607391357422,104.65579486656783,3,stop_loss,SHORT,SHORT,0.4976445734500885,0.4982236921787262,0.4970654547214508,0.4982236921787262,0.4680558443069458,50.23554265499115,0.5023554265499115,2,False,True,True,52.5,True,0.21431264281272883,UNRANKED,,False,,,
2015-02-19,2015-02-20,2015-02-24,GE,XLI,102.62979536165453,107.20854187011719,103.90279471642573,2,take_profit,LONG,LONG,0.5000318735837936,0.4982236921787262,0.5018400549888611,0.4982236921787262,0.5437871813774109,50.003187358379364,0.5023554265499115,2,False,True,True,52.5,True,0.43234238028526306,UNRANKED,,False,,,
2015-02-20,2015-02-23,2015-02-25,GE,XLI,104.03230890654818,107.70354461669922,105.3122204927647,2,stop_loss,SHORT,SHORT,0.4976445734500885,0.4982236921787262,0.4970654547214508,0.4982236921787262,0.5748738646507263,50.23554265499115,0.5023554265499115,2,False,True,True,52.5,True,0.18339440226554882,UNRANKED,,False,,,
2015-02-23,2015-02-24,2015-02-25,GE,XLI,103.6198085557987,106.67232513427734,104.73643910999792,1,stop_loss,SHORT,SHORT,0.4976445734500885,0.4982236921787262,0.4970654547214508,0.4982236921787262,0.5031294822692871,50.23554265499115,0.5023554265499115,2,False,True,True,52.5,True,0.15298008918762201,UNRANKED,,False,,,
2015-02-24,2015-02-25,2015-02-26,GE,XLI,104.98102876102972,105.8472900390625,106.0754806653266,1,stop_loss,SHORT,SHORT,0.4976445734500885,0.4982236921787262,0.4970654547214508,0.4982236921787262,0.5948920845985413,50.23554265499115,0.5023554265499115,2,False,True,True,52.5,True,0.21308439970016474,UNRANKED,,False,,,
2015-02-25,2015-02-26,2015-03-05,GE,XLI,107.00232543018276,106.5073013305664,106.5073013305664,5,time_exit,SHORT,SHORT,0.4976445734500885,0.4982236921787262,0.4970654547214508,0.4982236921787262,0.6427405476570129,50.23554265499115,0.5023554265499115,2,False,True,True,52.5,True,0.13438650965690604,UNRANKED,,False,,,
2015-02-26,2015-02-27,2015-03-02,GE,XLI,106.54854117301791,104.85733795166016,107.58164947554302,1,take_profit,LONG,LONG,0.5000318735837936,0.4982236921787262,0.5018400549888611,0.4982236921787262,0.5046790242195129,50.003187358379364,0.5023554265499115,2,False,True,True,52.5,True,0.4256461560726166,UNRANKED,,False,,,
2015-02-27,2015-03-02,2015-03-06,GE,XLI,106.75479970806208,105.76477813720703,105.67444801477247,4,stop_loss,LONG,LONG,0.5000318735837936,0.4982236921787262,0.5018400549888611,0.4982236921787262,0.48908647894859314,50.003187358379364,0.5023554265499115,2,False,True,True,52.5,True,0.3278846740722655,UNRANKED,,False,,,
2015-03-02,2015-03-03,2015-03-04,GE,XLI,107.45607168086066,103.82605743408203,106.37507475877639,1,stop_loss,LONG,LONG,0.5012396425008774,0.505413830280304,0.4970654547214508,0.505413830280304,0.43946996331214905,50.12396425008774,0.5023554265499115,2,False,True,True,52.5,True,0.14901599287986755,UNRANKED,,False,,,
2015-03-03,2015-03-04,2015-03-06,GE,XLI,106.25978635454386,103.90856170654297,105.07818714625704,2,take_profit,SHORT,SHORT,0.4976445734500885,0.4982236921787262,0.4970654547214508,0.4982236921787262,0.5375041961669922,50.23554265499115,0.5023554265499115,2,False,True,True,52.5,True,0.2199276685714722,UNRANKED,,False,,,
2015-03-04,2015-03-05,2015-03-10,GE,XLI,105.6823085664773,104.7748031616211,104.4120427147753,3,take_profit,SHORT,SHORT,0.4976445734500885,0.4982236921787262,0.4970654547214508,0.4982236921787262,0.514578104019165,50.23554265499115,0.5023554265499115,2,False,True,True,52.5,True,0.08885729312896729,UNRANKED,,False,,,
2015-03-05,2015-03-06,2015-03-10,GE,XLI,106.0535810706138,103.28981018066406,104.7590984307561,2,stop_loss,LONG,LONG,0.5000318735837936,0.4982236921787262,0.5018400549888611,0.4982236921787262,0.4585137367248535,50.003187358379364,0.5023554265499115,2,False,True,True,52.5,True,0.4521732926368712,UNRANKED,,False,,,
2015-03-06,2015-03-09,2015-03-10,GE,XLI,105.26977605093738,104.98108673095703,103.89140276864106,1,stop_loss,LONG,LONG,0.5000318735837936,0.4982236921787262,0.5018400549888611,0.4982236921787262,0.5116593837738037,50.003187358379364,0.5023554265499115,2,False,True,True,52.5,True,0.34343332052230835,UNRANKED,,False,,,
2015-03-09,2015-03-10,2015-03-13,GE,XLI,105.18730533203738,104.40354919433594,103.6909739808934,3,stop_loss,LONG,LONG,0.5000318735837936,0.4982236921787262,0.5018400549888611,0.4982236921787262,0.4997275769710541,50.003187358379364,0.5023554265499115,2,False,True,True,52.5,True,0.34545728564262396,UNRANKED,,False,,,
2015-03-10,2015-03-11,2015-03-18,GE,XLI,104.27981174809698,105.76477813720703,105.76477813720703,5,time_exit,SHORT,SHORT,0.4988355487585068,0.4935929477214813,0.5040781497955322,0.4935929477214813,0.42436784505844116,50.11644512414932,0.5023554265499115,2,False,True,True,52.5,True,0.29734268784523016,UNRANKED,,False,,,
2015-03-11,2015-03-12,2015-03-19,GE,XLI,104.23856114956635,104.48606872558594,104.48606872558594,5,time_exit,LONG,LONG,0.5000318735837936,0.4982236921787262,0.5018400549888611,0.4982236921787262,0.5165847539901733,50.003187358379364,0.5023554265499115,2,False,True,True,52.5,True,0.4986261427402496,UNRANKED,,False,,,
2015-03-12,2015-03-13,2015-03-20,GE,XLI,104.2798080675847,104.7748031616211,104.7748031616211,5,time_exit,SHORT,SHORT,0.4976445734500885,0.4982236921787262,0.4970654547214508,0.4982236921787262,0.5382306575775146,50.23554265499115,0.5023554265499115,2,False,True,True,52.5,True,0.38609907031059265,UNRANKED,,False,,,
2015-03-13,2015-03-16,2015-03-18,GE,XLI,103.37234050242324,105.06354522705078,105.29927161117045,2,stop_loss,SHORT,SHORT,0.4988355487585068,0.4935929477214813,0.5040781497955322,0.4935929477214813,0.452962726354599,50.11644512414932,0.5023554265499115,2,False,True,True,52.5,True,0.27645048499107355,UNRANKED,,False,,,
2015-03-16,2015-03-17,2015-03-24,GE,XLI,104.3622962769516,104.23855590820312,104.23855590820312,5,time_exit,LONG,LONG,0.501833513379097,0.5066015720367432,0.4970654547214508,0.5066015720367432,0.4981030225753784,50.1833513379097,0.5023554265499115,2,False,True,True,52.5,True,0.40385848283767695,UNRANKED,,False,,,
2015-03-17,2015-03-18,2015-03-25,GE,XLI,103.86728217905286,102.75354766845703,102.75354766845703,5,time_exit,LONG,LONG,0.5021991282701492,0.5073328018188477,0.4970654547214508,0.5073328018188477,0.4927055239677429,50.21991282701492,0.5023554265499115,2,False,True,True,52.5,True,0.4048034250736237,UNRANKED,,False,,,
2015-03-18,2015-03-19,2015-03-25,GE,XLI,104.93981807058813,102.2998046875,102.9421548451417,4,stop_loss,LONG,LONG,0.501833513379097,0.5066015720367432,0.4970654547214508,0.5066015720367432,0.5034474730491638,50.1833513379097,0.5023554265499115,2,False,True,True,52.5,True,0.36518073081970226,UNRANKED,,False,,,
2015-03-19,2015-03-20,2015-03-26,GE,XLI,104.52730533293925,102.54730987548828,102.40589332819594,4,take_profit,SHORT,SHORT,0.4976583570241928,0.4982512593269348,0.4970654547214508,0.4982512593269348,0.5282798409461975,50.23416429758072,0.5023554265499115,2,False,True,True,52.5,True,0.38703283667564387,UNRANKED,,False,,,
2015-03-20,2015-03-23,2015-03-25,GE,XLI,105.10479814517696,103.61980438232422,103.01285304194035,2,take_profit,SHORT,SHORT,0.4976583570241928,0.4982512593269348,0.4970654547214508,0.4982512593269348,0.5469246506690979,50.23416429758072,0.5023554265499115,2,False,True,True,52.5,True,0.29844444990158087,UNRANKED,,False,,,
2015-03-23,2015-03-24,2015-03-26,GE,XLI,104.69229862121531,102.34107971191406,102.70642172040617,2,take_profit,SHORT,SHORT,0.4976445734500885,0.4982236921787262,0.4970654547214508,0.4982236921787262,0.493046373128891,50.23554265499115,0.5023554265499115,2,False,True,True,52.5,True,0.38465848565101624,UNRANKED,,False,,,
2015-03-24,2015-03-25,2015-04-01,GE,XLI,104.07354248311633,102.46482849121094,102.46482849121094,5,time_exit,SHORT,SHORT,0.4976445734500885,0.4982236921787262,0.4970654547214508,0.4982236921787262,0.4825915992259979,50.23554265499115,0.5023554265499115,2,False,True,True,52.5,True,0.1585506498813629,UNRANKED,,False,,,
2015-03-25,2015-03-26,2015-04-02,GE,XLI,102.2998046875,102.87731170654297,102.87731170654297,5,time_exit,LONG,LONG,0.5000082552433014,0.49593836069107056,0.5040781497955322,0.49593836069107056,0.4735275208950043,50.00082552433014,0.5023554265499115,2,False,True,True,52.5,True,0.31551781296730047,UNRANKED,,False,,,
2015-03-26,2015-03-27,2015-04-06,GE,XLI,102.79481427175314,103.86732482910156,103.86732482910156,5,time_exit,LONG,LONG,0.5011509209871292,0.4982236921787262,0.5040781497955322,0.4982236921787262,0.5263618230819702,50.11509209871292,0.5023554265499115,2,False,True,True,52.5,True,0.1441250443458557,UNRANKED,,False,,,
2015-03-27,2015-03-30,2015-04-07,GE,XLI,103.04230946180392,103.20732879638672,103.20732879638672,5,time_exit,SHORT,SHORT,0.4976445734500885,0.4982236921787262,0.4970654547214508,0.4982236921787262,0.5087947249412537,50.23554265499115,0.5023554265499115,2,False,True,True,52.5,True,0.25588420033454895,UNRANKED,,False,,,
2015-03-30,2015-03-31,2015-04-08,GE,XLI,103.496082956742,103.16605377197266,103.16605377197266,5,time_exit,SHORT,SHORT,0.4976445734500885,0.4982236921787262,0.4970654547214508,0.4982236921787262,0.5055102705955505,50.23554265499115,0.5023554265499115,2,False,True,True,52.5,True,0.2762862145900726,UNRANKED,,False,,,
2015-03-31,2015-04-01,2015-04-06,GE,XLI,101.96983274593653,106.13607025146484,103.85553678646387,2,stop_loss,SHORT,SHORT,0.4976445734500885,0.4982236921787262,0.4970654547214508,0.4982236921787262,0.5401778221130371,50.23554265499115,0.5023554265499115,2,False,True,True,52.5,True,0.19756737351417547,UNRANKED,,False,,,
2015-04-01,2015-04-02,2015-04-09,GE,XLI,102.34105656879916,117.60352325439453,104.12069022707205,4,stop_loss,SHORT,SHORT,0.4976445734500885,0.4982236921787262,0.4970654547214508,0.4982236921787262,0.5114327073097229,50.23554265499115,0.5023554265499115,2,False,True,True,52.5,True,0.1090314984321595,UNRANKED,,False,,,
2015-04-02,2015-04-06,2015-04-09,GE,XLI,102.7123216758189,113.97351837158203,104.3387396532882,3,take_profit,LONG,LONG,0.5058722048997879,0.4982236921787262,0.5135207176208496,0.4982236921787262,0.45245876908302307,50.58722048997879,0.5023554265499115,1,True,True,False,52.5,True,0.2979949116706848,UNRANKED,,False,,,
2015-04-06,2015-04-07,2015-04-09,GE,XLI,103.82607676212484,114.38604736328125,105.35231424991781,2,take_profit,LONG,LONG,0.5058722048997879,0.4982236921787262,0.5135207176208496,0.4982236921787262,0.41339465975761414,50.58722048997879,0.5023554265499115,1,True,True,False,52.5,True,0.31677758693695074,UNRANKED,,False,,,
2015-04-07,2015-04-08,2015-04-09,GE,XLI,103.33105231858488,113.27227783203125,104.8690695915341,1,take_profit,LONG,LONG,0.5023672729730606,0.4982236921787262,0.506510853767395,0.4982236921787262,0.4800087511539459,50.23672729730606,0.5023554265499115,1,True,True,False,52.5,True,0.36160519719123835,UNRANKED,,False,,,
2015-04-08,2015-04-09,2015-04-10,GE,XLI,103.49607339787494,112.52977752685547,104.8455258253303,1,take_profit,LONG,LONG,0.5023672729730606,0.4982236921787262,0.506510853767395,0.4982236921787262,0.4650363326072693,50.23672729730606,0.5023554265499115,1,True,True,False,52.5,True,0.3140786290168763,UNRANKED,,False,,,
2015-04-09,2015-04-10,2015-04-13,GE,XLI,111.91104065153834,112.40604400634766,113.50210837440386,1,take_profit,LONG,LONG,0.5003528743982315,0.49886569380760193,0.5018400549888611,0.49886569380760193,0.5506954789161682,50.03528743982315,0.5023554265499115,2,False,True,True,52.5,True,0.3902323246002197,UNRANKED,,False,,,
2015-04-10,2015-04-13,2015-04-16,GE,XLI,115.74727553803739,111.45728302001953,112.55924801990122,3,stop_loss,LONG,LONG,0.5009134709835052,0.4999868869781494,0.5018400549888611,0.4999868869781494,0.49303802847862244,50.091347098350525,0.5023554265499115,2,False,True,True,52.5,True,0.2969660758972168,UNRANKED,,False,,,
2015-04-13,2015-04-14,2015-04-21,GE,XLI,113.35480304074578,109.80730438232422,109.80730438232422,5,time_exit,SHORT,SHORT,0.4966408759355545,0.4914416968822479,0.5018400549888611,0.4914416968822479,0.5851103067398071,50.33591240644455,0.5023554265499115,1,True,False,True,52.5,True,0.4373279511928558,UNRANKED,,False,,,
2015-04-14,2015-04-15,2015-04-21,GE,XLI,114.22102927613759,111.00357055664062,110.61460140225365,4,take_profit,SHORT,SHORT,0.4934064596891403,0.48974746465682983,0.4970654547214508,0.48974746465682983,0.5785179734230042,50.65935403108597,0.5023554265499115,1,True,False,True,52.5,True,0.2142089307308197,UNRANKED,,False,,,
2015-04-15,2015-04-16,2015-04-23,GE,XLI,112.65353628031797,110.75604248046875,110.75604248046875,5,time_exit,SHORT,SHORT,0.49452076852321625,0.4872014820575714,0.5018400549888611,0.4872014820575714,0.5859029293060303,50.547923147678375,0.5023554265499115,1,True,False,True,52.5,True,0.356772541999817,UNRANKED,,False,,,
2015-04-16,2015-04-17,2015-04-24,GE,XLI,113.02479843919458,110.54975891113281,110.54975891113281,5,time_exit,SHORT,SHORT,0.4921334683895111,0.4872014820575714,0.4970654547214508,0.4872014820575714,0.536004364490509,50.78665316104889,0.5023554265499115,1,True,False,True,52.5,True,0.20145744085311887,UNRANKED,,False,,,
2015-04-17,2015-04-20,2015-04-27,GE,XLI,112.69477864718091,110.87982940673828,110.87982940673828,5,time_exit,LONG,LONG,0.5014860183000565,0.5059065818786621,0.4970654547214508,0.5059065818786621,0.5141076445579529,50.148601830005646,0.5023554265499115,2,False,True,True,52.5,True,0.4830803275108337,UNRANKED,,False,,,
2015-04-20,2015-04-21,2015-04-28,GE,XLI,111.4985494871973,111.86978912353516,111.86978912353516,5,time_exit,LONG,LONG,0.5038733184337616,0.5059065818786621,0.5018400549888611,0.5059065818786621,0.5104644894599915,50.38733184337616,0.5023554265499115,1,True,True,False,52.5,True,0.4422052800655364,UNRANKED,,False,,,
2015-04-21,2015-04-22,2015-04-29,GE,XLI,110.13731812814873,111.74603271484375,111.74603271484375,5,time_exit,SHORT,SHORT,0.4965995252132416,0.49613359570503235,0.4970654547214508,0.49613359570503235,0.5565919876098633,50.34004747867584,0.5023554265499115,1,True,False,True,52.5,True,0.30973413586616505,UNRANKED,,False,,,
2015-04-22,2015-04-23,2015-04-30,GE,XLI,110.46729829942166,111.70481872558594,111.70481872558594,5,time_exit,SHORT,SHORT,0.496340349316597,0.4908406436443329,0.5018400549888611,0.4908406436443329,0.5341596007347107,50.3659650683403,0.5023554265499115,1,True,False,True,52.5,True,0.4417031109333037,UNRANKED,,False,,,
2015-04-23,2015-04-24,2015-05-01,GE,XLI,110.87976905125905,112.65355682373047,112.65355682373047,5,time_exit,SHORT,SHORT,0.49452076852321625,0.4872014820575714,0.5018400549888611,0.4872014820575714,0.5671374797821045,50.547923147678375,0.5023554265499115,1,True,False,True,52.5,True,0.43134462833404547,UNRANKED,,False,,,
2015-04-24,2015-04-27,2015-05-04,GE,XLI,111.20982659280618,112.48857879638672,112.48857879638672,5,time_exit,LONG,LONG,0.5000318735837936,0.4982236921787262,0.5018400549888611,0.4982236921787262,0.5646595358848572,50.003187358379364,0.5023554265499115,2,False,True,True,52.5,True,0.334970384836197,UNRANKED,,False,,,
2015-04-27,2015-04-28,2015-05-05,GE,XLI,111.16854201931285,111.0447998046875,111.0447998046875,5,time_exit,LONG,LONG,0.5000318735837936,0.4982236921787262,0.5018400549888611,0.4982236921787262,0.5389890074729919,50.003187358379364,0.5023554265499115,2,False,True,True,52.5,True,0.34465956687927246,UNRANKED,,False,,,
2015-04-28,2015-04-29,2015-05-06,GE,XLI,111.16853129247596,110.59107971191406,110.59107971191406,5,time_exit,LONG,LONG,0.5048354268074036,0.5055927038192749,0.5040781497955322,0.5055927038192749,0.4923909306526184,50.483542680740356,0.5023554265499115,1,True,True,False,52.5,True,0.3225293159484863,UNRANKED,,False,,,
2015-04-29,2015-04-30,2015-05-07,GE,XLI,111.62231286491534,111.53982543945312,111.53982543945312,5,time_exit,SHORT,SHORT,0.4976445734500885,0.4982236921787262,0.4970654547214508,0.4982236921787262,0.5149133801460266,50.23554265499115,0.5023554265499115,2,False,True,True,52.5,True,0.21680921316146834,UNRANKED,,False,,,
2015-04-30,2015-05-01,2015-05-08,GE,XLI,111.74605813462745,112.85978698730469,112.85978698730469,5,time_exit,LONG,LONG,0.5000318735837936,0.4982236921787262,0.5018400549888611,0.4982236921787262,0.45812350511550903,50.003187358379364,0.5023554265499115,2,False,True,True,52.5,True,0.25406426191329956,UNRANKED,,False,,,
2015-05-01,2015-05-04,2015-05-05,GE,XLI,112.85982892488668,111.0447998046875,111.56338771046146,1,stop_loss,LONG,LONG,0.5000318735837936,0.4982236921787262,0.5018400549888611,0.4982236921787262,0.4254642426967621,50.003187358379364,0.5023554265499115,2,False,True,True,52.5,True,0.3854123055934906,UNRANKED,,False,,,
2015-05-04,2015-05-05,2015-05-06,GE,XLI,112.40604113501189,111.49857330322266,111.14496434406603,1,stop_loss,LONG,LONG,0.5000318735837936,0.4982236921787262,0.5018400549888611,0.4982236921787262,0.44077709317207336,50.003187358379364,0.5023554265499115,2,False,True,True,52.5,True,0.48123165965080256,UNRANKED,,False,,,
2015-05-05,2015-05-06,2015-05-08,GE,XLI,111.37483293361724,112.24101257324219,112.68305393319872,2,stop_loss,SHORT,SHORT,0.4976445734500885,0.4982236921787262,0.4970654547214508,0.4982236921787262,0.4820699989795685,50.23554265499115,0.5023554265499115,2,False,True,True,52.5,True,0.21121987700462333,UNRANKED,,False,,,
2015-05-06,2015-05-07,2015-05-08,GE,XLI,110.46732800191855,113.0660400390625,111.73429468544253,1,take_profit,LONG,LONG,0.5030456483364105,0.5020131468772888,0.5040781497955322,0.5020131468772888,0.4242842197418213,50.30456483364105,0.5023554265499115,1,True,True,False,52.5,True,0.3925784826278686,UNRANKED,,False,,,
2015-05-07,2015-05-08,2015-05-15,GE,XLI,112.40603116166302,112.48857879638672,112.48857879638672,5,time_exit,LONG,LONG,0.500432938337326,0.499025821685791,0.5018400549888611,0.499025821685791,0.43938425183296204,50.043293833732605,0.5023554265499115,2,False,True,True,52.5,True,0.5038112103939058,UNRANKED,,False,,,
2015-05-08,2015-05-11,2015-05-18,GE,XLI,112.40604113501189,112.65355682373047,112.65355682373047,5,time_exit,SHORT,SHORT,0.49967996776103973,0.4975198805332184,0.5018400549888611,0.4975198805332184,0.512429416179657,50.03200322389603,0.5023554265499115,2,False,True,True,52.5,True,0.3264425098896027,UNRANKED,,False,,,
2015-05-11,2015-05-12,2015-05-13,GE,XLI,110.63232738728982,112.81854248046875,112.09375425845333,1,take_profit,LONG,LONG,0.5011647045612335,0.4982512593269348,0.5040781497955322,0.4982512593269348,0.4626285135746002,50.11647045612335,0.5023554265499115,2,False,True,True,52.5,True,0.2732289135456085,UNRANKED,,False,,,
2015-05-12,2015-05-13,2015-05-14,GE,XLI,111.45725981461851,114.01482391357422,112.81261630352755,1,take_profit,LONG,LONG,0.5040352642536163,0.5039923787117004,0.5040781497955322,0.5039923787117004,0.4799416959285736,50.40352642536163,0.5023554265499115,1,True,True,False,52.5,True,0.2934449315071105,UNRANKED,,False,,,
2015-05-13,2015-05-14,2015-05-21,GE,XLI,112.6947900001451,114.34480285644531,114.12084808817524,5,stop_loss,SHORT,SHORT,0.49210014939308167,0.4801221489906311,0.5040781497955322,0.4801221489906311,0.5763723850250244,50.78998506069183,0.5023554265499115,1,True,False,True,52.5,True,0.23314598202705383,UNRANKED,,False,,,
2015-05-14,2015-05-15,2015-05-22,GE,XLI,112.94232165694557,114.17976379394531,114.17976379394531,5,time_exit,SHORT,SHORT,0.4976445734500885,0.4982236921787262,0.4970654547214508,0.4982236921787262,0.555260956287384,50.23554265499115,0.5023554265499115,2,False,True,True,52.5,True,0.23702520132064817,UNRANKED,,False,,,
2015-05-15,2015-05-18,2015-05-20,GE,XLI,112.24105383767683,113.5197982788086,113.79084544621477,2,stop_loss,SHORT,SHORT,0.4976445734500885,0.4982236921787262,0.4970654547214508,0.4982236921787262,0.485146164894104,50.23554265499115,0.5023554265499115,2,False,True,True,52.5,True,0.2335915565490723,UNRANKED,,False,,,
2015-05-18,2015-05-19,2015-05-20,GE,XLI,112.48854538286733,113.5197982788086,113.92048246434054,1,stop_loss,SHORT,SHORT,0.4976445734500885,0.4982236921787262,0.4970654547214508,0.4982236921787262,0.4807948172092438,50.23554265499115,0.5023554265499115,2,False,True,True,52.5,True,0.21018975973129275,UNRANKED,,False,,,
2015-05-19,2015-05-20,2015-05-21,GE,XLI,112.77732781099719,113.97351837158203,114.21515478504853,1,stop_loss,SHORT,SHORT,0.4976445734500885,0.4982236921787262,0.4970654547214508,0.4982236921787262,0.4185042083263397,50.23554265499115,0.5023554265499115,2,False,True,True,52.5,True,0.22251006960868833,UNRANKED,,False,,,
2015-05-20,2015-05-21,2015-05-29,GE,XLI,114.17980427803998,112.48857879638672,112.57696766915326,5,take_profit,SHORT,SHORT,0.4976445734500885,0.4982236921787262,0.4970654547214508,0.4982236921787262,0.5801458954811096,50.23554265499115,0.5023554265499115,2,False,True,True,52.5,True,0.3009124100208283,UNRANKED,,False,,,
2015-05-21,2015-05-22,2015-05-29,GE,XLI,114.22101670734295,112.52977752685547,112.7065742634953,4,take_profit,SHORT,SHORT,0.4976445734500885,0.4982236921787262,0.4970654547214508,0.4982236921787262,0.6047495603561401,50.23554265499115,0.5023554265499115,2,False,True,True,52.5,True,0.3002569079399108,UNRANKED,,False,,,
2015-05-22,2015-05-26,2015-06-02,GE,XLI,113.5197982788086,112.73603057861328,112.73603057861328,5,time_exit,SHORT,SHORT,0.4976445734500885,0.4982236921787262,0.4970654547214508,0.4982236921787262,0.5473757982254028,50.23554265499115,0.5023554265499115,2,False,True,True,52.5,True,0.15297180414199824,UNRANKED,,False,,,
2015-05-26,2015-05-27,2015-06-03,GE,XLI,113.72604976400706,113.56106567382812,113.56106567382812,5,time_exit,SHORT,SHORT,0.4976445734500885,0.4982236921787262,0.4970654547214508,0.4982236921787262,0.49054375290870667,50.23554265499115,0.5023554265499115,2,False,True,True,52.5,True,0.15382409095764157,UNRANKED,,False,,,
2015-05-27,2015-05-28,2015-06-04,GE,XLI,113.43726987019464,112.44730377197266,112.44730377197266,5,time_exit,SHORT,SHORT,0.4976445734500885,0.4982236921787262,0.4970654547214508,0.4982236921787262,0.44679298996925354,50.23554265499115,0.5023554265499115,2,False,True,True,52.5,True,0.11707118153572085,UNRANKED,,False,,,
2015-05-28,2015-05-29,2015-06-05,GE,XLI,113.43731745038086,112.571044921875,112.571044921875,5,time_exit,SHORT,SHORT,0.4976445734500885,0.4982236921787262,0.4970654547214508,0.4982236921787262,0.43879401683807373,50.23554265499115,0.5023554265499115,2,False,True,True,52.5,True,0.08597105741500839,UNRANKED,,False,,,
2015-05-29,2015-06-01,2015-06-08,GE,XLI,112.44728482490301,112.36477661132812,112.36477661132812,5,time_exit,SHORT,SHORT,0.4976445734500885,0.4982236921787262,0.4970654547214508,0.4982236921787262,0.47243931889533997,50.23554265499115,0.5023554265499115,2,False,True,True,52.5,True,0.26059705018997187,UNRANKED,,False,,,
2015-06-01,2015-06-02,2015-06-03,GE,XLI,112.28228787722675,112.73603057861328,113.31940052196727,1,take_profit,LONG,LONG,0.5011509209871292,0.4982236921787262,0.5040781497955322,0.4982236921787262,0.4827721416950226,50.11509209871292,0.5023554265499115,2,False,True,True,52.5,True,0.24748361110687256,UNRANKED,,False,,,
2015-06-02,2015-06-03,2015-06-10,GE,XLI,113.14856265086536,113.97351837158203,113.97351837158203,5,time_exit,SHORT,SHORT,0.4976445734500885,0.4982236921787262,0.4970654547214508,0.4982236921787262,0.5356687307357788,50.23554265499115,0.5023554265499115,2,False,True,True,52.5,True,0.18135491013526922,UNRANKED,,False,,,
2015-06-03,2015-06-04,2015-06-11,GE,XLI,113.10729803355642,113.47852325439453,113.47852325439453,5,time_exit,SHORT,SHORT,0.4976445734500885,0.4982236921787262,0.4970654547214508,0.4982236921787262,0.5692604184150696,50.23554265499115,0.5023554265499115,2,False,True,True,52.5,True,0.19630753993988037,UNRANKED,,False,,,
2015-06-04,2015-06-05,2015-06-10,GE,XLI,112.4472992861874,112.98356628417969,113.50209904727836,3,stop_loss,SHORT,SHORT,0.4988355487585068,0.4935929477214813,0.5040781497955322,0.4935929477214813,0.38664883375167847,50.11644512414932,0.5023554265499115,2,False,True,True,52.5,True,0.1729066967964173,UNRANKED,,False,,,
2015-06-05,2015-06-08,2015-06-10,GE,XLI,112.69477367953277,112.24101257324219,113.68475628451324,2,stop_loss,SHORT,SHORT,0.4976445734500885,0.4982236921787262,0.4970654547214508,0.4982236921787262,0.5428571701049805,50.23554265499115,0.5023554265499115,2,False,True,True,52.5,True,0.11194717884063726,UNRANKED,,False,,,
2015-06-08,2015-06-09,2015-06-10,GE,XLI,112.5297791202778,112.28231048583984,113.52566033714443,1,stop_loss,SHORT,SHORT,0.4976445734500885,0.4982236921787262,0.4970654547214508,0.4982236921787262,0.5190317034721375,50.23554265499115,0.5023554265499115,2,False,True,True,52.5,True,0.11840924620628362,UNRANKED,,False,,,
2015-06-09,2015-06-10,2015-06-17,GE,XLI,112.85978158692245,112.48857879638672,112.48857879638672,5,time_exit,SHORT,SHORT,0.4976445734500885,0.4982236921787262,0.4970654547214508,0.4982236921787262,0.4956086277961731,50.23554265499115,0.5023554265499115,2,False,True,True,52.5,True,0.1983787715435028,UNRANKED,,False,,,
2015-06-10,2015-06-11,2015-06-15,GE,XLI,113.72602761516794,113.86137390136719,112.694792873957,2,take_profit,SHORT,SHORT,0.4976445734500885,0.4982236921787262,0.4970654547214508,0.4982236921787262,0.558684766292572,50.23554265499115,0.5023554265499115,2,False,True,True,52.5,True,0.15711373090744027,UNRANKED,,False,,,
2015-06-11,2015-06-12,2015-06-19,GE,XLI,113.18981779970593,113.32054138183594,113.32054138183594,5,time_exit,SHORT,SHORT,0.4988355487585068,0.4935929477214813,0.5040781497955322,0.4935929477214813,0.28509458899497986,50.11644512414932,0.5023554265499115,2,False,True,True,52.5,True,0.12316590547561652,UNRANKED,,False,,,
2015-06-12,2015-06-15,2015-06-22,GE,XLI,112.98351242168845,114.0693588256836,114.0693588256836,5,time_exit,SHORT,SHORT,0.4988355487585068,0.4935929477214813,0.5040781497955322,0.4935929477214813,0.42366185784339905,50.11644512414932,0.5023554265499115,2,False,True,True,52.5,True,0.1785233020782471,UNRANKED,,False,,,
2015-06-15,2015-06-16,2015-06-18,GE,XLI,112.07605898597458,114.61016082763672,113.18979690973295,2,stop_loss,SHORT,SHORT,0.4988355487585068,0.4935929477214813,0.5040781497955322,0.4935929477214813,0.2978496551513672,50.11644512414932,0.5023554265499115,2,False,True,True,52.5,True,0.22712707519531253,UNRANKED,,False,,,
2015-06-16,2015-06-17,2015-06-18,GE,XLI,112.15856846706919,113.40376281738281,113.27820609262723,1,stop_loss,SHORT,SHORT,0.4988355487585068,0.4935929477214813,0.5040781497955322,0.4935929477214813,0.3453839421272278,50.11644512414932,0.5023554265499115,2,False,True,True,52.5,True,0.2780455946922302,UNRANKED,,False,,,
2015-06-17,2015-06-18,2015-06-22,GE,XLI,112.65495587163015,112.48856353759766,113.7392432425844,2,stop_loss,SHORT,SHORT,0.4976445734500885,0.4982236921787262,0.4970654547214508,0.4982236921787262,0.552487313747406,50.23554265499115,0.5023554265499115,2,False,True,True,52.5,True,0.18036735057830816,UNRANKED,,False,,,
2015-06-18,2015-06-19,2015-06-23,GE,XLI,113.44535281357874,112.696533203125,114.51361954593085,2,stop_loss,SHORT,SHORT,0.4976445734500885,0.4982236921787262,0.4970654547214508,0.4982236921787262,0.5459253787994385,50.23554265499115,0.5023554265499115,2,False,True,True,52.5,True,0.30644673109054565,UNRANKED,,False,,,
2015-06-19,2015-06-22,2015-06-29,GE,XLI,113.5701528268906,110.82450866699219,112.43050983895813,5,take_profit,SHORT,SHORT,0.4976445734500885,0.4982236921787262,0.4970654547214508,0.4982236921787262,0.5324059128761292,50.23554265499115,0.5023554265499115,2,False,True,True,52.5,True,0.2860906720161439,UNRANKED,,False,,,
2015-06-22,2015-06-23,2015-06-25,GE,XLI,114.06935105443749,110.53328704833984,112.85219886763504,2,take_profit,SHORT,SHORT,0.4976445734500885,0.4982236921787262,0.4970654547214508,0.4982236921787262,0.5223981738090515,50.23554265499115,0.5023554265499115,2,False,True,True,52.5,True,0.2529716491699218,UNRANKED,,False,,,
2015-06-23,2015-06-24,2015-06-25,GE,XLI,114.61018075337024,110.90770721435547,113.4336332941766,1,take_profit,SHORT,SHORT,0.4976445734500885,0.4982236921787262,0.4970654547214508,0.4982236921787262,0.5414852499961853,50.23554265499115,0.5023554265499115,2,False,True,True,52.5,True,0.31685417890548706,UNRANKED,,False,,,
2015-06-24,2015-06-25,2015-06-29,GE,XLI,113.48697580438999,111.40692138671875,112.29719461542514,2,take_profit,SHORT,SHORT,0.4976445734500885,0.4982236921787262,0.4970654547214508,0.4982236921787262,0.5263464450836182,50.23554265499115,0.5023554265499115,2,False,True,True,52.5,True,0.14925688505172727,UNRANKED,,False,,,
2015-06-25,2015-06-26,2015-06-29,GE,XLI,112.4885274030091,109.45169067382812,111.18568076691814,1,stop_loss,LONG,LONG,0.5011509209871292,0.4982236921787262,0.5040781497955322,0.4982236921787262,0.5111215114593506,50.11509209871292,0.5023554265499115,2,False,True,True,52.5,True,0.16172611713409432,UNRANKED,,False,,,
2015-06-26,2015-06-29,2015-06-30,GE,XLI,111.90612837200369,110.11732482910156,110.60303868520124,1,take_profit,SHORT,SHORT,0.4976445734500885,0.4982236921787262,0.4970654547214508,0.4982236921787262,0.4727663993835449,50.23554265499115,0.5023554265499115,2,False,True,True,52.5,True,0.21157503128051755,UNRANKED,,False,,,
2015-06-29,2015-06-30,2015-07-06,GE,XLI,111.57330942242129,107.70446014404297,110.05582394006917,3,take_profit,SHORT,SHORT,0.4976445734500885,0.4982236921787262,0.4970654547214508,0.4982236921787262,0.5496002435684204,50.23554265499115,0.5023554265499115,2,False,True,True,52.5,True,0.298555076122284,UNRANKED,,False,,,
2015-06-30,2015-07-01,2015-07-06,GE,XLI,110.94931102794985,108.2452392578125,109.56700642764292,2,take_profit,SHORT,SHORT,0.4976445734500885,0.4982236921787262,0.4970654547214508,0.4982236921787262,0.5676435828208923,50.23554265499115,0.5023554265499115,2,False,True,True,52.5,True,0.23209875822067255,UNRANKED,,False,,,
2015-07-01,2015-07-02,2015-07-06,GE,XLI,111.07411074152058,109.28529357910156,109.70903113423822,1,take_profit,SHORT,SHORT,0.4976445734500885,0.4982236921787262,0.4970654547214508,0.4982236921787262,0.521368682384491,50.23554265499115,0.5023554265499115,2,False,True,True,52.5,True,0.3195373713970185,UNRANKED,,False,,,
2015-07-02,2015-07-06,2015-07-08,GE,XLI,110.36690843763158,110.11732482910156,109.00122065861372,2,take_profit,SHORT,SHORT,0.4976445734500885,0.4982236921787262,0.4970654547214508,0.4982236921787262,0.5634540319442749,50.23554265499115,0.5023554265499115,2,False,True,True,52.5,True,0.29439967870712275,UNRANKED,,False,,,
2015-07-06,2015-07-07,2015-07-08,GE,XLI,109.74291689396375,110.90770721435547,108.20398954323831,1,take_profit,SHORT,SHORT,0.4976445734500885,0.4982236921787262,0.4970654547214508,0.4982236921787262,0.5203893184661865,50.23554265499115,0.5023554265499115,2,False,True,True,52.5,True,0.3916276693344116,UNRANKED,,False,,,
2015-07-07,2015-07-08,2015-07-14,GE,XLI,108.53647692580316,111.36534118652344,110.16459516833943,4,take_profit,LONG,LONG,0.500432938337326,0.499025821685791,0.5018400549888611,0.499025821685791,0.5754095911979675,50.043293833732605,0.5023554265499115,2,False,True,True,52.5,True,0.354462444782257,UNRANKED,,False,,,
2015-07-08,2015-07-09,2015-07-14,GE,XLI,108.86925001089591,112.48856353759766,110.81259630693386,3,stop_loss,SHORT,SHORT,0.4976583570241928,0.4982512593269348,0.4970654547214508,0.4982512593269348,0.5155693888664246,50.23416429758072,0.5023554265499115,2,False,True,True,52.5,True,0.25563395023345953,UNRANKED,,False,,,
2015-07-09,2015-07-10,2015-07-16,GE,XLI,109.78449967858974,113.32054138183594,111.60898654731184,4,stop_loss,SHORT,SHORT,0.49893204867839813,0.5007986426353455,0.4970654547214508,0.5007986426353455,0.540862500667572,50.10679513216019,0.5023554265499115,2,False,True,True,52.5,True,0.14100632071495045,UNRANKED,,False,,,
2015-07-10,2015-07-13,2015-07-16,GE,XLI,110.20052585660954,112.90457153320312,112.09633012558275,3,stop_loss,SHORT,SHORT,0.4983312785625458,0.49959710240364075,0.4970654547214508,0.49959710240364075,0.5731812119483948,50.16687214374542,0.5023554265499115,2,False,True,True,52.5,True,0.2903433144092559,UNRANKED,,False,,,
2015-07-13,2015-07-14,2015-07-16,GE,XLI,109.61808171075685,111.69812774658203,111.52577366632326,2,stop_loss,SHORT,SHORT,0.4983312785625458,0.49959710240364075,0.4970654547214508,0.49959710240364075,0.566135585308075,50.16687214374542,0.5023554265499115,2,False,True,True,52.5,True,0.6401408016681671,UNRANKED,,False,,,
2015-07-14,2015-07-15,2015-07-17,GE,XLI,110.6997263776918,110.78292083740234,112.64307267372975,2,take_profit,LONG,LONG,0.5000318735837936,0.4982236921787262,0.5018400549888611,0.4982236921787262,0.512084424495697,50.003187358379364,0.5023554265499115,2,False,True,True,52.5,True,0.2969098389148712,UNRANKED,,False,,,
2015-07-15,2015-07-16,2015-07-23,GE,XLI,112.23895384819622,109.24365997314453,110.4025738433134,5,stop_loss,LONG,LONG,0.5000318735837936,0.4982236921787262,0.5018400549888611,0.4982236921787262,0.47713321447372437,50.003187358379364,0.5023554265499115,2,False,True,True,52.5,True,0.31677475571632396,UNRANKED,,False,,,
2015-07-16,2015-07-17,2015-07-22,GE,XLI,113.4037490029978,107.12206268310547,111.53765141650226,3,take_profit,SHORT,SHORT,0.49535462260246277,0.48886919021606445,0.5018400549888611,0.48886919021606445,0.4924960136413574,50.46453773975372,0.5023554265499115,1,True,False,True,52.5,True,0.6598559021949769,UNRANKED,,False,,,
2015-07-17,2015-07-20,2015-07-22,GE,XLI,112.82136389102207,107.95407104492188,110.8661222789964,2,take_profit,SHORT,SHORT,0.49535462260246277,0.48886919021606445,0.5018400549888611,0.48886919021606445,0.5515976548194885,50.46453773975372,0.5023554265499115,1,True,False,True,52.5,True,0.9850336611270905,UNRANKED,,False,,,
2015-07-20,2015-07-21,2015-07-23,GE,XLI,112.363749073636,108.5781021118164,110.61651527411033,2,take_profit,SHORT,SHORT,0.49535462260246277,0.48886919021606445,0.5018400549888611,0.48886919021606445,0.5171828269958496,50.46453773975372,0.5023554265499115,1,True,False,True,52.5,True,0.9821362197399139,UNRANKED,,False,,,
2015-07-21,2015-07-22,2015-07-23,GE,XLI,111.82295012336762,109.24365997314453,109.94497029984642,1,take_profit,SHORT,SHORT,0.49296732246875763,0.48886919021606445,0.4970654547214508,0.48886919021606445,0.5421066880226135,50.70326775312424,0.5023554265499115,1,True,False,True,52.5,True,0.7593048810958862,UNRANKED,,False,,,
2015-07-22,2015-07-23,2015-07-24,GE,XLI,110.57488912087994,108.6612777709961,108.6196540483353,1,take_profit,SHORT,SHORT,0.49535462260246277,0.48886919021606445,0.5018400549888611,0.48886919021606445,0.540006697177887,50.46453773975372,0.5023554265499115,1,True,False,True,52.5,True,0.8968428820371629,UNRANKED,,False,,,
2015-07-23,2015-07-24,2015-07-31,GE,XLI,109.45170458374427,108.5781021118164,108.5781021118164,5,time_exit,LONG,LONG,0.5000318735837936,0.4982236921787262,0.5018400549888611,0.4982236921787262,0.5410215258598328,50.003187358379364,0.5023554265499115,2,False,True,True,52.5,True,0.45896685123443604,UNRANKED,,False,,,
2015-07-24,2015-07-27,2015-07-28,GE,XLI,106.24844016072326,107.62124633789062,108.37601998598834,1,take_profit,LONG,LONG,0.5007564574480057,0.49967285990715027,0.5018400549888611,0.49967285990715027,0.4523065686225891,50.07564574480057,0.5023554265499115,2,False,True,True,52.5,True,0.08540162444114685,UNRANKED,,False,,,
2015-07-27,2015-07-28,2015-08-04,GE,XLI,108.5781021118164,107.74605560302734,107.74605560302734,5,time_exit,LONG,LONG,0.5007185786962509,0.49959710240364075,0.5018400549888611,0.49959710240364075,0.5308617949485779,50.07185786962509,0.5023554265499115,2,False,True,True,52.5,True,0.49568283557891846,UNRANKED,,False,,,
2015-07-28,2015-07-29,2015-08-05,GE,XLI,108.53644821367946,108.5781021118164,108.5781021118164,5,time_exit,LONG,LONG,0.5023686736822128,0.5076718926429749,0.4970654547214508,0.5076718926429749,0.5342422127723694,50.23686736822128,0.5023554265499115,1,True,True,False,52.5,True,0.22693690657615667,UNRANKED,,False,,,
2015-07-29,2015-07-30,2015-08-06,GE,XLI,109.11888665302575,108.28687286376953,108.28687286376953,5,time_exit,LONG,LONG,0.5018376260995865,0.49959710240364075,0.5040781497955322,0.49959710240364075,0.4267607033252716,50.18376260995865,0.5023554265499115,2,False,True,True,52.5,True,0.32713550329208374,UNRANKED,,False,,,
2015-07-30,2015-07-31,2015-08-07,GE,XLI,109.11891213297923,107.2884521484375,107.2884521484375,5,time_exit,LONG,LONG,0.5057219564914703,0.5073657631874084,0.5040781497955322,0.5073657631874084,0.4197906255722046,50.572195649147034,0.5023554265499115,1,True,True,False,52.5,True,0.10375210642814643,UNRANKED,,False,,,
2015-07-31,2015-08-03,2015-08-10,GE,XLI,108.66126884716509,109.16049194335938,109.16049194335938,5,time_exit,LONG,LONG,0.5022156089544296,0.5073657631874084,0.4970654547214508,0.5073657631874084,0.4289058744907379,50.22156089544296,0.5023554265499115,2,False,True,True,52.5,True,0.06788894534111023,UNRANKED,,False,,,
2015-08-03,2015-08-04,2015-08-11,GE,XLI,107.70445178695121,106.95563507080078,106.95563507080078,5,time_exit,SHORT,SHORT,0.4976445734500885,0.4982236921787262,0.4970654547214508,0.4982236921787262,0.5244651436805725,50.23554265499115,0.5023554265499115,2,False,True,True,52.5,True,0.35069623589515686,UNRANKED,,False,,,
2015-08-04,2015-08-05,2015-08-12,GE,XLI,108.53649828432505,107.57966613769531,107.57966613769531,5,time_exit,LONG,LONG,0.5048354268074036,0.5055927038192749,0.5040781497955322,0.5055927038192749,0.4817424416542053,50.483542680740356,0.5023554265499115,1,True,True,False,52.5,True,0.2772039771080017,UNRANKED,,False,,,
2015-08-05,2015-08-06,2015-08-11,GE,XLI,108.7860789545279,107.2884521484375,107.1101756342154,3,stop_loss,LONG,LONG,0.5011509209871292,0.4982236921787262,0.5040781497955322,0.4982236921787262,0.49903449416160583,50.11509209871292,0.5023554265499115,2,False,True,True,52.5,True,0.3246250152587891,UNRANKED,,False,,,
2015-08-06,2015-08-07,2015-08-14,GE,XLI,107.95406025759229,108.49488067626953,108.49488067626953,5,time_exit,SHORT,SHORT,0.4976445734500885,0.4982236921787262,0.4970654547214508,0.4982236921787262,0.5528631806373596,50.23554265499115,0.5023554265499115,2,False,True,True,52.5,True,0.2303947508335114,UNRANKED,,False,,,
2015-08-07,2015-08-10,2015-08-17,GE,XLI,107.74606799730377,109.03567504882812,109.03567504882812,5,time_exit,SHORT,SHORT,0.4937521517276764,0.4895409345626831,0.4979633688926697,0.4895409345626831,0.5665732622146606,50.62478482723236,0.5046682953834534,1,True,False,True,52.5,True,-0.020681232213974048,UNRANKED,,False,,,
2015-08-10,2015-08-11,2015-08-18,GE,XLI,108.28686445485329,108.45328521728516,108.45328521728516,5,time_exit,SHORT,SHORT,0.49000753462314606,0.48205170035362244,0.4979633688926697,0.48205170035362244,0.5581870675086975,50.999246537685394,0.5046682953834534,1,True,False,True,52.5,True,-0.4270533025264739,UNRANKED,,False,,,
2015-08-11,2015-08-12,2015-08-14,GE,XLI,106.24843658574935,107.03884887695312,108.20961822637435,2,stop_loss,SHORT,SHORT,0.49255232512950897,0.48714128136634827,0.4979633688926697,0.48714128136634827,0.5410678386688232,50.7447674870491,0.5046682953834534,1,True,False,True,52.5,True,-0.27146258950233454,UNRANKED,,False,,,
2015-08-12,2015-08-13,2015-08-20,GE,XLI,107.20525113479314,104.79240417480469,105.37481660807718,5,take_profit,SHORT,SHORT,0.49476268887519836,0.49156200885772705,0.4979633688926697,0.49156200885772705,0.5734339952468872,50.523731112480164,0.5046682953834534,1,True,False,True,52.5,True,-0.24101540446281436,UNRANKED,,False,,,
2015-08-13,2015-08-14,2015-08-17,GE,XLI,106.7060422619241,102.29635620117188,108.27499345995702,1,stop_loss,SHORT,SHORT,0.4923326075077057,0.4867018461227417,0.4979633688926697,0.4867018461227417,0.5917644500732422,50.76673924922943,0.5046682953834534,1,True,False,True,52.5,True,-0.2424690425395966,UNRANKED,,False,,,
2015-08-14,2015-08-17,2015-08-20,GE,XLI,107.95404874143038,99.30109405517578,106.33160894825237,3,take_profit,SHORT,SHORT,0.49510709941387177,0.49225082993507385,0.4979633688926697,0.49225082993507385,0.5770295262336731,50.48929005861282,0.5046682953834534,1,True,False,True,52.5,True,-0.1870631277561187,UNRANKED,,False,,,
2015-08-17,2015-08-18,2015-08-19,GE,XLI,108.8692903325151,96.8050308227539,107.2587414956708,1,take_profit,SHORT,SHORT,0.4978899210691452,0.4978164732456207,0.4979633688926697,0.4978164732456207,0.5832054615020752,50.21100789308548,0.5046682953834534,2,False,True,True,52.5,True,0.13981938362121585,UNRANKED,,False,,,
2015-08-18,2015-08-19,2015-08-20,GE,XLI,107.74606080275815,99.88350677490234,106.14739311302601,1,take_profit,SHORT,SHORT,0.49786292016506195,0.4977624714374542,0.4979633688926697,0.4977624714374542,0.571874737739563,50.213707983493805,0.5046682953834534,2,False,True,True,52.5,True,0.09256553649902342,UNRANKED,,False,,,
2015-08-19,2015-08-20,2015-08-21,GE,XLI,106.12363366778598,104.04357147216797,104.40610110117046,1,take_profit,SHORT,SHORT,0.49857981503009796,0.49919626116752625,0.4979633688926697,0.49919626116752625,0.5527073740959167,50.142018496990204,0.5046682953834534,2,False,True,True,52.5,True,0.0953868925571442,UNRANKED,,False,,,
2015-08-20,2015-08-21,2015-08-24,GE,XLI,103.58598190480033,104.6675796508789,101.559410903475,1,take_profit,SHORT,SHORT,0.49680548906326294,0.4956476092338562,0.4979633688926697,0.4956476092338562,0.6046001315116882,50.319451093673706,0.5046682953834534,2,False,True,True,52.5,True,0.09600618481636043,UNRANKED,,False,,,
2015-08-21,2015-08-24,2015-08-26,GE,XLI,95.01621210120761,103.253173828125,97.2626677024911,2,stop_loss,SHORT,SHORT,0.4826758950948715,0.46738842129707336,0.4979633688926697,0.46738842129707336,0.6025452613830566,51.73241049051285,0.5046682953834534,1,True,False,True,52.5,True,0.7702858150005341,UNRANKED,,False,,,
2015-08-24,2015-08-25,2015-08-26,GE,XLI,102.8787432526925,99.34271240234375,100.22222295414339,1,stop_loss,LONG,LONG,0.5013556182384491,0.5047478675842285,0.4979633688926697,0.5047478675842285,0.5266220569610596,50.13556182384491,0.5046682953834534,2,False,True,True,52.5,True,0.9315299987792968,UNRANKED,,False,,,
2015-08-25,2015-08-26,2015-08-27,GE,XLI,99.217892057556,102.213134765625,102.1121290309098,1,take_profit,LONG,LONG,0.5103712677955627,0.5015980005264282,0.5191445350646973,0.5015980005264282,0.520490288734436,51.037126779556274,0.5046682953834534,1,True,True,False,52.5,True,1.0980768501758578,UNRANKED,,False,,,
2015-08-26,2015-08-27,2015-09-03,GE,XLI,101.63072917089735,101.96353912353516,101.96353912353516,5,time_exit,LONG,LONG,0.5141596496105194,0.5091747641563416,0.5191445350646973,0.5091747641563416,0.5067859888076782,51.41596496105194,0.5046682953834534,1,True,True,False,52.5,True,1.0666350424289703,UNRANKED,,False,,,
2015-08-27,2015-08-28,2015-09-01,GE,XLI,103.66916765301174,99.84192657470703,99.9250891530815,2,stop_loss,LONG,LONG,0.508293554186821,0.4974425733089447,0.5191445350646973,0.4974425733089447,0.49028295278549194,50.8293554186821,0.5046682953834534,1,True,True,False,52.5,True,0.4546870589256285,UNRANKED,,False,,,
2015-08-28,2015-08-31,2015-09-01,GE,XLI,103.91878856413139,103.83557891845703,100.35300029508842,1,take_profit,SHORT,SHORT,0.49678319692611694,0.4744218587875366,0.5191445350646973,0.4744218587875366,0.5470955967903137,50.321680307388306,0.5046682953834534,2,False,True,True,52.5,True,1.5188242942094805,UNRANKED,,False,,,
2015-08-31,2015-09-01,2015-09-09,GE,XLI,100.84033747189918,102.12995147705078,102.12995147705078,5,time_exit,LONG,LONG,0.5060289353132248,0.4929133355617523,0.5191445350646973,0.4929133355617523,0.4802394211292267,50.60289353132248,0.5046682953834534,1,True,True,False,52.5,True,1.6993092149496076,UNRANKED,,False,,,
2015-09-01,2015-09-02,2015-09-10,GE,XLI,100.42430331498332,102.67074584960938,102.67074584960938,5,time_exit,LONG,LONG,0.505571573972702,0.4919986128807068,0.5191445350646973,0.4919986128807068,0.5867924690246582,50.5571573972702,0.5046682953834534,1,True,True,False,52.5,True,2.142072156071663,UNRANKED,,False,,,
2015-09-02,2015-09-03,2015-09-11,GE,XLI,103.00356164230641,103.7939682006836,103.7939682006836,5,time_exit,LONG,LONG,0.5035402774810791,0.48793601989746094,0.5191445350646973,0.48793601989746094,0.5306079387664795,50.35402774810791,0.5046682953834534,2,False,True,True,52.5,True,2.2156853377819057,UNRANKED,,False,,,
2015-09-03,2015-09-04,2015-09-14,GE,XLI,100.59074248101223,103.04515838623047,103.04515838623047,5,time_exit,LONG,LONG,0.5105009078979492,0.5018572807312012,0.5191445350646973,0.5018572807312012,0.49845731258392334,51.05009078979492,0.5046682953834534,1,True,True,False,52.5,True,2.4721682965755463,UNRANKED,,False,,,
2015-09-04,2015-09-08,2015-09-15,GE,XLI,101.96353969865017,105.25000762939453,105.25000762939453,5,time_exit,LONG,LONG,0.509801834821701,0.5004591345787048,0.5191445350646973,0.5004591345787048,0.5408192873001099,50.980183482170105,0.5046682953834534,1,True,True,False,52.5,True,1.651528149843216,UNRANKED,,False,,,
2015-09-08,2015-09-09,2015-09-16,GE,XLI,104.83400765054242,107.870849609375,107.870849609375,5,time_exit,LONG,LONG,0.5093158781528473,0.4994872212409973,0.5191445350646973,0.4994872212409973,0.5393701195716858,50.93158781528473,0.5046682953834534,1,True,True,False,52.5,True,1.6623884588479996,UNRANKED,,False,,,
2015-09-09,2015-09-10,2015-09-16,GE,XLI,102.17153983395046,106.40180206298828,107.08041761540973,4,stop_loss,SHORT,SHORT,0.4989447742700577,0.4943186938762665,0.5035708546638489,0.4943186938762665,0.5645951628684998,50.10552257299423,0.5046682953834534,2,False,True,True,52.5,True,1.3454372882843018,UNRANKED,,False,,,
2015-09-10,2015-09-11,2015-09-16,GE,XLI,102.92035437134136,104.09326171875,107.58556782000207,3,stop_loss,SHORT,SHORT,0.4989447742700577,0.4943186938762665,0.5035708546638489,0.4943186938762665,0.5735072493553162,50.10552257299423,0.5046682953834534,2,False,True,True,52.5,True,1.0742254257202148,UNRANKED,,False,,,
2015-09-11,2015-09-14,2015-09-21,GE,XLI,103.87717507308885,105.3105239868164,105.3105239868164,5,time_exit,SHORT,SHORT,0.4987252950668335,0.4994872212409973,0.4979633688926697,0.4994872212409973,0.5843293070793152,50.12747049331665,0.5046682953834534,2,False,True,True,52.5,True,0.9400718808174134,UNRANKED,,False,,,
2015-09-14,2015-09-15,2015-09-16,GE,XLI,103.58597416055682,105.39443969726562,107.73414790148874,1,stop_loss,SHORT,SHORT,0.4999103248119354,0.5018572807312012,0.4979633688926697,0.5018572807312012,0.5735586881637573,50.00896751880646,0.5046682953834534,2,False,True,True,52.5,True,1.2449791431427004,UNRANKED,,False,,,
2015-09-15,2015-09-16,2015-09-23,GE,XLI,106.20682286240927,105.52037811279297,105.52037811279297,5,time_exit,SHORT,SHORT,0.4941338747739792,0.4903043806552887,0.4979633688926697,0.4903043806552887,0.6198819875717163,50.58661252260208,0.5046682953834534,1,True,False,True,52.5,True,1.180312842130661,UNRANKED,,False,,,
2015-09-16,2015-09-17,2015-09-24,GE,XLI,107.03139749690378,104.55498504638672,104.55498504638672,5,time_exit,SHORT,SHORT,0.49326685070991516,0.48857033252716064,0.4979633688926697,0.48857033252716064,0.6094610095024109,50.673314929008484,0.5046682953834534,1,True,False,True,52.5,True,1.6387174725532532,UNRANKED,,False,,,
2015-09-17,2015-09-18,2015-09-25,GE,XLI,105.56231968618468,104.59696197509766,104.59696197509766,5,time_exit,SHORT,SHORT,0.49453453719615936,0.49110570549964905,0.4979633688926697,0.49110570549964905,0.6050644516944885,50.546546280384064,0.5046682953834534,1,True,False,True,52.5,True,0.48656672239303583,UNRANKED,,False,,,
2015-09-18,2015-09-21,2015-09-28,GE,XLI,104.47106100902215,102.0365982055664,102.0365982055664,5,time_exit,SHORT,SHORT,0.4950203597545624,0.4920773506164551,0.4979633688926697,0.4920773506164551,0.5826422572135925,50.49796402454376,0.5046682953834534,1,True,False,True,52.5,True,0.2701755464076996,UNRANKED,,False,,,
2015-09-21,2015-09-22,2015-09-29,GE,XLI,103.92538157365185,103.12789154052734,103.12789154052734,5,time_exit,SHORT,SHORT,0.4971466213464737,0.4963298738002777,0.4979633688926697,0.4963298738002777,0.5717183947563171,50.28533786535263,0.5046682953834534,2,False,True,True,52.5,True,0.5970746576786041,UNRANKED,,False,,,
2015-09-22,2015-09-23,2015-09-30,GE,XLI,104.9747282136877,105.85615539550781,105.85615539550781,5,time_exit,SHORT,SHORT,0.4939519762992859,0.4899405837059021,0.4979633688926697,0.4899405837059021,0.5268720984458923,50.60480237007141,0.5046682953834534,1,True,False,True,52.5,True,0.2830460369586945,UNRANKED,,False,,,
2015-09-23,2015-09-24,2015-10-01,GE,XLI,104.38709382189464,105.73023986816406,105.73023986816406,5,time_exit,SHORT,SHORT,0.4975212514400482,0.49707913398742676,0.4979633688926697,0.49707913398742676,0.5755621194839478,50.24787485599518,0.5046682953834534,2,False,True,True,52.5,True,0.4515694975852967,UNRANKED,,False,,,
2015-09-24,2015-09-25,2015-10-02,GE,XLI,104.93274442659096,106.90546417236328,106.90546417236328,5,time_exit,SHORT,SHORT,0.4954223930835724,0.4928814172744751,0.4979633688926697,0.4928814172744751,0.5657694935798645,50.45776069164276,0.5046682953834534,2,False,True,True,52.5,True,0.28132179379463196,UNRANKED,,False,,,
2015-09-25,2015-09-28,2015-10-02,GE,XLI,103.63157822676493,112.57183837890625,106.36727420193235,4,stop_loss,SHORT,SHORT,0.49555130302906036,0.49313923716545105,0.4979633688926697,0.49313923716545105,0.5315491557121277,50.444869697093964,0.5046682953834534,2,False,True,True,52.5,True,0.04318547248840319,UNRANKED,,False,,,
2015-09-28,2015-09-29,2015-09-30,GE,XLI,102.12053755784217,114.54459381103516,104.6514780224069,1,stop_loss,SHORT,SHORT,0.49555130302906036,0.49313923716545105,0.4979633688926697,0.49313923716545105,0.5657886862754822,50.444869697093964,0.5046682953834534,2,False,True,True,52.5,True,0.04478394985198983,UNRANKED,,False,,,
2015-09-29,2015-09-30,2015-10-02,GE,XLI,103.79947112572815,116.55929565429688,106.2426495750864,2,stop_loss,SHORT,SHORT,0.4970160573720932,0.4960687458515167,0.4979633688926697,0.4960687458515167,0.5165799856185913,50.29839426279068,0.5046682953834534,2,False,True,True,52.5,True,0.19222918152809154,UNRANKED,,False,,,
2015-09-30,2015-10-01,2015-10-05,GE,XLI,105.56234862847818,117.65059661865234,108.31802271818242,2,stop_loss,SHORT,SHORT,0.4921545684337616,0.4807382822036743,0.5035708546638489,0.4807382822036743,0.5460253357887268,50.78454315662384,0.5046682953834534,1,True,False,True,52.5,True,0.8163878023624421,UNRANKED,,False,,,
2015-10-01,2015-10-02,2015-10-05,GE,XLI,104.38708270913826,117.81845092773438,107.00028439545243,1,stop_loss,SHORT,SHORT,0.48842887580394745,0.4788943827152252,0.4979633688926697,0.4788943827152252,0.5647685527801514,51.157112419605255,0.5046682953834534,1,True,False,True,52.5,True,0.45242556929588323,UNRANKED,,False,,,
2015-10-02,2015-10-05,2015-10-06,GE,XLI,110.68304555672525,117.90243530273438,113.35716359871743,1,stop_loss,SHORT,SHORT,0.4958322197198868,0.4937010705471039,0.4979633688926697,0.4937010705471039,0.6000301241874695,50.41677802801132,0.5046682953834534,2,False,True,True,52.5,True,0.5738607048988342,UNRANKED,,False,,,
2015-10-05,2015-10-06,2015-10-07,GE,XLI,113.2854027905069,116.97901153564453,116.45402439869606,1,stop_loss,SHORT,SHORT,0.49440330266952515,0.4852357506752014,0.5035708546638489,0.4852357506752014,0.5842663645744324,50.559669733047485,0.5046682953834534,1,True,False,True,52.5,True,-0.5020503550767899,UNRANKED,,False,,,
2015-10-06,2015-10-07,2015-10-14,GE,XLI,115.4260197894698,115.84574127197266,115.84574127197266,5,time_exit,LONG,LONG,0.5013693124055862,0.4991677701473236,0.5035708546638489,0.4991677701473236,0.5506837368011475,50.136931240558624,0.5046682953834534,2,False,True,True,52.5,True,0.8370838761329651,UNRANKED,,False,,,
2015-10-07,2015-10-08,2015-10-15,GE,XLI,115.97167087855334,117.65059661865234,117.65059661865234,5,time_exit,SHORT,SHORT,0.49770107865333557,0.49183130264282227,0.5035708546638489,0.49183130264282227,0.6164789795875549,50.22989213466644,0.5046682953834534,2,False,True,True,52.5,True,0.712896853685379,UNRANKED,,False,,,
2015-10-08,2015-10-09,2015-10-16,GE,XLI,117.44069242051656,121.6380615234375,120.42078951001153,5,take_profit,LONG,LONG,0.5055935680866241,0.5076162815093994,0.5035708546638489,0.5076162815093994,0.5748096108436584,50.559356808662415,0.5046682953834534,1,True,True,False,52.5,True,0.5636582672595977,UNRANKED,,False,,,
2015-10-09,2015-10-12,2015-10-16,GE,XLI,117.44072439534311,121.68000793457031,120.27090606212603,4,take_profit,LONG,LONG,0.5039188861846924,0.5042669177055359,0.5035708546638489,0.5042669177055359,0.584384560585022,50.39188861846924,0.5046682953834534,2,False,True,True,52.5,True,0.7397992610931398,UNRANKED,,False,,,
2015-10-12,2015-10-13,2015-10-16,GE,XLI,117.39874623941748,120.79857635498047,120.22893771542194,3,take_profit,LONG,LONG,0.5104658007621765,0.5173607468605042,0.5035708546638489,0.5173607468605042,0.5787426829338074,51.04658007621765,0.5046682953834534,1,True,True,False,52.5,True,0.5420691817998886,UNRANKED,,False,,,
2015-10-13,2015-10-14,2015-10-16,GE,XLI,116.43336721194979,121.09242248535156,119.3774851667489,2,take_profit,LONG,LONG,0.5021879076957703,0.5008049607276917,0.5035708546638489,0.5008049607276917,0.5453999042510986,50.218790769577026,0.5046682953834534,2,False,True,True,52.5,True,0.7902492731809615,UNRANKED,,False,,,
2015-10-14,2015-10-15,2015-10-16,GE,XLI,116.6852119794051,124.15646362304688,119.65331239095643,1,take_profit,LONG,LONG,0.5037343502044678,0.5038978457450867,0.5035708546638489,0.5038978457450867,0.5163635015487671,50.37343502044678,0.5046682953834534,2,False,True,True,52.5,True,0.4831754267215728,UNRANKED,,False,,,
2015-10-15,2015-10-16,2015-10-22,GE,XLI,120.08505072679485,123.86259460449219,123.30499091234172,4,take_profit,LONG,LONG,0.5003650039434433,0.4971591532230377,0.5035708546638489,0.4971591532230377,0.40961623191833496,50.03650039434433,0.5046682953834534,2,False,True,True,52.5,True,0.5958276689052582,UNRANKED,,False,,,
2015-10-16,2015-10-19,2015-10-26,GE,XLI,120.88252793040479,124.0305404663086,124.0305404663086,5,time_exit,SHORT,SHORT,0.4905787855386734,0.4775867164134979,0.5035708546638489,0.4775867164134979,0.5519117116928101,50.94212144613266,0.5046682953834534,1,True,False,True,52.5,True,0.36324232816696167,UNRANKED,,False,,,
2015-10-19,2015-10-20,2015-10-27,GE,XLI,120.96646758654191,123.65274047851562,123.65274047851562,5,time_exit,SHORT,SHORT,0.4889606088399887,0.4942249059677124,0.483696311712265,0.4942249059677124,0.5136151313781738,51.10393911600113,0.5046682953834534,1,True,False,True,52.5,True,-0.7592422962188722,UNRANKED,,False,,,
2015-10-20,2015-10-21,2015-10-22,GE,XLI,120.84057890102298,123.35897827148438,123.85065079171774,1,stop_loss,SHORT,SHORT,0.4851176589727402,0.48653900623321533,0.483696311712265,0.48653900623321533,0.5548768639564514,51.48823410272598,0.5046682953834534,1,True,False,True,52.5,True,-0.37062579393386835,UNRANKED,,False,,,
2015-10-21,2015-10-22,2015-10-29,GE,XLI,121.51215257425505,123.14904022216797,123.14904022216797,5,time_exit,SHORT,SHORT,0.48974235355854034,0.4957883954048157,0.483696311712265,0.4957883954048157,0.49738895893096924,51.025764644145966,0.5046682953834534,1,True,False,True,52.5,True,-0.4059567451477052,UNRANKED,,False,,,
2015-10-22,2015-10-23,2015-10-30,GE,XLI,124.66008789088868,121.38618469238281,121.38618469238281,5,time_exit,SHORT,SHORT,0.49356482923030853,0.4835588037967682,0.5035708546638489,0.4835588037967682,0.5019564628601074,50.64351707696915,0.5046682953834534,1,True,False,True,52.5,True,-0.4519148170948029,UNRANKED,,False,,,
2015-10-23,2015-10-26,2015-11-02,GE,XLI,123.90461199141849,123.4009017944336,123.4009017944336,5,time_exit,SHORT,SHORT,0.49356482923030853,0.4835588037967682,0.5035708546638489,0.4835588037967682,0.5181246399879456,50.64351707696915,0.5046682953834534,1,True,False,True,52.5,True,0.0016023516654969233,UNRANKED,,False,,,
2015-10-26,2015-10-27,2015-11-03,GE,XLI,123.44287312105979,124.19841003417969,124.19841003417969,5,time_exit,SHORT,SHORT,0.49109627306461334,0.4786216914653778,0.5035708546638489,0.4786216914653778,0.5159183740615845,50.890372693538666,0.5046682953834534,1,True,False,True,52.5,True,-0.2608745992183686,UNRANKED,,False,,,
2015-10-27,2015-10-28,2015-11-04,GE,XLI,123.10714801643323,123.988525390625,123.988525390625,5,time_exit,SHORT,SHORT,0.49228833615779877,0.48100581765174866,0.5035708546638489,0.48100581765174866,0.501561164855957,50.77116638422012,0.5046682953834534,1,True,False,True,52.5,True,-0.10972553491592416,UNRANKED,,False,,,
2015-10-28,2015-10-29,2015-11-05,GE,XLI,122.43549930197261,124.40827941894531,124.3662843448716,5,stop_loss,SHORT,SHORT,0.49228833615779877,0.48100581765174866,0.5035708546638489,0.48100581765174866,0.493470162153244,50.77116638422012,0.5046682953834534,1,True,False,True,52.5,True,-0.5343551039695739,UNRANKED,,False,,,
2015-10-29,2015-10-30,2015-11-06,GE,XLI,122.64537542792262,125.58353424072266,124.58217243371223,5,stop_loss,SHORT,SHORT,0.49228833615779877,0.48100581765174866,0.5035708546638489,0.48100581765174866,0.4433729946613312,50.77116638422012,0.5046682953834534,1,True,False,True,52.5,True,-0.9674795567989349,UNRANKED,,False,,,
2015-10-30,2015-11-02,2015-11-03,GE,XLI,121.47013272161563,124.86994171142578,123.64676846380313,1,take_profit,LONG,LONG,0.501007929444313,0.4984450042247772,0.5035708546638489,0.4984450042247772,0.4601011276245117,50.100792944431305,0.5046682953834534,2,False,True,True,52.5,True,-0.09447515010833751,UNRANKED,,False,,,
2015-11-02,2015-11-03,2015-11-06,GE,XLI,122.60342320917738,126.42298126220703,124.93595799921644,3,stop_loss,SHORT,SHORT,0.4965229630470276,0.4894750714302063,0.5035708546638489,0.4894750714302063,0.4692074954509735,50.34770369529724,0.5046682953834534,2,False,True,True,52.5,True,-0.39991196990013134,UNRANKED,,False,,,
2015-11-03,2015-11-04,2015-11-10,GE,XLI,124.03050153574627,128.73143005371094,126.31507032236736,4,stop_loss,SHORT,SHORT,0.4858527332544327,0.48800915479660034,0.483696311712265,0.48800915479660034,0.43964502215385437,51.41472667455673,0.5046682953834534,1,True,False,True,52.5,True,-0.982398718595505,UNRANKED,,False,,,
2015-11-04,2015-11-05,2015-11-10,GE,XLI,123.69472493298736,126.59087371826172,125.75144076201916,3,stop_loss,SHORT,SHORT,0.48572416603565216,0.4877520203590393,0.483696311712265,0.4877520203590393,0.41480720043182373,51.427583396434784,0.5046682953834534,1,True,False,True,52.5,True,-0.08475801348686221,UNRANKED,,False,,,
2015-11-05,2015-11-06,2015-11-10,GE,XLI,123.56882570697617,127.09452819824219,125.11586855365586,2,stop_loss,SHORT,SHORT,0.49135465919971466,0.4990130066871643,0.483696311712265,0.4990130066871643,0.45573943853378296,50.864534080028534,0.5046682953834534,1,True,False,True,52.5,True,-0.44286075234413147,UNRANKED,,False,,,
2015-11-06,2015-11-09,2015-11-11,GE,XLI,124.91191785119976,127.4302978515625,126.6208618994001,2,stop_loss,SHORT,SHORT,0.4902389198541641,0.49678152799606323,0.483696311712265,0.49678152799606323,0.42038214206695557,50.97610801458359,0.5046682953834534,1,True,False,True,52.5,True,-0.20343312621116644,UNRANKED,,False,,,
2015-11-09,2015-11-10,2015-11-11,GE,XLI,124.3662969401278,127.26241302490234,126.05126398114342,1,stop_loss,SHORT,SHORT,0.4902389198541641,0.49678152799606323,0.483696311712265,0.49678152799606323,0.48994213342666626,50.97610801458359,0.5046682953834534,1,True,False,True,52.5,True,0.3403330445289612,UNRANKED,,False,,,
2015-11-10,2015-11-11,2015-11-18,GE,XLI,126.75869903743815,128.10191345214844,128.10191345214844,5,time_exit,SHORT,SHORT,0.49809785187244415,0.49262484908103943,0.5035708546638489,0.49262484908103943,0.47821491956710815,50.190214812755585,0.5046682953834534,2,False,True,True,52.5,True,0.010417044162750085,UNRANKED,,False,,,
2015-11-11,2015-11-12,2015-11-19,GE,XLI,127.64019728220806,127.0525894165039,127.0525894165039,5,time_exit,LONG,LONG,0.5053755640983582,0.5071802735328674,0.5035708546638489,0.5071802735328674,0.467061847448349,50.537556409835815,0.5046682953834534,1,True,True,False,52.5,True,0.33372488617897034,UNRANKED,,False,,,
2015-11-12,2015-11-13,2015-11-16,GE,XLI,125.33165044444283,128.68948364257812,127.35237296990321,1,stop_loss,SHORT,SHORT,0.4999636262655258,0.49635639786720276,0.5035708546638489,0.49635639786720276,0.6978234052658081,50.00363737344742,0.5046682953834534,2,False,True,True,52.5,True,0.5345003306865692,UNRANKED,,False,,,
2015-11-13,2015-11-16,2015-11-18,GE,XLI,125.41559016617556,128.39573669433594,127.48427106565939,2,stop_loss,SHORT,SHORT,0.4959448277950287,0.4883188009262085,0.5035708546638489,0.4883188009262085,0.733004093170166,50.40551722049713,0.5046682953834534,2,False,True,True,52.5,True,0.5056116580963136,UNRANKED,,False,,,
2015-11-16,2015-11-17,2015-11-24,GE,XLI,128.31173637747042,128.68948364257812,128.68948364257812,5,time_exit,SHORT,SHORT,0.4899882376194,0.48201310634613037,0.4979633688926697,0.48201310634613037,0.683671772480011,51.00117623806,0.5046682953834534,1,True,False,True,52.5,True,0.31334030628204346,UNRANKED,,False,,,
2015-11-17,2015-11-18,2015-11-25,GE,XLI,126.84272231966719,127.4302978515625,127.4302978515625,5,time_exit,SHORT,SHORT,0.4898630529642105,0.48176273703575134,0.4979633688926697,0.48176273703575134,0.6408548355102539,51.01369470357895,0.5046682953834534,1,True,False,True,52.5,True,-0.04626384377479546,UNRANKED,,False,,,
2015-11-18,2015-11-19,2015-11-27,GE,XLI,127.51430040348994,127.4302978515625,127.4302978515625,5,time_exit,SHORT,SHORT,0.4984571933746338,0.4989510178565979,0.4979633688926697,0.4989510178565979,0.6460391879081726,50.15428066253662,0.5046682953834534,2,False,True,True,52.5,True,0.14077013731002808,UNRANKED,,False,,,
2015-11-19,2015-11-20,2015-11-30,GE,XLI,127.01055840726728,125.66741180419922,125.66741180419922,5,time_exit,SHORT,SHORT,0.4951465129852295,0.4923296570777893,0.4979633688926697,0.4923296570777893,0.4820998013019562,50.48534870147705,0.5046682953834534,1,True,False,True,52.5,True,-0.14247813820838923,UNRANKED,,False,,,
2015-11-20,2015-11-23,2015-11-30,GE,XLI,128.39573669433594,126.63285064697266,126.41701289585659,4,take_profit,SHORT,SHORT,0.4951465129852295,0.4923296570777893,0.4979633688926697,0.4923296570777893,0.4444286823272705,50.48534870147705,0.5046682953834534,1,True,False,True,52.5,True,-0.050313711166381864,UNRANKED,,False,,,
2015-11-23,2015-11-24,2015-12-02,GE,XLI,127.30437800771259,125.79338073730469,125.79338073730469,5,time_exit,SHORT,SHORT,0.4951465129852295,0.4923296570777893,0.4979633688926697,0.4923296570777893,0.4666384756565094,50.48534870147705,0.5046682953834534,1,True,False,True,52.5,True,0.09707871079444891,UNRANKED,,False,,,
2015-11-24,2015-11-25,2015-11-30,GE,XLI,128.6055495696804,126.04525756835938,126.68681134074625,2,take_profit,SHORT,SHORT,0.4957002252340317,0.4934370815753937,0.4979633688926697,0.4934370815753937,0.4646301865577698,50.42997747659683,0.5046682953834534,2,False,True,True,52.5,True,0.3972700238227845,UNRANKED,,False,,,
2015-11-25,2015-11-27,2015-12-04,GE,XLI,127.05253932530613,127.97595977783203,127.97595977783203,5,time_exit,SHORT,SHORT,0.49719148874282837,0.49641960859298706,0.4979633688926697,0.49641960859298706,0.5473794937133789,50.28085112571716,0.5046682953834534,2,False,True,True,52.5,True,0.603636771440506,UNRANKED,,False,,,
2015-11-27,2015-11-30,2015-12-07,GE,XLI,127.30436067891753,127.4722900390625,127.4722900390625,5,time_exit,SHORT,SHORT,0.49719148874282837,0.49641960859298706,0.4979633688926697,0.49641960859298706,0.5701556205749512,50.28085112571716,0.5046682953834534,2,False,True,True,52.5,True,0.570715069770813,UNRANKED,,False,,,
2015-11-30,2015-12-01,2015-12-04,GE,XLI,125.87734668403655,126.7167739868164,127.89800926425418,3,stop_loss,SHORT,SHORT,0.498488187789917,0.4990130066871643,0.4979633688926697,0.4990130066871643,0.4964846074581146,50.1511812210083,0.5046682953834534,2,False,True,True,52.5,True,0.24079170823097232,UNRANKED,,False,,,
2015-12-01,2015-12-02,2015-12-09,GE,XLI,126.29705444597302,127.89205169677734,127.89205169677734,5,time_exit,SHORT,SHORT,0.4994796812534332,0.4953885078430176,0.5035708546638489,0.4953885078430176,0.5175256133079529,50.05203187465668,0.5046682953834534,2,False,True,True,52.5,True,0.04032975435256962,UNRANKED,,False,,,
2015-12-02,2015-12-03,2015-12-10,GE,XLI,126.29708780724198,128.64755249023438,128.0239533031962,5,stop_loss,SHORT,SHORT,0.49840396642684937,0.49884456396102905,0.4979633688926697,0.49884456396102905,0.5094884634017944,50.15960335731506,0.5046682953834534,2,False,True,True,52.5,True,0.35001474618911743,UNRANKED,,False,,,
2015-12-03,2015-12-04,2015-12-09,GE,XLI,126.21309539645148,127.01055145263672,127.67014953463507,3,stop_loss,SHORT,SHORT,0.494003102183342,0.4900428354740143,0.4979633688926697,0.4900428354740143,0.5536032319068909,50.5996897816658,0.5046682953834534,1,True,False,True,52.5,True,0.6005939543247223,UNRANKED,,False,,,
2015-12-04,2015-12-07,2015-12-14,GE,XLI,127.68215739828636,127.01055145263672,127.01055145263672,5,time_exit,LONG,LONG,0.500176191329956,0.49678152799606323,0.5035708546638489,0.49678152799606323,0.48653241991996765,50.017619132995605,0.5046682953834534,2,False,True,True,52.5,True,0.6120356917381287,UNRANKED,,False,,,
2015-12-07,2015-12-08,2015-12-10,GE,XLI,126.21310033869095,127.26241302490234,127.89800416472332,2,stop_loss,SHORT,SHORT,0.4977564662694931,0.49194207787513733,0.5035708546638489,0.49194207787513733,0.4947141110897064,50.22435337305069,0.5046682953834534,2,False,True,True,52.5,True,0.5901250839233398,UNRANKED,,False,,,
2015-12-08,2015-12-09,2015-12-10,GE,XLI,126.0032584298488,130.03268432617188,127.77210957382201,1,take_profit,LONG,LONG,0.5002282410860062,0.49688562750816345,0.5035708546638489,0.49688562750816345,0.5157694816589355,50.02282410860062,0.5046682953834534,2,False,True,True,52.5,True,0.7280024588108064,UNRANKED,,False,,,
2015-12-09,2015-12-10,2015-12-16,GE,XLI,127.76612010856094,129.18690490722656,129.58293943577914,4,take_profit,LONG,LONG,0.5002282410860062,0.49688562750816345,0.5035708546638489,0.49688562750816345,0.47952380776405334,50.02282410860062,0.5046682953834534,2,False,True,True,52.5,True,0.49456551671028137,UNRANKED,,False,,,
2015-12-10,2015-12-11,2015-12-16,GE,XLI,127.26239490152257,128.045166015625,129.03723947985682,3,take_profit,LONG,LONG,0.5002282410860062,0.49688562750816345,0.5035708546638489,0.49688562750816345,0.47725239396095276,50.02282410860062,0.5046682953834534,2,False,True,True,52.5,True,0.685784250497818,UNRANKED,,False,,,
2015-12-11,2015-12-14,2015-12-16,GE,XLI,127.01055145263672,128.55259704589844,128.78541128976005,2,stop_loss,SHORT,SHORT,0.4964601397514343,0.4893494248390198,0.5035708546638489,0.4893494248390198,0.5979589223861694,50.35398602485657,0.5046682953834534,2,False,True,True,52.5,True,0.8781331181526184,UNRANKED,,False,,,
2015-12-14,2015-12-15,2015-12-16,GE,XLI,127.59819542860878,128.9331817626953,129.33109141598322,1,stop_loss,SHORT,SHORT,0.4989316016435623,0.49429234862327576,0.5035708546638489,0.49429234862327576,0.6524603962898254,50.10683983564377,0.5046682953834534,2,False,True,True,52.5,True,0.6454388201236725,UNRANKED,,False,,,
2015-12-15,2015-12-16,2015-12-23,GE,XLI,127.85008455889785,130.87835693359375,129.57699692113277,5,stop_loss,SHORT,SHORT,0.48813383281230927,0.47830429673194885,0.4979633688926697,0.47830429673194885,0.5707277655601501,51.18661671876907,0.5046682953834534,1,True,False,True,52.5,True,-0.2835125029087066,UNRANKED,,False,,,
2015-12-16,2015-12-17,2015-12-18,GE,XLI,130.83609806292048,130.37100219726562,128.89331634207784,1,take_profit,SHORT,SHORT,0.49045978486537933,0.482956200838089,0.4979633688926697,0.482956200838089,0.5821685194969177,50.95402151346207,0.5046682953834534,1,True,False,True,52.5,True,0.6188255548477174,UNRANKED,,False,,,
2015-12-17,2015-12-18,2015-12-23,GE,XLI,128.51031689383026,130.66697692871094,130.5739242459508,3,stop_loss,SHORT,SHORT,0.48813383281230927,0.47830429673194885,0.4979633688926697,0.47830429673194885,0.5487595796585083,51.18661671876907,0.5046682953834534,1,True,False,True,52.5,True,-0.5181954205036163,UNRANKED,,False,,,
2015-12-18,2015-12-21,2015-12-23,GE,XLI,128.63717727023592,132.27386474609375,130.6120493143905,2,stop_loss,SHORT,SHORT,0.4876192808151245,0.47727519273757935,0.4979633688926697,0.47727519273757935,0.557339608669281,51.23807191848755,0.5046682953834534,1,True,False,True,52.5,True,-0.4526415765285492,UNRANKED,,False,,,
2015-12-21,2015-12-22,2015-12-23,GE,XLI,128.9331817626953,131.30125427246094,130.8426241193499,1,stop_loss,SHORT,SHORT,0.4949527233839035,0.49194207787513733,0.4979633688926697,0.49194207787513733,0.5621926784515381,50.50472766160965,0.5046682953834534,1,True,False,True,52.5,True,0.11215251684188839,UNRANKED,,False,,,
2015-12-22,2015-12-23,2015-12-29,GE,XLI,129.06000376775236,131.72410583496094,130.90389109685393,3,stop_loss,SHORT,SHORT,0.4949527233839035,0.49194207787513733,0.4979633688926697,0.49194207787513733,0.5280153155326843,50.50472766160965,0.5046682953834534,1,True,False,True,52.5,True,-0.06141695380210864,UNRANKED,,False,,,
2015-12-23,2015-12-24,2016-01-04,GE,XLI,130.66701966605902,129.86355590820312,129.86355590820312,5,time_exit,LONG,LONG,0.5014293789863586,0.4992879033088684,0.5035708546638489,0.4992879033088684,0.5022525191307068,50.142937898635864,0.5046682953834534,2,False,True,True,52.5,True,0.3133882284164429,UNRANKED,,False,,,
2015-12-24,2015-12-28,2015-12-29,GE,XLI,129.9903754098422,129.9903564453125,131.8728271484722,1,take_profit,LONG,LONG,0.5002666264772415,0.49696239829063416,0.5035708546638489,0.49696239829063416,0.5351088643074036,50.02666264772415,0.5046682953834534,2,False,True,True,52.5,True,0.6407464146614075,UNRANKED,,False,,,
2015-12-28,2015-12-29,2016-01-06,GE,XLI,131.13211243959302,127.91830444335938,129.27933141629504,5,stop_loss,LONG,LONG,0.5014293789863586,0.4992879033088684,0.5035708546638489,0.4992879033088684,0.537883460521698,50.142937898635864,0.5046682953834534,2,False,True,True,52.5,True,0.9652952849864961,UNRANKED,,False,,,
2015-12-29,2015-12-30,2016-01-04,GE,XLI,132.27385954686903,122.50558471679688,130.29945398569436,2,stop_loss,LONG,LONG,0.5014293789863586,0.4992879033088684,0.5035708546638489,0.4992879033088684,0.5415220260620117,50.142937898635864,0.5046682953834534,2,False,True,True,52.5,True,0.8320564925670624,UNRANKED,,False,,,
2015-12-30,2015-12-31,2016-01-06,GE,XLI,130.4977870224312,120.30662536621094,128.55233392358912,3,stop_loss,LONG,LONG,0.5040876567363739,0.5046044588088989,0.5035708546638489,0.5046044588088989,0.522886335849762,50.40876567363739,0.5046682953834534,2,False,True,True,52.5,True,1.0032413303852084,UNRANKED,,False,,,
2015-12-31,2016-01-04,2016-01-07,GE,XLI,129.18696765842174,120.85637664794922,127.2890358782878,3,stop_loss,LONG,LONG,0.5008260011672974,0.49808114767074585,0.5035708546638489,0.49808114767074585,0.5701650977134705,50.082600116729736,0.5046682953834534,2,False,True,True,52.5,True,0.8324478268623352,UNRANKED,,False,,,
2016-01-04,2016-01-05,2016-01-07,GE,XLI,129.73664269366662,121.11009216308594,127.80677535793839,2,take_profit,SHORT,SHORT,0.498879536986351,0.49418821930885315,0.5035708546638489,0.49418821930885315,0.622498095035553,50.1120463013649,0.5046682953834534,2,False,True,True,52.5,True,0.8698693811893463,UNRANKED,,False,,,
2016-01-05,2016-01-06,2016-01-07,GE,XLI,128.00287120725,119.41862487792969,126.05488950907757,1,take_profit,SHORT,SHORT,0.49798186123371124,0.4923928678035736,0.5035708546638489,0.4923928678035736,0.5856910347938538,50.201813876628876,0.5046682953834534,2,False,True,True,52.5,True,0.5445954501628876,UNRANKED,,False,,,
2016-01-06,2016-01-07,2016-01-08,GE,XLI,125.38109761200607,122.88616943359375,123.17308870959256,1,take_profit,SHORT,SHORT,0.498879536986351,0.49418821930885315,0.5035708546638489,0.49418821930885315,0.583718478679657,50.1120463013649,0.5046682953834534,2,False,True,True,52.5,True,1.0312366485595703,UNRANKED,,False,,,
2016-01-07,2016-01-08,2016-01-11,GE,XLI,123.47815474275745,120.47575378417969,120.89265320815925,1,stop_loss,LONG,LONG,0.500176191329956,0.49678152799606323,0.5035708546638489,0.49678152799606323,0.5603206753730774,50.017619132995605,0.5046682953834534,2,False,True,True,52.5,True,1.4615322947502136,UNRANKED,,False,,,
2016-01-08,2016-01-11,2016-01-19,GE,XLI,120.68722964283508,120.47575378417969,120.47575378417969,5,time_exit,SHORT,SHORT,0.49876467883586884,0.4939585030078888,0.5035708546638489,0.4939585030078888,0.5420064330101013,50.12353211641312,0.5046682953834534,2,False,True,True,52.5,True,0.8628385066986086,UNRANKED,,False,,,
2016-01-11,2016-01-12,2016-01-20,GE,XLI,121.6175466496189,118.40369415283203,118.92330335476679,5,take_profit,SHORT,SHORT,0.4952785074710846,0.5049626231193542,0.48559439182281494,0.5049626231193542,0.48573577404022217,50.47214925289154,0.5046682953834534,1,True,False,True,52.5,True,1.0909264385700224,UNRANKED,,False,,,
2016-01-12,2016-01-13,2016-01-20,GE,XLI,122.2518612017468,120.89866638183594,119.59386298048564,4,take_profit,SHORT,SHORT,0.4931090474128723,0.5006237030029297,0.48559439182281494,0.5006237030029297,0.4786938428878784,50.68909525871277,0.5046682953834534,1,True,False,True,52.5,True,1.6492374688386922,UNRANKED,,False,,,
2016-01-13,2016-01-14,2016-01-22,GE,XLI,119.7146391320244,119.41862487792969,119.41862487792969,5,time_exit,LONG,LONG,0.5146132111549377,0.5100818872451782,0.5191445350646973,0.5100818872451782,0.4759087860584259,51.461321115493774,0.5046682953834534,1,True,True,False,52.5,True,1.0253834128379822,UNRANKED,,False,,,
2016-01-14,2016-01-15,2016-01-25,GE,XLI,118.99570786737992,118.5728759765625,118.5728759765625,5,time_exit,SHORT,SHORT,0.49205009639263153,0.4922821521759033,0.49181804060935974,0.4922821521759033,0.45397046208381653,50.79499036073685,0.5046682953834534,1,True,False,True,52.5,True,1.040819674730301,UNRANKED,,False,,,
2016-01-15,2016-01-19,2016-01-26,GE,XLI,121.44835884879332,119.71460723876953,119.71460723876953,5,time_exit,SHORT,SHORT,0.4962208718061447,0.5006237030029297,0.49181804060935974,0.5006237030029297,0.4824347496032715,50.37791281938553,0.5046682953834534,2,False,True,True,52.5,True,0.8430574834346772,UNRANKED,,False,,,
2016-01-19,2016-01-20,2016-01-27,GE,XLI,118.10769033666924,118.40369415283203,118.40369415283203,5,time_exit,SHORT,SHORT,0.4962208718061447,0.5006237030029297,0.49181804060935974,0.5006237030029297,0.4307309687137604,50.37791281938553,0.5046682953834534,2,False,True,True,52.5,True,0.4371868669986726,UNRANKED,,False,,,
2016-01-20,2016-01-21,2016-01-28,GE,XLI,118.95346888061306,119.291748046875,119.291748046875,5,time_exit,SHORT,SHORT,0.4962208718061447,0.5006237030029297,0.49181804060935974,0.5006237030029297,0.4204652011394501,50.37791281938553,0.5046682953834534,2,False,True,True,52.5,True,0.5126379132270813,UNRANKED,,False,,,
2016-01-21,2016-01-22,2016-01-29,GE,XLI,120.7295244627463,123.05528259277344,123.05528259277344,5,time_exit,LONG,LONG,0.5096032917499542,0.5000620484352112,0.5191445350646973,0.5000620484352112,0.43811267614364624,50.96032917499542,0.5046682953834534,1,True,True,False,52.5,True,0.7936877608299256,UNRANKED,,False,,,
2016-01-22,2016-01-25,2016-02-01,GE,XLI,119.75691851714069,121.11009216308594,121.11009216308594,5,time_exit,LONG,LONG,0.5103447139263153,0.5015448927879333,0.5191445350646973,0.5015448927879333,0.4496919810771942,51.03447139263153,0.5046682953834534,1,True,True,False,52.5,True,1.9859433770179749,UNRANKED,,False,,,
2016-01-25,2016-01-26,2016-01-29,GE,XLI,118.69971188852858,119.41862487792969,122.28203305552077,3,take_profit,LONG,LONG,0.511813223361969,0.5044819116592407,0.5191445350646973,0.5044819116592407,0.467433363199234,51.1813223361969,0.5046682953834534,1,True,True,False,52.5,True,1.7498824596405034,UNRANKED,,False,,,
2016-01-26,2016-01-27,2016-01-29,GE,XLI,119.24942895893919,121.23695373535156,122.97674022951676,2,take_profit,LONG,LONG,0.5088835656642914,0.4986225962638855,0.5191445350646973,0.4986225962638855,0.4923442006111145,50.88835656642914,0.5046682953834534,1,True,True,False,52.5,True,1.3773710131645203,UNRANKED,,False,,,
2016-01-27,2016-01-28,2016-01-29,GE,XLI,119.33403816342935,123.39361572265625,122.95261530314755,1,take_profit,LONG,LONG,0.5061074495315552,0.5037218332290649,0.5084930658340454,0.5037218332290649,0.4551956057548523,50.61074495315552,0.5046682953834534,1,True,True,False,52.5,True,0.8529657423496246,UNRANKED,,False,,,
2016-01-28,2016-01-29,2016-02-04,GE,XLI,120.34890399189838,120.68724060058594,123.3211002983995,4,take_profit,LONG,LONG,0.5107106864452362,0.5022768378257751,0.5191445350646973,0.5022768378257751,0.48061731457710266,51.07106864452362,0.5046682953834534,1,True,True,False,52.5,True,1.3098750859498975,UNRANKED,,False,,,
2016-01-29,2016-02-01,2016-02-02,GE,XLI,122.67471881274125,119.12261199951172,119.47901176405263,1,stop_loss,LONG,LONG,0.5037787854671478,0.5039867162704468,0.5035708546638489,0.5039867162704468,0.501317024230957,50.37787854671478,0.5046682953834534,2,False,True,True,52.5,True,0.5399911403656006,UNRANKED,,False,,,
2016-02-01,2016-02-02,2016-02-04,GE,XLI,119.54549524878264,119.58782196044922,122.94055074717829,2,take_profit,LONG,LONG,0.5038866996765137,0.5042025446891785,0.5035708546638489,0.5042025446891785,0.4761207103729248,50.38866996765137,0.5046682953834534,2,False,True,True,52.5,True,0.7371004521846772,UNRANKED,,False,,,
2016-02-02,2016-02-03,2016-02-10,GE,XLI,120.05291130440612,119.67231750488281,119.67231750488281,5,time_exit,LONG,LONG,0.5051691830158234,0.5067675113677979,0.5035708546638489,0.5067675113677979,0.4711593687534332,50.516918301582336,0.5046682953834534,1,True,True,False,52.5,True,1.1702864617109299,UNRANKED,,False,,,
2016-02-03,2016-02-04,2016-02-11,GE,XLI,121.15240070205246,116.07795715332031,117.53382901190179,5,stop_loss,LONG,LONG,0.504928857088089,0.5062868595123291,0.5035708546638489,0.5062868595123291,0.5360382795333862,50.4928857088089,0.5046682953834534,1,True,True,False,52.5,True,1.349785253405571,UNRANKED,,False,,,
2016-02-04,2016-02-05,2016-02-08,GE,XLI,123.26674949266,119.503173828125,119.83544674084638,1,stop_loss,LONG,LONG,0.504928857088089,0.5062868595123291,0.5035708546638489,0.5062868595123291,0.5215428471565247,50.4928857088089,0.5046682953834534,1,True,True,False,52.5,True,1.077036127448082,UNRANKED,,False,,,
2016-02-05,2016-02-08,2016-02-16,GE,XLI,119.33404913782591,122.04039764404297,122.04039764404297,5,time_exit,LONG,LONG,0.5022907853126526,0.5010107159614563,0.5035708546638489,0.5010107159614563,0.47818565368652344,50.22907853126526,0.5046682953834534,2,False,True,True,52.5,True,1.5264284759759903,UNRANKED,,False,,,
2016-02-08,2016-02-09,2016-02-16,GE,XLI,117.34660628986329,124.0701675415039,121.04370733792412,4,take_profit,LONG,LONG,0.5002561509609222,0.5013552308082581,0.4991570711135864,0.5013552308082581,0.5598305463790894,50.025615096092224,0.5015505850315094,2,False,True,True,52.0,True,0.9300074875354767,UNRANKED,,False,,,
2016-02-09,2016-02-10,2016-02-11,GE,XLI,119.96832135669038,122.970703125,116.5007702615453,1,stop_loss,LONG,LONG,0.5002561509609222,0.5013552308082581,0.4991570711135864,0.5013552308082581,0.556303083896637,50.025615096092224,0.5015505850315094,2,False,True,True,52.0,True,0.6762622594833374,UNRANKED,,False,,,
2016-02-10,2016-02-11,2016-02-16,GE,XLI,117.34658018433615,122.71701049804688,120.46977746739977,2,take_profit,LONG,LONG,0.5002561509609222,0.5013552308082581,0.4991570711135864,0.5013552308082581,0.49175843596458435,50.025615096092224,0.5015505850315094,2,False,True,True,52.0,True,0.4897064566612245,UNRANKED,,False,,,
2016-02-11,2016-02-12,2016-02-16,GE,XLI,116.58537148512885,124.3661880493164,120.01061431785764,1,take_profit,LONG,LONG,0.5002561509609222,0.5013552308082581,0.4991570711135864,0.5013552308082581,0.48554739356040955,50.025615096092224,0.5015505850315094,2,False,True,True,52.0,True,0.6435640752315522,UNRANKED,,False,,,
2016-02-12,2016-02-16,2016-02-23,GE,XLI,120.85636868624475,123.56273651123047,123.56273651123047,5,time_exit,SHORT,SHORT,0.49348077178001404,0.5013552308082581,0.48560631275177,0.5013552308082581,0.4766891598701477,50.651922821998596,0.5015505850315094,1,True,False,True,52.0,True,0.328450471162796,UNRANKED,,False,,,
2016-02-16,2016-02-17,2016-02-24,GE,XLI,123.22443262273217,122.4632797241211,122.4632797241211,5,time_exit,SHORT,SHORT,0.4997182786464691,0.5002794861793518,0.4991570711135864,0.5002794861793518,0.5113313794136047,50.02817213535309,0.5015505850315094,2,False,True,True,52.0,True,0.38995882868766785,UNRANKED,,False,,,
2016-02-17,2016-02-18,2016-02-25,GE,XLI,123.90101825027345,124.59455871582031,124.59455871582031,5,time_exit,SHORT,SHORT,0.4929428994655609,0.5002794861793518,0.48560631275177,0.5002794861793518,0.5092424750328064,50.70571005344391,0.5015505850315094,1,True,False,True,52.0,True,0.3296158015727997,UNRANKED,,False,,,
2016-02-18,2016-02-19,2016-02-26,GE,XLI,122.37870301473625,125.31912994384766,125.31912994384766,5,time_exit,SHORT,SHORT,0.4929428994655609,0.5002794861793518,0.48560631275177,0.5002794861793518,0.5173751711845398,50.70571005344391,0.5015505850315094,1,True,False,True,52.0,True,0.09101983904838554,UNRANKED,,False,,,
2016-02-19,2016-02-22,2016-02-29,GE,XLI,122.71699481750646,124.21092224121094,124.21092224121094,5,time_exit,SHORT,SHORT,0.4929428994655609,0.5002794861793518,0.48560631275177,0.5002794861793518,0.5107249617576599,50.70571005344391,0.5015505850315094,1,True,False,True,52.0,True,0.10441079735755933,UNRANKED,,False,,,
2016-02-22,2016-02-23,2016-03-01,GE,XLI,123.5204463959212,127.36518096923828,127.10274249490278,5,stop_loss,SHORT,SHORT,0.4929428994655609,0.5002794861793518,0.48560631275177,0.5002794861793518,0.4905034601688385,50.70571005344391,0.5015505850315094,1,True,False,True,52.0,True,-0.12450858950614936,UNRANKED,,False,,,
2016-02-23,2016-02-24,2016-03-01,GE,XLI,122.20955248492213,128.64401245117188,125.6649891914651,4,stop_loss,SHORT,SHORT,0.49348077178001404,0.5013552308082581,0.48560631275177,0.5013552308082581,0.4493168890476227,50.651922821998596,0.5015505850315094,1,True,False,True,52.0,True,0.07793614268302926,UNRANKED,,False,,,
2016-02-24,2016-02-25,2016-03-01,GE,XLI,122.76166149586705,128.81446838378906,126.11440219236538,3,stop_loss,SHORT,SHORT,0.49348077178001404,0.5013552308082581,0.48560631275177,0.5013552308082581,0.48105770349502563,50.651922821998596,0.5015505850315094,1,True,False,True,52.0,True,0.3248210847377777,UNRANKED,,False,,,
2016-02-25,2016-02-26,2016-03-02,GE,XLI,124.89287056835984,129.83750915527344,128.24198512262882,3,stop_loss,SHORT,SHORT,0.49348077178001404,0.5013552308082581,0.48560631275177,0.5013552308082581,0.534782886505127,50.651922821998596,0.5015505850315094,1,True,False,True,52.0,True,0.3601269721984862,UNRANKED,,False,,,
2016-02-26,2016-02-29,2016-03-02,GE,XLI,125.48968737062764,129.11288452148438,128.55568708289047,2,take_profit,LONG,LONG,0.5040870010852814,0.5002794861793518,0.5078945159912109,0.5002794861793518,0.5668222904205322,50.40870010852814,0.5015505850315094,1,True,True,False,52.0,True,0.5497267544269561,UNRANKED,,False,,,
2016-02-29,2016-03-01,2016-03-02,GE,XLI,125.36178322552904,128.13247680664062,128.3625799523008,1,take_profit,LONG,LONG,0.5046248733997345,0.5013552308082581,0.5078945159912109,0.5013552308082581,0.5763571262359619,50.46248733997345,0.5015505850315094,1,True,True,False,52.0,True,0.5198205709457399,UNRANKED,,False,,,
2016-03-01,2016-03-02,2016-03-09,GE,XLI,126.93898730220566,128.08984375,128.08984375,5,time_exit,LONG,LONG,0.5040870010852814,0.5002794861793518,0.5078945159912109,0.5002794861793518,0.5422878861427307,50.40870010852814,0.5015505850315094,1,True,True,False,52.0,True,0.48275330662727356,UNRANKED,,False,,,
2016-03-02,2016-03-03,2016-03-10,GE,XLI,128.72922462069894,127.62094116210938,127.62094116210938,5,time_exit,LONG,LONG,0.5040870010852814,0.5002794861793518,0.5078945159912109,0.5002794861793518,0.5292893648147583,50.40870010852814,0.5015505850315094,1,True,True,False,52.0,True,0.4843161702156067,UNRANKED,,False,,,
2016-03-03,2016-03-04,2016-03-11,GE,XLI,128.81448883397496,129.32601928710938,129.32601928710938,5,time_exit,LONG,LONG,0.5040870010852814,0.5002794861793518,0.5078945159912109,0.5002794861793518,0.5570613741874695,50.40870010852814,0.5015505850315094,1,True,True,False,52.0,True,0.1595660746097566,UNRANKED,,False,,,
2016-03-04,2016-03-07,2016-03-14,GE,XLI,128.98499849055767,129.0276336669922,129.0276336669922,5,time_exit,LONG,LONG,0.5040870010852814,0.5002794861793518,0.5078945159912109,0.5002794861793518,0.559633195400238,50.40870010852814,0.5015505850315094,1,True,True,False,52.0,True,0.16228604316711417,UNRANKED,,False,,,
2016-03-07,2016-03-08,2016-03-15,GE,XLI,128.21772057825584,129.0702362060547,129.0702362060547,5,time_exit,LONG,LONG,0.5046248733997345,0.5013552308082581,0.5078945159912109,0.5013552308082581,0.5669879913330078,50.46248733997345,0.5015505850315094,1,True,True,False,52.0,True,0.2633605897426606,UNRANKED,,False,,,
2016-03-08,2016-03-09,2016-03-16,GE,XLI,128.5587319787394,128.6013946533203,128.6013946533203,5,time_exit,LONG,LONG,0.5046248733997345,0.5013552308082581,0.5078945159912109,0.5013552308082581,0.49785494804382324,50.46248733997345,0.5015505850315094,1,True,True,False,52.0,True,0.32178336381912226,UNRANKED,,False,,,
2016-03-09,2016-03-10,2016-03-17,GE,XLI,128.6013189318422,131.96881103515625,130.76476018114465,5,take_profit,LONG,LONG,0.5046248733997345,0.5013552308082581,0.5078945159912109,0.5013552308082581,0.5147327184677124,50.46248733997345,0.5015505850315094,1,True,True,False,52.0,True,0.29834917187690735,UNRANKED,,False,,,
2016-03-10,2016-03-11,2016-03-17,GE,XLI,128.47350000170985,131.79827880859375,130.66768553114625,4,take_profit,LONG,LONG,0.5046248733997345,0.5013552308082581,0.5078945159912109,0.5013552308082581,0.5639638900756836,50.46248733997345,0.5015505850315094,1,True,True,False,52.0,True,0.28461140394210804,UNRANKED,,False,,,
2016-03-11,2016-03-14,2016-03-17,GE,XLI,128.81450384306802,132.52288818359375,131.01667516875162,3,take_profit,LONG,LONG,0.5046248733997345,0.5013552308082581,0.5078945159912109,0.5013552308082581,0.5449169278144836,50.46248733997345,0.5015505850315094,1,True,True,False,52.0,True,0.32052704691886913,UNRANKED,,False,,,
2016-03-14,2016-03-15,2016-03-17,GE,XLI,128.00460087394293,132.39508056640625,130.134619925631,2,take_profit,LONG,LONG,0.5002561509609222,0.5013552308082581,0.4991570711135864,0.5013552308082581,0.4866810739040375,50.025615096092224,0.5015505850315094,2,False,True,True,52.0,True,0.26407030224800104,UNRANKED,,False,,,
2016-03-15,2016-03-16,2016-03-17,GE,XLI,128.89978188336664,132.4376983642578,130.87882175676228,1,take_profit,LONG,LONG,0.5002561509609222,0.5013552308082581,0.4991570711135864,0.5013552308082581,0.5002192258834839,50.025615096092224,0.5015505850315094,2,False,True,True,52.0,True,0.2936699986457825,UNRANKED,,False,,,
2016-03-16,2016-03-17,2016-03-18,GE,XLI,128.81451912459738,132.60812377929688,130.55606793528378,1,take_profit,LONG,LONG,0.5002561509609222,0.5013552308082581,0.4991570711135864,0.5013552308082581,0.5281826257705688,50.025615096092224,0.5015505850315094,2,False,True,True,52.0,True,0.3393017053604127,UNRANKED,,False,,,
2016-03-17,2016-03-18,2016-03-28,GE,XLI,132.52291198210864,134.22793579101562,134.22793579101562,5,time_exit,SHORT,SHORT,0.498844638466835,0.4985322058200836,0.4991570711135864,0.4985322058200836,0.4957219064235687,50.1155361533165,0.5015505850315094,2,False,True,True,52.0,True,0.31586942076683044,UNRANKED,,False,,,
2016-03-18,2016-03-21,2016-03-28,GE,XLI,131.49988161823362,134.18533325195312,133.48502609716778,4,stop_loss,SHORT,SHORT,0.498844638466835,0.4985322058200836,0.4991570711135864,0.4985322058200836,0.49811550974845886,50.1155361533165,0.5015505850315094,2,False,True,True,52.0,True,0.21242988109588617,UNRANKED,,False,,,
2016-03-21,2016-03-22,2016-03-28,GE,XLI,132.05407821102406,135.67724609375,133.69212992524,3,stop_loss,SHORT,SHORT,0.49407579004764557,0.4889945089817047,0.4991570711135864,0.4889945089817047,0.3198222815990448,50.59242099523544,0.5015505850315094,1,True,False,True,52.0,True,0.3405742943286895,UNRANKED,,False,,,
2016-03-22,2016-03-23,2016-03-28,GE,XLI,132.30982588442683,135.50672912597656,133.7834456179648,2,take_profit,LONG,LONG,0.5046248733997345,0.5013552308082581,0.5078945159912109,0.5013552308082581,0.6144278049468994,50.46248733997345,0.5015505850315094,1,True,True,False,52.0,True,0.2995383143424988,UNRANKED,,False,,,
2016-03-23,2016-03-24,2016-03-28,GE,XLI,131.75560487622292,136.10345458984375,133.21096201908006,1,take_profit,LONG,LONG,0.5002561509609222,0.5013552308082581,0.4991570711135864,0.5013552308082581,0.5012477040290833,50.025615096092224,0.5015505850315094,2,False,True,True,52.0,True,0.30364376306533825,UNRANKED,,False,,,
2016-03-24,2016-03-28,2016-03-29,GE,XLI,132.73604078109187,133.11968994140625,134.0695957301711,1,take_profit,LONG,LONG,0.5002561509609222,0.5013552308082581,0.4991570711135864,0.5013552308082581,0.5489248633384705,50.025615096092224,0.5015505850315094,2,False,True,True,52.0,True,0.32203879952430725,UNRANKED,,False,,,
2016-03-28,2016-03-29,2016-03-30,GE,XLI,134.10007589634623,132.05401611328125,135.56151475655827,1,take_profit,LONG,LONG,0.5002561509609222,0.5013552308082581,0.4991570711135864,0.5013552308082581,0.5385680794715881,50.025615096092224,0.5015505850315094,2,False,True,True,52.0,True,0.3055711686611176,UNRANKED,,False,,,
2016-03-29,2016-03-30,2016-04-04,GE,XLI,135.37885888190627,131.71307373046875,134.05139218966298,3,stop_loss,LONG,LONG,0.5002561509609222,0.5013552308082581,0.4991570711135864,0.5013552308082581,0.6331655979156494,50.025615096092224,0.5015505850315094,2,False,True,True,52.0,True,0.2238748073577881,HIGH,,True,0.0,-1.0,-0.2615779169617383
2016-03-30,2016-03-31,2016-04-04,GE,XLI,135.9329888091868,130.56214904785156,134.39848214763546,2,stop_loss,LONG,LONG,0.5002561509609222,0.5013552308082581,0.4991570711135864,0.5013552308082581,0.5991128087043762,50.025615096092224,0.5015505850315094,2,False,True,True,52.0,True,0.17086017131805403,UNRANKED,,False,,,
2016-03-31,2016-04-01,2016-04-05,GE,XLI,134.2705574288449,131.24420166015625,132.77867728445318,2,stop_loss,LONG,LONG,0.5002561509609222,0.5013552308082581,0.4991570711135864,0.5013552308082581,0.602741003036499,50.025615096092224,0.5015505850315094,2,False,True,True,52.0,True,0.38391560316085827,HIGH,,True,0.0,-1.0,-0.3781135931291342
2016-04-01,2016-04-04,2016-04-05,GE,XLI,135.08047348854532,130.90316772460938,133.74692943860111,1,stop_loss,LONG,LONG,0.5002561509609222,0.5013552308082581,0.4991570711135864,0.5013552308082581,0.6016832590103149,50.025615096092224,0.5015505850315094,2,False,True,True,52.0,True,0.3985485434532165,HIGH,,True,0.0,-1.0,-0.3781135931291342
2016-04-04,2016-04-05,2016-04-12,GE,XLI,131.92614368306752,131.3294219970703,131.3294219970703,5,time_exit,LONG,LONG,0.5002561509609222,0.5013552308082581,0.4991570711135864,0.5013552308082581,0.4740586280822754,50.025615096092224,0.5015505850315094,2,False,True,True,52.0,True,0.33729884028434753,UNRANKED,,False,,,
2016-04-05,2016-04-06,2016-04-13,GE,XLI,131.67044504381056,132.05401611328125,132.05401611328125,5,time_exit,LONG,LONG,0.5002561509609222,0.5013552308082581,0.4991570711135864,0.5013552308082581,0.4311036169528961,50.025615096092224,0.5015505850315094,2,False,True,True,52.0,True,0.40168824791908264,UNRANKED,,False,,,
2016-04-06,2016-04-07,2016-04-14,GE,XLI,130.94577999161893,132.2245635986328,132.2245635986328,5,time_exit,LONG,LONG,0.5002561509609222,0.5013552308082581,0.4991570711135864,0.5013552308082581,0.4515224099159241,50.025615096092224,0.5015505850315094,2,False,True,True,52.0,True,0.10701882839202881,UNRANKED,,False,,,
2016-04-07,2016-04-08,2016-04-15,GE,XLI,131.7130901283863,132.2671661376953,132.2671661376953,5,time_exit,LONG,LONG,0.5002561509609222,0.5013552308082581,0.4991570711135864,0.5013552308082581,0.36019235849380493,50.025615096092224,0.5015505850315094,2,False,True,True,52.0,True,0.4103045761585236,UNRANKED,,False,,,
2016-04-08,2016-04-11,2016-04-18,GE,XLI,131.41467118985548,132.39508056640625,132.39508056640625,5,time_exit,LONG,LONG,0.5002561509609222,0.5013552308082581,0.4991570711135864,0.5013552308082581,0.42357808351516724,50.025615096092224,0.5015505850315094,2,False,True,True,52.0,True,0.3025504350662231,UNRANKED,,False,,,
2016-04-11,2016-04-12,2016-04-18,GE,XLI,130.77528987292033,132.7786407470703,132.32197740779756,4,take_profit,LONG,LONG,0.5002561509609222,0.5013552308082581,0.4991570711135864,0.5013552308082581,0.4339431822299957,50.025615096092224,0.5015505850315094,2,False,True,True,52.0,True,0.36143577098846436,UNRANKED,,False,,,
2016-04-12,2016-04-13,2016-04-20,GE,XLI,132.05401611328125,132.7786407470703,132.7786407470703,5,time_exit,SHORT,SHORT,0.4995124489068985,0.49986782670021057,0.4991570711135864,0.49986782670021057,0.5057973861694336,50.04875510931015,0.5015505850315094,2,False,True,True,52.0,True,0.2839244604110718,UNRANKED,,False,,,
2016-04-13,2016-04-14,2016-04-21,GE,XLI,132.09669112355806,132.05401611328125,132.05401611328125,5,time_exit,SHORT,SHORT,0.4995124489068985,0.49986782670021057,0.4991570711135864,0.49986782670021057,0.5002284646034241,50.04875510931015,0.5015505850315094,2,False,True,True,52.0,True,0.24777555465698248,UNRANKED,,False,,,
2016-04-14,2016-04-15,2016-04-22,GE,XLI,132.4376672613251,131.1162872314453,131.1162872314453,5,time_exit,SHORT,SHORT,0.4995124489068985,0.49986782670021057,0.4991570711135864,0.49986782670021057,0.5001046657562256,50.04875510931015,0.5015505850315094,2,False,True,True,52.0,True,0.008480787277221659,UNRANKED,,False,,,
2016-04-15,2016-04-18,2016-04-25,GE,XLI,131.71307585564185,130.7752685546875,130.7752685546875,5,time_exit,LONG,LONG,0.5038811713457108,0.49986782670021057,0.5078945159912109,0.49986782670021057,0.4952511787414551,50.388117134571075,0.5015505850315094,1,True,True,False,52.0,True,0.2730571031570434,UNRANKED,,False,,,
2016-04-18,2016-04-19,2016-04-22,GE,XLI,132.73601208247462,131.71307373046875,131.2623749103206,3,stop_loss,LONG,LONG,0.5038811713457108,0.49986782670021057,0.5078945159912109,0.49986782670021057,0.519527018070221,50.388117134571075,0.5015505850315094,1,True,True,False,52.0,True,0.25925424695014954,UNRANKED,,False,,,
2016-04-19,2016-04-20,2016-04-22,GE,XLI,132.9917704983631,131.8408966064453,131.67646942065664,2,stop_loss,LONG,LONG,0.5038811713457108,0.49986782670021057,0.5078945159912109,0.49986782670021057,0.5385443568229675,50.388117134571075,0.5015505850315094,1,True,True,False,52.0,True,0.26327913999557495,UNRANKED,,False,,,
2016-04-20,2016-04-21,2016-04-22,GE,XLI,132.65077674042283,131.71307373046875,131.35983522954112,1,take_profit,SHORT,SHORT,0.4995124489068985,0.49986782670021057,0.4991570711135864,0.49986782670021057,0.4648009240627289,50.04875510931015,0.5015505850315094,2,False,True,True,52.0,True,0.15474230051040666,UNRANKED,,False,,,
2016-04-21,2016-04-22,2016-04-25,GE,XLI,132.26718011634475,131.07366943359375,130.95796729547422,1,take_profit,SHORT,SHORT,0.49968641996383667,0.5002157688140869,0.4991570711135864,0.5002157688140869,0.3911241888999939,50.03135800361633,0.5015505850315094,2,False,True,True,52.0,True,0.19334533810615537,UNRANKED,,False,,,
2016-04-22,2016-04-25,2016-05-02,GE,XLI,131.32940058850605,131.67044067382812,131.67044067382812,5,time_exit,SHORT,SHORT,0.49968641996383667,0.5002157688140869,0.4991570711135864,0.5002157688140869,0.4521949887275696,50.03135800361633,0.5015505850315094,2,False,True,True,52.0,True,0.27906158566474926,UNRANKED,,False,,,
2016-04-25,2016-04-26,2016-05-03,GE,XLI,131.45731518221228,130.56214904785156,130.56214904785156,5,time_exit,SHORT,SHORT,0.49968641996383667,0.5002157688140869,0.4991570711135864,0.5002157688140869,0.4385963976383209,50.03135800361633,0.5015505850315094,2,False,True,True,52.0,True,0.2567631304264068,UNRANKED,,False,,,
2016-04-26,2016-04-27,2016-05-03,GE,XLI,131.88352527706215,128.1750946044922,130.88485933119162,4,stop_loss,LONG,LONG,0.5040551424026489,0.5002157688140869,0.5078945159912109,0.5002157688140869,0.5019985437393188,50.40551424026489,0.5015505850315094,1,True,True,False,52.0,True,0.3347603082656861,UNRANKED,,False,,,
2016-04-27,2016-04-28,2016-05-04,GE,XLI,131.03105545901576,127.4078598022461,130.17854691409389,4,stop_loss,LONG,LONG,0.5040551424026489,0.5002157688140869,0.5078945159912109,0.5002157688140869,0.5179089903831482,50.40551424026489,0.5015505850315094,1,True,True,False,52.0,True,0.28493839502334595,UNRANKED,,False,,,
2016-04-28,2016-04-29,2016-05-04,GE,XLI,131.07366943359375,128.3882293701172,130.30033656529017,3,stop_loss,LONG,LONG,0.5040551424026489,0.5002157688140869,0.5078945159912109,0.5002157688140869,0.494418203830719,50.40551424026489,0.5015505850315094,1,True,True,False,52.0,True,0.11234092712402348,UNRANKED,,False,,,
2016-04-29,2016-05-02,2016-05-04,GE,XLI,130.6048049728966,127.32261657714844,129.78884776726045,2,take_profit,SHORT,SHORT,0.4996831715106964,0.4914718270301819,0.5078945159912109,0.4914718270301819,0.3399527370929718,50.03168284893036,0.5015505850315094,2,False,True,True,52.0,True,0.18585723638534546,UNRANKED,,False,,,
2016-05-02,2016-05-03,2016-05-04,GE,XLI,130.60477772420114,129.9228057861328,129.7644609517402,1,stop_loss,LONG,LONG,0.5040551424026489,0.5002157688140869,0.5078945159912109,0.5002157688140869,0.45991069078445435,50.40551424026489,0.5015505850315094,1,True,True,False,52.0,True,0.14696907997131362,UNRANKED,,False,,,
2016-05-03,2016-05-04,2016-05-05,GE,XLI,129.58173207615712,129.32601928710938,128.68660137372967,1,take_profit,SHORT,SHORT,0.4996831715106964,0.4914718270301819,0.5078945159912109,0.4914718270301819,0.3216818869113922,50.03168284893036,0.5015505850315094,2,False,True,True,52.0,True,-0.03320768475532539,UNRANKED,,False,,,
2016-05-04,2016-05-05,2016-05-10,GE,XLI,128.47349529829245,128.26039123535156,129.68526985186386,3,stop_loss,SHORT,SHORT,0.48853906989097595,0.4914718270301819,0.48560631275177,0.4914718270301819,0.2888411283493042,51.146093010902405,0.5015505850315094,1,True,False,True,52.0,True,0.04635509848594666,UNRANKED,,False,,,
2016-05-05,2016-05-06,2016-05-10,GE,XLI,126.5127036204401,126.34224700927734,127.82799706875205,2,stop_loss,SHORT,SHORT,0.48853906989097595,0.4914718270301819,0.48560631275177,0.4914718270301819,0.30175405740737915,51.146093010902405,0.5015505850315094,1,True,False,True,52.0,True,0.5826715528964996,UNRANKED,,False,,,
2016-05-06,2016-05-09,2016-05-10,GE,XLI,128.08987856238556,127.70621490478516,129.52695131629181,1,stop_loss,SHORT,SHORT,0.4927370697259903,0.49986782670021057,0.48560631275177,0.49986782670021057,0.36283987760543823,50.72629302740097,0.5015505850315094,1,True,False,True,52.0,True,0.45581370592117304,UNRANKED,,False,,,
2016-05-09,2016-05-10,2016-05-17,GE,XLI,127.83416276307099,126.6406021118164,126.6406021118164,5,time_exit,SHORT,SHORT,0.4927370697259903,0.49986782670021057,0.48560631275177,0.49986782670021057,0.4026320278644562,50.72629302740097,0.5015505850315094,1,True,False,True,52.0,True,0.4027566313743592,UNRANKED,,False,,,
2016-05-10,2016-05-11,2016-05-13,GE,XLI,130.0080238580769,126.21429443359375,128.10205941541508,2,take_profit,SHORT,SHORT,0.4927370697259903,0.49986782670021057,0.48560631275177,0.49986782670021057,0.4511938691139221,50.72629302740097,0.5015505850315094,1,True,False,True,52.0,True,0.4067448675632477,UNRANKED,,False,,,
2016-05-11,2016-05-12,2016-05-19,GE,XLI,127.19475552535947,125.14868927001953,125.30705367337845,5,take_profit,SHORT,SHORT,0.4995124489068985,0.49986782670021057,0.4991570711135864,0.49986782670021057,0.48215383291244507,50.04875510931015,0.5015505850315094,2,False,True,True,52.0,True,0.3648189306259156,UNRANKED,,False,,,
2016-05-12,2016-05-13,2016-05-19,GE,XLI,127.74888503108926,126.00120544433594,125.84291186911939,4,take_profit,SHORT,SHORT,0.4995124489068985,0.49986782670021057,0.4991570711135864,0.49986782670021057,0.47267693281173706,50.04875510931015,0.5015505850315094,2,False,True,True,52.0,True,0.32365548610687256,UNRANKED,,False,,,
2016-05-13,2016-05-16,2016-05-23,GE,XLI,125.95857511581897,125.7027816772461,125.7027816772461,5,time_exit,SHORT,SHORT,0.4995124489068985,0.49986782670021057,0.4991570711135864,0.49986782670021057,0.42395731806755066,50.04875510931015,0.5015505850315094,2,False,True,True,52.0,True,0.3247193396091462,UNRANKED,,False,,,
2016-05-16,2016-05-17,2016-05-19,GE,XLI,127.40786403741502,127.23737335205078,125.21570683701044,2,take_profit,SHORT,SHORT,0.4995124489068985,0.49986782670021057,0.4991570711135864,0.49986782670021057,0.47509434819221497,50.04875510931015,0.5015505850315094,2,False,True,True,52.0,True,0.12190872430801383,UNRANKED,,False,,,
2016-05-17,2016-05-18,2016-05-25,GE,XLI,126.59792525038378,128.26039123535156,128.26039123535156,5,time_exit,SHORT,SHORT,0.4995124489068985,0.49986782670021057,0.4991570711135864,0.49986782670021057,0.45406875014305115,50.04875510931015,0.5015505850315094,2,False,True,True,52.0,True,0.2633083760738373,UNRANKED,,False,,,
2016-05-18,2016-05-19,2016-05-25,GE,XLI,125.02081682437006,127.96192932128906,127.38958469895154,4,stop_loss,SHORT,SHORT,0.4995124489068985,0.49986782670021057,0.4991570711135864,0.49986782670021057,0.383954793214798,50.04875510931015,0.5015505850315094,2,False,True,True,52.0,True,0.2528689503669739,UNRANKED,,False,,,
2016-05-19,2016-05-20,2016-05-27,GE,XLI,125.87333298794545,128.3882293701172,128.3029867006268,5,stop_loss,SHORT,SHORT,0.4995124489068985,0.49986782670021057,0.4991570711135864,0.49986782670021057,0.4302128255367279,50.04875510931015,0.5015505850315094,2,False,True,True,52.0,True,0.18605709075927732,UNRANKED,,False,,,
2016-05-20,2016-05-23,2016-05-27,GE,XLI,125.83065408259222,128.85711669921875,128.29684278585674,4,stop_loss,SHORT,SHORT,0.4995124489068985,0.49986782670021057,0.4991570711135864,0.49986782670021057,0.4475388824939728,50.04875510931015,0.5015505850315094,2,False,True,True,52.0,True,0.21663236618041995,UNRANKED,,False,,,
2016-05-23,2016-05-24,2016-06-01,GE,XLI,126.68324120154354,128.34561157226562,128.34561157226562,5,time_exit,SHORT,SHORT,0.4995124489068985,0.49986782670021057,0.4991570711135864,0.49986782670021057,0.4214245676994324,50.04875510931015,0.5015505850315094,2,False,True,True,52.0,True,0.2623459696769714,UNRANKED,,False,,,
2016-05-24,2016-05-25,2016-06-02,GE,XLI,127.87676020828364,128.08984375,128.08984375,5,time_exit,SHORT,SHORT,0.4995124489068985,0.49986782670021057,0.4991570711135864,0.49986782670021057,0.3824634552001953,50.04875510931015,0.5015505850315094,2,False,True,True,52.0,True,0.3315740525722503,UNRANKED,,False,,,
2016-05-25,2016-05-26,2016-06-03,GE,XLI,128.17505903062562,127.62094116210938,127.62094116210938,5,time_exit,SHORT,SHORT,0.4996373951435089,0.5001177191734314,0.4991570711135864,0.5001177191734314,0.4389342665672302,50.03626048564911,0.5015505850315094,2,False,True,True,52.0,True,0.40009236335754395,UNRANKED,,False,,,
2016-05-26,2016-05-27,2016-06-06,GE,XLI,128.47347313781856,128.3882293701172,128.3882293701172,5,time_exit,SHORT,SHORT,0.4995124489068985,0.49986782670021057,0.4991570711135864,0.49986782670021057,0.4057290256023407,50.04875510931015,0.5015505850315094,2,False,True,True,52.0,True,0.3008195161819458,UNRANKED,,False,,,
2016-05-27,2016-05-31,2016-06-07,GE,XLI,128.38824200151316,128.4734649658203,128.4734649658203,5,time_exit,SHORT,SHORT,0.4995124489068985,0.49986782670021057,0.4991570711135864,0.49986782670021057,0.4589216113090515,50.04875510931015,0.5015505850315094,2,False,True,True,52.0,True,0.26936966180801397,UNRANKED,,False,,,
2016-05-31,2016-06-01,2016-06-08,GE,XLI,128.04722443081707,129.19810485839844,129.19810485839844,5,time_exit,SHORT,SHORT,0.4995124489068985,0.49986782670021057,0.4991570711135864,0.49986782670021057,0.44173622131347656,50.04875510931015,0.5015505850315094,2,False,True,True,52.0,True,0.15483489632606506,UNRANKED,,False,,,
2016-06-01,2016-06-02,2016-06-09,GE,XLI,127.9193426409186,128.89971923828125,128.89971923828125,5,time_exit,SHORT,SHORT,0.4995124489068985,0.49986782670021057,0.4991570711135864,0.49986782670021057,0.4461269974708557,50.04875510931015,0.5015505850315094,2,False,True,True,52.0,True,0.16972669959068304,UNRANKED,,False,,,
2016-06-02,2016-06-03,2016-06-10,GE,XLI,127.96194330564117,128.04722595214844,128.04722595214844,5,time_exit,SHORT,SHORT,0.49968641996383667,0.5002157688140869,0.4991570711135864,0.5002157688140869,0.46439313888549805,50.03135800361633,0.5015505850315094,2,False,True,True,52.0,True,0.2005568444728852,UNRANKED,,False,,,
2016-06-03,2016-06-06,2016-06-13,GE,XLI,127.87671247715997,127.15209197998047,127.15209197998047,5,time_exit,SHORT,SHORT,0.49968641996383667,0.5002157688140869,0.4991570711135864,0.5002157688140869,0.42942988872528076,50.03135800361633,0.5015505850315094,2,False,True,True,52.0,True,0.18610921502113348,UNRANKED,,False,,,
2016-06-06,2016-06-07,2016-06-14,GE,XLI,128.4734649658203,129.7522430419922,129.7522430419922,5,time_exit,LONG,LONG,0.5040551424026489,0.5002157688140869,0.5078945159912109,0.5002157688140869,0.5659433603286743,50.40551424026489,0.5015505850315094,1,True,True,False,52.0,True,0.27681973576545715,UNRANKED,,False,,,
2016-06-07,2016-06-08,2016-06-13,GE,XLI,128.85710264785416,130.39166259765625,127.645272508694,3,stop_loss,LONG,LONG,0.5040551424026489,0.5002157688140869,0.5078945159912109,0.5002157688140869,0.5315415263175964,50.40551424026489,0.5015505850315094,1,True,True,False,52.0,True,0.27687373757362366,UNRANKED,,False,,,
2016-06-08,2016-06-09,2016-06-13,GE,XLI,128.55871705969128,131.59422302246094,127.30426803276605,2,stop_loss,LONG,LONG,0.5051432251930237,0.5023919343948364,0.5078945159912109,0.5023919343948364,0.5601850152015686,50.51432251930237,0.5015505850315094,1,True,True,False,52.0,True,0.26370054483413696,UNRANKED,,False,,,
2016-06-09,2016-06-10,2016-06-14,GE,XLI,127.9619821762135,131.4224090576172,129.1068284112163,2,take_profit,LONG,LONG,0.5051432251930237,0.5023919343948364,0.5078945159912109,0.5023919343948364,0.5370204448699951,50.51432251930237,0.5015505850315094,1,True,True,False,52.0,True,0.2547433972358703,UNRANKED,,False,,,
2016-06-10,2016-06-13,2016-06-14,GE,XLI,127.79148137369735,132.41024780273438,128.93632433895962,1,stop_loss,SHORT,SHORT,0.49531444907188416,0.4914718270301819,0.4991570711135864,0.4914718270301819,0.3238086700439453,50.468555092811584,0.5015505850315094,1,True,False,True,52.0,True,0.31500631570816046,UNRANKED,,False,,,
2016-06-13,2016-06-14,2016-06-15,GE,XLI,127.10945542649169,132.8826446533203,128.33954270676514,1,stop_loss,SHORT,SHORT,0.49531444907188416,0.4914718270301819,0.4991570711135864,0.4914718270301819,0.2883142828941345,50.468555092811584,0.5015505850315094,1,True,False,True,52.0,True,0.4474078714847565,UNRANKED,,False,,,
2016-06-14,2016-06-15,2016-06-16,GE,XLI,129.92277424838787,132.19546508789062,131.3050842982623,1,stop_loss,SHORT,SHORT,0.4995124489068985,0.49986782670021057,0.4991570711135864,0.49986782670021057,0.4128258526325226,50.04875510931015,0.5015505850315094,2,False,True,True,52.0,True,0.5190081298351288,UNRANKED,,False,,,
2016-06-15,2016-06-16,2016-06-17,GE,XLI,129.4467921511951,133.9563751220703,130.77430243997858,1,stop_loss,SHORT,SHORT,0.4995124489068985,0.49986782670021057,0.4991570711135864,0.49986782670021057,0.5221892595291138,50.04875510931015,0.5015505850315094,2,False,True,True,52.0,True,0.3921689689159393,UNRANKED,,False,,,
2016-06-16,2016-06-17,2016-06-23,GE,XLI,131.63713980315347,128.0723876953125,133.093807022043,4,stop_loss,SHORT,SHORT,0.4995124489068985,0.49986782670021057,0.4991570711135864,0.49986782670021057,0.5561716556549072,50.04875510931015,0.5015505850315094,2,False,True,True,52.0,True,0.20988577604293826,UNRANKED,,False,,,
2016-06-17,2016-06-20,2016-06-23,GE,XLI,132.49615106232335,125.92495727539062,133.91646312635794,3,stop_loss,SHORT,SHORT,0.4995124489068985,0.49986782670021057,0.4991570711135864,0.49986782670021057,0.6032630801200867,50.04875510931015,0.5015505850315094,2,False,True,True,52.0,True,0.43024510145187383,UNRANKED,,False,,,
2016-06-20,2016-06-21,2016-06-24,GE,XLI,132.62494863386235,128.5877685546875,131.13050065325407,3,take_profit,SHORT,SHORT,0.4995124489068985,0.49986782670021057,0.4991570711135864,0.49986782670021057,0.5465697646141052,50.04875510931015,0.5015505850315094,2,False,True,True,52.0,True,0.4151168465614319,UNRANKED,,False,,,
2016-06-21,2016-06-22,2016-06-24,GE,XLI,133.14031852526472,131.2076416015625,131.65145744128034,2,take_profit,SHORT,SHORT,0.4995124489068985,0.49986782670021057,0.4991570711135864,0.49986782670021057,0.5074685215950012,50.04875510931015,0.5015505850315094,2,False,True,True,52.0,True,0.3692544102668761,UNRANKED,,False,,,
2016-06-22,2016-06-23,2016-06-24,GE,XLI,133.39804504978375,135.20188903808594,131.84755371677593,1,take_profit,SHORT,SHORT,0.4995124489068985,0.49986782670021057,0.4991570711135864,0.49986782670021057,0.41365599632263184,50.04875510931015,0.5015505850315094,2,False,True,True,52.0,True,0.226578950881958,UNRANKED,,False,,,
2016-06-23,2016-06-24,2016-06-27,GE,XLI,129.31790232868394,135.24481201171875,127.58283850334912,1,stop_loss,LONG,LONG,0.5038811713457108,0.49986782670021057,0.5078945159912109,0.49986782670021057,0.5780655741691589,50.388117134571075,0.5015505850315094,1,True,True,False,52.0,True,0.2945901155471802,UNRANKED,,False,,,
2016-06-24,2016-06-27,2016-06-29,GE,XLI,126.86982421030864,135.07301330566406,129.33584506689346,2,stop_loss,SHORT,SHORT,0.4995124489068985,0.49986782670021057,0.4991570711135864,0.49986782670021057,0.39912423491477966,50.04875510931015,0.5015505850315094,2,False,True,True,52.0,True,0.16632503271102908,UNRANKED,,False,,,
2016-06-27,2016-06-28,2016-06-29,GE,XLI,128.02943870073378,136.31854248046875,130.79005881792128,1,stop_loss,SHORT,SHORT,0.4927370697259903,0.49986782670021057,0.48560631275177,0.49986782670021057,0.3431689739227295,50.72629302740097,0.5015505850315094,1,True,False,True,52.0,True,0.08267176151275629,UNRANKED,,False,,,
2016-06-28,2016-06-29,2016-06-30,GE,XLI,131.03584883059224,136.66209411621094,134.07335057445385,1,stop_loss,SHORT,SHORT,0.4927370697259903,0.49986782670021057,0.48560631275177,0.49986782670021057,0.3259402811527252,50.72629302740097,0.5015505850315094,1,True,False,True,52.0,True,0.48304700851440435,UNRANKED,,False,,,
2016-06-29,2016-06-30,2016-07-01,GE,XLI,131.68010214192023,138.2941131591797,135.04924494674725,1,stop_loss,SHORT,SHORT,0.4927370697259903,0.49986782670021057,0.48560631275177,0.49986782670021057,0.43711066246032715,50.72629302740097,0.5015505850315094,1,True,False,True,52.0,True,0.37240746617317205,UNRANKED,,False,,,
2016-06-30,2016-07-01,2016-07-11,GE,XLI,135.20187406857283,138.33709716796875,138.33709716796875,5,time_exit,SHORT,SHORT,0.487619549036026,0.489632785320282,0.48560631275177,0.489632785320282,0.37980014085769653,51.2380450963974,0.5015505850315094,1,True,False,True,52.0,True,0.29506847262382513,UNRANKED,,False,,,
2016-07-01,2016-07-05,2016-07-08,GE,XLI,134.21404936276554,138.5518341064453,137.91026976071475,3,stop_loss,SHORT,SHORT,0.487619549036026,0.489632785320282,0.48560631275177,0.489632785320282,0.3604539930820465,51.2380450963974,0.5015505850315094,1,True,False,True,52.0,True,0.1885045766830445,UNRANKED,,False,,,
2016-07-05,2016-07-06,2016-07-08,GE,XLI,134.29995307156847,138.98130798339844,137.64926599009524,2,stop_loss,SHORT,SHORT,0.4927370697259903,0.49986782670021057,0.48560631275177,0.49986782670021057,0.4582124948501587,50.72629302740097,0.5015505850315094,1,True,False,True,52.0,True,0.29426079988479625,UNRANKED,,False,,,
2016-07-06,2016-07-07,2016-07-14,GE,XLI,136.61914250659296,140.1409454345703,140.05504251356842,5,stop_loss,SHORT,SHORT,0.4927370697259903,0.49986782670021057,0.48560631275177,0.49986782670021057,0.4652268588542938,50.72629302740097,0.5015505850315094,1,True,False,True,52.0,True,0.3134483098983765,UNRANKED,,False,,,
2016-07-07,2016-07-08,2016-07-15,GE,XLI,137.39219785396216,141.21469116210938,140.70538231964295,5,stop_loss,SHORT,SHORT,0.4995124489068985,0.49986782670021057,0.4991570711135864,0.49986782670021057,0.4718499183654785,50.04875510931015,0.5015505850315094,2,False,True,True,52.0,True,0.3466974794864655,UNRANKED,,False,,,
2016-07-08,2016-07-11,2016-07-18,GE,XLI,138.55184156227617,141.34349060058594,141.34349060058594,5,time_exit,SHORT,SHORT,0.4996373951435089,0.5001177191734314,0.4991570711135864,0.5001177191734314,0.489437997341156,50.03626048564911,0.5015505850315094,2,False,True,True,52.0,True,0.19388625025749204,UNRANKED,,False,,,
2016-07-11,2016-07-12,2016-07-19,GE,XLI,138.76657848919677,141.42942810058594,141.42942810058594,5,time_exit,SHORT,SHORT,0.4995124489068985,0.49986782670021057,0.4991570711135864,0.49986782670021057,0.4644850194454193,50.04875510931015,0.5015505850315094,2,False,True,True,52.0,True,0.15669497847557082,UNRANKED,,False,,,
2016-07-12,2016-07-13,2016-07-20,GE,XLI,138.5518328961493,140.78518676757812,140.78518676757812,5,time_exit,SHORT,SHORT,0.4996373951435089,0.5001177191734314,0.4991570711135864,0.5001177191734314,0.4854990541934967,50.03626048564911,0.5015505850315094,2,False,True,True,52.0,True,0.3312320411205293,UNRANKED,,False,,,
2016-07-13,2016-07-14,2016-07-21,GE,XLI,139.5826154105124,139.96917724609375,139.96917724609375,5,time_exit,SHORT,SHORT,0.4995124489068985,0.49986782670021057,0.4991570711135864,0.49986782670021057,0.5006345510482788,50.04875510931015,0.5015505850315094,2,False,True,True,52.0,True,0.41297018527984625,UNRANKED,,False,,,
2016-07-14,2016-07-15,2016-07-22,GE,XLI,140.6992989963703,137.69287109375,137.69287109375,5,time_exit,LONG,LONG,0.5038811713457108,0.49986782670021057,0.5078945159912109,0.49986782670021057,0.5336316227912903,50.388117134571075,0.5015505850315094,1,True,True,False,52.0,True,0.40768682956695557,UNRANKED,,False,,,
2016-07-15,2016-07-18,2016-07-22,GE,XLI,141.25758737351075,135.8890380859375,138.71747855654647,4,stop_loss,LONG,LONG,0.5051432251930237,0.5023919343948364,0.5078945159912109,0.5023919343948364,0.5256319642066956,50.51432251930237,0.5015505850315094,1,True,True,False,52.0,True,0.32766756415367126,UNRANKED,,False,,,
2016-07-18,2016-07-19,2016-07-22,GE,XLI,140.65636716734025,135.158935546875,138.40463420486816,3,stop_loss,LONG,LONG,0.5051432251930237,0.5023919343948364,0.5078945159912109,0.5023919343948364,0.5401293039321899,50.51432251930237,0.5015505850315094,1,True,True,False,52.0,True,0.31166428327560425,UNRANKED,,False,,,
2016-07-19,2016-07-20,2016-07-22,GE,XLI,141.55826125666974,134.34286499023438,139.67465311981147,2,take_profit,SHORT,SHORT,0.4982123374938965,0.48853015899658203,0.5078945159912109,0.48853015899658203,0.3062067925930023,50.17876625061035,0.5015505850315094,1,True,False,True,52.0,True,0.255257099866867,UNRANKED,,False,,,
2016-07-20,2016-07-21,2016-07-22,GE,XLI,140.57045899492937,134.21409606933594,138.96908396005213,1,take_profit,SHORT,SHORT,0.49384361505508423,0.48853015899658203,0.4991570711135864,0.48853015899658203,0.26602184772491455,50.61563849449158,0.5015505850315094,1,True,False,True,52.0,True,0.2988510727882385,UNRANKED,,False,,,
2016-07-21,2016-07-22,2016-07-27,GE,XLI,136.27557716245423,133.7415771484375,135.1282361154397,3,stop_loss,LONG,LONG,0.5007745027542114,0.5023919343948364,0.4991570711135864,0.5023919343948364,0.4546070694923401,50.07745027542114,0.5015505850315094,2,False,True,True,52.0,True,0.19268411397933968,UNRANKED,,False,,,
2016-07-22,2016-07-25,2016-07-26,GE,XLI,137.73582080244833,133.7845458984375,136.26942501561797,1,stop_loss,LONG,LONG,0.5007745027542114,0.5023919343948364,0.4991570711135864,0.5023919343948364,0.4632156789302826,50.07745027542114,0.5015505850315094,2,False,True,True,52.0,True,0.2197300493717194,UNRANKED,,False,,,
2016-07-25,2016-07-26,2016-07-28,GE,XLI,136.01789961058407,133.35507202148438,134.31835606635974,2,stop_loss,LONG,LONG,0.5007745027542114,0.5023919343948364,0.4991570711135864,0.5023919343948364,0.46444568037986755,50.07745027542114,0.5015505850315094,2,False,True,True,52.0,True,0.22255763411521906,UNRANKED,,False,,,
2016-07-26,2016-07-27,2016-08-02,GE,XLI,135.24478037740423,133.69871520996094,133.6188692097145,4,take_profit,SHORT,SHORT,0.49384361505508423,0.48853015899658203,0.4991570711135864,0.48853015899658203,0.2979731559753418,50.61563849449158,0.5015505850315094,1,True,False,True,52.0,True,0.3341887295246124,UNRANKED,,False,,,
2016-07-27,2016-07-28,2016-08-04,GE,XLI,133.99935159025424,133.87046813964844,133.87046813964844,5,time_exit,SHORT,SHORT,0.4995124489068985,0.49986782670021057,0.4991570711135864,0.49986782670021057,0.36206841468811035,50.04875510931015,0.5015505850315094,2,False,True,True,52.0,True,0.3148225247859956,UNRANKED,,False,,,
2016-07-28,2016-07-29,2016-08-05,GE,XLI,134.34285860279599,134.34286499023438,134.34286499023438,5,time_exit,SHORT,SHORT,0.4995124489068985,0.49986782670021057,0.4991570711135864,0.49986782670021057,0.3485623300075531,50.04875510931015,0.5015505850315094,2,False,True,True,52.0,True,0.30482348799705516,UNRANKED,,False,,,
2016-07-29,2016-08-01,2016-08-08,GE,XLI,133.6557047397427,134.2999267578125,134.2999267578125,5,time_exit,SHORT,SHORT,0.4995124489068985,0.49986782670021057,0.4991570711135864,0.49986782670021057,0.39614611864089966,50.04875510931015,0.5015505850315094,2,False,True,True,52.0,True,0.20544487237930292,UNRANKED,,False,,,
2016-08-01,2016-08-02,2016-08-09,GE,XLI,133.61276804213932,134.42880249023438,134.42880249023438,5,time_exit,SHORT,SHORT,0.4995124489068985,0.49986782670021057,0.4991570711135864,0.49986782670021057,0.38175418972969055,50.04875510931015,0.5015505850315094,2,False,True,True,52.0,True,0.265147179365158,UNRANKED,,False,,,
2016-08-02,2016-08-03,2016-08-10,GE,XLI,133.26922625923183,134.2999267578125,134.2999267578125,5,time_exit,SHORT,SHORT,0.4995124489068985,0.49986782670021057,0.4991570711135864,0.49986782670021057,0.4298117160797119,50.04875510931015,0.5015505850315094,2,False,True,True,52.0,True,0.13888147473335272,UNRANKED,,False,,,
2016-08-03,2016-08-04,2016-08-11,GE,XLI,133.99930931664778,134.38587951660156,134.38587951660156,5,time_exit,SHORT,SHORT,0.4995124489068985,0.49986782670021057,0.4991570711135864,0.49986782670021057,0.5175377130508423,50.04875510931015,0.5015505850315094,2,False,True,True,52.0,True,0.38455200195312506,UNRANKED,,False,,,
2016-08-04,2016-08-05,2016-08-12,GE,XLI,134.29991338263082,134.17112731933594,134.17112731933594,5,time_exit,SHORT,SHORT,0.4995124489068985,0.49986782670021057,0.4991570711135864,0.49986782670021057,0.5443255305290222,50.04875510931015,0.5015505850315094,2,False,True,True,52.0,True,0.374205470085144,UNRANKED,,False,,,
2016-08-05,2016-08-08,2016-08-15,GE,XLI,134.42878159345608,134.17112731933594,134.17112731933594,5,time_exit,SHORT,SHORT,0.4995124489068985,0.49986782670021057,0.4991570711135864,0.49986782670021057,0.5403554439544678,50.04875510931015,0.5015505850315094,2,False,True,True,52.0,True,0.13026341795921323,UNRANKED,,False,,,
2016-08-08,2016-08-09,2016-08-16,GE,XLI,134.12815483483308,133.9563751220703,133.9563751220703,5,time_exit,SHORT,SHORT,0.49508658051490784,0.5012914538383484,0.4888817071914673,0.5012914538383484,0.6364932060241699,50.491341948509216,0.5073915719985962,2,False,True,True,52.5,True,0.09595099091529855,UNRANKED,,False,,,
2016-08-09,2016-08-10,2016-08-17,GE,XLI,134.21403720855247,134.38587951660156,134.38587951660156,5,time_exit,SHORT,SHORT,0.4841317981481552,0.5012914538383484,0.46697214245796204,0.5012914538383484,0.714880108833313,51.58682018518448,0.5073915719985962,1,True,False,True,52.5,True,0.0434419512748719,UNRANKED,,False,,,
2016-08-10,2016-08-11,2016-08-18,GE,XLI,134.47176909752073,134.9871368408203,134.9871368408203,5,time_exit,SHORT,SHORT,0.4872564524412155,0.4991009831428528,0.47541192173957825,0.4991009831428528,0.7034125328063965,51.27435475587845,0.5073915719985962,1,True,False,True,52.5,True,-0.09919828176498403,UNRANKED,,False,,,
2016-08-11,2016-08-12,2016-08-18,GE,XLI,133.9993344928918,134.21409606933594,134.82764477818756,4,stop_loss,SHORT,SHORT,0.48653729259967804,0.49579644203186035,0.4772781431674957,0.49579644203186035,0.6271069049835205,51.346270740032196,0.5073915719985962,1,True,False,True,52.5,True,-0.0618241429328919,UNRANKED,,False,,,
2016-08-12,2016-08-15,2016-08-22,GE,XLI,134.42882339625547,134.5146484375,134.5146484375,5,time_exit,SHORT,SHORT,0.4813842922449112,0.49579644203186035,0.46697214245796204,0.49579644203186035,0.6390131115913391,51.86157077550888,0.5073915719985962,1,True,False,True,52.5,True,-0.1250247955322265,UNRANKED,,False,,,
2016-08-15,2016-08-16,2016-08-17,GE,XLI,133.74163068280535,134.128173828125,134.23862906101405,1,stop_loss,SHORT,SHORT,0.4813842922449112,0.49579644203186035,0.46697214245796204,0.49579644203186035,0.6344764828681946,51.86157077550888,0.5073915719985962,1,True,False,True,52.5,True,-0.18679675459861744,UNRANKED,,False,,,
2016-08-16,2016-08-17,2016-08-18,GE,XLI,134.25703830796908,134.08514404296875,134.66813406340992,1,stop_loss,SHORT,SHORT,0.48810911178588867,0.49579644203186035,0.480421781539917,0.49579644203186035,0.5933178663253784,51.18908882141113,0.5073915719985962,1,True,False,True,52.5,True,0.0038628280162811106,UNRANKED,,False,,,
2016-08-17,2016-08-18,2016-08-25,GE,XLI,134.21406237998053,134.04225158691406,134.04225158691406,5,time_exit,SHORT,SHORT,0.48810911178588867,0.49579644203186035,0.480421781539917,0.49579644203186035,0.6156457662582397,51.18908882141113,0.5073915719985962,1,True,False,True,52.5,True,0.1438434720039367,UNRANKED,,False,,,
2016-08-18,2016-08-19,2016-08-25,GE,XLI,134.51473013534533,134.128173828125,134.04228096891117,4,take_profit,SHORT,SHORT,0.489844486117363,0.4937122166156769,0.4859767556190491,0.4937122166156769,0.6226295828819275,51.0155513882637,0.5073915719985962,1,True,False,True,52.5,True,0.1604395508766175,UNRANKED,,False,,,
2016-08-19,2016-08-22,2016-08-29,GE,XLI,133.87042906603162,134.6864776611328,134.44717423553496,5,stop_loss,SHORT,SHORT,0.489844486117363,0.4937122166156769,0.4859767556190491,0.4937122166156769,0.6180804967880249,51.0155513882637,0.5073915719985962,1,True,False,True,52.5,True,-0.03984993696212755,UNRANKED,,False,,,
2016-08-22,2016-08-23,2016-08-24,GE,XLI,135.0730411976763,134.7294158935547,134.5147133865714,1,take_profit,SHORT,SHORT,0.4809132069349289,0.4758496582508087,0.4859767556190491,0.4758496582508087,0.5915970802307129,51.90867930650711,0.5073915719985962,1,True,False,True,52.5,True,0.10388714075088507,UNRANKED,,False,,,
2016-08-23,2016-08-24,2016-08-31,GE,XLI,134.29988836648496,134.17112731933594,134.17112731933594,5,time_exit,SHORT,SHORT,0.4809132069349289,0.4758496582508087,0.4859767556190491,0.4758496582508087,0.5786970257759094,51.90867930650711,0.5073915719985962,1,True,False,True,52.5,True,0.05161166191101066,UNRANKED,,False,,,
2016-08-24,2016-08-25,2016-08-29,GE,XLI,133.9563483585686,133.99929809570312,134.50240592344025,2,stop_loss,SHORT,SHORT,0.4901845157146454,0.4943922758102417,0.4859767556190491,0.4943922758102417,0.5394355654716492,50.98154842853546,0.5073915719985962,1,True,False,True,52.5,True,0.04408577084541315,UNRANKED,,False,,,
2016-08-25,2016-08-26,2016-09-02,GE,XLI,134.2999666521792,134.38587951660156,134.38587951660156,5,time_exit,SHORT,SHORT,0.4901845157146454,0.4943922758102417,0.4859767556190491,0.4943922758102417,0.5629916787147522,50.98154842853546,0.5073915719985962,1,True,False,True,52.5,True,-0.05975067615509033,UNRANKED,,False,,,
2016-08-26,2016-08-29,2016-08-30,GE,XLI,133.91340326638482,133.35507202148438,134.4042436332933,1,stop_loss,SHORT,SHORT,0.48986923694610596,0.4852970540523529,0.494441419839859,0.4852970540523529,0.5424473285675049,51.013076305389404,0.5073915719985962,1,True,False,True,52.5,True,0.04137843847274777,UNRANKED,,False,,,
2016-08-29,2016-08-30,2016-09-01,GE,XLI,134.60057473206354,133.3980712890625,134.04838749364276,2,take_profit,SHORT,SHORT,0.48618553578853607,0.47792965173721313,0.494441419839859,0.47792965173721313,0.6168205738067627,51.38144642114639,0.5073915719985962,1,True,False,True,52.5,True,-0.024530112743377606,UNRANKED,,False,,,
2016-08-30,2016-08-31,2016-09-06,GE,XLI,134.38587177101778,133.31211853027344,133.8459613183113,3,take_profit,SHORT,SHORT,0.48882803320884705,0.4832146465778351,0.494441419839859,0.4832146465778351,0.6569902300834656,51.117196679115295,0.5073915719985962,1,True,False,True,52.5,True,0.09357303380966193,UNRANKED,,False,,,
2016-08-31,2016-09-01,2016-09-09,GE,XLI,133.78455370235062,129.31793212890625,133.17716670458276,5,take_profit,SHORT,SHORT,0.49478578567504883,0.49513015151023865,0.494441419839859,0.49513015151023865,0.6080987453460693,50.52142143249512,0.5073915719985962,2,False,True,True,52.5,True,0.006634354591369528,UNRANKED,,False,,,
2016-09-01,2016-09-02,2016-09-06,GE,XLI,134.2140866802558,130.949951171875,133.61283153586407,1,take_profit,SHORT,SHORT,0.4931224435567856,0.49180346727371216,0.494441419839859,0.49180346727371216,0.5769316554069519,50.68775564432144,0.5073915719985962,2,False,True,True,52.5,True,0.11911001801490784,UNRANKED,,False,,,
2016-09-02,2016-09-06,2016-09-07,GE,XLI,134.4717319868164,128.2012939453125,133.81525092515344,1,take_profit,SHORT,SHORT,0.4821138381958008,0.4753459692001343,0.4888817071914673,0.4753459692001343,0.6156153082847595,51.78861618041992,0.5073915719985962,1,True,False,True,52.5,True,0.16198155283927915,UNRANKED,,False,,,
2016-09-06,2016-09-07,2016-09-09,GE,XLI,133.0974372196606,127.55705261230469,132.32437682973315,2,take_profit,SHORT,SHORT,0.4834056794643402,0.47792965173721313,0.4888817071914673,0.47792965173721313,0.6403104066848755,51.65943205356598,0.5073915719985962,1,True,False,True,52.5,True,0.09869515895843507,UNRANKED,,False,,,
2016-09-07,2016-09-08,2016-09-09,GE,XLI,133.14031208687433,128.7689971923828,132.42246671508303,1,take_profit,SHORT,SHORT,0.4834056794643402,0.47792965173721313,0.4888817071914673,0.47792965173721313,0.5966046452522278,51.65943205356598,0.5073915719985962,1,True,False,True,52.5,True,0.012318938970565674,UNRANKED,,False,,,
2016-09-08,2016-09-09,2016-09-12,GE,XLI,132.36727832602674,128.46600341796875,131.72304789215397,1,take_profit,SHORT,SHORT,0.4834056794643402,0.47792965173721313,0.4888817071914673,0.47792965173721313,0.5935502052307129,51.65943205356598,0.5073915719985962,1,True,False,True,52.5,True,0.0958159267902374,UNRANKED,,False,,,
2016-09-09,2016-09-12,2016-09-14,GE,XLI,128.8454725449429,127.3839111328125,127.7410784496583,2,stop_loss,LONG,LONG,0.5061039328575134,0.48257333040237427,0.5296345353126526,0.48257333040237427,0.5607831478118896,50.61039328575134,0.5073915719985962,2,False,True,True,52.5,True,0.4167823791503906,UNRANKED,,False,,,
2016-09-12,2016-09-13,2016-09-14,GE,XLI,129.79038106990166,128.42274475097656,128.49577744964495,1,take_profit,SHORT,SHORT,0.49281145632267,0.4888966977596283,0.49672621488571167,0.4888966977596283,0.5398409962654114,50.718854367733,0.5073915719985962,2,False,True,True,52.5,True,0.5481989681720734,UNRANKED,,False,,,
2016-09-13,2016-09-14,2016-09-21,GE,XLI,128.0294931296905,129.20187377929688,129.20187377929688,5,time_exit,LONG,LONG,0.504024937748909,0.4818955361843109,0.5261543393135071,0.4818955361843109,0.5081595182418823,50.4024937748909,0.5073915719985962,2,False,True,True,52.5,True,0.5529753267765045,UNRANKED,,False,,,
2016-09-14,2016-09-15,2016-09-22,GE,XLI,127.90332926056587,130.024169921875,129.62127490439957,5,stop_loss,SHORT,SHORT,0.4994913637638092,0.49722880125045776,0.5017539262771606,0.49722880125045776,0.506712019443512,50.05086362361908,0.5073915719985962,2,False,True,True,52.5,True,0.4630690217018128,UNRANKED,,False,,,
2016-09-15,2016-09-16,2016-09-23,GE,XLI,128.2495830123549,129.37493896484375,129.37493896484375,5,time_exit,SHORT,SHORT,0.48951394855976105,0.48945027589797974,0.48957762122154236,0.48945027589797974,0.6175382733345032,51.048605144023895,0.5073915719985962,1,True,False,True,52.5,True,0.23044651746749892,UNRANKED,,False,,,
2016-09-16,2016-09-19,2016-09-26,GE,XLI,128.8988403067503,127.8600082397461,127.8600082397461,5,time_exit,SHORT,SHORT,0.4913565665483475,0.4931355118751526,0.48957762122154236,0.4931355118751526,0.5362016558647156,50.86434334516525,0.5073915719985962,1,True,False,True,52.5,True,0.07014593482017502,UNRANKED,,False,,,
2016-09-19,2016-09-20,2016-09-27,GE,XLI,128.42274475097656,129.33168029785156,129.33168029785156,5,time_exit,SHORT,SHORT,0.4973812997341156,0.4931355118751526,0.5016270875930786,0.4931355118751526,0.42563655972480774,50.26187002658844,0.5073915719985962,2,False,True,True,52.5,True,-0.07030430436134327,UNRANKED,,False,,,
2016-09-20,2016-09-21,2016-09-28,GE,XLI,128.76903280307278,129.41824340820312,129.41824340820312,5,time_exit,SHORT,SHORT,0.4973812997341156,0.4931355118751526,0.5016270875930786,0.4931355118751526,0.4465208649635315,50.26187002658844,0.5073915719985962,2,False,True,True,52.5,True,-0.2263853549957276,UNRANKED,,False,,,
2016-09-21,2016-09-22,2016-09-29,GE,XLI,129.67790288021774,127.81673431396484,127.81673431396484,5,time_exit,SHORT,SHORT,0.49705711007118225,0.4924871325492859,0.5016270875930786,0.4924871325492859,0.5088862180709839,50.294288992881775,0.5073915719985962,2,False,True,True,52.5,True,-0.12944513559341436,UNRANKED,,False,,,
2016-09-22,2016-09-23,2016-09-30,GE,XLI,129.93762642373943,128.20632934570312,128.20632934570312,5,time_exit,SHORT,SHORT,0.484495609998703,0.4897693693637848,0.4792218506336212,0.4897693693637848,0.6670569181442261,51.5504390001297,0.5073915719985962,1,True,False,True,52.5,True,0.054945170879364125,UNRANKED,,False,,,
2016-09-23,2016-09-26,2016-10-03,GE,XLI,128.9853831408931,128.2928466796875,128.2928466796875,5,time_exit,SHORT,SHORT,0.4916600286960602,0.4934007525444031,0.4899193048477173,0.4934007525444031,0.65611332654953,50.83399713039398,0.5073915719985962,1,True,False,True,52.5,True,0.30256387591362,UNRANKED,,False,,,
2016-09-26,2016-09-27,2016-10-04,GE,XLI,128.1197314542052,127.68688201904297,127.68688201904297,5,time_exit,SHORT,SHORT,0.4946470260620117,0.496705025434494,0.4925890266895294,0.496705025434494,0.6034113168716431,50.53529739379883,0.5073915719985962,2,False,True,True,52.5,True,0.15269270539283755,UNRANKED,,False,,,
2016-09-27,2016-09-28,2016-10-05,GE,XLI,129.50480330069138,127.68688201904297,127.68688201904297,5,time_exit,SHORT,SHORT,0.492862269282341,0.4931355118751526,0.4925890266895294,0.4931355118751526,0.5214233994483948,50.7137730717659,0.5073915719985962,2,False,True,True,52.5,True,0.14345404505729667,UNRANKED,,False,,,
2016-09-28,2016-09-29,2016-10-06,GE,XLI,129.0286829981258,126.69134521484375,126.69134521484375,5,time_exit,SHORT,SHORT,0.49273744225502014,0.49288585782051086,0.4925890266895294,0.49288585782051086,0.5547745823860168,50.726255774497986,0.5073915719985962,2,False,True,True,52.5,True,0.23348951339721685,UNRANKED,,False,,,
2016-09-29,2016-09-30,2016-10-07,GE,XLI,128.1197556485672,125.86897277832031,125.8931680805566,5,take_profit,SHORT,SHORT,0.49693718552589417,0.49572452902793884,0.4981498420238495,0.49572452902793884,0.4424978494644165,50.30628144741058,0.5073915719985962,2,False,True,True,52.5,True,0.4141944646835327,UNRANKED,,False,,,
2016-09-30,2016-10-03,2016-10-10,GE,XLI,127.51373887267779,124.91673278808594,125.46464044912868,5,take_profit,SHORT,SHORT,0.4927038550376892,0.49572452902793884,0.4896831810474396,0.49572452902793884,0.5785395503044128,50.72961449623108,0.5073915719985962,2,False,True,True,52.5,True,0.14297002553939828,UNRANKED,,False,,,
2016-10-03,2016-10-04,2016-10-06,GE,XLI,128.59583660188468,125.17642211914062,126.92704387727531,2,take_profit,SHORT,SHORT,0.49085064232349396,0.49572452902793884,0.4859767556190491,0.49572452902793884,0.47446179389953613,50.914935767650604,0.5073915719985962,1,True,False,True,52.5,True,0.002189844846725488,UNRANKED,,False,,,
2016-10-04,2016-10-05,2016-10-07,GE,XLI,127.77344190343301,125.08985900878906,126.11011727487553,2,take_profit,SHORT,SHORT,0.4950829744338989,0.49572452902793884,0.494441419839859,0.49572452902793884,0.4235519766807556,50.49170255661011,0.5073915719985962,2,False,True,True,52.5,True,-0.10421049594879148,UNRANKED,,False,,,
2016-10-05,2016-10-06,2016-10-10,GE,XLI,127.25403265967262,124.52719116210938,125.7638429711263,2,take_profit,SHORT,SHORT,0.4950829744338989,0.49572452902793884,0.494441419839859,0.49572452902793884,0.433718204498291,50.49170255661011,0.5073915719985962,2,False,True,True,52.5,True,-0.05574688315391546,UNRANKED,,False,,,
2016-10-06,2016-10-07,2016-10-14,GE,XLI,125.78241288450455,125.04657745361328,125.04657745361328,5,time_exit,SHORT,SHORT,0.4950829744338989,0.49572452902793884,0.494441419839859,0.49572452902793884,0.46284446120262146,50.49170255661011,0.5073915719985962,2,False,True,True,52.5,True,0.058739006519317565,UNRANKED,,False,,,
2016-10-07,2016-10-10,2016-10-17,GE,XLI,125.52270717712643,124.87348175048828,124.87348175048828,5,time_exit,SHORT,SHORT,0.4835250526666641,0.48662832379341125,0.480421781539917,0.48662832379341125,0.5426121354103088,51.64749473333359,0.5073915719985962,1,True,False,True,52.5,True,0.02210271358489991,UNRANKED,,False,,,
2016-10-10,2016-10-11,2016-10-18,GE,XLI,124.44060110248826,125.4361343383789,125.4361343383789,5,time_exit,SHORT,SHORT,0.49230311810970306,0.49572452902793884,0.4888817071914673,0.49572452902793884,0.49973228573799133,50.769688189029694,0.5073915719985962,1,True,False,True,52.5,True,0.1307843327522277,UNRANKED,,False,,,
2016-10-11,2016-10-12,2016-10-19,GE,XLI,125.17643267980563,125.78242492675781,125.78242492675781,5,time_exit,SHORT,SHORT,0.4955046474933624,0.4871174097061157,0.5038918852806091,0.4871174097061157,0.4804780185222626,50.44953525066376,0.5073915719985962,2,False,True,True,52.5,True,0.1692897677421569,UNRANKED,,False,,,
2016-10-12,2016-10-13,2016-10-20,GE,XLI,124.57047800445557,125.82564544677734,125.82564544677734,5,time_exit,SHORT,SHORT,0.49763472378253937,0.481194406747818,0.5140750408172607,0.481194406747818,0.5371717810630798,50.23652762174606,0.5073915719985962,2,False,True,True,52.5,True,0.3989624381065369,UNRANKED,,False,,,
2016-10-13,2016-10-14,2016-10-21,GE,XLI,125.34955771911912,125.4361343383789,125.4361343383789,5,time_exit,SHORT,SHORT,0.4937988668680191,0.5028902292251587,0.4847075045108795,0.5028902292251587,0.6513554453849792,50.62011331319809,0.5073915719985962,2,False,True,True,52.5,True,0.09207728505134585,UNRANKED,,False,,,
2016-10-14,2016-10-17,2016-10-24,GE,XLI,125.08988841645025,125.17642211914062,125.17642211914062,5,time_exit,SHORT,SHORT,0.4976319819688797,0.4908120334148407,0.5044519305229187,0.4908120334148407,0.5125375390052795,50.23680180311203,0.5073915719985962,2,False,True,True,52.5,True,0.30746677517890925,UNRANKED,,False,,,
2016-10-17,2016-10-18,2016-10-25,GE,XLI,125.6525409438502,124.00777435302734,124.63229798033178,5,take_profit,SHORT,SHORT,0.496939480304718,0.4931355118751526,0.5007434487342834,0.4931355118751526,0.42955413460731506,50.3060519695282,0.5073915719985962,2,False,True,True,52.5,True,0.2008319199085236,UNRANKED,,False,,,
2016-10-18,2016-10-19,2016-10-25,GE,XLI,125.7824249267578,124.96002960205078,124.69416918073381,4,stop_loss,LONG,LONG,0.5053979754447937,0.4931355118751526,0.5176604390144348,0.4931355118751526,0.4136544466018677,50.53979754447937,0.5073915719985962,2,False,True,True,52.5,True,0.060573190450668224,UNRANKED,,False,,,
2016-10-19,2016-10-20,2016-10-25,GE,XLI,125.9554921221053,123.92122650146484,125.04655330548978,3,stop_loss,LONG,LONG,0.5069252550601959,0.4924871325492859,0.521363377571106,0.4924871325492859,0.4203527271747589,50.69252550601959,0.5073915719985962,2,False,True,True,52.5,True,0.3258748352527619,UNRANKED,,False,,,
2016-10-20,2016-10-21,2016-10-24,GE,XLI,123.09881069951116,126.4749755859375,123.958267443024,1,take_profit,LONG,LONG,0.5072494447231293,0.4931355118751526,0.521363377571106,0.4931355118751526,0.3995167911052704,50.72494447231293,0.5073915719985962,2,False,True,True,52.5,True,0.15157133340835574,UNRANKED,,False,,,
2016-10-21,2016-10-24,2016-10-25,GE,XLI,125.52268921153863,125.95559692382812,124.6199476431095,1,take_profit,SHORT,SHORT,0.4973812997341156,0.4931355118751526,0.5016270875930786,0.4931355118751526,0.44951653480529785,50.26187002658844,0.5073915719985962,2,False,True,True,52.5,True,-0.03446382284164429,UNRANKED,,False,,,
2016-10-24,2016-10-25,2016-10-27,GE,XLI,125.26299615005375,125.0033187866211,124.40971921611123,2,take_profit,SHORT,SHORT,0.4955269992351532,0.4931355118751526,0.4979184865951538,0.4931355118751526,0.4033384919166565,50.44730007648468,0.5073915719985962,2,False,True,True,52.5,True,0.18795409798622129,UNRANKED,,False,,,
2016-10-25,2016-10-26,2016-10-28,GE,XLI,123.74808072721648,123.3152084350586,124.76830734203233,2,take_profit,LONG,LONG,0.5015679150819778,0.49173155426979065,0.511404275894165,0.49173155426979065,0.3486310839653015,50.156791508197784,0.5073915719985962,2,False,True,True,52.5,True,0.21231335401535037,UNRANKED,,False,,,
2016-10-26,2016-10-27,2016-10-28,GE,XLI,125.04660167882852,122.40631103515625,126.06064521433355,1,take_profit,LONG,LONG,0.5022698938846588,0.4931355118751526,0.511404275894165,0.4931355118751526,0.3836750388145447,50.22698938846588,0.5073915719985962,2,False,True,True,52.5,True,0.3130820691585541,UNRANKED,,False,,,
2016-10-27,2016-10-28,2016-11-02,GE,XLI,125.00333302925628,123.09881591796875,123.95837082745662,3,take_profit,SHORT,SHORT,0.4912644177675247,0.4880467355251312,0.4944821000099182,0.4880467355251312,0.5770609974861145,50.87355822324753,0.5073915719985962,1,True,False,True,52.5,True,0.35926604270935064,UNRANKED,,False,,,
2016-10-28,2016-10-31,2016-11-01,GE,XLI,127.6003733776713,126.86449432373047,126.32662416240903,1,take_profit,SHORT,SHORT,0.4997200071811676,0.48803573846817017,0.511404275894165,0.48803573846817017,0.39919784665107727,50.02799928188324,0.5073915719985962,2,False,True,True,52.5,True,0.2676192224025727,UNRANKED,,False,,,
2016-10-31,2016-11-01,2016-11-02,GE,XLI,125.52271955075885,127.3406753540039,124.21187185963161,1,stop_loss,LONG,LONG,0.5139470994472504,0.500626802444458,0.5272673964500427,0.500626802444458,0.4728856682777405,51.39470994472504,0.5073915719985962,1,True,True,False,52.5,True,0.42221248149871826,UNRANKED,,False,,,
2016-11-01,2016-11-02,2016-11-03,GE,XLI,124.91669695249253,128.2495880126953,123.48217568610023,1,take_profit,SHORT,SHORT,0.4969653785228729,0.4931355118751526,0.5007952451705933,0.4931355118751526,0.4756542444229126,50.30346214771271,0.5073915719985962,2,False,True,True,52.5,True,0.49761393666267395,UNRANKED,,False,,,
2016-11-02,2016-11-03,2016-11-07,GE,XLI,123.79137985098482,131.62570190429688,125.38667861807467,2,take_profit,LONG,LONG,0.5036052763462067,0.4931355118751526,0.5140750408172607,0.4931355118751526,0.4617024064064026,50.36052763462067,0.5073915719985962,2,False,True,True,52.5,True,0.29748311638832087,UNRANKED,,False,,,
2016-11-03,2016-11-04,2016-11-07,GE,XLI,122.14657444486521,132.92420959472656,123.79751765601198,1,stop_loss,SHORT,SHORT,0.4999147057533264,0.4953256845474243,0.5045037269592285,0.4953256845474243,0.49275603890419006,50.00852942466736,0.5073915719985962,2,False,True,True,52.5,True,0.2006231248378754,UNRANKED,,False,,,
2016-11-04,2016-11-07,2016-11-08,GE,XLI,124.87345149813135,132.05853271484375,126.59859602066204,1,take_profit,LONG,LONG,0.5072752833366394,0.4931355118751526,0.5214150547981262,0.4931355118751526,0.4918900430202484,50.72752833366394,0.5073915719985962,2,False,True,True,52.5,True,0.30856508016586304,UNRANKED,,False,,,
2016-11-07,2016-11-08,2016-11-10,GE,XLI,127.1242548684773,133.09739685058594,129.30697450784672,2,take_profit,LONG,LONG,0.511303722858429,0.4880959391593933,0.5345115065574646,0.4880959391593933,0.5229343771934509,51.130372285842896,0.5073915719985962,1,True,True,False,52.5,True,0.7265777289867401,UNRANKED,,False,,,
2016-11-08,2016-11-09,2016-11-10,GE,XLI,126.90779247055636,133.0540771484375,129.10906788733928,1,stop_loss,SHORT,SHORT,0.4871217757463455,0.49121901392936707,0.483024537563324,0.49121901392936707,0.5744526386260986,51.28782242536545,0.5073915719985962,1,True,False,True,52.5,True,-0.1481302380561829,UNRANKED,,False,,,
2016-11-09,2016-11-10,2016-11-11,GE,XLI,129.201818284764,133.2705078125,131.52676400707148,1,stop_loss,SHORT,SHORT,0.48692429065704346,0.506854236125946,0.46699434518814087,0.506854236125946,0.5679794549942017,51.307570934295654,0.5073915719985962,1,True,False,True,52.5,True,0.3863422870635987,UNRANKED,,False,,,
2016-11-10,2016-11-11,2016-11-18,GE,XLI,131.9719681312208,132.75103759765625,132.75103759765625,5,time_exit,SHORT,SHORT,0.48443369567394257,0.49329501390457153,0.4755723774433136,0.49329501390457153,0.545881986618042,51.55663043260574,0.5073915719985962,1,True,False,True,52.5,True,0.28374138474464417,UNRANKED,,False,,,
2016-11-11,2016-11-14,2016-11-21,GE,XLI,133.05404716360914,133.6167755126953,133.6167755126953,5,time_exit,SHORT,SHORT,0.4957374185323715,0.4951842725276947,0.49629056453704834,0.4951842725276947,0.4996657371520996,50.42625814676285,0.5073915719985962,2,False,True,True,52.5,True,0.39168080687522894,UNRANKED,,False,,,
2016-11-14,2016-11-15,2016-11-22,GE,XLI,131.92873452190068,134.9585418701172,134.7854555825173,5,take_profit,LONG,LONG,0.5126494467258453,0.5061939358711243,0.5191049575805664,0.5061939358711243,0.4449023902416229,51.264944672584534,0.5073915719985962,1,True,True,False,52.5,True,0.3109760284423827,UNRANKED,,False,,,
2016-11-15,2016-11-16,2016-11-23,GE,XLI,132.66452313505266,135.65113830566406,135.53361689377198,5,take_profit,LONG,LONG,0.5099589228630066,0.5008128881454468,0.5191049575805664,0.5008128881454468,0.5024961829185486,50.99589228630066,0.5073915719985962,1,True,True,False,52.5,True,0.24565470218658433,UNRANKED,,False,,,
2016-11-16,2016-11-17,2016-11-23,GE,XLI,132.88095376919358,136.08392333984375,135.6078356138504,4,stop_loss,SHORT,SHORT,0.4989950954914093,0.49902912974357605,0.49896106123924255,0.49902912974357605,0.5324840545654297,50.10049045085907,0.5073915719985962,2,False,True,True,52.5,True,0.38814675807952875,UNRANKED,,False,,,
2016-11-17,2016-11-18,2016-11-23,GE,XLI,133.09730461480916,135.26156616210938,135.4902838279788,3,stop_loss,SHORT,SHORT,0.4954998940229416,0.4920387268066406,0.49896106123924255,0.4920387268066406,0.4884285032749176,50.45001059770584,0.5073915719985962,2,False,True,True,52.5,True,0.3285443782806397,UNRANKED,,False,,,
2016-11-18,2016-11-21,2016-11-23,GE,XLI,132.8376812043861,134.39585876464844,135.2306734965178,2,stop_loss,SHORT,SHORT,0.49364565312862396,0.4920387268066406,0.4952525794506073,0.4920387268066406,0.538615345954895,50.635434687137604,0.5073915719985962,2,False,True,True,52.5,True,0.23107671737670893,UNRANKED,,False,,,
2016-11-21,2016-11-22,2016-11-30,GE,XLI,133.87645366184321,133.1406707763672,133.1406707763672,5,time_exit,SHORT,SHORT,0.48775437474250793,0.49183037877082825,0.4836783707141876,0.49183037877082825,0.654143750667572,51.22456252574921,0.5073915719985962,1,True,False,True,52.5,True,-0.035995662212371785,UNRANKED,,False,,,
2016-11-22,2016-11-23,2016-12-01,GE,XLI,135.2182973554076,135.86749267578125,135.86749267578125,5,time_exit,SHORT,SHORT,0.48515334725379944,0.48662832379341125,0.4836783707141876,0.48662832379341125,0.6208748817443848,51.484665274620056,0.5073915719985962,1,True,False,True,52.5,True,0.2681038677692414,UNRANKED,,False,,,
2016-11-23,2016-11-25,2016-11-30,GE,XLI,136.12721017771324,135.65113830566406,133.8269586256764,3,stop_loss,LONG,LONG,0.500556156039238,0.5058597326278687,0.4952525794506073,0.5058597326278687,0.5124748349189758,50.0556156039238,0.5073915719985962,2,False,True,True,52.5,True,0.30017623305320745,UNRANKED,,False,,,
2016-11-25,2016-11-28,2016-11-30,GE,XLI,135.60783336362775,134.65554809570312,133.3446846471099,2,take_profit,SHORT,SHORT,0.49585749208927155,0.4964624047279358,0.4952525794506073,0.4964624047279358,0.5984945297241211,50.414250791072845,0.5073915719985962,2,False,True,True,52.5,True,0.30500969290733343,UNRANKED,,False,,,
2016-11-28,2016-11-29,2016-11-30,GE,XLI,135.39138711521437,134.91526794433594,133.54871285984328,1,take_profit,SHORT,SHORT,0.49585749208927155,0.4964624047279358,0.4952525794506073,0.4964624047279358,0.6468209624290466,50.414250791072845,0.5073915719985962,2,False,True,True,52.5,True,0.3369538187980652,UNRANKED,,False,,,
2016-11-29,2016-11-30,2016-12-07,GE,XLI,134.95858059033208,136.77647399902344,136.77647399902344,5,time_exit,SHORT,SHORT,0.49192312359809875,0.4964624047279358,0.4873838424682617,0.4964624047279358,0.6269021034240723,50.807687640190125,0.5073915719985962,1,True,False,True,52.5,True,0.20509809255599976,UNRANKED,,False,,,
2016-11-30,2016-12-01,2016-12-02,GE,XLI,132.62121469076797,136.47352600097656,134.5690034742501,1,stop_loss,SHORT,SHORT,0.4989950954914093,0.49902912974357605,0.49896106123924255,0.49902912974357605,0.5804135799407959,50.10049045085907,0.5073915719985962,2,False,True,True,52.5,True,0.18829542398452756,UNRANKED,,False,,,
2016-12-01,2016-12-02,2016-12-09,GE,XLI,135.73769822697585,137.5555877685547,137.5555877685547,5,time_exit,SHORT,SHORT,0.4961809068918228,0.4934007525444031,0.49896106123924255,0.4934007525444031,0.4812968671321869,50.38190931081772,0.5073915719985962,2,False,True,True,52.5,True,0.2608823776245117,UNRANKED,,False,,,
2016-12-02,2016-12-05,2016-12-12,GE,XLI,136.04063023480913,137.90187072753906,137.74106968793413,5,stop_loss,SHORT,SHORT,0.4973427951335907,0.49572452902793884,0.49896106123924255,0.49572452902793884,0.5322163701057434,50.26572048664093,0.5073915719985962,2,False,True,True,52.5,True,0.2759794592857361,UNRANKED,,False,,,
2016-12-05,2016-12-06,2016-12-07,GE,XLI,135.00182783420058,137.38246154785156,136.7208263344796,1,stop_loss,SHORT,SHORT,0.4945623129606247,0.49572452902793884,0.49340009689331055,0.49572452902793884,0.5544924736022949,50.54376870393753,0.5073915719985962,2,False,True,True,52.5,True,0.21765661239624023,UNRANKED,,False,,,
2016-12-06,2016-12-07,2016-12-08,GE,XLI,134.22272967220232,136.34364318847656,135.83042184575143,1,stop_loss,SHORT,SHORT,0.4965837597846985,0.4979149401187897,0.4952525794506073,0.4979149401187897,0.5209396481513977,50.34162402153015,0.5073915719985962,2,False,True,True,52.5,True,0.4429117739200593,UNRANKED,,False,,,
2016-12-07,2016-12-08,2016-12-15,GE,XLI,136.77652019291878,135.30482482910156,135.30482482910156,5,time_exit,SHORT,SHORT,0.4959234595298767,0.49288585782051086,0.49896106123924255,0.49288585782051086,0.5251450538635254,50.40765404701233,0.5073915719985962,2,False,True,True,52.5,True,0.2913124561309815,UNRANKED,,False,,,
2016-12-08,2016-12-09,2016-12-16,GE,XLI,136.12721850013244,137.42572021484375,137.42572021484375,5,time_exit,SHORT,SHORT,0.49476175010204315,0.49056243896484375,0.49896106123924255,0.49056243896484375,0.5888641476631165,50.523824989795685,0.5073915719985962,2,False,True,True,52.5,True,0.2840381562709808,UNRANKED,,False,,,
2016-12-09,2016-12-12,2016-12-19,GE,XLI,137.07947578844337,138.1614990234375,138.1614990234375,5,time_exit,SHORT,SHORT,0.4973427951335907,0.49572452902793884,0.49896106123924255,0.49572452902793884,0.5283167362213135,50.26572048664093,0.5073915719985962,2,False,True,True,52.5,True,0.2656412124633789,UNRANKED,,False,,,
2016-12-12,2016-12-13,2016-12-15,GE,XLI,138.07499590829204,139.5898895263672,136.18908369428533,2,take_profit,SHORT,SHORT,0.4927946925163269,0.48662832379341125,0.49896106123924255,0.48662832379341125,0.5539843440055847,50.72053074836731,0.5073915719985962,2,False,True,True,52.5,True,0.200373113155365,UNRANKED,,False,,,
2016-12-13,2016-12-14,2016-12-20,GE,XLI,136.8197708865945,139.07049560546875,138.588203503782,4,stop_loss,SHORT,SHORT,0.48775437474250793,0.49183037877082825,0.4836783707141876,0.49183037877082825,0.5972707271575928,51.22456252574921,0.5073915719985962,1,True,False,True,52.5,True,-0.005437493324279841,UNRANKED,,False,,,
2016-12-14,2016-12-15,2016-12-19,GE,XLI,136.30033938083395,138.76522827148438,138.11823227285404,2,stop_loss,SHORT,SHORT,0.49708276987075806,0.48798972368240356,0.5061758160591125,0.48798972368240356,0.48806264996528625,50.291723012924194,0.5073915719985962,2,False,True,True,52.5,True,0.21196228265762318,UNRANKED,,False,,,
2016-12-15,2016-12-16,2016-12-20,GE,XLI,136.43020562129288,139.02684020996094,138.3346747026266,2,stop_loss,SHORT,SHORT,0.48494473099708557,0.4880616366863251,0.48182782530784607,0.4880616366863251,0.6183841228485107,51.50552690029144,0.5073915719985962,1,True,False,True,52.5,True,0.056669712066650425,UNRANKED,,False,,,
2016-12-16,2016-12-19,2016-12-20,GE,XLI,137.46896494765318,139.1141357421875,139.5589394872737,1,stop_loss,SHORT,SHORT,0.481463298201561,0.4945523142814636,0.4683742821216583,0.4945523142814636,0.6748533248901367,51.8536701798439,0.5073915719985962,1,True,False,True,52.5,True,0.16477906703948972,UNRANKED,,False,,,
2016-12-19,2016-12-20,2016-12-28,GE,XLI,138.16152054602279,138.24188232421875,138.24188232421875,5,time_exit,SHORT,SHORT,0.49235081672668457,0.49445003271102905,0.4902516007423401,0.49445003271102905,0.6344907283782959,50.76491832733154,0.5073915719985962,1,True,False,True,52.5,True,0.0862025916576385,UNRANKED,,False,,,
2016-12-20,2016-12-21,2016-12-29,GE,XLI,139.37347588014953,138.28553771972656,138.28553771972656,5,time_exit,SHORT,SHORT,0.49012860655784607,0.4937122166156769,0.48654499650001526,0.4937122166156769,0.5956512689590454,50.98713934421539,0.5073915719985962,1,True,False,True,52.5,True,0.07921350002288831,UNRANKED,,False,,,
2016-12-21,2016-12-22,2016-12-30,GE,XLI,139.15771394555213,137.80587768554688,137.80587768554688,5,time_exit,SHORT,SHORT,0.4912237077951431,0.495902419090271,0.48654499650001526,0.495902419090271,0.5645937919616699,50.87762922048569,0.5073915719985962,1,True,False,True,52.5,True,-0.02023580670356762,UNRANKED,,False,,,
2016-12-22,2016-12-23,2017-01-03,GE,XLI,138.98324150128468,138.19833374023438,138.19833374023438,5,time_exit,SHORT,SHORT,0.49474574625492096,0.5122133493423462,0.4772781431674957,0.5122133493423462,0.5602954030036926,50.525425374507904,0.5073915719985962,2,False,True,True,52.5,True,0.03297528624534611,UNRANKED,,False,,,
2016-12-23,2016-12-27,2017-01-04,GE,XLI,139.07052312651888,138.24188232421875,138.24188232421875,5,time_exit,SHORT,SHORT,0.49474574625492096,0.5122133493423462,0.4772781431674957,0.5122133493423462,0.5546048283576965,50.525425374507904,0.5073915719985962,2,False,True,True,52.5,True,-0.28377506136894226,UNRANKED,,False,,,
2016-12-27,2016-12-28,2017-01-05,GE,XLI,138.85241703857577,137.45693969726562,137.45693969726562,5,time_exit,SHORT,SHORT,0.4963967651128769,0.5155153870582581,0.4772781431674957,0.5155153870582581,0.41201239824295044,50.36032348871231,0.5073915719985962,2,False,True,True,52.5,True,-0.18385961651802063,UNRANKED,,False,,,
2016-12-28,2016-12-29,2017-01-06,GE,XLI,138.4163755536146,137.8494415283203,137.8494415283203,5,time_exit,LONG,LONG,0.5024780333042145,0.5155153870582581,0.4894406795501709,0.5155153870582581,0.4729907810688019,50.24780333042145,0.5073915719985962,2,False,True,True,52.5,True,0.2900985777378082,UNRANKED,,False,,,
2016-12-29,2016-12-30,2017-01-09,GE,XLI,137.93670166964912,137.1953125,137.1953125,5,time_exit,SHORT,SHORT,0.4902821034193039,0.4911235272884369,0.4894406795501709,0.4911235272884369,0.6750032901763916,50.97178965806961,0.5073915719985962,1,True,False,True,52.5,True,0.25392973423004156,UNRANKED,,False,,,
2016-12-30,2017-01-03,2017-01-10,GE,XLI,138.11110851299816,136.80282592773438,136.80282592773438,5,time_exit,SHORT,SHORT,0.4988296777009964,0.4932074248790741,0.5044519305229187,0.4932074248790741,0.5756730437278748,50.11703222990036,0.5073915719985962,2,False,True,True,52.5,True,0.26666238903999334,UNRANKED,,False,,,
2017-01-03,2017-01-04,2017-01-10,GE,XLI,138.45993142827058,137.23895263671875,137.0536879677516,4,take_profit,SHORT,SHORT,0.49741725623607635,0.4932074248790741,0.5016270875930786,0.4932074248790741,0.47858527302742004,50.258274376392365,0.5073915719985962,2,False,True,True,52.5,True,0.17912805080413824,UNRANKED,,False,,,
2017-01-04,2017-01-05,2017-01-12,GE,XLI,137.67497493970814,136.8900604248047,136.8900604248047,5,time_exit,SHORT,SHORT,0.4914431571960449,0.4902972877025604,0.4925890266895294,0.4902972877025604,0.6756945252418518,50.85568428039551,0.5073915719985962,1,True,False,True,52.5,True,0.07427912950515757,UNRANKED,,False,,,
2017-01-05,2017-01-06,2017-01-13,GE,XLI,137.7186037055687,136.75917053222656,136.75917053222656,5,time_exit,SHORT,SHORT,0.49315062165260315,0.4937122166156769,0.4925890266895294,0.4937122166156769,0.5285638570785522,50.684937834739685,0.5073915719985962,2,False,True,True,52.5,True,0.08328184485435486,UNRANKED,,False,,,
2017-01-06,2017-01-09,2017-01-13,GE,XLI,137.98028400218735,136.36672973632812,136.77061952116057,4,take_profit,SHORT,SHORT,0.4889189600944519,0.4937122166156769,0.48412570357322693,0.4937122166156769,0.6057676076889038,51.10810399055481,0.5073915719985962,1,True,False,True,52.5,True,-0.04640892148017879,UNRANKED,,False,,,
2017-01-09,2017-01-10,2017-01-18,GE,XLI,137.19531167647213,136.1922607421875,136.19518524650562,5,take_profit,SHORT,SHORT,0.49399134516716003,0.4991009831428528,0.4888817071914673,0.4991009831428528,0.5265886187553406,50.600865483284,0.5073915719985962,2,False,True,True,52.5,True,-0.011918425559997526,UNRANKED,,False,,,
2017-01-10,2017-01-11,2017-01-19,GE,XLI,136.23593175110733,136.10504150390625,136.10504150390625,5,time_exit,SHORT,SHORT,0.4923390746116638,0.49579644203186035,0.4888817071914673,0.49579644203186035,0.5426503419876099,50.76609253883362,0.5073915719985962,1,True,False,True,52.5,True,0.10028970241546635,UNRANKED,,False,,,
2017-01-11,2017-01-12,2017-01-18,GE,XLI,137.15170835171944,133.13963317871094,136.3423756403634,3,take_profit,SHORT,SHORT,0.48775501549243927,0.48662832379341125,0.4888817071914673,0.48662832379341125,0.5436200499534607,51.22449845075607,0.5073915719985962,1,True,False,True,52.5,True,-0.007696092128753719,UNRANKED,,False,,,
2017-01-12,2017-01-13,2017-01-20,GE,XLI,136.75917053222656,129.73806762695312,135.9741952078683,4,take_profit,SHORT,SHORT,0.49230311810970306,0.49572452902793884,0.4888817071914673,0.49572452902793884,0.5350061655044556,50.769688189029694,0.5073915719985962,1,True,False,True,52.5,True,0.07729765772819518,UNRANKED,,False,,,
2017-01-13,2017-01-17,2017-01-20,GE,XLI,135.9306452524137,130.82830810546875,135.1705809911135,3,take_profit,SHORT,SHORT,0.4880731552839279,0.49572452902793884,0.480421781539917,0.49572452902793884,0.615096390247345,51.19268447160721,0.5073915719985962,1,True,False,True,52.5,True,-0.003152877092361516,UNRANKED,,False,,,
2017-01-17,2017-01-18,2017-01-20,GE,XLI,136.1050494201454,132.44189453125,135.32629532207062,2,take_profit,SHORT,SHORT,0.49230311810970306,0.49572452902793884,0.4888817071914673,0.49572452902793884,0.5575866103172302,50.769688189029694,0.5073915719985962,1,True,False,True,52.5,True,0.07105135917663571,UNRANKED,,False,,,
2017-01-18,2017-01-19,2017-01-20,GE,XLI,136.27947802278695,132.22381591796875,135.48827057301017,1,take_profit,SHORT,SHORT,0.4880731552839279,0.49572452902793884,0.480421781539917,0.49572452902793884,0.5909071564674377,51.19268447160721,0.5073915719985962,1,True,False,True,52.5,True,0.05332857370376584,UNRANKED,,False,,,
2017-01-19,2017-01-20,2017-01-23,GE,XLI,134.1426538793263,130.87185668945312,133.4635941695049,1,take_profit,SHORT,SHORT,0.49230311810970306,0.49572452902793884,0.4888817071914673,0.49572452902793884,0.5077623128890991,50.769688189029694,0.5073915719985962,1,True,False,True,52.5,True,-0.10317519307136529,UNRANKED,,False,,,
2017-01-20,2017-01-23,2017-01-24,GE,XLI,133.00877684770984,130.65386962890625,131.91232386221876,1,take_profit,SHORT,SHORT,0.49213993549346924,0.4953981637954712,0.4888817071914673,0.4953981637954712,0.5493594408035278,50.786006450653076,0.5073915719985962,1,True,False,True,52.5,True,0.0927025079727172,UNRANKED,,False,,,
2017-01-23,2017-01-24,2017-01-25,GE,XLI,130.21777327027107,129.52003479003906,131.73164132970186,1,stop_loss,SHORT,SHORT,0.4919522553682327,0.49502280354499817,0.4888817071914673,0.49502280354499817,0.4554089903831482,50.80477446317673,0.5073915719985962,1,True,False,True,52.5,True,-0.30151271820068354,UNRANKED,,False,,,
2017-01-24,2017-01-25,2017-01-27,GE,XLI,132.65994372960802,129.47640991210938,131.0463921810589,2,take_profit,SHORT,SHORT,0.4864906519651413,0.4925595223903656,0.480421781539917,0.4925595223903656,0.5364172458648682,51.35093480348587,0.5073915719985962,1,True,False,True,52.5,True,-0.13224405050277716,UNRANKED,,False,,,
2017-01-25,2017-01-26,2017-01-27,GE,XLI,132.74712554664308,129.4327850341797,130.90928287783728,1,take_profit,SHORT,SHORT,0.4885057806968689,0.49288585782051086,0.48412570357322693,0.49288585782051086,0.5482103824615479,51.14942193031311,0.5073915719985962,1,True,False,True,52.5,True,0.12816390395164484,UNRANKED,,False,,,
2017-01-26,2017-01-27,2017-01-30,GE,XLI,132.57262254374083,129.52003479003906,130.81576044831672,1,take_profit,SHORT,SHORT,0.49459826946258545,0.49579644203186035,0.49340009689331055,0.49579644203186035,0.5520039796829224,50.540173053741455,0.5073915719985962,2,False,True,True,52.5,True,0.09200930595397952,UNRANKED,,False,,,
2017-01-27,2017-01-30,2017-02-06,GE,XLI,130.65386962890625,129.34561157226562,129.34561157226562,5,time_exit,SHORT,SHORT,0.49459826946258545,0.49579644203186035,0.49340009689331055,0.49579644203186035,0.5291518568992615,50.540173053741455,0.5073915719985962,2,False,True,True,52.5,True,0.11949026584625236,UNRANKED,,False,,,
2017-01-30,2017-01-31,2017-02-07,GE,XLI,130.17418227047003,128.9095001220703,128.9095001220703,5,time_exit,SHORT,SHORT,0.4943920820951462,0.4991009831428528,0.4896831810474396,0.4991009831428528,0.5470735430717468,50.56079179048538,0.5073915719985962,2,False,True,True,52.5,True,0.16053223609924314,UNRANKED,,False,,,
2017-01-31,2017-02-01,2017-02-08,GE,XLI,129.65084644670625,128.34259033203125,128.34259033203125,5,time_exit,SHORT,SHORT,0.48996107280254364,0.49579644203186035,0.48412570357322693,0.49579644203186035,0.5193628072738647,51.003892719745636,0.5073915719985962,1,True,False,True,52.5,True,0.09328660368919375,UNRANKED,,False,,,
2017-02-01,2017-02-02,2017-02-09,GE,XLI,128.9966868433503,129.04029846191406,129.04029846191406,5,time_exit,SHORT,SHORT,0.4914868324995041,0.49038463830947876,0.4925890266895294,0.49038463830947876,0.4940452575683594,50.85131675004959,0.5073915719985962,1,True,False,True,52.5,True,0.14651632308959953,UNRANKED,,False,,,
2017-02-02,2017-02-03,2017-02-10,GE,XLI,129.91252050130885,129.60731506347656,129.60731506347656,5,time_exit,SHORT,SHORT,0.4923390746116638,0.49579644203186035,0.4888817071914673,0.49579644203186035,0.47660085558891296,50.76609253883362,0.5073915719985962,1,True,False,True,52.5,True,0.13834840059280393,UNRANKED,,False,,,
2017-02-03,2017-02-06,2017-02-13,GE,XLI,129.43283679929212,131.00274658203125,131.00274658203125,5,time_exit,SHORT,SHORT,0.4908837825059891,0.49288585782051086,0.4888817071914673,0.49288585782051086,0.5822477340698242,50.91162174940109,0.5073915719985962,1,True,False,True,52.5,True,0.15817537903785708,UNRANKED,,False,,,
2017-02-06,2017-02-07,2017-02-14,GE,XLI,129.73808415493508,132.04940795898438,131.5385515098458,5,stop_loss,SHORT,SHORT,0.48810911178588867,0.49579644203186035,0.480421781539917,0.49579644203186035,0.6016986966133118,51.18908882141113,0.5073915719985962,1,True,False,True,52.5,True,0.10146689414978032,UNRANKED,,False,,,
2017-02-07,2017-02-08,2017-02-13,GE,XLI,128.6914634687401,132.3546142578125,130.5293083173729,3,stop_loss,SHORT,SHORT,0.46813930571079254,0.4889823794364929,0.44729623198509216,0.4789102765960948,0.4846021831035614,53.186069428920746,0.5225616097450256,1,True,False,True,56.0,False,-0.05195085704326621,UNRANKED,,False,,,
2017-02-08,2017-02-09,2017-02-13,GE,XLI,128.73502417667007,132.79074096679688,130.64139624698257,2,stop_loss,SHORT,SHORT,0.46979330480098724,0.4979690909385681,0.44161751866340637,0.4836422624432983,0.5562108755111694,53.020669519901276,0.5225616097450256,1,True,False,True,56.0,False,-0.002621248364448542,UNRANKED,,False,,,
2017-02-09,2017-02-10,2017-02-14,GE,XLI,129.69452643361385,132.44189453125,131.27694133316743,2,stop_loss,SHORT,SHORT,0.4856988489627838,0.4896264970302582,0.48177120089530945,0.47924932331043335,0.582660973072052,51.43011510372162,0.5225616097450256,2,False,True,True,56.0,False,-0.041411206126213046,UNRANKED,,False,,,
2017-02-10,2017-02-13,2017-02-14,GE,XLI,130.30500040860534,133.09605407714844,131.4824797438453,1,stop_loss,SHORT,SHORT,0.4813411831855774,0.49000367522239685,0.47267869114875793,0.4794478689753758,0.5906758904457092,51.86588168144226,0.5225616097450256,2,False,True,True,56.0,False,0.034093648195266744,UNRANKED,,False,,,
2017-02-13,2017-02-14,2017-02-16,GE,XLI,131.39526036783477,132.26744079589844,132.6163384230803,2,stop_loss,SHORT,SHORT,0.4855242818593979,0.49823325872421265,0.47281530499458313,0.48378140951555154,0.5753780603408813,51.44757181406021,0.5225616097450256,2,False,True,True,56.0,False,0.12061871588230143,UNRANKED,,False,,,
2017-02-14,2017-02-15,2017-02-23,GE,XLI,132.09296643654713,131.959716796875,131.959716796875,5,time_exit,SHORT,SHORT,0.4723598062992096,0.47190430760383606,0.47281530499458313,0.4699288748517978,0.6069760322570801,52.76401937007904,0.5225616097450256,1,True,False,True,56.0,False,-0.013652458786964387,UNRANKED,,False,,,
2017-02-15,2017-02-16,2017-02-24,GE,XLI,132.3546426578578,132.70701599121094,132.70701599121094,5,time_exit,SHORT,SHORT,0.4730847328901291,0.4753412902355194,0.47082817554473877,0.4717350161947058,0.5633029937744141,52.69152671098709,0.5225616097450256,1,True,False,True,56.0,False,0.11379380524158479,UNRANKED,,False,,,
2017-02-16,2017-02-17,2017-02-27,GE,XLI,132.61633111294714,131.60804748535156,131.60804748535156,5,time_exit,SHORT,SHORT,0.46929070353507996,0.4910847842693329,0.447496622800827,0.4800169978564446,0.4663218557834625,53.070929646492004,0.5225616097450256,1,True,False,True,56.0,False,0.08772833645343775,UNRANKED,,False,,,
2017-02-17,2017-02-21,2017-02-28,GE,XLI,132.6163568556021,131.03668212890625,131.57596030147263,5,take_profit,SHORT,SHORT,0.4739609509706497,0.5004252791404724,0.447496622800827,0.4849361238065168,0.4073610305786133,52.60390490293503,0.5225616097450256,1,True,False,True,56.0,False,0.06564272940158844,UNRANKED,,False,,,
2017-02-21,2017-02-22,2017-02-23,GE,XLI,133.09601098026664,132.70701599121094,132.12413946798986,1,take_profit,SHORT,SHORT,0.4693504869937897,0.4846673011779785,0.45403367280960083,0.47663944813660875,0.4740067720413208,53.06495130062103,0.5225616097450256,1,True,False,True,56.0,False,0.13300666213035583,UNRANKED,,False,,,
2017-02-22,2017-02-23,2017-03-02,GE,XLI,132.0476237231336,132.70701599121094,132.70701599121094,5,time_exit,SHORT,SHORT,0.46804605424404144,0.4867640435695648,0.44932806491851807,0.4777427530234677,0.47779223322868347,53.195394575595856,0.5225616097450256,1,True,False,True,56.0,False,0.1468154937028885,UNRANKED,,False,,,
2017-02-23,2017-02-24,2017-03-01,GE,XLI,131.1685115056688,132.3992919921875,132.29025266429045,3,stop_loss,SHORT,SHORT,0.4808818846940994,0.4994453489780426,0.46231842041015625,0.4844198947866478,0.3219737410545349,51.91181153059006,0.5225616097450256,2,False,True,True,56.0,False,0.12566092610359195,UNRANKED,,False,,,
2017-02-24,2017-02-27,2017-03-06,GE,XLI,132.09157051897648,131.87179565429688,131.87179565429688,5,time_exit,SHORT,SHORT,0.4820990711450577,0.5123320817947388,0.4518660604953766,0.4912108909859476,0.4832136929035187,51.79009288549423,0.5225616097450256,2,False,True,True,56.0,False,0.1673453003168106,UNRANKED,,False,,,
2017-02-27,2017-02-28,2017-03-07,GE,XLI,131.82791483637368,131.25634765625,131.25634765625,5,time_exit,SHORT,SHORT,0.4770747274160385,0.5123320817947388,0.44181737303733826,0.4912108909859476,0.47180983424186707,52.29252725839615,0.5225616097450256,1,True,False,True,56.0,False,0.02957376837730407,UNRANKED,,False,,,
2017-02-28,2017-03-01,2017-03-08,GE,XLI,131.78391609902414,130.9926300048828,130.9926300048828,5,time_exit,SHORT,SHORT,0.47212715446949005,0.4955296814441681,0.448724627494812,0.48235745669279817,0.4014231562614441,52.787284553050995,0.5225616097450256,1,True,False,True,56.0,False,0.02528905868530275,UNRANKED,,False,,,
2017-03-01,2017-03-02,2017-03-07,GE,XLI,132.8828438756421,130.37728881835938,131.35777804486642,3,take_profit,SHORT,SHORT,0.4536653608083725,0.4890502691268921,0.4182804524898529,0.478946011049245,0.41807499527931213,54.63346391916275,0.5225616097450256,1,True,False,True,56.0,False,-0.14927393198013306,UNRANKED,,False,,,
2017-03-02,2017-03-03,2017-03-07,GE,XLI,132.70698722431985,133.10263061523438,131.28159398352744,2,take_profit,SHORT,SHORT,0.4759293496608734,0.492914080619812,0.4589446187019348,0.4809801127864636,0.40631282329559326,52.40706503391266,0.5225616097450256,1,True,False,True,56.0,False,-0.16530787944793712,UNRANKED,,False,,,
2017-03-03,2017-03-06,2017-03-09,GE,XLI,131.87179565429688,131.25634765625,130.4834442138672,3,take_profit,SHORT,SHORT,0.47969870269298553,0.49636030197143555,0.4630371034145355,0.4827949085533081,0.43319109082221985,52.03012973070145,0.5225616097450256,2,False,True,True,56.0,False,-0.08785755932331092,UNRANKED,,False,,,
2017-03-06,2017-03-07,2017-03-10,GE,XLI,131.5640567848094,129.8497772216797,132.82841748514423,3,stop_loss,SHORT,SHORT,0.4897618889808655,0.4977673292160034,0.48175644874572754,0.4835359886903559,0.382371187210083,51.02381110191345,0.5225616097450256,2,False,True,True,56.0,False,0.10677526891231542,UNRANKED,,False,,,
2017-03-07,2017-03-08,2017-03-10,GE,XLI,131.38824608184717,130.81683349609375,132.59100487090967,2,stop_loss,SHORT,SHORT,0.4757021814584732,0.4908026158809662,0.4606017470359802,0.4798684507214076,0.43094101548194885,52.42978185415268,0.5225616097450256,1,True,False,True,56.0,False,0.046071797609329196,UNRANKED,,False,,,
2017-03-08,2017-03-09,2017-03-10,GE,XLI,130.7729050869608,130.7728729248047,131.96973692638602,1,stop_loss,SHORT,SHORT,0.48579299449920654,0.4965147078037262,0.4750712811946869,0.48287623034528393,0.5888938903808594,51.420700550079346,0.5225616097450256,2,False,True,True,56.0,False,0.05299696326255799,UNRANKED,,False,,,
2017-03-09,2017-03-10,2017-03-14,GE,XLI,131.16850991426472,131.3443145751953,129.94607600661962,2,take_profit,SHORT,SHORT,0.48395997285842896,0.4908026158809662,0.4771173298358917,0.4798684507214076,0.547838032245636,51.604002714157104,0.5225616097450256,2,False,True,True,56.0,False,0.10217483341693882,UNRANKED,,False,,,
2017-03-10,2017-03-13,2017-03-14,GE,XLI,132.8827722046335,130.72891235351562,131.32083895965584,1,take_profit,SHORT,SHORT,0.4325144439935684,0.4826812446117401,0.38234764337539673,0.47559459611629806,0.5690603852272034,56.74855560064316,0.5225616097450256,1,True,False,True,56.0,False,-0.2896386981010437,UNRANKED,,False,,,
2017-03-13,2017-03-14,2017-03-21,GE,XLI,130.81683744870304,129.19046020507812,129.19046020507812,5,time_exit,SHORT,SHORT,0.4506165683269501,0.4980302155017853,0.40320292115211487,0.48367445881659776,0.4692598879337311,54.93834316730499,0.5225616097450256,1,True,False,True,56.0,False,-0.4039646387100221,UNRANKED,,False,,,
2017-03-14,2017-03-15,2017-03-22,GE,XLI,129.89373376084697,129.80577087402344,129.80577087402344,5,time_exit,SHORT,SHORT,0.4492681473493576,0.4980302155017853,0.40050607919692993,0.48367445881659776,0.4476793110370636,55.07318526506424,0.5225616097450256,1,True,False,True,56.0,False,-0.13435667753219604,UNRANKED,,False,,,
2017-03-15,2017-03-16,2017-03-23,GE,XLI,130.99266124171692,130.20144653320312,130.20144653320312,5,time_exit,SHORT,SHORT,0.45665641129016876,0.48932167887687683,0.4239911437034607,0.47908887257687616,0.5329443216323853,54.334358870983124,0.5225616097450256,1,True,False,True,56.0,False,-0.09564727544784545,UNRANKED,,False,,,
2017-03-16,2017-03-17,2017-03-21,GE,XLI,131.21244718570878,130.6410675048828,129.40393190948112,2,take_profit,SHORT,SHORT,0.4284301698207855,0.5049957633018494,0.3518645763397217,0.4873442701801671,0.5207914113998413,57.15698301792145,0.5225616097450256,1,True,False,True,56.0,False,-0.24035555124282842,UNRANKED,,False,,,
2017-03-17,2017-03-20,2017-03-21,GE,XLI,131.43223776618757,129.4102020263672,129.69908346931257,1,take_profit,SHORT,SHORT,0.4462345242500305,0.5049957633018494,0.38747328519821167,0.4873442701801671,0.5649296045303345,55.37654757499695,0.5225616097450256,1,True,False,True,56.0,False,-0.30657187104225164,UNRANKED,,False,,,
2017-03-20,2017-03-21,2017-03-27,GE,XLI,131.25644882197085,130.20144653320312,129.51700354434809,4,take_profit,SHORT,SHORT,0.46237170696258545,0.4977673292160034,0.4269760847091675,0.4835359886903559,0.4293326437473297,53.762829303741455,0.5225616097450256,1,True,False,True,56.0,False,-0.09953656792640693,UNRANKED,,False,,,
2017-03-21,2017-03-22,2017-03-29,GE,XLI,129.93763822337624,130.46514892578125,130.46514892578125,5,time_exit,SHORT,SHORT,0.4886063486337662,0.4977673292160034,0.47944536805152893,0.4835359886903559,0.4851714074611664,51.13936513662338,0.5225616097450256,2,False,True,True,56.0,False,0.1836205422878265,UNRANKED,,False,,,
2017-03-22,2017-03-23,2017-03-30,GE,XLI,129.67396289858704,131.30032348632812,131.30032348632812,5,time_exit,SHORT,SHORT,0.4892890900373459,0.4944920241832733,0.48408615589141846,0.4818110056202298,0.4827515780925751,51.07109099626541,0.5225616097450256,2,False,True,True,56.0,False,0.27136212587356573,UNRANKED,,False,,,
2017-03-23,2017-03-24,2017-03-31,GE,XLI,130.06962320811215,130.9926300048828,130.9926300048828,5,time_exit,SHORT,SHORT,0.49102240800857544,0.48964157700538635,0.4924032390117645,0.47925726124655826,0.5511486530303955,50.897759199142456,0.5225616097450256,2,False,True,True,56.0,False,0.24003937840461734,UNRANKED,,False,,,
2017-03-24,2017-03-27,2017-03-30,GE,XLI,129.45416249074574,131.3443145751953,131.26267994680043,3,stop_loss,SHORT,SHORT,0.47303518652915955,0.48964157700538635,0.45642879605293274,0.47925726124655826,0.5319794416427612,52.696481347084045,0.5225616097450256,1,True,False,True,56.0,False,0.20113751292228704,UNRANKED,,False,,,
2017-03-27,2017-03-28,2017-03-30,GE,XLI,128.8387699803426,131.959716796875,130.7352042193214,2,stop_loss,SHORT,SHORT,0.486490860581398,0.49879971146583557,0.47418200969696045,0.48407978985239825,0.43904951214790344,51.3509139418602,0.5225616097450256,2,False,True,True,56.0,False,-0.025305062532424975,UNRANKED,,False,,,
2017-03-28,2017-03-29,2017-04-04,GE,XLI,129.76182366752755,131.7399444580078,131.73361888585902,4,stop_loss,SHORT,SHORT,0.48311497271060944,0.4908340275287628,0.47539591789245605,0.47988498716182115,0.5512693524360657,51.688502728939056,0.5225616097450256,2,False,True,True,56.0,False,0.023760944604873803,UNRANKED,,False,,,
2017-03-29,2017-03-30,2017-04-06,GE,XLI,130.37722398386512,131.56414794921875,131.56414794921875,5,time_exit,LONG,LONG,0.5073879510164261,0.4908340275287628,0.5239418745040894,0.47988498716182115,0.5617390275001526,50.73879510164261,0.5225616097450256,2,False,True,True,56.0,False,0.3452990353107452,UNRANKED,,False,,,
2017-03-30,2017-03-31,2017-04-07,GE,XLI,131.25636472573456,131.827880859375,131.827880859375,5,time_exit,SHORT,SHORT,0.49758319556713104,0.4894891083240509,0.5056772828102112,0.4791770038616405,0.5853099822998047,50.241680443286896,0.5225616097450256,2,False,True,True,56.0,False,0.0967845022678375,UNRANKED,,False,,,
2017-03-31,2017-04-03,2017-04-10,GE,XLI,130.81683102155935,131.9156951904297,131.9156951904297,5,time_exit,LONG,LONG,0.5176572054624557,0.48964157700538635,0.5456728339195251,0.47925726124655826,0.5312864780426025,51.765720546245575,0.5225616097450256,2,False,True,True,56.0,False,0.18239820003509524,UNRANKED,,False,,,
2017-04-03,2017-04-04,2017-04-11,GE,XLI,131.43223325225458,132.04762268066406,132.04762268066406,5,time_exit,SHORT,SHORT,0.4782356172800064,0.4977673292160034,0.4587039053440094,0.4835359886903559,0.4994399845600128,52.17643827199936,0.5225616097450256,2,False,True,True,56.0,False,0.018871933221817003,UNRANKED,,False,,,
2017-04-04,2017-04-05,2017-04-12,GE,XLI,132.267428066573,130.8607940673828,131.03662362321361,5,take_profit,SHORT,SHORT,0.4813562333583832,0.48194757103919983,0.48076489567756653,0.47520866855585137,0.503984808921814,51.86437666416168,0.5225616097450256,2,False,True,True,56.0,False,-0.00043112039566036743,UNRANKED,,False,,,
2017-04-05,2017-04-06,2017-04-13,GE,XLI,131.8718432953038,129.9376983642578,130.61592288514754,5,take_profit,SHORT,SHORT,0.4813562333583832,0.48194757103919983,0.48076489567756653,0.47520866855585137,0.5209164619445801,51.86437666416168,0.5225616097450256,2,False,True,True,56.0,False,0.21454718708992004,UNRANKED,,False,,,
2017-04-06,2017-04-07,2017-04-13,GE,XLI,131.52017155483674,130.2893524169922,130.320771879195,4,take_profit,SHORT,SHORT,0.4809851795434952,0.48805350065231323,0.4739168584346771,0.4784213733034698,0.5558040738105774,51.90148204565048,0.5225616097450256,2,False,True,True,56.0,False,0.2704680860042572,UNRANKED,,False,,,
2017-04-07,2017-04-10,2017-04-12,GE,XLI,132.1794438383321,131.16847229003906,131.03028263576513,2,take_profit,SHORT,SHORT,0.48120440542697906,0.4789040684700012,0.4835047423839569,0.47360804421976205,0.5375718474388123,51.87955945730209,0.5225616097450256,2,False,True,True,56.0,False,0.04578199982643123,UNRANKED,,False,,,
2017-04-10,2017-04-11,2017-04-12,GE,XLI,131.87179483384534,131.87179565429688,130.9298676051902,1,take_profit,SHORT,SHORT,0.4915475845336914,0.4832422435283661,0.4998529255390167,0.47588971290737747,0.6211026906967163,50.84524154663086,0.5225616097450256,2,False,True,True,56.0,False,0.15752357244491583,UNRANKED,,False,,,
2017-04-11,2017-04-12,2017-04-13,GE,XLI,131.34431716884143,133.0586700439453,130.47144468000215,1,take_profit,SHORT,SHORT,0.49955369532108307,0.5049957633018494,0.4941116273403168,0.4873442701801671,0.5590096116065979,50.04463046789169,0.5225616097450256,2,False,True,True,56.0,False,0.25084812939167017,UNRANKED,,False,,,
2017-04-12,2017-04-13,2017-04-19,GE,XLI,130.55310293888311,129.89373779296875,131.53899727830833,3,stop_loss,SHORT,SHORT,0.47892995178699493,0.5034803152084351,0.4543795883655548,0.4865457238008963,0.47899961471557617,52.10700482130051,0.5225616097450256,2,False,True,True,56.0,False,-0.010046601295471197,UNRANKED,,False,,,
2017-04-13,2017-04-17,2017-04-19,GE,XLI,130.2014314902016,129.89373779296875,131.25639364840472,2,take_profit,LONG,LONG,0.5177101045846939,0.4944920241832733,0.5409281849861145,0.4818110056202298,0.38290920853614807,51.77101045846939,0.5225616097450256,2,False,True,True,56.0,False,0.3867392987012863,UNRANKED,,False,,,
2017-04-17,2017-04-18,2017-04-19,GE,XLI,130.11349130316876,129.45411682128906,131.0428518291174,1,take_profit,LONG,LONG,0.5176459848880768,0.4898126721382141,0.5454792976379395,0.47934732461018786,0.460468053817749,51.76459848880768,0.5225616097450256,2,False,True,True,56.0,False,0.33475509285926824,UNRANKED,,False,,,
2017-04-18,2017-04-19,2017-04-20,GE,XLI,131.3882725714595,128.6189422607422,132.3301867211526,1,stop_loss,SHORT,SHORT,0.481729656457901,0.4898126721382141,0.4736466407775879,0.47934732461018786,0.44553861021995544,51.8270343542099,0.5225616097450256,2,False,True,True,56.0,False,0.09015899896621717,UNRANKED,,False,,,
2017-04-19,2017-04-20,2017-04-21,GE,XLI,132.0916096942003,127.8277359008789,131.08689254855295,1,take_profit,SHORT,SHORT,0.4817935973405838,0.4930870532989502,0.4705001413822174,0.4810711894214916,0.5176892876625061,51.82064026594162,0.5225616097450256,2,False,True,True,56.0,False,-0.05234046280384059,UNRANKED,,False,,,
2017-04-20,2017-04-21,2017-04-24,GE,XLI,133.05865326858637,127.43209838867188,132.00369329021026,1,stop_loss,LONG,LONG,0.5127677023410797,0.48963218927383423,0.5359032154083252,0.4792523196447752,0.4462921917438507,51.27677023410797,0.5225616097450256,2,False,True,True,56.0,False,0.1567012071609497,UNRANKED,,False,,,
2017-04-21,2017-04-24,2017-04-25,GE,XLI,131.21245374078364,127.21234130859375,129.74931679533162,1,take_profit,SHORT,SHORT,0.48304180800914764,0.5049957633018494,0.4610878527164459,0.4873442701801671,0.562699019908905,51.695819199085236,0.5225616097450256,2,False,True,True,56.0,False,0.18181255459785464,UNRANKED,,False,,,
2017-04-24,2017-04-25,2017-04-27,GE,XLI,129.45411682128906,127.43209838867188,128.04122052873885,2,stop_loss,LONG,LONG,0.5003843903541565,0.48759108781814575,0.5131776928901672,0.47817800366245633,0.49604669213294983,50.03843903541565,0.5225616097450256,2,False,True,True,56.0,False,0.2456548511981965,UNRANKED,,False,,,
2017-04-25,2017-04-26,2017-04-27,GE,XLI,129.7618301170614,128.4871063232422,128.37404543165405,1,stop_loss,LONG,LONG,0.510446771979332,0.48991987109184265,0.5309736728668213,0.47940375412566266,0.46504077315330505,51.0446771979332,0.5225616097450256,2,False,True,True,56.0,False,0.38984173536300665,UNRANKED,,False,,,
2017-04-26,2017-04-27,2017-05-01,GE,XLI,128.7508356644576,128.35519409179688,127.27513637595315,2,stop_loss,LONG,LONG,0.5028738528490067,0.49269816279411316,0.5130495429039001,0.48086642568747967,0.43883728981018066,50.287385284900665,0.5225616097450256,2,False,True,True,56.0,False,0.374713659286499,UNRANKED,,False,,,
2017-04-27,2017-04-28,2017-05-05,GE,XLI,127.91563541932956,128.44313049316406,128.44313049316406,5,time_exit,SHORT,SHORT,0.48789115250110626,0.4930870532989502,0.48269525170326233,0.4810711894214916,0.43334895372390747,51.210884749889374,0.5225616097450256,2,False,True,True,56.0,False,0.1630666553974152,UNRANKED,,False,,,
2017-04-28,2017-05-01,2017-05-08,GE,XLI,127.52005058423083,127.78380584716797,127.78380584716797,5,time_exit,SHORT,SHORT,0.47089412808418274,0.4944920241832733,0.44729623198509216,0.4818110056202298,0.3591635525226593,52.910587191581726,0.5225616097450256,1,True,False,True,56.0,False,0.10947328805923462,UNRANKED,,False,,,
2017-05-01,2017-05-02,2017-05-09,GE,XLI,127.52001930176897,127.16839599609375,127.16839599609375,5,time_exit,SHORT,SHORT,0.47486746311187744,0.4944920241832733,0.45524290204048157,0.4818110056202298,0.39418646693229675,52.513253688812256,0.5225616097450256,1,True,False,True,56.0,False,0.0005340576171874913,UNRANKED,,False,,,
2017-05-02,2017-05-03,2017-05-10,GE,XLI,127.12442985417282,126.15733337402344,126.15733337402344,5,time_exit,SHORT,SHORT,0.4743132144212723,0.4930870532989502,0.45553937554359436,0.4810711894214916,0.41966137290000916,52.56867855787277,0.5225616097450256,1,True,False,True,56.0,False,-0.11094817519187927,UNRANKED,,False,,,
2017-05-03,2017-05-04,2017-05-10,GE,XLI,128.66288925334626,126.90467834472656,127.06786623437306,4,take_profit,SHORT,SHORT,0.46848031878471375,0.4977673292160034,0.4391933083534241,0.4835359886903559,0.43836334347724915,53.151968121528625,0.5225616097450256,1,True,False,True,56.0,False,-0.22717900574207314,UNRANKED,,False,,,
2017-05-04,2017-05-05,2017-05-10,GE,XLI,128.0475143399289,124.2672348022461,126.56551753119565,3,take_profit,SHORT,SHORT,0.4549524039030075,0.4930870532989502,0.4168177545070648,0.4810711894214916,0.5122735500335693,54.50475960969925,0.5225616097450256,1,True,False,True,56.0,False,-0.26287494599819183,UNRANKED,,False,,,
2017-05-05,2017-05-08,2017-05-10,GE,XLI,128.17940808606988,123.87162017822266,126.73508522753194,2,take_profit,SHORT,SHORT,0.4582899510860443,0.4831094443798065,0.4334704577922821,0.47581985160260226,0.5173940658569336,54.17100489139557,0.5225616097450256,1,True,False,True,56.0,False,-0.13336409628391271,UNRANKED,,False,,,
2017-05-08,2017-05-09,2017-05-10,GE,XLI,127.82774702932736,123.2562026977539,126.41482348893952,1,take_profit,SHORT,SHORT,0.46138134598731995,0.4980302155017853,0.4247324764728546,0.48367445881659776,0.5181791186332703,53.861865401268005,0.5225616097450256,1,True,False,True,56.0,False,-0.007721409201622053,UNRANKED,,False,,,
2017-05-09,2017-05-10,2017-05-12,GE,XLI,127.12439336495366,120.48688507080078,125.72402889787777,2,take_profit,SHORT,SHORT,0.4506165683269501,0.4980302155017853,0.40320292115211487,0.48367445881659776,0.5018038749694824,54.93834316730499,0.5225616097450256,1,True,False,True,56.0,False,-0.04290629923343662,UNRANKED,,False,,,
2017-05-10,2017-05-11,2017-05-12,GE,XLI,126.06948523549164,120.79459381103516,124.69423673521263,1,take_profit,SHORT,SHORT,0.46138134598731995,0.4980302155017853,0.4247324764728546,0.48367445881659776,0.4892617464065552,53.861865401268005,0.5225616097450256,1,True,False,True,56.0,False,-0.07493680715560912,UNRANKED,,False,,,
2017-05-11,2017-05-12,2017-05-16,GE,XLI,124.66285108331083,123.30016326904297,123.63297219449944,2,take_profit,SHORT,SHORT,0.4510742276906967,0.49432089924812317,0.40782755613327026,0.48172089194999707,0.5313246846199036,54.89257723093033,0.5225616097450256,1,True,False,True,56.0,False,-0.05877098441123964,UNRANKED,,False,,,
2017-05-12,2017-05-15,2017-05-17,GE,XLI,123.38808294125569,123.87162017822266,121.98142640351853,2,take_profit,SHORT,SHORT,0.47146672010421753,0.5000362992286682,0.44289714097976685,0.4847312045614905,0.44713106751441956,52.85332798957825,0.5225616097450256,1,True,False,True,56.0,False,-0.016968548297882028,UNRANKED,,False,,,
2017-05-15,2017-05-16,2017-05-17,GE,XLI,124.17930260472647,124.31119537353516,122.77893268808306,1,take_profit,SHORT,SHORT,0.44718895852565765,0.4930870532989502,0.4012908637523651,0.4810711894214916,0.4409281611442566,55.281104147434235,0.5225616097450256,1,True,False,True,56.0,False,-0.14659655094146734,UNRANKED,,False,,,
2017-05-16,2017-05-17,2017-05-18,GE,XLI,122.2891383512123,122.33307647705078,120.92016230315147,1,take_profit,SHORT,SHORT,0.4472164064645767,0.4930870532989502,0.40134575963020325,0.4810711894214916,0.4070773422718048,55.27835935354233,0.5225616097450256,1,True,False,True,56.0,False,0.09168741106987005,UNRANKED,,False,,,
2017-05-17,2017-05-18,2017-05-19,GE,XLI,119.82753346911007,120.83850860595703,121.47909684104087,1,stop_loss,SHORT,SHORT,0.4846417009830475,0.492979496717453,0.47630390524864197,0.4810145566791582,0.47571417689323425,51.53582990169525,0.5225616097450256,2,False,True,True,56.0,False,0.1405313014984131,UNRANKED,,False,,,
2017-05-18,2017-05-19,2017-05-22,GE,XLI,121.10229368311774,120.6626968383789,122.74129580190959,1,stop_loss,SHORT,SHORT,0.4846417009830475,0.492979496717453,0.47630390524864197,0.4810145566791582,0.5656629204750061,51.53582990169525,0.5225616097450256,2,False,True,True,56.0,False,0.0917845368385315,UNRANKED,,False,,,
2017-05-19,2017-05-22,2017-05-25,GE,XLI,124.09140855905363,120.26708221435547,122.12586181484325,3,stop_loss,LONG,LONG,0.501719206571579,0.48872894048690796,0.51470947265625,0.4787768782469471,0.4967024028301239,50.1719206571579,0.5225616097450256,2,False,True,True,56.0,False,0.4806340336799621,UNRANKED,,False,,,
2017-05-22,2017-05-23,2017-05-25,GE,XLI,124.00348604597134,120.35498046875,121.98769646903217,2,take_profit,SHORT,SHORT,0.48329921066761017,0.49628451466560364,0.4703139066696167,0.4827549935579622,0.5575547814369202,51.67007893323898,0.5225616097450256,2,False,True,True,56.0,False,0.05270496010780336,UNRANKED,,False,,,
2017-05-23,2017-05-24,2017-05-25,GE,XLI,124.48698512714482,121.84955596923828,122.55911451295677,1,take_profit,SHORT,SHORT,0.4884115606546402,0.49088746309280396,0.48593565821647644,0.47991311803883585,0.5764086842536926,51.15884393453598,0.5225616097450256,2,False,True,True,56.0,False,0.27782472968101496,UNRANKED,,False,,,
2017-05-24,2017-05-25,2017-06-02,GE,XLI,122.15722421092111,122.5528564453125,122.5528564453125,5,time_exit,SHORT,SHORT,0.48565566539764404,0.49036893248558044,0.48094239830970764,0.479640145681513,0.5537300109863281,51.434433460235596,0.5225616097450256,2,False,True,True,56.0,False,0.1322530210018157,UNRANKED,,False,,,
2017-05-25,2017-05-26,2017-06-05,GE,XLI,120.70665730181652,122.992431640625,122.992431640625,5,time_exit,SHORT,SHORT,0.44557854533195496,0.4904554486274719,0.400701642036438,0.4796856899155956,0.5881926417350769,55.442145466804504,0.5225616097450256,1,True,False,True,56.0,False,0.010939508676528938,UNRANKED,,False,,,
2017-05-26,2017-05-30,2017-06-02,GE,XLI,120.04729391559219,122.77267456054688,122.3707824235442,3,stop_loss,SHORT,SHORT,0.4464791864156723,0.4930870532989502,0.3998713195323944,0.4810711894214916,0.49091142416000366,55.35208135843277,0.5225616097450256,1,True,False,True,56.0,False,-0.14860704541206352,UNRANKED,,False,,,
2017-05-30,2017-05-31,2017-06-02,GE,XLI,120.13519218581538,121.6737060546875,122.42728137561728,2,stop_loss,SHORT,SHORT,0.4464791864156723,0.4930870532989502,0.3998713195323944,0.4810711894214916,0.4954613745212555,55.35208135843277,0.5225616097450256,1,True,False,True,56.0,False,-0.05737027525901796,UNRANKED,,False,,,
2017-05-31,2017-06-01,2017-06-08,GE,XLI,120.92645613525673,121.27811431884766,121.27811431884766,5,time_exit,SHORT,SHORT,0.4753826856613159,0.5054266452789307,0.44533872604370117,0.4875713300114829,0.520183801651001,52.46173143386841,0.5225616097450256,1,True,False,True,56.0,False,-0.01373523473739628,UNRANKED,,False,,,
2017-06-01,2017-06-02,2017-06-09,GE,XLI,122.50889598702578,122.81661987304688,122.81661987304688,5,time_exit,SHORT,SHORT,0.49516621232032776,0.4908340275287628,0.4994983971118927,0.47988498716182115,0.5734661817550659,50.483378767967224,0.5225616097450256,2,False,True,True,56.0,False,0.10762837529182433,UNRANKED,,False,,,
2017-06-02,2017-06-05,2017-06-12,GE,XLI,122.6407759296847,127.21234130859375,124.6314255617299,5,stop_loss,SHORT,SHORT,0.4814988672733307,0.48828741908073425,0.4747103154659271,0.4785444893749254,0.5377913117408752,51.85011327266693,0.5225616097450256,2,False,True,True,56.0,False,0.09491002559661879,UNRANKED,,False,,,
2017-06-05,2017-06-06,2017-06-12,GE,XLI,122.99244891398259,125.05839538574219,124.9893786276405,4,stop_loss,SHORT,SHORT,0.4853692948818207,0.491680383682251,0.4790582060813904,0.48033056186409817,0.5095162391662598,51.46307051181793,0.5225616097450256,2,False,True,True,56.0,False,-0.05876040458679191,UNRANKED,,False,,,
2017-06-06,2017-06-07,2017-06-12,GE,XLI,122.86055448153387,126.11341094970703,124.80096128085027,3,stop_loss,SHORT,SHORT,0.4757779985666275,0.5075531005859375,0.4440028965473175,0.4886919714009859,0.4818175733089447,52.42220014333725,0.5225616097450256,1,True,False,True,56.0,False,-0.29595464468002314,UNRANKED,,False,,,
2017-06-07,2017-06-08,2017-06-12,GE,XLI,121.673730540745,128.2854766845703,123.37551603704802,2,stop_loss,SHORT,SHORT,0.4824182689189911,0.5137542486190796,0.4510822892189026,0.4919605828505169,0.46207115054130554,51.75817310810089,0.5225616097450256,2,False,True,True,56.0,False,-0.10349866747856136,UNRANKED,,False,,,
2017-06-08,2017-06-09,2017-06-12,GE,XLI,121.453943317887,128.55142211914062,123.16828352784793,1,stop_loss,SHORT,SHORT,0.4700506925582886,0.492805153131485,0.44729623198509216,0.48092275900653186,0.44381803274154663,52.99493074417114,0.5225616097450256,1,True,False,True,56.0,False,-0.12921246886253354,UNRANKED,,False,,,
2017-06-09,2017-06-12,2017-06-13,GE,XLI,128.5310713544242,127.66488647460938,126.95488313072163,1,stop_loss,LONG,LONG,0.5016517639160156,0.5209740996360779,0.48232942819595337,0.4957669972469802,0.44222211837768555,50.16517639160156,0.5225616097450256,2,False,True,True,56.0,False,0.11509519815444949,UNRANKED,,False,,,
2017-06-12,2017-06-13,2017-06-20,GE,XLI,128.00352156557787,124.69493103027344,125.88100983810857,5,take_profit,SHORT,SHORT,0.49829094111919403,0.520298421382904,0.476283460855484,0.495410741839642,0.4980115294456482,50.1709058880806,0.5225616097450256,2,False,True,True,56.0,False,0.12935966253280629,UNRANKED,,False,,,
2017-06-13,2017-06-14,2017-06-15,GE,XLI,125.1903111335739,123.1434555053711,127.55773296497736,1,take_profit,LONG,LONG,0.5004356950521469,0.4975251257419586,0.5033462643623352,0.48340841506124743,0.4572770297527313,50.04356950521469,0.5225616097450256,2,False,True,True,56.0,False,0.4602203369140625,UNRANKED,,False,,,
2017-06-14,2017-06-15,2017-06-16,GE,XLI,126.246391759537,122.12386322021484,128.48194168629482,1,stop_loss,SHORT,SHORT,0.496074840426445,0.5002703666687012,0.49187931418418884,0.48485451346270236,0.4638056457042694,50.3925159573555,0.5225616097450256,2,False,True,True,56.0,False,0.3462169766426086,UNRANKED,,False,,,
2017-06-15,2017-06-16,2017-06-20,GE,XLI,128.4627736360498,122.21253204345703,126.13043830018206,2,take_profit,SHORT,SHORT,0.48144547641277313,0.4915027916431427,0.47138816118240356,0.4802370637130515,0.5512263178825378,51.85545235872269,0.5225616097450256,2,False,True,True,56.0,False,0.16917157173156738,UNRANKED,,False,,,
2017-06-16,2017-06-19,2017-06-20,GE,XLI,128.37413090409842,122.38985443115234,126.02891933008894,1,take_profit,SHORT,SHORT,0.48651887476444244,0.4937190115451813,0.4793187379837036,0.48140394990515784,0.5353115797042847,51.348112523555756,0.5225616097450256,2,False,True,True,56.0,False,0.1346355080604552,UNRANKED,,False,,,
2017-06-19,2017-06-20,2017-06-21,GE,XLI,127.26596388261362,120.61671447753906,124.85062073424588,1,take_profit,SHORT,SHORT,0.499299019575119,0.4921456575393677,0.5064523816108704,0.48057552443587886,0.4532727897167206,50.0700980424881,0.5225616097450256,2,False,True,True,56.0,False,0.4518265724182129,UNRANKED,,False,,,
2017-06-20,2017-06-21,2017-06-27,GE,XLI,124.91658123357152,120.04046630859375,122.08951562949785,4,take_profit,SHORT,SHORT,0.4787616431713104,0.4963935315608978,0.461129754781723,0.4828124096921025,0.4620111584663391,52.12383568286896,0.5225616097450256,2,False,True,True,56.0,False,0.35832241177558893,UNRANKED,,False,,,
2017-06-21,2017-06-22,2017-06-28,GE,XLI,123.0990813254821,119.77447509765625,120.26388714649215,4,stop_loss,LONG,LONG,0.5200020670890808,0.4970530867576599,0.5429510474205017,0.4831597884974539,0.46705877780914307,52.00020670890808,0.5225616097450256,2,False,True,True,56.0,False,0.6750532984733582,UNRANKED,,False,,,
2017-06-22,2017-06-23,2017-06-28,GE,XLI,123.18775019833011,119.73018646240234,120.30737147518558,3,stop_loss,LONG,LONG,0.5187896192073822,0.4992445111274719,0.5383347272872925,0.48431409710511797,0.5141424536705017,51.87896192073822,0.5225616097450256,2,False,True,True,56.0,False,0.48143771290779125,UNRANKED,,False,,,
2017-06-23,2017-06-26,2017-07-03,GE,XLI,122.30119181174065,121.68062591552734,121.68062591552734,5,time_exit,SHORT,SHORT,0.4873238354921341,0.5002769827842712,0.47437068819999695,0.48485799892069786,0.5052912831306458,51.26761645078659,0.5225616097450256,2,False,True,True,56.0,False,0.38643351197242737,UNRANKED,,False,,,
2017-06-26,2017-06-27,2017-07-05,GE,XLI,121.99088611591088,121.23734283447266,121.23734283447266,5,time_exit,SHORT,SHORT,0.479451522231102,0.49154675006866455,0.46735629439353943,0.4802602066910849,0.4971066415309906,52.0548477768898,0.5225616097450256,2,False,True,True,56.0,False,0.06659299135208137,UNRANKED,,False,,,
2017-06-27,2017-06-28,2017-07-06,GE,XLI,120.83837344107961,116.62718963623047,117.91787609174925,5,take_profit,SHORT,SHORT,0.489933118224144,0.5064728260040283,0.47339341044425964,0.48812265206637323,0.5261663198471069,51.0066881775856,0.5225616097450256,2,False,True,True,56.0,False,0.2605986297130585,UNRANKED,,False,,,
2017-06-28,2017-06-29,2017-07-06,GE,XLI,120.39507101175128,115.91791534423828,117.44876560054871,4,take_profit,SHORT,SHORT,0.48145388066768646,0.4955514669418335,0.46735629439353943,0.48236892982857105,0.5356561541557312,51.854611933231354,0.5225616097450256,2,False,True,True,56.0,False,0.1821055710315704,UNRANKED,,False,,,
2017-06-29,2017-06-30,2017-07-06,GE,XLI,120.08480875110203,115.43034362792969,117.32029110322257,3,take_profit,SHORT,SHORT,0.47848647832870483,0.5064728260040283,0.45050013065338135,0.48812265206637323,0.573676586151123,52.15135216712952,0.5225616097450256,2,False,True,True,56.0,False,0.18031421303749084,UNRANKED,,False,,,
2017-06-30,2017-07-03,2017-07-06,GE,XLI,120.39511641237623,116.9375,118.25223202168146,2,take_profit,SHORT,SHORT,0.474911168217659,0.5002769827842712,0.44954535365104675,0.48485799892069786,0.5953834652900696,52.5088831782341,0.5225616097450256,1,True,False,True,56.0,False,0.18840873241424563,UNRANKED,,False,,,
2017-07-03,2017-07-05,2017-07-06,GE,XLI,122.07956727356876,117.82405090332031,119.96575523569209,1,take_profit,SHORT,SHORT,0.4730965346097946,0.48945125937461853,0.4567418098449707,0.47915708086951825,0.60936439037323,52.69034653902054,0.5225616097450256,1,True,False,True,56.0,False,0.19625186920166018,UNRANKED,,False,,,
2017-07-05,2017-07-06,2017-07-07,GE,XLI,119.065235020464,118.75495147705078,117.03881333728877,1,take_profit,SHORT,SHORT,0.4935814142227173,0.5018178224563599,0.4853450059890747,0.4856697732320517,0.5267893671989441,50.64185857772827,0.5225616097450256,2,False,True,True,56.0,False,0.47119784355163574,UNRANKED,,False,,,
2017-07-06,2017-07-07,2017-07-13,GE,XLI,116.36120008520167,118.71060943603516,118.73591997743102,4,take_profit,LONG,LONG,0.5007791072130203,0.4986240565776825,0.5029341578483582,0.4839872619957014,0.48527222871780396,50.07791072130203,0.5225616097450256,2,False,True,True,56.0,False,0.517241895198822,UNRANKED,,False,,,
2017-07-07,2017-07-10,2017-07-13,GE,XLI,115.82929720084127,118.88793182373047,118.26734978698804,3,take_profit,LONG,LONG,0.5065086632966995,0.4988134801387787,0.5142038464546204,0.4840870426759786,0.49080389738082886,50.65086632966995,0.5225616097450256,2,False,True,True,56.0,False,0.663741558790207,UNRANKED,,False,,,
2017-07-10,2017-07-11,2017-07-12,GE,XLI,115.38601705074592,119.19820404052734,117.76707479000373,1,take_profit,LONG,LONG,0.5067247450351715,0.49924564361572266,0.5142038464546204,0.4843146936751425,0.42626649141311646,50.67247450351715,0.5225616097450256,2,False,True,True,56.0,False,0.6481319963932037,UNRANKED,,False,,,
2017-07-11,2017-07-12,2017-07-19,GE,XLI,117.64673979375597,119.41985321044922,119.41985321044922,5,time_exit,SHORT,SHORT,0.48387110233306885,0.4988134801387787,0.468928724527359,0.4840870426759786,0.5112537741661072,51.612889766693115,0.5225616097450256,2,False,True,True,56.0,False,0.5213496088981628,UNRANKED,,False,,,
2017-07-12,2017-07-13,2017-07-20,GE,XLI,117.82405751429005,118.3116683959961,118.3116683959961,5,time_exit,SHORT,SHORT,0.4864322990179062,0.4949040114879608,0.47796058654785156,0.482027961242058,0.5574661493301392,51.35677009820938,0.5225616097450256,2,False,True,True,56.0,False,0.13920354843139646,UNRANKED,,False,,,
2017-07-13,2017-07-14,2017-07-21,GE,XLI,118.5332983325529,114.85406494140625,116.46887136547701,5,take_profit,SHORT,SHORT,0.49602678418159485,0.4954078793525696,0.4966456890106201,0.4822933110633677,0.552696943283081,50.397321581840515,0.5225616097450256,2,False,True,True,56.0,False,0.13773128390312198,UNRANKED,,False,,,
2017-07-14,2017-07-17,2017-07-21,GE,XLI,118.62195808638478,112.72632598876953,116.56386351676983,4,take_profit,SHORT,SHORT,0.4858744293451309,0.49340423941612244,0.4783446192741394,0.4812382031310938,0.5448599457740784,51.41255706548691,0.5225616097450256,2,False,True,True,56.0,False,0.07267364859580988,UNRANKED,,False,,,
2017-07-17,2017-07-18,2017-07-21,GE,XLI,118.62193946155459,112.77064514160156,116.56384489193964,3,take_profit,SHORT,SHORT,0.4864315241575241,0.4945184290409088,0.4783446192741394,0.4818249104125859,0.5739241242408752,51.35684758424759,0.5225616097450256,2,False,True,True,56.0,False,0.1270183622837066,UNRANKED,,False,,,
2017-07-18,2017-07-19,2017-07-21,GE,XLI,119.02089970131186,113.43556213378906,117.1717862369564,2,take_profit,SHORT,SHORT,0.47001974284648895,0.49456408619880676,0.44547539949417114,0.48184895352852875,0.5202416181564331,52.998025715351105,0.5225616097450256,1,True,False,True,56.0,False,-0.36405304074287415,UNRANKED,,False,,,
2017-07-19,2017-07-20,2017-07-21,GE,XLI,119.77448868235936,114.32212829589844,117.97603221786439,1,take_profit,SHORT,SHORT,0.4801180362701416,0.4900752305984497,0.4701608419418335,0.4794855362824747,0.6140550374984741,51.98819637298584,0.5225616097450256,2,False,True,True,56.0,False,0.0509922504425049,UNRANKED,,False,,,
2017-07-20,2017-07-21,2017-07-28,GE,XLI,112.50467510111811,113.16960906982422,113.16960906982422,5,time_exit,SHORT,SHORT,0.47502125799655914,0.49456408619880676,0.4554784297943115,0.48184895352852875,0.4824981093406677,52.497874200344086,0.5225616097450256,1,True,False,True,56.0,False,-0.09483030438423146,UNRANKED,,False,,,
2017-07-21,2017-07-24,2017-07-31,GE,XLI,114.27780889698518,113.52423095703125,113.52423095703125,5,time_exit,SHORT,SHORT,0.47374366223812103,0.48878926038742065,0.4586980640888214,0.4788086275332454,0.5022161602973938,52.6256337761879,0.5225616097450256,1,True,False,True,56.0,False,0.04418951272964497,UNRANKED,,False,,,
2017-07-24,2017-07-25,2017-08-01,GE,XLI,113.34690975642656,112.77064514160156,112.77064514160156,5,time_exit,SHORT,SHORT,0.4758478105068207,0.4989985525608063,0.4526970684528351,0.4841845325773947,0.48008236289024353,52.41521894931793,0.5225616097450256,1,True,False,True,56.0,False,0.29029873013496404,UNRANKED,,False,,,
2017-07-25,2017-07-26,2017-08-02,GE,XLI,113.43556213378906,113.1252670288086,113.1252670288086,5,time_exit,SHORT,SHORT,0.48410648107528687,0.5079969763755798,0.4602159857749939,0.4889259085414634,0.5013062357902527,51.58935189247131,0.5225616097450256,2,False,True,True,56.0,False,0.3502473533153534,UNRANKED,,False,,,
2017-07-26,2017-07-27,2017-08-03,GE,XLI,113.43556571829834,114.18913269042969,114.18913269042969,5,time_exit,SHORT,SHORT,0.4796687066555023,0.49375876784324646,0.4655786454677582,0.48142488431901836,0.4224146604537964,52.03312933444977,0.5225616097450256,2,False,True,True,56.0,False,0.2821030020713806,UNRANKED,,False,,,
2017-07-27,2017-07-28,2017-08-01,GE,XLI,114.63243639369257,114.27780151367188,112.79599426374,2,take_profit,SHORT,SHORT,0.4691287577152252,0.49555206298828125,0.4427054524421692,0.4823692437313159,0.5177471041679382,53.08712422847748,0.5225616097450256,1,True,False,True,56.0,False,0.06541392207145688,UNRANKED,,False,,,
2017-07-28,2017-07-31,2017-08-07,GE,XLI,113.21393296986285,113.61289978027344,113.61289978027344,5,time_exit,SHORT,SHORT,0.47111229598522186,0.499075323343277,0.44314926862716675,0.4842249731864489,0.4170256555080414,52.888770401477814,0.5225616097450256,1,True,False,True,56.0,False,0.009288132190704394,UNRANKED,,False,,,
2017-07-31,2017-08-01,2017-08-08,GE,XLI,113.61287641168174,113.3025894165039,113.3025894165039,5,time_exit,SHORT,SHORT,0.46925173699855804,0.4957980215549469,0.4427054524421692,0.4824987768836995,0.49628710746765137,53.074826300144196,0.5225616097450256,1,True,False,True,56.0,False,0.04148072004318236,UNRANKED,,False,,,
2017-08-01,2017-08-02,2017-08-09,GE,XLI,112.77064482280417,113.96751403808594,113.96751403808594,5,time_exit,SHORT,SHORT,0.47024185955524445,0.49456408619880676,0.44591963291168213,0.48184895352852875,0.45903512835502625,52.975814044475555,0.5225616097450256,1,True,False,True,56.0,False,0.12153846025466922,UNRANKED,,False,,,
2017-08-02,2017-08-03,2017-08-10,GE,XLI,113.43555702711404,112.15007781982422,112.15007781982422,5,time_exit,SHORT,SHORT,0.47327037155628204,0.4992445111274719,0.44729623198509216,0.48431409710511797,0.44432923197746277,52.672962844371796,0.5225616097450256,1,True,False,True,56.0,False,0.03795903921127311,UNRANKED,,False,,,
2017-08-03,2017-08-04,2017-08-10,GE,XLI,114.1448217087399,111.706787109375,112.33370916863107,4,take_profit,SHORT,SHORT,0.47119688987731934,0.4992445111274719,0.44314926862716675,0.48431409710511797,0.480880469083786,52.880311012268066,0.5225616097450256,1,True,False,True,56.0,False,0.1017293930053711,UNRANKED,,False,,,
2017-08-04,2017-08-07,2017-08-10,GE,XLI,114.10050894364112,112.41603088378906,112.30206119845417,3,take_profit,SHORT,SHORT,0.44799795746803284,0.4992445111274719,0.39675140380859375,0.48431409710511797,0.48162227869033813,55.200204253196716,0.5225616097450256,1,True,False,True,56.0,False,-0.23112097382545477,UNRANKED,,False,,,
2017-08-07,2017-08-08,2017-08-11,GE,XLI,113.61288740610152,111.44078826904297,111.76377830140007,3,take_profit,SHORT,SHORT,0.4507669359445572,0.49456408619880676,0.4069697856903076,0.48184895352852875,0.47067463397979736,54.92330640554428,0.5225616097450256,1,True,False,True,56.0,False,-0.15433236956596377,UNRANKED,,False,,,
2017-08-08,2017-08-09,2017-08-16,GE,XLI,113.25826952811384,111.26348876953125,111.39649453857702,5,stop_loss,LONG,LONG,0.5039622038602829,0.508368968963623,0.49955543875694275,0.508368968963623,0.5993669629096985,50.39622038602829,0.5062522888183594,2,False,True,True,52.5,True,-0.41051095724105835,UNRANKED,,False,,,
2017-08-09,2017-08-10,2017-08-11,GE,XLI,113.96752767948593,109.7120132446289,112.16907557464496,1,stop_loss,LONG,LONG,0.5071690231561661,0.5147826075553894,0.49955543875694275,0.5147826075553894,0.6221828460693359,50.71690231561661,0.5062522888183594,1,True,True,False,52.5,True,-0.3766891360282898,UNRANKED,,False,,,
2017-08-10,2017-08-11,2017-08-17,GE,XLI,112.59334275106345,108.825439453125,111.02920025141222,4,stop_loss,LONG,LONG,0.5030987709760666,0.5066421031951904,0.49955543875694275,0.5066421031951904,0.5959452986717224,50.30987709760666,0.5062522888183594,2,False,True,True,52.5,True,0.2270510792732239,UNRANKED,,False,,,
2017-08-11,2017-08-14,2017-08-17,GE,XLI,112.06140862944471,108.55948638916016,110.73790159296313,3,take_profit,SHORT,SHORT,0.4942411184310913,0.48892679810523987,0.49955543875694275,0.48892679810523987,0.5690163969993591,50.57588815689087,0.5062522888183594,2,False,True,True,52.5,True,0.17138588428497314,UNRANKED,,False,,,
2017-08-14,2017-08-15,2017-08-17,GE,XLI,111.75108620220944,109.04711151123047,110.33258993407327,2,take_profit,SHORT,SHORT,0.489167258143425,0.4787790775299072,0.49955543875694275,0.4787790775299072,0.6348563432693481,51.0832741856575,0.5062522888183594,1,True,False,True,52.5,True,0.2815804183483124,UNRANKED,,False,,,
2017-08-15,2017-08-16,2017-08-17,GE,XLI,111.35214432297337,108.11620330810547,109.88931582304313,1,take_profit,SHORT,SHORT,0.491508349776268,0.48346126079559326,0.49955543875694275,0.48346126079559326,0.6205722689628601,50.8491650223732,0.5062522888183594,1,True,False,True,52.5,True,0.042063921689987176,UNRANKED,,False,,,
2017-08-16,2017-08-17,2017-08-18,GE,XLI,111.13051630713963,107.71725463867188,109.7690116161519,1,take_profit,SHORT,SHORT,0.4893111437559128,0.4790668487548828,0.49955543875694275,0.4790668487548828,0.6331021785736084,51.06888562440872,0.5062522888183594,1,True,False,True,52.5,True,0.11810752749443058,UNRANKED,,False,,,
2017-08-17,2017-08-18,2017-08-24,GE,XLI,109.18006871088443,108.55948638916016,107.76157026292125,4,take_profit,SHORT,SHORT,0.4971249997615814,0.4946945607662201,0.49955543875694275,0.4946945607662201,0.5837881565093994,50.28750002384186,0.5062522888183594,2,False,True,True,52.5,True,0.2096634805202484,UNRANKED,,False,,,
2017-08-18,2017-08-21,2017-08-28,GE,XLI,108.55948638916016,108.47083282470703,108.47083282470703,5,time_exit,LONG,LONG,0.5039577335119247,0.5083600282669067,0.49955543875694275,0.5083600282669067,0.5900500416755676,50.395773351192474,0.5062522888183594,2,False,True,True,52.5,True,0.253353863954544,UNRANKED,,False,,,
2017-08-21,2017-08-22,2017-08-29,GE,XLI,108.91412462129675,108.33783721923828,108.33783721923828,5,time_exit,LONG,LONG,0.5024293214082718,0.5053032040596008,0.49955543875694275,0.5053032040596008,0.5285150408744812,50.24293214082718,0.5062522888183594,2,False,True,True,52.5,True,0.05874547362327578,UNRANKED,,False,,,
2017-08-22,2017-08-23,2017-08-30,GE,XLI,108.69246795698636,107.62860870361328,107.62860870361328,5,time_exit,SHORT,SHORT,0.4932665228843689,0.48697760701179504,0.49955543875694275,0.48697760701179504,0.5991632342338562,50.67334771156311,0.5062522888183594,1,True,False,True,52.5,True,0.19708527624607086,UNRANKED,,False,,,
2017-08-23,2017-08-24,2017-08-31,GE,XLI,108.293519313582,108.825439453125,108.825439453125,5,time_exit,SHORT,SHORT,0.4893462508916855,0.4791370630264282,0.49955543875694275,0.4791370630264282,0.6122795343399048,51.06537491083145,0.5062522888183594,1,True,False,True,52.5,True,0.3964461088180542,UNRANKED,,False,,,
2017-08-24,2017-08-25,2017-09-01,GE,XLI,108.1162085825794,111.44078826904297,109.58537056988409,5,stop_loss,SHORT,SHORT,0.4968569874763489,0.494158536195755,0.49955543875694275,0.494158536195755,0.6098036766052246,50.31430125236511,0.5062522888183594,2,False,True,True,52.5,True,0.45519538223743433,UNRANKED,,False,,,
2017-08-25,2017-08-28,2017-09-01,GE,XLI,108.73679951355173,109.7120132446289,110.23129436044069,4,stop_loss,SHORT,SHORT,0.497457355260849,0.49535927176475525,0.49955543875694275,0.49535927176475525,0.5282971858978271,50.2542644739151,0.5062522888183594,2,False,True,True,52.5,True,0.3709824383258819,UNRANKED,,False,,,
2017-08-28,2017-08-29,2017-09-01,GE,XLI,107.85022813388771,110.46559143066406,109.31305772373146,3,take_profit,LONG,LONG,0.5148555487394333,0.5301556587219238,0.49955543875694275,0.5301556587219238,0.6141951084136963,51.48555487394333,0.5062522888183594,1,True,True,False,52.5,True,0.38415902853012085,LOW,,True,2.204153253640221,-1.0,-0.06892863715757051
2017-08-29,2017-08-30,2017-09-01,GE,XLI,108.55949570576092,106.47604370117188,109.94633543615991,2,take_profit,LONG,LONG,0.5071049481630325,0.5146544575691223,0.49955543875694275,0.5146544575691223,0.566536009311676,50.71049481630325,0.5062522888183594,1,True,True,False,52.5,True,0.293440729379654,UNRANKED,,False,,,
2017-08-30,2017-08-31,2017-09-01,GE,XLI,108.20485060158137,105.58949279785156,109.43337494588941,1,take_profit,LONG,LONG,0.502105638384819,0.5046558380126953,0.49955543875694275,0.5046558380126953,0.5320863723754883,50.2105638384819,0.5062522888183594,2,False,True,True,52.5,True,-0.030139178037643342,UNRANKED,,False,,,
2017-08-31,2017-09-01,2017-09-06,GE,XLI,109.04707446167306,105.1462173461914,110.38324738299002,2,stop_loss,SHORT,SHORT,0.49040111899375916,0.48124679923057556,0.49955543875694275,0.48124679923057556,0.5528730750083923,50.959888100624084,0.5062522888183594,1,True,False,True,52.5,True,-0.16613912582397464,UNRANKED,,False,,,
2017-09-01,2017-09-05,2017-09-07,GE,XLI,111.08618499905201,105.98848724365234,109.4777113575202,2,take_profit,SHORT,SHORT,0.49040892720222473,0.4812624156475067,0.49955543875694275,0.4812624156475067,0.5359426140785217,50.95910727977753,0.5062522888183594,1,True,False,True,52.5,True,-0.19920250773429876,UNRANKED,,False,,,
2017-09-05,2017-09-06,2017-09-07,GE,XLI,110.33260456888128,106.8750228881836,108.61648344025404,1,take_profit,SHORT,SHORT,0.4947972446680069,0.49003905057907104,0.49955543875694275,0.49003905057907104,0.5549449920654297,50.52027553319931,0.5062522888183594,2,False,True,True,52.5,True,0.005804598331451364,UNRANKED,,False,,,
2017-09-06,2017-09-07,2017-09-08,GE,XLI,108.64811499994535,107.53995513916016,106.84966834467191,1,stop_loss,LONG,LONG,0.501561775803566,0.5035681128501892,0.49955543875694275,0.5035681128501892,0.5128270983695984,50.1561775803566,0.5062522888183594,2,False,True,True,52.5,True,0.18577262759208682,UNRANKED,,False,,,
2017-09-07,2017-09-08,2017-09-15,GE,XLI,106.16575739491908,107.13700103759766,107.13700103759766,5,time_exit,LONG,LONG,0.5093629211187363,0.5191704034805298,0.49955543875694275,0.5191704034805298,0.5855287313461304,50.93629211187363,0.5062522888183594,1,True,True,False,52.5,True,-0.003409534692764161,UNRANKED,,False,,,
2017-09-08,2017-09-11,2017-09-18,GE,XLI,105.50084663068402,109.50984954833984,107.64758604544407,5,take_profit,LONG,LONG,0.5095459669828415,0.5195364952087402,0.49955543875694275,0.5195364952087402,0.5680750012397766,50.95459669828415,0.5062522888183594,1,True,True,False,52.5,True,-0.17228001356124883,UNRANKED,,False,,,
2017-09-11,2017-09-12,2017-09-18,GE,XLI,105.58953359049582,108.3458023071289,107.76160477492662,4,stop_loss,SHORT,SHORT,0.49663981795310974,0.49372419714927673,0.49955543875694275,0.49372419714927673,0.572162389755249,50.336018204689026,0.5062522888183594,2,False,True,True,52.5,True,0.26216083765029913,UNRANKED,,False,,,
2017-09-12,2017-09-13,2017-09-18,GE,XLI,106.07712278946995,108.88308715820312,108.29985751324227,3,stop_loss,SHORT,SHORT,0.4980899840593338,0.49662452936172485,0.49955543875694275,0.49662452936172485,0.5496402978897095,50.19100159406662,0.5062522888183594,2,False,True,True,52.5,True,0.40849080681800837,UNRANKED,,False,,,
2017-09-13,2017-09-14,2017-09-18,GE,XLI,106.8307035176646,110.80821990966797,109.04709930449496,2,stop_loss,SHORT,SHORT,0.49358485639095306,0.4876142740249634,0.49955543875694275,0.4876142740249634,0.6296296715736389,50.641514360904694,0.5062522888183594,1,True,False,True,52.5,True,0.4083218276500702,UNRANKED,,False,,,
2017-09-14,2017-09-15,2017-09-21,GE,XLI,107.89810629616602,111.34546661376953,110.15249973750251,4,stop_loss,SHORT,SHORT,0.4955691546201706,0.49158287048339844,0.49955543875694275,0.49158287048339844,0.5488901734352112,50.44308453798294,0.5062522888183594,2,False,True,True,52.5,True,0.39434668421745295,UNRANKED,,False,,,
2017-09-15,2017-09-18,2017-09-21,GE,XLI,107.27130107350628,112.41998291015625,109.46294056499623,3,take_profit,LONG,LONG,0.5000476092100143,0.5005397796630859,0.49955543875694275,0.5005397796630859,0.470956414937973,50.004760921001434,0.5062522888183594,2,False,True,True,52.5,True,0.07239001989364628,UNRANKED,,False,,,
2017-09-18,2017-09-19,2017-09-25,GE,XLI,109.50984720402779,111.61412048339844,112.02780025927333,4,stop_loss,SHORT,SHORT,0.4940307289361954,0.488506019115448,0.49955543875694275,0.488506019115448,0.5125518441200256,50.59692710638046,0.5062522888183594,2,False,True,True,52.5,True,-0.16836574673652643,UNRANKED,,False,,,
2017-09-19,2017-09-20,2017-09-22,GE,XLI,108.34583168383226,109.1069107055664,111.01107782989811,2,stop_loss,SHORT,SHORT,0.4956548810005188,0.49175432324409485,0.49955543875694275,0.49175432324409485,0.5157015323638916,50.43451189994812,0.5062522888183594,2,False,True,True,52.5,True,-0.1208583116531371,UNRANKED,,False,,,
2017-09-20,2017-09-21,2017-09-25,GE,XLI,108.9278367433569,108.52490997314453,111.56851950877264,2,stop_loss,SHORT,SHORT,0.4969785511493683,0.4944016635417938,0.49955543875694275,0.4944016635417938,0.4920499920845032,50.30214488506317,0.5062522888183594,2,False,True,True,52.5,True,0.04563707113266002,UNRANKED,,False,,,
2017-09-21,2017-09-22,2017-09-29,GE,XLI,111.21115099544099,108.25624084472656,108.46642508688909,5,take_profit,SHORT,SHORT,0.4911111444234848,0.48266685009002686,0.49955543875694275,0.48266685009002686,0.5458636283874512,50.88888555765152,0.5062522888183594,1,True,False,True,52.5,True,-0.18174302577972423,UNRANKED,,False,,,
2017-09-22,2017-09-25,2017-09-27,GE,XLI,111.56933623743718,110.00233459472656,109.12148205914477,2,take_profit,SHORT,SHORT,0.4959278702735901,0.4923003017902374,0.49955543875694275,0.4923003017902374,0.5361992716789246,50.40721297264099,0.5062522888183594,2,False,True,True,52.5,True,-0.19092968106269836,UNRANKED,,False,,,
2017-09-25,2017-09-26,2017-09-27,GE,XLI,112.59908294073419,111.03207397460938,110.24469429501711,1,take_profit,SHORT,SHORT,0.4996003657579422,0.49964529275894165,0.49955543875694275,0.49964529275894165,0.5235005617141724,50.03996342420578,0.5062522888183594,2,False,True,True,52.5,True,0.11960372328758241,UNRANKED,,False,,,
2017-09-26,2017-09-27,2017-09-28,GE,XLI,111.92748147981871,109.59940338134766,109.56562365685554,1,take_profit,SHORT,SHORT,0.4923350065946579,0.48511457443237305,0.49955543875694275,0.48511457443237305,0.5997535586357117,50.76649934053421,0.5062522888183594,1,True,False,True,52.5,True,0.3552029430866241,UNRANKED,,False,,,
2017-09-27,2017-09-28,2017-10-05,GE,XLI,109.19648107015189,109.86802673339844,109.86802673339844,5,time_exit,LONG,LONG,0.5060188919305801,0.5124823451042175,0.49955543875694275,0.5124823451042175,0.5534212589263916,50.601889193058014,0.5062522888183594,2,False,True,True,52.5,True,0.2194441854953766,UNRANKED,,False,,,
2017-09-28,2017-09-29,2017-10-03,GE,XLI,108.4353235452546,109.19647216796875,110.54191163642369,2,take_profit,LONG,LONG,0.5064780861139297,0.5134007334709167,0.49955543875694275,0.5134007334709167,0.5198075175285339,50.647808611392975,0.5062522888183594,1,True,True,False,52.5,True,-0.03385329246520987,UNRANKED,,False,,,
2017-09-29,2017-10-02,2017-10-03,GE,XLI,108.43534989327554,104.89845275878906,110.51699422398146,1,take_profit,LONG,LONG,0.5026756376028061,0.5057958364486694,0.49955543875694275,0.5057958364486694,0.5261240005493164,50.26756376028061,0.5062522888183594,2,False,True,True,52.5,True,0.17998975515365603,UNRANKED,,False,,,
2017-10-02,2017-10-03,2017-10-09,GE,XLI,110.1814273544164,104.5850601196289,107.97066533049062,4,take_profit,SHORT,SHORT,0.49970103800296783,0.4998466372489929,0.49955543875694275,0.4998466372489929,0.5279926657676697,50.02989619970322,0.5062522888183594,2,False,True,True,52.5,True,0.04260191321372982,UNRANKED,,False,,,
2017-10-03,2017-10-04,2017-10-09,GE,XLI,111.39023797198467,103.28667449951172,109.1590182715801,3,take_profit,SHORT,SHORT,0.499725341796875,0.49989524483680725,0.49955543875694275,0.49989524483680725,0.4387805759906769,50.0274658203125,0.5062522888183594,2,False,True,True,52.5,True,0.036131829023361255,UNRANKED,,False,,,
2017-10-04,2017-10-05,2017-10-09,GE,XLI,109.196462875677,103.19712829589844,106.85556626923169,2,take_profit,SHORT,SHORT,0.49197666347026825,0.48439788818359375,0.49955543875694275,0.48439788818359375,0.5600981712341309,50.802333652973175,0.5062522888183594,1,True,False,True,52.5,True,0.12249809503555309,UNRANKED,,False,,,
2017-10-05,2017-10-06,2017-10-09,GE,XLI,109.28601354812545,102.88374328613281,106.96430704875324,1,take_profit,SHORT,SHORT,0.4988810420036316,0.49820664525032043,0.49955543875694275,0.49820664525032043,0.5607218742370605,50.11189579963684,0.5062522888183594,2,False,True,True,52.5,True,0.16140162944793698,UNRANKED,,False,,,
2017-10-06,2017-10-09,2017-10-10,GE,XLI,107.89811401068101,104.5850601196289,105.8194495034963,1,take_profit,SHORT,SHORT,0.4979977011680603,0.49643996357917786,0.49955543875694275,0.49643996357917786,0.5569186806678772,50.20022988319397,0.5062522888183594,2,False,True,True,52.5,True,-0.010388582944869957,UNRANKED,,False,,,
2017-10-09,2017-10-10,2017-10-11,GE,XLI,106.10727072573492,103.82394409179688,103.58089590884039,1,stop_loss,LONG,LONG,0.5054640024900436,0.5113725662231445,0.49955543875694275,0.5113725662231445,0.4409492611885071,50.546400249004364,0.5062522888183594,2,False,True,True,52.5,True,0.0753504633903502,UNRANKED,,False,,,
2017-10-10,2017-10-11,2017-10-18,GE,XLI,103.55529857804785,103.51054382324219,103.51054382324219,5,time_exit,LONG,LONG,0.5044569820165634,0.5093585252761841,0.49955543875694275,0.5093585252761841,0.465189665555954,50.44569820165634,0.5062522888183594,2,False,True,True,52.5,True,-0.024792850017547538,UNRANKED,,False,,,
2017-10-11,2017-10-12,2017-10-19,GE,XLI,103.19712829589844,105.56999206542969,105.56999206542969,5,time_exit,SHORT,SHORT,0.4974740296602249,0.4953926205635071,0.49955543875694275,0.4953926205635071,0.5617042183876038,50.25259703397751,0.5062522888183594,2,False,True,True,52.5,True,-0.01685038208961492,UNRANKED,,False,,,
2017-10-12,2017-10-13,2017-10-20,GE,XLI,103.64484846832335,106.68927764892578,105.98574616468217,5,stop_loss,SHORT,SHORT,0.49104703962802887,0.482538640499115,0.49955543875694275,0.482538640499115,0.6071794629096985,50.89529603719711,0.5062522888183594,1,True,False,True,52.5,True,-0.13235294818878182,UNRANKED,,False,,,
2017-10-13,2017-10-16,2017-10-19,GE,XLI,102.92853387817712,99.92884826660156,105.16069853359006,3,stop_loss,SHORT,SHORT,0.4928514361381531,0.4861474335193634,0.49955543875694275,0.4861474335193634,0.6150053143501282,50.71485638618469,0.5062522888183594,1,True,False,True,52.5,True,-0.12838992476463315,UNRANKED,,False,,,
2017-10-16,2017-10-17,2017-10-20,GE,XLI,103.95825972248876,98.00373077392578,106.31834643600718,3,take_profit,LONG,LONG,0.5023586601018906,0.5051618814468384,0.49955543875694275,0.5051618814468384,0.5342880487442017,50.235866010189056,0.5062522888183594,2,False,True,True,52.5,True,-0.022868067026138392,UNRANKED,,False,,,
2017-10-17,2017-10-18,2017-10-20,GE,XLI,103.86870930406259,96.25764465332031,105.9793540532953,2,stop_loss,SHORT,SHORT,0.4975389987230301,0.49552255868911743,0.49955543875694275,0.49552255868911743,0.5749889612197876,50.24610012769699,0.5062522888183594,2,False,True,True,52.5,True,-0.06029498577117916,UNRANKED,,False,,,
2017-10-18,2017-10-19,2017-10-20,GE,XLI,103.60006799319983,95.4517822265625,105.67234124759436,1,stop_loss,SHORT,SHORT,0.49711914360523224,0.49468284845352173,0.49955543875694275,0.49468284845352173,0.5578040480613708,50.288085639476776,0.5062522888183594,2,False,True,True,52.5,True,-0.09178620576858519,UNRANKED,,False,,,
2017-10-19,2017-10-20,2017-10-25,GE,XLI,99.12297859806424,93.07891845703125,96.79487975598835,3,take_profit,SHORT,SHORT,0.4956786185503006,0.49180179834365845,0.49955543875694275,0.49180179834365845,0.5597519874572754,50.43213814496994,0.5062522888183594,2,False,True,True,52.5,True,-0.24042141437530512,UNRANKED,,False,,,
2017-10-20,2017-10-23,2017-10-24,GE,XLI,104.94320002088733,91.37759399414062,102.70464520259772,1,take_profit,SHORT,SHORT,0.4891362190246582,0.47871699929237366,0.49955543875694275,0.47871699929237366,0.5737451314926147,51.08637809753418,0.5062522888183594,1,True,False,True,52.5,True,-0.17675125598907462,UNRANKED,,False,,,
2017-10-23,2017-10-24,2017-10-26,GE,XLI,99.03346030952082,90.25833129882812,95.97623549088243,2,take_profit,SHORT,SHORT,0.49613156914711,0.4927076995372772,0.49955543875694275,0.4927076995372772,0.4849897623062134,50.386843085289,0.5062522888183594,2,False,True,True,52.5,True,-0.1581244170665741,UNRANKED,,False,,,
2017-10-24,2017-10-25,2017-10-27,GE,XLI,97.77985510121118,89.63153839111328,94.65228072551363,2,stop_loss,LONG,LONG,0.5042240768671036,0.5088927149772644,0.49955543875694275,0.5088927149772644,0.4771727919578552,50.42240768671036,0.5062522888183594,2,False,True,True,52.5,True,-0.1284297108650207,UNRANKED,,False,,,
2017-10-25,2017-10-26,2017-10-27,GE,XLI,96.57105313757627,89.27337646484375,93.2324126520852,1,stop_loss,LONG,LONG,0.50848089158535,0.5174063444137573,0.49955543875694275,0.5174063444137573,0.599302351474762,50.848089158535004,0.5062522888183594,1,True,True,False,52.5,True,0.1560194790363312,UNRANKED,,False,,,
2017-10-26,2017-10-27,2017-10-30,GE,XLI,95.18315890712059,90.16880798339844,91.82533158429692,1,stop_loss,LONG,LONG,0.515711173415184,0.5318669080734253,0.49955543875694275,0.5318669080734253,0.6649617552757263,51.5711173415184,0.5062522888183594,1,True,True,False,52.5,True,0.012750566005706801,HIGH,,True,0.9242286027286315,1.0,0.08845074041741996
2017-10-27,2017-10-30,2017-11-06,GE,XLI,92.31778902016892,90.12399291992188,90.12399291992188,5,time_exit,LONG,LONG,0.5042310208082199,0.5089066028594971,0.49955543875694275,0.5089066028594971,0.6016529202461243,50.42310208082199,0.5062522888183594,2,False,True,True,52.5,True,0.10713347792625419,HIGH,,True,0.49616565237273635,1.0,0.08845074041741996
2017-10-30,2017-10-31,2017-11-07,GE,XLI,90.70603816434748,90.48219299316406,90.48219299316406,5,time_exit,LONG,LONG,0.5052741318941116,0.5109928250312805,0.49955543875694275,0.5109928250312805,0.6270446181297302,50.52741318941116,0.5062522888183594,2,False,True,True,52.5,True,0.19554948806762693,HIGH,,True,0.9565774638653304,1.0,0.09138844952519075
2017-10-31,2017-11-01,2017-11-08,GE,XLI,89.85539539713588,90.07926940917969,90.07926940917969,5,time_exit,LONG,LONG,0.5173741728067398,0.5351929068565369,0.49955543875694275,0.5351929068565369,0.667130708694458,51.73741728067398,0.5062522888183594,1,True,True,False,52.5,True,-0.3945940434932709,LOW,,True,-1.048835458631473,1.0,0.09138844952519075
2017-11-01,2017-11-02,2017-11-09,GE,XLI,89.76585762141788,89.49723052978516,89.49723052978516,5,time_exit,LONG,LONG,0.5130019336938858,0.5264484286308289,0.49955543875694275,0.5264484286308289,0.6894605159759521,51.30019336938858,0.5062522888183594,1,True,True,False,52.5,True,-0.421233057975769,LOW,,True,-1.3912402161653492,1.0,0.09138844952519075
2017-11-02,2017-11-03,2017-11-10,GE,XLI,89.18384555461436,91.73578643798828,91.73578643798828,5,time_exit,LONG,LONG,0.5159951895475388,0.5324349403381348,0.49955543875694275,0.5324349403381348,0.6452029943466187,51.599518954753876,0.5062522888183594,1,True,True,False,52.5,True,-0.31616312265396124,LOW,,True,-0.6882974412540985,1.0,0.1441838741995961
2017-11-03,2017-11-06,2017-11-13,GE,XLI,91.8700599456617,85.15445709228516,88.64654811356068,5,stop_loss,LONG,LONG,0.5053553730249405,0.5111553072929382,0.49955543875694275,0.5111553072929382,0.5112528800964355,50.53553730249405,0.5062522888183594,2,False,True,True,52.5,True,-0.15235558152198797,UNRANKED,,False,,,
2017-11-06,2017-11-07,2017-11-13,GE,XLI,90.3031102235517,80.14009094238281,87.18192710064433,4,stop_loss,LONG,LONG,0.5197384208440781,0.5399214029312134,0.49955543875694275,0.5399214029312134,0.5573523640632629,51.973842084407806,0.5062522888183594,1,True,True,False,52.5,True,0.10876539349555983,UNRANKED,,False,,,
2017-11-07,2017-11-08,2017-11-13,GE,XLI,90.48220211774647,81.75183868408203,87.35461902274089,3,stop_loss,LONG,LONG,0.5121196359395981,0.5246838331222534,0.49955543875694275,0.5246838331222534,0.5183552503585815,51.21196359395981,0.5062522888183594,1,True,True,False,52.5,True,0.03427833318710334,UNRANKED,,False,,,
2017-11-08,2017-11-09,2017-11-13,GE,XLI,89.72108755523706,81.70708465576172,86.83015083997479,2,stop_loss,LONG,LONG,0.5039007514715195,0.5082460641860962,0.49955543875694275,0.5082460641860962,0.5263299345970154,50.39007514715195,0.5062522888183594,2,False,True,True,52.5,True,0.1864863336086273,UNRANKED,,False,,,
2017-11-09,2017-11-10,2017-11-13,GE,XLI,89.45246331186806,81.52799224853516,86.63827612576314,1,stop_loss,LONG,LONG,0.5177864879369736,0.5360175371170044,0.49955543875694275,0.5360175371170044,0.5512216091156006,51.77864879369736,0.5062522888183594,1,True,True,False,52.5,True,-0.3105700612068177,UNRANKED,,False,,,
2017-11-10,2017-11-13,2017-11-14,GE,XLI,90.7060591458208,80.49828338623047,88.53785388459033,1,stop_loss,LONG,LONG,0.5028769820928574,0.506198525428772,0.49955543875694275,0.506198525428772,0.47963812947273254,50.287698209285736,0.5062522888183594,2,False,True,True,52.5,True,-0.6183757483959199,UNRANKED,,False,,,
2017-11-13,2017-11-14,2017-11-20,GE,XLI,84.12470729357284,79.82669067382812,81.29132891048133,4,stop_loss,LONG,LONG,0.5104903429746628,0.5214252471923828,0.49955543875694275,0.5214252471923828,0.4230961799621582,51.04903429746628,0.5062522888183594,1,True,True,False,52.5,True,-0.04886269569396983,UNRANKED,,False,,,
2017-11-14,2017-11-15,2017-11-16,GE,XLI,78.39401245838948,81.25936126708984,81.69428798852341,1,take_profit,LONG,LONG,0.5144549757242203,0.5293545126914978,0.49955543875694275,0.5293545126914978,0.4496244490146637,51.44549757242203,0.5062522888183594,1,True,True,False,52.5,True,-0.0744751393795014,UNRANKED,,False,,,
2017-11-15,2017-11-16,2017-11-24,GE,XLI,82.73681420008724,81.4384536743164,81.4384536743164,5,time_exit,SHORT,SHORT,0.484225258231163,0.4688950777053833,0.49955543875694275,0.4688950777053833,0.4702054262161255,51.5774741768837,0.5062522888183594,1,True,False,True,52.5,True,-0.04674988985061638,UNRANKED,,False,,,
2017-11-16,2017-11-17,2017-11-27,GE,XLI,82.11001477602676,81.12506103515625,81.12506103515625,5,time_exit,LONG,LONG,0.5214671939611435,0.5433789491653442,0.49955543875694275,0.5433789491653442,0.5577556490898132,52.14671939611435,0.5062522888183594,1,True,True,False,52.5,True,0.00438827276229856,UNRANKED,,False,,,
2017-11-17,2017-11-20,2017-11-28,GE,XLI,80.36397483515984,82.42343139648438,82.42343139648438,5,time_exit,LONG,LONG,0.5173809975385666,0.5352065563201904,0.49955543875694275,0.5352065563201904,0.5841664671897888,51.73809975385666,0.5062522888183594,1,True,True,False,52.5,True,0.030896216630935808,UNRANKED,,False,,,
2017-11-20,2017-11-21,2017-11-29,GE,XLI,80.36394606796613,82.73680114746094,82.73680114746094,5,time_exit,LONG,LONG,0.5097443014383316,0.5199331641197205,0.49955543875694275,0.5199331641197205,0.5949491262435913,50.97443014383316,0.5062522888183594,1,True,True,False,52.5,True,0.39455977082252497,UNRANKED,,False,,,
2017-11-21,2017-11-22,2017-11-30,GE,XLI,81.25936126708984,81.88616180419922,81.88616180419922,5,time_exit,LONG,LONG,0.5051432400941849,0.510731041431427,0.49955543875694275,0.510731041431427,0.5747790932655334,50.51432400941849,0.5062522888183594,2,False,True,True,52.5,True,0.3361948430538177,UNRANKED,,False,,,
2017-11-22,2017-11-24,2017-12-01,GE,XLI,82.28910036824246,80.05052947998047,80.05052947998047,5,time_exit,LONG,LONG,0.5106912404298782,0.5218270421028137,0.49955543875694275,0.5218270421028137,0.5248861312866211,51.06912404298782,0.5062522888183594,1,True,True,False,52.5,True,0.17639982700347898,UNRANKED,,False,,,
2017-11-24,2017-11-27,2017-12-04,GE,XLI,82.110023435929,80.36395263671875,80.36395263671875,5,time_exit,LONG,LONG,0.5116873234510422,0.5238192081451416,0.49955543875694275,0.5238192081451416,0.5671458840370178,51.16873234510422,0.5062522888183594,1,True,True,False,52.5,True,-0.2591643333435059,UNRANKED,,False,,,
2017-11-27,2017-11-28,2017-12-05,GE,XLI,81.34892748289222,79.51327514648438,79.51327514648438,5,time_exit,LONG,LONG,0.5052025467157364,0.51084965467453,0.49955543875694275,0.51084965467453,0.5649905800819397,50.52025467157364,0.5062522888183594,2,False,True,True,52.5,True,-0.008297204971313352,UNRANKED,,False,,,
2017-11-28,2017-11-29,2017-12-05,GE,XLI,82.602492647914,79.06558227539062,79.51968755932583,4,take_profit,SHORT,SHORT,0.4987570643424988,0.4979586899280548,0.49955543875694275,0.4979586899280548,0.5473756194114685,50.12429356575012,0.5062522888183594,2,False,True,True,52.5,True,0.3429705500602722,UNRANKED,,False,,,
2017-11-29,2017-11-30,2017-12-05,GE,XLI,83.09498117203104,79.28944396972656,80.02496948815828,3,stop_loss,LONG,LONG,0.5153103619813919,0.5310652852058411,0.49955543875694275,0.5310652852058411,0.49177825450897217,51.53103619813919,0.5062522888183594,1,True,True,False,52.5,True,0.7570742517709733,UNRANKED,,False,,,
2017-11-30,2017-12-01,2017-12-08,GE,XLI,81.8413708833851,79.28944396972656,79.28944396972656,5,time_exit,LONG,LONG,0.5111280232667923,0.5227006077766418,0.49955543875694275,0.5227006077766418,0.4591660797595978,51.11280232667923,0.5062522888183594,1,True,True,False,52.5,True,0.8479579240083696,UNRANKED,,False,,,
2017-12-01,2017-12-04,2017-12-11,GE,XLI,80.58780253580069,79.02079772949219,79.02079772949219,5,time_exit,LONG,LONG,0.5093753784894943,0.5191953182220459,0.49955543875694275,0.5191953182220459,0.42556145787239075,50.93753784894943,0.5062522888183594,1,True,True,False,52.5,True,0.6620680689811707,UNRANKED,,False,,,
2017-12-04,2017-12-05,2017-12-12,GE,XLI,79.6028165049728,80.18484497070312,80.18484497070312,5,time_exit,LONG,LONG,0.5103301852941513,0.5211049318313599,0.49955543875694275,0.5211049318313599,0.43664178252220154,51.03301852941513,0.5062522888183594,1,True,True,False,52.5,True,0.9026293158531189,UNRANKED,,False,,,
2017-12-05,2017-12-06,2017-12-13,GE,XLI,78.84172527606098,79.51327514648438,79.51327514648438,5,time_exit,LONG,LONG,0.5149159580469131,0.5302764773368835,0.49955543875694275,0.5302764773368835,0.42016077041625977,51.491595804691315,0.5062522888183594,1,True,True,False,52.5,True,0.9851449728012086,UNRANKED,,False,,,
2017-12-06,2017-12-07,2017-12-14,GE,XLI,79.73715086750822,78.97602844238281,78.97602844238281,5,time_exit,LONG,LONG,0.5145001262426376,0.5294448137283325,0.49955543875694275,0.5294448137283325,0.4313603639602661,51.45001262426376,0.5062522888183594,1,True,True,False,52.5,True,0.5404448807239532,UNRANKED,,False,,,
2017-12-07,2017-12-08,2017-12-15,GE,XLI,79.33421109581056,79.78193664550781,79.78193664550781,5,time_exit,LONG,LONG,0.5107247680425644,0.521894097328186,0.49955543875694275,0.521894097328186,0.4253399074077606,51.07247680425644,0.5062522888183594,1,True,True,False,52.5,True,0.7956983149051667,UNRANKED,,False,,,
2017-12-08,2017-12-11,2017-12-18,GE,XLI,78.8417150043151,79.51327514648438,79.51327514648438,5,time_exit,LONG,LONG,0.5101768523454666,0.5207982659339905,0.49955543875694275,0.5207982659339905,0.4323752820491791,51.01768523454666,0.5062522888183594,1,True,True,False,52.5,True,0.4529310464859008,UNRANKED,,False,,,
2017-12-11,2017-12-12,2017-12-14,GE,XLI,80.36393482862788,78.752197265625,79.07835460227464,2,stop_loss,LONG,LONG,0.5076848715543747,0.5158143043518066,0.49955543875694275,0.5158143043518066,0.44720685482025146,50.76848715543747,0.5062522888183594,1,True,True,False,52.5,True,0.3352292776107788,UNRANKED,,False,,,
2017-12-12,2017-12-13,2017-12-19,GE,XLI,80.22961314177834,78.12538146972656,78.87368226845246,4,stop_loss,LONG,LONG,0.5117592960596085,0.5239631533622742,0.49955543875694275,0.5239631533622742,0.4756125211715698,51.175929605960846,0.5062522888183594,1,True,True,False,52.5,True,0.269495576620102,UNRANKED,,False,,,
2017-12-13,2017-12-14,2017-12-20,GE,XLI,79.5580508469134,78.21495056152344,78.31084865487936,4,stop_loss,LONG,LONG,0.5094449669122696,0.5193344950675964,0.49955543875694275,0.5193344950675964,0.467982679605484,50.94449669122696,0.5062522888183594,1,True,True,False,52.5,True,0.042267739772796756,UNRANKED,,False,,,
2017-12-14,2017-12-15,2017-12-20,GE,XLI,79.60284673313723,78.34925079345703,78.30447964154962,3,take_profit,SHORT,SHORT,0.4897804409265518,0.4800054430961609,0.49955543875694275,0.4800054430961609,0.5321149230003357,51.02195590734482,0.5062522888183594,1,True,False,True,52.5,True,0.3931913971900941,UNRANKED,,False,,,
2017-12-15,2017-12-18,2017-12-20,GE,XLI,80.00575618186399,78.57463836669922,78.63702972399568,2,take_profit,SHORT,SHORT,0.4971567839384079,0.49475812911987305,0.49955543875694275,0.49475812911987305,0.5013458728790283,50.28432160615921,0.5062522888183594,2,False,True,True,52.5,True,0.3948833644390107,UNRANKED,,False,,,
2017-12-18,2017-12-19,2017-12-20,GE,XLI,79.55807689805472,78.3492660522461,78.33645170622995,1,stop_loss,LONG,LONG,0.5113608986139297,0.5231663584709167,0.49955543875694275,0.5231663584709167,0.5141315460205078,51.136089861392975,0.5062522888183594,1,True,True,False,52.5,True,0.5787876844406128,UNRANKED,,False,,,
2017-12-19,2017-12-20,2017-12-28,GE,XLI,78.93126090676186,78.25909423828125,78.25909423828125,5,time_exit,LONG,LONG,0.5069097131490707,0.5142639875411987,0.49955543875694275,0.5142639875411987,0.4531604051589966,50.690971314907074,0.5062522888183594,1,True,True,False,52.5,True,0.3293039202690125,UNRANKED,,False,,,
2017-12-20,2017-12-21,2017-12-29,GE,XLI,78.17017630216982,78.66480255126953,78.66480255126953,5,time_exit,LONG,LONG,0.5092305392026901,0.5189056396484375,0.49955543875694275,0.5189056396484375,0.5107851624488831,50.92305392026901,0.5062522888183594,1,True,True,False,52.5,True,0.2734215259552003,UNRANKED,,False,,,
2017-12-21,2017-12-22,2018-01-02,GE,XLI,78.3940250480724,81.05406951904297,79.39819614705398,5,take_profit,LONG,LONG,0.5075445622205734,0.5155336856842041,0.49955543875694275,0.5155336856842041,0.46525654196739197,50.75445622205734,0.5062522888183594,1,True,True,False,52.5,True,0.6763893365859985,UNRANKED,,False,,,
2017-12-22,2017-12-26,2018-01-02,GE,XLI,78.66479797258967,81.82044982910156,79.64338008231344,4,take_profit,LONG,LONG,0.5046827346086502,0.5098100304603577,0.49955543875694275,0.5098100304603577,0.4577952027320862,50.46827346086502,0.5062522888183594,2,False,True,True,52.5,True,0.3862353265285492,UNRANKED,,False,,,
2017-12-26,2017-12-27,2018-01-02,GE,XLI,78.70990458219134,83.5334701538086,79.59915956091623,3,take_profit,LONG,LONG,0.5050199180841446,0.5104843974113464,0.49955543875694275,0.5104843974113464,0.4157111942768097,50.50199180841446,0.5062522888183594,2,False,True,True,52.5,True,0.29755961894989014,UNRANKED,,False,,,
2017-12-27,2017-12-28,2018-01-02,GE,XLI,78.21401084075532,83.57853698730469,79.07150573996012,2,take_profit,LONG,LONG,0.5093568116426468,0.5191581845283508,0.49955543875694275,0.5191581845283508,0.48322877287864685,50.93568116426468,0.5062522888183594,1,True,True,False,52.5,True,0.2976250350475312,UNRANKED,,False,,,
2017-12-28,2017-12-29,2018-01-02,GE,XLI,77.85336605102596,82.40645599365234,78.69176239589203,1,take_profit,LONG,LONG,0.5078141838312149,0.5160729289054871,0.49955543875694275,0.5160729289054871,0.5109899044036865,50.78141838312149,0.5062522888183594,1,True,True,False,52.5,True,0.3040348291397095,UNRANKED,,False,,,
2017-12-29,2018-01-02,2018-01-03,GE,XLI,79.25086251302318,83.66873168945312,80.14721718831615,1,take_profit,LONG,LONG,0.5061910599470139,0.512826681137085,0.49955543875694275,0.512826681137085,0.5146805644035339,50.619105994701385,0.5062522888183594,2,False,True,True,52.5,True,0.2867059111595154,UNRANKED,,False,,,
2018-01-02,2018-01-03,2018-01-10,GE,XLI,82.49665800281345,85.33666229248047,83.69595849632628,5,take_profit,LONG,LONG,0.5012219995260239,0.502888560295105,0.49955543875694275,0.502888560295105,0.5596765875816345,50.12219995260239,0.5062522888183594,2,False,True,True,52.5,True,0.30830639600753784,UNRANKED,,False,,,
2018-01-03,2018-01-04,2018-01-10,GE,XLI,82.85726937902038,85.74237060546875,83.99976031094002,4,stop_loss,SHORT,SHORT,0.4862911105155945,0.4730267822742462,0.49955543875694275,0.4730267822742462,0.5465601682662964,51.37088894844055,0.5062522888183594,1,True,False,True,52.5,True,-0.02187022566795347,UNRANKED,,False,,,
2018-01-04,2018-01-05,2018-01-08,GE,XLI,85.02109787579663,84.57032012939453,83.72982830095009,1,take_profit,SHORT,SHORT,0.48346251249313354,0.46736958622932434,0.49955543875694275,0.46736958622932434,0.4477182626724243,51.653748750686646,0.5062522888183594,1,True,False,True,52.5,True,0.23529043793678292,UNRANKED,,False,,,
2018-01-05,2018-01-08,2018-01-11,GE,XLI,84.16457911783078,82.09090423583984,85.38553728259083,3,stop_loss,SHORT,SHORT,0.49971678853034973,0.4998781383037567,0.49955543875694275,0.4998781383037567,0.46187901496887207,50.02832114696503,0.5062522888183594,2,False,True,True,52.5,True,0.3147843778133392,UNRANKED,,False,,,
2018-01-08,2018-01-09,2018-01-10,GE,XLI,82.63188500922284,78.2140121459961,83.90515357262964,1,stop_loss,SHORT,SHORT,0.4990386664867401,0.4985218942165375,0.49955543875694275,0.4985218942165375,0.4443650543689728,50.09613335132599,0.5062522888183594,2,False,True,True,52.5,True,0.09575411677360535,UNRANKED,,False,,,
2018-01-09,2018-01-10,2018-01-11,GE,XLI,83.80393458081241,75.599365234375,85.21914802947312,1,stop_loss,SHORT,SHORT,0.49804583191871643,0.4965362250804901,0.49955543875694275,0.4965362250804901,0.4802107810974121,50.19541680812836,0.5062522888183594,2,False,True,True,52.5,True,-0.19762632250785822,UNRANKED,,False,,,
2018-01-10,2018-01-11,2018-01-12,GE,XLI,86.68904994240334,73.30027770996094,85.1442861048615,1,stop_loss,LONG,LONG,0.5019078403711319,0.504260241985321,0.49955543875694275,0.504260241985321,0.488346666097641,50.19078403711319,0.5062522888183594,2,False,True,True,52.5,True,-0.01033473014831537,UNRANKED,,False,,,
2018-01-11,2018-01-12,2018-01-16,GE,XLI,86.19320062120495,72.89456939697266,84.68002356693597,1,take_profit,SHORT,SHORT,0.4988917410373688,0.4982280433177948,0.49955543875694275,0.4982280433177948,0.5144492983818054,50.11082589626312,0.5062522888183594,2,False,True,True,52.5,True,0.48428517580032354,UNRANKED,,False,,,
2018-01-12,2018-01-16,2018-01-17,GE,XLI,82.58678573224392,76.14031219482422,80.91896848022104,1,stop_loss,LONG,LONG,0.5007457286119461,0.5019360184669495,0.49955543875694275,0.5019360184669495,0.4715554416179657,50.07457286119461,0.5062522888183594,2,False,True,True,52.5,True,0.340248316526413,UNRANKED,,False,,,
2018-01-16,2018-01-17,2018-01-18,GE,XLI,79.56641362195121,74.11174011230469,77.5635798468396,1,take_profit,SHORT,SHORT,0.49694447219371796,0.49433350563049316,0.49955543875694275,0.49433350563049316,0.491812527179718,50.305552780628204,0.5062522888183594,2,False,True,True,52.5,True,-0.0012359321117400013,UNRANKED,,False,,,
2018-01-17,2018-01-18,2018-01-19,GE,XLI,78.43941107004296,72.93962860107422,75.91493379255971,1,stop_loss,LONG,LONG,0.5045609921216965,0.5095665454864502,0.49955543875694275,0.5095665454864502,0.4459034204483032,50.45609921216965,0.5062522888183594,2,False,True,True,52.5,True,0.1689605414867402,UNRANKED,,False,,,
2018-01-18,2018-01-19,2018-01-26,GE,XLI,75.05840099557638,72.7142105102539,72.7142105102539,5,time_exit,LONG,LONG,0.5023936480283737,0.5052318572998047,0.49955543875694275,0.5052318572998047,0.44952136278152466,50.23936480283737,0.5062522888183594,2,False,True,True,52.5,True,-0.0016190409660337898,UNRANKED,,False,,,
2018-01-19,2018-01-22,2018-01-23,GE,XLI,71.67740358379778,73.39044952392578,74.85876519094064,1,take_profit,LONG,LONG,0.5004401355981827,0.5013248324394226,0.49955543875694275,0.5013248324394226,0.5382155179977417,50.04401355981827,0.5062522888183594,2,False,True,True,52.5,True,-0.1434211134910583,UNRANKED,,False,,,
2018-01-22,2018-01-23,2018-01-30,GE,XLI,73.48058596547997,71.90280151367188,71.90280151367188,5,time_exit,SHORT,SHORT,0.47988665103912354,0.4602178633213043,0.49955543875694275,0.4602178633213043,0.6014745235443115,52.01133489608765,0.5062522888183594,1,True,False,True,52.5,True,0.03464558720588703,UNRANKED,,False,,,
2018-01-23,2018-01-24,2018-01-25,GE,XLI,76.63622436224257,72.89456939697266,73.33250906508856,1,stop_loss,LONG,LONG,0.5036193281412125,0.5076832175254822,0.49955543875694275,0.5076832175254822,0.6375280618667603,50.361932814121246,0.5062522888183594,2,False,True,True,52.5,True,0.23690804839134205,HIGH,,True,1.0697625104988868,1.0,-0.023925438749370302
2018-01-24,2018-01-25,2018-02-01,GE,XLI,74.38219674886587,72.21835327148438,72.21835327148438,5,time_exit,LONG,LONG,0.5120541900396347,0.5245529413223267,0.49955543875694275,0.5245529413223267,0.6409406661987305,51.20541900396347,0.5062522888183594,1,True,True,False,52.5,True,0.40902307629585266,HIGH,,True,2.2206021203875315,1.0,-0.032919181327145206
2018-01-25,2018-01-26,2018-02-02,GE,XLI,72.7142105102539,70.50530242919922,70.50530242919922,5,time_exit,LONG,LONG,0.509120985865593,0.5186865329742432,0.49955543875694275,0.5186865329742432,0.5795530080795288,50.912098586559296,0.5062522888183594,1,True,True,False,52.5,True,0.007777512073517054,UNRANKED,,False,,,
2018-01-26,2018-01-29,2018-02-05,GE,XLI,72.21836713871498,67.21446228027344,68.78584695351688,5,stop_loss,LONG,LONG,0.5098915845155716,0.5202277302742004,0.49955543875694275,0.5202277302742004,0.5408933162689209,50.98915845155716,0.5062522888183594,1,True,True,False,52.5,True,0.051300466060638386,UNRANKED,,False,,,
2018-01-29,2018-01-30,2018-02-05,GE,XLI,72.579002306423,68.83734893798828,69.21731668979355,4,stop_loss,LONG,LONG,0.5045568197965622,0.5095582008361816,0.49955543875694275,0.5095582008361816,0.4344926178455353,50.45568197965622,0.5062522888183594,2,False,True,True,52.5,True,0.11354219913482676,UNRANKED,,False,,,
2018-01-30,2018-01-31,2018-02-05,GE,XLI,72.39868782604222,68.74718475341797,69.00480616449089,3,stop_loss,LONG,LONG,0.5102759450674057,0.5209964513778687,0.49955543875694275,0.5209964513778687,0.47065433859825134,51.02759450674057,0.5062522888183594,1,True,True,False,52.5,True,0.060260236263275264,UNRANKED,,False,,,
2018-01-31,2018-02-01,2018-02-05,GE,XLI,72.39867249972295,65.1407699584961,69.10138551241826,2,stop_loss,LONG,LONG,0.5076524764299393,0.5157495141029358,0.49955543875694275,0.5157495141029358,0.4937628507614136,50.76524764299393,0.5062522888183594,1,True,True,False,52.5,True,0.004772663116455085,UNRANKED,,False,,,
2018-02-01,2018-02-02,2018-02-05,GE,XLI,71.63230830951426,67.34968566894531,68.29637734899528,1,stop_loss,LONG,LONG,0.5095945447683334,0.5196336507797241,0.49955543875694275,0.5196336507797241,0.4721750020980835,50.95945447683334,0.5062522888183594,1,True,True,False,52.5,True,-0.30214995145797724,UNRANKED,,False,,,
2018-02-02,2018-02-05,2018-02-08,GE,XLI,69.78402949421185,66.8087387084961,66.37081276709131,3,stop_loss,LONG,LONG,0.5229023098945618,0.5297327041625977,0.5160719156265259,0.5297327041625977,0.5668321251869202,52.29023098945618,0.5062522888183594,1,True,True,False,52.5,True,0.09538681805133821,UNRANKED,,False,,,
2018-02-05,2018-02-06,2018-02-13,GE,XLI,66.8087466693331,66.13252258300781,66.13252258300781,5,time_exit,LONG,LONG,0.5287361443042755,0.5414003729820251,0.5160719156265259,0.5414003729820251,0.5164102911949158,52.87361443042755,0.5062522888183594,1,True,True,False,52.5,True,1.6966152340173721,UNRANKED,,False,,,
2018-02-06,2018-02-07,2018-02-08,GE,XLI,69.01766360263593,67.16935729980469,65.81052990076651,1,stop_loss,LONG,LONG,0.5117955952882767,0.5313063859939575,0.4922848045825958,0.5313063859939575,0.5523228645324707,51.17955952882767,0.5062522888183594,1,True,True,False,52.5,True,0.44844594597816473,UNRANKED,,False,,,
2018-02-07,2018-02-08,2018-02-15,GE,XLI,68.47670439856576,66.94397735595703,66.94397735595703,5,time_exit,LONG,LONG,0.5164305716753006,0.5424244403839111,0.49043670296669006,0.4821118443904133,0.5455412268638611,51.64305716753006,0.5101221203804016,1,True,True,False,62.046978915300656,False,0.5225009918212891,UNRANKED,,False,,,
2018-02-08,2018-02-09,2018-02-16,GE,XLI,66.2226799376817,67.84556579589844,67.84556579589844,5,time_exit,LONG,LONG,0.5195901840925217,0.5487436652183533,0.49043670296669006,0.4821118443904133,0.49941858649253845,51.95901840925217,0.5101221203804016,1,True,True,False,62.046978915300656,False,0.4944069981575012,UNRANKED,,False,,,
2018-02-09,2018-02-12,2018-02-20,GE,XLI,67.89066122484508,66.44808197021484,66.44808197021484,5,time_exit,LONG,LONG,0.5089748799800873,0.5100088715553284,0.5079408884048462,0.4821118443904133,0.5557703971862793,50.89748799800873,0.5101221203804016,2,False,True,True,62.046978915300656,False,1.0254797786474228,UNRANKED,,False,,,
2018-02-12,2018-02-13,2018-02-21,GE,XLI,66.44808477259055,65.32109832763672,65.32109832763672,5,time_exit,LONG,LONG,0.5261951088905334,0.5444493293762207,0.5079408884048462,0.4821118443904133,0.5149371027946472,52.619510889053345,0.5101221203804016,1,True,True,False,62.046978915300656,False,1.0513017326593401,UNRANKED,,False,,,
2018-02-13,2018-02-14,2018-02-22,GE,XLI,66.22267089246571,65.90713500976562,65.90713500976562,5,time_exit,LONG,LONG,0.5488070845603943,0.5896732807159424,0.5079408884048462,0.5612244897959184,0.5479732751846313,54.88070845603943,0.5101221203804016,1,True,True,False,62.046978915300656,False,1.1628756523132322,UNRANKED,,False,,,
2018-02-14,2018-02-15,2018-02-23,GE,XLI,67.30461581772302,65.86168670654297,65.86168670654297,5,time_exit,LONG,LONG,0.5310852825641632,0.5471571087837219,0.5150134563446045,0.4821118443904133,0.5376558899879456,53.10852825641632,0.5101221203804016,1,True,True,False,62.046978915300656,False,0.5259625911712649,UNRANKED,,False,,,
2018-02-15,2018-02-16,2018-02-26,GE,XLI,66.94396266277252,66.58893585205078,66.58893585205078,5,time_exit,LONG,LONG,0.5388442575931549,0.5582584738731384,0.5194300413131714,0.5,0.5197969079017639,53.88442575931549,0.5101221203804016,1,True,True,False,62.046978915300656,False,0.2596661746501921,UNRANKED,,False,,,
2018-02-16,2018-02-20,2018-02-27,GE,XLI,67.25952551589214,65.90713500976562,65.90713500976562,5,time_exit,LONG,LONG,0.523120790719986,0.54706871509552,0.4991728663444519,0.4821118443904133,0.5187540650367737,52.312079071998596,0.5101221203804016,1,True,True,False,62.046978915300656,False,0.3942400813102723,UNRANKED,,False,,,
2018-02-20,2018-02-21,2018-02-28,GE,XLI,66.31286129271,64.13443756103516,64.13443756103516,5,time_exit,SHORT,SHORT,0.4992136210203171,0.49925437569618225,0.4991728663444519,0.4821118443904133,0.5490267872810364,50.07863789796829,0.5101221203804016,2,False,True,True,62.046978915300656,False,0.32626694440841664,UNRANKED,,False,,,
2018-02-21,2018-02-22,2018-03-01,GE,XLI,65.5014131715572,63.72538757324219,63.72538757324219,5,time_exit,LONG,LONG,0.5042888522148132,0.5094048380851746,0.4991728663444519,0.4821118443904133,0.5137563943862915,50.42888522148132,0.5101221203804016,2,False,True,True,62.046978915300656,False,0.39403957128524797,UNRANKED,,False,,,
2018-02-22,2018-02-23,2018-03-02,GE,XLI,66.04349823786404,64.1799087524414,64.1799087524414,5,time_exit,LONG,LONG,0.5192947387695312,0.5394166111946106,0.4991728663444519,0.4821118443904133,0.5767852663993835,51.929473876953125,0.5101221203804016,1,True,True,False,62.046978915300656,False,0.5528533458709717,UNRANKED,,False,,,
2018-02-23,2018-02-26,2018-03-05,GE,XLI,65.40715360887073,65.54351806640625,65.54351806640625,5,time_exit,LONG,LONG,0.5100531578063965,0.5209334492683411,0.4991728663444519,0.4821118443904133,0.582663357257843,51.00531578063965,0.5101221203804016,2,False,True,True,62.046978915300656,False,0.4121435582637786,UNRANKED,,False,,,
2018-02-26,2018-02-27,2018-02-28,GE,XLI,66.67983762460209,66.54351043701172,64.56661631984483,1,take_profit,SHORT,SHORT,0.48530709743499756,0.4714413285255432,0.4991728663444519,0.4630541871921182,0.6536476612091064,51.469290256500244,0.5101221203804016,1,True,False,True,62.046978915300656,False,0.36043706536293024,UNRANKED,,False,,,
2018-02-27,2018-02-28,2018-03-01,GE,XLI,66.36164603714364,65.95258331298828,64.38286556316206,1,take_profit,SHORT,SHORT,0.4944571554660797,0.4897414445877075,0.4991728663444519,0.4821118443904133,0.5826649069786072,50.55428445339203,0.5101221203804016,2,False,True,True,62.046978915300656,False,0.33551886677742015,UNRANKED,,False,,,
2018-02-28,2018-03-01,2018-03-08,GE,XLI,64.36173521329155,65.99803924560547,65.99803924560547,5,time_exit,LONG,LONG,0.5043406784534454,0.509508490562439,0.4991728663444519,0.4821118443904133,0.5000733733177185,50.43406784534454,0.5101221203804016,2,False,True,True,62.046978915300656,False,0.31675744056701655,UNRANKED,,False,,,
2018-03-01,2018-03-02,2018-03-05,GE,XLI,63.5890176871082,67.90705108642578,65.3513936549514,1,take_profit,LONG,LONG,0.5110616385936737,0.5229504108428955,0.4991728663444519,0.4821118443904133,0.5058300495147705,51.10616385936737,0.5101221203804016,1,True,True,False,62.046978915300656,False,0.3565032184123993,UNRANKED,,False,,,
2018-03-02,2018-03-05,2018-03-06,GE,XLI,64.452641556646,68.63433074951172,65.96438973431061,1,take_profit,LONG,LONG,0.5036770701408386,0.5081812739372253,0.4991728663444519,0.4821118443904133,0.5216465592384338,50.36770701408386,0.5101221203804016,2,False,True,True,62.046978915300656,False,0.3581080734729767,UNRANKED,,False,,,
2018-03-05,2018-03-06,2018-03-12,GE,XLI,66.3616988322758,65.58893585205078,67.9909702032998,4,take_profit,LONG,LONG,0.5098575353622437,0.5205422043800354,0.4991728663444519,0.4821118443904133,0.5182645320892334,50.985753536224365,0.5101221203804016,2,False,True,True,62.046978915300656,False,0.34887930750846874,UNRANKED,,False,,,
2018-03-06,2018-03-07,2018-03-09,GE,XLI,65.81622106543897,64.86170959472656,67.49174618576542,2,take_profit,LONG,LONG,0.5079384744167328,0.5167040824890137,0.4991728663444519,0.4821118443904133,0.5299094319343567,50.79384744167328,0.5101221203804016,2,False,True,True,62.046978915300656,False,0.22505286335945127,UNRANKED,,False,,,
2018-03-07,2018-03-08,2018-03-09,GE,XLI,65.90713348337664,65.27080535888672,67.51895751902117,1,take_profit,LONG,LONG,0.5107669234275818,0.5223609805107117,0.4991728663444519,0.4821118443904133,0.5173127055168152,51.07669234275818,0.5101221203804016,1,True,True,False,62.046978915300656,False,0.12060186266899098,UNRANKED,,False,,,
2018-03-08,2018-03-09,2018-03-12,GE,XLI,66.45255216107368,65.04353332519531,68.03867276654243,1,take_profit,LONG,LONG,0.5067325830459595,0.514292299747467,0.4991728663444519,0.4821118443904133,0.5517679452896118,50.67325830459595,0.5101221203804016,2,False,True,True,62.046978915300656,False,0.3130904138088227,UNRANKED,,False,,,
2018-03-09,2018-03-12,2018-03-13,GE,XLI,68.27070045034608,63.9526481628418,66.54066221618035,1,take_profit,SHORT,SHORT,0.49488596618175507,0.4905990660190582,0.4991728663444519,0.4821118443904133,0.5770508646965027,50.51140338182449,0.5101221203804016,2,False,True,True,62.046978915300656,False,0.30338001251220703,UNRANKED,,False,,,
2018-03-12,2018-03-13,2018-03-14,GE,XLI,66.77071756736841,61.99814224243164,65.13642278500234,1,take_profit,SHORT,SHORT,0.49674735963344574,0.4943218529224396,0.4991728663444519,0.4821118443904133,0.6060801148414612,50.325264036655426,0.5101221203804016,2,False,True,True,62.046978915300656,False,0.26974666118621826,UNRANKED,,False,,,
2018-03-13,2018-03-14,2018-03-20,GE,XLI,65.725317900571,63.089027404785156,63.81696436750738,4,stop_loss,LONG,LONG,0.519113153219223,0.5390534400939941,0.4991728663444519,0.4821118443904133,0.526227593421936,51.9113153219223,0.5101221203804016,1,True,True,False,62.046978915300656,False,0.2822399735450745,UNRANKED,,False,,,
2018-03-14,2018-03-15,2018-03-20,GE,XLI,65.04353729280066,60.680023193359375,63.115013820423435,3,stop_loss,LONG,LONG,0.5216550529003143,0.5441372394561768,0.4991728663444519,0.4821118443904133,0.5257267355918884,52.16550529003143,0.5101221203804016,1,True,True,False,62.046978915300656,False,0.38585224747657776,UNRANKED,,False,,,
2018-03-15,2018-03-16,2018-03-20,GE,XLI,65.17988836773505,59.40733337402344,63.199415258081025,2,stop_loss,LONG,LONG,0.5114830732345581,0.5237932801246643,0.4991728663444519,0.4821118443904133,0.5663166046142578,51.14830732345581,0.5101221203804016,1,True,True,False,62.046978915300656,False,0.3617834448814394,UNRANKED,,False,,,
2018-03-16,2018-03-19,2018-03-20,GE,XLI,64.81625651419783,58.589168548583984,62.90720870623187,1,stop_loss,LONG,LONG,0.5175776183605194,0.5359823703765869,0.4991728663444519,0.4821118443904133,0.517198920249939,51.75776183605194,0.5101221203804016,1,True,True,False,62.046978915300656,False,0.37942019104957575,UNRANKED,,False,,,
2018-03-19,2018-03-20,2018-03-22,GE,XLI,64.08898875596222,61.08909606933594,62.12150033084364,2,stop_loss,LONG,LONG,0.5231321156024933,0.5470913648605347,0.4991728663444519,0.4821118443904133,0.5133957862854004,52.31321156024933,0.5101221203804016,1,True,True,False,62.046978915300656,False,0.42570775747299217,UNRANKED,,False,,,
2018-03-20,2018-03-21,2018-03-23,GE,XLI,62.089064111271284,62.17996597290039,60.09560304734132,2,stop_loss,LONG,LONG,0.5151778757572174,0.5311828851699829,0.4991728663444519,0.4821118443904133,0.5441011786460876,51.51778757572174,0.5101221203804016,1,True,True,False,62.046978915300656,False,0.3346032798290252,UNRANKED,,False,,,
2018-03-21,2018-03-22,2018-03-23,GE,XLI,62.498149508195915,61.27091979980469,60.40728341932873,1,stop_loss,LONG,LONG,0.5095924437046051,0.5200120210647583,0.4991728663444519,0.4821118443904133,0.5807321667671204,50.95924437046051,0.5101221203804016,2,False,True,True,62.046978915300656,False,0.29111105203628534,UNRANKED,,False,,,
2018-03-22,2018-03-23,2018-04-02,GE,XLI,60.90728582075889,59.63458251953125,59.63458251953125,5,time_exit,LONG,LONG,0.5286034047603607,0.5421933531761169,0.5150134563446045,0.4821118443904133,0.5164932012557983,52.86034047603607,0.5101221203804016,1,True,True,False,62.046978915300656,False,0.7171327769756316,UNRANKED,,False,,,
2018-03-23,2018-03-26,2018-04-03,GE,XLI,60.134577349292755,59.6800422668457,59.6800422668457,5,time_exit,LONG,LONG,0.5324996113777161,0.5570583343505859,0.5079408884048462,0.5,0.5356823801994324,53.249961137771606,0.5101221203804016,1,True,True,False,62.046978915300656,False,0.5774247050285339,UNRANKED,,False,,,
2018-03-26,2018-03-27,2018-03-28,GE,XLI,58.72553161829422,60.361839294433594,61.05664570608021,1,take_profit,LONG,LONG,0.5177368521690369,0.5363008379936218,0.4991728663444519,0.4821118443904133,0.5479650497436523,51.77368521690369,0.5101221203804016,1,True,True,False,62.046978915300656,False,0.9421636760234833,UNRANKED,,False,,,
2018-03-27,2018-03-28,2018-04-05,GE,XLI,61.452719902147024,61.043636322021484,61.043636322021484,5,time_exit,LONG,LONG,0.5097181797027588,0.5044229030609131,0.5150134563446045,0.4821118443904133,0.5550491809844971,50.97181797027588,0.5101221203804016,2,False,True,True,62.046978915300656,False,0.9066262543201448,UNRANKED,,False,,,
2018-03-28,2018-03-29,2018-04-06,GE,XLI,61.72544867870853,59.361881256103516,59.361881256103516,5,time_exit,LONG,LONG,0.5070171356201172,0.4990208148956299,0.5150134563446045,0.4821118443904133,0.5760021209716797,50.70171356201172,0.5101221203804016,2,False,True,True,62.046978915300656,False,1.0471147894859316,UNRANKED,,False,,,
2018-03-29,2018-04-02,2018-04-09,GE,XLI,61.13453819992431,58.31645202636719,58.52421715500243,5,stop_loss,LONG,LONG,0.5227861702442169,0.5261422991752625,0.5194300413131714,0.4821118443904133,0.5064205527305603,52.27861702442169,0.5101221203804016,1,True,True,False,62.046978915300656,False,0.7094614505767822,UNRANKED,,False,,,
2018-04-02,2018-04-03,2018-04-10,GE,XLI,59.63458938808306,59.31641387939453,59.31641387939453,5,time_exit,LONG,LONG,0.5195058882236481,0.53107088804245,0.5079408884048462,0.4821118443904133,0.4842870831489563,51.95058882236481,0.5101221203804016,1,True,True,False,62.046978915300656,False,0.6978234946727754,UNRANKED,,False,,,
2018-04-03,2018-04-04,2018-04-05,GE,XLI,58.27099600946246,58.95279312133789,60.58262026396162,1,take_profit,LONG,LONG,0.5244106352329254,0.5338078141212463,0.5150134563446045,0.4821118443904133,0.5277174115180969,52.44106352329254,0.5101221203804016,1,True,True,False,62.046978915300656,False,0.9159385263919833,UNRANKED,,False,,,
2018-04-04,2018-04-05,2018-04-12,GE,XLI,60.40729243430767,59.907310485839844,59.907310485839844,5,time_exit,LONG,LONG,0.5202467739582062,0.5413206815719604,0.4991728663444519,0.4821118443904133,0.5312597751617432,52.02467739582062,0.5101221203804016,1,True,True,False,62.046978915300656,False,0.4762859344482423,UNRANKED,,False,,,
2018-04-05,2018-04-06,2018-04-13,GE,XLI,60.543663521895276,61.31635284423828,61.31635284423828,5,time_exit,LONG,LONG,0.5265130400657654,0.5538532137870789,0.4991728663444519,0.5,0.5254396200180054,52.65130400657654,0.5101221203804016,1,True,True,False,62.046978915300656,False,0.579208791255951,UNRANKED,,False,,,
2018-04-06,2018-04-09,2018-04-16,GE,XLI,59.54368705962504,60.589115142822266,60.589115142822266,5,time_exit,LONG,LONG,0.5225176513195038,0.5300218462944031,0.5150134563446045,0.4821118443904133,0.4846736788749695,52.25176513195038,0.5101221203804016,1,True,True,False,62.046978915300656,False,0.8194050788879393,UNRANKED,,False,,,
2018-04-09,2018-04-10,2018-04-17,GE,XLI,59.13459876276958,62.679962158203125,61.67998003631171,5,take_profit,LONG,LONG,0.5135474503040314,0.5279220342636108,0.4991728663444519,0.4821118443904133,0.5188199877738953,51.35474503040314,0.5101221203804016,1,True,True,False,62.046978915300656,False,0.6949428021907806,UNRANKED,,False,,,
2018-04-10,2018-04-11,2018-04-13,GE,XLI,58.68007222830217,62.089073181152344,61.08909006364676,2,take_profit,LONG,LONG,0.5210787951946259,0.5429847240447998,0.4991728663444519,0.4821118443904133,0.6039985418319702,52.107879519462585,0.5101221203804016,1,True,True,False,62.046978915300656,False,0.49425092339515686,MEDIUM,,True,3.3049546700012096,1.0,0.11527883880825056
2018-04-11,2018-04-12,2018-04-17,GE,XLI,59.22551006605107,63.589019775390625,61.53063298649611,3,take_profit,LONG,LONG,0.51323002576828,0.5272871851921082,0.4991728663444519,0.4821118443904133,0.5071187615394592,51.323002576828,0.5101221203804016,1,True,True,False,62.046978915300656,False,0.4481844007968901,UNRANKED,,False,,,
2018-04-12,2018-04-13,2018-04-19,GE,XLI,60.9527298373367,66.08892059326172,63.050068922506895,4,stop_loss,SHORT,SHORT,0.49743010103702545,0.495687335729599,0.4991728663444519,0.4821118443904133,0.6357987523078918,50.256989896297455,0.5101221203804016,2,False,True,True,62.046978915300656,False,0.2933566868305205,UNRANKED,,False,,,
2018-04-13,2018-04-16,2018-04-19,GE,XLI,61.36182142062966,65.99803924560547,63.47863943995165,3,stop_loss,SHORT,SHORT,0.49887678027153015,0.4985806941986084,0.4991728663444519,0.4821118443904133,0.5966191291809082,50.112321972846985,0.5101221203804016,2,False,True,True,62.046978915300656,False,0.32041493058204645,UNRANKED,,False,,,
2018-04-16,2018-04-17,2018-04-19,GE,XLI,60.81638292402395,66.72529602050781,62.92021135419973,2,take_profit,LONG,LONG,0.5176859200000763,0.5361989736557007,0.4991728663444519,0.4821118443904133,0.49264052510261536,51.76859200000763,0.5101221203804016,1,True,True,False,62.046978915300656,False,0.2842876613140107,UNRANKED,,False,,,
2018-04-17,2018-04-18,2018-04-20,GE,XLI,63.089036620739414,63.86172866821289,65.13442497871932,2,stop_loss,SHORT,SHORT,0.49612434208393097,0.49307581782341003,0.4991728663444519,0.4821118443904133,0.6111744046211243,50.3875657916069,0.5101221203804016,2,False,True,True,62.046978915300656,False,0.21290716528892512,UNRANKED,,False,,,
2018-04-18,2018-04-19,2018-04-20,GE,XLI,62.134520313571514,65.36170959472656,64.10848282490662,1,take_profit,LONG,LONG,0.5083023011684418,0.5174317359924316,0.4991728663444519,0.4821118443904133,0.5432407855987549,50.83023011684418,0.5101221203804016,2,False,True,True,62.046978915300656,False,0.13411006331443803,UNRANKED,,False,,,
2018-04-19,2018-04-20,2018-04-25,GE,XLI,67.9070496381683,65.36170959472656,65.8486727809557,3,take_profit,SHORT,SHORT,0.486131951212883,0.4730910360813141,0.4991728663444519,0.4630541871921182,0.6578913331031799,51.3868048787117,0.5101221203804016,1,True,False,True,62.046978915300656,False,0.22560453414916995,UNRANKED,,False,,,
2018-04-20,2018-04-23,2018-04-25,GE,XLI,67.04346636522448,63.9526481628418,64.86172328835505,2,take_profit,SHORT,SHORT,0.48652346432209015,0.4738740622997284,0.4991728663444519,0.4630541871921182,0.6637223958969116,51.347653567790985,0.5101221203804016,1,True,False,True,62.046978915300656,False,0.2918761968612671,UNRANKED,,False,,,
2018-04-23,2018-04-24,2018-04-25,GE,XLI,66.6343902535909,63.86172866821289,64.44615837667264,1,stop_loss,LONG,LONG,0.5080775022506714,0.5169821381568909,0.4991728663444519,0.4821118443904133,0.4938514530658722,50.80775022506714,0.5101221203804016,2,False,True,True,62.046978915300656,False,0.2111496031284332,UNRANKED,,False,,,
2018-04-24,2018-04-25,2018-04-30,GE,XLI,66.90708911041102,64.45262145996094,64.71236298387642,3,stop_loss,LONG,LONG,0.5118401944637299,0.5245075225830078,0.4991728663444519,0.4821118443904133,0.547559916973114,51.184019446372986,0.5101221203804016,1,True,True,False,62.046978915300656,False,0.2333073914051056,UNRANKED,,False,,,
2018-04-25,2018-04-26,2018-05-03,GE,XLI,64.13447075003232,63.31629180908203,63.31629180908203,5,time_exit,SHORT,SHORT,0.48971980810165405,0.4802667498588562,0.4991728663444519,0.46938775510204084,0.5960474014282227,51.028019189834595,0.5101221203804016,1,True,False,True,62.046978915300656,False,0.35604462027549755,UNRANKED,,False,,,
2018-04-26,2018-04-27,2018-05-04,GE,XLI,64.63445614201967,64.08899688720703,64.08899688720703,5,time_exit,SHORT,SHORT,0.4991048574447632,0.49903684854507446,0.4991728663444519,0.4821118443904133,0.6237983107566833,50.08951425552368,0.5101221203804016,2,False,True,True,62.046978915300656,False,0.26569265127182007,UNRANKED,,False,,,
2018-04-27,2018-04-30,2018-05-07,GE,XLI,65.31624181992849,63.9526481628418,63.9526481628418,5,time_exit,LONG,LONG,0.500206857919693,0.5012408494949341,0.4991728663444519,0.4821118443904133,0.5223721861839294,50.0206857919693,0.5101221203804016,2,False,True,True,62.046978915300656,False,0.3952873945236206,UNRANKED,,False,,,
2018-04-30,2018-05-01,2018-05-08,GE,XLI,63.998083663004024,64.86170959472656,64.86170959472656,5,time_exit,SHORT,SHORT,0.49348272383213043,0.48779258131980896,0.4991728663444519,0.4821118443904133,0.5654515027999878,50.65172761678696,0.5101221203804016,2,False,True,True,62.046978915300656,False,0.4788251817226408,UNRANKED,,False,,,
2018-05-01,2018-05-02,2018-05-09,GE,XLI,64.0889912460945,66.45255279541016,66.43956955419996,5,take_profit,LONG,LONG,0.5262573063373566,0.5533417463302612,0.4991728663444519,0.5,0.500906229019165,52.62573063373566,0.5101221203804016,1,True,True,False,62.046978915300656,False,0.46309846639633184,UNRANKED,,False,,,
2018-05-02,2018-05-03,2018-05-10,GE,XLI,64.49807377933173,66.77074432373047,66.77074432373047,5,time_exit,LONG,LONG,0.5179374814033508,0.5367020964622498,0.4991728663444519,0.4821118443904133,0.43786898255348206,51.79374814033508,0.5101221203804016,1,True,True,False,62.046978915300656,False,0.4336613714694976,UNRANKED,,False,,,
2018-05-03,2018-05-04,2018-05-09,GE,XLI,63.043577115799806,66.36165618896484,65.30325009815192,3,stop_loss,SHORT,SHORT,0.4988197982311249,0.49846673011779785,0.4991728663444519,0.4821118443904133,0.4991058111190796,50.11802017688751,0.5101221203804016,2,False,True,True,62.046978915300656,False,0.45736265182495117,UNRANKED,,False,,,
2018-05-04,2018-05-07,2018-05-09,GE,XLI,64.04355392424814,66.86164855957031,66.30972224613012,2,take_profit,LONG,LONG,0.5096803903579712,0.5201879143714905,0.4991728663444519,0.4821118443904133,0.511699378490448,50.96803903579712,0.5101221203804016,2,False,True,True,62.046978915300656,False,0.4019783437252044,UNRANKED,,False,,,
2018-05-07,2018-05-08,2018-05-09,GE,XLI,64.45263007196047,66.86164855957031,66.43958435226878,1,take_profit,LONG,LONG,0.511712908744812,0.5242529511451721,0.4991728663444519,0.4821118443904133,0.5223839282989502,51.1712908744812,0.5101221203804016,1,True,True,False,62.046978915300656,False,0.3493998646736146,UNRANKED,,False,,,
2018-05-08,2018-05-09,2018-05-16,GE,XLI,65.22531456681165,68.31615447998047,67.25772205495339,5,take_profit,LONG,LONG,0.5110117793083191,0.5228506922721863,0.4991728663444519,0.4821118443904133,0.5310994386672974,51.10117793083191,0.5101221203804016,1,True,True,False,62.046978915300656,False,0.27444031834602367,UNRANKED,,False,,,
2018-05-09,2018-05-10,2018-05-17,GE,XLI,67.08891812135045,68.31615447998047,68.31615447998047,5,time_exit,LONG,LONG,0.50420281291008,0.509232759475708,0.4991728663444519,0.4821118443904133,0.5311761498451233,50.420281291007996,0.5101221203804016,2,False,True,True,62.046978915300656,False,0.2439569234848023,UNRANKED,,False,,,
2018-05-10,2018-05-11,2018-05-18,GE,XLI,66.99799639663495,68.04341125488281,68.04341125488281,5,time_exit,LONG,LONG,0.5052697360515594,0.511366605758667,0.4991728663444519,0.4821118443904133,0.5544258952140808,50.526973605155945,0.5101221203804016,2,False,True,True,62.046978915300656,False,0.19643422961235052,UNRANKED,,False,,,
2018-05-11,2018-05-14,2018-05-21,GE,XLI,66.81619206473043,69.36157989501953,68.59537013915845,5,take_profit,LONG,LONG,0.5020102858543396,0.5048477053642273,0.4991728663444519,0.4821118443904133,0.5302034616470337,50.20102858543396,0.5101221203804016,2,False,True,True,62.046978915300656,False,0.2684790194034576,UNRANKED,,False,,,
2018-05-14,2018-05-15,2018-05-21,GE,XLI,66.81619206473043,69.4979248046875,68.56290379568746,4,take_profit,LONG,LONG,0.5115997791290283,0.5240266919136047,0.4991728663444519,0.4821118443904133,0.6078574657440186,51.15997791290283,0.5101221203804016,1,True,True,False,62.046978915300656,False,0.11658051609992978,LOW,,True,0.9174509869491256,1.0,0.19044378081811233
2018-05-15,2018-05-16,2018-05-17,GE,XLI,66.86165504390839,64.45262145996094,68.19928572453757,1,take_profit,LONG,LONG,0.5168233215808868,0.5344737768173218,0.4991728663444519,0.4821118443904133,0.5603267550468445,51.682332158088684,0.5101221203804016,1,True,True,False,62.046978915300656,False,0.20298177003860465,UNRANKED,,False,,,
2018-05-16,2018-05-17,2018-05-23,GE,XLI,68.72523402924891,66.36165618896484,67.39409977806308,4,stop_loss,LONG,LONG,0.5159270167350769,0.5326811671257019,0.4991728663444519,0.4821118443904133,0.5621270537376404,51.59270167350769,0.5101221203804016,1,True,True,False,62.046978915300656,False,0.22611865401268003,UNRANKED,,False,,,
2018-05-17,2018-05-18,2018-05-23,GE,XLI,68.54339637606611,66.4980239868164,67.21226212488028,3,stop_loss,LONG,LONG,0.5124549567699432,0.5257370471954346,0.4991728663444519,0.4821118443904133,0.4946820139884949,51.245495676994324,0.5101221203804016,1,True,True,False,62.046978915300656,False,0.2623877823352813,UNRANKED,,False,,,
2018-05-18,2018-05-21,2018-05-23,GE,XLI,69.81611597976358,64.45262145996094,68.64731290097592,2,stop_loss,LONG,LONG,0.5102311372756958,0.5212894082069397,0.4991728663444519,0.4821118443904133,0.45812129974365234,51.02311372756958,0.5101221203804016,1,True,True,False,62.046978915300656,False,0.15163105726242057,UNRANKED,,False,,,
2018-05-21,2018-05-22,2018-05-23,GE,XLI,69.95245353988258,64.40716552734375,68.6083291545938,1,take_profit,SHORT,SHORT,0.49704550206661224,0.4949181377887726,0.4991728663444519,0.4821118443904133,0.5418071746826172,50.295449793338776,0.5101221203804016,2,False,True,True,62.046978915300656,False,0.2360232472419739,UNRANKED,,False,,,
2018-05-22,2018-05-23,2018-05-24,GE,XLI,69.08884337184416,63.998104095458984,67.80965439828111,1,take_profit,SHORT,SHORT,0.4930602014064789,0.48694753646850586,0.4991728663444519,0.4821118443904133,0.5218696594238281,50.69397985935211,0.5101221203804016,2,False,True,True,62.046978915300656,False,0.2375646531581877,UNRANKED,,False,,,
2018-05-23,2018-05-24,2018-06-01,GE,XLI,65.17986704559725,64.08899688720703,64.08899688720703,5,time_exit,SHORT,SHORT,0.47704312205314636,0.4549133777618408,0.4991728663444519,0.40298507462686567,0.569738507270813,52.295687794685364,0.5101221203804016,1,True,False,True,62.046978915300656,False,0.3363011181354523,UNRANKED,,False,,,
2018-05-24,2018-05-25,2018-05-30,GE,XLI,66.40711822536548,62.316341400146484,64.4071716311272,2,take_profit,SHORT,SHORT,0.4575739800930023,0.41597509384155273,0.4991728663444519,0.25925925925925924,0.6248448491096497,54.24260199069977,0.5101221203804016,1,True,False,True,62.046978915300656,False,0.18929734826087957,UNRANKED,,False,,,
2018-05-25,2018-05-29,2018-06-04,GE,XLI,65.81621486298715,62.725399017333984,63.81626554396511,4,take_profit,SHORT,SHORT,0.476654052734375,0.4541352391242981,0.4991728663444519,0.39285714285714285,0.5950181484222412,52.3345947265625,0.5101221203804016,1,True,False,True,62.046978915300656,False,0.24296098947525013,UNRANKED,,False,,,
2018-05-29,2018-05-30,2018-06-06,GE,XLI,64.27081052745471,61.99814224243164,62.108526766294,5,take_profit,SHORT,SHORT,0.49210742115974426,0.4850419759750366,0.4991728663444519,0.47843942505133474,0.5530473589897156,50.789257884025574,0.5101221203804016,2,False,True,True,62.046978915300656,False,0.25354686379432684,UNRANKED,,False,,,
2018-05-30,2018-05-31,2018-06-06,GE,XLI,64.08900986633957,62.63450622558594,62.147495714902625,4,take_profit,SHORT,SHORT,0.4985949248075485,0.49801698327064514,0.4991728663444519,0.4821118443904133,0.5345922112464905,50.14050751924515,0.5101221203804016,2,False,True,True,62.046978915300656,False,0.279589742422104,UNRANKED,,False,,,
2018-05-31,2018-06-01,2018-06-06,GE,XLI,64.08899688720703,63.31629180908203,62.13450132097517,3,take_profit,SHORT,SHORT,0.4998961389064789,0.5006194114685059,0.4991728663444519,0.4821118443904133,0.5067018866539001,50.01038610935211,0.5101221203804016,2,False,True,True,62.046978915300656,False,0.2977850139141082,UNRANKED,,False,,,
2018-06-01,2018-06-04,2018-06-06,GE,XLI,64.22537721134445,63.5435676574707,62.316338122686524,2,stop_loss,LONG,LONG,0.5098973214626312,0.5206217765808105,0.4991728663444519,0.4821118443904133,0.475980669260025,50.98973214626312,0.5101221203804016,2,False,True,True,62.046978915300656,False,0.29044425487518305,UNRANKED,,False,,,
2018-06-04,2018-06-05,2018-06-12,GE,XLI,62.31631954156982,63.5435676574707,63.5435676574707,5,time_exit,SHORT,SHORT,0.49642372131347656,0.4936745762825012,0.4991728663444519,0.4821118443904133,0.5265840291976929,50.357627868652344,0.5101221203804016,2,False,True,True,62.046978915300656,False,0.23582854866981512,UNRANKED,,False,,,
2018-06-05,2018-06-06,2018-06-13,GE,XLI,62.81630114685445,63.134483337402344,63.134483337402344,5,time_exit,LONG,LONG,0.5022845566272736,0.5053962469100952,0.4991728663444519,0.4821118443904133,0.5407361388206482,50.228455662727356,0.5101221203804016,2,False,True,True,62.046978915300656,False,0.2628183662891388,UNRANKED,,False,,,
2018-06-06,2018-06-07,2018-06-14,GE,XLI,61.952709370296006,61.99814224243164,61.99814224243164,5,time_exit,LONG,LONG,0.5066188871860504,0.5140649080276489,0.4991728663444519,0.4821118443904133,0.4893791079521179,50.66188871860504,0.5101221203804016,2,False,True,True,62.046978915300656,False,0.27485203742980957,UNRANKED,,False,,,
2018-06-07,2018-06-08,2018-06-15,GE,XLI,62.63449507516801,60.98930740356445,60.98930740356445,5,time_exit,SHORT,SHORT,0.49940256774425507,0.4996322691440582,0.4991728663444519,0.4821118443904133,0.5567082166671753,50.05974322557449,0.5101221203804016,2,False,True,True,62.046978915300656,False,0.2516273856163026,UNRANKED,,False,,,
2018-06-08,2018-06-11,2018-06-15,GE,XLI,63.58901691949073,60.53075408935547,61.394280983734596,4,stop_loss,LONG,LONG,0.5020675659179688,0.5049622654914856,0.4991728663444519,0.4821118443904133,0.4906473755836487,50.206756591796875,0.5101221203804016,2,False,True,True,62.046978915300656,False,0.35949361324310297,UNRANKED,,False,,,
2018-06-11,2018-06-12,2018-06-15,GE,XLI,63.77083567554507,59.38433074951172,61.731941567181515,3,stop_loss,LONG,LONG,0.5010897815227509,0.5030066967010498,0.4991728663444519,0.4821118443904133,0.5028170943260193,50.108978152275085,0.5101221203804016,2,False,True,True,62.046978915300656,False,0.2867205142974852,UNRANKED,,False,,,
2018-06-12,2018-06-13,2018-06-15,GE,XLI,63.725374350847325,59.06332778930664,61.70595808672205,2,stop_loss,LONG,LONG,0.5016003847122192,0.5040279030799866,0.4991728663444519,0.4821118443904133,0.5425434708595276,50.160038471221924,0.5101221203804016,2,False,True,True,62.046978915300656,False,0.18500858545303342,UNRANKED,,False,,,
2018-06-13,2018-06-14,2018-06-15,GE,XLI,63.04356911719187,58.5130500793457,61.68646985658919,1,stop_loss,LONG,LONG,0.5002269446849823,0.5012810230255127,0.4991728663444519,0.4821118443904133,0.5281422734260559,50.02269446849823,0.5101221203804016,2,False,True,True,62.046978915300656,False,0.2298543453216553,UNRANKED,,False,,,
2018-06-14,2018-06-15,2018-06-18,GE,XLI,61.9522934324785,59.842891693115234,60.705578976737705,1,stop_loss,LONG,LONG,0.5002369582653046,0.5013010501861572,0.4991728663444519,0.4821118443904133,0.5570548176765442,50.02369582653046,0.5101221203804016,2,False,True,True,62.046978915300656,False,0.16836243867874146,UNRANKED,,False,,,
2018-06-15,2018-06-18,2018-06-20,GE,XLI,60.576610403239464,58.46719741821289,59.205257798782156,2,take_profit,SHORT,SHORT,0.498338907957077,0.49750494956970215,0.4991728663444519,0.4821118443904133,0.5595462918281555,50.1661092042923,0.5101221203804016,2,False,True,True,62.046978915300656,False,0.21860983967781078,UNRANKED,,False,,,
2018-06-18,2018-06-19,2018-06-21,GE,XLI,59.88875378275515,63.00701141357422,58.744093922961625,2,take_profit,SHORT,SHORT,0.4939895123243332,0.4888061583042145,0.4991728663444519,0.4821118443904133,0.5660078525543213,50.60104876756668,0.5101221203804016,2,False,True,True,62.046978915300656,False,0.23317828774452207,UNRANKED,,False,,,
2018-06-19,2018-06-20,2018-06-22,GE,XLI,58.513048496553814,64.0158462524414,59.814989414522564,2,take_profit,LONG,LONG,0.5027874708175659,0.5064020752906799,0.4991728663444519,0.4821118443904133,0.5563875436782837,50.27874708175659,0.5101221203804016,2,False,True,True,62.046978915300656,False,0.28353711962699885,UNRANKED,,False,,,
2018-06-20,2018-06-21,2018-06-26,GE,XLI,58.74233525342445,63.41971206665039,60.03169638972467,3,take_profit,LONG,LONG,0.5051982998847961,0.5112237334251404,0.4991728663444519,0.4821118443904133,0.5270919799804688,50.519829988479614,0.5101221203804016,2,False,True,True,62.046978915300656,False,0.3254111111164093,UNRANKED,,False,,,
2018-06-21,2018-06-22,2018-06-26,GE,XLI,58.51304795210685,62.41087341308594,59.86803550529463,2,take_profit,LONG,LONG,0.5057955086231232,0.5124181509017944,0.4991728663444519,0.4821118443904133,0.532508134841919,50.57955086231232,0.5101221203804016,2,False,True,True,62.046978915300656,False,0.2808874547481537,UNRANKED,,False,,,
2018-06-22,2018-06-25,2018-06-26,GE,XLI,59.75118133268321,61.310306549072266,61.042909761115126,1,take_profit,LONG,LONG,0.5083324909210205,0.5174921154975891,0.4991728663444519,0.4821118443904133,0.5119979381561279,50.83324909210205,0.5101221203804016,2,False,True,True,62.046978915300656,False,0.1283296942710877,UNRANKED,,False,,,
2018-06-25,2018-06-26,2018-06-27,GE,XLI,61.72302736283644,61.310306549072266,63.15284674237048,1,take_profit,LONG,LONG,0.5043451189994812,0.5095173716545105,0.4991728663444519,0.4821118443904133,0.48740309476852417,50.43451189994812,0.5101221203804016,2,False,True,True,62.046978915300656,False,0.2108763456344605,UNRANKED,,False,,,
2018-06-26,2018-06-27,2018-07-02,GE,XLI,63.55727590824807,61.585445404052734,61.582805497219894,3,take_profit,SHORT,SHORT,0.492984414100647,0.48679596185684204,0.4991728663444519,0.4821118443904133,0.5675302147865295,50.7015585899353,0.5101221203804016,2,False,True,True,62.046978915300656,False,0.3035265505313873,UNRANKED,,False,,,
2018-06-27,2018-06-28,2018-07-02,GE,XLI,63.92413507643981,63.511417388916016,61.89645454316693,2,stop_loss,LONG,LONG,0.508647084236145,0.5181213021278381,0.4991728663444519,0.4821118443904133,0.5396623015403748,50.8647084236145,0.5101221203804016,2,False,True,True,62.046978915300656,False,0.3933614194393158,UNRANKED,,False,,,
2018-06-28,2018-06-29,2018-07-02,GE,XLI,63.41971955173337,63.96998596191406,61.40427493241836,1,stop_loss,LONG,LONG,0.503800243139267,0.508427619934082,0.4991728663444519,0.4821118443904133,0.47602975368499756,50.3800243139267,0.5101221203804016,2,False,True,True,62.046978915300656,False,0.35756355524063105,UNRANKED,,False,,,
2018-06-29,2018-07-02,2018-07-09,GE,XLI,61.814729551723865,64.97882080078125,63.9418260003497,4,take_profit,LONG,LONG,0.5053418278694153,0.5115107893943787,0.4991728663444519,0.4821118443904133,0.4797847270965576,50.53418278694153,0.5101221203804016,2,False,True,True,62.046978915300656,False,0.38820755481719976,UNRANKED,,False,,,
2018-07-02,2018-07-03,2018-07-06,GE,XLI,61.21859028941102,64.15342712402344,63.50291057575309,2,take_profit,LONG,LONG,0.5165704786777496,0.5339680910110474,0.4991728663444519,0.4821118443904133,0.4541153609752655,51.65704786777496,0.5101221203804016,1,True,True,False,62.046978915300656,False,0.3391235768795014,UNRANKED,,False,,,
2018-07-03,2018-07-05,2018-07-09,GE,XLI,61.35616022624034,64.15342712402344,63.582039895429794,2,take_profit,LONG,LONG,0.5158093273639679,0.5324457883834839,0.4991728663444519,0.4821118443904133,0.4929482042789459,51.58093273639679,0.5101221203804016,1,True,True,False,62.046978915300656,False,0.22163549065589888,UNRANKED,,False,,,
2018-07-05,2018-07-06,2018-07-09,GE,XLI,61.31030038065669,63.69485855102539,63.41315115841897,1,take_profit,LONG,LONG,0.5036568641662598,0.5081408619880676,0.4991728663444519,0.4821118443904133,0.4566729962825775,50.36568641662598,0.5101221203804016,2,False,True,True,62.046978915300656,False,0.32129919528961187,UNRANKED,,False,,,
2018-07-06,2018-07-09,2018-07-16,GE,XLI,63.924133307864956,63.74070358276367,63.74070358276367,5,time_exit,LONG,LONG,0.5053088366985321,0.5114448070526123,0.4991728663444519,0.4821118443904133,0.48525944352149963,50.53088366985321,0.5101221203804016,2,False,True,True,62.046978915300656,False,0.22952830791473383,UNRANKED,,False,,,
2018-07-09,2018-07-10,2018-07-17,GE,XLI,64.19926011380802,62.7777214050293,62.7777214050293,5,time_exit,LONG,LONG,0.5091316998004913,0.5190905332565308,0.4991728663444519,0.4821118443904133,0.5596705079078674,50.91316998004913,0.5101221203804016,2,False,True,True,62.046978915300656,False,0.22616395354270943,UNRANKED,,False,,,
2018-07-10,2018-07-11,2018-07-18,GE,XLI,64.47442498301426,63.0528450012207,63.0528450012207,5,time_exit,LONG,LONG,0.5026831924915314,0.5061935186386108,0.4991728663444519,0.4821118443904133,0.5801054835319519,50.26831924915314,0.5101221203804016,2,False,True,True,62.046978915300656,False,0.15823084115982053,UNRANKED,,False,,,
2018-07-11,2018-07-12,2018-07-19,GE,XLI,64.42857231756837,62.961151123046875,62.961151123046875,5,time_exit,SHORT,SHORT,0.49288472533226013,0.48659658432006836,0.4991728663444519,0.4821118443904133,0.5621793866157532,50.71152746677399,0.5101221203804016,2,False,True,True,62.046978915300656,False,0.313747376203537,UNRANKED,,False,,,
2018-07-12,2018-07-13,2018-07-20,GE,XLI,64.0617090442603,60.16389465332031,61.854047279297966,5,stop_loss,LONG,LONG,0.507343977689743,0.5155150890350342,0.4991728663444519,0.4821118443904133,0.5673648118972778,50.734397768974304,0.5101221203804016,2,False,True,True,62.046978915300656,False,0.2989597022533415,UNRANKED,,False,,,
2018-07-13,2018-07-16,2018-07-20,GE,XLI,63.69484363174272,59.5677604675293,61.61164944403346,4,take_profit,SHORT,SHORT,0.4980521500110626,0.49693143367767334,0.4991728663444519,0.4821118443904133,0.5735019445419312,50.19478499889374,0.5101221203804016,2,False,True,True,62.046978915300656,False,0.2667608261108399,UNRANKED,,False,,,
2018-07-16,2018-07-17,2018-07-20,GE,XLI,63.51142964949291,60.16389465332031,61.618213925092796,3,take_profit,SHORT,SHORT,0.4997023940086365,0.500231921672821,0.4991728663444519,0.4821118443904133,0.5731045603752136,50.02976059913635,0.5101221203804016,2,False,True,True,62.046978915300656,False,0.2249630093574523,UNRANKED,,False,,,
2018-07-17,2018-07-18,2018-07-20,GE,XLI,63.00699235268191,60.118038177490234,61.62475260222851,2,take_profit,SHORT,SHORT,0.49501579999923706,0.4908587336540222,0.4991728663444519,0.4821118443904133,0.5369212031364441,50.498420000076294,0.5101221203804016,2,False,True,True,62.046978915300656,False,0.18459528684616094,UNRANKED,,False,,,
2018-07-18,2018-07-19,2018-07-20,GE,XLI,62.915298460875526,60.30146789550781,61.63787460223295,1,take_profit,SHORT,SHORT,0.48756587505340576,0.4759588837623596,0.4991728663444519,0.4630541871921182,0.5458837747573853,51.243412494659424,0.5101221203804016,1,True,False,True,62.046978915300656,False,0.11632636189460761,UNRANKED,,False,,,
2018-07-19,2018-07-20,2018-07-23,GE,XLI,62.915295145782906,59.888763427734375,61.709934188228495,1,stop_loss,LONG,LONG,0.5001203417778015,0.5010678172111511,0.4991728663444519,0.4821118443904133,0.5032017230987549,50.01203417778015,0.5101221203804016,2,False,True,True,62.046978915300656,False,0.21241581439971927,UNRANKED,,False,,,
2018-07-20,2018-07-23,2018-07-30,GE,XLI,59.70532940056691,60.347320556640625,60.347320556640625,5,time_exit,SHORT,SHORT,0.47482234239578247,0.45047181844711304,0.4991728663444519,0.3825301204819277,0.5722597241401672,52.51776576042175,0.5101221203804016,1,True,False,True,62.046978915300656,False,0.13117223978042614,UNRANKED,,False,,,
2018-07-23,2018-07-24,2018-07-31,GE,XLI,59.24676115583278,62.5025749206543,60.63554856166425,5,stop_loss,SHORT,SHORT,0.4920452684164047,0.48491767048835754,0.4991728663444519,0.47843942505133474,0.5737960934638977,50.79547315835953,0.5101221203804016,2,False,True,True,62.046978915300656,False,-0.01634505391120908,UNRANKED,,False,,,
2018-07-24,2018-07-25,2018-07-31,GE,XLI,60.20975079696415,60.714168548583984,61.6837002293372,4,stop_loss,SHORT,SHORT,0.487639844417572,0.47610682249069214,0.4991728663444519,0.4630541871921182,0.5747242569923401,51.2360155582428,0.5101221203804016,1,True,False,True,62.046978915300656,False,0.2356166541576386,UNRANKED,,False,,,
2018-07-25,2018-07-26,2018-07-31,GE,XLI,60.072182693562816,60.39318084716797,61.51337750034295,3,take_profit,LONG,LONG,0.5023764669895172,0.5055800676345825,0.4991728663444519,0.4821118443904133,0.5319175124168396,50.23764669895172,0.5101221203804016,2,False,True,True,62.046978915300656,False,0.2593258321285248,UNRANKED,,False,,,
2018-07-26,2018-07-27,2018-07-31,GE,XLI,60.163901317391414,60.25559997558594,61.35616151462216,2,take_profit,LONG,LONG,0.5007562637329102,0.5023396611213684,0.4991728663444519,0.4821118443904133,0.5380996465682983,50.075626373291016,0.5101221203804016,2,False,True,True,62.046978915300656,False,0.2535579800605774,UNRANKED,,False,,,
2018-07-27,2018-07-30,2018-07-31,GE,XLI,59.79703756529186,60.07217788696289,60.98274574749052,1,take_profit,LONG,LONG,0.5086311995983124,0.5180895328521729,0.4991728663444519,0.4821118443904133,0.46931129693984985,50.86311995983124,0.5101221203804016,2,False,True,True,62.046978915300656,False,0.33017852902412403,UNRANKED,,False,,,
2018-07-30,2018-07-31,2018-08-07,GE,XLI,60.48488300214216,60.347320556640625,60.347320556640625,5,time_exit,LONG,LONG,0.5052249431610107,0.5112770199775696,0.4991728663444519,0.4821118443904133,0.4838906228542328,50.522494316101074,0.5101221203804016,2,False,True,True,62.046978915300656,False,0.3401035368442536,UNRANKED,,False,,,
2018-07-31,2018-08-01,2018-08-02,GE,XLI,62.13572862663754,59.842891693115234,60.83865144768246,1,take_profit,SHORT,SHORT,0.4846300929784775,0.47375866770744324,0.4955015182495117,0.4630541871921182,0.5925858020782471,51.53699070215225,0.5101221203804016,1,True,False,True,62.046978915300656,False,0.2574687600135803,UNRANKED,,False,,,
2018-08-01,2018-08-02,2018-08-09,GE,XLI,60.39318084716797,59.338470458984375,59.338470458984375,5,time_exit,LONG,LONG,0.5034845471382141,0.5077962279319763,0.4991728663444519,0.4821118443904133,0.5184951424598694,50.34845471382141,0.5101221203804016,2,False,True,True,62.046978915300656,False,0.37433224916458135,UNRANKED,,False,,,
2018-08-02,2018-08-03,2018-08-10,GE,XLI,60.30145993000371,58.55891036987305,58.76855053669316,5,stop_loss,LONG,LONG,0.5369164645671844,0.5783314108848572,0.4955015182495117,0.5522388059701493,0.5434589385986328,53.691646456718445,0.5101221203804016,1,True,True,False,62.046978915300656,False,0.3125393390655518,UNRANKED,,False,,,
2018-08-03,2018-08-06,2018-08-10,GE,XLI,60.1638905003593,57.09150314331055,58.61787598707107,4,stop_loss,LONG,LONG,0.5224640667438507,0.5457552671432495,0.4991728663444519,0.4821118443904133,0.49668923020362854,52.24640667438507,0.5101221203804016,1,True,True,False,62.046978915300656,False,0.31683388352394093,UNRANKED,,False,,,
2018-08-06,2018-08-07,2018-08-10,GE,XLI,60.16389167615502,56.63294219970703,58.7292428898827,3,stop_loss,LONG,LONG,0.505639523267746,0.51210618019104,0.4991728663444519,0.4821118443904133,0.5176518559455872,50.5639523267746,0.5101221203804016,2,False,True,True,62.046978915300656,False,0.2318663895130157,UNRANKED,,False,,,
2018-08-07,2018-08-08,2018-08-10,GE,XLI,60.48488358700203,56.03678512573242,59.05023207594595,2,stop_loss,LONG,LONG,0.5055467486381531,0.5119206309318542,0.4991728663444519,0.4821118443904133,0.5109650492668152,50.55467486381531,0.5101221203804016,2,False,True,True,62.046978915300656,False,0.34936082363128657,UNRANKED,,False,,,
2018-08-08,2018-08-09,2018-08-13,GE,XLI,59.65946459034265,56.40365219116211,58.16585093852206,2,take_profit,SHORT,SHORT,0.49282965064048767,0.5007854700088501,0.48487383127212524,0.5007854700088501,0.4126589000225067,50.71703493595123,0.5082164704799652,2,False,True,True,52.0,True,0.18191912770271307,UNRANKED,,False,,,
2018-08-09,2018-08-10,2018-08-13,GE,XLI,59.20090233079574,56.40365219116211,58.034836569774534,1,take_profit,SHORT,SHORT,0.48771847784519196,0.49056312441825867,0.48487383127212524,0.49056312441825867,0.3640551269054413,51.228152215480804,0.5082164704799652,1,True,False,True,52.0,True,0.2402479946613313,UNRANKED,,False,,,
2018-08-10,2018-08-13,2018-08-14,GE,XLI,58.32963452829705,56.40365219116211,57.137365066801515,1,take_profit,SHORT,SHORT,0.4933413714170456,0.5002898573875427,0.48639288544654846,0.5002898573875427,0.4051542580127716,50.66586285829544,0.5082164704799652,2,False,True,True,52.0,True,0.2792772054672241,UNRANKED,,False,,,
2018-08-13,2018-08-14,2018-08-21,GE,XLI,57.22907793389961,57.91691970825195,57.91691970825195,5,time_exit,SHORT,SHORT,0.490594819188118,0.5002898573875427,0.48089978098869324,0.5002898573875427,0.40696901082992554,50.9405180811882,0.5082164704799652,1,True,False,True,52.0,True,0.04023671150207523,UNRANKED,,False,,,
2018-08-14,2018-08-15,2018-08-21,GE,XLI,56.266070274261885,57.18320846557617,57.641765094120984,4,stop_loss,SHORT,SHORT,0.48595771193504333,0.5002898573875427,0.47162556648254395,0.5002898573875427,0.3691467046737671,51.40422880649567,0.5082164704799652,1,True,False,True,52.0,True,0.09195467829704275,UNRANKED,,False,,,
2018-08-15,2018-08-16,2018-08-21,GE,XLI,56.22022695009032,57.504215240478516,57.654882820800424,3,stop_loss,SHORT,SHORT,0.49773022532463074,0.5002898573875427,0.49517059326171875,0.5002898573875427,0.3986552059650421,50.226977467536926,0.5082164704799652,2,False,True,True,52.0,True,0.3761060237884522,UNRANKED,,False,,,
2018-08-16,2018-08-17,2018-08-21,GE,XLI,56.22022695009032,57.32078552246094,57.6483346204656,2,stop_loss,SHORT,SHORT,0.4912932366132736,0.5002898573875427,0.4822966158390045,0.5002898573875427,0.3641086220741272,50.87067633867264,0.5082164704799652,1,True,False,True,52.0,True,0.31584519147872925,UNRANKED,,False,,,
2018-08-17,2018-08-20,2018-08-21,GE,XLI,56.266083260358265,58.55891036987305,57.62868276946122,1,stop_loss,SHORT,SHORT,0.49773022532463074,0.5002898573875427,0.49517059326171875,0.5002898573875427,0.4524443745613098,50.226977467536926,0.5082164704799652,2,False,True,True,52.0,True,0.3662455976009369,UNRANKED,,False,,,
2018-08-20,2018-08-21,2018-08-27,GE,XLI,56.58707579854958,58.5130500793457,57.64178182707915,4,take_profit,LONG,LONG,0.5030389428138733,0.5002898573875427,0.5057880282402039,0.5002898573875427,0.4394855201244354,50.30389428138733,0.5082164704799652,2,False,True,True,52.0,True,0.1590411067008971,UNRANKED,,False,,,
2018-08-21,2018-08-22,2018-08-29,GE,XLI,57.82520036624819,59.47603225708008,58.84060084406627,5,stop_loss,SHORT,SHORT,0.4996875524520874,0.5002898573875427,0.4990852475166321,0.5002898573875427,0.39075788855552673,50.03124475479126,0.5082164704799652,2,False,True,True,52.0,True,0.11016467213630678,UNRANKED,,False,,,
2018-08-22,2018-08-23,2018-08-27,GE,XLI,56.90807951228192,58.55891036987305,57.982440495994254,2,take_profit,LONG,LONG,0.5051060616970062,0.5002898573875427,0.5099222660064697,0.5002898573875427,0.3782821297645569,50.51060616970062,0.5082164704799652,2,False,True,True,52.0,True,0.5545220971107483,UNRANKED,,False,,,
2018-08-23,2018-08-24,2018-08-27,GE,XLI,57.41249814271799,59.338470458984375,58.51306282690466,1,take_profit,LONG,LONG,0.5011418163776398,0.5002898573875427,0.5019937753677368,0.5002898573875427,0.3642929792404175,50.11418163776398,0.5082164704799652,2,False,True,True,52.0,True,0.6524325013160706,UNRANKED,,False,,,
2018-08-24,2018-08-27,2018-08-28,GE,XLI,57.22907014011233,58.100341796875,58.329635914212496,1,stop_loss,SHORT,SHORT,0.4998316168785095,0.5002898573875427,0.4993733763694763,0.5002898573875427,0.33747974038124084,50.01683831214905,0.5082164704799652,2,False,True,True,52.0,True,0.339659184217453,UNRANKED,,False,,,
2018-08-27,2018-08-28,2018-09-05,GE,XLI,58.55890638413988,57.59591293334961,57.59591293334961,5,time_exit,LONG,LONG,0.503009021282196,0.5042676329612732,0.5017504096031189,0.5042676329612732,0.3780614733695984,50.300902128219604,0.5082164704799652,2,False,True,True,52.0,True,0.3255361318588258,UNRANKED,,False,,,
2018-08-28,2018-08-29,2018-09-06,GE,XLI,58.55889897698951,57.366634368896484,57.38627411649844,5,stop_loss,LONG,LONG,0.5012679398059845,0.5007854700088501,0.5017504096031189,0.5007854700088501,0.37857094407081604,50.12679398059845,0.5082164704799652,2,False,True,True,52.0,True,0.3791139125823975,UNRANKED,,False,,,
2018-08-29,2018-08-30,2018-09-05,GE,XLI,59.017477099134425,56.86221694946289,57.77934353241428,3,take_profit,SHORT,SHORT,0.4946710765361786,0.5007854700088501,0.4885566830635071,0.5007854700088501,0.3832750618457794,50.53289234638214,0.5082164704799652,2,False,True,True,52.0,True,0.2830438911914827,UNRANKED,,False,,,
2018-08-30,2018-08-31,2018-09-07,GE,XLI,58.37548076469392,57.366634368896484,57.11769551253153,4,take_profit,SHORT,SHORT,0.49282965064048767,0.5007854700088501,0.48487383127212524,0.5007854700088501,0.40225693583488464,50.71703493595123,0.5082164704799652,2,False,True,True,52.0,True,0.16664680838584905,UNRANKED,,False,,,
2018-08-31,2018-09-04,2018-09-05,GE,XLI,59.0633315327539,56.54121780395508,57.90381015737025,1,take_profit,SHORT,SHORT,0.487856850028038,0.5007854700088501,0.47492823004722595,0.5007854700088501,0.428670734167099,51.2143149971962,0.5082164704799652,1,True,False,True,52.0,True,0.15582680702209478,UNRANKED,,False,,,
2018-09-04,2018-09-05,2018-09-12,GE,XLI,57.091489963347236,57.8252067565918,57.8252067565918,5,time_exit,SHORT,SHORT,0.4837966710329056,0.5002898573875427,0.46730348467826843,0.5002898573875427,0.41953688859939575,51.62033289670944,0.5082164704799652,1,True,False,True,52.0,True,-0.029871076345443746,UNRANKED,,False,,,
2018-09-05,2018-09-06,2018-09-13,GE,XLI,57.3207780647341,58.28376770019531,58.28376770019531,5,time_exit,SHORT,SHORT,0.48578014969825745,0.5002898573875427,0.47127044200897217,0.5002898573875427,0.3970361351966858,51.421985030174255,0.5082164704799652,1,True,False,True,52.0,True,0.11527597904205317,UNRANKED,,False,,,
2018-09-06,2018-09-07,2018-09-13,GE,XLI,56.81636064080339,58.70040512084961,58.05448930291276,4,stop_loss,SHORT,SHORT,0.4935155063867569,0.5002898573875427,0.48674115538597107,0.5002898573875427,0.3269404470920563,50.64844936132431,0.5082164704799652,2,False,True,True,52.0,True,0.21338117122650155,UNRANKED,,False,,,
2018-09-07,2018-09-10,2018-09-13,GE,XLI,56.67878615635288,58.792999267578125,57.98897444980991,3,stop_loss,SHORT,SHORT,0.4935155063867569,0.5002898573875427,0.48674115538597107,0.5002898573875427,0.3574892580509186,50.64844936132431,0.5082164704799652,2,False,True,True,52.0,True,0.31466192007064814,UNRANKED,,False,,,
2018-09-10,2018-09-11,2018-09-14,GE,XLI,57.04564083740971,58.60783767700195,58.427888762214394,3,stop_loss,SHORT,SHORT,0.496263787150383,0.5002898573875427,0.49223771691322327,0.5002898573875427,0.4125860035419464,50.3736212849617,0.5082164704799652,2,False,True,True,52.0,True,0.18429872393608107,UNRANKED,,False,,,
2018-09-11,2018-09-12,2018-09-13,GE,XLI,56.40365023720664,59.53370666503906,57.687633740275835,1,stop_loss,SHORT,SHORT,0.49928008019924164,0.5002898573875427,0.49827030301094055,0.5002898573875427,0.4249923527240753,50.071991980075836,0.5082164704799652,2,False,True,True,52.0,True,0.33760842680931097,UNRANKED,,False,,,
2018-09-12,2018-09-13,2018-09-19,GE,XLI,58.10033883360214,57.68195343017578,59.462933438094325,4,stop_loss,SHORT,SHORT,0.49928008019924164,0.5002898573875427,0.49827030301094055,0.5002898573875427,0.3428155779838562,50.071991980075836,0.5082164704799652,2,False,True,True,52.0,True,0.24382159113883975,UNRANKED,,False,,,
2018-09-13,2018-09-14,2018-09-19,GE,XLI,58.00600080761486,56.33942794799805,59.388246007635786,3,stop_loss,SHORT,SHORT,0.4917835295200348,0.49056312441825867,0.4930039346218109,0.49056312441825867,0.2819764316082001,50.82164704799652,0.5082164704799652,2,False,True,True,52.0,True,0.18454053997993478,UNRANKED,,False,,,
2018-09-14,2018-09-17,2018-09-21,GE,XLI,58.376355179376816,54.34881591796875,56.96079459326493,4,take_profit,SHORT,SHORT,0.4917835295200348,0.49056312441825867,0.4930039346218109,0.49056312441825867,0.23637062311172485,50.82164704799652,0.5082164704799652,2,False,True,True,52.0,True,0.13091063499450695,UNRANKED,,False,,,
2018-09-17,2018-09-18,2018-09-21,GE,XLI,58.65413106747437,52.172996520996094,57.40221772431728,3,take_profit,SHORT,SHORT,0.4917835295200348,0.49056312441825867,0.4930039346218109,0.49056312441825867,0.2639497220516205,50.82164704799652,0.5082164704799652,2,False,True,True,52.0,True,0.22679767012596133,UNRANKED,,False,,,
2018-09-18,2018-09-19,2018-09-21,GE,XLI,58.42265803944601,52.728519439697266,57.150844510567666,2,take_profit,SHORT,SHORT,0.4917835295200348,0.49056312441825867,0.4930039346218109,0.49056312441825867,0.2540018558502197,50.82164704799652,0.5082164704799652,2,False,True,True,52.0,True,0.18423408269882205,UNRANKED,,False,,,
2018-09-19,2018-09-20,2018-09-21,GE,XLI,58.28377105816505,53.37665557861328,57.01725941352917,1,take_profit,SHORT,SHORT,0.4917835295200348,0.49056312441825867,0.4930039346218109,0.49056312441825867,0.28719180822372437,50.82164704799652,0.5082164704799652,2,False,True,True,52.0,True,0.2205468416213989,UNRANKED,,False,,,
2018-09-20,2018-09-21,2018-09-24,GE,XLI,57.40418294229909,52.265594482421875,56.004152533712315,1,take_profit,SHORT,SHORT,0.4880802780389786,0.49056312441825867,0.4855974316596985,0.49056312441825867,0.3490637540817261,51.19197219610214,0.5082164704799652,1,True,False,True,52.0,True,0.24141970276832592,UNRANKED,,False,,,
2018-09-21,2018-09-24,2018-09-25,GE,XLI,56.01538901874556,55.96908187866211,54.534934982577866,1,take_profit,SHORT,SHORT,0.4880802780389786,0.49056312441825867,0.4855974316596985,0.49056312441825867,0.38673076033592224,51.19197219610214,0.5082164704799652,1,True,False,True,52.0,True,0.18576887249946594,UNRANKED,,False,,,
2018-09-24,2018-09-25,2018-09-28,GE,XLI,54.302506583077566,57.033836364746094,52.714554922921316,3,take_profit,SHORT,SHORT,0.4987899512052536,0.49056312441825867,0.5070167779922485,0.49056312441825867,0.34997159242630005,50.12100487947464,0.5082164704799652,2,False,True,True,52.0,True,0.30382949113845836,UNRANKED,,False,,,
2018-09-25,2018-09-26,2018-10-01,GE,XLI,52.08040849853316,57.774539947509766,53.907130234896165,3,take_profit,LONG,LONG,0.5018682777881622,0.5007854700088501,0.5029510855674744,0.5007854700088501,0.3824319541454315,50.18682777881622,0.5082164704799652,2,False,True,True,52.0,True,0.25988450646400446,UNRANKED,,False,,,
2018-09-26,2018-09-27,2018-10-01,GE,XLI,52.635957536889464,58.60783767700195,54.50928560957362,2,stop_loss,SHORT,SHORT,0.48793502151966095,0.5007854700088501,0.4750845730304718,0.5007854700088501,0.36296483874320984,51.206497848033905,0.5082164704799652,1,True,False,True,52.0,True,0.28349897265434276,UNRANKED,,False,,,
2018-09-27,2018-09-28,2018-10-01,GE,XLI,52.960002649770644,61.01510238647461,54.85386196809514,1,stop_loss,SHORT,SHORT,0.48793502151966095,0.5007854700088501,0.4750845730304718,0.5007854700088501,0.3751398026943207,51.206497848033905,0.5082164704799652,1,True,False,True,52.0,True,0.5303987562656404,UNRANKED,,False,,,
2018-09-28,2018-10-01,2018-10-02,GE,XLI,60.27439558587471,63.005733489990234,58.29387288515623,1,take_profit,SHORT,SHORT,0.4820890575647354,0.5007854700088501,0.4633926451206207,0.5007854700088501,0.4415050446987152,51.79109424352646,0.5082164704799652,1,True,False,True,52.0,True,0.4397928118705749,UNRANKED,,False,,,
2018-10-01,2018-10-02,2018-10-05,GE,XLI,57.033836364746094,62.72797393798828,59.4255120413644,3,stop_loss,SHORT,SHORT,0.48498907685279846,0.5007854700088501,0.4691926836967468,0.5007854700088501,0.3868418335914612,51.501092314720154,0.5082164704799652,1,True,False,True,52.0,True,0.46459892392158497,UNRANKED,,False,,,
2018-10-02,2018-10-03,2018-10-05,GE,XLI,57.12642525711178,61.47803497314453,59.486781724222546,2,stop_loss,SHORT,SHORT,0.4825695753097534,0.49594646692276,0.4691926836967468,0.49594646692276,0.3848823010921478,51.74304246902466,0.5082164704799652,1,True,False,True,52.0,True,0.4092157781124116,UNRANKED,,False,,,
2018-10-03,2018-10-04,2018-10-05,GE,XLI,57.450495545392954,58.88558578491211,59.85115810381232,1,stop_loss,SHORT,SHORT,0.4847412705421448,0.5002898573875427,0.4691926836967468,0.5002898573875427,0.4403790533542633,51.52587294578552,0.5082164704799652,1,True,False,True,52.0,True,0.4552961885929107,UNRANKED,,False,,,
2018-10-04,2018-10-05,2018-10-08,GE,XLI,59.626289845667934,57.033836364746094,62.08647530534985,1,stop_loss,SHORT,SHORT,0.48799827694892883,0.5002898573875427,0.47570669651031494,0.5002898573875427,0.4687023460865021,51.20017230510712,0.5082164704799652,1,True,False,True,52.0,True,0.4185861647129061,UNRANKED,,False,,,
2018-10-05,2018-10-08,2018-10-11,GE,XLI,62.589089353303564,56.24685287475586,59.79823667037248,3,take_profit,SHORT,SHORT,0.490594819188118,0.5002898573875427,0.48089978098869324,0.5002898573875427,0.46876785159111023,50.9405180811882,0.5082164704799652,1,True,False,True,52.0,True,0.25142672657966614,UNRANKED,,False,,,
2018-10-08,2018-10-09,2018-10-11,GE,XLI,63.46866808334653,56.015380859375,60.41989118428124,2,take_profit,SHORT,SHORT,0.4855020046234131,0.5002898573875427,0.47071415185928345,0.5002898573875427,0.5448540449142456,51.44979953765869,0.5082164704799652,1,True,False,True,52.0,True,0.33462247252464306,UNRANKED,,False,,,
2018-10-09,2018-10-10,2018-10-11,GE,XLI,61.98726954422784,56.43202209472656,59.03107970745329,1,stop_loss,LONG,LONG,0.5002761483192444,0.5002898573875427,0.500262439250946,0.5002898573875427,0.467279851436615,50.02761483192444,0.5082164704799652,2,False,True,True,52.0,True,0.4646475017070771,UNRANKED,,False,,,
2018-10-10,2018-10-11,2018-10-12,GE,XLI,60.73733195788374,57.31160354614258,57.86711558825483,1,take_profit,SHORT,SHORT,0.49910086393356323,0.5002898573875427,0.49791187047958374,0.5002898573875427,0.42588070034980774,50.08991360664368,0.5082164704799652,2,False,True,True,52.0,True,0.6188430488109589,UNRANKED,,False,,,
2018-10-11,2018-10-12,2018-10-19,GE,XLI,58.006004679098865,58.14488220214844,58.14488220214844,5,time_exit,LONG,LONG,0.5191753804683685,0.49594646692276,0.542404294013977,0.49594646692276,0.528814435005188,51.91753804683685,0.5082164704799652,1,True,True,False,52.0,True,1.1102392375469208,UNRANKED,,False,,,
2018-10-12,2018-10-15,2018-10-22,GE,XLI,56.709790405543416,57.31160354614258,57.31160354614258,5,time_exit,LONG,LONG,0.5153397619724274,0.49594646692276,0.5347330570220947,0.49594646692276,0.49902936816215515,51.53397619724274,0.5082164704799652,1,True,True,False,52.0,True,1.1975729316473005,UNRANKED,,False,,,
2018-10-15,2018-10-16,2018-10-23,GE,XLI,56.61719852880687,58.7466926574707,58.7466926574707,5,time_exit,LONG,LONG,0.5408195853233337,0.49594646692276,0.5856927037239075,0.49594646692276,0.49177905917167664,54.081958532333374,0.5082164704799652,1,True,True,False,52.0,True,1.500404015183449,UNRANKED,,False,,,
2018-10-16,2018-10-17,2018-10-24,GE,XLI,56.70978606590313,56.33942794799805,56.33942794799805,5,time_exit,LONG,LONG,0.5386091470718384,0.5002898573875427,0.576928436756134,0.5002898573875427,0.4804094433784485,53.86091470718384,0.5082164704799652,1,True,True,False,52.0,True,1.6612332314252853,UNRANKED,,False,,,
2018-10-17,2018-10-18,2018-10-25,GE,XLI,56.20055503430156,54.62657165527344,54.62657165527344,5,time_exit,LONG,LONG,0.5291433036327362,0.5002898573875427,0.5579967498779297,0.5002898573875427,0.6209474802017212,52.91433036327362,0.5082164704799652,1,True,True,False,52.0,True,0.9807279706001284,HIGH,,True,5.851323847736742,1.0,0.13714146815751094
2018-10-18,2018-10-19,2018-10-26,GE,XLI,56.848660297837036,52.3118896484375,54.13055825141544,5,stop_loss,LONG,LONG,0.5425695478916168,0.5002898573875427,0.5848492383956909,0.5002898573875427,0.5490871667861938,54.25695478916168,0.5082164704799652,1,True,True,False,52.0,True,1.3712044060230255,UNRANKED,,False,,,
2018-10-19,2018-10-22,2018-10-25,GE,XLI,58.28377191522812,51.66377258300781,55.97569968884001,3,stop_loss,LONG,LONG,0.5385051965713501,0.49594646692276,0.5810639262199402,0.49594646692276,0.5229287147521973,53.85051965713501,0.5082164704799652,1,True,True,False,52.0,True,1.2668525129556656,UNRANKED,,False,,,
2018-10-22,2018-10-23,2018-10-26,GE,XLI,56.24683590431724,47.12700271606445,53.97183165365457,3,stop_loss,LONG,LONG,0.5291507542133331,0.5007854700088501,0.5575160384178162,0.5007854700088501,0.5481889247894287,52.91507542133331,0.5082164704799652,1,True,True,False,52.0,True,0.5940108895301819,UNRANKED,,False,,,
2018-10-23,2018-10-24,2018-10-25,GE,XLI,58.839288621326,46.75664138793945,56.46508643801127,1,stop_loss,LONG,LONG,0.5149439573287964,0.5007854700088501,0.5291024446487427,0.5007854700088501,0.5604453086853027,51.49439573287964,0.5082164704799652,1,True,True,False,52.0,True,0.6821633875370026,UNRANKED,,False,,,
2018-10-24,2018-10-25,2018-10-26,GE,XLI,56.478318035756196,44.349365234375,53.87926342672997,1,stop_loss,LONG,LONG,0.5310667157173157,0.5002898573875427,0.5618435740470886,0.5002898573875427,0.5545660853385925,53.10667157173157,0.5082164704799652,1,True,True,False,52.0,True,1.1202453970909119,UNRANKED,,False,,,
2018-10-25,2018-10-26,2018-10-30,GE,XLI,53.65440895740159,43.00685119628906,51.154555550767945,2,stop_loss,LONG,LONG,0.5149439573287964,0.5007854700088501,0.5291024446487427,0.5007854700088501,0.5925809741020203,51.49439573287964,0.5082164704799652,1,True,True,False,52.0,True,0.843182861804962,UNRANKED,,False,,,
2018-10-26,2018-10-29,2018-10-30,GE,XLI,52.91370128702699,42.96055603027344,50.36755489420472,1,stop_loss,LONG,LONG,0.5288950204849243,0.49594646692276,0.5618435740470886,0.49594646692276,0.5482932925224304,52.88950204849243,0.5082164704799652,1,True,True,False,52.0,True,1.3510002344846725,UNRANKED,,False,,,
2018-10-29,2018-10-30,2018-11-01,GE,XLI,48.88616273037033,43.60866928100586,46.287108121344104,2,stop_loss,LONG,LONG,0.5254620015621185,0.5002898573875427,0.5506341457366943,0.5002898573875427,0.4761524796485901,52.54620015621185,0.5082164704799652,1,True,True,False,52.0,True,1.206066593527794,UNRANKED,,False,,,
2018-10-30,2018-10-31,2018-11-02,GE,XLI,47.126992139110286,42.590206146240234,44.058390258355544,2,take_profit,SHORT,SHORT,0.48149384558200836,0.49594646692276,0.4670412242412567,0.49594646692276,0.5080974102020264,51.850615441799164,0.5082164704799652,1,True,False,True,52.0,True,-0.5664812028408049,UNRANKED,,False,,,
2018-10-31,2018-11-01,2018-11-02,GE,XLI,46.33999537446525,42.12726974487305,43.588834616583,1,stop_loss,LONG,LONG,0.5383984744548798,0.49594646692276,0.5808504819869995,0.49594646692276,0.4882824718952179,53.839847445487976,0.5082164704799652,1,True,True,False,52.0,True,1.2530117183923721,UNRANKED,,False,,,
2018-11-01,2018-11-02,2018-11-09,GE,XLI,44.53454388687679,39.719993591308594,41.704022167080474,5,take_profit,SHORT,SHORT,0.4786352962255478,0.5002898573875427,0.45698073506355286,0.5002898573875427,0.4666960835456848,52.13647037744522,0.5082164704799652,1,True,False,True,52.0,True,0.11813777685165394,UNRANKED,,False,,,
2018-11-02,2018-11-05,2018-11-09,GE,XLI,43.469786906,36.98868179321289,40.55990367933287,4,take_profit,SHORT,SHORT,0.48619501292705536,0.5002898573875427,0.472100168466568,0.5002898573875427,0.5050914883613586,51.380498707294464,0.5082164704799652,1,True,False,True,52.0,True,-0.3775512576103211,UNRANKED,,False,,,
2018-11-05,2018-11-06,2018-11-09,GE,XLI,43.33090898088289,39.8588752746582,40.44747958983936,3,take_profit,SHORT,SHORT,0.493715763092041,0.5002898573875427,0.4871416687965393,0.5002898573875427,0.524302065372467,50.6284236907959,0.5082164704799652,2,False,True,True,52.0,True,0.2766258716583252,UNRANKED,,False,,,
2018-11-06,2018-11-07,2018-11-09,GE,XLI,43.74754806371004,38.516357421875,40.83105124189782,2,stop_loss,LONG,LONG,0.5031357705593109,0.49594646692276,0.5103250741958618,0.49594646692276,0.5405521392822266,50.31357705593109,0.5082164704799652,2,False,True,True,52.0,True,0.5331147313117981,UNRANKED,,False,,,
2018-11-07,2018-11-08,2018-11-12,GE,XLI,42.312446962245964,37.82195281982422,39.376109899955225,2,stop_loss,LONG,LONG,0.5031357705593109,0.49594646692276,0.5103250741958618,0.49594646692276,0.6220678687095642,50.31357705593109,0.5082164704799652,2,False,True,True,52.0,True,0.5603731274604797,HIGH,,True,2.2580977362977177,1.0,-0.0001597333148135287
2018-11-08,2018-11-09,2018-11-12,GE,XLI,40.69216187218055,37.1275520324707,37.80873084626676,1,stop_loss,LONG,LONG,0.5122429430484772,0.5042676329612732,0.5202182531356812,0.5042676329612732,0.5883371233940125,51.22429430484772,0.5082164704799652,1,True,True,False,52.0,True,0.6469562351703644,UNRANKED,,False,,,
2018-11-09,2018-11-12,2018-11-19,GE,XLI,38.97930889992698,36.29426193237305,36.29426193237305,5,time_exit,LONG,LONG,0.5133394598960876,0.5042676329612732,0.5224112868309021,0.5042676329612732,0.6125300526618958,51.333945989608765,0.5082164704799652,1,True,True,False,52.0,True,0.6139670908451081,UNRANKED,,False,,,
2018-11-12,2018-11-13,2018-11-20,GE,XLI,37.127547517379426,35.41468048095703,35.41468048095703,5,time_exit,LONG,LONG,0.508971780538559,0.5042676329612732,0.5136759281158447,0.5042676329612732,0.5979608297348022,50.897178053855896,0.5082164704799652,1,True,True,False,52.0,True,0.6787287890911103,UNRANKED,,False,,,
2018-11-13,2018-11-14,2018-11-16,GE,XLI,40.553280878781564,36.15538024902344,37.19368571625366,2,stop_loss,LONG,LONG,0.504090428352356,0.5042676329612732,0.5039132237434387,0.5042676329612732,0.5352394580841064,50.409042835235596,0.5082164704799652,2,False,True,True,52.0,True,0.5815364718437194,UNRANKED,,False,,,
2018-11-14,2018-11-15,2018-11-23,GE,XLI,38.14601016242677,35.044334411621094,35.044334411621094,5,time_exit,LONG,LONG,0.5065925419330597,0.5002898573875427,0.5128952264785767,0.5002898573875427,0.5159815549850464,50.65925419330597,0.5082164704799652,2,False,True,True,52.0,True,0.5765753686428069,UNRANKED,,False,,,
2018-11-15,2018-11-16,2018-11-26,GE,XLI,37.40531233738007,35.090633392333984,35.090633392333984,5,time_exit,LONG,LONG,0.5021015405654907,0.5002898573875427,0.5039132237434387,0.5002898573875427,0.44235333800315857,50.21015405654907,0.5082164704799652,2,False,True,True,52.0,True,0.614656925201416,UNRANKED,,False,,,
2018-11-16,2018-11-19,2018-11-27,GE,XLI,36.98867002970731,34.44251251220703,34.44251251220703,5,time_exit,SHORT,SHORT,0.4956614524126053,0.5002898573875427,0.49103304743766785,0.5002898573875427,0.4928273856639862,50.43385475873947,0.5082164704799652,2,False,True,True,52.0,True,0.46610635519027716,UNRANKED,,False,,,
2018-11-19,2018-11-20,2018-11-28,GE,XLI,35.50726723544794,35.83132553100586,35.83132553100586,5,time_exit,LONG,LONG,0.5053758025169373,0.5002898573875427,0.5104617476463318,0.5002898573875427,0.4955640435218811,50.537580251693726,0.5082164704799652,2,False,True,True,52.0,True,0.7826941907405854,UNRANKED,,False,,,
2018-11-20,2018-11-21,2018-11-29,GE,XLI,36.06279348928995,36.75719451904297,36.75719451904297,5,time_exit,LONG,LONG,0.501490592956543,0.49594646692276,0.5070347189903259,0.49594646692276,0.509836733341217,50.1490592956543,0.5082164704799652,2,False,True,True,52.0,True,0.7986598312854766,UNRANKED,,False,,,
2018-11-21,2018-11-23,2018-11-30,GE,XLI,36.0165028321113,34.720272064208984,34.720272064208984,5,time_exit,LONG,LONG,0.5038119554519653,0.49594646692276,0.5116774439811707,0.49594646692276,0.4767700135707855,50.38119554519653,0.5082164704799652,2,False,True,True,52.0,True,0.7004162371158599,UNRANKED,,False,,,
2018-11-23,2018-11-26,2018-12-03,GE,XLI,35.229513564585865,36.15538024902344,36.15538024902344,5,time_exit,SHORT,SHORT,0.49900053441524506,0.5002898573875427,0.4977112114429474,0.5002898573875427,0.38346120715141296,50.099946558475494,0.5082164704799652,2,False,True,True,52.0,True,0.3368480801582337,UNRANKED,,False,,,
2018-11-26,2018-11-27,2018-12-04,GE,XLI,34.673979400606335,33.701805114746094,33.701805114746094,5,time_exit,LONG,LONG,0.5019620358943939,0.5002898573875427,0.5036342144012451,0.5002898573875427,0.4112796187400818,50.19620358943939,0.5082164704799652,2,False,True,True,52.0,True,0.6416500806808473,UNRANKED,,False,,,
2018-11-27,2018-11-28,2018-11-29,GE,XLI,34.211046062229975,34.02587127685547,36.5654090949797,1,take_profit,LONG,LONG,0.5100298523902893,0.5002898573875427,0.5197698473930359,0.5002898573875427,0.44639208912849426,51.00298523902893,0.5082164704799652,1,True,True,False,52.0,True,0.8430301249027253,UNRANKED,,False,,,
2018-11-28,2018-11-29,2018-12-07,GE,XLI,35.41467925558037,32.4518928527832,33.00740909654019,5,take_profit,SHORT,SHORT,0.4973314106464386,0.5042676329612732,0.490395188331604,0.5042676329612732,0.3928975462913513,50.26685893535614,0.5082164704799652,2,False,True,True,52.0,True,0.41455343365669245,UNRANKED,,False,,,
2018-11-29,2018-11-30,2018-12-07,GE,XLI,35.4609734616497,32.08153533935547,32.98757007594239,4,stop_loss,LONG,LONG,0.5104071795940399,0.5042676329612732,0.5165467262268066,0.5042676329612732,0.43623676896095276,51.04071795940399,0.5082164704799652,1,True,True,False,52.0,True,0.3174112290143968,UNRANKED,,False,,,
2018-11-30,2018-12-03,2018-12-07,GE,XLI,34.90545162282441,31.29454231262207,32.484955908364306,3,stop_loss,LONG,LONG,0.5086660981178284,0.5007854700088501,0.5165467262268066,0.5007854700088501,0.42627599835395813,50.86660981178284,0.5082164704799652,1,True,True,False,52.0,True,0.29245269298553467,UNRANKED,,False,,,
2018-12-03,2018-12-04,2018-12-07,GE,XLI,35.877611903810084,31.06307601928711,33.64228813410445,2,stop_loss,LONG,LONG,0.5075770020484924,0.5007854700088501,0.5143685340881348,0.5007854700088501,0.44324713945388794,50.75770020484924,0.5082164704799652,2,False,True,True,52.0,True,0.6539214849472046,UNRANKED,,False,,,
2018-12-04,2018-12-06,2018-12-12,GE,XLI,33.3314668686233,33.33146286010742,31.155660005655946,4,take_profit,SHORT,SHORT,0.4940354526042938,0.5007854700088501,0.48728543519973755,0.5007854700088501,0.4449961483478546,50.59645473957062,0.5082164704799652,2,False,True,True,52.0,True,0.4548084735870362,UNRANKED,,False,,,
2018-12-06,2018-12-07,2018-12-11,GE,XLI,33.794412287144326,32.86853790283203,31.76409852284466,2,take_profit,SHORT,SHORT,0.4933413714170456,0.5002898573875427,0.48639288544654846,0.5002898573875427,0.5159770250320435,50.66586285829544,0.5082164704799652,2,False,True,True,52.0,True,0.3008306175470352,UNRANKED,,False,,,
2018-12-07,2018-12-10,2018-12-17,GE,XLI,32.26671255525236,33.0999870300293,33.0999870300293,5,time_exit,SHORT,SHORT,0.4869711995124817,0.49594646692276,0.47799593210220337,0.49594646692276,0.5630307197570801,51.30288004875183,0.5082164704799652,1,True,False,True,52.0,True,-0.32201787829399114,UNRANKED,,False,,,
2018-12-10,2018-12-11,2018-12-18,GE,XLI,32.59076432339702,33.701805114746094,33.701805114746094,5,time_exit,SHORT,SHORT,0.4830796718597412,0.5002898573875427,0.4658694863319397,0.5002898573875427,0.578986644744873,51.69203281402588,0.5082164704799652,1,True,False,True,52.0,True,-0.007564187049865535,UNRANKED,,False,,,
2018-12-11,2018-12-12,2018-12-19,GE,XLI,31.664897412687047,35.5097541809082,33.767958816234064,5,take_profit,LONG,LONG,0.5002761483192444,0.5002898573875427,0.500262439250946,0.5002898573875427,0.4963296949863434,50.02761483192444,0.5082164704799652,2,False,True,True,52.0,True,0.7114514708518982,UNRANKED,,False,,,
2018-12-12,2018-12-13,2018-12-20,GE,XLI,34.67397813356231,34.48989486694336,34.48989486694336,5,time_exit,LONG,LONG,0.5079749822616577,0.5002898573875427,0.5156601071357727,0.5002898573875427,0.5305651426315308,50.79749822616577,0.5082164704799652,2,False,True,True,52.0,True,0.6541889607906342,UNRANKED,,False,,,
2018-12-13,2018-12-14,2018-12-19,GE,XLI,32.77595111567975,33.14552688598633,35.00466564989432,3,take_profit,LONG,LONG,0.5234506726264954,0.49594646692276,0.5509548783302307,0.49594646692276,0.44338470697402954,52.345067262649536,0.5082164704799652,1,True,True,False,52.0,True,0.6190146505832671,UNRANKED,,False,,,
2018-12-14,2018-12-17,2018-12-19,GE,XLI,32.82222681828347,32.07931137084961,34.95835265533704,2,take_profit,LONG,LONG,0.5367332696914673,0.49594646692276,0.5775200724601746,0.49594646692276,0.41810333728790283,53.67332696914673,0.5082164704799652,1,True,True,False,52.0,True,1.4232473224401476,UNRANKED,,False,,,
2018-12-17,2018-12-18,2018-12-19,GE,XLI,33.23886773525786,34.25809860229492,35.40144359323777,1,take_profit,LONG,LONG,0.5389049649238586,0.5002898573875427,0.5775200724601746,0.5002898573875427,0.43061545491218567,53.890496492385864,0.5082164704799652,1,True,True,False,52.0,True,1.776022121310234,UNRANKED,,False,,,
2018-12-18,2018-12-19,2018-12-21,GE,XLI,35.41704006353718,33.7017936706543,33.26107889061586,2,stop_loss,LONG,LONG,0.5360336899757385,0.5002898573875427,0.5717775225639343,0.5002898573875427,0.5204722285270691,53.60336899757385,0.5082164704799652,1,True,True,False,52.0,True,1.6368800252676008,UNRANKED,,False,,,
2018-12-19,2018-12-20,2018-12-21,GE,XLI,35.46340057402915,34.814388275146484,33.24756282291308,1,stop_loss,LONG,LONG,0.5386935472488403,0.49594646692276,0.5814406275749207,0.49594646692276,0.44454845786094666,53.86935472488403,0.5082164704799652,1,True,True,False,52.0,True,1.5927399843931198,UNRANKED,,False,,,
2018-12-20,2018-12-21,2018-12-31,GE,XLI,33.933604290866754,35.092525482177734,35.092525482177734,5,time_exit,LONG,LONG,0.5327101349830627,0.49594646692276,0.5694738030433655,0.49594646692276,0.47107967734336853,53.271013498306274,0.5082164704799652,1,True,True,False,52.0,True,1.0961300134658816,UNRANKED,,False,,,
2018-12-21,2018-12-24,2018-12-31,GE,XLI,32.72831399090257,37.31768798828125,34.85864257802589,4,take_profit,LONG,LONG,0.5367332696914673,0.49594646692276,0.5775200724601746,0.49594646692276,0.45414888858795166,53.67332696914673,0.5082164704799652,1,True,True,False,52.0,True,1.4753435552120209,UNRANKED,,False,,,
2018-12-24,2018-12-26,2018-12-28,GE,XLI,32.403805397378584,37.36404037475586,34.48143503169081,2,take_profit,LONG,LONG,0.5032133162021637,0.5002898573875427,0.5061367750167847,0.5002898573875427,0.45482969284057617,50.32133162021637,0.5082164704799652,2,False,True,True,52.0,True,1.232056349515915,UNRANKED,,False,,,
2018-12-26,2018-12-27,2019-01-02,GE,XLI,33.284576705825835,38.15211868286133,35.32295092544776,3,take_profit,LONG,LONG,0.5316362977027893,0.5002898573875427,0.5629827380180359,0.5002898573875427,0.45609337091445923,53.16362977027893,0.5082164704799652,1,True,True,False,52.0,True,1.3013634532690048,UNRANKED,,False,,,
2018-12-27,2018-12-28,2019-01-02,GE,XLI,33.33095513000165,40.516353607177734,35.40250631669947,2,take_profit,LONG,LONG,0.5254234969615936,0.5002898573875427,0.5505571365356445,0.5002898573875427,0.4503185749053955,52.54234969615936,0.5082164704799652,1,True,True,False,52.0,True,1.2538255751132967,UNRANKED,,False,,,
2018-12-28,2018-12-31,2019-01-02,GE,XLI,34.86073657461314,39.68193054199219,36.86637578708524,1,take_profit,LONG,LONG,0.5277895033359528,0.5002898573875427,0.5552891492843628,0.5002898573875427,0.5061572790145874,52.778950333595276,0.5082164704799652,1,True,True,False,52.0,True,1.364103510975838,UNRANKED,,False,,,
2018-12-31,2019-01-02,2019-01-03,GE,XLI,34.582603262986765,39.40376281738281,36.57506814597365,1,take_profit,LONG,LONG,0.5041869878768921,0.5007854700088501,0.5075885057449341,0.5007854700088501,0.5169469118118286,50.41869878768921,0.5082164704799652,2,False,True,True,52.0,True,0.7918075323104858,UNRANKED,,False,,,
2019-01-02,2019-01-03,2019-01-07,GE,XLI,37.17861217586208,41.4434928894043,39.376529841616126,2,take_profit,LONG,LONG,0.5221498012542725,0.5007854700088501,0.5435141324996948,0.5007854700088501,0.49260929226875305,52.214980125427246,0.5082164704799652,1,True,True,False,52.0,True,0.655643165111542,UNRANKED,,False,,,
2019-01-03,2019-01-04,2019-01-07,GE,XLI,37.966686788737874,41.4434928894043,40.138159610654725,1,take_profit,LONG,LONG,0.5294755399227142,0.49594646692276,0.5630046129226685,0.49594646692276,0.4731430113315582,52.94755399227142,0.5082164704799652,1,True,True,False,52.0,True,1.3864447474479675,UNRANKED,,False,,,
2019-01-04,2019-01-07,2019-01-14,GE,XLI,39.63556571787014,41.2580680847168,41.2580680847168,5,time_exit,LONG,LONG,0.5434246063232422,0.5002898573875427,0.5865593552589417,0.5002898573875427,0.4891098141670227,54.34246063232422,0.5082164704799652,1,True,True,False,52.0,True,1.2730847150087357,UNRANKED,,False,,,
2019-01-07,2019-01-08,2019-01-15,GE,XLI,41.30443913853603,40.469993591308594,40.469993591308594,5,time_exit,SHORT,SHORT,0.488734632730484,0.5002898573875427,0.4771794080734253,0.5002898573875427,0.4148666262626648,51.1265367269516,0.5082164704799652,1,True,False,True,52.0,True,0.06324493885040278,UNRANKED,,False,,,
2019-01-08,2019-01-09,2019-01-16,GE,XLI,39.49647691093546,41.62893295288086,41.62893295288086,5,time_exit,SHORT,SHORT,0.4879952222108841,0.5002898573875427,0.47570058703422546,0.5002898573875427,0.3923935890197754,51.20047777891159,0.5082164704799652,1,True,False,True,52.0,True,0.14965552091598494,UNRANKED,,False,,,
2019-01-09,2019-01-10,2019-01-17,GE,XLI,39.40376781279467,42.37065124511719,41.675287065026815,5,stop_loss,SHORT,SHORT,0.4890926480293274,0.49594646692276,0.4822388291358948,0.49594646692276,0.49927619099617004,51.09073519706726,0.5082164704799652,1,True,False,True,52.0,True,-0.2737801373004915,UNRANKED,,False,,,
2019-01-10,2019-01-11,2019-01-18,GE,XLI,41.11898983086484,41.99978256225586,41.99978256225586,5,time_exit,SHORT,SHORT,0.4999852329492569,0.5002898573875427,0.49968060851097107,0.5002898573875427,0.47090229392051697,50.00147670507431,0.5082164704799652,2,False,True,True,52.0,True,0.34226328134536743,UNRANKED,,False,,,
2019-01-11,2019-01-14,2019-01-22,GE,XLI,40.84085088642886,40.1454963684082,40.1454963684082,5,time_exit,SHORT,SHORT,0.49177123606204987,0.5002898573875427,0.483252614736557,0.5002898573875427,0.4604232609272003,50.82287639379501,0.5082164704799652,1,True,False,True,52.0,True,0.1335611641407013,UNRANKED,,False,,,
2019-01-14,2019-01-15,2019-01-23,GE,XLI,41.30442804657917,40.469993591308594,40.469993591308594,5,time_exit,LONG,LONG,0.5031357705593109,0.49594646692276,0.5103250741958618,0.49594646692276,0.5483288168907166,50.31357705593109,0.5082164704799652,2,False,True,True,52.0,True,0.5374237596988679,UNRANKED,,False,,,
2019-01-15,2019-01-16,2019-01-17,GE,XLI,40.37728479493236,40.7017707824707,42.330923689149714,1,take_profit,LONG,LONG,0.5074256360530853,0.5002898573875427,0.5145614147186279,0.5002898573875427,0.5618550777435303,50.74256360530853,0.5082164704799652,2,False,True,True,52.0,True,0.5324887335300444,UNRANKED,,False,,,
2019-01-16,2019-01-17,2019-01-25,GE,XLI,41.2580743409533,42.46335220336914,42.46335220336914,5,time_exit,LONG,LONG,0.5104000270366669,0.5042676329612732,0.5165324211120605,0.5042676329612732,0.5147029161453247,51.04000270366669,0.5082164704799652,1,True,True,False,52.0,True,0.5800714194774628,UNRANKED,,False,,,
2019-01-17,2019-01-18,2019-01-22,GE,XLI,42.78785617267839,41.39714813232422,40.9534222083578,1,stop_loss,LONG,LONG,0.5104071795940399,0.5042676329612732,0.5165467262268066,0.5042676329612732,0.5050389766693115,51.04071795940399,0.5082164704799652,1,True,True,False,52.0,True,0.6210768222808838,UNRANKED,,False,,,
2019-01-18,2019-01-22,2019-01-29,GE,XLI,41.628933567487536,41.2580680847168,41.2580680847168,5,time_exit,LONG,LONG,0.5060364007949829,0.5042676329612732,0.5078051686286926,0.5042676329612732,0.5968906879425049,50.60364007949829,0.5082164704799652,2,False,True,True,52.0,True,0.8386228382587433,UNRANKED,,False,,,
2019-01-22,2019-01-23,2019-01-25,GE,XLI,40.28456535234506,42.185211181640625,42.23820261169216,2,take_profit,LONG,LONG,0.5043226182460785,0.5042676329612732,0.5043776035308838,0.5042676329612732,0.5945388674736023,50.43226182460785,0.5082164704799652,2,False,True,True,52.0,True,0.7388783693313598,UNRANKED,,False,,,
2019-01-23,2019-01-24,2019-01-25,GE,XLI,40.00641133490144,47.099082946777344,41.68852498236238,1,take_profit,LONG,LONG,0.5011004507541656,0.5042676329612732,0.4979332685470581,0.5042676329612732,0.5063197016716003,50.110045075416565,0.5082164704799652,2,False,True,True,52.0,True,0.6413510143756866,UNRANKED,,False,,,
2019-01-24,2019-01-25,2019-01-31,GE,XLI,41.026272610339156,47.23816680908203,42.73487551561259,4,take_profit,LONG,LONG,0.5021015405654907,0.5002898573875427,0.5039132237434387,0.5002898573875427,0.47661808133125305,50.21015405654907,0.5082164704799652,2,False,True,True,52.0,True,0.6987613737583159,UNRANKED,,False,,,
2019-01-25,2019-01-28,2019-01-31,GE,XLI,41.62893346443413,47.33087921142578,43.4766082429637,3,take_profit,LONG,LONG,0.5021015405654907,0.5002898573875427,0.5039132237434387,0.5002898573875427,0.3994360566139221,50.21015405654907,0.5082164704799652,2,False,True,True,52.0,True,0.6767792999744415,UNRANKED,,False,,,
2019-01-28,2019-01-29,2019-01-31,GE,XLI,41.2580680847168,49.27789306640625,42.92030988420759,2,take_profit,LONG,LONG,0.5008460283279419,0.5002898573875427,0.5014021992683411,0.5002898573875427,0.5414255261421204,50.08460283279419,0.5082164704799652,2,False,True,True,52.0,True,0.4565454125404359,UNRANKED,,False,,,
2019-01-29,2019-01-30,2019-01-31,GE,XLI,41.6289228366286,48.53617477416992,43.191829919322515,1,take_profit,LONG,LONG,0.5063194632530212,0.5002898573875427,0.5123490691184998,0.5002898573875427,0.5532575845718384,50.631946325302124,0.5082164704799652,2,False,True,True,52.0,True,0.4728551208972931,UNRANKED,,False,,,
2019-01-30,2019-01-31,2019-02-05,GE,XLI,46.07922425577322,46.63552474975586,47.73484210594063,3,take_profit,LONG,LONG,0.5013693571090698,0.5002898573875427,0.5024488568305969,0.5002898573875427,0.48304134607315063,50.13693571090698,0.5082164704799652,2,False,True,True,52.0,True,0.19713622331619263,UNRANKED,,False,,,
2019-01-31,2019-02-01,2019-02-08,GE,XLI,47.28452386345105,45.47658920288086,45.47658920288086,5,time_exit,LONG,LONG,0.5072663128376007,0.49594646692276,0.5185861587524414,0.49594646692276,0.4825853705406189,50.72663128376007,0.5082164704799652,2,False,True,True,52.0,True,0.5525582879781723,UNRANKED,,False,,,
2019-02-01,2019-02-04,2019-02-08,GE,XLI,47.60902152761216,46.49645233154297,45.52294288381333,4,stop_loss,LONG,LONG,0.5033048987388611,0.49594646692276,0.5106633305549622,0.49594646692276,0.4704113304615021,50.33048987388611,0.5082164704799652,2,False,True,True,52.0,True,0.5556667000055313,UNRANKED,,False,,,
2019-02-04,2019-02-05,2019-02-12,GE,XLI,47.51631375906525,46.2646598815918,46.2646598815918,5,time_exit,LONG,LONG,0.503009021282196,0.5042676329612732,0.5017504096031189,0.5042676329612732,0.48310455679893494,50.300902128219604,0.5082164704799652,2,False,True,True,52.0,True,0.3322831988334656,UNRANKED,,False,,,
2019-02-05,2019-02-06,2019-02-07,GE,XLI,49.46332329999074,48.072608947753906,47.22492651915927,1,stop_loss,LONG,LONG,0.5058234333992004,0.509896457195282,0.5017504096031189,0.509896457195282,0.4644938111305237,50.582343339920044,0.5082164704799652,2,False,True,True,52.0,True,0.34374842047691334,UNRANKED,,False,,,
2019-02-06,2019-02-07,2019-02-08,GE,XLI,48.3043898963723,46.542808532714844,46.12559612544596,1,stop_loss,LONG,LONG,0.5014501959085464,0.509896457195282,0.4930039346218109,0.509896457195282,0.5256363153457642,50.145019590854645,0.5082164704799652,2,False,True,True,52.0,True,0.21779170632362355,UNRANKED,,False,,,
2019-02-07,2019-02-08,2019-02-15,GE,XLI,46.40373777661079,46.77458190917969,46.77458190917969,5,time_exit,SHORT,SHORT,0.4986911714076996,0.49594646692276,0.5014358758926392,0.49594646692276,0.5454761981964111,50.13088285923004,0.5082164704799652,2,False,True,True,52.0,True,0.3029106557369233,UNRANKED,,False,,,
2019-02-08,2019-02-11,2019-02-19,GE,XLI,45.75473567959144,46.960025787353516,46.960025787353516,5,time_exit,SHORT,SHORT,0.4965088218450546,0.48913338780403137,0.5038842558860779,0.5031661817559473,0.6109868884086609,50.34911781549454,0.5110200047492981,2,False,True,True,65.5,False,0.44381520152091986,UNRANKED,,False,,,
2019-02-11,2019-02-12,2019-02-20,GE,XLI,46.68187704820221,46.82095718383789,46.82095718383789,5,time_exit,LONG,LONG,0.5032159984111786,0.5025477409362793,0.5038842558860779,0.523138832997988,0.6032785177230835,50.32159984111786,0.5110200047492981,2,False,True,True,65.5,False,0.4603510797023773,HIGH,,True,1.5974521980865062,-1.0,-0.11416765053128687
2019-02-12,2019-02-13,2019-02-21,GE,XLI,46.264672326090206,46.49645233154297,46.49645233154297,5,time_exit,LONG,LONG,0.5053419172763824,0.506799578666687,0.5038842558860779,0.524547803617571,0.6229499578475952,50.534191727638245,0.5110200047492981,2,False,True,True,65.5,False,0.35695940256118786,HIGH,,True,1.1992361035211385,-1.0,-0.1596499756927564
2019-02-13,2019-02-14,2019-02-22,GE,XLI,47.701746084328896,47.14545440673828,47.14545440673828,5,time_exit,LONG,LONG,0.5046473741531372,0.5054104924201965,0.5038842558860779,0.523138832997988,0.5116535425186157,50.46473741531372,0.5110200047492981,2,False,True,True,65.5,False,0.3680806159973144,UNRANKED,,False,,,
2019-02-14,2019-02-15,2019-02-25,GE,XLI,46.913653040573635,50.15867233276367,49.430198472528154,5,take_profit,LONG,LONG,0.505237877368927,0.5065914988517761,0.5038842558860779,0.524547803617571,0.5118451714515686,50.5237877368927,0.5110200047492981,2,False,True,True,65.5,False,0.47207087278366094,UNRANKED,,False,,,
2019-02-15,2019-02-19,2019-02-25,GE,XLI,46.496451504392816,51.39364242553711,48.89379255140732,4,take_profit,LONG,LONG,0.5037141740322113,0.5035440921783447,0.5038842558860779,0.523138832997988,0.47750481963157654,50.37141740322113,0.5110200047492981,2,False,True,True,65.5,False,0.4873597323894501,UNRANKED,,False,,,
2019-02-19,2019-02-20,2019-02-25,GE,XLI,46.77460012198968,52.45429611206055,49.178564573370814,3,take_profit,LONG,LONG,0.505155473947525,0.5102124214172363,0.5000985264778137,0.5355887521968368,0.5346615314483643,50.5155473947525,0.5110200047492981,2,False,True,True,65.5,False,0.5609159469604493,UNRANKED,,False,,,
2019-02-20,2019-02-21,2019-02-25,GE,XLI,46.49645233154297,50.09192657470703,48.787834712437224,2,take_profit,LONG,LONG,0.5037928819656372,0.5076026916503906,0.4999830722808838,0.524547803617571,0.45773568749427795,50.37928819656372,0.5110200047492981,2,False,True,True,65.5,False,0.3403178155422211,UNRANKED,,False,,,
2019-02-21,2019-02-22,2019-02-25,GE,XLI,46.58916969063666,49.51339340209961,48.224928226839225,1,stop_loss,SHORT,SHORT,0.4994596242904663,0.5033313035964966,0.49558794498443604,0.523138832997988,0.43188047409057617,50.05403757095337,0.5110200047492981,2,False,True,True,65.5,False,0.30649301409721375,UNRANKED,,False,,,
2019-02-22,2019-02-25,2019-02-26,GE,XLI,53.63547673063766,50.04371643066406,51.92687273545072,1,take_profit,SHORT,SHORT,0.4983639568090439,0.5033313035964966,0.4933966100215912,0.523138832997988,0.43847769498825073,50.16360431909561,0.5110200047492981,2,False,True,True,65.5,False,0.27111417055130016,UNRANKED,,False,,,
2019-02-25,2019-02-26,2019-03-01,GE,XLI,52.02039438743189,47.68134689331055,49.894575317433286,3,take_profit,SHORT,SHORT,0.4866313636302948,0.4842599332332611,0.4890027940273285,0.5031661817559473,0.4775300621986389,51.33686363697052,0.5110200047492981,1,True,False,True,65.5,False,0.295969069004059,UNRANKED,,False,,,
2019-02-26,2019-02-27,2019-02-28,GE,XLI,52.21323795588209,43.920841217041016,50.189139423341636,1,take_profit,SHORT,SHORT,0.4935641288757324,0.4884403944015503,0.49868786334991455,0.5031661817559473,0.4528077244758606,50.64358711242676,0.5110200047492981,2,False,True,True,65.5,False,0.3370095789432526,UNRANKED,,False,,,
2019-02-27,2019-02-28,2019-03-01,GE,XLI,52.16502756373549,45.560028076171875,50.09536683201116,1,stop_loss,LONG,LONG,0.5040207505226135,0.486198365688324,0.5218431353569031,0.5031661817559473,0.4900943636894226,50.40207505226135,0.5110200047492981,2,False,True,True,65.5,False,0.43590769171714794,UNRANKED,,False,,,
2019-02-28,2019-03-01,2019-03-05,GE,XLI,50.38120364730646,46.23571014404297,48.2455829851622,2,take_profit,SHORT,SHORT,0.49220389127731323,0.4974886476993561,0.4869191348552704,0.5031661817559473,0.4919050335884094,50.77961087226868,0.5110200047492981,2,False,True,True,65.5,False,-0.06451344490051286,UNRANKED,,False,,,
2019-03-01,2019-03-04,2019-03-05,GE,XLI,49.75444515639382,47.780113220214844,47.70173911914494,1,take_profit,SHORT,SHORT,0.4920952469110489,0.4972713589668274,0.4869191348552704,0.5031661817559473,0.5000662803649902,50.79047530889511,0.5110200047492981,2,False,True,True,65.5,False,-0.04818481206893925,UNRANKED,,False,,,
2019-03-04,2019-03-05,2019-03-06,GE,XLI,50.043719260175855,47.10443878173828,48.06094752294092,1,take_profit,SHORT,SHORT,0.4910251349210739,0.5009439587593079,0.48110631108283997,0.5031661817559473,0.5223018527030945,50.89748650789261,0.5110200047492981,2,False,True,True,65.5,False,-0.005917787551879862,UNRANKED,,False,,,
2019-03-05,2019-03-06,2019-03-11,GE,XLI,44.644015858062055,48.35926055908203,46.93115575064018,3,stop_loss,SHORT,SHORT,0.49484683573246,0.5027745366096497,0.4869191348552704,0.523138832997988,0.6197061538696289,50.515316426754,0.5110200047492981,2,False,True,True,65.5,False,0.044390052556991626,UNRANKED,,False,,,
2019-03-06,2019-03-07,2019-03-11,GE,XLI,43.776194781837944,49.71062469482422,46.34227133300284,2,stop_loss,SHORT,SHORT,0.48915995657444,0.5061309933662415,0.47218891978263855,0.524547803617571,0.6315804123878479,51.084004342556,0.5110200047492981,2,False,True,True,65.5,False,-0.0521566271781921,UNRANKED,,False,,,
2019-03-07,2019-03-08,2019-03-11,GE,XLI,45.029142490950385,48.0696907043457,47.61084567698554,1,stop_loss,SHORT,SHORT,0.48735179007053375,0.502514660358429,0.47218891978263855,0.523138832997988,0.6301053762435913,51.264820992946625,0.5110200047492981,1,True,False,True,65.5,False,-0.012291729450225782,UNRANKED,,False,,,
2019-03-08,2019-03-11,2019-03-13,GE,XLI,45.608291571057705,49.22800064086914,48.25341028443661,2,stop_loss,SHORT,SHORT,0.48915995657444,0.5061309933662415,0.47218891978263855,0.524547803617571,0.536419689655304,51.084004342556,0.5110200047492981,2,False,True,True,65.5,False,0.011438995599746642,UNRANKED,,False,,,
2019-03-11,2019-03-12,2019-03-19,GE,XLI,47.9249040329347,49.17974853515625,49.17974853515625,5,time_exit,SHORT,SHORT,0.488397940993309,0.5046069622039795,0.47218891978263855,0.523138832997988,0.5259040594100952,51.1602059006691,0.5110200047492981,1,True,False,True,65.5,False,0.07958182692527765,UNRANKED,,False,,,
2019-03-12,2019-03-13,2019-03-20,GE,XLI,46.95964017979119,49.324527740478516,49.324527740478516,5,time_exit,SHORT,SHORT,0.48922543227672577,0.506261944770813,0.47218891978263855,0.524547803617571,0.5353475213050842,51.07745677232742,0.5110200047492981,2,False,True,True,65.5,False,0.1266270875930786,UNRANKED,,False,,,
2019-03-13,2019-03-14,2019-03-21,GE,XLI,49.71062469482422,49.56584167480469,49.56584167480469,5,time_exit,SHORT,SHORT,0.4718733876943588,0.4715578556060791,0.47218891978263855,0.43029814665592264,0.6833336353302002,52.81266123056412,0.5110200047492981,1,True,False,True,65.5,False,0.06577253341674816,UNRANKED,,False,,,
2019-03-14,2019-03-15,2019-03-22,GE,XLI,49.66236064543536,48.16622543334961,48.16622543334961,5,time_exit,SHORT,SHORT,0.47622519731521606,0.4802614748477936,0.47218891978263855,0.5031661817559473,0.6264826655387878,52.377480268478394,0.5110200047492981,1,True,False,True,65.5,False,0.06467255949974063,UNRANKED,,False,,,
2019-03-15,2019-03-18,2019-03-25,GE,XLI,48.21448233961983,47.683589935302734,47.683589935302734,5,time_exit,SHORT,SHORT,0.4848695397377014,0.49896904826164246,0.4707700312137604,0.5031661817559473,0.530556321144104,51.51304602622986,0.5110200047492981,1,True,False,True,65.5,False,-0.0327123999595641,UNRANKED,,False,,,
2019-03-18,2019-03-19,2019-03-26,GE,XLI,49.32453742716046,48.7453727722168,48.7453727722168,5,time_exit,SHORT,SHORT,0.48399725556373596,0.5016023516654968,0.4663921594619751,0.523138832997988,0.6105046272277832,51.600274443626404,0.5110200047492981,1,True,False,True,65.5,False,-0.011452466249466109,UNRANKED,,False,,,
2019-03-19,2019-03-20,2019-03-27,GE,XLI,48.8901611497697,48.0696907043457,48.0696907043457,5,time_exit,SHORT,SHORT,0.4868728369474411,0.5029756426811218,0.4707700312137604,0.523138832997988,0.5959247946739197,51.31271630525589,0.5110200047492981,1,True,False,True,65.5,False,0.001419484615325893,UNRANKED,,False,,,
2019-03-20,2019-03-21,2019-03-28,GE,XLI,49.2280034530477,47.73185729980469,47.73185729980469,5,time_exit,SHORT,SHORT,0.48621438443660736,0.5016587376594543,0.4707700312137604,0.523138832997988,0.5341587066650391,51.378561556339264,0.5110200047492981,1,True,False,True,65.5,False,-0.0848518610000612,UNRANKED,,False,,,
2019-03-21,2019-03-22,2019-03-29,GE,XLI,49.32453276604769,48.2144775390625,48.2144775390625,5,time_exit,SHORT,SHORT,0.4853176176548004,0.4984463155269623,0.47218891978263855,0.5031661817559473,0.5301531553268433,51.46823823451996,0.5110200047492981,1,True,False,True,65.5,False,-0.06039848923683165,UNRANKED,,False,,,
2019-03-22,2019-03-25,2019-04-01,GE,XLI,48.069692311792636,48.7453727722168,48.7453727722168,5,time_exit,SHORT,SHORT,0.47716309130191803,0.4821372628211975,0.47218891978263855,0.5031661817559473,0.5567712187767029,52.2836908698082,0.5110200047492981,1,True,False,True,65.5,False,-0.0030995309352873854,UNRANKED,,False,,,
2019-03-25,2019-03-26,2019-04-02,GE,XLI,48.021428502010465,49.42105484008789,49.42105484008789,5,time_exit,SHORT,SHORT,0.47595565021038055,0.47972238063812256,0.47218891978263855,0.5031661817559473,0.5058889389038086,52.404434978961945,0.5110200047492981,1,True,False,True,65.5,False,-0.011340975761413644,UNRANKED,,False,,,
2019-03-26,2019-03-27,2019-04-03,GE,XLI,48.64884609665159,48.7453727722168,48.7453727722168,5,time_exit,SHORT,SHORT,0.49091990292072296,0.5096508860588074,0.47218891978263855,0.5355887521968368,0.4867557883262634,50.908009707927704,0.5110200047492981,2,False,True,True,65.5,False,0.04660218954086297,UNRANKED,,False,,,
2019-03-27,2019-03-28,2019-04-04,GE,XLI,48.06969551655325,48.40752410888672,48.40752410888672,5,time_exit,LONG,LONG,0.5134893655776978,0.5026275515556335,0.524351179599762,0.523138832997988,0.49763479828834534,51.348936557769775,0.5110200047492981,1,True,True,False,65.5,False,0.5197925567626953,UNRANKED,,False,,,
2019-03-28,2019-03-29,2019-04-05,GE,XLI,48.16621336042719,48.31101608276367,48.31101608276367,5,time_exit,LONG,LONG,0.502111092209816,0.5111716389656067,0.49305054545402527,0.5355887521968368,0.5322434902191162,50.2111092209816,0.5110200047492981,2,False,True,True,65.5,False,0.5182656347751619,UNRANKED,,False,,,
2019-03-29,2019-04-01,2019-04-08,GE,XLI,48.35927039273206,45.80134582519531,46.794181848158956,5,stop_loss,LONG,LONG,0.501167893409729,0.5053414702415466,0.4969943165779114,0.523138832997988,0.45506149530410767,50.1167893409729,0.5110200047492981,2,False,True,True,65.5,False,0.3450046479701997,UNRANKED,,False,,,
2019-04-01,2019-04-02,2019-04-08,GE,XLI,48.552325309974755,44.498252868652344,47.00791950901912,4,stop_loss,LONG,LONG,0.500359296798706,0.5037242770195007,0.4969943165779114,0.523138832997988,0.4609927833080292,50.035929679870605,0.5110200047492981,2,False,True,True,65.5,False,0.3139504492282866,UNRANKED,,False,,,
2019-04-02,2019-04-03,2019-04-08,GE,XLI,49.51757383731037,44.208675384521484,48.055902280565114,3,stop_loss,LONG,LONG,0.5034385025501251,0.5098826885223389,0.4969943165779114,0.5355887521968368,0.4853145182132721,50.34385025501251,0.5110200047492981,2,False,True,True,65.5,False,0.35508838295936573,UNRANKED,,False,,,
2019-04-03,2019-04-04,2019-04-08,GE,XLI,48.74536595234147,44.015628814697266,47.380220405292086,2,stop_loss,LONG,LONG,0.5049785673618317,0.5099408626556396,0.5000162720680237,0.5355887521968368,0.4705427289009094,50.49785673618317,0.5110200047492981,2,False,True,True,65.5,False,0.4296813607215881,UNRANKED,,False,,,
2019-04-04,2019-04-05,2019-04-08,GE,XLI,48.6005938500233,43.43647003173828,47.42160334970941,1,stop_loss,LONG,LONG,0.5106258988380432,0.5173675417900085,0.5038842558860779,0.5355887521968368,0.4753044843673706,51.06258988380432,0.5110200047492981,2,False,True,True,65.5,False,0.4271373152732851,UNRANKED,,False,,,
2019-04-05,2019-04-08,2019-04-09,GE,XLI,45.897874197290946,43.3399543762207,44.870569684177106,1,stop_loss,LONG,LONG,0.5070888698101044,0.5046554207801819,0.5095223188400269,0.523138832997988,0.46114715933799744,50.70888698101044,0.5110200047492981,2,False,True,True,65.5,False,0.49056336283683777,UNRANKED,,False,,,
2019-04-08,2019-04-09,2019-04-12,GE,XLI,45.12566880991419,44.112152099609375,43.74673313224957,3,stop_loss,LONG,LONG,0.502442479133606,0.5049018859863281,0.4999830722808838,0.523138832997988,0.5729576349258423,50.244247913360596,0.5110200047492981,2,False,True,True,65.5,False,0.3385702669620513,UNRANKED,,False,,,
2019-04-09,2019-04-10,2019-04-17,GE,XLI,44.6430419741646,44.015628814697266,44.015628814697266,5,time_exit,SHORT,SHORT,0.4970137029886246,0.5050246119499207,0.4890027940273285,0.523138832997988,0.5905595421791077,50.29862970113754,0.5110200047492981,2,False,True,True,65.5,False,0.2436924278736115,UNRANKED,,False,,,
2019-04-10,2019-04-11,2019-04-18,GE,XLI,44.015628814697266,45.12566375732422,45.12566375732422,5,time_exit,LONG,LONG,0.5010709464550018,0.5034540295600891,0.49868786334991455,0.523138832997988,0.571872889995575,50.10709464550018,0.5110200047492981,2,False,True,True,65.5,False,0.29794409871101374,UNRANKED,,False,,,
2019-04-11,2019-04-12,2019-04-22,GE,XLI,44.160410583287955,44.980892181396484,44.980892181396484,5,time_exit,LONG,LONG,0.5018356740474701,0.5049834847450256,0.49868786334991455,0.523138832997988,0.4972430169582367,50.18356740474701,0.5110200047492981,2,False,True,True,65.5,False,0.28206083178520197,UNRANKED,,False,,,
2019-04-12,2019-04-15,2019-04-18,GE,XLI,43.484743267755164,45.029144287109375,44.87746907603502,3,stop_loss,SHORT,SHORT,0.49850894510746,0.5080150961875916,0.4890027940273285,0.5355887521968368,0.508345901966095,50.149105489254,0.5110200047492981,2,False,True,True,65.5,False,0.16394907236099232,UNRANKED,,False,,,
2019-04-15,2019-04-16,2019-04-18,GE,XLI,43.62952500290919,44.980892181396484,44.884355499560975,2,stop_loss,SHORT,SHORT,0.49557487666606903,0.4977531433105469,0.4933966100215912,0.5031661817559473,0.43999746441841125,50.4425123333931,0.5110200047492981,2,False,True,True,65.5,False,0.14009538292884824,UNRANKED,,False,,,
2019-04-16,2019-04-17,2019-04-25,GE,XLI,44.208678181948066,44.015628814697266,44.015628814697266,5,time_exit,SHORT,SHORT,0.4948817938566208,0.4963669776916504,0.4933966100215912,0.5031661817559473,0.42754992842674255,50.51182061433792,0.5110200047492981,2,False,True,True,65.5,False,0.1163487136363983,UNRANKED,,False,,,
2019-04-17,2019-04-18,2019-04-26,GE,XLI,44.06388134766913,46.18745040893555,45.29802692087644,5,take_profit,LONG,LONG,0.5066542327404022,0.5146206021308899,0.49868786334991455,0.5355887521968368,0.47659170627593994,50.66542327404022,0.5110200047492981,2,False,True,True,65.5,False,0.2609179913997649,UNRANKED,,False,,,
2019-04-18,2019-04-22,2019-04-26,GE,XLI,44.6430538731013,46.95965576171875,45.96683011821849,4,stop_loss,SHORT,SHORT,0.4963121861219406,0.5008259415626526,0.49179843068122864,0.5031661817559473,0.4582897126674652,50.36878138780594,0.5110200047492981,2,False,True,True,65.5,False,0.17078715562820426,UNRANKED,,False,,,
2019-04-22,2019-04-23,2019-04-26,GE,XLI,44.88435542418761,49.08320999145508,46.15297114684386,3,take_profit,LONG,LONG,0.5015198737382889,0.4951154291629791,0.5079243183135986,0.5031661817559473,0.5696784257888794,50.15198737382889,0.5110200047492981,2,False,True,True,65.5,False,0.4928055107593537,UNRANKED,,False,,,
2019-04-23,2019-04-24,2019-04-26,GE,XLI,44.93262798283555,48.7453727722168,46.11161085375491,2,stop_loss,SHORT,SHORT,0.49536988139152527,0.49956342577934265,0.4911763370037079,0.5031661817559473,0.5609255433082581,50.46301186084747,0.5110200047492981,2,False,True,True,65.5,False,0.23405909538269046,UNRANKED,,False,,,
2019-04-24,2019-04-25,2019-04-26,GE,XLI,44.49825592670065,49.469322204589844,45.587605945883126,1,stop_loss,SHORT,SHORT,0.4958336502313614,0.5000399351119995,0.49162736535072327,0.5031661817559473,0.5458908081054688,50.41663497686386,0.5110200047492981,2,False,True,True,65.5,False,0.21431544423103321,UNRANKED,,False,,,
2019-04-25,2019-04-26,2019-04-29,GE,XLI,44.015628424188805,50.67588806152344,45.19460911528116,1,stop_loss,SHORT,SHORT,0.492901548743248,0.4985690116882324,0.48723408579826355,0.5031661817559473,0.5135965347290039,50.7098451256752,0.5110200047492981,2,False,True,True,65.5,False,0.3389307856559753,UNRANKED,,False,,,
2019-04-26,2019-04-29,2019-04-30,GE,XLI,46.18745090354448,50.33803176879883,47.66290496151044,1,stop_loss,SHORT,SHORT,0.49910104274749756,0.5000399351119995,0.4981621503829956,0.5031661817559473,0.5135865807533264,50.089895725250244,0.5110200047492981,2,False,True,True,65.5,False,0.31823286414146434,UNRANKED,,False,,,
2019-04-29,2019-04-30,2019-05-03,GE,XLI,49.37278769376999,48.79362487792969,50.600032479623785,3,take_profit,LONG,LONG,0.5021254271268845,0.49904701113700867,0.5052038431167603,0.5031661817559473,0.5611110925674438,50.212542712688446,0.5110200047492981,2,False,True,True,65.5,False,0.29702752828598045,UNRANKED,,False,,,
2019-04-30,2019-05-01,2019-05-03,GE,XLI,48.98668629766027,49.03495407104492,50.331139836827404,2,stop_loss,SHORT,SHORT,0.4952877461910248,0.4809773564338684,0.5095981359481812,0.5031661817559473,0.5323042273521423,50.47122538089752,0.5110200047492981,2,False,True,True,65.5,False,0.2610576748847961,UNRANKED,,False,,,
2019-05-01,2019-05-02,2019-05-03,GE,XLI,48.986695067302556,48.4557991027832,50.33804285434218,1,stop_loss,SHORT,SHORT,0.48312319815158844,0.4998542368412018,0.4663921594619751,0.5031661817559473,0.53816819190979,51.687680184841156,0.5110200047492981,1,True,False,True,65.5,False,0.01791778206825254,UNRANKED,,False,,,
2019-05-02,2019-05-03,2019-05-10,GE,XLI,49.71063382478282,48.89015579223633,48.89015579223633,5,time_exit,LONG,LONG,0.502426028251648,0.49383097887039185,0.511021077632904,0.5031661817559473,0.4924696683883667,50.242602825164795,0.5110200047492981,2,False,True,True,65.5,False,0.34939882159233104,UNRANKED,,False,,,
2019-05-03,2019-05-06,2019-05-13,GE,XLI,49.42103835635626,47.63533401489258,47.904217721241864,5,stop_loss,LONG,LONG,0.503434419631958,0.502888023853302,0.503980815410614,0.523138832997988,0.4972599446773529,50.3434419631958,0.5110200047492981,2,False,True,True,65.5,False,0.37697228789329523,UNRANKED,,False,,,
2019-05-06,2019-05-07,2019-05-13,GE,XLI,49.903667643032556,49.80714797973633,48.35236977403144,4,stop_loss,LONG,LONG,0.5038141012191772,0.49660712480545044,0.511021077632904,0.5031661817559473,0.5408583879470825,50.381410121917725,0.5110200047492981,2,False,True,True,65.5,False,0.38345432281494146,UNRANKED,,False,,,
2019-05-07,2019-05-08,2019-05-15,GE,XLI,48.64885532807735,49.51758575439453,49.51758575439453,5,time_exit,LONG,LONG,0.5087461769580841,0.5064712762832642,0.511021077632904,0.524547803617571,0.6142256259918213,50.87461769580841,0.5110200047492981,2,False,True,True,65.5,False,0.5157731771469117,HIGH,,True,1.9659302320348822,1.0,-0.01322684260985895
2019-05-08,2019-05-09,2019-05-16,GE,XLI,48.79363732778671,48.89015579223633,48.89015579223633,5,time_exit,LONG,LONG,0.5069833546876907,0.49900421500205994,0.5149624943733215,0.5031661817559473,0.5018678903579712,50.69833546876907,0.5110200047492981,2,False,True,True,65.5,False,0.46979269385337835,UNRANKED,,False,,,
2019-05-09,2019-05-10,2019-05-17,GE,XLI,48.359268275825606,48.26274490356445,48.26274490356445,5,time_exit,LONG,LONG,0.5029440522193909,0.5094682574272156,0.49641984701156616,0.5355887521968368,0.5394881367683411,50.29440522193909,0.5110200047492981,2,False,True,True,65.5,False,0.28342315554618824,UNRANKED,,False,,,
2019-05-10,2019-05-13,2019-05-14,GE,XLI,47.53880564110663,47.683589935302734,49.186634969371134,1,take_profit,LONG,LONG,0.5199256837368011,0.5184146761894226,0.5214366912841797,0.5355887521968368,0.5133579969406128,51.992568373680115,0.5110200047492981,1,True,True,False,65.5,False,0.5163514018058777,UNRANKED,,False,,,
2019-05-13,2019-05-14,2019-05-21,GE,XLI,47.973164578884244,48.0696907043457,48.0696907043457,5,time_exit,LONG,LONG,0.5223095118999481,0.5231823325157166,0.5214366912841797,0.5355887521968368,0.46281251311302185,52.23095118999481,0.5110200047492981,1,True,True,False,65.5,False,0.42891350388526894,UNRANKED,,False,,,
2019-05-14,2019-05-15,2019-05-22,GE,XLI,48.986698086979054,47.780113220214844,47.780113220214844,5,time_exit,LONG,LONG,0.5198501944541931,0.5182636976242065,0.5214366912841797,0.5355887521968368,0.4540279805660248,51.98501944541931,0.5110200047492981,1,True,True,False,65.5,False,0.5398918688297272,UNRANKED,,False,,,
2019-05-15,2019-05-16,2019-05-23,GE,XLI,49.32452233534591,46.139190673828125,47.29748866573793,5,stop_loss,LONG,LONG,0.5294358432292938,0.5344192981719971,0.5244523882865906,0.5355887521968368,0.43873006105422974,52.94358432292938,0.5110200047492981,1,True,True,False,65.5,False,0.5987049639225006,UNRANKED,,False,,,
2019-05-16,2019-05-17,2019-05-23,GE,XLI,48.31100539150987,45.608306884765625,46.504599097913335,4,stop_loss,LONG,LONG,0.5215846598148346,0.5217326283454895,0.5214366912841797,0.5355887521968368,0.46585944294929504,52.15846598148346,0.5110200047492981,1,True,True,False,65.5,False,0.5565698146820068,UNRANKED,,False,,,
2019-05-17,2019-05-20,2019-05-24,GE,XLI,47.82837878822093,45.173927307128906,46.04265741806886,4,stop_loss,LONG,LONG,0.523259162902832,0.5250816345214844,0.5214366912841797,0.5355887521968368,0.4559749662876129,52.3259162902832,0.5110200047492981,1,True,True,False,65.5,False,0.5380901098251343,UNRANKED,,False,,,
2019-05-20,2019-05-21,2019-05-23,GE,XLI,48.0696907043457,45.22218704223633,46.50459780011858,2,stop_loss,LONG,LONG,0.5156811773777008,0.5148001909255981,0.5165621638298035,0.5355887521968368,0.4623047113418579,51.56811773777008,0.5110200047492981,1,True,True,False,65.5,False,0.32242521643638605,UNRANKED,,False,,,
2019-05-21,2019-05-22,2019-05-23,GE,XLI,48.02142673678786,45.70481872558594,46.449439039731494,1,stop_loss,LONG,LONG,0.512961745262146,0.5093613266944885,0.5165621638298035,0.5355887521968368,0.4806627035140991,51.2961745262146,0.5110200047492981,1,True,True,False,65.5,False,0.30602031946182245,UNRANKED,,False,,,
2019-05-22,2019-05-23,2019-05-24,GE,XLI,47.34575846298904,45.56002426147461,45.83582390139585,1,stop_loss,LONG,LONG,0.512451708316803,0.5157353281974792,0.5091680884361267,0.5355887521968368,0.4904435873031616,51.2451708316803,0.5110200047492981,1,True,True,False,65.5,False,0.2503481507301331,UNRANKED,,False,,,
2019-05-23,2019-05-24,2019-06-03,GE,XLI,46.428772377822945,45.994407653808594,45.994407653808594,5,time_exit,LONG,LONG,0.5058968216180801,0.5156609416007996,0.4961327016353607,0.5355887521968368,0.48400795459747314,50.589682161808014,0.5110200047492981,2,False,True,True,65.5,False,0.24510216712951655,UNRANKED,,False,,,
2019-05-24,2019-05-28,2019-06-04,GE,XLI,45.4152408358933,48.26274490356445,47.01480170974235,5,take_profit,LONG,LONG,0.504571869969368,0.5130110383033752,0.4961327016353607,0.5355887521968368,0.48772916197776794,50.4571869969368,0.5110200047492981,2,False,True,True,65.5,False,0.19727540016174322,UNRANKED,,False,,,
2019-05-28,2019-05-29,2019-06-04,GE,XLI,44.932609358652435,47.73185729980469,46.37359490203971,4,take_profit,LONG,LONG,0.5014293193817139,0.5175638794898987,0.48529475927352905,0.5355887521968368,0.49214521050453186,50.14293193817139,0.5110200047492981,2,False,True,True,65.5,False,0.3203037977218628,UNRANKED,,False,,,
2019-05-29,2019-05-30,2019-06-04,GE,XLI,45.22219166618149,47.87664031982422,46.63559585842479,3,take_profit,LONG,LONG,0.5021903812885284,0.5190860033035278,0.48529475927352905,0.5355887521968368,0.49935483932495117,50.219038128852844,0.5110200047492981,2,False,True,True,65.5,False,0.4693749547004699,UNRANKED,,False,,,
2019-05-30,2019-05-31,2019-06-04,GE,XLI,45.07739726147175,48.16622543334961,46.47701241301333,2,take_profit,LONG,LONG,0.5338609218597412,0.5175638794898987,0.5501579642295837,0.5355887521968368,0.5181703567504883,53.38609218597412,0.5110200047492981,1,True,True,False,65.5,False,1.1844912022352219,UNRANKED,,False,,,
2019-05-31,2019-06-03,2019-06-04,GE,XLI,44.88436440773617,48.504066467285156,46.24261352708606,1,take_profit,LONG,LONG,0.5338316261768341,0.5175052881240845,0.5501579642295837,0.5355887521968368,0.5057117938995361,53.38316261768341,0.5110200047492981,1,True,True,False,65.5,False,1.2811626195907593,UNRANKED,,False,,,
2019-06-03,2019-06-04,2019-06-05,GE,XLI,46.380497220672666,48.84190368652344,47.621540856449734,1,take_profit,LONG,LONG,0.5300361812114716,0.5094581842422485,0.5506141781806946,0.5355887521968368,0.4710950255393982,53.003618121147156,0.5110200047492981,1,True,True,False,65.5,False,0.9005535989999771,UNRANKED,,False,,,
2019-06-04,2019-06-05,2019-06-12,GE,XLI,48.60058678135537,49.614105224609375,49.614105224609375,5,time_exit,LONG,LONG,0.5241464674472809,0.518269419670105,0.5300235152244568,0.5355887521968368,0.431974858045578,52.41464674472809,0.5110200047492981,1,True,True,False,65.5,False,0.7348889708518981,UNRANKED,,False,,,
2019-06-05,2019-06-06,2019-06-12,GE,XLI,47.731851474922166,49.75889205932617,49.02115920546067,4,take_profit,LONG,LONG,0.5084992945194244,0.5263121724128723,0.49068641662597656,0.5355887521968368,0.44467198848724365,50.849929451942444,0.5110200047492981,2,False,True,True,65.5,False,-0.14179560542106626,UNRANKED,,False,,,
2019-06-06,2019-06-07,2019-06-12,GE,XLI,47.78012298911692,49.37278366088867,49.000481156492754,3,take_profit,LONG,LONG,0.5052849054336548,0.519883394241333,0.49068641662597656,0.5355887521968368,0.461889386177063,50.52849054336548,0.5110200047492981,2,False,True,True,65.5,False,-0.06278574466705329,UNRANKED,,False,,,
2019-06-07,2019-06-10,2019-06-13,GE,XLI,48.504066467285156,48.504066467285156,49.676163809640066,3,take_profit,LONG,LONG,0.5074714422225952,0.511253297328949,0.5036895871162415,0.5355887521968368,0.44027385115623474,50.74714422225952,0.5110200047492981,2,False,True,True,65.5,False,0.0564010739326477,UNRANKED,,False,,,
2019-06-10,2019-06-11,2019-06-18,GE,XLI,48.74537900278358,50.28977584838867,49.883002925949036,5,take_profit,LONG,LONG,0.5090755224227905,0.5142667889595032,0.5038842558860779,0.5355887521968368,0.49417436122894287,50.90755224227905,0.5110200047492981,2,False,True,True,65.5,False,0.5041717886924744,UNRANKED,,False,,,
2019-06-11,2019-06-12,2019-06-18,GE,XLI,48.648851064041345,49.90367889404297,49.77958019437756,4,take_profit,LONG,LONG,0.5095551609992981,0.5152260661125183,0.5038842558860779,0.5355887521968368,0.5382055044174194,50.95551609992981,0.5110200047492981,2,False,True,True,65.5,False,0.4005558490753174,UNRANKED,,False,,,
2019-06-12,2019-06-13,2019-06-17,GE,XLI,50.0002018957564,51.30330276489258,48.800526471998026,2,stop_loss,LONG,LONG,0.5011460334062576,0.5036993026733398,0.4985927641391754,0.523138832997988,0.4693484306335449,50.11460334062576,0.5110200047492981,2,False,True,True,65.5,False,0.4075345098972321,UNRANKED,,False,,,
2019-06-13,2019-06-14,2019-06-17,GE,XLI,49.61409716181478,50.57935333251953,48.628155411152115,1,take_profit,SHORT,SHORT,0.4998499006032944,0.5011070370674133,0.4985927641391754,0.5031661817559473,0.45372816920280457,50.01500993967056,0.5110200047492981,2,False,True,True,65.5,False,0.028495788574218854,UNRANKED,,False,,,
2019-06-14,2019-06-17,2019-06-18,GE,XLI,49.228007151384325,49.614105224609375,50.19326670338628,1,take_profit,LONG,LONG,0.503397062420845,0.5082013607025146,0.4985927641391754,0.5355887521968368,0.47131672501564026,50.3397062420845,0.5110200047492981,2,False,True,True,65.5,False,0.053408354520797716,UNRANKED,,False,,,
2019-06-17,2019-06-18,2019-06-19,GE,XLI,48.79363059483986,49.324527740478516,49.82093837769421,1,stop_loss,SHORT,SHORT,0.4986158609390259,0.501660943031311,0.4955707788467407,0.523138832997988,0.4744669497013092,50.13841390609741,0.5110200047492981,2,False,True,True,65.5,False,-0.015489757061004812,UNRANKED,,False,,,
2019-06-18,2019-06-19,2019-06-26,GE,XLI,50.531094832630984,49.56584167480469,49.56584167480469,5,time_exit,SHORT,SHORT,0.49762962758541107,0.4996884763240814,0.4955707788467407,0.5031661817559473,0.4508158266544342,50.23703724145889,0.5110200047492981,2,False,True,True,65.5,False,0.060799419879913316,UNRANKED,,False,,,
2019-06-19,2019-06-20,2019-06-27,GE,XLI,50.53109791735555,50.19325637817383,50.19325637817383,5,time_exit,SHORT,SHORT,0.49639879167079926,0.49974703788757324,0.49305054545402527,0.5031661817559473,0.48602500557899475,50.360120832920074,0.5110200047492981,2,False,True,True,65.5,False,0.14768317341804504,UNRANKED,,False,,,
2019-06-20,2019-06-21,2019-06-24,GE,XLI,51.49634319777567,50.72465515136719,50.055357654388395,1,stop_loss,LONG,LONG,0.504875123500824,0.5057694315910339,0.503980815410614,0.523138832997988,0.4580066502094269,50.4875123500824,0.5110200047492981,2,False,True,True,65.5,False,0.33249443769454945,UNRANKED,,False,,,
2019-06-21,2019-06-24,2019-07-01,GE,XLI,50.482834707895826,51.35267639160156,51.35267639160156,5,time_exit,SHORT,SHORT,0.48824648559093475,0.504304051399231,0.47218891978263855,0.523138832997988,0.4659934937953949,51.175351440906525,0.5110200047492981,1,True,False,True,65.5,False,0.04288172721862793,UNRANKED,,False,,,
2019-06-24,2019-06-25,2019-07-01,GE,XLI,49.517577095987214,51.304359436035156,50.81377362483069,4,stop_loss,SHORT,SHORT,0.485348105430603,0.504304051399231,0.4663921594619751,0.523138832997988,0.4873938262462616,51.4651894569397,0.5110200047492981,1,True,False,True,65.5,False,0.11806324124336255,UNRANKED,,False,,,
2019-06-25,2019-06-26,2019-06-28,GE,XLI,49.324528131567384,51.256065368652344,50.58625178617815,2,stop_loss,SHORT,SHORT,0.4867340475320816,0.5012791752815247,0.47218891978263855,0.5031661817559473,0.5163438320159912,51.32659524679184,0.5110200047492981,1,True,False,True,65.5,False,0.08361452817916863,UNRANKED,,False,,,
2019-06-26,2019-06-27,2019-06-28,GE,XLI,49.421051581461285,50.72465515136719,50.69656536668729,1,stop_loss,SHORT,SHORT,0.4761059284210205,0.48002293705940247,0.47218891978263855,0.5031661817559473,0.5907332897186279,52.38940715789795,0.5110200047492981,1,True,False,True,65.5,False,0.007343322038650454,UNRANKED,,False,,,
2019-06-27,2019-06-28,2019-07-08,GE,XLI,50.19325294927484,49.2753791809082,49.2753791809082,5,time_exit,SHORT,SHORT,0.49942515790462494,0.5070518851280212,0.49179843068122864,0.524547803617571,0.4353635609149933,50.057484209537506,0.5110200047492981,2,False,True,True,65.5,False,0.2717147171497346,UNRANKED,,False,,,
2019-06-28,2019-07-01,2019-07-08,GE,XLI,51.30436575460425,49.516929626464844,49.95293949379231,4,stop_loss,LONG,LONG,0.5045686960220337,0.5012130737304688,0.5079243183135986,0.5031661817559473,0.42563825845718384,50.45686960220337,0.5110200047492981,2,False,True,True,65.5,False,0.3451729714870454,UNRANKED,,False,,,
2019-07-01,2019-07-02,2019-07-08,GE,XLI,51.352670067082606,49.2753791809082,49.95978894612836,3,take_profit,SHORT,SHORT,0.4983389228582382,0.49968352913856506,0.4969943165779114,0.5031661817559473,0.42777007818222046,50.16610771417618,0.5110200047492981,2,False,True,True,65.5,False,0.09538778662681585,UNRANKED,,False,,,
2019-07-02,2019-07-03,2019-07-08,GE,XLI,51.497611189660496,48.8405876159668,50.20814215192333,2,stop_loss,LONG,LONG,0.5010124742984772,0.505030632019043,0.4969943165779114,0.523138832997988,0.43864819407463074,50.10124742984772,0.5110200047492981,2,False,True,True,65.5,False,0.33656784892082214,UNRANKED,,False,,,
2019-07-03,2019-07-05,2019-07-08,GE,XLI,50.91789399641493,50.09663009643555,49.64220963972548,1,stop_loss,LONG,LONG,0.5024864971637726,0.5049567222595215,0.5000162720680237,0.523138832997988,0.43099701404571533,50.24864971637726,0.5110200047492981,2,False,True,True,65.5,False,0.41141948103904713,UNRANKED,,False,,,
2019-07-05,2019-07-08,2019-07-11,GE,XLI,50.338179860247145,49.613548278808594,49.04173810086517,3,stop_loss,LONG,LONG,0.5051380842924118,0.5116834044456482,0.4985927641391754,0.5355887521968368,0.47433769702911377,50.51380842924118,0.5110200047492981,2,False,True,True,65.5,False,0.3749784827232361,UNRANKED,,False,,,
2019-07-08,2019-07-09,2019-07-16,GE,XLI,48.88890980755285,50.14495086669922,50.14495086669922,5,time_exit,LONG,LONG,0.5029527246952057,0.5117076635360718,0.4941977858543396,0.5355887521968368,0.4809495210647583,50.29527246952057,0.5110200047492981,2,False,True,True,65.5,False,0.42648303508758545,UNRANKED,,False,,,
2019-07-09,2019-07-10,2019-07-17,GE,XLI,49.71016010054607,48.21259307861328,48.551375506691436,5,stop_loss,LONG,LONG,0.5058619678020477,0.5117076635360718,0.5000162720680237,0.5355887521968368,0.4822953939437866,50.58619678020477,0.5110200047492981,2,False,True,True,65.5,False,0.34575998783111567,UNRANKED,,False,,,
2019-07-10,2019-07-11,2019-07-17,GE,XLI,49.3719897287566,48.59905242919922,48.23385463615755,4,stop_loss,LONG,LONG,0.5003121197223663,0.5036299228668213,0.4969943165779114,0.523138832997988,0.4454113245010376,50.03121197223663,0.5110200047492981,2,False,True,True,65.5,False,0.291106015443802,UNRANKED,,False,,,
2019-07-11,2019-07-12,2019-07-19,GE,XLI,49.17875769583266,48.5024299621582,48.5024299621582,5,time_exit,SHORT,SHORT,0.4946821331977844,0.49818792939186096,0.4911763370037079,0.5031661817559473,0.46312862634658813,50.53178668022156,0.5110200047492981,2,False,True,True,65.5,False,0.11119094491004941,UNRANKED,,False,,,
2019-07-12,2019-07-15,2019-07-17,GE,XLI,49.51693069629577,49.32368087768555,48.44061549766994,2,take_profit,SHORT,SHORT,0.4958331733942032,0.49609556794166565,0.4955707788467407,0.5031661817559473,0.45742133259773254,50.41668266057968,0.5110200047492981,2,False,True,True,65.5,False,0.10854738950729367,UNRANKED,,False,,,
2019-07-15,2019-07-16,2019-07-17,GE,XLI,49.42031344682254,51.44929504394531,48.41287914680859,1,take_profit,SHORT,SHORT,0.4950684458017349,0.4945661127567291,0.4955707788467407,0.5031661817559473,0.45326608419418335,50.49315541982651,0.5110200047492981,2,False,True,True,65.5,False,0.15975031256675729,UNRANKED,,False,,,
2019-07-16,2019-07-17,2019-07-18,GE,XLI,50.096653071849595,51.59422302246094,49.05467232844139,1,take_profit,SHORT,SHORT,0.4868449419736862,0.5029198527336121,0.4707700312137604,0.523138832997988,0.5089026689529419,51.31550580263138,0.5110200047492981,1,True,False,True,65.5,False,0.1525166034698486,UNRANKED,,False,,,
2019-07-17,2019-07-18,2019-07-23,GE,XLI,48.357506634090306,50.386497497558594,49.641065070892765,3,stop_loss,SHORT,SHORT,0.48514290153980255,0.49809688329696655,0.47218891978263855,0.5031661817559473,0.5334076285362244,51.485709846019745,0.5110200047492981,1,True,False,True,65.5,False,0.206978291273117,UNRANKED,,False,,,
2019-07-18,2019-07-19,2019-07-23,GE,XLI,48.6956687972279,50.7729606628418,49.94480504077561,2,stop_loss,SHORT,SHORT,0.48710329830646515,0.5020176768302917,0.47218891978263855,0.523138832997988,0.5002345442771912,51.289670169353485,0.5110200047492981,1,True,False,True,65.5,False,0.19492909312248233,UNRANKED,,False,,,
2019-07-19,2019-07-22,2019-07-23,GE,XLI,48.55073669184375,50.14495086669922,49.737762034512556,1,stop_loss,SHORT,SHORT,0.49376870691776276,0.5104794502258301,0.47705796360969543,0.5355887521968368,0.4955481290817261,50.623129308223724,0.5110200047492981,2,False,True,True,65.5,False,0.3284516632556916,UNRANKED,,False,,,
2019-07-22,2019-07-23,2019-07-24,GE,XLI,49.661856899139174,50.821266174316406,50.876486481135544,1,stop_loss,SHORT,SHORT,0.4943980723619461,0.5117381811141968,0.47705796360969543,0.5355887521968368,0.4665452241897583,50.56019276380539,0.5110200047492981,2,False,True,True,65.5,False,0.32952573895454407,UNRANKED,,False,,,
2019-07-23,2019-07-24,2019-07-31,GE,XLI,51.111131434340805,50.483116149902344,50.483116149902344,5,time_exit,LONG,LONG,0.5049128383398056,0.5341880917549133,0.4756375849246979,0.5355887521968368,0.5070115923881531,50.49128383398056,0.5110200047492981,2,False,True,True,65.5,False,0.29774996638298035,UNRANKED,,False,,,
2019-07-24,2019-07-25,2019-08-01,GE,XLI,51.352680739865875,48.69567108154297,49.82748956903719,5,take_profit,SHORT,SHORT,0.4978335052728653,0.503868579864502,0.49179843068122864,0.523138832997988,0.4365057051181793,50.21664947271347,0.5110200047492981,2,False,True,True,65.5,False,0.3550723791122436,UNRANKED,,False,,,
2019-07-25,2019-07-26,2019-08-01,GE,XLI,50.57972183729624,48.309200286865234,48.95791419395081,4,take_profit,SHORT,SHORT,0.4976067692041397,0.5034151077270508,0.49179843068122864,0.523138832997988,0.43403443694114685,50.23932307958603,0.5110200047492981,2,False,True,True,65.5,False,0.32556217908859253,UNRANKED,,False,,,
2019-07-26,2019-07-29,2019-08-01,GE,XLI,50.72466006311426,46.66667938232422,49.25468282050823,3,take_profit,SHORT,SHORT,0.499935045838356,0.5080716609954834,0.49179843068122864,0.5355887521968368,0.4814874827861786,50.0064954161644,0.5110200047492981,2,False,True,True,65.5,False,0.3185659348964691,UNRANKED,,False,,,
2019-07-29,2019-07-30,2019-08-02,GE,XLI,50.19324647936749,46.231910705566406,48.66806075810633,3,take_profit,SHORT,SHORT,0.49352867901325226,0.49668198823928833,0.4903753697872162,0.5031661817559473,0.49325132369995117,50.647132098674774,0.5110200047492981,2,False,True,True,65.5,False,0.22412368655204762,UNRANKED,,False,,,
2019-07-30,2019-07-31,2019-08-01,GE,XLI,51.980701686121684,45.70050048828125,50.39340669885188,1,take_profit,SHORT,SHORT,0.49252116680145264,0.4946669638156891,0.4903753697872162,0.5031661817559473,0.47292688488960266,50.747883319854736,0.5110200047492981,2,False,True,True,65.5,False,0.20833948254585266,UNRANKED,,False,,,
2019-07-31,2019-08-01,2019-08-02,GE,XLI,50.09663513872042,45.84542465209961,48.52314608581166,1,take_profit,SHORT,SHORT,0.4951242655515671,0.4984501004219055,0.49179843068122864,0.5031661817559473,0.46438705921173096,50.48757344484329,0.5110200047492981,2,False,True,True,65.5,False,0.21522167325019848,UNRANKED,,False,,,
2019-08-01,2019-08-02,2019-08-05,GE,XLI,48.35750722802152,44.20291519165039,46.70810351969981,1,stop_loss,LONG,LONG,0.500194326043129,0.5085902214050293,0.49179843068122864,0.5355887521968368,0.5020104646682739,50.0194326043129,0.5110200047492981,2,False,True,True,65.5,False,0.2619691491127014,UNRANKED,,False,,,
2019-08-02,2019-08-05,2019-08-09,GE,XLI,47.29469909911635,43.719825744628906,45.659096965501675,4,stop_loss,LONG,LONG,0.5048849880695343,0.5133501291275024,0.49641984701156616,0.5355887521968368,0.543270468711853,50.48849880695343,0.5110200047492981,2,False,True,True,65.5,False,0.47985109686851507,UNRANKED,,False,,,
2019-08-05,2019-08-06,2019-08-09,GE,XLI,46.908241286188925,45.169097900390625,45.113907964481335,3,stop_loss,LONG,LONG,0.515374481678009,0.5223363637924194,0.5084125995635986,0.5355887521968368,0.464455246925354,51.5374481678009,0.5110200047492981,1,True,True,False,65.5,False,0.2807921171188355,UNRANKED,,False,,,
2019-08-06,2019-08-07,2019-08-12,GE,XLI,45.603879217365936,43.623207092285156,44.02348719727665,3,stop_loss,LONG,LONG,0.5407918691635132,0.5253891944885254,0.556194543838501,0.5355887521968368,0.42085254192352295,54.07918691635132,0.5110200047492981,1,True,True,False,65.5,False,0.9543764889240266,UNRANKED,,False,,,
2019-08-07,2019-08-08,2019-08-09,GE,XLI,45.942045922282155,38.69567108154297,44.340946635521554,1,stop_loss,LONG,LONG,0.5361720025539398,0.5234667658805847,0.5488772392272949,0.5355887521968368,0.4184240996837616,53.61720025539398,0.5110200047492981,1,True,True,False,65.5,False,1.0076992362737656,UNRANKED,,False,,,
2019-08-08,2019-08-09,2019-08-12,GE,XLI,45.748807460857975,42.46377944946289,44.14080793170061,1,stop_loss,LONG,LONG,0.5361130833625793,0.522068202495575,0.5501579642295837,0.5355887521968368,0.4627133011817932,53.611308336257935,0.5110200047492981,1,True,True,False,65.5,False,1.0338771343231201,UNRANKED,,False,,,
2019-08-09,2019-08-12,2019-08-15,GE,XLI,43.671515106794146,41.884071350097656,41.94619292836223,3,take_profit,SHORT,SHORT,0.49856069684028625,0.5015899538993835,0.49553143978118896,0.5015899538993835,0.36135944724082947,50.143930315971375,0.502358078956604,2,False,True,True,52.0,True,-0.14910289645195027,UNRANKED,,False,,,
2019-08-12,2019-08-13,2019-08-15,GE,XLI,44.58938876702877,40.48310470581055,43.09871297705946,2,take_profit,SHORT,SHORT,0.49856069684028625,0.5015899538993835,0.49553143978118896,0.5015899538993835,0.38977932929992676,50.143930315971375,0.502358078956604,2,False,True,True,52.0,True,-0.27555871009826655,UNRANKED,,False,,,
2019-08-13,2019-08-14,2019-08-15,GE,XLI,44.63770096837208,39.42029571533203,42.960690295939045,1,take_profit,SHORT,SHORT,0.49856069684028625,0.5015899538993835,0.49553143978118896,0.5015899538993835,0.3435097634792328,50.143930315971375,0.502358078956604,2,False,True,True,52.0,True,0.7567640542984008,UNRANKED,,False,,,
2019-08-14,2019-08-15,2019-08-21,GE,XLI,41.256057490473985,39.56522750854492,39.530737491869075,4,take_profit,SHORT,SHORT,0.4975130409002304,0.49949464201927185,0.49553143978118896,0.49949464201927185,0.3927009701728821,50.24869590997696,0.502358078956604,1,True,False,True,52.0,True,0.23892816901206967,UNRANKED,,False,,,
2019-08-15,2019-08-16,2019-08-23,GE,XLI,40.628027264813504,38.5024299621582,38.5024299621582,5,time_exit,SHORT,SHORT,0.4975130409002304,0.49949464201927185,0.49553143978118896,0.49949464201927185,0.3723506033420563,50.24869590997696,0.502358078956604,1,True,False,True,52.0,True,0.34914231300354004,UNRANKED,,False,,,
2019-08-16,2019-08-19,2019-08-21,GE,XLI,42.89856511865118,38.88890838623047,40.075934917583936,2,take_profit,SHORT,SHORT,0.4975130409002304,0.49949464201927185,0.49553143978118896,0.49949464201927185,0.4687289297580719,50.24869590997696,0.502358078956604,1,True,False,True,52.0,True,0.8758049309253694,UNRANKED,,False,,,
2019-08-19,2019-08-20,2019-08-23,GE,XLI,41.44928777715771,38.30919647216797,38.64045860584074,3,take_profit,SHORT,SHORT,0.4975130409002304,0.49949464201927185,0.49553143978118896,0.49949464201927185,0.4225476086139679,50.24869590997696,0.502358078956604,1,True,False,True,52.0,True,0.2327062338590622,UNRANKED,,False,,,
2019-08-20,2019-08-21,2019-08-28,GE,XLI,40.38648237003988,38.35749816894531,38.35749816894531,5,time_exit,SHORT,SHORT,0.4975130409002304,0.49949464201927185,0.49553143978118896,0.49949464201927185,0.39115506410598755,50.24869590997696,0.502358078956604,1,True,False,True,52.0,True,0.10237723588943475,UNRANKED,,False,,,
2019-08-21,2019-08-22,2019-08-29,GE,XLI,39.516916877300744,39.17875671386719,39.17875671386719,5,time_exit,LONG,LONG,0.5022839903831482,0.5015899538993835,0.5029780268669128,0.5015899538993835,0.3821030259132385,50.22839903831482,0.502358078956604,2,False,True,True,52.0,True,0.46444411575794226,UNRANKED,,False,,,
2019-08-22,2019-08-23,2019-08-30,GE,XLI,39.08213909606868,39.85509490966797,39.85509490966797,5,time_exit,LONG,LONG,0.5012363344430923,0.49949464201927185,0.5029780268669128,0.49949464201927185,0.48152536153793335,50.123633444309235,0.502358078956604,2,False,True,True,52.0,True,0.8908995389938356,UNRANKED,,False,,,
2019-08-23,2019-08-26,2019-09-03,GE,XLI,38.93721532939806,40.2415657043457,40.2415657043457,5,time_exit,LONG,LONG,0.5022839903831482,0.5015899538993835,0.5029780268669128,0.5015899538993835,0.3873249590396881,50.22839903831482,0.502358078956604,2,False,True,True,52.0,True,0.6795006841421126,UNRANKED,,False,,,
2019-08-26,2019-08-27,2019-09-04,GE,XLI,39.08214455700652,42.51210021972656,41.81506343256456,5,stop_loss,SHORT,SHORT,0.49856069684028625,0.5015899538993835,0.49553143978118896,0.5015899538993835,0.47924408316612244,50.143930315971375,0.502358078956604,2,False,True,True,52.0,True,0.6521682143211365,UNRANKED,,False,,,
2019-08-27,2019-08-28,2019-09-04,GE,XLI,38.26087690779907,42.5604133605957,41.000696025753875,4,stop_loss,SHORT,SHORT,0.49856069684028625,0.5015899538993835,0.49553143978118896,0.5015899538993835,0.44963952898979187,50.143930315971375,0.502358078956604,2,False,True,True,52.0,True,0.4499441981315614,UNRANKED,,False,,,
2019-08-28,2019-08-29,2019-09-04,GE,XLI,38.84059336014981,42.077308654785156,41.56660926852732,3,take_profit,LONG,LONG,0.5012363344430923,0.49949464201927185,0.5029780268669128,0.49949464201927185,0.43263086676597595,50.123633444309235,0.502358078956604,2,False,True,True,52.0,True,0.6134217679500582,UNRANKED,,False,,,
2019-08-29,2019-08-30,2019-09-04,GE,XLI,39.32369260892481,43.2850456237793,41.93238695794127,2,take_profit,LONG,LONG,0.5012363344430923,0.49949464201927185,0.5029780268669128,0.49949464201927185,0.4278542399406433,50.123633444309235,0.502358078956604,2,False,True,True,52.0,True,0.31358680129051214,UNRANKED,,False,,,
2019-08-30,2019-09-03,2019-09-04,GE,XLI,39.13045054855217,44.154605865478516,41.76675186167996,1,stop_loss,SHORT,SHORT,0.4961792528629303,0.49949464201927185,0.49286386370658875,0.49949464201927185,0.35893189907073975,50.38207471370697,0.502358078956604,1,True,False,True,52.0,True,-0.021528333425521913,UNRANKED,,False,,,
2019-09-03,2019-09-04,2019-09-09,GE,XLI,40.62804048902794,45.217403411865234,43.112513036286586,3,take_profit,LONG,LONG,0.5013765096664429,0.5015899538993835,0.5011630654335022,0.5015899538993835,0.4456496238708496,50.13765096664429,0.502358078956604,2,False,True,True,52.0,True,0.5212156474590302,UNRANKED,,False,,,
2019-09-04,2019-09-05,2019-09-12,GE,XLI,43.42997915670552,44.73432540893555,44.73432540893555,5,time_exit,LONG,LONG,0.500328853726387,0.49949464201927185,0.5011630654335022,0.49949464201927185,0.444146990776062,50.0328853726387,0.502358078956604,2,False,True,True,52.0,True,0.39061233401298534,UNRANKED,,False,,,
2019-09-05,2019-09-06,2019-09-11,GE,XLI,42.60871083741804,45.1695671081543,44.49967207573417,3,take_profit,LONG,LONG,0.500328853726387,0.49949464201927185,0.5011630654335022,0.49949464201927185,0.40726667642593384,50.0328853726387,0.502358078956604,2,False,True,True,52.0,True,-0.35342031717300415,UNRANKED,,False,,,
2019-09-06,2019-09-09,2019-09-10,GE,XLI,42.27055170258971,45.363014221191406,43.692226703461635,1,take_profit,LONG,LONG,0.5000181049108505,0.5015899538993835,0.4984462559223175,0.5015899538993835,0.5328450202941895,50.00181049108505,0.502358078956604,2,False,True,True,52.0,True,0.20425778627395633,UNRANKED,,False,,,
2019-09-09,2019-09-10,2019-09-11,GE,XLI,43.04349449304567,45.26628875732422,44.55488790386459,1,take_profit,LONG,LONG,0.5013765096664429,0.5015899538993835,0.5011630654335022,0.5015899538993835,0.5534886121749878,50.13765096664429,0.502358078956604,2,False,True,True,52.0,True,0.36944487690925615,UNRANKED,,False,,,
2019-09-10,2019-09-11,2019-09-18,GE,XLI,44.20291338483635,45.363014221191406,45.363014221191406,5,time_exit,LONG,LONG,0.5009748041629791,0.500786542892456,0.5011630654335022,0.500786542892456,0.5498330593109131,50.09748041629791,0.502358078956604,2,False,True,True,52.0,True,0.41693210601806663,UNRANKED,,False,,,
2019-09-11,2019-09-12,2019-09-19,GE,XLI,45.41065599579982,45.556461334228516,45.556461334228516,5,time_exit,LONG,LONG,0.5009748041629791,0.500786542892456,0.5011630654335022,0.500786542892456,0.5549387335777283,50.09748041629791,0.502358078956604,2,False,True,True,52.0,True,0.5525308549404143,UNRANKED,,False,,,
2019-09-12,2019-09-13,2019-09-20,GE,XLI,45.02448221934257,45.314659118652344,45.314659118652344,5,time_exit,LONG,LONG,0.5013765096664429,0.5015899538993835,0.5011630654335022,0.5015899538993835,0.5803693532943726,50.13765096664429,0.502358078956604,2,False,True,True,52.0,True,0.5603744089603424,UNRANKED,,False,,,
2019-09-13,2019-09-16,2019-09-23,GE,XLI,44.97612242362111,45.1695671081543,45.1695671081543,5,time_exit,LONG,LONG,0.500328853726387,0.49949464201927185,0.5011630654335022,0.49949464201927185,0.5161575675010681,50.0328853726387,0.502358078956604,2,False,True,True,52.0,True,0.5632436275482178,UNRANKED,,False,,,
2019-09-16,2019-09-17,2019-09-24,GE,XLI,44.97612268354087,43.38019561767578,43.60956624345996,5,take_profit,SHORT,SHORT,0.4961792528629303,0.49949464201927185,0.49286386370658875,0.49949464201927185,0.5335970520973206,50.38207471370697,0.502358078956604,1,True,False,True,52.0,True,0.3633523881435394,UNRANKED,,False,,,
2019-09-17,2019-09-18,2019-09-24,GE,XLI,45.024481584924686,44.29905700683594,43.726923209157384,4,stop_loss,LONG,LONG,0.5013765096664429,0.5015899538993835,0.5011630654335022,0.5015899538993835,0.5269965529441833,50.13765096664429,0.502358078956604,2,False,True,True,52.0,True,-0.02636611461639413,UNRANKED,,False,,,
2019-09-18,2019-09-19,2019-09-24,GE,XLI,45.21793237661445,43.622005462646484,43.91345631983432,3,stop_loss,LONG,LONG,0.5013765096664429,0.5015899538993835,0.5011630654335022,0.5015899538993835,0.534381628036499,50.13765096664429,0.502358078956604,2,False,True,True,52.0,True,-0.28559198975563055,UNRANKED,,False,,,
2019-09-19,2019-09-20,2019-09-24,GE,XLI,45.74991385349248,43.71872329711914,44.53512514412446,2,stop_loss,LONG,LONG,0.5013765096664429,0.5015899538993835,0.5011630654335022,0.5015899538993835,0.4116227328777313,50.13765096664429,0.502358078956604,2,False,True,True,52.0,True,-0.0343699157238005,UNRANKED,,False,,,
2019-09-20,2019-09-23,2019-09-24,GE,XLI,44.5892312543358,43.23511505126953,43.43651911357129,1,stop_loss,LONG,LONG,0.5000181049108505,0.5015899538993835,0.4984462559223175,0.5015899538993835,0.41978520154953003,50.00181049108505,0.502358078956604,2,False,True,True,52.0,True,0.2080672979354859,UNRANKED,,False,,,
2019-09-23,2019-09-24,2019-09-26,GE,XLI,45.02448111334199,41.63918685913086,43.90625165603172,2,stop_loss,LONG,LONG,0.5013765096664429,0.5015899538993835,0.5011630654335022,0.5015899538993835,0.4325743317604065,50.13765096664429,0.502358078956604,2,False,True,True,52.0,True,0.40613076090812683,UNRANKED,,False,,,
2019-09-24,2019-09-25,2019-10-01,GE,XLI,43.33182944759112,41.155574798583984,42.2823375652669,4,stop_loss,LONG,LONG,0.5013765096664429,0.5015899538993835,0.5011630654335022,0.5015899538993835,0.42258840799331665,50.13765096664429,0.502358078956604,2,False,True,True,52.0,True,0.4235836863517763,UNRANKED,,False,,,
2019-09-25,2019-09-26,2019-10-01,GE,XLI,44.39578540034628,42.122798919677734,43.221929482551914,3,stop_loss,LONG,LONG,0.5013765096664429,0.5015899538993835,0.5011630654335022,0.5015899538993835,0.4150121510028839,50.13765096664429,0.502358078956604,2,False,True,True,52.0,True,0.4008859992027282,UNRANKED,,False,,,
2019-09-26,2019-09-27,2019-10-01,GE,XLI,43.71872329711914,41.445735931396484,42.51716068812779,2,stop_loss,LONG,LONG,0.5013765096664429,0.5015899538993835,0.5011630654335022,0.5015899538993835,0.4277873635292053,50.13765096664429,0.502358078956604,2,False,True,True,52.0,True,0.16450706124305725,UNRANKED,,False,,,
2019-09-27,2019-09-30,2019-10-01,GE,XLI,43.9121729814875,41.39738082885742,42.869327391713504,1,stop_loss,LONG,LONG,0.500328853726387,0.49949464201927185,0.5011630654335022,0.49949464201927185,0.4126603901386261,50.0328853726387,0.502358078956604,2,False,True,True,52.0,True,0.7162255644798279,UNRANKED,,False,,,
2019-09-30,2019-10-01,2019-10-02,GE,XLI,43.33183531708625,40.04326248168945,42.34412572671934,1,stop_loss,LONG,LONG,0.5000181049108505,0.5015899538993835,0.4984462559223175,0.5015899538993835,0.4533277153968811,50.00181049108505,0.502358078956604,2,False,True,True,52.0,True,0.10026162862777702,UNRANKED,,False,,,
2019-10-01,2019-10-02,2019-10-08,GE,XLI,41.39738173163425,40.38178253173828,40.33351062044563,4,stop_loss,LONG,LONG,0.5022839903831482,0.5015899538993835,0.5029780268669128,0.5015899538993835,0.34697219729423523,50.22839903831482,0.502358078956604,2,False,True,True,52.0,True,0.5121760070323946,UNRANKED,,False,,,
2019-10-02,2019-10-03,2019-10-10,GE,XLI,41.107208407359806,40.86539840698242,40.86539840698242,5,time_exit,SHORT,SHORT,0.49856069684028625,0.5015899538993835,0.49553143978118896,0.5015899538993835,0.3853071331977844,50.143930315971375,0.502358078956604,2,False,True,True,52.0,True,-0.5753976106643678,UNRANKED,,False,,,
2019-10-03,2019-10-04,2019-10-08,GE,XLI,41.63918367551517,42.55805587768555,40.499238781541955,2,take_profit,SHORT,SHORT,0.4975130409002304,0.49949464201927185,0.49553143978118896,0.49949464201927185,0.3557809591293335,50.24869590997696,0.502358078956604,1,True,False,True,52.0,True,-0.40588256716728194,UNRANKED,,False,,,
2019-10-04,2019-10-07,2019-10-08,GE,XLI,41.34901796273057,42.17115783691406,40.13998508657962,1,take_profit,SHORT,SHORT,0.4975130409002304,0.49949464201927185,0.49553143978118896,0.49949464201927185,0.40380483865737915,50.24869590997696,0.502358078956604,1,True,False,True,52.0,True,0.10285159945487965,UNRANKED,,False,,,
2019-10-07,2019-10-08,2019-10-11,GE,XLI,41.010490221509386,42.99330520629883,42.21261304604203,3,stop_loss,SHORT,SHORT,0.4975130409002304,0.49949464201927185,0.49553143978118896,0.49949464201927185,0.44241538643836975,50.24869590997696,0.502358078956604,1,True,False,True,52.0,True,0.6770730912685394,UNRANKED,,False,,,
2019-10-08,2019-10-09,2019-10-11,GE,XLI,40.18833480564137,43.04167175292969,41.570085184931266,2,stop_loss,SHORT,SHORT,0.4975130409002304,0.49949464201927185,0.49553143978118896,0.49949464201927185,0.34317776560783386,50.24869590997696,0.502358078956604,1,True,False,True,52.0,True,0.06511428952217113,UNRANKED,,False,,,
2019-10-09,2019-10-10,2019-10-11,GE,XLI,40.333421759505356,43.71872329711914,41.735896844082646,1,stop_loss,SHORT,SHORT,0.4975130409002304,0.49949464201927185,0.49553143978118896,0.49949464201927185,0.37142008543014526,50.24869590997696,0.502358078956604,1,True,False,True,52.0,True,0.4179412722587585,UNRANKED,,False,,,
2019-10-10,2019-10-11,2019-10-15,GE,XLI,41.54246892370045,43.33182144165039,42.979488816801734,2,stop_loss,SHORT,SHORT,0.4975130409002304,0.49949464201927185,0.49553143978118896,0.49949464201927185,0.3999282121658325,50.24869590997696,0.502358078956604,1,True,False,True,52.0,True,0.37908172607421886,UNRANKED,,False,,,
2019-10-11,2019-10-14,2019-10-21,GE,XLI,42.75149738426332,42.50969314575195,42.50969314575195,5,time_exit,LONG,LONG,0.5012363344430923,0.49949464201927185,0.5029780268669128,0.49949464201927185,0.37212783098220825,50.123633444309235,0.502358078956604,2,False,True,True,52.0,True,0.84753954410553,UNRANKED,,False,,,
2019-10-14,2019-10-15,2019-10-22,GE,XLI,42.26788445816746,43.8154411315918,43.72563178133989,5,take_profit,LONG,LONG,0.5012363344430923,0.49949464201927185,0.5029780268669128,0.49949464201927185,0.4408506155014038,50.123633444309235,0.502358078956604,2,False,True,True,52.0,True,0.6446283161640168,UNRANKED,,False,,,
2019-10-15,2019-10-16,2019-10-23,GE,XLI,42.84822766747853,44.20233917236328,44.20233917236328,5,time_exit,SHORT,SHORT,0.4989704489707947,0.49949464201927185,0.4984462559223175,0.49949464201927185,0.47349393367767334,50.10295510292053,0.502358078956604,2,False,True,True,52.0,True,0.14643219113349928,UNRANKED,,False,,,
2019-10-16,2019-10-17,2019-10-24,GE,XLI,43.1383874741737,43.28347396850586,43.28347396850586,5,time_exit,SHORT,SHORT,0.4989704489707947,0.49949464201927185,0.4984462559223175,0.49949464201927185,0.46051183342933655,50.10295510292053,0.502358078956604,2,False,True,True,52.0,True,-0.08715000748634338,UNRANKED,,False,,,
2019-10-17,2019-10-18,2019-10-25,GE,XLI,43.57362828678562,43.5252685546875,43.5252685546875,5,time_exit,LONG,LONG,0.5000181049108505,0.5015899538993835,0.4984462559223175,0.5015899538993835,0.5007357597351074,50.00181049108505,0.502358078956604,2,False,True,True,52.0,True,0.06285417079925533,UNRANKED,,False,,,
2019-10-18,2019-10-21,2019-10-28,GE,XLI,43.476920850235174,43.863807678222656,43.863807678222656,5,time_exit,LONG,LONG,0.5000181049108505,0.5015899538993835,0.4984462559223175,0.5015899538993835,0.4523901045322418,50.00181049108505,0.502358078956604,2,False,True,True,52.0,True,0.11251506209373485,UNRANKED,,False,,,
2019-10-21,2019-10-22,2019-10-23,GE,XLI,42.41295901690845,43.863807678222656,43.72562468376113,1,stop_loss,SHORT,SHORT,0.49722690880298615,0.5015899538993835,0.49286386370658875,0.5015899538993835,0.4663909375667572,50.277309119701385,0.502358078956604,1,True,False,True,52.0,True,-0.23266440629959115,UNRANKED,,False,,,
2019-10-22,2019-10-23,2019-10-30,GE,XLI,43.42855557120286,48.893394470214844,44.8586692273831,5,take_profit,LONG,LONG,0.5018374025821686,0.502511739730835,0.5011630654335022,0.502511739730835,0.4266608953475952,50.18374025821686,0.502358078956604,2,False,True,True,52.0,True,0.4505724012851715,UNRANKED,,False,,,
2019-10-23,2019-10-24,2019-10-30,GE,XLI,44.10562049517505,48.26470184326172,45.452830425594975,4,take_profit,LONG,LONG,0.5013765096664429,0.5015899538993835,0.5011630654335022,0.5015899538993835,0.42892998456954956,50.13765096664429,0.502358078956604,2,False,True,True,52.0,True,0.32615530490875233,UNRANKED,,False,,,
2019-10-24,2019-10-25,2019-10-30,GE,XLI,43.13837686737614,50.19915771484375,44.5201299714498,3,stop_loss,SHORT,SHORT,0.49722690880298615,0.5015899538993835,0.49286386370658875,0.5015899538993835,0.45252031087875366,50.277309119701385,0.502358078956604,1,True,False,True,52.0,True,0.3414435982704163,UNRANKED,,False,,,
2019-10-25,2019-10-28,2019-10-30,GE,XLI,43.62200077963265,52.859039306640625,45.03138809565525,2,take_profit,LONG,LONG,0.5013765096664429,0.5015899538993835,0.5011630654335022,0.5015899538993835,0.44614797830581665,50.13765096664429,0.502358078956604,2,False,True,True,52.0,True,0.4059836566448213,UNRANKED,,False,,,
2019-10-28,2019-10-29,2019-10-30,GE,XLI,43.57363791934339,53.0524787902832,44.83794248913273,1,take_profit,LONG,LONG,0.500328853726387,0.49949464201927185,0.5011630654335022,0.49949464201927185,0.4769448935985565,50.0328853726387,0.502358078956604,2,False,True,True,52.0,True,0.352413386106491,UNRANKED,,False,,,
2019-10-29,2019-10-30,2019-11-01,GE,XLI,47.29746816396785,53.29428482055664,48.513412726607356,2,take_profit,LONG,LONG,0.5013765096664429,0.5015899538993835,0.5011630654335022,0.5015899538993835,0.46239298582077026,50.13765096664429,0.502358078956604,2,False,True,True,52.0,True,0.3913092911243439,UNRANKED,,False,,,
2019-10-30,2019-10-31,2019-11-04,GE,XLI,48.603234512441574,54.60005187988281,50.468603491759374,2,take_profit,LONG,LONG,0.500328853726387,0.49949464201927185,0.5011630654335022,0.49949464201927185,0.49592259526252747,50.0328853726387,0.502358078956604,2,False,True,True,52.0,True,0.04657122492790211,UNRANKED,,False,,,
2019-10-31,2019-11-01,2019-11-04,GE,XLI,48.74831620447251,55.712364196777344,50.46169020611174,1,take_profit,LONG,LONG,0.5013765096664429,0.5015899538993835,0.5011630654335022,0.5015899538993835,0.4644964933395386,50.13765096664429,0.502358078956604,2,False,True,True,52.0,True,0.21305671334266663,UNRANKED,,False,,,
2019-11-01,2019-11-04,2019-11-05,GE,XLI,50.392607002297346,54.89020538330078,52.32706069405237,1,take_profit,LONG,LONG,0.500328853726387,0.49949464201927185,0.5011630654335022,0.49949464201927185,0.46427345275878906,50.0328853726387,0.502358078956604,2,False,True,True,52.0,True,0.27706015110015875,UNRANKED,,False,,,
2019-11-04,2019-11-05,2019-11-08,GE,XLI,52.81067188457021,55.2287483215332,55.00765903666982,3,take_profit,LONG,LONG,0.5013765096664429,0.5015899538993835,0.5011630654335022,0.5015899538993835,0.5271472334861755,50.13765096664429,0.502358078956604,2,False,True,True,52.0,True,0.4864874184131623,UNRANKED,,False,,,
2019-11-05,2019-11-06,2019-11-08,GE,XLI,52.85903017656602,54.60005187988281,55.07674203395302,2,take_profit,LONG,LONG,0.5013765096664429,0.5015899538993835,0.5011630654335022,0.5015899538993835,0.4288996458053589,50.13765096664429,0.502358078956604,2,False,True,True,52.0,True,-0.08995154500007624,UNRANKED,,False,,,
2019-11-06,2019-11-07,2019-11-14,GE,XLI,53.68118695662547,54.60005187988281,54.60005187988281,5,time_exit,LONG,LONG,0.5000181049108505,0.5015899538993835,0.4984462559223175,0.5015899538993835,0.41030457615852356,50.00181049108505,0.502358078956604,2,False,True,True,52.0,True,0.010228604078292916,UNRANKED,,False,,,
2019-11-07,2019-11-08,2019-11-15,GE,XLI,54.30988538648295,55.712364196777344,55.712364196777344,5,time_exit,LONG,LONG,0.500328853726387,0.49949464201927185,0.5011630654335022,0.49949464201927185,0.3916025757789612,50.0328853726387,0.502358078956604,2,False,True,True,52.0,True,0.00016874074935929045,UNRANKED,,False,,,
2019-11-08,2019-11-11,2019-11-18,GE,XLI,55.13201225980372,55.32547378540039,55.32547378540039,5,time_exit,LONG,LONG,0.500328853726387,0.49949464201927185,0.5011630654335022,0.49949464201927185,0.4864242374897003,50.0328853726387,0.502358078956604,2,False,True,True,52.0,True,0.16464248299598688,UNRANKED,,False,,,
2019-11-11,2019-11-12,2019-11-19,GE,XLI,54.74513444548527,55.615631103515625,55.615631103515625,5,time_exit,LONG,LONG,0.500328853726387,0.49949464201927185,0.5011630654335022,0.49949464201927185,0.4153185784816742,50.0328853726387,0.502358078956604,2,False,True,True,52.0,True,0.26853474974632263,UNRANKED,,False,,,
2019-11-12,2019-11-13,2019-11-20,GE,XLI,54.60005187988281,55.08366012573242,55.08366012573242,5,time_exit,LONG,LONG,0.500328853726387,0.49949464201927185,0.5011630654335022,0.49949464201927185,0.4381747841835022,50.0328853726387,0.502358078956604,2,False,True,True,52.0,True,0.1599586904048919,UNRANKED,,False,,,
2019-11-13,2019-11-14,2019-11-21,GE,XLI,54.0680788143129,55.76072311401367,55.76072311401367,5,time_exit,LONG,LONG,0.500328853726387,0.49949464201927185,0.5011630654335022,0.49949464201927185,0.46340298652648926,50.0328853726387,0.502358078956604,2,False,True,True,52.0,True,0.034289002418518184,UNRANKED,,False,,,
2019-11-14,2019-11-15,2019-11-22,GE,XLI,54.84185844836787,55.85744857788086,55.85744857788086,5,time_exit,SHORT,SHORT,0.4961792528629303,0.49949464201927185,0.49286386370658875,0.49949464201927185,0.46392950415611267,50.38207471370697,0.502358078956604,1,True,False,True,52.0,True,0.06294831633567813,UNRANKED,,False,,,
2019-11-15,2019-11-18,2019-11-25,GE,XLI,55.180392574737226,56.00252151489258,56.00252151489258,5,time_exit,SHORT,SHORT,0.49722690880298615,0.5015899538993835,0.49286386370658875,0.5015899538993835,0.45864883065223694,50.277309119701385,0.502358078956604,1,True,False,True,52.0,True,-0.05719825625419613,UNRANKED,,False,,,
2019-11-18,2019-11-19,2019-11-26,GE,XLI,55.27710218571026,54.89020538330078,54.89020538330078,5,time_exit,LONG,LONG,0.5004789978265762,0.502511739730835,0.4984462559223175,0.502511739730835,0.4863523840904236,50.04789978265762,0.502358078956604,2,False,True,True,52.0,True,0.08294430375099196,UNRANKED,,False,,,
2019-11-19,2019-11-20,2019-11-27,GE,XLI,55.32546704930205,54.60005187988281,54.60005187988281,5,time_exit,LONG,LONG,0.5000181049108505,0.5015899538993835,0.4984462559223175,0.5015899538993835,0.48900482058525085,50.00181049108505,0.502358078956604,2,False,True,True,52.0,True,-0.01776483654975878,UNRANKED,,False,,,
2019-11-20,2019-11-21,2019-11-29,GE,XLI,54.79349539577283,54.503334045410156,54.503334045410156,5,time_exit,SHORT,SHORT,0.49722690880298615,0.5015899538993835,0.49286386370658875,0.5015899538993835,0.5207839608192444,50.277309119701385,0.502358078956604,1,True,False,True,52.0,True,-0.17961522936820973,UNRANKED,,False,,,
2019-11-21,2019-11-22,2019-12-02,GE,XLI,55.56728246543566,53.97134780883789,54.09571122432936,5,stop_loss,LONG,LONG,0.5000181049108505,0.5015899538993835,0.4984462559223175,0.5015899538993835,0.49253442883491516,50.00181049108505,0.502358078956604,2,False,True,True,52.0,True,-0.04711160063743591,UNRANKED,,False,,,
2019-11-22,2019-11-25,2019-11-26,GE,XLI,56.3894132835545,53.14920425415039,55.284007203581005,1,stop_loss,LONG,LONG,0.5000181049108505,0.5015899538993835,0.4984462559223175,0.5015899538993835,0.5006144642829895,50.00181049108505,0.502358078956604,2,False,True,True,52.0,True,-0.08172568678855886,UNRANKED,,False,,,
2019-11-25,2019-11-26,2019-11-27,GE,XLI,56.195961776131085,52.71395492553711,55.097465202819144,1,take_profit,SHORT,SHORT,0.49871593713760376,0.5015899538993835,0.495841920375824,0.5015899538993835,0.5221393704414368,50.128406286239624,0.502358078956604,2,False,True,True,52.0,True,-0.022975593805312985,UNRANKED,,False,,,
2019-11-26,2019-11-27,2019-12-03,GE,XLI,55.083665776634874,52.18196487426758,53.860810617420306,3,stop_loss,LONG,LONG,0.5013765096664429,0.5015899538993835,0.5011630654335022,0.5015899538993835,0.48021554946899414,50.13765096664429,0.502358078956604,2,False,True,True,52.0,True,0.12047398090362545,UNRANKED,,False,,,
2019-11-27,2019-11-29,2019-12-03,GE,XLI,54.55169691938782,53.681175231933594,53.47392941101729,2,stop_loss,LONG,LONG,0.5000181049108505,0.5015899538993835,0.4984462559223175,0.5015899538993835,0.4761126637458801,50.00181049108505,0.502358078956604,2,False,True,True,52.0,True,0.0019294917583465368,UNRANKED,,False,,,
2019-11-29,2019-12-02,2019-12-03,GE,XLI,54.696768583200154,53.14920425415039,53.76408600088988,1,stop_loss,LONG,LONG,0.5000181049108505,0.5015899538993835,0.4984462559223175,0.5015899538993835,0.47698959708213806,50.00181049108505,0.502358078956604,2,False,True,True,52.0,True,0.006770849227905312,UNRANKED,,False,,,
2019-12-02,2019-12-03,2019-12-05,GE,XLI,53.197567118996204,53.24592590332031,52.30633776195798,2,take_profit,SHORT,SHORT,0.4989704489707947,0.49949464201927185,0.4984462559223175,0.49949464201927185,0.5047504305839539,50.10295510292053,0.502358078956604,2,False,True,True,52.0,True,0.07671585679054245,UNRANKED,,False,,,
2019-12-03,2019-12-04,2019-12-05,GE,XLI,54.01971539462987,53.0524787902832,53.05940023524092,1,stop_loss,LONG,LONG,0.5013765096664429,0.5015899538993835,0.5011630654335022,0.5015899538993835,0.4321962594985962,50.13765096664429,0.502358078956604,2,False,True,True,52.0,True,0.13022851943969727,UNRANKED,,False,,,
2019-12-04,2019-12-05,2019-12-06,GE,XLI,52.66557860863001,55.32547378540039,53.598258466156516,1,take_profit,LONG,LONG,0.500328853726387,0.49949464201927185,0.5011630654335022,0.49949464201927185,0.4534808099269867,50.0328853726387,0.502358078956604,2,False,True,True,52.0,True,0.19098448753356945,UNRANKED,,False,,,
2019-12-05,2019-12-06,2019-12-12,GE,XLI,52.7139439482569,54.841854095458984,53.722622384536194,4,take_profit,LONG,LONG,0.5018374025821686,0.502511739730835,0.5011630654335022,0.502511739730835,0.47747525572776794,50.18374025821686,0.502358078956604,2,False,True,True,52.0,True,0.18158158659934984,UNRANKED,,False,,,
2019-12-06,2019-12-09,2019-12-12,GE,XLI,53.10084138930458,54.019710540771484,54.164790974265514,3,stop_loss,SHORT,SHORT,0.4989704489707947,0.49949464201927185,0.4984462559223175,0.49949464201927185,0.49859005212783813,50.10295510292053,0.502358078956604,2,False,True,True,52.0,True,0.17138096690177917,UNRANKED,,False,,,
2019-12-09,2019-12-10,2019-12-12,GE,XLI,53.14920387574581,53.681175231933594,54.233879255907645,2,stop_loss,SHORT,SHORT,0.4989704489707947,0.49949464201927185,0.4984462559223175,0.49949464201927185,0.5143287181854248,50.10295510292053,0.502358078956604,2,False,True,True,52.0,True,0.22821563482284543,UNRANKED,,False,,,
2019-12-10,2019-12-11,2019-12-12,GE,XLI,53.0524787902832,53.004119873046875,54.10952050345285,1,stop_loss,SHORT,SHORT,0.4989704489707947,0.49949464201927185,0.4984462559223175,0.49949464201927185,0.4990895390510559,50.10295510292053,0.502358078956604,2,False,True,True,52.0,True,0.03609165549278261,UNRANKED,,False,,,
2019-12-11,2019-12-12,2019-12-17,GE,XLI,54.890222750552915,53.39101028442383,53.881541589489856,3,take_profit,SHORT,SHORT,0.49894407391548157,0.49944189190864563,0.4984462559223175,0.49944189190864563,0.501921534538269,50.10559260845184,0.502358078956604,2,False,True,True,52.0,True,0.16831311583518976,UNRANKED,,False,,,
2019-12-12,2019-12-13,2019-12-16,GE,XLI,55.61563774405705,53.39101791381836,54.37896629630314,1,take_profit,SHORT,SHORT,0.4961528778076172,0.49944189190864563,0.49286386370658875,0.49944189190864563,0.4057239890098572,50.38471221923828,0.502358078956604,1,True,False,True,52.0,True,-0.01841023564338679,UNRANKED,,False,,,
2019-12-13,2019-12-16,2019-12-18,GE,XLI,54.55168725455961,54.020286560058594,53.25974520308082,2,stop_loss,LONG,LONG,0.5003024786710739,0.49944189190864563,0.5011630654335022,0.49944189190864563,0.41680726408958435,50.03024786710739,0.502358078956604,2,False,True,True,52.0,True,0.2141232788562774,UNRANKED,,False,,,
2019-12-16,2019-12-17,2019-12-24,GE,XLI,53.922982127495736,54.165504455566406,54.165504455566406,5,time_exit,LONG,LONG,0.5003024786710739,0.49944189190864563,0.5011630654335022,0.49944189190864563,0.4226851463317871,50.03024786710739,0.502358078956604,2,False,True,True,52.0,True,-0.016293615102767976,UNRANKED,,False,,,
2019-12-17,2019-12-18,2019-12-26,GE,XLI,53.29428966206772,54.35911560058594,54.35911560058594,5,time_exit,SHORT,SHORT,0.49894407391548157,0.49944189190864563,0.4984462559223175,0.49944189190864563,0.4898613393306732,50.10559260845184,0.502358078956604,2,False,True,True,52.0,True,0.11113938689231864,UNRANKED,,False,,,
2019-12-18,2019-12-19,2019-12-27,GE,XLI,53.10084050304889,54.11708450317383,54.11708450317383,5,time_exit,SHORT,SHORT,0.49894407391548157,0.49944189190864563,0.4984462559223175,0.49944189190864563,0.49940383434295654,50.10559260845184,0.502358078956604,2,False,True,True,52.0,True,0.12061414122581468,UNRANKED,,False,,,
2019-12-19,2019-12-20,2019-12-30,GE,XLI,53.63304409886019,53.633033752441406,53.633033752441406,5,time_exit,LONG,LONG,0.5011099576950073,0.5010568499565125,0.5011630654335022,0.5010568499565125,0.4652732014656067,50.11099576950073,0.502358078956604,2,False,True,True,52.0,True,0.060719043016433785,UNRANKED,,False,,,
2019-12-20,2019-12-23,2019-12-31,GE,XLI,53.24580499331643,54.020286560058594,54.020286560058594,5,time_exit,LONG,LONG,0.5003024786710739,0.49944189190864563,0.5011630654335022,0.49944189190864563,0.5224634408950806,50.03024786710739,0.502358078956604,2,False,True,True,52.0,True,0.09020683169364925,UNRANKED,,False,,,
2019-12-23,2019-12-24,2020-01-02,GE,XLI,53.729858794209115,57.74748611450195,55.00115951878361,5,take_profit,LONG,LONG,0.5003024786710739,0.49944189190864563,0.5011630654335022,0.49944189190864563,0.537911057472229,50.03024786710739,0.502358078956604,2,False,True,True,52.0,True,-0.1618534624576569,UNRANKED,,False,,,
2019-12-24,2019-12-26,2020-01-02,GE,XLI,54.11708946344337,57.94110870361328,55.34695712614566,4,stop_loss,SHORT,SHORT,0.49894407391548157,0.49944189190864563,0.4984462559223175,0.49944189190864563,0.5238144993782043,50.10559260845184,0.502358078956604,2,False,True,True,52.0,True,0.08609345555305475,UNRANKED,,False,,,
2019-12-26,2019-12-27,2020-01-02,GE,XLI,54.06867779826854,58.763999938964844,55.25020561722083,3,take_profit,LONG,LONG,0.5003024786710739,0.49944189190864563,0.5011630654335022,0.49944189190864563,0.4990127682685852,50.03024786710739,0.502358078956604,2,False,True,True,52.0,True,0.1275756657123566,UNRANKED,,False,,,
2019-12-27,2019-12-30,2020-01-02,GE,XLI,53.58463074764144,58.32835006713867,54.5865615294146,2,take_profit,LONG,LONG,0.5003024786710739,0.49944189190864563,0.5011630654335022,0.49944189190864563,0.5075953602790833,50.03024786710739,0.502358078956604,2,False,True,True,52.0,True,0.20104596018791188,UNRANKED,,False,,,
2019-12-30,2019-12-31,2020-01-02,GE,XLI,53.24580499331643,57.7958984375,54.24089002836805,1,stop_loss,SHORT,SHORT,0.49894407391548157,0.49944189190864563,0.4984462559223175,0.49944189190864563,0.5300052762031555,50.10559260845184,0.502358078956604,2,False,True,True,52.0,True,0.10710766911506651,UNRANKED,,False,,,
2019-12-31,2020-01-02,2020-01-03,GE,XLI,54.35911992495522,57.65067672729492,55.395709411213595,1,take_profit,LONG,LONG,0.5003024786710739,0.49944189190864563,0.5011630654335022,0.49944189190864563,0.4859126806259155,50.03024786710739,0.502358078956604,2,False,True,True,52.0,True,0.29034239053726196,UNRANKED,,False,,,
2020-01-02,2020-01-03,2020-01-06,GE,XLI,56.00489947111961,56.488948822021484,57.54631073472173,1,take_profit,LONG,LONG,0.5003024786710739,0.49944189190864563,0.5011630654335022,0.49944189190864563,0.45669496059417725,50.03024786710739,0.502358078956604,2,False,True,True,52.0,True,0.06705990433692925,UNRANKED,,False,,,
2020-01-03,2020-01-06,2020-01-13,GE,XLI,57.311842939162226,58.66719055175781,58.556201001906366,5,take_profit,LONG,LONG,0.5013765096664429,0.5015899538993835,0.5011630654335022,0.5015899538993835,0.4361148476600647,50.13765096664429,0.502358078956604,2,False,True,True,52.0,True,0.22145801782608027,UNRANKED,,False,,,
2020-01-06,2020-01-07,2020-01-10,GE,XLI,58.81240236510501,58.23154067993164,57.51957693873084,3,stop_loss,LONG,LONG,0.500328853726387,0.49949464201927185,0.5011630654335022,0.49949464201927185,0.5602057576179504,50.0328853726387,0.502358078956604,2,False,True,True,52.0,True,0.09786608815193178,UNRANKED,,False,,,
2020-01-07,2020-01-08,2020-01-10,GE,XLI,58.03792461738782,57.457054138183594,56.800312574279566,2,take_profit,SHORT,SHORT,0.4989704489707947,0.49949464201927185,0.4984462559223175,0.49949464201927185,0.5084181427955627,50.10295510292053,0.502358078956604,2,False,True,True,52.0,True,0.0013119876384734552,UNRANKED,,False,,,
2020-01-08,2020-01-09,2020-01-10,GE,XLI,58.4251619141688,57.31184005737305,57.15984753951757,1,take_profit,SHORT,SHORT,0.4976682811975479,0.49949464201927185,0.495841920375824,0.49949464201927185,0.5637774467468262,50.23317188024521,0.502358078956604,2,False,True,True,52.0,True,-0.13321572542190543,UNRANKED,,False,,,
2020-01-09,2020-01-10,2020-01-13,GE,XLI,57.31184072054877,57.166629791259766,58.50117885967405,1,stop_loss,SHORT,SHORT,0.49871593713760376,0.5015899538993835,0.495841920375824,0.5015899538993835,0.5705710053443909,50.128406286239624,0.502358078956604,2,False,True,True,52.0,True,0.08337670564651485,UNRANKED,,False,,,
2020-01-10,2020-01-13,2020-01-14,GE,XLI,56.827790933771546,56.44054412841797,58.12782014345346,1,stop_loss,SHORT,SHORT,0.49871593713760376,0.5015899538993835,0.495841920375824,0.5015899538993835,0.5306615233421326,50.128406286239624,0.502358078956604,2,False,True,True,52.0,True,0.06449759006500241,UNRANKED,,False,,,
2020-01-13,2020-01-14,2020-01-17,GE,XLI,58.86080570704194,55.03678894042969,57.249600197311196,3,take_profit,SHORT,SHORT,0.49722690880298615,0.5015899538993835,0.49286386370658875,0.5015899538993835,0.5445460081100464,50.277309119701385,0.502358078956604,1,True,False,True,52.0,True,0.0902692675590516,UNRANKED,,False,,,
2020-01-14,2020-01-15,2020-01-21,GE,XLI,58.18313257184339,56.972999572753906,56.599586887028934,3,take_profit,SHORT,SHORT,0.49871593713760376,0.5015899538993835,0.495841920375824,0.5015899538993835,0.5518587231636047,50.128406286239624,0.502358078956604,2,False,True,True,52.0,True,0.03532898426055926,UNRANKED,,False,,,
2020-01-15,2020-01-16,2020-01-22,GE,XLI,57.79589236630117,56.68257522583008,56.122451160595254,3,take_profit,SHORT,SHORT,0.49871593713760376,0.5015899538993835,0.495841920375824,0.5015899538993835,0.6093297600746155,50.128406286239624,0.502358078956604,2,False,True,True,52.0,True,0.2083337903022766,UNRANKED,,False,,,
2020-01-16,2020-01-17,2020-01-22,GE,XLI,57.36024925380624,55.37562942504883,55.69372191441589,2,take_profit,SHORT,SHORT,0.49871593713760376,0.5015899538993835,0.495841920375824,0.5015899538993835,0.5322715044021606,50.128406286239624,0.502358078956604,2,False,True,True,52.0,True,0.18564179539680478,UNRANKED,,False,,,
2020-01-17,2020-01-21,2020-01-22,GE,XLI,56.82778670943721,56.77937316894531,55.17509091737527,1,take_profit,SHORT,SHORT,0.4976682811975479,0.49949464201927185,0.495841920375824,0.49949464201927185,0.5314731597900391,50.23317188024521,0.502358078956604,2,False,True,True,52.0,True,0.12931624054908758,UNRANKED,,False,,,
2020-01-21,2020-01-22,2020-01-29,GE,XLI,56.68256894484392,62.636409759521484,58.36984115292149,5,stop_loss,SHORT,SHORT,0.4961792528629303,0.49949464201927185,0.49286386370658875,0.49949464201927185,0.49163490533828735,50.38207471370697,0.502358078956604,1,True,False,True,52.0,True,0.3034846484661102,UNRANKED,,False,,,
2020-01-22,2020-01-23,2020-01-29,GE,XLI,56.779380134170445,61.61990737915039,58.61186696801531,4,take_profit,LONG,LONG,0.500328853726387,0.49949464201927185,0.5011630654335022,0.49949464201927185,0.49389952421188354,50.0328853726387,0.502358078956604,2,False,True,True,52.0,True,0.19034078717231748,UNRANKED,,False,,,
2020-01-23,2020-01-24,2020-01-27,GE,XLI,57.50546346682918,60.26454544067383,55.92883219328704,1,stop_loss,LONG,LONG,0.5013765096664429,0.5015899538993835,0.5011630654335022,0.5015899538993835,0.5303831696510315,50.13765096664429,0.502358078956604,2,False,True,True,52.0,True,0.17541456222534185,UNRANKED,,False,,,
2020-01-24,2020-01-27,2020-01-29,GE,XLI,55.42403613987309,59.3448600769043,57.01449623595986,2,stop_loss,SHORT,SHORT,0.49722690880298615,0.5015899538993835,0.49286386370658875,0.5015899538993835,0.545408308506012,50.277309119701385,0.502358078956604,1,True,False,True,52.0,True,0.09335431456565851,UNRANKED,,False,,,
2020-01-27,2020-01-28,2020-01-29,GE,XLI,55.762861979118526,60.89382553100586,57.42247272740954,1,stop_loss,SHORT,SHORT,0.49722690880298615,0.5015899538993835,0.49286386370658875,0.5015899538993835,0.48481059074401855,50.277309119701385,0.502358078956604,1,True,False,True,52.0,True,0.0869575738906861,UNRANKED,,False,,,
2020-01-28,2020-01-29,2020-02-05,GE,XLI,60.84541352146329,62.249176025390625,62.249176025390625,5,time_exit,LONG,LONG,0.5012363344430923,0.49949464201927185,0.5029780268669128,0.49949464201927185,0.48709410429000854,50.123633444309235,0.502358078956604,2,False,True,True,52.0,True,0.18309175968170163,UNRANKED,,False,,,
2020-01-29,2020-01-30,2020-02-03,GE,XLI,62.394392549686245,62.684818267822266,59.83582768239411,2,stop_loss,LONG,LONG,0.5012363344430923,0.49949464201927185,0.5029780268669128,0.49949464201927185,0.5161952972412109,50.123633444309235,0.502358078956604,2,False,True,True,52.0,True,0.07896173000335703,UNRANKED,,False,,,
2020-01-30,2020-01-31,2020-02-07,GE,XLI,61.37786621167489,62.10395431518555,62.10395431518555,5,time_exit,LONG,LONG,0.5012363344430923,0.49949464201927185,0.5029780268669128,0.49949464201927185,0.4959324300289154,50.123633444309235,0.502358078956604,2,False,True,True,52.0,True,0.2675042450428009,UNRANKED,,False,,,
2020-01-31,2020-02-03,2020-02-10,GE,XLI,60.31296465166442,62.491207122802734,62.491207122802734,5,time_exit,LONG,LONG,0.5012363344430923,0.49949464201927185,0.5029780268669128,0.49949464201927185,0.43720296025276184,50.123633444309235,0.502358078956604,2,False,True,True,52.0,True,0.03636178374290455,UNRANKED,,False,,,
2020-02-03,2020-02-04,2020-02-11,GE,XLI,60.45817996232279,62.20077896118164,62.20077896118164,5,time_exit,SHORT,SHORT,0.4975130409002304,0.49949464201927185,0.49553143978118896,0.49949464201927185,0.4629749655723572,50.24869590997696,0.502358078956604,1,True,False,True,52.0,True,0.6769976317882538,UNRANKED,,False,,,
2020-02-04,2020-02-05,2020-02-12,GE,XLI,61.76512004473947,63.701351165771484,63.701351165771484,5,time_exit,LONG,LONG,0.5022839903831482,0.5015899538993835,0.5029780268669128,0.5015899538993835,0.47121599316596985,50.22839903831482,0.502358078956604,2,False,True,True,52.0,True,0.4331995248794557,UNRANKED,,False,,,
2020-02-05,2020-02-06,2020-02-13,GE,XLI,62.63641156088873,62.636409759521484,62.636409759521484,5,time_exit,SHORT,SHORT,0.49871593713760376,0.5015899538993835,0.495841920375824,0.5015899538993835,0.4615841209888458,50.128406286239624,0.502358078956604,2,False,True,True,52.0,True,0.5723958909511566,UNRANKED,,False,,,
2020-02-06,2020-02-07,2020-02-14,GE,XLI,63.023652133995775,62.10395431518555,62.10395431518555,5,time_exit,SHORT,SHORT,0.49871593713760376,0.5015899538993835,0.495841920375824,0.5015899538993835,0.4180682897567749,50.128406286239624,0.502358078956604,2,False,True,True,52.0,True,0.08138015866279609,UNRANKED,,False,,,
2020-02-07,2020-02-10,2020-02-18,GE,XLI,62.152367538977245,61.71672439575195,61.71672439575195,5,time_exit,SHORT,SHORT,0.49871593713760376,0.5015899538993835,0.495841920375824,0.5015899538993835,0.4398675262928009,50.128406286239624,0.502358078956604,2,False,True,True,52.0,True,0.046296268701553206,UNRANKED,,False,,,
2020-02-10,2020-02-11,2020-02-19,GE,XLI,62.68483131210923,61.03904342651367,61.03904342651367,5,time_exit,SHORT,SHORT,0.47196316719055176,0.4474373757839203,0.4964889585971832,0.43700412567438907,0.536272406578064,52.803683280944824,0.5088495016098022,1,True,False,True,60.0,False,0.0019068419933317843,UNRANKED,,False,,,
2020-02-11,2020-02-12,2020-02-20,GE,XLI,62.6848396123117,60.65180206298828,60.65180206298828,5,time_exit,SHORT,SHORT,0.4905250668525696,0.4801490306854248,0.5009011030197144,0.43700412567438907,0.5586668252944946,50.94749331474304,0.5088495016098022,1,True,False,True,60.0,False,0.024233698844909786,UNRANKED,,False,,,
2020-02-12,2020-02-13,2020-02-20,GE,XLI,63.3140814083981,59.29645538330078,60.70711348237271,4,take_profit,SHORT,SHORT,0.4803766906261444,0.45985227823257446,0.5009011030197144,0.43700412567438907,0.5826188325881958,51.96233093738556,0.5088495016098022,1,True,False,True,60.0,False,0.2324853241443634,UNRANKED,,False,,,
2020-02-13,2020-02-14,2020-02-21,GE,XLI,62.78162600222634,57.40864944458008,60.064012782011496,4,take_profit,SHORT,SHORT,0.4852323830127716,0.47397580742836,0.4964889585971832,0.43700412567438907,0.5820351243019104,51.47676169872284,0.5088495016098022,1,True,False,True,60.0,False,0.015063285827636615,UNRANKED,,False,,,
2020-02-14,2020-02-18,2020-02-24,GE,XLI,61.52310123945762,54.79475784301758,58.91612949873496,4,take_profit,SHORT,SHORT,0.4920007139444351,0.4831003248691559,0.5009011030197144,0.4416243654822335,0.5990376472473145,50.79992860555649,0.5088495016098022,2,False,True,True,60.0,False,0.25602567195892323,UNRANKED,,False,,,
2020-02-18,2020-02-19,2020-02-24,GE,XLI,61.474689005695645,53.00376510620117,59.01293352561054,3,stop_loss,LONG,LONG,0.5050043612718582,0.5135197639465332,0.4964889585971832,0.4447727272727273,0.49195048213005066,50.50043612718582,0.5088495016098022,2,False,True,True,60.0,False,0.16961902379989627,UNRANKED,,False,,,
2020-02-19,2020-02-20,2020-02-21,GE,XLI,61.232664081742534,50.293067932128906,59.51081654756285,1,take_profit,SHORT,SHORT,0.4958776533603668,0.4908542037010193,0.5009011030197144,0.4416243654822335,0.5383570790290833,50.41223466396332,0.5088495016098022,2,False,True,True,60.0,False,0.3484593629837035,UNRANKED,,False,,,
2020-02-20,2020-02-21,2020-02-24,GE,XLI,60.26455999099228,52.66493225097656,58.63260688779055,1,stop_loss,LONG,LONG,0.511776477098465,0.5226518511772156,0.5009011030197144,0.5045045045045046,0.5302421450614929,51.1776477098465,0.5088495016098022,1,True,True,False,60.0,False,0.34163606166839594,UNRANKED,,False,,,
2020-02-21,2020-02-24,2020-02-25,GE,XLI,56.58576126514124,54.262306213378906,54.95381034176651,1,stop_loss,LONG,LONG,0.5124756991863251,0.5240502953529358,0.5009011030197144,0.5045045045045046,0.6021379828453064,51.24756991863251,0.5088495016098022,1,True,True,False,60.0,False,0.24942237138748172,UNRANKED,,False,,,
2020-02-24,2020-02-25,2020-02-26,GE,XLI,57.941101139874704,52.66493225097656,56.17084727722124,1,take_profit,SHORT,SHORT,0.49936650693416595,0.49783191084861755,0.5009011030197144,0.4445086705202313,0.6407260298728943,50.063349306583405,0.5088495016098022,2,False,True,True,60.0,False,0.9891878813505173,UNRANKED,,False,,,
2020-02-25,2020-02-26,2020-02-27,GE,XLI,55.03678378738994,53.00376510620117,53.11439761795635,1,stop_loss,LONG,LONG,0.5067451298236847,0.5060063004493713,0.507483959197998,0.4447727272727273,0.5819777250289917,50.67451298236847,0.5088495016098022,2,False,True,True,60.0,False,0.7152274996042253,UNRANKED,,False,,,
2020-02-26,2020-02-27,2020-03-02,GE,XLI,51.40638884557139,48.79251480102539,53.39100962106665,2,take_profit,LONG,LONG,0.5188463926315308,0.5302088260650635,0.507483959197998,0.5200617283950616,0.6428444981575012,51.884639263153076,0.5088495016098022,1,True,True,False,60.0,False,1.0163245499134062,LOW,,True,3.954349295371849,-1.0,-0.36280297242864085
2020-02-27,2020-02-28,2020-03-02,GE,XLI,48.163241371009754,45.546138763427734,50.47286999388224,1,take_profit,LONG,LONG,0.5337826907634735,0.560081422328949,0.507483959197998,0.625,0.63973069190979,53.37826907634735,0.5088495016098022,1,True,True,False,60.0,False,1.3349893540143967,LOW,,True,5.310276995482214,-1.0,-0.561038961038961
2020-02-28,2020-03-02,2020-03-05,GE,XLI,54.262306213378906,39.780189514160156,51.696820395333425,3,take_profit,SHORT,SHORT,0.4760861098766327,0.44468826055526733,0.507483959197998,0.43700412567438907,0.6051607131958008,52.39138901233673,0.5088495016098022,1,True,False,True,60.0,False,1.137348234653473,UNRANKED,,False,,,
2020-03-02,2020-03-03,2020-03-05,GE,XLI,54.45592874239917,42.881202697753906,51.7175684736701,2,take_profit,SHORT,SHORT,0.4909044951200485,0.4888005256652832,0.49300846457481384,0.4416243654822335,0.5346364378929138,50.90955048799515,0.5088495016098022,1,True,False,True,60.0,False,-0.10018405318260193,UNRANKED,,False,,,
2020-03-03,2020-03-04,2020-03-05,GE,XLI,53.53622035103563,39.780189514160156,50.611153539337806,1,take_profit,SHORT,SHORT,0.4880603551864624,0.47354066371917725,0.5025800466537476,0.43700412567438907,0.5457370281219482,51.19396448135376,0.5088495016098022,1,True,False,True,60.0,False,0.43588283658027643,UNRANKED,,False,,,
2020-03-04,2020-03-05,2020-03-06,GE,XLI,51.30958609576976,35.03175354003906,48.55048204826697,1,stop_loss,LONG,LONG,0.5023849606513977,0.5021898746490479,0.5025800466537476,0.4447727272727273,0.4761938452720642,50.23849606513977,0.5088495016098022,2,False,True,True,60.0,False,0.3382672965526582,UNRANKED,,False,,,
2020-03-05,2020-03-06,2020-03-09,GE,XLI,47.193553176887676,38.03586196899414,43.98497642953834,1,take_profit,SHORT,SHORT,0.48557671904563904,0.4685733914375305,0.5025800466537476,0.43700412567438907,0.5919389128684998,51.442328095436096,0.5088495016098022,1,True,False,True,60.0,False,0.1894139051437379,UNRANKED,,False,,,
2020-03-06,2020-03-09,2020-03-12,GE,XLI,40.36163206723634,32.26993179321289,36.76535237799248,3,stop_loss,LONG,LONG,0.5208682417869568,0.539156436920166,0.5025800466537476,0.5200617283950616,0.5970578789710999,52.08682417869568,0.5088495016098022,1,True,True,False,60.0,False,0.6854529678821563,UNRANKED,,False,,,
2020-03-09,2020-03-10,2020-03-12,GE,XLI,42.542030348767376,34.30495071411133,38.17736218383295,2,take_profit,SHORT,SHORT,0.4918629825115204,0.4811459183692932,0.5025800466537476,0.4416243654822335,0.5848206877708435,50.81370174884796,0.5088495016098022,2,False,True,True,60.0,False,-0.30716016888618464,UNRANKED,,False,,,
2020-03-10,2020-03-11,2020-03-12,GE,XLI,41.76677625075596,31.979198455810547,37.055917769485035,1,stop_loss,LONG,LONG,0.5090906620025635,0.5156012773513794,0.5025800466537476,0.4447727272727273,0.5401642918586731,50.90906620025635,0.5088495016098022,1,True,True,False,60.0,False,-0.5611836612224582,UNRANKED,,False,,,
2020-03-11,2020-03-12,2020-03-19,GE,XLI,35.03175354003906,31.39776611328125,31.39776611328125,5,time_exit,LONG,LONG,0.5094715654850006,0.5163630843162537,0.5025800466537476,0.4447727272727273,0.5206963419914246,50.94715654850006,0.5088495016098022,1,True,True,False,60.0,False,0.2433799803256989,UNRANKED,,False,,,
2020-03-12,2020-03-13,2020-03-18,GE,XLI,37.7935955212152,31.591569900512695,32.21032830930114,3,take_profit,SHORT,SHORT,0.4745054244995117,0.4464308023452759,0.5025800466537476,0.43700412567438907,0.5539888143539429,52.54945755004883,0.5088495016098022,1,True,False,True,60.0,False,-0.5067710578441621,UNRANKED,,False,,,
2020-03-13,2020-03-16,2020-03-23,GE,XLI,33.86889175948391,29.604991912841797,29.604991912841797,5,time_exit,LONG,LONG,0.5069751143455505,0.5113701820373535,0.5025800466537476,0.4447727272727273,0.45456165075302124,50.697511434555054,0.5088495016098022,2,False,True,True,60.0,False,-0.12198752164840673,UNRANKED,,False,,,
2020-03-16,2020-03-17,2020-03-24,GE,XLI,33.4812456532273,33.96578598022461,33.96578598022461,5,time_exit,SHORT,SHORT,0.4998463839292526,0.4971127212047577,0.5025800466537476,0.4445086705202313,0.5160516500473022,50.01536160707474,0.5088495016098022,2,False,True,True,60.0,False,-0.0755933821201326,UNRANKED,,False,,,
2020-03-17,2020-03-18,2020-03-25,GE,XLI,31.54311660577962,36.63072204589844,36.63072204589844,5,time_exit,LONG,LONG,0.5179539024829865,0.5333277583122253,0.5025800466537476,0.5200617283950616,0.5063726305961609,51.795390248298645,0.5088495016098022,1,True,True,False,60.0,False,0.17155346274375927,UNRANKED,,False,,,
2020-03-18,2020-03-19,2020-03-26,GE,XLI,31.010137104858686,39.344120025634766,37.18303607859613,5,take_profit,LONG,LONG,0.5439213812351227,0.5852627158164978,0.5025800466537476,0.765625,0.6276794672012329,54.39213812351227,0.5088495016098022,1,True,True,False,60.0,False,-0.5851593315601349,UNRANKED,,False,,,
2020-03-19,2020-03-20,2020-03-27,GE,XLI,33.96578330575189,36.921443939208984,36.921443939208984,5,time_exit,LONG,LONG,0.5143718719482422,0.5261636972427368,0.5025800466537476,0.5045045045045046,0.527365505695343,51.43718719482422,0.5088495016098022,1,True,True,False,60.0,False,-0.2031683623790739,UNRANKED,,False,,,
2020-03-20,2020-03-23,2020-03-26,GE,XLI,31.252406442461616,38.22967529296875,36.96901939455774,3,take_profit,LONG,LONG,0.5038846135139465,0.5051891803741455,0.5025800466537476,0.4447727272727273,0.42161181569099426,50.38846135139465,0.5088495016098022,2,False,True,True,60.0,False,0.14643383026123058,UNRANKED,,False,,,
2020-03-23,2020-03-24,2020-03-26,GE,XLI,32.269920718004975,38.47195053100586,38.042134245139465,2,take_profit,LONG,LONG,0.514491856098175,0.5264036655426025,0.5025800466537476,0.5045045045045046,0.5248772501945496,51.449185609817505,0.5088495016098022,1,True,True,False,60.0,False,0.36253225803375233,UNRANKED,,False,,,
2020-03-24,2020-03-25,2020-04-01,GE,XLI,36.09773431933478,34.11115264892578,34.11115264892578,5,time_exit,SHORT,SHORT,0.47064366936683655,0.43870729207992554,0.5025800466537476,0.43700412567438907,0.4747093617916107,52.935633063316345,0.5088495016098022,1,True,False,True,60.0,False,-0.1332647502422334,UNRANKED,,False,,,
2020-03-25,2020-03-26,2020-04-02,GE,XLI,36.96990563040065,33.43280029296875,33.43280029296875,5,time_exit,SHORT,SHORT,0.4421940743923187,0.3818081021308899,0.5025800466537476,0.38235294117647056,0.47122490406036377,55.78059256076813,0.5088495016098022,1,True,False,True,60.0,False,-1.7651435881853104,UNRANKED,,False,,,
2020-03-26,2020-03-27,2020-04-03,GE,XLI,37.212165225847876,32.609092712402344,32.609092712402344,5,time_exit,SHORT,SHORT,0.43899062275886536,0.37540119886398315,0.5025800466537476,0.38235294117647056,0.49484753608703613,56.100937724113464,0.5088495016098022,1,True,False,True,60.0,False,-1.694855809211731,UNRANKED,,False,,,
2020-03-27,2020-03-30,2020-04-06,GE,XLI,36.533806541405276,35.03175354003906,35.03175354003906,5,time_exit,SHORT,SHORT,0.4990950971841812,0.49561014771461487,0.5025800466537476,0.4445086705202313,0.4981602430343628,50.09049028158188,0.5088495016098022,2,False,True,True,60.0,False,-1.090337336063385,UNRANKED,,False,,,
2020-03-30,2020-03-31,2020-04-03,GE,XLI,38.13277447800405,34.06269073486328,32.816758961995404,3,take_profit,SHORT,SHORT,0.496605783700943,0.4906315207481384,0.5025800466537476,0.4416243654822335,0.5191341042518616,50.3394216299057,0.5088495016098022,2,False,True,True,60.0,False,-1.4871435016393661,UNRANKED,,False,,,
2020-03-31,2020-04-01,2020-04-08,GE,XLI,36.4369118768414,35.37093734741211,35.37093734741211,5,time_exit,LONG,LONG,0.5029403865337372,0.5033007264137268,0.5025800466537476,0.4447727272727273,0.4417400360107422,50.29403865337372,0.5088495016098022,2,False,True,True,60.0,False,0.37728437781333907,UNRANKED,,False,,,
2020-04-01,2020-04-02,2020-04-09,GE,XLI,34.0142428133693,34.59567642211914,34.59567642211914,5,time_exit,SHORT,SHORT,0.49817393720149994,0.4937678277492523,0.5025800466537476,0.4445086705202313,0.5353296399116516,50.182606279850006,0.5088495016098022,2,False,True,True,60.0,False,0.7595126330852507,UNRANKED,,False,,,
2020-04-02,2020-04-03,2020-04-13,GE,XLI,34.062691494488654,34.01424789428711,34.01424789428711,5,time_exit,LONG,LONG,0.506321370601654,0.5100626945495605,0.5025800466537476,0.4447727272727273,0.4109766483306885,50.632137060165405,0.5088495016098022,2,False,True,True,60.0,False,-0.2527635693550108,UNRANKED,,False,,,
2020-04-03,2020-04-06,2020-04-14,GE,XLI,34.25650316563419,33.57817077636719,33.57817077636719,5,time_exit,LONG,LONG,0.5188284814357758,0.535076916217804,0.5025800466537476,0.5200617283950616,0.5372944474220276,51.882848143577576,0.5088495016098022,1,True,True,False,60.0,False,-0.0663047730922699,UNRANKED,,False,,,
2020-04-06,2020-04-07,2020-04-15,GE,XLI,37.26060946752216,31.49466896057129,33.391267208523836,5,stop_loss,LONG,LONG,0.5420174300670624,0.5814548134803772,0.5025800466537476,0.765625,0.6720927953720093,54.20174300670624,0.5088495016098022,1,True,True,False,60.0,False,0.30550441145896917,UNRANKED,,False,,,
2020-04-07,2020-04-08,2020-04-16,GE,XLI,34.78949480234493,30.23488426208496,31.113965322364464,5,take_profit,SHORT,SHORT,0.49160589277744293,0.4823106825351715,0.5009011030197144,0.4416243654822335,0.4592900276184082,50.83941072225571,0.5088495016098022,2,False,True,True,60.0,False,-0.717713236808777,UNRANKED,,False,,,
2020-04-08,2020-04-09,2020-04-15,GE,XLI,36.09772985980657,33.14207077026367,32.31836976982331,3,take_profit,SHORT,SHORT,0.4767606854438782,0.452620267868042,0.5009011030197144,0.43700412567438907,0.49051162600517273,52.32393145561218,0.5088495016098022,1,True,False,True,60.0,False,-0.9593649059534073,UNRANKED,,False,,,
2020-04-09,2020-04-13,2020-04-16,GE,XLI,34.54723200631853,31.543113708496094,30.684806610897912,3,take_profit,SHORT,SHORT,0.47480519115924835,0.4482416808605194,0.5013687014579773,0.43700412567438907,0.5295175313949585,52.519480884075165,0.5088495016098022,1,True,False,True,60.0,False,-0.9973180592060091,UNRANKED,,False,,,
2020-04-13,2020-04-14,2020-04-16,GE,XLI,34.4018800191591,31.39776611328125,30.74019026085832,2,stop_loss,LONG,LONG,0.5132784843444824,0.5346787571907043,0.4918782114982605,0.5200617283950616,0.5951060652732849,51.32784843444824,0.5088495016098022,1,True,True,False,60.0,False,-0.6306299865245821,UNRANKED,,False,,,
2020-04-14,2020-04-15,2020-04-22,GE,XLI,32.60909553154172,31.155500411987305,31.155500411987305,5,time_exit,LONG,LONG,0.5186460912227631,0.5363910794258118,0.5009011030197144,0.5200617283950616,0.5008876323699951,51.864609122276306,0.5088495016098022,1,True,True,False,60.0,False,-0.028086543083190828,UNRANKED,,False,,,
2020-04-15,2020-04-16,2020-04-23,GE,XLI,31.397765709710217,31.591569900512695,31.591569900512695,5,time_exit,LONG,LONG,0.5345245003700256,0.5681478977203369,0.5009011030197144,0.6601307189542485,0.5061134696006775,53.45245003700256,0.5088495016098022,1,True,True,False,60.0,False,-0.1566923856735231,UNRANKED,,False,,,
2020-04-16,2020-04-17,2020-04-24,GE,XLI,31.34929649402011,30.331789016723633,30.331789016723633,5,time_exit,SHORT,SHORT,0.48735372722148895,0.47380635142326355,0.5009011030197144,0.43700412567438907,0.5692299604415894,51.264627277851105,0.5088495016098022,1,True,False,True,60.0,False,0.3293455541133882,UNRANKED,,False,,,
2020-04-17,2020-04-20,2020-04-27,GE,XLI,32.027650289068184,31.155500411987305,31.155500411987305,5,time_exit,LONG,LONG,0.5002834647893906,0.4996658265590668,0.5009011030197144,0.4447727272727273,0.4696485996246338,50.028346478939056,0.5088495016098022,2,False,True,True,60.0,False,-0.8304671794176102,UNRANKED,,False,,,
2020-04-20,2020-04-21,2020-04-28,GE,XLI,30.961684174142782,32.948272705078125,32.948272705078125,5,time_exit,SHORT,SHORT,0.4911218583583832,0.481342613697052,0.5009011030197144,0.4416243654822335,0.5466089248657227,50.88781416416168,0.5088495016098022,1,True,False,True,60.0,False,0.03835844993591315,UNRANKED,,False,,,
2020-04-21,2020-04-22,2020-04-29,GE,XLI,31.93075103197409,31.882286071777344,31.882286071777344,5,time_exit,SHORT,SHORT,0.47659771144390106,0.45229431986808777,0.5009011030197144,0.43700412567438907,0.6037611365318298,52.340228855609894,0.5088495016098022,1,True,False,True,60.0,False,0.8473310768604279,UNRANKED,,False,,,
2020-04-22,2020-04-23,2020-04-30,GE,XLI,31.30084868078132,32.948272705078125,32.948272705078125,5,time_exit,SHORT,SHORT,0.44692134857177734,0.39294159412384033,0.5009011030197144,0.43700412567438907,0.5536574721336365,55.307865142822266,0.5088495016098022,1,True,False,True,60.0,False,-0.06915146112442036,UNRANKED,,False,,,
2020-04-23,2020-04-24,2020-05-01,GE,XLI,31.930748631139014,31.49466896057129,31.49466896057129,5,time_exit,SHORT,SHORT,0.45346854627132416,0.40603598952293396,0.5009011030197144,0.43700412567438907,0.5560919642448425,54.653145372867584,0.5088495016098022,1,True,False,True,60.0,False,-0.5690732747316358,UNRANKED,,False,,,
2020-04-24,2020-04-27,2020-05-04,GE,XLI,30.913232043672668,30.08952522277832,30.08952522277832,5,time_exit,SHORT,SHORT,0.49327971041202545,0.48565831780433655,0.5009011030197144,0.4416243654822335,0.5451006293296814,50.672028958797455,0.5088495016098022,2,False,True,True,60.0,False,0.19478884339332592,UNRANKED,,False,,,
2020-04-27,2020-04-28,2020-05-05,GE,XLI,31.83384597051165,30.04107093811035,30.04107093811035,5,time_exit,SHORT,SHORT,0.4689877927303314,0.4370744824409485,0.5009011030197144,0.43700412567438907,0.5106620788574219,53.10122072696686,0.5088495016098022,1,True,False,True,60.0,False,-0.8402667939662933,UNRANKED,,False,,,
2020-04-28,2020-04-29,2020-05-04,GE,XLI,32.36681888896352,28.97509765625,30.131048799677806,3,take_profit,SHORT,SHORT,0.4480796307325363,0.3952581584453583,0.5009011030197144,0.43700412567438907,0.5774563550949097,55.19203692674637,0.5088495016098022,1,True,False,True,60.0,False,-1.5066995769739153,UNRANKED,,False,,,
2020-04-29,2020-04-30,2020-05-06,GE,XLI,31.785394891551913,29.604991912841797,29.584233370730207,4,take_profit,SHORT,SHORT,0.45656535029411316,0.4212524890899658,0.4918782114982605,0.43700412567438907,0.5435133576393127,54.343464970588684,0.5088495016098022,1,True,False,True,60.0,False,-1.0695205181837082,UNRANKED,,False,,,
2020-04-30,2020-05-01,2020-05-05,GE,XLI,32.31837426660571,30.47715187072754,30.075680501782884,2,stop_loss,LONG,LONG,0.5192125141620636,0.5465468168258667,0.4918782114982605,0.5675675675675675,0.6026853322982788,51.92125141620636,0.5088495016098022,1,True,True,False,60.0,False,-0.03722974658012402,UNRANKED,,False,,,
2020-05-01,2020-05-04,2020-05-11,GE,XLI,30.525605325343687,29.992618560791016,29.992618560791016,5,time_exit,SHORT,SHORT,0.49317196011543274,0.494465708732605,0.4918782114982605,0.4445086705202313,0.6011046767234802,50.682803988456726,0.5088495016098022,2,False,True,True,60.0,False,1.3071280270814898,UNRANKED,,False,,,
2020-05-04,2020-05-05,2020-05-12,GE,XLI,30.428698090552704,29.072004318237305,29.072004318237305,5,time_exit,LONG,LONG,0.5275191366672516,0.5631600618362427,0.4918782114982605,0.6601307189542485,0.5596997737884521,52.75191366672516,0.5088495016098022,1,True,True,False,60.0,False,0.786456510424614,UNRANKED,,False,,,
2020-05-05,2020-05-06,2020-05-13,GE,XLI,30.0410714152825,28.054485321044922,28.054485321044922,5,time_exit,LONG,LONG,0.5328037738800049,0.5737293362617493,0.4918782114982605,0.6601307189542485,0.5410137176513672,53.28037738800049,0.5088495016098022,1,True,True,False,60.0,False,0.037939637899398956,UNRANKED,,False,,,
2020-05-06,2020-05-07,2020-05-14,GE,XLI,29.36272539746803,27.618408203125,27.618408203125,5,time_exit,LONG,LONG,0.5013275146484375,0.5012863278388977,0.5013687014579773,0.4447727272727273,0.5195123553276062,50.13275146484375,0.5088495016098022,2,False,True,True,60.0,False,-0.1061965525150298,UNRANKED,,False,,,
2020-05-07,2020-05-08,2020-05-13,GE,XLI,30.089524707478468,26.600879669189453,28.227532280197497,3,stop_loss,LONG,LONG,0.5065854489803314,0.5118021965026855,0.5013687014579773,0.4447727272727273,0.4705987870693207,50.65854489803314,0.5088495016098022,2,False,True,True,60.0,False,-0.8770267367362975,UNRANKED,,False,,,
2020-05-08,2020-05-11,2020-05-13,GE,XLI,30.23488507197786,30.3802433013916,28.476720802394293,2,take_profit,SHORT,SHORT,0.453633189201355,0.40589767694473267,0.5013687014579773,0.43700412567438907,0.5058021545410156,54.6366810798645,0.5088495016098022,1,True,False,True,60.0,False,-0.8587465137243271,UNRANKED,,False,,,
2020-05-11,2020-05-12,2020-05-13,GE,XLI,30.137978038594586,30.08952522277832,28.331358666907924,1,take_profit,SHORT,SHORT,0.4521372765302658,0.4029058516025543,0.5013687014579773,0.43700412567438907,0.4888944923877716,54.78627234697342,0.5088495016098022,1,True,False,True,60.0,False,-1.0703664571046827,UNRANKED,,False,,,
2020-05-12,2020-05-13,2020-05-15,GE,XLI,29.072006176948094,31.107038497924805,27.16847987079575,2,take_profit,SHORT,SHORT,0.4610254466533661,0.4211497902870178,0.5009011030197144,0.43700412567438907,0.4870534837245941,53.89745533466339,0.5088495016098022,1,True,False,True,60.0,False,-0.06349980831146224,UNRANKED,,False,,,
2020-05-13,2020-05-14,2020-05-18,GE,XLI,27.230780991925645,31.39776611328125,29.217371513601844,2,stop_loss,SHORT,SHORT,0.4981391429901123,0.49537718296051025,0.5009011030197144,0.4445086705202313,0.5013397336006165,50.18608570098877,0.5088495016098022,2,False,True,True,60.0,False,0.043396890163421506,UNRANKED,,False,,,
2020-05-14,2020-05-15,2020-05-18,GE,XLI,27.18232032056545,31.058589935302734,29.051238875688913,1,stop_loss,SHORT,SHORT,0.48906823992729187,0.4755564332008362,0.5025800466537476,0.43700412567438907,0.5470636487007141,51.09317600727081,0.5088495016098022,1,True,False,True,60.0,False,0.39552015066146845,UNRANKED,,False,,,
2020-05-15,2020-05-18,2020-05-19,GE,XLI,27.81221589136269,32.948272705078125,29.708822609153568,1,stop_loss,SHORT,SHORT,0.48889702558517456,0.47521400451660156,0.5025800466537476,0.43700412567438907,0.5137118101119995,51.110297441482544,0.5088495016098022,1,True,False,True,60.0,False,-0.29409277439117426,UNRANKED,,False,,,
2020-05-18,2020-05-19,2020-05-26,GE,XLI,30.477152392665726,35.32248306274414,32.65755787318679,4,stop_loss,SHORT,SHORT,0.418952152132988,0.3370032012462616,0.5009011030197144,0.38235294117647056,0.4746285676956177,58.1047847867012,0.5088495016098022,1,True,False,True,60.0,False,-1.1487270891666415,UNRANKED,,False,,,
2020-05-19,2020-05-20,2020-05-26,GE,XLI,30.670958501652667,32.85136032104492,32.74061133150409,3,stop_loss,SHORT,SHORT,0.42467570304870605,0.34845030307769775,0.5009011030197144,0.38235294117647056,0.5081990957260132,57.532429695129395,0.5088495016098022,1,True,False,True,60.0,False,-0.871777206659317,UNRANKED,,False,,,
2020-05-20,2020-05-21,2020-05-27,GE,XLI,31.107044820522272,31.833833694458008,33.169772884923084,3,stop_loss,SHORT,SHORT,0.42812593281269073,0.3553507626056671,0.5009011030197144,0.38235294117647056,0.49160638451576233,57.18740671873093,0.5088495016098022,1,True,False,True,60.0,False,-0.9265107661485673,UNRANKED,,False,,,
2020-05-21,2020-05-22,2020-05-27,GE,XLI,31.39776413743353,32.754459381103516,33.29436704052714,2,stop_loss,SHORT,SHORT,0.4480348229408264,0.3951685428619385,0.5009011030197144,0.43700412567438907,0.5508557558059692,55.19651770591736,0.5088495016098022,1,True,False,True,60.0,False,-1.4986559003591535,UNRANKED,,False,,,
2020-05-22,2020-05-26,2020-05-27,GE,XLI,32.89982162611839,34.15959930419922,34.644143449238506,1,stop_loss,SHORT,SHORT,0.4527420997619629,0.40899524092674255,0.4964889585971832,0.43700412567438907,0.585076630115509,54.72579002380371,0.5088495016098022,1,True,False,True,60.0,False,0.07360690832138045,UNRANKED,,False,,,
2020-05-26,2020-05-27,2020-05-28,GE,XLI,35.128671350637454,35.66165542602539,33.1213168867877,1,take_profit,SHORT,SHORT,0.49322444200515747,0.49457067251205444,0.4918782114982605,0.4445086705202313,0.5740358233451843,50.67755579948425,0.5088495016098022,2,False,True,True,60.0,False,0.3594917058944704,UNRANKED,,False,,,
2020-05-27,2020-05-28,2020-05-29,GE,XLI,36.29154570860106,37.50288009643555,34.097300233921935,1,take_profit,SHORT,SHORT,0.4215712994337082,0.3512643873691559,0.4918782114982605,0.38235294117647056,0.605167031288147,57.84287005662918,0.5088495016098022,1,True,False,True,60.0,False,-1.1834210455417635,UNRANKED,,False,,,
2020-05-28,2020-05-29,2020-06-03,GE,XLI,31.78538263418241,38.181236267089844,34.242660749591174,3,take_profit,LONG,LONG,0.5144660174846649,0.5370538234710693,0.4918782114982605,0.5200617283950616,0.5330718755722046,51.44660174846649,0.5088495016098022,1,True,True,False,60.0,False,0.17282959818840024,UNRANKED,,False,,,
2020-05-29,2020-06-01,2020-06-03,GE,XLI,31.88229920909643,40.991519927978516,34.3603439914625,2,take_profit,LONG,LONG,0.5094818472862244,0.5270854830741882,0.4918782114982605,0.5045045045045046,0.5002733469009399,50.94818472862244,0.5088495016098022,1,True,True,False,60.0,False,-0.6205501258373259,UNRANKED,,False,,,
2020-06-01,2020-06-02,2020-06-04,GE,XLI,33.43279987132778,38.85958480834961,35.973143564652275,2,stop_loss,SHORT,SHORT,0.4904071241617203,0.48893603682518005,0.4918782114982605,0.4416243654822335,0.5811129808425903,50.95928758382797,0.5088495016098022,1,True,False,True,60.0,False,0.44726997613906866,UNRANKED,,False,,,
2020-06-02,2020-06-03,2020-06-05,GE,XLI,34.983310724943955,36.87299728393555,37.5928723726316,2,take_profit,LONG,LONG,0.5042842924594879,0.5166903734207153,0.4918782114982605,0.4447727272727273,0.4448458254337311,50.42842924594879,0.5088495016098022,2,False,True,True,60.0,False,-0.5491911470890044,UNRANKED,,False,,,
2020-06-03,2020-06-04,2020-06-05,GE,XLI,35.4193840794104,33.675079345703125,38.09816531633144,1,take_profit,LONG,LONG,0.5087583065032959,0.5256384015083313,0.4918782114982605,0.5045045045045046,0.4626801609992981,50.87583065032959,0.5088495016098022,2,False,True,True,60.0,False,-0.31838059425354,UNRANKED,,False,,,
2020-06-04,2020-06-05,2020-06-10,GE,XLI,40.94307772864283,35.128665924072266,38.06356112708033,3,take_profit,SHORT,SHORT,0.4565689414739609,0.42125967144966125,0.4918782114982605,0.43700412567438907,0.5176191926002502,54.34310585260391,0.5088495016098022,1,True,False,True,60.0,False,-0.3320349752902985,UNRANKED,,False,,,
2020-06-05,2020-06-08,2020-06-10,GE,XLI,39.82864229712583,35.08021926879883,36.9975788903178,2,take_profit,SHORT,SHORT,0.42750513553619385,0.3631320595741272,0.4918782114982605,0.38235294117647056,0.56827712059021,57.249486446380615,0.5088495016098022,1,True,False,True,60.0,False,-1.179706931114197,UNRANKED,,False,,,
2020-06-08,2020-06-09,2020-06-10,GE,XLI,39.683290284806105,36.19464874267578,36.9906668739,1,take_profit,SHORT,SHORT,0.43380849063396454,0.3757387697696686,0.4918782114982605,0.38235294117647056,0.5904202461242676,56.619150936603546,0.5088495016098022,1,True,False,True,60.0,False,-0.9599024653434757,UNRANKED,,False,,,
2020-06-09,2020-06-10,2020-06-11,GE,XLI,38.61731779594423,35.08021926879883,35.66166337917875,1,take_profit,SHORT,SHORT,0.4965726435184479,0.5012670755386353,0.4918782114982605,0.4447727272727273,0.5346642732620239,50.34273564815521,0.5088495016098022,2,False,True,True,60.0,False,0.05866163969039922,UNRANKED,,False,,,
2020-06-10,2020-06-11,2020-06-18,GE,XLI,34.20806728556515,35.27403259277344,35.27403259277344,5,time_exit,LONG,LONG,0.5249219536781311,0.5579656958580017,0.4918782114982605,0.5685279187817259,0.5736945867538452,52.49219536781311,0.5088495016098022,1,True,True,False,60.0,False,0.464687392115593,UNRANKED,,False,,,
2020-06-11,2020-06-12,2020-06-19,GE,XLI,35.564744063180015,34.64413070678711,34.64413070678711,5,time_exit,LONG,LONG,0.5462139546871185,0.6005496978759766,0.4918782114982605,0.782608695652174,0.6020166277885437,54.62139546871185,0.5088495016098022,1,True,True,False,60.0,False,0.6194269210100176,UNRANKED,,False,,,
2020-06-12,2020-06-15,2020-06-22,GE,XLI,33.67507126823752,34.11115264892578,34.11115264892578,5,time_exit,LONG,LONG,0.5508430004119873,0.6003172993659973,0.5013687014579773,0.782608695652174,0.5659815073013306,55.08430004119873,0.5088495016098022,1,True,True,False,60.0,False,0.9720438122749328,UNRANKED,,False,,,
2020-06-15,2020-06-16,2020-06-23,GE,XLI,37.454436190228805,33.917335510253906,34.048861936601575,5,stop_loss,LONG,LONG,0.517181009054184,0.5329933166503906,0.5013687014579773,0.5200617283950616,0.5354999303817749,51.718100905418396,0.5088495016098022,1,True,True,False,60.0,False,-0.0809369087219236,UNRANKED,,False,,,
2020-06-16,2020-06-17,2020-06-24,GE,XLI,36.340006619858805,31.640024185180664,33.11440106391572,5,take_profit,SHORT,SHORT,0.4918649345636368,0.48236116766929626,0.5013687014579773,0.4416243654822335,0.5357440114021301,50.81350654363632,0.5088495016098022,2,False,True,True,60.0,False,-0.4260461032390594,UNRANKED,,False,,,
2020-06-17,2020-06-18,2020-06-25,GE,XLI,34.547233020826305,32.36682891845703,32.36682891845703,5,time_exit,SHORT,SHORT,0.41374194622039795,0.3261151909828186,0.5013687014579773,0.2896393125151295,0.6031919717788696,58.625805377960205,0.5088495016098022,1,True,False,True,60.0,False,-1.674100145697594,UNRANKED,,False,,,
2020-06-18,2020-06-19,2020-06-24,GE,XLI,35.95237259409418,31.444835662841797,33.038253691070324,3,take_profit,SHORT,SHORT,0.42320016026496887,0.3454992175102234,0.5009011030197144,0.38235294117647056,0.5764374136924744,57.67998397350311,0.5088495016098022,1,True,False,True,60.0,False,-0.1121906936168671,UNRANKED,,False,,,
2020-06-19,2020-06-22,2020-06-24,GE,XLI,34.741046313970536,32.997657775878906,31.86845938246942,2,stop_loss,LONG,LONG,0.5042883455753326,0.5076755881309509,0.5009011030197144,0.4447727272727273,0.5102820992469788,50.428834557533264,0.5088495016098022,2,False,True,True,60.0,False,0.5541815161705018,UNRANKED,,False,,,
2020-06-22,2020-06-23,2020-06-26,GE,XLI,34.353417429559215,33.143245697021484,31.605425050234437,3,take_profit,SHORT,SHORT,0.49323315918445587,0.4855652153491974,0.5009011030197144,0.4416243654822335,0.6085008978843689,50.67668408155441,0.5088495016098022,2,False,True,True,60.0,False,0.4254538118839265,UNRANKED,,False,,,
2020-06-23,2020-06-24,2020-07-01,GE,XLI,33.432795123300174,32.70650100708008,32.70650100708008,5,time_exit,LONG,LONG,0.5195783972740173,0.5365767478942871,0.5025800466537476,0.5200617283950616,0.5852805376052856,51.95783972740173,0.5088495016098022,1,True,True,False,60.0,False,0.7006387412548064,UNRANKED,,False,,,
2020-06-24,2020-06-25,2020-07-02,GE,XLI,31.494668835573677,33.09471893310547,33.09471893310547,5,time_exit,LONG,LONG,0.5243354737758636,0.5460909008979797,0.5025800466537476,0.5675675675675675,0.6762682199478149,52.433547377586365,0.5088495016098022,1,True,True,False,60.0,False,0.47863420844078064,UNRANKED,,False,,,
2020-06-25,2020-06-26,2020-07-06,GE,XLI,32.124197332952114,33.96818161010742,33.96818161010742,5,time_exit,LONG,LONG,0.5091733038425446,0.5157665610313416,0.5025800466537476,0.4447727272727273,0.5387363433837891,50.917330384254456,0.5088495016098022,1,True,True,False,60.0,False,-0.038049459457397544,UNRANKED,,False,,,
2020-06-26,2020-06-29,2020-07-07,GE,XLI,31.881560664122055,32.80356979370117,32.80356979370117,5,time_exit,SHORT,SHORT,0.4962059110403061,0.4898317754268646,0.5025800466537476,0.4416243654822335,0.5696732401847839,50.37940889596939,0.5088495016098022,2,False,True,True,60.0,False,0.5463383793830872,UNRANKED,,False,,,
2020-06-29,2020-06-30,2020-07-08,GE,XLI,32.56093512581056,33.288822174072266,33.288822174072266,5,time_exit,SHORT,SHORT,0.42155931890010834,0.3405385911464691,0.5025800466537476,0.38235294117647056,0.4993499517440796,57.844068109989166,0.5088495016098022,1,True,False,True,60.0,False,-1.0752681791782384,UNRANKED,,False,,,
2020-06-30,2020-07-01,2020-07-09,GE,XLI,33.62849589631856,31.930095672607422,31.930095672607422,5,time_exit,SHORT,SHORT,0.45395198464393616,0.40532392263412476,0.5025800466537476,0.43700412567438907,0.49552395939826965,54.604801535606384,0.5088495016098022,1,True,False,True,60.0,False,0.39811739325523365,UNRANKED,,False,,,
2020-07-01,2020-07-02,2020-07-10,GE,XLI,33.28882493675554,32.46387481689453,32.46387481689453,5,time_exit,SHORT,SHORT,0.4933609068393707,0.4841417670249939,0.5025800466537476,0.4416243654822335,0.5153164863586426,50.66390931606293,0.5088495016098022,2,False,True,True,60.0,False,-0.9854094684123991,UNRANKED,,False,,,
2020-07-02,2020-07-06,2020-07-09,GE,XLI,33.871130479734994,32.51240539550781,32.402945054930306,3,take_profit,SHORT,SHORT,0.4985508322715759,0.4945216178894043,0.5025800466537476,0.4445086705202313,0.5416052937507629,50.14491677284241,0.5088495016098022,2,False,True,True,60.0,False,-0.2741633057594301,UNRANKED,,False,,,
2020-07-06,2020-07-07,2020-07-14,GE,XLI,33.43440788861988,33.385868072509766,33.385868072509766,5,time_exit,LONG,LONG,0.5155507326126099,0.5285214185714722,0.5025800466537476,0.5045045045045046,0.5202393531799316,51.555073261260986,0.5088495016098022,1,True,True,False,60.0,False,0.7103408575057983,UNRANKED,,False,,,
2020-07-07,2020-07-08,2020-07-15,GE,XLI,33.0947161865313,34.647544860839844,34.647544860839844,5,time_exit,LONG,LONG,0.5235969126224518,0.5462927222251892,0.5009011030197144,0.5675675675675675,0.5615452527999878,52.35969126224518,0.5088495016098022,1,True,True,False,60.0,False,0.39633864164352434,UNRANKED,,False,,,
2020-07-08,2020-07-09,2020-07-15,GE,XLI,33.14324418824727,34.2108154296875,34.64657550887367,4,take_profit,LONG,LONG,0.5245028138160706,0.5481045246124268,0.5009011030197144,0.5675675675675675,0.5875945687294006,52.450281381607056,0.5088495016098022,1,True,True,False,60.0,False,-0.26010158658027643,UNRANKED,,False,,,
2020-07-09,2020-07-10,2020-07-15,GE,XLI,31.73598579661774,34.30787658691406,33.405733285457025,3,take_profit,LONG,LONG,0.51882004737854,0.5350600481033325,0.5025800466537476,0.5200617283950616,0.5446618795394897,51.882004737854004,0.5088495016098022,1,True,True,False,60.0,False,-0.1479199528694153,UNRANKED,,False,,,
2020-07-10,2020-07-13,2020-07-15,GE,XLI,32.803562517511175,33.33734893798828,34.45957818610771,2,take_profit,LONG,LONG,0.5360364019870758,0.5711717009544373,0.5009011030197144,0.6601307189542485,0.6623835563659668,53.60364019870758,0.5088495016098022,1,True,True,False,60.0,False,0.4273627698421479,UNRANKED,,False,,,
2020-07-13,2020-07-14,2020-07-15,GE,XLI,32.318298307619415,34.162296295166016,33.905107193466236,1,stop_loss,SHORT,SHORT,0.4965210109949112,0.49214091897010803,0.5009011030197144,0.4416243654822335,0.5860917568206787,50.34789890050888,0.5088495016098022,2,False,True,True,60.0,False,0.5112671554088591,UNRANKED,,False,,,
2020-07-14,2020-07-15,2020-07-22,GE,XLI,34.40491519253265,34.25934600830078,34.25934600830078,5,time_exit,SHORT,SHORT,0.44954365491867065,0.39818620681762695,0.5009011030197144,0.43700412567438907,0.5186786651611328,55.045634508132935,0.5088495016098022,1,True,False,True,60.0,False,0.010407686233520307,UNRANKED,,False,,,
2020-07-15,2020-07-16,2020-07-23,GE,XLI,34.25934285775288,34.162296295166016,34.162296295166016,5,time_exit,SHORT,SHORT,0.43631768226623535,0.37173426151275635,0.5009011030197144,0.38235294117647056,0.5405740737915039,56.368231773376465,0.5088495016098022,1,True,False,True,60.0,False,-0.9140049219131471,UNRANKED,,False,,,
2020-07-16,2020-07-17,2020-07-24,GE,XLI,34.259349149935986,33.288822174072266,33.288822174072266,5,time_exit,SHORT,SHORT,0.4388311207294464,0.37676113843917847,0.5009011030197144,0.38235294117647056,0.5563687682151794,56.11688792705536,0.5088495016098022,1,True,False,True,60.0,False,-0.7498635649681092,UNRANKED,,False,,,
2020-07-17,2020-07-20,2020-07-27,GE,XLI,34.01671059584419,32.560935974121094,32.63718690984391,5,take_profit,SHORT,SHORT,0.4466869384050369,0.3924727737903595,0.5009011030197144,0.43700412567438907,0.5284191966056824,55.33130615949631,0.5088495016098022,1,True,False,True,60.0,False,-0.6313512623310091,UNRANKED,,False,,,
2020-07-20,2020-07-21,2020-07-28,GE,XLI,33.677036805555424,33.43439865112305,33.43439865112305,5,time_exit,LONG,LONG,0.530558705329895,0.5602163076400757,0.5009011030197144,0.625,0.5758929252624512,53.0558705329895,0.5088495016098022,1,True,True,False,60.0,False,0.1270532906055449,UNRANKED,,False,,,
2020-07-21,2020-07-22,2020-07-29,GE,XLI,33.91966512267536,31.978620529174805,32.52627501211454,5,stop_loss,LONG,LONG,0.5000887811183929,0.5082993507385254,0.4918782114982605,0.4447727272727273,0.4768720865249634,50.008878111839294,0.5088495016098022,2,False,True,True,60.0,False,0.02688306570053107,UNRANKED,,False,,,
2020-07-22,2020-07-23,2020-07-27,GE,XLI,34.25934745028338,30.377262115478516,32.914485193552075,2,take_profit,SHORT,SHORT,0.49129247665405273,0.49070674180984497,0.4918782114982605,0.4416243654822335,0.46108803153038025,50.87075233459473,0.5088495016098022,2,False,True,True,60.0,False,-0.13704699277877797,UNRANKED,,False,,,
2020-07-23,2020-07-24,2020-07-27,GE,XLI,34.06523869618999,29.45526695251465,32.76197189844306,1,stop_loss,LONG,LONG,0.5080211758613586,0.5241641402244568,0.4918782114982605,0.5045045045045046,0.498441219329834,50.802117586135864,0.5088495016098022,2,False,True,True,60.0,False,0.2248646914958954,UNRANKED,,False,,,
2020-07-24,2020-07-27,2020-07-30,GE,XLI,33.1917739902112,29.64937400817871,31.888505557594016,3,stop_loss,LONG,LONG,0.5150943994522095,0.5288200974464417,0.5013687014579773,0.5045045045045046,0.5217984318733215,51.50943994522095,0.5088495016098022,1,True,True,False,60.0,False,0.5899388790130615,UNRANKED,,False,,,
2020-07-27,2020-07-28,2020-07-30,GE,XLI,32.51240362435457,29.79495620727539,31.27152456551668,2,take_profit,SHORT,SHORT,0.49450288712978363,0.49712756276130676,0.4918782114982605,0.4445086705202313,0.5712441205978394,50.54971128702164,0.5088495016098022,2,False,True,True,60.0,False,0.7133817672729492,UNRANKED,,False,,,
2020-07-28,2020-07-29,2020-07-30,GE,XLI,33.91966193768191,31.05662727355957,32.62332426503961,1,stop_loss,LONG,LONG,0.5164435803890228,0.5410089492797852,0.4918782114982605,0.5619834710743803,0.5282227396965027,51.64435803890228,0.5088495016098022,1,True,True,False,60.0,False,0.5853523313999176,UNRANKED,,False,,,
2020-07-29,2020-07-30,2020-07-31,GE,XLI,31.541886900278207,30.71694564819336,30.231684710423995,1,stop_loss,LONG,LONG,0.5159336030483246,0.5399889945983887,0.4918782114982605,0.5619834710743803,0.5772293210029602,51.59336030483246,0.5088495016098022,1,True,True,False,60.0,False,0.4471655786037445,UNRANKED,,False,,,
2020-07-30,2020-07-31,2020-08-07,GE,XLI,30.328734555245205,31.05662727355957,31.05662727355957,5,time_exit,LONG,LONG,0.5022592842578888,0.5126403570175171,0.4918782114982605,0.4447727272727273,0.4674636423587799,50.22592842578888,0.5088495016098022,2,False,True,True,60.0,False,-0.5504216551780701,UNRANKED,,False,,,
2020-07-31,2020-08-03,2020-08-10,GE,XLI,29.79495257539463,32.366825103759766,31.38244674435738,5,stop_loss,SHORT,SHORT,0.4862534999847412,0.4711382985115051,0.5013687014579773,0.43700412567438907,0.5292505621910095,51.37465000152588,0.5088495016098022,1,True,False,True,60.0,False,-0.21076980233192458,UNRANKED,,False,,,
2020-08-03,2020-08-04,2020-08-10,GE,XLI,29.60085204633088,32.657989501953125,31.09129541224536,4,stop_loss,SHORT,SHORT,0.45818811655044556,0.4150075316429138,0.5013687014579773,0.43700412567438907,0.5319157242774963,54.181188344955444,0.5088495016098022,1,True,False,True,60.0,False,-0.6257703304290769,UNRANKED,,False,,,
2020-08-04,2020-08-05,2020-08-10,GE,XLI,29.940529855683994,32.60945510864258,31.271531137422276,3,stop_loss,SHORT,SHORT,0.4832906574010849,0.4652126133441925,0.5013687014579773,0.43700412567438907,0.5497205257415771,51.67093425989151,0.5088495016098022,1,True,False,True,60.0,False,-0.6982950866222382,UNRANKED,,False,,,
2020-08-05,2020-08-06,2020-08-10,GE,XLI,30.71694564819336,32.02714538574219,32.16579573495047,2,stop_loss,SHORT,SHORT,0.47557955980300903,0.45467016100883484,0.4964889585971832,0.43700412567438907,0.4490923285484314,52.4420440196991,0.5088495016098022,1,True,False,True,60.0,False,-1.137009471654892,UNRANKED,,False,,,
2020-08-06,2020-08-07,2020-08-10,GE,XLI,30.522842278623628,32.31830596923828,32.006352432257835,1,stop_loss,SHORT,SHORT,0.47740913927555084,0.45391717553138733,0.5009011030197144,0.43700412567438907,0.5285287499427795,52.259086072444916,0.5088495016098022,1,True,False,True,60.0,False,-0.6601500213146209,UNRANKED,,False,,,
2020-08-07,2020-08-10,2020-08-11,GE,XLI,31.20220410606799,31.39630699157715,32.59559339919369,1,stop_loss,SHORT,SHORT,0.4384606033563614,0.3760201036930084,0.5009011030197144,0.38235294117647056,0.5576241612434387,56.15393966436386,0.5088495016098022,1,True,False,True,60.0,False,0.3460204601287841,UNRANKED,,False,,,
2020-08-10,2020-08-11,2020-08-17,GE,XLI,33.33735499731199,31.250730514526367,31.874644208040227,4,take_profit,SHORT,SHORT,0.4690529853105545,0.4470778703689575,0.4910281002521515,0.4331673519315451,0.4806919991970062,53.09470146894455,0.5102553367614746,1,True,False,True,58.07050584744729,False,-0.6339397132396696,UNRANKED,,False,,,
2020-08-11,2020-08-12,2020-08-17,GE,XLI,33.33734788189061,30.959575653076172,31.84690642332476,3,take_profit,SHORT,SHORT,0.47348693013191223,0.4551529884338379,0.4918208718299866,0.4356056413077892,0.4433954954147339,52.65130698680878,0.5102553367614746,1,True,False,True,58.07050584744729,False,-0.43743345141410844,UNRANKED,,False,,,
2020-08-12,2020-08-13,2020-08-20,GE,XLI,31.97861796166697,30.425792694091797,30.49510726307601,5,stop_loss,LONG,LONG,0.5044650435447693,0.5082293748855591,0.5007007122039795,0.45170439205440815,0.37038469314575195,50.44650435447693,0.5102553367614746,2,False,True,True,58.07050584744729,False,0.3609878718852997,UNRANKED,,False,,,
2020-08-13,2020-08-14,2020-08-21,GE,XLI,31.73599167395715,30.619888305664062,30.619888305664062,5,time_exit,LONG,LONG,0.5000295639038086,0.5131862163543701,0.48687291145324707,0.4532135746049037,0.4339996874332428,50.00295639038086,0.5102553367614746,2,False,True,True,58.07050584744729,False,0.1455925107002258,UNRANKED,,False,,,
2020-08-14,2020-08-17,2020-08-19,GE,XLI,32.36682574694721,32.1727294921875,30.987299336163165,2,take_profit,SHORT,SHORT,0.4945876896381378,0.5023024678230286,0.48687291145324707,0.4499010266075663,0.3852471113204956,50.54123103618622,0.5102553367614746,2,False,True,True,58.07050584744729,False,0.10979747772216775,UNRANKED,,False,,,
2020-08-17,2020-08-18,2020-08-25,GE,XLI,31.49336021951063,31.978620529174805,31.978620529174805,5,time_exit,LONG,LONG,0.5041222721338272,0.5151292085647583,0.4931153357028961,0.4538053831424729,0.3834250867366791,50.41222721338272,0.5102553367614746,2,False,True,True,58.07050584744729,False,0.0662131905555724,UNRANKED,,False,,,
2020-08-18,2020-08-19,2020-08-26,GE,XLI,31.396309499278,31.444835662841797,31.444835662841797,5,time_exit,SHORT,SHORT,0.4965151995420456,0.4979633688926697,0.4950670301914215,0.4485816112071051,0.4943647086620331,50.34848004579544,0.5102553367614746,2,False,True,True,58.07050584744729,False,0.12000650167465218,UNRANKED,,False,,,
2020-08-19,2020-08-20,2020-08-24,GE,XLI,30.716947991959614,31.444835662841797,31.729064560388743,2,stop_loss,SHORT,SHORT,0.4983137995004654,0.49531564116477966,0.5013119578361511,0.44777685522899,0.4885531961917877,50.16862004995346,0.5102553367614746,2,False,True,True,58.07050584744729,False,-0.40242022275924677,UNRANKED,,False,,,
2020-08-20,2020-08-21,2020-08-24,GE,XLI,30.328733071336508,32.0756721496582,31.285390753482854,1,stop_loss,SHORT,SHORT,0.49768172204494476,0.4980912506580353,0.49727219343185425,0.44862048671359916,0.5401459336280823,50.231827795505524,0.5102553367614746,2,False,True,True,58.07050584744729,False,0.18563109636306752,UNRANKED,,False,,,
2020-08-21,2020-08-24,2020-08-25,GE,XLI,30.81400038100734,30.765474319458008,31.770656428283427,1,stop_loss,SHORT,SHORT,0.49399515986442566,0.49696221947669983,0.4910281002521515,0.4482772878418225,0.5811615586280823,50.600484013557434,0.5102553367614746,2,False,True,True,58.07050584744729,False,-0.23928728699684132,UNRANKED,,False,,,
2020-08-24,2020-08-25,2020-08-31,GE,XLI,32.269777668956685,30.03758430480957,31.112084623476775,4,take_profit,SHORT,SHORT,0.48732665181159973,0.483625203371048,0.4910281002521515,0.4442269640050573,0.5425869822502136,51.26733481884003,0.5102553367614746,1,True,False,True,58.07050584744729,False,0.05636334419250487,UNRANKED,,False,,,
2020-08-25,2020-08-26,2020-08-31,GE,XLI,32.124197332952114,31.250730514526367,31.11901315936813,3,take_profit,SHORT,SHORT,0.4897608309984207,0.48849356174468994,0.4910281002521515,0.4457046079414794,0.5336089730262756,51.02391690015793,0.5102553367614746,2,False,True,True,58.07050584744729,False,-0.16433316469192505,UNRANKED,,False,,,
2020-08-26,2020-08-27,2020-09-01,GE,XLI,31.638937936009583,30.66841697692871,30.60602472800177,3,take_profit,SHORT,SHORT,0.4918110817670822,0.49259406328201294,0.4910281002521515,0.4469499381280003,0.5512401461601257,50.81889182329178,0.5102553367614746,2,False,True,True,58.07050584744729,False,-0.12046959996223446,UNRANKED,,False,,,
2020-08-27,2020-08-28,2020-09-01,GE,XLI,31.590409060962262,31.153676986694336,30.606021799435336,2,take_profit,SHORT,SHORT,0.49860985577106476,0.506191611289978,0.4910281002521515,0.4510842212093234,0.4951556324958801,50.139014422893524,0.5102553367614746,2,False,True,True,58.07050584744729,False,-0.8478457331657406,UNRANKED,,False,,,
2020-08-28,2020-08-31,2020-09-01,GE,XLI,31.590414659803685,29.79495620727539,30.703079018760157,1,take_profit,SHORT,SHORT,0.488980233669281,0.49017763137817383,0.4877828359603882,0.4462159815437295,0.44921496510505676,51.1019766330719,0.5102553367614746,1,True,False,True,58.07050584744729,False,0.07807976007461523,UNRANKED,,False,,,
2020-08-31,2020-09-01,2020-09-09,GE,XLI,30.42579260551093,29.89200210571289,29.89200210571289,5,time_exit,LONG,LONG,0.5004079937934875,0.5130331516265869,0.4877828359603882,0.45316695880394603,0.55192631483078,50.040799379348755,0.5102553367614746,2,False,True,True,58.07050584744729,False,0.2872682809829712,UNRANKED,,False,,,
2020-09-01,2020-09-02,2020-09-10,GE,XLI,30.086107559199572,29.11558723449707,29.11558723449707,5,time_exit,SHORT,SHORT,0.4961521327495575,0.5045214295387268,0.4877828359603882,0.4505760330442343,0.49747249484062195,50.38478672504425,0.5102553367614746,2,False,True,True,58.07050584744729,False,0.3907809853553772,UNRANKED,,False,,,
2020-09-02,2020-09-03,2020-09-10,GE,XLI,31.008099665581955,28.87295913696289,29.788017518801123,4,take_profit,SHORT,SHORT,0.47935640811920166,0.46768471598625183,0.4910281002521515,0.4393957411588748,0.44842061400413513,52.064359188079834,0.5102553367614746,1,True,False,True,58.07050584744729,False,-0.5989084839820862,UNRANKED,,False,,,
2020-09-03,2020-09-04,2020-09-08,GE,XLI,31.202204409579714,29.84347915649414,29.940528983641517,1,take_profit,SHORT,SHORT,0.4738764613866806,0.4567248225212097,0.4910281002521515,0.43608062420390464,0.43252214789390564,52.61235386133194,0.5102553367614746,1,True,False,True,58.07050584744729,False,-0.920460432767868,UNRANKED,,False,,,
2020-09-04,2020-09-08,2020-09-10,GE,XLI,30.66842214600795,29.600847244262695,29.46913800119768,2,take_profit,SHORT,SHORT,0.4837995171546936,0.4567248225212097,0.5108742117881775,0.43608062420390464,0.4203345477581024,51.62004828453064,0.5102553367614746,1,True,False,True,58.07050584744729,False,-0.7792753726243974,UNRANKED,,False,,,
2020-09-08,2020-09-09,2020-09-16,GE,XLI,30.08610623254354,32.75503921508789,31.458696706263545,5,stop_loss,SHORT,SHORT,0.4337594211101532,0.3925802707672119,0.4749385714530945,0.4168019022664888,0.4974234104156494,56.62405788898468,0.5102553367614746,1,True,False,True,58.07050584744729,False,-0.5705482214689257,UNRANKED,,False,,,
2020-09-09,2020-09-10,2020-09-16,GE,XLI,29.940527446003998,34.2108154296875,31.285388067865046,4,stop_loss,SHORT,SHORT,0.45137444138526917,0.3925802707672119,0.5101686120033264,0.4168019022664888,0.46601784229278564,54.86255586147308,0.5102553367614746,1,True,False,True,58.07050584744729,False,-1.2900232672691345,UNRANKED,,False,,,
2020-09-10,2020-09-11,2020-09-16,GE,XLI,29.3096929788901,33.385868072509766,30.6892153024985,3,take_profit,LONG,LONG,0.5211356580257416,0.512215256690979,0.5300560593605042,0.45291788317194187,0.427741140127182,52.11356580257416,0.5102553367614746,1,True,True,False,58.07050584744729,False,0.39105391502380366,UNRANKED,,False,,,
2020-09-11,2020-09-14,2020-09-16,GE,XLI,29.06706258105476,30.813997268676758,30.45351811694343,2,take_profit,LONG,LONG,0.5119564384222031,0.4966578185558319,0.5272550582885742,0.44818476555274783,0.43946123123168945,51.195643842220306,0.5102553367614746,1,True,True,False,58.07050584744729,False,0.6450227797031403,UNRANKED,,False,,,
2020-09-14,2020-09-15,2020-09-16,GE,XLI,29.940528078051184,30.328739166259766,31.243794875798116,1,take_profit,LONG,LONG,0.5075207203626633,0.4877863824367523,0.5272550582885742,0.4454899046838453,0.4534025490283966,50.75207203626633,0.5102553367614746,2,False,True,True,58.07050584744729,False,0.9114028513431549,UNRANKED,,False,,,
2020-09-15,2020-09-16,2020-09-17,GE,XLI,29.600850900150185,29.64937400817871,30.91104954778551,1,take_profit,LONG,LONG,0.5052596181631088,0.5174039006233215,0.4931153357028961,0.4544983886599392,0.4639921188354492,50.52596181631088,0.5102553367614746,2,False,True,True,58.07050584744729,False,0.5332308113574983,UNRANKED,,False,,,
2020-09-16,2020-09-17,2020-09-21,GE,XLI,33.046194296351295,29.406742095947266,31.361651776645658,2,take_profit,SHORT,SHORT,0.4992876797914505,0.5054600238800049,0.4931153357028961,0.4508616076251993,0.5175548791885376,50.07123202085495,0.5102553367614746,2,False,True,True,58.07050584744729,False,0.33368673920631403,UNRANKED,,False,,,
2020-09-17,2020-09-18,2020-09-21,GE,XLI,33.57997031557256,29.698379516601562,31.687459765209837,1,take_profit,SHORT,SHORT,0.4982394427061081,0.5033635497093201,0.4931153357028961,0.4502237840377457,0.5406584143638611,50.17605572938919,0.5102553367614746,2,False,True,True,58.07050584744729,False,0.15334019064903257,UNRANKED,,False,,,
2020-09-18,2020-09-21,2020-09-23,GE,XLI,32.17272624262014,30.135839462280273,30.252485567920086,2,take_profit,SHORT,SHORT,0.49663420021533966,0.5001530647277832,0.4931153357028961,0.4492473556601631,0.5317122936248779,50.336579978466034,0.5102553367614746,2,False,True,True,58.07050584744729,False,0.39908125996589683,UNRANKED,,False,,,
2020-09-21,2020-09-22,2020-09-29,GE,XLI,31.056628326862352,29.746986389160156,29.746986389160156,5,time_exit,LONG,LONG,0.5211493074893951,0.4983934760093689,0.5439051389694214,0.448712364414546,0.37530064582824707,52.114930748939514,0.5102553367614746,1,True,True,False,58.07050584744729,False,0.657485842704773,UNRANKED,,False,,,
2020-09-22,2020-09-23,2020-09-30,GE,XLI,30.47431612738291,30.28165626525879,30.28165626525879,5,time_exit,LONG,LONG,0.526040107011795,0.51177978515625,0.5403004288673401,0.4527852775235526,0.37788060307502747,52.604010701179504,0.5102553367614746,1,True,True,False,58.07050584744729,False,-0.04679557681083694,UNRANKED,,False,,,
2020-09-23,2020-09-24,2020-10-01,GE,XLI,29.600846218677614,30.33026123046875,30.33026123046875,5,time_exit,LONG,LONG,0.5251008868217468,0.5099013447761536,0.5403004288673401,0.4522133497643861,0.44997158646583557,52.51008868217468,0.5102553367614746,1,True,True,False,58.07050584744729,False,-0.2160149216651917,UNRANKED,,False,,,
2020-09-24,2020-09-25,2020-10-02,GE,XLI,29.455348782497097,31.059354782104492,31.059354782104492,5,time_exit,LONG,LONG,0.508749783039093,0.48440980911254883,0.5330897569656372,0.44446504153660477,0.5266900658607483,50.8749783039093,0.5102553367614746,2,False,True,True,58.07050584744729,False,0.2354109883308411,UNRANKED,,False,,,
2020-09-25,2020-09-28,2020-10-05,GE,XLI,30.281658667350936,31.156566619873047,31.156566619873047,5,time_exit,LONG,LONG,0.5076671242713928,0.4910999536514282,0.5242342948913574,0.44649609623299,0.6239696741104126,50.76671242713928,0.5102553367614746,2,False,True,True,58.07050584744729,False,-0.26547864079475414,UNRANKED,,False,,,
2020-09-28,2020-09-29,2020-10-06,GE,XLI,30.184442098707823,29.99001693725586,29.99001693725586,5,time_exit,SHORT,SHORT,0.4947485625743866,0.4851786494255066,0.5043184757232666,0.44469836000824153,0.44904375076293945,50.52514374256134,0.5102553367614746,2,False,True,True,58.07050584744729,False,0.4205645620822907,UNRANKED,,False,,,
2020-09-29,2020-09-30,2020-10-07,GE,XLI,29.844200544829167,30.67050552368164,30.67050552368164,5,time_exit,LONG,LONG,0.5048771649599075,0.4976421296596527,0.5121122002601624,0.44848395863485147,0.37018558382987976,50.48771649599075,0.5102553367614746,2,False,True,True,58.07050584744729,False,0.4943653643131256,UNRANKED,,False,,,
2020-09-30,2020-10-01,2020-10-08,GE,XLI,30.47608042006557,32.3231201171875,32.26500068635324,5,take_profit,LONG,LONG,0.5070350468158722,0.5002237558364868,0.5138463377952576,0.4492688512836017,0.3692519962787628,50.70350468158722,0.5102553367614746,2,False,True,True,58.07050584744729,False,0.17642372846603405,UNRANKED,,False,,,
2020-10-01,2020-10-02,2020-10-08,GE,XLI,29.40674528992057,33.24663162231445,31.167947965876206,4,take_profit,LONG,LONG,0.5069547593593597,0.5123103260993958,0.5015991926193237,0.4529468336930103,0.37127840518951416,50.695475935935974,0.5102553367614746,2,False,True,True,58.07050584744729,False,0.09532466530799838,UNRANKED,,False,,,
2020-10-02,2020-10-05,2020-10-09,GE,XLI,31.059353207566254,33.198028564453125,32.786066388108246,4,stop_loss,SHORT,SHORT,0.49479319155216217,0.48588261008262634,0.503703773021698,0.44491201096452326,0.4831860363483429,50.52068084478378,0.5102553367614746,2,False,True,True,58.07050584744729,False,-0.6600349545478821,UNRANKED,,False,,,
2020-10-05,2020-10-06,2020-10-09,GE,XLI,31.253780141165205,32.66335678100586,32.959719025355355,3,stop_loss,SHORT,SHORT,0.4951448142528534,0.4865858554840088,0.503703773021698,0.4451254651766335,0.4568648040294647,50.48551857471466,0.5102553367614746,2,False,True,True,58.07050584744729,False,0.05621033906936645,UNRANKED,,False,,,
2020-10-06,2020-10-07,2020-10-08,GE,XLI,30.23305164656145,33.149417877197266,31.65504163243617,1,take_profit,LONG,LONG,0.5051121413707733,0.5065205097198486,0.503703773021698,0.4511843075818823,0.3660500943660736,50.51121413707733,0.5102553367614746,2,False,True,True,58.07050584744729,False,-0.6962559521198274,UNRANKED,,False,,,
2020-10-07,2020-10-08,2020-10-09,GE,XLI,30.91354120651646,33.39244842529297,32.22477581693778,1,take_profit,LONG,LONG,0.5029625296592712,0.505224347114563,0.5007007122039795,0.450789898096943,0.3877086639404297,50.296252965927124,0.5102553367614746,2,False,True,True,58.07050584744729,False,-0.9369018077850344,UNRANKED,,False,,,
2020-10-08,2020-10-09,2020-10-13,GE,XLI,34.36457370703241,35.43391036987305,32.93510091999279,2,take_profit,SHORT,SHORT,0.4870995134115219,0.4575255215167999,0.5166735053062439,0.4363226276726518,0.5613176226615906,51.29004865884781,0.5102553367614746,1,True,False,True,58.07050584744729,False,-1.2787759751081464,UNRANKED,,False,,,
2020-10-09,2020-10-12,2020-10-16,GE,XLI,33.63548244390442,35.43391036987305,34.82947533112889,4,take_profit,LONG,LONG,0.5023046880960464,0.5114940404891968,0.4931153357028961,0.4526982689164311,0.38179177045822144,50.230468809604645,0.5102553367614746,2,False,True,True,58.07050584744729,False,-0.16857489943504345,UNRANKED,,False,,,
2020-10-12,2020-10-13,2020-10-16,GE,XLI,33.0036027934261,35.676944732666016,34.13521638857119,3,stop_loss,SHORT,SHORT,0.48911094665527344,0.48510655760765076,0.4931153357028961,0.4446764814071574,0.4975050687789917,51.088905334472656,0.5102553367614746,1,True,False,True,58.07050584744729,False,-0.4090288877487181,UNRANKED,,False,,,
2020-10-13,2020-10-14,2020-10-16,GE,XLI,32.66335640241579,35.579734802246094,33.77429951547034,2,stop_loss,SHORT,SHORT,0.494143545627594,0.48134171962738037,0.5069453716278076,0.44353421920299535,0.46727174520492554,50.5856454372406,0.5102553367614746,2,False,True,True,58.07050584744729,False,0.012745410203933612,UNRANKED,,False,,,
2020-10-14,2020-10-15,2020-10-16,GE,XLI,32.56614103877577,37.52397918701172,33.71185974953888,1,stop_loss,SHORT,SHORT,0.49132683873176575,0.48134171962738037,0.5013119578361511,0.44353421920299535,0.4859134554862976,50.867316126823425,0.5102553367614746,2,False,True,True,58.07050584744729,False,0.08306851983070386,UNRANKED,,False,,,
2020-10-15,2020-10-16,2020-10-19,GE,XLI,33.82990673257702,37.08651351928711,34.968681604403194,1,stop_loss,SHORT,SHORT,0.4962734431028366,0.49527469277381897,0.49727219343185425,0.4477644114249409,0.5027914047241211,50.37265568971634,0.5102553367614746,2,False,True,True,58.07050584744729,False,-0.29071447253227256,UNRANKED,,False,,,
2020-10-16,2020-10-19,2020-10-22,GE,XLI,35.919971852680206,35.871360778808594,37.28788986720657,3,stop_loss,SHORT,SHORT,0.4963666945695877,0.49546119570732117,0.49727219343185425,0.4478210883194627,0.5046229958534241,50.36333054304123,0.5102553367614746,2,False,True,True,58.07050584744729,False,-0.2370225191116333,UNRANKED,,False,,,
2020-10-19,2020-10-20,2020-10-22,GE,XLI,35.72555237394544,34.510398864746094,37.03791994945465,2,stop_loss,SHORT,SHORT,0.4740619510412216,0.450851708650589,0.49727219343185425,0.4343064705072124,0.5470401644706726,52.59380489587784,0.5102553367614746,1,True,False,True,58.07050584744729,False,-0.7364273816347124,UNRANKED,,False,,,
2020-10-20,2020-10-21,2020-10-22,GE,XLI,35.38530794837274,36.065799713134766,36.656013307695424,1,stop_loss,SHORT,SHORT,0.47608183324337006,0.450851708650589,0.5013119578361511,0.4343064705072124,0.5946515202522278,52.391816675662994,0.5102553367614746,1,True,False,True,58.07050584744729,False,-0.8584605753421783,UNRANKED,,False,,,
2020-10-21,2020-10-22,2020-10-23,GE,XLI,35.62834070536153,35.822757720947266,36.90598963114278,1,stop_loss,SHORT,SHORT,0.49703851342201233,0.49276506900787354,0.5013119578361511,0.4470018874682852,0.4948664605617523,50.29614865779877,0.5102553367614746,2,False,True,True,58.07050584744729,False,-0.11975905299186715,UNRANKED,,False,,,
2020-10-22,2020-10-23,2020-10-26,GE,XLI,38.54469764827658,36.065799713134766,37.09345574633392,1,take_profit,SHORT,SHORT,0.4981592893600464,0.4956178665161133,0.5007007122039795,0.44786870049456434,0.49253177642822266,50.18407106399536,0.5102553367614746,2,False,True,True,58.07050584744729,False,0.2881468534469603,UNRANKED,,False,,,
2020-10-23,2020-10-26,2020-10-27,GE,XLI,36.260210671823515,36.551849365234375,34.76036107988713,1,take_profit,SHORT,SHORT,0.4950103163719177,0.5031477212905884,0.48687291145324707,0.4501581304458484,0.42557454109191895,50.49896836280823,0.5102553367614746,2,False,True,True,58.07050584744729,False,0.3790799975395202,UNRANKED,,False,,,
2020-10-26,2020-10-27,2020-11-03,GE,XLI,35.96858347475089,38.15585708618164,37.47537636066747,5,take_profit,LONG,LONG,0.5023974478244781,0.5039242506027222,0.5008706450462341,0.45039435367518554,0.36914029717445374,50.239744782447815,0.5102553367614746,2,False,True,True,58.07050584744729,False,0.5316334515810013,UNRANKED,,False,,,
2020-10-27,2020-10-28,2020-11-03,GE,XLI,36.50325738493974,38.15585708618164,38.10726074623298,4,take_profit,LONG,LONG,0.5084751546382904,0.48647749423980713,0.5304728150367737,0.4450925732539779,0.3856794238090515,50.84751546382904,0.5102553367614746,2,False,True,True,58.07050584744729,False,0.7141990810632705,UNRANKED,,False,,,
2020-10-28,2020-10-29,2020-11-05,GE,XLI,37.23233815169679,38.83634567260742,38.82245383511615,5,take_profit,LONG,LONG,0.5308076441287994,0.5136186480522156,0.5479966402053833,0.4533452759346808,0.3006863594055176,53.080764412879944,0.5102553367614746,1,True,True,False,58.07050584744729,False,1.2570638805627825,UNRANKED,,False,,,
2020-10-29,2020-10-30,2020-11-03,GE,XLI,35.67694968936242,39.32241439819336,37.16985544236186,2,take_profit,LONG,LONG,0.5050421506166458,0.4995599687099457,0.510524332523346,0.44906701557896317,0.3390791416168213,50.50421506166458,0.5102553367614746,2,False,True,True,58.07050584744729,False,0.34810778498649586,UNRANKED,,False,,,
2020-10-30,2020-11-02,2020-11-03,GE,XLI,36.454637821107205,42.38459777832031,37.97532056472467,1,take_profit,LONG,LONG,0.5096099972724915,0.508695662021637,0.510524332523346,0.4518463225567108,0.31077632308006287,50.960999727249146,0.5102553367614746,2,False,True,True,58.07050584744729,False,-0.07898363471031175,UNRANKED,,False,,,
2020-11-02,2020-11-03,2020-11-05,GE,XLI,37.18373409701259,43.64835739135742,38.697470821866105,2,stop_loss,SHORT,SHORT,0.49642810225486755,0.4795055389404297,0.5133506655693054,0.4429773326795102,0.5643911957740784,50.357189774513245,0.5102553367614746,2,False,True,True,58.07050584744729,False,-1.0111640244722366,UNRANKED,,False,,,
2020-11-03,2020-11-04,2020-11-06,GE,XLI,37.37815720678157,43.21090316772461,39.0516005923145,2,stop_loss,SHORT,SHORT,0.4532970041036606,0.4007018506526947,0.5058921575546265,0.41923010372057146,0.6208211779594421,54.67029958963394,0.5102553367614746,1,True,False,True,58.07050584744729,False,-1.3145187199115753,UNRANKED,,False,,,
2020-11-04,2020-11-05,2020-11-09,GE,XLI,38.64191884136517,42.57902908325195,40.28064357717013,2,take_profit,LONG,LONG,0.5205520987510681,0.514249861240387,0.5268543362617493,0.4535375298433188,0.3842463195323944,52.05520987510681,0.5102553367614746,1,True,True,False,58.07050584744729,False,0.3414909541606903,UNRANKED,,False,,,
2020-11-05,2020-11-06,2020-11-09,GE,XLI,38.982172031183204,44.960716247558594,40.426472001537554,1,take_profit,LONG,LONG,0.5175531804561615,0.5082520246505737,0.5268543362617493,0.45171128610684186,0.370290607213974,51.75531804561615,0.5102553367614746,1,True,True,False,58.07050584744729,False,0.2509466707706451,UNRANKED,,False,,,
2020-11-06,2020-11-09,2020-11-10,GE,XLI,45.446789854414384,46.51612091064453,43.93305149469061,1,stop_loss,LONG,LONG,0.5037936121225357,0.4884721338748932,0.5191150903701782,0.44569810203243404,0.4269741475582123,50.37936121225357,0.5102553367614746,2,False,True,True,58.07050584744729,False,-0.7704943716526029,UNRANKED,,False,,,
2020-11-09,2020-11-10,2020-11-13,GE,XLI,42.87066121515421,47.05078887939453,44.78713514878284,3,take_profit,LONG,LONG,0.5075455605983734,0.48903894424438477,0.5260521769523621,0.44587020270397487,0.36575764417648315,50.75455605983734,0.5102553367614746,2,False,True,True,58.07050584744729,False,0.6302127242088317,UNRANKED,,False,,,
2020-11-10,2020-11-11,2020-11-16,GE,XLI,44.28023772627003,47.293819427490234,46.36336161455826,3,stop_loss,SHORT,SHORT,0.48473791778087616,0.449045330286026,0.5204305052757263,0.43376113479314615,0.5574325323104858,51.526208221912384,0.5102553367614746,1,True,False,True,58.07050584744729,False,0.5077046304941176,UNRANKED,,False,,,
2020-11-11,2020-11-12,2020-11-13,GE,XLI,42.57902908325195,46.95356750488281,44.44689723423549,1,stop_loss,SHORT,SHORT,0.45957252383232117,0.4226328730583191,0.49651217460632324,0.42580633043302063,0.573112428188324,54.04274761676788,0.5102553367614746,1,True,False,True,58.07050584744729,False,-1.0782431066036224,UNRANKED,,False,,,
2020-11-12,2020-11-13,2020-11-16,GE,XLI,43.065074574605724,47.43963623046875,44.960715356553266,1,stop_loss,SHORT,SHORT,0.48982928693294525,0.4892204999923706,0.4904380738735199,0.44592533123467243,0.5437653064727783,51.017071306705475,0.5102553367614746,2,False,True,True,58.07050584744729,False,-0.1198413074016573,UNRANKED,,False,,,
2020-11-13,2020-11-16,2020-11-23,GE,XLI,46.71054773815682,48.94643020629883,48.77283629493695,5,stop_loss,SHORT,SHORT,0.4694008529186249,0.4379310607910156,0.5008706450462341,0.430409374516009,0.628130316734314,53.05991470813751,0.5102553367614746,1,True,False,True,58.07050584744729,False,-0.870384857058525,UNRANKED,,False,,,
2020-11-16,2020-11-17,2020-11-23,GE,XLI,45.93284673920916,50.79346466064453,48.02291283156407,4,take_profit,LONG,LONG,0.5094391107559204,0.5022047162055969,0.5166735053062439,0.44987129486432353,0.41509464383125305,50.94391107559204,0.5102553367614746,2,False,True,True,58.07050584744729,False,0.3140912353992461,UNRANKED,,False,,,
2020-11-17,2020-11-18,2020-11-24,GE,XLI,48.46036919870776,51.0364875793457,50.40461630825715,4,stop_loss,SHORT,SHORT,0.49679066240787506,0.500465989112854,0.4931153357028961,0.4493425105731811,0.5077887177467346,50.320933759212494,0.5102553367614746,2,False,True,True,58.07050584744729,False,0.06124472618103047,UNRANKED,,False,,,
2020-11-18,2020-11-19,2020-11-23,GE,XLI,46.75914072282667,50.55043411254883,48.7033861975058,2,take_profit,LONG,LONG,0.5027542114257812,0.5046377778053284,0.5008706450462341,0.45061143113923774,0.4030081033706665,50.275421142578125,0.5102553367614746,2,False,True,True,58.07050584744729,False,-0.010506570339202832,UNRANKED,,False,,,
2020-11-19,2020-11-20,2020-11-23,GE,XLI,46.8563595140838,49.48110580444336,48.81449212168006,1,stop_loss,SHORT,SHORT,0.49859048426151276,0.5040656328201294,0.4931153357028961,0.4504373651041567,0.5415257215499878,50.140951573848724,0.5102553367614746,2,False,True,True,58.07050584744729,False,-0.3409332185983657,UNRANKED,,False,,,
2020-11-20,2020-11-23,2020-11-24,GE,XLI,47.925699631243454,49.33528137207031,49.88383496362348,1,stop_loss,SHORT,SHORT,0.49716176092624664,0.5012081861495972,0.4931153357028961,0.4495682147150561,0.5444790720939636,50.283823907375336,0.5102553367614746,2,False,True,True,58.07050584744729,False,-0.12446266412734999,UNRANKED,,False,,,
2020-11-23,2020-11-24,2020-11-30,GE,XLI,52.05722597379106,50.69625473022461,50.11297831928493,3,take_profit,SHORT,SHORT,0.49858830869197845,0.5040612816810608,0.4931153357028961,0.4504360413855522,0.603866457939148,50.141169130802155,0.5102553367614746,2,False,True,True,58.07050584744729,False,0.2732941806316376,UNRANKED,,False,,,
2020-11-24,2020-11-25,2020-12-03,GE,XLI,51.1823067423996,51.522560119628906,51.522560119628906,5,time_exit,LONG,LONG,0.5024659633636475,0.5040612816810608,0.5008706450462341,0.4504360413855522,0.4953118860721588,50.246596336364746,0.5102553367614746,2,False,True,True,58.07050584744729,False,0.5210356414318085,UNRANKED,,False,,,
2020-11-25,2020-11-27,2020-12-04,GE,XLI,51.27952632203106,52.88352584838867,52.88352584838867,5,time_exit,SHORT,SHORT,0.49426737427711487,0.4954194128513336,0.4931153357028961,0.44780839069340406,0.5850048065185547,50.57326257228851,0.5102553367614746,2,False,True,True,58.07050584744729,False,0.18974450230598458,UNRANKED,,False,,,
2020-11-27,2020-11-30,2020-12-04,GE,XLI,50.50183279328024,52.78631591796875,52.647445237476674,4,stop_loss,SHORT,SHORT,0.4981450289487839,0.4954194128513336,0.5008706450462341,0.44780839069340406,0.5820496082305908,50.18549710512161,0.5102553367614746,2,False,True,True,58.07050584744729,False,0.2468030452728271,UNRANKED,,False,,,
2020-11-30,2020-12-01,2020-12-04,GE,XLI,50.210192784186646,53.27238464355469,52.07111164666572,3,take_profit,LONG,LONG,0.5062823593616486,0.511694073677063,0.5008706450462341,0.45275917826813844,0.3383728563785553,50.628235936164856,0.5102553367614746,2,False,True,True,58.07050584744729,False,0.21791303157806408,UNRANKED,,False,,,
2020-12-01,2020-12-02,2020-12-03,GE,XLI,48.995039526720916,55.36244583129883,50.69625336339084,1,stop_loss,SHORT,SHORT,0.4970517009496689,0.4975912272930145,0.49651217460632324,0.4484684853380895,0.500609815120697,50.29482990503311,0.5102553367614746,2,False,True,True,58.07050584744729,False,-1.052791476249695,UNRANKED,,False,,,
2020-12-02,2020-12-03,2020-12-04,GE,XLI,50.55043711589597,55.02220916748047,52.38358225749753,1,take_profit,LONG,LONG,0.5013549625873566,0.501397967338562,0.5013119578361511,0.44962593102937143,0.3802100718021393,50.13549625873566,0.5102553367614746,2,False,True,True,58.07050584744729,False,-0.0596684217453001,UNRANKED,,False,,,
2020-12-03,2020-12-04,2020-12-09,GE,XLI,51.86279534577058,54.2445068359375,53.72371638807666,3,stop_loss,SHORT,SHORT,0.49691319465637207,0.4965541958808899,0.49727219343185425,0.44815327038495306,0.5184366106987,50.30868053436279,0.5102553367614746,2,False,True,True,58.07050584744729,False,0.25220352411270147,UNRANKED,,False,,,
2020-12-04,2020-12-07,2020-12-09,GE,XLI,52.93213509710642,52.64049530029297,54.647238791477236,2,stop_loss,SHORT,SHORT,0.4991585910320282,0.5010449886322021,0.49727219343185425,0.4495185841209592,0.5137697458267212,50.08414089679718,0.5102553367614746,2,False,True,True,58.07050584744729,False,0.4322532415390015,UNRANKED,,False,,,
2020-12-07,2020-12-08,2020-12-09,GE,XLI,52.59189628803411,54.0014762878418,54.09868644916692,1,stop_loss,SHORT,SHORT,0.4796660542488098,0.4653064012527466,0.49402570724487305,0.438675885294884,0.5725157260894775,52.03339457511902,0.5102553367614746,1,True,False,True,58.07050584744729,False,-0.5495187938213348,UNRANKED,,False,,,
2020-12-08,2020-12-09,2020-12-10,GE,XLI,53.466807543753966,53.126564025878906,54.96665495586334,1,stop_loss,SHORT,SHORT,0.48330917954444885,0.4653064012527466,0.5013119578361511,0.438675885294884,0.5620335936546326,51.669082045555115,0.5102553367614746,1,True,False,True,58.07050584744729,False,-0.35580083727836614,UNRANKED,,False,,,
2020-12-09,2020-12-10,2020-12-17,GE,XLI,53.855659261823384,52.88352584838867,52.88352584838867,5,time_exit,SHORT,SHORT,0.4854566305875778,0.463967889547348,0.5069453716278076,0.43827086485055994,0.5948854088783264,51.45433694124222,0.5102553367614746,1,True,False,True,58.07050584744729,False,-0.5112870335578916,UNRANKED,,False,,,
2020-12-10,2020-12-11,2020-12-14,GE,XLI,54.82778362310045,52.59163284301758,53.064076870868305,1,take_profit,SHORT,SHORT,0.4994099885225296,0.5057046413421631,0.4931153357028961,0.45093603970408613,0.5987776517868042,50.05900114774704,0.5102553367614746,2,False,True,True,58.07050584744729,False,0.274925410747528,UNRANKED,,False,,,
2020-12-11,2020-12-14,2020-12-17,GE,XLI,54.77916785548989,52.39702224731445,52.9737991595496,3,stop_loss,LONG,LONG,0.5149679332971573,0.5368205308914185,0.4931153357028961,0.4604207464167164,0.39501282572746277,51.49679332971573,0.5102553367614746,1,True,True,False,58.07050584744729,False,0.0778770148754119,UNRANKED,,False,,,
2020-12-14,2020-12-15,2020-12-22,GE,XLI,53.223780102254246,51.618614196777344,51.618614196777344,5,time_exit,LONG,LONG,0.5181585848331451,0.5293717980384827,0.5069453716278076,0.458147359338561,0.4396650195121765,51.815858483314514,0.5102553367614746,1,True,True,False,58.07050584744729,False,-0.014600545167923161,UNRANKED,,False,,,
2020-12-15,2020-12-16,2020-12-22,GE,XLI,54.09868703338235,52.834877014160156,52.34886632415383,4,stop_loss,LONG,LONG,0.5137878060340881,0.5206302404403687,0.5069453716278076,0.4554816240524607,0.4754054546356201,51.37878060340881,0.5102553367614746,1,True,True,False,58.07050584744729,False,0.3035257756710054,UNRANKED,,False,,,
2020-12-16,2020-12-17,2020-12-24,GE,XLI,53.1751641977543,51.81320571899414,51.81320571899414,5,time_exit,LONG,LONG,0.5062744915485382,0.5112370252609253,0.5013119578361511,0.45262001082775133,0.4689086079597473,50.62744915485382,0.5102553367614746,2,False,True,True,58.07050584744729,False,0.13025492429733282,UNRANKED,,False,,,
2020-12-17,2020-12-18,2020-12-28,GE,XLI,52.44567948851111,51.76456832885742,51.76456832885742,5,time_exit,LONG,LONG,0.5020308196544647,0.5067894458770752,0.49727219343185425,0.4512661499001056,0.5158213376998901,50.20308196544647,0.5102553367614746,2,False,True,True,58.07050584744729,False,0.08047375082969652,UNRANKED,,False,,,
2020-12-18,2020-12-21,2020-12-23,GE,XLI,50.93749266554024,51.375362396240234,52.63180462494314,2,take_profit,LONG,LONG,0.5110221207141876,0.524772047996521,0.49727219343185425,0.4567443584794256,0.5126701593399048,51.10221207141876,0.5102553367614746,1,True,True,False,58.07050584744729,False,0.10694113373756406,UNRANKED,,False,,,
2020-12-21,2020-12-22,2020-12-30,GE,XLI,52.105122884316565,52.10512161254883,52.10512161254883,5,time_exit,LONG,LONG,0.5083645284175873,0.5194568634033203,0.49727219343185425,0.45512399380090984,0.4892881214618683,50.83645284175873,0.5102553367614746,2,False,True,True,58.07050584744729,False,-0.0138888955116271,UNRANKED,,False,,,
2020-12-22,2020-12-23,2020-12-31,GE,XLI,51.959160779410716,52.542972564697266,52.542972564697266,5,time_exit,SHORT,SHORT,0.4972810596227646,0.5035340189933777,0.4910281002521515,0.4502756409033889,0.607610285282135,50.27189403772354,0.5102553367614746,2,False,True,True,58.07050584744729,False,0.3807839155197145,UNRANKED,,False,,,
2020-12-23,2020-12-24,2021-01-04,GE,XLI,52.78622289757762,50.9374885559082,51.11245689764738,5,take_profit,SHORT,SHORT,0.4944227635860443,0.49781742691993713,0.4910281002521515,0.448537246242968,0.5705298185348511,50.55772364139557,0.5102553367614746,2,False,True,True,58.07050584744729,False,0.2250529527664186,UNRANKED,,False,,,
2020-12-24,2020-12-28,2021-01-05,GE,XLI,52.05647131163478,52.39702224731445,52.39702224731445,5,time_exit,SHORT,SHORT,0.4969684034585953,0.49843403697013855,0.495502769947052,0.44872469537344156,0.5916251540184021,50.30315965414047,0.5102553367614746,2,False,True,True,58.07050584744729,False,0.22832217812538136,UNRANKED,,False,,,
2020-12-28,2020-12-29,2021-01-06,GE,XLI,51.861871107863074,55.267425537109375,53.480227540096614,5,stop_loss,SHORT,SHORT,0.49580225348472595,0.5038216710090637,0.4877828359603882,0.45036314728040194,0.6009929776191711,50.419774651527405,0.5102553367614746,2,False,True,True,58.07050584744729,False,0.23249846696853624,UNRANKED,,False,,,
2020-12-29,2020-12-30,2021-01-06,GE,XLI,51.47265958946785,54.829566955566406,53.07717847984871,4,stop_loss,SHORT,SHORT,0.4976843297481537,0.5075858235359192,0.4877828359603882,0.4515085180094562,0.5422762632369995,50.23156702518463,0.5102553367614746,2,False,True,True,58.07050584744729,False,0.2510676383972168,UNRANKED,,False,,,
2020-12-30,2020-12-31,2021-01-06,GE,XLI,51.813209625735176,55.17012405395508,53.22339966305381,3,take_profit,LONG,LONG,0.5011898726224899,0.5101231932640076,0.4922565519809723,0.45228088931535443,0.46882495284080505,50.11898726224899,0.5102553367614746,2,False,True,True,58.07050584744729,False,0.2048984467983247,UNRANKED,,False,,,
2020-12-31,2021-01-04,2021-01-06,GE,XLI,52.98082757138515,55.70530319213867,54.40496250703666,2,stop_loss,SHORT,SHORT,0.49932925403118134,0.5064019560813904,0.4922565519809723,0.4511482303239102,0.5692481398582458,50.06707459688187,0.5102553367614746,2,False,True,True,58.07050584744729,False,0.2216655015945433,UNRANKED,,False,,,
2021-01-04,2021-01-05,2021-01-06,GE,XLI,50.74289070721527,57.31076431274414,52.28528016818765,1,take_profit,LONG,LONG,0.504811704158783,0.5141206383705139,0.495502769947052,0.4534981702171373,0.5141060948371887,50.481170415878296,0.5102553367614746,2,False,True,True,58.07050584744729,False,0.40063148736953735,UNRANKED,,False,,,
2021-01-05,2021-01-06,2021-01-07,GE,XLI,52.688925376618826,56.28910446166992,54.21067514555716,1,take_profit,LONG,LONG,0.5089273601770401,0.5227876901626587,0.4950670301914215,0.4561393065942807,0.4915686845779419,50.89273601770401,0.5102553367614746,2,False,True,True,58.07050584744729,False,0.3156453669071197,UNRANKED,,False,,,
2021-01-06,2021-01-07,2021-01-14,GE,XLI,56.24044422742851,56.726959228515625,56.726959228515625,5,time_exit,SHORT,SHORT,0.4904431700706482,0.464382529258728,0.5165038108825684,0.4383963219705326,0.6632209420204163,50.95568299293518,0.5102553367614746,2,False,True,True,58.07050584744729,False,-0.501642554998398,UNRANKED,,False,,,
2021-01-07,2021-01-08,2021-01-12,GE,XLI,54.92686972917388,55.1214714050293,56.60181501551595,2,take_profit,LONG,LONG,0.5203051865100861,0.5101375579833984,0.5304728150367737,0.4522852625709607,0.46069401502609253,52.030518651008606,0.5102553367614746,1,True,True,False,58.07050584744729,False,0.12461027503013616,UNRANKED,,False,,,
2021-01-08,2021-01-11,2021-01-12,GE,XLI,54.05117101099185,55.60798263549805,55.740047571747986,1,stop_loss,SHORT,SHORT,0.49995848536491394,0.5172288417816162,0.48268812894821167,0.45444504910343436,0.5071254372596741,50.004151463508606,0.5102553367614746,2,False,True,True,58.07050584744729,False,0.08256810903549197,UNRANKED,,False,,,
2021-01-11,2021-01-12,2021-01-20,GE,XLI,55.997191704408934,55.41337585449219,55.41337585449219,5,time_exit,LONG,LONG,0.5127731710672379,0.5324310064315796,0.4931153357028961,0.45908083820958884,0.48696520924568176,51.277317106723785,0.5102553367614746,1,True,True,False,58.07050584744729,False,-0.3553105294704439,UNRANKED,,False,,,
2021-01-12,2021-01-13,2021-01-15,GE,XLI,57.31077050132667,53.8565559387207,55.38558870375413,2,stop_loss,LONG,LONG,0.5095242410898209,0.5259331464767456,0.4931153357028961,0.4570984491172928,0.48497214913368225,50.952424108982086,0.5102553367614746,2,False,True,True,58.07050584744729,False,0.1668570339679717,UNRANKED,,False,,,
2021-01-13,2021-01-14,2021-01-21,GE,XLI,56.4837048843644,54.0511589050293,54.523772829572266,4,take_profit,SHORT,SHORT,0.4996914714574814,0.5062676072120667,0.4931153357028961,0.4511073470133337,0.4605141580104828,50.03085285425186,0.5102553367614746,2,False,True,True,58.07050584744729,False,0.22453704476356506,UNRANKED,,False,,,
2021-01-14,2021-01-15,2021-01-21,GE,XLI,56.43504391837703,53.46733856201172,54.58631301366163,3,take_profit,SHORT,SHORT,0.49683617055416107,0.500557005405426,0.4931153357028961,0.44937018775563314,0.5146092176437378,50.31638294458389,0.5102553367614746,2,False,True,True,58.07050584744729,False,0.33497300744056724,UNRANKED,,False,,,
2021-01-15,2021-01-19,2021-01-21,GE,XLI,55.85123695399222,54.92686080932617,53.9191036880882,2,stop_loss,LONG,LONG,0.5019216388463974,0.5107279419898987,0.4931153357028961,0.4524650079280737,0.46617403626441956,50.19216388463974,0.5102553367614746,2,False,True,True,58.07050584744729,False,0.4074303805828095,UNRANKED,,False,,,
2021-01-19,2021-01-20,2021-01-21,GE,XLI,55.948536834066424,55.36473083496094,53.953850162400684,1,take_profit,SHORT,SHORT,0.49927033483982086,0.5054253339767456,0.4931153357028961,0.45085105237677037,0.5077148079872131,50.072966516017914,0.5102553367614746,2,False,True,True,58.07050584744729,False,-0.005144238471984849,UNRANKED,,False,,,
2021-01-20,2021-01-21,2021-01-25,GE,XLI,55.46203536095697,53.9538459777832,53.49514856809285,2,take_profit,SHORT,SHORT,0.4973304122686386,0.4965955913066864,0.4980652332305908,0.4481658520975386,0.48108986020088196,50.26695877313614,0.5102553367614746,2,False,True,True,58.07050584744729,False,0.05776587128639224,UNRANKED,,False,,,
2021-01-21,2021-01-22,2021-01-29,GE,XLI,53.370048215897725,51.95915985107422,51.95915985107422,5,time_exit,LONG,LONG,0.500604510307312,0.5031437873840332,0.4980652332305908,0.4501569337933323,0.4436355531215668,50.0604510307312,0.5102553367614746,2,False,True,True,58.07050584744729,False,0.16108503937721247,UNRANKED,,False,,,
2021-01-22,2021-01-25,2021-01-29,GE,XLI,54.19710146512959,52.251068115234375,52.14681285603361,4,stop_loss,LONG,LONG,0.5002079904079437,0.5031437873840332,0.49727219343185425,0.4501569337933323,0.5079725384712219,50.02079904079437,0.5102553367614746,2,False,True,True,58.07050584744729,False,0.3959897458553315,UNRANKED,,False,,,
2021-01-25,2021-01-26,2021-01-27,GE,XLI,58.52703018917349,54.683616638183594,56.62269353233057,1,stop_loss,LONG,LONG,0.5022763907909393,0.5072805881500244,0.49727219343185425,0.4514156205092636,0.569791316986084,50.22763907909393,0.5102553367614746,2,False,True,True,58.07050584744729,False,0.38729918003082275,UNRANKED,,False,,,
2021-01-26,2021-01-27,2021-01-29,GE,XLI,53.90520113403293,54.489009857177734,52.00086611206027,2,take_profit,SHORT,SHORT,0.4996490627527237,0.5082700252532959,0.4910281002521515,0.45171676507751995,0.5693137645721436,50.03509372472763,0.5102553367614746,2,False,True,True,58.07050584744729,False,-0.3602378964424132,UNRANKED,,False,,,
2021-01-27,2021-01-28,2021-01-29,GE,XLI,55.51067644907121,55.70530319213867,53.953846179121435,1,take_profit,SHORT,SHORT,0.48907865583896637,0.48843616247177124,0.4897211492061615,0.44568718047174277,0.5943160653114319,51.09213441610336,0.5102553367614746,1,True,False,True,58.07050584744729,False,-0.02978995442390435,UNRANKED,,False,,,
2021-01-28,2021-01-29,2021-02-04,GE,XLI,53.51599033996192,55.46202850341797,55.211824363573804,4,take_profit,LONG,LONG,0.5111181735992432,0.5134164094924927,0.5088199377059937,0.4532836813767123,0.4773072898387909,51.111817359924316,0.5102553367614746,1,True,True,False,58.07050584744729,False,0.2202162146568296,UNRANKED,,False,,,
2021-01-29,2021-02-01,2021-02-04,GE,XLI,52.834877704837744,56.48370361328125,54.767015875352534,3,stop_loss,SHORT,SHORT,0.4980630725622177,0.525921642780304,0.47020450234413147,0.45709494071652806,0.5456670522689819,50.19369274377823,0.5102553367614746,2,False,True,True,58.07050584744729,False,-0.34807282686233515,UNRANKED,,False,,,
2021-02-01,2021-02-02,2021-02-04,GE,XLI,52.93218397080876,56.14313888549805,54.8295691593202,2,take_profit,LONG,LONG,0.5189850628376007,0.5369452834129333,0.5010248422622681,0.4604588357448246,0.4777965843677521,51.89850628376007,0.5102553367614746,1,True,True,False,58.07050584744729,False,0.2694561183452605,UNRANKED,,False,,,
2021-02-02,2021-02-03,2021-02-10,GE,XLI,54.683611814794645,55.46202850341797,55.46202850341797,5,time_exit,LONG,LONG,0.5134266018867493,0.5258283615112305,0.5010248422622681,0.4570664919245377,0.5044804811477661,51.34266018867493,0.5102553367614746,1,True,True,False,58.07050584744729,False,0.4380189180374144,UNRANKED,,False,,,
2021-02-03,2021-02-04,2021-02-11,GE,XLI,54.63498455938817,55.753944396972656,55.753944396972656,5,time_exit,LONG,LONG,0.505657285451889,0.5024946331977844,0.5088199377059937,0.4499594759069203,0.46737024188041687,50.565728545188904,0.5102553367614746,2,False,True,True,58.07050584744729,False,0.4237095713615418,UNRANKED,,False,,,
2021-02-04,2021-02-05,2021-02-12,GE,XLI,55.997189485855614,57.0675048828125,57.0675048828125,5,time_exit,SHORT,SHORT,0.49865512549877167,0.5022432208061218,0.4950670301914215,0.44988300622776833,0.5225193500518799,50.13448745012283,0.5102553367614746,2,False,True,True,58.07050584744729,False,0.10545560717582711,UNRANKED,,False,,,
2021-02-05,2021-02-08,2021-02-16,GE,XLI,55.80258923083447,58.23514175415039,57.61658295729234,5,take_profit,LONG,LONG,0.5063031166791916,0.5175392031669617,0.4950670301914215,0.45453961538614984,0.44861218333244324,50.63031166791916,0.5102553367614746,2,False,True,True,58.07050584744729,False,0.26663693785667414,UNRANKED,,False,,,
2021-02-08,2021-02-09,2021-02-16,GE,XLI,56.240443590001384,57.69997787475586,58.1308892992299,4,stop_loss,SHORT,SHORT,0.49685366451740265,0.4986402988433838,0.4950670301914215,0.44878740212839396,0.5375564098358154,50.314633548259735,0.5102553367614746,2,False,True,True,58.07050584744729,False,0.22468584775924674,UNRANKED,,False,,,
2021-02-09,2021-02-10,2021-02-18,GE,XLI,56.386397134575326,56.58100509643555,56.58100509643555,5,time_exit,SHORT,SHORT,0.4963425546884537,0.49894413352012634,0.493740975856781,0.47053993019913776,0.5764967203140259,50.36574453115463,0.5086070895195007,2,False,True,True,54.5,True,-0.07073780894279458,UNRANKED,,False,,,
2021-02-10,2021-02-11,2021-02-16,GE,XLI,55.413385320747274,58.47838592529297,57.19958080327378,2,stop_loss,SHORT,SHORT,0.49890443682670593,0.49249619245529175,0.5053126811981201,0.47053993019913776,0.5374795198440552,50.10955631732941,0.5086070895195007,2,False,True,True,54.5,True,0.42548811435699463,UNRANKED,,False,,,
2021-02-11,2021-02-12,2021-02-16,GE,XLI,55.510678089112645,60.813629150390625,57.310775418388594,1,stop_loss,SHORT,SHORT,0.49890443682670593,0.49249619245529175,0.5053126811981201,0.47053993019913776,0.5347005128860474,50.10955631732941,0.5086070895195007,2,False,True,True,54.5,True,0.5650154948234559,UNRANKED,,False,,,
2021-02-12,2021-02-16,2021-02-22,GE,XLI,57.505378670287456,61.25148010253906,59.409724591395154,4,stop_loss,SHORT,SHORT,0.49890443682670593,0.49249619245529175,0.5053126811981201,0.47053993019913776,0.45659592747688293,50.10955631732941,0.5086070895195007,2,False,True,True,54.5,True,0.657630831003189,UNRANKED,,False,,,
2021-02-16,2021-02-17,2021-02-22,GE,XLI,57.6026768796713,63.82999038696289,59.465324889925206,3,stop_loss,SHORT,SHORT,0.49890443682670593,0.49249619245529175,0.5053126811981201,0.47053993019913776,0.46122869849205017,50.10955631732941,0.5086070895195007,2,False,True,True,54.5,True,0.2612684965133667,UNRANKED,,False,,,
2021-02-17,2021-02-18,2021-02-22,GE,XLI,57.602674817204544,62.078556060791016,59.47922194942413,2,stop_loss,SHORT,SHORT,0.49890443682670593,0.49249619245529175,0.5053126811981201,0.47053993019913776,0.4756408631801605,50.10955631732941,0.5086070895195007,2,False,True,True,54.5,True,0.5011409521102904,UNRANKED,,False,,,
2021-02-18,2021-02-19,2021-02-22,GE,XLI,57.01886001189663,61.008235931396484,58.853705418565156,1,take_profit,LONG,LONG,0.5030879080295563,0.5008631348609924,0.5053126811981201,0.4744835965978128,0.4284173846244812,50.30879080295563,0.5086070895195007,2,False,True,True,54.5,True,0.5473900437355042,UNRANKED,,False,,,
2021-02-19,2021-02-22,2021-02-23,GE,XLI,58.72164122808726,63.78132629394531,60.54258587791985,1,take_profit,LONG,LONG,0.5022657662630081,0.4992188513278961,0.5053126811981201,0.4744835965978128,0.4306063652038574,50.22657662630081,0.5086070895195007,2,False,True,True,54.5,True,0.4082519114017486,UNRANKED,,False,,,
2021-02-22,2021-02-23,2021-02-24,GE,XLI,61.30012872578493,63.14887237548828,63.41297837003716,1,stop_loss,SHORT,SHORT,0.49890443682670593,0.49249619245529175,0.5053126811981201,0.47053993019913776,0.4772142767906189,50.10955631732941,0.5086070895195007,2,False,True,True,54.5,True,0.03979539871215819,UNRANKED,,False,,,
2021-02-23,2021-02-24,2021-03-03,GE,XLI,62.27315599480565,65.38681030273438,64.1010488432292,5,stop_loss,SHORT,SHORT,0.48833897709846497,0.4713652729988098,0.5053126811981201,0.4386503067484663,0.5546151995658875,51.1661022901535,0.5086070895195007,1,True,False,True,54.5,True,0.1871108114719391,UNRANKED,,False,,,
2021-02-24,2021-02-25,2021-02-26,GE,XLI,63.7326877695513,66.0192642211914,61.564237277782325,1,take_profit,SHORT,SHORT,0.4884919822216034,0.47167128324508667,0.5053126811981201,0.4386503067484663,0.43461570143699646,51.15080177783966,0.5086070895195007,1,True,False,True,54.5,True,0.04001024365425116,UNRANKED,,False,,,
2021-02-25,2021-02-26,2021-03-03,GE,XLI,61.6893465584452,66.2140121459961,63.934245763244306,3,take_profit,LONG,LONG,0.5005527436733246,0.49579280614852905,0.5053126811981201,0.47053993019913776,0.3461155295372009,50.05527436733246,0.5086070895195007,2,False,True,True,54.5,True,-0.025352358818054276,UNRANKED,,False,,,
2021-02-26,2021-03-01,2021-03-03,GE,XLI,62.856954065568665,68.98918151855469,65.22000261903545,2,stop_loss,SHORT,SHORT,0.4943395107984543,0.48336634039878845,0.5053126811981201,0.47053993019913776,0.4845133423805237,50.56604892015457,0.5086070895195007,2,False,True,True,54.5,True,0.5256741940975188,UNRANKED,,False,,,
2021-03-01,2021-03-02,2021-03-08,GE,XLI,63.9759400653042,68.1614761352539,66.58919079772608,4,stop_loss,SHORT,SHORT,0.49414876103401184,0.48298484086990356,0.5053126811981201,0.47053993019913776,0.45355919003486633,50.585123896598816,0.5086070895195007,2,False,True,True,54.5,True,0.07147863507270813,UNRANKED,,False,,,
2021-03-02,2021-03-03,2021-03-08,GE,XLI,63.68403010320343,64.5099868774414,66.33897929143586,3,take_profit,LONG,LONG,0.5007832199335098,0.49625375866889954,0.5053126811981201,0.47053993019913776,0.5252256989479065,50.07832199335098,0.5086070895195007,2,False,True,True,54.5,True,-0.6630978286266326,UNRANKED,,False,,,
2021-03-03,2021-03-04,2021-03-10,GE,XLI,67.52744218997398,59.73868179321289,64.65008906671784,4,take_profit,SHORT,SHORT,0.49105343222618103,0.47679418325424194,0.5053126811981201,0.4386503067484663,0.6252613663673401,50.8946567773819,0.5086070895195007,1,True,False,True,54.5,True,-0.1455760598182679,UNRANKED,,False,,,
2021-03-04,2021-03-05,2021-03-11,GE,XLI,67.18774685154577,61.24797439575195,64.26174543901787,4,take_profit,SHORT,SHORT,0.4824829250574112,0.45965316891670227,0.5053126811981201,0.4057408844065167,0.5934346318244934,51.75170749425888,0.5086070895195007,1,True,False,True,54.5,True,0.4539312124252319,UNRANKED,,False,,,
2021-03-05,2021-03-08,2021-03-10,GE,XLI,69.18392703259207,64.99684143066406,66.41775598592633,2,take_profit,SHORT,SHORT,0.4762680232524872,0.44722336530685425,0.5053126811981201,0.38502673796791437,0.5005014538764954,52.37319767475128,0.5086070895195007,1,True,False,True,54.5,True,0.2802546322345733,UNRANKED,,False,,,
2021-03-08,2021-03-09,2021-03-10,GE,XLI,68.64834344930134,64.02311706542969,65.65252490246121,1,take_profit,SHORT,SHORT,0.4884919822216034,0.47167128324508667,0.5053126811981201,0.4386503067484663,0.4426245391368866,51.15080177783966,0.5086070895195007,1,True,False,True,54.5,True,-0.5641201138496399,UNRANKED,,False,,,
2021-03-09,2021-03-10,2021-03-11,GE,XLI,66.45745660449998,66.2626953125,63.41984641424468,1,take_profit,SHORT,SHORT,0.48243775963783264,0.45956283807754517,0.5053126811981201,0.4057408844065167,0.5347757339477539,51.756224036216736,0.5086070895195007,1,True,False,True,54.5,True,0.21967217326164246,UNRANKED,,False,,,
2021-03-10,2021-03-11,2021-03-17,GE,XLI,61.7835279951735,64.5099868774414,65.18292625392769,4,stop_loss,SHORT,SHORT,0.4880833774805069,0.4708540737628937,0.5053126811981201,0.4386503067484663,0.5913591980934143,51.19166225194931,0.5086070895195007,1,True,False,True,54.5,True,-0.2849773317575455,UNRANKED,,False,,,
2021-03-11,2021-03-12,2021-03-15,GE,XLI,59.59262283000257,64.36392974853516,63.40258169666691,1,take_profit,LONG,LONG,0.5022850781679153,0.49925747513771057,0.5053126811981201,0.4744835965978128,0.5735899806022644,50.228507816791534,0.5086070895195007,2,False,True,True,54.5,True,0.4388538748025895,UNRANKED,,False,,,
2021-03-12,2021-03-15,2021-03-17,GE,XLI,62.026949194825114,63.92574691772461,65.71891511540966,2,stop_loss,SHORT,SHORT,0.4929714947938919,0.4806303083896637,0.5053126811981201,0.4386503067484663,0.6267293095588684,50.70285052061081,0.5086070895195007,2,False,True,True,54.5,True,0.5982010960578918,UNRANKED,,False,,,
2021-03-15,2021-03-16,2021-03-23,GE,XLI,64.89947542896049,61.63747024536133,61.63747024536133,5,time_exit,LONG,LONG,0.5067448914051056,0.5081771016120911,0.5053126811981201,0.48678823967249724,0.535729706287384,50.67448914051056,0.5086070895195007,2,False,True,True,54.5,True,1.0470805019140244,UNRANKED,,False,,,
2021-03-16,2021-03-17,2021-03-24,GE,XLI,64.26653782800233,60.85847854614258,60.85847854614258,5,time_exit,LONG,LONG,0.5036320686340332,0.5019514560699463,0.5053126811981201,0.48678823967249724,0.6168198585510254,50.36320686340332,0.5086070895195007,2,False,True,True,54.5,True,0.5194001495838165,UNRANKED,,False,,,
2021-03-17,2021-03-18,2021-03-23,GE,XLI,66.165334654909,62.56251525878906,62.159886722256935,3,stop_loss,LONG,LONG,0.5011874884366989,0.4970622956752777,0.5053126811981201,0.47053993019913776,0.6122942566871643,50.11874884366989,0.5086070895195007,2,False,True,True,54.5,True,0.5661526620388031,UNRANKED,,False,,,
2021-03-18,2021-03-19,2021-03-26,GE,XLI,64.26655328093698,63.2441291809082,63.2441291809082,5,time_exit,SHORT,SHORT,0.49894486367702484,0.49257704615592957,0.5053126811981201,0.47053993019913776,0.4677390456199646,50.105513632297516,0.5086070895195007,2,False,True,True,54.5,True,0.769435465335846,UNRANKED,,False,,,
2021-03-19,2021-03-22,2021-03-29,GE,XLI,64.07181162785187,63.04938507080078,63.04938507080078,5,time_exit,LONG,LONG,0.5023103952407837,0.49930810928344727,0.5053126811981201,0.4744835965978128,0.4807012677192688,50.23103952407837,0.5086070895195007,2,False,True,True,54.5,True,0.4593947231769563,UNRANKED,,False,,,
2021-03-22,2021-03-23,2021-03-30,GE,XLI,63.09807634876617,64.75342559814453,64.75342559814453,5,time_exit,LONG,LONG,0.5069443583488464,0.5085760354995728,0.5053126811981201,0.48678823967249724,0.5013543367385864,50.694435834884644,0.5086070895195007,2,False,True,True,54.5,True,0.9903420209884644,UNRANKED,,False,,,
2021-03-23,2021-03-24,2021-03-31,GE,XLI,62.12433538283478,63.92574691772461,63.92574691772461,5,time_exit,SHORT,SHORT,0.49883508682250977,0.5039291977882385,0.493740975856781,0.48678823967249724,0.5290747284889221,50.11649131774902,0.5086070895195007,2,False,True,True,54.5,True,0.35838837921619415,UNRANKED,,False,,,
2021-03-24,2021-03-25,2021-03-30,GE,XLI,60.37160815576036,64.65604400634766,64.09962187559155,3,take_profit,LONG,LONG,0.5034819841384888,0.502938985824585,0.5040249824523926,0.48678823967249724,0.5529225468635559,50.34819841384888,0.5086070895195007,2,False,True,True,54.5,True,0.21702454984188074,UNRANKED,,False,,,
2021-03-25,2021-03-26,2021-04-05,GE,XLI,63.049383701454786,65.53241729736328,65.53241729736328,5,time_exit,SHORT,SHORT,0.498339980840683,0.502938985824585,0.493740975856781,0.48678823967249724,0.5610811114311218,50.1660019159317,0.5086070895195007,2,False,True,True,54.5,True,0.49566200375556946,UNRANKED,,False,,,
2021-03-26,2021-03-29,2021-04-06,GE,XLI,62.90332036854279,65.24028778076172,65.24028778076172,5,time_exit,SHORT,SHORT,0.498339980840683,0.502938985824585,0.493740975856781,0.48678823967249724,0.516231119632721,50.1660019159317,0.5086070895195007,2,False,True,True,54.5,True,0.37894879281520844,UNRANKED,,False,,,
2021-03-29,2021-03-30,2021-04-07,GE,XLI,63.19544671501644,65.19160461425781,65.19160461425781,5,time_exit,SHORT,SHORT,0.498339980840683,0.502938985824585,0.493740975856781,0.48678823967249724,0.4819956421852112,50.1660019159317,0.5086070895195007,2,False,True,True,54.5,True,0.5242680162191392,UNRANKED,,False,,,
2021-03-30,2021-03-31,2021-04-08,GE,XLI,65.14291557214501,65.48371124267578,65.48371124267578,5,time_exit,SHORT,SHORT,0.48552902042865753,0.47731706500053406,0.493740975856781,0.4386503067484663,0.4900168776512146,51.44709795713425,0.5086070895195007,1,True,False,True,54.5,True,-0.7887191623449327,UNRANKED,,False,,,
2021-03-31,2021-04-01,2021-04-09,GE,XLI,64.41261029091548,66.2140121459961,66.2140121459961,5,time_exit,SHORT,SHORT,0.49333228170871735,0.4929235875606537,0.493740975856781,0.47053993019913776,0.5409560203552246,50.666771829128265,0.5086070895195007,2,False,True,True,54.5,True,-0.15091255307197565,UNRANKED,,False,,,
2021-04-01,2021-04-05,2021-04-12,GE,XLI,65.58110553651241,66.16532135009766,66.16532135009766,5,time_exit,SHORT,SHORT,0.49645040929317474,0.4991598427295685,0.493740975856781,0.4744835965978128,0.5218464136123657,50.354959070682526,0.5086070895195007,2,False,True,True,54.5,True,0.09055641293525696,UNRANKED,,False,,,
2021-04-05,2021-04-06,2021-04-13,GE,XLI,65.53240972925869,65.4350357055664,65.4350357055664,5,time_exit,LONG,LONG,0.5003869235515594,0.5070328712463379,0.493740975856781,0.48678823967249724,0.5186922550201416,50.038692355155945,0.5086070895195007,2,False,True,True,54.5,True,0.10921043157577515,UNRANKED,,False,,,
2021-04-06,2021-04-07,2021-04-14,GE,XLI,65.24029285156841,66.603515625,66.603515625,5,time_exit,SHORT,SHORT,0.4963831603527069,0.48874133825302124,0.5040249824523926,0.47053993019913776,0.5402430295944214,50.36168396472931,0.5086070895195007,2,False,True,True,54.5,True,0.31082013249397283,UNRANKED,,False,,,
2021-04-07,2021-04-08,2021-04-14,GE,XLI,64.55866476115783,65.97058868408203,66.33920958712044,4,take_profit,LONG,LONG,0.5016665458679199,0.49930810928344727,0.5040249824523926,0.4744835965978128,0.4897187650203705,50.16665458679199,0.5086070895195007,2,False,True,True,54.5,True,0.31350654363632185,UNRANKED,,False,,,
2021-04-08,2021-04-09,2021-04-16,GE,XLI,65.72714479322126,65.19160461425781,65.19160461425781,5,time_exit,SHORT,SHORT,0.49771450459957123,0.4914040267467499,0.5040249824523926,0.47053993019913776,0.5169873833656311,50.22854954004288,0.5086070895195007,2,False,True,True,54.5,True,0.550866037607193,UNRANKED,,False,,,
2021-04-09,2021-04-12,2021-04-19,GE,XLI,66.26269779793407,65.53241729736328,65.53241729736328,5,time_exit,LONG,LONG,0.5042342245578766,0.5044434666633606,0.5040249824523926,0.48678823967249724,0.48147866129875183,50.42342245578766,0.5086070895195007,2,False,True,True,54.5,True,0.6569491624832154,UNRANKED,,False,,,
2021-04-12,2021-04-13,2021-04-20,GE,XLI,65.77584590031562,63.58494567871094,64.17613679822996,5,stop_loss,LONG,LONG,0.5042342245578766,0.5044434666633606,0.5040249824523926,0.48678823967249724,0.43153202533721924,50.42342245578766,0.5086070895195007,2,False,True,True,54.5,True,0.32685962319374107,UNRANKED,,False,,,
2021-04-13,2021-04-14,2021-04-20,GE,XLI,65.38633969674065,64.99684143066406,64.00920074148814,4,stop_loss,LONG,LONG,0.5042342245578766,0.5044434666633606,0.5040249824523926,0.48678823967249724,0.42645180225372314,50.42342245578766,0.5086070895195007,2,False,True,True,54.5,True,0.4265615344047546,UNRANKED,,False,,,
2021-04-14,2021-04-15,2021-04-16,GE,XLI,66.84695452636356,65.28899383544922,65.41417439679465,1,stop_loss,LONG,LONG,0.5018356442451477,0.49964630603790283,0.5040249824523926,0.4744835965978128,0.4547739326953888,50.18356442451477,0.5086070895195007,2,False,True,True,54.5,True,0.2961899936199188,UNRANKED,,False,,,
2021-04-15,2021-04-16,2021-04-20,GE,XLI,66.36009249906647,65.97058868408203,65.08032805117305,2,stop_loss,LONG,LONG,0.5018356442451477,0.49964630603790283,0.5040249824523926,0.4744835965978128,0.48283809423446655,50.18356442451477,0.5086070895195007,2,False,True,True,54.5,True,0.2937335669994354,UNRANKED,,False,,,
2021-04-16,2021-04-19,2021-04-26,GE,XLI,64.85080430726057,66.06794738769531,66.06794738769531,5,time_exit,SHORT,SHORT,0.49824845790863037,0.5027559399604797,0.493740975856781,0.48678823967249724,0.5009853839874268,50.17515420913696,0.5086070895195007,2,False,True,True,54.5,True,0.24940448999404902,UNRANKED,,False,,,
2021-04-19,2021-04-20,2021-04-27,GE,XLI,65.28898183543694,65.67847442626953,65.67847442626953,5,time_exit,SHORT,SHORT,0.498339980840683,0.502938985824585,0.493740975856781,0.48678823967249724,0.5355410575866699,50.1660019159317,0.5086070895195007,2,False,True,True,54.5,True,0.2045799195766449,UNRANKED,,False,,,
2021-04-20,2021-04-21,2021-04-22,GE,XLI,62.951995641356085,64.26654815673828,64.30131291953688,1,stop_loss,SHORT,SHORT,0.4989266097545624,0.5041122436523438,0.493740975856781,0.48678823967249724,0.47590160369873047,50.10733902454376,0.5086070895195007,2,False,True,True,54.5,True,0.3850396275520326,UNRANKED,,False,,,
2021-04-21,2021-04-22,2021-04-29,GE,XLI,64.99687180721517,64.31523132324219,64.31523132324219,5,time_exit,SHORT,SHORT,0.498339980840683,0.502938985824585,0.493740975856781,0.48678823967249724,0.48960819840431213,50.1660019159317,0.5086070895195007,2,False,True,True,54.5,True,0.32283416390419,UNRANKED,,False,,,
2021-04-22,2021-04-23,2021-04-28,GE,XLI,65.72715497000286,63.87708282470703,64.35697020786559,3,take_profit,SHORT,SHORT,0.4995070695877075,0.505273163318634,0.493740975856781,0.48678823967249724,0.4973931908607483,50.04929304122925,0.5086070895195007,2,False,True,True,54.5,True,0.1495701670646667,UNRANKED,,False,,,
2021-04-23,2021-04-26,2021-04-28,GE,XLI,66.36006925658236,65.48371124267578,65.01770998621406,2,take_profit,SHORT,SHORT,0.49333228170871735,0.4929235875606537,0.493740975856781,0.47053993019913776,0.5213428735733032,50.666771829128265,0.5086070895195007,2,False,True,True,54.5,True,0.29280376434326183,UNRANKED,,False,,,
2021-04-26,2021-04-27,2021-04-28,GE,XLI,65.72716266531795,63.87708282470703,64.41262779680511,1,take_profit,SHORT,SHORT,0.49333228170871735,0.4929235875606537,0.493740975856781,0.47053993019913776,0.46780988574028015,50.666771829128265,0.5086070895195007,2,False,True,True,54.5,True,0.35915622115135204,UNRANKED,,False,,,
2021-04-27,2021-04-28,2021-05-05,GE,XLI,64.89947278767832,64.31523132324219,64.31523132324219,5,time_exit,SHORT,SHORT,0.4991181343793869,0.4929235875606537,0.5053126811981201,0.47053993019913776,0.4822261333465576,50.08818656206131,0.5086070895195007,2,False,True,True,54.5,True,0.632907658815384,UNRANKED,,False,,,
2021-04-28,2021-04-29,2021-05-06,GE,XLI,64.16916664499057,64.31523132324219,64.31523132324219,5,time_exit,LONG,LONG,0.5023760050535202,0.4994393289089203,0.5053126811981201,0.4744835965978128,0.4445735216140747,50.23760050535202,0.5086070895195007,2,False,True,True,54.5,True,0.6959076821804047,UNRANKED,,False,,,
2021-04-29,2021-04-30,2021-05-07,GE,XLI,64.07182836976888,64.75342559814453,64.75342559814453,5,time_exit,LONG,LONG,0.5040343105792999,0.5027559399604797,0.5053126811981201,0.48678823967249724,0.4462011158466339,50.40343105792999,0.5086070895195007,2,False,True,True,54.5,True,0.5672823786735535,UNRANKED,,False,,,
2021-04-30,2021-05-03,2021-05-10,GE,XLI,64.46128830935186,64.99684143066406,64.99684143066406,5,time_exit,LONG,LONG,0.5052929222583771,0.505273163318634,0.5053126811981201,0.48678823967249724,0.4143480956554413,50.52929222583771,0.5086070895195007,2,False,True,True,54.5,True,0.6514942049980165,UNRANKED,,False,,,
2021-05-03,2021-05-04,2021-05-11,GE,XLI,64.94818704887884,63.73099136352539,63.73099136352539,5,time_exit,LONG,LONG,0.5043474435806274,0.5086381435394287,0.5000567436218262,0.48678823967249724,0.38178643584251404,50.434744358062744,0.5086070895195007,2,False,True,True,54.5,True,0.4218180775642396,UNRANKED,,False,,,
2021-05-04,2021-05-05,2021-05-12,GE,XLI,64.07179764548258,62.41645050048828,62.41645050048828,5,time_exit,LONG,LONG,0.5079631209373474,0.5086381435394287,0.5072880983352661,0.48678823967249724,0.4408911168575287,50.79631209373474,0.5086070895195007,2,False,True,True,54.5,True,0.49237847328186024,UNRANKED,,False,,,
2021-05-05,2021-05-06,2021-05-12,GE,XLI,64.36391954932607,63.14674377441406,62.72250436203533,4,take_profit,SHORT,SHORT,0.4991181343793869,0.4929235875606537,0.5053126811981201,0.47053993019913776,0.5038637518882751,50.08818656206131,0.5086070895195007,2,False,True,True,54.5,True,0.5090766847133638,UNRANKED,,False,,,
2021-05-06,2021-05-07,2021-05-12,GE,XLI,64.07181263152405,64.5586929321289,62.54168088277964,3,take_profit,SHORT,SHORT,0.4991181343793869,0.4929235875606537,0.5053126811981201,0.47053993019913776,0.5045382380485535,50.08818656206131,0.5086070895195007,2,False,True,True,54.5,True,0.47846657037734985,UNRANKED,,False,,,
2021-05-07,2021-05-10,2021-05-12,GE,XLI,64.80209598707745,64.02311706542969,63.25805258236205,2,take_profit,SHORT,SHORT,0.4991181343793869,0.4929235875606537,0.5053126811981201,0.47053993019913776,0.45094332098960876,50.08818656206131,0.5086070895195007,2,False,True,True,54.5,True,0.5945112407207489,UNRANKED,,False,,,
2021-05-10,2021-05-11,2021-05-12,GE,XLI,64.21785874844088,63.14674377441406,62.91725188460159,1,stop_loss,LONG,LONG,0.5023760050535202,0.4994393289089203,0.5053126811981201,0.4744835965978128,0.4237512946128845,50.23760050535202,0.5086070895195007,2,False,True,True,54.5,True,0.48042514920234686,UNRANKED,,False,,,
2021-05-11,2021-05-12,2021-05-19,GE,XLI,63.68230347218277,63.73099136352539,63.73099136352539,5,time_exit,LONG,LONG,0.5031475722789764,0.5009824633598328,0.5053126811981201,0.4744835965978128,0.4337581396102905,50.314757227897644,0.5086070895195007,2,False,True,True,54.5,True,0.495822161436081,UNRANKED,,False,,,
2021-05-12,2021-05-13,2021-05-14,GE,XLI,62.3190700144251,63.58494567871094,63.74486870304117,1,take_profit,LONG,LONG,0.5061737895011902,0.5034427642822266,0.5089048147201538,0.48678823967249724,0.5182217359542847,50.61737895011902,0.5086070895195007,2,False,True,True,54.5,True,1.3668306022882464,UNRANKED,,False,,,
2021-05-13,2021-05-14,2021-05-21,GE,XLI,63.877079830036024,64.41260528564453,64.41260528564453,5,time_exit,SHORT,SHORT,0.49811533093452454,0.4994393289089203,0.4967913329601288,0.4744835965978128,0.47838133573532104,50.188466906547546,0.5086070895195007,2,False,True,True,54.5,True,-0.4806181490421295,UNRANKED,,False,,,
2021-05-14,2021-05-17,2021-05-24,GE,XLI,64.41260801529657,64.16918182373047,64.16918182373047,5,time_exit,LONG,LONG,0.5040343105792999,0.5027559399604797,0.5053126811981201,0.48678823967249724,0.49521708488464355,50.40343105792999,0.5086070895195007,2,False,True,True,54.5,True,0.622912585735321,UNRANKED,,False,,,
2021-05-17,2021-05-18,2021-05-25,GE,XLI,64.16916671261389,63.87708282470703,63.87708282470703,5,time_exit,LONG,LONG,0.5040343105792999,0.5027559399604797,0.5053126811981201,0.48678823967249724,0.4692315459251404,50.40343105792999,0.5086070895195007,2,False,True,True,54.5,True,0.46128055453300487,UNRANKED,,False,,,
2021-05-18,2021-05-19,2021-05-21,GE,XLI,62.80594482271802,65.24028778076172,64.37086334078442,2,take_profit,LONG,LONG,0.507350891828537,0.5027559399604797,0.5119458436965942,0.48678823967249724,0.4080878496170044,50.7350891828537,0.5086070895195007,2,False,True,True,54.5,True,0.35139638185501104,UNRANKED,,False,,,
2021-05-19,2021-05-20,2021-05-27,GE,XLI,63.731002939651404,69.86553192138672,65.37243066094744,5,take_profit,LONG,LONG,0.5024794936180115,0.49964630603790283,0.5053126811981201,0.4744835965978128,0.38462379574775696,50.24794936180115,0.5086070895195007,2,False,True,True,54.5,True,0.50235515832901,UNRANKED,,False,,,
2021-05-20,2021-05-21,2021-05-27,GE,XLI,63.82836888560275,68.45361328125,65.42806763351011,4,take_profit,LONG,LONG,0.5024794936180115,0.49964630603790283,0.5053126811981201,0.4744835965978128,0.36206045746803284,50.24794936180115,0.5086070895195007,2,False,True,True,54.5,True,0.4015523791313172,UNRANKED,,False,,,
2021-05-21,2021-05-24,2021-05-27,GE,XLI,64.70473753201529,68.89179229736328,66.19315502120334,3,take_profit,LONG,LONG,0.502804160118103,0.5002956390380859,0.5053126811981201,0.4744835965978128,0.36435776948928833,50.2804160118103,0.5086070895195007,2,False,True,True,54.5,True,0.3439129889011384,UNRANKED,,False,,,
2021-05-24,2021-05-25,2021-05-27,GE,XLI,64.26657391483072,68.59967803955078,65.56024783886811,2,take_profit,LONG,LONG,0.5057960748672485,0.49964630603790283,0.5119458436965942,0.4744835965978128,0.37150612473487854,50.57960748672485,0.5086070895195007,2,False,True,True,54.5,True,0.4088126718997954,UNRANKED,,False,,,
2021-05-25,2021-05-26,2021-05-27,GE,XLI,63.877061957990406,68.59967803955078,65.14987166781184,1,take_profit,LONG,LONG,0.5014520436525345,0.4988791048526764,0.5040249824523926,0.47053993019913776,0.4043959379196167,50.14520436525345,0.5086070895195007,2,False,True,True,54.5,True,0.6243155300617219,UNRANKED,,False,,,
2021-05-26,2021-05-27,2021-05-28,GE,XLI,66.21402601096383,67.96674346923828,67.68157928593594,1,take_profit,LONG,LONG,0.5018356442451477,0.49964630603790283,0.5040249824523926,0.4744835965978128,0.3823961317539215,50.18356442451477,0.5086070895195007,2,False,True,True,54.5,True,0.2953857183456422,UNRANKED,,False,,,
2021-05-27,2021-05-28,2021-06-07,GE,XLI,69.57341282490061,67.72332763671875,67.72332763671875,5,time_exit,SHORT,SHORT,0.4966936409473419,0.49964630603790283,0.493740975856781,0.4744835965978128,0.47157227993011475,50.33063590526581,0.5086070895195007,2,False,True,True,54.5,True,0.0877967774868013,UNRANKED,,False,,,
2021-05-28,2021-06-01,2021-06-08,GE,XLI,69.28129070608334,67.67462921142578,67.67462921142578,5,time_exit,SHORT,SHORT,0.4966936409473419,0.49964630603790283,0.493740975856781,0.4744835965978128,0.4835447669029236,50.33063590526581,0.5086070895195007,2,False,True,True,54.5,True,0.21382072567939764,UNRANKED,,False,,,
2021-06-01,2021-06-02,2021-06-09,GE,XLI,69.03785722977035,66.8469467163086,66.92346372303905,5,take_profit,SHORT,SHORT,0.4966936409473419,0.49964630603790283,0.493740975856781,0.4744835965978128,0.42685502767562866,50.33063590526581,0.5086070895195007,2,False,True,True,54.5,True,0.1231665909290313,UNRANKED,,False,,,
2021-06-02,2021-06-03,2021-06-10,GE,XLI,68.11281061649332,66.3600845336914,66.3600845336914,5,time_exit,SHORT,SHORT,0.49333228170871735,0.4929235875606537,0.493740975856781,0.47053993019913776,0.49621737003326416,50.666771829128265,0.5086070895195007,2,False,True,True,54.5,True,0.05103620886802675,UNRANKED,,False,,,
2021-06-03,2021-06-04,2021-06-09,GE,XLI,68.94047828027098,66.6521987915039,67.07647332770402,3,take_profit,SHORT,SHORT,0.49281449615955353,0.49188801646232605,0.493740975856781,0.47053993019913776,0.5275580883026123,50.71855038404465,0.5086070895195007,2,False,True,True,54.5,True,0.11612388491630543,UNRANKED,,False,,,
2021-06-04,2021-06-07,2021-06-10,GE,XLI,68.16150692677428,65.58108520507812,66.40878977240764,3,take_profit,SHORT,SHORT,0.4954594075679779,0.4971778392791748,0.493740975856781,0.47053993019913776,0.604619026184082,50.45405924320221,0.5086070895195007,2,False,True,True,54.5,True,0.21162542700767523,UNRANKED,,False,,,
2021-06-07,2021-06-08,2021-06-14,GE,XLI,68.015439415008,65.92189025878906,66.30445940838133,4,stop_loss,LONG,LONG,0.5061080753803253,0.5069034695625305,0.5053126811981201,0.48678823967249724,0.4539550542831421,50.61080753803253,0.5086070895195007,2,False,True,True,54.5,True,0.3485841751098632,UNRANKED,,False,,,
2021-06-08,2021-06-09,2021-06-16,GE,XLI,67.0416921742867,65.4350357055664,65.44895143419183,5,stop_loss,LONG,LONG,0.5061995685100555,0.507086455821991,0.5053126811981201,0.48678823967249724,0.4518001675605774,50.619956851005554,0.5086070895195007,2,False,True,True,54.5,True,0.2715218663215638,UNRANKED,,False,,,
2021-06-09,2021-06-10,2021-06-14,GE,XLI,67.23644288944485,63.292823791503906,65.60892573420628,2,stop_loss,LONG,LONG,0.5041258335113525,0.502938985824585,0.5053126811981201,0.48678823967249724,0.4510102868080139,50.412583351135254,0.5086070895195007,2,False,True,True,54.5,True,0.2696515917778014,UNRANKED,,False,,,
2021-06-10,2021-06-11,2021-06-17,GE,XLI,66.45745331895812,62.221710205078125,64.78124809260488,4,stop_loss,LONG,LONG,0.5009778887033463,0.4966430962085724,0.5053126811981201,0.47053993019913776,0.502845823764801,50.097788870334625,0.5086070895195007,2,False,True,True,54.5,True,0.5032366216182709,UNRANKED,,False,,,
2021-06-11,2021-06-14,2021-06-16,GE,XLI,67.09037543482111,64.2178726196289,65.49067668691374,2,stop_loss,LONG,LONG,0.5061995685100555,0.507086455821991,0.5053126811981201,0.48678823967249724,0.4294244050979614,50.619956851005554,0.5086070895195007,2,False,True,True,54.5,True,0.3756756484508514,UNRANKED,,False,,,
2021-06-14,2021-06-15,2021-06-17,GE,XLI,65.48371113172401,63.438873291015625,63.76577093745782,2,stop_loss,LONG,LONG,0.5017737597227097,0.49952253699302673,0.5040249824523926,0.4744835965978128,0.4289742112159729,50.177375972270966,0.5086070895195007,2,False,True,True,54.5,True,0.4315231740474701,UNRANKED,,False,,,
2021-06-15,2021-06-16,2021-06-17,GE,XLI,65.72715766497127,63.04938507080078,64.0022594628926,1,stop_loss,LONG,LONG,0.5055557191371918,0.507086455821991,0.5040249824523926,0.48678823967249724,0.41603657603263855,50.55557191371918,0.5086070895195007,2,False,True,True,54.5,True,0.2052448093891145,UNRANKED,,False,,,
2021-06-16,2021-06-17,2021-06-18,GE,XLI,65.28898192552683,64.02311706542969,63.68927663813843,1,stop_loss,LONG,LONG,0.5034819841384888,0.502938985824585,0.5040249824523926,0.48678823967249724,0.39358603954315186,50.34819841384888,0.5086070895195007,2,False,True,True,54.5,True,0.251557171344757,UNRANKED,,False,,,
2021-06-17,2021-06-18,2021-06-21,GE,XLI,62.51383216987101,64.12057495117188,63.758818567750474,1,take_profit,LONG,LONG,0.5002864748239517,0.49654796719551086,0.5040249824523926,0.47053993019913776,0.4876934289932251,50.02864748239517,0.5086070895195007,2,False,True,True,54.5,True,0.36478245258331304,UNRANKED,,False,,,
2021-06-18,2021-06-21,2021-06-24,GE,XLI,62.75727014938944,62.805030822753906,63.95357011102448,3,take_profit,LONG,LONG,0.509209468960762,0.4978163540363312,0.5206025838851929,0.47053993019913776,0.5544594526290894,50.9209468960762,0.5086070895195007,1,True,True,False,54.5,True,1.465870603919029,UNRANKED,,False,,,
2021-06-21,2021-06-22,2021-06-29,GE,XLI,63.87705992615343,63.77949905395508,63.77949905395508,5,time_exit,LONG,LONG,0.5061740279197693,0.502938985824585,0.5094090700149536,0.48678823967249724,0.47016391158103943,50.61740279197693,0.5086070895195007,2,False,True,True,54.5,True,0.3595769703388214,UNRANKED,,False,,,
2021-06-22,2021-06-23,2021-06-30,GE,XLI,63.39018780408082,65.582275390625,64.8786118327499,5,take_profit,LONG,LONG,0.5061740279197693,0.502938985824585,0.5094090700149536,0.48678823967249724,0.48931530117988586,50.61740279197693,0.5086070895195007,2,False,True,True,54.5,True,0.6598471701145172,UNRANKED,,False,,,
2021-06-23,2021-06-24,2021-06-30,GE,XLI,63.58493788366429,65.67971801757812,65.12900308664977,4,take_profit,LONG,LONG,0.5061740279197693,0.502938985824585,0.5094090700149536,0.48678823967249724,0.5225569605827332,50.61740279197693,0.5086070895195007,2,False,True,True,54.5,True,0.4755701124668121,UNRANKED,,False,,,
2021-06-24,2021-06-25,2021-07-02,GE,XLI,64.12057495117188,65.09504699707031,65.09504699707031,5,time_exit,LONG,LONG,0.5046192109584808,0.49982935190200806,0.5094090700149536,0.4744835965978128,0.4168523848056793,50.46192109584808,0.5086070895195007,2,False,True,True,54.5,True,0.3292952179908752,UNRANKED,,False,,,
2021-06-25,2021-06-28,2021-07-06,GE,XLI,64.12057644601309,62.9511833190918,62.9511833190918,5,time_exit,LONG,LONG,0.5047407746315002,0.5157405734062195,0.493740975856781,0.48678823967249724,0.37855392694473267,50.474077463150024,0.5086070895195007,2,False,True,True,54.5,True,-0.09274026751518268,UNRANKED,,False,,,
2021-06-28,2021-06-29,2021-06-30,GE,XLI,63.63333065072444,63.2435417175293,65.38620802237622,1,stop_loss,SHORT,SHORT,0.49824845790863037,0.5027559399604797,0.493740975856781,0.48678823967249724,0.5422801375389099,50.17515420913696,0.5086070895195007,2,False,True,True,54.5,True,0.06831520795822135,UNRANKED,,False,,,
2021-06-29,2021-06-30,2021-07-08,GE,XLI,64.07183640088307,62.70756912231445,62.70756912231445,5,time_exit,SHORT,SHORT,0.4966936409473419,0.49964630603790283,0.493740975856781,0.4744835965978128,0.5064473152160645,50.33063590526581,0.5086070895195007,2,False,True,True,54.5,True,0.3199604153633118,UNRANKED,,False,,,
2021-06-30,2021-07-01,2021-07-06,GE,XLI,66.16696337496472,64.12057495117188,64.20512887615055,2,take_profit,SHORT,SHORT,0.4990922212600708,0.5044434666633606,0.493740975856781,0.48678823967249724,0.5366265177726746,50.09077787399292,0.5086070895195007,2,False,True,True,54.5,True,-0.1638838350772857,UNRANKED,,False,,,
2021-07-01,2021-07-02,2021-07-06,GE,XLI,65.97207236654202,63.87693786621094,64.03804810070775,1,take_profit,SHORT,SHORT,0.4990922212600708,0.5044434666633606,0.493740975856781,0.48678823967249724,0.4926632046699524,50.09077787399292,0.5086070895195007,2,False,True,True,54.5,True,0.0268933773040771,UNRANKED,,False,,,
2021-07-02,2021-07-06,2021-07-08,GE,XLI,64.70524122026873,62.805030822753906,62.84070874956561,2,take_profit,SHORT,SHORT,0.4966936409473419,0.49964630603790283,0.493740975856781,0.4744835965978128,0.39998772740364075,50.33063590526581,0.5086070895195007,2,False,True,True,54.5,True,0.19149225950241083,UNRANKED,,False,,,
2021-07-06,2021-07-07,2021-07-14,GE,XLI,62.75630371681644,62.415225982666016,62.415225982666016,5,time_exit,LONG,LONG,0.5018356442451477,0.49964630603790283,0.5040249824523926,0.4744835965978128,0.44385775923728943,50.18356442451477,0.5086070895195007,2,False,True,True,54.5,True,0.4495577216148376,UNRANKED,,False,,,
2021-07-07,2021-07-08,2021-07-09,GE,XLI,62.025437514178385,62.171607971191406,64.119764623379,1,take_profit,LONG,LONG,0.5033904612064362,0.5027559399604797,0.5040249824523926,0.48678823967249724,0.46056073904037476,50.339046120643616,0.5086070895195007,2,False,True,True,54.5,True,0.33644819259643544,UNRANKED,,False,,,
2021-07-08,2021-07-09,2021-07-16,GE,XLI,63.38971794602934,61.148406982421875,61.52485359666411,5,stop_loss,LONG,LONG,0.5034819841384888,0.502938985824585,0.5040249824523926,0.48678823967249724,0.4807594418525696,50.34819841384888,0.5086070895195007,2,False,True,True,54.5,True,0.5156971812248229,UNRANKED,,False,,,
2021-07-09,2021-07-12,2021-07-16,GE,XLI,63.63331893346408,58.46860885620117,61.719612835180044,4,stop_loss,LONG,LONG,0.5034819841384888,0.502938985824585,0.5040249824523926,0.48678823967249724,0.39827242493629456,50.34819841384888,0.5086070895195007,2,False,True,True,54.5,True,0.464800387620926,UNRANKED,,False,,,
2021-07-12,2021-07-13,2021-07-16,GE,XLI,63.779506852328545,61.87925720214844,62.11616151541448,3,stop_loss,LONG,LONG,0.5034819841384888,0.502938985824585,0.5040249824523926,0.48678823967249724,0.41107651591300964,50.34819841384888,0.5086070895195007,2,False,True,True,54.5,True,0.19535115361213692,UNRANKED,,False,,,
2021-07-13,2021-07-14,2021-07-19,GE,XLI,62.75629177241666,63.73076629638672,61.0511024762392,3,stop_loss,LONG,LONG,0.5022518634796143,0.5004787445068359,0.5040249824523926,0.4744835965978128,0.3803238272666931,50.225186347961426,0.5086070895195007,2,False,True,True,54.5,True,0.41948616504669184,UNRANKED,,False,,,
2021-07-14,2021-07-15,2021-07-19,GE,XLI,61.83054217627024,61.87925720214844,60.12530764868235,2,stop_loss,LONG,LONG,0.5033904612064362,0.5027559399604797,0.5040249824523926,0.48678823967249724,0.3859691023826599,50.339046120643616,0.5086070895195007,2,False,True,True,54.5,True,0.41413131356239313,UNRANKED,,False,,,
2021-07-15,2021-07-16,2021-07-19,GE,XLI,62.36650177332354,61.9279899597168,60.765569243329125,1,stop_loss,LONG,LONG,0.5033904612064362,0.5027559399604797,0.5040249824523926,0.48678823967249724,0.3904377520084381,50.339046120643616,0.5086070895195007,2,False,True,True,54.5,True,0.7787125706672668,UNRANKED,,False,,,
2021-07-16,2021-07-19,2021-07-20,GE,XLI,59.39435957050421,62.9511833190918,61.12754111521682,1,take_profit,LONG,LONG,0.5032607316970825,0.502938985824585,0.5035824775695801,0.48678823967249724,0.4118891954421997,50.32607316970825,0.5086070895195007,2,False,True,True,54.5,True,0.21117410063743597,UNRANKED,,False,,,
2021-07-19,2021-07-20,2021-07-21,GE,XLI,58.517313703320966,63.73076629638672,60.44538867629111,1,take_profit,LONG,LONG,0.5038473606109619,0.5041122436523438,0.5035824775695801,0.48678823967249724,0.4297841489315033,50.38473606109619,0.5086070895195007,2,False,True,True,54.5,True,-0.21437498927116394,UNRANKED,,False,,,
2021-07-20,2021-07-21,2021-07-28,GE,XLI,62.317777883564915,63.974395751953125,63.974395751953125,5,time_exit,LONG,LONG,0.5034819841384888,0.502938985824585,0.5040249824523926,0.48678823967249724,0.4268762767314911,50.34819841384888,0.5086070895195007,2,False,True,True,54.5,True,0.7630011439323425,UNRANKED,,False,,,
2021-07-21,2021-07-22,2021-07-29,GE,XLI,63.58459345517613,64.75397491455078,64.75397491455078,5,time_exit,SHORT,SHORT,0.4966936409473419,0.49964630603790283,0.493740975856781,0.4744835965978128,0.4838813543319702,50.33063590526581,0.5086070895195007,2,False,True,True,54.5,True,0.0026105344295502056,UNRANKED,,False,,,
2021-07-22,2021-07-23,2021-07-30,GE,XLI,62.366502598577526,63.09735870361328,63.09735870361328,5,time_exit,SHORT,SHORT,0.49824845790863037,0.5027559399604797,0.493740975856781,0.48678823967249724,0.5103650689125061,50.17515420913696,0.5086070895195007,2,False,True,True,54.5,True,0.24832084774971014,UNRANKED,,False,,,
2021-07-23,2021-07-26,2021-07-29,GE,XLI,61.68436703861143,61.27021789550781,64.14144787967588,3,stop_loss,SHORT,SHORT,0.4966936409473419,0.49964630603790283,0.493740975856781,0.4744835965978128,0.4875357151031494,50.33063590526581,0.5086070895195007,2,False,True,True,54.5,True,0.2412494421005249,UNRANKED,,False,,,
2021-07-26,2021-07-27,2021-08-02,GE,XLI,64.94886104163514,62.76847839355469,62.65187596037119,4,take_profit,SHORT,SHORT,0.4966936409473419,0.49964630603790283,0.493740975856781,0.4744835965978128,0.4153161942958832,50.33063590526581,0.5086070895195007,2,False,True,True,54.5,True,0.2458370327949523,UNRANKED,,False,,,
2021-07-27,2021-07-28,2021-08-02,GE,XLI,64.07184633091002,62.6771125793457,61.70525773838072,3,take_profit,SHORT,SHORT,0.4966936409473419,0.49964630603790283,0.493740975856781,0.4744835965978128,0.4321995973587036,50.33063590526581,0.5086070895195007,2,False,True,True,54.5,True,0.19492778182029744,UNRANKED,,False,,,
2021-07-28,2021-07-29,2021-08-02,GE,XLI,64.2667369597134,62.744117736816406,61.941911672848164,2,take_profit,SHORT,SHORT,0.4966936409473419,0.49964630603790283,0.493740975856781,0.4744835965978128,0.46360448002815247,50.33063590526581,0.5086070895195007,2,False,True,True,54.5,True,0.22166365385055553,UNRANKED,,False,,,
2021-07-29,2021-07-30,2021-08-02,GE,XLI,64.12055976006812,63.657684326171875,61.88622399695428,1,take_profit,SHORT,SHORT,0.4966936409473419,0.49964630603790283,0.493740975856781,0.4744835965978128,0.48674488067626953,50.33063590526581,0.5086070895195007,2,False,True,True,54.5,True,0.18840101361274741,UNRANKED,,False,,,
2021-07-30,2021-08-02,2021-08-09,GE,XLI,63.63332706599675,63.16435623168945,63.16435623168945,5,time_exit,SHORT,SHORT,0.4966936409473419,0.49964630603790283,0.493740975856781,0.4744835965978128,0.5035187602043152,50.33063590526581,0.5086070895195007,2,False,True,True,54.5,True,0.061797708272933946,UNRANKED,,False,,,
2021-08-02,2021-08-03,2021-08-06,GE,XLI,61.026603419533096,64.6078109741211,63.57068388130765,3,take_profit,LONG,LONG,0.5023760050535202,0.4994393289089203,0.5053126811981201,0.4744835965978128,0.4663054347038269,50.23760050535202,0.5086070895195007,2,False,True,True,54.5,True,0.005174010992050129,UNRANKED,,False,,,
2021-08-03,2021-08-04,2021-08-11,GE,XLI,62.00716047235294,64.58344268798828,64.58344268798828,5,time_exit,LONG,LONG,0.5023760050535202,0.4994393289089203,0.5053126811981201,0.4744835965978128,0.46770766377449036,50.23760050535202,0.5086070895195007,2,False,True,True,54.5,True,0.4804352521896362,UNRANKED,,False,,,
2021-08-04,2021-08-05,2021-08-12,GE,XLI,62.73193827973119,64.87577819824219,64.87577819824219,5,time_exit,LONG,LONG,0.5052929222583771,0.505273163318634,0.5053126811981201,0.48678823967249724,0.4260827302932739,50.52929222583771,0.5086070895195007,2,False,True,True,54.5,True,0.23413339257240295,UNRANKED,,False,,,
2021-08-05,2021-08-06,2021-08-13,GE,XLI,62.9511863659252,63.901309967041016,63.901309967041016,5,time_exit,LONG,LONG,0.5052929222583771,0.505273163318634,0.5053126811981201,0.48678823967249724,0.4185906648635864,50.52929222583771,0.5086070895195007,2,False,True,True,54.5,True,0.3974151015281677,UNRANKED,,False,,,
2021-08-06,2021-08-09,2021-08-16,GE,XLI,63.0729991178648,62.94509506225586,62.94509506225586,5,time_exit,LONG,LONG,0.5025710165500641,0.49982935190200806,0.5053126811981201,0.4744835965978128,0.4018436372280121,50.25710165500641,0.5086070895195007,2,False,True,True,54.5,True,0.47573411464691173,UNRANKED,,False,,,
2021-08-09,2021-08-10,2021-08-17,GE,XLI,63.22526721510673,61.89144515991211,61.89144515991211,5,time_exit,LONG,LONG,0.5024794936180115,0.49964630603790283,0.5053126811981201,0.4744835965978128,0.3972358703613281,50.24794936180115,0.5086070895195007,2,False,True,True,54.5,True,0.4029850065708161,UNRANKED,,False,,,
2021-08-10,2021-08-11,2021-08-17,GE,XLI,64.68698672414452,61.763553619384766,62.870277478190275,4,stop_loss,LONG,LONG,0.5002203583717346,0.5016369819641113,0.4988037347793579,0.45260575421901716,0.44517892599105835,50.02203583717346,0.5040674209594727,2,False,True,True,52.0,False,0.13992840051650998,UNRANKED,,False,,,
2021-08-11,2021-08-12,2021-08-16,GE,XLI,64.67479106942858,60.55154800415039,63.11910193891798,2,take_profit,SHORT,SHORT,0.49630655348300934,0.5016369819641113,0.49097612500190735,0.45260575421901716,0.5247393846511841,50.369344651699066,0.5040674209594727,2,False,True,True,52.0,False,-0.00998914241790768,UNRANKED,,False,,,
2021-08-12,2021-08-13,2021-08-16,GE,XLI,64.86360644170031,60.93523406982422,63.27311691794892,1,take_profit,SHORT,SHORT,0.49974676966667175,0.5016369819641113,0.4978565573692322,0.45260575421901716,0.5118441581726074,50.025323033332825,0.5040674209594727,2,False,True,True,52.0,False,0.09483623504638675,UNRANKED,,False,,,
2021-08-13,2021-08-16,2021-08-17,GE,XLI,63.481058215378006,61.495567321777344,61.897529424222874,1,stop_loss,LONG,LONG,0.5036609470844269,0.5016369819641113,0.5056849122047424,0.45260575421901716,0.4842289984226227,50.36609470844269,0.5040674209594727,2,False,True,True,52.0,False,0.36440479755401617,UNRANKED,,False,,,
2021-08-16,2021-08-17,2021-08-19,GE,XLI,62.451767255017984,62.89638900756836,60.843005331364246,2,stop_loss,LONG,LONG,0.5002203583717346,0.5016369819641113,0.4988037347793579,0.45260575421901716,0.5449466705322266,50.02203583717346,0.5040674209594727,2,False,True,True,52.0,False,0.2760935425758362,UNRANKED,,False,,,
2021-08-17,2021-08-18,2021-08-25,GE,XLI,61.562566468396916,63.76730728149414,63.28704559873313,5,take_profit,LONG,LONG,0.5146685242652893,0.5016369819641113,0.5277000665664673,0.45260575421901716,0.6274179220199585,51.46685242652893,0.5040674209594727,1,True,True,False,52.0,False,0.31094381213188177,UNRANKED,,False,,,
2021-08-18,2021-08-19,2021-08-24,GE,XLI,60.9047970374551,62.96337127685547,62.536177936066984,3,take_profit,LONG,LONG,0.5136570036411285,0.4996139407157898,0.5277000665664673,0.45260575421901716,0.5173762440681458,51.365700364112854,0.5040674209594727,1,True,True,False,52.0,False,0.45338225364685064,UNRANKED,,False,,,
2021-08-19,2021-08-20,2021-08-24,GE,XLI,60.65507304282668,64.61388397216797,62.222938142052406,2,take_profit,LONG,LONG,0.5027649700641632,0.4996139407157898,0.5059159994125366,0.45260575421901716,0.5017582774162292,50.27649700641632,0.5040674209594727,2,False,True,True,52.0,False,0.650593101978302,UNRANKED,,False,,,
2021-08-20,2021-08-23,2021-08-24,GE,XLI,61.27021754397964,64.06574249267578,62.63187482285799,1,stop_loss,SHORT,SHORT,0.49834325909614563,0.4996139407157898,0.49707257747650146,0.45260575421901716,0.6404242515563965,50.16567409038544,0.5040674209594727,2,False,True,True,52.0,False,0.30595287680625927,UNRANKED,,False,,,
2021-08-23,2021-08-24,2021-08-25,GE,XLI,61.69047340903631,64.1997299194336,62.918141081329836,1,stop_loss,SHORT,SHORT,0.49834325909614563,0.4996139407157898,0.49707257747650146,0.45260575421901716,0.6043930649757385,50.16567409038544,0.5040674209594727,2,False,True,True,52.0,False,0.2798729240894318,UNRANKED,,False,,,
2021-08-24,2021-08-25,2021-08-27,GE,XLI,62.95117938913099,63.133888244628906,64.36591218593624,2,stop_loss,SHORT,SHORT,0.4944297671318054,0.4996139407157898,0.48924559354782104,0.45260575421901716,0.6293798089027405,50.55702328681946,0.5040674209594727,1,True,False,True,52.0,False,-0.23539641499519354,UNRANKED,,False,,,
2021-08-25,2021-08-26,2021-09-02,GE,XLI,63.621136474661064,64.71743774414062,64.71743774414062,5,time_exit,SHORT,SHORT,0.4944297671318054,0.4996139407157898,0.48924559354782104,0.45260575421901716,0.6318563222885132,50.55702328681946,0.5040674209594727,1,True,False,True,52.0,False,0.007102906703948964,UNRANKED,,False,,,
2021-08-26,2021-08-27,2021-09-03,GE,XLI,63.28007323039627,63.79777145385742,63.79777145385742,5,time_exit,SHORT,SHORT,0.4927487075328827,0.4996139407157898,0.4858834743499756,0.45260575421901716,0.6220532059669495,50.72512924671173,0.5040674209594727,1,True,False,True,52.0,False,0.14452451467514038,UNRANKED,,False,,,
2021-08-27,2021-08-30,2021-09-07,GE,XLI,64.76006097399829,62.9085578918457,63.08083287254043,5,take_profit,SHORT,SHORT,0.4927487075328827,0.4996139407157898,0.4858834743499756,0.45260575421901716,0.5607978105545044,50.72512924671173,0.5040674209594727,1,True,False,True,52.0,False,0.03031486272811884,UNRANKED,,False,,,
2021-08-30,2021-08-31,2021-09-08,GE,XLI,63.913471726964424,62.47613525390625,62.47613525390625,5,time_exit,SHORT,SHORT,0.49666130542755127,0.4996139407157898,0.49370867013931274,0.45260575421901716,0.547027587890625,50.33386945724487,0.5040674209594727,2,False,True,True,52.0,False,0.18565043807029719,UNRANKED,,False,,,
2021-08-31,2021-09-01,2021-09-08,GE,XLI,64.16926861187984,62.9085578918457,62.60228252789547,4,take_profit,SHORT,SHORT,0.49666130542755127,0.4996139407157898,0.49370867013931274,0.45260575421901716,0.5391131639480591,50.33386945724487,0.5040674209594727,2,False,True,True,52.0,False,0.2501415312290191,UNRANKED,,False,,,
2021-09-01,2021-09-02,2021-09-10,GE,XLI,63.34098751284402,62.122886657714844,62.122886657714844,5,time_exit,SHORT,SHORT,0.49666130542755127,0.4996139407157898,0.49370867013931274,0.45260575421901716,0.6006507873535156,50.33386945724487,0.5040674209594727,2,False,True,True,52.0,False,0.2746352255344392,UNRANKED,,False,,,
2021-09-02,2021-09-03,2021-09-08,GE,XLI,64.55908075273008,63.621150970458984,62.794582178336945,2,take_profit,SHORT,SHORT,0.49666130542755127,0.4996139407157898,0.49370867013931274,0.45260575421901716,0.5594286322593689,50.33386945724487,0.5040674209594727,2,False,True,True,52.0,False,0.18683141469955428,UNRANKED,,False,,,
2021-09-03,2021-09-07,2021-09-14,GE,XLI,63.64550826105234,61.13623046875,61.88623091730234,5,take_profit,SHORT,SHORT,0.49666130542755127,0.4996139407157898,0.49370867013931274,0.45260575421901716,0.5632994174957275,50.33386945724487,0.5040674209594727,2,False,True,True,52.0,False,0.37333881855011,UNRANKED,,False,,,
2021-09-07,2021-09-08,2021-09-15,GE,XLI,62.70148504019463,62.22032928466797,62.22032928466797,5,time_exit,SHORT,SHORT,0.49666130542755127,0.4996139407157898,0.49370867013931274,0.45260575421901716,0.5420699715614319,50.33386945724487,0.5040674209594727,2,False,True,True,52.0,False,0.48077008128166204,UNRANKED,,False,,,
2021-09-08,2021-09-09,2021-09-16,GE,XLI,62.342146022847494,61.720916748046875,61.720916748046875,5,time_exit,SHORT,SHORT,0.49834325909614563,0.4996139407157898,0.49707257747650146,0.45260575421901716,0.5469112992286682,50.16567409038544,0.5040674209594727,2,False,True,True,52.0,False,0.5930680632591249,UNRANKED,,False,,,
2021-09-09,2021-09-10,2021-09-14,GE,XLI,62.90855481594784,61.19104766845703,61.24063293222853,2,take_profit,SHORT,SHORT,0.49834325909614563,0.4996139407157898,0.49707257747650146,0.45260575421901716,0.6213712692260742,50.16567409038544,0.5040674209594727,2,False,True,True,52.0,False,0.39574170112609863,UNRANKED,,False,,,
2021-09-10,2021-09-13,2021-09-20,GE,XLI,62.518779446424084,60.78907012939453,60.793431110068056,5,take_profit,SHORT,SHORT,0.49834325909614563,0.4996139407157898,0.49707257747650146,0.45260575421901716,0.5299325585365295,50.16567409038544,0.5040674209594727,2,False,True,True,52.0,False,0.43138831853866577,UNRANKED,,False,,,
2021-09-13,2021-09-14,2021-09-16,GE,XLI,63.669867009939665,58.968013763427734,61.81052852204206,2,take_profit,SHORT,SHORT,0.4911908656358719,0.4996139407157898,0.482767790555954,0.45260575421901716,0.6408421993255615,50.88091343641281,0.5040674209594727,1,True,False,True,52.0,False,-0.18986862897872925,UNRANKED,,False,,,
2021-09-14,2021-09-15,2021-09-21,GE,XLI,61.38593217034404,60.01559066772461,59.37172242302959,4,stop_loss,LONG,LONG,0.5053092837333679,0.4996139407157898,0.511004626750946,0.45260575421901716,0.4995821714401245,50.53092837333679,0.5040674209594727,1,True,True,False,52.0,False,-0.06183192133903488,UNRANKED,,False,,,
2021-09-15,2021-09-16,2021-09-21,GE,XLI,62.36041655956458,62.70756912231445,60.31575244910838,3,stop_loss,LONG,LONG,0.5120932161808014,0.4996139407157898,0.524572491645813,0.45260575421901716,0.4031422436237335,51.20932161808014,0.5040674209594727,1,True,True,False,52.0,False,0.3977567553520203,UNRANKED,,False,,,
2021-09-16,2021-09-17,2021-09-21,GE,XLI,61.60519769459035,63.26832580566406,59.6040369367081,2,stop_loss,LONG,LONG,0.5120932161808014,0.4996139407157898,0.524572491645813,0.45260575421901716,0.35781288146972656,51.20932161808014,0.5040674209594727,1,True,True,False,52.0,False,0.49507427215576166,UNRANKED,,False,,,
2021-09-17,2021-09-20,2021-09-23,GE,XLI,59.99121876282571,64.21310424804688,61.83228757560473,3,take_profit,LONG,LONG,0.5053092837333679,0.4996139407157898,0.511004626750946,0.45260575421901716,0.38894274830818176,50.53092837333679,0.5040674209594727,1,True,True,False,52.0,False,0.6069521009922028,UNRANKED,,False,,,
2021-09-20,2021-09-21,2021-09-23,GE,XLI,60.84388116781757,64.44468688964844,62.664069417678064,2,take_profit,LONG,LONG,0.5099305808544159,0.4996139407157898,0.520247220993042,0.45260575421901716,0.42182350158691406,50.99305808544159,0.5040674209594727,1,True,True,False,52.0,False,0.8264224827289581,UNRANKED,,False,,,
2021-09-21,2021-09-22,2021-09-23,GE,XLI,59.4857170982257,64.7799301147461,61.54691519654462,1,take_profit,LONG,LONG,0.510949432849884,0.4996139407157898,0.5222849249839783,0.45260575421901716,0.5760538578033447,51.0949432849884,0.5040674209594727,1,True,True,False,52.0,False,0.6372778713703157,UNRANKED,,False,,,
2021-09-22,2021-09-23,2021-09-24,GE,XLI,60.61853874166893,62.79899215698242,62.67712758705816,1,take_profit,LONG,LONG,0.510949432849884,0.4996139407157898,0.5222849249839783,0.45260575421901716,0.4913993179798126,51.0949432849884,0.5040674209594727,1,True,True,False,52.0,False,0.802918344736099,UNRANKED,,False,,,
2021-09-23,2021-09-24,2021-10-01,GE,XLI,62.57347118781848,64.49956512451172,64.49956512451172,5,time_exit,LONG,LONG,0.5188724994659424,0.5019208788871765,0.5358241200447083,0.45260575421901716,0.550988495349884,51.88724994659424,0.5040674209594727,1,True,True,False,52.0,False,0.6363876163959503,UNRANKED,,False,,,
2021-09-24,2021-09-27,2021-10-04,GE,XLI,63.725487336805394,63.93883514404297,63.93883514404297,5,time_exit,LONG,LONG,0.5188724994659424,0.5019208788871765,0.5358241200447083,0.45260575421901716,0.43571045994758606,51.88724994659424,0.5040674209594727,1,True,True,False,52.0,False,0.7167848348617554,UNRANKED,,False,,,
2021-09-27,2021-09-28,2021-10-05,GE,XLI,64.17649326348261,63.93883514404297,63.93883514404297,5,time_exit,SHORT,SHORT,0.4941055327653885,0.5019208788871765,0.48629018664360046,0.45260575421901716,0.6174436807632446,50.58944672346115,0.5040674209594727,1,True,False,True,52.0,False,0.36137050390243525,UNRANKED,,False,,,
2021-09-28,2021-09-29,2021-10-06,GE,XLI,64.60926278277404,63.591373443603516,63.591373443603516,5,time_exit,SHORT,SHORT,0.49264784157276154,0.4953286051750183,0.48996707797050476,0.26666666666666666,0.6544597148895264,50.735215842723846,0.5040674209594727,1,True,False,True,52.0,False,-0.019323796033859225,UNRANKED,,False,,,
2021-09-29,2021-09-30,2021-10-07,GE,XLI,64.82869824966059,64.31060791015625,64.31060791015625,5,time_exit,SHORT,SHORT,0.4982450157403946,0.5019208788871765,0.49456915259361267,0.45260575421901716,0.6326643228530884,50.17549842596054,0.5040674209594727,2,False,True,True,52.0,False,0.40917187929153437,UNRANKED,,False,,,
2021-09-30,2021-10-01,2021-10-08,GE,XLI,63.49995363686837,63.82908630371094,63.82908630371094,5,time_exit,LONG,LONG,0.5220524072647095,0.5019208788871765,0.5421839356422424,0.45260575421901716,0.5945189595222473,52.20524072647095,0.5040674209594727,1,True,True,False,52.0,False,1.1094336956739426,UNRANKED,,False,,,
2021-10-01,2021-10-04,2021-10-11,GE,XLI,64.24359578701292,63.43900680541992,63.43900680541992,5,time_exit,LONG,LONG,0.5220524072647095,0.5019208788871765,0.5421839356422424,0.45260575421901716,0.49415645003318787,52.20524072647095,0.5040674209594727,1,True,True,False,52.0,False,0.9776324331760406,UNRANKED,,False,,,
2021-10-04,2021-10-05,2021-10-12,GE,XLI,64.03635407131219,62.610050201416016,62.610050201416016,5,time_exit,LONG,LONG,0.5220524072647095,0.5019208788871765,0.5421839356422424,0.45260575421901716,0.5481664538383484,52.20524072647095,0.5040674209594727,1,True,True,False,52.0,False,0.7872912585735321,UNRANKED,,False,,,
2021-10-05,2021-10-06,2021-10-13,GE,XLI,63.19518483240627,62.390625,62.390625,5,time_exit,LONG,LONG,0.514924168586731,0.5019208788871765,0.5279274582862854,0.45260575421901716,0.5181545615196228,51.492416858673096,0.5040674209594727,1,True,True,False,52.0,False,0.625232994556427,UNRANKED,,False,,,
2021-10-06,2021-10-07,2021-10-14,GE,XLI,63.90222291987097,62.62223434448242,62.62223434448242,5,time_exit,LONG,LONG,0.514924168586731,0.5019208788871765,0.5279274582862854,0.45260575421901716,0.48361992835998535,51.492416858673096,0.5040674209594727,1,True,True,False,52.0,False,0.6586710810661317,UNRANKED,,False,,,
2021-10-07,2021-10-08,2021-10-15,GE,XLI,64.22527493153706,63.64014434814453,63.64014434814453,5,time_exit,SHORT,SHORT,0.499496728181839,0.5019208788871765,0.49707257747650146,0.45260575421901716,0.5771446228027344,50.0503271818161,0.5040674209594727,2,False,True,True,52.0,False,0.48199683427810663,UNRANKED,,False,,,
2021-10-08,2021-10-11,2021-10-18,GE,XLI,63.90223834085642,63.463382720947266,63.463382720947266,5,time_exit,SHORT,SHORT,0.499496728181839,0.5019208788871765,0.49707257747650146,0.45260575421901716,0.6496241092681885,50.0503271818161,0.5040674209594727,2,False,True,True,52.0,False,0.07486140727996837,UNRANKED,,False,,,
2021-10-11,2021-10-12,2021-10-19,GE,XLI,63.122044874778645,63.83519744873047,63.83519744873047,5,time_exit,SHORT,SHORT,0.49781477451324463,0.5019208788871765,0.49370867013931274,0.45260575421901716,0.6686314344406128,50.21852254867554,0.5040674209594727,2,False,True,True,52.0,False,0.13791418075561518,UNRANKED,,False,,,
2021-10-12,2021-10-13,2021-10-20,GE,XLI,62.29309864819238,64.60928344726562,63.97507496655175,5,stop_loss,SHORT,SHORT,0.49390217661857605,0.5019208788871765,0.4858834743499756,0.45260575421901716,0.6022721529006958,50.609782338142395,0.5040674209594727,1,True,False,True,52.0,False,-0.031159341335296707,UNRANKED,,False,,,
2021-10-13,2021-10-14,2021-10-20,GE,XLI,62.86604273490958,62.87214660644531,64.1947971599584,4,stop_loss,SHORT,SHORT,0.49390217661857605,0.5019208788871765,0.4858834743499756,0.45260575421901716,0.510003924369812,50.609782338142395,0.5040674209594727,1,True,False,True,52.0,False,-0.14713969826698298,UNRANKED,,False,,,
2021-10-14,2021-10-15,2021-10-20,GE,XLI,63.17691280134841,63.42071533203125,64.45864617798763,3,stop_loss,SHORT,SHORT,0.4944297671318054,0.4996139407157898,0.48924559354782104,0.45260575421901716,0.5340503454208374,50.55702328681946,0.5040674209594727,1,True,False,True,52.0,False,0.3447168469429016,UNRANKED,,False,,,
2021-10-15,2021-10-18,2021-10-20,GE,XLI,63.19519644359089,64.18260955810547,64.48737718612716,2,take_profit,LONG,LONG,0.5008909404277802,0.4996139407157898,0.5021679401397705,0.45260575421901716,0.5139711499214172,50.089094042778015,0.5040674209594727,2,False,True,True,52.0,False,0.44893527030944813,UNRANKED,,False,,,
2021-10-18,2021-10-19,2021-10-26,GE,XLI,63.74376928530026,65.48698425292969,65.0281184543502,5,take_profit,LONG,LONG,0.5008909404277802,0.4996139407157898,0.5021679401397705,0.45260575421901716,0.5316401124000549,50.089094042778015,0.5040674209594727,2,False,True,True,52.0,False,0.3087691366672517,UNRANKED,,False,,,
2021-10-19,2021-10-20,2021-10-26,GE,XLI,63.84738213596446,63.2988166809082,65.13695580539806,4,take_profit,LONG,LONG,0.5008909404277802,0.4996139407157898,0.5021679401397705,0.45260575421901716,0.6045068502426147,50.089094042778015,0.5040674209594727,2,False,True,True,52.0,False,0.2700034976005555,UNRANKED,,False,,,
2021-10-20,2021-10-21,2021-10-27,GE,XLI,64.46299948325792,64.15823364257812,63.34583323657125,4,take_profit,SHORT,SHORT,0.49920883774757385,0.4996139407157898,0.4988037347793579,0.45260575421901716,0.5239138007164001,50.079116225242615,0.5040674209594727,2,False,True,True,52.0,False,0.23176947236061102,UNRANKED,,False,,,
2021-10-21,2021-10-22,2021-10-25,GE,XLI,62.81119430288078,63.92051315307617,63.93358396003759,1,stop_loss,SHORT,SHORT,0.49920883774757385,0.4996139407157898,0.4988037347793579,0.45260575421901716,0.5403026342391968,50.079116225242615,0.5040674209594727,2,False,True,True,52.0,False,0.44570243358612055,UNRANKED,,False,,,
2021-10-22,2021-10-25,2021-10-26,GE,XLI,63.17080177536606,64.74947357177734,64.29145411039676,1,stop_loss,SHORT,SHORT,0.49529503285884857,0.4996139407157898,0.49097612500190735,0.45260575421901716,0.5652308464050293,50.47049671411514,0.5040674209594727,1,True,False,True,52.0,False,0.14651092886924744,UNRANKED,,False,,,
2021-10-25,2021-10-26,2021-11-02,GE,XLI,64.46299496378607,65.02983856201172,65.02983856201172,5,time_exit,SHORT,SHORT,0.49529503285884857,0.4996139407157898,0.49097612500190735,0.45260575421901716,0.5110043287277222,50.47049671411514,0.5040674209594727,1,True,False,True,52.0,False,0.14917969703674305,UNRANKED,,False,,,
2021-10-26,2021-10-27,2021-10-28,GE,XLI,65.75518813676676,64.59098815917969,64.38899191309908,1,take_profit,SHORT,SHORT,0.49529503285884857,0.4996139407157898,0.49097612500190735,0.45260575421901716,0.5699316263198853,50.47049671411514,0.5040674209594727,1,True,False,True,52.0,False,0.1706445515155793,UNRANKED,,False,,,
2021-10-27,2021-10-28,2021-11-01,GE,XLI,63.01842343772769,64.12777709960938,64.59446724789092,2,take_profit,LONG,LONG,0.5136570036411285,0.4996139407157898,0.5277000665664673,0.45260575421901716,0.6004441380500793,51.365700364112854,0.5040674209594727,1,True,True,False,52.0,False,0.39969491958618153,UNRANKED,,False,,,
2021-10-28,2021-10-29,2021-11-05,GE,XLI,63.96927632218503,66.27937316894531,65.59930518309463,5,take_profit,LONG,LONG,0.5008909404277802,0.4996139407157898,0.5021679401397705,0.45260575421901716,0.6053794622421265,50.089094042778015,0.5040674209594727,2,False,True,True,52.0,False,0.3342951834201813,UNRANKED,,False,,,
2021-10-29,2021-11-01,2021-11-05,GE,XLI,64.46300017690623,66.08432006835938,66.07126346513168,4,take_profit,LONG,LONG,0.5008909404277802,0.4996139407157898,0.5021679401397705,0.45260575421901716,0.6029086112976074,50.089094042778015,0.5040674209594727,2,False,True,True,52.0,False,0.4102188050746918,UNRANKED,,False,,,
2021-11-01,2021-11-02,2021-11-09,GE,XLI,64.81650623232233,67.83366394042969,66.42477006550452,5,take_profit,LONG,LONG,0.5008909404277802,0.4996139407157898,0.5021679401397705,0.45260575421901716,0.5385153889656067,50.089094042778015,0.5040674209594727,2,False,True,True,52.0,False,0.34722965955734264,UNRANKED,,False,,,
2021-11-02,2021-11-03,2021-11-09,GE,XLI,64.70680162233897,66.4134750366211,66.32377113963808,4,stop_loss,SHORT,SHORT,0.49529503285884857,0.4996139407157898,0.49097612500190735,0.45260575421901716,0.5225403308868408,50.47049671411514,0.5040674209594727,1,True,False,True,52.0,False,0.07321000099182141,UNRANKED,,False,,,
2021-11-03,2021-11-04,2021-11-05,GE,XLI,64.53005659062737,65.21880340576172,66.176631973405,1,stop_loss,SHORT,SHORT,0.49529503285884857,0.4996139407157898,0.49097612500190735,0.45260575421901716,0.5943715572357178,50.47049671411514,0.5040674209594727,1,True,False,True,52.0,False,-0.6794940531253817,UNRANKED,,False,,,
2021-11-04,2021-11-05,2021-11-09,GE,XLI,65.17613712499572,65.57841491699219,66.74346980147452,2,stop_loss,SHORT,SHORT,0.49529503285884857,0.4996139407157898,0.49097612500190735,0.45260575421901716,0.5686424970626831,50.47049671411514,0.5040674209594727,1,True,False,True,52.0,False,-0.26399883627891557,UNRANKED,,False,,,
2021-11-05,2021-11-08,2021-11-15,GE,XLI,66.68165216371315,65.01765441894531,65.01765441894531,5,time_exit,SHORT,SHORT,0.49529503285884857,0.4996139407157898,0.49097612500190735,0.45260575421901716,0.5896332859992981,50.47049671411514,0.5040674209594727,1,True,False,True,52.0,False,-0.26640486717224127,UNRANKED,,False,,,
2021-11-08,2021-11-09,2021-11-10,GE,XLI,69.93041366223228,62.994049072265625,68.10621344076186,1,take_profit,SHORT,SHORT,0.49920883774757385,0.4996139407157898,0.4988037347793579,0.45260575421901716,0.49282658100128174,50.079116225242615,0.5040674209594727,2,False,True,True,52.0,False,-0.037624329328537,UNRANKED,,False,,,
2021-11-09,2021-11-10,2021-11-11,GE,XLI,68.57117676920583,62.16509246826172,66.60765399437325,1,take_profit,SHORT,SHORT,0.49529503285884857,0.4996139407157898,0.49097612500190735,0.45260575421901716,0.593743085861206,50.47049671411514,0.5040674209594727,1,True,False,True,52.0,False,-0.10012382268905634,UNRANKED,,False,,,
2021-11-10,2021-11-11,2021-11-16,GE,XLI,66.16356101597758,61.36052703857422,64.24531651786094,3,stop_loss,LONG,LONG,0.508071780204773,0.4996139407157898,0.5165296196937561,0.45260575421901716,0.5550647974014282,50.807178020477295,0.5040674209594727,1,True,True,False,52.0,False,0.14981478452682487,UNRANKED,,False,,,
2021-11-11,2021-11-12,2021-11-16,GE,XLI,65.46260891041327,60.92777633666992,63.452063997257575,2,take_profit,SHORT,SHORT,0.4969767779111862,0.4996139407157898,0.49433961510658264,0.45260575421901716,0.7020046710968018,50.30232220888138,0.5040674209594727,2,False,True,True,52.0,False,-0.5899347066879274,UNRANKED,,False,,,
2021-11-12,2021-11-15,2021-11-16,GE,XLI,65.84660594665735,61.586055755615234,63.893529992765046,1,take_profit,SHORT,SHORT,0.49618780612945557,0.4996139407157898,0.49276167154312134,0.45260575421901716,0.5847126245498657,50.38121938705444,0.5040674209594727,2,False,True,True,52.0,False,-0.06896698474884044,UNRANKED,,False,,,
2021-11-15,2021-11-16,2021-11-17,GE,XLI,64.70070791218201,62.21995162963867,62.85386255782933,1,take_profit,SHORT,SHORT,0.4937819093465805,0.4996139407157898,0.4879498779773712,0.45260575421901716,0.508817195892334,50.62180906534195,0.5040674209594727,1,True,False,True,52.0,False,0.016849637031555315,UNRANKED,,False,,,
2021-11-16,2021-11-17,2021-11-18,GE,XLI,63.207376303806804,62.31138610839844,61.38403983878867,1,stop_loss,LONG,LONG,0.5026494264602661,0.4996139407157898,0.5056849122047424,0.45260575421901716,0.5776560306549072,50.26494264602661,0.5040674209594727,2,False,True,True,52.0,False,0.2665048241615296,UNRANKED,,False,,,
2021-11-17,2021-11-18,2021-11-26,GE,XLI,61.82376223111693,59.635597229003906,60.00477724576537,5,take_profit,SHORT,SHORT,0.49666130542755127,0.4996139407157898,0.49370867013931274,0.45260575421901716,0.6896231770515442,50.33386945724487,0.5040674209594727,2,False,True,True,52.0,False,0.30901896953582764,UNRANKED,,False,,,
2021-11-18,2021-11-19,2021-11-29,GE,XLI,60.83025370802724,59.97691345214844,59.97691345214844,5,time_exit,SHORT,SHORT,0.4957452416419983,0.49778181314468384,0.49370867013931274,0.42073170731707316,0.6567702293395996,50.42547583580017,0.5040674209594727,1,True,False,True,52.0,False,0.4198684990406037,UNRANKED,,False,,,
2021-11-19,2021-11-22,2021-11-30,GE,XLI,61.2386302521963,57.8984375,59.39526880636064,5,stop_loss,LONG,LONG,0.5136570036411285,0.4996139407157898,0.5277000665664673,0.45260575421901716,0.47320738434791565,51.365700364112854,0.5040674209594727,1,True,True,False,52.0,False,0.8282236754894257,UNRANKED,,False,,,
2021-11-22,2021-11-23,2021-11-26,GE,XLI,62.03709533569287,56.68550109863281,60.139746114327075,2,take_profit,SHORT,SHORT,0.49834325909614563,0.4996139407157898,0.49707257747650146,0.45260575421901716,0.5470159649848938,50.16567409038544,0.5040674209594727,2,False,True,True,52.0,False,0.5652652084827424,UNRANKED,,False,,,
2021-11-23,2021-11-24,2021-11-26,GE,XLI,62.08586481577518,58.04473876953125,60.16065195566776,1,take_profit,SHORT,SHORT,0.4927487075328827,0.4996139407157898,0.4858834743499756,0.45260575421901716,0.5895504355430603,50.72512924671173,0.5040674209594727,1,True,False,True,52.0,False,0.15412005782127394,UNRANKED,,False,,,
2021-11-24,2021-11-26,2021-12-01,GE,XLI,58.91636079546224,56.545310974121094,57.04425887547061,3,take_profit,SHORT,SHORT,0.4927487075328827,0.4996139407157898,0.4858834743499756,0.45260575421901716,0.6315174698829651,50.72512924671173,0.5040674209594727,1,True,False,True,52.0,False,-0.002618312835693179,UNRANKED,,False,,,
2021-11-26,2021-11-29,2021-11-30,GE,XLI,60.50719894843776,58.52016830444336,58.56021234129491,1,stop_loss,LONG,LONG,0.5105539262294769,0.4996139407157898,0.5214939117431641,0.45260575421901716,0.6531035900115967,51.05539262294769,0.5040674209594727,1,True,True,False,52.0,False,1.0426158457994459,UNRANKED,,False,,,
2021-11-29,2021-11-30,2021-12-01,GE,XLI,58.904147014143845,59.458824157714844,56.936265675206904,1,stop_loss,LONG,LONG,0.5040673911571503,0.4996139407157898,0.5085208415985107,0.45260575421901716,0.5052683353424072,50.40673911571503,0.5040674209594727,2,False,True,True,52.0,False,0.4519229531288147,UNRANKED,,False,,,
2021-11-30,2021-12-01,2021-12-03,GE,XLI,58.84930450719494,59.903770446777344,56.834404299675406,2,stop_loss,LONG,LONG,0.5076279640197754,0.5019208788871765,0.5133350491523743,0.45260575421901716,0.7264730930328369,50.76279640197754,0.5040674209594727,1,True,True,False,52.0,False,0.4136841744184494,UNRANKED,,False,,,
2021-12-01,2021-12-02,2021-12-07,GE,XLI,57.416930563834114,59.629486083984375,59.40222327100487,3,take_profit,LONG,LONG,0.5028754770755768,0.5019208788871765,0.503830075263977,0.45260575421901716,0.6404039859771729,50.28754770755768,0.5040674209594727,2,False,True,True,52.0,False,1.1965820342302322,UNRANKED,,False,,,
2021-12-02,2021-12-03,2021-12-10,GE,XLI,57.98377980755283,59.093116760253906,59.093116760253906,5,time_exit,LONG,LONG,0.5171266496181488,0.5019208788871765,0.5323324203491211,0.45260575421901716,0.5298925638198853,51.71266496181488,0.5040674209594727,1,True,True,False,52.0,False,1.2653547674417496,UNRANKED,,False,,,
2021-12-03,2021-12-06,2021-12-07,GE,XLI,57.203599749022196,56.76473617553711,59.3752327882242,1,take_profit,LONG,LONG,0.5171266496181488,0.5019208788871765,0.5323324203491211,0.45260575421901716,0.46640875935554504,51.71266496181488,0.5040674209594727,1,True,True,False,52.0,False,1.1890566796064377,UNRANKED,,False,,,
2021-12-06,2021-12-07,2021-12-14,GE,XLI,58.87977918735284,56.14302444458008,56.50613231496863,5,take_profit,SHORT,SHORT,0.494830459356308,0.4953286051750183,0.49433231353759766,0.26666666666666666,0.6408156752586365,50.5169540643692,0.5040674209594727,1,True,False,True,52.0,False,-0.001706242561340561,UNRANKED,,False,,,
2021-12-07,2021-12-08,2021-12-13,GE,XLI,59.45881864952412,56.1247444152832,57.240164561912515,3,take_profit,SHORT,SHORT,0.4828975647687912,0.4953286051750183,0.4704665243625641,0.26666666666666666,0.6625625491142273,51.71024352312088,0.5040674209594727,1,True,False,True,52.0,False,0.3813729584217073,UNRANKED,,False,,,
2021-12-08,2021-12-09,2021-12-13,GE,XLI,59.59291557016673,56.399024963378906,57.429120098975325,2,take_profit,SHORT,SHORT,0.4816022366285324,0.4953286051750183,0.4678758680820465,0.26666666666666666,0.6462035179138184,51.83977633714676,0.5040674209594727,1,True,False,True,52.0,False,0.058038473129272405,UNRANKED,,False,,,
2021-12-09,2021-12-10,2021-12-13,GE,XLI,59.78797153242753,55.7407341003418,57.69993049936391,1,stop_loss,LONG,LONG,0.5133827924728394,0.5019208788871765,0.5248447060585022,0.45260575421901716,0.5221642851829529,51.338279247283936,0.5040674209594727,1,True,True,False,52.0,False,0.6083327233791351,UNRANKED,,False,,,
2021-12-10,2021-12-13,2021-12-14,GE,XLI,58.49577653657602,54.892757415771484,56.39293284325152,1,stop_loss,LONG,LONG,0.5114185512065887,0.5019208788871765,0.520916223526001,0.45260575421901716,0.5853174328804016,51.141855120658875,0.5040674209594727,1,True,True,False,52.0,False,0.4519535303115845,UNRANKED,,False,,,
2021-12-13,2021-12-14,2021-12-21,GE,XLI,56.53311863860992,56.771724700927734,56.771724700927734,5,time_exit,LONG,LONG,0.5065350234508514,0.5019208788871765,0.5111491680145264,0.45260575421901716,0.6368845701217651,50.653502345085144,0.5040674209594727,1,True,True,False,52.0,False,0.929655134677887,UNRANKED,,False,,,
2021-12-14,2021-12-15,2021-12-22,GE,XLI,56.210078108473944,56.77783203125,56.77783203125,5,time_exit,LONG,LONG,0.5065350234508514,0.5019208788871765,0.5111491680145264,0.45260575421901716,0.5261337161064148,50.653502345085144,0.5040674209594727,1,True,True,False,52.0,False,0.7513652443885802,UNRANKED,,False,,,
2021-12-15,2021-12-16,2021-12-23,GE,XLI,56.39293049973203,57.34518814086914,57.34518814086914,5,time_exit,SHORT,SHORT,0.49781477451324463,0.5019208788871765,0.49370867013931274,0.45260575421901716,0.5747730731964111,50.21852254867554,0.5040674209594727,2,False,True,True,52.0,False,0.31933924555778503,UNRANKED,,False,,,
2021-12-16,2021-12-17,2021-12-27,GE,XLI,56.35025503326204,57.723411560058594,57.723411560058594,5,time_exit,SHORT,SHORT,0.49390217661857605,0.5019208788871765,0.4858834743499756,0.45260575421901716,0.5012917518615723,50.609782338142395,0.5040674209594727,1,True,False,True,52.0,False,0.15722644329071045,UNRANKED,,False,,,
2021-12-17,2021-12-20,2021-12-23,GE,XLI,54.90496074939929,58.13825988769531,56.936408568700344,3,stop_loss,SHORT,SHORT,0.4955832362174988,0.5019208788871765,0.48924559354782104,0.45260575421901716,0.5113630294799805,50.44167637825012,0.5040674209594727,1,True,False,True,52.0,False,0.7665335237979889,UNRANKED,,False,,,
2021-12-20,2021-12-21,2021-12-23,GE,XLI,55.34419620122675,57.82713317871094,57.199858410873794,2,take_profit,LONG,LONG,0.5000042617321014,0.5019208788871765,0.49808764457702637,0.45260575421901716,0.5435295701026917,50.000426173210144,0.5040674209594727,2,False,True,True,52.0,False,0.2539438605308534,UNRANKED,,False,,,
2021-12-21,2021-12-22,2021-12-30,GE,XLI,56.68632383586043,57.77222442626953,57.77222442626953,5,time_exit,SHORT,SHORT,0.4955832362174988,0.5019208788871765,0.48924559354782104,0.45260575421901716,0.45069676637649536,50.44167637825012,0.5040674209594727,1,True,False,True,52.0,False,0.37000966072082514,UNRANKED,,False,,,
2021-12-22,2021-12-23,2021-12-31,GE,XLI,56.918149839573346,57.63191223144531,57.63191223144531,5,time_exit,SHORT,SHORT,0.4955832362174988,0.5019208788871765,0.48924559354782104,0.45260575421901716,0.42693063616752625,50.44167637825012,0.5040674209594727,1,True,False,True,52.0,False,0.6262719929218293,UNRANKED,,False,,,
2021-12-23,2021-12-27,2022-01-03,GE,XLI,57.119456777376755,58.711708068847656,58.711708068847656,5,time_exit,SHORT,SHORT,0.499496728181839,0.5019208788871765,0.49707257747650146,0.45260575421901716,0.41901230812072754,50.0503271818161,0.5040674209594727,2,False,True,True,52.0,False,0.6133335828781127,UNRANKED,,False,,,
2021-12-27,2021-12-28,2022-01-04,GE,XLI,57.60751007193406,60.62118148803711,59.00377155962239,5,stop_loss,SHORT,SHORT,0.49796006083488464,0.5019208788871765,0.4939992427825928,0.45260575421901716,0.6091731190681458,50.203993916511536,0.5040674209594727,2,False,True,True,52.0,False,-0.41992977261543285,UNRANKED,,False,,,
2021-12-28,2021-12-29,2022-01-04,GE,XLI,57.955247659726254,60.62118148803711,59.27667950089534,4,stop_loss,SHORT,SHORT,0.49657121300697327,0.5019208788871765,0.49122154712677,0.45260575421901716,0.6075881719589233,50.34287869930267,0.5040674209594727,2,False,True,True,52.0,False,-0.4485850036144258,UNRANKED,,False,,,
2021-12-29,2021-12-30,2022-01-04,GE,XLI,57.74782149298661,60.97502136230469,59.05013625128739,3,stop_loss,SHORT,SHORT,0.49450168013572693,0.49778181314468384,0.49122154712677,0.42073170731707316,0.5776512622833252,50.54983198642731,0.5040674209594727,1,True,False,True,52.0,False,-0.06896534562110916,UNRANKED,,False,,,
2021-12-30,2021-12-31,2022-01-04,GE,XLI,57.65021163050122,61.85959243774414,58.92118701589463,2,stop_loss,SHORT,SHORT,0.4972958117723465,0.49778181314468384,0.49680981040000916,0.42073170731707316,0.5751732587814331,50.27041882276535,0.5040674209594727,2,False,True,True,52.0,False,0.1908388435840606,UNRANKED,,False,,,
2021-12-31,2022-01-03,2022-01-04,GE,XLI,58.08945009263417,60.65168380737305,59.30384588818384,1,take_profit,LONG,LONG,0.5016525685787201,0.4996139407157898,0.5036911964416504,0.45260575421901716,0.5203807950019836,50.16525685787201,0.5040674209594727,2,False,True,True,52.0,False,0.178297996520996,UNRANKED,,False,,,
2022-01-03,2022-01-04,2022-01-07,GE,XLI,60.26125220993115,62.09751510620117,61.29727875586447,3,take_profit,LONG,LONG,0.5016525685787201,0.4996139407157898,0.5036911964416504,0.45260575421901716,0.5697264671325684,50.16525685787201,0.5040674209594727,2,False,True,True,52.0,False,0.3602932393550873,UNRANKED,,False,,,
2022-01-04,2022-01-05,2022-01-11,GE,XLI,60.84080416426034,62.372047424316406,62.06079666565543,4,stop_loss,SHORT,SHORT,0.498735249042511,0.4996139407157898,0.4978565573692322,0.45260575421901716,0.5049734711647034,50.1264750957489,0.5040674209594727,2,False,True,True,52.0,False,0.5387600660324097,UNRANKED,,False,,,
2022-01-05,2022-01-06,2022-01-13,GE,XLI,61.28004874000835,62.50625991821289,62.49742980864674,5,take_profit,LONG,LONG,0.5097516477108002,0.4996139407157898,0.5198893547058105,0.45260575421901716,0.526458740234375,50.97516477108002,0.5040674209594727,1,True,True,False,52.0,False,0.2386337220668791,UNRANKED,,False,,,
2022-01-06,2022-01-07,2022-01-12,GE,XLI,60.88350496037281,62.93329620361328,62.112251647035755,3,stop_loss,SHORT,SHORT,0.4969767779111862,0.4996139407157898,0.49433961510658264,0.45260575421901716,0.7046447992324829,50.30232220888138,0.5040674209594727,2,False,True,True,52.0,False,-0.17970100045204151,UNRANKED,,False,,,
2022-01-07,2022-01-10,2022-01-18,GE,XLI,62.054813317269016,62.768577575683594,62.768577575683594,5,time_exit,SHORT,SHORT,0.49061068892478943,0.4919757843017578,0.48924559354782104,0.04009535965038151,0.6543656587600708,50.93893110752106,0.5040674209594727,1,True,False,True,52.0,False,0.023001551628112817,UNRANKED,,False,,,
2022-01-10,2022-01-11,2022-01-13,GE,XLI,61.182433087341785,61.38375473022461,62.49492436803375,2,stop_loss,SHORT,SHORT,0.49061068892478943,0.4919757843017578,0.48924559354782104,0.04009535965038151,0.6846213340759277,50.93893110752106,0.5040674209594727,1,True,False,True,52.0,False,-0.1608581244945527,UNRANKED,,False,,,
2022-01-11,2022-01-12,2022-01-20,GE,XLI,61.87790382009698,59.93791580200195,60.62728910888046,5,take_profit,SHORT,SHORT,0.4951478838920593,0.4996139407157898,0.49068182706832886,0.45260575421901716,0.4925945997238159,50.48521161079407,0.5040674209594727,1,True,False,True,52.0,False,0.04051670432090758,UNRANKED,,False,,,
2022-01-12,2022-01-13,2022-01-20,GE,XLI,62.402548371693356,58.74831771850586,61.11358723364927,4,stop_loss,LONG,LONG,0.5001018643379211,0.4996139407157898,0.5005897879600525,0.45260575421901716,0.5276961922645569,50.010186433792114,0.5040674209594727,2,False,True,True,52.0,False,0.05670034885406497,UNRANKED,,False,,,
2022-01-13,2022-01-14,2022-01-20,GE,XLI,62.01821780840247,59.120445251464844,60.79113432974734,3,stop_loss,LONG,LONG,0.5001018643379211,0.4996139407157898,0.5005897879600525,0.45260575421901716,0.5513664484024048,50.010186433792114,0.5040674209594727,2,False,True,True,52.0,False,0.19973447918891912,UNRANKED,,False,,,
2022-01-14,2022-01-18,2022-01-20,GE,XLI,62.56726176528637,55.58212661743164,61.33320502002967,2,take_profit,SHORT,SHORT,0.49666130542755127,0.4996139407157898,0.49370867013931274,0.45260575421901716,0.5941612720489502,50.33386945724487,0.5040674209594727,2,False,True,True,52.0,False,0.23174864053726196,UNRANKED,,False,,,
2022-01-18,2022-01-19,2022-01-20,GE,XLI,62.646566465413834,54.49012756347656,61.448242534401,1,take_profit,SHORT,SHORT,0.4988507926464081,0.4996139407157898,0.49808764457702637,0.45260575421901716,0.5821438431739807,50.11492073535919,0.5040674209594727,2,False,True,True,52.0,False,0.29144963622093206,UNRANKED,,False,,,
2022-01-19,2022-01-20,2022-01-21,GE,XLI,61.14582546041501,54.843963623046875,59.79411636704866,1,stop_loss,LONG,LONG,0.5167263150215149,0.4996139407157898,0.53383868932724,0.45260575421901716,0.5927784442901611,51.67263150215149,0.5040674209594727,1,True,True,False,52.0,False,0.7652068734169006,UNRANKED,,False,,,
2022-01-20,2022-01-21,2022-01-25,GE,XLI,59.60239432102749,56.18607711791992,58.05198091683525,2,stop_loss,LONG,LONG,0.5126563906669617,0.4996139407157898,0.5256988406181335,0.45260575421901716,0.616901159286499,51.26563906669617,0.5040674209594727,1,True,True,False,52.0,False,-0.13436424732208263,UNRANKED,,False,,,
2022-01-21,2022-01-24,2022-01-25,GE,XLI,57.70511619095885,57.63800811767578,56.00480480267062,1,stop_loss,LONG,LONG,0.5126563906669617,0.4996139407157898,0.5256988406181335,0.45260575421901716,0.6057936549186707,51.26563906669617,0.5040674209594727,1,True,True,False,52.0,False,-0.13507577776908866,UNRANKED,,False,,,
2022-01-24,2022-01-25,2022-01-31,GE,XLI,55.58822641723579,59.754913330078125,57.18744233346067,4,take_profit,LONG,LONG,0.513812243938446,0.4996139407157898,0.5280105471611023,0.45260575421901716,0.4807143807411194,51.381224393844604,0.5040674209594727,1,True,True,False,52.0,False,0.4494656622409823,UNRANKED,,False,,,
2022-01-25,2022-01-26,2022-02-01,GE,XLI,55.82614806503946,59.809814453125,57.65805615481346,4,take_profit,LONG,LONG,0.513812243938446,0.4996139407157898,0.5280105471611023,0.45260575421901716,0.6562606692314148,51.381224393844604,0.5040674209594727,1,True,True,False,52.0,False,0.4937714636325837,UNRANKED,,False,,,
2022-01-26,2022-01-27,2022-01-31,GE,XLI,54.90496909445849,59.98061752319336,56.89287704908321,2,take_profit,LONG,LONG,0.5284474194049835,0.5019208788871765,0.5549739599227905,0.45260575421901716,0.6421805024147034,52.84474194049835,0.5040674209594727,1,True,True,False,52.0,False,1.22836372256279,UNRANKED,,False,,,
2022-01-27,2022-01-28,2022-01-31,GE,XLI,54.47792412744244,60.40156555175781,56.46583153711041,1,take_profit,LONG,LONG,0.522302120923996,0.5019208788871765,0.5426833629608154,0.45260575421901716,0.48123612999916077,52.2302120923996,0.5040674209594727,1,True,True,False,52.0,False,1.3784510940313337,UNRANKED,,False,,,
2022-01-28,2022-01-31,2022-02-01,GE,XLI,55.88714907752695,60.944515228271484,57.940419689971144,1,take_profit,LONG,LONG,0.5200794339179993,0.5019208788871765,0.538237988948822,0.45260575421901716,0.5086138844490051,52.00794339179993,0.5040674209594727,1,True,True,False,52.0,False,1.7683701664209368,UNRANKED,,False,,,
2022-01-31,2022-02-01,2022-02-04,GE,XLI,57.95525175709531,60.58457565307617,60.043382708023046,3,take_profit,LONG,LONG,0.5171695947647095,0.5019208788871765,0.5324183106422424,0.45260575421901716,0.6164606809616089,51.71695947647095,0.5040674209594727,1,True,True,False,52.0,False,0.9204544723033905,UNRANKED,,False,,,
2022-02-01,2022-02-02,2022-02-09,GE,XLI,59.58409196402296,60.5479850769043,60.5479850769043,5,time_exit,LONG,LONG,0.5061245262622833,0.5019208788871765,0.5103281736373901,0.45260575421901716,0.5360445976257324,50.61245262622833,0.5040674209594727,1,True,True,False,52.0,False,0.7810763120651245,UNRANKED,,False,,,
2022-02-02,2022-02-03,2022-02-10,GE,XLI,59.26685510931349,60.26735305786133,60.26735305786133,5,time_exit,LONG,LONG,0.514471709728241,0.5019208788871765,0.5270225405693054,0.45260575421901716,0.5110809803009033,51.4471709728241,0.5040674209594727,1,True,True,False,52.0,False,1.105332374572754,UNRANKED,,False,,,
2022-02-03,2022-02-04,2022-02-11,GE,XLI,59.60239461678513,59.0716438293457,59.0716438293457,5,time_exit,LONG,LONG,0.5097370743751526,0.5019208788871765,0.5175532698631287,0.45260575421901716,0.4979930818080902,50.97370743751526,0.5040674209594727,1,True,True,False,52.0,False,0.95896714925766,UNRANKED,,False,,,
2022-02-04,2022-02-07,2022-02-14,GE,XLI,60.621184731790265,58.931331634521484,58.931331634521484,5,time_exit,LONG,LONG,0.5097370743751526,0.5019208788871765,0.5175532698631287,0.45260575421901716,0.5803654193878174,50.97370743751526,0.5040674209594727,1,True,True,False,52.0,False,1.2586770951747894,UNRANKED,,False,,,
2022-02-07,2022-02-08,2022-02-15,GE,XLI,60.99331451348217,61.5667724609375,61.5667724609375,5,time_exit,LONG,LONG,0.5006256699562073,0.4953286051750183,0.5059227347373962,0.26666666666666666,0.48926621675491333,50.06256699562073,0.5040674209594727,2,False,True,True,52.0,False,0.9644954204559327,UNRANKED,,False,,,
2022-02-08,2022-02-09,2022-02-11,GE,XLI,61.15803985289986,61.865699768066406,59.09343849966326,2,stop_loss,LONG,LONG,0.5046768486499786,0.5107317566871643,0.49862194061279297,0.539821029082774,0.5471649765968323,50.467684864997864,0.5138390064239502,2,False,True,True,59.0,False,0.5211782455444335,UNRANKED,,False,,,
2022-02-09,2022-02-10,2022-02-17,GE,XLI,60.02333117811052,60.066036224365234,60.066036224365234,5,time_exit,SHORT,SHORT,0.4500579535961151,0.48020297288894653,0.4199129343032837,0.46876987660602976,0.5433499217033386,54.99420464038849,0.5138390064239502,1,True,False,True,59.0,False,-0.11583560705184931,UNRANKED,,False,,,
2022-02-10,2022-02-11,2022-02-18,GE,XLI,60.407664389998565,56.546016693115234,58.674236524833944,5,stop_loss,LONG,LONG,0.5136147439479828,0.5009084343910217,0.5263210535049438,0.5028653295128939,0.5118740797042847,51.36147439479828,0.5138390064239502,2,False,True,True,59.0,False,0.6419470608234406,UNRANKED,,False,,,
2022-02-11,2022-02-14,2022-02-15,GE,XLI,58.99843690337888,57.43669509887695,60.84951929648017,1,take_profit,LONG,LONG,0.5165196359157562,0.5098142623901367,0.5232250094413757,0.539821029082774,0.49869680404663086,51.65196359157562,0.5138390064239502,1,True,True,False,59.0,False,0.7043012976646424,UNRANKED,,False,,,
2022-02-14,2022-02-15,2022-02-16,GE,XLI,59.77931065700448,56.521610260009766,61.144963558790195,1,take_profit,LONG,LONG,0.5074424743652344,0.4916052222251892,0.5232797265052795,0.46876987660602976,0.48450422286987305,50.74424743652344,0.5138390064239502,2,False,True,True,59.0,False,0.8527100980281831,UNRANKED,,False,,,
2022-02-15,2022-02-16,2022-02-18,GE,XLI,61.06042530863315,56.45450973510742,59.4742807250673,2,take_profit,SHORT,SHORT,0.49733059108257294,0.47138145565986633,0.5232797265052795,0.46876987660602976,0.46748340129852295,50.266940891742706,0.5138390064239502,2,False,True,True,59.0,False,0.4725007116794586,UNRANKED,,False,,,
2022-02-16,2022-02-17,2022-02-18,GE,XLI,61.21904040530214,58.791015625,59.64073992922792,1,stop_loss,LONG,LONG,0.503943532705307,0.49981778860092163,0.5080692768096924,0.5028653295128939,0.48344042897224426,50.3943532705307,0.5138390064239502,2,False,True,True,59.0,False,0.5408627986907959,UNRANKED,,False,,,
2022-02-17,2022-02-18,2022-02-22,GE,XLI,60.041631678772184,58.26637268066406,58.397966910008236,1,stop_loss,LONG,LONG,0.5039000660181046,0.509402871131897,0.49839726090431213,0.539821029082774,0.5652773380279541,50.390006601810455,0.5138390064239502,2,False,True,True,59.0,False,0.6480385065078735,UNRANKED,,False,,,
2022-02-18,2022-02-22,2022-02-25,GE,XLI,56.51551324461542,56.326393127441406,58.45461923216425,3,take_profit,LONG,LONG,0.520654708147049,0.5232873558998108,0.5180220603942871,0.539821029082774,0.4777389168739319,52.065470814704895,0.5138390064239502,1,True,True,False,59.0,False,0.6295896470546724,UNRANKED,,False,,,
2022-02-22,2022-02-23,2022-03-02,GE,XLI,57.21707333408185,57.44279479980469,57.44279479980469,5,time_exit,LONG,LONG,0.5060108602046967,0.523095428943634,0.4889262914657593,0.539821029082774,0.5582962036132812,50.601086020469666,0.5138390064239502,2,False,True,True,59.0,False,0.2808569967746736,UNRANKED,,False,,,
2022-02-23,2022-02-24,2022-02-25,GE,XLI,55.264903023200496,56.39960479736328,57.15171714063214,1,stop_loss,SHORT,SHORT,0.49971117079257965,0.5226603746414185,0.47676196694374084,0.539821029082774,0.5577373504638672,50.028882920742035,0.5138390064239502,2,False,True,True,59.0,False,0.22730863094329834,UNRANKED,,False,,,
2022-02-24,2022-02-25,2022-03-04,GE,XLI,56.98525454850127,54.38032913208008,55.113255080379055,5,stop_loss,LONG,LONG,0.5326354205608368,0.5280596613883972,0.5372111797332764,0.539821029082774,0.4492570161819458,53.26354205608368,0.5138390064239502,1,True,True,False,59.0,False,0.8235561549663543,UNRANKED,,False,,,
2022-02-25,2022-02-28,2022-03-04,GE,XLI,57.808831651962414,52.13330078125,55.66318106079333,4,stop_loss,LONG,LONG,0.5150994062423706,0.5151800513267517,0.5150187611579895,0.539821029082774,0.49853843450546265,51.50994062423706,0.5138390064239502,1,True,True,False,59.0,False,0.6730467677116395,UNRANKED,,False,,,
2022-02-28,2022-03-01,2022-03-04,GE,XLI,57.93083837884194,53.824676513671875,55.78780303512682,3,stop_loss,LONG,LONG,0.5280889570713043,0.5185711979866028,0.5376067161560059,0.539821029082774,0.4556833803653717,52.80889570713043,0.5138390064239502,1,True,True,False,59.0,False,0.8120832294225692,UNRANKED,,False,,,
2022-03-01,2022-03-02,2022-03-04,GE,XLI,57.01576024386815,55.717533111572266,54.64700490329198,2,stop_loss,LONG,LONG,0.5264609456062317,0.5150610208511353,0.5378608703613281,0.539821029082774,0.41867369413375854,52.64609456062317,0.5138390064239502,1,True,True,False,59.0,False,0.6474957764148711,UNRANKED,,False,,,
2022-03-02,2022-03-03,2022-03-04,GE,XLI,57.91864182710889,55.766387939453125,55.39562775850538,1,stop_loss,LONG,LONG,0.5335958302021027,0.5321349501609802,0.5350567102432251,0.539821029082774,0.4797569513320923,53.359583020210266,0.5138390064239502,1,True,True,False,59.0,False,0.8946303725242615,UNRANKED,,False,,,
2022-03-03,2022-03-04,2022-03-07,GE,XLI,55.039186058995796,56.34646987915039,52.40723513562107,1,stop_loss,LONG,LONG,0.5050446391105652,0.5191220045089722,0.4909672737121582,0.539821029082774,0.6060357093811035,50.50446391105652,0.5138390064239502,2,False,True,True,59.0,False,0.7310206592082976,UNRANKED,,False,,,
2022-03-04,2022-03-07,2022-03-14,GE,XLI,54.14218439789201,56.45026397705078,56.45026397705078,5,time_exit,LONG,LONG,0.5212631523609161,0.515114426612854,0.5274118781089783,0.539821029082774,0.6119745373725891,52.126315236091614,0.5138390064239502,1,True,True,False,59.0,False,0.7513790577650069,UNRANKED,,False,,,
2022-03-07,2022-03-08,2022-03-11,GE,XLI,53.140799200153936,56.38920974731445,56.19136192249629,3,take_profit,LONG,LONG,0.5169209241867065,0.5122216939926147,0.5216201543807983,0.539821029082774,0.5681398510932922,51.692092418670654,0.5138390064239502,1,True,True,False,59.0,False,0.8582328557968141,UNRANKED,,False,,,
2022-03-08,2022-03-09,2022-03-16,GE,XLI,55.84575891212973,57.824119567871094,57.824119567871094,5,time_exit,SHORT,SHORT,0.4813603609800339,0.509617269039154,0.4531034529209137,0.539821029082774,0.5371699929237366,51.86396390199661,0.5138390064239502,1,True,False,True,59.0,False,-0.17626503109931924,UNRANKED,,False,,,
2022-03-09,2022-03-10,2022-03-16,GE,XLI,53.592639453880636,58.330928802490234,56.73603991861975,4,take_profit,LONG,LONG,0.513024091720581,0.5110294222831726,0.5150187611579895,0.539821029082774,0.48736679553985596,51.302409172058105,0.5138390064239502,2,False,True,True,59.0,False,0.9203107208013536,UNRANKED,,False,,,
2022-03-10,2022-03-11,2022-03-18,GE,XLI,56.6639818235325,58.367557525634766,58.367557525634766,5,time_exit,LONG,LONG,0.529772013425827,0.5164520144462585,0.5430920124053955,0.539821029082774,0.46201640367507935,52.9772013425827,0.5138390064239502,1,True,True,False,59.0,False,0.8669875413179398,UNRANKED,,False,,,
2022-03-11,2022-03-14,2022-03-21,GE,XLI,56.444158697842916,57.897396087646484,57.897396087646484,5,time_exit,LONG,LONG,0.5119903832674026,0.48637405037879944,0.5376067161560059,0.46876987660602976,0.5582235455513,51.199038326740265,0.5138390064239502,2,False,True,True,59.0,False,0.9344421476125717,UNRANKED,,False,,,
2022-03-14,2022-03-15,2022-03-22,GE,XLI,56.93875223128562,57.94623565673828,57.94623565673828,5,time_exit,LONG,LONG,0.501114085316658,0.5054131746292114,0.4968149960041046,0.539821029082774,0.558185875415802,50.1114085316658,0.5138390064239502,2,False,True,True,59.0,False,0.7976758778095246,UNRANKED,,False,,,
2022-03-15,2022-03-16,2022-03-23,GE,XLI,57.07307681276678,57.21352005004883,57.21352005004883,5,time_exit,LONG,LONG,0.5197935253381729,0.5401743054389954,0.49941274523735046,0.5517241379310345,0.5230646133422852,51.97935253381729,0.5138390064239502,1,True,True,False,59.0,False,0.6656912565231323,UNRANKED,,False,,,
2022-03-16,2022-03-17,2022-03-24,GE,XLI,57.51882562535585,57.469974517822266,57.469974517822266,5,time_exit,LONG,LONG,0.5277491807937622,0.5204416513442993,0.5350567102432251,0.539821029082774,0.5786883234977722,52.77491807937622,0.5138390064239502,1,True,True,False,59.0,False,0.6341623365879059,UNRANKED,,False,,,
2022-03-17,2022-03-18,2022-03-25,GE,XLI,58.367557525634766,57.408912658691406,57.408912658691406,5,time_exit,LONG,LONG,0.5119978487491608,0.5220088958740234,0.5019868016242981,0.539821029082774,0.5253927707672119,51.19978487491608,0.5138390064239502,2,False,True,True,59.0,False,0.17704620957374584,UNRANKED,,False,,,
2022-03-18,2022-03-21,2022-03-28,GE,XLI,57.6714708416629,56.17549133300781,56.17549133300781,5,time_exit,LONG,LONG,0.510530024766922,0.5201547741889954,0.5009052753448486,0.539821029082774,0.506544291973114,51.0530024766922,0.5138390064239502,2,False,True,True,59.0,False,0.28467556834220903,UNRANKED,,False,,,
2022-03-21,2022-03-22,2022-03-28,GE,XLI,58.1538413029949,57.79359817504883,56.26063811260009,4,stop_loss,LONG,LONG,0.5678934752941132,0.5198893547058105,0.6158975958824158,0.539821029082774,0.48940709233283997,56.789347529411316,0.5138390064239502,1,True,True,False,59.0,False,0.6182686984539032,UNRANKED,,False,,,
2022-03-22,2022-03-23,2022-03-30,GE,XLI,57.750851942146554,57.75084686279297,57.75084686279297,5,time_exit,LONG,LONG,0.5308609902858734,0.5310202240943909,0.530701756477356,0.539821029082774,0.515824019908905,53.08609902858734,0.5138390064239502,1,True,True,False,59.0,False,0.2447374463081361,UNRANKED,,False,,,
2022-03-23,2022-03-24,2022-03-31,GE,XLI,57.6348357550367,55.87018585205078,55.93849492164524,5,stop_loss,LONG,LONG,0.5133807957172394,0.5181847810745239,0.5085768103599548,0.539821029082774,0.5263619422912598,51.33807957172394,0.5138390064239502,2,False,True,True,59.0,False,0.6295299828052522,UNRANKED,,False,,,
2022-03-24,2022-03-25,2022-03-28,GE,XLI,57.66536429586318,56.47468566894531,56.220855062115966,1,stop_loss,LONG,LONG,0.5211487114429474,0.5202092528343201,0.5220881700515747,0.539821029082774,0.5610452890396118,52.11487114429474,0.5138390064239502,1,True,True,False,59.0,False,0.5628974437713624,UNRANKED,,False,,,
2022-03-25,2022-03-28,2022-03-31,GE,XLI,57.15245561942069,56.18769836425781,56.02022731305909,3,stop_loss,LONG,LONG,0.5038159340620041,0.4942267835140228,0.5134050846099854,0.46876987660602976,0.6172587871551514,50.38159340620041,0.5138390064239502,2,False,True,True,59.0,False,0.409622997045517,UNRANKED,,False,,,
2022-03-28,2022-03-29,2022-04-05,GE,XLI,56.79831420939346,55.01534652709961,55.731507961137325,5,stop_loss,LONG,LONG,0.508043110370636,0.514086127281189,0.502000093460083,0.539821029082774,0.587706446647644,50.8043110370636,0.5138390064239502,2,False,True,True,59.0,False,0.3910725414752961,UNRANKED,,False,,,
2022-03-29,2022-03-30,2022-03-31,GE,XLI,57.16466904759008,54.89933395385742,56.13711276445671,1,stop_loss,LONG,LONG,0.5290789902210236,0.5086291432380676,0.5495288372039795,0.539821029082774,0.5520057082176208,52.907899022102356,0.5138390064239502,1,True,True,False,59.0,False,0.6204557120800019,UNRANKED,,False,,,
2022-03-30,2022-03-31,2022-04-04,GE,XLI,57.244041777979966,54.62456130981445,56.217357425650164,2,stop_loss,LONG,LONG,0.5088918805122375,0.49999505281448364,0.5177887082099915,0.5028653295128939,0.5724015831947327,50.889188051223755,0.5138390064239502,2,False,True,True,59.0,False,0.4671623408794402,UNRANKED,,False,,,
2022-03-31,2022-04-01,2022-04-05,GE,XLI,56.236549883666115,54.795528411865234,55.02406852118704,2,take_profit,SHORT,SHORT,0.4918706566095352,0.49277403950691223,0.4909672737121582,0.46876987660602976,0.604484498500824,50.81293433904648,0.5138390064239502,2,False,True,True,59.0,False,0.30732318758964533,UNRANKED,,False,,,
2022-04-01,2022-04-04,2022-04-06,GE,XLI,56.285397777717755,54.75278854370117,55.001387026810946,2,stop_loss,LONG,LONG,0.5296261012554169,0.502315104007721,0.5569370985031128,0.539821029082774,0.5824427008628845,52.96261012554169,0.5138390064239502,1,True,True,False,59.0,False,0.8020714521408081,UNRANKED,,False,,,
2022-04-04,2022-04-05,2022-04-07,GE,XLI,55.96788596353516,54.95428466796875,54.6515990590639,2,stop_loss,LONG,LONG,0.5311120450496674,0.5077168941497803,0.5545071959495544,0.539821029082774,0.5600298047065735,53.111204504966736,0.5138390064239502,1,True,True,False,59.0,False,0.612903296947479,UNRANKED,,False,,,
2022-04-05,2022-04-06,2022-04-13,GE,XLI,54.56960774163115,55.41223907470703,55.41223907470703,5,time_exit,LONG,LONG,0.5277727246284485,0.5095754265785217,0.5459700226783752,0.539821029082774,0.4437285363674164,52.77727246284485,0.5138390064239502,1,True,True,False,59.0,False,0.48071593046188366,UNRANKED,,False,,,
2022-04-06,2022-04-07,2022-04-14,GE,XLI,54.844377532673356,55.461082458496094,55.461082458496094,5,time_exit,LONG,LONG,0.517401397228241,0.5084094405174255,0.5263933539390564,0.539821029082774,0.5875314474105835,51.7401397228241,0.5138390064239502,1,True,True,False,59.0,False,1.0939004421234129,UNRANKED,,False,,,
2022-04-07,2022-04-08,2022-04-18,GE,XLI,54.64287774661044,55.19852066040039,55.19852066040039,5,time_exit,LONG,LONG,0.5225082337856293,0.5071555972099304,0.5378608703613281,0.539821029082774,0.5273580551147461,52.25082337856293,0.5138390064239502,1,True,True,False,59.0,False,0.653417408466339,UNRANKED,,False,,,
2022-04-08,2022-04-11,2022-04-19,GE,XLI,54.67341243436935,56.11443328857422,55.887641473152826,5,take_profit,LONG,LONG,0.5165996849536896,0.5037364363670349,0.5294629335403442,0.539821029082774,0.5295743942260742,51.65996849536896,0.5138390064239502,1,True,True,False,59.0,False,0.4877510964870454,UNRANKED,,False,,,
2022-04-11,2022-04-12,2022-04-20,GE,XLI,54.95428466796875,55.80913162231445,55.80913162231445,5,time_exit,SHORT,SHORT,0.42595815658569336,0.42521777749061584,0.4266985356807709,0.46876987660602976,0.6331424117088318,57.404184341430664,0.5138390064239502,1,True,False,True,59.0,False,0.3892975449562072,UNRANKED,,False,,,
2022-04-12,2022-04-13,2022-04-21,GE,XLI,55.051982739265,56.004520416259766,56.004520416259766,5,time_exit,LONG,LONG,0.514728456735611,0.5043978095054626,0.5250591039657593,0.539821029082774,0.4970332980155945,51.472845673561096,0.5138390064239502,1,True,True,False,59.0,False,0.09333559870719904,UNRANKED,,False,,,
2022-04-13,2022-04-14,2022-04-22,GE,XLI,55.589312008578105,54.38642883300781,54.423057147563874,5,take_profit,SHORT,SHORT,0.49234604835510254,0.4814954400062561,0.503196656703949,0.46876987660602976,0.4868643879890442,50.765395164489746,0.5138390064239502,2,False,True,True,59.0,False,0.15430614352226255,UNRANKED,,False,,,
2022-04-14,2022-04-18,2022-04-25,GE,XLI,55.54656265169267,54.881011962890625,54.881011962890625,5,time_exit,SHORT,SHORT,0.4804163724184036,0.4625784158706665,0.49825432896614075,0.46876987660602976,0.47122660279273987,51.95836275815964,0.5138390064239502,1,True,False,True,59.0,False,0.05957916378974909,UNRANKED,,False,,,
2022-04-18,2022-04-19,2022-04-22,GE,XLI,55.442770315051526,49.20851516723633,54.41695516874154,3,take_profit,SHORT,SHORT,0.4874391704797745,0.4826265871524811,0.49225175380706787,0.46876987660602976,0.46992960572242737,51.25608295202255,0.5138390064239502,2,False,True,True,59.0,False,0.3000057339668274,UNRANKED,,False,,,
2022-04-19,2022-04-20,2022-04-22,GE,XLI,56.48079459205023,47.755287170410156,55.555292904864125,2,take_profit,SHORT,SHORT,0.4859207570552826,0.46363288164138794,0.5082086324691772,0.46876987660602976,0.4768528342247009,51.40792429447174,0.5138390064239502,1,True,False,True,59.0,False,0.20652252435684193,UNRANKED,,False,,,
2022-04-20,2022-04-21,2022-04-22,GE,XLI,56.75556319791485,47.462188720703125,55.79255431729962,1,take_profit,SHORT,SHORT,0.4959650784730911,0.49872568249702454,0.4932044744491577,0.5028653295128939,0.49990490078926086,50.40349215269089,0.5138390064239502,2,False,True,True,59.0,False,0.6916511356830597,UNRANKED,,False,,,
2022-04-21,2022-04-22,2022-04-26,GE,XLI,55.49772805101499,45.52047348022461,54.77547234422788,2,take_profit,SHORT,SHORT,0.4906701594591141,0.4737524688243866,0.5075878500938416,0.46876987660602976,0.5488765239715576,50.93298405408859,0.5138390064239502,2,False,True,True,59.0,False,0.2951922416687013,UNRANKED,,False,,,
2022-04-22,2022-04-25,2022-04-26,GE,XLI,54.038382500588504,46.131065368652344,53.171327970036046,1,stop_loss,LONG,LONG,0.5166884958744049,0.49616581201553345,0.5372111797332764,0.4690909090909091,0.4288897216320038,51.66884958744049,0.5138390064239502,1,True,True,False,59.0,False,0.6035601794719696,UNRANKED,,False,,,
2022-04-25,2022-04-26,2022-04-27,GE,XLI,51.87074622447594,47.41944122314453,50.974035147467006,1,take_profit,SHORT,SHORT,0.48604340851306915,0.4988420605659485,0.4732447564601898,0.5028653295128939,0.4611610472202301,51.395659148693085,0.5138390064239502,1,True,False,True,59.0,False,-0.18886601924896243,UNRANKED,,False,,,
2022-04-26,2022-04-27,2022-04-29,GE,XLI,48.84826697144926,49.11081314086914,47.30867804322661,2,stop_loss,LONG,LONG,0.502888560295105,0.5038223266601562,0.5019547939300537,0.539821029082774,0.5648271441459656,50.2888560295105,0.5138390064239502,2,False,True,True,59.0,False,-0.03204920887947098,UNRANKED,,False,,,
2022-04-27,2022-04-28,2022-04-29,GE,XLI,47.86518577166978,47.987300872802734,46.13456606864941,1,stop_loss,LONG,LONG,0.5146282315254211,0.5002821683883667,0.5289742946624756,0.5028653295128939,0.5135895609855652,51.462823152542114,0.5138390064239502,1,True,True,False,59.0,False,0.9807181656360627,UNRANKED,,False,,,
2022-04-28,2022-04-29,2022-05-04,GE,XLI,47.315646355586786,47.76748275756836,49.048884030844874,3,take_profit,LONG,LONG,0.5645252168178558,0.5250710844993591,0.6039793491363525,0.539821029082774,0.5080583095550537,56.45252168178558,0.5138390064239502,1,True,True,False,59.0,False,0.751491278409958,UNRANKED,,False,,,
2022-04-29,2022-05-02,2022-05-03,GE,XLI,45.23958629040225,44.55570983886719,47.22578798543573,1,take_profit,LONG,LONG,0.528771698474884,0.5196825265884399,0.5378608703613281,0.539821029082774,0.49198412895202637,52.8771698474884,0.5138390064239502,1,True,True,False,59.0,False,1.0334704518318178,UNRANKED,,False,,,
2022-05-02,2022-05-03,2022-05-04,GE,XLI,46.924853795334634,44.7633171081543,48.99217720754864,1,take_profit,LONG,LONG,0.531642884016037,0.5173157453536987,0.5459700226783752,0.539821029082774,0.5003626942634583,53.1642884016037,0.5138390064239502,1,True,True,False,59.0,False,0.9827826023101807,UNRANKED,,False,,,
2022-05-03,2022-05-04,2022-05-09,GE,XLI,47.743062370266145,44.232086181640625,45.520470425162905,3,stop_loss,LONG,LONG,0.5250016748905182,0.509857714176178,0.5401456356048584,0.539821029082774,0.4921896159648895,52.50016748905182,0.5138390064239502,1,True,True,False,59.0,False,0.958331897854805,UNRANKED,,False,,,
2022-05-04,2022-05-05,2022-05-09,GE,XLI,48.46967771881203,44.744998931884766,46.07088327213932,2,take_profit,SHORT,SHORT,0.47748227417469025,0.47573238611221313,0.47923216223716736,0.46876987660602976,0.558436930179596,52.251772582530975,0.5138390064239502,1,True,False,True,59.0,False,-0.005479216575622614,UNRANKED,,False,,,
2022-05-05,2022-05-06,2022-05-09,GE,XLI,47.82854302073493,45.825767517089844,45.27622444773688,1,take_profit,SHORT,SHORT,0.46739234030246735,0.45566803216934204,0.47911664843559265,0.46876987660602976,0.5599374771118164,53.260765969753265,0.5138390064239502,1,True,False,True,59.0,False,-0.6375645101070404,UNRANKED,,False,,,
2022-05-06,2022-05-09,2022-05-11,GE,XLI,46.88210885201638,45.56931686401367,44.335896519427095,2,stop_loss,LONG,LONG,0.5149006098508835,0.4921945035457611,0.5376067161560059,0.46876987660602976,0.5437198281288147,51.49006098508835,0.5138390064239502,1,True,True,False,59.0,False,0.8731862604618075,UNRANKED,,False,,,
2022-05-09,2022-05-10,2022-05-17,GE,XLI,45.18463368625098,46.65007781982422,46.65007781982422,5,time_exit,SHORT,SHORT,0.4796185940504074,0.5030007362365723,0.45623645186424255,0.539821029082774,0.5572594404220581,52.03814059495926,0.5138390064239502,1,True,False,True,59.0,False,-0.6100663095712664,UNRANKED,,False,,,
2022-05-10,2022-05-11,2022-05-18,GE,XLI,45.03808384668048,45.917362213134766,45.917362213134766,5,time_exit,LONG,LONG,0.507447212934494,0.5044775605201721,0.5104168653488159,0.539821029082774,0.3913269340991974,50.7447212934494,0.5138390064239502,2,False,True,True,59.0,False,0.3175651133060455,UNRANKED,,False,,,
2022-05-11,2022-05-12,2022-05-19,GE,XLI,43.804670069602196,46.24709701538086,46.24709701538086,5,time_exit,LONG,LONG,0.5361120700836182,0.5161967277526855,0.5560274124145508,0.539821029082774,0.5418681502342224,53.611207008361816,0.5138390064239502,1,True,True,False,59.0,False,1.09662389755249,UNRANKED,,False,,,
2022-05-12,2022-05-13,2022-05-20,GE,XLI,45.42277050485516,45.9478874206543,45.9478874206543,5,time_exit,LONG,LONG,0.526874452829361,0.5103128552436829,0.5434360504150391,0.539821029082774,0.5619948506355286,52.687445282936096,0.5138390064239502,1,True,True,False,59.0,False,0.9685454368591309,UNRANKED,,False,,,
2022-05-13,2022-05-16,2022-05-23,GE,XLI,45.37392548597327,46.076114654541016,46.076114654541016,5,time_exit,LONG,LONG,0.5279635787010193,0.5185554623603821,0.5373716950416565,0.539821029082774,0.545829713344574,52.79635787010193,0.5138390064239502,1,True,True,False,59.0,False,0.9772043377161026,UNRANKED,,False,,,
2022-05-16,2022-05-17,2022-05-24,GE,XLI,46.53406257362762,45.50214385986328,45.50214385986328,5,time_exit,LONG,LONG,0.525784969329834,0.5054324865341187,0.5461374521255493,0.539821029082774,0.5496596693992615,52.5784969329834,0.5138390064239502,1,True,True,False,59.0,False,1.0356484055519104,UNRANKED,,False,,,
2022-05-17,2022-05-18,2022-05-25,GE,XLI,46.19213343882372,45.50825881958008,45.50825881958008,5,time_exit,SHORT,SHORT,0.4812842011451721,0.48229339718818665,0.4802750051021576,0.46876987660602976,0.5399826765060425,51.87157988548279,0.5138390064239502,1,True,False,True,59.0,False,0.1620674133300781,UNRANKED,,False,,,
2022-05-18,2022-05-19,2022-05-26,GE,XLI,45.7952501682007,47.02255630493164,47.02255630493164,5,time_exit,SHORT,SHORT,0.4717394858598709,0.49807682633399963,0.4454021453857422,0.5,0.562074601650238,52.82605141401291,0.5138390064239502,1,True,False,True,59.0,False,-0.6080717742443085,UNRANKED,,False,,,
2022-05-19,2022-05-20,2022-05-27,GE,XLI,46.47300495901671,48.09111022949219,48.09111022949219,5,time_exit,LONG,LONG,0.5116997957229614,0.5058889389038086,0.5175106525421143,0.539821029082774,0.5368776917457581,51.16997957229614,0.5138390064239502,2,False,True,True,59.0,False,0.536065399646759,UNRANKED,,False,,,
2022-05-20,2022-05-23,2022-05-31,GE,XLI,46.418051405989786,47.80412673950195,47.80412673950195,5,time_exit,LONG,LONG,0.51358562707901,0.5090729594230652,0.5180982947349548,0.539821029082774,0.4619714617729187,51.358562707901,0.5138390064239502,2,False,True,True,59.0,False,0.7333965599536896,UNRANKED,,False,,,
2022-05-23,2022-05-24,2022-05-27,GE,XLI,45.63036966437159,47.33396911621094,47.25981160685904,3,take_profit,LONG,LONG,0.5130516290664673,0.5146570205688477,0.5114462375640869,0.539821029082774,0.3530866503715515,51.30516290664673,0.5138390064239502,2,False,True,True,59.0,False,0.8210887312889098,UNRANKED,,False,,,
2022-05-24,2022-05-25,2022-05-26,GE,XLI,44.861016956584685,47.627044677734375,46.33083016720829,1,take_profit,LONG,LONG,0.5390074849128723,0.5209782719612122,0.5570366978645325,0.539821029082774,0.40377143025398254,53.90074849128723,0.5138390064239502,1,True,True,False,59.0,False,0.9021950960159302,UNRANKED,,False,,,
2022-05-25,2022-05-26,2022-05-27,GE,XLI,45.929576590803194,46.99812698364258,47.239761614519715,1,take_profit,LONG,LONG,0.5288528800010681,0.5170689225196838,0.5406368374824524,0.539821029082774,0.4462648332118988,52.88528800010681,0.5138390064239502,1,True,True,False,59.0,False,0.7519261240959169,UNRANKED,,False,,,
2022-05-26,2022-05-27,2022-06-06,GE,XLI,47.19352199488808,47.01644515991211,47.01644515991211,5,time_exit,SHORT,SHORT,0.4986087679862976,0.5205348134040833,0.47668272256851196,0.539821029082774,0.4086242616176605,50.13912320137024,0.5138390064239502,2,False,True,True,59.0,False,0.10228696465492249,UNRANKED,,False,,,
2022-05-27,2022-05-31,2022-06-07,GE,XLI,47.59652105977206,47.627044677734375,47.627044677734375,5,time_exit,LONG,LONG,0.5211775898933411,0.540368378162384,0.5019868016242981,0.5517241379310345,0.5042790770530701,52.117758989334106,0.5138390064239502,1,True,True,False,59.0,False,0.4237194061279298,UNRANKED,,False,,,
2022-05-31,2022-06-01,2022-06-03,GE,XLI,48.28650874512825,47.1141471862793,47.08623277902892,2,stop_loss,LONG,LONG,0.5221380889415741,0.5422893762588501,0.5019868016242981,0.5517241379310345,0.5433084964752197,52.21380889415741,0.5138390064239502,1,True,True,False,59.0,False,0.5608920753002167,UNRANKED,,False,,,
2022-06-01,2022-06-02,2022-06-09,GE,XLI,47.639258974099164,45.660911560058594,46.44770776560307,5,take_profit,SHORT,SHORT,0.48726634681224823,0.5034469962120056,0.47108569741249084,0.539821029082774,0.4730634093284607,51.27336531877518,0.5138390064239502,2,False,True,True,59.0,False,-0.004166394472122047,UNRANKED,,False,,,
2022-06-02,2022-06-03,2022-06-09,GE,XLI,46.85768687453426,43.49327850341797,45.69754097871255,4,stop_loss,LONG,LONG,0.5301771759986877,0.5332804918289185,0.527073860168457,0.539821029082774,0.5389091968536377,53.017717599868774,0.5138390064239502,1,True,True,False,59.0,False,0.3031083047389986,UNRANKED,,False,,,
2022-06-03,2022-06-06,2022-06-09,GE,XLI,47.572096606362706,41.35005187988281,46.4765008378429,3,stop_loss,LONG,LONG,0.5274893939495087,0.5242770314216614,0.530701756477356,0.539821029082774,0.537776529788971,52.74893939495087,0.5138390064239502,1,True,True,False,59.0,False,0.7590434551239015,UNRANKED,,False,,,
2022-06-06,2022-06-07,2022-06-09,GE,XLI,46.96148703323991,41.551551818847656,45.89991018997819,2,stop_loss,LONG,LONG,0.5210211277008057,0.5246441960334778,0.5173980593681335,0.539821029082774,0.6159466505050659,52.102112770080566,0.5138390064239502,1,True,True,False,59.0,False,0.4115211069583893,UNRANKED,,False,,,
2022-06-07,2022-06-08,2022-06-09,GE,XLI,46.82716537489733,42.19267654418945,45.83275445134823,1,stop_loss,LONG,LONG,0.5129123330116272,0.5069559216499329,0.5188687443733215,0.539821029082774,0.6156198978424072,51.29123330116272,0.5138390064239502,2,False,True,True,59.0,False,0.378583312034607,UNRANKED,,False,,,
2022-06-08,2022-06-09,2022-06-10,GE,XLI,46.949282587527016,39.86627960205078,45.98627425186854,1,stop_loss,LONG,LONG,0.5082891583442688,0.5065549612045288,0.5100233554840088,0.539821029082774,0.596049964427948,50.82891583442688,0.5138390064239502,2,False,True,True,59.0,False,0.26153776049613936,UNRANKED,,False,,,
2022-06-09,2022-06-10,2022-06-13,GE,XLI,44.58625841181748,40.29981231689453,43.46274995844834,1,stop_loss,LONG,LONG,0.5259389281272888,0.5067776441574097,0.545100212097168,0.539821029082774,0.5408323407173157,52.59389281272888,0.5138390064239502,1,True,True,False,59.0,False,0.8102022707462311,UNRANKED,,False,,,
2022-06-10,2022-06-13,2022-06-16,GE,XLI,42.41860673107179,40.14715576171875,41.02818064028636,3,stop_loss,LONG,LONG,0.5188582837581635,0.5145968794822693,0.5231196880340576,0.539821029082774,0.5901952385902405,51.885828375816345,0.5138390064239502,1,True,True,False,59.0,False,0.5665637105703355,UNRANKED,,False,,,
2022-06-13,2022-06-14,2022-06-22,GE,XLI,41.490491542329444,39.40831756591797,39.81220839587995,5,stop_loss,LONG,LONG,0.5134222209453583,0.5220386385917664,0.5048058032989502,0.539821029082774,0.4830959141254425,51.34222209453583,0.5138390064239502,2,False,True,True,59.0,False,0.7086884677410125,UNRANKED,,False,,,
2022-06-14,2022-06-15,2022-06-16,GE,XLI,42.10719142589542,39.1213493347168,40.48211840169062,1,stop_loss,LONG,LONG,0.5147142708301544,0.5246227383613586,0.5048058032989502,0.539821029082774,0.4865303337574005,51.47142708301544,0.5138390064239502,1,True,True,False,59.0,False,0.37878248095512396,UNRANKED,,False,,,
2022-06-15,2022-06-16,2022-06-23,GE,XLI,40.92872901212514,40.959259033203125,39.21294030711677,4,stop_loss,LONG,LONG,0.5178610235452652,0.5389299988746643,0.4967920482158661,0.539821029082774,0.5117925405502319,51.78610235452652,0.5138390064239502,1,True,True,False,59.0,False,0.2745215594768525,UNRANKED,,False,,,
2022-06-16,2022-06-17,2022-06-27,GE,XLI,39.805221133191104,40.7819709777832,40.7819709777832,5,time_exit,SHORT,SHORT,0.49335865676403046,0.5138995051383972,0.4728178083896637,0.539821029082774,0.47110527753829956,50.664134323596954,0.5138390064239502,2,False,True,True,59.0,False,0.21215659379959106,UNRANKED,,False,,,
2022-06-17,2022-06-21,2022-06-22,GE,XLI,41.19128549024145,40.27457046508789,39.45019989279446,1,stop_loss,LONG,LONG,0.5363616645336151,0.5198996663093567,0.5528236627578735,0.539821029082774,0.47929325699806213,53.63616645336151,0.5138390064239502,1,True,True,False,59.0,False,0.9167928695678711,UNRANKED,,False,,,
2022-06-21,2022-06-22,2022-06-24,GE,XLI,39.18850140496137,38.93574905395508,40.91039744029201,2,take_profit,LONG,LONG,0.5382921099662781,0.5237605571746826,0.5528236627578735,0.539821029082774,0.44106796383857727,53.82921099662781,0.5138390064239502,1,True,True,False,59.0,False,0.9809295833110808,UNRANKED,,False,,,
2022-06-22,2022-06-23,2022-06-30,GE,XLI,39.3045301549852,38.923526763916016,38.923526763916016,5,time_exit,LONG,LONG,0.5272280275821686,0.5016323924064636,0.5528236627578735,0.5028653295128939,0.4697577953338623,52.72280275821686,0.5138390064239502,1,True,True,False,59.0,False,0.9288582205772399,UNRANKED,,False,,,
2022-06-23,2022-06-24,2022-07-01,GE,XLI,39.481602048352485,38.84405517578125,38.84405517578125,5,time_exit,LONG,LONG,0.530122309923172,0.5163897275924683,0.5438548922538757,0.539821029082774,0.6083298325538635,53.0122309923172,0.5138390064239502,1,True,True,False,59.0,False,0.7668051421642303,UNRANKED,,False,,,
2022-06-24,2022-06-27,2022-06-29,GE,XLI,41.24658232492405,37.920928955078125,39.31446268293884,2,stop_loss,LONG,LONG,0.5125432163476944,0.5253678560256958,0.499718576669693,0.539821029082774,0.6290607452392578,51.25432163476944,0.5138390064239502,2,False,True,True,59.0,False,0.3348491489887238,UNRANKED,,False,,,
2022-06-27,2022-06-28,2022-06-29,GE,XLI,41.23436363789977,37.63972473144531,39.27953401317879,1,stop_loss,LONG,LONG,0.5139237642288208,0.5224052667617798,0.5054422616958618,0.539821029082774,0.5842229723930359,51.39237642288208,0.5138390064239502,1,True,True,False,59.0,False,0.7272538244724275,UNRANKED,,False,,,
2022-06-28,2022-06-29,2022-07-05,GE,XLI,40.18286654704486,38.51393508911133,38.24277963734201,3,take_profit,SHORT,SHORT,0.45110921561717987,0.45491713285446167,0.44730129837989807,0.46876987660602976,0.644505500793457,54.88907843828201,0.5138390064239502,1,True,False,True,59.0,False,0.24620389938354503,UNRANKED,,False,,,
2022-06-29,2022-06-30,2022-07-08,GE,XLI,38.2388329219579,38.6667594909668,38.6667594909668,5,time_exit,LONG,LONG,0.5338065922260284,0.5245547294616699,0.543058454990387,0.539821029082774,0.6011545658111572,53.380659222602844,0.5138390064239502,1,True,True,False,59.0,False,0.8887041658163071,UNRANKED,,False,,,
2022-06-30,2022-07-01,2022-07-11,GE,XLI,38.81348858427832,37.84757995605469,37.84757995605469,5,time_exit,LONG,LONG,0.5000767409801483,0.5127602815628052,0.48739320039749146,0.539821029082774,0.593653678894043,50.00767409801483,0.5138390064239502,2,False,True,True,59.0,False,0.7296770364046097,UNRANKED,,False,,,
2022-07-01,2022-07-05,2022-07-12,GE,XLI,37.603034290896574,38.52616500854492,38.52616500854492,5,time_exit,LONG,LONG,0.5170484781265259,0.5112835764884949,0.5228133797645569,0.539821029082774,0.5600132942199707,51.70484781265259,0.5138390064239502,1,True,True,False,59.0,False,0.8269887715578079,UNRANKED,,False,,,
2022-07-05,2022-07-06,2022-07-13,GE,XLI,37.63361216250511,37.90870666503906,37.90870666503906,5,time_exit,LONG,LONG,0.5386198461055756,0.5220152735710144,0.5552244186401367,0.539821029082774,0.4692215621471405,53.861984610557556,0.5138390064239502,1,True,True,False,59.0,False,0.9725147485733032,UNRANKED,,False,,,
2022-07-06,2022-07-07,2022-07-14,GE,XLI,38.25106464910073,37.34628677368164,37.34628677368164,5,time_exit,LONG,LONG,0.5805744826793671,0.5518213510513306,0.6093276143074036,0.6111111111111112,0.5243769288063049,58.05744826793671,0.5138390064239502,1,True,True,False,59.0,False,1.351461544632912,UNRANKED,,False,,,
2022-07-07,2022-07-08,2022-07-15,GE,XLI,38.440568262031405,38.428348541259766,38.428348541259766,5,time_exit,LONG,LONG,0.53183513879776,0.5296899676322937,0.5339803099632263,0.539821029082774,0.4726831614971161,53.183513879776,0.5138390064239502,1,True,True,False,59.0,False,0.8192047476768494,UNRANKED,,False,,,
2022-07-08,2022-07-11,2022-07-18,GE,XLI,38.14102070972916,38.92964553833008,38.92964553833008,5,time_exit,LONG,LONG,0.5319642126560211,0.5138940811157227,0.5500343441963196,0.539821029082774,0.4900411069393158,53.19642126560211,0.5138390064239502,1,True,True,False,59.0,False,0.5444886088371276,UNRANKED,,False,,,
2022-07-11,2022-07-12,2022-07-18,GE,XLI,37.291272437498904,40.80031204223633,38.460146905621116,4,take_profit,LONG,LONG,0.5221679508686066,0.49430155754089355,0.5500343441963196,0.46876987660602976,0.503922164440155,52.21679508686066,0.5138390064239502,1,True,True,False,59.0,False,0.7142398953437806,UNRANKED,,False,,,
2022-07-12,2022-07-13,2022-07-19,GE,XLI,37.93316068086419,41.50334548950195,39.177167791459894,4,take_profit,LONG,LONG,0.5202750861644745,0.5160638689994812,0.5244863033294678,0.539821029082774,0.6022428274154663,52.02750861644745,0.5138390064239502,1,True,True,False,59.0,False,0.7420088350772859,UNRANKED,,False,,,
2022-07-13,2022-07-14,2022-07-18,GE,XLI,37.291266168328434,41.650062561035156,38.517933300024865,2,stop_loss,SHORT,SHORT,0.4918420612812042,0.48155105113983154,0.5021330714225769,0.46876987660602976,0.6075368523597717,50.81579387187958,0.5138390064239502,2,False,True,True,59.0,False,0.4580291211605072,UNRANKED,,False,,,
2022-07-14,2022-07-15,2022-07-19,GE,XLI,37.951508256706425,41.68674850463867,39.21752562556803,2,take_profit,LONG,LONG,0.5120508074760437,0.5022884607315063,0.521813154220581,0.539821029082774,0.600925624370575,51.20508074760437,0.5138390064239502,2,False,True,True,59.0,False,0.6277870833873749,UNRANKED,,False,,,
2022-07-15,2022-07-18,2022-07-19,GE,XLI,39.363690424247764,41.79066467285156,40.52172951726534,1,take_profit,LONG,LONG,0.5156643986701965,0.5213054418563843,0.5100233554840088,0.539821029082774,0.5938965678215027,51.56643986701965,0.5138390064239502,1,True,True,False,59.0,False,0.512344181537628,UNRANKED,,False,,,
2022-07-18,2022-07-19,2022-07-20,GE,XLI,39.43092454422416,43.716365814208984,40.63525062890608,1,take_profit,LONG,LONG,0.5040644407272339,0.5063560009002686,0.5017728805541992,0.539821029082774,0.5689693093299866,50.40644407272339,0.5138390064239502,2,False,True,True,59.0,False,0.1472406685352326,UNRANKED,,False,,,
2022-07-19,2022-07-20,2022-07-26,GE,XLI,40.531327292447926,43.75916290283203,41.93040566158855,4,take_profit,LONG,LONG,0.5196637511253357,0.5042707920074463,0.5350567102432251,0.539821029082774,0.6775011420249939,51.96637511253357,0.5138390064239502,1,True,True,False,59.0,False,0.7901031672954559,UNRANKED,,False,,,
2022-07-20,2022-07-21,2022-07-26,GE,XLI,41.38718844126682,44.71284103393555,42.69543995842642,3,stop_loss,SHORT,SHORT,0.48850904405117035,0.5059323906898499,0.47108569741249084,0.539821029082774,0.6473103165626526,51.149095594882965,0.5138390064239502,2,False,True,True,59.0,False,0.3093138337135315,UNRANKED,,False,,,
2022-07-21,2022-07-22,2022-07-26,GE,XLI,41.81512742977548,45.18355941772461,43.14259248714853,2,take_profit,LONG,LONG,0.5237754285335541,0.514415979385376,0.5331348776817322,0.539821029082774,0.636256992816925,52.37754285335541,0.5138390064239502,1,True,True,False,59.0,False,0.573555827140808,UNRANKED,,False,,,
2022-07-22,2022-07-25,2022-07-26,GE,XLI,41.19155815659633,46.3389892578125,42.51291097903634,1,take_profit,LONG,LONG,0.5357089042663574,0.5174465775489807,0.5539712309837341,0.539821029082774,0.565137505531311,53.57089042663574,0.5138390064239502,1,True,True,False,59.0,False,0.6000471711158754,UNRANKED,,False,,,
2022-07-25,2022-07-26,2022-07-28,GE,XLI,42.59762732477476,45.45866394042969,43.80195013971617,2,take_profit,LONG,LONG,0.515365719795227,0.519149899482727,0.511581540107727,0.539821029082774,0.5775654315948486,51.536571979522705,0.5138390064239502,1,True,True,False,59.0,False,0.4253215491771699,UNRANKED,,False,,,
2022-07-26,2022-07-27,2022-08-01,GE,XLI,44.0159244898977,45.69096755981445,45.45517543594262,3,stop_loss,SHORT,SHORT,0.4926402270793915,0.4973548650741577,0.48792558908462524,0.4823529411764706,0.5728961825370789,50.73597729206085,0.5138390064239502,2,False,True,True,59.0,False,0.40406683087348944,UNRANKED,,False,,,
2022-07-27,2022-07-28,2022-08-04,GE,XLI,45.57482184226268,45.03684997558594,45.03684997558594,5,time_exit,LONG,LONG,0.5302349328994751,0.519867479801178,0.5406023859977722,0.539821029082774,0.4535221457481384,53.02349328994751,0.5138390064239502,1,True,True,False,59.0,False,0.7110294103622437,UNRANKED,,False,,,
2022-07-28,2022-07-29,2022-08-01,GE,XLI,44.6272483589042,45.45866394042969,46.062133656406985,1,take_profit,LONG,LONG,0.5329488515853882,0.5175904035568237,0.5483072996139526,0.539821029082774,0.5696617960929871,53.29488515853882,0.5138390064239502,1,True,True,False,59.0,False,0.7730447053909302,UNRANKED,,False,,,
2022-07-29,2022-08-01,2022-08-08,GE,XLI,44.810659712090924,45.95995330810547,45.95995330810547,5,time_exit,LONG,LONG,0.5285161733627319,0.5219756364822388,0.5350567102432251,0.539821029082774,0.4958510100841522,52.85161733627319,0.5138390064239502,1,True,True,False,59.0,False,0.851267546415329,UNRANKED,,False,,,
2022-08-01,2022-08-02,2022-08-09,GE,XLI,45.99663735789831,45.807125091552734,45.807125091552734,5,time_exit,LONG,LONG,0.5145928412675858,0.4941289722919464,0.5350567102432251,0.46876987660602976,0.481148898601532,51.459284126758575,0.5138390064239502,1,True,True,False,59.0,False,0.7899655699729918,UNRANKED,,False,,,
2022-08-02,2022-08-03,2022-08-10,GE,XLI,45.80100501539922,47.15816879272461,47.15816879272461,5,time_exit,LONG,LONG,0.5168165564537048,0.5126636028289795,0.5209695100784302,0.539821029082774,0.47303420305252075,51.68165564537048,0.5138390064239502,1,True,True,False,59.0,False,0.34872618317604054,UNRANKED,,False,,,
2022-08-03,2022-08-04,2022-08-10,GE,XLI,45.53814430121023,48.2341194152832,46.98176307562429,4,stop_loss,SHORT,SHORT,0.4970165342092514,0.488504558801651,0.5055285096168518,0.46876987660602976,0.48361244797706604,50.29834657907486,0.5138390064239502,2,False,True,True,59.0,False,0.5162603557109834,UNRANKED,,False,,,
2022-08-04,2022-08-05,2022-08-10,GE,XLI,44.89012393658564,48.8637809753418,46.27260782766404,3,take_profit,LONG,LONG,0.501707598567009,0.49693819880485535,0.5064769983291626,0.4823529411764706,0.51649409532547,50.1707598567009,0.5138390064239502,2,False,True,True,59.0,False,0.4534291923046112,UNRANKED,,False,,,
2022-08-05,2022-08-08,2022-08-11,GE,XLI,46.387889249791485,48.79042434692383,47.75901842198038,3,stop_loss,SHORT,SHORT,0.49038976430892944,0.5003455281257629,0.48043400049209595,0.5028653295128939,0.6105218529701233,50.961023569107056,0.5138390064239502,2,False,True,True,59.0,False,0.30745697021484375,UNRANKED,,False,,,
2022-08-08,2022-08-09,2022-08-11,GE,XLI,46.076111821213686,49.560699462890625,47.2516156882268,2,stop_loss,SHORT,SHORT,0.49053624272346497,0.5024230480194092,0.47864943742752075,0.539821029082774,0.6007001996040344,50.9463757276535,0.5138390064239502,2,False,True,True,59.0,False,0.21372690796852106,UNRANKED,,False,,,
2022-08-09,2022-08-10,2022-08-11,GE,XLI,46.58962877498527,48.8576774597168,47.686531894753685,1,stop_loss,SHORT,SHORT,0.49421994388103485,0.494495153427124,0.4939447343349457,0.46876987660602976,0.5900428891181946,50.578005611896515,0.5138390064239502,2,False,True,True,59.0,False,0.2502826154232026,UNRANKED,,False,,,
2022-08-10,2022-08-11,2022-08-16,GE,XLI,47.683920761476195,48.42363357543945,48.95287054262156,3,take_profit,LONG,LONG,0.5002086162567139,0.49781298637390137,0.5026042461395264,0.4863150867823765,0.4374489188194275,50.02086162567139,0.506757378578186,2,False,True,True,55.0,False,0.09684422612190255,UNRANKED,,False,,,
2022-08-11,2022-08-12,2022-08-19,GE,XLI,48.47252794459198,47.51273727416992,47.51273727416992,5,time_exit,SHORT,SHORT,0.4791978597640991,0.4925456941127777,0.46585002541542053,0.4727463312368972,0.5068089365959167,52.08021402359009,0.506757378578186,1,True,False,True,55.0,False,-0.14046823978424056,UNRANKED,,False,,,
2022-08-12,2022-08-15,2022-08-22,GE,XLI,48.484758491010574,45.715431213378906,46.992235842607954,5,stop_loss,LONG,LONG,0.5064870417118073,0.5074331760406494,0.5055409073829651,0.5325697924123122,0.5177819132804871,50.648704171180725,0.506757378578186,2,False,True,True,55.0,False,0.01661121845245358,UNRANKED,,False,,,
2022-08-15,2022-08-16,2022-08-22,GE,XLI,48.49086901235926,46.52238082885742,47.26296700866227,4,stop_loss,LONG,LONG,0.5002139806747437,0.4948870539665222,0.5055409073829651,0.4727463312368972,0.5405368208885193,50.021398067474365,0.506757378578186,2,False,True,True,55.0,False,0.39238700270652754,UNRANKED,,False,,,
2022-08-16,2022-08-17,2022-08-19,GE,XLI,48.94326466091905,46.91363525390625,47.611437224744385,2,take_profit,SHORT,SHORT,0.49909184873104095,0.49557945132255554,0.5026042461395264,0.4727463312368972,0.5557924509048462,50.090815126895905,0.506757378578186,2,False,True,True,55.0,False,0.3732096254825592,UNRANKED,,False,,,
2022-08-17,2022-08-18,2022-08-22,GE,XLI,48.76597864379721,47.769508361816406,47.469959225898215,2,take_profit,SHORT,SHORT,0.49797461926937103,0.49557945132255554,0.5003697872161865,0.4727463312368972,0.557957112789154,50.2025380730629,0.506757378578186,2,False,True,True,55.0,False,0.509003221988678,UNRANKED,,False,,,
2022-08-18,2022-08-19,2022-08-22,GE,XLI,47.98957373292929,46.01497268676758,46.69879352924625,1,take_profit,SHORT,SHORT,0.4960200935602188,0.4948870539665222,0.4971531331539154,0.4727463312368972,0.5580088496208191,50.39799064397812,0.506757378578186,2,False,True,True,55.0,False,0.35118314623832697,UNRANKED,,False,,,
2022-08-19,2022-08-22,2022-08-29,GE,XLI,46.54072914844428,46.4918098449707,46.4918098449707,5,time_exit,LONG,LONG,0.5085156857967377,0.49887245893478394,0.5181589126586914,0.4863150867823765,0.519085705280304,50.85156857967377,0.506757378578186,1,True,True,False,55.0,False,0.6699942648410798,UNRANKED,,False,,,
2022-08-22,2022-08-23,2022-08-25,GE,XLI,45.84380337550328,45.92938995361328,47.23064746555629,2,take_profit,LONG,LONG,0.5096517503261566,0.49793297052383423,0.521370530128479,0.4863150867823765,0.5528907775878906,50.96517503261566,0.506757378578186,1,True,True,False,55.0,False,1.0159476399421692,UNRANKED,,False,,,
2022-08-23,2022-08-24,2022-08-31,GE,XLI,46.55294878370269,44.896240234375,45.08401240849343,5,stop_loss,LONG,LONG,0.5062708705663681,0.49931660294532776,0.5132251381874084,0.4863150867823765,0.5125654935836792,50.62708705663681,0.506757378578186,2,False,True,True,55.0,False,0.2828487157821654,UNRANKED,,False,,,
2022-08-24,2022-08-25,2022-08-31,GE,XLI,47.29878059711353,44.67616653442383,45.86739610178708,4,stop_loss,LONG,LONG,0.5010929107666016,0.49793297052383423,0.5042528510093689,0.4863150867823765,0.5144507884979248,50.109291076660156,0.506757378578186,2,False,True,True,55.0,False,0.7235566675662994,UNRANKED,,False,,,
2022-08-25,2022-08-26,2022-08-30,GE,XLI,47.9223298239546,44.2787971496582,46.42893687961866,2,take_profit,SHORT,SHORT,0.4988752603530884,0.49793297052383423,0.49981755018234253,0.4863150867823765,0.44815555214881897,50.11247396469116,0.506757378578186,2,False,True,True,55.0,False,0.6425556242465973,UNRANKED,,False,,,
2022-08-26,2022-08-29,2022-09-06,GE,XLI,45.75209929024459,44.11372756958008,44.11372756958008,5,time_exit,LONG,LONG,0.5157402604818344,0.49931660294532776,0.5321639180183411,0.4863150867823765,0.4469265639781952,51.57402604818344,0.506757378578186,1,True,True,False,55.0,False,-0.12407216429710377,UNRANKED,,False,,,
2022-08-29,2022-08-30,2022-08-31,GE,XLI,46.92585838748291,44.98182678222656,45.20714326471506,1,stop_loss,LONG,LONG,0.5263428390026093,0.49883317947387695,0.5538524985313416,0.4863150867823765,0.3479497730731964,52.634283900260925,0.506757378578186,1,True,True,False,55.0,False,0.4470358490943907,UNRANKED,,False,,,
2022-08-30,2022-08-31,2022-09-02,GE,XLI,46.10056608349146,45.09797286987305,44.49451150498281,2,stop_loss,LONG,LONG,0.5014373809099197,0.49067798256874084,0.5121967792510986,0.4727463312368972,0.4354203939437866,50.143738090991974,0.506757378578186,2,False,True,True,55.0,False,1.1260804533958435,UNRANKED,,False,,,
2022-08-31,2022-09-01,2022-09-09,GE,XLI,44.78009519423625,45.26303482055664,45.26303482055664,5,time_exit,LONG,LONG,0.5273775160312653,0.503218948841095,0.5515360832214355,0.4863150867823765,0.44057536125183105,52.737751603126526,0.506757378578186,1,True,True,False,55.0,False,1.3166206330060959,UNRANKED,,False,,,
2022-09-01,2022-09-02,2022-09-12,GE,XLI,45.110207643207076,46.04553985595703,46.04553985595703,5,time_exit,LONG,LONG,0.5317363440990448,0.5037024617195129,0.5597702264785767,0.5213523131672597,0.48295435309410095,53.17363440990448,0.506757378578186,1,True,True,False,55.0,False,1.6194605082273483,UNRANKED,,False,,,
2022-09-02,2022-09-06,2022-09-12,GE,XLI,44.32157733145337,43.30677795410156,45.90929248037915,4,take_profit,LONG,LONG,0.5276158154010773,0.5037024617195129,0.5515291690826416,0.5213523131672597,0.3886454105377197,52.76158154010773,0.506757378578186,1,True,True,False,55.0,False,1.2842517495155334,UNRANKED,,False,,,
2022-09-06,2022-09-07,2022-09-12,GE,XLI,43.954787912278896,42.81159973144531,45.45604512750629,3,take_profit,LONG,LONG,0.5251178443431854,0.5081139206886292,0.5421217679977417,0.5325697924123122,0.48685166239738464,52.51178443431854,0.506757378578186,1,True,True,False,55.0,False,1.2274783849716187,UNRANKED,,False,,,
2022-09-07,2022-09-08,2022-09-12,GE,XLI,44.34603342451934,42.12690353393555,45.87087309824283,2,take_profit,LONG,LONG,0.5040296614170074,0.5081139206886292,0.49994540214538574,0.5325697924123122,0.4917127788066864,50.402966141700745,0.506757378578186,2,False,True,True,55.0,False,1.5134020149707796,UNRANKED,,False,,,
2022-09-08,2022-09-09,2022-09-13,GE,XLI,45.562591854046396,40.58634567260742,44.08316615127017,2,stop_loss,LONG,LONG,0.5072267949581146,0.5081139206886292,0.5063396692276001,0.5325697924123122,0.49779975414276123,50.72267949581146,0.506757378578186,1,True,True,False,55.0,False,0.6908585131168364,UNRANKED,,False,,,
2022-09-09,2022-09-12,2022-09-13,GE,XLI,45.48922875423258,40.98982620239258,44.11635081582577,1,stop_loss,LONG,LONG,0.5069850981235504,0.5076305270195007,0.5063396692276001,0.5325697924123122,0.4559442400932312,50.69850981235504,0.506757378578186,1,True,True,False,55.0,False,0.6267910897731781,UNRANKED,,False,,,
2022-09-12,2022-09-13,2022-09-14,GE,XLI,44.786203115173656,40.7086181640625,43.55829675182265,1,take_profit,SHORT,SHORT,0.49724024534225464,0.5002401471138,0.49424034357070923,0.4863150867823765,0.4851153492927551,50.275975465774536,0.506757378578186,2,False,True,True,55.0,False,1.0217005014419558,UNRANKED,,False,,,
2022-09-13,2022-09-14,2022-09-16,GE,XLI,43.221190526711375,39.871089935302734,41.717310979592234,2,stop_loss,LONG,LONG,0.5248761475086212,0.5076305270195007,0.5421217679977417,0.5325697924123122,0.37693551182746887,52.48761475086212,0.506757378578186,1,True,True,False,55.0,False,0.7133223414421082,UNRANKED,,False,,,
2022-09-14,2022-09-15,2022-09-16,GE,XLI,42.65876439856112,39.956668853759766,41.14003859464092,1,stop_loss,LONG,LONG,0.5316571295261383,0.509053111076355,0.5542611479759216,0.5325697924123122,0.4057392179965973,53.16571295261383,0.506757378578186,1,True,True,False,55.0,False,1.0583590865135193,UNRANKED,,False,,,
2022-09-15,2022-09-16,2022-09-23,GE,XLI,39.981130233194534,39.461490631103516,39.461490631103516,5,time_exit,LONG,LONG,0.5311875343322754,0.5081139206886292,0.5542611479759216,0.5325697924123122,0.44834551215171814,53.11875343322754,0.506757378578186,1,True,True,False,55.0,False,1.3771191835403442,UNRANKED,,False,,,
2022-09-16,2022-09-19,2022-09-26,GE,XLI,40.097278881688844,39.38804244995117,39.38804244995117,5,time_exit,LONG,LONG,0.5311875343322754,0.5081139206886292,0.5542611479759216,0.5325697924123122,0.43836238980293274,53.11875343322754,0.506757378578186,1,True,True,False,55.0,False,1.4286094009876251,UNRANKED,,False,,,
2022-09-19,2022-09-20,2022-09-27,GE,XLI,40.62303096518726,39.461490631103516,39.461490631103516,5,time_exit,LONG,LONG,0.5311875343322754,0.5081139206886292,0.5542611479759216,0.5325697924123122,0.47293320298194885,53.11875343322754,0.506757378578186,1,True,True,False,55.0,False,1.4696237444877625,UNRANKED,,False,,,
2022-09-20,2022-09-21,2022-09-23,GE,XLI,40.971487113155156,39.45536804199219,39.5584360528873,2,stop_loss,LONG,LONG,0.5276192724704742,0.5037024617195129,0.5515360832214355,0.5213523131672597,0.5108264684677124,52.761927247047424,0.506757378578186,1,True,True,False,55.0,False,1.3683871030807495,UNRANKED,,False,,,
2022-09-21,2022-09-22,2022-09-29,GE,XLI,39.73659021241093,38.396461486816406,38.396461486816406,5,time_exit,LONG,LONG,0.5276192724704742,0.5037024617195129,0.5515360832214355,0.5213523131672597,0.5068155527114868,52.761927247047424,0.506757378578186,1,True,True,False,55.0,False,1.3937720507383349,UNRANKED,,False,,,
2022-09-22,2022-09-23,2022-09-30,GE,XLI,39.461490631103516,37.8945426940918,38.095599038260325,5,stop_loss,LONG,LONG,0.5254713892936707,0.49940669536590576,0.5515360832214355,0.4863150867823765,0.44962140917778015,52.547138929367065,0.506757378578186,1,True,True,False,55.0,False,1.1955499947071075,UNRANKED,,False,,,
2022-09-23,2022-09-26,2022-09-30,GE,XLI,39.498220207720806,38.92898178100586,38.11835592375038,4,take_profit,SHORT,SHORT,0.49977266788482666,0.49940669536590576,0.5001386404037476,0.4863150867823765,0.43300798535346985,50.022733211517334,0.506757378578186,2,False,True,True,55.0,False,0.947206050157547,UNRANKED,,False,,,
2022-09-26,2022-09-27,2022-09-30,GE,XLI,39.69408267732228,41.34061050415039,38.327307164626966,3,stop_loss,LONG,LONG,0.5070547759532928,0.49940669536590576,0.5147028565406799,0.4863150867823765,0.4243853986263275,50.705477595329285,0.506757378578186,1,True,True,False,55.0,False,0.739455908536911,UNRANKED,,False,,,
2022-09-27,2022-09-28,2022-09-29,GE,XLI,39.77977360563991,41.2794075012207,38.52651966887233,1,stop_loss,LONG,LONG,0.5070547759532928,0.49940669536590576,0.5147028565406799,0.4863150867823765,0.41941195726394653,50.705477595329285,0.506757378578186,1,True,True,False,55.0,False,0.4529996514320374,UNRANKED,,False,,,
2022-09-28,2022-09-29,2022-10-04,GE,XLI,39.03303623933354,40.53265380859375,40.27057253345324,3,stop_loss,SHORT,SHORT,0.4988834112882614,0.5037024617195129,0.4940643608570099,0.5213523131672597,0.4269620478153229,50.11165887117386,0.506757378578186,2,False,True,True,55.0,False,0.7732737362384797,UNRANKED,,False,,,
2022-09-29,2022-09-30,2022-10-04,GE,XLI,38.34137014744655,39.51658630371094,39.706598527922274,2,take_profit,LONG,LONG,0.5022867918014526,0.49940669536590576,0.5051668882369995,0.4863150867823765,0.4410950541496277,50.228679180145264,0.506757378578186,2,False,True,True,55.0,False,0.8175387382507325,UNRANKED,,False,,,
2022-09-30,2022-10-03,2022-10-04,GE,XLI,38.41482506429461,39.7736701965332,39.739969695816654,1,take_profit,LONG,LONG,0.5065226852893829,0.5148040652275085,0.4982413053512573,0.6517241379310345,0.6024813652038574,50.65226852893829,0.506757378578186,2,False,True,True,55.0,False,-0.17376846075057972,UNRANKED,,False,,,
2022-10-03,2022-10-04,2022-10-05,GE,XLI,39.71244741966817,39.17381286621094,40.79411736334144,1,take_profit,LONG,LONG,0.5185768008232117,0.5148040652275085,0.5223495364189148,0.6517241379310345,0.6195550560951233,51.85768008232117,0.506757378578186,1,True,True,False,55.0,False,0.7222218811511993,UNRANKED,,False,,,
2022-10-04,2022-10-05,2022-10-11,GE,XLI,40.82033599295264,39.62676239013672,39.464887406352474,4,take_profit,SHORT,SHORT,0.47795237600803375,0.4944377541542053,0.4614669978618622,0.4727463312368972,0.5240420699119568,52.204762399196625,0.506757378578186,1,True,False,True,55.0,False,0.38124048709869374,UNRANKED,,False,,,
2022-10-05,2022-10-06,2022-10-07,GE,XLI,40.844819126756065,41.585453033447266,39.57844099652448,1,stop_loss,LONG,LONG,0.5126541256904602,0.5181189775466919,0.5071892738342285,0.6517241379310345,0.6676357388496399,51.26541256904602,0.506757378578186,1,True,True,False,55.0,False,1.312484756112099,UNRANKED,,False,,,
2022-10-06,2022-10-07,2022-10-13,GE,XLI,40.1592811765307,41.35897445678711,41.31225871123355,4,take_profit,LONG,LONG,0.5056892037391663,0.504189133644104,0.5071892738342285,0.5213523131672597,0.49376457929611206,50.568920373916626,0.506757378578186,2,False,True,True,55.0,False,0.5266454070806504,UNRANKED,,False,,,
2022-10-07,2022-10-10,2022-10-13,GE,XLI,39.81651877808482,42.0078010559082,41.05700873780162,3,take_profit,LONG,LONG,0.535537987947464,0.5195398926734924,0.5515360832214355,0.6517241379310345,0.5047864317893982,53.5537987947464,0.506757378578186,1,True,True,False,55.0,False,0.9094870686531066,UNRANKED,,False,,,
2022-10-10,2022-10-11,2022-10-13,GE,XLI,39.473737890974824,43.27482223510742,40.7107815441905,2,take_profit,LONG,LONG,0.5280889570713043,0.5046418309211731,0.5515360832214355,0.5325697924123122,0.4436737895011902,52.80889570713043,0.506757378578186,1,True,True,False,55.0,False,0.38770261406898493,UNRANKED,,False,,,
2022-10-11,2022-10-12,2022-10-13,GE,XLI,38.98406748372489,43.17076873779297,40.1871581514495,1,take_profit,LONG,LONG,0.5280889570713043,0.5046418309211731,0.5515360832214355,0.5325697924123122,0.4463377892971039,52.80889570713043,0.506757378578186,1,True,True,False,55.0,False,0.760412722826004,UNRANKED,,False,,,
2022-10-12,2022-10-13,2022-10-14,GE,XLI,38.98406528722056,42.8279914855957,40.239637470012134,1,take_profit,LONG,LONG,0.5287004709243774,0.5058648586273193,0.5515360832214355,0.5325697924123122,0.4209292531013489,52.870047092437744,0.506757378578186,1,True,True,False,55.0,False,0.8006294369697572,UNRANKED,,False,,,
2022-10-13,2022-10-14,2022-10-18,GE,XLI,41.80580188197958,44.57245635986328,43.27044726772177,2,take_profit,LONG,LONG,0.5065270662307739,0.5058648586273193,0.5071892738342285,0.5325697924123122,0.49066242575645447,50.65270662307739,0.506757378578186,2,False,True,True,55.0,False,0.6294136643409728,UNRANKED,,False,,,
2022-10-14,2022-10-17,2022-10-21,GE,XLI,42.20366849259702,44.90298843383789,43.69017536341175,4,take_profit,LONG,LONG,0.5284587442874908,0.5053814053535461,0.5515360832214355,0.5325697924123122,0.41705527901649475,52.845874428749084,0.506757378578186,1,True,True,False,55.0,False,0.6478454172611235,UNRANKED,,False,,,
2022-10-17,2022-10-18,2022-10-21,GE,XLI,42.962656900685225,44.68263244628906,44.531360688352635,3,take_profit,LONG,LONG,0.5062853395938873,0.5053814053535461,0.5071892738342285,0.5325697924123122,0.47961387038230896,50.62853395938873,0.506757378578186,2,False,True,True,55.0,False,0.6724805235862733,UNRANKED,,False,,,
2022-10-18,2022-10-19,2022-10-24,GE,XLI,43.0116259922128,46.1883659362793,44.76045814989276,3,stop_loss,SHORT,SHORT,0.49653390049934387,0.49797773361206055,0.4950900673866272,0.4863150867823765,0.5427711009979248,50.34660995006561,0.506757378578186,2,False,True,True,55.0,False,0.855189383029938,UNRANKED,,False,,,
2022-10-19,2022-10-20,2022-10-26,GE,XLI,43.31154354071935,46.5189094543457,44.92396811870484,4,take_profit,LONG,LONG,0.5018439739942551,0.5053814053535461,0.498306542634964,0.5325697924123122,0.41341784596443176,50.18439739942551,0.506757378578186,2,False,True,True,55.0,False,0.3623131215572358,UNRANKED,,False,,,
2022-10-20,2022-10-21,2022-10-24,GE,XLI,42.84635928181856,47.945068359375,44.43604935401443,1,stop_loss,SHORT,SHORT,0.49876753985881805,0.5053814053535461,0.49215367436408997,0.5325697924123122,0.4427068531513214,50.123246014118195,0.506757378578186,2,False,True,True,55.0,False,0.38019779324531555,UNRANKED,,False,,,
2022-10-21,2022-10-24,2022-10-27,GE,XLI,44.682636639586875,47.62678527832031,46.37375896711896,3,stop_loss,SHORT,SHORT,0.4981805682182312,0.4980545938014984,0.498306542634964,0.4863150867823765,0.4919986128807068,50.18194317817688,0.506757378578186,2,False,True,True,55.0,False,0.09955230355262745,UNRANKED,,False,,,
2022-10-24,2022-10-25,2022-10-28,GE,XLI,45.90681313035237,47.87163162231445,47.300635936574466,3,stop_loss,SHORT,SHORT,0.4950368106365204,0.4917670786380768,0.498306542634964,0.4727463312368972,0.5746326446533203,50.49631893634796,0.506757378578186,2,False,True,True,55.0,False,0.22218874096870425,UNRANKED,,False,,,
2022-10-25,2022-10-26,2022-10-27,GE,XLI,44.8601316232981,47.37582778930664,46.27669057018008,1,take_profit,LONG,LONG,0.5059662461280823,0.5063915848731995,0.5055409073829651,0.5325697924123122,0.48275813460350037,50.59662461280823,0.506757378578186,2,False,True,True,55.0,False,0.447267919778824,UNRANKED,,False,,,
2022-10-26,2022-10-27,2022-11-03,GE,XLI,46.702536580568186,47.975677490234375,47.975677490234375,5,time_exit,SHORT,SHORT,0.47408008575439453,0.48231014609336853,0.46585002541542053,0.4727463312368972,0.5216862559318542,52.59199142456055,0.506757378578186,1,True,False,True,55.0,False,-0.12931525707244873,UNRANKED,,False,,,
2022-10-27,2022-10-28,2022-11-04,GE,XLI,46.94123959772637,49.62220001220703,48.36829223182933,5,stop_loss,SHORT,SHORT,0.48675715923309326,0.4908723533153534,0.48264196515083313,0.4727463312368972,0.48087310791015625,51.324284076690674,0.506757378578186,1,True,False,True,55.0,False,-0.3458330035209655,UNRANKED,,False,,,
2022-10-28,2022-10-31,2022-11-04,GE,XLI,47.60842481710953,51.0850944519043,49.202488167242066,4,stop_loss,SHORT,SHORT,0.4795069843530655,0.49316394329071045,0.46585002541542053,0.4727463312368972,0.5422181487083435,52.04930156469345,0.506757378578186,1,True,False,True,55.0,False,0.011715084314346293,UNRANKED,,False,,,
2022-10-31,2022-11-01,2022-11-07,GE,XLI,48.085859518821685,51.41563415527344,49.63969797620171,4,take_profit,LONG,LONG,0.5034691244363785,0.5410882234573364,0.46585002541542053,1.0,0.5014113187789917,50.34691244363785,0.506757378578186,2,False,True,True,55.0,False,0.42137065529823303,UNRANKED,,False,,,
2022-11-01,2022-11-02,2022-11-04,GE,XLI,47.79817085559508,50.895347595214844,49.32228028727059,2,take_profit,LONG,LONG,0.5087932199239731,0.5360438823699951,0.48154255747795105,1.0,0.5199036002159119,50.87932199239731,0.506757378578186,1,True,True,False,55.0,False,0.5436761975288392,UNRANKED,,False,,,
2022-11-02,2022-11-03,2022-11-04,GE,XLI,47.0514218713984,52.260311126708984,48.36654747303065,1,take_profit,LONG,LONG,0.51588174700737,0.5136045813560486,0.5181589126586914,0.6517241379310345,0.5078402161598206,51.588174700737,0.506757378578186,1,True,True,False,55.0,False,1.1382989138364792,UNRANKED,,False,,,
2022-11-03,2022-11-04,2022-11-07,GE,XLI,48.961140993556775,52.829566955566406,50.329605327227256,1,take_profit,LONG,LONG,0.5136481523513794,0.5091373920440674,0.5181589126586914,0.5325697924123122,0.4891597330570221,51.36481523513794,0.506757378578186,1,True,True,False,55.0,False,1.1943039447069168,UNRANKED,,False,,,
2022-11-04,2022-11-07,2022-11-08,GE,XLI,49.64668231623598,52.5357551574707,51.157674638885254,1,take_profit,LONG,LONG,0.502218708395958,0.5072842836380005,0.4971531331539154,0.5325697924123122,0.48434704542160034,50.221870839595795,0.506757378578186,2,False,True,True,55.0,False,0.24522131681442277,UNRANKED,,False,,,
2022-11-07,2022-11-08,2022-11-15,GE,XLI,51.29321607686988,53.33759689331055,52.83219029387602,5,stop_loss,SHORT,SHORT,0.4993143826723099,0.5014756321907043,0.4971531331539154,0.4863150867823765,0.56104576587677,50.06856173276901,0.506757378578186,2,False,True,True,55.0,False,0.038281828165054495,UNRANKED,,False,,,
2022-11-08,2022-11-09,2022-11-11,GE,XLI,50.93819241534857,51.96651077270508,52.50952180464823,2,take_profit,LONG,LONG,0.5028649419546127,0.5085767507553101,0.4971531331539154,0.5325697924123122,0.48495253920555115,50.28649419546127,0.506757378578186,2,False,True,True,55.0,False,0.2801790535449982,UNRANKED,,False,,,
2022-11-09,2022-11-10,2022-11-17,GE,XLI,52.16849758418998,52.26642990112305,52.26642990112305,5,time_exit,SHORT,SHORT,0.4986966401338577,0.5002401471138,0.4971531331539154,0.4863150867823765,0.45506879687309265,50.13033598661423,0.506757378578186,2,False,True,True,55.0,False,0.413977324962616,UNRANKED,,False,,,
2022-11-10,2022-11-11,2022-11-18,GE,XLI,52.50515754255858,52.3215217590332,52.3215217590332,5,time_exit,LONG,LONG,0.5005279779434204,0.49551504850387573,0.5055409073829651,0.4727463312368972,0.5881522297859192,50.05279779434204,0.506757378578186,2,False,True,True,55.0,False,0.8716807961463927,UNRANKED,,False,,,
2022-11-11,2022-11-14,2022-11-21,GE,XLI,52.62756870593728,52.57248306274414,52.57248306274414,5,time_exit,LONG,LONG,0.5076253414154053,0.5097097754478455,0.5055409073829651,0.5325697924123122,0.581963062286377,50.76253414154053,0.506757378578186,1,True,True,False,55.0,False,0.8452702760696411,UNRANKED,,False,,,
2022-11-14,2022-11-15,2022-11-22,GE,XLI,52.97034267078606,53.43553161621094,53.43553161621094,5,time_exit,SHORT,SHORT,0.4966225326061249,0.49557945132255554,0.4976656138896942,0.4727463312368972,0.6123095750808716,50.33774673938751,0.506757378578186,2,False,True,True,55.0,False,0.039382278919220054,UNRANKED,,False,,,
2022-11-15,2022-11-16,2022-11-23,GE,XLI,53.14784662077088,53.784420013427734,53.784420013427734,5,time_exit,LONG,LONG,0.5014172792434692,0.5001547336578369,0.5026798248291016,0.4863150867823765,0.5299524068832397,50.141727924346924,0.506757378578186,2,False,True,True,55.0,False,0.44771647453308105,UNRANKED,,False,,,
2022-11-16,2022-11-17,2022-11-22,GE,XLI,51.26260111317149,53.949684143066406,52.89776455660062,3,stop_loss,SHORT,SHORT,0.49945707619190216,0.49630990624427795,0.5026042461395264,0.4727463312368972,0.49199792742729187,50.054292380809784,0.506757378578186,2,False,True,True,55.0,False,0.5167632102966307,UNRANKED,,False,,,
2022-11-17,2022-11-18,2022-11-28,GE,XLI,52.939732214720316,52.31540298461914,52.31540298461914,5,time_exit,LONG,LONG,0.5120041966438293,0.5058494806289673,0.5181589126586914,0.5325697924123122,0.4533090889453888,51.200419664382935,0.506757378578186,1,True,True,False,55.0,False,0.6923829913139343,UNRANKED,,False,,,
2022-11-18,2022-11-21,2022-11-23,GE,XLI,52.09505108221644,52.43170928955078,53.531724382823306,2,take_profit,LONG,LONG,0.5010280013084412,0.5016862154006958,0.5003697872161865,0.4863150867823765,0.4738333821296692,50.102800130844116,0.506757378578186,2,False,True,True,55.0,False,0.33765587210655224,UNRANKED,,False,,,
2022-11-21,2022-11-22,2022-11-30,GE,XLI,52.82343752886401,52.62145233154297,52.62145233154297,5,time_exit,SHORT,SHORT,0.49870820343494415,0.5002632737159729,0.4971531331539154,0.4863150867823765,0.4814646244049072,50.129179656505585,0.506757378578186,2,False,True,True,55.0,False,0.2216150164604188,UNRANKED,,False,,,
2022-11-22,2022-11-23,2022-12-01,GE,XLI,53.27026339391555,52.18687057495117,52.18687057495117,5,time_exit,LONG,LONG,0.5013794898986816,0.5001547336578369,0.5026042461395264,0.4863150867823765,0.4904592037200928,50.137948989868164,0.506757378578186,2,False,True,True,55.0,False,0.24341082572937012,UNRANKED,,False,,,
2022-11-23,2022-11-25,2022-12-01,GE,XLI,53.680367393700806,53.17844772338867,52.22620861074182,4,stop_loss,LONG,LONG,0.5052488148212433,0.5001547336578369,0.5103428959846497,0.4863150867823765,0.385749876499176,50.52488148212433,0.506757378578186,2,False,True,True,55.0,False,0.46175307035446156,UNRANKED,,False,,,
2022-11-25,2022-11-28,2022-12-05,GE,XLI,53.37431698670205,51.81960678100586,52.13176654550506,5,take_profit,SHORT,SHORT,0.4987456500530243,0.4948870539665222,0.5026042461395264,0.4727463312368972,0.48427170515060425,50.12543499469757,0.506757378578186,2,False,True,True,55.0,False,0.17783823609352106,UNRANKED,,False,,,
2022-11-28,2022-11-29,2022-12-06,GE,XLI,52.48679818052071,52.19910430908203,52.19910430908203,5,time_exit,SHORT,SHORT,0.49801279604434967,0.49887245893478394,0.4971531331539154,0.4863150867823765,0.4327314496040344,50.19872039556503,0.506757378578186,2,False,True,True,55.0,False,0.5154176652431489,UNRANKED,,False,,,
2022-11-29,2022-11-30,2022-12-07,GE,XLI,52.41946101129037,52.02771759033203,52.02771759033203,5,time_exit,SHORT,SHORT,0.49863217771053314,0.5001112222671509,0.4971531331539154,0.4863150867823765,0.4667544960975647,50.136782228946686,0.506757378578186,2,False,True,True,55.0,False,0.1635605096817018,UNRANKED,,False,,,
2022-11-30,2022-12-01,2022-12-08,GE,XLI,52.76835648386265,51.18915939331055,51.57914749948765,5,stop_loss,LONG,LONG,0.5002139806747437,0.4948870539665222,0.5055409073829651,0.4727463312368972,0.47484317421913147,50.021398067474365,0.506757378578186,2,False,True,True,55.0,False,0.4754220843315125,UNRANKED,,False,,,
2022-12-01,2022-12-02,2022-12-09,GE,XLI,51.764519887007495,49.854793548583984,50.7082225847614,5,take_profit,SHORT,SHORT,0.4960200935602188,0.4948870539665222,0.4971531331539154,0.4727463312368972,0.4794723093509674,50.39799064397812,0.506757378578186,2,False,True,True,55.0,False,0.4724533557891847,UNRANKED,,False,,,
2022-12-02,2022-12-05,2022-12-08,GE,XLI,52.54187485512674,50.93207931518555,51.42524593579778,3,stop_loss,LONG,LONG,0.5055723190307617,0.5007467865943909,0.5103978514671326,0.4863150867823765,0.4740501642227173,50.55723190307617,0.506757378578186,2,False,True,True,55.0,False,0.7079832255840302,UNRANKED,,False,,,
2022-12-05,2022-12-06,2022-12-08,GE,XLI,53.01318591968058,50.73009490966797,51.744409979739174,2,stop_loss,LONG,LONG,0.5162537693977356,0.49793297052383423,0.534574568271637,0.4863150867823765,0.4269854426383972,51.62537693977356,0.506757378578186,1,True,True,False,55.0,False,1.4424794763326647,UNRANKED,,False,,,
2022-12-06,2022-12-07,2022-12-09,GE,XLI,52.02771759033203,49.915225982666016,50.81927653721401,2,stop_loss,LONG,LONG,0.5144483000040054,0.49744948744773865,0.5314471125602722,0.4863150867823765,0.41599801182746887,51.44483000040054,0.506757378578186,1,True,True,False,55.0,False,0.8590016961097717,UNRANKED,,False,,,
2022-12-07,2022-12-08,2022-12-09,GE,XLI,52.39497590013154,48.28548812866211,51.357920475850015,1,stop_loss,LONG,LONG,0.5116289705038071,0.49744948744773865,0.5258084535598755,0.4863150867823765,0.421026349067688,51.16289705038071,0.506757378578186,1,True,True,False,55.0,False,0.9751519411802291,UNRANKED,,False,,,
2022-12-08,2022-12-09,2022-12-14,GE,XLI,51.18302793087085,47.57477951049805,50.06902406821739,3,stop_loss,LONG,LONG,0.5046823173761368,0.49744948744773865,0.5119151473045349,0.4863150867823765,0.40493908524513245,50.46823173761368,0.506757378578186,2,False,True,True,55.0,False,0.7584135830402375,UNRANKED,,False,,,
2022-12-09,2022-12-12,2022-12-15,GE,XLI,50.020063929523786,47.82596969604492,48.723306640182265,3,take_profit,SHORT,SHORT,0.4942310303449631,0.49931660294532776,0.4891454577445984,0.4863150867823765,0.48988816142082214,50.57689696550369,0.506757378578186,2,False,True,True,55.0,False,-0.42607530951499945,UNRANKED,,False,,,
2022-12-12,2022-12-13,2022-12-14,GE,XLI,51.76453225603713,49.216758728027344,50.349728614854094,1,take_profit,SHORT,SHORT,0.48753415048122406,0.49793297052383423,0.4771353304386139,0.4863150867823765,0.4738175570964813,51.246584951877594,0.506757378578186,1,True,False,True,55.0,False,0.3932635188102722,UNRANKED,,False,,,
2022-12-13,2022-12-14,2022-12-15,GE,XLI,50.47276567006518,50.84037780761719,49.15239976430346,1,take_profit,SHORT,SHORT,0.49608665704727173,0.49793297052383423,0.49424034357070923,0.4863150867823765,0.4458603858947754,50.39133429527283,0.506757378578186,2,False,True,True,55.0,False,0.11922997236251831,UNRANKED,,False,,,
2022-12-14,2022-12-15,2022-12-16,GE,XLI,49.05746636572518,50.09902572631836,47.6705318128513,1,take_profit,SHORT,SHORT,0.4946185350418091,0.49793297052383423,0.49130409955978394,0.4863150867823765,0.44557324051856995,50.53814649581909,0.506757378578186,2,False,True,True,55.0,False,-0.11649534106254562,UNRANKED,,False,,,
2022-12-15,2022-12-16,2022-12-21,GE,XLI,47.66055571318993,50.11127471923828,49.256700798115986,3,stop_loss,SHORT,SHORT,0.4964286983013153,0.49931660294532776,0.49354079365730286,0.4863150867823765,0.4975360929965973,50.35713016986847,0.506757378578186,2,False,True,True,55.0,False,0.357732594013214,UNRANKED,,False,,,
2022-12-16,2022-12-19,2022-12-20,GE,XLI,47.32969827524186,50.75459671020508,48.793904425841745,1,take_profit,LONG,LONG,0.5018239319324493,0.5037024617195129,0.49994540214538574,0.5213523131672597,0.46013152599334717,50.182393193244934,0.506757378578186,2,False,True,True,55.0,False,0.34250131249427795,UNRANKED,,False,,,
2022-12-19,2022-12-20,2022-12-21,GE,XLI,47.81371692031306,50.22156524658203,49.29719219671513,1,take_profit,LONG,LONG,0.5229121148586273,0.5037024617195129,0.5421217679977417,0.5213523131672597,0.38199496269226074,52.29121148586273,0.506757378578186,1,True,True,False,55.0,False,1.6100631654262545,UNRANKED,,False,,,
2022-12-20,2022-12-21,2022-12-29,GE,XLI,49.651770630806965,51.3121337890625,51.30682390577906,5,take_profit,LONG,LONG,0.5229121148586273,0.5037024617195129,0.5421217679977417,0.5213523131672597,0.3716529905796051,52.29121148586273,0.506757378578186,1,True,True,False,55.0,False,1.4980651140213015,UNRANKED,,False,,,
2022-12-21,2022-12-22,2022-12-30,GE,XLI,50.350228241262045,51.336639404296875,51.336639404296875,5,time_exit,LONG,LONG,0.5127956867218018,0.5037024617195129,0.5218889117240906,0.5213523131672597,0.3528950810432434,51.279568672180176,0.506757378578186,1,True,True,False,55.0,False,1.446320578455925,UNRANKED,,False,,,
2022-12-22,2022-12-23,2023-01-03,GE,XLI,50.0622586861331,52.06574249267578,51.851427997656536,5,take_profit,LONG,LONG,0.5226703584194183,0.503218948841095,0.5421217679977417,0.4863150867823765,0.39443179965019226,52.26703584194183,0.506757378578186,1,True,True,False,55.0,False,1.3854266107082367,UNRANKED,,False,,,
2022-12-23,2022-12-27,2023-01-03,GE,XLI,50.239943304884804,55.096187591552734,51.83674233791354,4,take_profit,LONG,LONG,0.5158876478672028,0.503218948841095,0.5285563468933105,0.4863150867823765,0.347108393907547,51.588764786720276,0.506757378578186,1,True,True,False,55.0,False,0.7767611742019653,UNRANKED,,False,,,
2022-12-27,2022-12-28,2023-01-04,GE,XLI,50.84650291272168,55.951663970947266,52.480991154734795,4,take_profit,LONG,LONG,0.5090344250202179,0.503218948841095,0.5148499011993408,0.4863150867823765,0.40477025508880615,50.90344250202179,0.506757378578186,1,True,True,False,55.0,False,1.3539845645427704,UNRANKED,,False,,,
2022-12-28,2022-12-29,2023-01-04,GE,XLI,50.39311123640357,56.46181869506836,52.079263013398545,3,take_profit,LONG,LONG,0.5013882517814636,0.49883317947387695,0.5039433240890503,0.4863150867823765,0.3651564121246338,50.13882517814636,0.506757378578186,2,False,True,True,55.0,False,0.6906554996967317,UNRANKED,,False,,,
2022-12-29,2022-12-30,2023-01-04,GE,XLI,50.79747803140818,57.034751892089844,52.519631286325875,2,take_profit,LONG,LONG,0.5025864243507385,0.49883317947387695,0.5063396692276001,0.4863150867823765,0.360850989818573,50.25864243507385,0.506757378578186,2,False,True,True,55.0,False,0.3820421099662781,UNRANKED,,False,,,
2022-12-30,2023-01-03,2023-01-04,GE,XLI,51.495946914140994,59.07535934448242,53.03097727913123,1,take_profit,LONG,LONG,0.5025864243507385,0.49883317947387695,0.5063396692276001,0.4863150867823765,0.37168189883232117,50.25864243507385,0.506757378578186,2,False,True,True,55.0,False,0.3332642018795013,UNRANKED,,False,,,
2023-01-03,2023-01-04,2023-01-05,GE,XLI,53.69131116622733,60.97468566894531,55.176601148614324,1,take_profit,LONG,LONG,0.5011181235313416,0.49883317947387695,0.5034030675888062,0.4863150867823765,0.38112062215805054,50.111812353134155,0.506757378578186,2,False,True,True,55.0,False,0.6835153996944429,UNRANKED,,False,,,
2023-01-04,2023-01-05,2023-01-09,GE,XLI,54.86072889291737,61.892948150634766,56.75008468864142,2,stop_loss,SHORT,SHORT,0.49584491550922394,0.49744948744773865,0.49424034357070923,0.4863150867823765,0.464508593082428,50.415508449077606,0.506757378578186,2,False,True,True,55.0,False,0.8495962619781493,UNRANKED,,False,,,
2023-01-05,2023-01-06,2023-01-10,GE,XLI,56.51675822547103,62.94464111328125,58.41191508582259,2,take_profit,LONG,LONG,0.5014242678880692,0.49744948744773865,0.5053990483283997,0.4863150867823765,0.38141563534736633,50.142426788806915,0.506757378578186,2,False,True,True,55.0,False,0.8384740650653838,UNRANKED,,False,,,
2023-01-06,2023-01-09,2023-01-10,GE,XLI,56.508904265605445,63.17224884033203,58.24412067883089,1,take_profit,LONG,LONG,0.5042993128299713,0.5002632737159729,0.5083353519439697,0.4863150867823765,0.42220208048820496,50.42993128299713,0.506757378578186,2,False,True,True,55.0,False,0.6512778997421264,UNRANKED,,False,,,
2023-01-09,2023-01-10,2023-01-11,GE,XLI,56.66588274216547,62.2147331237793,58.38141695237055,1,stop_loss,SHORT,SHORT,0.49767667055130005,0.5002632737159729,0.4950900673866272,0.4863150867823765,0.5772497057914734,50.232332944869995,0.506757378578186,2,False,True,True,55.0,False,0.01739242672920225,UNRANKED,,False,,,
2023-01-10,2023-01-11,2023-01-12,GE,XLI,59.50702169696246,60.3232536315918,61.47818694528836,1,take_profit,LONG,LONG,0.5017849206924438,0.5002632737159729,0.5033065676689148,0.4863150867823765,0.4954250454902649,50.178492069244385,0.506757378578186,2,False,True,True,55.0,False,0.07491141557693483,UNRANKED,,False,,,
2023-01-11,2023-01-12,2023-01-17,GE,XLI,61.12379850528566,60.966827392578125,63.167611938251625,2,take_profit,LONG,LONG,0.5002139806747437,0.4948870539665222,0.5055409073829651,0.4727463312368972,0.5355533361434937,50.021398067474365,0.506757378578186,2,False,True,True,55.0,False,0.2606649696826935,UNRANKED,,False,,,
2023-01-12,2023-01-13,2023-01-23,GE,XLI,61.83015840221652,62.6071662902832,62.6071662902832,5,time_exit,LONG,LONG,0.5038148462772369,0.5020887851715088,0.5055409073829651,0.4863150867823765,0.48671025037765503,50.381484627723694,0.506757378578186,2,False,True,True,55.0,False,0.12412771582603466,UNRANKED,,False,,,
2023-01-13,2023-01-17,2023-01-19,GE,XLI,62.724884650057525,63.33707809448242,60.737502033741954,2,stop_loss,LONG,LONG,0.5005601793527603,0.49557945132255554,0.5055409073829651,0.4727463312368972,0.5326864123344421,50.05601793527603,0.506757378578186,2,False,True,True,55.0,False,0.23280739784240717,UNRANKED,,False,,,
2023-01-17,2023-01-18,2023-01-19,GE,XLI,63.525426243895076,63.40770721435547,61.50727809413224,1,take_profit,SHORT,SHORT,0.49909184873104095,0.49557945132255554,0.5026042461395264,0.4727463312368972,0.6200334429740906,50.090815126895905,0.506757378578186,2,False,True,True,55.0,False,0.2935803830623626,UNRANKED,,False,,,
2023-01-18,2023-01-19,2023-01-24,GE,XLI,61.17088666252218,63.682403564453125,63.23391963022586,3,take_profit,LONG,LONG,0.5099602937698364,0.5016862154006958,0.518234372138977,0.4863150867823765,0.5403270721435547,50.99602937698364,0.506757378578186,1,True,True,False,55.0,False,0.6285558342933656,UNRANKED,,False,,,
2023-01-19,2023-01-20,2023-01-24,GE,XLI,60.89619193289499,65.3227310180664,63.153288904679314,2,take_profit,LONG,LONG,0.5101214945316315,0.49887245893478394,0.521370530128479,0.4863150867823765,0.5976360440254211,51.01214945316315,0.506757378578186,1,True,True,False,55.0,False,0.6789464056491852,UNRANKED,,False,,,
2023-01-20,2023-01-23,2023-01-24,GE,XLI,60.91189991687809,63.4390983581543,63.1051404913061,1,stop_loss,SHORT,SHORT,0.4994196742773056,0.5016862154006958,0.4971531331539154,0.4863150867823765,0.574796736240387,50.05803257226944,0.506757378578186,2,False,True,True,55.0,False,0.3297257125377655,UNRANKED,,False,,,
2023-01-23,2023-01-24,2023-01-26,GE,XLI,61.217994938445266,63.16440963745117,63.642068838940524,2,stop_loss,SHORT,SHORT,0.4961848855018616,0.5001547336578369,0.49221503734588623,0.4863150867823765,0.5989369750022888,50.38151144981384,0.506757378578186,2,False,True,True,55.0,False,0.1682587265968323,UNRANKED,,False,,,
2023-01-24,2023-01-25,2023-01-27,GE,XLI,62.61500986721895,64.60851287841797,65.03919929854568,2,stop_loss,SHORT,SHORT,0.49623915553092957,0.5002632737159729,0.49221503734588623,0.4863150867823765,0.5631403923034668,50.37608444690704,0.506757378578186,2,False,True,True,55.0,False,0.10846319794654843,UNRANKED,,False,,,
2023-01-25,2023-01-26,2023-02-02,GE,XLI,63.949249512322076,65.87997436523438,65.87997436523438,5,time_exit,LONG,LONG,0.5025781691074371,0.5002632737159729,0.5048930644989014,0.4863150867823765,0.47907066345214844,50.25781691074371,0.506757378578186,2,False,True,True,55.0,False,0.0789842009544372,UNRANKED,,False,,,
2023-01-26,2023-01-27,2023-02-02,GE,XLI,63.572521496088456,64.32596588134766,65.49091149765793,4,stop_loss,SHORT,SHORT,0.4982668459415436,0.5001547336578369,0.49637895822525024,0.4863150867823765,0.4375893175601959,50.17331540584564,0.506757378578186,2,False,True,True,55.0,False,-0.8262058496475221,UNRANKED,,False,,,
2023-01-27,2023-01-30,2023-02-06,GE,XLI,64.67915240897433,64.63207244873047,64.63207244873047,5,time_exit,SHORT,SHORT,0.4983211159706116,0.5002632737159729,0.49637895822525024,0.4863150867823765,0.4993012249469757,50.16788840293884,0.506757378578186,2,False,True,True,55.0,False,-0.1514684557914734,UNRANKED,,False,,,
2023-01-30,2023-01-31,2023-02-02,GE,XLI,63.14086573003012,64.4437026977539,65.40795175908286,2,stop_loss,SHORT,SHORT,0.4944074749946594,0.49744948744773865,0.4913654625415802,0.4863150867823765,0.5420438647270203,50.55925250053406,0.506757378578186,2,False,True,True,55.0,False,-0.3678651750087738,UNRANKED,,False,,,
2023-01-31,2023-02-01,2023-02-02,GE,XLI,62.9995744915059,64.32596588134766,65.01438641603157,1,stop_loss,SHORT,SHORT,0.49828335642814636,0.5002632737159729,0.4963034391403198,0.4863150867823765,0.496568888425827,50.171664357185364,0.506757378578186,2,False,True,True,55.0,False,-0.6608749628067017,UNRANKED,,False,,,
2023-02-01,2023-02-02,2023-02-09,GE,XLI,64.50649718560655,63.40770721435547,63.40770721435547,5,time_exit,SHORT,SHORT,0.49736785888671875,0.5001547336578369,0.4945809841156006,0.4863150867823765,0.522837221622467,50.263214111328125,0.506757378578186,2,False,True,True,55.0,False,-0.6063466370105745,UNRANKED,,False,,,
2023-02-02,2023-02-03,2023-02-09,GE,XLI,65.5424834266973,63.80014419555664,63.54224637051008,4,stop_loss,LONG,LONG,0.5017016530036926,0.5001547336578369,0.5032485723495483,0.4863150867823765,0.40250784158706665,50.17016530036926,0.506757378578186,2,False,True,True,55.0,False,-0.9248573780059814,UNRANKED,,False,,,
2023-02-03,2023-02-06,2023-02-13,GE,XLI,63.94140612012045,64.89105987548828,64.89105987548828,5,time_exit,SHORT,SHORT,0.49581436812877655,0.5002632737159729,0.4913654625415802,0.4863150867823765,0.5145368576049805,50.418563187122345,0.506757378578186,2,False,True,True,55.0,False,-0.16735130548477173,UNRANKED,,False,,,
2023-02-06,2023-02-07,2023-02-14,GE,XLI,64.34167159757584,65.56602478027344,65.56602478027344,5,time_exit,SHORT,SHORT,0.49687646329402924,0.49744948744773865,0.4963034391403198,0.4863150867823765,0.4857584834098816,50.312353670597076,0.506757378578186,2,False,True,True,55.0,False,-0.03632122278213485,UNRANKED,,False,,,
2023-02-07,2023-02-08,2023-02-15,GE,XLI,64.11406324701512,66.53138732910156,66.08739578834465,5,take_profit,LONG,LONG,0.5053334832191467,0.5058494806289673,0.5048174858093262,0.5325697924123122,0.4560868740081787,50.53334832191467,0.506757378578186,2,False,True,True,55.0,False,0.24670404195785528,UNRANKED,,False,,,
2023-02-08,2023-02-09,2023-02-15,GE,XLI,64.62421737369515,65.96629333496094,66.34415810419877,4,take_profit,LONG,LONG,0.507804200053215,0.49744948744773865,0.5181589126586914,0.4863150867823765,0.42781659960746765,50.7804200053215,0.506757378578186,1,True,True,False,55.0,False,0.45921248197555536,UNRANKED,,False,,,
2023-02-09,2023-02-10,2023-02-14,GE,XLI,63.42341910014224,65.17359161376953,65.18260053150385,2,stop_loss,SHORT,SHORT,0.48958204686641693,0.489044189453125,0.49011990427970886,0.489044189453125,0.5057615041732788,51.04179531335831,0.5152866840362549,2,False,True,True,63.0,True,0.05915781855583193,UNRANKED,,False,,,
2023-02-10,2023-02-13,2023-02-14,GE,XLI,63.72948555775918,64.56141662597656,65.31039528676308,1,stop_loss,SHORT,SHORT,0.4802025705575943,0.47419312596321106,0.48621201515197754,0.47419312596321106,0.5566087961196899,51.97974294424057,0.5152866840362549,1,True,False,True,63.0,True,-0.1494863033294677,UNRANKED,,False,,,
2023-02-13,2023-02-14,2023-02-15,GE,XLI,64.45938633046347,65.29133605957031,66.09186804171487,1,stop_loss,SHORT,SHORT,0.48034699261188507,0.47032132744789124,0.4903726577758789,0.47032132744789124,0.5743679404258728,51.96530073881149,0.5152866840362549,1,True,False,True,63.0,True,0.12658134102821347,UNRANKED,,False,,,
2023-02-14,2023-02-15,2023-02-23,GE,XLI,64.83612123913159,65.09512329101562,65.09512329101562,5,time_exit,SHORT,SHORT,0.49107910692691803,0.48173806071281433,0.5004201531410217,0.48173806071281433,0.56153404712677,50.8920893073082,0.5152866840362549,2,False,True,True,63.0,True,0.09726402163505558,UNRANKED,,False,,,
2023-02-15,2023-02-16,2023-02-24,GE,XLI,65.62096025677916,65.57386779785156,65.57386779785156,5,time_exit,SHORT,SHORT,0.4871433675289154,0.4738665819168091,0.5004201531410217,0.4738665819168091,0.5999921560287476,51.28566324710846,0.5152866840362549,2,False,True,True,63.0,True,0.07570734620094312,UNRANKED,,False,,,
2023-02-16,2023-02-17,2023-02-27,GE,XLI,65.60525980750296,65.80147552490234,65.80147552490234,5,time_exit,LONG,LONG,0.5064287781715393,0.5185757875442505,0.4942817687988281,0.5185757875442505,0.5777079463005066,50.64287781715393,0.5152866840362549,2,False,True,True,63.0,True,0.16710993647575398,UNRANKED,,False,,,
2023-02-17,2023-02-21,2023-02-28,GE,XLI,64.46724101678662,66.48429870605469,65.97527095453076,5,stop_loss,SHORT,SHORT,0.48079268634319305,0.467303603887558,0.4942817687988281,0.467303603887558,0.5839002728462219,51.920731365680695,0.5152866840362549,1,True,False,True,63.0,True,0.1309833824634553,UNRANKED,,False,,,
2023-02-21,2023-02-22,2023-02-28,GE,XLI,64.48295023053198,66.03693389892578,66.0391924921461,4,take_profit,LONG,LONG,0.5351423621177673,0.5401186943054199,0.5301660299301147,0.5401186943054199,0.6110838055610657,53.51423621177673,0.5152866840362549,1,True,True,False,63.0,True,0.15178337693214394,UNRANKED,,False,,,
2023-02-22,2023-02-23,2023-03-02,GE,XLI,65.52678405715562,67.27698516845703,66.98100006057359,5,take_profit,LONG,LONG,0.5063273161649704,0.5132153630256653,0.4994392693042755,0.5132153630256653,0.5679073333740234,50.63273161649704,0.5152866840362549,2,False,True,True,63.0,True,-0.06551218032836928,UNRANKED,,False,,,
2023-02-23,2023-02-24,2023-02-27,GE,XLI,64.16899168235514,67.79499816894531,65.46960072602144,1,take_profit,LONG,LONG,0.5271359980106354,0.5062699317932129,0.5480020642280579,0.5062699317932129,0.5571314096450806,52.71359980106354,0.5152866840362549,1,True,True,False,63.0,True,0.20815822482109078,UNRANKED,,False,,,
2023-02-24,2023-02-27,2023-03-02,GE,XLI,65.92705050191377,68.39202880859375,67.07405040600138,3,take_profit,LONG,LONG,0.5118415951728821,0.49208498001098633,0.5315982103347778,0.49208498001098633,0.5928557515144348,51.18415951728821,0.5152866840362549,2,False,True,True,63.0,True,-0.04900690913200367,UNRANKED,,False,,,
2023-02-27,2023-02-28,2023-03-02,GE,XLI,65.6288176072034,67.86568450927734,66.76460339124358,2,take_profit,LONG,LONG,0.513389840722084,0.49518147110939026,0.5315982103347778,0.49518147110939026,0.6159468293190002,51.338984072208405,0.5152866840362549,2,False,True,True,63.0,True,0.0006217360496520857,UNRANKED,,False,,,
2023-02-28,2023-03-01,2023-03-03,GE,XLI,66.44505072541371,68.32918548583984,67.65147271376472,2,take_profit,LONG,LONG,0.5102933496236801,0.48093298077583313,0.5396537184715271,0.48093298077583313,0.6318286061286926,51.02933496236801,0.5152866840362549,2,False,True,True,63.0,True,0.5157586932182313,UNRANKED,,False,,,
2023-03-01,2023-03-02,2023-03-03,GE,XLI,65.61311105170886,71.92709350585938,66.86662275302024,1,take_profit,LONG,LONG,0.5139884799718857,0.48832324147224426,0.5396537184715271,0.48832324147224426,0.6220658421516418,51.39884799718857,0.5152866840362549,2,False,True,True,63.0,True,0.6522052437067032,UNRANKED,,False,,,
2023-03-02,2023-03-03,2023-03-09,GE,XLI,67.41827313263067,71.48717498779297,68.71775520573335,4,stop_loss,SHORT,SHORT,0.4939832091331482,0.4795881509780884,0.508378267288208,0.4795881509780884,0.6051406264305115,50.60167908668518,0.5152866840362549,2,False,True,True,63.0,True,0.42929843068122864,UNRANKED,,False,,,
2023-03-03,2023-03-06,2023-03-09,GE,XLI,68.06208606034086,69.8924789428711,69.37950756477026,3,take_profit,LONG,LONG,0.5200767517089844,0.4924094080924988,0.54774409532547,0.4924094080924988,0.5910369157791138,52.00767517089844,0.5152866840362549,1,True,True,False,63.0,True,0.4642135351896286,UNRANKED,,False,,,
2023-03-06,2023-03-07,2023-03-09,GE,XLI,68.31346338096971,71.62073516845703,69.56032987964437,2,take_profit,LONG,LONG,0.5217205435037613,0.4929788410663605,0.5504622459411621,0.4929788410663605,0.6197184324264526,52.17205435037613,0.5152866840362549,1,True,True,False,63.0,True,0.3116742372512816,UNRANKED,,False,,,
2023-03-07,2023-03-08,2023-03-09,GE,XLI,68.16421785180168,70.51307678222656,69.38985283540939,1,take_profit,LONG,LONG,0.527628019452095,0.48851218819618225,0.5667438507080078,0.48851218819618225,0.5492684841156006,52.7628019452095,0.5152866840362549,1,True,True,False,63.0,True,0.78233639895916,UNRANKED,,False,,,
2023-03-08,2023-03-09,2023-03-16,GE,XLI,70.67017969862589,72.24919128417969,71.82412017190993,5,take_profit,LONG,LONG,0.5245467126369476,0.5071280598640442,0.5419653654098511,0.5071280598640442,0.5409426689147949,52.45467126369476,0.5152866840362549,1,True,True,False,63.0,True,0.2797476947307588,UNRANKED,,False,,,
2023-03-09,2023-03-10,2023-03-13,GE,XLI,72.19419187067022,70.92943572998047,70.60699225083205,1,stop_loss,LONG,LONG,0.5169020593166351,0.4969934821128845,0.5368106365203857,0.4969934821128845,0.5080423355102539,51.69020593166351,0.5152866840362549,1,True,True,False,63.0,True,0.27651539444923406,UNRANKED,,False,,,
2023-03-10,2023-03-13,2023-03-16,GE,XLI,70.465949323326,70.63876342773438,72.00275134271774,3,take_profit,LONG,LONG,0.5155970901250839,0.4943835437297821,0.5368106365203857,0.4943835437297821,0.4759135842323303,51.55970901250839,0.5152866840362549,1,True,True,False,63.0,True,0.8017207086086275,UNRANKED,,False,,,
2023-03-13,2023-03-14,2023-03-21,GE,XLI,71.62073516845703,72.41416931152344,72.41416931152344,5,time_exit,LONG,LONG,0.5121429562568665,0.47049111127853394,0.553794801235199,0.47049111127853394,0.5404886603355408,51.214295625686646,0.5152866840362549,2,False,True,True,63.0,True,0.8823118656873703,UNRANKED,,False,,,
2023-03-14,2023-03-15,2023-03-16,GE,XLI,69.90818545907511,70.3795166015625,71.72796717119844,1,stop_loss,SHORT,SHORT,0.49271538853645325,0.431307852268219,0.5541229248046875,0.431307852268219,0.5621291399002075,50.728461146354675,0.5152866840362549,2,False,True,True,63.0,True,0.8455759137868883,UNRANKED,,False,,,
2023-03-15,2023-03-16,2023-03-21,GE,XLI,70.23026615222959,71.95066833496094,72.18025438116373,3,take_profit,LONG,LONG,0.5217957198619843,0.48284393548965454,0.560747504234314,0.48284393548965454,0.5728275179862976,52.179571986198425,0.5152866840362549,1,True,True,False,63.0,True,1.1342458128929138,UNRANKED,,False,,,
2023-03-16,2023-03-17,2023-03-24,GE,XLI,72.1077974173831,71.77783966064453,71.77783966064453,5,time_exit,LONG,LONG,0.5370076894760132,0.5132678747177124,0.560747504234314,0.5132678747177124,0.581707239151001,53.70076894760132,0.5152866840362549,1,True,True,False,63.0,True,1.1852706223726273,UNRANKED,,False,,,
2023-03-17,2023-03-20,2023-03-27,GE,XLI,71.19652325033488,73.30186462402344,73.30186462402344,5,time_exit,LONG,LONG,0.5296173989772797,0.5154248476028442,0.5438099503517151,0.5154248476028442,0.5451487898826599,52.961739897727966,0.5152866840362549,1,True,True,False,63.0,True,1.0645085573196413,UNRANKED,,False,,,
2023-03-20,2023-03-21,2023-03-28,GE,XLI,71.47147993086199,73.16829681396484,73.16829681396484,5,time_exit,LONG,LONG,0.5116381347179413,0.5048085451126099,0.5184677243232727,0.5048085451126099,0.6495054364204407,51.16381347179413,0.5152866840362549,2,False,True,True,63.0,True,1.3762778639793396,UNRANKED,,False,,,
2023-03-21,2023-03-22,2023-03-29,GE,XLI,72.65767955777466,73.89103698730469,73.89103698730469,5,time_exit,LONG,LONG,0.5117204487323761,0.5049731731414795,0.5184677243232727,0.5049731731414795,0.6189598441123962,51.17204487323761,0.5152866840362549,2,False,True,True,63.0,True,1.0905864536762238,UNRANKED,,False,,,
2023-03-22,2023-03-23,2023-03-29,GE,XLI,71.19651995520492,73.88318634033203,73.72936667848896,4,stop_loss,SHORT,SHORT,0.48896634578704834,0.5024919509887695,0.47544074058532715,0.5024919509887695,0.4968799650669098,51.103365421295166,0.5152866840362549,2,False,True,True,63.0,True,0.4770707935094832,UNRANKED,,False,,,
2023-03-23,2023-03-24,2023-03-29,GE,XLI,71.14938272847313,75.10082244873047,73.8326778421729,3,take_profit,LONG,LONG,0.5184558928012848,0.5184440612792969,0.5184677243232727,0.5184440612792969,0.620395302772522,51.84558928012848,0.5152866840362549,1,True,True,False,63.0,True,1.4846509099006653,UNRANKED,,False,,,
2023-03-24,2023-03-27,2023-04-03,GE,XLI,72.4927219855473,76.13777923583984,75.11541681848536,5,take_profit,LONG,LONG,0.5244689881801605,0.5304702520370483,0.5184677243232727,0.5304702520370483,0.6128595471382141,52.44689881801605,0.5152866840362549,1,True,True,False,63.0,True,1.4478624612092972,UNRANKED,,False,,,
2023-03-27,2023-03-28,2023-04-03,GE,XLI,73.3254166721799,74.66876220703125,76.09063731426974,4,take_profit,LONG,LONG,0.5053582489490509,0.4922487735748291,0.5184677243232727,0.4922487735748291,0.561234712600708,50.53582489490509,0.5152866840362549,2,False,True,True,63.0,True,0.9705442935228348,UNRANKED,,False,,,
2023-03-28,2023-03-29,2023-04-05,GE,XLI,73.82033229501225,74.0403060913086,74.0403060913086,5,time_exit,LONG,LONG,0.5131016969680786,0.5035395622253418,0.5226638317108154,0.5035395622253418,0.6039888858795166,51.31016969680786,0.5152866840362549,2,False,True,True,63.0,True,0.927560657262802,UNRANKED,,False,,,
2023-03-29,2023-03-30,2023-04-03,GE,XLI,73.80463390246126,73.52967834472656,76.11198297123916,2,take_profit,LONG,LONG,0.5284203886985779,0.5058690309524536,0.5509717464447021,0.5058690309524536,0.49538490176200867,52.84203886985779,0.5152866840362549,1,True,True,False,63.0,True,0.5598446726799011,UNRANKED,,False,,,
2023-03-30,2023-03-31,2023-04-10,GE,XLI,74.26025889889709,74.1267318725586,74.1267318725586,5,time_exit,LONG,LONG,0.5073564052581787,0.52372807264328,0.4909847378730774,0.52372807264328,0.5759743452072144,50.73564052581787,0.5152866840362549,2,False,True,True,63.0,True,0.2284543812274934,UNRANKED,,False,,,
2023-03-31,2023-04-03,2023-04-11,GE,XLI,75.21866320162962,73.77320861816406,73.77320861816406,5,time_exit,SHORT,SHORT,0.4695228487253189,0.4654436409473419,0.4736020565032959,0.4654436409473419,0.5842800736427307,53.04771512746811,0.5152866840362549,1,True,False,True,63.0,True,-0.0719034969806672,UNRANKED,,False,,,
2023-04-03,2023-04-04,2023-04-05,GE,XLI,76.16921137596212,73.92247772216797,74.07620905662618,1,take_profit,SHORT,SHORT,0.4800674468278885,0.46262291073799133,0.49751198291778564,0.46262291073799133,0.5966337323188782,51.99325531721115,0.5152866840362549,1,True,False,True,63.0,True,0.05972009897232053,UNRANKED,,False,,,
2023-04-04,2023-04-05,2023-04-13,GE,XLI,74.6137764356136,74.07958984375,74.07958984375,5,time_exit,SHORT,SHORT,0.4820958375930786,0.4723535478115082,0.49183812737464905,0.4723535478115082,0.6066215634346008,51.79041624069214,0.5152866840362549,1,True,False,True,63.0,True,-0.025147110223770232,UNRANKED,,False,,,
2023-04-05,2023-04-06,2023-04-14,GE,XLI,73.93817351211472,74.97514343261719,74.97514343261719,5,time_exit,SHORT,SHORT,0.4969595819711685,0.502081036567688,0.49183812737464905,0.502081036567688,0.6253404021263123,50.30404180288315,0.5152866840362549,2,False,True,True,63.0,True,-0.008632689714431745,UNRANKED,,False,,,
2023-04-06,2023-04-10,2023-04-17,GE,XLI,73.71037385399994,76.01995086669922,75.58117223744023,5,stop_loss,SHORT,SHORT,0.4711722284555435,0.45721590518951416,0.4851285517215729,0.45721590518951416,0.6771466135978699,52.88277715444565,0.5152866840362549,1,True,False,True,63.0,True,-0.15432867407798762,UNRANKED,,False,,,
2023-04-10,2023-04-11,2023-04-18,GE,XLI,74.24454574723738,77.35542297363281,76.15911287718995,5,stop_loss,SHORT,SHORT,0.4820777326822281,0.4790269136428833,0.4851285517215729,0.4790269136428833,0.61937016248703,51.79222673177719,0.5152866840362549,1,True,False,True,63.0,True,0.10202959179878238,UNRANKED,,False,,,
2023-04-11,2023-04-12,2023-04-17,GE,XLI,74.04816914556717,77.79533386230469,75.75961018560623,3,stop_loss,SHORT,SHORT,0.47633562982082367,0.4788423776626587,0.47382888197898865,0.4788423776626587,0.6528849005699158,52.36643701791763,0.5152866840362549,1,True,False,True,63.0,True,0.027021378278732373,UNRANKED,,False,,,
2023-04-12,2023-04-13,2023-04-17,GE,XLI,74.1424393101089,78.36880493164062,75.58453983501124,2,stop_loss,SHORT,SHORT,0.48589567840099335,0.51695716381073,0.4548341929912567,0.51695716381073,0.5264550447463989,51.410432159900665,0.5152866840362549,2,False,True,True,63.0,True,-0.259259879589081,UNRANKED,,False,,,
2023-04-13,2023-04-14,2023-04-17,GE,XLI,73.73393225508084,78.17241668701172,74.97402712115228,1,stop_loss,SHORT,SHORT,0.4647526741027832,0.451518177986145,0.4779871702194214,0.451518177986145,0.6480526328086853,53.52473258972168,0.5152866840362549,1,True,False,True,63.0,True,-0.04274368286132802,UNRANKED,,False,,,
2023-04-14,2023-04-17,2023-04-18,GE,XLI,75.11654522650556,78.6751937866211,76.4598865089414,1,stop_loss,SHORT,SHORT,0.47408078610897064,0.4701744019985199,0.4779871702194214,0.4701744019985199,0.6359891891479492,52.591921389102936,0.5152866840362549,1,True,False,True,63.0,True,0.026831328868865897,UNRANKED,,False,,,
2023-04-17,2023-04-18,2023-04-19,GE,XLI,76.20063453244028,77.33185577392578,77.47551616783369,1,stop_loss,SHORT,SHORT,0.4824524074792862,0.46767953038215637,0.497225284576416,0.46767953038215637,0.5821472406387329,51.75475925207138,0.5152866840362549,1,True,False,True,63.0,True,0.367658406496048,UNRANKED,,False,,,
2023-04-18,2023-04-19,2023-04-26,GE,XLI,77.44182541570471,75.58001708984375,75.99524316647201,5,take_profit,SHORT,SHORT,0.4917198717594147,0.48482853174209595,0.4986112117767334,0.48482853174209595,0.5968772768974304,50.82801282405853,0.5152866840362549,2,False,True,True,63.0,True,0.39927071332931513,UNRANKED,,False,,,
2023-04-19,2023-04-20,2023-04-26,GE,XLI,78.00744123869973,77.0333480834961,76.60126317299103,4,take_profit,SHORT,SHORT,0.49259746074676514,0.4865837097167969,0.4986112117767334,0.4865837097167969,0.646856963634491,50.740253925323486,0.5152866840362549,2,False,True,True,63.0,True,0.3256492614746094,UNRANKED,,False,,,
2023-04-20,2023-04-21,2023-04-26,GE,XLI,78.54163565967814,77.7481918334961,77.05465467648897,3,take_profit,SHORT,SHORT,0.4990542531013489,0.49943143129348755,0.4986770749092102,0.49943143129348755,0.6151284575462341,50.09457468986511,0.5152866840362549,2,False,True,True,63.0,True,0.1762862205505371,UNRANKED,,False,,,
2023-04-21,2023-04-24,2023-04-26,GE,XLI,78.22742231388635,79.48433685302734,76.88633388266425,2,take_profit,SHORT,SHORT,0.48927050828933716,0.4898722171783447,0.4886687994003296,0.4898722171783447,0.6538627743721008,51.072949171066284,0.5152866840362549,2,False,True,True,63.0,True,0.09930402040481566,UNRANKED,,False,,,
2023-04-24,2023-04-25,2023-04-26,GE,XLI,80.08921905513787,79.74356079101562,78.82444200784435,1,take_profit,SHORT,SHORT,0.4866933077573776,0.4871746003627777,0.48621201515197754,0.4871746003627777,0.6510818600654602,51.33066922426224,0.5152866840362549,2,False,True,True,63.0,True,0.22271013259887695,UNRANKED,,False,,,
2023-04-25,2023-04-26,2023-05-01,GE,XLI,77.16687365654509,79.94782257080078,78.41369655867958,3,stop_loss,SHORT,SHORT,0.4988630414009094,0.5034443140029907,0.4942817687988281,0.5034443140029907,0.5511761903762817,50.11369585990906,0.5152866840362549,2,False,True,True,63.0,True,0.29176098108291626,UNRANKED,,False,,,
2023-04-26,2023-04-27,2023-04-28,GE,XLI,76.21635009511782,78.02316284179688,77.62365622130365,1,take_profit,LONG,LONG,0.5402379035949707,0.5520144104957581,0.5284613966941833,0.5520144104957581,0.5339727997779846,54.02379035949707,0.5152866840362549,1,True,True,False,63.0,True,0.9131745547056199,UNRANKED,,False,,,
2023-04-27,2023-04-28,2023-05-01,GE,XLI,76.30273727324743,78.74588775634766,77.84471529187188,1,take_profit,LONG,LONG,0.5109263062477112,0.5210689902305603,0.5007836222648621,0.5210689902305603,0.6079370975494385,51.09263062477112,0.5152866840362549,2,False,True,True,63.0,True,0.6452031135559083,UNRANKED,,False,,,
2023-04-28,2023-05-01,2023-05-02,GE,XLI,78.15671789943167,79.28008270263672,79.71552309265154,1,take_profit,LONG,LONG,0.5075303316116333,0.5148939490318298,0.5001667141914368,0.5148939490318298,0.5857868194580078,50.75303316116333,0.5152866840362549,2,False,True,True,63.0,True,0.3689499497413635,UNRANKED,,False,,,
2023-05-01,2023-05-02,2023-05-09,GE,XLI,79.03654383924595,79.34293365478516,79.34293365478516,5,time_exit,SHORT,SHORT,0.49304042756557465,0.49432265758514404,0.49175819754600525,0.49432265758514404,0.5409876704216003,50.695957243442535,0.5152866840362549,2,False,True,True,63.0,True,0.17657113075256356,UNRANKED,,False,,,
2023-05-02,2023-05-03,2023-05-04,GE,XLI,80.034237767686,78.19598388671875,78.26220734602026,1,stop_loss,LONG,LONG,0.5118817687034607,0.5137307047843933,0.5100328326225281,0.5137307047843933,0.5191994309425354,51.18817687034607,0.5152866840362549,2,False,True,True,63.0,True,0.4435125291347504,UNRANKED,,False,,,
2023-05-03,2023-05-04,2023-05-11,GE,XLI,79.72785588469496,78.17241668701172,78.17241668701172,5,time_exit,LONG,LONG,0.5425618439912796,0.5864543318748474,0.4986693561077118,0.5864543318748474,0.5417253375053406,54.25618439912796,0.5152866840362549,1,True,True,False,63.0,True,0.5447257608175278,UNRANKED,,False,,,
2023-05-04,2023-05-05,2023-05-12,GE,XLI,79.01298105658934,77.61466217041016,77.61466217041016,5,time_exit,LONG,LONG,0.5125161409378052,0.5355863571166992,0.48944592475891113,0.5355863571166992,0.5768887996673584,51.25161409378052,0.5152866840362549,2,False,True,True,63.0,True,0.41618975996971125,UNRANKED,,False,,,
2023-05-05,2023-05-08,2023-05-15,GE,XLI,78.73017809946411,80.12850189208984,80.12850189208984,5,time_exit,LONG,LONG,0.5163731276988983,0.4959356188774109,0.5368106365203857,0.4959356188774109,0.5949627161026001,51.63731276988983,0.5152866840362549,1,True,True,False,63.0,True,0.6961832046508788,UNRANKED,,False,,,
2023-05-08,2023-05-09,2023-05-16,GE,XLI,79.16224801117123,79.44505310058594,79.44505310058594,5,time_exit,LONG,LONG,0.5489071905612946,0.5417376160621643,0.5560767650604248,0.5417376160621643,0.6185210943222046,54.890719056129456,0.5152866840362549,1,True,True,False,63.0,True,0.6816587150096893,UNRANKED,,False,,,
2023-05-09,2023-05-10,2023-05-12,GE,XLI,79.71999877665853,81.28329467773438,78.00856318618699,2,stop_loss,LONG,LONG,0.5478866100311279,0.549970269203186,0.5458029508590698,0.549970269203186,0.6803109645843506,54.78866100311279,0.5152866840362549,1,True,True,False,63.0,True,0.2723133563995362,UNRANKED,,False,,,
2023-05-10,2023-05-11,2023-05-15,GE,XLI,78.08600900879551,81.70750427246094,79.87937012765713,2,take_profit,LONG,LONG,0.5369167625904083,0.5070896744728088,0.5667438507080078,0.5070896744728088,0.5940507054328918,53.69167625904083,0.5152866840362549,1,True,True,False,63.0,True,1.210473671555519,UNRANKED,,False,,,
2023-05-11,2023-05-12,2023-05-15,GE,XLI,78.22740869306733,81.9039077758789,79.99608109122582,1,take_profit,LONG,LONG,0.5403766334056854,0.514009416103363,0.5667438507080078,0.514009416103363,0.5414554476737976,54.03766334056854,0.5152866840362549,1,True,True,False,63.0,True,0.99018295109272,UNRANKED,,False,,,
2023-05-12,2023-05-15,2023-05-17,GE,XLI,77.88175951874783,82.13169860839844,79.65828583361947,2,take_profit,LONG,LONG,0.5299561470746994,0.493168443441391,0.5667438507080078,0.493168443441391,0.5530723929405212,52.99561470746994,0.5152866840362549,1,True,True,False,63.0,True,1.022627830505371,UNRANKED,,False,,,
2023-05-15,2023-05-16,2023-05-18,GE,XLI,79.52361304943535,79.89282989501953,81.46735389416192,2,take_profit,LONG,LONG,0.5465185940265656,0.5380690693855286,0.5549681186676025,0.5380690693855286,0.6061303019523621,54.651859402656555,0.5152866840362549,1,True,True,False,63.0,True,0.7686179280281068,UNRANKED,,False,,,
2023-05-16,2023-05-17,2023-05-19,GE,XLI,80.02638052619879,79.32720947265625,81.81749424341419,2,take_profit,LONG,LONG,0.5378109216690063,0.5147499442100525,0.5608718991279602,0.5147499442100525,0.5280514359474182,53.781092166900635,0.5152866840362549,1,True,True,False,63.0,True,0.6216684877872467,UNRANKED,,False,,,
2023-05-17,2023-05-18,2023-05-25,GE,XLI,80.8276568956278,79.75141906738281,79.75141906738281,5,time_exit,LONG,LONG,0.5358651876449585,0.5167622566223145,0.5549681186676025,0.5167622566223145,0.582565426826477,53.58651876449585,0.5152866840362549,1,True,True,False,63.0,True,0.7591667771339418,UNRANKED,,False,,,
2023-05-18,2023-05-19,2023-05-23,GE,XLI,82.10815916977225,80.70982360839844,80.30357739138218,2,stop_loss,LONG,LONG,0.5137546360492706,0.5020961165428162,0.5254131555557251,0.5020961165428162,0.6012485027313232,51.37546360492706,0.5152866840362549,2,False,True,True,63.0,True,0.5293348133563995,UNRANKED,,False,,,
2023-05-19,2023-05-22,2023-05-23,GE,XLI,81.77819015975125,80.44271850585938,80.19357145509164,1,take_profit,SHORT,SHORT,0.47407397627830505,0.4625047743320465,0.4856431782245636,0.4625047743320465,0.6406676769256592,52.592602372169495,0.5152866840362549,1,True,False,True,63.0,True,0.12440529465675351,UNRANKED,,False,,,
2023-05-22,2023-05-23,2023-05-24,GE,XLI,81.5896676701296,79.75926971435547,80.0095394091084,1,take_profit,SHORT,SHORT,0.4776996821165085,0.47699636220932007,0.4784030020236969,0.47699636220932007,0.5923035740852356,52.23003178834915,0.5152866840362549,1,True,False,True,63.0,True,0.10748755931854256,UNRANKED,,False,,,
2023-05-23,2023-05-24,2023-06-01,GE,XLI,79.56288178724961,82.2259750366211,81.43366818164135,5,take_profit,LONG,LONG,0.5003499984741211,0.5002798438072205,0.5004201531410217,0.5002798438072205,0.5185492038726807,50.03499984741211,0.5152866840362549,2,False,True,True,63.0,True,0.35084637999534607,UNRANKED,,False,,,
2023-05-24,2023-05-25,2023-06-01,GE,XLI,79.6571561447294,83.1136703491211,81.3337940667439,4,take_profit,LONG,LONG,0.5289249122142792,0.5451130270957947,0.5127367973327637,0.5451130270957947,0.5782558917999268,52.89249122142792,0.5152866840362549,1,True,True,False,63.0,True,0.5765362530946732,UNRANKED,,False,,,
2023-05-25,2023-05-26,2023-06-01,GE,XLI,79.80641797792802,81.77821350097656,81.44041085425336,3,take_profit,LONG,LONG,0.5192827582359314,0.5276932716369629,0.5108722448348999,0.5276932716369629,0.5821977853775024,51.92827582359314,0.5152866840362549,1,True,True,False,63.0,True,0.6470110416412355,UNRANKED,,False,,,
2023-05-26,2023-05-30,2023-06-02,GE,XLI,80.92977360270348,82.8465805053711,82.62436784970403,3,take_profit,LONG,LONG,0.5175595283508301,0.5252695679664612,0.509849488735199,0.5252695679664612,0.6103525757789612,51.75595283508301,0.5152866840362549,1,True,True,False,63.0,True,0.5952700227499008,UNRANKED,,False,,,
2023-05-30,2023-05-31,2023-06-01,GE,XLI,79.59430209942613,83.33363342285156,81.31807551076821,1,take_profit,LONG,LONG,0.5410774350166321,0.5310460329055786,0.5511088371276855,0.5310460329055786,0.6306177377700806,54.10774350166321,0.5152866840362549,1,True,True,False,63.0,True,0.8037744462490084,UNRANKED,,False,,,
2023-05-31,2023-06-01,2023-06-02,GE,XLI,79.50788815578535,83.32577514648438,81.16544714190421,1,take_profit,LONG,LONG,0.5384032726287842,0.5190641283988953,0.5577424168586731,0.5190641283988953,0.5391212105751038,53.84032726287842,0.5152866840362549,1,True,True,False,63.0,True,0.7286751270294188,UNRANKED,,False,,,
2023-06-01,2023-06-02,2023-06-09,GE,XLI,82.87799803207093,83.5064697265625,83.5064697265625,5,time_exit,LONG,LONG,0.5374606251716614,0.512334406375885,0.5625868439674377,0.512334406375885,0.5532500743865967,53.74606251716614,0.5152866840362549,1,True,True,False,63.0,True,0.7683299332857132,UNRANKED,,False,,,
2023-06-02,2023-06-05,2023-06-12,GE,XLI,83.11368774044104,83.45146942138672,83.45146942138672,5,time_exit,LONG,LONG,0.5138004422187805,0.5628730058670044,0.46472787857055664,0.5628730058670044,0.6158074736595154,51.38004422187805,0.5152866840362549,2,False,True,True,63.0,True,0.1661234796047211,UNRANKED,,False,,,
2023-06-05,2023-06-06,2023-06-13,GE,XLI,81.95888541277814,83.85211181640625,83.84425811960013,5,stop_loss,SHORT,SHORT,0.49207019805908203,0.5194125175476074,0.46472787857055664,0.5194125175476074,0.6089427471160889,50.7929801940918,0.5152866840362549,2,False,True,True,63.0,True,-0.22259542346000655,UNRANKED,,False,,,
2023-06-06,2023-06-07,2023-06-14,GE,XLI,83.77355709051943,82.24954223632812,82.24954223632812,5,time_exit,SHORT,SHORT,0.4721370041370392,0.4770992398262024,0.467174768447876,0.4770992398262024,0.6118776798248291,52.78629958629608,0.5152866840362549,1,True,False,True,63.0,True,-0.020253598690033077,UNRANKED,,False,,,
2023-06-07,2023-06-08,2023-06-15,GE,XLI,83.14509704584992,82.80728912353516,82.80728912353516,5,time_exit,LONG,LONG,0.5093507617712021,0.5283668637275696,0.4903346598148346,0.5283668637275696,0.6766636371612549,50.93507617712021,0.5152866840362549,2,False,True,True,63.0,True,0.13588002324104315,UNRANKED,,False,,,
2023-06-08,2023-06-09,2023-06-16,GE,XLI,83.49861448263867,83.49859619140625,83.49859619140625,5,time_exit,LONG,LONG,0.5053305327892303,0.5327010750770569,0.4779599905014038,0.5327010750770569,0.655957818031311,50.533053278923035,0.5152866840362549,2,False,True,True,63.0,True,0.14224418997764582,UNRANKED,,False,,,
2023-06-09,2023-06-12,2023-06-20,GE,XLI,83.51431887798584,81.7153549194336,81.82870769808908,5,take_profit,SHORT,SHORT,0.48992373049259186,0.4976637363433838,0.4821837246417999,0.4976637363433838,0.6225952506065369,51.007626950740814,0.5152866840362549,2,False,True,True,63.0,True,0.21999225020408628,UNRANKED,,False,,,
2023-06-12,2023-06-13,2023-06-21,GE,XLI,83.29435202316114,82.52449798583984,82.52449798583984,5,time_exit,SHORT,SHORT,0.48699595034122467,0.4846629202365875,0.4893289804458618,0.4846629202365875,0.6949083209037781,51.30040496587753,0.5152866840362549,2,False,True,True,63.0,True,0.25376278162002575,UNRANKED,,False,,,
2023-06-13,2023-06-14,2023-06-20,GE,XLI,83.83639902330103,82.34380340576172,82.438075964219,3,take_profit,SHORT,SHORT,0.4893495440483093,0.48937010765075684,0.4893289804458618,0.48937010765075684,0.6726170778274536,51.06504559516907,0.5152866840362549,2,False,True,True,63.0,True,0.19872233271598813,UNRANKED,,False,,,
2023-06-14,2023-06-15,2023-06-23,GE,XLI,82.0452780676937,81.52681732177734,81.52681732177734,5,time_exit,SHORT,SHORT,0.46483510732650757,0.43362951278686523,0.4960407018661499,0.43362951278686523,0.7145179510116577,53.51648926734924,0.5152866840362549,1,True,False,True,63.0,True,-0.10445186495780939,UNRANKED,,False,,,
2023-06-15,2023-06-16,2023-06-23,GE,XLI,83.23149542712686,82.05314636230469,81.66596001801693,4,take_profit,SHORT,SHORT,0.47276613116264343,0.460403710603714,0.4851285517215729,0.460403710603714,0.730185329914093,52.72338688373566,0.5152866840362549,1,True,False,True,63.0,True,0.13080677390098588,UNRANKED,,False,,,
2023-06-16,2023-06-20,2023-06-23,GE,XLI,83.33363266542972,82.42236328125,81.80625403819758,3,take_profit,SHORT,SHORT,0.4954482316970825,0.5129092931747437,0.4779871702194214,0.5129092931747437,0.6589584350585938,50.45517683029175,0.5152866840362549,2,False,True,True,63.0,True,0.10299637913703912,UNRANKED,,False,,,
2023-06-20,2023-06-21,2023-06-28,GE,XLI,81.41684098648118,84.09564208984375,83.16081049506097,5,stop_loss,SHORT,SHORT,0.4937516897916794,0.49891915917396545,0.4885842204093933,0.49891915917396545,0.6626585721969604,50.62483102083206,0.5152866840362549,2,False,True,True,63.0,True,0.09198674559593194,UNRANKED,,False,,,
2023-06-21,2023-06-22,2023-06-28,GE,XLI,82.21811201626974,84.6376953125,83.9800378498356,4,stop_loss,SHORT,SHORT,0.477997750043869,0.4674112796783447,0.4885842204093933,0.4674112796783447,0.6547050476074219,52.2002249956131,0.5152866840362549,1,True,False,True,63.0,True,0.18521007895469657,UNRANKED,,False,,,
2023-06-22,2023-06-23,2023-06-27,GE,XLI,80.98477547359686,86.29524993896484,82.42012834399306,2,stop_loss,SHORT,SHORT,0.4670821875333786,0.4455801546573639,0.4885842204093933,0.4455801546573639,0.6796550154685974,53.29178124666214,0.5152866840362549,1,True,False,True,63.0,True,0.2044252455234528,UNRANKED,,False,,,
2023-06-23,2023-06-26,2023-06-28,GE,XLI,81.3304114683281,85.06189727783203,82.75566302036492,2,take_profit,LONG,LONG,0.5230135321617126,0.5545216798782349,0.49150538444519043,0.5545216798782349,0.5303297638893127,52.301353216171265,0.5152866840362549,1,True,True,False,63.0,True,0.4717337489128112,UNRANKED,,False,,,
2023-06-26,2023-06-27,2023-06-28,GE,XLI,82.19454622987318,85.35255432128906,83.50420809510756,1,stop_loss,SHORT,SHORT,0.4866567403078079,0.4871014654636383,0.48621201515197754,0.4871014654636383,0.5776344537734985,51.33432596921921,0.5152866840362549,2,False,True,True,63.0,True,0.0764997005462645,UNRANKED,,False,,,
2023-06-27,2023-06-28,2023-06-29,GE,XLI,82.71302918114702,84.3470230102539,83.9228124627458,1,take_profit,LONG,LONG,0.5130586624145508,0.539905309677124,0.48621201515197754,0.539905309677124,0.6073988080024719,51.30586624145508,0.5152866840362549,2,False,True,True,63.0,True,0.0216720700263978,UNRANKED,,False,,,
2023-06-28,2023-06-29,2023-06-30,GE,XLI,83.44362309761414,85.05403900146484,84.82286722080052,1,stop_loss,SHORT,SHORT,0.49416396021842957,0.49965912103652954,0.4886687994003296,0.49965912103652954,0.6157337427139282,50.58360397815704,0.5152866840362549,2,False,True,True,63.0,True,0.22454535961151117,UNRANKED,,False,,,
2023-06-29,2023-06-30,2023-07-10,GE,XLI,85.61965393489861,86.89363861083984,86.89363861083984,5,time_exit,SHORT,SHORT,0.4968854933977127,0.5017144083976746,0.49205657839775085,0.5017144083976746,0.5651289224624634,50.31145066022873,0.5152866840362549,2,False,True,True,63.0,True,0.08823683857917784,UNRANKED,,False,,,
2023-06-30,2023-07-03,2023-07-11,GE,XLI,85.67464379254314,87.43609619140625,87.34118148611178,5,stop_loss,SHORT,SHORT,0.49627092480659485,0.499484121799469,0.4930577278137207,0.499484121799469,0.6578472852706909,50.372907519340515,0.5152866840362549,2,False,True,True,63.0,True,-0.021629691123962406,UNRANKED,,False,,,
2023-07-03,2023-07-05,2023-07-10,GE,XLI,85.01475634424204,87.42036437988281,86.84963008866168,3,take_profit,LONG,LONG,0.5008662939071655,0.5031213760375977,0.4986112117767334,0.5031213760375977,0.5600704550743103,50.08662939071655,0.5152866840362549,2,False,True,True,63.0,True,0.19742029905319217,UNRANKED,,False,,,
2023-07-05,2023-07-06,2023-07-10,GE,XLI,84.84978859865294,87.48324584960938,86.66895014999223,2,take_profit,LONG,LONG,0.5048944056034088,0.5111775994300842,0.4986112117767334,0.5111775994300842,0.5958896279335022,50.48944056034088,0.5152866840362549,2,False,True,True,63.0,True,0.11403110623359686,UNRANKED,,False,,,
2023-07-06,2023-07-07,2023-07-10,GE,XLI,84.16633647876175,86.69710540771484,85.90020684880918,1,take_profit,LONG,LONG,0.5171391367912292,0.5198525786399841,0.5144256949424744,0.5198525786399841,0.4803660809993744,51.713913679122925,0.5152866840362549,1,True,True,False,63.0,True,0.34020653367042547,UNRANKED,,False,,,
2023-07-07,2023-07-10,2023-07-11,GE,XLI,85.22699042455602,87.37318420410156,86.98218495231829,1,stop_loss,SHORT,SHORT,0.4984728991985321,0.5093487501144409,0.4875970482826233,0.5093487501144409,0.5694617629051208,50.15271008014679,0.5152866840362549,2,False,True,True,63.0,True,0.24989041686058044,UNRANKED,,False,,,
2023-07-10,2023-07-11,2023-07-18,GE,XLI,87.0508820767695,87.31029510498047,87.31029510498047,5,time_exit,LONG,LONG,0.5063358247280121,0.5264596343040466,0.48621201515197754,0.5264596343040466,0.6208259463310242,50.63358247280121,0.5152866840362549,2,False,True,True,63.0,True,0.003879636526107899,UNRANKED,,False,,,
2023-07-11,2023-07-12,2023-07-19,GE,XLI,87.49111384381035,86.3905029296875,86.3905029296875,5,time_exit,LONG,LONG,0.507483571767807,0.5219094157218933,0.4930577278137207,0.5219094157218933,0.6052591800689697,50.7483571767807,0.5152866840362549,2,False,True,True,63.0,True,-0.22914507985115057,UNRANKED,,False,,,
2023-07-12,2023-07-13,2023-07-20,GE,XLI,87.45966269683842,87.45179748535156,87.45179748535156,5,time_exit,LONG,LONG,0.5108390152454376,0.5286203026771545,0.4930577278137207,0.5286203026771545,0.6396670937538147,51.08390152454376,0.5152866840362549,2,False,True,True,63.0,True,-0.13440319895744335,UNRANKED,,False,,,
2023-07-13,2023-07-14,2023-07-21,GE,XLI,87.26313119920492,86.73641967773438,86.73641967773438,5,time_exit,SHORT,SHORT,0.48198695480823517,0.4667486250400543,0.497225284576416,0.4667486250400543,0.6804940700531006,51.80130451917648,0.5152866840362549,1,True,False,True,63.0,True,0.06302663683891299,UNRANKED,,False,,,
2023-07-14,2023-07-17,2023-07-24,GE,XLI,86.807158472443,86.67352294921875,86.67352294921875,5,time_exit,SHORT,SHORT,0.49375130236148834,0.4888913929462433,0.4986112117767334,0.4888913929462433,0.6060723066329956,50.624869763851166,0.5152866840362549,2,False,True,True,63.0,True,0.1558608710765839,UNRANKED,,False,,,
2023-07-17,2023-07-18,2023-07-25,GE,XLI,87.18451077501395,92.10586547851562,88.81330367400949,5,stop_loss,SHORT,SHORT,0.47466379404067993,0.4574894607067108,0.49183812737464905,0.4574894607067108,0.6380059123039246,52.53362059593201,0.5152866840362549,1,True,False,True,63.0,True,0.2398026883602142,UNRANKED,,False,,,
2023-07-18,2023-07-19,2023-07-25,GE,XLI,86.73641175959303,90.18763732910156,88.32144354147081,4,stop_loss,SHORT,SHORT,0.4551238864660263,0.41840964555740356,0.49183812737464905,0.41840964555740356,0.6735550761222839,54.48761135339737,0.5152866840362549,1,True,False,True,63.0,True,0.11006599664688108,UNRANKED,,False,,,
2023-07-19,2023-07-20,2023-07-25,GE,XLI,86.50841129663485,90.7379379272461,87.98580213089824,3,stop_loss,SHORT,SHORT,0.4785410016775131,0.47195345163345337,0.4851285517215729,0.47195345163345337,0.6268395781517029,52.14589983224869,0.5152866840362549,1,True,False,True,63.0,True,0.2901279926300048,UNRANKED,,False,,,
2023-07-20,2023-07-21,2023-07-25,GE,XLI,87.60904912639334,89.9281997680664,89.16061729394357,2,stop_loss,SHORT,SHORT,0.4828346073627472,0.487682044506073,0.4779871702194214,0.487682044506073,0.5890037417411804,51.71653926372528,0.5152866840362549,1,True,False,True,63.0,True,0.16878196597099318,UNRANKED,,False,,,
2023-07-21,2023-07-24,2023-07-25,GE,XLI,86.79144624261836,89.81029510498047,88.20841772176178,1,stop_loss,SHORT,SHORT,0.4838526099920273,0.5003039240837097,0.46740129590034485,0.5003039240837097,0.5145213007926941,51.61473900079727,0.5152866840362549,1,True,False,True,63.0,True,0.05678939819335925,UNRANKED,,False,,,
2023-07-24,2023-07-25,2023-08-01,GE,XLI,90.01469000756477,89.0083999633789,89.0083999633789,5,time_exit,SHORT,SHORT,0.4947977513074875,0.5157666206359863,0.47382888197898865,0.5157666206359863,0.6230769753456116,50.52022486925125,0.5152866840362549,2,False,True,True,63.0,True,-0.010025173425674393,UNRANKED,,False,,,
2023-07-25,2023-07-26,2023-07-28,GE,XLI,92.09013225905447,88.02571105957031,90.10584227230783,2,take_profit,SHORT,SHORT,0.49270762503147125,0.5115863680839539,0.47382888197898865,0.5115863680839539,0.5865099430084229,50.729237496852875,0.5152866840362549,2,False,True,True,63.0,True,-0.022478103637695382,UNRANKED,,False,,,
2023-07-26,2023-07-27,2023-08-02,GE,XLI,90.84800017260201,88.33230590820312,88.7333249232298,4,take_profit,SHORT,SHORT,0.480462446808815,0.4829377233982086,0.4779871702194214,0.4829377233982086,0.6554293036460876,51.9537553191185,0.5152866840362549,1,True,False,True,63.0,True,0.039614647626876665,UNRANKED,,False,,,
2023-07-27,2023-07-28,2023-08-02,GE,XLI,90.82441227305173,88.88260650634766,88.73212493697473,3,stop_loss,LONG,LONG,0.5135070383548737,0.5169153213500977,0.5100987553596497,0.5169153213500977,0.5112426280975342,51.350703835487366,0.5152866840362549,2,False,True,True,63.0,True,0.39866486191749584,UNRANKED,,False,,,
2023-07-28,2023-07-31,2023-08-07,GE,XLI,89.96752368759874,90.19548034667969,90.19548034667969,5,time_exit,SHORT,SHORT,0.4944550395011902,0.4970719516277313,0.49183812737464905,0.4970719516277313,0.635170578956604,50.55449604988098,0.5152866840362549,2,False,True,True,63.0,True,0.11950504779815663,UNRANKED,,False,,,
2023-07-31,2023-08-01,2023-08-08,GE,XLI,89.3778919548615,89.267822265625,89.267822265625,5,time_exit,SHORT,SHORT,0.48631414771080017,0.49604541063308716,0.4765828847885132,0.49604541063308716,0.6451821327209473,51.36858522891998,0.5152866840362549,2,False,True,True,63.0,True,0.09482136368751515,UNRANKED,,False,,,
2023-08-01,2023-08-02,2023-08-09,GE,XLI,88.81186137903697,88.18292999267578,88.18292999267578,5,time_exit,SHORT,SHORT,0.4858201593160629,0.4815862774848938,0.49005404114723206,0.4815862774848938,0.6455182433128357,51.41798406839371,0.5152866840362549,2,False,True,True,63.0,True,0.14268368482589716,UNRANKED,,False,,,
2023-08-02,2023-08-03,2023-08-07,GE,XLI,87.9156475974063,89.2835464477539,90.0438715615525,2,stop_loss,SHORT,SHORT,0.48809266090393066,0.4819035530090332,0.4942817687988281,0.4819035530090332,0.5934609770774841,51.190733909606934,0.5152866840362549,2,False,True,True,63.0,True,0.4453104436397553,UNRANKED,,False,,,
2023-08-03,2023-08-04,2023-08-11,GE,XLI,88.69392624625497,90.09329223632812,90.09329223632812,5,time_exit,SHORT,SHORT,0.48399367928504944,0.47370558977127075,0.4942817687988281,0.47370558977127075,0.5893819332122803,51.600632071495056,0.5152866840362549,1,True,False,True,63.0,True,0.4086392223834991,UNRANKED,,False,,,
2023-08-04,2023-08-07,2023-08-14,GE,XLI,89.25995517359392,90.84013366699219,90.84013366699219,5,time_exit,LONG,LONG,0.5258334577083588,0.5470859408378601,0.5045809745788574,0.5470859408378601,0.5910372138023376,52.58334577083588,0.5152866840362549,1,True,True,False,63.0,True,0.4686456918716431,UNRANKED,,False,,,
2023-08-07,2023-08-08,2023-08-15,GE,XLI,89.92819567320386,89.50366973876953,89.50366973876953,5,time_exit,LONG,LONG,0.5127395838499069,0.5307196378707886,0.49475952982902527,0.5307196378707886,0.6420082449913025,51.27395838499069,0.5152866840362549,2,False,True,True,63.0,True,0.5033281147480011,UNRANKED,,False,,,
2023-08-08,2023-08-09,2023-08-16,GE,XLI,89.5429745563796,89.2835464477539,89.2835464477539,5,time_exit,SHORT,SHORT,0.4875098317861557,0.4658324420452118,0.5091872215270996,0.4658324420452118,0.5943973064422607,51.24901682138443,0.5152866840362549,2,False,True,True,63.0,True,0.5782657265663148,UNRANKED,,False,,,
2023-08-09,2023-08-10,2023-08-14,GE,XLI,88.40305606582129,87.23170471191406,90.62786925464663,2,take_profit,LONG,LONG,0.5337083637714386,0.5018757581710815,0.5655409693717957,0.5018757581710815,0.5834679007530212,53.37083637714386,0.5152866840362549,1,True,True,False,63.0,True,0.9600587040185928,UNRANKED,,False,,,
2023-08-10,2023-08-11,2023-08-18,GE,XLI,89.25996811869288,87.88420867919922,87.88420867919922,5,time_exit,LONG,LONG,0.5314476191997528,0.49735426902770996,0.5655409693717957,0.49735426902770996,0.5638561248779297,53.14476191997528,0.5152866840362549,1,True,True,False,63.0,True,0.9299497455358505,UNRANKED,,False,,,
2023-08-11,2023-08-14,2023-08-17,GE,XLI,90.0146706340515,88.06501007080078,87.62813062986623,3,take_profit,SHORT,SHORT,0.4997159093618393,0.5006590485572815,0.4987727701663971,0.5006590485572815,0.591415524482727,50.02840906381607,0.5007985532283783,2,False,True,True,52.0,True,0.33538475632667547,UNRANKED,,False,,,
2023-08-14,2023-08-15,2023-08-17,GE,XLI,90.13259143183517,87.78199005126953,88.41540872745459,2,take_profit,SHORT,SHORT,0.49765054881572723,0.4965283274650574,0.4987727701663971,0.4965283274650574,0.6751102805137634,50.23494511842728,0.5007985532283783,1,True,False,True,52.0,True,0.22257342934608468,UNRANKED,,False,,,
2023-08-15,2023-08-16,2023-08-17,GE,XLI,89.40933078802999,89.2049331665039,87.77525725810533,1,stop_loss,LONG,LONG,0.502435952425003,0.5006590485572815,0.5042128562927246,0.5006590485572815,0.5148409008979797,50.243595242500305,0.5007985532283783,1,True,True,False,52.0,True,0.10881048440933233,UNRANKED,,False,,,
2023-08-16,2023-08-17,2023-08-18,GE,XLI,89.60589314684061,87.29457092285156,88.01898780364866,1,stop_loss,LONG,LONG,0.502435952425003,0.5006590485572815,0.5042128562927246,0.5006590485572815,0.48154255747795105,50.243595242500305,0.5007985532283783,1,True,True,False,52.0,True,0.3572778701782227,UNRANKED,,False,,,
2023-08-17,2023-08-18,2023-08-23,GE,XLI,86.71283668260074,88.02571105957031,88.47718539388701,3,stop_loss,SHORT,SHORT,0.4969255179166794,0.5006590485572815,0.49319198727607727,0.5006590485572815,0.5929733514785767,50.30744820833206,0.5007985532283783,1,True,False,True,52.0,True,0.4307572543621063,UNRANKED,,False,,,
2023-08-18,2023-08-21,2023-08-28,GE,XLI,88.08073217423272,89.59014892578125,89.59014892578125,5,time_exit,LONG,LONG,0.5025612413883209,0.5013657212257385,0.5037567615509033,0.5013657212257385,0.40634533762931824,50.25612413883209,0.5007985532283783,1,True,True,False,52.0,True,0.25249597430229187,UNRANKED,,False,,,
2023-08-21,2023-08-22,2023-08-29,GE,XLI,88.16720410011389,90.66719055175781,89.91919646200006,5,take_profit,LONG,LONG,0.5025612413883209,0.5013657212257385,0.5037567615509033,0.5013657212257385,0.3815228044986725,50.25612413883209,0.5007985532283783,1,True,True,False,52.0,True,0.5149203836917877,UNRANKED,,False,,,
2023-08-22,2023-08-23,2023-08-28,GE,XLI,87.6562083580704,89.86531066894531,89.30824802220266,3,take_profit,LONG,LONG,0.5025612413883209,0.5013657212257385,0.5037567615509033,0.5013657212257385,0.37731802463531494,50.25612413883209,0.5007985532283783,1,True,True,False,52.0,True,0.4897004961967468,UNRANKED,,False,,,
2023-08-23,2023-08-24,2023-08-31,GE,XLI,88.9926630946052,89.98323822021484,89.98323822021484,5,time_exit,LONG,LONG,0.5025612413883209,0.5013657212257385,0.5037567615509033,0.5013657212257385,0.3603062331676483,50.25612413883209,0.5007985532283783,1,True,True,False,52.0,True,0.7079266756772995,UNRANKED,,False,,,
2023-08-24,2023-08-25,2023-08-29,GE,XLI,87.61690627994288,89.81029510498047,89.62271878866218,2,take_profit,LONG,LONG,0.5016934424638748,0.4996301233768463,0.5037567615509033,0.4996301233768463,0.45832544565200806,50.16934424638748,0.5007985532283783,1,True,True,False,52.0,True,0.4808368980884552,UNRANKED,,False,,,
2023-08-25,2023-08-28,2023-08-29,GE,XLI,88.48167303131837,88.7411117553711,90.40438072523578,1,take_profit,LONG,LONG,0.5016934424638748,0.4996301233768463,0.5037567615509033,0.4996301233768463,0.4222443103790283,50.16934424638748,0.5007985532283783,1,True,True,False,52.0,True,0.5831910073757173,UNRANKED,,False,,,
2023-08-28,2023-08-29,2023-09-06,GE,XLI,89.36217319698301,88.58386993408203,88.58386993408203,5,time_exit,SHORT,SHORT,0.4992014467716217,0.4996301233768463,0.4987727701663971,0.4996301233768463,0.6141372919082642,50.07985532283783,0.5007985532283783,2,False,True,True,52.0,True,0.4965567886829377,UNRANKED,,False,,,
2023-08-29,2023-08-30,2023-09-07,GE,XLI,90.2898375561774,87.88420867919922,88.27728284251948,5,take_profit,SHORT,SHORT,0.4992014467716217,0.4996301233768463,0.4987727701663971,0.4996301233768463,0.577329158782959,50.07985532283783,0.5007985532283783,2,False,True,True,52.0,True,0.6303817629814147,UNRANKED,,False,,,
2023-08-30,2023-08-31,2023-09-07,GE,XLI,90.07757836798393,87.82916259765625,88.10770030750682,4,take_profit,SHORT,SHORT,0.4992014467716217,0.4996301233768463,0.4987727701663971,0.4996301233768463,0.5757155418395996,50.07985532283783,0.5007985532283783,2,False,True,True,52.0,True,0.28733181953430176,UNRANKED,,False,,,
2023-08-31,2023-09-01,2023-09-07,GE,XLI,90.42349484407389,89.82600402832031,88.55244796035458,3,take_profit,SHORT,SHORT,0.4992014467716217,0.4996301233768463,0.4987727701663971,0.4996301233768463,0.6064866185188293,50.07985532283783,0.5007985532283783,2,False,True,True,52.0,True,0.4034245908260345,UNRANKED,,False,,,
2023-09-01,2023-09-05,2023-09-12,GE,XLI,89.37789456518824,90.40776062011719,90.40776062011719,5,time_exit,SHORT,SHORT,0.4992014467716217,0.4996301233768463,0.4987727701663971,0.4996301233768463,0.6314080357551575,50.07985532283783,0.5007985532283783,2,False,True,True,52.0,True,0.47818583250045776,UNRANKED,,False,,,
2023-09-05,2023-09-06,2023-09-13,GE,XLI,88.71752284453156,89.30712890625,89.30712890625,5,time_exit,SHORT,SHORT,0.4992014467716217,0.4996301233768463,0.4987727701663971,0.4996301233768463,0.6171880960464478,50.07985532283783,0.5007985532283783,2,False,True,True,52.0,True,0.2677335143089295,UNRANKED,,False,,,
2023-09-06,2023-09-07,2023-09-12,GE,XLI,88.22224897334668,90.91875457763672,89.96414437652749,3,stop_loss,SHORT,SHORT,0.4992014467716217,0.4996301233768463,0.4987727701663971,0.4996301233768463,0.6554667949676514,50.07985532283783,0.5007985532283783,2,False,True,True,52.0,True,0.2495710849761963,UNRANKED,,False,,,
2023-09-07,2023-09-08,2023-09-11,GE,XLI,87.65621194631352,90.79297637939453,89.2049387093576,1,stop_loss,SHORT,SHORT,0.4992014467716217,0.4996301233768463,0.4987727701663971,0.4996301233768463,0.6478720903396606,50.07985532283783,0.5007985532283783,2,False,True,True,52.0,True,0.2760910093784333,UNRANKED,,False,,,
2023-09-08,2023-09-11,2023-09-12,GE,XLI,88.24583483464662,91.64202880859375,89.7092104711561,1,stop_loss,SHORT,SHORT,0.4992014467716217,0.4996301233768463,0.4987727701663971,0.4996301233768463,0.6442900896072388,50.07985532283783,0.5007985532283783,2,False,True,True,52.0,True,0.2290343344211577,UNRANKED,,False,,,
2023-09-11,2023-09-12,2023-09-18,GE,XLI,89.81814412013989,91.35900115966797,91.54095404794403,4,stop_loss,SHORT,SHORT,0.4992014467716217,0.4996301233768463,0.4987727701663971,0.4996301233768463,0.5616340041160583,50.07985532283783,0.5007985532283783,2,False,True,True,52.0,True,0.2770237028598786,UNRANKED,,False,,,
2023-09-12,2023-09-13,2023-09-20,GE,XLI,90.16404364217388,90.28983306884766,90.28983306884766,5,time_exit,SHORT,SHORT,0.4992014467716217,0.4996301233768463,0.4987727701663971,0.4996301233768463,0.6550995707511902,50.07985532283783,0.5007985532283783,2,False,True,True,52.0,True,0.2798303961753845,UNRANKED,,False,,,
2023-09-13,2023-09-14,2023-09-18,GE,XLI,89.91247229369725,88.82758331298828,91.63191438877259,2,stop_loss,SHORT,SHORT,0.4992014467716217,0.4996301233768463,0.4987727701663971,0.4996301233768463,0.5902358889579773,50.07985532283783,0.5007985532283783,2,False,True,True,52.0,True,0.3160683512687683,UNRANKED,,False,,,
2023-09-14,2023-09-15,2023-09-21,GE,XLI,90.73794149687839,87.45968627929688,89.06117605498386,4,take_profit,SHORT,SHORT,0.4992014467716217,0.4996301233768463,0.4987727701663971,0.4996301233768463,0.6488281488418579,50.07985532283783,0.5007985532283783,2,False,True,True,52.0,True,0.20817354321479808,UNRANKED,,False,,,
2023-09-15,2023-09-18,2023-09-21,GE,XLI,91.0209680463644,87.89236450195312,89.4306828813951,3,take_profit,SHORT,SHORT,0.4992014467716217,0.4996301233768463,0.4987727701663971,0.4996301233768463,0.6046238541603088,50.07985532283783,0.5007985532283783,2,False,True,True,52.0,True,0.2488479316234589,UNRANKED,,False,,,
2023-09-18,2023-09-19,2023-09-21,GE,XLI,91.20962614638891,86.48413848876953,89.72153890099271,2,take_profit,SHORT,SHORT,0.4992014467716217,0.4996301233768463,0.4987727701663971,0.4996301233768463,0.6316869258880615,50.07985532283783,0.5007985532283783,2,False,True,True,52.0,True,0.21491143107414237,UNRANKED,,False,,,
2023-09-19,2023-09-20,2023-09-21,GE,XLI,91.61057246354083,87.2394027709961,90.23591578629474,1,take_profit,SHORT,SHORT,0.4992014467716217,0.4996301233768463,0.4987727701663971,0.4996301233768463,0.5871540904045105,50.07985532283783,0.5007985532283783,2,False,True,True,52.0,True,0.2232736945152282,UNRANKED,,False,,,
2023-09-20,2023-09-21,2023-09-22,GE,XLI,89.58229693725627,88.38013458251953,88.16945623029478,1,take_profit,SHORT,SHORT,0.4952516108751297,0.4996301233768463,0.4908730983734131,0.4996301233768463,0.635211706161499,50.47483891248703,0.5007985532283783,1,True,False,True,52.0,True,0.26054620742797857,UNRANKED,,False,,,
2023-09-21,2023-09-22,2023-09-26,GE,XLI,88.75684270025792,86.97190856933594,87.1519559640693,2,stop_loss,LONG,LONG,0.5085998326539993,0.4996301233768463,0.5175695419311523,0.4996301233768463,0.4817429780960083,50.85998326539993,0.5007985532283783,1,True,True,False,52.0,True,0.47777891159057606,UNRANKED,,False,,,
2023-09-22,2023-09-25,2023-10-02,GE,XLI,87.10564853218393,85.5872802734375,85.5872802734375,5,time_exit,LONG,LONG,0.5085998326539993,0.4996301233768463,0.5175695419311523,0.4996301233768463,0.4819094240665436,50.85998326539993,0.5007985532283783,1,True,True,False,52.0,True,0.4928424954414369,UNRANKED,,False,,,
2023-09-25,2023-09-26,2023-10-02,GE,XLI,87.3259289876026,84.77696228027344,85.6412638526277,4,stop_loss,LONG,LONG,0.5019214898347855,0.4996301233768463,0.5042128562927246,0.4996301233768463,0.4331311285495758,50.192148983478546,0.5007985532283783,1,True,True,False,52.0,True,0.5932474732398988,UNRANKED,,False,,,
2023-09-26,2023-09-27,2023-10-03,GE,XLI,87.03485328000696,85.63447570800781,85.17147611761857,4,stop_loss,LONG,LONG,0.5005428791046143,0.4968729019165039,0.5042128562927246,0.4968729019165039,0.45711177587509155,50.054287910461426,0.5007985532283783,2,False,True,True,52.0,True,0.24277752637863148,UNRANKED,,False,,,
2023-09-27,2023-09-28,2023-10-03,GE,XLI,87.37313568816052,85.53221893310547,85.50181523615159,3,stop_loss,LONG,LONG,0.5005428791046143,0.4968729019165039,0.5042128562927246,0.4968729019165039,0.38570767641067505,50.054287910461426,0.5007985532283783,2,False,True,True,52.0,True,0.6474591791629793,UNRANKED,,False,,,
2023-09-28,2023-09-29,2023-10-02,GE,XLI,88.6082893896391,87.69568634033203,86.58187097620439,1,stop_loss,LONG,LONG,0.5019214898347855,0.4996301233768463,0.5042128562927246,0.4996301233768463,0.4182209074497223,50.192148983478546,0.5007985532283783,1,True,True,False,52.0,True,0.6651726663112639,UNRANKED,,False,,,
2023-09-29,2023-10-02,2023-10-03,GE,XLI,86.89323666957175,86.7437744140625,84.95090617291996,1,stop_loss,LONG,LONG,0.5019214898347855,0.4996301233768463,0.5042128562927246,0.4996301233768463,0.42895177006721497,50.192148983478546,0.5007985532283783,1,True,True,False,52.0,True,0.816076695919037,UNRANKED,,False,,,
2023-10-02,2023-10-03,2023-10-06,GE,XLI,85.20966137852528,87.70355224609375,87.26668783290586,3,take_profit,LONG,LONG,0.5005428791046143,0.4968729019165039,0.5042128562927246,0.4968729019165039,0.45415884256362915,50.054287910461426,0.5007985532283783,2,False,True,True,52.0,True,0.5663177967071531,UNRANKED,,False,,,
2023-10-03,2023-10-04,2023-10-06,GE,XLI,84.94216776506057,89.10391998291016,86.95772083076928,2,take_profit,LONG,LONG,0.5072212219238281,0.4968729019165039,0.5175695419311523,0.4968729019165039,0.44753965735435486,50.72212219238281,0.5007985532283783,1,True,True,False,52.0,True,0.4988059401512146,UNRANKED,,False,,,
2023-10-04,2023-10-05,2023-10-06,GE,XLI,85.25686903980467,87.58555603027344,87.16469178499162,1,take_profit,LONG,LONG,0.5003148317337036,0.4968729019165039,0.5037567615509033,0.4968729019165039,0.42374250292778015,50.03148317337036,0.5007985532283783,2,False,True,True,52.0,True,0.5409366190433501,UNRANKED,,False,,,
2023-10-05,2023-10-06,2023-10-10,GE,XLI,85.24112275958171,86.05145263671875,87.1455853014344,2,take_profit,LONG,LONG,0.5003148317337036,0.4968729019165039,0.5037567615509033,0.4968729019165039,0.4431471824645996,50.03148317337036,0.5007985532283783,2,False,True,True,52.0,True,0.40363737940788263,UNRANKED,,False,,,
2023-10-06,2023-10-09,2023-10-16,GE,XLI,87.33380774687109,85.86262512207031,85.86262512207031,5,time_exit,LONG,LONG,0.5016934424638748,0.4996301233768463,0.5037567615509033,0.4996301233768463,0.42148351669311523,50.16934424638748,0.5007985532283783,1,True,True,False,52.0,True,0.7514558583498,UNRANKED,,False,,,
2023-10-09,2023-10-10,2023-10-17,GE,XLI,87.49113608540905,86.55493927001953,86.55493927001953,5,time_exit,SHORT,SHORT,0.4992014467716217,0.4996301233768463,0.4987727701663971,0.4996301233768463,0.4731781482696533,50.07985532283783,0.5007985532283783,2,False,True,True,52.0,True,0.7802141755819321,UNRANKED,,False,,,
2023-10-10,2023-10-11,2023-10-16,GE,XLI,88.11265447208497,84.62749481201172,85.94049064500629,3,take_profit,SHORT,SHORT,0.4992014467716217,0.4996301233768463,0.4987727701663971,0.4996301233768463,0.49124979972839355,50.07985532283783,0.5007985532283783,2,False,True,True,52.0,True,0.7117733359336852,UNRANKED,,False,,,
2023-10-11,2023-10-12,2023-10-13,GE,XLI,89.29273721483202,84.13970947265625,87.12941367618804,1,take_profit,SHORT,SHORT,0.4992014467716217,0.4996301233768463,0.4987727701663971,0.4996301233768463,0.5512098670005798,50.07985532283783,0.5007985532283783,2,False,True,True,52.0,True,0.4056369066238403,UNRANKED,,False,,,
2023-10-12,2023-10-13,2023-10-18,GE,XLI,87.56195109687954,83.45527648925781,85.37713228410053,3,take_profit,SHORT,SHORT,0.4992014467716217,0.4996301233768463,0.4987727701663971,0.4996301233768463,0.5398092269897461,50.07985532283783,0.5007985532283783,2,False,True,True,52.0,True,0.3458290398120881,UNRANKED,,False,,,
2023-10-13,2023-10-16,2023-10-20,GE,XLI,86.45266585464536,83.9351577758789,84.11050058888085,4,take_profit,SHORT,SHORT,0.4992014467716217,0.4996301233768463,0.4987727701663971,0.4996301233768463,0.5766071677207947,50.07985532283783,0.5007985532283783,2,False,True,True,52.0,True,0.4479701519012452,UNRANKED,,False,,,
2023-10-16,2023-10-17,2023-10-24,GE,XLI,85.55580715438309,89.38714599609375,87.72377263464257,5,stop_loss,SHORT,SHORT,0.4992014467716217,0.4996301233768463,0.4987727701663971,0.4996301233768463,0.5697763562202454,50.07985532283783,0.5007985532283783,2,False,True,True,52.0,True,0.28092080354690546,UNRANKED,,False,,,
2023-10-17,2023-10-18,2023-10-20,GE,XLI,85.7682354586533,87.48326873779297,83.60926285471915,2,take_profit,SHORT,SHORT,0.4992014467716217,0.4996301233768463,0.4987727701663971,0.4996301233768463,0.5239308476448059,50.07985532283783,0.5007985532283783,2,False,True,True,52.0,True,0.31406936049461365,UNRANKED,,False,,,
2023-10-18,2023-10-19,2023-10-24,GE,XLI,84.70615007184732,85.59515380859375,86.97751019670781,3,stop_loss,SHORT,SHORT,0.4992014467716217,0.4996301233768463,0.4987727701663971,0.4996301233768463,0.5828288793563843,50.07985532283783,0.5007985532283783,2,False,True,True,52.0,True,0.1306224763393402,UNRANKED,,False,,,
2023-10-19,2023-10-20,2023-10-24,GE,XLI,83.94304257711264,83.66768646240234,86.08291117714053,2,stop_loss,SHORT,SHORT,0.4992014467716217,0.4996301233768463,0.4987727701663971,0.4996301233768463,0.5463553667068481,50.07985532283783,0.5007985532283783,2,False,True,True,52.0,True,0.17575442790985105,UNRANKED,,False,,,
2023-10-20,2023-10-23,2023-10-24,GE,XLI,83.76994938586971,86.38973236083984,85.8097900841119,1,stop_loss,SHORT,SHORT,0.4964110553264618,0.4996301233768463,0.49319198727607727,0.4996301233768463,0.7040049433708191,50.35889446735382,0.5007985532283783,1,True,False,True,52.0,True,0.1383567154407503,UNRANKED,,False,,,
2023-10-23,2023-10-24,2023-10-27,GE,XLI,87.365273864745,85.4614028930664,85.37263841029467,3,take_profit,SHORT,SHORT,0.4964110553264618,0.4996301233768463,0.49319198727607727,0.4996301233768463,0.6763389706611633,50.35889446735382,0.5007985532283783,1,True,False,True,52.0,True,0.2543635666370392,UNRANKED,,False,,,
2023-10-24,2023-10-25,2023-10-26,GE,XLI,89.94569877570058,84.37574005126953,87.29670977946732,1,stop_loss,LONG,LONG,0.5016934424638748,0.4996301233768463,0.5037567615509033,0.4996301233768463,0.4388623833656311,50.16934424638748,0.5007985532283783,1,True,True,False,52.0,True,0.4281821846961975,UNRANKED,,False,,,
2023-10-25,2023-10-26,2023-10-27,GE,XLI,87.9317094154588,84.7927017211914,85.02534606445434,1,stop_loss,LONG,LONG,0.5016934424638748,0.4996301233768463,0.5037567615509033,0.4996301233768463,0.40559688210487366,50.16934424638748,0.5007985532283783,1,True,True,False,52.0,True,0.39729332923889155,UNRANKED,,False,,,
2023-10-26,2023-10-27,2023-11-03,GE,XLI,85.9413083067135,85.68955993652344,85.68955993652344,5,time_exit,LONG,LONG,0.5071339011192322,0.510511040687561,0.5037567615509033,0.510511040687561,0.4438486397266388,50.71339011192322,0.5007985532283783,1,True,True,False,52.0,True,0.39991560578346264,UNRANKED,,False,,,
2023-10-27,2023-10-30,2023-11-06,GE,XLI,84.588143325965,87.93956756591797,87.59453566866868,5,take_profit,LONG,LONG,0.5094676315784454,0.5013657212257385,0.5175695419311523,0.5013657212257385,0.5027451515197754,50.94676315784454,0.5007985532283783,1,True,True,False,52.0,True,0.5663464963436124,UNRANKED,,False,,,
2023-10-30,2023-10-31,2023-11-07,GE,XLI,86.15371837532338,87.95531463623047,87.95531463623047,5,time_exit,LONG,LONG,0.5094676315784454,0.5013657212257385,0.5175695419311523,0.5013657212257385,0.4140437841415405,50.94676315784454,0.5007985532283783,1,True,True,False,52.0,True,0.7669779658317565,UNRANKED,,False,,,
2023-10-31,2023-11-01,2023-11-08,GE,XLI,85.20179720476266,89.56809997558594,88.3925080899468,5,take_profit,LONG,LONG,0.5094676315784454,0.5013657212257385,0.5175695419311523,0.5013657212257385,0.399227112531662,50.94676315784454,0.5007985532283783,1,True,True,False,52.0,True,0.8992174863815307,UNRANKED,,False,,,
2023-11-01,2023-11-02,2023-11-08,GE,XLI,85.65809997915778,88.97018432617188,88.78699641993624,4,take_profit,LONG,LONG,0.5000692456960678,0.5013657212257385,0.4987727701663971,0.5013657212257385,0.41980496048927307,50.00692456960678,0.5007985532283783,2,False,True,True,52.0,True,0.7279347479343415,UNRANKED,,False,,,
2023-11-02,2023-11-03,2023-11-08,GE,XLI,85.39846913035363,90.68523406982422,88.3677738963274,3,take_profit,LONG,LONG,0.5000692456960678,0.5013657212257385,0.4987727701663971,0.5013657212257385,0.44909924268722534,50.00692456960678,0.5007985532283783,2,False,True,True,52.0,True,0.5908286273479462,UNRANKED,,False,,,
2023-11-03,2023-11-06,2023-11-08,GE,XLI,85.98063676652608,90.88191986083984,89.05108877545464,2,take_profit,LONG,LONG,0.5000692456960678,0.5013657212257385,0.4987727701663971,0.5013657212257385,0.37372809648513794,50.00692456960678,0.5007985532283783,2,False,True,True,52.0,True,0.6432065069675444,UNRANKED,,False,,,
2023-11-06,2023-11-07,2023-11-14,GE,XLI,87.60915686685308,92.24293518066406,90.90213651598813,5,take_profit,LONG,LONG,0.5000692456960678,0.5013657212257385,0.4987727701663971,0.5013657212257385,0.42691004276275635,50.00692456960678,0.5007985532283783,2,False,True,True,52.0,True,0.39508184790611267,UNRANKED,,False,,,
2023-11-07,2023-11-08,2023-11-14,GE,XLI,88.27001004419226,91.49555206298828,91.28989006651369,4,take_profit,LONG,LONG,0.5000692456960678,0.5013657212257385,0.4987727701663971,0.5013657212257385,0.4496189057826996,50.00692456960678,0.5007985532283783,2,False,True,True,52.0,True,0.2822841107845306,UNRANKED,,False,,,
2023-11-08,2023-11-09,2023-11-16,GE,XLI,89.961449902938,93.5724868774414,93.14204421097371,5,take_profit,LONG,LONG,0.5000692456960678,0.5013657212257385,0.4987727701663971,0.5013657212257385,0.4779415428638458,50.00692456960678,0.5007985532283783,2,False,True,True,52.0,True,0.12332433462142961,UNRANKED,,False,,,
2023-11-09,2023-11-10,2023-11-16,GE,XLI,89.47368555900664,94.35134887695312,92.64192024790172,4,take_profit,LONG,LONG,0.5000692456960678,0.5013657212257385,0.4987727701663971,0.5013657212257385,0.4638032019138336,50.00692456960678,0.5007985532283783,2,False,True,True,52.0,True,0.1822892725467682,UNRANKED,,False,,,
2023-11-10,2023-11-13,2023-11-17,GE,XLI,90.58296231775213,94.46149444580078,93.92764964336597,4,take_profit,LONG,LONG,0.5000692456960678,0.5013657212257385,0.4987727701663971,0.5013657212257385,0.35743197798728943,50.00692456960678,0.5007985532283783,2,False,True,True,52.0,True,0.3182720243930817,UNRANKED,,False,,,
2023-11-13,2023-11-14,2023-11-17,GE,XLI,91.65289437798774,94.31988525390625,94.24682421371597,3,take_profit,LONG,LONG,0.5000692456960678,0.5013657212257385,0.4987727701663971,0.5013657212257385,0.44827306270599365,50.00692456960678,0.5007985532283783,2,False,True,True,52.0,True,0.2967723906040191,UNRANKED,,False,,,
2023-11-14,2023-11-15,2023-11-22,GE,XLI,92.01478495759197,94.09172821044922,94.09172821044922,5,time_exit,LONG,LONG,0.5046419054269791,0.510511040687561,0.4987727701663971,0.510511040687561,0.3793565034866333,50.46419054269791,0.5007985532283783,1,True,True,False,52.0,True,-0.1635578870773315,UNRANKED,,False,,,
2023-11-15,2023-11-16,2023-11-17,GE,XLI,91.72369747316488,94.38279724121094,94.07711391603597,1,take_profit,LONG,LONG,0.5006920695304871,0.510511040687561,0.4908730983734131,0.510511040687561,0.3734578788280487,50.069206953048706,0.5007985532283783,2,False,True,True,52.0,True,-0.2306716442108156,UNRANKED,,False,,,
2023-11-16,2023-11-17,2023-11-27,GE,XLI,93.87931623368496,94.38279724121094,94.38279724121094,5,time_exit,LONG,LONG,0.5046419054269791,0.510511040687561,0.4987727701663971,0.510511040687561,0.47250404953956604,50.46419054269791,0.5007985532283783,1,True,True,False,52.0,True,0.030632048845291235,UNRANKED,,False,,,
2023-11-17,2023-11-20,2023-11-28,GE,XLI,94.35135298952041,93.50167846679688,93.50167846679688,5,time_exit,LONG,LONG,0.5006920695304871,0.510511040687561,0.4908730983734131,0.510511040687561,0.45768505334854126,50.069206953048706,0.5007985532283783,2,False,True,True,52.0,True,0.049159526824951116,UNRANKED,,False,,,
2023-11-20,2023-11-21,2023-11-29,GE,XLI,94.24907734670113,93.50956726074219,93.50956726074219,5,time_exit,LONG,LONG,0.5006920695304871,0.510511040687561,0.4908730983734131,0.510511040687561,0.4178289473056793,50.069206953048706,0.5007985532283783,2,False,True,True,52.0,True,0.17565310001373288,UNRANKED,,False,,,
2023-11-21,2023-11-22,2023-11-30,GE,XLI,94.32774452150589,95.822509765625,95.822509765625,5,time_exit,LONG,LONG,0.5003695338964462,0.5019662976264954,0.4987727701663971,0.5019662976264954,0.474337637424469,50.03695338964462,0.5007985532283783,2,False,True,True,52.0,True,-0.1424992978572846,UNRANKED,,False,,,
2023-11-22,2023-11-24,2023-12-01,GE,XLI,94.39066394900871,96.37322235107422,96.20911487674309,5,take_profit,LONG,LONG,0.5003695338964462,0.5019662976264954,0.4987727701663971,0.5019662976264954,0.4609125852584839,50.03695338964462,0.5007985532283783,2,False,True,True,52.0,True,0.10814210772514335,UNRANKED,,False,,,
2023-11-24,2023-11-27,2023-12-01,GE,XLI,94.17038108916452,95.61009216308594,95.90229070481742,4,take_profit,LONG,LONG,0.5003695338964462,0.5019662976264954,0.4987727701663971,0.5019662976264954,0.44148337841033936,50.03695338964462,0.5007985532283783,2,False,True,True,52.0,True,0.1662395894527436,UNRANKED,,False,,,
2023-11-27,2023-11-28,2023-11-30,GE,XLI,94.38280243389754,94.58735656738281,95.79328238820837,2,stop_loss,SHORT,SHORT,0.4977934658527374,0.4954434037208557,0.5001435279846191,0.4954434037208557,0.4976344406604767,50.22065341472626,0.5007985532283783,1,True,False,True,52.0,True,0.2865853309631348,UNRANKED,,False,,,
2023-11-28,2023-11-29,2023-11-30,GE,XLI,94.02880020961108,94.25692749023438,95.56290469307928,1,stop_loss,SHORT,SHORT,0.4977934658527374,0.4954434037208557,0.5001435279846191,0.4954434037208557,0.4909583032131195,50.22065341472626,0.5007985532283783,1,True,False,True,52.0,True,0.29681503772735596,UNRANKED,,False,,,
2023-11-29,2023-11-30,2023-12-01,GE,XLI,93.65902941468937,93.99732208251953,94.96386296309898,1,stop_loss,SHORT,SHORT,0.4977934658527374,0.4954434037208557,0.5001435279846191,0.4954434037208557,0.4998031556606293,50.22065341472626,0.5007985532283783,1,True,False,True,52.0,True,0.25383180379867565,UNRANKED,,False,,,
2023-11-30,2023-12-01,2023-12-07,GE,XLI,95.74384047091625,94.87059020996094,94.19400308601112,4,take_profit,SHORT,SHORT,0.4998868256807327,0.4996301233768463,0.5001435279846191,0.4996301233768463,0.6350926756858826,50.01131743192673,0.5007985532283783,2,False,True,True,52.0,True,0.2428911924362182,UNRANKED,,False,,,
2023-12-01,2023-12-04,2023-12-06,GE,XLI,95.83037505356809,94.62669372558594,94.44687154840626,2,take_profit,SHORT,SHORT,0.4998868256807327,0.4996301233768463,0.5001435279846191,0.4996301233768463,0.6594800353050232,50.01131743192673,0.5007985532283783,2,False,True,True,52.0,True,0.20288854837417605,UNRANKED,,False,,,
2023-12-04,2023-12-05,2023-12-12,GE,XLI,95.20099744348508,96.23159790039062,96.23159790039062,5,time_exit,SHORT,SHORT,0.4998868256807327,0.4996301233768463,0.5001435279846191,0.4996301233768463,0.6195513606071472,50.01131743192673,0.5007985532283783,2,False,True,True,52.0,True,0.16271865367889415,UNRANKED,,False,,,
2023-12-05,2023-12-06,2023-12-13,GE,XLI,95.25605960058047,95.33474731445312,95.33474731445312,5,time_exit,SHORT,SHORT,0.4998868256807327,0.4996301233768463,0.5001435279846191,0.4996301233768463,0.548363983631134,50.01131743192673,0.5007985532283783,2,False,True,True,52.0,True,0.2402331829071045,UNRANKED,,False,,,
2023-12-06,2023-12-07,2023-12-12,GE,XLI,94.01305550080754,95.46849060058594,95.3695890963014,3,stop_loss,SHORT,SHORT,0.4998868256807327,0.4996301233768463,0.5001435279846191,0.4996301233768463,0.542094886302948,50.01131743192673,0.5007985532283783,2,False,True,True,52.0,True,0.2282087802886962,UNRANKED,,False,,,
2023-12-07,2023-12-08,2023-12-12,GE,XLI,93.69837520692155,96.94751739501953,94.79529031573851,2,stop_loss,SHORT,SHORT,0.4998868256807327,0.4996301233768463,0.5001435279846191,0.4996301233768463,0.5052230954170227,50.01131743192673,0.5007985532283783,2,False,True,True,52.0,True,0.13243216276168818,UNRANKED,,False,,,
2023-12-08,2023-12-11,2023-12-12,GE,XLI,94.87057674362019,97.27007293701172,95.98097844214139,1,stop_loss,SHORT,SHORT,0.4998868256807327,0.4996301233768463,0.5001435279846191,0.4996301233768463,0.5086333751678467,50.01131743192673,0.5007985532283783,2,False,True,True,52.0,True,0.0956886410713195,UNRANKED,,False,,,
2023-12-11,2023-12-12,2023-12-15,GE,XLI,95.18525803307288,99.07952880859375,96.31476700524085,3,stop_loss,SHORT,SHORT,0.4998868256807327,0.4996301233768463,0.5001435279846191,0.4996301233768463,0.513512372970581,50.01131743192673,0.5007985532283783,2,False,True,True,52.0,True,0.18416869640350345,UNRANKED,,False,,,
2023-12-12,2023-12-13,2023-12-19,GE,XLI,96.08212982294056,97.05765533447266,97.42068093552426,4,stop_loss,SHORT,SHORT,0.4998868256807327,0.4996301233768463,0.5001435279846191,0.4996301233768463,0.527146577835083,50.01131743192673,0.5007985532283783,2,False,True,True,52.0,True,0.18435704708099354,UNRANKED,,False,,,
2023-12-13,2023-12-14,2023-12-15,GE,XLI,95.29541547202986,99.88985443115234,96.72949423353934,1,stop_loss,SHORT,SHORT,0.4998868256807327,0.4996301233768463,0.5001435279846191,0.4996301233768463,0.5436241626739502,50.01131743192673,0.5007985532283783,2,False,True,True,52.0,True,0.2698673903942108,UNRANKED,,False,,,
2023-12-14,2023-12-15,2023-12-19,GE,XLI,96.30240964885591,99.66957092285156,97.71401330398984,2,stop_loss,SHORT,SHORT,0.4948735684156418,0.48960360884666443,0.5001435279846191,0.48960360884666443,0.6632959246635437,50.51264315843582,0.5007985532283783,1,True,False,True,52.0,True,0.11624705791473391,UNRANKED,,False,,,
2023-12-15,2023-12-18,2023-12-19,GE,XLI,97.29367306366495,100.28321075439453,98.91656626086082,1,stop_loss,SHORT,SHORT,0.4998868256807327,0.4996301233768463,0.5001435279846191,0.4996301233768463,0.6660537123680115,50.01131743192673,0.5007985532283783,2,False,True,True,52.0,True,0.2523888051509857,UNRANKED,,False,,,
2023-12-18,2023-12-19,2023-12-21,GE,XLI,97.317280727627,100.92086791992188,98.86037917733402,2,stop_loss,SHORT,SHORT,0.4998868256807327,0.4996301233768463,0.5001435279846191,0.4996301233768463,0.5358999967575073,50.01131743192673,0.5007985532283783,2,False,True,True,52.0,True,0.30997893214225763,UNRANKED,,False,,,
2023-12-19,2023-12-20,2023-12-27,GE,XLI,98.67830263149014,101.01532745361328,100.47876780657384,4,stop_loss,SHORT,SHORT,0.4998868256807327,0.4996301233768463,0.5001435279846191,0.4996301233768463,0.6101436614990234,50.01131743192673,0.5007985532283783,2,False,True,True,52.0,True,0.26197806000709545,UNRANKED,,False,,,
2023-12-20,2023-12-21,2023-12-22,GE,XLI,97.7342407805405,100.47212982177734,99.4931246655154,1,stop_loss,SHORT,SHORT,0.4998868256807327,0.4996301233768463,0.5001435279846191,0.4996301233768463,0.5136793851852417,50.01131743192673,0.5007985532283783,2,False,True,True,52.0,True,0.35124805569648726,UNRANKED,,False,,,
2023-12-21,2023-12-22,2024-01-02,GE,XLI,100.22027815605139,99.14962005615234,99.14962005615234,5,time_exit,SHORT,SHORT,0.4998868256807327,0.4996301233768463,0.5001435279846191,0.4996301233768463,0.4437335133552551,50.01131743192673,0.5007985532283783,2,False,True,True,52.0,True,0.2956802248954773,UNRANKED,,False,,,
2023-12-22,2023-12-26,2024-01-03,GE,XLI,99.75611117456741,97.66180419921875,97.74885017080067,5,take_profit,SHORT,SHORT,0.4998868256807327,0.4996301233768463,0.5001435279846191,0.4996301233768463,0.53261798620224,50.01131743192673,0.5007985532283783,2,False,True,True,52.0,True,0.2453815639019012,UNRANKED,,False,,,
2023-12-26,2023-12-27,2024-01-03,GE,XLI,99.89748568003446,98.13411712646484,97.9486669282906,4,take_profit,SHORT,SHORT,0.4998868256807327,0.4996301233768463,0.5001435279846191,0.4996301233768463,0.6575074791908264,50.01131743192673,0.5007985532283783,2,False,True,True,52.0,True,0.27794462442398077,UNRANKED,,False,,,
2023-12-27,2023-12-28,2024-01-03,GE,XLI,100.76341961948494,99.41728210449219,98.7707111408298,3,take_profit,SHORT,SHORT,0.4998868256807327,0.4996301233768463,0.5001435279846191,0.4996301233768463,0.532716691493988,50.01131743192673,0.5007985532283783,2,False,True,True,52.0,True,0.30558943748474116,UNRANKED,,False,,,
2023-12-28,2023-12-29,2024-01-03,GE,XLI,100.9523304642289,100.98383331298828,98.9832142532914,2,take_profit,SHORT,SHORT,0.4998868256807327,0.4996301233768463,0.5001435279846191,0.4996301233768463,0.5553427934646606,50.01131743192673,0.5007985532283783,2,False,True,True,52.0,True,0.25187799334526056,UNRANKED,,False,,,
2023-12-29,2024-01-02,2024-01-03,GE,XLI,99.98406752771794,101.37745666503906,98.06210424472408,1,take_profit,SHORT,SHORT,0.4998868256807327,0.4996301233768463,0.5001435279846191,0.4996301233768463,0.5138338208198547,50.01131743192673,0.5007985532283783,2,False,True,True,52.0,True,0.33734306693077093,UNRANKED,,False,,,
2024-01-02,2024-01-03,2024-01-08,GE,XLI,98.49625180841876,102.10169219970703,100.57230270301977,3,stop_loss,SHORT,SHORT,0.4998868256807327,0.4996301233768463,0.5001435279846191,0.4996301233768463,0.5475383400917053,50.01131743192673,0.5007985532283783,2,False,True,True,52.0,True,0.2934184968471528,UNRANKED,,False,,,
2024-01-03,2024-01-04,2024-01-08,GE,XLI,97.85071518631327,102.20402526855469,99.91003917836126,2,stop_loss,SHORT,SHORT,0.4998868256807327,0.4996301233768463,0.5001435279846191,0.4996301233768463,0.46965017914772034,50.01131743192673,0.5007985532283783,2,False,True,True,52.0,True,0.3597226142883302,UNRANKED,,False,,,
2024-01-04,2024-01-05,2024-01-08,GE,XLI,98.3230476022465,102.17252349853516,100.32172335733858,1,stop_loss,SHORT,SHORT,0.4998868256807327,0.4996301233768463,0.5001435279846191,0.4996301233768463,0.47156789898872375,50.01131743192673,0.5007985532283783,2,False,True,True,52.0,True,0.4024955332279206,UNRANKED,,False,,,
2024-01-05,2024-01-08,2024-01-10,GE,XLI,99.36217569037937,100.73978424072266,101.52505454431352,2,stop_loss,SHORT,SHORT,0.4998868256807327,0.4996301233768463,0.5001435279846191,0.4996301233768463,0.4738752543926239,50.01131743192673,0.5007985532283783,2,False,True,True,52.0,True,0.2815443575382233,UNRANKED,,False,,,
2024-01-08,2024-01-09,2024-01-17,GE,XLI,100.18876221350877,99.88174438476562,99.88174438476562,5,time_exit,SHORT,SHORT,0.4998868256807327,0.4996301233768463,0.5001435279846191,0.4996301233768463,0.6401026248931885,50.01131743192673,0.5007985532283783,2,False,True,True,52.0,True,0.29351019859313954,UNRANKED,,False,,,
2024-01-09,2024-01-10,2024-01-18,GE,XLI,101.31447450155459,101.19638061523438,101.19638061523438,5,time_exit,SHORT,SHORT,0.4998868256807327,0.4996301233768463,0.5001435279846191,0.4996301233768463,0.5052306056022644,50.01131743192673,0.5007985532283783,2,False,True,True,52.0,True,0.23306336998939514,UNRANKED,,False,,,
2024-01-10,2024-01-11,2024-01-17,GE,XLI,102.43231816205518,102.18827056884766,100.40181475280573,3,take_profit,SHORT,SHORT,0.4992014467716217,0.4996301233768463,0.4987727701663971,0.4996301233768463,0.49171212315559387,50.07985532283783,0.5007985532283783,2,False,True,True,52.0,True,0.21160057187080372,UNRANKED,,False,,,
2024-01-11,2024-01-12,2024-01-16,GE,XLI,102.81017223286379,103.30610656738281,101.05388888151056,1,take_profit,SHORT,SHORT,0.4992014467716217,0.4996301233768463,0.4987727701663971,0.4996301233768463,0.49640339612960815,50.07985532283783,0.5007985532283783,2,False,True,True,52.0,True,0.23993360996246343,UNRANKED,,False,,,
2024-01-12,2024-01-16,2024-01-17,GE,XLI,101.70806473130507,102.29847717285156,100.35188099804614,1,take_profit,SHORT,SHORT,0.4992014467716217,0.4996301233768463,0.4987727701663971,0.4996301233768463,0.3984585702419281,50.07985532283783,0.5007985532283783,2,False,True,True,52.0,True,0.4568072259426117,UNRANKED,,False,,,
2024-01-16,2024-01-17,2024-01-19,GE,XLI,100.30684359960755,102.28273010253906,101.83623529708244,2,stop_loss,SHORT,SHORT,0.4992014467716217,0.4996301233768463,0.4987727701663971,0.4996301233768463,0.5082279443740845,50.07985532283783,0.5007985532283783,2,False,True,True,52.0,True,0.3970261216163636,UNRANKED,,False,,,
2024-01-17,2024-01-18,2024-01-19,GE,XLI,100.13364023109686,102.28273010253906,101.69794621777376,1,stop_loss,SHORT,SHORT,0.4992014467716217,0.4996301233768463,0.4987727701663971,0.4996301233768463,0.5120986700057983,50.07985532283783,0.5007985532283783,2,False,True,True,52.0,True,0.3303367197513581,UNRANKED,,False,,,
2024-01-18,2024-01-19,2024-01-22,GE,XLI,101.31445734104379,103.27462768554688,102.97547462271231,1,stop_loss,SHORT,SHORT,0.4992014467716217,0.4996301233768463,0.4987727701663971,0.4996301233768463,0.506005585193634,50.07985532283783,0.5007985532283783,2,False,True,True,52.0,True,0.08419159054756176,UNRANKED,,False,,,
2024-01-19,2024-01-22,2024-01-29,GE,XLI,102.55825481485974,103.20377349853516,103.20377349853516,5,time_exit,LONG,LONG,0.5009416192770004,0.5031104683876038,0.4987727701663971,0.5031104683876038,0.44696128368377686,50.09416192770004,0.5007985532283783,1,True,True,False,52.0,True,-0.28672438859939575,UNRANKED,,False,,,
2024-01-22,2024-01-23,2024-01-26,GE,XLI,100.47214169123241,105.43158721923828,102.34345451384681,3,take_profit,LONG,LONG,0.5009416192770004,0.5031104683876038,0.4987727701663971,0.5031104683876038,0.44903576374053955,50.09416192770004,0.5007985532283783,1,True,True,False,52.0,True,-0.26174128055572515,UNRANKED,,False,,,
2024-01-23,2024-01-24,2024-01-30,GE,XLI,102.55038121423357,104.24291229248047,104.37671112669172,4,take_profit,LONG,LONG,0.5009416192770004,0.5031104683876038,0.4987727701663971,0.5031104683876038,0.4883447289466858,50.09416192770004,0.5007985532283783,1,True,True,False,52.0,True,-0.1336583197116852,UNRANKED,,False,,,
2024-01-24,2024-01-25,2024-01-30,GE,XLI,102.84165479794092,106.59667205810547,104.45768916945319,3,take_profit,LONG,LONG,0.5009416192770004,0.5031104683876038,0.4987727701663971,0.5031104683876038,0.4796324372291565,50.09416192770004,0.5007985532283783,1,True,True,False,52.0,True,-0.1318820118904114,UNRANKED,,False,,,
2024-01-25,2024-01-26,2024-01-30,GE,XLI,102.75506122381066,107.48622131347656,104.30362232000206,2,take_profit,LONG,LONG,0.5009416192770004,0.5031104683876038,0.4987727701663971,0.5031104683876038,0.5082701444625854,50.09416192770004,0.5007985532283783,1,True,True,False,52.0,True,0.1069059669971467,UNRANKED,,False,,,
2024-01-26,2024-01-29,2024-01-30,GE,XLI,103.4399380154829,108.40725708007812,104.94688948381437,1,stop_loss,SHORT,SHORT,0.4969917833805084,0.5031104683876038,0.4908730983734131,0.5031104683876038,0.6167228817939758,50.30082166194916,0.5007985532283783,1,True,False,True,52.0,True,0.09289640188217177,UNRANKED,,False,,,
2024-01-29,2024-01-30,2024-02-01,GE,XLI,103.50291280945294,108.30491638183594,104.79619327471521,2,take_profit,LONG,LONG,0.5009416192770004,0.5031104683876038,0.4987727701663971,0.5031104683876038,0.4737008810043335,50.09416192770004,0.5007985532283783,1,True,True,False,52.0,True,0.0004379153251648886,UNRANKED,,False,,,
2024-01-30,2024-01-31,2024-02-02,GE,XLI,105.30564523002396,109.02915954589844,106.860952890808,2,stop_loss,SHORT,SHORT,0.4992014467716217,0.4996301233768463,0.4987727701663971,0.4996301233768463,0.5922661423683167,50.07985532283783,0.5007985532283783,2,False,True,True,52.0,True,0.19363242387771618,UNRANKED,,False,,,
2024-01-31,2024-02-01,2024-02-02,GE,XLI,104.72310661945231,109.46212005615234,106.34476276482062,1,stop_loss,SHORT,SHORT,0.4952516108751297,0.4996301233768463,0.4908730983734131,0.4996301233768463,0.6720675230026245,50.47483891248703,0.5007985532283783,1,True,False,True,52.0,True,0.3439472615718842,UNRANKED,,False,,,
2024-02-01,2024-02-02,2024-02-07,GE,XLI,106.6124080861795,109.64319610595703,108.55569661680171,3,stop_loss,SHORT,SHORT,0.4992014467716217,0.4996301233768463,0.4987727701663971,0.4996301233768463,0.578331470489502,50.07985532283783,0.5007985532283783,2,False,True,True,52.0,True,0.026270240545272876,UNRANKED,,False,,,
2024-02-02,2024-02-05,2024-02-08,GE,XLI,107.04537904486217,110.34381103515625,109.11124578767746,3,stop_loss,SHORT,SHORT,0.4992014467716217,0.4996301233768463,0.4987727701663971,0.4996301233768463,0.5071535706520081,50.07985532283783,0.5007985532283783,2,False,True,True,52.0,True,0.11118933558464063,UNRANKED,,False,,,
2024-02-05,2024-02-06,2024-02-13,GE,XLI,108.38364039477656,111.60335540771484,110.37640663884743,5,stop_loss,SHORT,SHORT,0.4992014467716217,0.4996301233768463,0.4987727701663971,0.4996301233768463,0.5160829424858093,50.07985532283783,0.5007985532283783,2,False,True,True,52.0,True,0.2131851017475128,UNRANKED,,False,,,
2024-02-06,2024-02-07,2024-02-13,GE,XLI,109.12362686181339,115.3268814086914,111.00843608335357,4,stop_loss,SHORT,SHORT,0.4992014467716217,0.4996301233768463,0.4987727701663971,0.4996301233768463,0.5123628973960876,50.07985532283783,0.5007985532283783,2,False,True,True,52.0,True,0.16094908118247991,UNRANKED,,False,,,
2024-02-07,2024-02-08,2024-02-13,GE,XLI,109.14723154121859,116.7989730834961,110.9476988961293,3,stop_loss,SHORT,SHORT,0.4992014467716217,0.4996301233768463,0.4987727701663971,0.4996301233768463,0.4388931691646576,50.07985532283783,0.5007985532283783,2,False,True,True,52.0,True,0.2149500846862792,UNRANKED,,False,,,
2024-02-08,2024-02-09,2024-02-13,GE,XLI,109.43064652114916,117.42086029052734,111.15126681272282,2,stop_loss,SHORT,SHORT,0.4992014467716217,0.4996301233768463,0.4987727701663971,0.4996301233768463,0.4981136918067932,50.07985532283783,0.5007985532283783,2,False,True,True,52.0,True,0.2361969649791718,UNRANKED,,False,,,
2024-02-09,2024-02-12,2024-02-13,GE,XLI,109.84786701865295,116.99578094482422,111.43466446040797,1,stop_loss,SHORT,SHORT,0.4992014467716217,0.4996301233768463,0.4987727701663971,0.4996301233768463,0.6284222602844238,50.07985532283783,0.5007985532283783,2,False,True,True,52.0,True,0.12282589077949532,UNRANKED,,False,,,
2024-02-12,2024-02-13,2024-02-14,GE,XLI,110.07615761725428,117.35002136230469,111.61909584967616,1,take_profit,LONG,LONG,0.5041038691997528,0.515159010887146,0.4930487275123596,0.515159010887146,0.4254944622516632,50.41038691997528,0.5086827874183655,2,False,True,True,52.0,True,0.22906529903411865,UNRANKED,,False,,,
2024-02-13,2024-02-14,2024-02-15,GE,XLI,112.57163101441408,119.39677429199219,114.29225457572825,1,stop_loss,SHORT,SHORT,0.49883657693862915,0.500633955001831,0.49703919887542725,0.500633955001831,0.5458275675773621,50.116342306137085,0.5086827874183655,2,False,True,True,52.0,True,0.16834992170333857,UNRANKED,,False,,,
2024-02-14,2024-02-15,2024-02-22,GE,XLI,115.7204893522613,120.70355224609375,117.97304519942927,4,stop_loss,SHORT,SHORT,0.4938318580389023,0.5010002851486206,0.48666343092918396,0.5010002851486206,0.5735024809837341,50.61681419610977,0.5086827874183655,2,False,True,True,52.0,True,0.20083823800086975,UNRANKED,,False,,,
2024-02-15,2024-02-16,2024-02-23,GE,XLI,117.25554813754133,121.8371353149414,119.57670314068028,4,stop_loss,SHORT,SHORT,0.48824357986450195,0.48802971839904785,0.48845744132995605,0.48802971839904785,0.5769407749176025,51.175642013549805,0.5086827874183655,1,True,False,True,52.0,True,0.21826714277267453,UNRANKED,,False,,,
2024-02-16,2024-02-20,2024-02-23,GE,XLI,117.31066198596938,121.22311401367188,119.71053599196826,3,stop_loss,SHORT,SHORT,0.4865726828575134,0.5053155422210693,0.4678298234939575,0.5053155422210693,0.6133488416671753,51.34273171424866,0.5086827874183655,1,True,False,True,52.0,True,0.19387030601501462,UNRANKED,,False,,,
2024-02-20,2024-02-21,2024-02-22,GE,XLI,116.87769230086053,122.49837493896484,119.02003282471655,1,stop_loss,SHORT,SHORT,0.4927993267774582,0.4989352226257324,0.48666343092918396,0.4989352226257324,0.54798823595047,50.72006732225418,0.5086827874183655,2,False,True,True,52.0,True,0.22667327523231504,UNRANKED,,False,,,
2024-02-21,2024-02-22,2024-02-23,GE,XLI,117.9640438549445,123.50604248046875,119.98717944890377,1,stop_loss,SHORT,SHORT,0.4861977994441986,0.5012380480766296,0.4711575508117676,0.5012380480766296,0.5764127969741821,51.38022005558014,0.5086827874183655,1,True,False,True,52.0,True,0.2217681109905243,UNRANKED,,False,,,
2024-02-22,2024-02-23,2024-02-26,GE,XLI,119.65656263788091,124.89152526855469,121.63584011242052,1,stop_loss,SHORT,SHORT,0.49866674840450287,0.5076180100440979,0.48971548676490784,0.5076180100440979,0.5639765858650208,50.13332515954971,0.5086827874183655,2,False,True,True,52.0,True,0.22486987709999084,UNRANKED,,False,,,
2024-02-23,2024-02-26,2024-02-29,GE,XLI,120.96332959449168,126.74935150146484,123.00221116884994,3,take_profit,LONG,LONG,0.5016650706529617,0.5049492716789246,0.4983808696269989,0.5049492716789246,0.5504921674728394,50.16650706529617,0.5086827874183655,2,False,True,True,52.0,True,0.21192640066146853,UNRANKED,,False,,,
2024-02-26,2024-02-27,2024-03-01,GE,XLI,122.01032410148305,124.2696304321289,124.07956957616219,3,take_profit,LONG,LONG,0.5033117532730103,0.5003498196601868,0.5062736868858337,0.5003498196601868,0.45703405141830444,50.331175327301025,0.5086827874183655,2,False,True,True,52.0,True,0.20220765471458435,UNRANKED,,False,,,
2024-02-27,2024-02-28,2024-02-29,GE,XLI,121.3569182545599,125.56065368652344,123.49926095824294,1,stop_loss,SHORT,SHORT,0.49590684473514557,0.5003498196601868,0.49146386981010437,0.5003498196601868,0.5095979571342468,50.40931552648544,0.5086827874183655,2,False,True,True,52.0,True,-0.1804186701774597,UNRANKED,,False,,,
2024-02-28,2024-02-29,2024-03-04,GE,XLI,122.79754884501357,131.0711669921875,125.01860837172953,2,stop_loss,SHORT,SHORT,0.49590684473514557,0.5003498196601868,0.49146386981010437,0.5003498196601868,0.48889657855033875,50.40931552648544,0.5086827874183655,2,False,True,True,52.0,True,-0.22742694616317743,UNRANKED,,False,,,
2024-02-29,2024-03-01,2024-03-04,GE,XLI,123.59262037794738,132.22047424316406,125.89578090912762,1,take_profit,LONG,LONG,0.500074952840805,0.4989352226257324,0.5012146830558777,0.4989352226257324,0.5849583148956299,50.007495284080505,0.5086827874183655,2,False,True,True,52.0,True,0.04285883903503412,UNRANKED,,False,,,
2024-03-01,2024-03-04,2024-03-07,GE,XLI,125.45831829438796,131.118408203125,127.93353693103695,3,take_profit,LONG,LONG,0.5044163465499878,0.5076180100440979,0.5012146830558777,0.5076180100440979,0.41174715757369995,50.44163465499878,0.5086827874183655,2,False,True,True,52.0,True,0.005325704813003568,UNRANKED,,False,,,
2024-03-04,2024-03-05,2024-03-07,GE,XLI,127.15084223058136,131.82687377929688,129.79137676776048,2,take_profit,LONG,LONG,0.5028646439313889,0.4966224133968353,0.5091068744659424,0.4966224133968353,0.5271844267845154,50.286464393138885,0.5086827874183655,2,False,True,True,52.0,True,0.03451278805732729,UNRANKED,,False,,,
2024-03-05,2024-03-06,2024-03-07,GE,XLI,125.24576516128114,133.95236206054688,128.06061065514274,1,stop_loss,SHORT,SHORT,0.499344140291214,0.4989352226257324,0.49975305795669556,0.4989352226257324,0.6056443452835083,50.0655859708786,0.5086827874183655,2,False,True,True,52.0,True,0.06237390637397763,UNRANKED,,False,,,
2024-03-06,2024-03-07,2024-03-08,GE,XLI,127.56018554961119,131.26795959472656,130.02753065110394,1,take_profit,LONG,LONG,0.5004955530166626,0.5012380480766296,0.49975305795669556,0.5012380480766296,0.5443187952041626,50.04955530166626,0.5086827874183655,2,False,True,True,52.0,True,0.11134102940559398,UNRANKED,,False,,,
2024-03-07,2024-03-08,2024-03-15,GE,XLI,133.44065490480858,132.95260620117188,132.95260620117188,5,time_exit,LONG,LONG,0.5038095861673355,0.49851229786872864,0.5091068744659424,0.49851229786872864,0.4205693006515503,50.38095861673355,0.5086827874183655,2,False,True,True,52.0,True,0.14351332187652577,UNRANKED,,False,,,
2024-03-08,2024-03-11,2024-03-18,GE,XLI,131.53563576468537,133.75555419921875,133.75555419921875,5,time_exit,SHORT,SHORT,0.49634289741516113,0.5008251667022705,0.49186062812805176,0.5008251667022705,0.6277941465377808,50.36571025848389,0.5086827874183655,2,False,True,True,52.0,True,0.24981823563575745,UNRANKED,,False,,,
2024-03-11,2024-03-12,2024-03-19,GE,XLI,131.81900213079234,136.5501708984375,135.0353227135909,5,take_profit,LONG,LONG,0.5007297992706299,0.5017065405845642,0.49975305795669556,0.5017065405845642,0.6090561747550964,50.07297992706299,0.5086827874183655,2,False,True,True,52.0,True,0.30883282423019404,UNRANKED,,False,,,
2024-03-12,2024-03-13,2024-03-18,GE,XLI,130.29181953049795,136.92018127441406,133.55874370739528,3,take_profit,LONG,LONG,0.5028619766235352,0.4994502663612366,0.5062736868858337,0.4994502663612366,0.5652982592582703,50.286197662353516,0.5086827874183655,2,False,True,True,52.0,True,0.2616329789161682,UNRANKED,,False,,,
2024-03-13,2024-03-14,2024-03-21,GE,XLI,134.0232021939521,139.05349731445312,137.3013742782155,5,take_profit,LONG,LONG,0.5042785704135895,0.4994502663612366,0.5091068744659424,0.4994502663612366,0.512839674949646,50.42785704135895,0.5086827874183655,2,False,True,True,52.0,True,0.21776634454727184,UNRANKED,,False,,,
2024-03-14,2024-03-15,2024-03-19,GE,XLI,130.40202630592432,137.8805389404297,133.87700189186182,2,take_profit,LONG,LONG,0.5052770972251892,0.5025207996368408,0.5080333948135376,0.5025207996368408,0.4733061194419861,50.52770972251892,0.5086827874183655,2,False,True,True,52.0,True,0.2551705539226531,UNRANKED,,False,,,
2024-03-15,2024-03-18,2024-03-20,GE,XLI,133.0077024041617,136.57379150390625,136.56140135261316,2,stop_loss,SHORT,SHORT,0.4997955858707428,0.4994502663612366,0.500140905380249,0.4994502663612366,0.46978047490119934,50.02044141292572,0.5086827874183655,2,False,True,True,52.0,True,0.2590047419071197,UNRANKED,,False,,,
2024-03-18,2024-03-19,2024-03-21,GE,XLI,133.67683843560323,136.6210174560547,137.25752691216573,2,stop_loss,SHORT,SHORT,0.4946092665195465,0.4994502663612366,0.48976826667785645,0.4994502663612366,0.5303757786750793,50.53907334804535,0.5086827874183655,2,False,True,True,52.0,True,0.05981999635696414,UNRANKED,,False,,,
2024-03-19,2024-03-20,2024-03-27,GE,XLI,135.8810632035738,141.79299926757812,139.67880250498285,5,stop_loss,SHORT,SHORT,0.4891078770160675,0.4994502663612366,0.47876548767089844,0.4994502663612366,0.5228522419929504,51.08921229839325,0.5086827874183655,1,True,False,True,52.0,True,-0.032361149787902936,UNRANKED,,False,,,
2024-03-20,2024-03-21,2024-03-27,GE,XLI,137.46331897496674,138.17970275878906,141.16996439558616,4,stop_loss,SHORT,SHORT,0.4933098703622818,0.4994502663612366,0.487169474363327,0.4994502663612366,0.5741589665412903,50.66901296377182,0.5086827874183655,2,False,True,True,52.0,True,-0.06485635042190549,UNRANKED,,False,,,
2024-03-21,2024-03-22,2024-04-01,GE,XLI,138.78583866440144,138.04588317871094,138.04588317871094,5,time_exit,SHORT,SHORT,0.498102605342865,0.4998165965080261,0.49638861417770386,0.4998165965080261,0.6425849795341492,50.1897394657135,0.5086827874183655,2,False,True,True,52.0,True,0.2557393908500673,UNRANKED,,False,,,
2024-03-22,2024-03-25,2024-03-27,GE,XLI,137.49483466810958,134.61117553710938,141.21047514488134,2,stop_loss,SHORT,SHORT,0.49483297765254974,0.4994502663612366,0.4902156889438629,0.4994502663612366,0.5872489213943481,50.516702234745026,0.5086827874183655,2,False,True,True,52.0,True,0.05451664328575134,UNRANKED,,False,,,
2024-03-25,2024-03-26,2024-03-27,GE,XLI,136.5737875620135,143.63653564453125,140.1218603769549,1,stop_loss,SHORT,SHORT,0.49439142644405365,0.5021194219589233,0.48666343092918396,0.5021194219589233,0.591948926448822,50.560857355594635,0.5086827874183655,2,False,True,True,52.0,True,0.18736574053764338,UNRANKED,,False,,,
2024-03-26,2024-03-27,2024-04-03,GE,XLI,137.77821767558743,145.3824462890625,141.14860516163654,4,stop_loss,SHORT,SHORT,0.49439142644405365,0.5021194219589233,0.48666343092918396,0.5021194219589233,0.5602952241897583,50.560857355594635,0.5086827874183655,2,False,True,True,52.0,True,0.26216480135917675,UNRANKED,,False,,,
2024-03-27,2024-03-28,2024-04-01,GE,XLI,141.6591975980126,154.1710968017578,138.3371717539836,1,take_profit,SHORT,SHORT,0.489464670419693,0.4998165965080261,0.47911274433135986,0.4998165965080261,0.6454971432685852,51.0535329580307,0.5086827874183655,1,True,False,True,52.0,True,0.17260834574699419,UNRANKED,,False,,,
2024-03-28,2024-04-01,2024-04-03,GE,XLI,138.23481781533727,154.38809204101562,141.90884212476806,2,stop_loss,SHORT,SHORT,0.49228373169898987,0.5021194219589233,0.4824480414390564,0.5021194219589233,0.602669358253479,50.77162683010101,0.5086827874183655,2,False,True,True,52.0,True,0.1853060722351074,UNRANKED,,False,,,
2024-04-01,2024-04-02,2024-04-03,GE,XLI,138.6158728270013,152.3857421875,142.15157621358054,1,stop_loss,SHORT,SHORT,0.48353801667690277,0.5017065405845642,0.46536949276924133,0.5017065405845642,0.6280189752578735,51.64619833230972,0.5086827874183655,1,True,False,True,52.0,True,0.16097772121429454,UNRANKED,,False,,,
2024-04-02,2024-04-03,2024-04-04,GE,XLI,136.26828174685224,154.47686767578125,140.19344828563572,1,take_profit,LONG,LONG,0.5030812919139862,0.5021194219589233,0.5040431618690491,0.5021194219589233,0.5066853165626526,50.30812919139862,0.5086827874183655,2,False,True,True,52.0,True,0.3652940690517425,UNRANKED,,False,,,
2024-04-03,2024-04-04,2024-04-05,GE,XLI,144.65252017936004,155.5323028564453,149.56338269331093,1,take_profit,LONG,LONG,0.5028748512268066,0.5017065405845642,0.5040431618690491,0.5017065405845642,0.5553991198539734,50.287485122680664,0.5086827874183655,2,False,True,True,52.0,True,0.3844089210033415,UNRANKED,,False,,,
2024-04-04,2024-04-05,2024-04-08,GE,XLI,146.50692496906137,152.795166015625,151.2837172228281,1,take_profit,LONG,LONG,0.5126023888587952,0.5000185370445251,0.5251862406730652,0.5000185370445251,0.4433930516242981,51.26023888587952,0.5086827874183655,1,True,True,False,52.0,True,0.3509990572929381,UNRANKED,,False,,,
2024-04-05,2024-04-08,2024-04-15,GE,XLI,155.32514936455485,151.87620544433594,151.87620544433594,5,time_exit,LONG,LONG,0.5007737278938293,0.4977623224258423,0.5037851333618164,0.4977623224258423,0.6057980060577393,50.077372789382935,0.5086827874183655,2,False,True,True,52.0,True,0.3239347338676453,UNRANKED,,False,,,
2024-04-08,2024-04-09,2024-04-16,GE,XLI,154.00340362379066,154.89988708496094,154.89988708496094,5,time_exit,LONG,LONG,0.5003298223018646,0.4994502663612366,0.5012093782424927,0.4994502663612366,0.5627999901771545,50.03298223018646,0.5086827874183655,2,False,True,True,52.0,True,-0.07900375127792361,UNRANKED,,False,,,
2024-04-09,2024-04-10,2024-04-11,GE,XLI,149.82115602800357,153.82281494140625,155.4159174677357,1,take_profit,LONG,LONG,0.5054067075252533,0.5017065405845642,0.5091068744659424,0.5017065405845642,0.6013660430908203,50.54067075252533,0.5086827874183655,2,False,True,True,52.0,True,0.39476349949836737,UNRANKED,,False,,,
2024-04-10,2024-04-11,2024-04-18,GE,XLI,154.93062584703367,151.12522888183594,151.12522888183594,5,time_exit,LONG,LONG,0.5143077969551086,0.4994502663612366,0.5291653275489807,0.4994502663612366,0.4423433542251587,51.430779695510864,0.5086827874183655,1,True,True,False,52.0,True,0.30061170458793635,UNRANKED,,False,,,
2024-04-11,2024-04-12,2024-04-19,GE,XLI,154.0500853459909,146.30313110351562,148.36343329869737,5,take_profit,SHORT,SHORT,0.49577125906944275,0.4934314489364624,0.4981110692024231,0.4934314489364624,0.5220904350280762,50.422874093055725,0.5086827874183655,2,False,True,True,52.0,True,0.3528961241245271,UNRANKED,,False,,,
2024-04-12,2024-04-15,2024-04-19,GE,XLI,155.33467473262212,148.4078369140625,149.42456861864332,4,take_profit,SHORT,SHORT,0.4885295331478119,0.4994502663612366,0.4776087999343872,0.4994502663612366,0.5295283198356628,51.14704668521881,0.5086827874183655,1,True,False,True,52.0,True,0.5911863446235658,UNRANKED,,False,,,
2024-04-15,2024-04-16,2024-04-23,GE,XLI,150.88806528457192,160.69036865234375,156.74277327494582,5,take_profit,LONG,LONG,0.5358461439609528,0.5025207996368408,0.5691714882850647,0.5025207996368408,0.49168145656585693,53.584614396095276,0.5086827874183655,1,True,True,False,52.0,True,1.00914104282856,UNRANKED,,False,,,
2024-04-16,2024-04-17,2024-04-19,GE,XLI,156.1251689253929,157.30108642578125,149.84525297952237,2,take_profit,SHORT,SHORT,0.48771433532238007,0.4994502663612366,0.47597840428352356,0.4994502663612366,0.6415456533432007,51.22856646776199,0.5086827874183655,1,True,False,True,52.0,True,0.7187406271696091,UNRANKED,,False,,,
2024-04-17,2024-04-18,2024-04-19,GE,XLI,154.82084069799433,159.34649658203125,149.1259118475479,1,take_profit,SHORT,SHORT,0.48232804238796234,0.4994502663612366,0.4652058184146881,0.4994502663612366,0.6722906827926636,51.767195761203766,0.5086827874183655,1,True,False,True,52.0,True,0.8343551456928253,UNRANKED,,False,,,
2024-04-18,2024-04-19,2024-04-23,GE,XLI,151.62917325098715,160.42356872558594,157.19328632297376,2,stop_loss,SHORT,SHORT,0.4845532923936844,0.4961003363132477,0.4730062484741211,0.4961003363132477,0.5784916281700134,51.54467076063156,0.5086827874183655,1,True,False,True,52.0,True,1.0413644611835482,UNRANKED,,False,,,
2024-04-19,2024-04-22,2024-04-23,GE,XLI,147.06397417018363,162.53817749023438,153.29784127049055,1,stop_loss,SHORT,SHORT,0.4517611563205719,0.4961003363132477,0.4074219763278961,0.4961003363132477,0.5975345373153687,54.82388436794281,0.5086827874183655,1,True,False,True,52.0,True,0.3826666176319122,UNRANKED,,False,,,
2024-04-22,2024-04-23,2024-04-29,GE,XLI,155.95721276683125,159.89984130859375,162.0010796055589,4,take_profit,LONG,LONG,0.5099304914474487,0.5021194219589233,0.5177415609359741,0.5021194219589233,0.4985525906085968,50.99304914474487,0.5086827874183655,1,True,True,False,52.0,True,0.6560148894786835,UNRANKED,,False,,,
2024-04-23,2024-04-24,2024-05-01,GE,XLI,159.94927885651316,157.80499267578125,157.80499267578125,5,time_exit,SHORT,SHORT,0.48566222190856934,0.5017065405845642,0.46961790323257446,0.5017065405845642,0.5812349915504456,51.433777809143066,0.5086827874183655,1,True,False,True,52.0,True,0.501363217830658,UNRANKED,,False,,,
2024-04-24,2024-04-25,2024-05-02,GE,XLI,156.21411335246665,160.71011352539062,160.71011352539062,5,time_exit,SHORT,SHORT,0.4881789982318878,0.5017065405845642,0.4746514558792114,0.5017065405845642,0.5767672061920166,51.18210017681122,0.5086827874183655,1,True,False,True,52.0,True,0.07722723484039298,UNRANKED,,False,,,
2024-04-25,2024-04-26,2024-05-03,GE,XLI,159.09945764217792,162.1626739501953,162.1626739501953,5,time_exit,SHORT,SHORT,0.49554072320461273,0.5017065405845642,0.48937490582466125,0.5017065405845642,0.5543109178543091,50.44592767953873,0.5086827874183655,2,False,True,True,52.0,True,0.3219911754131317,UNRANKED,,False,,,
2024-04-26,2024-04-29,2024-05-06,GE,XLI,161.06585230802511,165.97686767578125,165.97686767578125,5,time_exit,SHORT,SHORT,0.4914253205060959,0.4934314489364624,0.48941919207572937,0.4934314489364624,0.6182085871696472,50.85746794939041,0.5086827874183655,2,False,True,True,52.0,True,0.5382526814937594,UNRANKED,,False,,,
2024-04-29,2024-04-30,2024-05-07,GE,XLI,161.6191847133782,166.7772674560547,166.7772674560547,5,time_exit,SHORT,SHORT,0.4901350438594818,0.4955841302871704,0.4846859574317932,0.4955841302871704,0.6168891787528992,50.98649561405182,0.5086827874183655,1,True,False,True,52.0,True,0.6409694850444795,UNRANKED,,False,,,
2024-04-30,2024-05-01,2024-05-07,GE,XLI,160.64094743479842,166.8563232421875,166.63864989713102,4,stop_loss,SHORT,SHORT,0.49332645535469055,0.5021194219589233,0.48453348875045776,0.5021194219589233,0.47315967082977295,50.667354464530945,0.5086827874183655,2,False,True,True,52.0,True,0.6204048097133636,UNRANKED,,False,,,
2024-05-01,2024-05-02,2024-05-06,GE,XLI,159.47494602255844,165.51243591308594,165.62113612091224,2,stop_loss,SHORT,SHORT,0.49211183190345764,0.5025207996368408,0.48170286417007446,0.5025207996368408,0.4818110466003418,50.788816809654236,0.5086827874183655,2,False,True,True,52.0,True,0.5025402605533599,UNRANKED,,False,,,
2024-05-02,2024-05-03,2024-05-10,GE,XLI,163.33855584153648,161.44134521484375,161.44134521484375,5,time_exit,SHORT,SHORT,0.4927597790956497,0.4994502663612366,0.48606929183006287,0.4994502663612366,0.5470832586288452,50.72402209043503,0.5086827874183655,2,False,True,True,52.0,True,0.3514712154865266,UNRANKED,,False,,,
2024-05-03,2024-05-06,2024-05-13,GE,XLI,163.16067977031807,157.6073760986328,157.6073760986328,5,time_exit,SHORT,SHORT,0.48583757877349854,0.4881793260574341,0.483495831489563,0.4881793260574341,0.5749868154525757,51.41624212265015,0.5086827874183655,1,True,False,True,52.0,True,0.14096233248710627,UNRANKED,,False,,,
2024-05-06,2024-05-07,2024-05-13,GE,XLI,165.81877620005315,158.10145568847656,159.45942953780425,4,stop_loss,LONG,LONG,0.5003821849822998,0.4994502663612366,0.501314103603363,0.4994502663612366,0.5337358713150024,50.03821849822998,0.5086827874183655,2,False,True,True,52.0,True,-0.12275725603103654,UNRANKED,,False,,,
2024-05-07,2024-05-08,2024-05-13,GE,XLI,166.1053467608625,161.53025817871094,159.7855247219395,3,stop_loss,LONG,LONG,0.5014586448669434,0.5016031861305237,0.501314103603363,0.5016031861305237,0.5491001009941101,50.145864486694336,0.5086827874183655,2,False,True,True,52.0,True,0.08754438161849973,UNRANKED,,False,,,
2024-05-08,2024-05-09,2024-05-13,GE,XLI,166.75747925674875,159.20814514160156,160.81173297117397,2,stop_loss,LONG,LONG,0.5151860415935516,0.5176938772201538,0.5126782059669495,0.5176938772201538,0.4180011749267578,51.518604159355164,0.5086827874183655,1,True,True,False,52.0,True,0.12435993552207936,UNRANKED,,False,,,
2024-05-09,2024-05-10,2024-05-13,GE,XLI,165.9175912357436,157.99273681640625,160.46873215720007,1,take_profit,SHORT,SHORT,0.4965997338294983,0.4999152421951294,0.4932842254638672,0.4999152421951294,0.5625187158584595,50.34002661705017,0.5086827874183655,2,False,True,True,52.0,True,0.02867600321769725,UNRANKED,,False,,,
2024-05-10,2024-05-13,2024-05-20,GE,XLI,161.1448976975095,157.38998413085938,157.38998413085938,5,time_exit,SHORT,SHORT,0.49933598935604095,0.5021194219589233,0.49655255675315857,0.5021194219589233,0.5801283717155457,50.066401064395905,0.5086827874183655,2,False,True,True,52.0,True,0.2619385421276093,UNRANKED,,False,,,
2024-05-13,2024-05-14,2024-05-15,GE,XLI,156.7575927120153,159.08956909179688,161.28042639993384,1,stop_loss,SHORT,SHORT,0.4952884316444397,0.5021194219589233,0.48845744132995605,0.5021194219589233,0.5756093859672546,50.47115683555603,0.5086827874183655,2,False,True,True,52.0,True,0.25006246566772444,UNRANKED,,False,,,
2024-05-14,2024-05-15,2024-05-22,GE,XLI,158.1014321624692,158.90182495117188,158.90182495117188,5,time_exit,SHORT,SHORT,0.4952884316444397,0.5021194219589233,0.48845744132995605,0.5021194219589233,0.570102870464325,50.47115683555603,0.5086827874183655,2,False,True,True,52.0,True,0.2102588415145874,UNRANKED,,False,,,
2024-05-15,2024-05-16,2024-05-23,GE,XLI,161.06584188514995,163.29901123046875,163.29901123046875,5,time_exit,SHORT,SHORT,0.49339182674884796,0.4994502663612366,0.48733338713645935,0.4994502663612366,0.5864136815071106,50.660817325115204,0.5086827874183655,2,False,True,True,52.0,True,0.14657956361770638,UNRANKED,,False,,,
2024-05-16,2024-05-17,2024-05-24,GE,XLI,159.89984318218364,165.344482421875,164.38456695450506,5,stop_loss,SHORT,SHORT,0.49164117872714996,0.4994502663612366,0.48383209109306335,0.4994502663612366,0.6200178861618042,50.835882127285004,0.5086827874183655,2,False,True,True,52.0,True,0.09098103642463688,UNRANKED,,False,,,
2024-05-17,2024-05-20,2024-05-23,GE,XLI,158.0223892950514,166.55987548828125,162.37865586173666,3,stop_loss,SHORT,SHORT,0.4925316423177719,0.5012311935424805,0.48383209109306335,0.5012311935424805,0.6415503025054932,50.74683576822281,0.5086827874183655,2,False,True,True,52.0,True,0.1504299938678743,UNRANKED,,False,,,
2024-05-20,2024-05-21,2024-05-23,GE,XLI,156.06588155751967,161.6587371826172,160.13135048190583,2,stop_loss,SHORT,SHORT,0.4913274198770523,0.5025207996368408,0.4801340401172638,0.5025207996368408,0.6185141205787659,50.86725801229477,0.5086827874183655,2,False,True,True,52.0,True,0.008361637592315795,UNRANKED,,False,,,
2024-05-21,2024-05-22,2024-05-23,GE,XLI,158.58562991393146,162.25160217285156,162.59463259947833,1,take_profit,LONG,LONG,0.5009287893772125,0.5008327960968018,0.5010247826576233,0.5008327960968018,0.6423794031143188,50.09287893772125,0.5086827874183655,2,False,True,True,52.0,True,0.22426876425743109,UNRANKED,,False,,,
2024-05-22,2024-05-23,2024-05-24,GE,XLI,160.0678240683209,163.1804656982422,163.68863008115574,1,stop_loss,SHORT,SHORT,0.4931764453649521,0.5025207996368408,0.48383209109306335,0.5025207996368408,0.6181961894035339,50.68235546350479,0.5086827874183655,2,False,True,True,52.0,True,0.0876420736312865,UNRANKED,,False,,,
2024-05-23,2024-05-24,2024-06-03,GE,XLI,163.8622812569983,159.54412841796875,159.82081440780746,5,stop_loss,LONG,LONG,0.5052326321601868,0.4994502663612366,0.511014997959137,0.4994502663612366,0.6257871389389038,50.52326321601868,0.5086827874183655,2,False,True,True,52.0,True,0.33995696902275085,UNRANKED,,False,,,
2024-05-24,2024-05-28,2024-06-03,GE,XLI,165.01838876020346,159.46510314941406,161.22959655875258,4,stop_loss,LONG,LONG,0.5029251277446747,0.4994502663612366,0.5063999891281128,0.4994502663612366,0.61332106590271,50.29251277446747,0.5086827874183655,2,False,True,True,52.0,True,0.1610373854637144,UNRANKED,,False,,,
2024-05-28,2024-05-29,2024-06-03,GE,XLI,164.62313934309748,160.6211700439453,160.77506238648476,3,stop_loss,LONG,LONG,0.5018211305141449,0.4994502663612366,0.5041919946670532,0.4994502663612366,0.5351054668426514,50.18211305141449,0.5086827874183655,2,False,True,True,52.0,True,0.4745453596115111,UNRANKED,,False,,,
2024-05-29,2024-05-30,2024-06-06,GE,XLI,161.5401444761604,158.7140655517578,158.7140655517578,5,time_exit,LONG,LONG,0.5079183578491211,0.4994502663612366,0.5163864493370056,0.4994502663612366,0.4722136855125427,50.79183578491211,0.5086827874183655,2,False,True,True,52.0,True,0.6614707410335541,UNRANKED,,False,,,
2024-05-30,2024-05-31,2024-06-07,GE,XLI,162.34054567686232,159.99862670898438,159.99862670898438,5,time_exit,LONG,LONG,0.5077002048492432,0.4994502663612366,0.5159501433372498,0.4994502663612366,0.5476219654083252,50.770020484924316,0.5086827874183655,2,False,True,True,52.0,True,0.4192066192626952,UNRANKED,,False,,,
2024-05-31,2024-06-03,2024-06-04,GE,XLI,164.14882157621403,160.90773010253906,160.16805418991382,1,take_profit,SHORT,SHORT,0.49700286984443665,0.5121625661849976,0.48184317350387573,0.5121625661849976,0.5707817673683167,50.299713015556335,0.5086827874183655,2,False,True,True,52.0,True,0.10755297541618342,UNRANKED,,False,,,
2024-06-03,2024-06-04,2024-06-11,GE,XLI,159.08960732588264,158.4571990966797,158.4571990966797,5,time_exit,SHORT,SHORT,0.4998552054166794,0.5094947218894958,0.4902156889438629,0.5094947218894958,0.5778390765190125,50.01447945833206,0.5086827874183655,2,False,True,True,52.0,True,0.30486175417900097,UNRANKED,,False,,,
2024-06-04,2024-06-05,2024-06-12,GE,XLI,159.90971242271362,159.13897705078125,159.13897705078125,5,time_exit,SHORT,SHORT,0.49439142644405365,0.5021194219589233,0.48666343092918396,0.5021194219589233,0.5398960709571838,50.560857355594635,0.5086827874183655,2,False,True,True,52.0,True,0.256260722875595,UNRANKED,,False,,,
2024-06-05,2024-06-06,2024-06-13,GE,XLI,160.37413837930538,153.8425750732422,156.80557410056653,5,take_profit,SHORT,SHORT,0.49439142644405365,0.5021194219589233,0.48666343092918396,0.5021194219589233,0.5515173673629761,50.560857355594635,0.5086827874183655,2,False,True,True,52.0,True,0.2908554673194884,UNRANKED,,False,,,
2024-06-06,2024-06-07,2024-06-13,GE,XLI,158.7931022394737,154.0303192138672,155.2838248957237,4,stop_loss,LONG,LONG,0.5061178803443909,0.4994502663612366,0.5127854943275452,0.4994502663612366,0.5197210311889648,50.61178803443909,0.5086827874183655,2,False,True,True,52.0,True,0.5869888961315155,UNRANKED,,False,,,
2024-06-07,2024-06-10,2024-06-13,GE,XLI,160.07770119647125,161.29312133789062,156.55854487671678,3,stop_loss,LONG,LONG,0.5004218518733978,0.4934314489364624,0.5074122548103333,0.4934314489364624,0.5558386445045471,50.04218518733978,0.5086827874183655,2,False,True,True,52.0,True,0.5175933539867401,UNRANKED,,False,,,
2024-06-10,2024-06-11,2024-06-13,GE,XLI,160.1073813824147,163.01246643066406,156.544460675802,2,stop_loss,LONG,LONG,0.5008069574832916,0.50058913230896,0.5010247826576233,0.50058913230896,0.6190590262413025,50.08069574832916,0.5086827874183655,2,False,True,True,52.0,True,0.48913145065307617,UNRANKED,,False,,,
2024-06-11,2024-06-12,2024-06-13,GE,XLI,159.3464767385633,163.04214477539062,155.67627802553315,1,stop_loss,LONG,LONG,0.5029251277446747,0.4994502663612366,0.5063999891281128,0.4994502663612366,0.5074684619903564,50.29251277446747,0.5086827874183655,2,False,True,True,52.0,True,0.4475236237049103,UNRANKED,,False,,,
2024-06-12,2024-06-13,2024-06-14,GE,XLI,158.6844253337432,162.29112243652344,154.94365036164498,1,stop_loss,LONG,LONG,0.5038155913352966,0.5012311935424805,0.5063999891281128,0.5012311935424805,0.5264179110527039,50.38155913352966,0.5086827874183655,2,False,True,True,52.0,True,0.3184116482734679,UNRANKED,,False,,,
2024-06-13,2024-06-14,2024-06-17,GE,XLI,152.39001329930736,158.63504028320312,156.25924765686875,1,take_profit,LONG,LONG,0.5038155913352966,0.5012311935424805,0.5063999891281128,0.5012311935424805,0.5233792066574097,50.38155913352966,0.5086827874183655,2,False,True,True,52.0,True,0.47313618659973156,UNRANKED,,False,,,
2024-06-14,2024-06-17,2024-06-18,GE,XLI,154.2872543431906,157.83462524414062,157.89109912206894,1,take_profit,LONG,LONG,0.5029251277446747,0.4994502663612366,0.5063999891281128,0.4994502663612366,0.5154882669448853,50.29251277446747,0.5086827874183655,2,False,True,True,52.0,True,0.48331663012504583,UNRANKED,,False,,,
2024-06-17,2024-06-18,2024-06-26,GE,XLI,161.46108882054506,158.73385620117188,158.73385620117188,5,time_exit,LONG,LONG,0.5002375245094299,0.4994502663612366,0.5010247826576233,0.4994502663612366,0.6354473829269409,50.02375245094299,0.5086827874183655,2,False,True,True,52.0,True,0.637546181678772,UNRANKED,,False,,,
2024-06-18,2024-06-20,2024-06-24,GE,XLI,163.01250195528635,158.5955047607422,158.99928348430421,2,stop_loss,LONG,LONG,0.5052597522735596,0.5094947218894958,0.5010247826576233,0.5094947218894958,0.6272211074829102,50.52597522735596,0.5086827874183655,2,False,True,True,52.0,True,0.5666741728782655,UNRANKED,,False,,,
2024-06-20,2024-06-21,2024-06-25,GE,XLI,162.54803183088833,157.08367919921875,158.61526859497874,2,stop_loss,LONG,LONG,0.5084534883499146,0.5094947218894958,0.5074122548103333,0.5094947218894958,0.553254246711731,50.845348834991455,0.5086827874183655,2,False,True,True,52.0,True,0.25225391983985906,UNRANKED,,False,,,
2024-06-21,2024-06-24,2024-06-25,GE,XLI,162.1528103113088,157.08367919921875,158.24545295918827,1,take_profit,SHORT,SHORT,0.4962494969367981,0.4994502663612366,0.4930487275123596,0.4994502663612366,0.6727899312973022,50.37505030632019,0.5086827874183655,2,False,True,True,52.0,True,0.3356850445270539,UNRANKED,,False,,,
2024-06-24,2024-06-25,2024-07-02,GE,XLI,157.6864111887111,159.5342254638672,159.5342254638672,5,time_exit,SHORT,SHORT,0.4802504926919937,0.49568745493888855,0.4648135304450989,0.49568745493888855,0.6022391319274902,51.97495073080063,0.5086827874183655,1,True,False,True,52.0,True,0.10541045665740968,UNRANKED,,False,,,
2024-06-25,2024-06-26,2024-07-03,GE,XLI,156.688426519275,161.0658416748047,160.7016602490462,5,stop_loss,SHORT,SHORT,0.4975840747356415,0.5021194219589233,0.4930487275123596,0.5021194219589233,0.5588222146034241,50.24159252643585,0.5086827874183655,2,False,True,True,52.0,True,0.5289635360240937,UNRANKED,,False,,,
2024-06-26,2024-06-27,2024-07-05,GE,XLI,158.89194797210226,158.5955047607422,158.5955047607422,5,time_exit,SHORT,SHORT,0.4962494969367981,0.4994502663612366,0.4930487275123596,0.4994502663612366,0.562995433807373,50.37505030632019,0.5086827874183655,2,False,True,True,52.0,True,0.39221316576004045,UNRANKED,,False,,,
2024-06-27,2024-06-28,2024-07-08,GE,XLI,158.35836555495897,161.5895538330078,161.5895538330078,5,time_exit,SHORT,SHORT,0.49164117872714996,0.4994502663612366,0.48383209109306335,0.4994502663612366,0.5326621532440186,50.835882127285004,0.5086827874183655,2,False,True,True,52.0,True,0.10718646645545941,UNRANKED,,False,,,
2024-06-28,2024-07-01,2024-07-09,GE,XLI,158.76350415491328,161.19430541992188,161.19430541992188,5,time_exit,SHORT,SHORT,0.4925316423177719,0.5012311935424805,0.48383209109306335,0.5012311935424805,0.5662804841995239,50.74683576822281,0.5086827874183655,2,False,True,True,52.0,True,0.25345534086227417,UNRANKED,,False,,,
2024-07-01,2024-07-02,2024-07-03,GE,XLI,156.93544339153868,163.73379516601562,160.56190169580765,1,take_profit,LONG,LONG,0.5077819526195526,0.4934314489364624,0.5221324563026428,0.4934314489364624,0.45935848355293274,50.77819526195526,0.5086827874183655,2,False,True,True,52.0,True,0.5465069115161897,UNRANKED,,False,,,
2024-07-02,2024-07-03,2024-07-10,GE,XLI,159.9591364219122,160.26947021484375,163.5855969060082,4,take_profit,LONG,LONG,0.5062039941549301,0.49564287066459656,0.5167651176452637,0.49564287066459656,0.5142431259155273,50.62039941549301,0.5086827874183655,2,False,True,True,52.0,True,0.41399616003036505,UNRANKED,,False,,,
2024-07-03,2024-07-05,2024-07-12,GE,XLI,161.30299731049647,157.38914489746094,157.5551313611382,5,stop_loss,LONG,LONG,0.503012403845787,0.49564287066459656,0.5103819370269775,0.49564287066459656,0.5550597906112671,50.301240384578705,0.5086827874183655,2,False,True,True,52.0,True,0.3850154578685759,UNRANKED,,False,,,
2024-07-05,2024-07-08,2024-07-10,GE,XLI,158.89195220106245,157.93356323242188,162.23609456992406,2,take_profit,LONG,LONG,0.503012403845787,0.49564287066459656,0.5103819370269775,0.49564287066459656,0.4807928502559662,50.301240384578705,0.5086827874183655,2,False,True,True,52.0,True,0.5009185969829559,UNRANKED,,False,,,
2024-07-08,2024-07-09,2024-07-12,GE,XLI,162.03421027940752,161.1900177001953,158.2891672060258,3,stop_loss,LONG,LONG,0.503012403845787,0.49564287066459656,0.5103819370269775,0.49564287066459656,0.5609158873558044,50.301240384578705,0.5086827874183655,2,False,True,True,52.0,True,0.5114059448242189,UNRANKED,,False,,,
2024-07-09,2024-07-10,2024-07-12,GE,XLI,161.21405053693368,155.0631103515625,158.45008656511447,2,stop_loss,LONG,LONG,0.5029251277446747,0.4994502663612366,0.5063999891281128,0.4994502663612366,0.5525155067443848,50.29251277446747,0.5086827874183655,2,False,True,True,52.0,True,0.45272070169448864,UNRANKED,,False,,,
2024-07-10,2024-07-11,2024-07-12,GE,XLI,163.5061417703904,157.17137145996094,160.6250142766683,1,stop_loss,LONG,LONG,0.5029251277446747,0.4994502663612366,0.5063999891281128,0.4994502663612366,0.547831654548645,50.29251277446747,0.5086827874183655,2,False,True,True,52.0,True,0.522262066602707,UNRANKED,,False,,,
2024-07-11,2024-07-12,2024-07-17,GE,XLI,160.22990016144763,157.50791931152344,156.85810886680477,3,take_profit,SHORT,SHORT,0.48639537394046783,0.5062761902809143,0.46651455760002136,0.5062761902809143,0.5441545248031616,51.36046260595322,0.5086827874183655,1,True,False,True,52.0,True,0.0977644920349123,UNRANKED,,False,,,
2024-07-12,2024-07-15,2024-07-17,GE,XLI,158.96297071427747,161.1009063720703,155.28699327984668,2,take_profit,SHORT,SHORT,0.48734016716480255,0.5081657767295837,0.46651455760002136,0.5081657767295837,0.5684371590614319,51.265983283519745,0.5086827874183655,1,True,False,True,52.0,True,0.264883905649185,UNRANKED,,False,,,
2024-07-15,2024-07-16,2024-07-23,GE,XLI,158.25029076502756,170.24673461914062,161.48174479683559,5,stop_loss,SHORT,SHORT,0.4867202192544937,0.5021194219589233,0.4713210165500641,0.5021194219589233,0.5724157094955444,51.32797807455063,0.5086827874183655,1,True,False,True,52.0,True,0.24888256192207328,UNRANKED,,False,,,
2024-07-16,2024-07-17,2024-07-23,GE,XLI,160.00223577144308,160.64561462402344,163.58455257878126,4,stop_loss,SHORT,SHORT,0.4877956509590149,0.49789902567863464,0.47769227623939514,0.49789902567863464,0.541235089302063,51.22043490409851,0.5086827874183655,1,True,False,True,52.0,True,0.3102985918521881,UNRANKED,,False,,,
2024-07-17,2024-07-18,2024-07-22,GE,XLI,155.7658480068451,162.99143981933594,160.0949757272692,2,stop_loss,SHORT,SHORT,0.48071256279945374,0.48325103521347046,0.478174090385437,0.48325103521347046,0.5535082817077637,51.92874372005463,0.5086827874183655,1,True,False,True,52.0,True,0.33291095495223993,UNRANKED,,False,,,
2024-07-18,2024-07-19,2024-07-23,GE,XLI,158.03251556869176,168.07904052734375,162.64305895596854,2,stop_loss,SHORT,SHORT,0.49167709052562714,0.49568745493888855,0.4876667261123657,0.49568745493888855,0.553555428981781,50.832290947437286,0.5086827874183655,2,False,True,True,52.0,True,0.1265975832939149,UNRANKED,,False,,,
2024-07-19,2024-07-22,2024-07-23,GE,XLI,158.33935278189057,168.138427734375,162.78199935345864,1,stop_loss,SHORT,SHORT,0.4851825535297394,0.49568745493888855,0.4746776521205902,0.49568745493888855,0.49451953172683716,51.48174464702606,0.5086827874183655,1,True,False,True,52.0,True,-0.3813297748565673,UNRANKED,,False,,,
2024-07-22,2024-07-23,2024-07-30,GE,XLI,164.30789503940315,165.77279663085938,165.77279663085938,5,time_exit,SHORT,SHORT,0.4918859601020813,0.49789902567863464,0.48587289452552795,0.49789902567863464,0.5287042856216431,50.81140398979187,0.5086827874183655,2,False,True,True,52.0,True,0.22906419634819014,UNRANKED,,False,,,
2024-07-23,2024-07-24,2024-07-25,GE,XLI,169.75183234737239,168.465087890625,163.8394330553802,1,take_profit,SHORT,SHORT,0.49656152725219727,0.49789902567863464,0.4952240288257599,0.49789902567863464,0.49870938062667847,50.34384727478027,0.5086827874183655,2,False,True,True,52.0,True,0.3474199473857879,UNRANKED,,False,,,
2024-07-24,2024-07-25,2024-08-01,GE,XLI,161.63540970347503,168.01966857910156,168.01966857910156,5,time_exit,LONG,LONG,0.5065141022205353,0.5017065405845642,0.5113216638565063,0.5017065405845642,0.4297102689743042,50.65141022205353,0.5086827874183655,2,False,True,True,52.0,True,0.5134854316711425,UNRANKED,,False,,,
2024-07-25,2024-07-26,2024-08-02,GE,XLI,165.54513828609137,158.64620971679688,158.64620971679688,5,time_exit,SHORT,SHORT,0.4964904189109802,0.5017065405845642,0.49127429723739624,0.5017065405845642,0.524510383605957,50.35095810890198,0.5086827874183655,2,False,True,True,52.0,True,0.26174828410148626,UNRANKED,,False,,,
2024-07-26,2024-07-29,2024-08-02,GE,XLI,169.50436555701273,156.7457733154297,162.15788859342456,4,take_profit,SHORT,SHORT,0.4937897175550461,0.5017065405845642,0.48587289452552795,0.5017065405845642,0.656861424446106,50.62102824449539,0.5086827874183655,2,False,True,True,52.0,True,0.3936959505081177,UNRANKED,,False,,,
2024-07-29,2024-07-30,2024-08-02,GE,XLI,168.74221627845498,160.6159210205078,161.44371948716034,3,take_profit,SHORT,SHORT,0.4937897175550461,0.5017065405845642,0.48587289452552795,0.5017065405845642,0.6247149109840393,50.62102824449539,0.5086827874183655,2,False,True,True,52.0,True,0.5030099451541901,UNRANKED,,False,,,
2024-07-30,2024-07-31,2024-08-02,GE,XLI,169.12825653011828,160.4773406982422,161.85459668776338,2,take_profit,SHORT,SHORT,0.48222988843917847,0.4892656207084656,0.47519415616989136,0.4892656207084656,0.6318652033805847,51.77701115608215,0.5086827874183655,1,True,False,True,52.0,True,0.5183172523975373,UNRANKED,,False,,,
2024-07-31,2024-08-01,2024-08-02,GE,XLI,169.00947516866916,163.92185974121094,161.846105853658,1,take_profit,SHORT,SHORT,0.4882348030805588,0.4961003363132477,0.4803692698478699,0.4961003363132477,0.5293897390365601,51.17651969194412,0.5086827874183655,1,True,False,True,52.0,True,0.453782856464386,UNRANKED,,False,,,
2024-08-01,2024-08-02,2024-08-05,GE,XLI,163.88229538820335,165.42637634277344,157.06676978831496,1,take_profit,SHORT,SHORT,0.48694635927677155,0.500431478023529,0.47346124053001404,0.500431478023529,0.44146794080734253,51.305364072322845,0.5086827874183655,1,True,False,True,52.0,True,-0.139878511428833,UNRANKED,,False,,,
2024-08-02,2024-08-05,2024-08-06,GE,XLI,150.93561342369497,165.16903686523438,159.0124305274896,1,take_profit,LONG,LONG,0.501373827457428,0.5021194219589233,0.5006282329559326,0.5021194219589233,0.38860583305358887,50.1373827457428,0.5086827874183655,2,False,True,True,52.0,True,1.087360069155693,UNRANKED,,False,,,
2024-08-05,2024-08-06,2024-08-13,GE,XLI,158.2997621007834,166.2479248046875,166.18286233794856,5,take_profit,LONG,LONG,0.5762920081615448,0.5021194219589233,0.6504645943641663,0.5021194219589233,0.3646150231361389,57.62920081615448,0.5086827874183655,1,True,True,False,52.0,True,1.3361631780862808,UNRANKED,,False,,,
2024-08-06,2024-08-07,2024-08-14,GE,XLI,162.74399105109356,166.23800659179688,166.23800659179688,5,time_exit,LONG,LONG,0.5543344914913177,0.5017065405845642,0.6069624423980713,0.5017065405845642,0.4279089868068695,55.433449149131775,0.5086827874183655,1,True,True,False,52.0,True,0.8034835308790206,UNRANKED,,False,,,
2024-08-07,2024-08-08,2024-08-15,GE,XLI,162.8033735312924,168.20774841308594,168.20774841308594,5,time_exit,LONG,LONG,0.5018446147441864,0.5017065405845642,0.5019826889038086,0.5017065405845642,0.5239447951316833,50.18446147441864,0.5086827874183655,2,False,True,True,52.0,True,0.6030650436878205,UNRANKED,,False,,,
2024-08-08,2024-08-09,2024-08-16,GE,XLI,163.76349345685512,167.69302368164062,167.69302368164062,5,time_exit,SHORT,SHORT,0.4907974302768707,0.5021194219589233,0.4794754385948181,0.5021194219589233,0.4752679169178009,50.92025697231293,0.5086827874183655,1,True,False,True,52.0,True,0.9880020469427108,UNRANKED,,False,,,
2024-08-09,2024-08-12,2024-08-19,GE,XLI,165.92129961270015,169.18763732910156,169.18763732910156,5,time_exit,SHORT,SHORT,0.48946285247802734,0.4994502663612366,0.4794754385948181,0.4994502663612366,0.5421279072761536,51.053714752197266,0.5086827874183655,1,True,False,True,52.0,True,1.10658498108387,UNRANKED,,False,,,
2024-08-12,2024-08-13,2024-08-20,GE,XLI,166.04995140015436,168.25723266601562,168.25723266601562,5,time_exit,SHORT,SHORT,0.49201829731464386,0.4994502663612366,0.48458632826805115,0.4994502663612366,0.5464979410171509,50.798170268535614,0.5086827874183655,2,False,True,True,52.0,True,0.7709855437278748,UNRANKED,,False,,,
2024-08-13,2024-08-14,2024-08-21,GE,XLI,166.78240321344015,169.45489501953125,169.45489501953125,5,time_exit,LONG,LONG,0.5194851458072662,0.5007141828536987,0.5382561087608337,0.5007141828536987,0.49275726079940796,51.94851458072662,0.5197169780731201,2,False,True,True,52.0,True,0.4575875103473662,UNRANKED,,False,,,
2024-08-14,2024-08-15,2024-08-22,GE,XLI,167.02987605578716,167.9503631591797,167.9503631591797,5,time_exit,LONG,LONG,0.5174033939838409,0.5007141828536987,0.5340926051139832,0.5007141828536987,0.4616468548774719,51.740339398384094,0.5197169780731201,2,False,True,True,52.0,True,0.45810526609420776,UNRANKED,,False,,,
2024-08-15,2024-08-16,2024-08-23,GE,XLI,168.31660664041078,169.47470092773438,169.47470092773438,5,time_exit,LONG,LONG,0.5103118419647217,0.5015698075294495,0.5190538763999939,0.5015698075294495,0.5039625763893127,51.03118419647217,0.5197169780731201,2,False,True,True,52.0,True,0.3040701150894165,UNRANKED,,False,,,
2024-08-16,2024-08-19,2024-08-26,GE,XLI,167.8811004519438,169.47470092773438,169.47470092773438,5,time_exit,LONG,LONG,0.5135844349861145,0.5015698075294495,0.5255990624427795,0.5015698075294495,0.4849889278411865,51.35844349861145,0.5197169780731201,2,False,True,True,52.0,True,0.20955181121826166,UNRANKED,,False,,,
2024-08-19,2024-08-20,2024-08-27,GE,XLI,169.16785294345755,169.2470245361328,169.2470245361328,5,time_exit,SHORT,SHORT,0.48931752145290375,0.4962303936481476,0.4824046492576599,0.4962303936481476,0.6124866008758545,51.068247854709625,0.5197169780731201,2,False,True,True,52.0,True,0.025354206562042125,UNRANKED,,False,,,
2024-08-20,2024-08-21,2024-08-28,GE,XLI,168.3661167693077,170.11805725097656,170.11805725097656,5,time_exit,LONG,LONG,0.5093498528003693,0.4960162043571472,0.5226835012435913,0.4960162043571472,0.43605485558509827,50.934985280036926,0.5197169780731201,2,False,True,True,52.0,True,0.23850688338279744,UNRANKED,,False,,,
2024-08-21,2024-08-22,2024-08-29,GE,XLI,169.98937727826382,171.8106231689453,171.8106231689453,5,time_exit,SHORT,SHORT,0.47482483088970184,0.4960162043571472,0.45363345742225647,0.4960162043571472,0.6326271295547485,52.517516911029816,0.5197169780731201,1,True,False,True,52.0,True,-0.033581286668777494,UNRANKED,,False,,,
2024-08-22,2024-08-23,2024-08-29,GE,XLI,168.26713557008893,172.83999633789062,171.09799625298513,4,stop_loss,SHORT,SHORT,0.4885317236185074,0.5011265873908997,0.4759368598461151,0.5011265873908997,0.6556649804115295,51.14682763814926,0.5197169780731201,2,False,True,True,52.0,True,0.18017852306365958,UNRANKED,,False,,,
2024-08-23,2024-08-26,2024-08-29,GE,XLI,168.8016245317633,162.53616333007812,171.57875683854346,3,stop_loss,SHORT,SHORT,0.48057183623313904,0.4926496148109436,0.4684940576553345,0.4926496148109436,0.6563844680786133,51.942816376686096,0.5197169780731201,2,False,True,True,52.0,True,0.17061296105384824,UNRANKED,,False,,,
2024-08-26,2024-08-27,2024-08-29,GE,XLI,168.9599721837072,164.6642303466797,171.18422624690476,2,stop_loss,SHORT,SHORT,0.46689189970493317,0.5009124875068665,0.4328713119029999,0.5009124875068665,0.7219658493995667,53.31081002950668,0.5197169780731201,1,True,False,True,52.0,True,-0.041498988866806114,UNRANKED,,False,,,
2024-08-27,2024-08-28,2024-08-29,GE,XLI,169.4548886345757,162.17982482910156,171.69187070767836,1,stop_loss,SHORT,SHORT,0.4519168734550476,0.5009124875068665,0.40292125940322876,0.5009124875068665,0.7474027872085571,54.80831265449524,0.5197169780731201,1,True,False,True,52.0,True,-0.006376117467880166,UNRANKED,,False,,,
2024-08-28,2024-08-29,2024-08-30,GE,XLI,170.86040223326157,159.58653259277344,172.7297434023464,1,stop_loss,SHORT,SHORT,0.45965856313705444,0.5009124875068665,0.41840463876724243,0.5009124875068665,0.6126735806465149,54.034143686294556,0.5197169780731201,1,True,False,True,52.0,True,0.2145244479179383,UNRANKED,,False,,,
2024-08-29,2024-08-30,2024-09-03,GE,XLI,172.1867355636226,163.66452026367188,170.29053020647973,1,take_profit,SHORT,SHORT,0.4928246736526489,0.5009124875068665,0.4847368597984314,0.5009124875068665,0.5320523977279663,50.71753263473511,0.5197169780731201,2,False,True,True,52.0,True,0.11128214001655587,UNRANKED,,False,,,
2024-08-30,2024-09-03,2024-09-04,GE,XLI,172.41442987464546,165.27789306640625,170.40793399015885,1,stop_loss,LONG,LONG,0.5084631741046906,0.5007141828536987,0.5162121653556824,0.5007141828536987,0.4270050823688507,50.846317410469055,0.5197169780731201,2,False,True,True,52.0,True,0.40644013881683355,UNRANKED,,False,,,
2024-09-03,2024-09-04,2024-09-10,GE,XLI,161.83338280179655,164.65432739257812,165.15772798176306,4,take_profit,LONG,LONG,0.5227312445640564,0.5013860464096069,0.5440764427185059,0.5013860464096069,0.49835875630378723,52.27312445640564,0.5197169780731201,1,True,True,False,52.0,True,0.5785295963287356,UNRANKED,,False,,,
2024-09-04,2024-09-05,2024-09-12,GE,XLI,163.100337759417,167.97018432617188,166.72727562562793,5,take_profit,LONG,LONG,0.5178259909152985,0.5013860464096069,0.53426593542099,0.5013860464096069,0.48758184909820557,51.782599091529846,0.5197169780731201,2,False,True,True,52.0,True,0.5406282842159272,UNRANKED,,False,,,
2024-09-05,2024-09-06,2024-09-12,GE,XLI,162.83309741301372,176.4627227783203,166.53355866440882,4,take_profit,LONG,LONG,0.508953720331192,0.5013860464096069,0.5165213942527771,0.5013860464096069,0.4987776577472687,50.8953720331192,0.5197169780731201,2,False,True,True,52.0,True,0.5365349501371385,UNRANKED,,False,,,
2024-09-06,2024-09-09,2024-09-12,GE,XLI,161.82347946326968,179.59051513671875,165.82087892964802,3,take_profit,LONG,LONG,0.5104259550571442,0.5013860464096069,0.5194658637046814,0.5013860464096069,0.3789307475090027,51.04259550571442,0.5197169780731201,2,False,True,True,52.0,True,0.41638162732124306,UNRANKED,,False,,,
2024-09-09,2024-09-10,2024-09-13,GE,XLI,165.74310335197364,178.49183654785156,170.10955625027162,3,stop_loss,SHORT,SHORT,0.48868244886398315,0.49571850895881653,0.4816463887691498,0.49571850895881653,0.6040722131729126,51.131755113601685,0.5197169780731201,2,False,True,True,52.0,True,-0.12437516450881941,UNRANKED,,False,,,
2024-09-10,2024-09-11,2024-09-13,GE,XLI,164.54544806678516,181.6790008544922,169.00946784217578,2,stop_loss,SHORT,SHORT,0.49165959656238556,0.4973266124725342,0.48599258065223694,0.4973266124725342,0.6021896600723267,50.834040343761444,0.5197169780731201,2,False,True,True,52.0,True,-0.5367661416530609,UNRANKED,,False,,,
2024-09-11,2024-09-12,2024-09-13,GE,XLI,164.81269871792304,184.2624053955078,169.19470468192975,1,take_profit,LONG,LONG,0.5130587220191956,0.5007646679878235,0.5253527760505676,0.5007646679878235,0.4605025351047516,51.305872201919556,0.5197169780731201,2,False,True,True,52.0,True,0.44011068344116216,UNRANKED,,False,,,
2024-09-12,2024-09-13,2024-09-16,GE,XLI,167.6831429032554,185.5194549560547,172.32390959201098,1,stop_loss,SHORT,SHORT,0.4960099011659622,0.5017839670181274,0.490235835313797,0.5017839670181274,0.49571433663368225,50.39900988340378,0.5197169780731201,2,False,True,True,52.0,True,0.2961163222789765,UNRANKED,,False,,,
2024-09-13,2024-09-16,2024-09-19,GE,XLI,176.8982399282441,186.746826171875,182.53446385751306,3,take_profit,LONG,LONG,0.5013493299484253,0.5017839670181274,0.5009146928787231,0.5017839670181274,0.4732016921043396,50.13493299484253,0.5197169780731201,2,False,True,True,52.0,True,0.4769568145275116,UNRANKED,,False,,,
2024-09-16,2024-09-17,2024-09-23,GE,XLI,179.65980115537445,187.72669982910156,185.74285256441462,4,stop_loss,SHORT,SHORT,0.4779518246650696,0.5017839670181274,0.4541196823120117,0.5017839670181274,0.6705106496810913,52.20481753349304,0.5197169780731201,1,True,False,True,52.0,True,-0.0841294825077059,UNRANKED,,False,,,
2024-09-17,2024-09-18,2024-09-23,GE,XLI,179.35294934923405,187.4000701904297,185.5604296435979,3,stop_loss,SHORT,SHORT,0.49365080893039703,0.5015698075294495,0.4857318103313446,0.5015698075294495,0.41565969586372375,50.6349191069603,0.5197169780731201,2,False,True,True,52.0,True,0.24231600761413585,UNRANKED,,False,,,
2024-09-18,2024-09-19,2024-09-26,GE,XLI,185.73720760436507,182.97900390625,182.97900390625,5,time_exit,SHORT,SHORT,0.46017445623874664,0.5027239918708801,0.41762492060661316,0.5027239918708801,0.4149496853351593,53.982554376125336,0.5197169780731201,1,True,False,True,52.0,True,-0.004478514194488498,UNRANKED,,False,,,
2024-09-19,2024-09-20,2024-09-27,GE,XLI,183.11423202282884,183.7621307373047,183.7621307373047,5,time_exit,SHORT,SHORT,0.49859216809272766,0.5007141828536987,0.4964701533317566,0.5007141828536987,0.34957215189933777,50.140783190727234,0.5197169780731201,2,False,True,True,52.0,True,0.36421909928321844,UNRANKED,,False,,,
2024-09-20,2024-09-23,2024-09-30,GE,XLI,185.8955918153388,186.93418884277344,186.93418884277344,5,time_exit,SHORT,SHORT,0.4854867458343506,0.5007141828536987,0.47025930881500244,0.5007141828536987,0.3395076096057892,51.45132541656494,0.5197169780731201,2,False,True,True,52.0,True,0.1739825606346131,UNRANKED,,False,,,
2024-09-23,2024-09-24,2024-10-01,GE,XLI,186.74678598086885,184.67408752441406,184.67408752441406,5,time_exit,SHORT,SHORT,0.4773939847946167,0.5007141828536987,0.45407378673553467,0.5007141828536987,0.450046569108963,52.26060152053833,0.5197169780731201,1,True,False,True,52.0,True,0.10022097826004024,UNRANKED,,False,,,
2024-09-24,2024-09-25,2024-10-02,GE,XLI,187.89497345028823,184.81285095214844,184.81285095214844,5,time_exit,SHORT,SHORT,0.4801292419433594,0.5007141828536987,0.45954430103302,0.5007141828536987,0.47857216000556946,51.98707580566406,0.5197169780731201,1,True,False,True,52.0,True,0.06014049053192135,UNRANKED,,False,,,
2024-09-25,2024-09-26,2024-10-03,GE,XLI,187.74702264791523,182.2851104736328,182.81779727124112,5,take_profit,SHORT,SHORT,0.49317868053913116,0.5007141828536987,0.4856431782245636,0.5007141828536987,0.4493333697319031,50.68213194608688,0.5197169780731201,2,False,True,True,52.0,True,0.2737551629543305,UNRANKED,,False,,,
2024-09-26,2024-09-27,2024-10-04,GE,XLI,182.56268416221565,185.44729614257812,185.44729614257812,5,time_exit,SHORT,SHORT,0.4858688414096832,0.5007141828536987,0.4710234999656677,0.5007141828536987,0.4385661780834198,51.41311585903168,0.5197169780731201,2,False,True,True,52.0,True,0.08418142795562746,UNRANKED,,False,,,
2024-09-27,2024-09-30,2024-10-07,GE,XLI,183.46473474055185,184.3370361328125,184.3370361328125,5,time_exit,SHORT,SHORT,0.4998704195022583,0.5007141828536987,0.49902665615081787,0.5007141828536987,0.393697589635849,50.01295804977417,0.5197169780731201,2,False,True,True,52.0,True,0.25931340456008906,UNRANKED,,False,,,
2024-09-30,2024-10-01,2024-10-08,GE,XLI,185.85370433288762,185.8338623046875,185.8338623046875,5,time_exit,SHORT,SHORT,0.4910888969898224,0.5007141828536987,0.48146361112594604,0.5007141828536987,0.38844579458236694,50.89111030101776,0.5197169780731201,2,False,True,True,52.0,True,0.1593169271945952,UNRANKED,,False,,,
2024-10-01,2024-10-02,2024-10-09,GE,XLI,183.95044870039774,187.6280975341797,187.6280975341797,5,time_exit,LONG,LONG,0.5083167850971222,0.5013860464096069,0.5152475237846375,0.5013860464096069,0.3657715916633606,50.83167850971222,0.5197169780731201,2,False,True,True,52.0,True,0.283338338136673,UNRANKED,,False,,,
2024-10-02,2024-10-03,2024-10-10,GE,XLI,184.87233246054507,186.4781951904297,186.4781951904297,5,time_exit,SHORT,SHORT,0.4722694754600525,0.5013860464096069,0.44315290451049805,0.5013860464096069,0.45788800716400146,52.77305245399475,0.5197169780731201,1,True,False,True,52.0,True,0.10463735461235038,UNRANKED,,False,,,
2024-10-03,2024-10-04,2024-10-11,GE,XLI,184.95165979896177,189.49166870117188,188.82177698646177,5,stop_loss,SHORT,SHORT,0.4904552698135376,0.5013860464096069,0.47952449321746826,0.5013860464096069,0.4739444851875305,50.95447301864624,0.5197169780731201,2,False,True,True,52.0,True,0.24532926082611073,UNRANKED,,False,,,
2024-10-04,2024-10-07,2024-10-11,GE,XLI,184.31720644813672,190.9488525390625,188.19223696571484,4,stop_loss,SHORT,SHORT,0.478657990694046,0.5007141828536987,0.4566017985343933,0.5007141828536987,0.47104957699775696,52.1342009305954,0.5197169780731201,1,True,False,True,52.0,True,0.032089084386825464,UNRANKED,,False,,,
2024-10-07,2024-10-08,2024-10-14,GE,XLI,185.98254713385654,188.90682983398438,189.85923214013445,4,stop_loss,SHORT,SHORT,0.48586656153202057,0.5013860464096069,0.4703470766544342,0.5013860464096069,0.4707080125808716,51.41334384679794,0.5197169780731201,2,False,True,True,52.0,True,0.20105263590812686,UNRANKED,,False,,,
2024-10-08,2024-10-09,2024-10-11,GE,XLI,185.00123090019207,190.50274658203125,188.63643903007488,2,take_profit,LONG,LONG,0.5010611116886139,0.5009124875068665,0.5012097358703613,0.5009124875068665,0.4341908097267151,50.10611116886139,0.5197169780731201,2,False,True,True,52.0,True,0.27935633063316345,UNRANKED,,False,,,
2024-10-09,2024-10-10,2024-10-14,GE,XLI,186.5079321581439,190.9389190673828,190.03040181495192,2,take_profit,LONG,LONG,0.5016612410545349,0.5009124875068665,0.5024099946022034,0.5009124875068665,0.42109495401382446,50.16612410545349,0.5197169780731201,2,False,True,True,52.0,True,0.20283326506614674,UNRANKED,,False,,,
2024-10-10,2024-10-11,2024-10-18,GE,XLI,187.75694169827224,190.92901611328125,190.92901611328125,5,time_exit,SHORT,SHORT,0.4976029247045517,0.5009124875068665,0.49429336190223694,0.5009124875068665,0.5013675093650818,50.23970752954483,0.5197169780731201,2,False,True,True,52.0,True,0.25523054599761963,UNRANKED,,False,,,
2024-10-11,2024-10-14,2024-10-21,GE,XLI,190.304516250877,192.53485107421875,192.53485107421875,5,time_exit,SHORT,SHORT,0.4749351888895035,0.5007141828536987,0.4491561949253082,0.5007141828536987,0.6467627286911011,52.50648111104965,0.5197169780731201,1,True,False,True,52.0,True,0.03891247510910022,UNRANKED,,False,,,
2024-10-14,2024-10-15,2024-10-22,GE,XLI,192.1582028068686,175.11822509765625,188.32769525594782,5,take_profit,SHORT,SHORT,0.48214811086654663,0.5007141828536987,0.46358203887939453,0.5007141828536987,0.638866662979126,51.78518891334534,0.5197169780731201,2,False,True,True,52.0,True,0.0528537333011626,UNRANKED,,False,,,
2024-10-15,2024-10-16,2024-10-22,GE,XLI,188.83741600043447,180.1043243408203,184.76185229716995,4,take_profit,SHORT,SHORT,0.48575590550899506,0.49701881408691406,0.47449299693107605,0.49701881408691406,0.5778434872627258,51.424409449100494,0.5197169780731201,2,False,True,True,52.0,True,0.14639195799827573,UNRANKED,,False,,,
2024-10-16,2024-10-17,2024-10-22,GE,XLI,192.3960909665827,178.1713409423828,188.72412005419432,3,take_profit,SHORT,SHORT,0.4881681948900223,0.49701881408691406,0.4793175756931305,0.49701881408691406,0.6243276000022888,51.18318051099777,0.5197169780731201,2,False,True,True,52.0,True,0.09624087810516345,UNRANKED,,False,,,
2024-10-17,2024-10-18,2024-10-22,GE,XLI,191.41474513256088,177.53692626953125,187.7923391267015,2,take_profit,SHORT,SHORT,0.46492575109004974,0.49701881408691406,0.4328326880931854,0.49701881408691406,0.6760136485099792,53.507424890995026,0.5197169780731201,1,True,False,True,52.0,True,0.06373453140258792,UNRANKED,,False,,,
2024-10-18,2024-10-21,2024-10-22,GE,XLI,191.22637925561682,173.82955932617188,188.05570969995276,1,take_profit,SHORT,SHORT,0.4859396070241928,0.4992290139198303,0.4726502001285553,0.4992290139198303,0.570916473865509,51.40603929758072,0.5197169780731201,2,False,True,True,52.0,True,0.15134578943252572,UNRANKED,,False,,,
2024-10-21,2024-10-22,2024-10-24,GE,XLI,182.88979882687158,172.53099060058594,179.81259589369637,2,take_profit,SHORT,SHORT,0.47596482932567596,0.498144268989563,0.45378538966178894,0.498144268989563,0.6284993290901184,52.403517067432404,0.5197169780731201,1,True,False,True,52.0,True,0.18889337778091442,UNRANKED,,False,,,
2024-10-22,2024-10-23,2024-10-29,GE,XLI,178.1316863862558,173.11585998535156,172.58621737467658,4,stop_loss,LONG,LONG,0.5242063999176025,0.498144268989563,0.5502685308456421,0.498144268989563,0.4767032861709595,52.420639991760254,0.5197169780731201,1,True,True,False,52.0,True,0.5974603593349458,UNRANKED,,False,,,
2024-10-23,2024-10-24,2024-10-28,GE,XLI,180.31247824336177,170.2808074951172,174.41581512254703,2,stop_loss,LONG,LONG,0.5261344611644745,0.500354528427124,0.551914393901825,0.500354528427124,0.5119810104370117,52.61344611644745,0.5197169780731201,1,True,True,False,52.0,True,0.60284948348999,UNRANKED,,False,,,
2024-10-24,2024-10-25,2024-10-29,GE,XLI,178.42906554701864,170.20150756835938,172.70800275056217,2,stop_loss,LONG,LONG,0.5104944407939911,0.4960162043571472,0.524972677230835,0.4960162043571472,0.4629392921924591,51.04944407939911,0.5197169780731201,2,False,True,True,52.0,True,0.3581370711326598,UNRANKED,,False,,,
2024-10-25,2024-10-28,2024-10-29,GE,XLI,178.4092337816609,170.26095581054688,172.75614889047787,1,take_profit,SHORT,SHORT,0.49989837408065796,0.4960162043571472,0.5037805438041687,0.4960162043571472,0.4230225384235382,50.010162591934204,0.5197169780731201,2,False,True,True,52.0,True,0.2653791010379792,UNRANKED,,False,,,
2024-10-28,2024-10-29,2024-11-05,GE,XLI,173.03653415658977,173.73043823242188,173.73043823242188,5,time_exit,SHORT,SHORT,0.4817030131816864,0.4960162043571472,0.4673898220062256,0.4960162043571472,0.6251626014709473,51.82969868183136,0.5197169780731201,2,False,True,True,52.0,True,0.0761969685554505,UNRANKED,,False,,,
2024-10-29,2024-10-30,2024-11-06,GE,XLI,171.4703437087297,179.18243408203125,177.3684106381382,5,stop_loss,SHORT,SHORT,0.48000091314315796,0.4976244270801544,0.4623773992061615,0.4976244270801544,0.6510165333747864,51.999908685684204,0.5197169780731201,1,True,False,True,52.0,True,0.07899245619773873,UNRANKED,,False,,,
2024-10-30,2024-10-31,2024-11-06,GE,XLI,170.49888867905858,177.2891082763672,176.31623661432644,4,take_profit,LONG,LONG,0.5015495717525482,0.4960162043571472,0.5070829391479492,0.4960162043571472,0.37106356024742126,50.15495717525482,0.5197169780731201,2,False,True,True,52.0,True,0.3274561166763305,UNRANKED,,False,,,
2024-10-31,2024-11-01,2024-11-06,GE,XLI,171.25225413619899,183.19711303710938,177.04411335425144,3,stop_loss,SHORT,SHORT,0.4971354603767395,0.5013860464096069,0.49288487434387207,0.5013860464096069,0.47509676218032837,50.28645396232605,0.5197169780731201,2,False,True,True,52.0,True,0.35671752691268904,UNRANKED,,False,,,
2024-11-01,2024-11-04,2024-11-06,GE,XLI,170.79625142037878,182.9492645263672,176.391270079698,2,stop_loss,SHORT,SHORT,0.49097277224063873,0.5013860464096069,0.48055949807167053,0.5013860464096069,0.582557737827301,50.90272277593613,0.5197169780731201,2,False,True,True,52.0,True,0.33064699172973644,UNRANKED,,False,,,
2024-11-04,2024-11-05,2024-11-06,GE,XLI,170.85575361357732,181.0460205078125,176.16754734962643,1,stop_loss,SHORT,SHORT,0.4914640039205551,0.5014287829399109,0.48149922490119934,0.5014287829399109,0.6270352602005005,50.85359960794449,0.5197169780731201,2,False,True,True,52.0,True,0.2479685246944428,UNRANKED,,False,,,
2024-11-05,2024-11-06,2024-11-13,GE,XLI,179.9159812690677,181.95799255371094,181.95799255371094,5,time_exit,SHORT,SHORT,0.4722241908311844,0.49586278200149536,0.4485855996608734,0.49586278200149536,0.7231671810150146,52.77758091688156,0.5197169780731201,1,True,False,True,52.0,True,0.08299341797828666,UNRANKED,,False,,,
2024-11-06,2024-11-07,2024-11-14,GE,XLI,179.44016797558237,176.843017578125,176.843017578125,5,time_exit,LONG,LONG,0.513371929526329,0.49887606501579285,0.5278677940368652,0.49887606501579285,0.4887772798538208,51.337192952632904,0.5197169780731201,2,False,True,True,52.0,True,0.20149874687194827,UNRANKED,,False,,,
2024-11-07,2024-11-08,2024-11-15,GE,XLI,178.08214205801153,175.3858184814453,175.3858184814453,5,time_exit,SHORT,SHORT,0.48846767842769623,0.49887606501579285,0.4780592918395996,0.49887606501579285,0.6219491958618164,51.15323215723038,0.5197169780731201,2,False,True,True,52.0,True,-0.15279921889305126,UNRANKED,,False,,,
2024-11-08,2024-11-11,2024-11-14,GE,XLI,185.0012060225724,175.97071838378906,177.82155775945856,3,take_profit,SHORT,SHORT,0.4778120219707489,0.49887606501579285,0.45674797892570496,0.49887606501579285,0.6439002752304077,52.21879780292511,0.5197169780731201,1,True,False,True,52.0,True,-0.05767223238945015,UNRANKED,,False,,,
2024-11-11,2024-11-12,2024-11-14,GE,XLI,183.45482070397205,176.01034545898438,178.7278549359754,2,take_profit,SHORT,SHORT,0.47754648327827454,0.5017839670181274,0.45330899953842163,0.5017839670181274,0.6376673579216003,52.245351672172546,0.5197169780731201,1,True,False,True,52.0,True,0.061320036649703966,UNRANKED,,False,,,
2024-11-12,2024-11-13,2024-11-14,GE,XLI,181.35331567425806,176.4266815185547,177.06675779549133,1,take_profit,SHORT,SHORT,0.49600209295749664,0.5014287829399109,0.4905754029750824,0.5014287829399109,0.4448080360889435,50.399790704250336,0.5197169780731201,2,False,True,True,52.0,True,0.019591629505157256,UNRANKED,,False,,,
2024-11-13,2024-11-14,2024-11-15,GE,XLI,181.40287737663775,177.14041137695312,177.26217826251946,1,take_profit,SHORT,SHORT,0.4771401584148407,0.5014287829399109,0.4528515338897705,0.5014287829399109,0.4977366030216217,52.28598415851593,0.5197169780731201,1,True,False,True,52.0,True,-0.10454005002975467,UNRANKED,,False,,,
2024-11-14,2024-11-15,2024-11-22,GE,XLI,175.2073967097313,179.56903076171875,179.56903076171875,5,time_exit,SHORT,SHORT,0.4992059916257858,0.5013860464096069,0.4970259368419647,0.5013860464096069,0.41874006390571594,50.07940083742142,0.5197169780731201,2,False,True,True,52.0,True,0.2484008073806763,UNRANKED,,False,,,
2024-11-15,2024-11-18,2024-11-25,GE,XLI,175.45525239018113,178.63723754882812,178.63723754882812,5,time_exit,LONG,LONG,0.5050113201141357,0.5013860464096069,0.5086365938186646,0.5013860464096069,0.4451417326927185,50.501132011413574,0.5197169780731201,2,False,True,True,52.0,True,0.36323624849319447,UNRANKED,,False,,,
2024-11-18,2024-11-19,2024-11-22,GE,XLI,174.95959901249267,182.98892211914062,179.31697293129847,3,stop_loss,SHORT,SHORT,0.4917546212673187,0.5014287829399109,0.48208045959472656,0.5014287829399109,0.47249728441238403,50.82453787326813,0.5197169780731201,2,False,True,True,52.0,True,0.2661636769771575,UNRANKED,,False,,,
2024-11-19,2024-11-20,2024-11-26,GE,XLI,176.54564450815803,179.02383422851562,180.8251266684538,4,stop_loss,SHORT,SHORT,0.4854179620742798,0.5014287829399109,0.4694071412086487,0.5014287829399109,0.52500981092453,51.45820379257202,0.5197169780731201,2,False,True,True,52.0,True,0.08613783121109009,UNRANKED,,False,,,
2024-11-20,2024-11-21,2024-11-26,GE,XLI,176.85294897695655,180.57022094726562,180.78690021858603,3,stop_loss,SHORT,SHORT,0.4843687564134598,0.4991564154624939,0.46958109736442566,0.4991564154624939,0.5646030306816101,51.56312435865402,0.5197169780731201,2,False,True,True,52.0,True,0.17399644851684576,UNRANKED,,False,,,
2024-11-21,2024-11-22,2024-11-26,GE,XLI,177.73518547273997,178.86524963378906,181.75976956174668,2,stop_loss,SHORT,SHORT,0.4658306688070297,0.4944688677787781,0.43719246983528137,0.4944688677787781,0.6305469870567322,53.41693311929703,0.5197169780731201,1,True,False,True,52.0,True,0.027158051729202215,UNRANKED,,False,,,
2024-11-22,2024-11-25,2024-12-03,GE,XLI,180.64951966774987,179.14279174804688,179.14279174804688,5,time_exit,SHORT,SHORT,0.47367364168167114,0.4942547380924225,0.4530925452709198,0.4942547380924225,0.5531448125839233,52.632635831832886,0.5197169780731201,1,True,False,True,52.0,True,-0.02810591459274283,UNRANKED,,False,,,
2024-11-25,2024-11-26,2024-12-04,GE,XLI,179.29146454972977,181.05592346191406,181.05592346191406,5,time_exit,SHORT,SHORT,0.49939969182014465,0.5001882314682007,0.4986111521720886,0.5001882314682007,0.4237169623374939,50.060030817985535,0.5197169780731201,2,False,True,True,52.0,True,0.36281132698059093,UNRANKED,,False,,,
2024-11-26,2024-11-27,2024-12-02,GE,XLI,183.02856880159425,171.40093994140625,179.185246047688,2,stop_loss,LONG,LONG,0.5040172338485718,0.5001882314682007,0.5078462362289429,0.5001882314682007,0.4064311981201172,50.40172338485718,0.5197169780731201,2,False,True,True,52.0,True,0.434603452682495,UNRANKED,,False,,,
2024-11-27,2024-11-29,2024-12-05,GE,XLI,179.86641074403983,174.0476531982422,175.7271219779963,4,take_profit,SHORT,SHORT,0.4922599196434021,0.5001882314682007,0.4843316078186035,0.5001882314682007,0.4808330237865448,50.77400803565979,0.5197169780731201,2,False,True,True,52.0,True,0.46951571106910694,UNRANKED,,False,,,
2024-11-29,2024-12-02,2024-12-05,GE,XLI,179.22210841325932,169.82481384277344,175.70590793892896,3,stop_loss,LONG,LONG,0.5097497999668121,0.5014287829399109,0.5180708169937134,0.5014287829399109,0.3893923759460449,50.97497999668121,0.5197169780731201,2,False,True,True,52.0,True,0.4389831423759461,UNRANKED,,False,,,
2024-12-02,2024-12-03,2024-12-05,GE,XLI,179.42034687570555,169.77525329589844,175.69598600098456,2,take_profit,SHORT,SHORT,0.4952352046966553,0.5024513602256775,0.48801904916763306,0.5024513602256775,0.47128164768218994,50.47647953033447,0.5197169780731201,2,False,True,True,52.0,True,0.3144888877868654,UNRANKED,,False,,,
2024-12-03,2024-12-04,2024-12-05,GE,XLI,178.92469355020614,167.16822814941406,175.43257580467042,1,stop_loss,LONG,LONG,0.5061061978340149,0.5013860464096069,0.5108263492584229,0.5013860464096069,0.4795673191547394,50.61061978340149,0.5197169780731201,2,False,True,True,52.0,True,0.6636666953563691,UNRANKED,,False,,,
2024-12-04,2024-12-05,2024-12-06,GE,XLI,178.75618043406166,163.39146423339844,175.12103987881613,1,stop_loss,LONG,LONG,0.5061061978340149,0.5013860464096069,0.5108263492584229,0.5013860464096069,0.44213631749153137,50.61061978340149,0.5197169780731201,2,False,True,True,52.0,True,0.6458021998405458,UNRANKED,,False,,,
2024-12-05,2024-12-06,2024-12-11,GE,XLI,171.78755277283432,164.5611572265625,167.50383956831422,3,stop_loss,LONG,LONG,0.511290431022644,0.5013860464096069,0.5211948156356812,0.5013860464096069,0.47709062695503235,51.129043102264404,0.5197169780731201,2,False,True,True,52.0,True,0.744837373495102,UNRANKED,,False,,,
2024-12-06,2024-12-09,2024-12-11,GE,XLI,173.47268942291282,164.3430633544922,169.0190456240847,2,take_profit,SHORT,SHORT,0.49912697076797485,0.4986414313316345,0.4996125102043152,0.4986414313316345,0.5389075875282288,50.087302923202515,0.5197169780731201,2,False,True,True,52.0,True,0.7405171692371368,UNRANKED,,False,,,
2024-12-09,2024-12-10,2024-12-12,GE,XLI,169.51751275337958,164.35301208496094,164.54416331839073,2,stop_loss,LONG,LONG,0.5058589279651642,0.5013860464096069,0.5103318095207214,0.5013860464096069,0.4547702372074127,50.58589279651642,0.5197169780731201,2,False,True,True,52.0,True,0.6001380383968353,UNRANKED,,False,,,
2024-12-10,2024-12-11,2024-12-12,GE,XLI,171.65869228719174,158.55404663085938,166.68392378482008,1,stop_loss,LONG,LONG,0.5266315937042236,0.5013860464096069,0.5518771409988403,0.5013860464096069,0.3305583894252777,52.66315937042236,0.5197169780731201,1,True,True,False,52.0,True,0.612099915742874,UNRANKED,,False,,,
2024-12-11,2024-12-12,2024-12-18,GE,XLI,167.16821041375928,163.36172485351562,161.88048632754277,4,stop_loss,LONG,LONG,0.5220814049243927,0.5014287829399109,0.5427340269088745,0.5014287829399109,0.42178836464881897,52.20814049243927,0.5197169780731201,1,True,True,False,52.0,True,0.7305423617362977,UNRANKED,,False,,,
2024-12-12,2024-12-13,2024-12-20,GE,XLI,164.20429848912497,166.9005584716797,166.9005584716797,5,time_exit,LONG,LONG,0.5146225988864899,0.5014287829399109,0.5278164148330688,0.5014287829399109,0.4852147400379181,51.46225988864899,0.5197169780731201,2,False,True,True,52.0,True,0.45481377840042103,UNRANKED,,False,,,
2024-12-13,2024-12-16,2024-12-18,GE,XLI,164.86845170220505,167.54490661621094,159.32299794941488,2,stop_loss,LONG,LONG,0.5146225988864899,0.5014287829399109,0.5278164148330688,0.5014287829399109,0.45308011770248413,51.46225988864899,0.5197169780731201,2,False,True,True,52.0,True,0.49224674701690674,UNRANKED,,False,,,
2024-12-16,2024-12-17,2024-12-18,GE,XLI,164.35301208496094,169.99334716796875,158.90951538085938,1,stop_loss,LONG,LONG,0.5107586979866028,0.5013860464096069,0.5201313495635986,0.5013860464096069,0.41757190227508545,51.07586979866028,0.5197169780731201,2,False,True,True,52.0,True,0.5294904410839083,UNRANKED,,False,,,
2024-12-17,2024-12-18,2024-12-24,GE,XLI,164.55124878332737,170.64756774902344,169.3744975103084,4,take_profit,LONG,LONG,0.5496614873409271,0.5013860464096069,0.5979369282722473,0.5013860464096069,0.4797244668006897,54.96614873409271,0.5197169780731201,1,True,True,False,52.0,True,0.512016624212265,UNRANKED,,False,,,
2024-12-18,2024-12-19,2024-12-20,GE,XLI,161.6071681448213,168.8702850341797,166.6923993808704,1,take_profit,LONG,LONG,0.5413179695606232,0.5013860464096069,0.5812498927116394,0.5013860464096069,0.4245762526988983,54.13179695606232,0.5197169780731201,1,True,True,False,52.0,True,0.3404259979724884,UNRANKED,,False,,,
2024-12-19,2024-12-20,2024-12-24,GE,XLI,162.53896519560874,166.90438842773438,168.09009521793016,2,take_profit,LONG,LONG,0.5054901391267776,0.48879095911979675,0.5221893191337585,0.48879095911979675,0.4312848746776581,50.549013912677765,0.5197169780731201,2,False,True,True,52.0,True,0.3377685248851775,UNRANKED,,False,,,
2024-12-20,2024-12-23,2024-12-31,GE,XLI,166.65275216074812,165.60369873046875,165.60369873046875,5,time_exit,LONG,LONG,0.5239433199167252,0.49887606501579285,0.5490105748176575,0.49887606501579285,0.43105992674827576,52.394331991672516,0.5197169780731201,1,True,True,False,52.0,True,1.3197806030511856,UNRANKED,,False,,,
2024-12-23,2024-12-24,2025-01-02,GE,XLI,167.76298377140816,167.3909149169922,167.3909149169922,5,time_exit,LONG,LONG,0.5306863635778427,0.49887606501579285,0.5624966621398926,0.49887606501579285,0.45589229464530945,53.06863635778427,0.5197169780731201,1,True,True,False,52.0,True,0.9548433125019073,UNRANKED,,False,,,
2024-12-24,2024-12-26,2025-01-03,GE,XLI,169.52744002460898,170.7369384765625,170.7369384765625,5,time_exit,LONG,LONG,0.5346802026033401,0.49887606501579285,0.5704843401908875,0.49887606501579285,0.4764545261859894,53.468020260334015,0.5197169780731201,1,True,True,False,52.0,True,0.4960863292217254,UNRANKED,,False,,,
2024-12-26,2024-12-27,2025-01-06,GE,XLI,169.50573234243518,171.22344970703125,171.22344970703125,5,time_exit,LONG,LONG,0.5313607752323151,0.5017839670181274,0.5609375834465027,0.5017839670181274,0.5097483992576599,53.136077523231506,0.5197169780731201,1,True,True,False,52.0,True,0.43160301446914673,UNRANKED,,False,,,
2024-12-27,2024-12-30,2025-01-03,GE,XLI,166.0107806217491,171.08444213867188,170.54273688569998,3,take_profit,LONG,LONG,0.5230899155139923,0.4991564154624939,0.5470234155654907,0.4991564154624939,0.5903707146644592,52.30899155139923,0.5197169780731201,1,True,True,False,52.0,True,0.1596517711877821,UNRANKED,,False,,,
2024-12-30,2024-12-31,2025-01-08,GE,XLI,167.3015430141155,171.6603240966797,171.51107888534878,5,stop_loss,SHORT,SHORT,0.43835894763469696,0.5013860464096069,0.375331848859787,0.5013860464096069,0.5147770047187805,56.164105236530304,0.5197169780731201,1,True,False,True,52.0,True,0.15395447611808774,UNRANKED,,False,,,
2024-12-31,2025-01-02,2025-01-06,GE,XLI,166.72568205069751,170.4688720703125,171.11395065770085,2,take_profit,LONG,LONG,0.520991861820221,0.5014287829399109,0.540554940700531,0.5014287829399109,0.3888450860977173,52.099186182022095,0.5197169780731201,1,True,True,False,52.0,True,0.27147567272186285,UNRANKED,,False,,,
2025-01-02,2025-01-03,2025-01-13,GE,XLI,168.0164213153238,170.34970092773438,170.34970092773438,5,time_exit,SHORT,SHORT,0.4857754558324814,0.4942547380924225,0.4772961735725403,0.4942547380924225,0.6045984029769897,51.42245441675186,0.5197169780731201,2,False,True,True,52.0,True,0.10259082913398732,UNRANKED,,False,,,
2025-01-03,2025-01-06,2025-01-14,GE,XLI,171.9184679406262,175.6020965576172,175.6020965576172,5,time_exit,LONG,LONG,0.5014368891716003,0.5015698075294495,0.5013039708137512,0.5015698075294495,0.47655636072158813,50.143688917160034,0.5197169780731201,2,False,True,True,52.0,True,0.34077546000480646,UNRANKED,,False,,,
2025-01-06,2025-01-07,2025-01-14,GE,XLI,170.99508590002816,179.0076904296875,175.107107210017,4,stop_loss,SHORT,SHORT,0.4904554486274719,0.5017839670181274,0.4791269302368164,0.5017839670181274,0.6033059358596802,50.95445513725281,0.5197169780731201,2,False,True,True,52.0,True,0.12063920497894275,UNRANKED,,False,,,
2025-01-07,2025-01-08,2025-01-14,GE,XLI,170.77665480283824,178.46160888671875,174.8773780694398,3,take_profit,LONG,LONG,0.5054370164871216,0.5015698075294495,0.5093042254447937,0.5015698075294495,0.477864533662796,50.54370164871216,0.5197169780731201,2,False,True,True,52.0,True,0.3561407029628754,UNRANKED,,False,,,
2025-01-08,2025-01-10,2025-01-14,GE,XLI,171.17381377225018,181.5494842529297,175.3553846427859,2,stop_loss,SHORT,SHORT,0.49513086676597595,0.5015698075294495,0.48869192600250244,0.5015698075294495,0.4966883361339569,50.486913323402405,0.5197169780731201,2,False,True,True,52.0,True,0.23871481418609616,UNRANKED,,False,,,
2025-01-10,2025-01-13,2025-01-14,GE,XLI,168.3043401282485,186.16641235351562,171.82769479482215,1,take_profit,LONG,LONG,0.5259190499782562,0.5013860464096069,0.5504520535469055,0.5013860464096069,0.5536364316940308,52.59190499782562,0.5197169780731201,1,True,True,False,52.0,True,0.4425039887428283,UNRANKED,,False,,,
2025-01-13,2025-01-14,2025-01-15,GE,XLI,171.87876816330234,187.0203094482422,174.73233610415056,1,take_profit,LONG,LONG,0.5190309286117554,0.5015698075294495,0.5364920496940613,0.5015698075294495,0.3966517150402069,51.90309286117554,0.5197169780731201,2,False,True,True,52.0,True,0.5230940580368043,UNRANKED,,False,,,
2025-01-14,2025-01-15,2025-01-17,GE,XLI,177.79638155214886,199.37181091308594,180.89474406609975,2,take_profit,LONG,LONG,0.5101484954357147,0.5001882314682007,0.5201087594032288,0.5001882314682007,0.4466839134693146,51.01484954357147,0.5197169780731201,2,False,True,True,52.0,True,0.46380436420440685,UNRANKED,,False,,,
2025-01-15,2025-01-16,2025-01-21,GE,XLI,180.3877979556439,195.3506317138672,183.8806241449575,2,take_profit,LONG,LONG,0.5318727195262909,0.5015698075294495,0.5621756315231323,0.5015698075294495,0.455904483795166,53.18727195262909,0.5197169780731201,1,True,True,False,52.0,True,0.6925863623619078,UNRANKED,,False,,,
2025-01-16,2025-01-17,2025-01-21,GE,XLI,179.49419986918758,193.07691955566406,182.71526048581705,1,take_profit,LONG,LONG,0.5187707245349884,0.5001882314682007,0.5373532176017761,0.5001882314682007,0.407975971698761,51.87707245349884,0.5197169780731201,2,False,True,True,52.0,True,0.595009833574295,UNRANKED,,False,,,
2025-01-17,2025-01-21,2025-01-23,GE,XLI,183.58489870877563,193.04710388183594,187.15362429471313,2,take_profit,LONG,LONG,0.5101841986179352,0.5001882314682007,0.5201801657676697,0.5001882314682007,0.3636726438999176,51.01841986179352,0.5197169780731201,2,False,True,True,52.0,True,0.4753969311714173,UNRANKED,,False,,,
2025-01-21,2025-01-22,2025-01-23,GE,XLI,186.74230213151068,197.68392944335938,190.71669134398277,1,take_profit,LONG,LONG,0.5090063810348511,0.5015698075294495,0.5164429545402527,0.5015698075294495,0.42136284708976746,50.90063810348511,0.5197169780731201,2,False,True,True,52.0,True,0.3105285763740539,UNRANKED,,False,,,
2025-01-22,2025-01-23,2025-01-24,GE,XLI,199.96753431660386,204.10787963867188,196.15200217723444,1,take_profit,SHORT,SHORT,0.4977722018957138,0.4993705451488495,0.4961738586425781,0.4993705451488495,0.4531075358390808,50.22277981042862,0.5197169780731201,2,False,True,True,52.0,True,0.17659226059913627,UNRANKED,,False,,,
2025-01-23,2025-01-24,2025-01-27,GE,XLI,201.0597353090628,202.1221160888672,195.6655157743251,1,take_profit,SHORT,SHORT,0.4863024950027466,0.49571850895881653,0.47688648104667664,0.49571850895881653,0.5256531238555908,51.36975049972534,0.5197169780731201,2,False,True,True,52.0,True,-0.117362380027771,UNRANKED,,False,,,
2025-01-24,2025-01-27,2025-01-30,GE,XLI,192.9577627475376,202.6582794189453,198.6711198555175,3,stop_loss,SHORT,SHORT,0.49176447093486786,0.5007141828536987,0.482814759016037,0.5007141828536987,0.4131389558315277,50.823552906513214,0.5197169780731201,2,False,True,True,52.0,True,0.23352080583572377,UNRANKED,,False,,,
2025-01-27,2025-01-28,2025-01-30,GE,XLI,193.91092628453228,200.7419891357422,199.47109604945973,2,take_profit,LONG,LONG,0.5051845461130142,0.49571850895881653,0.5146505832672119,0.49571850895881653,0.4461327791213989,50.51845461130142,0.5197169780731201,2,False,True,True,52.0,True,0.38169601559638977,UNRANKED,,False,,,
2025-01-28,2025-01-29,2025-01-30,GE,XLI,193.5435747725639,203.12490844726562,199.0385023151141,1,take_profit,LONG,LONG,0.5075500309467316,0.5077626705169678,0.5073373913764954,0.5077626705169678,0.3948965072631836,50.75500309467316,0.5197169780731201,2,False,True,True,52.0,True,0.3646580576896669,UNRANKED,,False,,,
2025-01-29,2025-01-30,2025-02-06,GE,XLI,198.38883825095843,204.5944061279297,204.52631122110353,5,take_profit,LONG,LONG,0.5097284317016602,0.5013860464096069,0.5180708169937134,0.5013860464096069,0.3821999132633209,50.972843170166016,0.5197169780731201,2,False,True,True,52.0,True,0.3948123753070831,UNRANKED,,False,,,
2025-01-30,2025-01-31,2025-02-07,GE,XLI,204.37595981060514,203.81993103027344,203.81993103027344,5,time_exit,LONG,LONG,0.5121228694915771,0.5007141828536987,0.5235315561294556,0.5007141828536987,0.37121838331222534,51.212286949157715,0.5197169780731201,2,False,True,True,52.0,True,0.45332568883895885,UNRANKED,,False,,,
2025-01-31,2025-02-03,2025-02-10,GE,XLI,198.57751096265233,203.76039123535156,203.76039123535156,5,time_exit,LONG,LONG,0.5061697363853455,0.5007141828536987,0.5116252899169922,0.5007141828536987,0.373284250497818,50.616973638534546,0.5197169780731201,2,False,True,True,52.0,True,0.40835240483284,UNRANKED,,False,,,
2025-02-03,2025-02-04,2025-02-11,GE,XLI,201.48665476689217,207.33477783203125,207.33477783203125,5,time_exit,LONG,LONG,0.5023429989814758,0.5013860464096069,0.5032999515533447,0.5013860464096069,0.4723406136035919,50.23429989814758,0.5197169780731201,2,False,True,True,52.0,True,0.41558179259300226,UNRANKED,,False,,,
2025-02-04,2025-02-05,2025-02-12,GE,XLI,202.42989028932035,208.14895629882812,208.14895629882812,5,time_exit,SHORT,SHORT,0.4932718276977539,0.5013860464096069,0.4851576089859009,0.5013860464096069,0.4293639063835144,50.67281723022461,0.5197169780731201,2,False,True,True,52.0,True,0.25235921144485485,UNRANKED,,False,,,
2025-02-05,2025-02-06,2025-02-13,GE,XLI,203.54194774897687,206.87803649902344,206.87803649902344,5,time_exit,SHORT,SHORT,0.4911748170852661,0.5007141828536987,0.4816354513168335,0.5007141828536987,0.38183557987213135,50.88251829147339,0.5197169780731201,2,False,True,True,52.0,True,0.07225605845451342,UNRANKED,,False,,,
2025-02-06,2025-02-07,2025-02-14,GE,XLI,205.0113929197984,206.78868103027344,206.78868103027344,5,time_exit,LONG,LONG,0.5024871230125427,0.5007141828536987,0.5042600631713867,0.5007141828536987,0.3710949122905731,50.24871230125427,0.5197169780731201,2,False,True,True,52.0,True,0.16912531852722162,UNRANKED,,False,,,
2025-02-07,2025-02-10,2025-02-18,GE,XLI,204.67384599475633,208.5858154296875,208.5858154296875,5,time_exit,SHORT,SHORT,0.48453694581985474,0.5013860464096069,0.46768784523010254,0.5013860464096069,0.46255719661712646,51.546305418014526,0.5197169780731201,2,False,True,True,52.0,True,0.03444832563400269,UNRANKED,,False,,,
2025-02-10,2025-02-11,2025-02-19,GE,XLI,203.54194025850356,209.0028076171875,209.0028076171875,5,time_exit,LONG,LONG,0.5100828111171722,0.5007141828536987,0.5194514393806458,0.5007141828536987,0.3460947871208191,51.008281111717224,0.5197169780731201,2,False,True,True,52.0,True,0.3116250932216646,UNRANKED,,False,,,
2025-02-11,2025-02-12,2025-02-20,GE,XLI,205.2298643246038,207.25535583496094,207.25535583496094,5,time_exit,SHORT,SHORT,0.4784921258687973,0.5007141828536987,0.4562700688838959,0.5007141828536987,0.5119783878326416,52.15078741312027,0.5197169780731201,1,True,False,True,52.0,True,0.047388851642608726,UNRANKED,,False,,,
2025-02-12,2025-02-13,2025-02-21,GE,XLI,209.61840049715036,198.40872192382812,205.2043009400912,5,stop_loss,LONG,LONG,0.5228557288646698,0.5013860464096069,0.5443254113197327,0.5013860464096069,0.3176422417163849,52.28557288646698,0.5197169780731201,1,True,True,False,52.0,True,0.5334824919700625,UNRANKED,,False,,,
2025-02-13,2025-02-14,2025-02-21,GE,XLI,207.1759065439509,197.29669189453125,203.15470118680804,4,take_profit,SHORT,SHORT,0.49669699370861053,0.5041030049324036,0.4892909824848175,0.4710936770337162,0.3639889359474182,50.33030062913895,0.5076256990432739,2,False,True,True,52.5,True,0.2158141136169433,UNRANKED,,False,,,
2025-02-14,2025-02-18,2025-02-21,GE,XLI,208.3773023809637,197.85269165039062,204.668147979457,3,stop_loss,LONG,LONG,0.5039452910423279,0.5035484433174133,0.5043421387672424,0.4710936770337162,0.36202916502952576,50.39452910423279,0.5076256990432739,2,False,True,True,52.5,True,0.2607801258563995,UNRANKED,,False,,,
2025-02-18,2025-02-19,2025-02-21,GE,XLI,207.55318527828877,200.17605590820312,203.59155677312694,2,take_profit,SHORT,SHORT,0.4998839646577835,0.5024861693382263,0.4972817599773407,0.4710936770337162,0.4138912856578827,50.01160353422165,0.5076256990432739,2,False,True,True,52.5,True,0.23171594738960274,UNRANKED,,False,,,
2025-02-19,2025-02-20,2025-02-21,GE,XLI,208.23830482844102,199.99732971191406,204.8795096624254,1,stop_loss,LONG,LONG,0.5039682388305664,0.5065527558326721,0.5013837218284607,0.4710936770337162,0.48033004999160767,50.39682388305664,0.5076256990432739,2,False,True,True,52.5,True,0.26970574259758007,UNRANKED,,False,,,
2025-02-20,2025-02-21,2025-02-24,GE,XLI,206.8780515555366,205.5078582763672,204.18732759139039,1,take_profit,SHORT,SHORT,0.49793465435504913,0.49858754873275757,0.4972817599773407,0.4710936770337162,0.5274167656898499,50.20653456449509,0.5076256990432739,2,False,True,True,52.5,True,0.2550142705440521,UNRANKED,,False,,,
2025-02-21,2025-02-24,2025-02-28,GE,XLI,201.1888092758124,200.52359008789062,204.8596575772912,4,take_profit,LONG,LONG,0.5047532320022583,0.5092917084693909,0.5002147555351257,0.4710936770337162,0.4989878237247467,50.47532320022583,0.5076256990432739,2,False,True,True,52.5,True,0.31712293624877924,UNRANKED,,False,,,
2025-02-24,2025-02-25,2025-02-28,GE,XLI,197.56474579810896,197.3562469482422,201.31786077090473,3,stop_loss,SHORT,SHORT,0.49587300419807434,0.5078204274177551,0.48392558097839355,0.4710936770337162,0.46196144819259644,50.412699580192566,0.5076256990432739,2,False,True,True,52.5,True,0.3168984353542328,UNRANKED,,False,,,
2025-02-25,2025-02-26,2025-02-28,GE,XLI,200.32498297788044,201.05970764160156,203.88377073248424,2,take_profit,LONG,LONG,0.5052763968706131,0.5132710337638855,0.4972817599773407,0.4710936770337162,0.33666813373565674,50.52763968706131,0.5076256990432739,2,False,True,True,52.5,True,0.352851927280426,UNRANKED,,False,,,
2025-02-26,2025-02-27,2025-03-04,GE,XLI,202.96606890766674,194.6555938720703,199.41578901787878,3,stop_loss,LONG,LONG,0.5021263211965561,0.5069708824157715,0.4972817599773407,0.4710936770337162,0.39262303709983826,50.21263211965561,0.5076256990432739,2,False,True,True,52.5,True,0.2721059620380401,UNRANKED,,False,,,
2025-02-27,2025-02-28,2025-03-06,GE,XLI,200.51363517460052,192.4712371826172,197.14775121115187,4,stop_loss,LONG,LONG,0.5133332014083862,0.5063689947128296,0.5202974081039429,0.4710936770337162,0.35350319743156433,51.33332014083862,0.5076256990432739,1,True,True,False,52.5,True,0.3352132737636566,UNRANKED,,False,,,
2025-02-28,2025-03-03,2025-03-04,GE,XLI,205.61709326835066,191.1084442138672,201.57463023821674,1,stop_loss,LONG,LONG,0.5189563930034637,0.5243278741836548,0.5135849118232727,0.4710936770337162,0.28734487295150757,51.895639300346375,0.5076256990432739,1,True,True,False,52.5,True,0.3109728991985322,UNRANKED,,False,,,
2025-03-03,2025-03-04,2025-03-10,GE,XLI,196.5917193531293,190.71055603027344,191.8457236953447,4,stop_loss,LONG,LONG,0.5201702415943146,0.5347170829772949,0.5056234002113342,0.4710936770337162,0.34167641401290894,52.01702415943146,0.5076256990432739,1,True,True,False,52.5,True,0.33735656738281256,UNRANKED,,False,,,
2025-03-04,2025-03-05,2025-03-07,GE,XLI,197.45552136764667,193.9733123779297,192.76767477515224,2,stop_loss,LONG,LONG,0.5219970047473907,0.5317978858947754,0.5121961236000061,0.4710936770337162,0.5244156122207642,52.199700474739075,0.5076256990432739,1,True,True,False,52.5,True,0.5423613190650941,UNRANKED,,False,,,
2025-03-05,2025-03-06,2025-03-07,GE,XLI,197.58460891385678,191.40689086914062,192.48400771756772,1,stop_loss,LONG,LONG,0.5102178454399109,0.5107112526893616,0.5097244381904602,0.4710936770337162,0.6160346865653992,51.02178454399109,0.5076256990432739,1,True,True,False,52.5,True,0.44864249229431163,UNRANKED,,False,,,
2025-03-06,2025-03-07,2025-03-14,GE,XLI,193.68256107696692,196.0721893310547,196.0721893310547,5,time_exit,LONG,LONG,0.5148650109767914,0.5241066217422485,0.5056234002113342,0.4710936770337162,0.5364291071891785,51.48650109767914,0.5076256990432739,1,True,True,False,52.5,True,0.4405914247035979,UNRANKED,,False,,,
2025-03-07,2025-03-10,2025-03-14,GE,XLI,188.20382042999663,200.9662628173828,194.33702093920422,4,take_profit,LONG,LONG,0.5071673691272736,0.5087113380432129,0.5056234002113342,0.4710936770337162,0.44564583897590637,50.716736912727356,0.5076256990432739,2,False,True,True,52.5,True,0.45576429367065435,UNRANKED,,False,,,
2025-03-10,2025-03-11,2025-03-14,GE,XLI,188.92997224805234,199.73280334472656,195.00112398145077,3,take_profit,LONG,LONG,0.5105336606502533,0.5046272873878479,0.5164400339126587,0.4710936770337162,0.4271351993083954,51.05336606502533,0.5076256990432739,1,True,True,False,52.5,True,0.4514441490173339,UNRANKED,,False,,,
2025-03-11,2025-03-12,2025-03-17,GE,XLI,193.8937317616939,204.48764038085938,199.96215435167719,3,take_profit,LONG,LONG,0.5247996151447296,0.5372577905654907,0.5123414397239685,0.4710936770337162,0.4057171642780304,52.47996151447296,0.5076256990432739,1,True,True,False,52.5,True,0.4461866319179536,UNRANKED,,False,,,
2025-03-12,2025-03-13,2025-03-17,GE,XLI,193.5256810990276,202.85626220703125,199.8105757697865,2,take_profit,LONG,LONG,0.5158821940422058,0.5220399498939514,0.5097244381904602,0.4710936770337162,0.5615460872650146,51.58821940422058,0.5076256990432739,1,True,True,False,52.5,True,0.4510065019130708,UNRANKED,,False,,,
2025-03-13,2025-03-14,2025-03-17,GE,XLI,194.34134520626998,203.0552215576172,199.7290666766941,1,take_profit,LONG,LONG,0.5148074328899384,0.5198904275894165,0.5097244381904602,0.4710936770337162,0.5871217846870422,51.480743288993835,0.5076256990432739,1,True,True,False,52.5,True,0.46524569392204274,UNRANKED,,False,,,
2025-03-14,2025-03-17,2025-03-19,GE,XLI,195.96274817718535,209.12310791015625,201.85807942369763,2,take_profit,LONG,LONG,0.5136543214321136,0.5026878118515015,0.5246208310127258,0.4710936770337162,0.6246967315673828,51.365432143211365,0.5076256990432739,1,True,True,False,52.5,True,0.45214205980300914,UNRANKED,,False,,,
2025-03-17,2025-03-18,2025-03-24,GE,XLI,200.73749525487747,211.01309204101562,207.25255132002815,4,take_profit,LONG,LONG,0.509973794221878,0.505906879901886,0.5140407085418701,0.4710936770337162,0.5261668562889099,50.997379422187805,0.5076256990432739,1,True,True,False,52.5,True,0.40804892778396606,UNRANKED,,False,,,
2025-03-18,2025-03-19,2025-03-24,GE,XLI,200.26001747550055,206.2781524658203,206.61937285705747,3,take_profit,LONG,LONG,0.5057300329208374,0.5017356276512146,0.5097244381904602,0.4710936770337162,0.4831906855106354,50.57300329208374,0.5076256990432739,2,False,True,True,52.5,True,0.41777861118316656,UNRANKED,,False,,,
2025-03-19,2025-03-20,2025-03-25,GE,XLI,203.92063573775684,204.79600524902344,210.93372123929143,3,take_profit,LONG,LONG,0.5150989294052124,0.5137578248977661,0.5164400339126587,0.4710936770337162,0.3448869585990906,51.50989294052124,0.5076256990432739,1,True,True,False,52.5,True,0.33209589123725886,UNRANKED,,False,,,
2025-03-20,2025-03-21,2025-03-24,GE,XLI,201.53327851307867,198.82760620117188,207.9921996730954,1,take_profit,LONG,LONG,0.5053823590278625,0.5051413178443909,0.5056234002113342,0.4710936770337162,0.5085518956184387,50.538235902786255,0.5076256990432739,2,False,True,True,52.5,True,0.32427564263343805,UNRANKED,,False,,,
2025-03-21,2025-03-24,2025-03-28,GE,XLI,205.8305379120802,199.09617614746094,200.05523230033353,4,stop_loss,LONG,LONG,0.5064760148525238,0.5073286294937134,0.5056234002113342,0.4710936770337162,0.48704659938812256,50.64760148525238,0.5076256990432739,2,False,True,True,52.5,True,0.351805418729782,UNRANKED,,False,,,
2025-03-24,2025-03-25,2025-03-28,GE,XLI,209.66025214396058,202.71701049804688,203.47058321608668,3,take_profit,SHORT,SHORT,0.49231192469596863,0.485125333070755,0.49949851632118225,0.4710936770337162,0.45958754420280457,50.76880753040314,0.5076256990432739,1,True,False,True,52.5,True,0.309421330690384,UNRANKED,,False,,,
2025-03-25,2025-03-26,2025-03-27,GE,XLI,211.17224590422606,198.71820068359375,205.24164505670933,1,stop_loss,LONG,LONG,0.5167884230613708,0.5116440653800964,0.5219327807426453,0.4710936770337162,0.4474872350692749,51.678842306137085,0.5076256990432739,1,True,True,False,52.5,True,0.46561869978904724,UNRANKED,,False,,,
2025-03-26,2025-03-27,2025-03-28,GE,XLI,205.27347370251678,186.64208984375,199.58132631133375,1,take_profit,SHORT,SHORT,0.4908037632703781,0.482109010219574,0.49949851632118225,0.4598190526875997,0.4579939544200897,50.91962367296219,0.5076256990432739,1,True,False,True,52.5,True,0.28821757435798667,UNRANKED,,False,,,
2025-03-27,2025-03-28,2025-04-02,GE,XLI,204.51749074388522,165.9317169189453,198.92565899165308,3,stop_loss,LONG,LONG,0.5112529993057251,0.5211222767829895,0.5013837218284607,0.4710936770337162,0.46970999240875244,51.12529993057251,0.5076256990432739,1,True,True,False,52.5,True,0.2716616988182069,UNRANKED,,False,,,
2025-03-28,2025-03-31,2025-04-03,GE,XLI,196.48997567149775,166.8170166015625,190.24020019367967,3,stop_loss,LONG,LONG,0.514671191573143,0.5424861907958984,0.4868561923503876,0.4710936770337162,0.45126205682754517,51.4671191573143,0.5076256990432739,1,True,True,False,52.5,True,0.2900640964508056,UNRANKED,,False,,,
2025-03-31,2025-04-01,2025-04-03,GE,XLI,198.50928628902616,168.4782257080078,192.27798484510876,2,take_profit,SHORT,SHORT,0.4942343235015869,0.5045430660247803,0.48392558097839355,0.4710936770337162,0.507969856262207,50.57656764984131,0.5076256990432739,2,False,True,True,52.5,True,0.3112596571445466,UNRANKED,,False,,,
2025-04-01,2025-04-02,2025-04-03,GE,XLI,198.42971905473448,186.28399658203125,192.14726361039854,1,stop_loss,LONG,LONG,0.5072312355041504,0.5305368900299072,0.48392558097839355,0.4710936770337162,0.33871912956237793,50.72312355041504,0.5076256990432739,2,False,True,True,52.5,True,0.3098057210445405,UNRANKED,,False,,,
2025-04-02,2025-04-03,2025-04-04,GE,XLI,188.84044518659738,180.5543212890625,182.35336284145228,1,stop_loss,LONG,LONG,0.5111548155546188,0.525027871131897,0.4972817599773407,0.4710936770337162,0.4736844003200531,51.11548155546188,0.5076256990432739,1,True,True,False,52.5,True,0.3181152939796448,UNRANKED,,False,,,
2025-04-03,2025-04-04,2025-04-07,GE,XLI,178.73394950565364,180.71348571777344,171.18817967794718,1,stop_loss,LONG,LONG,0.5176740884780884,0.521763265132904,0.5135849118232727,0.4710936770337162,0.4026621878147125,51.76740884780884,0.5076256990432739,1,True,True,False,52.5,True,0.4988045990467071,UNRANKED,,False,,,
2025-04-04,2025-04-07,2025-04-09,GE,XLI,162.35066723305442,185.02069091796875,172.1559084091147,2,take_profit,LONG,LONG,0.5249806344509125,0.5363763570785522,0.5135849118232727,0.4710936770337162,0.38391923904418945,52.49806344509125,0.5076256990432739,1,True,True,False,52.5,True,0.44446769356727595,UNRANKED,,False,,,
2025-04-07,2025-04-08,2025-04-09,GE,XLI,175.07332219082235,184.69241333007812,184.8288262540199,1,take_profit,LONG,LONG,0.5338181555271149,0.5350770950317383,0.5325592160224915,0.4710936770337162,0.35521775484085083,53.38181555271149,0.5076256990432739,1,True,True,False,52.5,True,0.5712020695209503,UNRANKED,,False,,,
2025-04-08,2025-04-09,2025-04-10,GE,XLI,164.9369803694392,181.48936462402344,174.25053758553852,1,take_profit,LONG,LONG,0.5099139213562012,0.5119879841804504,0.5078398585319519,0.4710936770337162,0.4062926173210144,50.99139213562012,0.5076256990432739,1,True,True,False,52.5,True,0.4893572628498078,UNRANKED,,False,,,
2025-04-09,2025-04-10,2025-04-17,GE,XLI,180.942267282298,180.8328399658203,180.8328399658203,5,time_exit,LONG,LONG,0.5064304172992706,0.4885525703430176,0.5243082642555237,0.4710936770337162,0.5128722786903381,50.64304172992706,0.5076256990432739,2,False,True,True,52.5,True,0.16227036714553822,UNRANKED,,False,,,
2025-04-10,2025-04-11,2025-04-21,GE,XLI,178.06748726647825,177.4109649658203,177.4109649658203,5,time_exit,LONG,LONG,0.5101893842220306,0.5070841312408447,0.5132946372032166,0.4710936770337162,0.474576473236084,51.018938422203064,0.5076256990432739,1,True,True,False,52.5,True,0.2876914441585542,UNRANKED,,False,,,
2025-04-11,2025-04-14,2025-04-22,GE,XLI,184.37411930603326,188.18392944335938,188.18392944335938,5,time_exit,LONG,LONG,0.5063744187355042,0.47692352533340454,0.5358253121376038,0.4598190526875997,0.48178520798683167,50.637441873550415,0.5076256990432739,2,False,True,True,52.5,True,0.551336705684662,UNRANKED,,False,,,
2025-04-14,2025-04-15,2025-04-23,GE,XLI,182.91184466997782,192.66021728515625,192.66021728515625,5,time_exit,SHORT,SHORT,0.4930286258459091,0.4691939651966095,0.5168632864952087,0.38235294117647056,0.4932669401168823,50.69713741540909,0.5076256990432739,2,False,True,True,52.5,True,0.5904860198497772,UNRANKED,,False,,,
2025-04-15,2025-04-16,2025-04-24,GE,XLI,183.10084535155514,196.37060546875,194.3868233963375,5,take_profit,LONG,LONG,0.5119578540325165,0.49625200033187866,0.5276637077331543,0.4710936770337162,0.41161954402923584,51.19578540325165,0.5076256990432739,1,True,True,False,52.5,True,0.5522403120994568,UNRANKED,,False,,,
2025-04-16,2025-04-17,2025-04-24,GE,XLI,182.42442178191055,197.38523864746094,193.9562428965869,4,stop_loss,SHORT,SHORT,0.4928957372903824,0.4910423457622528,0.49474912881851196,0.4710936770337162,0.5528714060783386,50.71042627096176,0.5076256990432739,2,False,True,True,52.5,True,0.32833230495452875,UNRANKED,,False,,,
2025-04-17,2025-04-21,2025-04-23,GE,XLI,178.3460029664741,199.80242919921875,189.11898488262923,2,stop_loss,SHORT,SHORT,0.4996306300163269,0.5045121312141418,0.49474912881851196,0.4710936770337162,0.5560566782951355,50.03693699836731,0.5076256990432739,2,False,True,True,52.5,True,0.26016771793365484,UNRANKED,,False,,,
2025-04-21,2025-04-22,2025-04-25,GE,XLI,185.51804736209579,199.4443359375,196.74150142878105,3,take_profit,LONG,LONG,0.5130103379487991,0.5456939339637756,0.48032674193382263,0.4710936770337162,0.41865208745002747,51.30103379487991,0.5076256990432739,1,True,True,False,52.5,True,0.11225461959838874,UNRANKED,,False,,,
2025-04-22,2025-04-23,2025-04-30,GE,XLI,194.90832751325175,200.47885131835938,200.47885131835938,5,time_exit,LONG,LONG,0.5462922155857086,0.5722870230674744,0.5202974081039429,0.4710936770337162,0.4207032024860382,54.62922155857086,0.5076256990432739,1,True,True,False,52.5,True,0.5019180476665498,UNRANKED,,False,,,
2025-04-23,2025-04-24,2025-05-01,GE,XLI,193.3068203859824,202.5379638671875,202.5379638671875,5,time_exit,LONG,LONG,0.5094780921936035,0.5053712725639343,0.5135849118232727,0.4710936770337162,0.3734923303127289,50.94780921936035,0.5076256990432739,1,True,True,False,52.5,True,0.4624581933021544,UNRANKED,,False,,,
2025-04-24,2025-04-25,2025-05-02,GE,XLI,197.65382132005428,206.60643005371094,206.60643005371094,5,time_exit,LONG,LONG,0.5123758018016815,0.5045993328094482,0.5201522707939148,0.4710936770337162,0.4746951758861542,51.23758018016815,0.5076256990432739,1,True,True,False,52.5,True,0.3998716473579406,UNRANKED,,False,,,
2025-04-25,2025-04-28,2025-05-05,GE,XLI,198.44958928666796,207.83990478515625,206.75420703220368,5,take_profit,LONG,LONG,0.5015897154808044,0.5038446187973022,0.49933481216430664,0.4710936770337162,0.43829935789108276,50.158971548080444,0.5076256990432739,2,False,True,True,52.5,True,0.38400936126708984,UNRANKED,,False,,,
2025-04-28,2025-04-29,2025-05-06,GE,XLI,199.43439405331588,207.50169372558594,207.50169372558594,5,time_exit,LONG,LONG,0.5023341774940491,0.4827355742454529,0.5219327807426453,0.4598190526875997,0.4322715401649475,50.23341774940491,0.5076256990432739,2,False,True,True,52.5,True,0.457285851240158,UNRANKED,,False,,,
2025-04-29,2025-04-30,2025-05-02,GE,XLI,197.55434366282424,208.8147430419922,205.8916435547048,2,take_profit,LONG,LONG,0.5019510090351105,0.4805595874786377,0.5233424305915833,0.4598190526875997,0.4871768057346344,50.19510090351105,0.5076256990432739,2,False,True,True,52.5,True,0.5463262796401978,UNRANKED,,False,,,
2025-04-30,2025-05-01,2025-05-05,GE,XLI,201.18512386103345,213.36068725585938,207.12653011103345,2,stop_loss,SHORT,SHORT,0.4962882399559021,0.48823434114456177,0.5043421387672424,0.4710936770337162,0.4130063056945801,50.37117600440979,0.5076256990432739,2,False,True,True,52.5,True,0.38904473185539235,UNRANKED,,False,,,
2025-05-01,2025-05-02,2025-05-08,GE,XLI,205.23370625053394,213.8282012939453,210.65074639422815,4,take_profit,LONG,LONG,0.5100409686565399,0.5157397985458374,0.5043421387672424,0.4710936770337162,0.30846938490867615,51.00409686565399,0.5076256990432739,1,True,True,False,52.5,True,0.3946138620376587,UNRANKED,,False,,,
2025-05-02,2025-05-05,2025-05-08,GE,XLI,205.22374723733802,217.7971954345703,211.19925906071973,3,stop_loss,SHORT,SHORT,0.4936998188495636,0.4957776963710785,0.4916219413280487,0.4710936770337162,0.5528241395950317,50.63001811504364,0.5076256990432739,2,False,True,True,52.5,True,0.17299863696098325,UNRANKED,,False,,,
2025-05-05,2025-05-06,2025-05-08,GE,XLI,204.93527601659844,220.41334533691406,210.47168348730156,2,stop_loss,SHORT,SHORT,0.48478277027606964,0.47617384791374207,0.4933916926383972,0.4598190526875997,0.5515916347503662,51.521722972393036,0.5076256990432739,1,True,False,True,52.5,True,0.22942340373992928,UNRANKED,,False,,,
2025-05-06,2025-05-07,2025-05-08,GE,XLI,207.80010921999565,222.0646209716797,213.33793575808158,1,take_profit,LONG,LONG,0.5022565126419067,0.5042982697486877,0.5002147555351257,0.4710936770337162,0.5406269431114197,50.225651264190674,0.5076256990432739,2,False,True,True,52.5,True,0.2940765023231507,UNRANKED,,False,,,
2025-05-07,2025-05-08,2025-05-12,GE,XLI,209.88905710304118,228.1722869873047,215.1568837283202,2,stop_loss,SHORT,SHORT,0.49709175527095795,0.4969017505645752,0.4972817599773407,0.4710936770337162,0.5694643259048462,50.290824472904205,0.5076256990432739,2,False,True,True,52.5,True,0.26737508177757263,UNRANKED,,False,,,
2025-05-08,2025-05-09,2025-05-13,GE,XLI,214.07688499627997,230.55963134765625,219.90034298665387,2,stop_loss,SHORT,SHORT,0.4909088462591171,0.4978921115398407,0.48392558097839355,0.4710936770337162,0.5426258444786072,50.90911537408829,0.5076256990432739,1,True,False,True,52.5,True,0.2666202187538146,UNRANKED,,False,,,
2025-05-09,2025-05-12,2025-05-15,GE,XLI,218.1851414243878,234.0511474609375,223.58654784877396,3,stop_loss,SHORT,SHORT,0.4941592961549759,0.4869348704814911,0.5013837218284607,0.4710936770337162,0.5659301280975342,50.58407038450241,0.5076256990432739,2,False,True,True,52.5,True,0.3149813413619994,UNRANKED,,False,,,
2025-05-12,2025-05-13,2025-05-15,GE,XLI,218.84166248492664,234.0213165283203,223.2710731468965,2,stop_loss,SHORT,SHORT,0.4949518144130707,0.48851990699768066,0.5013837218284607,0.4710936770337162,0.510219931602478,50.50481855869293,0.5076256990432739,2,False,True,True,52.5,True,0.32172340154647816,UNRANKED,,False,,,
2025-05-13,2025-05-14,2025-05-15,GE,XLI,221.76619747078533,232.31036376953125,225.92987414140475,1,take_profit,LONG,LONG,0.5055722445249557,0.49072715640068054,0.520417332649231,0.4710936770337162,0.47669166326522827,50.557224452495575,0.5076256990432739,2,False,True,True,52.5,True,0.27198633551597595,UNRANKED,,False,,,
2025-05-14,2025-05-15,2025-05-16,GE,XLI,222.2735013761742,229.05760192871094,226.14301911124676,1,stop_loss,SHORT,SHORT,0.49589745700359344,0.46375611424446106,0.5280387997627258,0.3812684365781711,0.5442396998405457,50.410254299640656,0.5076256990432739,2,False,True,True,52.5,True,0.31159707903862,UNRANKED,,False,,,
2025-05-15,2025-05-16,2025-05-19,GE,XLI,227.86390853236247,231.5643310546875,232.46100238699418,1,take_profit,LONG,LONG,0.5202753245830536,0.5001286268234253,0.5404220223426819,0.4710936770337162,0.5394080281257629,52.02753245830536,0.5076256990432739,1,True,True,False,52.5,True,0.24749392271041876,UNRANKED,,False,,,
2025-05-16,2025-05-19,2025-05-20,GE,XLI,228.29163957246334,240.5070037841797,232.88446968546558,1,take_profit,LONG,LONG,0.508600115776062,0.49572014808654785,0.5214800834655762,0.4710936770337162,0.44486111402511597,50.8600115776062,0.5076256990432739,1,True,True,False,52.5,True,0.30744034051895136,UNRANKED,,False,,,
2025-05-19,2025-05-20,2025-05-27,GE,XLI,232.9271172948653,242.38702392578125,237.96757924380503,4,take_profit,LONG,LONG,0.5027773380279541,0.505731999874115,0.4998226761817932,0.4710936770337162,0.44445207715034485,50.27773380279541,0.5076256990432739,2,False,True,True,52.5,True,0.2601818144321443,UNRANKED,,False,,,
2025-05-20,2025-05-21,2025-05-27,GE,XLI,233.6234210208946,242.8744659423828,238.52035662008544,3,take_profit,LONG,LONG,0.506841242313385,0.5058680772781372,0.5078144073486328,0.4710936770337162,0.5085692405700684,50.6841242313385,0.5076256990432739,2,False,True,True,52.5,True,0.27898415923118586,UNRANKED,,False,,,
2025-05-21,2025-05-22,2025-05-27,GE,XLI,229.97275618435629,244.615234375,234.8199546706844,2,take_profit,LONG,LONG,0.5010698437690735,0.5019249320030212,0.5002147555351257,0.4710936770337162,0.4878222942352295,50.10698437690735,0.5076256990432739,2,False,True,True,52.5,True,0.27964106202125566,UNRANKED,,False,,,
2025-05-22,2025-05-23,2025-05-27,GE,XLI,227.63513122923158,246.17697143554688,232.3658005233164,1,stop_loss,SHORT,SHORT,0.4990798532962799,0.4998301863670349,0.4983295202255249,0.4710936770337162,0.5414531230926514,50.09201467037201,0.5076256990432739,2,False,True,True,52.5,True,0.3251563906669618,UNRANKED,,False,,,
2025-05-23,2025-05-27,2025-05-28,GE,XLI,234.1804891899866,247.55966186523438,239.09305196900445,1,stop_loss,SHORT,SHORT,0.4979860931634903,0.4976426661014557,0.4983295202255249,0.4710936770337162,0.4340875744819641,50.20139068365097,0.5076256990432739,2,False,True,True,52.5,True,0.3081427812576293,UNRANKED,,False,,,
2025-05-27,2025-05-28,2025-06-03,GE,XLI,240.50697578394642,249.55906677246094,246.64874737295312,4,take_profit,LONG,LONG,0.5007107555866241,0.49707937240600586,0.5043421387672424,0.4710936770337162,0.4166465699672699,50.071075558662415,0.5076256990432739,2,False,True,True,52.5,True,0.3345596492290497,UNRANKED,,False,,,
2025-05-28,2025-05-29,2025-06-04,GE,XLI,243.24251298178473,250.59359741210938,249.46528040296218,4,stop_loss,SHORT,SHORT,0.4999409466981888,0.49553975462913513,0.5043421387672424,0.4710936770337162,0.4459681808948517,50.00590533018112,0.5076256990432739,2,False,True,True,52.5,True,0.2858855724334718,UNRANKED,,False,,,
2025-05-29,2025-05-30,2025-06-04,GE,XLI,242.10849846936748,254.28407287597656,247.75147986236414,3,take_profit,LONG,LONG,0.5027469098567963,0.5011516809463501,0.5043421387672424,0.4710936770337162,0.28664782643318176,50.27469098567963,0.5076256990432739,2,False,True,True,52.5,True,0.30445450544357305,UNRANKED,,False,,,
2025-05-30,2025-06-02,2025-06-05,GE,XLI,244.5555639842746,250.08628845214844,250.3804388622043,3,stop_loss,SHORT,SHORT,0.4932498186826706,0.4972086548805237,0.4892909824848175,0.4710936770337162,0.39231419563293457,50.67501813173294,0.5076256990432739,2,False,True,True,52.5,True,0.2830679714679718,UNRANKED,,False,,,
2025-06-02,2025-06-03,2025-06-06,GE,XLI,246.19687995250015,240.72584533691406,251.67786096184724,3,take_profit,LONG,LONG,0.5022695958614349,0.5001970529556274,0.5043421387672424,0.4710936770337162,0.38047870993614197,50.226959586143494,0.5076256990432739,2,False,True,True,52.5,True,0.3304333090782165,UNRANKED,,False,,,
2025-06-03,2025-06-04,2025-06-06,GE,XLI,248.66379636228368,244.22731018066406,253.96856887553702,2,stop_loss,SHORT,SHORT,0.49366773664951324,0.498044490814209,0.4892909824848175,0.4710936770337162,0.37806105613708496,50.633226335048676,0.5076256990432739,2,False,True,True,52.5,True,0.23877307772636416,UNRANKED,,False,,,
2025-06-04,2025-06-05,2025-06-10,GE,XLI,251.15064649026908,238.72642517089844,245.79614122380704,3,take_profit,SHORT,SHORT,0.49366773664951324,0.498044490814209,0.4892909824848175,0.4710936770337162,0.3498899042606354,50.633226335048676,0.5076256990432739,2,False,True,True,52.5,True,0.23693284392356873,UNRANKED,,False,,,
2025-06-05,2025-06-06,2025-06-10,GE,XLI,251.6679153807254,235.354248046875,247.03814373940284,2,take_profit,SHORT,SHORT,0.49962498247623444,0.5019682049751282,0.4972817599773407,0.4710936770337162,0.47079142928123474,50.037501752376556,0.5076256990432739,2,False,True,True,52.5,True,0.22999832034111023,UNRANKED,,False,,,
2025-06-06,2025-06-09,2025-06-10,GE,XLI,252.68254697803397,235.29457092285156,247.8666137504949,1,take_profit,SHORT,SHORT,0.49542824923992157,0.5015655159950256,0.4892909824848175,0.4710936770337162,0.3898456394672394,50.45717507600784,0.5076256990432739,2,False,True,True,52.5,True,0.22312140464782715,UNRANKED,,False,,,
2025-06-09,2025-06-10,2025-06-11,GE,XLI,249.45961652783686,234.50872802734375,244.54278782736253,1,take_profit,SHORT,SHORT,0.49603256583213806,0.4947833716869354,0.4972817599773407,0.4710936770337162,0.35150012373924255,50.396743416786194,0.5076256990432739,2,False,True,True,52.5,True,0.2473384439945222,UNRANKED,,False,,,
2025-06-10,2025-06-11,2025-06-17,GE,XLI,241.36246889035553,234.64801025390625,235.11269559236445,4,take_profit,SHORT,SHORT,0.49418583512306213,0.49908068776130676,0.4892909824848175,0.4710936770337162,0.3356963098049164,50.58141648769379,0.5076256990432739,2,False,True,True,52.5,True,0.24763792753219604,UNRANKED,,False,,,
2025-06-11,2025-06-12,2025-06-20,GE,XLI,238.73636705528392,238.1096649169922,238.1096649169922,5,time_exit,LONG,LONG,0.5021550506353378,0.507028341293335,0.4972817599773407,0.4710936770337162,0.28182217478752136,50.21550506353378,0.5076256990432739,2,False,True,True,52.5,True,0.31347951292991616,UNRANKED,,False,,,
2025-06-12,2025-06-13,2025-06-23,GE,XLI,233.76266637464724,246.5052490234375,240.5893875660535,5,take_profit,LONG,LONG,0.5025412887334824,0.5096859931945801,0.49539658427238464,0.4710936770337162,0.30610010027885437,50.254128873348236,0.5076256990432739,2,False,True,True,52.5,True,0.26840975880622847,UNRANKED,,False,,,
2025-06-13,2025-06-16,2025-06-23,GE,XLI,236.3490025966409,247.4403076171875,243.29935921633955,4,take_profit,LONG,LONG,0.5040066242218018,0.5096837282180786,0.4983295202255249,0.4710936770337162,0.2925797700881958,50.400662422180176,0.5076256990432739,2,False,True,True,52.5,True,0.32595282793045044,UNRANKED,,False,,,
2025-06-16,2025-06-17,2025-06-23,GE,XLI,235.48356387691922,248.584228515625,241.16492112440807,3,take_profit,LONG,LONG,0.5038060396909714,0.5122154951095581,0.49539658427238464,0.4710936770337162,0.3349912762641907,50.38060396909714,0.5076256990432739,2,False,True,True,52.5,True,0.2745120227336884,UNRANKED,,False,,,
2025-06-17,2025-06-18,2025-06-23,GE,XLI,234.7176489811674,249.67843627929688,240.2426951935,2,take_profit,LONG,LONG,0.5016283243894577,0.5078600645065308,0.49539658427238464,0.4710936770337162,0.34072110056877136,50.16283243894577,0.5076256990432739,2,False,True,True,52.5,True,0.26743102073669434,UNRANKED,,False,,,
2025-06-18,2025-06-20,2025-06-23,GE,XLI,238.45782816939234,253.1699676513672,243.9331372688622,1,take_profit,LONG,LONG,0.50205959379673,0.5087226033210754,0.49539658427238464,0.4710936770337162,0.30960747599601746,50.205959379673004,0.5076256990432739,2,False,True,True,52.5,True,0.21359300613403306,UNRANKED,,False,,,
2025-06-20,2025-06-23,2025-06-24,GE,XLI,237.98037896560973,256.0348205566406,243.70152895514656,1,take_profit,LONG,LONG,0.5009505301713943,0.504619300365448,0.4972817599773407,0.4710936770337162,0.3232533931732178,50.095053017139435,0.5076256990432739,2,False,True,True,52.5,True,0.21803551912307736,UNRANKED,,False,,,
2025-06-23,2025-06-24,2025-06-30,GE,XLI,247.07226055944386,247.70887756347656,253.76967441268047,4,take_profit,LONG,LONG,0.5009505301713943,0.504619300365448,0.4972817599773407,0.4710936770337162,0.37236541509628296,50.095053017139435,0.5076256990432739,2,False,True,True,52.5,True,0.227042555809021,UNRANKED,,False,,,
2025-06-24,2025-06-25,2025-06-30,GE,XLI,248.76328867822903,243.46133422851562,255.3967551263317,3,stop_loss,SHORT,SHORT,0.4979259520769119,0.49857014417648315,0.4972817599773407,0.4710936770337162,0.3555757403373718,50.20740479230881,0.5076256990432739,2,False,True,True,52.5,True,0.20238289237022397,UNRANKED,,False,,,
2025-06-25,2025-06-26,2025-07-03,GE,XLI,249.85748125870242,245.58013916015625,245.58013916015625,5,time_exit,SHORT,SHORT,0.4956168532371521,0.49583712220191956,0.49539658427238464,0.4710936770337162,0.41839995980262756,50.43831467628479,0.5076256990432739,2,False,True,True,52.5,True,0.23305374383926397,UNRANKED,,False,,,
2025-06-26,2025-06-27,2025-07-02,GE,XLI,250.5239844186595,247.7020263671875,244.00420466838048,3,take_profit,SHORT,SHORT,0.4995744675397873,0.49480679631233215,0.5043421387672424,0.4710936770337162,0.4519103169441223,50.04255324602127,0.5076256990432739,2,False,True,True,52.5,True,0.2453482747077941,UNRANKED,,False,,,
2025-06-27,2025-06-30,2025-07-01,GE,XLI,254.96048990642507,246.10812377929688,248.46913074068846,1,take_profit,SHORT,SHORT,0.49245885014533997,0.4805755615234375,0.5043421387672424,0.4598190526875997,0.49410033226013184,50.754114985466,0.5076256990432739,2,False,True,True,52.5,True,0.24197953939437852,UNRANKED,,False,,,
2025-06-30,2025-07-01,2025-07-02,GE,XLI,254.40343888013163,249.3756103515625,248.10249850275997,1,take_profit,SHORT,SHORT,0.49613386392593384,0.48792558908462524,0.5043421387672424,0.4710936770337162,0.5231748223304749,50.386613607406616,0.5076256990432739,2,False,True,True,52.5,True,0.24578613042831415,UNRANKED,,False,,,
2025-07-01,2025-07-02,2025-07-10,GE,XLI,246.69422222133554,251.60708618164062,251.60708618164062,5,time_exit,SHORT,SHORT,0.4981152266263962,0.49484673142433167,0.5013837218284607,0.4710936770337162,0.48560574650764465,50.18847733736038,0.5076256990432739,2,False,True,True,52.5,True,0.2481637001037598,UNRANKED,,False,,,
2025-07-02,2025-07-03,2025-07-10,GE,XLI,244.25714001768333,254.4462127685547,250.51687730493222,4,take_profit,LONG,LONG,0.508012980222702,0.5321003794670105,0.48392558097839355,0.4710936770337162,0.38937315344810486,50.8012980222702,0.5076256990432739,1,True,True,False,52.5,True,0.2606977224349976,UNRANKED,,False,,,
2025-07-03,2025-07-07,2025-07-11,GE,XLI,246.57634478055925,261.3398132324219,252.35292777093315,4,stop_loss,SHORT,SHORT,0.4984579086303711,0.4996340572834015,0.4972817599773407,0.4710936770337162,0.4990033805370331,50.15420913696289,0.5076256990432739,2,False,True,True,52.5,True,0.2744971513748169,UNRANKED,,False,,,
2025-07-07,2025-07-08,2025-07-11,GE,XLI,247.05449885980622,263.6609802246094,252.6524690048955,3,take_profit,LONG,LONG,0.5033633261919022,0.5094448924064636,0.4972817599773407,0.4710936770337162,0.48536673188209534,50.336332619190216,0.5076256990432739,2,False,True,True,52.5,True,0.2662549912929535,UNRANKED,,False,,,
2025-07-08,2025-07-09,2025-07-11,GE,XLI,248.04072279439364,265.1651916503906,253.85786800574968,2,take_profit,LONG,LONG,0.5076078027486801,0.5179338455200195,0.4972817599773407,0.4710936770337162,0.42754602432250977,50.76078027486801,0.5076256990432739,2,False,True,True,52.5,True,0.30579623579978943,UNRANKED,,False,,,
2025-07-09,2025-07-10,2025-07-14,GE,XLI,249.65455197776927,259.28765869140625,255.8262177143764,2,stop_loss,SHORT,SHORT,0.48486246168613434,0.46775349974632263,0.501971423625946,0.3812684365781711,0.42948445677757263,51.513753831386566,0.5076256990432739,1,True,False,True,52.5,True,0.31304484605789196,UNRANKED,,False,,,
2025-07-10,2025-07-11,2025-07-14,GE,XLI,250.54115954132826,262.2662658691406,257.01171007843766,1,stop_loss,SHORT,SHORT,0.4990921765565872,0.49680063128471375,0.5013837218284607,0.4710936770337162,0.4099791646003723,50.09078234434128,0.5076256990432739,2,False,True,True,52.5,True,0.2541461586952209,UNRANKED,,False,,,
2025-07-11,2025-07-14,2025-07-15,GE,XLI,255.21326646592095,261.85784912109375,261.59488442072006,1,stop_loss,SHORT,SHORT,0.49941273033618927,0.5015437006950378,0.4972817599773407,0.4710936770337162,0.4652312099933624,50.05872696638107,0.5076256990432739,2,False,True,True,52.5,True,0.26392072439193726,UNRANKED,,False,,,
2025-07-14,2025-07-15,2025-07-22,GE,XLI,262.91383953946917,258.0125427246094,258.0125427246094,5,time_exit,SHORT,SHORT,0.49846838414669037,0.49965500831604004,0.4972817599773407,0.4710936770337162,0.4821701943874359,50.15316158533096,0.5076256990432739,2,False,True,True,52.5,True,0.24822476506233215,UNRANKED,,False,,,
2025-07-15,2025-07-16,2025-07-23,GE,XLI,262.9935101131758,262.1766052246094,262.1766052246094,5,time_exit,LONG,LONG,0.5070017576217651,0.500156819820404,0.5138466954231262,0.4710936770337162,0.40975072979927063,50.700175762176514,0.5076256990432739,2,False,True,True,52.5,True,0.3408166170120238,UNRANKED,,False,,,
2025-07-16,2025-07-17,2025-07-18,GE,XLI,268.7713519206196,266.98822021484375,262.3548174967915,1,stop_loss,LONG,LONG,0.5162603855133057,0.524077296257019,0.5084434747695923,0.4710936770337162,0.4820573627948761,51.626038551330566,0.5076256990432739,1,True,True,False,52.5,True,0.3314391374588013,UNRANKED,,False,,,
2025-07-17,2025-07-18,2025-07-25,GE,XLI,264.38815005727446,270.5545349121094,270.5545349121094,5,time_exit,SHORT,SHORT,0.49251122772693634,0.48068031668663025,0.5043421387672424,0.4598190526875997,0.4624721109867096,50.748877227306366,0.5076256990432739,2,False,True,True,52.5,True,0.275030016899109,UNRANKED,,False,,,
2025-07-18,2025-07-21,2025-07-25,GE,XLI,262.6847018259265,269.57830810546875,269.7112935356084,4,take_profit,LONG,LONG,0.5003381669521332,0.4963341951370239,0.5043421387672424,0.4710936770337162,0.47816094756126404,50.03381669521332,0.5076256990432739,2,False,True,True,52.5,True,0.26678076386451716,UNRANKED,,False,,,
2025-07-21,2025-07-22,2025-07-24,GE,XLI,259.73595791196084,269.2794494628906,266.4116301706104,2,take_profit,LONG,LONG,0.512673944234848,0.5210057497024536,0.5043421387672424,0.4710936770337162,0.38473162055015564,51.2673944234848,0.5076256990432739,1,True,True,False,52.5,True,0.2882659733295439,UNRANKED,,False,,,
2025-07-22,2025-07-23,2025-07-24,GE,XLI,259.5367145680954,272.507080078125,265.5722958843622,1,stop_loss,SHORT,SHORT,0.4997740089893341,0.5156224370002747,0.48392558097839355,0.4710936770337162,0.4640614092350006,50.02259910106659,0.5076256990432739,2,False,True,True,52.5,True,0.19571223855018627,UNRANKED,,False,,,
2025-07-23,2025-07-24,2025-07-25,GE,XLI,262.55517370240716,270.0465087890625,268.5788291851081,1,take_profit,LONG,LONG,0.5097833573818207,0.5356411337852478,0.48392558097839355,0.4710936770337162,0.482196182012558,50.97833573818207,0.5076256990432739,1,True,True,False,52.5,True,0.24557796120643618,UNRANKED,,False,,,
2025-07-24,2025-07-25,2025-08-01,GE,XLI,267.8050479333529,268.35302734375,268.35302734375,5,time_exit,SHORT,SHORT,0.49736762046813965,0.4974534809589386,0.4972817599773407,0.4710936770337162,0.554426372051239,50.263237953186035,0.5076256990432739,2,False,True,True,52.5,True,0.2826254963874818,UNRANKED,,False,,,
2025-07-25,2025-07-28,2025-08-04,GE,XLI,272.317823967483,275.1768798828125,275.1768798828125,5,time_exit,LONG,LONG,0.5064171403646469,0.5155525207519531,0.4972817599773407,0.4710936770337162,0.48304399847984314,50.64171403646469,0.5076256990432739,2,False,True,True,52.5,True,0.30048629641532887,UNRANKED,,False,,,
2025-07-28,2025-07-29,2025-08-05,GE,XLI,271.69023666794715,271.08251953125,271.08251953125,5,time_exit,LONG,LONG,0.5074817091226578,0.5176816582679749,0.4972817599773407,0.4710936770337162,0.4245394766330719,50.74817091226578,0.5076256990432739,2,False,True,True,52.5,True,0.26586279273033153,UNRANKED,,False,,,
2025-07-29,2025-07-30,2025-08-06,GE,XLI,269.8871324746444,271.241943359375,271.241943359375,5,time_exit,LONG,LONG,0.5007778108119965,0.4995841979980469,0.501971423625946,0.4710936770337162,0.5318529009819031,50.077781081199646,0.5076256990432739,2,False,True,True,52.5,True,0.2823516130447388,UNRANKED,,False,,,
2025-07-30,2025-07-31,2025-08-07,GE,XLI,272.0289426945602,270.98291015625,270.98291015625,5,time_exit,LONG,LONG,0.5140149295330048,0.5141831636428833,0.5138466954231262,0.4710936770337162,0.4725784659385681,51.401492953300476,0.5076256990432739,1,True,True,False,52.5,True,0.3332131505012512,UNRANKED,,False,,,
2025-07-31,2025-08-01,2025-08-04,GE,XLI,264.51769890643783,273.9615478515625,270.7082877213095,1,take_profit,LONG,LONG,0.5153529644012451,0.5044376850128174,0.5262682437896729,0.4710936770337162,0.5007734298706055,51.53529644012451,0.5076256990432739,1,True,True,False,52.5,True,0.2956412732601166,UNRANKED,,False,,,
2025-08-01,2025-08-04,2025-08-11,GE,XLI,269.47868625345745,274.15081787109375,274.15081787109375,5,time_exit,LONG,LONG,0.5030025541782379,0.49873030185699463,0.5072748064994812,0.4710936770337162,0.4246029257774353,50.30025541782379,0.5076256990432739,2,False,True,True,52.5,True,0.511076956987381,UNRANKED,,False,,,
2025-08-04,2025-08-05,2025-08-12,GE,XLI,275.2067500983989,278.56390380859375,278.56390380859375,5,time_exit,SHORT,SHORT,0.4964614659547806,0.5036319494247437,0.4892909824848175,0.4710936770337162,0.4806382358074188,50.35385340452194,0.5076256990432739,2,False,True,True,52.5,True,0.25454607605934143,UNRANKED,,False,,,
2025-08-05,2025-08-06,2025-08-13,GE,XLI,272.45729337953037,267.8349609375,267.8349609375,5,time_exit,LONG,LONG,0.5027029514312744,0.49981027841567993,0.5055956244468689,0.4710936770337162,0.46415087580680847,50.27029514312744,0.5076256990432739,2,False,True,True,52.5,True,0.28762975335121155,UNRANKED,,False,,,
2025-08-06,2025-08-07,2025-08-12,GE,XLI,270.91320013686624,268.6717834472656,276.5573041407725,3,take_profit,LONG,LONG,0.5060295164585114,0.5031549334526062,0.5089040994644165,0.4710936770337162,0.4435034990310669,50.602951645851135,0.5076256990432739,2,False,True,True,52.5,True,0.3298331797122954,UNRANKED,,False,,,
2025-08-07,2025-08-08,2025-08-12,GE,XLI,272.5369765501388,266.8288269042969,277.7925699862437,2,take_profit,LONG,LONG,0.5021213889122009,0.5066115260124207,0.4976312518119812,0.4710936770337162,0.43201810121536255,50.21213889122009,0.5076256990432739,2,False,True,True,52.5,True,0.32488948106765747,UNRANKED,,False,,,
2025-08-08,2025-08-11,2025-08-13,GE,XLI,274.10099025431794,267.4265441894531,268.4782223971751,2,take_profit,SHORT,SHORT,0.49624431133270264,0.479484498500824,0.5130041241645813,0.4598190526875997,0.6062896847724915,50.375568866729736,0.5076256990432739,2,False,True,True,52.5,True,0.3416506946086884,UNRANKED,,False,,,
2025-08-11,2025-08-12,2025-08-13,GE,XLI,274.98759448170136,264.9161682128906,269.8871175355518,1,take_profit,SHORT,SHORT,0.4990309923887253,0.48505786061286926,0.5130041241645813,0.4710936770337162,0.5038003921508789,50.09690076112747,0.5076256990432739,2,False,True,True,52.5,True,0.3377279043197632,UNRANKED,,False,,,
2025-08-12,2025-08-13,2025-08-14,GE,XLI,279.9286919733521,265.4241943359375,274.7926402504168,1,stop_loss,LONG,LONG,0.5060367584228516,0.5031694173812866,0.5089040994644165,0.4710936770337162,0.452066034078598,50.603675842285156,0.5076256990432739,2,False,True,True,52.5,True,0.38196262717247004,UNRANKED,,False,,,
2025-08-13,2025-08-14,2025-08-19,GE,XLI,271.9492184643253,267.6855163574219,265.9678341869816,3,stop_loss,LONG,LONG,0.5075536966323853,0.531181812286377,0.48392558097839355,0.4710936770337162,0.44761979579925537,50.755369663238525,0.5076256990432739,2,False,True,True,52.5,True,0.22993218898773193,UNRANKED,,False,,,
2025-08-14,2025-08-15,2025-08-22,GE,XLI,267.8947548213937,265.51385498046875,265.51385498046875,5,time_exit,LONG,LONG,0.500316321849823,0.4992489218711853,0.5013837218284607,0.4710936770337162,0.4499329626560211,50.0316321849823,0.5076256990432739,2,False,True,True,52.5,True,0.3031497001647949,UNRANKED,,False,,,
2025-08-15,2025-08-18,2025-08-25,GE,XLI,266.87862282852194,265.593505859375,265.593505859375,5,time_exit,SHORT,SHORT,0.49741269648075104,0.5076362490653992,0.4871891438961029,0.5076362490653992,0.48030316829681396,50.258730351924896,0.5036262273788452,2,False,True,True,52.0,True,0.29952046275138866,UNRANKED,,False,,,
2025-08-18,2025-08-19,2025-08-26,GE,XLI,265.2947243751495,272.8956298828125,271.05269382269415,5,stop_loss,SHORT,SHORT,0.49895069003105164,0.4969649910926819,0.5009363889694214,0.4969649910926819,0.5050399899482727,50.104930996894836,0.5036262273788452,2,False,True,True,52.0,True,0.4666151404380799,UNRANKED,,False,,,
2025-08-19,2025-08-20,2025-08-26,GE,XLI,264.4479196620784,272.307861328125,270.1034241612413,4,stop_loss,SHORT,SHORT,0.4885825216770172,0.5007714033126831,0.4763936400413513,0.5007714033126831,0.48202434182167053,51.14174783229828,0.5036262273788452,1,True,False,True,52.0,True,0.3053913712501526,UNRANKED,,False,,,
2025-08-20,2025-08-21,2025-08-26,GE,XLI,266.1215251940154,274.94775390625,271.49809466946186,3,take_profit,LONG,LONG,0.5016528517007828,0.499469131231308,0.5038365721702576,0.499469131231308,0.4268049895763397,50.16528517007828,0.5036262273788452,2,False,True,True,52.0,True,0.31996449828147877,UNRANKED,,False,,,
2025-08-21,2025-08-22,2025-08-28,GE,XLI,268.70166716283023,274.15081787109375,274.1593567205869,4,stop_loss,SHORT,SHORT,0.4996074438095093,0.49827849864959717,0.5009363889694214,0.49827849864959717,0.41653546690940857,50.03925561904907,0.5036262273788452,2,False,True,True,52.0,True,0.2807340919971467,UNRANKED,,False,,,
2025-08-22,2025-08-25,2025-08-26,GE,XLI,265.9820335346548,274.3401184082031,270.7751243549673,1,take_profit,LONG,LONG,0.5028723776340485,0.49827849864959717,0.5074662566184998,0.49827849864959717,0.41529908776283264,50.287237763404846,0.5036262273788452,2,False,True,True,52.0,True,0.431852102279663,UNRANKED,,False,,,
2025-08-25,2025-08-26,2025-08-27,GE,XLI,266.9583603795109,274.87799072265625,271.1779212751582,1,stop_loss,SHORT,SHORT,0.4996074438095093,0.49827849864959717,0.5009363889694214,0.49827849864959717,0.42359933257102966,50.03925561904907,0.5036262273788452,2,False,True,True,52.0,True,0.319757968187332,UNRANKED,,False,,,
2025-08-26,2025-08-27,2025-09-04,GE,XLI,272.6565330360892,281.19384765625,277.896479673924,5,take_profit,LONG,LONG,0.5069029182195663,0.499469131231308,0.5143367052078247,0.499469131231308,0.41812610626220703,50.690291821956635,0.5036262273788452,1,True,True,False,52.0,True,0.2731015682220458,UNRANKED,,False,,,
2025-08-27,2025-08-28,2025-09-04,GE,XLI,271.46109760671425,278.1654357910156,276.74800643762944,4,take_profit,LONG,LONG,0.5034676939249039,0.499469131231308,0.5074662566184998,0.499469131231308,0.41019511222839355,50.34676939249039,0.5036262273788452,2,False,True,True,52.0,True,0.32752293348312367,UNRANKED,,False,,,
2025-08-28,2025-08-29,2025-09-04,GE,XLI,274.94775572720215,274.9975280761719,280.1862723985191,3,take_profit,LONG,LONG,0.5103107541799545,0.499469131231308,0.5211523771286011,0.499469131231308,0.413953959941864,51.03107541799545,0.5036262273788452,1,True,True,False,52.0,True,0.25718474388122553,UNRANKED,,False,,,
2025-08-29,2025-09-02,2025-09-04,GE,XLI,272.85577820783914,275.18682861328125,278.18110430995966,2,stop_loss,SHORT,SHORT,0.4994632452726364,0.499469131231308,0.49945735931396484,0.499469131231308,0.44472989439964294,50.05367547273636,0.5036262273788452,2,False,True,True,52.0,True,0.2065460979938507,UNRANKED,,False,,,
2025-09-02,2025-09-03,2025-09-04,GE,XLI,274.85807791846497,282.3294677734375,279.580006106244,1,take_profit,LONG,LONG,0.5002027601003647,0.499469131231308,0.5009363889694214,0.499469131231308,0.4151434600353241,50.02027601003647,0.5036262273788452,2,False,True,True,52.0,True,0.20247533917427066,UNRANKED,,False,,,
2025-09-03,2025-09-04,2025-09-05,GE,XLI,274.77839742811057,280.4865417480469,278.04445839351234,1,stop_loss,SHORT,SHORT,0.4994632452726364,0.499469131231308,0.49945735931396484,0.499469131231308,0.44893205165863037,50.05367547273636,0.5036262273788452,2,False,True,True,52.0,True,0.16719824075698847,UNRANKED,,False,,,
2025-09-04,2025-09-05,2025-09-08,GE,XLI,281.19382378478537,280.6160583496094,277.14504361597955,1,stop_loss,LONG,LONG,0.5049508064985275,0.499469131231308,0.5104324817657471,0.499469131231308,0.44978296756744385,50.49508064985275,0.5036262273788452,1,True,True,False,52.0,True,0.35196071863174444,UNRANKED,,False,,,
2025-09-05,2025-09-08,2025-09-15,GE,XLI,278.93248058781245,285.6866455078125,283.1506115169419,5,take_profit,LONG,LONG,0.5002027601003647,0.499469131231308,0.5009363889694214,0.499469131231308,0.3994967043399811,50.02027601003647,0.5036262273788452,2,False,True,True,52.0,True,0.32190388441085804,UNRANKED,,False,,,
2025-09-08,2025-09-09,2025-09-10,GE,XLI,274.33012194546836,291.8530578613281,278.9154229359818,1,stop_loss,SHORT,SHORT,0.4974830150604248,0.499469131231308,0.4954968988895416,0.499469131231308,0.43530574440956116,50.25169849395752,0.5036262273788452,2,False,True,True,52.0,True,0.27687433362007147,UNRANKED,,False,,,
2025-09-09,2025-09-10,2025-09-15,GE,XLI,276.49179394364967,288.39630126953125,280.7455127285269,3,take_profit,LONG,LONG,0.5057404786348343,0.499469131231308,0.5120118260383606,0.499469131231308,0.459522545337677,50.57404786348343,0.5036262273788452,1,True,True,False,52.0,True,0.42629811167716963,UNRANKED,,False,,,
2025-09-10,2025-09-11,2025-09-16,GE,XLI,282.648281935466,295.95733642578125,287.84980258278745,3,take_profit,LONG,LONG,0.5024763494729996,0.499469131231308,0.5054835677146912,0.499469131231308,0.42381295561790466,50.24763494729996,0.5036262273788452,2,False,True,True,52.0,True,0.27481481432914745,UNRANKED,,False,,,
2025-09-11,2025-09-12,2025-09-15,GE,XLI,280.48654911085447,299.9919128417969,285.62829890159105,1,take_profit,LONG,LONG,0.5034676939249039,0.499469131231308,0.5074662566184998,0.499469131231308,0.41708874702453613,50.34676939249039,0.5036262273788452,2,False,True,True,52.0,True,0.3473675549030304,UNRANKED,,False,,,
2025-09-12,2025-09-15,2025-09-16,GE,XLI,280.914898946067,299.8723449707031,285.76491376889066,1,take_profit,LONG,LONG,0.5057404786348343,0.499469131231308,0.5120118260383606,0.499469131231308,0.4174594581127167,50.57404786348343,0.5036262273788452,1,True,True,False,52.0,True,0.4840742349624633,UNRANKED,,False,,,
2025-09-15,2025-09-16,2025-09-18,GE,XLI,288.76487048060636,304.4648132324219,294.3278762004724,2,take_profit,LONG,LONG,0.5057404786348343,0.499469131231308,0.5120118260383606,0.499469131231308,0.4512796998023987,50.57404786348343,0.5036262273788452,1,True,True,False,52.0,True,0.4249610304832457,UNRANKED,,False,,,
2025-09-16,2025-09-17,2025-09-19,GE,XLI,290.9764234254873,299.15509033203125,296.37718462107887,2,take_profit,LONG,LONG,0.5024763494729996,0.499469131231308,0.5054835677146912,0.499469131231308,0.4609791338443756,50.24763494729996,0.5036262273788452,2,False,True,True,52.0,True,0.23536905646324158,UNRANKED,,False,,,
2025-09-17,2025-09-18,2025-09-19,GE,XLI,289.6016554039499,296.0469970703125,295.4122720334142,1,stop_loss,SHORT,SHORT,0.4992392808198929,0.499469131231308,0.4990094304084778,0.499469131231308,0.48528122901916504,50.07607191801071,0.5036262273788452,2,False,True,True,52.0,True,0.20156601071357724,UNRANKED,,False,,,
2025-09-18,2025-09-19,2025-09-23,GE,XLI,296.654678697744,293.8553771972656,303.1683156955118,2,stop_loss,SHORT,SHORT,0.4974830150604248,0.499469131231308,0.4954968988895416,0.499469131231308,0.4898717999458313,50.25169849395752,0.5036262273788452,2,False,True,True,52.0,True,0.20269617438316342,UNRANKED,,False,,,
2025-09-19,2025-09-22,2025-09-29,GE,XLI,298.95586951169633,292.8679504394531,292.8679504394531,5,time_exit,SHORT,SHORT,0.4974830150604248,0.499469131231308,0.4954968988895416,0.499469131231308,0.5024727582931519,50.25169849395752,0.5036262273788452,2,False,True,True,52.0,True,0.1420962810516357,UNRANKED,,False,,,
2025-09-22,2025-09-23,2025-09-29,GE,XLI,300.49997574180964,300.039306640625,293.5337804990641,4,stop_loss,LONG,LONG,0.5068704336881638,0.499469131231308,0.5142717361450195,0.499469131231308,0.5167917013168335,50.687043368816376,0.5036262273788452,1,True,True,False,52.0,True,0.11665794253349306,UNRANKED,,False,,,
2025-09-23,2025-09-24,2025-09-25,GE,XLI,305.72993382969526,300.0991516113281,298.1845105944832,1,stop_loss,LONG,LONG,0.5066792368888855,0.5058922171592712,0.5074662566184998,0.5058922171592712,0.43213462829589844,50.66792368888855,0.5036262273788452,1,True,True,False,52.0,True,0.28378784656524664,UNRANKED,,False,,,
2025-09-24,2025-09-25,2025-10-02,GE,XLI,297.36197188045094,298.6728515625,298.6728515625,5,time_exit,LONG,LONG,0.5002027601003647,0.499469131231308,0.5009363889694214,0.499469131231308,0.4736516773700714,50.02027601003647,0.5036262273788452,2,False,True,True,52.0,True,0.12543407082557687,UNRANKED,,False,,,
2025-09-25,2025-09-26,2025-10-03,GE,XLI,298.78648670400855,296.2292175292969,296.2292175292969,5,time_exit,LONG,LONG,0.5024763494729996,0.499469131231308,0.5054835677146912,0.499469131231308,0.5346078872680664,50.24763494729996,0.5036262273788452,2,False,True,True,52.0,True,0.21056222915649428,UNRANKED,,False,,,
2025-09-26,2025-09-29,2025-10-06,GE,XLI,295.5908458225106,297.446044921875,297.446044921875,5,time_exit,LONG,LONG,0.5021402388811111,0.49681422114372253,0.5074662566184998,0.49681422114372253,0.49582505226135254,50.214023888111115,0.5036262273788452,2,False,True,True,52.0,True,0.5325293242931367,UNRANKED,,False,,,
2025-09-29,2025-09-30,2025-10-07,GE,XLI,293.945147740601,300.9568786621094,300.9568786621094,5,time_exit,LONG,LONG,0.5021402388811111,0.49681422114372253,0.5074662566184998,0.49681422114372253,0.5006439089775085,50.214023888111115,0.5036262273788452,2,False,True,True,52.0,True,0.32887485623359686,UNRANKED,,False,,,
2025-09-30,2025-10-01,2025-10-08,GE,XLI,295.61083015315427,301.7747802734375,301.7747802734375,5,time_exit,LONG,LONG,0.5002027601003647,0.499469131231308,0.5009363889694214,0.499469131231308,0.5101068615913391,50.02027601003647,0.5036262273788452,2,False,True,True,52.0,True,0.23922279477119457,UNRANKED,,False,,,
2025-10-01,2025-10-02,2025-10-09,GE,XLI,301.52541441291515,298.5731201171875,298.5731201171875,5,time_exit,LONG,LONG,0.5034676939249039,0.499469131231308,0.5074662566184998,0.499469131231308,0.4947465658187866,50.34676939249039,0.5036262273788452,2,False,True,True,52.0,True,0.20060667395591741,UNRANKED,,False,,,
2025-10-02,2025-10-03,2025-10-10,GE,XLI,298.6828247477028,290.7334899902344,291.36057220166487,5,stop_loss,LONG,LONG,0.5002027601003647,0.499469131231308,0.5009363889694214,0.499469131231308,0.5109038949012756,50.02027601003647,0.5036262273788452,2,False,True,True,52.0,True,0.2529167234897613,UNRANKED,,False,,,
2025-10-03,2025-10-06,2025-10-13,GE,XLI,295.0323120408108,296.7578430175781,296.7578430175781,5,time_exit,LONG,LONG,0.5002027601003647,0.499469131231308,0.5009363889694214,0.499469131231308,0.5074631571769714,50.02027601003647,0.5036262273788452,2,False,True,True,52.0,True,0.30201920866966253,UNRANKED,,False,,,
2025-10-06,2025-10-07,2025-10-10,GE,XLI,297.2964205288471,299.30120849609375,291.0565305665145,3,stop_loss,LONG,LONG,0.5002027601003647,0.499469131231308,0.5009363889694214,0.499469131231308,0.45236873626708984,50.02027601003647,0.5036262273788452,2,False,True,True,52.0,True,0.19472134113311773,UNRANKED,,False,,,
2025-10-07,2025-10-08,2025-10-10,GE,XLI,302.61259661513134,299.3410949707031,296.36498134587913,2,stop_loss,LONG,LONG,0.5002027601003647,0.499469131231308,0.5009363889694214,0.499469131231308,0.48894554376602173,50.02027601003647,0.5036262273788452,2,False,True,True,52.0,True,0.19963514804840088,UNRANKED,,False,,,
2025-10-08,2025-10-09,2025-10-10,GE,XLI,301.92438549052827,299.06182861328125,296.64007501340774,1,stop_loss,LONG,LONG,0.5006537288427353,0.499469131231308,0.5018383264541626,0.499469131231308,0.4848896265029907,50.06537288427353,0.5036262273788452,2,False,True,True,52.0,True,0.21290773153305056,UNRANKED,,False,,,
2025-10-09,2025-10-10,2025-10-17,GE,XLI,298.2240091235511,299.3610534667969,299.3610534667969,5,time_exit,LONG,LONG,0.5024763494729996,0.499469131231308,0.5054835677146912,0.499469131231308,0.4226750135421753,50.24763494729996,0.5036262273788452,2,False,True,True,52.0,True,0.2623240649700164,UNRANKED,,False,,,
2025-10-10,2025-10-13,2025-10-20,GE,XLI,295.23181492149877,301.89447021484375,301.50000339806127,5,stop_loss,SHORT,SHORT,0.4974830150604248,0.499469131231308,0.4954968988895416,0.499469131231308,0.46191900968551636,50.25169849395752,0.5036262273788452,2,False,True,True,52.0,True,0.5289606451988221,UNRANKED,,False,,,
2025-10-13,2025-10-14,2025-10-20,GE,XLI,294.0748172676388,305.8341979980469,300.54756071071915,4,take_profit,LONG,LONG,0.5036666542291641,0.499469131231308,0.5078641772270203,0.499469131231308,0.46686145663261414,50.36666542291641,0.5036262273788452,1,True,True,False,52.0,True,0.4325325191020966,UNRANKED,,False,,,
2025-10-14,2025-10-15,2025-10-22,GE,XLI,300.75742304362984,297.1169128417969,297.1169128417969,5,time_exit,LONG,LONG,0.5034676939249039,0.499469131231308,0.5074662566184998,0.499469131231308,0.41839179396629333,50.34676939249039,0.5036262273788452,2,False,True,True,52.0,True,0.4647681713104248,UNRANKED,,False,,,
2025-10-15,2025-10-16,2025-10-23,GE,XLI,300.8870963026041,305.5948486328125,305.5948486328125,5,time_exit,LONG,LONG,0.5034676939249039,0.499469131231308,0.5074662566184998,0.499469131231308,0.4354671835899353,50.34676939249039,0.5036262273788452,2,False,True,True,52.0,True,0.4019997715950012,UNRANKED,,False,,,
2025-10-16,2025-10-17,2025-10-21,GE,XLI,297.39616504146863,303.0813903808594,302.76220595246195,2,take_profit,LONG,LONG,0.5008714497089386,0.4969649910926819,0.5047779083251953,0.4969649910926819,0.42770105600357056,50.08714497089386,0.5036262273788452,2,False,True,True,52.0,True,0.31627723574638383,UNRANKED,,False,,,
2025-10-17,2025-10-20,2025-10-22,GE,XLI,303.0714005450026,312.0281066894531,297.803674191766,2,stop_loss,LONG,LONG,0.5002027601003647,0.499469131231308,0.5009363889694214,0.499469131231308,0.4208000898361206,50.02027601003647,0.5036262273788452,2,False,True,True,52.0,True,0.1806111931800843,UNRANKED,,False,,,
2025-10-20,2025-10-21,2025-10-22,GE,XLI,306.5024420796342,308.98602294921875,301.89727850541544,1,stop_loss,LONG,LONG,0.5002027601003647,0.499469131231308,0.5009363889694214,0.499469131231308,0.42112043499946594,50.02027601003647,0.5036262273788452,2,False,True,True,52.0,True,0.32136642932891846,UNRANKED,,False,,,
2025-10-21,2025-10-22,2025-10-27,GE,XLI,306.8017043520388,313.46435546875,311.96113689947185,3,take_profit,LONG,LONG,0.5002027601003647,0.499469131231308,0.5009363889694214,0.499469131231308,0.40485769510269165,50.02027601003647,0.5036262273788452,2,False,True,True,52.0,True,0.20180207490921023,UNRANKED,,False,,,
2025-10-22,2025-10-23,2025-10-27,GE,XLI,298.37361771792695,309.9435119628906,304.57461956642027,2,take_profit,LONG,LONG,0.5002027601003647,0.499469131231308,0.5009363889694214,0.499469131231308,0.4170341193675995,50.02027601003647,0.5036262273788452,2,False,True,True,52.0,True,0.3732571303844452,UNRANKED,,False,,,
2025-10-23,2025-10-24,2025-10-31,GE,XLI,308.3875911988728,308.148193359375,308.148193359375,5,time_exit,LONG,LONG,0.5002027601003647,0.499469131231308,0.5009363889694214,0.499469131231308,0.42684704065322876,50.02027601003647,0.5036262273788452,2,False,True,True,52.0,True,0.3350522518157959,UNRANKED,,False,,,
2025-10-24,2025-10-27,2025-11-03,GE,XLI,306.69198504644567,307.8190612792969,307.8190612792969,5,time_exit,SHORT,SHORT,0.4994632452726364,0.499469131231308,0.49945735931396484,0.499469131231308,0.45262354612350464,50.05367547273636,0.5036262273788452,2,False,True,True,52.0,True,0.2581672966480255,UNRANKED,,False,,,
2025-10-27,2025-10-28,2025-11-04,GE,XLI,311.2900254637117,303.4105224609375,303.4105224609375,5,time_exit,LONG,LONG,0.5057404786348343,0.499469131231308,0.5120118260383606,0.499469131231308,0.4879699945449829,50.57404786348343,0.5036262273788452,1,True,True,False,52.0,True,0.4108065664768219,UNRANKED,,False,,,
2025-10-28,2025-10-29,2025-11-05,GE,XLI,309.19546446718965,304.3181457519531,304.3181457519531,5,time_exit,LONG,LONG,0.5072889924049377,0.48778045177459717,0.5267975330352783,0.48778045177459717,0.5489388704299927,50.728899240493774,0.5036262273788452,1,True,True,False,52.0,True,0.39863204956054715,UNRANKED,,False,,,
2025-10-29,2025-10-30,2025-11-06,GE,XLI,309.6043980159225,304.47772216796875,304.47772216796875,5,time_exit,LONG,LONG,0.5124989449977875,0.49820035696029663,0.5267975330352783,0.49820035696029663,0.5500292181968689,51.24989449977875,0.5036262273788452,1,True,True,False,52.0,True,0.40956053137779214,UNRANKED,,False,,,
2025-10-30,2025-10-31,2025-11-07,GE,XLI,310.9309305487887,306.4725341796875,306.4725341796875,5,time_exit,LONG,LONG,0.50176140666008,0.4944879412651062,0.5090348720550537,0.4944879412651062,0.5332697033882141,50.176140666007996,0.5036262273788452,2,False,True,True,52.0,True,0.6209648847579957,UNRANKED,,False,,,
2025-10-31,2025-11-03,2025-11-10,GE,XLI,308.2978265360949,311.1304626464844,311.1304626464844,5,time_exit,LONG,LONG,0.5057404786348343,0.499469131231308,0.5120118260383606,0.499469131231308,0.5192195177078247,50.57404786348343,0.5036262273788452,1,True,True,False,52.0,True,0.672186017036438,UNRANKED,,False,,,
2025-11-03,2025-11-04,2025-11-11,GE,XLI,305.02631320770286,309.9136047363281,309.9136047363281,5,time_exit,LONG,LONG,0.5024763494729996,0.499469131231308,0.5054835677146912,0.499469131231308,0.4558272063732147,50.24763494729996,0.5036262273788452,2,False,True,True,52.0,True,0.3878960907459258,UNRANKED,,False,,,
2025-11-04,2025-11-05,2025-11-10,GE,XLI,302.662480668558,308.218017578125,310.2740921710691,3,take_profit,LONG,LONG,0.5045971721410751,0.5105701684951782,0.49862417578697205,0.5105701684951782,0.4106784462928772,50.45971721410751,0.5036262273788452,1,True,True,False,52.0,True,0.33005130290985124,UNRANKED,,False,,,
2025-11-05,2025-11-06,2025-11-10,GE,XLI,302.94174084379955,303.380615234375,310.6431176225384,2,take_profit,LONG,LONG,0.5043328702449799,0.5015846490859985,0.5070810914039612,0.5015846490859985,0.378444105386734,50.433287024497986,0.5036262273788452,1,True,True,False,52.0,True,0.3909868001937867,UNRANKED,,False,,,
2025-11-06,2025-11-07,2025-11-10,GE,XLI,303.24095266066655,304.0289306640625,310.9223796626197,1,take_profit,LONG,LONG,0.5043328702449799,0.5015846490859985,0.5070810914039612,0.5015846490859985,0.38776862621307373,50.433287024497986,0.5036262273788452,1,True,True,False,52.0,True,0.5547238290309906,UNRANKED,,False,,,
2025-11-07,2025-11-10,2025-11-17,GE,XLI,309.13565300224883,299.3511047363281,301.53116953405686,5,stop_loss,LONG,LONG,0.5039262473583221,0.5007714033126831,0.5070810914039612,0.5007714033126831,0.3839256465435028,50.392624735832214,0.5036262273788452,1,True,True,False,52.0,True,0.3112605512142182,UNRANKED,,False,,,
2025-11-10,2025-11-11,2025-11-17,GE,XLI,309.6941744740771,295.2417907714844,301.9870909082289,4,take_profit,SHORT,SHORT,0.49887530505657196,0.49681422114372253,0.5009363889694214,0.49681422114372253,0.4765535295009613,50.112469494342804,0.5036262273788452,2,False,True,True,52.0,True,0.14071932435035717,UNRANKED,,False,,,
2025-11-11,2025-11-12,2025-11-17,GE,XLI,309.97345975068646,300.039306640625,303.33786579142304,3,stop_loss,LONG,LONG,0.5002027601003647,0.499469131231308,0.5009363889694214,0.499469131231308,0.4030672311782837,50.02027601003647,0.5036262273788452,2,False,True,True,52.0,True,0.2830973863601686,UNRANKED,,False,,,
2025-11-12,2025-11-13,2025-11-17,GE,XLI,309.1755343783529,289.86578369140625,303.50884736663414,2,take_profit,SHORT,SHORT,0.4992942065000534,0.499469131231308,0.49911928176879883,0.499469131231308,0.41859960556030273,50.07057934999466,0.5036262273788452,2,False,True,True,52.0,True,0.20956405997276306,UNRANKED,,False,,,
2025-11-13,2025-11-14,2025-11-20,GE,XLI,300.1889161946154,286.69403076171875,294.1902371697828,4,take_profit,SHORT,SHORT,0.49909962713718414,0.499469131231308,0.4987301230430603,0.499469131231308,0.4197927713394165,50.090037286281586,0.5036262273788452,2,False,True,True,52.0,True,0.3211006820201875,UNRANKED,,False,,,
2025-11-14,2025-11-17,2025-11-18,GE,XLI,306.0237452219258,293.2868347167969,301.210552036937,1,stop_loss,LONG,LONG,0.5012392848730087,0.499469131231308,0.5030094385147095,0.499469131231308,0.3637044131755829,50.12392848730087,0.5036262273788452,2,False,True,True,52.0,True,0.4476072490215301,UNRANKED,,False,,,
2025-11-17,2025-11-18,2025-11-20,GE,XLI,295.0622347827193,292.6784362792969,290.01536414237336,2,stop_loss,LONG,LONG,0.5034676939249039,0.499469131231308,0.5074662566184998,0.499469131231308,0.4050735831260681,50.34676939249039,0.5036262273788452,2,False,True,True,52.0,True,0.6409448981285095,UNRANKED,,False,,,
2025-11-18,2025-11-19,2025-11-20,GE,XLI,295.0921571247549,295.8501892089844,290.09800342079285,1,stop_loss,LONG,LONG,0.5034676939249039,0.499469131231308,0.5074662566184998,0.499469131231308,0.4433257579803467,50.34676939249039,0.5036262273788452,2,False,True,True,52.0,True,0.6115971207618712,UNRANKED,,False,,,
2025-11-19,2025-11-20,2025-11-21,GE,XLI,304.60742570193406,297.67547607421875,299.43089023178896,1,stop_loss,LONG,LONG,0.5002027601003647,0.499469131231308,0.5009363889694214,0.499469131231308,0.4296262860298157,50.02027601003647,0.5036262273788452,2,False,True,True,52.0,True,0.5069206953048706,UNRANKED,,False,,,
2025-11-20,2025-11-21,2025-11-28,GE,XLI,289.86577063880253,287.701416015625,296.23919244404806,4,take_profit,LONG,LONG,0.5027282983064651,0.499469131231308,0.5059874653816223,0.499469131231308,0.45095524191856384,50.272829830646515,0.5036262273788452,2,False,True,True,52.0,True,0.5686635076999663,UNRANKED,,False,,,
2025-11-21,2025-11-24,2025-11-26,GE,XLI,288.72871845089014,288.56915283203125,295.508228948937,2,take_profit,LONG,LONG,0.5021402388811111,0.49681422114372253,0.5074662566184998,0.49681422114372253,0.4285546839237213,50.214023888111115,0.5036262273788452,2,False,True,True,52.0,True,0.7371070981025695,UNRANKED,,False,,,
2025-11-24,2025-11-25,2025-12-03,GE,XLI,293.7256990342098,287.74127197265625,287.74127197265625,5,time_exit,LONG,LONG,0.5034676939249039,0.499469131231308,0.5074662566184998,0.499469131231308,0.40588614344596863,50.34676939249039,0.5036262273788452,2,False,True,True,52.0,True,0.4985532760620117,UNRANKED,,False,,,
2025-11-25,2025-11-26,2025-12-04,GE,XLI,294.4438448725022,291.1025390625,291.1025390625,5,time_exit,LONG,LONG,0.5034676939249039,0.499469131231308,0.5074662566184998,0.499469131231308,0.41721242666244507,50.34676939249039,0.5036262273788452,2,False,True,True,52.0,True,0.5192970335483552,UNRANKED,,False,,,
2025-11-26,2025-11-28,2025-12-01,GE,XLI,296.2392107206885,283.203125,288.7600978230881,1,stop_loss,LONG,LONG,0.5002027601003647,0.499469131231308,0.5009363889694214,0.499469131231308,0.4266718029975891,50.02027601003647,0.5036262273788452,2,False,True,True,52.0,True,0.3800835609436035,UNRANKED,,False,,,
2025-11-28,2025-12-01,2025-12-05,GE,XLI,294.9824586089825,286.4446716308594,287.52756358945123,4,stop_loss,LONG,LONG,0.5002027601003647,0.499469131231308,0.5009363889694214,0.499469131231308,0.45421141386032104,50.02027601003647,0.5036262273788452,2,False,True,True,52.0,True,0.4606308043003083,UNRANKED,,False,,,
2025-12-01,2025-12-02,2025-12-09,GE,XLI,290.04529239812956,284.5695495605469,284.5695495605469,5,time_exit,LONG,LONG,0.5091740638017654,0.499469131231308,0.5188789963722229,0.499469131231308,0.429113507270813,50.917406380176544,0.5036262273788452,1,True,True,False,52.0,True,0.38580614328384405,UNRANKED,,False,,,
2025-12-02,2025-12-03,2025-12-10,GE,XLI,287.2924581209782,282.8639831542969,282.8639831542969,5,time_exit,LONG,LONG,0.5034676939249039,0.499469131231308,0.5074662566184998,0.499469131231308,0.4455660581588745,50.34676939249039,0.5036262273788452,2,False,True,True,52.0,True,0.5299794375896455,UNRANKED,,False,,,
2025-12-03,2025-12-04,2025-12-11,GE,XLI,288.10037142867236,287.6714782714844,287.6714782714844,5,time_exit,LONG,LONG,0.5002027601003647,0.499469131231308,0.5009363889694214,0.499469131231308,0.4455670118331909,50.02027601003647,0.5036262273788452,2,False,True,True,52.0,True,0.38854154944419855,UNRANKED,,False,,,
2025-12-04,2025-12-05,2025-12-10,GE,XLI,290.91307516126415,299.03192138671875,283.08344172097395,3,stop_loss,LONG,LONG,0.503626212477684,0.499469131231308,0.5077832937240601,0.499469131231308,0.4492594301700592,50.3626212477684,0.5036262273788452,2,False,True,True,52.0,True,0.31470352411270147,UNRANKED,,False,,,
2025-12-05,2025-12-08,2025-12-12,GE,XLI,284.2603528005847,300.1988830566406,293.1258574741338,4,take_profit,LONG,LONG,0.503626212477684,0.499469131231308,0.5077832937240601,0.499469131231308,0.48430734872817993,50.3626212477684,0.5036262273788452,2,False,True,True,52.0,True,0.2665507793426513,UNRANKED,,False,,,
2025-12-08,2025-12-09,2025-12-12,GE,XLI,286.4546591668383,297.9547424316406,295.114981083691,3,take_profit,LONG,LONG,0.502099022269249,0.499469131231308,0.5047289133071899,0.499469131231308,0.4658828377723694,50.209902226924896,0.5036262273788452,2,False,True,True,52.0,True,0.33381879329681385,UNRANKED,,False,,,
2025-12-09,2025-12-10,2025-12-12,GE,XLI,284.7091879640217,291.42169189453125,293.050339610227,2,stop_loss,SHORT,SHORT,0.4998658746480942,0.499469131231308,0.5002626180648804,0.499469131231308,0.43926528096199036,50.01341253519058,0.5036262273788452,2,False,True,True,52.0,True,0.3644270598888397,UNRANKED,,False,,,
2025-12-10,2025-12-11,2025-12-12,GE,XLI,281.34790565903603,300.90704345703125,289.24735023911416,1,take_profit,LONG,LONG,0.5002027601003647,0.499469131231308,0.5009363889694214,0.499469131231308,0.4308702051639557,50.02027601003647,0.5036262273788452,2,False,True,True,52.0,True,0.3670251369476318,UNRANKED,,False,,,
2025-12-11,2025-12-12,2025-12-15,GE,XLI,290.17496216703194,306.4127197265625,297.30783134253414,1,stop_loss,SHORT,SHORT,0.49887530505657196,0.49681422114372253,0.5009363889694214,0.49681422114372253,0.42961859703063965,50.112469494342804,0.5036262273788452,2,False,True,True,52.0,True,0.3676160871982575,UNRANKED,,False,,,
2025-12-12,2025-12-15,2025-12-22,GE,XLI,299.22141547494033,313.9132080078125,307.5240975340921,5,take_profit,LONG,LONG,0.5022493302822113,0.500662088394165,0.5038365721702576,0.500662088394165,0.456138014793396,50.22493302822113,0.5036262273788452,2,False,True,True,52.0,True,0.2343862950801849,UNRANKED,,False,,,
2025-12-15,2025-12-16,2025-12-19,GE,XLI,296.8875120062979,314.71112060546875,304.41507373899884,3,stop_loss,SHORT,SHORT,0.4885278642177582,0.500662088394165,0.4763936400413513,0.500662088394165,0.5365804433822632,51.14721357822418,0.5036262273788452,1,True,False,True,52.0,True,-0.15437114238739,UNRANKED,,False,,,
2025-12-16,2025-12-17,2025-12-19,GE,XLI,298.34368280398763,315.927978515625,306.10492199204566,2,take_profit,LONG,LONG,0.5007992386817932,0.500662088394165,0.5009363889694214,0.500662088394165,0.3559899926185608,50.07992386817932,0.5036262273788452,2,False,True,True,52.0,True,0.36278474330902094,UNRANKED,,False,,,
2025-12-17,2025-12-18,2025-12-19,GE,XLI,295.23180795684465,314.3221435546875,303.4732325173915,1,take_profit,LONG,LONG,0.5027199983596802,0.500662088394165,0.5047779083251953,0.500662088394165,0.4011073708534241,50.27199983596802,0.5036262273788452,2,False,True,True,52.0,True,0.3571201860904692,UNRANKED,,False,,,
2025-12-18,2025-12-19,2025-12-22,GE,XLI,303.4404729066044,311.12677001953125,312.77619242390347,1,take_profit,LONG,LONG,0.5040641725063324,0.500662088394165,0.5074662566184998,0.500662088394165,0.3405720889568329,50.40641725063324,0.5036262273788452,1,True,True,False,52.0,True,0.41964095830917353,UNRANKED,,False,,,
2025-12-19,2025-12-22,2025-12-30,GE,XLI,308.8463748309896,311.33648681640625,311.33648681640625,5,time_exit,LONG,LONG,0.5067603886127472,0.500662088394165,0.5128586888313293,0.500662088394165,0.3798801004886627,50.67603886127472,0.5036262273788452,1,True,True,False,52.0,True,0.5074823200702666,UNRANKED,,False,,,
2025-12-22,2025-12-23,2025-12-31,GE,XLI,314.18249730373094,307.5819396972656,307.5819396972656,5,time_exit,LONG,LONG,0.5018357634544373,0.500662088394165,0.5030094385147095,0.500662088394165,0.39245134592056274,50.183576345443726,0.5036262273788452,2,False,True,True,52.0,True,0.5737496018409729,UNRANKED,,False,,,
2025-12-23,2025-12-24,2026-01-02,GE,XLI,315.1699411078711,320.283447265625,320.283447265625,5,time_exit,LONG,LONG,0.5139133930206299,0.500662088394165,0.5271646976470947,0.500662088394165,0.3909222483634949,51.39133930206299,0.5036262273788452,1,True,True,False,52.0,True,0.3907100558280944,UNRANKED,,False,,,
2025-12-24,2025-12-26,2026-01-05,GE,XLI,315.7783459485461,323.8482666015625,323.8482666015625,5,time_exit,LONG,LONG,0.5141278505325317,0.49820035696029663,0.5300553441047668,0.49820035696029663,0.400519460439682,51.412785053253174,0.5036262273788452,1,True,True,False,52.0,True,0.599625438451767,UNRANKED,,False,,,
2025-12-26,2025-12-29,2026-01-05,GE,XLI,312.8842197184218,327.0635681152344,321.31942654040836,4,take_profit,LONG,LONG,0.5030728280544281,0.500662088394165,0.5054835677146912,0.500662088394165,0.4566744863986969,50.30728280544281,0.5036262273788452,2,False,True,True,52.0,True,0.18134978413581854,UNRANKED,,False,,,
2025-12-29,2025-12-30,2026-01-02,GE,XLI,311.486262535626,323.16925048828125,319.9148732010836,2,stop_loss,SHORT,SHORT,0.4998357594013214,0.500662088394165,0.4990094304084778,0.500662088394165,0.45756247639656067,50.01642405986786,0.5036262273788452,2,False,True,True,52.0,True,0.1509872376918791,UNRANKED,,False,,,
2025-12-30,2025-12-31,2026-01-02,GE,XLI,311.68597715539187,313.9826354980469,319.87667278178697,1,stop_loss,SHORT,SHORT,0.4965708404779434,0.500662088394165,0.4924795925617218,0.500662088394165,0.5084076523780823,50.34291595220566,0.5036262273788452,2,False,True,True,52.0,True,0.009427040815353314,UNRANKED,,False,,,
2025-12-31,2026-01-02,2026-01-05,GE,XLI,309.29944751528404,321.1222229003906,317.78285467209207,1,take_profit,LONG,LONG,0.5007992386817932,0.500662088394165,0.5009363889694214,0.500662088394165,0.4351811707019806,50.07992386817932,0.5036262273788452,2,False,True,True,52.0,True,0.2515349090099335,UNRANKED,,False,,,
2026-01-02,2026-01-05,2026-01-12,GE,XLI,323.3489938781905,323.698486328125,323.698486328125,5,time_exit,SHORT,SHORT,0.4885278642177582,0.500662088394165,0.4763936400413513,0.500662088394165,0.4853149652481079,51.14721357822418,0.5036262273788452,1,True,False,True,52.0,True,0.269713431596756,UNRANKED,,False,,,
2026-01-05,2026-01-06,2026-01-08,GE,XLI,325.445929446571,326.7540283203125,316.9484667652094,2,stop_loss,LONG,LONG,0.5007992386817932,0.500662088394165,0.5009363889694214,0.500662088394165,0.4360209107398987,50.07992386817932,0.5036262273788452,2,False,True,True,52.0,True,0.2117989361286164,UNRANKED,,False,,,
2026-01-06,2026-01-07,2026-01-08,GE,XLI,327.9422963198305,318.4161682128906,319.1522136607903,1,stop_loss,LONG,LONG,0.5007992386817932,0.500662088394165,0.5009363889694214,0.500662088394165,0.5092641711235046,50.07992386817932,0.5036262273788452,2,False,True,True,52.0,True,0.009457498788833629,UNRANKED,,False,,,
2026-01-07,2026-01-08,2026-01-14,GE,XLI,329.6697760730963,319.474609375,320.6439538423485,4,stop_loss,LONG,LONG,0.5007992386817932,0.500662088394165,0.5009363889694214,0.500662088394165,0.4452706575393677,50.07992386817932,0.5036262273788452,2,False,True,True,52.0,True,0.26342591643333435,UNRANKED,,False,,,
2026-01-08,2026-01-09,2026-01-13,GE,XLI,316.6487283796335,324.6470642089844,326.05363124654195,2,take_profit,LONG,LONG,0.5040641725063324,0.500662088394165,0.5074662566184998,0.500662088394165,0.4097595810890198,50.40641725063324,0.5036262273788452,1,True,True,False,52.0,True,0.5743837356567384,UNRANKED,,False,,,
2026-01-09,2026-01-12,2026-01-20,GE,XLI,319.7342597413593,311.88568115234375,311.88568115234375,5,time_exit,LONG,LONG,0.5022493302822113,0.500662088394165,0.5038365721702576,0.500662088394165,0.455219566822052,50.22493302822113,0.5036262273788452,2,False,True,True,52.0,True,0.17536237835884105,UNRANKED,,False,,,
2026-01-12,2026-01-13,2026-01-20,GE,XLI,325.07644885733146,318.0367126464844,316.4251427049877,4,stop_loss,LONG,LONG,0.5007992386817932,0.500662088394165,0.5009363889694214,0.500662088394165,0.4570128917694092,50.07992386817932,0.5036262273788452,2,False,True,True,52.0,True,0.3643789291381836,UNRANKED,,False,,,
2026-01-13,2026-01-14,2026-01-20,GE,XLI,324.3475304419613,294.5708923339844,316.3312166166265,3,stop_loss,LONG,LONG,0.5007992386817932,0.500662088394165,0.5009363889694214,0.500662088394165,0.4631820321083069,50.07992386817932,0.5036262273788452,2,False,True,True,52.0,True,0.18481302261352536,UNRANKED,,False,,,
2026-01-14,2026-01-15,2026-01-22,GE,XLI,320.12365777342126,293.4425354003906,311.03020858954847,4,stop_loss,LONG,LONG,0.5040641725063324,0.500662088394165,0.5074662566184998,0.500662088394165,0.42609381675720215,50.40641725063324,0.5036262273788452,1,True,True,False,52.0,True,0.23871189355850223,UNRANKED,,False,,,
2026-01-15,2026-01-16,2026-01-20,GE,XLI,321.25201606245537,294.63079833984375,312.1811978425893,1,stop_loss,LONG,LONG,0.5040641725063324,0.500662088394165,0.5074662566184998,0.500662088394165,0.4501636028289795,50.40641725063324,0.5036262273788452,1,True,True,False,52.0,True,0.19409447908401486,UNRANKED,,False,,,
2026-01-16,2026-01-20,2026-01-22,GE,XLI,321.2819974621772,297.03729248046875,311.7016621175901,2,stop_loss,LONG,LONG,0.5007992386817932,0.500662088394165,0.5009363889694214,0.500662088394165,0.43033257126808167,50.07992386817932,0.5036262273788452,2,False,True,True,52.0,True,0.10002955794334396,UNRANKED,,False,,,
2026-01-20,2026-01-21,2026-01-22,GE,XLI,312.6046231857193,292.0545654296875,301.65771505234875,1,stop_loss,LONG,LONG,0.5007992386817932,0.500662088394165,0.5009363889694214,0.500662088394165,0.3826277256011963,50.07992386817932,0.5036262273788452,2,False,True,True,52.0,True,0.45026618242263794,UNRANKED,,False,,,
2026-01-21,2026-01-22,2026-01-23,GE,XLI,305.42507593173343,298.4252624511719,293.62940855589636,1,stop_loss,LONG,LONG,0.5022493302822113,0.500662088394165,0.5038365721702576,0.500662088394165,0.3703702688217163,50.22493302822113,0.5036262273788452,2,False,True,True,52.0,True,0.5711872279644012,UNRANKED,,False,,,
2026-01-22,2026-01-23,2026-01-30,GE,XLI,296.5679874162109,306.34375,306.34375,5,time_exit,LONG,LONG,0.5040641725063324,0.500662088394165,0.5074662566184998,0.500662088394165,0.5233539342880249,50.40641725063324,0.5036262273788452,1,True,True,False,52.0,True,0.5312243998050691,UNRANKED,,False,,,
2026-01-23,2026-01-26,2026-01-30,GE,XLI,292.57379728823196,308.2609558105469,305.532053601011,4,take_profit,LONG,LONG,0.5074993968009949,0.500662088394165,0.5143367052078247,0.500662088394165,0.5610657334327698,50.74993968009949,0.5036262273788452,1,True,True,False,52.0,True,0.659737229347229,UNRANKED,,False,,,
2026-01-26,2026-01-27,2026-02-02,GE,XLI,295.080152087447,309.4791564941406,307.6989003435854,4,take_profit,LONG,LONG,0.5116453468799591,0.500662088394165,0.5226286053657532,0.500662088394165,0.6256595253944397,51.16453468799591,0.5036262273788452,1,True,True,False,52.0,True,0.9403716921806335,UNRANKED,,False,,,
2026-01-27,2026-01-28,2026-02-03,GE,XLI,296.56797960347393,307.8914794921875,309.07118394917705,4,take_profit,LONG,LONG,0.5023725628852844,0.48778045177459717,0.5169646739959717,0.48778045177459717,0.6561081409454346,50.23725628852844,0.5036262273788452,2,False,True,True,52.0,True,0.7033943831920624,UNRANKED,,False,,,
2026-01-28,2026-01-29,2026-01-30,GE,XLI,292.87335248671354,305.9243469238281,305.53204389296354,1,take_profit,LONG,LONG,0.5072889924049377,0.48778045177459717,0.5267975330352783,0.48778045177459717,0.7200523018836975,50.728899240493774,0.5036262273788452,1,True,True,False,52.0,True,0.6992239356040953,UNRANKED,,False,,,
2026-01-29,2026-01-30,2026-02-03,GE,XLI,296.5679820588995,320.5330810546875,308.82439946961375,2,take_profit,LONG,LONG,0.5122091472148895,0.5189347267150879,0.5054835677146912,0.5189347267150879,0.6443095803260803,51.22091472148895,0.5036262273788452,1,True,True,False,52.0,True,0.34819838404655445,UNRANKED,,False,,,
2026-01-30,2026-02-02,2026-02-06,GE,XLI,305.1554941035552,316.2792663574219,317.5231829637673,4,take_profit,LONG,LONG,0.5063369572162628,0.500662088394165,0.5120118260383606,0.500662088394165,0.6399683952331543,50.63369572162628,0.5036262273788452,1,True,True,False,52.0,True,0.49296870827674877,UNRANKED,,False,,,
2026-02-02,2026-02-03,2026-02-10,GE,XLI,309.4392366203852,315.8698425292969,315.8698425292969,5,time_exit,SHORT,SHORT,0.4965708404779434,0.500662088394165,0.4924795925617218,0.500662088394165,0.5726359486579895,50.34291595220566,0.5036262273788452,2,False,True,True,52.0,True,0.282359391450882,UNRANKED,,False,,,
2026-02-03,2026-02-04,2026-02-11,GE,XLI,309.55906368867136,313.2736511230469,313.2736511230469,5,time_exit,SHORT,SHORT,0.486972376704216,0.4867556095123291,0.4871891438961029,0.4867556095123291,0.5982891321182251,51.3027623295784,0.5036262273788452,1,True,False,True,52.0,True,0.411153256893158,UNRANKED,,False,,,
2026-02-04,2026-02-05,2026-02-06,GE,XLI,306.26384870038396,312.43487548828125,317.3105972704174,1,take_profit,LONG,LONG,0.5001143962144852,0.49314770102500916,0.5070810914039612,0.49314770102500916,0.4689173996448517,50.01143962144852,0.5036262273788452,2,False,True,True,52.0,True,0.2316562533378602,UNRANKED,,False,,,
2026-02-05,2026-02-06,2026-02-13,GE,XLI,310.23808017268635,314.9512023925781,314.9512023925781,5,time_exit,LONG,LONG,0.5001143962144852,0.49314770102500916,0.5070810914039612,0.49314770102500916,0.44488605856895447,50.01143962144852,0.5036262273788452,2,False,True,True,52.0,True,0.26229351758956904,UNRANKED,,False,,,
2026-02-06,2026-02-09,2026-02-17,GE,XLI,320.5730299443213,326.6042175292969,326.6042175292969,5,time_exit,LONG,LONG,0.5012192726135254,0.5056310892105103,0.4968074560165405,0.5056310892105103,0.44541096687316895,50.12192726135254,0.5036262273788452,2,False,True,True,52.0,True,0.22572055459022522,UNRANKED,,False,,,
2026-02-09,2026-02-10,2026-02-18,GE,XLI,316.4789710492129,329.1005859375,327.7882056683535,5,take_profit,LONG,LONG,0.5007992386817932,0.500662088394165,0.5009363889694214,0.500662088394165,0.4529632329940796,50.07992386817932,0.5036262273788452,2,False,True,True,52.0,True,0.37512648105621327,UNRANKED,,False,,,
2026-02-10,2026-02-11,2026-02-19,GE,XLI,318.98533188066506,334.2530822753906,329.47433683323203,5,take_profit,LONG,LONG,0.5007992386817932,0.500662088394165,0.5009363889694214,0.500662088394165,0.4249574840068817,50.07992386817932,0.5036262273788452,2,False,True,True,52.0,True,0.3101806938648223,UNRANKED,,False,,,
2026-02-11,2026-02-12,2026-02-17,GE,XLI,317.31774650217847,342.72076416015625,324.8253758967097,2,take_profit,LONG,LONG,0.5025752484798431,0.500662088394165,0.5044884085655212,0.500662088394165,0.4304201900959015,50.257524847984314,0.5036262273788452,2,False,True,True,52.0,True,0.7007377445697784,UNRANKED,,False,,,
2026-02-12,2026-02-13,2026-02-17,GE,XLI,314.7614763322641,338.49688720703125,322.22773696981994,1,take_profit,LONG,LONG,0.5074993968009949,0.500662088394165,0.5143367052078247,0.500662088394165,0.4508339464664459,50.74993968009949,0.5036262273788452,1,True,True,False,52.0,True,0.7138884067535402,UNRANKED,,False,,,
2026-02-13,2026-02-17,2026-02-18,GE,XLI,314.5418024498969,345.1372375488281,322.1977865110018,1,take_profit,LONG,LONG,0.5040641725063324,0.500662088394165,0.5074662566184998,0.500662088394165,0.4503732919692993,50.40641725063324,0.5036262273788452,1,True,True,False,52.0,True,0.5678247213363647,UNRANKED,,False,,,
2026-02-17,2026-02-18,2026-02-20,GE,XLI,329.8694854133246,342.3912353515625,338.8464010453,2,stop_loss,SHORT,SHORT,0.49327270686626434,0.5017557740211487,0.48478963971138,0.5017557740211487,0.5411813855171204,50.672729313373566,0.5082823634147644,2,False,True,True,52.0,True,-0.035950183868408044,UNRANKED,,False,,,
2026-02-18,2026-02-19,2026-02-20,GE,XLI,327.562846282612,340.3442077636719,336.18456782279054,1,take_profit,LONG,LONG,0.5012100636959076,0.5017557740211487,0.5006643533706665,0.5017557740211487,0.5077756643295288,50.12100636959076,0.5082823634147644,2,False,True,True,52.0,True,0.24713629484176652,UNRANKED,,False,,,
2026-02-19,2026-02-20,2026-02-27,GE,XLI,338.33713508948534,341.76214599609375,341.76214599609375,5,time_exit,SHORT,SHORT,0.4937748312950134,0.5017557740211487,0.4857938885688782,0.5017557740211487,0.5185580253601074,50.62251687049866,0.5082823634147644,2,False,True,True,52.0,True,0.278278946876526,UNRANKED,,False,,,
2026-02-20,2026-02-23,2026-03-02,GE,XLI,341.65229425149084,345.2370910644531,345.2370910644531,5,time_exit,SHORT,SHORT,0.49883079528808594,0.5017557740211487,0.4959058165550232,0.5017557740211487,0.5129622220993042,50.116920471191406,0.5082823634147644,2,False,True,True,52.0,True,0.232840955257416,UNRANKED,,False,,,
2026-02-23,2026-02-24,2026-03-03,GE,XLI,337.48837633047816,333.65399169921875,333.65399169921875,5,time_exit,SHORT,SHORT,0.49104228615760803,0.5014370679855347,0.4806475043296814,0.5014370679855347,0.531193196773529,50.8957713842392,0.5082823634147644,1,True,False,True,52.0,True,0.19211688637733462,UNRANKED,,False,,,
2026-02-24,2026-02-25,2026-03-03,GE,XLI,345.10724949422536,339.3157043457031,335.4769830321718,4,take_profit,SHORT,SHORT,0.49120163917541504,0.5017557740211487,0.4806475043296814,0.5017557740211487,0.5085907578468323,50.879836082458496,0.5082823634147644,1,True,False,True,52.0,True,0.15064355731010426,UNRANKED,,False,,,
2026-02-25,2026-02-26,2026-03-05,GE,XLI,342.1116221372226,326.51434326171875,332.31588064726725,5,take_profit,SHORT,SHORT,0.49120163917541504,0.5017557740211487,0.4806475043296814,0.5017557740211487,0.4258630573749542,50.879836082458496,0.5082823634147644,1,True,False,True,52.0,True,0.1418758332729338,UNRANKED,,False,,,
2026-02-26,2026-02-27,2026-03-05,GE,XLI,340.1245169721863,322.6399841308594,330.31736190801223,4,take_profit,SHORT,SHORT,0.49430088698863983,0.5017557740211487,0.486845999956131,0.5017557740211487,0.3690371513366699,50.56991130113602,0.5082823634147644,2,False,True,True,52.0,True,0.23293006420135492,UNRANKED,,False,,,
2026-02-27,2026-03-02,2026-03-05,GE,XLI,340.95335306270624,321.92999267578125,333.03059741259466,3,take_profit,SHORT,SHORT,0.49120163917541504,0.5017557740211487,0.4806475043296814,0.5017557740211487,0.4676057696342468,50.879836082458496,0.5082823634147644,1,True,False,True,52.0,True,0.2235501706600189,UNRANKED,,False,,,
2026-03-02,2026-03-03,2026-03-05,GE,XLI,340.1844570095297,326.5199890136719,332.37296844926186,2,take_profit,SHORT,SHORT,0.49287043511867523,0.5017557740211487,0.4839850962162018,0.5017557740211487,0.47285157442092896,50.71295648813248,0.5082823634147644,2,False,True,True,52.0,True,0.23587590456008922,UNRANKED,,False,,,
2026-03-03,2026-03-04,2026-03-05,GE,XLI,336.0604366439158,325.1499938964844,326.65270872120374,1,take_profit,SHORT,SHORT,0.4940628707408905,0.5014370679855347,0.48668867349624634,0.5014370679855347,0.42697805166244507,50.59371292591095,0.5082823634147644,2,False,True,True,52.0,True,0.08958995342254646,UNRANKED,,False,,,
2026-03-04,2026-03-05,2026-03-06,GE,XLI,336.0903897758773,306.70001220703125,326.2447302474175,1,take_profit,SHORT,SHORT,0.49768784642219543,0.5014370679855347,0.4939386248588562,0.5014370679855347,0.4744548201560974,50.23121535778046,0.5082823634147644,2,False,True,True,52.0,True,0.271741658449173,UNRANKED,,False,,,
2026-03-05,2026-03-06,2026-03-12,GE,XLI,323.19919758076975,299.69000244140625,311.6445972738501,4,take_profit,SHORT,SHORT,0.49946196377277374,0.5020054578781128,0.4969184696674347,0.5020054578781128,0.5035080313682556,50.053803622722626,0.5082823634147644,2,False,True,True,52.0,True,0.27757674455642706,UNRANKED,,False,,,
2026-03-06,2026-03-09,2026-03-12,GE,XLI,319.8900146484375,304.0,308.1414097377232,3,stop_loss,LONG,LONG,0.5182094573974609,0.5020054578781128,0.5344134569168091,0.5020054578781128,0.5610260963439941,51.820945739746094,0.5082823634147644,1,True,True,False,52.0,True,0.7888687103986741,UNRANKED,,False,,,
2026-03-09,2026-03-10,2026-03-12,GE,XLI,322.260009765625,302.0899963378906,312.07469395228793,2,take_profit,SHORT,SHORT,0.49962031841278076,0.5020054578781128,0.49723517894744873,0.5020054578781128,0.5323058366775513,50.037968158721924,0.5082823634147644,2,False,True,True,52.0,True,0.6338602900505067,UNRANKED,,False,,,
2026-03-10,2026-03-11,2026-03-12,GE,XLI,324.2300109863281,300.9599914550781,313.74560546875,1,stop_loss,LONG,LONG,0.5040251612663269,0.5020054578781128,0.506044864654541,0.5020054578781128,0.5689983367919922,50.40251612663269,0.5082823634147644,2,False,True,True,52.0,True,0.5555964410305023,UNRANKED,,False,,,
2026-03-11,2026-03-12,2026-03-13,GE,XLI,318.6400146484375,291.6099853515625,308.6959664481027,1,stop_loss,LONG,LONG,0.5030222088098526,0.4928472936153412,0.513197124004364,0.4928472936153412,0.586128830909729,50.30222088098526,0.5082823634147644,2,False,True,True,52.0,True,0.15329125523567202,UNRANKED,,False,,,
2026-03-12,2026-03-13,2026-03-19,GE,XLI,307.3699951171875,286.7900085449219,295.9999040876116,4,stop_loss,LONG,LONG,0.5237983018159866,0.4928472936153412,0.5547493100166321,0.4928472936153412,0.6048799157142639,52.37983018159866,0.5082823634147644,1,True,True,False,52.0,True,0.6698202341794968,UNRANKED,,False,,,
2026-03-13,2026-03-16,2026-03-19,GE,XLI,303.7699890136719,291.5400085449219,292.0018790108817,3,stop_loss,LONG,LONG,0.5157032161951065,0.4928472936153412,0.5385591387748718,0.4928472936153412,0.6109222173690796,51.57032161951065,0.5082823634147644,1,True,True,False,52.0,True,0.6471109986305238,UNRANKED,,False,,,
2026-03-16,2026-03-17,2026-03-19,GE,XLI,305.4100036621094,290.6300048828125,293.9748011997768,2,stop_loss,LONG,LONG,0.5300312787294388,0.4928472936153412,0.5672152638435364,0.4928472936153412,0.6149991154670715,53.00312787294388,0.5082823634147644,1,True,True,False,52.0,True,0.6036347448825836,UNRANKED,,False,,,
2026-03-17,2026-03-18,2026-03-20,GE,XLI,302.82000732421875,296.55999755859375,291.50423322405135,2,stop_loss,LONG,LONG,0.5204658508300781,0.5017557740211487,0.5391759276390076,0.5017557740211487,0.6355398893356323,52.04658508300781,0.5082823634147644,1,True,True,False,52.0,True,0.282007098197937,UNRANKED,,False,,,
2026-03-18,2026-03-19,2026-03-26,GE,XLI,296.1000061035156,285.239990234375,285.239990234375,5,time_exit,LONG,LONG,0.5102079212665558,0.5014370679855347,0.5189787745475769,0.5014370679855347,0.6013028025627136,51.02079212665558,0.5082823634147644,1,True,True,False,52.0,True,0.309116393327713,UNRANKED,,False,,,
2026-03-19,2026-03-20,2026-03-27,GE,XLI,290.0,282.80999755859375,282.80999755859375,5,time_exit,SHORT,SHORT,0.48053085803985596,0.4928472936153412,0.4682144224643707,0.4928472936153412,0.5463862419128418,51.946914196014404,0.5082823634147644,1,True,False,True,52.0,True,0.25803732872009294,UNRANKED,,False,,,
2026-03-20,2026-03-23,2026-03-27,GE,XLI,296.79998779296875,273.25,284.2899169921875,4,stop_loss,LONG,LONG,0.5048245936632156,0.4928472936153412,0.5168018937110901,0.4928472936153412,0.5621048808097839,50.482459366321564,0.5082823634147644,2,False,True,True,52.0,True,0.7525422871112823,UNRANKED,,False,,,
2026-03-23,2026-03-24,2026-03-30,GE,XLI,287.7099914550781,283.7699890136719,276.1760777064732,4,stop_loss,LONG,LONG,0.5087668001651764,0.5007317066192627,0.5168018937110901,0.5007317066192627,0.6160464882850647,50.87668001651764,0.5082823634147644,1,True,True,False,52.0,True,0.5325593352317811,UNRANKED,,False,,,
2026-03-24,2026-03-25,2026-03-27,GE,XLI,295.1000061035156,292.67999267578125,284.24490792410717,2,stop_loss,LONG,LONG,0.513373851776123,0.5056445002555847,0.5211032032966614,0.5056445002555847,0.6136458516120911,51.337385177612305,0.5082823634147644,1,True,True,False,52.0,True,0.729446142911911,UNRANKED,,False,,,
2026-03-25,2026-03-26,2026-03-30,GE,XLI,291.5799865722656,281.1600036621094,281.7065124511719,2,stop_loss,LONG,LONG,0.5022334158420563,0.5017557740211487,0.5027110576629639,0.5017557740211487,0.536885142326355,50.22334158420563,0.5082823634147644,2,False,True,True,52.0,True,0.47812524437904363,UNRANKED,,False,,,
2026-03-26,2026-03-27,2026-04-06,GE,XLI,282.989990234375,288.69000244140625,288.69000244140625,5,time_exit,LONG,LONG,0.5245691537857056,0.5056445002555847,0.5434938073158264,0.5056445002555847,0.49616944789886475,52.45691537857056,0.5082823634147644,1,True,True,False,52.0,True,0.3127775490283967,UNRANKED,,False,,,
2026-03-27,2026-03-30,2026-04-07,GE,XLI,284.07000732421875,288.6000061035156,288.6000061035156,5,time_exit,LONG,LONG,0.5162778496742249,0.5014370679855347,0.531118631362915,0.5014370679855347,0.5012721419334412,51.627784967422485,0.5082823634147644,1,True,True,False,52.0,True,0.21248838305473325,UNRANKED,,False,,,
2026-03-30,2026-03-31,2026-04-01,GE,XLI,277.92999267578125,308.05999755859375,289.8228454589844,1,take_profit,LONG,LONG,0.528529018163681,0.5014370679855347,0.5556209683418274,0.5014370679855347,0.5435857176780701,52.8529018163681,0.5082823634147644,1,True,True,False,52.0,True,0.4540843665599823,UNRANKED,,False,,,
2026-03-31,2026-04-01,2026-04-08,GE,XLI,290.2099914550781,313.0199890136719,303.4099862234933,4,take_profit,LONG,LONG,0.5195248126983643,0.5014430284500122,0.5376065969467163,0.5014430284500122,0.537372350692749,51.952481269836426,0.5082823634147644,1,True,True,False,52.0,True,0.39236772060394287,UNRANKED,,False,,,
2026-04-01,2026-04-02,2026-04-08,GE,XLI,284.8900146484375,308.3500061035156,296.72715541294644,3,take_profit,LONG,LONG,0.5181402862071991,0.4986739754676819,0.5376065969467163,0.4986739754676819,0.48868709802627563,51.81402862071991,0.5082823634147644,1,True,True,False,52.0,True,0.5732928514480592,UNRANKED,,False,,,
2026-04-02,2026-04-06,2026-04-08,GE,XLI,280.54998779296875,311.8999938964844,293.03141130719865,2,stop_loss,SHORT,SHORT,0.4982706755399704,0.500508725643158,0.49603262543678284,0.500508725643158,0.5200672149658203,50.17293244600296,0.5082823634147644,2,False,True,True,52.0,True,0.5511398166418074,UNRANKED,,False,,,
2026-04-06,2026-04-07,2026-04-08,GE,XLI,285.5,318.0,298.44142368861606,1,stop_loss,SHORT,SHORT,0.4951076805591583,0.500508725643158,0.4897066354751587,0.500508725643158,0.5045242309570312,50.48923194408417,0.5082823634147644,2,False,True,True,52.0,True,0.4871547818183898,UNRANKED,,False,,,
2026-04-07,2026-04-08,2026-04-15,GE,XLI,309.9200134277344,313.92999267578125,313.92999267578125,5,time_exit,SHORT,SHORT,0.4935920834541321,0.5056445002555847,0.48153966665267944,0.5056445002555847,0.47131291031837463,50.64079165458679,0.5082823634147644,2,False,True,True,52.0,True,0.2756398320198059,UNRANKED,,False,,,
2026-04-08,2026-04-09,2026-04-16,GE,XLI,306.0,298.2900085449219,298.2900085449219,5,time_exit,SHORT,SHORT,0.49985891580581665,0.4969884157180786,0.5027294158935547,0.4969884157180786,0.4814574718475342,50.014108419418335,0.5082823634147644,2,False,True,True,52.0,True,0.404141813516617,UNRANKED,,False,,,
2026-04-09,2026-04-10,2026-04-16,GE,XLI,313.0799865722656,304.1300048828125,298.40713936941967,4,stop_loss,LONG,LONG,0.5054293870925903,0.4969884157180786,0.513870358467102,0.4969884157180786,0.5296186804771423,50.54293870925903,0.5082823634147644,2,False,True,True,52.0,True,0.1753703355789185,UNRANKED,,False,,,
2026-04-10,2026-04-13,2026-04-20,GE,XLI,306.42999267578125,303.6000061035156,303.6000061035156,5,time_exit,LONG,LONG,0.5081665813922882,0.5024628043174744,0.513870358467102,0.5024628043174744,0.5527649521827698,50.81665813922882,0.5082823634147644,2,False,True,True,52.0,True,0.27945432066917436,UNRANKED,,False,,,
2026-04-13,2026-04-14,2026-04-16,GE,XLI,315.010009765625,286.7300109863281,300.530020577567,2,stop_loss,LONG,LONG,0.5222561657428741,0.5024628043174744,0.5420495271682739,0.5024628043174744,0.6076115965843201,52.225616574287415,0.5082823634147644,1,True,True,False,52.0,True,0.3445709347724913,UNRANKED,,False,,,
2026-04-14,2026-04-15,2026-04-16,GE,XLI,316.44000244140625,276.2900085449219,301.2185843331473,1,stop_loss,LONG,LONG,0.5131535530090332,0.49914032220840454,0.5271667838096619,0.49914032220840454,0.593244731426239,51.31535530090332,0.5082823634147644,1,True,True,False,52.0,True,0.3938522636890412,UNRANKED,,False,,,
2026-04-15,2026-04-16,2026-04-21,GE,XLI,313.57000732421875,282.3399963378906,298.6143014090402,3,stop_loss,LONG,LONG,0.5159160792827606,0.5075579285621643,0.5242742300033569,0.5075579285621643,0.5399373173713684,51.59160792827606,0.5082823634147644,1,True,True,False,52.0,True,0.2422759830951693,UNRANKED,,False,,,
2026-04-16,2026-04-17,2026-04-21,GE,XLI,310.1300048828125,284.6000061035156,294.5571594238281,2,stop_loss,LONG,LONG,0.5179798007011414,0.5075579285621643,0.5284016728401184,0.5075579285621643,0.5390753149986267,51.797980070114136,0.5082823634147644,1,True,True,False,52.0,True,0.40874627232551575,UNRANKED,,False,,,
