date,entry_date,exit_date,ticker,sector,open_next,exit_future_close,holding_days,signal,direction_vote,p_up_raw,p_up_calibrated,meta_confidence,confidence,conf_threshold,threshold_used_fallback,expected_return,signal_quality,actionable,component_horizon_days,ensemble_horizons
2015-05-05,2015-05-06,2015-05-07,GOOGL,XLK,26.90959255894804,26.568979057535515,1,SHORT,SHORT,0.28102221588293713,0.22385054942531565,0.670531709988912,77.61494505746843,52.0,True,0.5880169818798701,UNRANKED,False,20,"5,10,20"
2015-05-06,2015-05-07,2015-05-08,GOOGL,XLK,26.575354383175068,26.21532952224803,1,SHORT,SHORT,0.28077585995197296,0.2146090111338044,0.5119495590527853,78.53909888661957,52.0,True,0.8169378538926444,UNRANKED,False,20,"5,10,20"
2015-05-07,2015-05-08,2015-05-11,GOOGL,XLK,27.218540553162164,26.872046832153863,1,SHORT,SHORT,0.29446642100811005,0.21346922747295935,0.6800524592399597,78.65307725270407,52.0,True,0.7928726673126221,UNRANKED,False,20,"5,10,20"
2015-05-08,2015-05-11,2015-05-12,GOOGL,XLK,27.199693024731943,28.02271361919257,1,SHORT,SHORT,0.2935108641783396,0.22003968751954509,0.8169890642166138,77.9960312480455,52.0,True,0.556039979060491,UNRANKED,False,20,"5,10,20"
2015-05-11,2015-05-12,2015-05-13,GOOGL,XLK,26.91802075916091,26.583286523669837,1,SHORT,SHORT,0.2802820652723312,0.21291825473606898,0.7933298746744791,78.70817452639311,52.0,True,0.7364242126544317,UNRANKED,False,20,"5,10,20"
2015-05-12,2015-05-13,2015-05-14,GOOGL,XLK,26.801983669631728,26.464451217457132,1,SHORT,SHORT,0.28333765765031177,0.20833213162424005,0.661366323630015,79.166786837576,52.0,True,0.600161169966062,UNRANKED,False,20,"5,10,20"
2015-05-13,2015-05-14,2015-05-15,GOOGL,XLK,26.975547499722595,26.664651716161977,1,SHORT,SHORT,0.2919246852397918,0.2092906610502118,0.7518428365389506,79.07093389497882,52.0,True,0.6177858610947927,UNRANKED,False,20,"5,10,20"
2015-05-14,2015-05-15,2015-05-18,GOOGL,XLK,27.29391466314115,27.00600788017345,1,SHORT,SHORT,0.29055898884932196,0.21488409161838598,0.6043336987495422,78.51159083816141,52.0,True,0.5973619520664216,UNRANKED,False,20,"5,10,20"
2015-05-15,2015-05-18,2015-05-19,GOOGL,XLK,26.968108036391747,26.69730962570362,1,SHORT,SHORT,0.3009731074174245,0.2333937217821709,0.6688828667004904,76.66062782178291,52.0,True,0.5205246110757192,UNRANKED,False,20,"5,10,20"
2015-05-18,2015-05-19,2015-05-20,GOOGL,XLK,27.17539607500563,26.910158675495655,1,SHORT,SHORT,0.2998981674512227,0.23798681597213264,0.6460345188776652,76.20131840278674,52.0,True,0.5889074007670085,UNRANKED,False,20,"5,10,20"
2015-05-19,2015-05-20,2015-05-21,GOOGL,XLK,27.320197430731294,27.056270788449627,1,SHORT,SHORT,0.37479178110758465,0.24851903159639174,0.6560945510864258,75.14809684036082,52.0,True,0.5025194386641184,UNRANKED,False,20,"5,10,20"
2015-05-20,2015-05-21,2015-05-22,GOOGL,XLK,27.284493253387403,27.05382750152147,1,SHORT,SHORT,0.3119446684916814,0.23107300233842767,0.6733824610710144,76.89269976615724,52.0,True,0.5254599551359813,UNRANKED,False,20,"5,10,20"
2015-05-21,2015-05-22,2015-05-26,GOOGL,XLK,27.495746410979923,28.089324204646218,1,SHORT,SHORT,0.3019932061433792,0.23457613996693938,0.6692337592442831,76.54238600330606,52.0,True,0.4734270870685577,UNRANKED,False,20,"5,10,20"
2015-05-22,2015-05-26,2015-05-27,GOOGL,XLK,27.40251494308355,27.16292307209443,1,SHORT,SHORT,0.29531583686669666,0.23552438032656356,0.7470620473225912,76.44756196734365,52.0,True,0.500405897696813,UNRANKED,False,20,"5,10,20"
2015-05-26,2015-05-27,2015-05-28,GOOGL,XLK,27.20911771325759,26.978274850447185,1,SHORT,SHORT,0.3072542995214462,0.2250886181645341,0.6610963145891825,77.4911381835466,52.0,True,0.5790319691101711,UNRANKED,False,20,"5,10,20"
2015-05-27,2015-05-28,2015-05-29,GOOGL,XLK,27.46252212682138,28.031659631943977,1,SHORT,SHORT,0.3483240157365799,0.23268059063089488,0.631769597530365,76.73194093691052,52.0,True,0.4592044750849406,UNRANKED,False,20,"5,10,20"
2015-05-28,2015-05-29,2015-06-01,GOOGL,XLK,27.43326320064512,27.230013405548856,1,SHORT,SHORT,0.3179028232892354,0.2276746054145443,0.6393432915210724,77.23253945854557,52.0,True,0.5275996426741282,UNRANKED,False,20,"5,10,20"
2015-05-29,2015-06-01,2015-06-02,GOOGL,XLK,27.211597720197023,27.001441006983782,1,SHORT,SHORT,0.3093014856179555,0.2314634243302293,0.7136523326237997,76.85365756697708,52.0,True,0.460577681660652,UNRANKED,False,20,"5,10,20"
2015-06-01,2015-06-02,2015-06-03,GOOGL,XLK,27.14712916651353,26.934422191939028,1,SHORT,SHORT,0.33932450413703913,0.23254229792090853,0.8329852024714152,76.74577020790915,52.0,True,0.4641744444767633,UNRANKED,False,20,"5,10,20"
2015-06-02,2015-06-03,2015-06-04,GOOGL,XLK,27.527484570481313,27.322959985302393,1,SHORT,SHORT,0.3557926913102467,0.24968091813854973,0.818824569384257,75.03190818614502,52.0,True,0.4160324782133102,UNRANKED,False,20,"5,10,20"
2015-06-03,2015-06-04,2015-06-05,GOOGL,XLK,27.382682240911095,27.17610344125464,1,SHORT,SHORT,0.2991391072670619,0.23758289516270473,0.8134965896606445,76.24171048372953,52.0,True,0.4192452331384023,UNRANKED,False,20,"5,10,20"
2015-06-04,2015-06-05,2015-06-08,GOOGL,XLK,27.37375301438371,27.836093982379488,1,SHORT,SHORT,0.3089752395947774,0.2383688409778225,0.8622609575589498,76.16311590221775,52.0,True,0.3940314054489135,UNRANKED,False,20,"5,10,20"
2015-06-05,2015-06-08,2015-06-09,GOOGL,XLK,27.255239060099747,27.712709817720423,1,SHORT,SHORT,0.29000142713387805,0.23344467381934642,0.838411271572113,76.65553261806537,52.0,True,0.3154108573993047,UNRANKED,False,20,"5,10,20"
2015-06-08,2015-06-09,2015-06-10,GOOGL,XLK,26.948269351101462,26.74448931308528,1,SHORT,SHORT,0.3014744073152542,0.22873259615899957,0.8399287660916647,77.12674038410005,52.0,True,0.28050790727138514,UNRANKED,False,20,"5,10,20"
2015-06-09,2015-06-10,2015-06-11,GOOGL,XLK,27.061337872408057,26.862126888041775,1,SHORT,SHORT,0.30952209234237665,0.22841253797484148,0.8621599078178406,77.15874620251584,52.0,True,0.31788149476051325,UNRANKED,False,20,"5,10,20"
2015-06-10,2015-06-11,2015-06-12,GOOGL,XLK,27.497237711388188,28.05911332718932,1,SHORT,SHORT,0.3356361637512843,0.24876083132155213,0.771994431813558,75.12391686784478,52.0,True,0.4153799464305243,UNRANKED,False,20,"5,10,20"
2015-06-11,2015-06-12,2015-06-15,GOOGL,XLK,27.13324502250304,26.914658373289523,1,SHORT,SHORT,0.302388792236646,0.23971163531442796,0.9043403267860413,76.0288364685572,52.0,True,0.24839424590269713,UNRANKED,False,20,"5,10,20"
2015-06-12,2015-06-15,2015-06-16,GOOGL,XLK,26.914056815324653,26.694478344822073,1,SHORT,SHORT,0.2923554380734761,0.2340660323729149,0.8125287095705668,76.59339676270851,52.0,True,0.5032442907492319,UNRANKED,False,20,"5,10,20"
2015-06-15,2015-06-16,2015-06-17,GOOGL,XLK,27.00084075893816,26.791392898220387,1,SHORT,SHORT,0.3499629894892375,0.236053196978777,0.8831399083137512,76.3946803021223,52.0,True,0.42036139468352,UNRANKED,False,20,"5,10,20"
2015-06-16,2015-06-17,2015-06-18,GOOGL,XLK,27.047454002498423,26.856390121578016,1,SHORT,SHORT,0.3645869195461273,0.22976454932710463,0.8211027383804321,77.02354506728953,52.0,True,0.5338591933250426,UNRANKED,False,20,"5,10,20"
2015-06-17,2015-06-18,2015-06-19,GOOGL,XLK,27.17539363774448,26.97844994594586,1,SHORT,SHORT,0.30884156624476117,0.23747721509662742,0.8742059469223022,76.25227849033726,52.0,True,0.29174182812372834,UNRANKED,False,20,"5,10,20"
2015-06-18,2015-06-19,2015-06-22,GOOGL,XLK,27.597903980808223,27.39841002764835,1,SHORT,SHORT,0.29681924978892005,0.22992018060413474,0.833010196685791,77.00798193958653,52.0,True,0.2879332005977631,UNRANKED,False,20,"5,10,20"
2015-06-19,2015-06-22,2015-06-23,GOOGL,XLK,27.741222403085303,27.550760971854487,1,SHORT,SHORT,0.299361377954483,0.22721488472349916,0.6862389246622721,77.27851152765008,52.0,True,0.32906184097131097,UNRANKED,False,20,"5,10,20"
2015-06-22,2015-06-23,2015-06-24,GOOGL,XLK,27.76006429084313,27.57874137562968,1,SHORT,SHORT,0.2860765308141708,0.2292094440913516,0.8027262687683105,77.07905559086484,52.0,True,0.4103248864412308,UNRANKED,False,20,"5,10,20"
2015-06-23,2015-06-24,2015-06-25,GOOGL,XLK,27.893462745900152,28.367757340256144,1,SHORT,SHORT,0.2988742142915725,0.22355328917774267,0.7473972042401632,77.64467108222574,52.0,True,0.4445472260316214,UNRANKED,False,20,"5,10,20"
2015-06-24,2015-06-25,2015-06-26,GOOGL,XLK,27.78535273565518,28.270451097624175,1,SHORT,SHORT,0.28501781324545544,0.22184653381804942,0.6220436294873556,77.81534661819506,52.0,True,0.4145626376072566,UNRANKED,False,20,"5,10,20"
2015-06-25,2015-06-26,2015-06-29,GOOGL,XLK,27.75609589450206,28.227556713746445,1,SHORT,SHORT,0.2889163891474406,0.2181361050233901,0.7633928457895914,78.186389497661,52.0,True,0.4225280036528906,UNRANKED,False,20,"5,10,20"
2015-06-26,2015-06-29,2015-06-30,GOOGL,XLK,27.11340738129068,27.574597128147367,1,SHORT,SHORT,0.3192620227734248,0.23053550998232494,0.7079466581344604,76.9464490017675,52.0,True,0.5724198818206786,UNRANKED,False,20,"5,10,20"
2015-06-29,2015-06-30,2015-07-01,GOOGL,XLK,27.031089480051104,26.809456931310173,1,SHORT,SHORT,0.2990264395872752,0.21621179879010036,0.7150010863939921,78.37882012098997,52.0,True,0.6013253877560298,UNRANKED,False,20,"5,10,20"
2015-06-30,2015-07-01,2015-07-02,GOOGL,XLK,26.960175786827996,26.771237645958855,1,SHORT,SHORT,0.29974669466416043,0.2173275760468163,0.6590771277745565,78.26724239531838,52.0,True,0.6283137301603953,UNRANKED,False,20,"5,10,20"
2015-07-01,2015-07-02,2015-07-06,GOOGL,XLK,27.01373044889129,26.822312618560307,1,SHORT,SHORT,0.24394763509432474,0.19288646809771126,0.5911906560262045,80.71135319022888,52.0,True,0.5026708543300629,UNRANKED,False,20,"5,10,20"
2015-07-02,2015-07-06,2015-07-07,GOOGL,XLK,26.890249586579323,26.693624966959135,1,SHORT,SHORT,0.25564421216646827,0.20327425448871975,0.762164036432902,79.67257455112802,52.0,True,0.3443099359671274,UNRANKED,False,20,"5,10,20"
2015-07-06,2015-07-07,2015-07-08,GOOGL,XLK,27.147128488937113,27.614337964318143,1,SHORT,SHORT,0.25905518730481464,0.21098674965415862,0.8610517382621765,78.90132503458413,52.0,True,0.4197442630926768,UNRANKED,False,20,"5,10,20"
2015-07-07,2015-07-08,2015-07-09,GOOGL,XLK,27.05638111697833,26.86050022708575,1,SHORT,SHORT,0.3089322050412496,0.2272448170171353,0.7963894605636597,77.27551829828647,52.0,True,0.5377921114365259,UNRANKED,False,20,"5,10,20"
2015-07-08,2015-07-09,2015-07-10,GOOGL,XLK,27.207631030216103,26.988372040609523,1,SHORT,SHORT,0.25619790454705554,0.20761395939963387,0.8198978503545126,79.23860406003661,52.0,True,0.7126238644123077,UNRANKED,False,20,"5,10,20"
2015-07-09,2015-07-10,2015-07-13,GOOGL,XLK,27.458552805381935,27.262778045816855,1,SHORT,SHORT,0.2753270963827769,0.21404842328755078,0.8536454240481058,78.59515767124492,52.0,True,0.7064049045244852,UNRANKED,False,20,"5,10,20"
2015-07-10,2015-07-13,2015-07-14,GOOGL,XLK,27.74617937211934,27.514558311066743,1,SHORT,SHORT,0.2756136208772659,0.2135590444038343,0.7814436753590902,78.64409555961657,52.0,True,0.35262172420819593,UNRANKED,False,20,"5,10,20"
2015-07-13,2015-07-14,2015-07-15,GOOGL,XLK,28.489532676979604,28.21023416710935,1,SHORT,SHORT,0.2746493617693582,0.19894847572148158,0.8868007659912109,80.10515242785185,52.0,True,0.37481031318505603,UNRANKED,False,20,"5,10,20"
2015-07-14,2015-07-15,2015-07-16,GOOGL,XLK,28.947748705350484,28.63749201982105,1,SHORT,SHORT,0.28749949733416236,0.20453870217276324,0.8330531716346741,79.54612978272367,52.0,True,0.514193152387937,UNRANKED,False,20,"5,10,20"
2015-07-15,2015-07-16,2015-07-17,GOOGL,XLK,29.233386610821825,28.93942413218413,1,SHORT,SHORT,0.2794960041840871,0.20118917306126882,0.8983355363210043,79.88108269387311,52.0,True,0.6241486618916193,UNRANKED,False,20,"5,10,20"
2015-07-16,2015-07-17,2015-07-20,GOOGL,XLK,33.72129819448271,33.36641091333735,1,SHORT,SHORT,0.21639727552731833,0.18071127383686428,0.8743199110031128,81.92887261631357,52.0,True,0.45697450637817383,UNRANKED,False,20,"5,10,20"
2015-07-17,2015-07-20,2015-07-21,GOOGL,XLK,34.166617275261125,33.48248660662099,1,SHORT,SHORT,0.23144745330015815,0.18597348166023162,0.9285595218340555,81.40265183397683,52.0,True,0.3674083699782688,UNRANKED,False,20,"5,10,20"
2015-07-20,2015-07-21,2015-07-22,GOOGL,XLK,33.96329094268302,33.296977090100356,1,SHORT,SHORT,0.24939653277397147,0.20456561081125801,0.9253648320833842,79.5434389188742,52.0,True,0.32234018047650664,UNRANKED,False,20,"5,10,20"
2015-07-21,2015-07-22,2015-07-23,GOOGL,XLK,34.4165498325151,36.093846675362656,1,SHORT,SHORT,0.30408333738644916,0.22935976616543371,0.8865881959597269,77.06402338345663,52.0,True,0.47355519731839496,UNRANKED,False,20,"5,10,20"
2015-07-22,2015-07-23,2015-07-24,GOOGL,XLK,34.30893546441238,35.95957711011638,1,SHORT,SHORT,0.23329917341470716,0.19411826521385622,0.9006469249725342,80.58817347861438,52.0,True,0.44111861288547516,UNRANKED,False,20,"5,10,20"
2015-07-23,2015-07-24,2015-07-27,GOOGL,XLK,33.561116144605975,35.35636717348432,1,SHORT,SHORT,0.2606573800245921,0.2136712766891309,0.9429420828819275,78.63287233108692,52.0,True,0.47898144523302705,UNRANKED,False,20,"5,10,20"
2015-07-24,2015-07-27,2015-07-28,GOOGL,XLK,32.31144664446251,31.528737250280027,1,SHORT,SHORT,0.27385781705379486,0.22400717425926997,0.9391772150993347,77.599282574073,52.0,True,0.6957450161377589,UNRANKED,False,20,"5,10,20"
2015-07-27,2015-07-28,2015-07-29,GOOGL,XLK,32.81677388534284,32.03728736539306,1,SHORT,SHORT,0.25930393238862354,0.21776042827742623,0.9210934638977051,78.22395717225737,52.0,True,0.3514423916737239,UNRANKED,False,20,"5,10,20"
2015-07-28,2015-07-29,2015-07-30,GOOGL,XLK,32.84155968049941,32.086655478446886,1,SHORT,SHORT,0.24496680001417792,0.20751033672469185,0.9014690319697062,79.24896632753081,52.0,True,0.5642265727122625,UNRANKED,False,20,"5,10,20"
2015-07-29,2015-07-30,2015-07-31,GOOGL,XLK,32.60253905969893,31.85181535713196,1,SHORT,SHORT,0.2306682392954826,0.18105249991246972,0.9160528977711996,81.89475000875302,52.0,True,0.6651376833518347,UNRANKED,False,20,"5,10,20"
2015-07-30,2015-07-31,2015-08-03,GOOGL,XLK,32.962560255609866,32.24134228271819,1,SHORT,SHORT,0.2455389822522799,0.19792271626051153,0.914052406946818,80.20772837394885,52.0,True,0.5061303526163101,UNRANKED,False,20,"5,10,20"
2015-07-31,2015-08-03,2015-08-04,GOOGL,XLK,32.6134511700776,31.922554045923377,1,SHORT,SHORT,0.2462811917066574,0.19817451862784533,0.8738646308581034,80.18254813721548,52.0,True,0.7117983351151148,UNRANKED,False,20,"5,10,20"
2015-08-03,2015-08-04,2015-08-05,GOOGL,XLK,32.944714465604186,32.27234205632858,1,SHORT,SHORT,0.29929153621196747,0.2266571135974246,0.7912913759549459,77.33428864025754,52.0,True,0.6471430212259293,UNRANKED,False,20,"5,10,20"
2015-08-04,2015-08-05,2015-08-06,GOOGL,XLK,33.01463741873805,32.330859064638226,1,SHORT,SHORT,0.29772049685319263,0.21786376754713763,0.8832289973894755,78.21362324528623,52.0,True,0.6715062260627747,UNRANKED,False,20,"5,10,20"
2015-08-05,2015-08-06,2015-08-07,GOOGL,XLK,33.423261342237325,32.760062598689615,1,SHORT,SHORT,0.3263148218393325,0.2439857641510911,0.8861687779426575,75.6014235848909,52.0,True,0.5498350858688354,UNRANKED,False,20,"5,10,20"
2015-08-06,2015-08-07,2015-08-10,GOOGL,XLK,33.11530600346645,32.78754912175258,1,SHORT,SHORT,0.31264462073644,0.23766728358033476,0.8591129581133524,76.23327164196652,52.0,True,0.5911444673935572,UNRANKED,False,20,"5,10,20"
2015-08-07,2015-08-10,2015-08-11,GOOGL,XLK,33.08107985052655,32.75693630455836,1,SHORT,SHORT,0.2967956761519113,0.23845900214277882,0.8783837954203287,76.15409978572212,52.0,True,0.6068288087844849,UNRANKED,False,20,"5,10,20"
2015-08-10,2015-08-11,2015-08-12,GOOGL,XLK,34.692271955765406,35.491474874771754,1,SHORT,SHORT,0.2874233573675155,0.2313878374979431,0.8935339649518331,76.86121625020569,52.0,True,0.4726722488800685,UNRANKED,False,20,"5,10,20"
2015-08-11,2015-08-12,2015-08-13,GOOGL,XLK,34.43984803080831,34.02484684280259,1,SHORT,SHORT,0.3044766585032145,0.2171111434727939,0.905607283115387,78.28888565272061,52.0,True,0.511218304435412,UNRANKED,False,20,"5,10,20"
2015-08-12,2015-08-13,2015-08-14,GOOGL,XLK,34.17752067623679,33.830529545952885,1,SHORT,SHORT,0.3011857469876607,0.21889698700634116,0.8736447691917419,78.11030129936589,52.0,True,0.6424663762251536,UNRANKED,False,20,"5,10,20"
2015-08-13,2015-08-14,2015-08-17,GOOGL,XLK,33.921637223376614,33.627778831478594,1,SHORT,SHORT,0.29572710394859314,0.22273172239760874,0.8765111565589905,77.72682776023913,52.0,True,0.44850918650627136,UNRANKED,False,20,"5,10,20"
2015-08-14,2015-08-17,2015-08-18,GOOGL,XLK,34.11999961520021,33.82840878834823,1,SHORT,SHORT,0.27873176832993823,0.22710001584453562,0.8898320992787679,77.28999841554644,52.0,True,0.4055684258540471,UNRANKED,False,20,"5,10,20"
2015-08-17,2015-08-18,2015-08-19,GOOGL,XLK,34.27025061066238,33.966793350530544,1,SHORT,SHORT,0.3043697824080785,0.23844150007069428,0.9157957832018534,76.15584999293057,52.0,True,0.366538941860199,UNRANKED,False,20,"5,10,20"
2015-08-18,2015-08-19,2015-08-20,GOOGL,XLK,34.222649574438194,35.01326397502936,1,SHORT,SHORT,0.29247344533602393,0.22865294826059981,0.8302022616068522,77.13470517394002,52.0,True,0.527790347735087,UNRANKED,False,20,"5,10,20"
2015-08-19,2015-08-20,2015-08-21,GOOGL,XLK,34.17257084529279,34.98249033883178,1,SHORT,SHORT,0.3362764815489451,0.24586732109658627,0.8485044638315836,75.41326789034137,52.0,True,0.5968047827482225,UNRANKED,False,20,"5,10,20"
2015-08-20,2015-08-21,2015-08-24,GOOGL,XLK,33.276966056992876,34.1532994299264,1,SHORT,SHORT,0.3184657047192256,0.2184906792667777,0.917820394039154,78.15093207332224,52.0,True,0.8303898572921753,UNRANKED,False,20,"5,10,20"
2015-08-21,2015-08-24,2015-08-25,GOOGL,XLK,29.783835746200477,29.33330773760324,1,SHORT,SHORT,0.24761622150739035,0.19297386435958055,0.9073340694109598,80.70261356404195,52.0,True,0.5464686652024587,UNRANKED,False,20,"5,10,20"
2015-08-24,2015-08-25,2015-08-26,GOOGL,XLK,32.058536205453876,31.528380342373172,1,SHORT,SHORT,0.251163641611735,0.19211482417612716,0.92403244972229,80.78851758238729,52.0,True,0.627023383975029,UNRANKED,False,20,"5,10,20"
2015-08-25,2015-08-26,2015-08-27,GOOGL,XLK,31.89141785393162,31.383825788937894,1,SHORT,SHORT,0.2548329432805379,0.1887409242862624,0.9088121851285299,81.12590757137376,52.0,True,0.396960973739624,UNRANKED,False,20,"5,10,20"
2015-08-26,2015-08-27,2015-08-28,GOOGL,XLK,33.324069963598895,32.66016277627328,1,SHORT,SHORT,0.265758474667867,0.20774097542266368,0.9274311661720276,79.22590245773364,52.0,True,0.3062226672967275,UNRANKED,False,20,"5,10,20"
2015-08-27,2015-08-28,2015-08-31,GOOGL,XLK,33.015128431118065,34.6966796832107,1,SHORT,SHORT,0.20989060153563813,0.16150293141830874,0.9802322586377462,83.84970685816913,52.0,True,-0.8402163361509641,UNRANKED,False,20,"5,10,20"
2015-08-28,2015-08-31,2015-09-01,GOOGL,XLK,32.44881240251621,34.19252550894409,1,SHORT,SHORT,0.195456363260746,0.1547106267461454,0.9751113851865133,84.52893732538546,52.0,True,-0.7640748172998428,UNRANKED,False,20,"5,10,20"
2015-08-31,2015-09-01,2015-09-02,GOOGL,XLK,31.43072650988023,30.78740124917292,1,SHORT,SHORT,0.23824832836786902,0.18548851438653777,0.9450449546178182,81.45114856134622,52.0,True,0.6473188747962318,UNRANKED,False,20,"5,10,20"
2015-09-01,2015-09-02,2015-09-03,GOOGL,XLK,31.638513230611412,30.934652130278337,1,SHORT,SHORT,0.22796815137068427,0.17096704302246138,0.8657207489013672,82.90329569775386,52.0,True,1.1104868948459625,UNRANKED,False,20,"5,10,20"
2015-09-02,2015-09-03,2015-09-04,GOOGL,XLK,32.130937667947364,33.98259887323911,1,SHORT,SHORT,0.2997771153847376,0.21133990387420173,0.8900859951972961,78.86600961257983,52.0,True,0.8200057496627172,UNRANKED,False,20,"5,10,20"
2015-09-03,2015-09-04,2015-09-08,GOOGL,XLK,31.226909601564884,30.46853402500064,1,SHORT,SHORT,0.2463428477446238,0.19455913929434923,0.9243158499399821,80.54408607056509,52.0,True,0.8185078352689743,UNRANKED,False,20,"5,10,20"
2015-09-04,2015-09-08,2015-09-09,GOOGL,XLK,31.787278885718347,31.01703728459181,1,SHORT,SHORT,0.21260656168063483,0.17106022148400038,0.8919162154197693,82.89397785159997,52.0,True,0.8384284625450772,UNRANKED,False,20,"5,10,20"
2015-09-08,2015-09-09,2015-09-10,GOOGL,XLK,32.326820207210766,31.52278692779182,1,SHORT,SHORT,0.23277313013871506,0.18151567014569506,0.8844089110692342,81.84843298543049,52.0,True,1.09414941072464,UNRANKED,False,20,"5,10,20"
2015-09-09,2015-09-10,2015-09-11,GOOGL,XLK,31.931089185101307,31.144200245107584,1,SHORT,SHORT,0.24476469556490577,0.18158476083220662,0.8536912401517233,81.84152391677934,52.0,True,1.2239791701237361,UNRANKED,False,20,"5,10,20"
2015-09-10,2015-09-11,2015-09-14,GOOGL,XLK,32.24400285432852,31.481518985048385,1,SHORT,SHORT,0.21072664360205326,0.1767906591174734,0.8864690264066061,82.32093408825266,52.0,True,1.0366897185643515,UNRANKED,False,20,"5,10,20"
2015-09-11,2015-09-14,2015-09-15,GOOGL,XLK,32.51278104732943,31.860919039098405,1,SHORT,SHORT,0.1843520477414131,0.1299579457656757,0.8414395451545715,87.00420542343244,52.0,True,0.9215831458568573,UNRANKED,False,20,"5,10,20"
2015-09-14,2015-09-15,2015-09-16,GOOGL,XLK,32.56633845746613,31.99626505724117,1,SHORT,SHORT,0.22038397938013077,0.1885763650017711,0.8635945717493693,81.14236349982289,52.0,True,0.726002762715022,UNRANKED,False,20,"5,10,20"
2015-09-15,2015-09-16,2015-09-17,GOOGL,XLK,33.004717935568486,32.40999082811173,1,SHORT,SHORT,0.22925391544898344,0.18131706506241274,0.8554305036862692,81.86829349375873,52.0,True,0.6609025845925013,UNRANKED,False,20,"5,10,20"
2015-09-16,2015-09-17,2015-09-18,GOOGL,XLK,33.10092204842332,32.67203863211124,1,SHORT,SHORT,0.23561147848765054,0.20195951510247911,0.8541812896728516,79.80404848975209,52.0,True,0.6791819433371226,UNRANKED,False,20,"5,10,20"
2015-09-17,2015-09-18,2015-09-21,GOOGL,XLK,32.98041608447303,32.558864516305476,1,SHORT,SHORT,0.23774792750676468,0.2022042915103567,0.914883534113566,79.77957084896433,52.0,True,0.5051877001921335,UNRANKED,False,20,"5,10,20"
2015-09-18,2015-09-21,2015-09-22,GOOGL,XLK,33.00273489263698,34.07857625136675,1,SHORT,SHORT,0.22749891628821686,0.18960146813660353,0.8111518820126852,81.03985318633966,52.0,True,0.554928109049797,UNRANKED,False,20,"5,10,20"
2015-09-21,2015-09-22,2015-09-23,GOOGL,XLK,32.604023774082435,32.1942672498602,1,SHORT,SHORT,0.2794701407353083,0.2124146860046133,0.853875736395518,78.75853139953867,52.0,True,0.6773213694492976,UNRANKED,False,20,"5,10,20"
2015-09-22,2015-09-23,2015-09-24,GOOGL,XLK,32.377406705795956,31.983518641002775,1,SHORT,SHORT,0.24757583936055502,0.18203558420639096,0.786198635896047,81.7964415793609,52.0,True,0.877356638511022,UNRANKED,False,20,"5,10,20"
2015-09-23,2015-09-24,2015-09-25,GOOGL,XLK,32.18251117603219,33.032099774556016,1,SHORT,SHORT,0.24974215030670163,0.19465946683030944,0.6669009725252787,80.53405331696905,52.0,True,0.993111178278923,UNRANKED,False,20,"5,10,20"
2015-09-24,2015-09-25,2015-09-28,GOOGL,XLK,32.659074123106286,33.453402744561885,1,SHORT,SHORT,0.24063151578108466,0.17833247312646727,0.6736750106016794,82.16675268735327,52.0,True,0.998484248916308,UNRANKED,False,20,"5,10,20"
2015-09-25,2015-09-28,2015-09-29,GOOGL,XLK,31.69057789235324,32.54397097020358,1,SHORT,SHORT,0.28834068775177,0.2027982747885897,0.75111057360967,79.72017252114102,52.0,True,0.5712703466415404,UNRANKED,False,20,"5,10,20"
2015-09-28,2015-09-29,2015-09-30,GOOGL,XLK,31.018630953456583,30.673802620283105,1,SHORT,SHORT,0.28212007880210876,0.20729040404459154,0.7557452718416849,79.27095959554084,52.0,True,0.6331234127283096,UNRANKED,False,20,"5,10,20"
2015-09-29,2015-09-30,2015-10-01,GOOGL,XLK,31.332535483267964,30.983562890232943,1,SHORT,SHORT,0.2705539067586263,0.19953923619317485,0.5798453787962595,80.04607638068252,52.0,True,0.8056794504324595,UNRANKED,False,20,"5,10,20"
2015-09-30,2015-10-01,2015-10-02,GOOGL,XLK,31.635531300710397,31.257902701816004,1,SHORT,SHORT,0.2866492470105489,0.19486595625103986,0.7349633773167928,80.51340437489601,52.0,True,0.7340868065754572,UNRANKED,False,20,"5,10,20"
2015-10-01,2015-10-02,2015-10-05,GOOGL,XLK,31.639006571679943,31.263467745691177,1,SHORT,SHORT,0.2749820798635482,0.20281371669498557,0.9370518922805786,79.71862833050145,52.0,True,0.7596461524566015,UNRANKED,False,20,"5,10,20"
2015-10-02,2015-10-05,2015-10-06,GOOGL,XLK,32.80884170916476,32.39022991019713,1,SHORT,SHORT,0.2663210580746333,0.19643299973535014,0.9439273079236349,80.35670002646499,52.0,True,0.5026656885941824,UNRANKED,False,20,"5,10,20"
2015-10-05,2015-10-06,2015-10-07,GOOGL,XLK,33.19315738145942,32.76714261749109,1,SHORT,SHORT,0.27733444174130756,0.200982702774806,0.9511851270993551,79.9017297225194,52.0,True,0.1607827643553415,UNRANKED,False,20,"5,10,20"
2015-10-06,2015-10-07,2015-10-08,GOOGL,XLK,33.5923611947688,34.65376801152382,1,SHORT,SHORT,0.23204480856657028,0.16580976106737816,0.9096811016400655,83.41902389326219,52.0,True,0.26788522303104395,UNRANKED,False,20,"5,10,20"
2015-10-07,2015-10-08,2015-10-09,GOOGL,XLK,33.198119214835195,32.789531622846496,1,SHORT,SHORT,0.22420775890350342,0.17858579465815913,0.8340351382891337,82.14142053418408,52.0,True,0.5127851565678914,UNRANKED,False,20,"5,10,20"
2015-10-08,2015-10-09,2015-10-12,GOOGL,XLK,33.100917498068654,32.71978128503852,1,SHORT,SHORT,0.2065635298689206,0.1642496568841619,0.8722000320752462,83.5750343115838,52.0,True,0.48446913560231525,UNRANKED,False,20,"5,10,20"
2015-10-09,2015-10-12,2015-10-13,GOOGL,XLK,33.18521843165661,32.81052905700538,1,SHORT,SHORT,0.21175205459197358,0.17449046998052622,0.9185284376144409,82.55095300194738,52.0,True,0.3678843975067139,UNRANKED,False,20,"5,10,20"
2015-10-12,2015-10-13,2015-10-14,GOOGL,XLK,33.4366504859315,33.09238877154115,1,SHORT,SHORT,0.23052316904067985,0.18527069441749452,0.92149418592453,81.47293055825054,52.0,True,0.3691004117329915,UNRANKED,False,20,"5,10,20"
2015-10-13,2015-10-14,2015-10-15,GOOGL,XLK,33.90626636458576,33.53844943953693,1,SHORT,SHORT,0.2353410869836807,0.19626512798707849,0.7278136213620504,80.37348720129215,52.0,True,0.606589749455452,UNRANKED,False,20,"5,10,20"
2015-10-14,2015-10-15,2015-10-16,GOOGL,XLK,33.98164303164574,33.60978715962774,1,SHORT,SHORT,0.22911071032285688,0.19122658996610667,0.8179309368133545,80.87734100338933,52.0,True,0.22193678716818496,UNRANKED,False,20,"5,10,20"
2015-10-15,2015-10-16,2015-10-19,GOOGL,XLK,34.484983066996705,34.12074255687359,1,SHORT,SHORT,0.22379470616579047,0.18690032924691583,0.6503483454386393,81.30996707530842,52.0,True,0.6108903686205546,UNRANKED,False,20,"5,10,20"
2015-10-16,2015-10-19,2015-10-20,GOOGL,XLK,34.41555893306463,35.20572680971694,1,SHORT,SHORT,0.19759899874528244,0.1547195266682729,0.848884642124176,84.52804733317271,52.0,True,0.5531236181656519,UNRANKED,False,20,"5,10,20"
2015-10-19,2015-10-20,2015-10-21,GOOGL,XLK,34.60846662818564,35.425112931635,1,SHORT,SHORT,0.21568559110164642,0.1675047006871965,0.871515691280365,83.24952993128035,52.0,True,0.47448408603668213,UNRANKED,False,20,"5,10,20"
2015-10-20,2015-10-21,2015-10-22,GOOGL,XLK,33.880482090485685,33.538981944437275,1,SHORT,SHORT,0.27577034135659534,0.2212947953600136,0.6949740648269653,77.87052046399864,52.0,True,0.5927770982186001,UNRANKED,False,20,"5,10,20"
2015-10-21,2015-10-22,2015-10-23,GOOGL,XLK,33.4951645611541,33.13747661101982,1,SHORT,SHORT,0.2800012975931167,0.2165649971567536,0.7590957283973694,78.34350028432465,52.0,True,0.567005803187688,UNRANKED,False,20,"5,10,20"
2015-10-22,2015-10-23,2015-10-26,GOOGL,XLK,37.19558075035788,38.03976644328129,1,SHORT,SHORT,0.2676979452371597,0.20450031173258473,0.7006398836771647,79.54996882674152,52.0,True,0.6999788880348206,UNRANKED,False,20,"5,10,20"
2015-10-23,2015-10-26,2015-10-27,GOOGL,XLK,35.70589297080628,35.284978184603716,1,SHORT,SHORT,0.25344763199488324,0.1952225279466627,0.81300816933314,80.47774720533373,52.0,True,0.321981484691302,UNRANKED,False,20,"5,10,20"
2015-10-26,2015-10-27,2015-10-28,GOOGL,XLK,36.030706464907304,35.56817169666651,1,SHORT,SHORT,0.24480688820282617,0.18650296499077376,0.8541805346806844,81.34970350092262,52.0,True,0.16978639860947933,UNRANKED,False,20,"5,10,20"
2015-10-27,2015-10-28,2015-10-29,GOOGL,XLK,36.34957189663582,35.88682459526166,1,SHORT,SHORT,0.2549562454223633,0.21434208203134264,0.8203403552373251,78.56579179686574,52.0,True,0.5099976211786271,UNRANKED,False,20,"5,10,20"
2015-10-28,2015-10-29,2015-10-30,GOOGL,XLK,36.52958743975667,36.06294397008242,1,SHORT,SHORT,0.21911138792832688,0.1682301190164354,0.8726773063341776,83.17698809835646,52.0,True,0.3951316873232524,UNRANKED,False,20,"5,10,20"
2015-10-29,2015-10-30,2015-11-02,GOOGL,XLK,36.972420434995975,36.492705905141065,1,SHORT,SHORT,0.23266957203547156,0.19555425260953854,0.9183900753657023,80.44457473904615,52.0,True,0.4781280905008316,UNRANKED,False,20,"5,10,20"
2015-10-30,2015-11-02,2015-11-03,GOOGL,XLK,36.4254392579264,35.93768334623555,1,SHORT,SHORT,0.2380246594548225,0.2011983234706413,0.8670784632364908,79.88016765293587,52.0,True,0.641773541768392,UNRANKED,False,20,"5,10,20"
2015-11-02,2015-11-03,2015-11-04,GOOGL,XLK,36.96597001473755,36.46542778276907,1,SHORT,SHORT,0.27434494594732917,0.2156749373477177,0.847366193930308,78.43250626522823,52.0,True,0.7718931784232456,UNRANKED,False,20,"5,10,20"
2015-11-03,2015-11-04,2015-11-05,GOOGL,XLK,37.18764595605918,36.69305465182508,1,SHORT,SHORT,0.2534947420159976,0.20387406319125387,0.8742465972900391,79.61259368087461,52.0,True,0.6005050589640936,UNRANKED,False,20,"5,10,20"
2015-11-04,2015-11-05,2015-11-06,GOOGL,XLK,37.62948932561928,37.15657558355385,1,SHORT,SHORT,0.2730187426010767,0.22401760248633532,0.904691477616628,77.59823975136648,52.0,True,0.42896191279093415,UNRANKED,False,20,"5,10,20"
2015-11-05,2015-11-06,2015-11-09,GOOGL,XLK,37.65825443623794,37.17450177684899,1,SHORT,SHORT,0.2702656586964925,0.21870304854476175,0.8956006169319153,78.12969514552383,52.0,True,0.5472509215275446,UNRANKED,False,20,"5,10,20"
2015-11-06,2015-11-09,2015-11-10,GOOGL,XLK,37.61511265746209,37.14446620796432,1,SHORT,SHORT,0.2540610233942667,0.2212667038944313,0.8669706384340922,77.87332961055688,52.0,True,0.5712623248497645,UNRANKED,False,20,"5,10,20"
2015-11-09,2015-11-10,2015-11-11,GOOGL,XLK,37.36517553658122,36.94100218147868,1,SHORT,SHORT,0.27774471541245777,0.21644577280184485,0.8262875278790792,78.35542271981552,52.0,True,0.6112540215253831,UNRANKED,False,20,"5,10,20"
2015-11-10,2015-11-11,2015-11-12,GOOGL,XLK,37.80652377633901,37.39903427220606,1,SHORT,SHORT,0.27587375541528064,0.2138292941326064,0.8360093037287394,78.61707058673936,52.0,True,0.45034966866175324,UNRANKED,False,20,"5,10,20"
2015-11-11,2015-11-12,2015-11-13,GOOGL,XLK,37.69743285926435,38.69534676481681,1,SHORT,SHORT,0.2898017168045044,0.21377946238021373,0.8824548323949178,78.62205376197863,52.0,True,0.39793063203493756,UNRANKED,False,20,"5,10,20"
2015-11-12,2015-11-13,2015-11-16,GOOGL,XLK,37.39294438825416,37.09816665431512,1,SHORT,SHORT,0.31412455439567566,0.2220673950540295,0.8949236671129862,77.79326049459705,52.0,True,0.4761160711447398,UNRANKED,False,20,"5,10,20"
2015-11-13,2015-11-16,2015-11-17,GOOGL,XLK,36.70711892593055,36.39579902977751,1,SHORT,SHORT,0.31777774294217426,0.21780148315561412,0.9051382342974345,78.2198516844386,52.0,True,0.6332409828901291,UNRANKED,False,20,"5,10,20"
2015-11-16,2015-11-17,2015-11-18,GOOGL,XLK,37.3150966806788,36.97313686360988,1,SHORT,SHORT,0.3433837393919627,0.21749362189790541,0.8663057287534078,78.25063781020945,52.0,True,0.6500838001569114,UNRANKED,False,20,"5,10,20"
2015-11-17,2015-11-18,2015-11-19,GOOGL,XLK,37.171282551527526,36.828118652514554,1,SHORT,SHORT,0.30088789264361065,0.20671341018406028,0.7768240173657736,79.32865898159397,52.0,True,0.5753258218367894,UNRANKED,False,20,"5,10,20"
2015-11-18,2015-11-19,2015-11-20,GOOGL,XLK,37.67759398567718,37.312823368873325,1,SHORT,SHORT,0.28409185508886964,0.2185619105925194,0.9149926702181498,78.14380894074806,52.0,True,0.43277774254481,UNRANKED,False,20,"5,10,20"
2015-11-19,2015-11-20,2015-11-23,GOOGL,XLK,38.149689923647266,37.81109630443689,1,SHORT,SHORT,0.2839267998933792,0.21897303259896708,0.9039872884750366,78.1026967401033,52.0,True,0.6113622039556504,UNRANKED,False,20,"5,10,20"
2015-11-20,2015-11-23,2015-11-24,GOOGL,XLK,38.55484491397244,39.46074764028208,1,SHORT,SHORT,0.2841121057669322,0.22021297912101268,0.944790780544281,77.97870208789874,52.0,True,0.4767693926890691,UNRANKED,False,20,"5,10,20"
2015-11-23,2015-11-24,2015-11-25,GOOGL,XLK,38.3311928411181,37.97159495380644,1,SHORT,SHORT,0.27181104818979895,0.21280120925668058,0.9335437814394633,78.71987907433194,52.0,True,0.33499924341837556,UNRANKED,False,20,"5,10,20"
2015-11-24,2015-11-25,2015-11-27,GOOGL,XLK,38.26820721881429,37.90655538950347,1,SHORT,SHORT,0.335835168759028,0.23830844132237236,0.8962176640828451,76.16915586776275,52.0,True,0.3785708844661712,UNRANKED,False,20,"5,10,20"
2015-11-25,2015-11-27,2015-11-30,GOOGL,XLK,38.14275325821324,37.798776283725935,1,SHORT,SHORT,0.2940691411495209,0.2251313955411971,0.8940342863400778,77.4868604458803,52.0,True,0.6057718296845755,UNRANKED,False,20,"5,10,20"
2015-11-27,2015-11-30,2015-12-01,GOOGL,XLK,38.27713726293274,37.92685486634373,1,SHORT,SHORT,0.28672120968500775,0.22753978073895295,0.8981433709462484,77.2460219261047,52.0,True,0.5454241385062536,UNRANKED,False,20,"5,10,20"
2015-11-30,2015-12-01,2015-12-02,GOOGL,XLK,38.03265175007036,37.67425767222438,1,SHORT,SHORT,0.30814110736052186,0.23200074033466453,0.82932976881663,76.79992596653355,52.0,True,0.6398322433233262,UNRANKED,False,20,"5,10,20"
2015-12-01,2015-12-02,2015-12-03,GOOGL,XLK,38.940658299433046,39.99116870592719,1,SHORT,SHORT,0.38847549756367994,0.24830174286386306,0.8279174168904623,75.16982571361369,52.0,True,0.5968889743089676,UNRANKED,False,20,"5,10,20"
2015-12-02,2015-12-03,2015-12-04,GOOGL,XLK,38.70807647638323,38.29159246105469,1,SHORT,SHORT,0.33990059792995453,0.2393009185446051,0.7745594382286072,76.06990814553949,52.0,True,0.63211985429128,UNRANKED,False,20,"5,10,20"
2015-12-03,2015-12-04,2015-12-07,GOOGL,XLK,38.17002376326418,37.75024466693327,1,SHORT,SHORT,0.32000258068243664,0.22350156502452964,0.7477858861287435,77.64984349754704,52.0,True,0.7092241595188776,UNRANKED,False,20,"5,10,20"
2015-12-04,2015-12-07,2015-12-08,GOOGL,XLK,38.6832824278646,38.28280842448151,1,SHORT,SHORT,0.30366462469100947,0.20503160655796845,0.7827374736467997,79.49683934420315,52.0,True,0.564336841305097,UNRANKED,False,20,"5,10,20"
2015-12-07,2015-12-08,2015-12-09,GOOGL,XLK,37.91165997198597,37.52581560509493,1,SHORT,SHORT,0.23254846533139542,0.18780281631732457,0.7429312467575073,81.21971836826755,52.0,True,0.507144515713056,UNRANKED,False,20,"5,10,20"
2015-12-08,2015-12-09,2015-12-10,GOOGL,XLK,38.23895784800109,39.1832902432822,1,SHORT,SHORT,0.2599701136350631,0.20791328660412353,0.792063295841217,79.20867133958764,52.0,True,0.5170743813117343,UNRANKED,False,20,"5,10,20"
2015-12-09,2015-12-10,2015-12-11,GOOGL,XLK,37.86653356028792,38.79811464876274,1,SHORT,SHORT,0.24613692114750538,0.1945173788923469,0.7627403934796652,80.54826211076531,52.0,True,0.8524400989214579,UNRANKED,False,20,"5,10,20"
2015-12-10,2015-12-11,2015-12-14,GOOGL,XLK,37.1430151615623,36.761739712081976,1,SHORT,SHORT,0.2508384535710017,0.18835345319936125,0.7692147493362427,81.16465468006388,52.0,True,0.8179855098327001,UNRANKED,False,20,"5,10,20"
2015-12-11,2015-12-14,2015-12-15,GOOGL,XLK,37.25508484436039,36.90016268598288,1,SHORT,SHORT,0.24988755087057746,0.18860854237021626,0.8676702578862509,81.13914576297837,52.0,True,0.9950214823087058,UNRANKED,False,20,"5,10,20"
2015-12-14,2015-12-15,2015-12-16,GOOGL,XLK,38.07481268341187,37.67802231519549,1,SHORT,SHORT,0.29822778205076844,0.20026599562692118,0.8425702651341757,79.97340043730789,52.0,True,0.8839476630091666,UNRANKED,False,20,"5,10,20"
2015-12-15,2015-12-16,2015-12-17,GOOGL,XLK,38.01431112545281,37.63388580850596,1,SHORT,SHORT,0.26449454327424365,0.18494763275285878,0.7859532435735067,81.50523672471412,52.0,True,1.0025188624858856,UNRANKED,False,20,"5,10,20"
2015-12-16,2015-12-17,2015-12-18,GOOGL,XLK,38.73782986935756,39.83172905126848,1,SHORT,SHORT,0.2933851728836695,0.19543236689296836,0.94095911582311,80.45676331070317,52.0,True,0.5432236939668655,UNRANKED,False,20,"5,10,20"
2015-12-17,2015-12-18,2015-12-21,GOOGL,XLK,38.04704573208433,37.59514089025257,1,SHORT,SHORT,0.23631540437539414,0.17851544254288673,0.959553043047587,82.14845574571132,52.0,True,0.4402449677387874,UNRANKED,False,20,"5,10,20"
2015-12-18,2015-12-21,2015-12-22,GOOGL,XLK,37.83974933951054,37.37417207772204,1,SHORT,SHORT,0.2804714143276214,0.1884045024367916,0.8685025175412496,81.15954975632084,52.0,True,0.8281583388646444,UNRANKED,False,20,"5,10,20"
2015-12-21,2015-12-22,2015-12-23,GOOGL,XLK,37.90025437574304,37.49485805049541,1,SHORT,SHORT,0.30882612864176434,0.1986245993695749,0.9153762261072794,80.13754006304251,52.0,True,0.8762704481681188,UNRANKED,False,20,"5,10,20"
2015-12-22,2015-12-23,2015-12-24,GOOGL,XLK,38.21862324454592,37.81184436401788,1,SHORT,SHORT,0.28787046174208325,0.1893317492830029,0.9323461651802063,81.06682507169971,52.0,True,0.7038686672846475,UNRANKED,False,20,"5,10,20"
2015-12-23,2015-12-24,2015-12-28,GOOGL,XLK,38.11100788955858,37.7335228867684,1,SHORT,SHORT,0.2795102695624033,0.20270790851640177,0.964030921459198,79.72920914835983,52.0,True,0.5675560086965562,UNRANKED,False,20,"5,10,20"
2015-12-24,2015-12-28,2015-12-29,GOOGL,XLK,38.18441416423875,37.83647044955195,1,SHORT,SHORT,0.2512500733137131,0.20189711976788063,0.9677806893984476,79.81028802321194,52.0,True,0.6460432261228561,UNRANKED,False,20,"5,10,20"
2015-12-28,2015-12-29,2015-12-30,GOOGL,XLK,39.02693896958323,38.642934921644475,1,SHORT,SHORT,0.3080145865678787,0.22588353522750337,0.9365130662918091,77.41164647724966,52.0,True,0.5812519838412602,UNRANKED,False,20,"5,10,20"
2015-12-29,2015-12-30,2015-12-31,GOOGL,XLK,39.37258817383492,40.41734315582955,1,SHORT,SHORT,0.3056427637736002,0.21615907827875744,0.8461018602053324,78.38409217212426,52.0,True,0.6823655019203821,UNRANKED,False,20,"5,10,20"
2015-12-30,2015-12-31,2016-01-04,GOOGL,XLK,39.06809992202885,40.03377622970707,1,SHORT,SHORT,0.26766473551591236,0.21533150187893432,0.8884287277857462,78.46684981210656,52.0,True,0.6082672824462255,UNRANKED,False,20,"5,10,20"
2015-12-31,2016-01-04,2016-01-05,GOOGL,XLK,37.79760152625233,37.37668891987677,1,SHORT,SHORT,0.26574003199736274,0.22017253073567614,0.8790706992149353,77.98274692643238,52.0,True,0.6773607035477957,UNRANKED,False,20,"5,10,20"
2016-01-04,2016-01-05,2016-01-06,GOOGL,XLK,37.891826124773026,37.43921093181474,1,SHORT,SHORT,0.27403557300567627,0.20590350338078145,0.8180061976114908,79.40964966192186,52.0,True,0.7305457592010498,UNRANKED,False,20,"5,10,20"
2016-01-05,2016-01-06,2016-01-07,GOOGL,XLK,37.21095534103589,38.25367490956093,1,SHORT,SHORT,0.2950226267178853,0.1924396869354705,0.7280267278353373,80.75603130645294,52.0,True,0.8211607833703359,UNRANKED,False,20,"5,10,20"
2016-01-06,2016-01-07,2016-01-08,GOOGL,XLK,37.01854376219676,38.05905012511179,1,SHORT,SHORT,0.2610544562339782,0.1960175089909794,0.6864952047665914,80.39824910090206,52.0,True,0.6173100173473358,UNRANKED,False,20,"5,10,20"
2016-01-07,2016-01-08,2016-01-11,GOOGL,XLK,37.08350095161553,38.14021364714601,1,SHORT,SHORT,0.23228818674882248,0.1743737015003127,0.6811373631159464,82.56262984996873,52.0,True,1.0631855726242068,UNRANKED,False,20,"5,10,20"
2016-01-08,2016-01-11,2016-01-12,GOOGL,XLK,36.297505698174184,35.86302503105993,1,SHORT,SHORT,0.22615932921568552,0.171131617153828,0.7603016495704651,82.8868382846172,52.0,True,1.0910066465536754,UNRANKED,False,20,"5,10,20"
2016-01-11,2016-01-12,2016-01-13,GOOGL,XLK,36.73389116544408,37.724279218248206,1,SHORT,SHORT,0.2591258287429809,0.19054841197061015,0.6354952355225881,80.94515880293899,52.0,True,0.8323995272318522,UNRANKED,False,20,"5,10,20"
2016-01-12,2016-01-13,2016-01-14,GOOGL,XLK,37.15987570253287,38.22394054584691,1,SHORT,SHORT,0.2631805986166,0.1926593783696675,0.8480692505836487,80.73406216303324,52.0,True,0.6911265999078751,UNRANKED,False,20,"5,10,20"
2016-01-13,2016-01-14,2016-01-15,GOOGL,XLK,35.9250783196776,37.16129023265019,1,SHORT,SHORT,0.211360956231753,0.16957485351007348,0.7605224053064982,83.04251464899265,52.0,True,0.8020785450935365,UNRANKED,False,20,"5,10,20"
2016-01-14,2016-01-15,2016-01-19,GOOGL,XLK,35.208502672773584,34.67703823229158,1,SHORT,SHORT,0.25886145234107966,0.1983485842991556,0.842502216498057,80.16514157008444,52.0,True,0.8055928846200308,UNRANKED,False,20,"5,10,20"
2016-01-15,2016-01-19,2016-01-20,GOOGL,XLK,35.712337622552276,35.11630016658478,1,SHORT,SHORT,0.2710469514131546,0.19318570196973037,0.859308123588562,80.68142980302696,52.0,True,1.1482585867245996,UNRANKED,False,20,"5,10,20"
2016-01-19,2016-01-20,2016-01-21,GOOGL,XLK,35.00567715077589,34.437304969292214,1,SHORT,SHORT,0.30081098278363544,0.1961328779752062,0.8695703347524008,80.38671220247939,52.0,True,1.195238580306371,UNRANKED,False,20,"5,10,20"
2016-01-20,2016-01-21,2016-01-22,GOOGL,XLK,35.71333452906147,35.184634109226785,1,SHORT,SHORT,0.31236058473587036,0.19841189026058648,0.8451349139213562,80.15881097394136,52.0,True,1.1412941465775173,UNRANKED,False,20,"5,10,20"
2016-01-21,2016-01-22,2016-01-25,GOOGL,XLK,36.7958860273071,36.2514227334141,1,SHORT,SHORT,0.24468763669331864,0.20999291985012417,0.9422615170478821,79.00070801498758,52.0,True,0.6063002496957779,UNRANKED,False,20,"5,10,20"
2016-01-22,2016-01-25,2016-01-26,GOOGL,XLK,36.88713048466049,36.31964331294244,1,SHORT,SHORT,0.20423126469055805,0.1663551500347206,0.9634233514467875,83.36448499652795,52.0,True,0.21387323240439102,UNRANKED,False,20,"5,10,20"
2016-01-25,2016-01-26,2016-01-27,GOOGL,XLK,36.45916528243361,37.81828674130463,1,SHORT,SHORT,0.28561272223790485,0.19503475395970146,0.9296968777974447,80.49652460402984,52.0,True,0.5911416063706081,UNRANKED,False,20,"5,10,20"
2016-01-26,2016-01-27,2016-01-28,GOOGL,XLK,36.49288453769845,35.956037286896276,1,SHORT,SHORT,0.23653979102770484,0.1825965904445893,0.9477218190828959,81.74034095554107,52.0,True,0.38793270289897924,UNRANKED,False,20,"5,10,20"
2016-01-27,2016-01-28,2016-01-29,GOOGL,XLK,36.606945962310576,36.020473314779885,1,SHORT,SHORT,0.24190943936506903,0.18151690094412984,0.8382874925931295,81.84830990558702,52.0,True,0.9116386473178864,UNRANKED,False,20,"5,10,20"
2016-01-28,2016-01-29,2016-02-01,GOOGL,XLK,37.1410377079233,36.510677785786726,1,SHORT,SHORT,0.22834605475266775,0.17782431554559588,0.8734768827756246,82.21756844544042,52.0,True,0.508695662021637,UNRANKED,False,20,"5,10,20"
2016-01-29,2016-02-01,2016-02-02,GOOGL,XLK,38.2468885694867,37.60604367943717,1,SHORT,SHORT,0.22941663364569342,0.17740679014019478,0.916720430056254,82.25932098598052,52.0,True,0.3491174926360449,UNRANKED,False,20,"5,10,20"
2016-02-01,2016-02-02,2016-02-03,GOOGL,XLK,39.69691171667831,41.36331180866701,1,SHORT,SHORT,0.2093333303928375,0.16533028250415868,0.957185427347819,83.46697174958413,52.0,True,0.1550108045339584,UNRANKED,False,20,"5,10,20"
2016-02-02,2016-02-03,2016-02-04,GOOGL,XLK,38.99173504007707,40.63927554126289,1,SHORT,SHORT,0.26287167767683656,0.20459056016368846,0.9100180466969808,79.54094398363115,52.0,True,0.5718538016080856,UNRANKED,False,20,"5,10,20"
2016-02-03,2016-02-04,2016-02-05,GOOGL,XLK,36.92431877439441,38.6228679087851,1,SHORT,SHORT,0.23994969824949897,0.1944564643752025,0.9571202794710795,80.55435356247975,52.0,True,0.5930532266696293,UNRANKED,False,20,"5,10,20"
2016-02-04,2016-02-05,2016-02-08,GOOGL,XLK,35.977646590955466,37.74287867713711,1,SHORT,SHORT,0.2220287198821703,0.184190975716407,0.9402748147646586,81.58090242835931,52.0,True,0.6604141642649967,UNRANKED,False,20,"5,10,20"
2016-02-05,2016-02-08,2016-02-09,GOOGL,XLK,34.10214113381509,33.37702685638415,1,SHORT,SHORT,0.24434603750705716,0.20300368913786934,0.9220080574353536,79.69963108621306,52.0,True,0.7364639242490133,UNRANKED,False,20,"5,10,20"
2016-02-08,2016-02-09,2016-02-10,GOOGL,XLK,34.363483687351945,33.66737963766933,1,SHORT,SHORT,0.2907839218775431,0.22494993905524727,0.8505313396453857,77.50500609447528,52.0,True,0.7359915624062219,UNRANKED,False,20,"5,10,20"
2016-02-09,2016-02-10,2016-02-11,GOOGL,XLK,35.29776085518859,34.592376192015465,1,SHORT,SHORT,0.26211798936128616,0.21441795142256936,0.8608476519584656,78.55820485774306,52.0,True,0.7601495385169983,UNRANKED,False,20,"5,10,20"
2016-02-10,2016-02-11,2016-02-12,GOOGL,XLK,34.531595556774036,33.83428742514736,1,SHORT,SHORT,0.22520406544208518,0.18610710293281985,0.8215380311012268,81.38928970671802,52.0,True,0.7117209136486055,UNRANKED,False,20,"5,10,20"
2016-02-11,2016-02-12,2016-02-16,GOOGL,XLK,35.3185897869384,34.68610317107623,1,SHORT,SHORT,0.2537118345499038,0.2134315785316601,0.9119782050450643,78.656842146834,52.0,True,0.5959253509839374,UNRANKED,False,20,"5,10,20"
2016-02-12,2016-02-16,2016-02-17,GOOGL,XLK,35.63794892863247,35.0455242634539,1,SHORT,SHORT,0.2431700577338536,0.1954463507411709,0.8598942955334982,80.4553649258829,52.0,True,0.9018037567536036,UNRANKED,False,20,"5,10,20"
2016-02-16,2016-02-17,2016-02-18,GOOGL,XLK,36.05203241860593,35.42213162253311,1,SHORT,SHORT,0.22365076343218485,0.18949581890373915,0.9435374935468038,81.0504181096261,52.0,True,0.48527130981286365,UNRANKED,False,20,"5,10,20"
2016-02-17,2016-02-18,2016-02-19,GOOGL,XLK,36.397176913862154,35.77393467186648,1,SHORT,SHORT,0.24538120130697882,0.19615894269708514,0.9646985729535421,80.3841057302915,52.0,True,-0.14758961399396275,UNRANKED,False,20,"5,10,20"
2016-02-18,2016-02-19,2016-02-22,GOOGL,XLK,35.50158011508094,34.9359329898368,1,SHORT,SHORT,0.22204324603080747,0.17967727415278023,0.9222707351048788,82.03227258472198,52.0,True,0.1357810000578563,UNRANKED,False,20,"5,10,20"
2016-02-19,2016-02-22,2016-02-23,GOOGL,XLK,36.176500621712016,37.51579042317337,1,SHORT,SHORT,0.2141625881195068,0.17076588241792381,0.8927769263585409,82.92341175820762,52.0,True,0.2950879434744517,UNRANKED,False,20,"5,10,20"
2016-02-22,2016-02-23,2016-02-24,GOOGL,XLK,36.00739829970938,35.48046653701407,1,SHORT,SHORT,0.23413455486297605,0.1992602915472735,0.8761603236198425,80.07397084527264,52.0,True,0.43501712878545123,UNRANKED,False,20,"5,10,20"
2016-02-23,2016-02-24,2016-02-25,GOOGL,XLK,35.239244814592205,34.70657492977426,1,SHORT,SHORT,0.2824820627768834,0.21706889371375557,0.7660457491874695,78.29311062862445,52.0,True,0.8930204808712006,UNRANKED,False,20,"5,10,20"
2016-02-24,2016-02-25,2016-02-26,GOOGL,XLK,35.8501971322816,35.41642436398849,1,SHORT,SHORT,0.27062804500261933,0.2076338519205735,0.7491193215052286,79.23661480794266,52.0,True,0.7791432787974677,UNRANKED,False,20,"5,10,20"
2016-02-25,2016-02-26,2016-02-29,GOOGL,XLK,36.3793256728897,37.36519671541377,1,SHORT,SHORT,0.25392630199591315,0.20697439345235094,0.7633973757425944,79.3025606547649,52.0,True,0.6589667797088623,UNRANKED,False,20,"5,10,20"
2016-02-26,2016-02-29,2016-03-01,GOOGL,XLK,35.75449323240851,35.43810741828671,1,SHORT,SHORT,0.24863951901594794,0.20638861887171334,0.8212926983833313,79.36113811282867,52.0,True,0.667143444220225,UNRANKED,False,20,"5,10,20"
2016-02-29,2016-03-01,2016-03-02,GOOGL,XLK,35.769364708569626,35.427333774644545,1,SHORT,SHORT,0.2320926636457443,0.1976358762291023,0.7570337057113647,80.23641237708978,52.0,True,0.7016723106304804,UNRANKED,False,20,"5,10,20"
2016-03-01,2016-03-02,2016-03-03,GOOGL,XLK,36.83902650122352,37.887239233811066,1,SHORT,SHORT,0.27811826765537256,0.20854528860810576,0.7388196388880411,79.14547113918943,52.0,True,0.6458141108353933,UNRANKED,False,20,"5,10,20"
2016-03-02,2016-03-03,2016-03-04,GOOGL,XLK,36.6709108915388,37.69131856823558,1,SHORT,SHORT,0.21808002144098274,0.16450806627416503,0.835437019666036,83.5491933725835,52.0,True,0.31474951406319934,UNRANKED,False,20,"5,10,20"
2016-03-03,2016-03-04,2016-03-07,GOOGL,XLK,36.43883480475191,37.5247735309046,1,SHORT,SHORT,0.2547328621149063,0.19294452083140065,0.8292791644732157,80.70554791685993,52.0,True,0.5380990405877432,UNRANKED,False,20,"5,10,20"
2016-03-04,2016-03-07,2016-03-08,GOOGL,XLK,35.960289324527984,37.053665347956766,1,SHORT,SHORT,0.29456769426663715,0.2134535837159726,0.8169963161150614,78.65464162840274,52.0,True,0.5869694948196411,UNRANKED,False,20,"5,10,20"
2016-03-07,2016-03-08,2016-03-09,GOOGL,XLK,35.12915519101109,34.66817845412493,1,SHORT,SHORT,0.2901427398125331,0.20790177348587058,0.7396705349286398,79.20982265141294,52.0,True,0.569098800420761,UNRANKED,False,20,"5,10,20"
2016-03-08,2016-03-09,2016-03-10,GOOGL,XLK,35.46537862909297,35.05257579662575,1,SHORT,SHORT,0.30111709733804065,0.2283137658886857,0.7288776636123657,77.16862341113143,52.0,True,0.48685854176680254,UNRANKED,False,20,"5,10,20"
2016-03-09,2016-03-10,2016-03-11,GOOGL,XLK,36.09120788912516,35.68754398139288,1,SHORT,SHORT,0.2584153264760971,0.20156042409454253,0.6575028896331787,79.84395759054574,52.0,True,0.5189341505368553,UNRANKED,False,20,"5,10,20"
2016-03-10,2016-03-11,2016-03-14,GOOGL,XLK,36.694223845072095,36.28290901701685,1,SHORT,SHORT,0.2589474320411682,0.20438962408197234,0.6280301014582316,79.56103759180276,52.0,True,0.5809441208839417,UNRANKED,False,20,"5,10,20"
2016-03-11,2016-03-14,2016-03-15,GOOGL,XLK,36.94316568297675,36.51144821907468,1,SHORT,SHORT,0.24376700321833286,0.1864052404513047,0.7635142008463541,81.35947595486954,52.0,True,0.2551332712173462,UNRANKED,False,20,"5,10,20"
2016-03-14,2016-03-15,2016-03-16,GOOGL,XLK,36.995231135173626,36.586148177497144,1,SHORT,SHORT,0.2056595956285794,0.15055992248061126,0.7888907790184021,84.94400775193888,52.0,True,0.3288765400648117,UNRANKED,False,20,"5,10,20"
2016-03-15,2016-03-16,2016-03-17,GOOGL,XLK,37.14549576339584,36.74803128367695,1,SHORT,SHORT,0.23335374395052588,0.18681898107358727,0.7869096199671427,81.31810189264127,52.0,True,0.6080485085646311,UNRANKED,False,20,"5,10,20"
2016-03-16,2016-03-17,2016-03-18,GOOGL,XLK,37.571968755668735,37.179569376483464,1,SHORT,SHORT,0.26724694172541297,0.22617552312726244,0.815892239411672,77.38244768727375,52.0,True,0.2608857254187265,UNRANKED,False,20,"5,10,20"
2016-03-17,2016-03-18,2016-03-21,GOOGL,XLK,37.76933555142435,37.388058739552136,1,SHORT,SHORT,0.23809269070625305,0.1960245055837316,0.8450085123380026,80.39754944162684,52.0,True,0.3741282473007837,UNRANKED,False,20,"5,10,20"
2016-03-18,2016-03-21,2016-03-22,GOOGL,XLK,37.38649529680185,37.02140560781957,1,SHORT,SHORT,0.25294805069764453,0.21062856365022387,0.8641941944758097,78.93714363497762,52.0,True,0.38879284262657166,UNRANKED,False,20,"5,10,20"
2016-03-21,2016-03-22,2016-03-23,GOOGL,XLK,37.611144936649374,37.31052226906427,1,SHORT,SHORT,0.24270038803418473,0.18744249090547094,0.7409829894701639,81.2557509094529,52.0,True,0.5379688938458761,UNRANKED,False,20,"5,10,20"
2016-03-22,2016-03-23,2016-03-24,GOOGL,XLK,37.85462528658575,38.601045056962775,1,SHORT,SHORT,0.26202462613582606,0.2226399353054115,0.7636610269546509,77.73600646945886,52.0,True,0.5338183244069417,UNRANKED,False,20,"5,10,20"
2016-03-23,2016-03-24,2016-03-28,GOOGL,XLK,37.252113683651366,36.97267321254715,1,SHORT,SHORT,0.2589937274654706,0.21293947805036595,0.8242902954419454,78.7060521949634,52.0,True,0.5670867164929708,UNRANKED,False,20,"5,10,20"
2016-03-24,2016-03-28,2016-03-29,GOOGL,XLK,37.49857137707793,37.21434918295125,1,SHORT,SHORT,0.2638116230567296,0.21680893946466173,0.8431208531061808,78.31910605353383,52.0,True,0.5315427084763845,UNRANKED,False,20,"5,10,20"
2016-03-28,2016-03-29,2016-03-30,GOOGL,XLK,37.375091123461125,37.14704743100856,1,SHORT,SHORT,0.2819156150023142,0.2226659895184581,0.9022207061449686,77.73340104815419,52.0,True,0.30364238719145453,UNRANKED,False,20,"5,10,20"
2016-03-29,2016-03-30,2016-03-31,GOOGL,XLK,38.09563815367206,37.82551371824726,1,SHORT,SHORT,0.29151801268259686,0.21646484848422984,0.820551594098409,78.35351515157701,52.0,True,0.4405781030654907,UNRANKED,False,20,"5,10,20"
2016-03-30,2016-03-31,2016-04-01,GOOGL,XLK,38.10208322990788,37.865361373654395,1,SHORT,SHORT,0.2891354610522588,0.22071099587536458,0.7962942719459534,77.92890041246355,52.0,True,0.4199363787968953,UNRANKED,False,20,"5,10,20"
2016-03-31,2016-04-01,2016-04-04,GOOGL,XLK,37.54767265572686,37.31562652840753,1,SHORT,SHORT,0.29028374950091046,0.2218448928650536,0.8520418008168539,77.81551071349465,52.0,True,0.4793949822584789,UNRANKED,False,20,"5,10,20"
2016-04-01,2016-04-04,2016-04-05,GOOGL,XLK,38.16010409929226,38.68770874733739,1,SHORT,SHORT,0.3117864380280177,0.23678652743796824,0.8291688362757365,76.32134725620318,52.0,True,0.4535434891780217,UNRANKED,False,20,"5,10,20"
2016-04-04,2016-04-05,2016-04-06,GOOGL,XLK,37.59576902046318,37.38763150825615,1,SHORT,SHORT,0.3232755362987518,0.23446099261741157,0.8508164286613464,76.55390073825885,52.0,True,0.6134225527445475,UNRANKED,False,20,"5,10,20"
2016-04-05,2016-04-06,2016-04-07,GOOGL,XLK,37.58138713118536,37.35121701748558,1,SHORT,SHORT,0.34086165328820545,0.22974916414979277,0.8303503394126892,77.02508358502072,52.0,True,0.6031664361556373,UNRANKED,False,20,"5,10,20"
2016-04-06,2016-04-07,2016-04-08,GOOGL,XLK,37.952321232202195,38.55174368703618,1,SHORT,SHORT,0.35528237620989483,0.22936549087663807,0.747567613919576,77.0634509123362,52.0,True,0.4018940925598144,UNRANKED,False,20,"5,10,20"
2016-04-07,2016-04-08,2016-04-11,GOOGL,XLK,37.979596569868875,38.639501731045286,1,SHORT,SHORT,0.31726729869842524,0.22406391497977052,0.7661057511965433,77.59360850202295,52.0,True,0.6204916139443716,UNRANKED,False,20,"5,10,20"
2016-04-08,2016-04-11,2016-04-12,GOOGL,XLK,37.95877124526064,37.70338135050269,1,SHORT,SHORT,0.34481043616930646,0.2332869089457651,0.8116722106933594,76.67130910542349,52.0,True,0.36469850937525433,UNRANKED,False,20,"5,10,20"
2016-04-11,2016-04-12,2016-04-13,GOOGL,XLK,37.610652273204835,37.37233560101594,1,SHORT,SHORT,0.3587987422943115,0.22316997416945894,0.783424437046051,77.6830025830541,52.0,True,0.7284849087397257,UNRANKED,False,20,"5,10,20"
2016-04-12,2016-04-13,2016-04-14,GOOGL,XLK,38.19977536822236,37.94491653381946,1,SHORT,SHORT,0.3275965948899587,0.2297445157818742,0.8480657537778219,77.02554842181259,52.0,True,0.5558933764696121,UNRANKED,False,20,"5,10,20"
2016-04-13,2016-04-14,2016-04-15,GOOGL,XLK,38.45021141628466,38.17728835545877,1,SHORT,SHORT,0.32485443850358325,0.2356641610118496,0.8495951692263285,76.43358389881504,52.0,True,0.40799132982889813,UNRANKED,False,20,"5,10,20"
2016-04-14,2016-04-15,2016-04-18,GOOGL,XLK,38.457151385783874,38.18153542116683,1,SHORT,SHORT,0.30283764998118073,0.2368859182621698,0.9145205418268839,76.31140817378302,52.0,True,0.4308522293965021,UNRANKED,False,20,"5,10,20"
2016-04-15,2016-04-18,2016-04-19,GOOGL,XLK,38.68972683530677,38.40330764803347,1,SHORT,SHORT,0.27153056859970087,0.22224577494752715,0.8587533036867777,77.77542250524728,52.0,True,0.4378180901209514,UNRANKED,False,20,"5,10,20"
2016-04-18,2016-04-19,2016-04-20,GOOGL,XLK,39.201003750442005,39.87339523320394,1,SHORT,SHORT,0.345507949590683,0.2488385058257242,0.8761098980903625,75.11614941742758,52.0,True,0.5404812991619109,UNRANKED,False,20,"5,10,20"
2016-04-19,2016-04-20,2016-04-21,GOOGL,XLK,38.63865065121516,38.33788574991773,1,SHORT,SHORT,0.33973729113737744,0.251699695192503,0.8193237781524658,74.8300304807497,52.0,True,0.5028258512417475,UNRANKED,False,20,"5,10,20"
2016-04-20,2016-04-21,2016-04-22,GOOGL,XLK,38.54690940948412,39.262426044833944,1,SHORT,SHORT,0.3223869701226552,0.24134374853499208,0.7856138149897257,75.86562514650079,52.0,True,0.5178338438272476,UNRANKED,False,20,"5,10,20"
2016-04-21,2016-04-22,2016-04-25,GOOGL,XLK,36.89060330146668,36.6103832697284,1,SHORT,SHORT,0.3309525350729624,0.2426358478082478,0.8275817235310873,75.73641521917523,52.0,True,0.4135955621798833,UNRANKED,False,20,"5,10,20"
2016-04-22,2016-04-25,2016-04-26,GOOGL,XLK,36.46611043271434,37.5003293571005,1,SHORT,SHORT,0.2902757773796717,0.22776781825479472,0.841810405254364,77.22321817452053,52.0,True,0.39257967472076416,UNRANKED,False,20,"5,10,20"
2016-04-25,2016-04-26,2016-04-27,GOOGL,XLK,36.91588662759573,37.93141966614379,1,SHORT,SHORT,0.32159291704495746,0.23521373590104488,0.8490801254908243,76.47862640989551,52.0,True,0.6329541653394698,UNRANKED,False,20,"5,10,20"
2016-04-26,2016-04-27,2016-04-28,GOOGL,XLK,35.96872055418795,37.04925262816256,1,SHORT,SHORT,0.27429457505544025,0.2225252957320583,0.7607797980308533,77.74747042679418,52.0,True,0.5960282534360885,UNRANKED,False,20,"5,10,20"
2016-04-27,2016-04-28,2016-04-29,GOOGL,XLK,35.86805077268634,36.91280575468097,1,SHORT,SHORT,0.2591810226440429,0.21607706396557216,0.8993484179178873,78.39229360344278,52.0,True,0.547028029958407,UNRANKED,False,20,"5,10,20"
2016-04-28,2016-04-29,2016-05-02,GOOGL,XLK,34.91740414319372,34.44371274784286,1,SHORT,SHORT,0.26002802948156983,0.22074353147325243,0.920978844165802,77.92564685267476,52.0,True,0.34926866988341004,UNRANKED,False,20,"5,10,20"
2016-04-29,2016-05-02,2016-05-03,GOOGL,XLK,35.30421649526662,34.827372525104096,1,SHORT,SHORT,0.24747370183467862,0.2013872900627942,0.9256190061569214,79.86127099372058,52.0,True,0.4163336257139842,UNRANKED,False,20,"5,10,20"
2016-05-02,2016-05-03,2016-05-04,GOOGL,XLK,35.33297265193177,34.85701369153487,1,SHORT,SHORT,0.2621271510918935,0.20598986802513167,0.9122994542121887,79.40101319748683,52.0,True,0.44480279584725707,UNRANKED,False,20,"5,10,20"
2016-05-03,2016-05-04,2016-05-05,GOOGL,XLK,35.04882140569697,34.57860002246594,1,SHORT,SHORT,0.2608601674437523,0.20331138430053755,0.8709356188774109,79.66886156994624,52.0,True,0.6109837641318637,UNRANKED,False,20,"5,10,20"
2016-05-04,2016-05-05,2016-05-06,GOOGL,XLK,35.456950540503065,34.98867765013964,1,SHORT,SHORT,0.2646973853309949,0.20753475198888674,0.850985566775004,79.24652480111133,52.0,True,0.5845809280872345,UNRANKED,False,20,"5,10,20"
2016-05-05,2016-05-06,2016-05-09,GOOGL,XLK,35.318094692730455,34.85431987539996,1,SHORT,SHORT,0.27981152137120563,0.21322876272613567,0.9260028998057047,78.67712372738643,52.0,True,0.5355565001567203,UNRANKED,False,20,"5,10,20"
2016-05-06,2016-05-09,2016-05-10,GOOGL,XLK,36.03715168342154,35.56349462034607,1,SHORT,SHORT,0.2668200234572093,0.22329597382813185,0.8689576983451843,77.67040261718682,52.0,True,0.48894694447517395,UNRANKED,False,20,"5,10,20"
2016-05-09,2016-05-10,2016-05-11,GOOGL,XLK,36.4467731181124,35.99961103489533,1,SHORT,SHORT,0.24721414099136985,0.18965403407557702,0.9442241390546163,81.0345965924423,52.0,True,0.5766629378000896,UNRANKED,False,20,"5,10,20"
2016-05-10,2016-05-11,2016-05-12,GOOGL,XLK,36.722491447923176,37.91938745600597,1,SHORT,SHORT,0.24653529872496918,0.20068950165380528,0.8869268496831259,79.93104983461947,52.0,True,0.49230921765168517,UNRANKED,False,20,"5,10,20"
2016-05-11,2016-05-12,2016-05-13,GOOGL,XLK,36.299975380588464,35.80793365651969,1,SHORT,SHORT,0.2801373402277628,0.22791088001783036,0.6899629632631937,77.20891199821696,52.0,True,0.4568719863891601,UNRANKED,False,20,"5,10,20"
2016-05-12,2016-05-13,2016-05-16,GOOGL,XLK,36.03319045396032,35.68194838853063,1,SHORT,SHORT,0.30393162369728083,0.24243323124014515,0.6632533272107443,75.75667687598549,52.0,True,0.4491180926561356,UNRANKED,False,20,"5,10,20"
2016-05-13,2016-05-16,2016-05-17,GOOGL,XLK,35.91913033901647,35.572139208732565,1,SHORT,SHORT,0.26926811536153156,0.21617204476139565,0.7463691234588623,78.38279552386044,52.0,True,0.43781625231107074,UNRANKED,False,20,"5,10,20"
2016-05-16,2016-05-17,2016-05-18,GOOGL,XLK,36.25336486459901,37.02015579957041,1,SHORT,SHORT,0.3051347583532333,0.2397424608498843,0.7205528418223063,76.02575391501158,52.0,True,0.5112192034721375,UNRANKED,False,20,"5,10,20"
2016-05-17,2016-05-18,2016-05-19,GOOGL,XLK,35.63051382153782,35.30183514547755,1,SHORT,SHORT,0.32484017809232074,0.25194067061245756,0.6701494852701823,74.80593293875424,52.0,True,0.7216068009535471,UNRANKED,False,20,"5,10,20"
2016-05-18,2016-05-19,2016-05-20,GOOGL,XLK,35.62059685429264,35.34437762255087,1,SHORT,SHORT,0.3255756249030431,0.24892022328141508,0.6309547622998556,75.10797767185849,52.0,True,0.7263056685527164,UNRANKED,False,20,"5,10,20"
2016-05-19,2016-05-20,2016-05-23,GOOGL,XLK,35.5293505534508,35.24020222276232,1,SHORT,SHORT,0.2681502749522527,0.2167857558703792,0.6302722295125326,78.32142441296209,52.0,True,0.5857828855514527,UNRANKED,False,20,"5,10,20"
2016-05-20,2016-05-23,2016-05-24,GOOGL,XLK,35.70390577640298,35.41521875160527,1,SHORT,SHORT,0.31686508158842724,0.23758910294897828,0.6865532994270325,76.24108970510217,52.0,True,0.5981777161359787,UNRANKED,False,20,"5,10,20"
2016-05-23,2016-05-24,2016-05-25,GOOGL,XLK,35.697464304438995,35.41412630264282,1,SHORT,SHORT,0.30336380501588184,0.23303604321209068,0.7206294735272726,76.69639567879094,52.0,True,0.5709597418705622,UNRANKED,False,20,"5,10,20"
2016-05-24,2016-05-25,2016-05-26,GOOGL,XLK,36.448757414394905,36.11990217234691,1,SHORT,SHORT,0.31413264075915015,0.2444312989366797,0.7996332049369812,75.55687010633203,52.0,True,0.363891695936521,UNRANKED,False,20,"5,10,20"
2016-05-25,2016-05-26,2016-05-27,GOOGL,XLK,36.49834031875138,36.16335731050292,1,SHORT,SHORT,0.30278834203879035,0.2271328190617509,0.7327660719553629,77.28671809382492,52.0,True,0.46574906011422484,UNRANKED,False,20,"5,10,20"
2016-05-26,2016-05-27,2016-05-31,GOOGL,XLK,36.57322724917385,36.27118551420593,1,SHORT,SHORT,0.2536348352829615,0.21266988624204686,0.797331710656484,78.73301137579531,52.0,True,0.49988315999507904,UNRANKED,False,20,"5,10,20"
2016-05-27,2016-05-31,2016-06-01,GOOGL,XLK,37.131113711060095,36.80526853763306,1,SHORT,SHORT,0.2765433688958486,0.20926706302420897,0.771307905515035,79.0732936975791,52.0,True,0.5460143735011419,UNRANKED,False,20,"5,10,20"
2016-05-31,2016-06-01,2016-06-02,GOOGL,XLK,37.11673708413728,36.82277188071583,1,SHORT,SHORT,0.311997244755427,0.23466060857276438,0.7755897641181946,76.53393914272357,52.0,True,0.6089958051840465,UNRANKED,False,20,"5,10,20"
2016-06-01,2016-06-02,2016-06-03,GOOGL,XLK,36.999200362313566,37.65937255229857,1,SHORT,SHORT,0.32354993124802905,0.23446751932601448,0.8567077318827311,76.55324806739856,52.0,True,0.6790573000907898,UNRANKED,False,20,"5,10,20"
2016-06-02,2016-06-03,2016-06-06,GOOGL,XLK,36.77059208732676,37.44590726306441,1,SHORT,SHORT,0.3100004742542902,0.22809903741153784,0.9134548703829447,77.19009625884622,52.0,True,0.5236804534991583,UNRANKED,False,20,"5,10,20"
2016-06-03,2016-06-06,2016-06-07,GOOGL,XLK,36.62231512927264,37.34341416535313,1,SHORT,SHORT,0.2807359000047048,0.22872636942359117,0.949781080087026,77.12736305764089,52.0,True,0.5363627026478449,UNRANKED,False,20,"5,10,20"
2016-06-06,2016-06-07,2016-06-08,GOOGL,XLK,36.36295993915317,36.07335112000906,1,SHORT,SHORT,0.3038826336463292,0.2395697067211103,0.9653638203938802,76.04302932788897,52.0,True,0.3981381356716156,UNRANKED,False,20,"5,10,20"
2016-06-07,2016-06-08,2016-06-09,GOOGL,XLK,36.67190753588196,36.41446179177621,1,SHORT,SHORT,0.2963795314232508,0.21905580194792984,0.9195899963378906,78.09441980520701,52.0,True,0.3315261801083882,UNRANKED,False,20,"5,10,20"
2016-06-08,2016-06-09,2016-06-10,GOOGL,XLK,36.551405174869274,36.25765250458119,1,SHORT,SHORT,0.32134407758712763,0.2390308002285905,0.8893774151802063,76.09691997714096,52.0,True,0.3544154316186905,UNRANKED,False,20,"5,10,20"
2016-06-09,2016-06-10,2016-06-13,GOOGL,XLK,36.49585896686042,36.22357187056438,1,SHORT,SHORT,0.3093284567197163,0.2406677921268093,0.9394736289978027,75.93322078731907,52.0,True,0.4231456220149994,UNRANKED,False,20,"5,10,20"
2016-06-10,2016-06-13,2016-06-14,GOOGL,XLK,36.19187672755759,35.909210657436915,1,SHORT,SHORT,0.3290105511744817,0.24191732128732113,0.9143061836560568,75.80826787126789,52.0,True,0.5508438100417455,UNRANKED,False,20,"5,10,20"
2016-06-13,2016-06-14,2016-06-15,GOOGL,XLK,36.16658143874802,35.89507363060767,1,SHORT,SHORT,0.34550854563713074,0.22480341632386977,0.9737924933433533,77.51965836761302,52.0,True,0.39443521698315936,UNRANKED,False,20,"5,10,20"
2016-06-14,2016-06-15,2016-06-16,GOOGL,XLK,36.4447810548374,36.9959421396937,1,SHORT,SHORT,0.3157741477092107,0.22136217550960655,0.9677271445592245,77.86378244903935,52.0,True,0.4557679792245229,UNRANKED,False,20,"5,10,20"
2016-06-15,2016-06-16,2016-06-17,GOOGL,XLK,36.099637586057966,36.61528792654695,1,SHORT,SHORT,0.29885812103748316,0.21848123304051,0.9568676153818766,78.151876695949,52.0,True,0.41809495290120435,UNRANKED,False,20,"5,10,20"
2016-06-16,2016-06-17,2016-06-20,GOOGL,XLK,35.77382821617117,36.34942788658133,1,SHORT,SHORT,0.3373953700065613,0.2309865637542897,0.943456212679545,76.90134362457103,52.0,True,0.3742189556360244,UNRANKED,False,20,"5,10,20"
2016-06-17,2016-06-20,2016-06-21,GOOGL,XLK,35.22437245687685,34.9610845039088,1,SHORT,SHORT,0.3065394560496012,0.22537900924953527,0.8545982440312704,77.46209907504648,52.0,True,0.36794890463352203,UNRANKED,False,20,"5,10,20"
2016-06-20,2016-06-21,2016-06-22,GOOGL,XLK,35.211472678512486,34.945952855165665,1,SHORT,SHORT,0.31941963235537213,0.2122295912914733,0.866766075293223,78.77704087085266,52.0,True,0.4690019786357879,UNRANKED,False,20,"5,10,20"
2016-06-21,2016-06-22,2016-06-23,GOOGL,XLK,35.40983715953866,35.13595797209098,1,SHORT,SHORT,0.28506321211655933,0.22950744855694283,0.8638441562652588,77.04925514430572,52.0,True,0.6054265548785528,UNRANKED,False,20,"5,10,20"
2016-06-22,2016-06-23,2016-06-24,GOOGL,XLK,35.23627907626986,35.89795194091132,1,SHORT,SHORT,0.2711991469065348,0.21402651699895128,0.9154297312100729,78.59734830010487,52.0,True,0.32171378036340076,UNRANKED,False,20,"5,10,20"
2016-06-23,2016-06-24,2016-06-27,GOOGL,XLK,34.22562795004853,34.85179211391049,1,SHORT,SHORT,0.28006287415822345,0.21988355418344654,0.85068811972936,78.01164458165535,52.0,True,0.5087658415238063,UNRANKED,False,20,"5,10,20"
2016-06-24,2016-06-27,2016-06-28,GOOGL,XLK,33.84477596698144,33.50975889893596,1,SHORT,SHORT,0.23928444335858023,0.19356138479765142,0.7738996744155884,80.64386152023486,52.0,True,0.4280489087104798,UNRANKED,False,20,"5,10,20"
2016-06-27,2016-06-28,2016-06-29,GOOGL,XLK,34.28513404683131,33.93938432802899,1,SHORT,SHORT,0.24860358238220215,0.19744342681331614,0.7758094072341919,80.25565731866838,52.0,True,0.4750652015209198,UNRANKED,False,20,"5,10,20"
2016-06-28,2016-06-29,2016-06-30,GOOGL,XLK,34.42845121722623,34.08879438739225,1,SHORT,SHORT,0.21223431328932443,0.17116978928923357,0.7614209651947021,82.88302107107664,52.0,True,0.45373897751172393,UNRANKED,False,20,"5,10,20"
2016-06-29,2016-06-30,2016-07-01,GOOGL,XLK,34.59656051250518,34.2444353446585,1,SHORT,SHORT,0.23312146216630933,0.17050922968004903,0.9503107666969299,82.9490770319951,52.0,True,0.17514013250668845,UNRANKED,False,20,"5,10,20"
2016-06-30,2016-07-01,2016-07-05,GOOGL,XLK,34.966012270729294,34.6173941720616,1,SHORT,SHORT,0.24162168800830838,0.18339857516700786,0.959882398446401,81.66014248329921,52.0,True,0.5403934319814047,UNRANKED,False,20,"5,10,20"
2016-07-01,2016-07-05,2016-07-06,GOOGL,XLK,34.9615368098025,34.59375476198582,1,SHORT,SHORT,0.2409166246652603,0.19871789662815456,0.9571414987246194,80.12821033718454,52.0,True,0.5394280403852464,UNRANKED,False,20,"5,10,20"
2016-07-05,2016-07-06,2016-07-07,GOOGL,XLK,34.705165655469585,34.32324906437025,1,SHORT,SHORT,0.25421208143234253,0.19061274628142832,0.8670857151349386,80.93872537185717,52.0,True,0.8249791959921521,UNRANKED,False,20,"5,10,20"
2016-07-06,2016-07-07,2016-07-08,GOOGL,XLK,35.21445765718378,34.821842747603,1,SHORT,SHORT,0.2812107404073079,0.21762384275893684,0.9043980042139689,78.23761572410632,52.0,True,0.7470763027667999,UNRANKED,False,20,"5,10,20"
2016-07-07,2016-07-08,2016-07-11,GOOGL,XLK,35.23676583961564,34.86621813628138,1,SHORT,SHORT,0.24308133622010544,0.19740445050114855,0.8906273444493612,80.25955494988514,52.0,True,0.7079689204692841,UNRANKED,False,20,"5,10,20"
2016-07-08,2016-07-11,2016-07-12,GOOGL,XLK,35.67614322592282,35.3391757576611,1,SHORT,SHORT,0.22018666317065552,0.1752742661370171,0.9340181350708008,82.4725733862983,52.0,True,0.34237680832544953,UNRANKED,False,20,"5,10,20"
2016-07-11,2016-07-12,2016-07-13,GOOGL,XLK,36.2960181750267,35.932342376338084,1,SHORT,SHORT,0.21887946873903272,0.19013109514186274,0.9254947900772095,80.98689048581372,52.0,True,0.5218168149391811,UNRANKED,False,20,"5,10,20"
2016-07-12,2016-07-13,2016-07-14,GOOGL,XLK,36.474537033417846,36.10179315437209,1,SHORT,SHORT,0.22192737708489096,0.18792986040790624,0.9528642098108927,81.20701395920938,52.0,True,0.7151410132646561,UNRANKED,False,20,"5,10,20"
2016-07-13,2016-07-14,2016-07-15,GOOGL,XLK,36.396186247042976,36.01834130031795,1,SHORT,SHORT,0.24684647222359976,0.21014522958574022,0.9582757552464803,78.98547704142598,52.0,True,0.5069913864135741,UNRANKED,False,20,"5,10,20"
2016-07-14,2016-07-15,2016-07-18,GOOGL,XLK,36.74629610445913,36.36165036994462,1,SHORT,SHORT,0.24568612128496162,0.20500217585831373,0.9508222738901774,79.49978241416864,52.0,True,0.4268273065487544,UNRANKED,False,20,"5,10,20"
2016-07-15,2016-07-18,2016-07-19,GOOGL,XLK,36.593055044872514,36.31290340520664,1,SHORT,SHORT,0.2629549702008565,0.2217973217246664,0.9186890920003256,77.82026782753336,52.0,True,0.37519816060860944,UNRANKED,False,20,"5,10,20"
2016-07-18,2016-07-19,2016-07-20,GOOGL,XLK,37.18615096601097,36.85814558401808,1,SHORT,SHORT,0.30324875811735785,0.24206861269503285,0.9133132100105286,75.79313873049671,52.0,True,0.5888357311487198,UNRANKED,False,20,"5,10,20"
2016-07-19,2016-07-20,2016-07-21,GOOGL,XLK,37.39344615939952,37.10054334916654,1,SHORT,SHORT,0.27136133114496863,0.21400849140249867,0.9148503939310709,78.59915085975014,52.0,True,0.5273228883743286,UNRANKED,False,20,"5,10,20"
2016-07-20,2016-07-21,2016-07-22,GOOGL,XLK,37.53973284989005,37.24775047161158,1,SHORT,SHORT,0.2372244596481323,0.19966493754654616,0.8871639966964722,80.0335062453454,52.0,True,0.6669080952803293,UNRANKED,False,20,"5,10,20"
2016-07-21,2016-07-22,2016-07-25,GOOGL,XLK,37.555605264775416,37.28370672264372,1,SHORT,SHORT,0.24684844911098477,0.21192313938408583,0.8888126611709595,78.80768606159143,52.0,True,0.5776328047116597,UNRANKED,False,20,"5,10,20"
2016-07-22,2016-07-25,2016-07-26,GOOGL,XLK,37.5734550873279,37.30810992262017,1,SHORT,SHORT,0.26202266414960224,0.22215328066326503,0.8926078279813131,77.7846719336735,52.0,True,0.4355903168519337,UNRANKED,False,20,"5,10,20"
2016-07-25,2016-07-26,2016-07-27,GOOGL,XLK,37.56552111847807,37.31292848672932,1,SHORT,SHORT,0.2605219880739848,0.22118650044480712,0.906834344069163,77.88134995551928,52.0,True,0.34810937444369,UNRANKED,False,20,"5,10,20"
2016-07-26,2016-07-27,2016-07-28,GOOGL,XLK,37.637425715161925,37.39882539298349,1,SHORT,SHORT,0.2937954862912496,0.23028972160845448,0.9033369620641073,76.97102783915454,52.0,True,0.33238292733828223,UNRANKED,False,20,"5,10,20"
2016-07-27,2016-07-28,2016-07-29,GOOGL,XLK,38.12687936545779,37.87903439693449,1,SHORT,SHORT,0.27769058446089423,0.22444031016881605,0.910061260064443,77.55596898311839,52.0,True,0.3144901394844055,UNRANKED,False,20,"5,10,20"
2016-07-28,2016-07-29,2016-08-01,GOOGL,XLK,39.558542520314255,39.334252489971064,1,SHORT,SHORT,0.2881803959608078,0.23460269090099314,0.922872265179952,76.53973090990068,52.0,True,0.3432101955016454,UNRANKED,False,20,"5,10,20"
2016-07-29,2016-08-01,2016-08-02,GOOGL,XLK,39.01107110759106,38.72982410485319,1,SHORT,SHORT,0.26816546916961664,0.20931023657620265,0.9037017226219177,79.06897634237974,52.0,True,0.47537954151630385,UNRANKED,False,20,"5,10,20"
2016-08-01,2016-08-02,2016-08-03,GOOGL,XLK,39.539698681627094,39.243255287374865,1,SHORT,SHORT,0.3156048556168874,0.23861205876171906,0.8536540865898132,76.13879412382809,52.0,True,0.627277910709381,UNRANKED,False,20,"5,10,20"
2016-08-02,2016-08-03,2016-08-04,GOOGL,XLK,39.49705593897711,39.208440848470694,1,SHORT,SHORT,0.2858913044134776,0.21294213392351832,0.8828352292378744,78.70578660764816,52.0,True,0.37535099188486737,UNRANKED,False,20,"5,10,20"
2016-08-03,2016-08-04,2016-08-05,GOOGL,XLK,39.5848298354815,39.31435117816775,1,SHORT,SHORT,0.278795858224233,0.2160808779483571,0.9347460865974426,78.39191220516429,52.0,True,0.3462621668974559,UNRANKED,False,20,"5,10,20"
2016-08-04,2016-08-05,2016-08-08,GOOGL,XLK,39.67756939742136,39.40177741177334,1,SHORT,SHORT,0.28781146556138987,0.21899832662796317,0.9249333143234253,78.10016733720369,52.0,True,0.3501324752966563,UNRANKED,False,20,"5,10,20"
2016-08-05,2016-08-08,2016-08-09,GOOGL,XLK,39.96965131250218,39.72180579902213,1,SHORT,SHORT,0.2466499457756678,0.18908900080139204,0.962115744749705,81.0910999198608,52.0,True,0.2585060149431228,UNRANKED,False,20,"5,10,20"
2016-08-08,2016-08-09,2016-08-10,GOOGL,XLK,39.894772546612266,39.64164912698685,1,SHORT,SHORT,0.24547520031531644,0.1933936283788558,0.9635560711224874,80.66063716211443,52.0,True,0.2571459015210468,UNRANKED,False,20,"5,10,20"
2016-08-09,2016-08-10,2016-08-11,GOOGL,XLK,40.02171980145878,39.77362660513484,1,SHORT,SHORT,0.28478730718294776,0.22593605352705318,0.9389808773994446,77.40639464729469,52.0,True,0.2836196968952815,UNRANKED,False,20,"5,10,20"
2016-08-10,2016-08-11,2016-08-12,GOOGL,XLK,40.1913189255675,39.9491063575569,1,SHORT,SHORT,0.26025015115737915,0.21201397947525866,0.9357914527257284,78.79860205247414,52.0,True,0.34839177131652826,UNRANKED,False,20,"5,10,20"
2016-08-11,2016-08-12,2016-08-15,GOOGL,XLK,39.92452464166716,39.69853543617051,1,SHORT,SHORT,0.3029544154802958,0.23220226284427622,0.9146749377250671,76.77977371557238,52.0,True,0.397419641415278,UNRANKED,False,20,"5,10,20"
2016-08-12,2016-08-15,2016-08-16,GOOGL,XLK,40.02965429641467,40.5892254263498,1,SHORT,SHORT,0.28930512070655817,0.2294514308402967,0.8882179061571757,77.05485691597033,52.0,True,0.3734920521577199,UNRANKED,False,20,"5,10,20"
2016-08-15,2016-08-16,2016-08-17,GOOGL,XLK,39.845671881558154,39.61844289945017,1,SHORT,SHORT,0.33419135709603626,0.24030212756521974,0.8953057726224264,75.96978724347802,52.0,True,0.4787974804639817,UNRANKED,False,20,"5,10,20"
2016-08-16,2016-08-17,2016-08-18,GOOGL,XLK,39.67210900347558,39.443285750388945,1,SHORT,SHORT,0.33163768053054804,0.2364069215483736,0.9116705854733785,76.35930784516263,52.0,True,0.48829539120197296,UNRANKED,False,20,"5,10,20"
2016-08-17,2016-08-18,2016-08-19,GOOGL,XLK,39.93791799504578,40.51316412476292,1,SHORT,SHORT,0.3353942384322484,0.2393896770504386,0.9154354135195414,76.06103229495615,52.0,True,0.3206393172343571,UNRANKED,False,20,"5,10,20"
2016-08-18,2016-08-19,2016-08-22,GOOGL,XLK,39.66169722818018,39.51246627114893,1,SHORT,SHORT,0.3315828094879786,0.24400074204080013,0.9156506458918253,75.59992579591999,52.0,True,0.45376195510228473,UNRANKED,False,20,"5,10,20"
2016-08-19,2016-08-22,2016-08-23,GOOGL,XLK,39.5982146769493,39.47200787022148,1,SHORT,SHORT,0.30992742876211804,0.21747337699207372,0.8889023264249166,78.25266230079264,52.0,True,0.2434264769156774,UNRANKED,False,20,"5,10,20"
2016-08-22,2016-08-23,2016-08-24,GOOGL,XLK,39.69590775294846,40.0280731985487,1,SHORT,SHORT,0.36918692787488294,0.2194674992483947,0.8770582675933838,78.05325007516053,52.0,True,0.43713465829690296,UNRANKED,False,20,"5,10,20"
2016-08-23,2016-08-24,2016-08-25,GOOGL,XLK,39.51639840253241,39.841125869660615,1,SHORT,SHORT,0.3511555790901184,0.2312559866827819,0.8108681042989095,76.87440133172181,52.0,True,0.30179704725742335,UNRANKED,False,20,"5,10,20"
2016-08-24,2016-08-25,2016-08-26,GOOGL,XLK,39.27538982695256,39.14082365612388,1,SHORT,SHORT,0.35349560777346295,0.2462700291397267,0.8359283804893494,75.37299708602733,52.0,True,0.3726580788691838,UNRANKED,False,20,"5,10,20"
2016-08-25,2016-08-26,2016-08-29,GOOGL,XLK,39.29968807735964,39.191263209457155,1,SHORT,SHORT,0.32824914654095966,0.22808401950332124,0.8779247403144836,77.19159804966787,52.0,True,0.20533600946267438,UNRANKED,False,20,"5,10,20"
2016-08-26,2016-08-29,2016-08-30,GOOGL,XLK,39.32745977997956,39.21825589639976,1,SHORT,SHORT,0.3440600832303365,0.23915577101839183,0.9007845520973206,76.08442289816082,52.0,True,0.18691436946392068,UNRANKED,False,20,"5,10,20"
2016-08-29,2016-08-30,2016-08-31,GOOGL,XLK,39.319026386657725,39.59513553713554,1,SHORT,SHORT,0.29727192223072046,0.2297597656677198,0.9000571568806967,77.02402343322802,52.0,True,0.2884861429532369,UNRANKED,False,20,"5,10,20"
2016-08-30,2016-08-31,2016-09-01,GOOGL,XLK,39.156375359035735,39.03569414129718,1,SHORT,SHORT,0.32876786092917126,0.24370378176642168,0.9221462806065878,75.62962182335782,52.0,True,0.2788287003835041,UNRANKED,False,20,"5,10,20"
2016-08-31,2016-09-01,2016-09-02,GOOGL,XLK,39.274393783780425,39.14740768889691,1,SHORT,SHORT,0.341599961121877,0.24125001994900505,0.9210070768992106,75.87499800509948,52.0,True,0.10934545596440633,UNRANKED,False,20,"5,10,20"
2016-09-01,2016-09-02,2016-09-06,GOOGL,XLK,39.437549226140746,39.30914678865818,1,SHORT,SHORT,0.3393660634756088,0.23695296216142772,0.9000540177027384,76.30470378385724,52.0,True,0.3157949348290761,UNRANKED,False,20,"5,10,20"
2016-09-02,2016-09-06,2016-09-07,GOOGL,XLK,39.59227244752184,39.44835536378161,1,SHORT,SHORT,0.32271795471509296,0.22588449911800498,0.8961296876271566,77.4115500881995,52.0,True,0.29705287019411725,UNRANKED,False,20,"5,10,20"
2016-09-06,2016-09-07,2016-09-08,GOOGL,XLK,40.06535511520292,40.481646215841174,1,SHORT,SHORT,0.3157331844170888,0.21882106034092705,0.8238961100578308,78.11789396590729,52.0,True,0.36894477903842926,UNRANKED,False,20,"5,10,20"
2016-09-07,2016-09-08,2016-09-09,GOOGL,XLK,39.930970295705485,40.31007014159171,1,SHORT,SHORT,0.30496711532274884,0.22853487650824297,0.8515076041221619,77.1465123491757,52.0,True,0.41151591142018634,UNRANKED,False,20,"5,10,20"
2016-09-08,2016-09-09,2016-09-12,GOOGL,XLK,39.61111224275351,39.450687329074654,1,SHORT,SHORT,0.3016870518525441,0.23105485435850892,0.8160350124041239,76.8945145641491,52.0,True,0.18471630414326998,UNRANKED,False,20,"5,10,20"
2016-09-09,2016-09-12,2016-09-13,GOOGL,XLK,38.90445871011842,38.704149501657206,1,SHORT,SHORT,0.27767788370450336,0.21566849069360075,0.8864986896514893,78.43315093063993,52.0,True,0.4672847141822179,UNRANKED,False,20,"5,10,20"
2016-09-12,2016-09-13,2016-09-14,GOOGL,XLK,39.37507109428884,39.14769987846853,1,SHORT,SHORT,0.29063347975413,0.2107176303518561,0.878764013449351,78.92823696481439,52.0,True,0.4648329615592955,UNRANKED,False,20,"5,10,20"
2016-09-13,2016-09-14,2016-09-15,GOOGL,XLK,39.053721640598,38.791850030229,1,SHORT,SHORT,0.25004998842875165,0.19924087441527027,0.8109161655108134,80.07591255847298,52.0,True,0.5238683323065438,UNRANKED,False,20,"5,10,20"
2016-09-14,2016-09-15,2016-09-16,GOOGL,XLK,39.17670633103821,38.91926222180272,1,SHORT,SHORT,0.24561270574728644,0.20229133674571406,0.7562345465024313,79.77086632542859,52.0,True,0.2969247500101725,UNRANKED,False,20,"5,10,20"
2016-09-15,2016-09-16,2016-09-19,GOOGL,XLK,39.62351678061481,39.33607062234193,1,SHORT,SHORT,0.24175913631916043,0.1967849283276446,0.7917055487632751,80.32150716723554,52.0,True,0.24679691096146902,UNRANKED,False,20,"5,10,20"
2016-09-16,2016-09-19,2016-09-20,GOOGL,XLK,39.72715541149446,39.43496267990964,1,SHORT,SHORT,0.2431695610284805,0.19052281871935586,0.9268688559532166,80.94771812806442,52.0,True,0.44473279515902203,UNRANKED,False,20,"5,10,20"
2016-09-19,2016-09-20,2016-09-21,GOOGL,XLK,39.67210906625243,39.3799871790454,1,SHORT,SHORT,0.24286481738090507,0.18928463888679412,0.9408469001452128,81.07153611132058,52.0,True,0.6457689106464387,UNRANKED,False,20,"5,10,20"
2016-09-20,2016-09-21,2016-09-22,GOOGL,XLK,39.73459266546319,39.440735635957054,1,SHORT,SHORT,0.32107232511043543,0.2454167226605363,0.9038318395614624,75.45832773394638,52.0,True,0.731634239355723,UNRANKED,False,20,"5,10,20"
2016-09-21,2016-09-22,2016-09-23,GOOGL,XLK,40.168011803845225,39.86289024579207,1,SHORT,SHORT,0.3121939897537231,0.22240465081262065,0.9382310708363851,77.75953491873794,52.0,True,0.7840966731309892,UNRANKED,False,20,"5,10,20"
2016-09-22,2016-09-23,2016-09-26,GOOGL,XLK,40.4229074968412,41.26868786946083,1,SHORT,SHORT,0.32530918220678967,0.2206413265877227,0.9475002884864807,77.93586734122772,52.0,True,0.5275760293006897,UNRANKED,False,20,"5,10,20"
2016-09-23,2016-09-26,2016-09-27,GOOGL,XLK,40.15908672984777,39.83664372142492,1,SHORT,SHORT,0.2704407175381978,0.19579666356590142,0.9335286617279053,80.42033364340986,52.0,True,0.632467711965243,UNRANKED,False,20,"5,10,20"
2016-09-26,2016-09-27,2016-09-28,GOOGL,XLK,39.76286025686579,39.43630854700949,1,SHORT,SHORT,0.26365240414937335,0.1879664212499733,0.8756242791811625,81.20335787500267,52.0,True,0.49995477000872307,UNRANKED,False,20,"5,10,20"
2016-09-27,2016-09-28,2016-09-29,GOOGL,XLK,39.874441144116105,39.51937566211276,1,SHORT,SHORT,0.26199469963709515,0.20151188385515859,0.891740083694458,79.84881161448413,52.0,True,0.5579374978939692,UNRANKED,False,20,"5,10,20"
2016-09-28,2016-09-29,2016-09-30,GOOGL,XLK,40.03065049371682,39.69145415233847,1,SHORT,SHORT,0.2827852169672648,0.21483464348571105,0.852967381477356,78.5165356514289,52.0,True,0.4241719990968704,UNRANKED,False,20,"5,10,20"
2016-09-29,2016-09-30,2016-10-03,GOOGL,XLK,39.85063332153985,39.53601943429794,1,SHORT,SHORT,0.3068704704443614,0.2314634243302293,0.8566863735516866,76.85365756697708,52.0,True,0.4834396789471309,UNRANKED,False,20,"5,10,20"
2016-09-30,2016-10-03,2016-10-04,GOOGL,XLK,39.79856435558325,39.51554733331414,1,SHORT,SHORT,0.32293622195720667,0.22549424489610104,0.8670960068702698,77.4505755103899,52.0,True,0.5947049260139465,UNRANKED,False,20,"5,10,20"
2016-10-03,2016-10-04,2016-10-05,GOOGL,XLK,39.92006130486891,39.65978505539208,1,SHORT,SHORT,0.3046076496442159,0.22317819714817114,0.9111756682395935,77.6821802851829,52.0,True,0.5893896222114564,UNRANKED,False,20,"5,10,20"
2016-10-04,2016-10-05,2016-10-06,GOOGL,XLK,39.96965218742491,39.707002378813726,1,SHORT,SHORT,0.31892939408620197,0.2334876179350165,0.9205889304478964,76.65123820649835,52.0,True,0.4994735171397527,UNRANKED,False,20,"5,10,20"
2016-10-05,2016-10-06,2016-10-07,GOOGL,XLK,39.87444137682659,39.6444151317094,1,SHORT,SHORT,0.29441071550051373,0.2195008228252363,0.9227696855862936,78.04991771747638,52.0,True,0.5121369908253354,UNRANKED,False,20,"5,10,20"
2016-10-06,2016-10-07,2016-10-10,GOOGL,XLK,39.966179435986824,39.74114744702547,1,SHORT,SHORT,0.2823129097620646,0.22240932087401866,0.9287308653195699,77.75906791259814,52.0,True,0.3554052660862604,UNRANKED,False,20,"5,10,20"
2016-10-07,2016-10-10,2016-10-11,GOOGL,XLK,39.86699760521317,39.64270920974024,1,SHORT,SHORT,0.3093324154615402,0.23883569538891633,0.9128312071164449,76.11643046110837,52.0,True,0.41136836508909863,UNRANKED,False,20,"5,10,20"
2016-10-10,2016-10-11,2016-10-12,GOOGL,XLK,40.3748007243462,40.118384676023794,1,SHORT,SHORT,0.3361263871192932,0.24112319119903047,0.9046845634778341,75.88768088009695,52.0,True,0.31235176324844366,UNRANKED,False,20,"5,10,20"
2016-10-11,2016-10-12,2016-10-13,GOOGL,XLK,40.265207629577795,40.90049164468836,1,SHORT,SHORT,0.30602410932381946,0.23782025079230784,0.8659776250521342,76.21797492076922,52.0,True,0.5873282204071681,UNRANKED,False,20,"5,10,20"
2016-10-12,2016-10-13,2016-10-14,GOOGL,XLK,39.97312998690846,39.749903984624005,1,SHORT,SHORT,0.3090300112962722,0.23886013329327418,0.8804237643877665,76.11398667067259,52.0,True,0.5957843859990438,UNRANKED,False,20,"5,10,20"
2016-10-13,2016-10-14,2016-10-17,GOOGL,XLK,40.04156030949034,39.79460198560293,1,SHORT,SHORT,0.3565840820471446,0.2408340888036549,0.8902788758277893,75.91659111963452,52.0,True,0.49754485984643293,UNRANKED,False,20,"5,10,20"
2016-10-14,2016-10-17,2016-10-18,GOOGL,XLK,39.96915178793048,39.763955952272,1,SHORT,SHORT,0.3195917507012685,0.23321188329876397,0.8943589925765991,76.67881167012361,52.0,True,0.38204162319501256,UNRANKED,False,20,"5,10,20"
2016-10-17,2016-10-18,2016-10-19,GOOGL,XLK,40.3767859905438,40.19227671320005,1,SHORT,SHORT,0.3279202381769816,0.23918429931275753,0.8930488030115763,76.08157006872425,52.0,True,0.3853324949741364,UNRANKED,False,20,"5,10,20"
2016-10-18,2016-10-19,2016-10-20,GOOGL,XLK,40.80673396788785,40.572704742947145,1,SHORT,SHORT,0.34241740902264906,0.23328159419827263,0.88594917456309,76.67184058017273,52.0,True,0.29096868137518567,UNRANKED,False,20,"5,10,20"
2016-10-19,2016-10-20,2016-10-21,GOOGL,XLK,41.038814054720824,40.8121172228814,1,SHORT,SHORT,0.29423625270525616,0.22457172779497112,0.8770425915718079,77.54282722050289,52.0,True,0.3129761169354121,UNRANKED,False,20,"5,10,20"
2016-10-20,2016-10-21,2016-10-24,GOOGL,XLK,40.6639069526037,40.42378511117304,1,SHORT,SHORT,0.2631527731815973,0.2221598769106202,0.9274172981580099,77.78401230893797,52.0,True,0.20083172619342796,UNRANKED,False,20,"5,10,20"
2016-10-21,2016-10-24,2016-10-25,GOOGL,XLK,41.16427631898356,40.92858252364316,1,SHORT,SHORT,0.2548986176649729,0.20538799493254842,0.9217764536539713,79.46120050674516,52.0,True,0.16600310305754332,UNRANKED,False,20,"5,10,20"
2016-10-24,2016-10-25,2016-10-26,GOOGL,XLK,41.58132914051226,42.25265387043169,1,SHORT,SHORT,0.2719628761212031,0.2041803331003249,0.9293282230695089,79.58196668996752,52.0,True,0.411416158080101,UNRANKED,False,20,"5,10,20"
2016-10-25,2016-10-26,2016-10-27,GOOGL,XLK,41.01699692821822,41.73817702661561,1,SHORT,SHORT,0.30350840091705317,0.23519995113512193,0.8793904582659403,76.4800048864878,52.0,True,0.27083398401737213,UNRANKED,False,20,"5,10,20"
2016-10-26,2016-10-27,2016-10-28,GOOGL,XLK,40.81318235131715,40.50841665002321,1,SHORT,SHORT,0.27772179245948786,0.2231430334676535,0.8878093957901001,77.68569665323464,52.0,True,0.3935923824707667,UNRANKED,False,20,"5,10,20"
2016-10-27,2016-10-28,2016-10-31,GOOGL,XLK,41.15684414668944,41.93983323992501,1,SHORT,SHORT,0.3083942731221517,0.22946302016847042,0.9056745171546936,77.05369798315296,52.0,True,0.4483047773440679,UNRANKED,False,20,"5,10,20"
2016-10-28,2016-10-31,2016-11-01,GOOGL,XLK,40.78441134185767,41.46777757241361,1,SHORT,SHORT,0.33543909589449566,0.2399958388818562,0.9024859468142191,76.00041611181439,52.0,True,0.5936497102181117,UNRANKED,False,20,"5,10,20"
2016-10-31,2016-11-01,2016-11-02,GOOGL,XLK,40.21116216762582,40.939338148329995,1,SHORT,SHORT,0.32607270280520123,0.23009892471763094,0.9131249189376831,76.9901075282369,52.0,True,0.4856704473495484,UNRANKED,False,20,"5,10,20"
2016-11-01,2016-11-02,2016-11-03,GOOGL,XLK,40.00733748424458,40.75517005500176,1,SHORT,SHORT,0.32489710052808124,0.22907484411419365,0.8987507422765096,77.09251558858064,52.0,True,0.5535258501768112,UNRANKED,False,20,"5,10,20"
2016-11-02,2016-11-03,2016-11-04,GOOGL,XLK,38.90346073678692,38.57113684501097,1,SHORT,SHORT,0.29612631102403003,0.22400444058832134,0.8485936721165975,77.59955594116786,52.0,True,0.5005965580542882,UNRANKED,False,20,"5,10,20"
2016-11-03,2016-11-04,2016-11-07,GOOGL,XLK,38.248870652847216,37.89632096369055,1,SHORT,SHORT,0.32286810874938965,0.22296812088241244,0.9291606942812601,77.70318791175875,52.0,True,0.5770489821831385,UNRANKED,False,20,"5,10,20"
2016-11-04,2016-11-07,2016-11-08,GOOGL,XLK,39.42167930961891,39.073202627228426,1,SHORT,SHORT,0.24272249390681586,0.20475404907045092,0.907776415348053,79.52459509295491,52.0,True,0.5564743032058078,UNRANKED,False,20,"5,10,20"
2016-11-07,2016-11-08,2016-11-09,GOOGL,XLK,39.77277401042042,39.40205301083895,1,SHORT,SHORT,0.28917880853017164,0.21362270113356385,0.9216169118881226,78.63772988664361,52.0,True,0.5865579545497894,UNRANKED,False,20,"5,10,20"
2016-11-08,2016-11-09,2016-11-10,GOOGL,XLK,39.76285928752729,40.73039594131845,1,SHORT,SHORT,0.2673193216323852,0.21605784810148854,0.9566482901573181,78.39421518985115,52.0,True,0.44238418837388355,UNRANKED,False,20,"5,10,20"
2016-11-09,2016-11-10,2016-11-11,GOOGL,XLK,40.16801016326997,41.145995681589234,1,SHORT,SHORT,0.27225277324517566,0.2060205767581892,0.9523715972900391,79.39794232418109,52.0,True,0.3775881479183833,UNRANKED,False,20,"5,10,20"
2016-11-10,2016-11-11,2016-11-14,GOOGL,XLK,38.52211510799207,39.70262494773119,1,SHORT,SHORT,0.2621995608011881,0.20280655853464669,0.9157005747159322,79.71934414653533,52.0,True,0.5197592874368032,UNRANKED,False,20,"5,10,20"
2016-11-11,2016-11-14,2016-11-15,GOOGL,XLK,38.27168658399166,37.81060548788744,1,SHORT,SHORT,0.24666368961334229,0.19748536198116665,0.9072012901306152,80.25146380188333,52.0,True,0.6150869925816854,UNRANKED,False,20,"5,10,20"
2016-11-14,2016-11-15,2016-11-16,GOOGL,XLK,37.95975925689377,37.4585096710609,1,SHORT,SHORT,0.22836473087469733,0.19385461458342598,0.8241295218467712,80.6145385416574,52.0,True,0.5515182962020239,UNRANKED,False,20,"5,10,20"
2016-11-15,2016-11-16,2016-11-17,GOOGL,XLK,38.20523510608127,37.649117639563414,1,SHORT,SHORT,0.2575084716081619,0.19511825255582183,0.8959768613179525,80.48817474441782,52.0,True,0.5639081994692484,UNRANKED,False,20,"5,10,20"
2016-11-16,2016-11-17,2016-11-18,GOOGL,XLK,38.80428404501941,38.24791835070091,1,SHORT,SHORT,0.2715900689363479,0.2215081966891278,0.8393299380938212,77.84918033108723,52.0,True,0.6458931068579356,UNRANKED,False,20,"5,10,20"
2016-11-17,2016-11-18,2016-11-21,GOOGL,XLK,39.03587592219003,38.46544816383693,1,SHORT,SHORT,0.21108982215325034,0.15719916465285247,0.9188606937726339,84.28008353471476,52.0,True,0.5172915905714035,UNRANKED,False,20,"5,10,20"
2016-11-18,2016-11-21,2016-11-22,GOOGL,XLK,38.58608200287654,38.01377795842551,1,SHORT,SHORT,0.255453810095787,0.21931118477453282,0.8222309549649557,78.06888152254672,52.0,True,0.5933540562788645,UNRANKED,False,20,"5,10,20"
2016-11-21,2016-11-22,2016-11-23,GOOGL,XLK,39.126118827332405,38.53819359757864,1,SHORT,SHORT,0.24158303439617154,0.17802605090553328,0.8578029870986938,82.19739490944667,52.0,True,0.706273208061854,UNRANKED,False,20,"5,10,20"
2016-11-22,2016-11-23,2016-11-25,GOOGL,XLK,39.15240358493448,38.62419989317946,1,SHORT,SHORT,0.26585743327935535,0.21365169799887318,0.7512852052847544,78.63483020011269,52.0,True,0.7334993779659272,UNRANKED,False,20,"5,10,20"
2016-11-23,2016-11-25,2016-11-28,GOOGL,XLK,38.809739256102695,38.28235027469226,1,SHORT,SHORT,0.31277704238891596,0.24703442355295338,0.704856793085734,75.29655764470466,52.0,True,0.6814357340335846,UNRANKED,False,20,"5,10,20"
2016-11-25,2016-11-28,2016-11-29,GOOGL,XLK,38.59848168523095,38.070596520697606,1,SHORT,SHORT,0.3177949786186218,0.23981944024861176,0.8618863423665365,76.01805597513882,52.0,True,0.5980596343676251,UNRANKED,False,20,"5,10,20"
2016-11-28,2016-11-29,2016-11-30,GOOGL,XLK,39.09587056298145,40.27947575707325,1,SHORT,SHORT,0.3335216244061788,0.24031165162993182,0.8409003218015035,75.96883483700681,52.0,True,0.6270268460114797,UNRANKED,False,20,"5,10,20"
2016-11-29,2016-11-30,2016-12-01,GOOGL,XLK,39.13158268627295,40.2593999764428,1,SHORT,SHORT,0.3223235110441844,0.245408576692417,0.8026917378107706,75.4591423307583,52.0,True,0.5735415319601695,UNRANKED,False,20,"5,10,20"
2016-11-30,2016-12-01,2016-12-02,GOOGL,XLK,38.60839895306005,39.79970983562841,1,SHORT,SHORT,0.2866545269886653,0.23382475094559965,0.8303406039873759,76.61752490544004,52.0,True,0.4630725433429083,UNRANKED,False,20,"5,10,20"
2016-12-01,2016-12-02,2016-12-05,GOOGL,XLK,37.78273028415342,37.35491007846495,1,SHORT,SHORT,0.2652580017844835,0.22006025362786974,0.7886980175971985,77.99397463721303,52.0,True,0.5174609323342639,UNRANKED,False,20,"5,10,20"
2016-12-02,2016-12-05,2016-12-06,GOOGL,XLK,38.184406955295856,37.78637544807627,1,SHORT,SHORT,0.27295811971028644,0.22229765344246696,0.8563943902651469,77.7702346557533,52.0,True,0.3915221095085144,UNRANKED,False,20,"5,10,20"
2016-12-05,2016-12-06,2016-12-07,GOOGL,XLK,38.68972453266154,38.308589409544915,1,SHORT,SHORT,0.3062313646078109,0.22723467267119069,0.8584454854329427,77.27653273288094,52.0,True,0.5255867590506872,UNRANKED,False,20,"5,10,20"
2016-12-06,2016-12-07,2016-12-08,GOOGL,XLK,38.67782501074588,38.36717813618184,1,SHORT,SHORT,0.2833626965681712,0.21695299248198985,0.8807489077250162,78.30470075180102,52.0,True,0.3495679448048272,UNRANKED,False,20,"5,10,20"
2016-12-07,2016-12-08,2016-12-09,GOOGL,XLK,39.322496510051494,38.974763421149426,1,SHORT,SHORT,0.2852067102988561,0.2116616795490217,0.8839690486590067,78.83383204509784,52.0,True,0.3428495476643243,UNRANKED,False,20,"5,10,20"
2016-12-08,2016-12-09,2016-12-12,GOOGL,XLK,39.63739604608283,39.29844738754837,1,SHORT,SHORT,0.309260755777359,0.22974122862319468,0.817175010840098,77.02587713768054,52.0,True,0.5461843858162562,UNRANKED,False,20,"5,10,20"
2016-12-09,2016-12-12,2016-12-13,GOOGL,XLK,39.91113633053669,39.55769972426577,1,SHORT,SHORT,0.30080226560433704,0.23041577335722718,0.8842574954032898,76.95842266427728,52.0,True,0.4718509366114933,UNRANKED,False,20,"5,10,20"
2016-12-12,2016-12-13,2016-12-14,GOOGL,XLK,40.2865331757099,39.95888310551947,1,SHORT,SHORT,0.30908849338690436,0.23072312307359613,0.8330034812291464,76.92768769264039,52.0,True,0.5465219418207804,UNRANKED,False,20,"5,10,20"
2016-12-13,2016-12-14,2016-12-15,GOOGL,XLK,40.46158471019402,40.10828924772192,1,SHORT,SHORT,0.3276688605546951,0.2419306464976244,0.8001978596051534,75.80693535023755,52.0,True,0.6696393440167109,UNRANKED,False,20,"5,10,20"
2016-12-14,2016-12-15,2016-12-16,GOOGL,XLK,40.53299818757671,41.38568588703088,1,SHORT,SHORT,0.2672545363505681,0.22553233751433419,0.7859421968460083,77.44676624856658,52.0,True,0.5248468667268753,UNRANKED,False,20,"5,10,20"
2016-12-15,2016-12-16,2016-12-19,GOOGL,XLK,40.580108506608354,40.23545660318341,1,SHORT,SHORT,0.27346829076608015,0.22081549676024637,0.848576009273529,77.91845032397536,52.0,True,0.452473243077596,UNRANKED,False,20,"5,10,20"
2016-12-16,2016-12-19,2016-12-20,GOOGL,XLK,40.13230502006884,39.78676728944314,1,SHORT,SHORT,0.29057512680689485,0.23391796047986405,0.882987399895986,76.6082039520136,52.0,True,0.5626980861028037,UNRANKED,False,20,"5,10,20"
2016-12-19,2016-12-20,2016-12-21,GOOGL,XLK,40.33513114188209,39.99310048043538,1,SHORT,SHORT,0.2104833250244458,0.15477709017597463,0.9231669306755066,84.52229098240254,52.0,True,0.4130965322256089,UNRANKED,False,20,"5,10,20"
2016-12-20,2016-12-21,2016-12-22,GOOGL,XLK,40.4516632080779,40.14809995385776,1,SHORT,SHORT,0.2048719724019368,0.16033916714194243,0.9016294876734415,83.96608328580577,52.0,True,0.3764500617980957,UNRANKED,False,20,"5,10,20"
2016-12-21,2016-12-22,2016-12-23,GOOGL,XLK,40.123379958689625,39.85010240349641,1,SHORT,SHORT,0.25153864920139307,0.20182131954324553,0.8747596343358358,79.81786804567544,52.0,True,0.5735133588314055,UNRANKED,False,20,"5,10,20"
2016-12-22,2016-12-23,2016-12-27,GOOGL,XLK,40.06932996020436,39.787587319300336,1,SHORT,SHORT,0.2742401088277498,0.22830642970168313,0.8964791893959045,77.16935702983169,52.0,True,0.48668257892131805,UNRANKED,False,20,"5,10,20"
2016-12-23,2016-12-27,2016-12-28,GOOGL,XLK,40.102555472320766,39.862893574388984,1,SHORT,SHORT,0.2562813311815262,0.20916064032691048,0.9119426012039185,79.08393596730895,52.0,True,0.3565738449494044,UNRANKED,False,20,"5,10,20"
2016-12-27,2016-12-28,2016-12-29,GOOGL,XLK,40.33314049780379,40.93309156068744,1,SHORT,SHORT,0.2753063489993413,0.2205963753490876,0.9099768002827963,77.94036246509124,52.0,True,0.312787522872289,UNRANKED,False,20,"5,10,20"
2016-12-28,2016-12-29,2016-12-30,GOOGL,XLK,39.78766285979762,40.29968106353297,1,SHORT,SHORT,0.30394668877124786,0.22923886891765574,0.8865868449211121,77.07611310823442,52.0,True,0.4070043216149013,UNRANKED,False,20,"5,10,20"
2016-12-29,2016-12-30,2017-01-03,GOOGL,XLK,39.83129857481206,39.63361197072096,1,SHORT,SHORT,0.32654033601284027,0.2343153089314731,0.8901242216428121,76.56846910685269,52.0,True,0.45631383856137586,UNRANKED,False,20,"5,10,20"
2016-12-30,2017-01-03,2017-01-04,GOOGL,XLK,39.70285797471264,39.518808640867775,1,SHORT,SHORT,0.3003474920988083,0.23672103186746754,0.8639200925827026,76.32789681325325,52.0,True,0.3273738672335943,UNRANKED,False,20,"5,10,20"
2017-01-03,2017-01-04,2017-01-05,GOOGL,XLK,40.1625565476015,39.92888154454974,1,SHORT,SHORT,0.3367385417222976,0.24312714930899415,0.8324353297551473,75.68728506910058,52.0,True,0.46971049904823303,UNRANKED,False,20,"5,10,20"
2017-01-04,2017-01-05,2017-01-06,GOOGL,XLK,40.04403340203686,39.83586155755444,1,SHORT,SHORT,0.306939830382665,0.22703062792917406,0.8715768059094747,77.29693720708259,52.0,True,0.36355676253636676,UNRANKED,False,20,"5,10,20"
2017-01-05,2017-01-06,2017-01-09,GOOGL,XLK,40.415470344409016,40.1977347814033,1,SHORT,SHORT,0.3033498426278432,0.23248981631326152,0.929530680179596,76.75101836867385,52.0,True,0.21486563980579373,UNRANKED,False,20,"5,10,20"
2017-01-06,2017-01-09,2017-01-10,GOOGL,XLK,40.979801294318186,40.726820380883474,1,SHORT,SHORT,0.303307647506396,0.22390045643123693,0.9218290249506632,77.60995435687632,52.0,True,0.3137835214535395,UNRANKED,False,20,"5,10,20"
2017-01-09,2017-01-10,2017-01-11,GOOGL,XLK,41.01451533275923,40.77513681233861,1,SHORT,SHORT,0.33233320713043213,0.25230076110887006,0.8872816363970438,74.76992388911299,52.0,True,0.6586004743973415,UNRANKED,False,20,"5,10,20"
2017-01-10,2017-01-11,2017-01-12,GOOGL,XLK,40.99219937898795,40.758098219755944,1,SHORT,SHORT,0.3061057925224304,0.2374437580535841,0.8958457310994467,76.2556241946416,52.0,True,0.5636940201123556,UNRANKED,False,20,"5,10,20"
2017-01-11,2017-01-12,2017-01-13,GOOGL,XLK,41.07947755844788,40.841303119971315,1,SHORT,SHORT,0.30702442427476245,0.2254816285796236,0.909035305182139,77.45183714203763,52.0,True,0.5229397664467493,UNRANKED,False,20,"5,10,20"
2017-01-12,2017-01-13,2017-01-17,GOOGL,XLK,41.20940611652713,40.98068967496393,1,SHORT,SHORT,0.28115589916706085,0.22679241133247283,0.9402947823206583,77.32075886675271,52.0,True,0.3704235603411992,UNRANKED,False,20,"5,10,20"
2017-01-13,2017-01-17,2017-01-18,GOOGL,XLK,41.15981329531637,40.93502844424215,1,SHORT,SHORT,0.2591747790575027,0.2161425794042878,0.9206452171007792,78.38574205957121,52.0,True,0.32747835914293916,UNRANKED,False,20,"5,10,20"
2017-01-17,2017-01-18,2017-01-19,GOOGL,XLK,41.149895441987034,41.72602712642656,1,SHORT,SHORT,0.272119661172231,0.22668043224789028,0.9272941748301188,77.33195677521097,52.0,True,0.35243667165438336,UNRANKED,False,20,"5,10,20"
2017-01-18,2017-01-19,2017-01-20,GOOGL,XLK,41.11022772926218,40.88179439273176,1,SHORT,SHORT,0.278602659702301,0.2224234928240464,0.9383271336555481,77.75765071759537,52.0,True,0.3685050408045451,UNRANKED,False,20,"5,10,20"
2017-01-19,2017-01-20,2017-01-23,GOOGL,XLK,41.114681840983785,40.88876429730005,1,SHORT,SHORT,0.275682657957077,0.21853652231409615,0.9101138512293497,78.14634776859039,52.0,True,0.17882586518923446,UNRANKED,False,20,"5,10,20"
2017-01-20,2017-01-23,2017-01-24,GOOGL,XLK,41.23965612545367,41.00626395495632,1,SHORT,SHORT,0.2821359038352966,0.21784855226974006,0.9318220218022665,78.215144773026,52.0,True,0.16085545221964523,UNRANKED,False,20,"5,10,20"
2017-01-23,2017-01-24,2017-01-25,GOOGL,XLK,42.00185388462575,41.747810850480946,1,SHORT,SHORT,0.32698690891265864,0.23786449599397777,0.8895091811815897,76.21355040060223,52.0,True,0.3105113208293914,UNRANKED,False,20,"5,10,20"
2017-01-24,2017-01-25,2017-01-26,GOOGL,XLK,42.32766519877117,42.110672956775495,1,SHORT,SHORT,0.29379461705684656,0.22121266555787958,0.893781820933024,77.87873344421205,52.0,True,0.27266394595305127,UNRANKED,False,20,"5,10,20"
2017-01-25,2017-01-26,2017-01-27,GOOGL,XLK,42.600408910411446,43.21975362171516,1,SHORT,SHORT,0.29477803409099573,0.23283214779724126,0.9095120628674825,76.71678522027588,52.0,True,0.3626161366701126,UNRANKED,False,20,"5,10,20"
2017-01-26,2017-01-27,2017-01-30,GOOGL,XLK,42.59793101150635,43.18380311669608,1,SHORT,SHORT,0.2865560799837112,0.21791839131456237,0.9075791041056315,78.20816086854376,52.0,True,0.280441477894783,UNRANKED,False,20,"5,10,20"
2017-01-27,2017-01-30,2017-01-31,GOOGL,XLK,41.509920225210415,42.09366563667456,1,SHORT,SHORT,0.30533819893995917,0.23395939974245036,0.8412142594655355,76.60406002575496,52.0,True,0.1982934375603993,UNRANKED,False,20,"5,10,20"
2017-01-30,2017-01-31,2017-02-01,GOOGL,XLK,40.6391110879907,40.337496871594915,1,SHORT,SHORT,0.3306468625863393,0.23119333553445934,0.8477166295051575,76.88066644655407,52.0,True,0.3114811927080155,UNRANKED,False,20,"5,10,20"
2017-01-31,2017-02-01,2017-02-02,GOOGL,XLK,40.86227339981706,40.55190963028581,1,SHORT,SHORT,0.3119952430327733,0.22847866213845683,0.8550777037938436,77.15213378615432,52.0,True,0.32605053981145216,UNRANKED,False,20,"5,10,20"
2017-02-01,2017-02-02,2017-02-03,GOOGL,XLK,40.415963207605486,40.10170354225253,1,SHORT,SHORT,0.2866775741179784,0.2248512635658216,0.8391042749087015,77.51487364341784,52.0,True,0.4323455691337584,UNRANKED,False,20,"5,10,20"
2017-02-02,2017-02-03,2017-02-06,GOOGL,XLK,40.81912866553325,40.49534043136751,1,SHORT,SHORT,0.2968155841032664,0.22117260293689842,0.909190853436788,77.88273970631016,52.0,True,0.4205055584510169,UNRANKED,False,20,"5,10,20"
2017-02-03,2017-02-06,2017-02-07,GOOGL,XLK,40.70954211672651,40.384124734349975,1,SHORT,SHORT,0.27295593917369837,0.2111289810792921,0.9271440704663595,78.88710189207079,52.0,True,0.4565175771713257,UNRANKED,False,20,"5,10,20"
2017-02-06,2017-02-07,2017-02-08,GOOGL,XLK,40.93666363173222,40.61829471998906,1,SHORT,SHORT,0.2732102125883102,0.21803609756919054,0.932859202226003,78.19639024308096,52.0,True,0.7410220503807069,UNRANKED,False,20,"5,10,20"
2017-02-07,2017-02-08,2017-02-09,GOOGL,XLK,41.18610061664639,40.84630182557845,1,SHORT,SHORT,0.28123448044061655,0.22973520672880787,0.93605504433314,77.02647932711922,52.0,True,0.7023984690507253,UNRANKED,False,20,"5,10,20"
2017-02-08,2017-02-09,2017-02-10,GOOGL,XLK,41.24560383092649,40.91997337045984,1,SHORT,SHORT,0.2895640830198924,0.22996546940568266,0.9401789704958597,77.00345305943173,52.0,True,0.6308200458685559,UNRANKED,False,20,"5,10,20"
2017-02-09,2017-02-10,2017-02-13,GOOGL,XLK,41.30610330506464,40.99329540449963,1,SHORT,SHORT,0.2599022040764491,0.21484964538392748,0.9397193392117819,78.51503546160725,52.0,True,0.4016675353050232,UNRANKED,False,20,"5,10,20"
2017-02-10,2017-02-13,2017-02-14,GOOGL,XLK,41.541661772573235,41.269482577714136,1,SHORT,SHORT,0.29180416961510974,0.22096076913929585,0.9230312903722128,77.90392308607042,52.0,True,0.3908777087926864,UNRANKED,False,20,"5,10,20"
2017-02-13,2017-02-14,2017-02-15,GOOGL,XLK,41.64430975388923,41.375636810774,1,SHORT,SHORT,0.29357927044232685,0.22532860736350535,0.8963171044985453,77.46713926364947,52.0,True,0.371169517437617,UNRANKED,False,20,"5,10,20"
2017-02-14,2017-02-15,2017-02-16,GOOGL,XLK,41.59670225604755,41.35583573121496,1,SHORT,SHORT,0.31848809123039246,0.23646214799610252,0.8936891953150431,76.35378520038975,52.0,True,0.3189062823851903,UNRANKED,False,20,"5,10,20"
2017-02-15,2017-02-16,2017-02-17,GOOGL,XLK,41.581330563872754,41.33607196009555,1,SHORT,SHORT,0.3078841616710027,0.22523446798595495,0.87675013144811,77.47655320140451,52.0,True,0.25978148480256397,UNRANKED,False,20,"5,10,20"
2017-02-16,2017-02-17,2017-02-21,GOOGL,XLK,41.72067643872161,41.50056704410317,1,SHORT,SHORT,0.3018641372521718,0.22458065847854133,0.8960691293080648,77.54193415214587,52.0,True,0.2765073627233505,UNRANKED,False,20,"5,10,20"
2017-02-17,2017-02-21,2017-02-22,GOOGL,XLK,42.051942921029976,41.891412830697945,1,SHORT,SHORT,0.3106426348288854,0.23314553694454307,0.8773240645726522,76.6854463055457,52.0,True,0.2793877969185511,UNRANKED,False,20,"5,10,20"
2017-02-21,2017-02-22,2017-02-23,GOOGL,XLK,42.052436859863256,41.895165883387946,1,SHORT,SHORT,0.319558506210645,0.23218747147056062,0.8906288544336954,76.78125285294394,52.0,True,0.12122351427872975,UNRANKED,False,20,"5,10,20"
2017-02-22,2017-02-23,2017-02-24,GOOGL,XLK,42.20517883749999,42.573030776020154,1,SHORT,SHORT,0.3261461555957794,0.23539098270865877,0.872590164343516,76.46090172913412,52.0,True,0.13891319433848076,UNRANKED,False,20,"5,10,20"
2017-02-23,2017-02-24,2017-02-27,GOOGL,XLK,42.03508449324998,41.897366020088015,1,SHORT,SHORT,0.31262257198492677,0.2279437015483808,0.8719247579574585,77.20562984516192,52.0,True,0.17043757438659668,UNRANKED,False,20,"5,10,20"
2017-02-24,2017-02-27,2017-02-28,GOOGL,XLK,41.90119598176083,41.758801779664715,1,SHORT,SHORT,0.30530720452467597,0.23276882668634571,0.8738411068916321,76.72311733136543,52.0,True,0.2254872421423595,UNRANKED,False,20,"5,10,20"
2017-02-27,2017-02-28,2017-03-01,GOOGL,XLK,42.02020639624849,41.87650184564163,1,SHORT,SHORT,0.33504454294840497,0.238482255133201,0.8622933427492777,76.1517744866799,52.0,True,0.34955078363418585,UNRANKED,False,20,"5,10,20"
2017-02-28,2017-03-01,2017-03-02,GOOGL,XLK,42.22005449939924,42.08651502709176,1,SHORT,SHORT,0.38488813241322833,0.24981679359297884,0.8621618747711182,75.01832064070211,52.0,True,0.3793683846791586,UNRANKED,False,20,"5,10,20"
2017-03-01,2017-03-02,2017-03-03,GOOGL,XLK,42.46453066145904,42.89729444232539,1,SHORT,SHORT,0.31171091894308717,0.22797699053944875,0.8907026648521423,77.20230094605512,52.0,True,0.22613824903964994,UNRANKED,False,20,"5,10,20"
2017-03-02,2017-03-03,2017-03-06,GOOGL,XLK,42.09905640287104,41.90214717958701,1,SHORT,SHORT,0.3172028015057246,0.23572296818368343,0.8976354400316874,76.42770318163166,52.0,True,0.3792406916618347,UNRANKED,False,20,"5,10,20"
2017-03-03,2017-03-06,2017-03-07,GOOGL,XLK,41.99590702602129,41.81323752267308,1,SHORT,SHORT,0.292237510283788,0.22150482038955208,0.9339542786280314,77.8495179610448,52.0,True,0.4366037845611573,UNRANKED,False,20,"5,10,20"
2017-03-06,2017-03-07,2017-03-08,GOOGL,XLK,42.01574305780184,41.84122093037787,1,SHORT,SHORT,0.2992192854483922,0.21023966070540223,0.9415527582168579,78.97603392945977,52.0,True,0.42383859554926556,UNRANKED,False,20,"5,10,20"
2017-03-07,2017-03-08,2017-03-09,GOOGL,XLK,42.30633115114778,42.12185511616592,1,SHORT,SHORT,0.3472212453683217,0.24426138241311843,0.9249974091847738,75.57386175868815,52.0,True,0.3909011979897817,UNRANKED,False,20,"5,10,20"
2017-03-08,2017-03-09,2017-03-10,GOOGL,XLK,42.33460571946281,42.15090951759339,1,SHORT,SHORT,0.33784101406733186,0.2327958163433532,0.9299106399218241,76.72041836566467,52.0,True,0.37371086577574414,UNRANKED,False,20,"5,10,20"
2017-03-09,2017-03-10,2017-03-13,GOOGL,XLK,42.78140792885662,42.60001389678701,1,SHORT,SHORT,0.34932073950767517,0.23903073040776054,0.9176038702329,76.09692695922394,52.0,True,0.368073229988416,UNRANKED,False,20,"5,10,20"
2017-03-10,2017-03-13,2017-03-14,GOOGL,XLK,42.68867460360525,42.51014949635776,1,SHORT,SHORT,0.36239487926165265,0.25117882926484875,0.905140240987142,74.88211707351513,52.0,True,0.36371271808942157,UNRANKED,False,20,"5,10,20"
2017-03-13,2017-03-14,2017-03-15,GOOGL,XLK,42.83348114251216,42.65336230924277,1,SHORT,SHORT,0.325631782412529,0.23929617997534547,0.8926995793978373,76.07038200246545,52.0,True,0.4081350962320964,UNRANKED,False,20,"5,10,20"
2017-03-14,2017-03-15,2017-03-16,GOOGL,XLK,43.04126490464497,42.86383761277485,1,SHORT,SHORT,0.2852051208416621,0.2362546387564586,0.8860838810602824,76.37453612435414,52.0,True,0.38538036743799836,UNRANKED,False,20,"5,10,20"
2017-03-15,2017-03-16,2017-03-17,GOOGL,XLK,43.169704643064435,42.98476784714856,1,SHORT,SHORT,0.28910142183303833,0.2295711449440636,0.872045119603475,77.04288550559365,52.0,True,0.294952243566513,UNRANKED,False,20,"5,10,20"
2017-03-16,2017-03-17,2017-03-20,GOOGL,XLK,43.32590962709568,43.774260533467746,1,SHORT,SHORT,0.24572130044301352,0.19992825461468267,0.8655669490496317,80.00717453853173,52.0,True,0.32277310887972516,UNRANKED,False,20,"5,10,20"
2017-03-17,2017-03-20,2017-03-21,GOOGL,XLK,43.117635034666925,43.57050090773124,1,SHORT,SHORT,0.24337971210479734,0.20515476339102948,0.8586754401524862,79.48452366089705,52.0,True,0.27630051970481867,UNRANKED,False,20,"5,10,20"
2017-03-20,2017-03-21,2017-03-22,GOOGL,XLK,43.14639178983519,43.59677606608903,1,SHORT,SHORT,0.340315302213033,0.2392842985007425,0.8610118428866068,76.07157014992575,52.0,True,0.46276425818602235,UNRANKED,False,20,"5,10,20"
2017-03-21,2017-03-22,2017-03-23,GOOGL,XLK,42.12582926727601,42.62890336831535,1,SHORT,SHORT,0.31496171653270716,0.23511055032683123,0.8245958288510641,76.48894496731687,52.0,True,0.31114238500595087,UNRANKED,False,20,"5,10,20"
2017-03-22,2017-03-23,2017-03-24,GOOGL,XLK,41.72464769885976,42.16962941011115,1,SHORT,SHORT,0.306241159637769,0.2347049235952643,0.8409952521324158,76.52950764047357,52.0,True,0.2377332101265589,UNRANKED,False,20,"5,10,20"
2017-03-23,2017-03-24,2017-03-27,GOOGL,XLK,41.754894042196646,41.54367561699087,1,SHORT,SHORT,0.2981533457835515,0.22776781825479472,0.7920668323834738,77.22321817452053,52.0,True,0.5343245714902879,UNRANKED,False,20,"5,10,20"
2017-03-24,2017-03-27,2017-03-28,GOOGL,XLK,41.06509988057036,40.84431773684128,1,SHORT,SHORT,0.3047566662232081,0.22248245776044076,0.8638200362523397,77.75175422395593,52.0,True,0.3873282025257747,UNRANKED,False,20,"5,10,20"
2017-03-27,2017-03-28,2017-03-29,GOOGL,XLK,41.64034270679851,41.42136682222471,1,SHORT,SHORT,0.33966245253880817,0.24891506472449434,0.8068765004475912,75.10849352755056,52.0,True,0.7350872258345286,UNRANKED,False,20,"5,10,20"
2017-03-28,2017-03-29,2017-03-30,GOOGL,XLK,41.7920913204996,41.57442551195817,1,SHORT,SHORT,0.23302891353766117,0.19302855381148384,0.9145125945409139,80.69714461885161,52.0,True,0.6313053866227467,UNRANKED,False,20,"5,10,20"
2017-03-29,2017-03-30,2017-03-31,GOOGL,XLK,42.24981078123842,42.01429273445061,1,SHORT,SHORT,0.241893857717514,0.1870489313701265,0.9393269817034403,81.29510686298735,52.0,True,0.35794611771901447,UNRANKED,False,20,"5,10,20"
2017-03-30,2017-03-31,2017-04-03,GOOGL,XLK,41.994419931403485,41.77016614068432,1,SHORT,SHORT,0.2583942984541257,0.20424852260534435,0.9430703123410543,79.57514773946556,52.0,True,0.48639309902985883,UNRANKED,False,20,"5,10,20"
2017-03-31,2017-04-03,2017-04-04,GOOGL,XLK,42.08963218639071,41.870656029338534,1,SHORT,SHORT,0.2977397044499715,0.2322978418273672,0.8806491494178772,76.77021581726328,52.0,True,0.5593273937702179,UNRANKED,False,20,"5,10,20"
2017-04-03,2017-04-04,2017-04-05,GOOGL,XLK,42.05243309920764,41.806466051652535,1,SHORT,SHORT,0.33353152374426526,0.2373495888737113,0.8982416788736979,76.26504111262888,52.0,True,0.5615796645482382,UNRANKED,False,20,"5,10,20"
2017-04-04,2017-04-05,2017-04-06,GOOGL,XLK,42.385188414042496,43.015161825602554,1,SHORT,SHORT,0.3167003095149994,0.23910551465081645,0.8854960600535074,76.08944853491836,52.0,True,0.4847664286692937,UNRANKED,False,20,"5,10,20"
2017-04-05,2017-04-06,2017-04-07,GOOGL,XLK,42.12682059020596,42.77494651118287,1,SHORT,SHORT,0.3019258876641591,0.22920761537553705,0.8619519074757894,77.0792384624463,52.0,True,0.4410448024670283,UNRANKED,False,20,"5,10,20"
2017-04-06,2017-04-07,2017-04-10,GOOGL,XLK,41.9036690402863,41.63931787669465,1,SHORT,SHORT,0.28833030164241785,0.2207774451201817,0.8913610378901163,77.92225548798183,52.0,True,0.35854290425777435,UNRANKED,False,20,"5,10,20"
2017-04-07,2017-04-10,2017-04-11,GOOGL,XLK,41.732083090505675,41.47290329401432,1,SHORT,SHORT,0.3095734814802806,0.22291450650443698,0.9075652758280436,77.7085493495563,52.0,True,0.21769500772158304,UNRANKED,False,20,"5,10,20"
2017-04-10,2017-04-11,2017-04-12,GOOGL,XLK,41.74001867325459,41.54236612896051,1,SHORT,SHORT,0.29453498621781665,0.2042814214679348,0.8705422878265381,79.57185785320652,52.0,True,0.3509189238150916,UNRANKED,False,20,"5,10,20"
2017-04-11,2017-04-12,2017-04-13,GOOGL,XLK,41.5793469707938,41.37645194254324,1,SHORT,SHORT,0.29368726412455237,0.21365598758332638,0.8576706250508627,78.63440124166736,52.0,True,0.30720419685045863,UNRANKED,False,20,"5,10,20"
2017-04-12,2017-04-13,2017-04-17,GOOGL,XLK,41.707285308984346,41.53474655166013,1,SHORT,SHORT,0.3538637359937032,0.23418234625678194,0.868110458056132,76.5817653743218,52.0,True,0.4343343923489253,UNRANKED,False,20,"5,10,20"
2017-04-13,2017-04-17,2017-04-18,GOOGL,XLK,41.7241566214848,41.56305868621695,1,SHORT,SHORT,0.33382639785607654,0.2279373426887142,0.8703128894170126,77.20626573112858,52.0,True,0.3237392654021581,UNRANKED,False,20,"5,10,20"
2017-04-17,2017-04-18,2017-04-19,GOOGL,XLK,42.27757567030453,42.07545911277453,1,SHORT,SHORT,0.32660244901974994,0.23517240007989315,0.7870034774144491,76.48275999201068,52.0,True,0.45096969107786816,UNRANKED,False,20,"5,10,20"
2017-04-18,2017-04-19,2017-04-20,GOOGL,XLK,42.518087207486694,42.31944147951167,1,SHORT,SHORT,0.3052097906668981,0.22519059177763734,0.8660866022109985,77.48094082223626,52.0,True,0.3615958193937938,UNRANKED,False,20,"5,10,20"
2017-04-19,2017-04-20,2017-04-21,GOOGL,XLK,42.634622708554694,42.45978041903879,1,SHORT,SHORT,0.3245256493488947,0.24084275162743998,0.9148254990577698,75.91572483725601,52.0,True,0.2834583818912506,UNRANKED,False,20,"5,10,20"
2017-04-20,2017-04-21,2017-04-24,GOOGL,XLK,42.67826680238518,42.49216025680064,1,SHORT,SHORT,0.35988778869311017,0.24830839871586297,0.9054989020029703,75.16916012841371,52.0,True,0.30234429240226746,UNRANKED,False,20,"5,10,20"
2017-04-21,2017-04-24,2017-04-25,GOOGL,XLK,43.06605562662423,42.88189757390729,1,SHORT,SHORT,0.32452201843261713,0.24497400641712255,0.8922648429870605,75.50259935828775,52.0,True,0.2661281327406565,UNRANKED,False,20,"5,10,20"
2017-04-24,2017-04-25,2017-04-26,GOOGL,XLK,43.75138851215543,43.52816114747909,1,SHORT,SHORT,0.33213066061337787,0.2260638360105051,0.9083696802457174,77.39361639894949,52.0,True,0.4860025296608608,UNRANKED,False,20,"5,10,20"
2017-04-25,2017-04-26,2017-04-27,GOOGL,XLK,44.20415594899179,43.96063248751369,1,SHORT,SHORT,0.3174209147691726,0.2244105157070617,0.8676469922065735,77.55894842929382,52.0,True,0.4816464235385259,UNRANKED,False,20,"5,10,20"
2017-04-26,2017-04-27,2017-04-28,GOOGL,XLK,44.135218492672465,43.90359579674961,1,SHORT,SHORT,0.28330555558204645,0.21574937602182542,0.8895580768585205,78.42506239781746,52.0,True,0.452411596973737,UNRANKED,False,20,"5,10,20"
2017-04-27,2017-04-28,2017-05-01,GOOGL,XLK,46.06923926718595,45.84296586674301,1,SHORT,SHORT,0.27810854216416675,0.21244722020655318,0.8962422013282776,78.75527797934468,52.0,True,0.3365550984938938,UNRANKED,False,20,"5,10,20"
2017-04-28,2017-05-01,2017-05-02,GOOGL,XLK,45.82872214067328,45.49590015842579,1,SHORT,SHORT,0.3077132056156794,0.2235841171754658,0.9297043879826864,77.64158828245343,52.0,True,0.5495055417219797,UNRANKED,False,20,"5,10,20"
2017-05-01,2017-05-02,2017-05-03,GOOGL,XLK,46.28098842279427,45.92018427371154,1,SHORT,SHORT,0.3276696801185608,0.23508459524837608,0.9474390943845113,76.4915404751624,52.0,True,0.63005601366361,UNRANKED,False,20,"5,10,20"
2017-05-02,2017-05-03,2017-05-04,GOOGL,XLK,46.418851039088835,46.04936818124843,1,SHORT,SHORT,0.29977358132600784,0.23272006091331784,0.9510307510693868,76.72799390866821,52.0,True,0.38561979432900756,UNRANKED,False,20,"5,10,20"
2017-05-03,2017-05-04,2017-05-05,GOOGL,XLK,47.12501134273626,46.72088612911321,1,SHORT,SHORT,0.2753827025492986,0.22201930857554417,0.9667288462320963,77.79806914244558,52.0,True,0.3293893982966742,UNRANKED,False,20,"5,10,20"
2017-05-04,2017-05-05,2017-05-08,GOOGL,XLK,47.443878465368705,47.02207839692214,1,SHORT,SHORT,0.26550214489301044,0.21855711389360155,0.963229775428772,78.14428861063985,52.0,True,0.5014679878950119,UNRANKED,False,20,"5,10,20"
2017-05-05,2017-05-08,2017-05-09,GOOGL,XLK,46.9841753592796,46.599604283840144,1,SHORT,SHORT,0.24612696220477417,0.19771918696565258,0.9715690612792969,80.22808130343473,52.0,True,0.4886406163374582,UNRANKED,False,20,"5,10,20"
2017-05-08,2017-05-09,2017-05-10,GOOGL,XLK,47.67248383126629,47.26216191441361,1,SHORT,SHORT,0.21877590070168174,0.1848586989773644,0.9681746562321981,81.51413010226356,52.0,True,0.4095752189556758,UNRANKED,False,20,"5,10,20"
2017-05-09,2017-05-10,2017-05-11,GOOGL,XLK,47.41908160383318,47.01067194022408,1,SHORT,SHORT,0.26135565340518946,0.2150179218160062,0.9622651735941569,78.49820781839938,52.0,True,0.4990156243244807,UNRANKED,False,20,"5,10,20"
2017-05-10,2017-05-11,2017-05-12,GOOGL,XLK,47.174599602995826,46.77221198397727,1,SHORT,SHORT,0.2539116616050402,0.21407021789818495,0.9527730743090311,78.59297821018151,52.0,True,0.3544834405183792,UNRANKED,False,20,"5,10,20"
2017-05-11,2017-05-12,2017-05-15,GOOGL,XLK,47.49991541203768,47.097811170530285,1,SHORT,SHORT,0.26867596805095667,0.21095476957191472,0.9479637940724691,78.90452304280853,52.0,True,0.18135764698187515,UNRANKED,False,20,"5,10,20"
2017-05-12,2017-05-15,2017-05-16,GOOGL,XLK,47.37296389248894,47.038974885356545,1,SHORT,SHORT,0.2706774373849233,0.21644744392795542,0.8929653565088908,78.35525560720446,52.0,True,0.18655848006407416,UNRANKED,False,20,"5,10,20"
2017-05-15,2017-05-16,2017-05-17,GOOGL,XLK,47.782580885888294,48.565926244600625,1,SHORT,SHORT,0.2832405815521876,0.22646629926128367,0.8226218024889628,77.35337007387163,52.0,True,0.10372117161750789,UNRANKED,False,20,"5,10,20"
2017-05-16,2017-05-17,2017-05-18,GOOGL,XLK,47.59165389275269,48.4200719432462,1,SHORT,SHORT,0.2638385196526845,0.2151621452149125,0.8115856250127157,78.48378547850875,52.0,True,0.1008851528167725,UNRANKED,False,20,"5,10,20"
2017-05-17,2017-05-18,2017-05-19,GOOGL,XLK,46.773415911760615,46.37070894808525,1,SHORT,SHORT,0.2769862065712611,0.20978095432420887,0.8935251037279764,79.02190456757911,52.0,True,0.5124626358350118,UNRANKED,False,20,"5,10,20"
2017-05-18,2017-05-19,2017-05-22,GOOGL,XLK,47.250475381367266,46.93543724529375,1,SHORT,SHORT,0.27625275154908496,0.2018880657013573,0.9419863820075989,79.81119342986428,52.0,True,0.6885896126429242,UNRANKED,False,20,"5,10,20"
2017-05-19,2017-05-22,2017-05-23,GOOGL,XLK,47.45775843027703,47.15741968515984,1,SHORT,SHORT,0.2726809481779734,0.2061010809398013,0.8912863532702128,79.38989190601987,52.0,True,0.4311570525169372,UNRANKED,False,20,"5,10,20"
2017-05-22,2017-05-23,2017-05-24,GOOGL,XLK,48.10044628167771,47.78186592671468,1,SHORT,SHORT,0.26350372036298114,0.2102750580711111,0.9167087078094482,78.97249419288889,52.0,True,0.23277273277441649,UNRANKED,False,20,"5,10,20"
2017-05-23,2017-05-24,2017-05-25,GOOGL,XLK,48.36327930777506,48.06198498099283,1,SHORT,SHORT,0.26691319545110065,0.21153125393681038,0.9060043493906657,78.84687460631896,52.0,True,0.3385030080874761,UNRANKED,False,20,"5,10,20"
2017-05-24,2017-05-25,2017-05-26,GOOGL,XLK,48.54874313265583,48.24464990799414,1,SHORT,SHORT,0.2718814338246981,0.2247089766293,0.8980448246002197,77.52910233707,52.0,True,0.20287852982680002,UNRANKED,False,20,"5,10,20"
2017-05-25,2017-05-26,2017-05-30,GOOGL,XLK,49.19341453452653,48.85457295999389,1,SHORT,SHORT,0.3198593507210413,0.22589657899267945,0.9171591202418009,77.41034210073205,52.0,True,0.3265709181626638,UNRANKED,False,20,"5,10,20"
2017-05-26,2017-05-30,2017-05-31,GOOGL,XLK,49.21821331226264,48.904166180043056,1,SHORT,SHORT,0.2859008113543192,0.22445608477096077,0.9253156185150146,77.55439152290393,52.0,True,0.36527849237124127,UNRANKED,False,20,"5,10,20"
2017-05-30,2017-05-31,2017-06-01,GOOGL,XLK,49.4021916056007,50.195455177203655,1,SHORT,SHORT,0.3229133685429891,0.24141071435339723,0.9327109853426615,75.85892856466027,52.0,True,0.3343100398778915,UNRANKED,False,20,"5,10,20"
2017-05-31,2017-06-01,2017-06-02,GOOGL,XLK,49.14184237902644,48.7989975521919,1,SHORT,SHORT,0.32500895857810974,0.22562910286717217,0.9017987449963888,77.43708971328277,52.0,True,0.40638193488121027,UNRANKED,False,20,"5,10,20"
2017-06-01,2017-06-02,2017-06-05,GOOGL,XLK,49.02431125895228,48.68093482680594,1,SHORT,SHORT,0.3256790141264598,0.2320647036130236,0.9089800318082174,76.79352963869765,52.0,True,0.38461536665757495,UNRANKED,False,20,"5,10,20"
2017-06-02,2017-06-05,2017-06-06,GOOGL,XLK,49.48550256057955,49.11704776365223,1,SHORT,SHORT,0.3155560592810313,0.24890526330995036,0.9209030071894327,75.10947366900497,52.0,True,0.32621759672959644,UNRANKED,False,20,"5,10,20"
2017-06-05,2017-06-06,2017-06-07,GOOGL,XLK,49.754286420123485,49.37279625768278,1,SHORT,SHORT,0.28429743647575373,0.2328030231844829,0.9265066981315613,76.71969768155171,52.0,True,0.3169534802436828,UNRANKED,False,20,"5,10,20"
2017-06-06,2017-06-07,2017-06-08,GOOGL,XLK,49.54501319936971,49.15711216569574,1,SHORT,SHORT,0.2805669804414113,0.23127219787998718,0.900317370891571,76.87278021200127,52.0,True,0.4092036982377371,UNRANKED,False,20,"5,10,20"
2017-06-07,2017-06-08,2017-06-09,GOOGL,XLK,49.79990530911829,50.6136258760041,1,SHORT,SHORT,0.2655194054047267,0.21113314859583443,0.8709257245063782,78.88668514041656,52.0,True,0.10808369517326362,UNRANKED,False,20,"5,10,20"
2017-06-08,2017-06-09,2017-06-12,GOOGL,XLK,49.86238755763171,50.62696051862153,1,SHORT,SHORT,0.3164366384347279,0.23110605200402645,0.8618788719177246,76.88939479959735,52.0,True,0.08547787368297577,UNRANKED,False,20,"5,10,20"
2017-06-09,2017-06-12,2017-06-13,GOOGL,XLK,47.543056479016165,47.130926940616334,1,SHORT,SHORT,0.2906761939326922,0.2321948943223093,0.7766881783803304,76.78051056776907,52.0,True,0.09200528264045706,UNRANKED,False,20,"5,10,20"
2017-06-12,2017-06-13,2017-06-14,GOOGL,XLK,48.20360007931239,47.79540213140153,1,SHORT,SHORT,0.33708189924558,0.24299533363707337,0.7956535617510477,75.70046663629266,52.0,True,0.29988195995489764,UNRANKED,False,20,"5,10,20"
2017-06-13,2017-06-14,2017-06-15,GOOGL,XLK,48.37517794405669,49.4152442543943,1,SHORT,SHORT,0.30103806406259537,0.22643722471451108,0.7776563962300619,77.35627752854889,52.0,True,0.323266769448916,UNRANKED,False,20,"5,10,20"
2017-06-14,2017-06-15,2017-06-16,GOOGL,XLK,47.012445428990574,46.612323195191045,1,SHORT,SHORT,0.2507792090376218,0.18735436421551113,0.8722703258196512,81.26456357844889,52.0,True,0.18766158819198608,UNRANKED,False,20,"5,10,20"
2017-06-15,2017-06-16,2017-06-19,GOOGL,XLK,47.502888807700664,47.12579045172619,1,SHORT,SHORT,0.28497722744941706,0.22966200487668656,0.8751809199651083,77.03379951233134,52.0,True,0.24955093363920844,UNRANKED,False,20,"5,10,20"
2017-06-16,2017-06-19,2017-06-20,GOOGL,XLK,48.08507713936887,47.70744772303935,1,SHORT,SHORT,0.28230994443098706,0.21627731422881602,0.9012767672538757,78.3722685771184,52.0,True,0.2945985297362009,UNRANKED,False,20,"5,10,20"
2017-06-19,2017-06-20,2017-06-21,GOOGL,XLK,48.36576453661488,47.93960726645584,1,SHORT,SHORT,0.31698148200909293,0.23235546606793764,0.9350929657618204,76.76445339320624,52.0,True,0.4942883600791295,UNRANKED,False,20,"5,10,20"
2017-06-20,2017-06-21,2017-06-22,GOOGL,XLK,48.14161697755378,47.72555530370822,1,SHORT,SHORT,0.2920966719587644,0.22695645747596785,0.9516471028327942,77.30435425240321,52.0,True,0.4960043132305145,UNRANKED,False,20,"5,10,20"
2017-06-21,2017-06-22,2017-06-23,GOOGL,XLK,48.44311579057337,47.997300295491065,1,SHORT,SHORT,0.28538302083810163,0.23468332974696626,0.9405571222305298,76.53166702530338,52.0,True,0.5367387433846792,UNRANKED,False,20,"5,10,20"
2017-06-22,2017-06-23,2017-06-26,GOOGL,XLK,48.375178623346095,47.9501194410428,1,SHORT,SHORT,0.27662956714630127,0.22664135921291817,0.9501522779464722,77.33586407870818,52.0,True,0.42484698196252185,UNRANKED,False,20,"5,10,20"
2017-06-23,2017-06-26,2017-06-27,GOOGL,XLK,49.0942332532635,50.1720228323825,1,SHORT,SHORT,0.25697033355633414,0.2010632262430068,0.9583119551340739,79.89367737569933,52.0,True,0.32843249042828876,UNRANKED,False,20,"5,10,20"
2017-06-26,2017-06-27,2017-06-28,GOOGL,XLK,47.68588046305057,47.23067754295431,1,SHORT,SHORT,0.2586868405342102,0.19874779610129503,0.9562839269638062,80.1252203898705,52.0,True,0.4119835247596105,UNRANKED,False,20,"5,10,20"
2017-06-27,2017-06-28,2017-06-29,GOOGL,XLK,47.14336026379813,48.451212872615095,1,SHORT,SHORT,0.3290638079245885,0.23707218138508598,0.7879984577496847,76.29278186149139,52.0,True,0.5396553874015808,UNRANKED,False,20,"5,10,20"
2017-06-28,2017-06-29,2017-06-30,GOOGL,XLK,47.177575224923494,48.57522103900169,1,SHORT,SHORT,0.38740473985671997,0.2437166058939788,0.8293797373771667,75.62833941060212,52.0,True,0.6102382987737655,UNRANKED,False,20,"5,10,20"
2017-06-29,2017-06-30,2017-07-03,GOOGL,XLK,46.812597276050326,48.11309909947562,1,SHORT,SHORT,0.2908677359422048,0.20929391106240658,0.7941810091336569,79.07060889375934,52.0,True,0.7873143255710602,UNRANKED,False,20,"5,10,20"
2017-06-30,2017-07-03,2017-07-05,GOOGL,XLK,46.2785133665264,45.758915359324256,1,SHORT,SHORT,0.3266512254873911,0.226534855049179,0.815587043762207,77.34651449508209,52.0,True,0.6922301749388377,UNRANKED,False,20,"5,10,20"
2017-07-03,2017-07-05,2017-07-06,GOOGL,XLK,45.831207211775904,45.30619015462956,1,SHORT,SHORT,0.2996365775664647,0.21318493207566647,0.7297397255897522,78.68150679243335,52.0,True,0.7526350418726603,UNRANKED,False,20,"5,10,20"
2017-07-05,2017-07-06,2017-07-07,GOOGL,XLK,45.87087638569543,45.30962379170129,1,SHORT,SHORT,0.30447160700956977,0.2111299564470879,0.6869106292724609,78.88700435529121,52.0,True,0.8116003970305125,UNRANKED,False,20,"5,10,20"
2017-07-06,2017-07-07,2017-07-10,GOOGL,XLK,46.167919534397264,45.61793037903664,1,SHORT,SHORT,0.29391670972108835,0.20824862894272148,0.6829352180163065,79.17513710572786,52.0,True,0.9358053058385849,UNRANKED,False,20,"5,10,20"
2017-07-07,2017-07-10,2017-07-11,GOOGL,XLK,46.71143095041568,46.120494562127455,1,SHORT,SHORT,0.3640506664911906,0.22203986017041008,0.7938951055208842,77.79601398295898,52.0,True,0.9155401736497879,UNRANKED,False,20,"5,10,20"
2017-07-10,2017-07-11,2017-07-12,GOOGL,XLK,47.136418905416306,46.56818786773146,1,SHORT,SHORT,0.2976983040571213,0.22408286035359223,0.8504833777745565,77.59171396464077,52.0,True,0.7877866327762604,UNRANKED,False,20,"5,10,20"
2017-07-11,2017-07-12,2017-07-13,GOOGL,XLK,47.64917988080973,47.094054508059315,1,SHORT,SHORT,0.24433597922325132,0.19911501515974095,0.9036126732826233,80.0884984840259,52.0,True,0.5336911727984747,UNRANKED,False,20,"5,10,20"
2017-07-12,2017-07-13,2017-07-14,GOOGL,XLK,48.142106959478454,47.57093533515856,1,SHORT,SHORT,0.26504131654898316,0.19791214080680852,0.8608317772547404,80.20878591931915,52.0,True,0.44831371307373047,UNRANKED,False,20,"5,10,20"
2017-07-13,2017-07-14,2017-07-17,GOOGL,XLK,48.30079520834739,47.73238678723969,1,SHORT,SHORT,0.271933967868487,0.21641066897205818,0.8700308402379354,78.35893310279418,52.0,True,0.39976122975349426,UNRANKED,False,20,"5,10,20"
2017-07-14,2017-07-17,2017-07-18,GOOGL,XLK,48.41584135754705,47.85242719259518,1,SHORT,SHORT,0.26367021103699995,0.21186302733932402,0.8985104560852051,78.81369726606759,52.0,True,0.4383253455162049,UNRANKED,False,20,"5,10,20"
2017-07-17,2017-07-18,2017-07-19,GOOGL,XLK,48.269058760287045,47.751869461929765,1,SHORT,SHORT,0.30745175480842585,0.24494476417998787,0.885209878285726,75.50552358200122,52.0,True,0.5415192643801371,UNRANKED,False,20,"5,10,20"
2017-07-18,2017-07-19,2017-07-20,GOOGL,XLK,49.09472864527853,48.6236219798035,1,SHORT,SHORT,0.2868488281965255,0.23093508907449553,0.9097424348195394,76.90649109255044,52.0,True,0.5748755633831024,UNRANKED,False,20,"5,10,20"
2017-07-19,2017-07-20,2017-07-21,GOOGL,XLK,49.441361232310015,48.995404048472125,1,SHORT,SHORT,0.27054088811079663,0.22221256522627977,0.8869310021400452,77.77874347737203,52.0,True,0.49222763379414863,UNRANKED,False,20,"5,10,20"
2017-07-20,2017-07-21,2017-07-24,GOOGL,XLK,49.04464351457972,48.67877453744175,1,SHORT,SHORT,0.23726775745550788,0.19661707250810326,0.8921631177266439,80.33829274918968,52.0,True,0.5005604128042856,UNRANKED,False,20,"5,10,20"
2017-07-21,2017-07-24,2017-07-25,GOOGL,XLK,49.297559092292246,50.15476175843866,1,SHORT,SHORT,0.24120700607697168,0.20848120639948955,0.909324586391449,79.15187936005104,52.0,True,0.4378603796164194,UNRANKED,False,20,"5,10,20"
2017-07-24,2017-07-25,2017-07-26,GOOGL,XLK,48.13714435389743,47.81463022861841,1,SHORT,SHORT,0.3031922106941541,0.24409596499656974,0.8902400732040405,75.59040350034303,52.0,True,0.4876349618037541,UNRANKED,False,20,"5,10,20"
2017-07-25,2017-07-26,2017-07-27,GOOGL,XLK,48.24030080014016,49.1925241691936,1,SHORT,SHORT,0.30720663567384077,0.235171797874573,0.9339230457941691,76.4828202125427,52.0,True,0.34528084099292755,UNRANKED,False,20,"5,10,20"
2017-07-26,2017-07-27,2017-07-28,GOOGL,XLK,48.061763380750754,49.00645749107616,1,SHORT,SHORT,0.31785839299360913,0.23287196155913148,0.8947104016939799,76.71280384408685,52.0,True,0.3506985952456792,UNRANKED,False,20,"5,10,20"
2017-07-27,2017-07-28,2017-07-31,GOOGL,XLK,47.01095565247304,46.634210700952394,1,SHORT,SHORT,0.28781390686829883,0.21448204172141208,0.8311315377553304,78.5517958278588,52.0,True,0.06881829599539437,UNRANKED,False,20,"5,10,20"
2017-07-28,2017-07-31,2017-08-01,GOOGL,XLK,47.606537249115576,48.50970224894119,1,SHORT,SHORT,0.28626338640848786,0.21491212952391905,0.8643049200375875,78.5087870476081,52.0,True,0.17574357489744818,UNRANKED,False,20,"5,10,20"
2017-07-31,2017-08-01,2017-08-02,GOOGL,XLK,47.00203208119593,46.60428231661725,1,SHORT,SHORT,0.34259483218193054,0.2270861582769215,0.8340934117635092,77.29138417230786,52.0,True,0.46676573654015857,UNRANKED,False,20,"5,10,20"
2017-08-01,2017-08-02,2017-08-03,GOOGL,XLK,47.02979495299263,47.90842872461651,1,SHORT,SHORT,0.34474308292071015,0.22705569065141154,0.8601917028427124,77.29443093485885,52.0,True,0.5073383003473283,UNRANKED,False,20,"5,10,20"
2017-08-02,2017-08-03,2017-08-04,GOOGL,XLK,47.06599995839331,46.714936638778354,1,SHORT,SHORT,0.2823982958992322,0.20887256043012284,0.8947953979174296,79.11274395698771,52.0,True,0.14636282126108796,UNRANKED,False,20,"5,10,20"
2017-08-03,2017-08-04,2017-08-07,GOOGL,XLK,46.81060677422712,46.46209385221261,1,SHORT,SHORT,0.3354062636693318,0.23089127855065641,0.9338905811309814,76.91087214493436,52.0,True,0.3281481514374415,UNRANKED,False,20,"5,10,20"
2017-08-04,2017-08-07,2017-08-08,GOOGL,XLK,46.98765116143613,46.62305711062,1,SHORT,SHORT,0.2945717051625252,0.21890337642883598,0.9379769762357076,78.1096623571164,52.0,True,0.25457665324211115,UNRANKED,False,20,"5,10,20"
2017-08-07,2017-08-08,2017-08-09,GOOGL,XLK,46.82747365367446,46.501666899698456,1,SHORT,SHORT,0.27233885973691935,0.22197330483381425,0.9179648558298746,77.80266951661858,52.0,True,0.18575914700826004,UNRANKED,False,20,"5,10,20"
2017-08-08,2017-08-09,2017-08-10,GOOGL,XLK,46.53786519707213,47.31465949442669,1,SHORT,SHORT,0.26841068764527637,0.2314397637921306,0.9100992282231649,76.85602362078694,52.0,True,0.29312563439210243,UNRANKED,False,20,"5,10,20"
2017-08-09,2017-08-10,2017-08-11,GOOGL,XLK,46.36677963293096,46.043558153787544,1,SHORT,SHORT,0.2803991536299388,0.22253449984681914,0.9161812663078308,77.74655001531808,52.0,True,0.10995086530844367,UNRANKED,False,20,"5,10,20"
2017-08-10,2017-08-11,2017-08-14,GOOGL,XLK,45.80690949370734,45.431122576157115,1,SHORT,SHORT,0.23842899501323697,0.19729106335907667,0.8655471801757812,80.27089366409234,52.0,True,0.29351838926474244,UNRANKED,False,20,"5,10,20"
2017-08-11,2017-08-14,2017-08-15,GOOGL,XLK,46.56861480050015,46.1856374510826,1,SHORT,SHORT,0.25194144745667774,0.20027805853470637,0.9228036006291708,79.97219414652936,52.0,True,0.41597766677538556,UNRANKED,False,20,"5,10,20"
2017-08-14,2017-08-15,2017-08-16,GOOGL,XLK,46.66580599029485,46.35523050506536,1,SHORT,SHORT,0.22702956696351365,0.1749757147803296,0.9195363720258077,82.50242852196705,52.0,True,0.4393531183401744,UNRANKED,False,20,"5,10,20"
2017-08-15,2017-08-16,2017-08-17,GOOGL,XLK,46.676717679241115,47.42774369656638,1,SHORT,SHORT,0.2612055589755376,0.20858617115601374,0.9492033123970032,79.14138288439862,52.0,True,0.3113638559977214,UNRANKED,False,20,"5,10,20"
2017-08-16,2017-08-17,2017-08-18,GOOGL,XLK,46.76102532639992,47.45351549538012,1,SHORT,SHORT,0.2771974702676137,0.21550491750538667,0.9426287213961283,78.44950824946133,52.0,True,0.3086760640144348,UNRANKED,False,20,"5,10,20"
2017-08-17,2017-08-18,2017-08-21,GOOGL,XLK,45.969062970150496,45.6538477231325,1,SHORT,SHORT,0.25051338473955787,0.1867827381493128,0.9106092651685079,81.32172618506873,52.0,True,0.4974418481190999,UNRANKED,False,20,"5,10,20"
2017-08-18,2017-08-21,2017-08-22,GOOGL,XLK,45.90906726416016,45.634054294189454,1,SHORT,SHORT,0.26918104290962214,0.20925414678020457,0.88694300254186,79.07458532197954,52.0,True,0.49257871011892956,UNRANKED,False,20,"5,10,20"
2017-08-21,2017-08-22,2017-08-23,GOOGL,XLK,45.96807115334627,45.67800429805191,1,SHORT,SHORT,0.26725427309672034,0.20467602006324148,0.8687040607134501,79.53239799367586,52.0,True,0.5338658640782038,UNRANKED,False,20,"5,10,20"
2017-08-22,2017-08-23,2017-08-24,GOOGL,XLK,46.46596347452611,46.11054377063381,1,SHORT,SHORT,0.3000934968392054,0.2296105336801527,0.9239171544710795,77.03894663198473,52.0,True,0.3548783858617148,UNRANKED,False,20,"5,10,20"
2017-08-23,2017-08-24,2017-08-25,GOOGL,XLK,46.79870310607558,47.64156046691542,1,SHORT,SHORT,0.25947196036577225,0.21258753030086033,0.9169139862060547,78.74124696991397,52.0,True,0.2517303228378296,UNRANKED,False,20,"5,10,20"
2017-08-24,2017-08-25,2017-08-28,GOOGL,XLK,46.57555459593632,47.420185109808735,1,SHORT,SHORT,0.29768047233422595,0.22360290285475526,0.8227892716725668,77.63970971452447,52.0,True,0.5225597222646077,UNRANKED,False,20,"5,10,20"
2017-08-25,2017-08-28,2017-08-29,GOOGL,XLK,46.21206702093271,45.85172254287048,1,SHORT,SHORT,0.3129168053468068,0.22225941141717342,0.842333992322286,77.77405885828266,52.0,True,0.5903079211711884,UNRANKED,False,20,"5,10,20"
2017-08-28,2017-08-29,2017-08-30,GOOGL,XLK,45.620447528143664,45.25723439773769,1,SHORT,SHORT,0.2964987307786941,0.2106562646257153,0.8693486452102661,78.93437353742847,52.0,True,0.5244912455479305,UNRANKED,False,20,"5,10,20"
2017-08-29,2017-08-30,2017-08-31,GOOGL,XLK,46.40000625624222,46.024361027447576,1,SHORT,SHORT,0.32139841218789417,0.2441964775353702,0.8200631539026896,75.58035224646298,52.0,True,0.5758561640977861,UNRANKED,False,20,"5,10,20"
2017-08-30,2017-08-31,2017-09-01,GOOGL,XLK,46.92714518345369,46.58199764186259,1,SHORT,SHORT,0.3227313011884689,0.24031165162993182,0.8355931838353475,75.96883483700681,52.0,True,0.3642766773700714,UNRANKED,False,20,"5,10,20"
2017-08-31,2017-09-01,2017-09-05,GOOGL,XLK,47.48106844305831,48.389187780957656,1,SHORT,SHORT,0.35498974720637005,0.24966978867074782,0.8787874778111776,75.03302113292521,52.0,True,0.39849820236365,UNRANKED,False,20,"5,10,20"
2017-09-01,2017-09-05,2017-09-06,GOOGL,XLK,46.954917774958375,46.61147049843424,1,SHORT,SHORT,0.25683076183001197,0.21204531897176793,0.9245056708653768,78.79546810282321,52.0,True,0.480177993575732,UNRANKED,False,20,"5,10,20"
2017-09-05,2017-09-06,2017-09-07,GOOGL,XLK,46.80663768785879,46.42897393925388,1,SHORT,SHORT,0.29571528732776636,0.21721095145047029,0.8675641218821207,78.27890485495297,52.0,True,0.5735950817664462,UNRANKED,False,20,"5,10,20"
2017-09-06,2017-09-07,2017-09-08,GOOGL,XLK,46.825488942567944,46.467839003167136,1,SHORT,SHORT,0.32326314846674603,0.22320494007021252,0.9264274636904398,77.67950599297875,52.0,True,0.6332728217045466,UNRANKED,False,20,"5,10,20"
2017-09-07,2017-09-08,2017-09-11,GOOGL,XLK,47.09575383838547,46.76906180216547,1,SHORT,SHORT,0.3031960924466451,0.209844701288757,0.9229225516319275,79.0155298711243,52.0,True,0.7318476786216102,UNRANKED,False,20,"5,10,20"
2017-09-08,2017-09-11,2017-09-12,GOOGL,XLK,46.97177465285487,46.62028817432181,1,SHORT,SHORT,0.3017765631278356,0.2134874689565274,0.935688296953837,78.65125310434726,52.0,True,0.5114488403002421,UNRANKED,False,20,"5,10,20"
2017-09-11,2017-09-12,2017-09-13,GOOGL,XLK,46.957893333081294,46.61855612038249,1,SHORT,SHORT,0.29375737905502314,0.21317479312718232,0.9275607864061991,78.68252068728177,52.0,True,0.5539781600236893,UNRANKED,False,20,"5,10,20"
2017-09-12,2017-09-13,2017-09-14,GOOGL,XLK,46.88747697113739,46.605415803011695,1,SHORT,SHORT,0.29330637554327643,0.2172272640154296,0.9029296636581421,78.27727359845704,52.0,True,0.4777889202038446,UNRANKED,False,20,"5,10,20"
2017-09-13,2017-09-14,2017-09-15,GOOGL,XLK,46.912266952261305,47.631675260018,1,SHORT,SHORT,0.27525418003400165,0.21979739164810239,0.9368657469749451,78.02026083518976,52.0,True,0.24868768453598025,UNRANKED,False,20,"5,10,20"
2017-09-14,2017-09-15,2017-09-18,GOOGL,XLK,46.619191233531005,47.379509444677765,1,SHORT,SHORT,0.3015998999277751,0.22594257494112172,0.9301592906316122,77.40574250588783,52.0,True,0.21151428918043766,UNRANKED,False,20,"5,10,20"
2017-09-15,2017-09-18,2017-09-19,GOOGL,XLK,46.367278500176035,46.06864083756094,1,SHORT,SHORT,0.32157262166341144,0.24007621328306902,0.9140996138254801,75.99237867169309,52.0,True,0.27086604634920747,UNRANKED,False,20,"5,10,20"
2017-09-18,2017-09-19,2017-09-20,GOOGL,XLK,46.287939697001974,45.978073472985514,1,SHORT,SHORT,0.34922972321510315,0.2407412449173875,0.936875065167745,75.92587550826126,52.0,True,0.37881861130396527,UNRANKED,False,20,"5,10,20"
2017-09-19,2017-09-20,2017-09-21,GOOGL,XLK,46.50216295273148,46.194102170435166,1,SHORT,SHORT,0.3552443732817967,0.24658945369852184,0.9358285864194232,75.34105463014782,52.0,True,0.5523730764786402,UNRANKED,False,20,"5,10,20"
2017-09-20,2017-09-21,2017-09-22,GOOGL,XLK,47.0179011408994,46.699922963147586,1,SHORT,SHORT,0.35736583669980365,0.2446451005154113,0.915821393330892,75.53548994845886,52.0,True,0.3885992765426634,UNRANKED,False,20,"5,10,20"
2017-09-21,2017-09-22,2017-09-25,GOOGL,XLK,46.75209671931639,47.44431985948799,1,SHORT,SHORT,0.3183213969071706,0.2447026302446953,0.9513630072275797,75.52973697553047,52.0,True,0.49215098222096754,UNRANKED,False,20,"5,10,20"
2017-09-22,2017-09-25,2017-09-26,GOOGL,XLK,46.587450085254346,46.306877194018995,1,SHORT,SHORT,0.3453175077835719,0.2426192876511077,0.9561522801717123,75.73807123488922,52.0,True,0.32720318436622614,UNRANKED,False,20,"5,10,20"
2017-09-25,2017-09-26,2017-09-27,GOOGL,XLK,46.45058252599253,46.175428412223,1,SHORT,SHORT,0.3220869054396947,0.2273454795310926,0.9055489897727966,77.26545204689074,52.0,True,0.19389807681242624,UNRANKED,False,20,"5,10,20"
2017-09-26,2017-09-27,2017-09-28,GOOGL,XLK,46.75060923698249,46.46620965943296,1,SHORT,SHORT,0.3416332801183064,0.24008368647622538,0.9249543944994608,75.99163135237747,52.0,True,0.4306784222523372,UNRANKED,False,20,"5,10,20"
2017-09-27,2017-09-28,2017-09-29,GOOGL,XLK,47.42056928387711,47.08445412797588,1,SHORT,SHORT,0.3364979525407155,0.23531867234043877,0.8125654061635336,76.46813276595611,52.0,True,0.3663337677717209,UNRANKED,False,20,"5,10,20"
2017-09-28,2017-09-29,2017-10-02,GOOGL,XLK,47.90406977893534,47.58060007199128,1,SHORT,SHORT,0.3013572345177333,0.2298283695829657,0.905550460020701,77.01716304170343,52.0,True,0.17623987793922424,UNRANKED,False,20,"5,10,20"
2017-09-29,2017-10-02,2017-10-03,GOOGL,XLK,48.38261838684529,48.03424742606474,1,SHORT,SHORT,0.28378791113694507,0.22349349553883927,0.8929601113001505,77.65065044611607,52.0,True,0.18674280246098837,UNRANKED,False,20,"5,10,20"
2017-10-02,2017-10-03,2017-10-04,GOOGL,XLK,47.981432514979794,47.622825086565314,1,SHORT,SHORT,0.3163842558860778,0.24125883178440208,0.8932513991991679,75.8741168215598,52.0,True,0.38462871313095087,UNRANKED,False,20,"5,10,20"
2017-10-03,2017-10-04,2017-10-05,GOOGL,XLK,48.18971609694457,47.82820404904069,1,SHORT,SHORT,0.31857288380463916,0.23503608620726246,0.8910638689994812,76.49639137927376,52.0,True,0.3754538943370184,UNRANKED,False,20,"5,10,20"
2017-10-04,2017-10-05,2017-10-06,GOOGL,XLK,48.2407923937289,47.897026862461466,1,SHORT,SHORT,0.31005293627580005,0.22464601497153758,0.8718640605608622,77.53539850284625,52.0,True,0.30464085439840943,UNRANKED,False,20,"5,10,20"
2017-10-05,2017-10-06,2017-10-09,GOOGL,XLK,48.59833721826085,48.20650486657628,1,SHORT,SHORT,0.2629613031943639,0.21430069180385158,0.8932095766067505,78.56993081961484,52.0,True,0.0931922892729441,UNRANKED,False,20,"5,10,20"
2017-10-06,2017-10-09,2017-10-10,GOOGL,XLK,49.342185900547776,48.94004541941636,1,SHORT,SHORT,0.28121642768383026,0.22868175793274714,0.9134202798207601,77.13182420672528,52.0,True,0.12033525109291089,UNRANKED,False,20,"5,10,20"
2017-10-09,2017-10-10,2017-10-11,GOOGL,XLK,49.3570639761873,48.97539724775886,1,SHORT,SHORT,0.2738008076945941,0.22129015185450282,0.9080157081286112,77.87098481454971,52.0,True,0.27988249560197204,UNRANKED,False,20,"5,10,20"
2017-10-10,2017-10-11,2017-10-12,GOOGL,XLK,49.04662945044171,48.686817395126425,1,SHORT,SHORT,0.2650854488213857,0.21590489094450802,0.8892962336540222,78.4095109055492,52.0,True,0.2661522130171458,UNRANKED,False,20,"5,10,20"
2017-10-11,2017-10-12,2017-10-13,GOOGL,XLK,49.780565152998605,49.35756100260798,1,SHORT,SHORT,0.2787368794282277,0.22553357378145913,0.8707350095113119,77.4466426218541,52.0,True,0.2705913037061692,UNRANKED,False,20,"5,10,20"
2017-10-12,2017-10-13,2017-10-16,GOOGL,XLK,50.04190357044996,49.63409526661695,1,SHORT,SHORT,0.29371882478396094,0.23781149812829802,0.8677427172660828,76.21885018717019,52.0,True,0.37884008884429915,UNRANKED,False,20,"5,10,20"
2017-10-13,2017-10-16,2017-10-17,GOOGL,XLK,50.06769148351542,49.68382857937549,1,SHORT,SHORT,0.2996795823176701,0.233933373411789,0.8522155284881592,76.60666265882111,52.0,True,0.42142299314339954,UNRANKED,False,20,"5,10,20"
2017-10-16,2017-10-17,2017-10-18,GOOGL,XLK,49.95908544873628,49.58113777766346,1,SHORT,SHORT,0.26665018747250235,0.21614655797674984,0.8413706024487814,78.38534420232502,52.0,True,0.2727862497170766,UNRANKED,False,20,"5,10,20"
2017-10-17,2017-10-18,2017-10-19,GOOGL,XLK,50.138109503109504,50.898607549984504,1,SHORT,SHORT,0.2545101021726926,0.20039507915321883,0.8084541161855062,79.96049208467811,52.0,True,0.24284676214059187,UNRANKED,False,20,"5,10,20"
2017-10-18,2017-10-19,2017-10-20,GOOGL,XLK,49.825692529639106,49.5327215998121,1,SHORT,SHORT,0.258741445839405,0.21196718982910998,0.7594397266705831,78.803281017089,52.0,True,0.10375180840492236,UNRANKED,False,20,"5,10,20"
2017-10-19,2017-10-20,2017-10-23,GOOGL,XLK,49.9397478654726,50.689797729015424,1,SHORT,SHORT,0.3089084674914678,0.23568155563401652,0.7615686853726705,76.43184443659835,52.0,True,0.06390584011872599,UNRANKED,False,20,"5,10,20"
2017-10-20,2017-10-23,2017-10-24,GOOGL,XLK,49.84701473350631,50.57032152562929,1,SHORT,SHORT,0.30893539885679877,0.23051144874619914,0.7758403619130453,76.94885512538009,52.0,True,0.04389704267183933,UNRANKED,False,20,"5,10,20"
2017-10-23,2017-10-24,2017-10-25,GOOGL,XLK,48.920672638766945,48.578501105999784,1,SHORT,SHORT,0.3116246859232584,0.23508134679523582,0.7944932579994202,76.49186532047642,52.0,True,0.05837255716323847,UNRANKED,False,20,"5,10,20"
2017-10-24,2017-10-25,2017-10-26,GOOGL,XLK,48.90926222716537,48.57541463631018,1,SHORT,SHORT,0.2902864913145701,0.21785452266832506,0.8235945900281271,78.21454773316749,52.0,True,0.03157153228918706,UNRANKED,False,20,"5,10,20"
2017-10-25,2017-10-26,2017-10-27,GOOGL,XLK,49.51426515906701,49.23510833795233,1,SHORT,SHORT,0.26849633455276484,0.2049867452385967,0.7956167658170065,79.50132547614032,52.0,True,-0.05316646397113797,UNRANKED,False,20,"5,10,20"
2017-10-26,2017-10-27,2017-10-30,GOOGL,XLK,51.12693764973432,50.877570344523654,1,SHORT,SHORT,0.31548691789309186,0.23034456137153647,0.8328456282615662,76.96554386284635,52.0,True,0.3383428752422333,UNRANKED,False,20,"5,10,20"
2017-10-27,2017-10-30,2017-10-31,GOOGL,XLK,51.03618831577811,50.64187613839251,1,SHORT,SHORT,0.31409367422262824,0.21390006113184093,0.8926680485407511,78.60999388681591,52.0,True,0.3752714792887369,UNRANKED,False,20,"5,10,20"
2017-10-30,2017-10-31,2017-11-01,GOOGL,XLK,51.22660940323287,50.846359834838616,1,SHORT,SHORT,0.3091217329104741,0.21736941039860566,0.8683829307556152,78.26305896013943,52.0,True,0.519676019748052,UNRANKED,False,20,"5,10,20"
2017-10-31,2017-11-01,2017-11-02,GOOGL,XLK,51.39125343255267,51.07391203676584,1,SHORT,SHORT,0.263615034520626,0.201302164563093,0.9129674037297567,79.8697835436907,52.0,True,0.30750968058904005,UNRANKED,False,20,"5,10,20"
2017-11-01,2017-11-02,2017-11-03,GOOGL,XLK,51.57325048084959,51.22204574495743,1,SHORT,SHORT,0.2901164889335632,0.2219968666662804,0.8972342610359192,77.80031333337196,52.0,True,0.5242844770352046,UNRANKED,False,20,"5,10,20"
2017-11-02,2017-11-03,2017-11-06,GOOGL,XLK,51.71011311584816,51.36546121242321,1,SHORT,SHORT,0.27260109285513556,0.22034047274085192,0.9302906195322672,77.96595272591482,52.0,True,0.4892420470714569,UNRANKED,False,20,"5,10,20"
2017-11-03,2017-11-06,2017-11-07,GOOGL,XLK,52.025017599763366,51.66074262112567,1,SHORT,SHORT,0.23936674992243445,0.19655708859591595,0.8995335102081299,80.3442911404084,52.0,True,0.4308087527751922,UNRANKED,False,20,"5,10,20"
2017-11-06,2017-11-07,2017-11-08,GOOGL,XLK,52.052281947392,51.66795828231806,1,SHORT,SHORT,0.23582963397105536,0.18711094225922972,0.9084825913111368,81.28890577407702,52.0,True,0.5686274419228236,UNRANKED,False,20,"5,10,20"
2017-11-07,2017-11-08,2017-11-09,GOOGL,XLK,52.07212195189413,51.65956816466269,1,SHORT,SHORT,0.2694409762819608,0.2130898055408785,0.9199250936508179,78.69101944591215,52.0,True,0.3809752215941748,UNRANKED,False,20,"5,10,20"
2017-11-08,2017-11-09,2017-11-10,GOOGL,XLK,51.970466293869634,51.57562278365061,1,SHORT,SHORT,0.253521554172039,0.21243476578662288,0.9251805742581686,78.7565234213377,52.0,True,0.38734192152818053,UNRANKED,False,20,"5,10,20"
2017-11-09,2017-11-10,2017-11-13,GOOGL,XLK,51.76565583806449,51.344812986153215,1,SHORT,SHORT,0.2804647783438365,0.22659336936503102,0.8822749654452006,77.34066306349689,52.0,True,0.13117450972398126,UNRANKED,False,20,"5,10,20"
2017-11-10,2017-11-13,2017-11-14,GOOGL,XLK,51.61341849491961,51.24910809409302,1,SHORT,SHORT,0.27150755127271015,0.22552743006524767,0.8994643688201904,77.44725699347524,52.0,True,0.22142179310321808,UNRANKED,False,20,"5,10,20"
2017-11-13,2017-11-14,2017-11-15,GOOGL,XLK,51.46068636881965,51.09637624047144,1,SHORT,SHORT,0.29089956482251483,0.22353375153270835,0.9050517280896505,77.64662484672917,52.0,True,0.24253751337528226,UNRANKED,False,20,"5,10,20"
2017-11-14,2017-11-15,2017-11-16,GOOGL,XLK,51.325796096900035,50.97044723738553,1,SHORT,SHORT,0.288324311375618,0.21602069533395243,0.8915068507194519,78.39793046660476,52.0,True,0.08132758736610417,UNRANKED,False,20,"5,10,20"
2017-11-15,2017-11-16,2017-11-17,GOOGL,XLK,51.51175063158058,51.138017656029525,1,SHORT,SHORT,0.3059515704711278,0.22508561909497102,0.8839396635691324,77.4914380905029,52.0,True,0.12625744938850395,UNRANKED,False,20,"5,10,20"
2017-11-16,2017-11-17,2017-11-20,GOOGL,XLK,52.059732345725266,52.72671921989693,1,SHORT,SHORT,0.3070385803778966,0.21463986536165394,0.818683405717214,78.5360134638346,52.0,True,0.245213399330775,UNRANKED,False,20,"5,10,20"
2017-11-17,2017-11-20,2017-11-21,GOOGL,XLK,51.37538159051283,51.065939615327984,1,SHORT,SHORT,0.2801252702871958,0.21035956641336598,0.7847310702006022,78.9640433586634,52.0,True,0.1952315419912338,UNRANKED,False,20,"5,10,20"
2017-11-20,2017-11-21,2017-11-22,GOOGL,XLK,51.57573071568679,51.26225115592465,1,SHORT,SHORT,0.2922436445951462,0.2124008150554019,0.8969172636667887,78.75991849445981,52.0,True,0.35636887947718304,UNRANKED,False,20,"5,10,20"
2017-11-21,2017-11-22,2017-11-24,GOOGL,XLK,52.127165456433545,51.79214975077995,1,SHORT,SHORT,0.2715759376684824,0.20694566147382398,0.8876172304153442,79.3054338526176,52.0,True,0.3307738800843556,UNRANKED,False,20,"5,10,20"
2017-11-22,2017-11-24,2017-11-27,GOOGL,XLK,52.28734912669069,51.94790619238196,1,SHORT,SHORT,0.27484411994616187,0.2220821601976187,0.9040276209513346,77.79178398023812,52.0,True,0.33481880029042554,UNRANKED,False,20,"5,10,20"
2017-11-24,2017-11-27,2017-11-28,GOOGL,XLK,52.49463282792565,52.1637612458944,1,SHORT,SHORT,0.2772544175386429,0.2241852703520885,0.8950045506159464,77.58147296479116,52.0,True,0.19426359732945764,UNRANKED,False,20,"5,10,20"
2017-11-27,2017-11-28,2017-11-29,GOOGL,XLK,53.25931305287393,54.15892902185063,1,SHORT,SHORT,0.3531549076239268,0.23648332723113497,0.8977124293645223,76.3516672768865,52.0,True,0.40689875682195026,UNRANKED,False,20,"5,10,20"
2017-11-28,2017-11-29,2017-11-30,GOOGL,XLK,52.37611037638018,53.26696003480129,1,SHORT,SHORT,0.3505772352218628,0.24522748756540416,0.9050709207852682,75.47725124345959,52.0,True,0.3687019646167755,UNRANKED,False,20,"5,10,20"
2017-11-29,2017-11-30,2017-12-01,GOOGL,XLK,51.5707700105157,52.63881508170885,1,SHORT,SHORT,0.29924206932385755,0.23606641392211433,0.8530831734339396,76.39335860778857,52.0,True,0.18502882619698854,UNRANKED,False,20,"5,10,20"
2017-11-30,2017-12-01,2017-12-04,GOOGL,XLK,51.09817604514459,52.08333523791105,1,SHORT,SHORT,0.3279203077157338,0.24446021712350322,0.834121584892273,75.55397828764968,52.0,True,0.25491547584533697,UNRANKED,False,20,"5,10,20"
2017-12-01,2017-12-04,2017-12-05,GOOGL,XLK,50.96873628409166,50.54800078866058,1,SHORT,SHORT,0.2926217168569564,0.22967525732546493,0.8623411258061727,77.03247426745351,52.0,True,0.4305257548888524,UNRANKED,False,20,"5,10,20"
2017-12-04,2017-12-05,2017-12-06,GOOGL,XLK,50.13513594379078,49.67809215978548,1,SHORT,SHORT,0.2685030748446782,0.22019938530160366,0.8455687761306763,77.98006146983964,52.0,True,0.4395194600025813,UNRANKED,False,20,"5,10,20"
2017-12-05,2017-12-06,2017-12-07,GOOGL,XLK,50.40936503140444,49.92649847169462,1,SHORT,SHORT,0.2936581969261169,0.22747527857919847,0.8122240304946899,77.25247214208015,52.0,True,0.5375019758939743,UNRANKED,False,20,"5,10,20"
2017-12-06,2017-12-07,2017-12-08,GOOGL,XLK,51.37885764265905,50.868044065824506,1,SHORT,SHORT,0.2773038993279139,0.22281006352956437,0.8814539511998495,77.71899364704356,52.0,True,0.43384725352128345,UNRANKED,False,20,"5,10,20"
2017-12-07,2017-12-08,2017-12-11,GOOGL,XLK,52.1594044449779,51.649333916675026,1,SHORT,SHORT,0.2154080246885617,0.16715095828204266,0.961821178595225,83.28490417179573,52.0,True,0.3270424455404282,UNRANKED,False,20,"5,10,20"
2017-12-08,2017-12-11,2017-12-12,GOOGL,XLK,52.12469634218395,51.64214776473906,1,SHORT,SHORT,0.24842169384161628,0.19820336727591661,0.9636769493420919,80.17966327240835,52.0,True,0.35783578455448156,UNRANKED,False,20,"5,10,20"
2017-12-11,2017-12-12,2017-12-13,GOOGL,XLK,52.06964815176121,51.58228215662658,1,SHORT,SHORT,0.22821871439615884,0.1896795873719188,0.9426337480545044,81.03204126280812,52.0,True,0.3184751520554225,UNRANKED,False,20,"5,10,20"
2017-12-12,2017-12-13,2017-12-14,GOOGL,XLK,52.17279382474139,51.72949221515713,1,SHORT,SHORT,0.29861829181512195,0.2394455612640676,0.8700904051462809,76.05544387359325,52.0,True,0.5397059371074041,UNRANKED,False,20,"5,10,20"
2017-12-13,2017-12-14,2017-12-15,GOOGL,XLK,52.34189885572581,51.89505475477366,1,SHORT,SHORT,0.28136943280696863,0.22607370626955672,0.8854772647221884,77.39262937304433,52.0,True,0.3314036279916764,UNRANKED,False,20,"5,10,20"
2017-12-14,2017-12-15,2017-12-18,GOOGL,XLK,52.752995226952784,52.30090891452254,1,SHORT,SHORT,0.32912153999010724,0.23918429931275753,0.9002067844072977,76.08157006872425,52.0,True,0.4611937254667282,UNRANKED,False,20,"5,10,20"
2017-12-15,2017-12-18,2017-12-19,GOOGL,XLK,53.3812992834663,52.93261350116998,1,SHORT,SHORT,0.36267950137456256,0.2546693368675404,0.8706662257512411,74.53306631324597,52.0,True,0.38087491194407136,UNRANKED,False,20,"5,10,20"
2017-12-18,2017-12-19,2017-12-20,GOOGL,XLK,53.70711472156282,54.86752791867149,1,SHORT,SHORT,0.29326638579368586,0.2354321608970594,0.8857061664263407,76.45678391029406,52.0,True,0.3246436913808186,UNRANKED,False,20,"5,10,20"
2017-12-19,2017-12-20,2017-12-21,GOOGL,XLK,53.602974788480715,54.58096643756345,1,SHORT,SHORT,0.2701319033900897,0.2232905325497775,0.8184478282928467,77.67094674502225,52.0,True,0.42858044803142553,UNRANKED,False,20,"5,10,20"
2017-12-20,2017-12-21,2017-12-22,GOOGL,XLK,53.32873612749289,52.91979349618011,1,SHORT,SHORT,0.2736744433641433,0.2202553771763276,0.820415993531545,77.97446228236724,52.0,True,0.42887472609678895,UNRANKED,False,20,"5,10,20"
2017-12-21,2017-12-22,2017-12-26,GOOGL,XLK,53.06144911669449,52.68222433947281,1,SHORT,SHORT,0.2861799001693725,0.21664644531892593,0.8761518200238546,78.33535546810741,52.0,True,0.34672606488068897,UNRANKED,False,20,"5,10,20"
2017-12-22,2017-12-26,2017-12-27,GOOGL,XLK,52.99400419260771,53.842794088891544,1,SHORT,SHORT,0.26942404607931775,0.2148182602382022,0.905910074710846,78.51817397617978,52.0,True,0.35863992571830755,UNRANKED,False,20,"5,10,20"
2017-12-26,2017-12-27,2017-12-28,GOOGL,XLK,52.89284654116644,53.69983757335813,1,SHORT,SHORT,0.2748604118824005,0.22578441330087493,0.8815726041793823,77.4215586699125,52.0,True,0.35011679430802656,UNRANKED,False,20,"5,10,20"
2017-12-27,2017-12-28,2017-12-29,GOOGL,XLK,52.67712446082759,53.41796591764958,1,SHORT,SHORT,0.2920416444540024,0.23243180326649993,0.9062742590904236,76.75681967335001,52.0,True,0.3823559830586116,UNRANKED,False,20,"5,10,20"
2017-12-28,2017-12-29,2018-01-02,GOOGL,XLK,52.34189008047228,52.07247408882538,1,SHORT,SHORT,0.29442918797334033,0.22942518603830983,0.9266544183095297,77.05748139616901,52.0,True,0.3066029548645019,UNRANKED,False,20,"5,10,20"
2017-12-29,2018-01-02,2018-01-03,GOOGL,XLK,52.21941091232708,51.957999517935335,1,SHORT,SHORT,0.29838839670022327,0.23507565558255036,0.929263969262441,76.49243444174496,52.0,True,0.30370638767878216,UNRANKED,False,20,"5,10,20"
2018-01-02,2018-01-03,2018-01-04,GOOGL,XLK,53.25633216250734,52.93392430379501,1,SHORT,SHORT,0.3190557658672333,0.23756948411763032,0.912651777267456,76.24305158823697,52.0,True,0.4110185454289119,UNRANKED,False,20,"5,10,20"
2018-01-03,2018-01-04,2018-01-05,GOOGL,XLK,54.4048503854512,54.02892123418864,1,SHORT,SHORT,0.3126300623019536,0.21606786846608383,0.9142868518829346,78.39321315339161,52.0,True,0.45662890374660486,UNRANKED,False,20,"5,10,20"
2018-01-04,2018-01-05,2018-01-08,GOOGL,XLK,54.720237383951606,54.33856929313129,1,SHORT,SHORT,0.2839926729599635,0.21956001834634123,0.9489689866701762,78.04399816536588,52.0,True,0.3696439564228058,UNRANKED,False,20,"5,10,20"
2018-01-05,2018-01-08,2018-01-09,GOOGL,XLK,55.094642223098475,54.683043472575314,1,SHORT,SHORT,0.303703894217809,0.2233081777545559,0.9035423000653585,77.66918222454441,52.0,True,0.2758754938840866,UNRANKED,False,20,"5,10,20"
2018-01-08,2018-01-09,2018-01-10,GOOGL,XLK,55.46359230752594,56.39863455257338,1,SHORT,SHORT,0.28477571407953894,0.22637720025145192,0.8988686800003052,77.36227997485481,52.0,True,0.3173137108484904,UNRANKED,False,20,"5,10,20"
2018-01-09,2018-01-10,2018-01-11,GOOGL,XLK,54.89627981139507,54.56359979038154,1,SHORT,SHORT,0.28675438712040574,0.23911180473223667,0.9060389995574951,76.08881952677633,52.0,True,0.37862219909826916,UNRANKED,False,20,"5,10,20"
2018-01-10,2018-01-11,2018-01-12,GOOGL,XLK,55.15961099244024,54.83635300119442,1,SHORT,SHORT,0.24662775794665015,0.20308978746562115,0.9206018845240275,79.69102125343788,52.0,True,0.28503630061944324,UNRANKED,False,20,"5,10,20"
2018-01-11,2018-01-12,2018-01-16,GOOGL,XLK,55.05001054507235,54.742018699805186,1,SHORT,SHORT,0.2522264669338862,0.1989816863360893,0.9267996152242025,80.10183136639107,52.0,True,0.1271546185016632,UNRANKED,False,20,"5,10,20"
2018-01-12,2018-01-16,2018-01-17,GOOGL,XLK,56.54812802368967,56.183852227616846,1,SHORT,SHORT,0.2704217707117398,0.21983717824016738,0.9168317317962646,78.01628217598326,52.0,True,0.17920771737893418,UNRANKED,False,20,"5,10,20"
2018-01-16,2018-01-17,2018-01-18,GOOGL,XLK,56.352250653332995,55.994846216949064,1,SHORT,SHORT,0.2770192399621009,0.22621325878592638,0.8582000533739725,77.37867412140737,52.0,True,0.4413326879342396,UNRANKED,False,20,"5,10,20"
2018-01-17,2018-01-18,2018-01-19,GOOGL,XLK,56.50052585015715,56.12402912643715,1,SHORT,SHORT,0.27808824926614756,0.22732453771722624,0.8580981294314066,77.26754622827737,52.0,True,0.5615476171175638,UNRANKED,False,20,"5,10,20"
2018-01-18,2018-01-19,2018-01-22,GOOGL,XLK,56.43506511586326,56.06749451126644,1,SHORT,SHORT,0.26145685215791065,0.21559455963031338,0.855636735757192,78.44054403696866,52.0,True,0.5426648408174514,UNRANKED,False,20,"5,10,20"
2018-01-19,2018-01-22,2018-01-23,GOOGL,XLK,56.722192343467434,56.34300380586978,1,SHORT,SHORT,0.2514798988898595,0.2133773834414233,0.8459418217341105,78.66226165585766,52.0,True,0.3664705802996954,UNRANKED,False,20,"5,10,20"
2018-01-22,2018-01-23,2018-01-24,GOOGL,XLK,58.051209652613295,57.60787343827526,1,SHORT,SHORT,0.24141393353541687,0.19287842899788332,0.8970238566398621,80.71215710021167,52.0,True,0.33376350998878473,UNRANKED,False,20,"5,10,20"
2018-01-23,2018-01-24,2018-01-25,GOOGL,XLK,58.763321307092504,58.347614400092645,1,SHORT,SHORT,0.2431956926981608,0.2027139112231863,0.9278546571731567,79.72860887768137,52.0,True,0.38380569219589233,UNRANKED,False,20,"5,10,20"
2018-01-24,2018-01-25,2018-01-26,GOOGL,XLK,58.551573334730485,58.18343679254647,1,SHORT,SHORT,0.26140472292900085,0.2196928730514595,0.8755265871683756,78.03071269485406,52.0,True,0.5046133746703467,UNRANKED,False,20,"5,10,20"
2018-01-25,2018-01-26,2018-01-29,GOOGL,XLK,58.88977516753866,58.49822537593012,1,SHORT,SHORT,0.24836301058530805,0.20640784889687014,0.9054944117863973,79.35921511031299,52.0,True,0.4880944738785425,UNRANKED,False,20,"5,10,20"
2018-01-26,2018-01-29,2018-01-30,GOOGL,XLK,58.91308855982993,59.81129104723053,1,SHORT,SHORT,0.25175029039382935,0.2094696202896924,0.8710824847221375,79.05303797103076,52.0,True,0.4167687197526295,UNRANKED,False,20,"5,10,20"
2018-01-29,2018-01-30,2018-01-31,GOOGL,XLK,58.40329891610791,58.054078095272246,1,SHORT,SHORT,0.27356666326522827,0.21970294035040516,0.85919721921285,78.02970596495949,52.0,True,0.4278475642204283,UNRANKED,False,20,"5,10,20"
2018-01-30,2018-01-31,2018-02-01,GOOGL,XLK,58.70530002463101,58.3288398130134,1,SHORT,SHORT,0.299366682767868,0.2187841564446719,0.8853248755137125,78.12158435553282,52.0,True,0.5674798836310704,UNRANKED,False,20,"5,10,20"
2018-01-31,2018-02-01,2018-02-02,GOOGL,XLK,58.31750366291617,59.27813639585248,1,SHORT,SHORT,0.28045279284318286,0.21313368690043136,0.764983614285787,78.68663130995687,52.0,True,0.4825747559467952,UNRANKED,False,20,"5,10,20"
2018-02-01,2018-02-02,2018-02-05,GOOGL,XLK,55.908911977935325,56.85820961042521,1,SHORT,SHORT,0.2949575583140055,0.21136725247204616,0.7194566329320272,78.86327475279539,52.0,True,0.3981478859980901,UNRANKED,False,20,"5,10,20"
2018-02-02,2018-02-05,2018-02-06,GOOGL,XLK,54.57940513316768,55.916480366627155,1,SHORT,SHORT,0.2850216676791509,0.21443368113600392,0.9111837148666382,78.55663188639961,52.0,True,0.5457378625869752,UNRANKED,False,20,"5,10,20"
2018-02-05,2018-02-06,2018-02-07,GOOGL,XLK,51.27520588377887,50.53932353340219,1,SHORT,SHORT,0.2766317625840505,0.21107002397676625,0.9597739775975546,78.89299760232338,52.0,True,0.6586156636476516,UNRANKED,False,20,"5,10,20"
2018-02-06,2018-02-07,2018-02-08,GOOGL,XLK,53.803813916102946,55.76430468780531,1,SHORT,SHORT,0.27100403110186255,0.20058202938762779,0.9272934397061666,79.94179706123722,52.0,True,0.2992643018563587,UNRANKED,False,20,"5,10,20"
2018-02-07,2018-02-08,2018-02-09,GOOGL,XLK,52.55910434558178,51.68320216967846,1,SHORT,SHORT,0.20159480224053064,0.16409918495842643,0.9333352247873942,83.59008150415735,52.0,True,0.39400327205657965,UNRANKED,False,20,"5,10,20"
2018-02-08,2018-02-09,2018-02-12,GOOGL,XLK,50.87352667351269,49.85533628960156,1,SHORT,SHORT,0.22115467488765714,0.17680829334792159,0.9572245677312216,82.31917066520784,52.0,True,-0.12852184474468228,UNRANKED,False,20,"5,10,20"
2018-02-09,2018-02-12,2018-02-13,GOOGL,XLK,52.40041847621347,51.318824281528755,1,SHORT,SHORT,0.23123542964458466,0.1773226522655732,0.9322659770647684,82.26773477344268,52.0,True,-0.2717615316311518,UNRANKED,False,20,"5,10,20"
2018-02-12,2018-02-13,2018-02-14,GOOGL,XLK,52.069644225040435,51.00122626718957,1,SHORT,SHORT,0.2689865926901499,0.20318581041549985,0.9502182404200236,79.68141895845001,52.0,True,0.4629919578631719,UNRANKED,False,20,"5,10,20"
2018-02-13,2018-02-14,2018-02-15,GOOGL,XLK,52.28386999116472,51.23124978460432,1,SHORT,SHORT,0.22845722983280814,0.18254851786876192,0.9616960684458414,81.74514821312381,52.0,True,0.15586124857266737,UNRANKED,False,20,"5,10,20"
2018-02-14,2018-02-15,2018-02-16,GOOGL,XLK,53.72843882491216,52.648509200627146,1,SHORT,SHORT,0.20988476276397702,0.16752299830794085,0.9788019061088562,83.24770016920591,52.0,True,-0.10424473385016127,UNRANKED,False,20,"5,10,20"
2018-02-15,2018-02-16,2018-02-20,GOOGL,XLK,54.22086633158134,53.09403772919923,1,SHORT,SHORT,0.1949895545840263,0.14701017779512035,0.9843044281005859,85.29898222048796,52.0,True,-0.14947288731733943,UNRANKED,False,20,"5,10,20"
2018-02-16,2018-02-20,2018-02-21,GOOGL,XLK,54.190122977680886,53.0524549130185,1,SHORT,SHORT,0.18104350070158637,0.12961115454130123,0.9826978246370951,87.03888454586988,52.0,True,0.014084443449974032,UNRANKED,False,20,"5,10,20"
2018-02-20,2018-02-21,2018-02-22,GOOGL,XLK,55.00042193417786,53.86636720526114,1,SHORT,SHORT,0.2019240781664848,0.1482364638885143,0.9411031206448873,85.17635361114857,52.0,True,0.7499492267767588,UNRANKED,False,20,"5,10,20"
2018-02-21,2018-02-22,2018-02-23,GOOGL,XLK,55.49979401074562,54.34693091696074,1,SHORT,SHORT,0.23333715647459027,0.17344924976173928,0.9593141078948975,82.65507502382607,52.0,True,0.8401621530453364,UNRANKED,False,20,"5,10,20"
2018-02-22,2018-02-23,2018-02-26,GOOGL,XLK,55.47449948727988,54.310230993627535,1,SHORT,SHORT,0.26899084945519763,0.22610862502234505,0.9633721311887106,77.38913749776549,52.0,True,0.6895063171784083,UNRANKED,False,20,"5,10,20"
2018-02-23,2018-02-26,2018-02-27,GOOGL,XLK,56.12908987357392,55.12138445757573,1,SHORT,SHORT,0.24238556126753485,0.18830019462398995,0.9776554902394613,81.169980537601,52.0,True,0.2505764067173003,UNRANKED,False,20,"5,10,20"
2018-02-26,2018-02-27,2018-02-28,GOOGL,XLK,56.716236236936965,58.87065940566429,1,SHORT,SHORT,0.22811650236447648,0.17760451580082107,0.9769842028617859,82.2395484199179,52.0,True,0.24508329729239134,UNRANKED,False,20,"5,10,20"
2018-02-27,2018-02-28,2018-03-01,GOOGL,XLK,55.64013458167167,57.83131031496547,1,SHORT,SHORT,0.24049098789691922,0.18500462290210704,0.9284716049830118,81.4995377097893,52.0,True,0.7945068031549455,UNRANKED,False,20,"5,10,20"
2018-02-28,2018-03-01,2018-03-02,GOOGL,XLK,55.022244310460025,57.07678167487479,1,SHORT,SHORT,0.23840400079886115,0.17870874615539556,0.85548468430837,82.12912538446045,52.0,True,1.1100269258022308,UNRANKED,False,20,"5,10,20"
2018-03-01,2018-03-02,2018-03-05,GOOGL,XLK,52.465376601770885,51.69736659854474,1,SHORT,SHORT,0.2395784109830856,0.1829876741968537,0.874302089214325,81.70123258031464,52.0,True,0.8923158198595046,UNRANKED,False,20,"5,10,20"
2018-03-02,2018-03-05,2018-03-06,GOOGL,XLK,53.464617792333975,52.78810057824008,1,SHORT,SHORT,0.24075828492641446,0.1803096474412029,0.702081561088562,81.9690352558797,52.0,True,0.8043394088745116,UNRANKED,False,20,"5,10,20"
2018-03-05,2018-03-06,2018-03-07,GOOGL,XLK,54.65328622571274,53.96851700399817,1,SHORT,SHORT,0.3050347516934077,0.19720412214867977,0.6808689634005228,80.27958778513202,52.0,True,0.9168474475542704,UNRANKED,False,20,"5,10,20"
2018-03-06,2018-03-07,2018-03-08,GOOGL,XLK,54.19309379120403,53.48806443983335,1,SHORT,SHORT,0.31287668148676556,0.2170730912608001,0.8467884063720703,78.29269087392,52.0,True,0.6067792922258378,UNRANKED,False,20,"5,10,20"
2018-03-07,2018-03-08,2018-03-09,GOOGL,XLK,55.40210212118872,54.71272828739617,1,SHORT,SHORT,0.26773410538832343,0.19905223699894403,0.8271874189376831,80.0947763001056,52.0,True,0.6121801634629568,UNRANKED,False,20,"5,10,20"
2018-03-08,2018-03-09,2018-03-12,GOOGL,XLK,56.50795689570287,55.83388571999137,1,SHORT,SHORT,0.24633293847242985,0.19244195652519133,0.8309288819630941,80.75580434748086,52.0,True,0.409379094839096,UNRANKED,False,20,"5,10,20"
2018-03-09,2018-03-12,2018-03-13,GOOGL,XLK,57.7749921970881,59.70209823695278,1,SHORT,SHORT,0.23572788635889688,0.17823426818351806,0.8440696199735006,82.1765731816482,52.0,True,0.2705751558144886,UNRANKED,False,20,"5,10,20"
2018-03-12,2018-03-13,2018-03-14,GOOGL,XLK,58.111207579493254,60.01174902127443,1,SHORT,SHORT,0.22321417182683942,0.16565191914383462,0.8360511263211569,83.43480808561654,52.0,True,0.6174888610839844,UNRANKED,False,20,"5,10,20"
2018-03-13,2018-03-14,2018-03-15,GOOGL,XLK,56.82038115055427,56.00398498225419,1,SHORT,SHORT,0.29160212973753613,0.2076347102751366,0.8248083591461182,79.23652897248634,52.0,True,0.8781147251526514,UNRANKED,False,20,"5,10,20"
2018-03-14,2018-03-15,2018-03-16,GOOGL,XLK,57.00733084730267,56.17276309609941,1,SHORT,SHORT,0.26638963321844733,0.18525607582457337,0.7254521747430166,81.47439241754266,52.0,True,1.1695045977830887,UNRANKED,False,20,"5,10,20"
2018-03-15,2018-03-16,2018-03-19,GOOGL,XLK,57.29396517219304,59.234535731013494,1,SHORT,SHORT,0.2501720388730367,0.19735853526210098,0.8783374428749084,80.26414647378989,52.0,True,0.7114890615145365,UNRANKED,False,20,"5,10,20"
2018-03-16,2018-03-19,2018-03-20,GOOGL,XLK,55.42987187779874,57.3755772916171,1,SHORT,SHORT,0.2751889725526174,0.21252615662445073,0.8691790501276652,78.74738433755493,52.0,True,0.5714025944471358,UNRANKED,False,20,"5,10,20"
2018-03-19,2018-03-20,2018-03-21,GOOGL,XLK,54.46980535202091,53.66261977026869,1,SHORT,SHORT,0.3009908397992452,0.21354040424299944,0.8577436407407125,78.64595957570005,52.0,True,0.7718078345060349,UNRANKED,False,20,"5,10,20"
2018-03-20,2018-03-21,2018-03-22,GOOGL,XLK,54.18070083702967,56.116133816068455,1,SHORT,SHORT,0.30743043124675745,0.21322940707477636,0.6756056944529215,78.67705929252237,52.0,True,0.7940433969100317,UNRANKED,False,20,"5,10,20"
2018-03-21,2018-03-22,2018-03-23,GOOGL,XLK,53.557842536859184,55.2213264290275,1,SHORT,SHORT,0.25222606956958765,0.19553861911595724,0.6391892731189728,80.44613808840427,52.0,True,0.9358469694852829,UNRANKED,False,20,"5,10,20"
2018-03-22,2018-03-23,2018-03-26,GOOGL,XLK,52.13757792936037,51.372579084668686,1,SHORT,SHORT,0.24925569693247476,0.20065370687429582,0.8194973866144816,79.93462931257042,52.0,True,1.0051540633042653,UNRANKED,False,20,"5,10,20"
2018-03-23,2018-03-26,2018-03-27,GOOGL,XLK,52.0994032660003,54.15341134116946,1,SHORT,SHORT,0.2292166774471601,0.17904526644165622,0.8355880975723267,82.09547335583439,52.0,True,1.0089680602153142,UNRANKED,False,20,"5,10,20"
2018-03-26,2018-03-27,2018-03-28,GOOGL,XLK,52.75894557229753,55.00246167685947,1,SHORT,SHORT,0.24047479530175522,0.19520599278325304,0.7289909720420837,80.4794007216747,52.0,True,0.16360142827034,UNRANKED,False,20,"5,10,20"
2018-03-27,2018-03-28,2018-03-29,GOOGL,XLK,49.68485388033702,48.67052097279657,1,SHORT,SHORT,0.22094767043987906,0.17993044424590132,0.8401120901107788,82.00695557540986,52.0,True,0.08023490011692051,UNRANKED,False,20,"5,10,20"
2018-03-28,2018-03-29,2018-04-02,GOOGL,XLK,50.14604189126443,49.17626927991887,1,SHORT,SHORT,0.24277689556280768,0.1920090064284933,0.9150859514872233,80.79909935715067,52.0,True,0.672618587811788,UNRANKED,False,20,"5,10,20"
2018-03-29,2018-04-02,2018-04-03,GOOGL,XLK,50.959817615214966,49.98827362194627,1,SHORT,SHORT,0.24544116357962287,0.18178190291272353,0.9232110182444254,81.82180970872764,52.0,True,0.7029904623826345,UNRANKED,False,20,"5,10,20"
2018-04-02,2018-04-03,2018-04-04,GOOGL,XLK,50.39101726128376,49.35068555700781,1,SHORT,SHORT,0.23705640931924185,0.17668171619873108,0.8408405184745789,82.3318283801269,52.0,True,0.7651761770248414,UNRANKED,False,20,"5,10,20"
2018-04-03,2018-04-04,2018-04-05,GOOGL,XLK,49.50236245886498,48.53276832085577,1,SHORT,SHORT,0.25777969757715863,0.1856229926396097,0.8363553086916605,81.43770073603903,52.0,True,0.987382729848226,UNRANKED,False,20,"5,10,20"
2018-04-04,2018-04-05,2018-04-06,GOOGL,XLK,51.89061982966776,54.332758365303576,1,SHORT,SHORT,0.25618558625380194,0.1845761487915789,0.8564561605453491,81.54238512084211,52.0,True,0.7622190664211909,UNRANKED,False,20,"5,10,20"
2018-04-05,2018-04-06,2018-04-09,GOOGL,XLK,50.735676410509384,49.75453491139876,1,SHORT,SHORT,0.21481547753016153,0.17018611979756557,0.9636658231417338,82.98138802024344,52.0,True,0.06399575372536967,UNRANKED,False,20,"5,10,20"
2018-04-06,2018-04-09,2018-04-10,GOOGL,XLK,50.58392096488634,49.579756132907406,1,SHORT,SHORT,0.21562197307745612,0.1599000111520833,0.8748618761698405,84.00999888479167,52.0,True,0.9380838970343272,UNRANKED,False,20,"5,10,20"
2018-04-09,2018-04-10,2018-04-11,GOOGL,XLK,51.090734279213066,50.17232547663564,1,SHORT,SHORT,0.24676605065663657,0.1856229926396097,0.9144680500030518,81.43770073603903,52.0,True,0.7975698461135229,UNRANKED,False,20,"5,10,20"
2018-04-10,2018-04-11,2018-04-12,GOOGL,XLK,51.177026197797105,50.21561567533617,1,SHORT,SHORT,0.20973714689413706,0.16298416821695033,0.795735756556193,83.70158317830496,52.0,True,0.8361542274554571,UNRANKED,False,20,"5,10,20"
2018-04-11,2018-04-12,2018-04-13,GOOGL,XLK,51.15074654456522,50.15518984944455,1,SHORT,SHORT,0.22999819119771317,0.1748797521668504,0.8645392656326294,82.51202478331496,52.0,True,0.8118594288825989,UNRANKED,False,20,"5,10,20"
2018-04-12,2018-04-13,2018-04-16,GOOGL,XLK,51.91541758840648,51.02123756303329,1,SHORT,SHORT,0.2055861999591191,0.17028060266444575,0.888461192448934,82.97193973355542,52.0,True,0.2662664999564488,UNRANKED,False,20,"5,10,20"
2018-04-13,2018-04-16,2018-04-17,GOOGL,XLK,51.8489726768016,51.04458599292883,1,SHORT,SHORT,0.21624871591726935,0.18753930637309443,0.9089651306470236,81.24606936269055,52.0,True,0.1956519981225331,UNRANKED,False,20,"5,10,20"
2018-04-16,2018-04-17,2018-04-18,GOOGL,XLK,52.625054032184096,51.88258424458644,1,SHORT,SHORT,0.2413431604703267,0.19335911306256517,0.9319698413213094,80.66408869374348,52.0,True,0.23597741127014152,UNRANKED,False,20,"5,10,20"
2018-04-17,2018-04-18,2018-04-19,GOOGL,XLK,53.508255223465056,52.81498685624267,1,SHORT,SHORT,0.2627077500025431,0.1965147169089633,0.9476153453191122,80.34852830910367,52.0,True,0.1729165812333425,UNRANKED,False,20,"5,10,20"
2018-04-18,2018-04-19,2018-04-20,GOOGL,XLK,53.012848144162085,52.31175201815064,1,SHORT,SHORT,0.20947281519571936,0.16612326493093282,0.935442050298055,83.38767350690672,52.0,True,0.5817117939392725,UNRANKED,False,20,"5,10,20"
2018-04-19,2018-04-20,2018-04-23,GOOGL,XLK,53.76909739769455,53.13140589989182,1,SHORT,SHORT,0.2276769454280535,0.18177313000191164,0.8714960614840189,81.82268699980884,52.0,True,0.6456152747074764,UNRANKED,False,20,"5,10,20"
2018-04-20,2018-04-23,2018-04-24,GOOGL,XLK,53.70512676619585,55.18972656085615,1,SHORT,SHORT,0.2224769666790962,0.1912718360501262,0.8667266170183817,80.87281639498738,52.0,True,0.4304910600185394,UNRANKED,False,20,"5,10,20"
2018-04-23,2018-04-24,2018-04-25,GOOGL,XLK,52.52587867655048,53.98798606245833,1,SHORT,SHORT,0.2563646584749222,0.21437333473341988,0.8885263601938883,78.562666526658,52.0,True,0.4277921815713246,UNRANKED,False,20,"5,10,20"
2018-04-24,2018-04-25,2018-04-26,GOOGL,XLK,51.06544376987916,50.338419419031645,1,SHORT,SHORT,0.27036072313785553,0.2144296420488916,0.8533803423245748,78.55703579511083,52.0,True,0.4834901938835781,UNRANKED,False,20,"5,10,20"
2018-04-25,2018-04-26,2018-04-27,GOOGL,XLK,51.23751494841889,50.51962924982793,1,SHORT,SHORT,0.27349969744682306,0.21209628908576192,0.8648269176483154,78.79037109142381,52.0,True,0.4778108249107997,UNRANKED,False,20,"5,10,20"
2018-04-26,2018-04-27,2018-04-30,GOOGL,XLK,51.84846920402665,53.62219716597559,1,SHORT,SHORT,0.24511034786701202,0.19644643497978118,0.7764686743418375,80.35535650202188,52.0,True,0.44785245756308223,UNRANKED,False,20,"5,10,20"
2018-04-27,2018-04-30,2018-05-01,GOOGL,XLK,51.29703568793298,50.581451341706696,1,SHORT,SHORT,0.2097266763448715,0.16910198718536806,0.8938121795654297,83.0898012814632,52.0,True,0.49187568326791137,UNRANKED,False,20,"5,10,20"
2018-04-30,2018-05-01,2018-05-02,GOOGL,XLK,50.3984564742984,49.69541212789773,1,SHORT,SHORT,0.22416536261638,0.18239448632279778,0.7798153559366862,81.76055136772023,52.0,True,0.5611518025398254,UNRANKED,False,20,"5,10,20"
2018-05-01,2018-05-02,2018-05-03,GOOGL,XLK,51.27619866007237,50.535147122422394,1,SHORT,SHORT,0.2805558095375697,0.21262497008145173,0.7169222633043925,78.73750299185483,52.0,True,0.5346087763706843,UNRANKED,False,20,"5,10,20"
2018-05-02,2018-05-03,2018-05-04,GOOGL,XLK,50.8482395802044,50.09843876189734,1,SHORT,SHORT,0.264482170343399,0.2141173221355214,0.6825800935427347,78.58826778644786,52.0,True,0.5843319694201151,UNRANKED,False,20,"5,10,20"
2018-05-03,2018-05-04,2018-05-07,GOOGL,XLK,50.56259783900899,49.81633978454819,1,SHORT,SHORT,0.27617068588733673,0.21353833178977488,0.6719614863395691,78.64616682102252,52.0,True,0.6126435448726019,UNRANKED,False,20,"5,10,20"
2018-05-04,2018-05-07,2018-05-08,GOOGL,XLK,52.26254829014382,51.464433786010865,1,SHORT,SHORT,0.282010868191719,0.2194003573712029,0.6963692506154379,78.05996426287972,52.0,True,0.3846983859936397,UNRANKED,False,20,"5,10,20"
2018-05-07,2018-05-08,2018-05-09,GOOGL,XLK,52.79465149922729,52.08438184372715,1,SHORT,SHORT,0.24293812612692514,0.18889209120059483,0.7514131863911947,81.11079087994052,52.0,True,0.5451535681883495,UNRANKED,False,20,"5,10,20"
2018-05-08,2018-05-09,2018-05-10,GOOGL,XLK,52.768871028972896,52.069581979551856,1,SHORT,SHORT,0.24369476487239197,0.1990313081799395,0.7445581158002218,80.09686918200605,52.0,True,0.5469434360663096,UNRANKED,False,20,"5,10,20"
2018-05-09,2018-05-10,2018-05-11,GOOGL,XLK,54.30120435903891,53.544177959154005,1,SHORT,SHORT,0.25108821193377173,0.188965731978709,0.7110798557599386,81.10342680212909,52.0,True,0.3729084283113479,UNRANKED,False,20,"5,10,20"
2018-05-10,2018-05-11,2018-05-14,GOOGL,XLK,54.56948509726962,53.79690862893815,1,SHORT,SHORT,0.21362084647019705,0.16070455700386477,0.825032373269399,83.92954429961353,52.0,True,0.4293607821067174,UNRANKED,False,20,"5,10,20"
2018-05-11,2018-05-14,2018-05-15,GOOGL,XLK,54.8253695323145,56.74423650728136,1,SHORT,SHORT,0.2246218969424565,0.19015973517367732,0.9152424931526184,80.98402648263226,52.0,True,0.42898901800314587,UNRANKED,False,20,"5,10,20"
2018-05-14,2018-05-15,2018-05-16,GOOGL,XLK,54.39542566367748,55.88967868600763,1,SHORT,SHORT,0.2624603559573491,0.21075708322937592,0.8207748730977377,78.92429167706241,52.0,True,0.6524737824996312,UNRANKED,False,20,"5,10,20"
2018-05-15,2018-05-16,2018-05-17,GOOGL,XLK,53.80976314670501,53.13633038782876,1,SHORT,SHORT,0.2641045699516931,0.20496885391105657,0.8245126406351725,79.50311460889435,52.0,True,0.5778010586897532,UNRANKED,False,20,"5,10,20"
2018-05-16,2018-05-17,2018-05-18,GOOGL,XLK,53.62975123129193,53.025531249689664,1,SHORT,SHORT,0.25558495521545405,0.20649944377456572,0.8613391319910685,79.35005562254342,52.0,True,0.6436768472194673,UNRANKED,False,20,"5,10,20"
2018-05-17,2018-05-18,2018-05-21,GOOGL,XLK,52.863087042623874,52.29085275263713,1,SHORT,SHORT,0.24901521454254782,0.20634164858636583,0.8040881951649984,79.36583514136342,52.0,True,0.6536447654167811,UNRANKED,False,20,"5,10,20"
2018-05-18,2018-05-21,2018-05-22,GOOGL,XLK,53.50776019100628,52.93995285719629,1,SHORT,SHORT,0.2393906240661939,0.18434908931448787,0.7816186547279358,81.56509106855121,52.0,True,0.6776032149791718,UNRANKED,False,20,"5,10,20"
2018-05-21,2018-05-22,2018-05-23,GOOGL,XLK,54.0433316768412,53.503152560455874,1,SHORT,SHORT,0.27857359995444614,0.2251852972139151,0.6894655227661133,77.48147027860848,52.0,True,0.6330402642488481,UNRANKED,False,20,"5,10,20"
2018-05-22,2018-05-23,2018-05-24,GOOGL,XLK,53.061450116078554,52.54252376807353,1,SHORT,SHORT,0.28794882694880164,0.23541203257007579,0.6932255824406942,76.45879674299242,52.0,True,0.6250244677066803,UNRANKED,False,20,"5,10,20"
2018-05-23,2018-05-24,2018-05-25,GOOGL,XLK,53.89952164864626,53.34375649666872,1,SHORT,SHORT,0.314630056420962,0.2378925114899905,0.7564171353975931,76.21074885100096,52.0,True,0.44137695431709273,UNRANKED,False,20,"5,10,20"
2018-05-24,2018-05-25,2018-05-29,GOOGL,XLK,53.882162527365246,55.057364488337626,1,SHORT,SHORT,0.31650076309839886,0.2400666505128177,0.764342188835144,75.99333494871823,52.0,True,0.5134467631578445,UNRANKED,False,20,"5,10,20"
2018-05-25,2018-05-29,2018-05-30,GOOGL,XLK,53.35898580610255,52.914018808683466,1,SHORT,SHORT,0.32842266559600825,0.24706972833998475,0.766004224618276,75.29302716600152,52.0,True,0.3764635225137074,UNRANKED,False,20,"5,10,20"
2018-05-29,2018-05-30,2018-05-31,GOOGL,XLK,53.234022894047186,52.735427520076065,1,SHORT,SHORT,0.33865950504938763,0.22665412067593071,0.7619641423225403,77.33458793240693,52.0,True,0.5861101150512696,UNRANKED,False,20,"5,10,20"
2018-05-30,2018-05-31,2018-06-01,GOOGL,XLK,53.65652836749955,53.23217626658228,1,SHORT,SHORT,0.32238617042700446,0.22415523648532934,0.6283454696337382,77.58447635146707,52.0,True,0.5905369122823078,UNRANKED,False,20,"5,10,20"
2018-05-31,2018-06-01,2018-06-04,GOOGL,XLK,55.18737684111706,54.74173654963059,1,SHORT,SHORT,0.3216908971468607,0.2279559989425289,0.5552926063537598,77.20440010574711,52.0,True,0.6069146543741226,UNRANKED,False,20,"5,10,20"
2018-06-01,2018-06-04,2018-06-05,GOOGL,XLK,56.45837105864911,55.89615879581429,1,SHORT,SHORT,0.30208004514376324,0.22797726889749684,0.8699394464492798,77.20227311025032,52.0,True,0.4121168553829193,UNRANKED,False,20,"5,10,20"
2018-06-04,2018-06-05,2018-06-06,GOOGL,XLK,57.25974998898025,56.64504313211641,1,SHORT,SHORT,0.253165860970815,0.2000592135714054,0.8880383769671122,79.99407864285945,52.0,True,0.1697124540805817,UNRANKED,False,20,"5,10,20"
2018-06-05,2018-06-06,2018-06-07,GOOGL,XLK,57.16601819840487,58.528245910763616,1,SHORT,SHORT,0.27127802123626066,0.20474200821772556,0.9355454643567404,79.52579917822744,52.0,True,0.4638259510199228,UNRANKED,False,20,"5,10,20"
2018-06-06,2018-06-07,2018-06-08,GOOGL,XLK,56.75987768476072,58.15123946628974,1,SHORT,SHORT,0.23986518879731492,0.1869251115447839,0.9395257234573364,81.30748884552162,52.0,True,0.22107729812463117,UNRANKED,False,20,"5,10,20"
2018-06-07,2018-06-08,2018-06-11,GOOGL,XLK,56.09685961323271,55.505956194827995,1,SHORT,SHORT,0.2695588618516922,0.21511635352913436,0.9261253277460734,78.48836464708656,52.0,True,0.46594954530398053,UNRANKED,False,20,"5,10,20"
2018-06-08,2018-06-11,2018-06-12,GOOGL,XLK,56.182648642397005,55.62684806823057,1,SHORT,SHORT,0.2486371944348017,0.20605107536145958,0.9352206190427145,79.39489246385403,52.0,True,0.5533039867877959,UNRANKED,False,20,"5,10,20"
2018-06-11,2018-06-12,2018-06-13,GOOGL,XLK,56.58334486784964,56.04943520642037,1,SHORT,SHORT,0.2568038081129392,0.2143027821205945,0.9353394309679667,78.56972178794055,52.0,True,0.30173863967259723,UNRANKED,False,20,"5,10,20"
2018-06-12,2018-06-13,2018-06-14,GOOGL,XLK,57.14172396484692,56.612808287095106,1,SHORT,SHORT,0.2715736776590347,0.22156086016473497,0.8937963048617045,77.8439139835265,52.0,True,0.4398095707098644,UNRANKED,False,20,"5,10,20"
2018-06-13,2018-06-14,2018-06-15,GOOGL,XLK,57.13825529447141,56.633036516133664,1,SHORT,SHORT,0.2733745301763216,0.23301184623218898,0.8330913384755453,76.6988153767811,52.0,True,0.46563718716303515,UNRANKED,False,20,"5,10,20"
2018-06-14,2018-06-15,2018-06-18,GOOGL,XLK,57.5205961930708,56.9609346003148,1,SHORT,SHORT,0.27668196956316626,0.23110462713822197,0.8961681922276815,76.8895372861778,52.0,True,0.35903379321098333,UNRANKED,False,20,"5,10,20"
2018-06-15,2018-06-18,2018-06-19,GOOGL,XLK,57.162051906971335,56.60426796270515,1,SHORT,SHORT,0.28537444770336146,0.229215588495279,0.9059008161226908,77.0784411504721,52.0,True,0.4283069421847661,UNRANKED,False,20,"5,10,20"
2018-06-18,2018-06-19,2018-06-20,GOOGL,XLK,58.025916529943856,57.438733258808256,1,SHORT,SHORT,0.2631186867753664,0.22144300449956944,0.9366479913393656,77.85569955004306,52.0,True,0.5983607222636541,UNRANKED,False,20,"5,10,20"
2018-06-19,2018-06-20,2018-06-21,GOOGL,XLK,58.68000689423033,60.10802587289418,1,SHORT,SHORT,0.2897896269957224,0.23457927731963304,0.8992027441660563,76.5420722680367,52.0,True,0.447883943716685,UNRANKED,False,20,"5,10,20"
2018-06-20,2018-06-21,2018-06-22,GOOGL,XLK,58.7896056767175,60.06575406408148,1,SHORT,SHORT,0.2992179244756698,0.23845841896563222,0.890197217464447,76.15415810343677,52.0,True,0.3196102877457937,UNRANKED,False,20,"5,10,20"
2018-06-21,2018-06-22,2018-06-25,GOOGL,XLK,58.09434746649397,59.190111081693466,1,SHORT,SHORT,0.2907356967528661,0.22697906991144337,0.8686608076095581,77.30209300885566,52.0,True,0.5335333744684856,UNRANKED,False,20,"5,10,20"
2018-06-22,2018-06-25,2018-06-26,GOOGL,XLK,57.27660748631316,58.21394876765907,1,SHORT,SHORT,0.29659497737884516,0.22101383603143168,0.8771487275759379,77.89861639685684,52.0,True,0.4135762055714925,UNRANKED,False,20,"5,10,20"
2018-06-25,2018-06-26,2018-06-27,GOOGL,XLK,56.73806097837221,57.92326357694399,1,SHORT,SHORT,0.3153945555289586,0.21373740136921723,0.94181227684021,78.62625986307827,52.0,True,0.7024545421202978,UNRANKED,False,20,"5,10,20"
2018-06-26,2018-06-27,2018-06-28,GOOGL,XLK,56.334400794794554,55.85114595339877,1,SHORT,SHORT,0.2767599523067474,0.21262328204368888,0.8786223928133646,78.73767179563112,52.0,True,0.4684540877739589,UNRANKED,False,20,"5,10,20"
2018-06-27,2018-06-28,2018-06-29,GOOGL,XLK,55.16357460022306,54.669162041803695,1,SHORT,SHORT,0.2786132072408994,0.2113399245029225,0.9136398434638977,78.86600754970775,52.0,True,0.7795476714770001,UNRANKED,False,20,"5,10,20"
2018-06-28,2018-06-29,2018-07-02,GOOGL,XLK,56.15141593077127,55.62820567773695,1,SHORT,SHORT,0.2525569846232732,0.1955417201719161,0.895884096622467,80.4458279828084,52.0,True,0.4054441750049591,UNRANKED,False,20,"5,10,20"
2018-06-29,2018-07-02,2018-07-03,GOOGL,XLK,55.31036062491598,54.807623579627894,1,SHORT,SHORT,0.26776213447252906,0.21533232049706755,0.8655087351799011,78.46676795029325,52.0,True,0.4184665928284326,UNRANKED,False,20,"5,10,20"
2018-07-02,2018-07-03,2018-07-05,GOOGL,XLK,56.99990226522795,56.477224162462186,1,SHORT,SHORT,0.24848951896031699,0.19748411950325315,0.9545297821362814,80.25158804967468,52.0,True,0.38680043319861096,UNRANKED,False,20,"5,10,20"
2018-07-03,2018-07-05,2018-07-06,GOOGL,XLK,55.76907048507362,55.16892650749968,1,SHORT,SHORT,0.28093553086121875,0.22398004310186048,0.847737193107605,77.60199568981395,52.0,True,0.6312324355045954,UNRANKED,False,20,"5,10,20"
2018-07-05,2018-07-06,2018-07-09,GOOGL,XLK,56.62053323618329,55.98804989006164,1,SHORT,SHORT,0.27227977166573203,0.22004655119342784,0.8829569220542908,77.99534488065721,52.0,True,0.5013698587814966,UNRANKED,False,20,"5,10,20"
2018-07-06,2018-07-09,2018-07-10,GOOGL,XLK,57.5245597123931,56.84620517660906,1,SHORT,SHORT,0.24011368056138357,0.18490205266092982,0.9562215407689413,81.50979473390701,52.0,True,0.2880310366551081,UNRANKED,False,20,"5,10,20"
2018-07-09,2018-07-10,2018-07-11,GOOGL,XLK,58.019965299848046,57.38450594490246,1,SHORT,SHORT,0.25762602190176637,0.19744759179011326,0.94546510775884,80.25524082098867,52.0,True,0.4496233214934667,UNRANKED,False,20,"5,10,20"
2018-07-10,2018-07-11,2018-07-12,GOOGL,XLK,57.30735736449312,56.688723004315946,1,SHORT,SHORT,0.22733200838168455,0.18708756730437026,0.8828493158022562,81.29124326956297,52.0,True,0.36312630275885255,UNRANKED,False,20,"5,10,20"
2018-07-11,2018-07-12,2018-07-13,GOOGL,XLK,58.26146886839573,57.64658817032792,1,SHORT,SHORT,0.29528282086054486,0.2343482404977115,0.7642492055892944,76.56517595022885,52.0,True,0.6455699354410172,UNRANKED,False,20,"5,10,20"
2018-07-12,2018-07-13,2018-07-16,GOOGL,XLK,59.64701485095016,58.978399782242015,1,SHORT,SHORT,0.3308053116003672,0.24408426054450472,0.7876486976941427,75.59157394554953,52.0,True,0.5764052172501882,UNRANKED,False,20,"5,10,20"
2018-07-13,2018-07-16,2018-07-17,GOOGL,XLK,59.69710800401507,59.017831401406255,1,SHORT,SHORT,0.26628420005242026,0.2205738175768104,0.8064780831336975,77.94261824231896,52.0,True,0.5472875187794368,UNRANKED,False,20,"5,10,20"
2018-07-16,2018-07-17,2018-07-18,GOOGL,XLK,58.65224377865796,58.051249123593784,1,SHORT,SHORT,0.2645971775054931,0.21612915561079726,0.8006503383318583,78.38708443892027,52.0,True,0.5721115718285242,UNRANKED,False,20,"5,10,20"
2018-07-17,2018-07-18,2018-07-19,GOOGL,XLK,59.93116989766514,59.295072670841066,1,SHORT,SHORT,0.29414647817611694,0.23762997107270536,0.86814812819163,76.23700289272946,52.0,True,0.4769569287697473,UNRANKED,False,20,"5,10,20"
2018-07-18,2018-07-19,2018-07-20,GOOGL,XLK,59.83794332123069,59.256784546991014,1,SHORT,SHORT,0.2765292624632517,0.22488931449765429,0.8881767392158508,77.51106855023457,52.0,True,0.4699599593877792,UNRANKED,False,20,"5,10,20"
2018-07-19,2018-07-20,2018-07-23,GOOGL,XLK,59.47047758336647,58.87525647261381,1,SHORT,SHORT,0.2721690585215886,0.22410809446153368,0.8598665992418925,77.58919055384663,52.0,True,0.5280356605847677,UNRANKED,False,20,"5,10,20"
2018-07-20,2018-07-23,2018-07-24,GOOGL,XLK,59.29294649496772,58.70194035221521,1,SHORT,SHORT,0.2875782052675883,0.21858019880937393,0.854068656762441,78.14198011906261,52.0,True,0.6582933564980825,UNRANKED,False,20,"5,10,20"
2018-07-23,2018-07-24,2018-07-25,GOOGL,XLK,63.02906557438447,62.437350442897305,1,SHORT,SHORT,0.30981732904911036,0.23810902544117574,0.8583326935768127,76.18909745588243,52.0,True,0.5636415133873621,UNRANKED,False,20,"5,10,20"
2018-07-24,2018-07-25,2018-07-26,GOOGL,XLK,62.11760161018107,61.45036718940471,1,SHORT,SHORT,0.32545326153437293,0.2531302690161017,0.8345877726872762,74.68697309838983,52.0,True,0.709580346941948,UNRANKED,False,20,"5,10,20"
2018-07-25,2018-07-26,2018-07-27,GOOGL,XLK,62.839627727838064,64.44377877241116,1,SHORT,SHORT,0.28670577704906464,0.23425413656815364,0.8643308480580648,76.57458634318463,52.0,True,0.5730495502551397,UNRANKED,False,20,"5,10,20"
2018-07-26,2018-07-27,2018-07-30,GOOGL,XLK,63.92764032936621,65.49433172798682,1,SHORT,SHORT,0.2705691133936246,0.21557581482345622,0.911552349726359,78.44241851765437,52.0,True,0.5728349586327872,UNRANKED,False,20,"5,10,20"
2018-07-27,2018-07-30,2018-07-31,GOOGL,XLK,61.742207747756254,63.48963745923435,1,SHORT,SHORT,0.2697853048642476,0.2135903333126975,0.930074413617452,78.64096666873024,52.0,True,0.686361700296402,UNRANKED,False,20,"5,10,20"
2018-07-30,2018-07-31,2018-08-01,GOOGL,XLK,61.080675474787085,60.30126170656373,1,SHORT,SHORT,0.30204704900582624,0.22130689220157737,0.9394686818122864,77.86931077984227,52.0,True,0.7413152307271957,UNRANKED,False,20,"5,10,20"
2018-07-31,2018-08-01,2018-08-02,GOOGL,XLK,61.44763353400371,60.673533639071366,1,SHORT,SHORT,0.25425658871730167,0.20216659873469564,0.8887843489646912,79.78334012653043,52.0,True,0.43112290402253467,UNRANKED,False,20,"5,10,20"
2018-08-01,2018-08-02,2018-08-03,GOOGL,XLK,60.42557700645674,59.73659526904742,1,SHORT,SHORT,0.2725069845716158,0.22332894183054908,0.8907473683357239,77.6671058169451,52.0,True,0.43727169930934906,UNRANKED,False,20,"5,10,20"
2018-08-02,2018-08-03,2018-08-06,GOOGL,XLK,61.74864867459752,61.0420272320752,1,SHORT,SHORT,0.2633697738250096,0.2031952849682488,0.9336262543996176,79.68047150317513,52.0,True,0.40600635111331945,UNRANKED,False,20,"5,10,20"
2018-08-03,2018-08-06,2018-08-07,GOOGL,XLK,61.57160822349324,60.88248506980672,1,SHORT,SHORT,0.26987630128860474,0.20661561986108937,0.9323662320772806,79.33843801389106,52.0,True,0.7328232179085413,UNRANKED,False,20,"5,10,20"
2018-08-06,2018-08-07,2018-08-08,GOOGL,XLK,62.08735086996037,61.45518468866852,1,SHORT,SHORT,0.24889235695203146,0.20103912998017992,0.9293716152509054,79.89608700198201,52.0,True,0.42516056696573884,UNRANKED,False,20,"5,10,20"
2018-08-07,2018-08-08,2018-08-09,GOOGL,XLK,62.32091643734452,61.62499086099826,1,SHORT,SHORT,0.2906278272469838,0.20535273651580332,0.8564915060997009,79.46472634841967,52.0,True,0.6085843394200007,UNRANKED,False,20,"5,10,20"
2018-08-08,2018-08-09,2018-08-10,GOOGL,XLK,62.61895322230275,61.95249836216045,1,SHORT,SHORT,0.3011429111162821,0.22860388259391304,0.8536707162857056,77.1396117406087,52.0,True,0.5747230102618536,UNRANKED,False,20,"5,10,20"
2018-08-09,2018-08-10,2018-08-13,GOOGL,XLK,62.44291060517788,61.769690924391746,1,SHORT,SHORT,0.29400732119878126,0.23358864883880134,0.8964994748433431,76.64113511611987,52.0,True,0.47612312436103826,UNRANKED,False,20,"5,10,20"
2018-08-10,2018-08-13,2018-08-14,GOOGL,XLK,62.047183771312895,61.378108759105864,1,SHORT,SHORT,0.3053627808888753,0.21380821148417126,0.9330575466156006,78.61917885158287,52.0,True,0.5893477002779643,UNRANKED,False,20,"5,10,20"
2018-08-13,2018-08-14,2018-08-15,GOOGL,XLK,62.11164848408736,63.40107474271947,1,SHORT,SHORT,0.31548008322715754,0.21579760480058788,0.9592351913452148,78.42023951994122,52.0,True,0.5732516994078953,UNRANKED,False,20,"5,10,20"
2018-08-14,2018-08-15,2018-08-16,GOOGL,XLK,61.70401855503376,62.92003368957268,1,SHORT,SHORT,0.30651222169399256,0.2193020772961051,0.8991795380910238,78.0697922703895,52.0,True,0.5744055459896723,UNRANKED,False,20,"5,10,20"
2018-08-15,2018-08-16,2018-08-17,GOOGL,XLK,61.59045622905311,62.95134675378107,1,SHORT,SHORT,0.27407381931940716,0.2131263842215172,0.8729524413744608,78.68736157784828,52.0,True,0.5578538825114568,UNRANKED,False,20,"5,10,20"
2018-08-16,2018-08-17,2018-08-20,GOOGL,XLK,60.60113881029024,60.14338794489891,1,SHORT,SHORT,0.28911137084166205,0.22328674909038523,0.907965083916982,77.67132509096147,52.0,True,0.4764569749434789,UNRANKED,False,20,"5,10,20"
2018-08-17,2018-08-20,2018-08-21,GOOGL,XLK,60.5326980557905,60.12680418502808,1,SHORT,SHORT,0.2930366098880768,0.2220756044020287,0.9010096391042074,77.79243955979713,52.0,True,0.40972914298375446,UNRANKED,False,20,"5,10,20"
2018-08-20,2018-08-21,2018-08-22,GOOGL,XLK,60.64972776796793,60.23221596420468,1,SHORT,SHORT,0.24277135978142417,0.19617672474944314,0.9197805722554525,80.38232752505569,52.0,True,0.34731525182724,UNRANKED,False,20,"5,10,20"
2018-08-21,2018-08-22,2018-08-23,GOOGL,XLK,60.213340923470824,59.800184959028165,1,SHORT,SHORT,0.2670436352491378,0.20979446399502266,0.8753905097643534,79.02055360049773,52.0,True,0.5751112947861353,UNRANKED,False,20,"5,10,20"
2018-08-22,2018-08-23,2018-08-24,GOOGL,XLK,60.49402055406893,60.09432365901452,1,SHORT,SHORT,0.26965059340000147,0.2189980767994355,0.9159015218416849,78.10019232005645,52.0,True,0.534278263648351,UNRANKED,False,20,"5,10,20"
2018-08-23,2018-08-24,2018-08-27,GOOGL,XLK,60.79750451927134,60.40623701526046,1,SHORT,SHORT,0.2899588694175084,0.22633573711216762,0.929817279179891,77.36642628878325,52.0,True,0.5217780470848083,UNRANKED,False,20,"5,10,20"
2018-08-24,2018-08-27,2018-08-28,GOOGL,XLK,61.697075946101634,61.25232284420781,1,SHORT,SHORT,0.29091115295886993,0.22238574723701,0.9682284792264303,77.76142527629901,52.0,True,0.43706813454627974,UNRANKED,False,20,"5,10,20"
2018-08-27,2018-08-28,2018-08-29,GOOGL,XLK,62.28025544041016,61.83072088797224,1,SHORT,SHORT,0.3161402742067973,0.23672945599059578,0.9274741013844808,76.32705440094043,52.0,True,0.5711663862069449,UNRANKED,False,20,"5,10,20"
2018-08-28,2018-08-29,2018-08-30,GOOGL,XLK,62.23562172946219,61.76865973256627,1,SHORT,SHORT,0.32395052413145703,0.2425596932225175,0.9187259872754415,75.74403067774826,52.0,True,0.3713390876849494,UNRANKED,False,20,"5,10,20"
2018-08-29,2018-08-30,2018-08-31,GOOGL,XLK,62.65217709910716,63.95825723608749,1,SHORT,SHORT,0.3399737427632014,0.24012991953027843,0.9175129135449728,75.98700804697216,52.0,True,0.37732849021752685,UNRANKED,False,20,"5,10,20"
2018-08-30,2018-08-31,2018-09-04,GOOGL,XLK,62.09727138257301,63.38794354857992,1,SHORT,SHORT,0.3486049473285675,0.24483676918479402,0.9446616172790527,75.5163230815206,52.0,True,0.3727383613586426,UNRANKED,False,20,"5,10,20"
2018-08-31,2018-09-04,2018-09-05,GOOGL,XLK,60.62493731993848,62.08182402015995,1,SHORT,SHORT,0.32598454256852466,0.24390952981042338,0.9307540853818258,75.60904701895767,52.0,True,0.3114436119794846,UNRANKED,False,20,"5,10,20"
2018-09-04,2018-09-05,2018-09-06,GOOGL,XLK,59.965388075112344,61.51959587693119,1,SHORT,SHORT,0.3183060387770335,0.227115266321716,0.8856894373893738,77.2884733678284,52.0,True,0.4314345270395279,UNRANKED,False,20,"5,10,20"
2018-09-05,2018-09-06,2018-09-07,GOOGL,XLK,59.437253899685246,60.87005351145805,1,SHORT,SHORT,0.3328278064727783,0.23183663853141268,0.8662062088648478,76.81633614685873,52.0,True,0.4813294758399327,UNRANKED,False,20,"5,10,20"
2018-09-06,2018-09-07,2018-09-10,GOOGL,XLK,58.11963887580411,57.52190088229127,1,SHORT,SHORT,0.2708623607953389,0.2120333774140921,0.8706375161806742,78.79666225859079,52.0,True,0.38791146377722424,UNRANKED,False,20,"5,10,20"
2018-09-07,2018-09-10,2018-09-11,GOOGL,XLK,58.72463977492341,58.13331265264384,1,SHORT,SHORT,0.2623788466056188,0.2110549745644663,0.9167277018229166,78.89450254355337,52.0,True,0.42050888140996295,UNRANKED,False,20,"5,10,20"
2018-09-10,2018-09-11,2018-09-12,GOOGL,XLK,58.0750106684798,57.49632845020064,1,SHORT,SHORT,0.2555179297924041,0.21468994725812962,0.9006551305452982,78.53100527418704,52.0,True,0.48163547118504835,UNRANKED,False,20,"5,10,20"
2018-09-11,2018-09-12,2018-09-13,GOOGL,XLK,58.61553799863447,58.000052943528445,1,SHORT,SHORT,0.2115090489387512,0.15704461974305733,0.9441638191541036,84.29553802569427,52.0,True,0.24437375366687783,UNRANKED,False,20,"5,10,20"
2018-09-12,2018-09-13,2018-09-14,GOOGL,XLK,58.50148832279991,57.836236727166536,1,SHORT,SHORT,0.20988029489914573,0.17313068499395165,0.9378703037897745,82.68693150060483,52.0,True,0.33391527831554413,UNRANKED,False,20,"5,10,20"
2018-09-13,2018-09-14,2018-09-17,GOOGL,XLK,58.913083692868184,60.664323333240326,1,SHORT,SHORT,0.211885392665863,0.17313068499395165,0.9620381196339926,82.68693150060483,52.0,True,0.3959216922521591,UNRANKED,False,20,"5,10,20"
2018-09-14,2018-09-17,2018-09-18,GOOGL,XLK,58.40577494821797,57.74576529158432,1,SHORT,SHORT,0.21634452044963834,0.17313068499395165,0.9581165313720703,82.68693150060483,52.0,True,0.3423364609479904,UNRANKED,False,20,"5,10,20"
2018-09-17,2018-09-18,2018-09-19,GOOGL,XLK,57.656475502647545,57.0013189583709,1,SHORT,SHORT,0.23922498524188995,0.1876289883278699,0.8376588424046835,81.23710116721301,52.0,True,0.49560856322447466,UNRANKED,False,20,"5,10,20"
2018-09-18,2018-09-19,2018-09-20,GOOGL,XLK,57.96888931276128,57.32481909617366,1,SHORT,SHORT,0.25066700577735895,0.2062511293946154,0.8362299005190531,79.37488706053846,52.0,True,0.4598108331362405,UNRANKED,False,20,"5,10,20"
2018-09-19,2018-09-20,2018-09-21,GOOGL,XLK,58.54959151062882,57.94671648229107,1,SHORT,SHORT,0.25937983642021817,0.20301001328244572,0.8450919389724731,79.69899867175543,52.0,True,0.5752347062031428,UNRANKED,False,20,"5,10,20"
2018-09-20,2018-09-21,2018-09-24,GOOGL,XLK,59.256249702666175,60.82622242213116,1,SHORT,SHORT,0.23470174272855118,0.17531499570001383,0.8909525076548258,82.46850042999861,52.0,True,0.32580999036630004,UNRANKED,False,20,"5,10,20"
2018-09-21,2018-09-24,2018-09-25,GOOGL,XLK,57.49530773446376,56.87861777997855,1,SHORT,SHORT,0.2743157893419265,0.2146592964758507,0.8529984553654989,78.53407035241493,52.0,True,0.3702250123023987,UNRANKED,False,20,"5,10,20"
2018-09-24,2018-09-25,2018-09-26,GOOGL,XLK,58.72712607615012,58.15666126073787,1,SHORT,SHORT,0.34350531299908954,0.24092288013823304,0.8427975575129191,75.9077119861767,52.0,True,0.7006295373042425,UNRANKED,False,20,"5,10,20"
2018-09-25,2018-09-26,2018-09-27,GOOGL,XLK,59.195254319561855,58.61728000010385,1,SHORT,SHORT,0.34340126315752667,0.24623317715056214,0.8865113854408264,75.37668228494378,52.0,True,0.6000513285398483,UNRANKED,False,20,"5,10,20"
2018-09-26,2018-09-27,2018-09-28,GOOGL,XLK,59.50816262940116,58.98310851519567,1,SHORT,SHORT,0.2998797645171483,0.2238052904260901,0.8593796094258627,77.61947095739099,52.0,True,0.563302700718244,UNRANKED,False,20,"5,10,20"
2018-09-27,2018-09-28,2018-10-01,GOOGL,XLK,59.71098426888042,59.16148966177244,1,SHORT,SHORT,0.302610491712888,0.22743106186688258,0.8740102648735046,77.25689381331175,52.0,True,0.3686476995547612,UNRANKED,False,20,"5,10,20"
2018-09-28,2018-10-01,2018-10-02,GOOGL,XLK,60.15283860556352,59.61131399095693,1,SHORT,SHORT,0.28498109181722,0.2309129374906951,0.886907716592153,76.90870625093049,52.0,True,0.5010967204968135,UNRANKED,False,20,"5,10,20"
2018-10-01,2018-10-02,2018-10-03,GOOGL,XLK,59.83893287455786,59.34515655314673,1,SHORT,SHORT,0.2535455152392387,0.20470353464313626,0.9203457236289978,79.52964653568637,52.0,True,0.4587727387746175,UNRANKED,False,20,"5,10,20"
2018-10-02,2018-10-03,2018-10-04,GOOGL,XLK,60.10324289211977,61.18271366281941,1,SHORT,SHORT,0.2850022291143735,0.2344181350525536,0.8542253375053406,76.55818649474465,52.0,True,0.5113062560558318,UNRANKED,False,20,"5,10,20"
2018-10-03,2018-10-04,2018-10-05,GOOGL,XLK,59.75759838457997,60.77817976624152,1,SHORT,SHORT,0.2921756332119306,0.23740019516709623,0.916283130645752,76.25998048329038,52.0,True,0.5686675012111664,UNRANKED,False,20,"5,10,20"
2018-10-04,2018-10-05,2018-10-08,GOOGL,XLK,58.317997678146384,59.60689669112072,1,SHORT,SHORT,0.27237120767434436,0.21028333318262746,0.8804412682851156,78.97166668173725,52.0,True,0.40196266770362854,UNRANKED,False,20,"5,10,20"
2018-10-05,2018-10-08,2018-10-09,GOOGL,XLK,57.52456145272138,58.73455958351972,1,SHORT,SHORT,0.28234615425268805,0.21252005605157817,0.7239128351211548,78.74799439484218,52.0,True,0.5468561251958212,UNRANKED,False,20,"5,10,20"
2018-10-08,2018-10-09,2018-10-10,GOOGL,XLK,57.09362146132531,58.344617369790015,1,SHORT,SHORT,0.3240353961785634,0.2165897902660827,0.8356046676635742,78.34102097339172,52.0,True,0.7378274301687878,UNRANKED,False,20,"5,10,20"
2018-10-09,2018-10-10,2018-10-11,GOOGL,XLK,56.35423173524925,57.63701973944324,1,SHORT,SHORT,0.24838800728321075,0.1985684596748597,0.7657741904258728,80.14315403251403,52.0,True,0.4600768287976584,UNRANKED,False,20,"5,10,20"
2018-10-10,2018-10-11,2018-10-12,GOOGL,XLK,53.50973548340627,52.87013009748969,1,SHORT,SHORT,0.2506966292858123,0.19520253832639115,0.9099192221959432,80.47974616736089,52.0,True,0.25086732705434156,UNRANKED,False,20,"5,10,20"
2018-10-11,2018-10-12,2018-10-15,GOOGL,XLK,55.52310448461403,56.962457201332434,1,SHORT,SHORT,0.24352240810791648,0.1967349969177674,0.8654471635818481,80.32650030822326,52.0,True,0.33710084358851117,UNRANKED,False,20,"5,10,20"
2018-10-12,2018-10-15,2018-10-16,GOOGL,XLK,55.44177314614731,54.78682886252566,1,SHORT,SHORT,0.21787303437789277,0.18873767762451857,0.8315425316492716,81.12623223754815,52.0,True,0.26685498158136994,UNRANKED,False,20,"5,10,20"
2018-10-15,2018-10-16,2018-10-17,GOOGL,XLK,55.217627994318065,54.54932927300459,1,SHORT,SHORT,0.20337131122748056,0.17359358776678135,0.8203757206598917,82.64064122332186,52.0,True,0.01578294734160111,UNRANKED,False,20,"5,10,20"
2018-10-16,2018-10-17,2018-10-18,GOOGL,XLK,56.5327553995562,58.47332663957259,1,SHORT,SHORT,0.20466906577348706,0.16334188372124145,0.9443565607070923,83.66581162787585,52.0,True,-0.36166467269261676,UNRANKED,False,20,"5,10,20"
2018-10-17,2018-10-18,2018-10-19,GOOGL,XLK,56.03685042506438,57.90826188485093,1,SHORT,SHORT,0.24396746853987375,0.18161855666579427,0.9499712785085043,81.83814433342057,52.0,True,0.5774599214394888,UNRANKED,False,20,"5,10,20"
2018-10-18,2018-10-19,2018-10-22,GOOGL,XLK,54.73313116691298,53.88042698251706,1,SHORT,SHORT,0.252500906586647,0.18098420401758697,0.842800239721934,81.9015795982413,52.0,True,0.9939846048752466,UNRANKED,False,20,"5,10,20"
2018-10-19,2018-10-22,2018-10-23,GOOGL,XLK,55.16952712111262,54.29620749525813,1,SHORT,SHORT,0.22531743347644803,0.16182352475569836,0.8690974712371826,83.81764752443016,52.0,True,0.9005384594202042,UNRANKED,False,20,"5,10,20"
2018-10-22,2018-10-23,2018-10-24,GOOGL,XLK,54.11721732541383,56.347451471532,1,SHORT,SHORT,0.22493426005045572,0.17515686782712206,0.860897441705068,82.48431321728779,52.0,True,0.8447216550509135,UNRANKED,False,20,"5,10,20"
2018-10-23,2018-10-24,2018-10-25,GOOGL,XLK,55.2930078869748,54.402154277617235,1,SHORT,SHORT,0.23559301594893137,0.18895023632582686,0.8893554210662842,81.10497636741731,52.0,True,0.44107561806837725,UNRANKED,False,20,"5,10,20"
2018-10-24,2018-10-25,2018-10-26,GOOGL,XLK,53.57222873103137,52.598737334808575,1,SHORT,SHORT,0.23173281550407407,0.1679870235597163,0.890970249970754,83.20129764402837,52.0,True,0.958685373266538,UNRANKED,False,20,"5,10,20"
2018-10-25,2018-10-26,2018-10-29,GOOGL,XLK,51.98682652307984,50.88146076990601,1,SHORT,SHORT,0.29105915625890094,0.20518171954286693,0.8835361997286478,79.48182804571331,52.0,True,0.8159809311230976,UNRANKED,False,20,"5,10,20"
2018-10-26,2018-10-29,2018-10-30,GOOGL,XLK,54.37757102202303,57.21121125683399,1,SHORT,SHORT,0.2522374590237935,0.19196853566906472,0.8744527697563171,80.80314643309353,52.0,True,1.0542551626761754,UNRANKED,False,20,"5,10,20"
2018-10-29,2018-10-30,2018-10-31,GOOGL,XLK,50.58244141801836,49.31342760445461,1,SHORT,SHORT,0.27391501267751056,0.1988015078703745,0.8934989174207052,80.11984921296255,52.0,True,0.7515683273474375,UNRANKED,False,20,"5,10,20"
2018-10-30,2018-10-31,2018-11-01,GOOGL,XLK,52.97218539969845,51.838587889496864,1,SHORT,SHORT,0.23776792486508683,0.18097036334362482,0.7996360262235006,81.90296366563751,52.0,True,0.9321333865324656,UNRANKED,False,20,"5,10,20"
2018-10-31,2018-11-01,2018-11-02,GOOGL,XLK,54.122675548098016,52.848632601146285,1,SHORT,SHORT,0.22272034486134842,0.1802726649494416,0.9067693750063578,81.97273350505584,52.0,True,0.3380545824766159,UNRANKED,False,20,"5,10,20"
2018-11-01,2018-11-02,2018-11-05,GOOGL,XLK,54.0036608708647,56.96561049179278,1,SHORT,SHORT,0.21571529408295945,0.17950067628492405,0.9463749726613363,82.0499323715076,52.0,True,-0.06350229680538183,UNRANKED,False,20,"5,10,20"
2018-11-02,2018-11-05,2018-11-06,GOOGL,XLK,53.186912421965125,52.014920256263395,1,SHORT,SHORT,0.22392786542574564,0.18293139784313564,0.9162476062774658,81.70686021568643,52.0,True,0.02963541448116303,UNRANKED,False,20,"5,10,20"
2018-11-05,2018-11-06,2018-11-07,GOOGL,XLK,52.31858558730312,51.199300821242154,1,SHORT,SHORT,0.2379858468969663,0.19496513794093243,0.8542484243710836,80.50348620590675,52.0,True,0.7256377736727396,UNRANKED,False,20,"5,10,20"
2018-11-06,2018-11-07,2018-11-08,GOOGL,XLK,53.730419916510975,52.581558440157735,1,SHORT,SHORT,0.2780376573403676,0.22059093034826893,0.8360886971155802,77.94090696517311,52.0,True,0.5933283070723215,UNRANKED,False,20,"5,10,20"
2018-11-07,2018-11-08,2018-11-09,GOOGL,XLK,54.91116216518148,57.862925182018465,1,SHORT,SHORT,0.1966666206717491,0.1632600916756524,0.9113513827323914,83.67399083243477,52.0,True,0.1529506742954254,UNRANKED,False,20,"5,10,20"
2018-11-08,2018-11-09,2018-11-12,GOOGL,XLK,53.75670205685472,56.76460788069854,1,SHORT,SHORT,0.2121598124504089,0.16994366678113207,0.9114501078923544,83.00563332188679,52.0,True,0.36163637538750976,UNRANKED,False,20,"5,10,20"
2018-11-09,2018-11-12,2018-11-13,GOOGL,XLK,53.21666748640021,56.32570025355981,1,SHORT,SHORT,0.21642066041628513,0.16994366678113207,0.9067068696022034,83.00563332188679,52.0,True,0.7067271570364634,UNRANKED,False,20,"5,10,20"
2018-11-12,2018-11-13,2018-11-14,GOOGL,XLK,52.308182132777226,50.97913152373356,1,SHORT,SHORT,0.222458891570568,0.1750982176439337,0.8318536480267843,82.49017823560662,52.0,True,1.1669512738784154,UNRANKED,False,20,"5,10,20"
2018-11-13,2018-11-14,2018-11-15,GOOGL,XLK,52.565542813210634,51.436269534838,1,SHORT,SHORT,0.21705728024244308,0.1765897815304729,0.5803998013337454,82.34102184695271,52.0,True,1.2295447041591008,UNRANKED,False,20,"5,10,20"
2018-11-14,2018-11-15,2018-11-16,GOOGL,XLK,52.14204716151676,51.153964820731325,1,SHORT,SHORT,0.24948450922966,0.20156399043912157,0.7165998816490173,79.84360095608784,52.0,True,0.7209376196066538,UNRANKED,False,20,"5,10,20"
2018-11-15,2018-11-16,2018-11-19,GOOGL,XLK,52.824903973568865,55.26526663138834,1,SHORT,SHORT,0.21905693411827085,0.1763671581822368,0.6619817117849985,82.36328418177632,52.0,True,0.6444828112920126,UNRANKED,False,20,"5,10,20"
2018-11-16,2018-11-19,2018-11-20,GOOGL,XLK,52.7336550830274,54.76454541157093,1,SHORT,SHORT,0.2184687753518422,0.17216947309687203,0.819560686747233,82.7830526903128,52.0,True,0.5326091796159744,UNRANKED,False,20,"5,10,20"
2018-11-19,2018-11-20,2018-11-21,GOOGL,XLK,49.9516463854331,49.04694624243645,1,SHORT,SHORT,0.2320623646179835,0.17747368940454344,0.6784426470597585,82.25263105954565,52.0,True,0.9563119113445282,UNRANKED,False,20,"5,10,20"
2018-11-20,2018-11-21,2018-11-23,GOOGL,XLK,51.83706669619646,51.06710983497297,1,SHORT,SHORT,0.24551278352737424,0.1794611246213973,0.6609556873639425,82.05388753786028,52.0,True,0.8857866575320562,UNRANKED,False,20,"5,10,20"
2018-11-21,2018-11-23,2018-11-26,GOOGL,XLK,51.25140647070109,50.45176608766189,1,SHORT,SHORT,0.24556978543599442,0.17995016030954178,0.6622148156166077,82.00498396904582,52.0,True,0.8872326413790385,UNRANKED,False,20,"5,10,20"
2018-11-23,2018-11-26,2018-11-27,GOOGL,XLK,51.77210188629733,50.97657020469158,1,SHORT,SHORT,0.2541129241387049,0.1855536327013061,0.7283751169840494,81.44463672986939,52.0,True,0.7559363394975662,UNRANKED,False,20,"5,10,20"
2018-11-26,2018-11-27,2018-11-28,GOOGL,XLK,52.13609310498648,51.304856674409606,1,SHORT,SHORT,0.23673217495282486,0.18877439332519438,0.8755025267601013,81.12256066748056,52.0,True,0.15399247407913208,UNRANKED,False,20,"5,10,20"
2018-11-27,2018-11-28,2018-11-29,GOOGL,XLK,52.43958489263335,51.64440716043818,1,SHORT,SHORT,0.2394318083922068,0.1790963364515863,0.7902766466140747,82.09036635484136,52.0,True,0.6707741767168045,UNRANKED,False,20,"5,10,20"
2018-11-28,2018-11-29,2018-11-30,GOOGL,XLK,53.73239616113488,52.93424296507252,1,SHORT,SHORT,0.23346432546774543,0.1856983764222708,0.8656619588534037,81.43016235777291,52.0,True,0.17141621808211008,UNRANKED,False,20,"5,10,20"
2018-11-29,2018-11-30,2018-12-03,GOOGL,XLK,54.33244454037789,53.57261760774327,1,SHORT,SHORT,0.2436400155226389,0.19684010236049165,0.8843361337979635,80.31598976395084,52.0,True,0.4720931798219681,UNRANKED,False,20,"5,10,20"
2018-11-30,2018-12-03,2018-12-04,GOOGL,XLK,56.14397201390017,58.02104761793023,1,SHORT,SHORT,0.23764801025390617,0.19744162393127349,0.9367026289304098,80.25583760687265,52.0,True,0.6062113145987192,UNRANKED,False,20,"5,10,20"
2018-12-03,2018-12-04,2018-12-06,GOOGL,XLK,55.193328765578826,56.88488406125056,1,SHORT,SHORT,0.21364897241195038,0.18322655269572627,0.9523420333862305,81.67734473042736,52.0,True,0.31572302679220826,UNRANKED,False,20,"5,10,20"
2018-12-04,2018-12-06,2018-12-07,GOOGL,XLK,51.82169421560711,50.95910860290133,1,SHORT,SHORT,0.2681678086519241,0.18729581356319494,0.9185798168182373,81.27041864368051,52.0,True,0.7235942880312604,UNRANKED,False,20,"5,10,20"
2018-12-06,2018-12-07,2018-12-10,GOOGL,XLK,53.172035604031464,55.408199560809855,1,SHORT,SHORT,0.2632693449656169,0.19284727474352037,0.9258198936780294,80.71527252564796,52.0,True,0.863604669769605,UNRANKED,False,20,"5,10,20"
2018-12-07,2018-12-10,2018-12-11,GOOGL,XLK,51.719536668028816,50.771832897800024,1,SHORT,SHORT,0.2263935953378677,0.17521454368190756,0.8350522518157959,82.47854563180924,52.0,True,0.9500630895296734,UNRANKED,False,20,"5,10,20"
2018-12-10,2018-12-11,2018-12-12,GOOGL,XLK,52.90970087647782,51.94846610256947,1,SHORT,SHORT,0.24658193190892533,0.1911389839307783,0.8421027660369873,80.88610160692217,52.0,True,0.8255208482344946,UNRANKED,False,20,"5,10,20"
2018-12-11,2018-12-12,2018-12-13,GOOGL,XLK,53.41254450312507,52.5660048695104,1,SHORT,SHORT,0.29374181230862934,0.19817090201509593,0.8450148900349935,80.18290979849041,52.0,True,0.9797196437915167,UNRANKED,False,20,"5,10,20"
2018-12-12,2018-12-13,2018-12-14,GOOGL,XLK,53.34262902700036,55.53911945102031,1,SHORT,SHORT,0.2504664560159047,0.19597922397170928,0.9364400307337443,80.40207760282907,52.0,True,0.4973405748605728,UNRANKED,False,20,"5,10,20"
2018-12-13,2018-12-14,2018-12-17,GOOGL,XLK,52.56653650781619,54.64976516404003,1,SHORT,SHORT,0.22520640740791953,0.1904829314258644,0.922730008761088,80.95170685741357,52.0,True,0.20807385444641113,UNRANKED,False,20,"5,10,20"
2018-12-14,2018-12-17,2018-12-18,GOOGL,XLK,51.92136773015582,51.05796767958383,1,SHORT,SHORT,0.26550702253977454,0.2090590239766185,0.834647019704183,79.09409760233815,52.0,True,0.6413105924924215,UNRANKED,False,20,"5,10,20"
2018-12-17,2018-12-18,2018-12-19,GOOGL,XLK,51.27620708734032,50.41202774861264,1,SHORT,SHORT,0.25428596884012217,0.20400531467651664,0.6946709156036377,79.59946853234834,52.0,True,0.8435114771127701,UNRANKED,False,20,"5,10,20"
2018-12-18,2018-12-19,2018-12-20,GOOGL,XLK,51.93524909395202,54.220558613038584,1,SHORT,SHORT,0.32377767562866205,0.2198064741306762,0.680296778678894,78.01935258693237,52.0,True,0.6745747824509939,UNRANKED,False,20,"5,10,20"
2018-12-19,2018-12-20,2018-12-21,GOOGL,XLK,50.87948606483592,52.88532132549964,1,SHORT,SHORT,0.2752761344114939,0.21347071032027717,0.6588356296221415,78.65292896797229,52.0,True,0.8767481595277786,UNRANKED,False,20,"5,10,20"
2018-12-20,2018-12-21,2018-12-24,GOOGL,XLK,51.17900616560844,53.26533494455654,1,SHORT,SHORT,0.2683617174625396,0.2192440765783721,0.687526802221934,78.07559234216279,52.0,True,0.7506066511074702,UNRANKED,False,20,"5,10,20"
2018-12-21,2018-12-24,2018-12-26,GOOGL,XLK,48.81256335838148,47.91689396620445,1,SHORT,SHORT,0.226039578517278,0.1891707473331027,0.7566835880279541,81.08292526668973,52.0,True,0.7359991321961084,UNRANKED,False,20,"5,10,20"
2018-12-24,2018-12-26,2018-12-27,GOOGL,XLK,49.49046364150032,48.5952550102573,1,SHORT,SHORT,0.2390756731232007,0.18993271816239896,0.7946786483128866,81.0067281837601,52.0,True,0.8154940356810889,UNRANKED,False,20,"5,10,20"
2018-12-26,2018-12-27,2018-12-28,GOOGL,XLK,50.88940689894981,49.96129159918,1,SHORT,SHORT,0.3050501445929209,0.21458198822068644,0.861618717511495,78.54180117793136,52.0,True,0.6107015411059061,UNRANKED,False,20,"5,10,20"
2018-12-27,2018-12-28,2018-12-31,GOOGL,XLK,52.54075084153076,51.650040283320656,1,SHORT,SHORT,0.2683226888378461,0.19903512853398686,0.8857171138127645,80.09648714660132,52.0,True,0.5428587446610132,UNRANKED,False,20,"5,10,20"
2018-12-28,2018-12-31,2019-01-02,GOOGL,XLK,52.457932318095075,51.65676687358475,1,SHORT,SHORT,0.23448031147321066,0.1912042760105378,0.9412396748860677,80.87957239894622,52.0,True,-0.07432531813780473,UNRANKED,False,20,"5,10,20"
2018-12-31,2019-01-02,2019-01-03,GOOGL,XLK,50.93898977352967,50.15510981224339,1,SHORT,SHORT,0.22357805321613947,0.1812548179450523,0.9418555299441019,81.87451820549477,52.0,True,0.08075495560963956,UNRANKED,False,20,"5,10,20"
2019-01-02,2019-01-03,2019-01-04,GOOGL,XLK,52.1028687333839,51.31456099848574,1,SHORT,SHORT,0.24043972541888556,0.19440709043129753,0.9573464592297872,80.55929095687024,52.0,True,0.26167987783749896,UNRANKED,False,20,"5,10,20"
2019-01-03,2019-01-04,2019-01-07,GOOGL,XLK,51.700692372040024,50.85170724499971,1,SHORT,SHORT,0.22010254859924314,0.1769467442093737,0.8513288299242655,82.30532557906263,52.0,True,0.9812974482774734,UNRANKED,False,20,"5,10,20"
2019-01-04,2019-01-07,2019-01-08,GOOGL,XLK,53.60545509662506,52.570825274847714,1,SHORT,SHORT,0.24904419978459671,0.19245242453471167,0.9558875759442648,80.75475754652884,52.0,True,0.41705896953741717,UNRANKED,False,20,"5,10,20"
2019-01-07,2019-01-08,2019-01-09,GOOGL,XLK,53.854886302804,52.88996680381544,1,SHORT,SHORT,0.2625116258859634,0.19721574959015195,0.957216481367747,80.2784250409848,52.0,True,0.8060280084609985,UNRANKED,False,20,"5,10,20"
2019-01-08,2019-01-09,2019-01-10,GOOGL,XLK,53.95357823458152,53.047494173912575,1,SHORT,SHORT,0.1965560341874758,0.1548078595621279,0.9586073160171509,84.51921404378722,52.0,True,0.21815856297810868,UNRANKED,False,20,"5,10,20"
2019-01-09,2019-01-10,2019-01-11,GOOGL,XLK,53.30641921144527,52.45006763150665,1,SHORT,SHORT,0.20559365302324292,0.16546052032046843,0.9517022967338562,83.45394796795316,52.0,True,0.8800341685612998,UNRANKED,False,20,"5,10,20"
2019-01-10,2019-01-11,2019-01-14,GOOGL,XLK,53.05648645219858,55.15193644478717,1,SHORT,SHORT,0.218845543762048,0.1813806576413793,0.9673178990681967,81.86193423586207,52.0,True,0.43697790801525116,UNRANKED,False,20,"5,10,20"
2019-01-11,2019-01-14,2019-01-15,GOOGL,XLK,52.23527672360006,51.38831147876189,1,SHORT,SHORT,0.19400182863076523,0.1467399896630918,0.9590104222297668,85.32600103369083,52.0,True,0.512432759006818,UNRANKED,False,20,"5,10,20"
2019-01-14,2019-01-15,2019-01-16,GOOGL,XLK,52.46686220785265,51.68850919794752,1,SHORT,SHORT,0.230894128481547,0.1986272008127917,0.9201135238011678,80.13727991872082,52.0,True,0.825348898768425,UNRANKED,False,20,"5,10,20"
2019-01-15,2019-01-16,2019-01-17,GOOGL,XLK,54.05325450748139,53.17423354408505,1,SHORT,SHORT,0.26190853615601856,0.21112097677444755,0.8847148021062216,78.88790232255525,52.0,True,0.8155882259209952,UNRANKED,False,20,"5,10,20"
2019-01-16,2019-01-17,2019-01-18,GOOGL,XLK,53.95357075539973,53.287716437598384,1,SHORT,SHORT,0.25031728297471995,0.19780680192724173,0.8453124562899271,80.21931980727582,52.0,True,0.9006850272417068,UNRANKED,False,20,"5,10,20"
2019-01-17,2019-01-18,2019-01-22,GOOGL,XLK,54.97513352063556,56.68014788569555,1,SHORT,SHORT,0.22981422146161393,0.18670543422529015,0.9005581935246786,81.32945657747098,52.0,True,0.7586366335550944,UNRANKED,False,20,"5,10,20"
2019-01-18,2019-01-22,2019-01-23,GOOGL,XLK,54.35078698504477,53.661838489997336,1,SHORT,SHORT,0.22476670642693833,0.19319815370771617,0.9311301112174988,80.68018462922838,52.0,True,0.5130239228407542,UNRANKED,False,20,"5,10,20"
2019-01-22,2019-01-23,2019-01-24,GOOGL,XLK,53.89753253264309,53.113122600915275,1,SHORT,SHORT,0.27257215480009717,0.19062785228364376,0.8092653155326843,80.93721477163562,52.0,True,0.9190371036529541,UNRANKED,False,20,"5,10,20"
2019-01-23,2019-01-24,2019-01-25,GOOGL,XLK,53.68182026674649,52.911366404964966,1,SHORT,SHORT,0.2586367775996526,0.18905575375060554,0.6634671787420908,81.09442462493945,52.0,True,0.6739809314409891,UNRANKED,False,20,"5,10,20"
2019-01-24,2019-01-25,2019-01-28,GOOGL,XLK,54.263016457589686,55.93411475797857,1,SHORT,SHORT,0.2650938183069229,0.20596732000808238,0.6609234611193339,79.40326799919177,52.0,True,0.6508441468079885,UNRANKED,False,20,"5,10,20"
2019-01-25,2019-01-28,2019-01-29,GOOGL,XLK,54.05672842479024,55.41709102266448,1,SHORT,SHORT,0.2546302626530329,0.19861951995632668,0.8542675177256266,80.13804800436733,52.0,True,0.3944726387659709,UNRANKED,False,20,"5,10,20"
2019-01-28,2019-01-29,2019-01-30,GOOGL,XLK,53.6089221228322,52.995704905250584,1,SHORT,SHORT,0.28018443783124286,0.20110739302637018,0.7259345849355062,79.88926069736299,52.0,True,0.7611191173394521,UNRANKED,False,20,"5,10,20"
2019-01-29,2019-01-30,2019-01-31,GOOGL,XLK,53.426431833040915,52.81197402141285,1,SHORT,SHORT,0.2905489206314087,0.22524269720216908,0.6609137753645579,77.4757302797831,52.0,True,0.6386411935091019,UNRANKED,False,20,"5,10,20"
2019-01-30,2019-01-31,2019-02-01,GOOGL,XLK,55.15613401300113,54.45592017197155,1,SHORT,SHORT,0.30073106288909907,0.22247213423550447,0.6860933105150858,77.75278657644955,52.0,True,0.6149195382992426,UNRANKED,False,20,"5,10,20"
2019-01-31,2019-02-01,2019-02-04,GOOGL,XLK,55.654509292670554,54.86545905419748,1,SHORT,SHORT,0.2897558162609736,0.21332477725076152,0.869975765546163,78.66752227492385,52.0,True,0.38657401005427044,UNRANKED,False,20,"5,10,20"
2019-02-01,2019-02-04,2019-02-05,GOOGL,XLK,55.49186242376464,54.72792569978306,1,SHORT,SHORT,0.27530798812707263,0.2107384613808312,0.8589720129966736,78.92615386191689,52.0,True,0.27417489389578503,UNRANKED,False,20,"5,10,20"
2019-02-04,2019-02-05,2019-02-06,GOOGL,XLK,56.01850709621822,55.21971493836387,1,SHORT,SHORT,0.23450365910927454,0.18679410704557572,0.7827251156171163,81.32058929544243,52.0,True,0.43192096551259357,UNRANKED,False,20,"5,10,20"
2019-02-05,2019-02-06,2019-02-07,GOOGL,XLK,56.99244918228191,58.772029979749824,1,SHORT,SHORT,0.2826347897450129,0.2162534904138563,0.8178979555765787,78.37465095861437,52.0,True,0.4804895619551341,UNRANKED,False,20,"5,10,20"
2019-02-06,2019-02-07,2019-02-08,GOOGL,XLK,55.13530738050181,54.33144957715708,1,SHORT,SHORT,0.26668768127759296,0.21096697084620064,0.7993046442667643,78.90330291537994,52.0,True,0.5429698228836058,UNRANKED,False,20,"5,10,20"
2019-02-07,2019-02-08,2019-02-11,GOOGL,XLK,54.29524926151284,53.46528612238757,1,SHORT,SHORT,0.24947515130043027,0.20153700797343724,0.8550140261650085,79.84629920265628,52.0,True,0.5644474079211554,UNRANKED,False,20,"5,10,20"
2019-02-08,2019-02-11,2019-02-12,GOOGL,XLK,54.73511453956528,53.92162271827622,1,SHORT,SHORT,0.2472288981080055,0.20277655096904323,0.8460304141044617,79.72234490309567,52.0,True,0.39447667698065453,UNRANKED,False,20,"5,10,20"
2019-02-11,2019-02-12,2019-02-13,GOOGL,XLK,55.095132282492514,54.38227353746252,1,SHORT,SHORT,0.27526539564132685,0.21715429834554045,0.8476357261339823,78.28457016544596,52.0,True,0.504806712269783,UNRANKED,False,20,"5,10,20"
2019-02-12,2019-02-13,2019-02-14,GOOGL,XLK,56.187611297106514,55.40504331920124,1,SHORT,SHORT,0.29780234893163043,0.23066591521402513,0.7984395821889242,76.93340847859749,52.0,True,0.7827979524930319,UNRANKED,False,20,"5,10,20"
2019-02-13,2019-02-14,2019-02-15,GOOGL,XLK,55.78890707502711,55.0040715320758,1,SHORT,SHORT,0.2759698281685511,0.21792382117671946,0.800743301709493,78.20761788232805,52.0,True,0.6780935972929001,UNRANKED,False,20,"5,10,20"
2019-02-14,2019-02-15,2019-02-19,GOOGL,XLK,56.49803758643001,55.77320614155347,1,SHORT,SHORT,0.2817662358283996,0.2206333320541128,0.8165334860483805,77.93666679458872,52.0,True,0.48786406715710956,UNRANKED,False,20,"5,10,20"
2019-02-15,2019-02-19,2019-02-20,GOOGL,XLK,55.37433416937711,54.692291093815584,1,SHORT,SHORT,0.30450727045536036,0.22493363451959528,0.8880181113878886,77.50663654804048,52.0,True,0.5317624807357788,UNRANKED,False,20,"5,10,20"
2019-02-19,2019-02-20,2019-02-21,GOOGL,XLK,55.981312910608274,57.66056376401055,1,SHORT,SHORT,0.3044655720392863,0.23320499257770652,0.8366418480873108,76.67950074222935,52.0,True,0.5661293019851048,UNRANKED,False,20,"5,10,20"
2019-02-20,2019-02-21,2019-02-22,GOOGL,XLK,55.48045563907056,54.88671790059749,1,SHORT,SHORT,0.27231195072333014,0.2104837438665772,0.8717212875684103,78.95162561334229,52.0,True,0.3963933934768042,UNRANKED,False,20,"5,10,20"
2019-02-21,2019-02-22,2019-02-25,GOOGL,XLK,55.030174478552766,54.47724228425171,1,SHORT,SHORT,0.29577868183453876,0.22365715412553752,0.8384467959403992,77.63428458744625,52.0,True,0.5674227873484293,UNRANKED,False,20,"5,10,20"
2019-02-22,2019-02-25,2019-02-26,GOOGL,XLK,55.63666444539481,55.06573859657017,1,SHORT,SHORT,0.3110122134288152,0.23218637900081748,0.8869891365369161,76.78136209991825,52.0,True,0.42239950100580853,UNRANKED,False,20,"5,10,20"
2019-02-25,2019-02-26,2019-02-27,GOOGL,XLK,55.2617677690213,54.76887563994066,1,SHORT,SHORT,0.3235962887605031,0.22819349364963645,0.8829656839370728,77.18065063503636,52.0,True,0.528693879644076,UNRANKED,False,20,"5,10,20"
2019-02-26,2019-02-27,2019-02-28,GOOGL,XLK,55.24390072927886,54.77144638575557,1,SHORT,SHORT,0.36244674523671466,0.2548237327657236,0.8355475862820944,74.51762672342764,52.0,True,0.48056539396444964,UNRANKED,False,20,"5,10,20"
2019-02-27,2019-02-28,2019-03-01,GOOGL,XLK,55.491360469824755,55.11844220461828,1,SHORT,SHORT,0.30314497152964276,0.2350424956108789,0.8323373794555664,76.49575043891211,52.0,True,0.3941820561885834,UNRANKED,False,20,"5,10,20"
2019-02-28,2019-03-01,2019-03-04,GOOGL,XLK,56.08644635618862,55.76070853924177,1,SHORT,SHORT,0.3013980239629745,0.23459654351373826,0.8973870674769083,76.54034564862617,52.0,True,0.4228051751852037,UNRANKED,False,20,"5,10,20"
2019-03-01,2019-03-04,2019-03-05,GOOGL,XLK,57.25478559725147,56.86373035389558,1,SHORT,SHORT,0.32274833818276716,0.23240560488430137,0.9298960963884989,76.75943951156987,52.0,True,0.34860530992348987,UNRANKED,False,20,"5,10,20"
2019-03-04,2019-03-05,2019-03-06,GOOGL,XLK,57.32620677075671,56.918716176710255,1,SHORT,SHORT,0.34873713552951807,0.24599054376555193,0.9412795106569926,75.4009456234448,52.0,True,0.38232592741648364,UNRANKED,False,20,"5,10,20"
2019-03-05,2019-03-06,2019-03-07,GOOGL,XLK,58.10773940107333,59.040659720766755,1,SHORT,SHORT,0.34187501668930054,0.23346203732622264,0.8860880335172018,76.65379626737774,52.0,True,0.4385333706935246,UNRANKED,False,20,"5,10,20"
2019-03-06,2019-03-07,2019-03-08,GOOGL,XLK,57.54935904423013,58.51061711503963,1,SHORT,SHORT,0.3089532107114792,0.22482185757684184,0.8729613025983175,77.51781424231582,52.0,True,0.7369160354137421,UNRANKED,False,20,"5,10,20"
2019-03-07,2019-03-08,2019-03-11,GOOGL,XLK,56.23025744721806,55.7978645094216,1,SHORT,SHORT,0.2935864428679148,0.22847028105200948,0.8071095744768778,77.15297189479905,52.0,True,0.4007515211900076,UNRANKED,False,20,"5,10,20"
2019-03-08,2019-03-11,2019-03-12,GOOGL,XLK,57.12783401426146,56.726222958614834,1,SHORT,SHORT,0.29143515229225153,0.2258386962487461,0.8724206487337748,77.41613037512539,52.0,True,0.4229327936967214,UNRANKED,False,20,"5,10,20"
2019-03-11,2019-03-12,2019-03-13,GOOGL,XLK,58.63042169944413,58.14943197078899,1,SHORT,SHORT,0.297138825058937,0.21914483030908016,0.8529670437177023,78.08551696909198,52.0,True,0.5545327315727869,UNRANKED,False,20,"5,10,20"
2019-03-12,2019-03-13,2019-03-14,GOOGL,XLK,59.80223411527283,61.111592167117834,1,SHORT,SHORT,0.2704713493585586,0.1991012618192718,0.8331232070922852,80.08987381807282,52.0,True,0.3252399812142055,UNRANKED,False,20,"5,10,20"
2019-03-13,2019-03-14,2019-03-15,GOOGL,XLK,59.45956301594842,58.987428834517054,1,SHORT,SHORT,0.21981837352116895,0.176387938710442,0.8708525697390238,82.3612061289558,52.0,True,0.18498938779036198,UNRANKED,False,20,"5,10,20"
2019-03-14,2019-03-15,2019-03-18,GOOGL,XLK,59.40898775828328,60.53778597060715,1,SHORT,SHORT,0.24932717283566788,0.2111888941673413,0.8351732691129049,78.88111058326587,52.0,True,0.37596032023429865,UNRANKED,False,20,"5,10,20"
2019-03-15,2019-03-18,2019-03-19,GOOGL,XLK,58.99688917576434,58.54019906869124,1,SHORT,SHORT,0.2697485536336898,0.22087846645491646,0.7736110687255859,77.91215335450835,52.0,True,0.34271818399429316,UNRANKED,False,20,"5,10,20"
2019-03-18,2019-03-19,2019-03-20,GOOGL,XLK,59.0975568546802,58.65124544895336,1,SHORT,SHORT,0.261841632425785,0.21662750234433922,0.7869167327880859,78.33724976556607,52.0,True,0.3919608145952224,UNRANKED,False,20,"5,10,20"
2019-03-19,2019-03-20,2019-03-21,GOOGL,XLK,59.57759204890789,59.08512525857237,1,SHORT,SHORT,0.25927318632602686,0.21010281036524883,0.8237530390421549,78.98971896347511,52.0,True,0.41735630730787915,UNRANKED,False,20,"5,10,20"
2019-03-20,2019-03-21,2019-03-22,GOOGL,XLK,60.49996589969895,61.91098495247692,1,SHORT,SHORT,0.30483523011207575,0.23738978501684938,0.827273945013682,76.26102149831506,52.0,True,0.5268642206986744,UNRANKED,False,20,"5,10,20"
2019-03-21,2019-03-22,2019-03-25,GOOGL,XLK,60.9388435932107,62.241205762748926,1,SHORT,SHORT,0.24849560360113776,0.20199861516782555,0.780611515045166,79.80013848321744,52.0,True,0.47466694315274555,UNRANKED,False,20,"5,10,20"
2019-03-22,2019-03-25,2019-03-26,GOOGL,XLK,59.48635397181776,58.881885217458105,1,SHORT,SHORT,0.2609147528807322,0.19827258996198024,0.692675789197286,80.17274100380197,52.0,True,0.5252138922611872,UNRANKED,False,20,"5,10,20"
2019-03-25,2019-03-26,2019-03-27,GOOGL,XLK,59.76554018730215,61.22800451988272,1,SHORT,SHORT,0.271360124150912,0.211293928824865,0.6996179620424906,78.8706071175135,52.0,True,0.8250451236963272,UNRANKED,False,20,"5,10,20"
2019-03-26,2019-03-27,2019-03-28,GOOGL,XLK,59.10747706719448,60.59907478774938,1,SHORT,SHORT,0.27167478203773493,0.2126066416531833,0.7362866401672363,78.73933583468167,52.0,True,0.668454885482788,UNRANKED,False,20,"5,10,20"
2019-03-27,2019-03-28,2019-03-29,GOOGL,XLK,58.293205073603154,57.70457085511473,1,SHORT,SHORT,0.2539001901944478,0.19606793816388504,0.8016387224197388,80.3932061836115,52.0,True,0.6876586079597474,UNRANKED,False,20,"5,10,20"
2019-03-28,2019-03-29,2019-04-01,GOOGL,XLK,58.525285785823435,57.919436383532,1,SHORT,SHORT,0.2583438158035278,0.19206392296892028,0.8165337443351746,80.79360770310797,52.0,True,0.6555433571338655,UNRANKED,False,20,"5,10,20"
2019-03-29,2019-04-01,2019-04-02,GOOGL,XLK,58.89027081678806,58.3718057746738,1,SHORT,SHORT,0.2753964116175969,0.22615598019813835,0.6954749226570129,77.38440198018617,52.0,True,0.6461243579785028,UNRANKED,False,20,"5,10,20"
2019-04-01,2019-04-02,2019-04-03,GOOGL,XLK,59.51064249683336,58.97765462975049,1,SHORT,SHORT,0.26509819924831385,0.21417518942142003,0.8842664758364359,78.582481057858,52.0,True,0.6086291422446569,UNRANKED,False,20,"5,10,20"
2019-04-02,2019-04-03,2019-04-04,GOOGL,XLK,60.13795828936731,59.58814515503765,1,SHORT,SHORT,0.2625197370847066,0.21560598787521665,0.8882872462272644,78.43940121247833,52.0,True,0.5936438341935476,UNRANKED,False,20,"5,10,20"
2019-04-03,2019-04-04,2019-04-05,GOOGL,XLK,60.06803792748894,59.52268798896006,1,SHORT,SHORT,0.2546864797671636,0.20230842687700953,0.8510439197222391,79.76915731229904,52.0,True,0.3831177353858948,UNRANKED,False,20,"5,10,20"
2019-04-04,2019-04-05,2019-04-08,GOOGL,XLK,60.46525792625682,59.89720236464619,1,SHORT,SHORT,0.28262535979350406,0.2264683979437286,0.8672408858935038,77.35316020562713,52.0,True,0.5467583735783895,UNRANKED,False,20,"5,10,20"
2019-04-05,2019-04-08,2019-04-09,GOOGL,XLK,60.05911231969315,59.46891843497985,1,SHORT,SHORT,0.2864572405815124,0.2379283379690222,0.8877957264582316,76.20716620309777,52.0,True,0.5161517113447189,UNRANKED,False,20,"5,10,20"
2019-04-08,2019-04-09,2019-04-10,GOOGL,XLK,59.601894179377005,59.04974318058027,1,SHORT,SHORT,0.3161948422590891,0.2500602721823004,0.8797837297121683,74.99397278176995,52.0,True,0.48257768154144287,UNRANKED,False,20,"5,10,20"
2019-04-09,2019-04-10,2019-04-11,GOOGL,XLK,59.760586220474245,59.2735398424748,1,SHORT,SHORT,0.2948684444030125,0.2355221738447777,0.9078361392021179,76.44778261552223,52.0,True,0.333313450217247,UNRANKED,False,20,"5,10,20"
2019-04-10,2019-04-11,2019-04-12,GOOGL,XLK,59.94952062749646,59.483514212265575,1,SHORT,SHORT,0.3043658087650935,0.2303107311358086,0.9265681703885397,76.96892688641914,52.0,True,0.3771895120541255,UNRANKED,False,20,"5,10,20"
2019-04-11,2019-04-12,2019-04-15,GOOGL,XLK,60.282764136523824,59.90651564060446,1,SHORT,SHORT,0.3082588762044906,0.23850506739345664,0.9408980210622152,76.14949326065434,52.0,True,0.3500217050313949,UNRANKED,False,20,"5,10,20"
2019-04-12,2019-04-15,2019-04-16,GOOGL,XLK,60.70278993353485,60.316374996924225,1,SHORT,SHORT,0.2780532091856002,0.21919855702213753,0.9461067914962769,78.08014429778625,52.0,True,0.20456516246000933,UNRANKED,False,20,"5,10,20"
2019-04-15,2019-04-16,2019-04-17,GOOGL,XLK,60.9958771320126,60.62271036652711,1,SHORT,SHORT,0.30304018159707385,0.23455825746357759,0.9424745639165243,76.54417425364224,52.0,True,0.32493550578753155,UNRANKED,False,20,"5,10,20"
2019-04-16,2019-04-17,2019-04-18,GOOGL,XLK,61.342996123690995,60.99267585260771,1,SHORT,SHORT,0.31382500628630317,0.2491349597426998,0.9313064416249593,75.08650402573002,52.0,True,0.368066743016243,UNRANKED,False,20,"5,10,20"
2019-04-17,2019-04-18,2019-04-22,GOOGL,XLK,61.73972217701901,61.38058314329272,1,SHORT,SHORT,0.3312869767347972,0.23903073040776054,0.9101665417353312,76.09692695922394,52.0,True,0.4038581202427545,UNRANKED,False,20,"5,10,20"
2019-04-18,2019-04-22,2019-04-23,GOOGL,XLK,61.32663423190125,60.97914882584307,1,SHORT,SHORT,0.33776500821113586,0.2407834844602406,0.918865442276001,75.92165155397595,52.0,True,0.2584320108095804,UNRANKED,False,20,"5,10,20"
2019-04-22,2019-04-23,2019-04-24,GOOGL,XLK,62.3169510889072,62.00417915548783,1,SHORT,SHORT,0.28161960840225214,0.21537544123061514,0.8993499875068665,78.46245587693849,52.0,True,0.29974593718846626,UNRANKED,False,20,"5,10,20"
2019-04-23,2019-04-24,2019-04-25,GOOGL,XLK,63.008733957122125,62.65958398066426,1,SHORT,SHORT,0.3274361838897069,0.2463132631805808,0.8836507797241211,75.36867368194193,52.0,True,0.3377282172441482,UNRANKED,False,20,"5,10,20"
2019-04-24,2019-04-25,2019-04-26,GOOGL,XLK,62.994350322114855,62.62653339706603,1,SHORT,SHORT,0.2837382604678471,0.22987504696350156,0.895327111085256,77.01249530364984,52.0,True,0.3211393555005391,UNRANKED,False,20,"5,10,20"
2019-04-25,2019-04-26,2019-04-29,GOOGL,XLK,63.14708736238461,62.78405243283662,1,SHORT,SHORT,0.2957566777865091,0.23220258367090865,0.889127254486084,76.77974163290914,52.0,True,0.3653936237096785,UNRANKED,False,20,"5,10,20"
2019-04-26,2019-04-29,2019-04-30,GOOGL,XLK,63.50066293959323,64.4266691204927,1,SHORT,SHORT,0.30316721896330506,0.23991435071130907,0.9065418243408203,76.00856492886909,52.0,True,0.44044063488642377,UNRANKED,False,20,"5,10,20"
2019-04-29,2019-04-30,2019-05-01,GOOGL,XLK,59.04350662741325,60.10774517569206,1,SHORT,SHORT,0.31994302074114483,0.24339188333876405,0.8887552420298258,75.66081166612359,52.0,True,0.46321891744931537,UNRANKED,False,20,"5,10,20"
2019-04-30,2019-05-01,2019-05-02,GOOGL,XLK,59.384193611523294,61.26002671415827,1,SHORT,SHORT,0.29324704408645624,0.2276062597860924,0.8862624565760294,77.23937402139076,52.0,True,0.22744182248910264,UNRANKED,False,20,"5,10,20"
2019-05-01,2019-05-02,2019-05-03,GOOGL,XLK,58.149397554904354,57.32156247189654,1,SHORT,SHORT,0.33646778265635174,0.2332741811965909,0.9032353162765503,76.6725818803409,52.0,True,0.4824420313040416,UNRANKED,False,20,"5,10,20"
2019-05-02,2019-05-03,2019-05-06,GOOGL,XLK,58.38792177079416,57.54708674446185,1,SHORT,SHORT,0.2856746514638265,0.21653367607535542,0.9199509819348654,78.34663239246446,52.0,True,0.4801238675912222,UNRANKED,False,20,"5,10,20"
2019-05-03,2019-05-06,2019-05-07,GOOGL,XLK,58.1196430747011,57.24374089879778,1,SHORT,SHORT,0.2651813179254532,0.2114540261853964,0.9307963848114014,78.85459738146035,52.0,True,0.6676754901806513,UNRANKED,False,20,"5,10,20"
2019-05-06,2019-05-07,2019-05-08,GOOGL,XLK,58.80448254772637,57.928190182788455,1,SHORT,SHORT,0.2598662450909614,0.20982358233983656,0.9339389204978943,79.01764176601634,52.0,True,0.690811187028885,UNRANKED,False,20,"5,10,20"
2019-05-07,2019-05-08,2019-05-09,GOOGL,XLK,58.38197156478098,57.473021031595295,1,SHORT,SHORT,0.27604828774929047,0.20170887427094755,0.893023947874705,79.82911257290525,52.0,True,0.616879716515541,UNRANKED,False,20,"5,10,20"
2019-05-08,2019-05-09,2019-05-10,GOOGL,XLK,57.653495645746986,56.7450756279596,1,SHORT,SHORT,0.24496317654848096,0.17945160291510628,0.8480915228525797,82.05483970848937,52.0,True,0.7589373340209326,UNRANKED,False,20,"5,10,20"
2019-05-09,2019-05-10,2019-05-13,GOOGL,XLK,57.9629366500334,60.247092223197114,1,SHORT,SHORT,0.23091800014177954,0.18356557081370464,0.8762069940567017,81.64344291862953,52.0,True,0.6245499998331069,UNRANKED,False,20,"5,10,20"
2019-05-10,2019-05-13,2019-05-14,GOOGL,XLK,56.79260867834261,58.970854631493765,1,SHORT,SHORT,0.20963400105635321,0.15584051770132942,0.9405024250348409,84.41594822986706,52.0,True,0.15905662377675375,UNRANKED,False,20,"5,10,20"
2019-05-13,2019-05-14,2019-05-15,GOOGL,XLK,56.64780825816616,55.726140341732005,1,SHORT,SHORT,0.2323389848073323,0.18273277029389867,0.817099412282308,81.72672297061013,52.0,True,0.3933599442243578,UNRANKED,False,20,"5,10,20"
2019-05-14,2019-05-15,2019-05-16,GOOGL,XLK,55.66741209976144,54.74152921532715,1,SHORT,SHORT,0.217973031103611,0.18614824323921889,0.8354004224141439,81.38517567607812,52.0,True,0.2647706965605417,UNRANKED,False,20,"5,10,20"
2019-05-15,2019-05-16,2019-05-17,GOOGL,XLK,58.11170663709032,57.04891917240352,1,SHORT,SHORT,0.20867928614219022,0.17462390595012237,0.9104153911272684,82.53760940498776,52.0,True,-0.09074704845746363,UNRANKED,False,20,"5,10,20"
2019-05-16,2019-05-17,2019-05-20,GOOGL,XLK,58.30956848230212,60.9985928625773,1,SHORT,SHORT,0.20938932398955024,0.1679272889120272,0.9637837608655294,83.20727110879727,52.0,True,-0.2725123316049575,UNRANKED,False,20,"5,10,20"
2019-05-17,2019-05-20,2019-05-21,GOOGL,XLK,57.1774327504438,56.112661643178875,1,SHORT,SHORT,0.22039768099784848,0.17404721665963008,0.944681723912557,82.59527833403699,52.0,True,0.524804929892222,UNRANKED,False,20,"5,10,20"
2019-05-20,2019-05-21,2019-05-22,GOOGL,XLK,57.25082666279853,56.44505796860209,1,SHORT,SHORT,0.23574123531579969,0.18421517203478924,0.8690597216288248,81.57848279652107,52.0,True,0.6924610882997513,UNRANKED,False,20,"5,10,20"
2019-05-21,2019-05-22,2019-05-23,GOOGL,XLK,57.09064953946734,56.34105907446664,1,SHORT,SHORT,0.2696114455660184,0.20034365910306337,0.7978420257568359,79.96563408969367,52.0,True,0.690745969613393,UNRANKED,False,20,"5,10,20"
2019-05-22,2019-05-23,2019-05-24,GOOGL,XLK,56.83377289198655,56.1033104089892,1,SHORT,SHORT,0.24379368126392362,0.19277182055776912,0.845587154229482,80.7228179442231,52.0,True,0.6716260661681493,UNRANKED,False,20,"5,10,20"
2019-05-23,2019-05-24,2019-05-28,GOOGL,XLK,57.12783560846031,56.441756038235,1,SHORT,SHORT,0.262035662929217,0.1899173787063023,0.7716012001037598,81.00826212936977,52.0,True,0.8757756600777308,UNRANKED,False,20,"5,10,20"
2019-05-24,2019-05-28,2019-05-29,GOOGL,XLK,56.60615046527899,58.346321352817355,1,SHORT,SHORT,0.2547542303800583,0.18935503868516887,0.7791226108868917,81.06449613148311,52.0,True,0.8547539412975311,UNRANKED,False,20,"5,10,20"
2019-05-28,2019-05-29,2019-05-30,GOOGL,XLK,56.170749826952495,55.52303194234382,1,SHORT,SHORT,0.2907883375883102,0.19710472393167613,0.7945853670438131,80.2895276068324,52.0,True,0.8576811800400416,UNRANKED,False,20,"5,10,20"
2019-05-29,2019-05-30,2019-05-31,GOOGL,XLK,55.548398497513155,54.85980449683305,1,SHORT,SHORT,0.27953542272249854,0.1964084953104133,0.7596550981203715,80.35915046895867,52.0,True,0.6022591292858125,UNRANKED,False,20,"5,10,20"
2019-05-30,2019-05-31,2019-06-03,GOOGL,XLK,54.828839872947505,56.538458441367915,1,SHORT,SHORT,0.28039585550626117,0.19919723439348339,0.7222742040952047,80.08027656065167,52.0,True,0.6192054251829785,UNRANKED,False,20,"5,10,20"
2019-05-31,2019-06-03,2019-06-04,GOOGL,XLK,52.90920711845489,52.17371468463443,1,SHORT,SHORT,0.25921688477198285,0.2081278706468873,0.6275619665781657,79.18721293531127,52.0,True,0.6432627439498901,UNRANKED,False,20,"5,10,20"
2019-06-03,2019-06-04,2019-06-05,GOOGL,XLK,51.79639981884811,50.93087525437755,1,SHORT,SHORT,0.25988395015398663,0.2120530072104381,0.8307652473449707,78.79469927895619,52.0,True,0.4545411666234335,UNRANKED,False,20,"5,10,20"
2019-06-04,2019-06-05,2019-06-06,GOOGL,XLK,52.317596014695845,51.437832002767834,1,SHORT,SHORT,0.2987334877252578,0.2132671693615861,0.80677729845047,78.6732830638414,52.0,True,0.7197790344556173,UNRANKED,False,20,"5,10,20"
2019-06-05,2019-06-06,2019-06-07,GOOGL,XLK,51.881704456905,51.12977721735073,1,SHORT,SHORT,0.2436507741610209,0.18530767571955373,0.8760782281557719,81.46923242804462,52.0,True,0.5148167461156845,UNRANKED,False,20,"5,10,20"
2019-06-06,2019-06-07,2019-06-10,GOOGL,XLK,52.28189037260562,51.567438174032105,1,SHORT,SHORT,0.21001269419987992,0.16880883167414776,0.8647788166999817,83.11911683258522,52.0,True,0.26428746183713264,UNRANKED,False,20,"5,10,20"
2019-06-07,2019-06-10,2019-06-11,GOOGL,XLK,53.40857649267084,52.676803933641125,1,SHORT,SHORT,0.24483675758043918,0.20189937584116524,0.8215700387954712,79.81006241588348,52.0,True,0.5904790312051773,UNRANKED,False,20,"5,10,20"
2019-06-10,2019-06-11,2019-06-12,GOOGL,XLK,54.39988048817252,56.1431508172392,1,SHORT,SHORT,0.23034241547187165,0.19244556078093575,0.8870976169904073,80.75544392190642,52.0,True,0.5291222135225931,UNRANKED,False,20,"5,10,20"
2019-06-11,2019-06-12,2019-06-13,GOOGL,XLK,53.5548731804683,52.88611451565594,1,SHORT,SHORT,0.22138705104589462,0.18174988195776687,0.850526769955953,81.82501180422331,52.0,True,0.5371873974800109,UNRANKED,False,20,"5,10,20"
2019-06-12,2019-06-13,2019-06-14,GOOGL,XLK,53.79091982164258,53.120284325775536,1,SHORT,SHORT,0.22739914059638974,0.1773960393120125,0.8566929896672567,82.26039606879874,52.0,True,0.6423682272434235,UNRANKED,False,20,"5,10,20"
2019-06-13,2019-06-14,2019-06-17,GOOGL,XLK,54.0403495364506,53.36475547909499,1,SHORT,SHORT,0.2441761096318563,0.20486420068185693,0.8127100268999735,79.5135799318143,52.0,True,0.6158864001433054,UNRANKED,False,20,"5,10,20"
2019-06-14,2019-06-17,2019-06-18,GOOGL,XLK,54.00862747187131,53.34018815171576,1,SHORT,SHORT,0.2714936186869939,0.22103835670890035,0.7092623511950175,77.89616432910996,52.0,True,0.7206304172674813,UNRANKED,False,20,"5,10,20"
2019-06-17,2019-06-18,2019-06-19,GOOGL,XLK,55.11944356839526,54.42748336985662,1,SHORT,SHORT,0.279125764966011,0.22770288221552437,0.8234219948450724,77.22971177844757,52.0,True,0.6034181167682012,UNRANKED,False,20,"5,10,20"
2019-06-18,2019-06-19,2019-06-20,GOOGL,XLK,54.908178996972794,54.24551213121526,1,SHORT,SHORT,0.3003963828086853,0.23115378034144093,0.7420120239257812,76.8846219658559,52.0,True,0.7477438350518545,UNRANKED,False,20,"5,10,20"
2019-06-19,2019-06-20,2019-06-21,GOOGL,XLK,55.62526225263157,54.965215811417146,1,SHORT,SHORT,0.26143458485603327,0.21375272123791103,0.8524667024612427,78.6247278762089,52.0,True,0.48909151554107666,UNRANKED,False,20,"5,10,20"
2019-06-20,2019-06-21,2019-06-24,GOOGL,XLK,55.038106748909904,54.400092091753095,1,SHORT,SHORT,0.26777741312980646,0.21779327818048308,0.9021241267522176,78.22067218195168,52.0,True,0.45030057430267334,UNRANKED,False,20,"5,10,20"
2019-06-21,2019-06-24,2019-06-25,GOOGL,XLK,55.54095626027802,56.643721207351824,1,SHORT,SHORT,0.295642152428627,0.2242796142551052,0.9182035724322001,77.57203857448948,52.0,True,0.42619242270787555,UNRANKED,False,20,"5,10,20"
2019-06-24,2019-06-25,2019-06-26,GOOGL,XLK,55.29696765407689,56.33703668919826,1,SHORT,SHORT,0.2980182468891144,0.23748627420825938,0.8966494003931681,76.25137257917406,52.0,True,0.6360108554363251,UNRANKED,False,20,"5,10,20"
2019-06-25,2019-06-26,2019-06-27,GOOGL,XLK,54.10283853958426,55.31355192611991,1,SHORT,SHORT,0.3112749954064687,0.23548770249188258,0.8782043854395548,76.45122975081175,52.0,True,0.711633304754893,UNRANKED,False,20,"5,10,20"
2019-06-26,2019-06-27,2019-06-28,GOOGL,XLK,53.89208865547855,53.39313933209686,1,SHORT,SHORT,0.26284176607926685,0.21307759929475512,0.8420052925745646,78.69224007052449,52.0,True,0.6667451212803522,UNRANKED,False,20,"5,10,20"
2019-06-27,2019-06-28,2019-07-01,GOOGL,XLK,53.41998464668975,52.98096857700504,1,SHORT,SHORT,0.2740681668122609,0.2149590171351422,0.8246100346247355,78.50409828648579,52.0,True,0.5535135666529337,UNRANKED,False,20,"5,10,20"
2019-06-28,2019-07-01,2019-07-02,GOOGL,XLK,54.60072427201799,54.19082524160505,1,SHORT,SHORT,0.2616573025782903,0.20382266359093962,0.8928657571474711,79.61773364090604,52.0,True,0.513858199119568,UNRANKED,False,20,"5,10,20"
2019-07-01,2019-07-02,2019-07-03,GOOGL,XLK,54.78867275994016,54.3239415435095,1,SHORT,SHORT,0.27371298770109803,0.21343683318856535,0.8883769710858663,78.65631668114347,52.0,True,0.5932847609122595,UNRANKED,False,20,"5,10,20"
2019-07-02,2019-07-03,2019-07-05,GOOGL,XLK,55.46656960642054,54.964078336627715,1,SHORT,SHORT,0.2954198569059372,0.2226080427596998,0.860612690448761,77.73919572403003,52.0,True,0.6624561150868734,UNRANKED,False,20,"5,10,20"
2019-07-03,2019-07-05,2019-07-08,GOOGL,XLK,55.509712175195695,55.01260453315817,1,SHORT,SHORT,0.2609056507547696,0.20580909818156454,0.8825283845265707,79.41909018184354,52.0,True,0.49243682622909546,UNRANKED,False,20,"5,10,20"
2019-07-05,2019-07-08,2019-07-09,GOOGL,XLK,55.83204812175117,55.31733674174629,1,SHORT,SHORT,0.29519814501206076,0.23370123283918043,0.932137151559194,76.62987671608195,52.0,True,0.5193551232417425,UNRANKED,False,20,"5,10,20"
2019-07-08,2019-07-09,2019-07-10,GOOGL,XLK,55.060916875496474,54.51684213576782,1,SHORT,SHORT,0.3149917721748352,0.22857737839520295,0.8699657122294108,77.1422621604797,52.0,True,0.6192933718363444,UNRANKED,False,20,"5,10,20"
2019-07-09,2019-07-10,2019-07-11,GOOGL,XLK,56.15190482385969,55.62146762685564,1,SHORT,SHORT,0.3168277442455291,0.23074292441507493,0.8480907281239828,76.9257075584925,52.0,True,0.5459508448839189,UNRANKED,False,20,"5,10,20"
2019-07-10,2019-07-11,2019-07-12,GOOGL,XLK,56.838228291488626,56.25150687120054,1,SHORT,SHORT,0.30067028601964313,0.23399495200875578,0.8432995478312174,76.60050479912442,52.0,True,0.5075311362743377,UNRANKED,False,20,"5,10,20"
2019-07-11,2019-07-12,2019-07-15,GOOGL,XLK,56.67805836922192,56.110890814639056,1,SHORT,SHORT,0.25875042875607807,0.21131417601086025,0.9556158582369486,78.86858239891397,52.0,True,0.4873032569885254,UNRANKED,False,20,"5,10,20"
2019-07-12,2019-07-15,2019-07-16,GOOGL,XLK,56.797567312446006,56.269043731077424,1,SHORT,SHORT,0.2352393219868342,0.19804144729007112,0.951478123664856,80.1958552709929,52.0,True,0.36168356736501056,UNRANKED,False,20,"5,10,20"
2019-07-15,2019-07-16,2019-07-17,GOOGL,XLK,56.866501193341406,56.35037483312935,1,SHORT,SHORT,0.2300852263967196,0.1832333608707073,0.9237552483876547,81.67666391292927,52.0,True,0.4560354351997375,UNRANKED,False,20,"5,10,20"
2019-07-16,2019-07-17,2019-07-18,GOOGL,XLK,57.07428317923879,56.650855052494926,1,SHORT,SHORT,0.24400183806816733,0.19251844329042064,0.9246906240781149,80.74815567095793,52.0,True,0.3157665034135182,UNRANKED,False,20,"5,10,20"
2019-07-17,2019-07-18,2019-07-19,GOOGL,XLK,56.63193513480286,57.68572413735762,1,SHORT,SHORT,0.26032947748899454,0.20898037324094668,0.9216230312983195,79.10196267590534,52.0,True,0.25200692812601727,UNRANKED,False,20,"5,10,20"
2019-07-18,2019-07-19,2019-07-22,GOOGL,XLK,56.99494077721943,58.02048194652224,1,SHORT,SHORT,0.2572948882977168,0.20798874840135106,0.9168566266695658,79.20112515986489,52.0,True,0.33256583909193677,UNRANKED,False,20,"5,10,20"
2019-07-19,2019-07-22,2019-07-23,GOOGL,XLK,56.30811247619203,55.86417462959953,1,SHORT,SHORT,0.26085137327512103,0.20898037324094668,0.9073545734087626,79.10196267590534,52.0,True,0.27921907603740687,UNRANKED,False,20,"5,10,20"
2019-07-22,2019-07-23,2019-07-24,GOOGL,XLK,56.703846866852054,56.293701515987095,1,SHORT,SHORT,0.28101309388875956,0.22116804950699806,0.8360708554585775,77.88319504930018,52.0,True,0.5165560046831769,UNRANKED,False,20,"5,10,20"
2019-07-23,2019-07-24,2019-07-25,GOOGL,XLK,56.166782066704464,55.76995491390731,1,SHORT,SHORT,0.26893928647041315,0.2204920102018562,0.8212640881538391,77.95079897981438,52.0,True,0.49408528705437976,UNRANKED,False,20,"5,10,20"
2019-07-24,2019-07-25,2019-07-26,GOOGL,XLK,56.48068849261149,56.091193460437246,1,SHORT,SHORT,0.28355230391025543,0.21665098568102037,0.8824702103932699,78.33490143189796,52.0,True,0.3625689546267192,UNRANKED,False,20,"5,10,20"
2019-07-25,2019-07-26,2019-07-29,GOOGL,XLK,60.89669100249889,60.52805936710548,1,SHORT,SHORT,0.32169214884440106,0.24052580495973744,0.8191448648770651,75.94741950402626,52.0,True,0.47322551409403496,UNRANKED,False,20,"5,10,20"
2019-07-26,2019-07-29,2019-07-30,GOOGL,XLK,61.61575350439837,63.364425036075616,1,SHORT,SHORT,0.29693253835042316,0.2331003775229088,0.8251983722050985,76.68996224770912,52.0,True,0.6222033798694611,UNRANKED,False,20,"5,10,20"
2019-07-29,2019-07-30,2019-07-31,GOOGL,XLK,60.8471010159969,60.1622260726724,1,SHORT,SHORT,0.2919360051552454,0.23224997929761257,0.8396783272425333,76.77500207023874,52.0,True,0.46343305706977844,UNRANKED,False,20,"5,10,20"
2019-07-30,2019-07-31,2019-08-01,GOOGL,XLK,60.74146785832368,60.066440283512016,1,SHORT,SHORT,0.3005082855621974,0.23212959667345204,0.8332567016283671,76.7870403326548,52.0,True,0.5063801209131877,UNRANKED,False,20,"5,10,20"
2019-07-31,2019-08-01,2019-08-02,GOOGL,XLK,60.38244041742566,62.12872299494031,1,SHORT,SHORT,0.2744416445493698,0.2188556831283316,0.8394850889841715,78.11443168716684,52.0,True,0.6119955877463022,UNRANKED,False,20,"5,10,20"
2019-08-01,2019-08-02,2019-08-05,GOOGL,XLK,59.65693772407873,61.44891220048428,1,SHORT,SHORT,0.2840538298090299,0.22134950137988074,0.8840346932411194,77.86504986201193,52.0,True,0.6569295177857081,UNRANKED,False,20,"5,10,20"
2019-08-02,2019-08-05,2019-08-06,GOOGL,XLK,58.16773746931278,57.41449906381264,1,SHORT,SHORT,0.2679734602570533,0.21439572660708897,0.9456849694252014,78.56042733929111,52.0,True,0.5548423975706099,UNRANKED,False,20,"5,10,20"
2019-08-05,2019-08-06,2019-08-07,GOOGL,XLK,57.7982955394837,56.90825882029774,1,SHORT,SHORT,0.3116677055756251,0.2207613598958967,0.9514949520428976,77.92386401041033,52.0,True,0.8808628370364507,UNRANKED,False,20,"5,10,20"
2019-08-06,2019-08-07,2019-08-08,GOOGL,XLK,57.41546170450556,56.491384806748165,1,SHORT,SHORT,0.2585954690972964,0.20126572625692032,0.8947379986445109,79.87342737430797,52.0,True,0.37592357397079473,UNRANKED,False,20,"5,10,20"
2019-08-07,2019-08-08,2019-08-09,GOOGL,XLK,58.83522822791274,57.89581324988539,1,SHORT,SHORT,0.20962427059809363,0.16679497947522912,0.8594862023989359,83.32050205247708,52.0,True,0.17997459073861455,UNRANKED,False,20,"5,10,20"
2019-08-08,2019-08-09,2019-08-12,GOOGL,XLK,59.5076692799245,61.985407796595815,1,SHORT,SHORT,0.24559554457664481,0.19454820184203295,0.967475692431132,80.54517981579671,52.0,True,-0.10881140331427246,UNRANKED,False,20,"5,10,20"
2019-08-09,2019-08-12,2019-08-13,GOOGL,XLK,58.51636146272874,57.49115448815424,1,SHORT,SHORT,0.22712582349777213,0.17868208598855853,0.9420478343963623,82.13179140114416,52.0,True,-0.005978574355443439,UNRANKED,False,20,"5,10,20"
2019-08-12,2019-08-13,2019-08-14,GOOGL,XLK,58.23617021869178,57.19126905204837,1,SHORT,SHORT,0.2732064773639043,0.1924078991045586,0.934235672156016,80.75921008954414,52.0,True,0.9188382824261981,UNRANKED,False,20,"5,10,20"
2019-08-13,2019-08-14,2019-08-15,GOOGL,XLK,58.32147609646405,57.22730429993783,1,SHORT,SHORT,0.2535423934459686,0.18829976817270433,0.91704261302948,81.17002318272957,52.0,True,0.727866659561793,UNRANKED,False,20,"5,10,20"
2019-08-14,2019-08-15,2019-08-16,GOOGL,XLK,57.94260643286453,56.74681082870367,1,SHORT,SHORT,0.20621341963609055,0.17097382196562813,0.9276157816251119,82.90261780343718,52.0,True,0.4158487270275751,UNRANKED,False,20,"5,10,20"
2019-08-15,2019-08-16,2019-08-19,GOOGL,XLK,58.55553907300545,57.72887128736092,1,SHORT,SHORT,0.21563012649615607,0.1763671581822368,0.9138747255007426,82.36328418177632,52.0,True,0.13988930483659104,UNRANKED,False,20,"5,10,20"
2019-08-16,2019-08-19,2019-08-20,GOOGL,XLK,59.10301619731981,58.25328883918295,1,SHORT,SHORT,0.1913209110498428,0.1444506993888641,0.9084659417470297,85.5549300611136,52.0,True,0.21837277710437766,UNRANKED,False,20,"5,10,20"
2019-08-19,2019-08-20,2019-08-21,GOOGL,XLK,59.2775765475695,58.40167246431755,1,SHORT,SHORT,0.208640011648337,0.16957980782020998,0.9721009929974875,83.042019217979,52.0,True,0.2331093301375707,UNRANKED,False,20,"5,10,20"
2019-08-20,2019-08-21,2019-08-22,GOOGL,XLK,59.30088211482607,58.39979394518321,1,SHORT,SHORT,0.23530862232049302,0.184589104967949,0.9711177945137024,81.5410895032051,52.0,True,0.42088844378789264,UNRANKED,False,20,"5,10,20"
2019-08-21,2019-08-22,2019-08-23,GOOGL,XLK,59.20070661276185,61.46786226003968,1,SHORT,SHORT,0.24333389600117997,0.19718153723853157,0.9668493469556173,80.28184627614684,52.0,True,0.5130687753359476,UNRANKED,False,20,"5,10,20"
2019-08-22,2019-08-23,2019-08-26,GOOGL,XLK,58.77274669404673,57.92043351612053,1,SHORT,SHORT,0.2500282277663548,0.18430336841684203,0.9207931359608968,81.56966315831579,52.0,True,0.6796388179063797,UNRANKED,False,20,"5,10,20"
2019-08-23,2019-08-26,2019-08-27,GOOGL,XLK,57.49728508668494,56.65783070828441,1,SHORT,SHORT,0.24117184678713477,0.17753951164115914,0.8434406518936157,82.2460488358841,52.0,True,0.8253742953141529,UNRANKED,False,20,"5,10,20"
2019-08-26,2019-08-27,2019-08-28,GOOGL,XLK,58.665131895722865,57.82117971676779,1,SHORT,SHORT,0.31758912404378253,0.19563188322516878,0.912344753742218,80.43681167748312,52.0,True,0.8391782542069753,UNRANKED,False,20,"5,10,20"
2019-08-27,2019-08-28,2019-08-29,GOOGL,XLK,57.76606404377272,56.93794558325375,1,SHORT,SHORT,0.3047623932361602,0.1889093832982838,0.8821520805358887,81.10906167017163,52.0,True,0.8780513803164164,UNRANKED,False,20,"5,10,20"
2019-08-28,2019-08-29,2019-08-30,GOOGL,XLK,58.8347290486105,58.10348836737096,1,SHORT,SHORT,0.23353135089079535,0.18156294735038003,0.9032296538352966,81.843705264962,52.0,True,0.7743088205655416,UNRANKED,False,20,"5,10,20"
2019-08-29,2019-08-30,2019-09-03,GOOGL,XLK,59.52552378949316,61.38196188131619,1,SHORT,SHORT,0.2537939598162969,0.1884045024367916,0.9303016463915507,81.15954975632084,52.0,True,0.6688296149174372,UNRANKED,False,20,"5,10,20"
2019-08-30,2019-09-03,2019-09-04,GOOGL,XLK,58.60809877311892,57.903389311361806,1,SHORT,SHORT,0.27463217576344806,0.21274108481136975,0.950279692808787,78.72589151886302,52.0,True,0.5889625499645869,UNRANKED,False,20,"5,10,20"
2019-09-03,2019-09-04,2019-09-05,GOOGL,XLK,58.48908990958668,57.78880740400633,1,SHORT,SHORT,0.3526964485645294,0.2304875834705525,0.9342671831448873,76.95124165294474,52.0,True,0.659384603301684,UNRANKED,False,20,"5,10,20"
2019-09-04,2019-09-05,2019-09-06,GOOGL,XLK,59.19376342201617,58.56347270938712,1,SHORT,SHORT,0.3428011884291966,0.21222736358913488,0.8785505294799805,78.77726364108652,52.0,True,0.8921074966589609,UNRANKED,False,20,"5,10,20"
2019-09-05,2019-09-06,2019-09-09,GOOGL,XLK,59.96142202276999,59.24310853312853,1,SHORT,SHORT,0.26692575216293335,0.20472376843591847,0.8959005872408549,79.52762315640815,52.0,True,0.6507378419240314,UNRANKED,False,20,"5,10,20"
2019-09-06,2019-09-09,2019-09-10,GOOGL,XLK,59.85926639431514,59.15519235213113,1,SHORT,SHORT,0.2693084975083669,0.21290865838826015,0.9265980323155721,78.70913416117399,52.0,True,0.49940194686253875,UNRANKED,False,20,"5,10,20"
2019-09-09,2019-09-10,2019-09-11,GOOGL,XLK,59.314264425007416,58.68167127010019,1,SHORT,SHORT,0.23826818664868668,0.20314613430477504,0.8071884910265604,79.68538656952249,52.0,True,0.4795976479848226,UNRANKED,False,20,"5,10,20"
2019-09-10,2019-09-11,2019-09-12,GOOGL,XLK,59.70107231415297,59.126854381588096,1,SHORT,SHORT,0.2768966456254323,0.21690792370579262,0.843755841255188,78.30920762942074,52.0,True,0.4201184958219528,UNRANKED,False,20,"5,10,20"
2019-09-11,2019-09-12,2019-09-13,GOOGL,XLK,60.67205268326003,60.07569588263573,1,SHORT,SHORT,0.23265588283538818,0.19167660308395293,0.7496132254600525,80.8323396916047,52.0,True,0.532721663514773,UNRANKED,False,20,"5,10,20"
2019-09-12,2019-09-13,2019-09-16,GOOGL,XLK,61.10050182835218,60.45133108904205,1,SHORT,SHORT,0.25786522527535755,0.20464093018314858,0.7546897133191427,79.53590698168514,52.0,True,0.45085270206133526,UNRANKED,False,20,"5,10,20"
2019-09-13,2019-09-16,2019-09-17,GOOGL,XLK,61.01769203079815,60.48498781370482,1,SHORT,SHORT,0.23206236710151032,0.19696925788193434,0.8050524195035299,80.30307421180657,52.0,True,0.5358557800451915,UNRANKED,False,20,"5,10,20"
2019-09-16,2019-09-17,2019-09-18,GOOGL,XLK,61.0767020090676,60.576585660801,1,SHORT,SHORT,0.2549742236733436,0.21452822992274653,0.8142296473185221,78.54717700772534,52.0,True,0.3104485323031742,UNRANKED,False,20,"5,10,20"
2019-09-17,2019-09-18,2019-09-19,GOOGL,XLK,61.00776648504539,60.50272618004399,1,SHORT,SHORT,0.2534089311957359,0.20807871926893284,0.8032957911491394,79.19212807310672,52.0,True,0.3891557604074478,UNRANKED,False,20,"5,10,20"
2019-09-18,2019-09-19,2019-09-20,GOOGL,XLK,61.11091940299707,60.60644639797475,1,SHORT,SHORT,0.24455463637908295,0.21182916272748997,0.8580474058787028,78.817083727251,52.0,True,0.3733978519837062,UNRANKED,False,20,"5,10,20"
2019-09-19,2019-09-20,2019-09-23,GOOGL,XLK,61.17638292238166,60.722881084787495,1,SHORT,SHORT,0.2539290686448415,0.2174129530666006,0.8874716361363729,78.25870469333994,52.0,True,0.4854112217823665,UNRANKED,False,20,"5,10,20"
2019-09-20,2019-09-23,2019-09-24,GOOGL,XLK,60.82577302120918,60.35385246282469,1,SHORT,SHORT,0.26756384968757624,0.2201560382920238,0.8496623436609904,77.98439617079762,52.0,True,0.545396402478218,UNRANKED,False,20,"5,10,20"
2019-09-23,2019-09-24,2019-09-25,GOOGL,XLK,61.49177059527287,61.07698575509779,1,SHORT,SHORT,0.32675237456957495,0.2400097560541151,0.8763229846954346,75.99902439458849,52.0,True,0.5224356998999914,UNRANKED,False,20,"5,10,20"
2019-09-24,2019-09-25,2019-09-26,GOOGL,XLK,60.30210031254571,59.874422340569566,1,SHORT,SHORT,0.2986668845017751,0.2214797746793745,0.7778661648432413,77.85202253206255,52.0,True,0.5366024225950241,UNRANKED,False,20,"5,10,20"
2019-09-25,2019-09-26,2019-09-27,GOOGL,XLK,61.597893202784334,62.64663181863778,1,SHORT,SHORT,0.3037507037321726,0.22522763526999134,0.7355477412541708,77.47723647300087,52.0,True,0.36344483494758606,UNRANKED,False,20,"5,10,20"
2019-09-26,2019-09-27,2019-09-30,GOOGL,XLK,61.63210816601724,62.661188148229854,1,SHORT,SHORT,0.32354242106278736,0.23067047496935048,0.789630134900411,76.93295250306495,52.0,True,0.5406829416751863,UNRANKED,False,20,"5,10,20"
2019-09-27,2019-09-30,2019-10-01,GOOGL,XLK,60.529720383312835,61.69419895779316,1,SHORT,SHORT,0.32006234923998517,0.2342346628162014,0.7662059863408407,76.57653371837986,52.0,True,0.5473642547925314,UNRANKED,False,20,"5,10,20"
2019-09-30,2019-10-01,2019-10-02,GOOGL,XLK,60.62344843370685,61.82671498622324,1,SHORT,SHORT,0.33884039024511964,0.23357118336491386,0.8344729145367941,76.6428816635086,52.0,True,0.5240269750356675,UNRANKED,False,20,"5,10,20"
2019-10-01,2019-10-02,2019-10-03,GOOGL,XLK,59.33460125465061,58.850319714733615,1,SHORT,SHORT,0.32032431662082667,0.22280677354859782,0.7715725501378378,77.71932264514022,52.0,True,0.7577275335788727,UNRANKED,False,20,"5,10,20"
2019-10-02,2019-10-03,2019-10-04,GOOGL,XLK,58.68199662919146,58.151277962024885,1,SHORT,SHORT,0.3211611012617747,0.2267597635242092,0.755964457988739,77.32402364757908,52.0,True,0.7636371453603109,UNRANKED,False,20,"5,10,20"
2019-10-03,2019-10-04,2019-10-07,GOOGL,XLK,59.22500261671592,58.67143609275526,1,SHORT,SHORT,0.2976044267416,0.21492844124933397,0.8210082650184631,78.5071558750666,52.0,True,0.7181703299283982,UNRANKED,False,20,"5,10,20"
2019-10-04,2019-10-07,2019-10-08,GOOGL,XLK,59.85529824338502,61.35548584474698,1,SHORT,SHORT,0.309160312016805,0.2119319359116502,0.9345608750979105,78.80680640883499,52.0,True,0.6312102029720942,UNRANKED,False,20,"5,10,20"
2019-10-07,2019-10-08,2019-10-09,GOOGL,XLK,59.44716909480171,58.84369434155813,1,SHORT,SHORT,0.24859328071276343,0.20004456727290623,0.9605293671290079,79.99554327270938,52.0,True,0.4918734431266784,UNRANKED,False,20,"5,10,20"
2019-10-08,2019-10-09,2019-10-10,GOOGL,XLK,59.57412322169878,58.91627595345798,1,SHORT,SHORT,0.2443175291021665,0.20080769547407298,0.8935767014821371,79.9192304525927,52.0,True,0.6159543494383494,UNRANKED,False,20,"5,10,20"
2019-10-09,2019-10-10,2019-10-11,GOOGL,XLK,59.438743185067274,58.75904124371334,1,SHORT,SHORT,0.25184612969557446,0.2002156498858562,0.9304810365041097,79.97843501141439,52.0,True,0.6142122745513916,UNRANKED,False,20,"5,10,20"
2019-10-10,2019-10-11,2019-10-14,GOOGL,XLK,60.69981795147227,60.02663287543991,1,SHORT,SHORT,0.27783679465452826,0.20361552942054076,0.9064281582832336,79.63844705794592,52.0,True,0.5340367555618286,UNRANKED,False,20,"5,10,20"
2019-10-11,2019-10-14,2019-10-15,GOOGL,XLK,60.196971434793475,59.518862402026315,1,SHORT,SHORT,0.2721606393655141,0.19987218097322434,0.9305184682210287,80.01278190267756,52.0,True,0.5622248351573944,UNRANKED,False,20,"5,10,20"
2019-10-14,2019-10-15,2019-10-16,GOOGL,XLK,60.57435740883413,59.946901288751825,1,SHORT,SHORT,0.3164434731006622,0.21035120805375485,0.9493192434310913,78.96487919462452,52.0,True,0.7909573316574097,UNRANKED,False,20,"5,10,20"
2019-10-15,2019-10-16,2019-10-17,GOOGL,XLK,61.58152336884119,60.965189271115186,1,SHORT,SHORT,0.3282411148150762,0.22760906017350627,0.8967287540435791,77.23909398264938,52.0,True,0.7131272405385972,UNRANKED,False,20,"5,10,20"
2019-10-16,2019-10-17,2019-10-18,GOOGL,XLK,62.05709998659484,61.45100317393789,1,SHORT,SHORT,0.25885579983393353,0.2012753450126893,0.9049175381660461,79.87246549873107,52.0,True,0.6221976031859716,UNRANKED,False,20,"5,10,20"
2019-10-17,2019-10-18,2019-10-21,GOOGL,XLK,62.22025103490627,61.63731951635158,1,SHORT,SHORT,0.25080522398153937,0.1988504225511822,0.862851599852244,80.11495774488178,52.0,True,0.5854951490958532,UNRANKED,False,20,"5,10,20"
2019-10-18,2019-10-21,2019-10-22,GOOGL,XLK,61.92320288687026,61.3275904971695,1,SHORT,SHORT,0.2413734247287114,0.20621580554089114,0.8472623626391093,79.37841944591088,52.0,True,0.5234399884939194,UNRANKED,False,20,"5,10,20"
2019-10-21,2019-10-22,2019-10-23,GOOGL,XLK,61.713930473478726,61.17148542691762,1,SHORT,SHORT,0.26506715764602023,0.21823644864849556,0.7840761144955953,78.17635513515044,52.0,True,0.612070396542549,UNRANKED,False,20,"5,10,20"
2019-10-22,2019-10-23,2019-10-24,GOOGL,XLK,61.50218828619417,61.048297077000534,1,SHORT,SHORT,0.2743604059020678,0.22684801992630302,0.7339945435523987,77.3151980073697,52.0,True,0.5706807474295298,UNRANKED,False,20,"5,10,20"
2019-10-23,2019-10-24,2019-10-25,GOOGL,XLK,62.43944549560547,61.968126841953826,1,SHORT,SHORT,0.26585192233324045,0.22036412330524013,0.8329099814097086,77.96358766947598,52.0,True,0.5044572800397873,UNRANKED,False,20,"5,10,20"
2019-10-24,2019-10-25,2019-10-28,GOOGL,XLK,62.08685509100352,61.68655574625952,1,SHORT,SHORT,0.25632279614607484,0.2100371734845613,0.861571192741394,78.99628265154386,52.0,True,0.48024617632230115,UNRANKED,False,20,"5,10,20"
2019-10-25,2019-10-28,2019-10-29,GOOGL,XLK,63.22742480904613,64.25013492802108,1,SHORT,SHORT,0.23743332177400586,0.19904052151574025,0.9219319820404053,80.09594784842598,52.0,True,0.35900011161963136,UNRANKED,False,20,"5,10,20"
2019-10-28,2019-10-29,2019-10-30,GOOGL,XLK,63.277011173374184,64.35781095735332,1,SHORT,SHORT,0.3087862928708394,0.24403232634365876,0.9160382548967997,75.59676736563412,52.0,True,0.39397075772285467,UNRANKED,False,20,"5,10,20"
2019-10-29,2019-10-30,2019-10-31,GOOGL,XLK,62.243062237785296,61.75389080093053,1,SHORT,SHORT,0.29965479671955103,0.23519995113512193,0.873235821723938,76.4800048864878,52.0,True,0.5146511892477671,UNRANKED,False,20,"5,10,20"
2019-10-30,2019-10-31,2019-11-01,GOOGL,XLK,62.48357798246875,62.01930779945047,1,SHORT,SHORT,0.2827887882788976,0.21631639260068303,0.8798237045605978,78.3683607399317,52.0,True,0.5915603886047999,UNRANKED,False,20,"5,10,20"
2019-10-31,2019-11-01,2019-11-04,GOOGL,XLK,62.77119448475886,62.322297259242674,1,SHORT,SHORT,0.29617464045683534,0.22916215956509425,0.8906153639157613,77.08378404349058,52.0,True,0.4514293124278386,UNRANKED,False,20,"5,10,20"
2019-11-01,2019-11-04,2019-11-05,GOOGL,XLK,63.28247250724453,62.793230498490345,1,SHORT,SHORT,0.2810339381297429,0.2285877080416995,0.9168903827667236,77.14122919583005,52.0,True,0.2991052865982055,UNRANKED,False,20,"5,10,20"
2019-11-04,2019-11-05,2019-11-06,GOOGL,XLK,64.03079142816,63.566734050753475,1,SHORT,SHORT,0.29497098426024115,0.23237289107405323,0.910727322101593,76.76271089259468,52.0,True,0.3314929753541946,UNRANKED,False,20,"5,10,20"
2019-11-05,2019-11-06,2019-11-07,GOOGL,XLK,63.97574173910318,63.50789337004974,1,SHORT,SHORT,0.27532881995042163,0.2202024851738883,0.9128458897272745,77.97975148261116,52.0,True,0.3759537488222123,UNRANKED,False,20,"5,10,20"
2019-11-06,2019-11-07,2019-11-08,GOOGL,XLK,64.18352592571782,63.74886733022395,1,SHORT,SHORT,0.28002877781788504,0.22928853210663144,0.9196073611577352,77.07114678933685,52.0,True,0.31561860442161543,UNRANKED,False,20,"5,10,20"
2019-11-07,2019-11-08,2019-11-11,GOOGL,XLK,64.54255550304146,64.0811885771207,1,SHORT,SHORT,0.3014988452196121,0.23450516776803312,0.9324352542559305,76.54948322319669,52.0,True,0.4269166390101115,UNRANKED,False,20,"5,10,20"
2019-11-08,2019-11-11,2019-11-12,GOOGL,XLK,64.6655481315942,64.19734554065182,1,SHORT,SHORT,0.2650962670644124,0.205550989091543,0.9380932052930196,79.4449010908457,52.0,True,0.3518501420815788,UNRANKED,False,20,"5,10,20"
2019-11-11,2019-11-12,2019-11-13,GOOGL,XLK,64.39626264933645,63.9009988684701,1,SHORT,SHORT,0.2908475200335185,0.2353178969677605,0.893632193406423,76.46821030322396,52.0,True,0.28345176080862683,UNRANKED,False,20,"5,10,20"
2019-11-12,2019-11-13,2019-11-14,GOOGL,XLK,64.12897616917114,63.688118963099015,1,SHORT,SHORT,0.2762666294972102,0.22157857048801888,0.8978506127993265,77.84214295119811,52.0,True,0.2599184115727743,UNRANKED,False,20,"5,10,20"
2019-11-13,2019-11-14,2019-11-15,GOOGL,XLK,64.21922425111995,63.779961860983235,1,SHORT,SHORT,0.28437704344590503,0.22466074725290452,0.9203312794367472,77.53392527470955,52.0,True,0.2766837030649184,UNRANKED,False,20,"5,10,20"
2019-11-14,2019-11-15,2019-11-18,GOOGL,XLK,65.21350347174067,64.74668370855707,1,SHORT,SHORT,0.30790099501609797,0.2308474113573662,0.9085571765899658,76.91525886426338,52.0,True,0.23910690347353614,UNRANKED,False,20,"5,10,20"
2019-11-15,2019-11-18,2019-11-19,GOOGL,XLK,66.07092657964729,67.23540924130326,1,SHORT,SHORT,0.32163772980372113,0.24074729204448767,0.8758359551429749,75.92527079555124,52.0,True,0.2793099333842595,UNRANKED,False,20,"5,10,20"
2019-11-18,2019-11-19,2019-11-20,GOOGL,XLK,65.78775594457024,66.8227711870106,1,SHORT,SHORT,0.3243576188882192,0.24625278433434872,0.8412491679191589,75.37472156656513,52.0,True,0.27586204310258233,UNRANKED,False,20,"5,10,20"
2019-11-19,2019-11-20,2019-11-21,GOOGL,XLK,65.03052251032652,66.12938556705434,1,SHORT,SHORT,0.32336644828319544,0.23693553801901612,0.8321685791015625,76.30644619809839,52.0,True,0.33530570069948823,UNRANKED,False,20,"5,10,20"
2019-11-20,2019-11-21,2019-11-22,GOOGL,XLK,64.429983634344,63.959161436293634,1,SHORT,SHORT,0.2969790299733479,0.22474426226345176,0.8554816643397013,77.52557377365483,52.0,True,0.19131253659725175,UNRANKED,False,20,"5,10,20"
2019-11-21,2019-11-22,2019-11-25,GOOGL,XLK,64.61594984719095,64.18667651432264,1,SHORT,SHORT,0.2997959752877553,0.2216487049711493,0.8715126911799113,77.83512950288507,52.0,True,0.19084089994430545,UNRANKED,False,20,"5,10,20"
2019-11-22,2019-11-25,2019-11-26,GOOGL,XLK,64.28172221866342,63.891023377023494,1,SHORT,SHORT,0.311150257786115,0.22718314525015626,0.8574308156967163,77.28168547498437,52.0,True,0.22487889230251312,UNRANKED,False,20,"5,10,20"
2019-11-25,2019-11-26,2019-11-27,GOOGL,XLK,64.958610565882,64.53199444213757,1,SHORT,SHORT,0.3290846248467763,0.22790520310672827,0.8472231030464172,77.20947968932718,52.0,True,0.3778628061215083,UNRANKED,False,20,"5,10,20"
2019-11-26,2019-11-27,2019-11-29,GOOGL,XLK,65.23187450313948,66.35977966758563,1,SHORT,SHORT,0.2961303244034449,0.21743407047318888,0.8567530512809753,78.25659295268112,52.0,True,0.3453294585148492,UNRANKED,False,20,"5,10,20"
2019-11-27,2019-11-29,2019-12-02,GOOGL,XLK,64.79447292018561,65.78901218104987,1,SHORT,SHORT,0.32474385201930994,0.24616468147960777,0.8929727872212728,75.38353185203923,52.0,True,0.36407435437043506,UNRANKED,False,20,"5,10,20"
2019-11-29,2019-12-02,2019-12-03,GOOGL,XLK,64.59413550286762,64.17513623964915,1,SHORT,SHORT,0.316735178232193,0.2380914707633602,0.9088700413703918,76.19085292366398,52.0,True,0.41130831837654114,UNRANKED,False,20,"5,10,20"
2019-12-02,2019-12-03,2019-12-04,GOOGL,XLK,63.40892668143017,62.973952283498384,1,SHORT,SHORT,0.3208953191836675,0.21650226831707067,0.8960246443748474,78.34977316829294,52.0,True,0.42952491343021393,UNRANKED,False,20,"5,10,20"
2019-12-03,2019-12-04,2019-12-05,GOOGL,XLK,64.7696896992999,64.31767913585821,1,SHORT,SHORT,0.3537377615769704,0.22558034300030205,0.9174422224362692,77.4419656999698,52.0,True,0.5778928250074387,UNRANKED,False,20,"5,10,20"
2019-12-04,2019-12-05,2019-12-06,GOOGL,XLK,65.80610544051169,65.27202221035684,1,SHORT,SHORT,0.3219591776529948,0.22607631716816054,0.8435433705647787,77.39236828318394,52.0,True,0.5085679392019906,UNRANKED,False,20,"5,10,20"
2019-12-05,2019-12-06,2019-12-09,GOOGL,XLK,66.09124539427988,65.57469614762809,1,SHORT,SHORT,0.30090297758579254,0.22408286035359223,0.8748739163080851,77.59171396464077,52.0,True,0.3984193205833435,UNRANKED,False,20,"5,10,20"
2019-12-06,2019-12-09,2019-12-10,GOOGL,XLK,66.39424795925537,65.92006310556536,1,SHORT,SHORT,0.2680398126443227,0.2065794707539623,0.9279452164967855,79.34205292460376,52.0,True,0.2691893925269445,UNRANKED,False,20,"5,10,20"
2019-12-09,2019-12-10,2019-12-11,GOOGL,XLK,66.44781095349515,66.00940087571892,1,SHORT,SHORT,0.29019710918267566,0.21995307306746958,0.8421619137128195,78.00469269325305,52.0,True,0.49458156029383327,UNRANKED,False,20,"5,10,20"
2019-12-10,2019-12-11,2019-12-12,GOOGL,XLK,66.86238425419971,66.44930158644023,1,SHORT,SHORT,0.26056028405825293,0.2132090690981792,0.8701748053232828,78.67909309018208,52.0,True,0.37346813579400373,UNRANKED,False,20,"5,10,20"
2019-12-11,2019-12-12,2019-12-13,GOOGL,XLK,66.60996742116053,66.23007425448225,1,SHORT,SHORT,0.24741538862387333,0.20270088943356737,0.9066251516342163,79.72991105664326,52.0,True,0.3292101522286732,UNRANKED,False,20,"5,10,20"
2019-12-12,2019-12-13,2019-12-16,GOOGL,XLK,66.84253439101849,66.45371537769539,1,SHORT,SHORT,0.2385008831818898,0.19505415988479521,0.9136520425478617,80.49458401152047,52.0,True,0.314951072136561,UNRANKED,False,20,"5,10,20"
2019-12-13,2019-12-16,2019-12-17,GOOGL,XLK,67.19464273779465,66.82300239617216,1,SHORT,SHORT,0.28378163278102875,0.21402303684012694,0.8953952590624491,78.5976963159873,52.0,True,0.38781240085760754,UNRANKED,False,20,"5,10,20"
2019-12-16,2019-12-17,2019-12-18,GOOGL,XLK,67.56209574408568,68.50767064076189,1,SHORT,SHORT,0.26508633792400355,0.21145526464284317,0.927223781744639,78.85447353571568,52.0,True,0.36376852293809253,UNRANKED,False,20,"5,10,20"
2019-12-17,2019-12-18,2019-12-19,GOOGL,XLK,67.29382753188531,66.92108637762331,1,SHORT,SHORT,0.25896018743515015,0.20412034023098458,0.912483831246694,79.58796597690154,52.0,True,0.3171551128228506,UNRANKED,False,20,"5,10,20"
2019-12-18,2019-12-19,2019-12-20,GOOGL,XLK,67.04140744524219,66.66119220912333,1,SHORT,SHORT,0.2802969465653102,0.22627836100771492,0.9143075346946716,77.37216389922851,52.0,True,0.27953798572222394,UNRANKED,False,20,"5,10,20"
2019-12-19,2019-12-20,2019-12-23,GOOGL,XLK,67.59631951614024,68.5157719108982,1,SHORT,SHORT,0.2948474735021591,0.2287789922160849,0.9007619023323059,77.12210077839151,52.0,True,0.32589751978715265,UNRANKED,False,20,"5,10,20"
2019-12-20,2019-12-23,2019-12-24,GOOGL,XLK,67.37960705864413,68.2104201940637,1,SHORT,SHORT,0.31166924536228174,0.2449567536168046,0.909605880578359,75.50432463831955,52.0,True,0.32412262757619226,UNRANKED,False,20,"5,10,20"
2019-12-23,2019-12-24,2019-12-26,GOOGL,XLK,66.95710366488333,66.64351593120588,1,SHORT,SHORT,0.3316105703512828,0.24114961723784922,0.9338750243186951,75.88503827621508,52.0,True,0.47661709288756055,UNRANKED,False,20,"5,10,20"
2019-12-24,2019-12-26,2019-12-27,GOOGL,XLK,66.7755909441983,66.52576260557525,1,SHORT,SHORT,0.3277314901351928,0.23731481949759234,0.9216963648796082,76.26851805024076,52.0,True,0.3068293978770574,UNRANKED,False,20,"5,10,20"
2019-12-26,2019-12-27,2019-12-30,GOOGL,XLK,67.64094676593687,68.35424883328481,1,SHORT,SHORT,0.3532104988892873,0.24560295382361544,0.9295970598856608,75.43970461763845,52.0,True,0.21703567604223886,UNRANKED,False,20,"5,10,20"
2019-12-27,2019-12-30,2019-12-31,GOOGL,XLK,67.28438834287245,67.95695353059915,1,SHORT,SHORT,0.32264975706736243,0.22831586198536033,0.8578670422236124,77.16841380146397,52.0,True,0.11605033278465272,UNRANKED,False,20,"5,10,20"
2019-12-30,2019-12-31,2020-01-02,GOOGL,XLK,66.24199981929917,65.93284040419034,1,SHORT,SHORT,0.3339734971523285,0.2242628328032564,0.8352868954340616,77.57371671967435,52.0,True,0.32127220928668976,UNRANKED,False,20,"5,10,20"
2019-12-31,2020-01-02,2020-01-03,GOOGL,XLK,66.86784303993142,66.55790379171016,1,SHORT,SHORT,0.3286242087682088,0.22359007517767657,0.8412428100903829,77.64099248223233,52.0,True,0.181355893611908,UNRANKED,False,20,"5,10,20"
2020-01-02,2020-01-03,2020-01-06,GOOGL,XLK,66.84750602902096,66.43863369712922,1,SHORT,SHORT,0.3177287379900614,0.22951672669775758,0.8210241198539734,77.04832733022424,52.0,True,0.21863252421220147,UNRANKED,False,20,"5,10,20"
2020-01-03,2020-01-06,2020-01-07,GOOGL,XLK,67.02751070483214,66.60829454882628,1,SHORT,SHORT,0.32560983796914417,0.2316713948699581,0.812447170416514,76.83286051300419,52.0,True,0.12532824277877805,UNRANKED,False,20,"5,10,20"
2020-01-06,2020-01-07,2020-01-08,GOOGL,XLK,69.44900196622598,68.9069798061046,1,SHORT,SHORT,0.35615747173627216,0.22811570930612682,0.8681833545366923,77.18842906938733,52.0,True,0.46390291551748913,UNRANKED,False,20,"5,10,20"
2020-01-07,2020-01-08,2020-01-09,GOOGL,XLK,69.16931180182212,68.66671508289774,1,SHORT,SHORT,0.2909416854381561,0.22243267596066316,0.8721828659375509,77.75673240393368,52.0,True,0.44738446176052094,UNRANKED,False,20,"5,10,20"
2020-01-08,2020-01-09,2020-01-10,GOOGL,XLK,70.51370271406968,69.99651314323403,1,SHORT,SHORT,0.31236220896244044,0.24008547461556864,0.8859123190244039,75.99145253844314,52.0,True,0.4147147834300995,UNRANKED,False,20,"5,10,20"
2020-01-09,2020-01-10,2020-01-13,GOOGL,XLK,70.887623572567,70.32874154044507,1,SHORT,SHORT,0.25613108774026233,0.2057120167465455,0.9028162558873495,79.42879832534545,52.0,True,0.3546027143796286,UNRANKED,False,20,"5,10,20"
2020-01-10,2020-01-13,2020-01-14,GOOGL,XLK,71.17424616511539,70.59892823734614,1,SHORT,SHORT,0.22983325272798535,0.19001657158363772,0.8759472966194153,80.99834284163623,52.0,True,0.45232207576433825,UNRANKED,False,20,"5,10,20"
2020-01-13,2020-01-14,2020-01-15,GOOGL,XLK,71.4097937019993,70.81375433868318,1,SHORT,SHORT,0.23344453175862626,0.18379064056491165,0.8678420583407084,81.62093594350883,52.0,True,0.47605516016483307,UNRANKED,False,20,"5,10,20"
2020-01-14,2020-01-15,2020-01-16,GOOGL,XLK,71.06365964443332,70.43627164394503,1,SHORT,SHORT,0.2556995575626691,0.20676474164157024,0.872127374013265,79.32352583584297,52.0,True,0.49620683987935393,UNRANKED,False,20,"5,10,20"
2020-01-15,2020-01-16,2020-01-17,GOOGL,XLK,71.68006159560105,71.04413684758904,1,SHORT,SHORT,0.24790250509977338,0.2044806022468101,0.9284668763478597,79.55193977531898,52.0,True,0.35385923584302265,UNRANKED,False,20,"5,10,20"
2020-01-16,2020-01-17,2020-01-21,GOOGL,XLK,72.52755882003636,71.91671134689183,1,SHORT,SHORT,0.23784013837575912,0.2007481715529437,0.9062725305557251,79.92518284470563,52.0,True,0.3976109077533086,UNRANKED,False,20,"5,10,20"
2020-01-17,2020-01-21,2020-01-22,GOOGL,XLK,73.34381561207009,72.65670471119118,1,SHORT,SHORT,0.29125381509462983,0.23446665434332994,0.9161524375279745,76.55333456566701,52.0,True,0.36185054977734876,UNRANKED,False,20,"5,10,20"
2020-01-21,2020-01-22,2020-01-23,GOOGL,XLK,73.87591692725086,73.23202055186721,1,SHORT,SHORT,0.31154797474543255,0.2440365870448696,0.910702625910441,75.59634129551304,52.0,True,0.3334649056196213,UNRANKED,False,20,"5,10,20"
2020-01-22,2020-01-23,2020-01-24,GOOGL,XLK,73.7678173234847,75.38906774855097,1,SHORT,SHORT,0.29152369002501166,0.2383246444492768,0.9100803931554159,76.16753555507232,52.0,True,0.4573549181222915,UNRANKED,False,20,"5,10,20"
2020-01-23,2020-01-24,2020-01-27,GOOGL,XLK,74.02914675123824,75.39828383401935,1,SHORT,SHORT,0.2635761002699534,0.2169052822640982,0.9412688811620077,78.30947177359018,52.0,True,0.3638428797324498,UNRANKED,False,20,"5,10,20"
2020-01-24,2020-01-27,2020-01-28,GOOGL,XLK,70.99027408970458,70.40238073992083,1,SHORT,SHORT,0.25896618266900373,0.2177656264013995,0.883139451344808,78.22343735986004,52.0,True,0.4303312152624131,UNRANKED,False,20,"5,10,20"
2020-01-27,2020-01-28,2020-01-29,GOOGL,XLK,71.49607551541948,70.91473581553807,1,SHORT,SHORT,0.28958782056967414,0.21477064606113414,0.863300104935964,78.52293539388658,52.0,True,0.6691266496976217,UNRANKED,False,20,"5,10,20"
2020-01-28,2020-01-29,2020-01-30,GOOGL,XLK,72.32522928653594,71.68696830892712,1,SHORT,SHORT,0.29078280925750727,0.19982361909313182,0.809792677561442,80.01763809068682,52.0,True,0.5962824374437331,UNRANKED,False,20,"5,10,20"
2020-01-29,2020-01-30,2020-01-31,GOOGL,XLK,71.3155792213507,70.690530175243,1,SHORT,SHORT,0.281272863348325,0.19878252463105497,0.7350623408953348,80.1217475368945,52.0,True,0.65400925775369,UNRANKED,False,20,"5,10,20"
2020-01-30,2020-01-31,2020-02-03,GOOGL,XLK,72.79137767304688,72.20989791928014,1,SHORT,SHORT,0.2536044816176096,0.20536024857148003,0.8757292628288269,79.463975142852,52.0,True,0.3007070223490397,UNRANKED,False,20,"5,10,20"
2020-01-31,2020-02-03,2020-02-04,GOOGL,XLK,72.4834173068673,74.04603855974467,1,SHORT,SHORT,0.2497166941563288,0.1944730287593083,0.5917225579420725,80.55269712406917,52.0,True,0.6622560968001683,UNRANKED,False,20,"5,10,20"
2020-02-03,2020-02-04,2020-02-05,GOOGL,XLK,72.12835081014188,71.36604459676298,1,SHORT,SHORT,0.3313757528861363,0.220499349636836,0.823976993560791,77.9500650363164,52.0,True,0.46812458336353285,UNRANKED,False,20,"5,10,20"
2020-02-04,2020-02-05,2020-02-06,GOOGL,XLK,72.5806094341786,71.72000882644282,1,SHORT,SHORT,0.28220785657564795,0.20745452440309,0.8181918859481812,79.254547559691,52.0,True,0.7313973158597946,UNRANKED,False,20,"5,10,20"
2020-02-05,2020-02-06,2020-02-07,GOOGL,XLK,72.00389677738615,71.17152710924302,1,SHORT,SHORT,0.2930255085229873,0.2054769408361433,0.9335684776306152,79.45230591638567,52.0,True,0.5431312272946038,UNRANKED,False,20,"5,10,20"
2020-02-06,2020-02-07,2020-02-10,GOOGL,XLK,72.76807109346798,71.86854095517975,1,SHORT,SHORT,0.28503244121869403,0.20417141036752043,0.9251255393028259,79.58285896324796,52.0,True,0.40010902285575867,UNRANKED,False,20,"5,10,20"
2020-02-07,2020-02-10,2020-02-11,GOOGL,XLK,73.25603845469743,72.44938420577863,1,SHORT,SHORT,0.2514116764068603,0.20549759714580898,0.8457825183868408,79.4502402854191,52.0,True,0.5260225931803385,UNRANKED,False,20,"5,10,20"
2020-02-10,2020-02-11,2020-02-12,GOOGL,XLK,75.0432628919805,74.14160905722883,1,SHORT,SHORT,0.24961882332960764,0.1997692534186887,0.837682286898295,80.02307465813114,52.0,True,0.6902810037136079,UNRANKED,False,20,"5,10,20"
2020-02-11,2020-02-12,2020-02-13,GOOGL,XLK,75.17170572454793,74.27083008803845,1,SHORT,SHORT,0.24427292247613266,0.2027059367206642,0.7790586352348328,79.72940632793359,52.0,True,0.5902364502350491,UNRANKED,False,20,"5,10,20"
2020-02-12,2020-02-13,2020-02-14,GOOGL,XLK,74.88109681308607,73.95276952513964,1,SHORT,SHORT,0.22867313027381894,0.18342931700263884,0.8972869515419006,81.65706829973611,52.0,True,0.5717285325129827,UNRANKED,False,20,"5,10,20"
2020-02-13,2020-02-14,2020-02-18,GOOGL,XLK,75.10575582931537,74.22446757335136,1,SHORT,SHORT,0.2504166811704635,0.2065591061987214,0.8952457904815674,79.34408938012785,52.0,True,0.5367076943318049,UNRANKED,False,20,"5,10,20"
2020-02-14,2020-02-18,2020-02-19,GOOGL,XLK,75.09633617170891,74.3181232156891,1,SHORT,SHORT,0.21603748450676596,0.1846631239758878,0.9023652672767639,81.53368760241122,52.0,True,0.3649935970703761,UNRANKED,False,20,"5,10,20"
2020-02-18,2020-02-19,2020-02-20,GOOGL,XLK,75.73405324495363,75.01981058225134,1,SHORT,SHORT,0.2511495500802993,0.21185587478195098,0.7847205003102621,78.8144125218049,52.0,True,0.34102096656958264,UNRANKED,False,20,"5,10,20"
2020-02-19,2020-02-20,2020-02-21,GOOGL,XLK,75.32791507548832,77.10670023609798,1,SHORT,SHORT,0.26268238325913745,0.21823861647424425,0.8660644292831421,78.17613835257558,52.0,True,0.31387438873449963,UNRANKED,False,20,"5,10,20"
2020-02-20,2020-02-21,2020-02-24,GOOGL,XLK,74.6123229813126,76.43919240095546,1,SHORT,SHORT,0.2790033817291259,0.2238776426715597,0.8751862049102783,77.61223573284403,52.0,True,0.5503644893566768,UNRANKED,False,20,"5,10,20"
2020-02-21,2020-02-24,2020-02-25,GOOGL,XLK,70.56924154888083,72.5029075056505,1,SHORT,SHORT,0.32231141626834864,0.24876520335972627,0.7720019618670145,75.12347966402737,52.0,True,0.5499105950196584,UNRANKED,False,20,"5,10,20"
2020-02-24,2020-02-25,2020-02-26,GOOGL,XLK,70.96349914969215,73.01919318481353,1,SHORT,SHORT,0.29881580173969263,0.2155368049594509,0.871254543463389,78.44631950405491,52.0,True,0.5804353704055151,UNRANKED,False,20,"5,10,20"
2020-02-25,2020-02-26,2020-02-27,GOOGL,XLK,69.17725154343258,71.20062010640342,1,SHORT,SHORT,0.2825047671794891,0.2171683639317782,0.8204799890518188,78.28316360682219,52.0,True,0.6566440512736639,UNRANKED,False,20,"5,10,20"
2020-02-26,2020-02-27,2020-02-28,GOOGL,XLK,67.39994084412521,69.45438965306774,1,SHORT,SHORT,0.2214337388674418,0.18095407335735683,0.7834781606992086,81.90459266426431,52.0,True,0.48729529480139416,UNRANKED,False,20,"5,10,20"
2020-02-27,2020-02-28,2020-03-02,GOOGL,XLK,63.19319723297606,62.209896887691464,1,SHORT,SHORT,0.19934599598248795,0.1557731088850564,0.9205794533093771,84.42268911149435,52.0,True,0.18813084562619534,UNRANKED,False,20,"5,10,20"
2020-02-28,2020-03-02,2020-03-03,GOOGL,XLK,67.01562850899076,65.95737590191766,1,SHORT,SHORT,0.2388556251923243,0.19208500417584642,0.9268752137819926,80.79149958241536,52.0,True,0.07440536717573802,UNRANKED,False,20,"5,10,20"
2020-03-02,2020-03-03,2020-03-04,GOOGL,XLK,69.31114065170213,68.19082782472807,1,SHORT,SHORT,0.266197661558787,0.2065325788315453,0.9439182281494141,79.34674211684548,52.0,True,-0.02710519234339383,UNRANKED,False,20,"5,10,20"
2020-03-03,2020-03-04,2020-03-05,GOOGL,XLK,67.3910084911232,70.60976693795286,1,SHORT,SHORT,0.23666249712308243,0.18192278000926285,0.9044755697250366,81.8077219990737,52.0,True,-0.29431448876857763,UNRANKED,False,20,"5,10,20"
2020-03-04,2020-03-05,2020-03-06,GOOGL,XLK,66.72599709750645,70.2574381048481,1,SHORT,SHORT,0.22601758688688275,0.19315135189959895,0.9497807621955872,80.6848648100401,52.0,True,-0.7763019055128096,UNRANKED,False,20,"5,10,20"
2020-03-05,2020-03-06,2020-03-09,GOOGL,XLK,62.9769971984103,67.05392901560128,1,SHORT,SHORT,0.22299206753571824,0.16034715197402047,0.905937115351359,83.96528480259795,52.0,True,0.5866414805253347,UNRANKED,False,20,"5,10,20"
2020-03-06,2020-03-09,2020-03-10,GOOGL,XLK,59.75413363170908,58.07490607520796,1,SHORT,SHORT,0.19617549826701478,0.14215944371781908,0.8650306860605875,85.7840556282181,52.0,True,0.34044302503267926,UNRANKED,False,20,"5,10,20"
2020-03-09,2020-03-10,2020-03-11,GOOGL,XLK,62.20537812329449,67.10514763383613,1,SHORT,SHORT,0.1886153072118759,0.13765406873491073,0.906480093797048,86.23459312650893,52.0,True,0.6638767967621485,UNRANKED,False,20,"5,10,20"
2020-03-10,2020-03-11,2020-03-12,GOOGL,XLK,61.901885489595976,67.27940496090073,1,SHORT,SHORT,0.21707362433274588,0.16071870965165722,0.8813647826512655,83.92812903483427,52.0,True,0.6967384964227676,UNRANKED,False,20,"5,10,20"
2020-03-11,2020-03-12,2020-03-13,GOOGL,XLK,55.67088167650658,53.320131162067405,1,SHORT,SHORT,0.19251720607280728,0.14215944371781908,0.9208746949831644,85.7840556282181,52.0,True,0.908838391304016,UNRANKED,False,20,"5,10,20"
2020-03-12,2020-03-13,2020-03-16,GOOGL,XLK,58.2679152243598,64.7276513671995,1,SHORT,SHORT,0.1963405211766561,0.15665219734100747,0.9166963299115499,84.33478026589925,52.0,True,0.7841754307349523,UNRANKED,False,20,"5,10,20"
2020-03-13,2020-03-16,2020-03-17,GOOGL,XLK,54.03391030090798,51.3114466931199,1,SHORT,SHORT,0.20641299337148664,0.15392640497949386,0.9128803809483846,84.60735950205061,52.0,True,0.5937673250834148,UNRANKED,False,20,"5,10,20"
2020-03-16,2020-03-17,2020-03-18,GOOGL,XLK,54.084991706538645,50.980931124786416,1,SHORT,SHORT,0.21092144399881363,0.1718529104215792,0.9149739344914755,82.81470895784207,52.0,True,0.7675660798947016,UNRANKED,False,20,"5,10,20"
2020-03-17,2020-03-18,2020-03-19,GOOGL,XLK,52.56257095894629,49.31360010977288,1,SHORT,SHORT,0.21719131867090857,0.1752114632748456,0.8946438630421957,82.47885367251544,52.0,True,0.5390766461690267,UNRANKED,False,20,"5,10,20"
2020-03-18,2020-03-19,2020-03-20,GOOGL,XLK,53.96497557597738,50.888330406038065,1,SHORT,SHORT,0.20578326781590775,0.1573601567983908,0.8980845808982849,84.26398432016093,52.0,True,0.64256085952123,UNRANKED,False,20,"5,10,20"
2020-03-19,2020-03-20,2020-03-23,GOOGL,XLK,56.08148339433845,63.739269491183805,1,SHORT,SHORT,0.1957316845655441,0.1412334707048204,0.9403055508931478,85.87665292951796,52.0,True,0.13471557696660363,UNRANKED,False,20,"5,10,20"
2020-03-20,2020-03-23,2020-03-24,GOOGL,XLK,52.385533632275504,49.33520796612037,1,SHORT,SHORT,0.16210825492938352,0.11511840091811283,0.9163158734639486,88.4881599081887,52.0,True,0.21503913402557376,UNRANKED,False,20,"5,10,20"
2020-03-23,2020-03-24,2020-03-25,GOOGL,XLK,54.7465237525493,51.81847439254651,1,SHORT,SHORT,0.19878318905830375,0.1580619741006601,0.9445339838663737,84.19380258993398,52.0,True,0.6676757285992304,UNRANKED,False,20,"5,10,20"
2020-03-24,2020-03-25,2020-03-26,GOOGL,XLK,55.768078303487016,52.72668011884695,1,SHORT,SHORT,0.2277319307128588,0.184095823667734,0.9781183997790018,81.5904176332266,52.0,True,0.5395649522542955,UNRANKED,False,20,"5,10,20"
2020-03-25,2020-03-26,2020-03-27,GOOGL,XLK,55.27912035694048,52.3739185812534,1,SHORT,SHORT,0.2489483555157979,0.20831838918766543,0.9533403515815735,79.16816108123345,52.0,True,0.9398369739452997,UNRANKED,False,20,"5,10,20"
2020-03-26,2020-03-27,2020-03-30,GOOGL,XLK,55.911395704558494,52.85643082157161,1,SHORT,SHORT,0.23901772747437153,0.19839494814702782,0.9452783465385437,80.16050518529721,52.0,True,0.81919543693463,UNRANKED,False,20,"5,10,20"
2020-03-27,2020-03-30,2020-03-31,GOOGL,XLK,56.16777321835151,53.20947385398907,1,SHORT,SHORT,0.24106692274411515,0.197121653857121,0.906125028928121,80.2878346142879,52.0,True,0.6857151836156845,UNRANKED,False,20,"5,10,20"
2020-03-30,2020-03-31,2020-04-01,GOOGL,XLK,56.96568065824295,54.09002017065925,1,SHORT,SHORT,0.22638195504744843,0.18393554900579404,0.9334690769513448,81.6064450994206,52.0,True,0.8963646392027537,UNRANKED,False,20,"5,10,20"
2020-03-31,2020-04-01,2020-04-02,GOOGL,XLK,55.7393111206098,53.0359054678824,1,SHORT,SHORT,0.21459889163573576,0.17625119676420006,0.9442099332809448,82.37488032357999,52.0,True,0.8521695782740911,UNRANKED,False,20,"5,10,20"
2020-04-01,2020-04-02,2020-04-03,GOOGL,XLK,54.549151445625526,51.98566044177159,1,SHORT,SHORT,0.24017413457234696,0.1991341754672659,0.9613336523373922,80.08658245327341,52.0,True,0.8581445614496869,UNRANKED,False,20,"5,10,20"
2020-04-02,2020-04-03,2020-04-06,GOOGL,XLK,55.27862233919662,53.026096464650024,1,SHORT,SHORT,0.24334591130415598,0.19023267654868273,0.9563722610473633,80.97673234513174,52.0,True,0.8638406197230021,UNRANKED,False,20,"5,10,20"
2020-04-03,2020-04-06,2020-04-07,GOOGL,XLK,56.18562539316482,54.34731842120611,1,SHORT,SHORT,0.2303008312980334,0.19262575274189064,0.931077778339386,80.73742472581094,52.0,True,0.8895051181316376,UNRANKED,False,20,"5,10,20"
2020-04-06,2020-04-07,2020-04-08,GOOGL,XLK,60.35169060850497,58.35246362965801,1,SHORT,SHORT,0.22226824114720023,0.17321566134918642,0.9736319382985433,82.67843386508136,52.0,True,0.04548835754394533,UNRANKED,False,20,"5,10,20"
2020-04-07,2020-04-08,2020-04-09,GOOGL,XLK,59.66189584651864,57.75561505646214,1,SHORT,SHORT,0.24108019222815827,0.19182854546323724,0.9478999177614847,80.81714545367628,52.0,True,0.5507035553455353,UNRANKED,False,20,"5,10,20"
2020-04-08,2020-04-09,2020-04-13,GOOGL,XLK,60.40971213758575,58.48940388824842,1,SHORT,SHORT,0.22015183667341864,0.17858161812264806,0.9396011034647623,82.14183818773519,52.0,True,0.762573113044103,UNRANKED,False,20,"5,10,20"
2020-04-09,2020-04-13,2020-04-14,GOOGL,XLK,59.582551251526766,57.81466141126449,1,SHORT,SHORT,0.20262423902750015,0.17003155142296267,0.9363247950871786,82.99684485770373,52.0,True,0.7602690706650416,UNRANKED,False,20,"5,10,20"
2020-04-13,2020-04-14,2020-04-15,GOOGL,XLK,61.49028773908295,59.75866913033574,1,SHORT,SHORT,0.20804213980833686,0.1719117700082949,0.9360511700312296,82.8088229991705,52.0,True,0.7365145186583203,UNRANKED,False,20,"5,10,20"
2020-04-14,2020-04-15,2020-04-16,GOOGL,XLK,61.81460308752658,60.157581973722166,1,SHORT,SHORT,0.24114923675854996,0.1895303252169719,0.9277758598327637,81.04696747830282,52.0,True,0.69293346007665,UNRANKED,False,20,"5,10,20"
2020-04-15,2020-04-16,2020-04-17,GOOGL,XLK,62.837645447215486,61.253096497020174,1,SHORT,SHORT,0.22769645601511,0.1965057298419607,0.8417848745981852,80.34942701580393,52.0,True,0.6581809570391973,UNRANKED,False,20,"5,10,20"
2020-04-16,2020-04-17,2020-04-20,GOOGL,XLK,63.55968059070784,62.191805355286526,1,SHORT,SHORT,0.2255839904149373,0.18731980197669232,0.8869142134984335,81.26801980233077,52.0,True,0.5532987962166469,UNRANKED,False,20,"5,10,20"
2020-04-17,2020-04-20,2020-04-21,GOOGL,XLK,62.97402557231371,66.11840082844338,1,SHORT,SHORT,0.2031941066185633,0.16722241375181404,0.9037459294001261,83.2777586248186,52.0,True,0.4481965452432631,UNRANKED,False,20,"5,10,20"
2020-04-20,2020-04-21,2020-04-22,GOOGL,XLK,61.62615811769642,60.43287503664173,1,SHORT,SHORT,0.22963144381841025,0.1783426764857219,0.862875501314799,82.1657323514278,52.0,True,1.085077126820882,UNRANKED,False,20,"5,10,20"
2020-04-21,2020-04-22,2020-04-23,GOOGL,XLK,61.54682063658604,60.23540646291487,1,SHORT,SHORT,0.2493670930465062,0.20356928754625048,0.9142776131629944,79.64307124537495,52.0,True,1.1889706899722416,UNRANKED,False,20,"5,10,20"
2020-04-22,2020-04-23,2020-04-24,GOOGL,XLK,62.76821677257481,61.50497568588745,1,SHORT,SHORT,0.2403327375650406,0.19208500417584642,0.9054478406906128,80.79149958241536,52.0,True,0.9425208320220312,UNRANKED,False,20,"5,10,20"
2020-04-23,2020-04-24,2020-04-27,GOOGL,XLK,62.23562155598527,60.98006817420165,1,SHORT,SHORT,0.22229239592949546,0.18857828487028172,0.9012938737869263,81.14217151297183,52.0,True,0.8104329407215118,UNRANKED,False,20,"5,10,20"
2020-04-24,2020-04-27,2020-04-28,GOOGL,XLK,64.07045614945028,67.04197316735974,1,SHORT,SHORT,0.18725952506065366,0.15132898423406813,0.9541284640630087,84.86710157659319,52.0,True,0.13849134743213656,UNRANKED,False,20,"5,10,20"
2020-04-27,2020-04-28,2020-04-29,GOOGL,XLK,63.634064753405866,62.745655275082065,1,SHORT,SHORT,0.19332678864399586,0.15037073482815014,0.9665893912315369,84.96292651718498,52.0,True,-0.062434559067090396,UNRANKED,False,20,"5,10,20"
2020-04-28,2020-04-29,2020-04-30,GOOGL,XLK,66.69874197813101,65.67700583311148,1,SHORT,SHORT,0.2066507786512375,0.16795304805267763,0.9617314140001932,83.20469519473224,52.0,True,0.47699659566084535,UNRANKED,False,20,"5,10,20"
2020-04-29,2020-04-30,2020-05-01,GOOGL,XLK,66.02233182914512,64.69898092277305,1,SHORT,SHORT,0.18749889483054474,0.1408810418297127,0.9599437117576599,85.91189581702872,52.0,True,0.3671717594067256,UNRANKED,False,20,"5,10,20"
2020-04-30,2020-05-01,2020-05-04,GOOGL,XLK,65.66179886879097,64.32396110459594,1,SHORT,SHORT,0.2208843380212783,0.17850999665771392,0.9333180983861288,82.1490003342286,52.0,True,0.6068817675113679,UNRANKED,False,20,"5,10,20"
2020-05-01,2020-05-04,2020-05-05,GOOGL,XLK,64.8703571166815,63.44205217196192,1,SHORT,SHORT,0.2659236838420232,0.2057787092185336,0.9113180041313171,79.42212907814664,52.0,True,0.7357821961243949,UNRANKED,False,20,"5,10,20"
2020-05-04,2020-05-05,2020-05-06,GOOGL,XLK,66.3267965827604,65.07290668146297,1,SHORT,SHORT,0.25288949906826014,0.20712828128123753,0.896202564239502,79.28717187187625,52.0,True,0.6903598457574844,UNRANKED,False,20,"5,10,20"
2020-05-05,2020-05-06,2020-05-07,GOOGL,XLK,67.34341219746076,66.0250923318253,1,SHORT,SHORT,0.24430343260367712,0.18960313376640622,0.9395737846692404,81.03968662335937,52.0,True,0.8758349021275839,UNRANKED,False,20,"5,10,20"
2020-05-06,2020-05-07,2020-05-08,GOOGL,XLK,67.50755427769955,66.17697969709828,1,SHORT,SHORT,0.23536416391531623,0.18758118801529514,0.9749497175216675,81.2418811984705,52.0,True,0.33633196353912354,UNRANKED,False,20,"5,10,20"
2020-05-07,2020-05-08,2020-05-11,GOOGL,XLK,68.52464582755636,67.18599553284375,1,SHORT,SHORT,0.19094713032245628,0.13846703531505825,0.9878179828325906,86.15329646849418,52.0,True,-0.07336174945036554,UNRANKED,False,20,"5,10,20"
2020-05-08,2020-05-11,2020-05-12,GOOGL,XLK,68.27522045062422,66.94645267413496,1,SHORT,SHORT,0.18665030101935062,0.13182525502310857,0.9901038209597269,86.81747449768913,52.0,True,-0.047557001312573816,UNRANKED,False,20,"5,10,20"
2020-05-11,2020-05-12,2020-05-13,GOOGL,XLK,69.83383223606998,72.89239315242565,1,SHORT,SHORT,0.20084988574186957,0.15686268891134938,0.982025682926178,84.31373110886507,52.0,True,0.08465440074602759,UNRANKED,False,20,"5,10,20"
2020-05-12,2020-05-13,2020-05-14,GOOGL,XLK,68.24396464855478,67.08373264956622,1,SHORT,SHORT,0.2721167852481206,0.1953000644497819,0.9523716767628986,80.46999355502182,52.0,True,0.8319464723269143,UNRANKED,False,20,"5,10,20"
2020-05-13,2020-05-14,2020-05-15,GOOGL,XLK,66.12944679284938,64.91930438475089,1,SHORT,SHORT,0.23503457009792328,0.17830778570999153,0.9630175630251566,82.16922142900086,52.0,True,1.1674148788054783,UNRANKED,False,20,"5,10,20"
2020-05-14,2020-05-15,2020-05-18,GOOGL,XLK,66.86039957997617,65.63927629332021,1,SHORT,SHORT,0.24567011992136636,0.17856287488084654,0.9109708468119303,82.14371251191534,52.0,True,1.0255885670582452,UNRANKED,False,20,"5,10,20"
2020-05-15,2020-05-18,2020-05-19,GOOGL,XLK,67.52093388071376,66.2627603468654,1,SHORT,SHORT,0.23968899746735886,0.18093466465414243,0.8983834981918335,81.90653353458576,52.0,True,0.7323210189739865,UNRANKED,False,20,"5,10,20"
2020-05-18,2020-05-19,2020-05-20,GOOGL,XLK,68.70613674497264,67.54059087269306,1,SHORT,SHORT,0.23652186989784238,0.18521186344339913,0.9671862324078878,81.47881365566009,52.0,True,0.20275542140007022,UNRANKED,False,20,"5,10,20"
2020-05-19,2020-05-20,2020-05-21,GOOGL,XLK,68.88863698818672,68.07309176985524,1,SHORT,SHORT,0.2670436749855677,0.21066101618898223,0.9181512792905172,78.93389838110177,52.0,True,0.5895518710215887,UNRANKED,False,20,"5,10,20"
2020-05-20,2020-05-21,2020-05-22,GOOGL,XLK,69.9711931242331,69.04853229659638,1,SHORT,SHORT,0.23523000876108802,0.18666280683731382,0.9272156357765198,81.33371931626861,52.0,True,0.29818967481454217,UNRANKED,False,20,"5,10,20"
2020-05-21,2020-05-22,2020-05-26,GOOGL,XLK,69.61958897415187,68.79246124500845,1,SHORT,SHORT,0.26486494640509284,0.21212605068928672,0.9057925740877787,78.78739493107133,52.0,True,0.5749153991540273,UNRANKED,False,20,"5,10,20"
2020-05-22,2020-05-26,2020-05-27,GOOGL,XLK,71.50698744626067,73.5828612299172,1,SHORT,SHORT,0.2108573292692502,0.16933049375308307,0.9535380403200785,83.0669506246917,52.0,True,0.5264641443888346,UNRANKED,False,20,"5,10,20"
2020-05-26,2020-05-27,2020-05-28,GOOGL,XLK,70.4179995868047,69.65137241133735,1,SHORT,SHORT,0.24777069687843323,0.198413438715177,0.9443535407384237,80.15865612848229,52.0,True,0.42023271322250366,UNRANKED,False,20,"5,10,20"
2020-05-27,2020-05-28,2020-05-29,GOOGL,XLK,69.42619987696052,68.66842770376019,1,SHORT,SHORT,0.2790353596210479,0.22316522626372484,0.9574585556983948,77.68347737362753,52.0,True,0.41952618956565857,UNRANKED,False,20,"5,10,20"
2020-05-28,2020-05-29,2020-06-01,GOOGL,XLK,70.4393250257835,69.75880755664986,1,SHORT,SHORT,0.32105403145154315,0.23660130497343812,0.9446951548258463,76.33986950265619,52.0,True,0.6680392275253931,UNRANKED,False,20,"5,10,20"
2020-05-29,2020-06-01,2020-06-02,GOOGL,XLK,70.70065785212817,70.01936109483883,1,SHORT,SHORT,0.30046054224173224,0.21257215043207323,0.9403008818626404,78.74278495679268,52.0,True,0.6628014942010244,UNRANKED,False,20,"5,10,20"
2020-06-01,2020-06-02,2020-06-03,GOOGL,XLK,71.16184772780194,70.54395723359156,1,SHORT,SHORT,0.30661282936731976,0.22149191495306764,0.9340080221494039,77.85080850469323,52.0,True,0.723413368066152,UNRANKED,False,20,"5,10,20"
2020-06-02,2020-06-03,2020-06-04,GOOGL,XLK,71.54370623911738,72.90273573653647,1,SHORT,SHORT,0.3069523672262827,0.22502314246224833,0.9572955369949341,77.49768575377517,52.0,True,0.7538166294495264,UNRANKED,False,20,"5,10,20"
2020-06-03,2020-06-04,2020-06-05,GOOGL,XLK,71.25010157229207,70.79075916070585,1,SHORT,SHORT,0.2979077498118083,0.2237542760399253,0.8811354239781698,77.62457239600748,52.0,True,0.6473192224899929,UNRANKED,False,20,"5,10,20"
2020-06-04,2020-06-05,2020-06-08,GOOGL,XLK,70.20178767828749,69.68428148757879,1,SHORT,SHORT,0.2651137759288152,0.21367175754761045,0.9006085197130839,78.63282424523895,52.0,True,0.5960263758897781,UNRANKED,False,20,"5,10,20"
2020-06-05,2020-06-08,2020-06-09,GOOGL,XLK,70.72943087648002,70.17820112707294,1,SHORT,SHORT,0.2881143391132354,0.22681470827821074,0.8504952589670817,77.31852917217893,52.0,True,0.4392984857161841,UNRANKED,False,20,"5,10,20"
2020-06-08,2020-06-09,2020-06-10,GOOGL,XLK,71.66965065277674,71.13294345585989,1,SHORT,SHORT,0.3091942220926284,0.24245639940401234,0.76463915904363,75.75436005959877,52.0,True,0.5940578629573188,UNRANKED,False,20,"5,10,20"
2020-06-09,2020-06-10,2020-06-11,GOOGL,XLK,72.47647380181667,73.75855404342869,1,SHORT,SHORT,0.3088365296522776,0.23638984756198997,0.8030815720558167,76.361015243801,52.0,True,0.6223863661289215,UNRANKED,False,20,"5,10,20"
2020-06-10,2020-06-11,2020-06-12,GOOGL,XLK,71.46087559148388,72.54689537995347,1,SHORT,SHORT,0.2716246197621027,0.22281516226643786,0.8446107705434164,77.71848377335621,52.0,True,0.5979010711113611,UNRANKED,False,20,"5,10,20"
2020-06-11,2020-06-12,2020-06-15,GOOGL,XLK,70.70859413359544,70.06027597912419,1,SHORT,SHORT,0.2171747138102849,0.17965616493492811,0.8816452622413635,82.0343835065072,52.0,True,0.1450261225303014,UNRANKED,False,20,"5,10,20"
2020-06-12,2020-06-15,2020-06-16,GOOGL,XLK,68.90500481086467,68.24063985986717,1,SHORT,SHORT,0.225735142827034,0.18308688649313973,0.881085475285848,81.69131135068602,52.0,True,0.1307065387566884,UNRANKED,False,20,"5,10,20"
2020-06-15,2020-06-16,2020-06-17,GOOGL,XLK,71.85610266711461,71.19283525901612,1,SHORT,SHORT,0.22903952002525327,0.18856865613438015,0.8873434662818909,81.14313438656198,52.0,True,0.03748970230420434,UNRANKED,False,20,"5,10,20"
2020-06-16,2020-06-17,2020-06-18,GOOGL,XLK,72.05150228105227,73.92786876010848,1,SHORT,SHORT,0.23505248129367826,0.18188516467555257,0.933224101861318,81.81148353244474,52.0,True,-0.0743150512377422,UNRANKED,False,20,"5,10,20"
2020-06-17,2020-06-18,2020-06-19,GOOGL,XLK,71.8982617395041,73.810317436264,1,SHORT,SHORT,0.18479413911700246,0.13738920452358486,0.8766630093256632,86.26107954764151,52.0,True,0.1689512530962627,UNRANKED,False,20,"5,10,20"
2020-06-18,2020-06-19,2020-06-22,GOOGL,XLK,71.40979643273978,70.63385158672276,1,SHORT,SHORT,0.22937905043363568,0.18910241514671755,0.9171179930369059,81.08975848532825,52.0,True,0.5263399581114452,UNRANKED,False,20,"5,10,20"
2020-06-19,2020-06-22,2020-06-23,GOOGL,XLK,70.66644253665869,69.86169890611322,1,SHORT,SHORT,0.2457040299971898,0.2028444267167316,0.9317726492881775,79.71555732832684,52.0,True,0.5335832188526789,UNRANKED,False,20,"5,10,20"
2020-06-22,2020-06-23,2020-06-24,GOOGL,XLK,72.00487204800746,74.18126174222132,1,SHORT,SHORT,0.2381010403235753,0.18415858003711008,0.9339023232460022,81.58414199628899,52.0,True,0.39946437378724425,UNRANKED,False,20,"5,10,20"
2020-06-23,2020-06-24,2020-06-25,GOOGL,XLK,72.5642562323238,74.83150384105357,1,SHORT,SHORT,0.24221009264389667,0.1864861167445172,0.8723946611086527,81.35138832554829,52.0,True,0.44946764409542084,UNRANKED,False,20,"5,10,20"
2020-06-24,2020-06-25,2020-06-26,GOOGL,XLK,70.97439400933185,73.29768905763682,1,SHORT,SHORT,0.25609953949848807,0.21262155422347115,0.8589804768562317,78.73784457765288,52.0,True,0.5875063687562944,UNRANKED,False,20,"5,10,20"
2020-06-25,2020-06-26,2020-06-29,GOOGL,XLK,71.0443324709368,73.21424807893415,1,SHORT,SHORT,0.25486888239781064,0.20471398521050288,0.8876932064692179,79.52860147894971,52.0,True,0.6231385668118795,UNRANKED,False,20,"5,10,20"
2020-06-26,2020-06-29,2020-06-30,GOOGL,XLK,67.45943898586187,66.34161007176449,1,SHORT,SHORT,0.26580187181631726,0.20257063602905334,0.9055397709210714,79.74293639709467,52.0,True,0.3652624885241191,UNRANKED,False,20,"5,10,20"
2020-06-29,2020-06-30,2020-07-01,GOOGL,XLK,69.27147126590755,68.04528860076385,1,SHORT,SHORT,0.3188131550947825,0.21934126981231172,0.9113414486249288,78.06587301876883,52.0,True,0.5261799891789755,UNRANKED,False,20,"5,10,20"
2020-06-30,2020-07-01,2020-07-02,GOOGL,XLK,70.3768421161721,69.12140072300106,1,SHORT,SHORT,0.3291566173235575,0.2233997997456054,0.9023064573605856,77.66002002543945,52.0,True,0.6805645426114401,UNRANKED,False,20,"5,10,20"
2020-07-01,2020-07-02,2020-07-06,GOOGL,XLK,71.99694685942596,70.87911685541508,1,SHORT,SHORT,0.2547296211123466,0.20309537875942696,0.9607588251431783,79.6904621240573,52.0,True,0.0732765644788741,UNRANKED,False,20,"5,10,20"
2020-07-02,2020-07-06,2020-07-07,GOOGL,XLK,73.79756010607282,72.6198328155106,1,SHORT,SHORT,0.2004325886567433,0.16138949161251134,0.9459196130434672,83.86105083874887,52.0,True,0.06398597856362653,UNRANKED,False,20,"5,10,20"
2020-07-06,2020-07-07,2020-07-08,GOOGL,XLK,74.19329366469888,72.93799341532667,1,SHORT,SHORT,0.24122618883848188,0.18814459817464493,0.8807787696520487,81.1855401825355,52.0,True,0.22913521031538645,UNRANKED,False,20,"5,10,20"
2020-07-07,2020-07-08,2020-07-09,GOOGL,XLK,74.42487655792402,73.22625072087045,1,SHORT,SHORT,0.32250767946243286,0.22275247474809803,0.8281620144844055,77.7247525251902,52.0,True,0.6747227857510248,UNRANKED,False,20,"5,10,20"
2020-07-08,2020-07-09,2020-07-10,GOOGL,XLK,74.87763965842205,73.65205862553283,1,SHORT,SHORT,0.2496387685338656,0.2071168989844073,0.8166818817456564,79.28831010155926,52.0,True,0.73200723528862,UNRANKED,False,20,"5,10,20"
2020-07-09,2020-07-10,2020-07-13,GOOGL,XLK,75.04226597577468,73.82858625339745,1,SHORT,SHORT,0.23073960840702054,0.18529162198532534,0.8399468660354614,81.47083780146747,52.0,True,0.6837733040253321,UNRANKED,False,20,"5,10,20"
2020-07-10,2020-07-13,2020-07-14,GOOGL,XLK,76.8617335973757,79.99218861446555,1,SHORT,SHORT,0.23279303560654319,0.19249463785757115,0.9435420433680216,80.75053621424289,52.0,True,0.7287428081035614,UNRANKED,False,20,"5,10,20"
2020-07-13,2020-07-14,2020-07-15,GOOGL,XLK,74.0276638809234,72.77278978773144,1,SHORT,SHORT,0.27631721893946326,0.19043388400893882,0.8416078488032023,80.95661159910613,52.0,True,1.219021439552307,UNRANKED,False,20,"5,10,20"
2020-07-14,2020-07-15,2020-07-16,GOOGL,XLK,75.53717702893292,74.29891539737599,1,SHORT,SHORT,0.2363125582536061,0.18462806471925597,0.8684342702229818,81.5371935280744,52.0,True,0.891336644689242,UNRANKED,False,20,"5,10,20"
2020-07-15,2020-07-16,2020-07-17,GOOGL,XLK,74.45958671679637,73.31802493613928,1,SHORT,SHORT,0.20946647226810455,0.16132424028986495,0.7520429094632467,83.86757597101351,52.0,True,0.7229841699202856,UNRANKED,False,20,"5,10,20"
2020-07-16,2020-07-17,2020-07-20,GOOGL,XLK,75.22378371077092,74.10503381976227,1,SHORT,SHORT,0.22298614680767057,0.16498982557158628,0.8925151427586874,83.50101744284137,52.0,True,0.5761633763710657,UNRANKED,False,20,"5,10,20"
2020-07-17,2020-07-20,2020-07-21,GOOGL,XLK,75.12905704307107,74.28174084608446,1,SHORT,SHORT,0.21439007918039957,0.1679675604579678,0.8736064632733663,83.20324395420322,52.0,True,0.48898217082023615,UNRANKED,False,20,"5,10,20"
2020-07-20,2020-07-21,2020-07-22,GOOGL,XLK,78.60186910012267,80.82961415627501,1,SHORT,SHORT,0.20244952042897535,0.15600402663139748,0.8086512883504232,84.39959733686025,52.0,True,0.33523444334665936,UNRANKED,False,20,"5,10,20"
2020-07-21,2020-07-22,2020-07-23,GOOGL,XLK,77.14787303751817,79.26085020165043,1,SHORT,SHORT,0.21947479496399558,0.18136239439476443,0.7416014273961385,81.86376056052356,52.0,True,0.44233757257461553,UNRANKED,False,20,"5,10,20"
2020-07-22,2020-07-23,2020-07-24,GOOGL,XLK,77.65468582028785,79.63465266511905,1,SHORT,SHORT,0.22458531955877933,0.1881750165445498,0.6646216909090678,81.18249834554501,52.0,True,0.5586556742588679,UNRANKED,False,20,"5,10,20"
2020-07-23,2020-07-24,2020-07-27,GOOGL,XLK,74.34504365729109,73.48161145427072,1,SHORT,SHORT,0.24569703886906302,0.2022336420621066,0.7069251934687296,79.77663579378934,52.0,True,0.28943789005279547,UNRANKED,False,20,"5,10,20"
2020-07-24,2020-07-27,2020-07-28,GOOGL,XLK,75.04278303062988,74.25437338881905,1,SHORT,SHORT,0.23943349967400226,0.2059941660272031,0.6337494452794393,79.40058339727969,52.0,True,0.4876921325922013,UNRANKED,False,20,"5,10,20"
2020-07-27,2020-07-28,2020-07-29,GOOGL,XLK,75.62496226274747,74.7958525258962,1,SHORT,SHORT,0.2526325037082036,0.20236139131103423,0.6098023355007172,79.76386086889657,52.0,True,0.3002425233523051,UNRANKED,False,20,"5,10,20"
2020-07-28,2020-07-29,2020-07-30,GOOGL,XLK,74.63315119222594,73.76118115176835,1,SHORT,SHORT,0.23455299437046043,0.19097485849330317,0.5570408503214518,80.90251415066967,52.0,True,0.567991813023885,UNRANKED,False,20,"5,10,20"
2020-07-29,2020-07-30,2020-07-31,GOOGL,XLK,74.28453342504669,73.39556236878971,1,SHORT,SHORT,0.24181142946084336,0.19780523030735378,0.6823272307713827,80.21947696926462,52.0,True,0.4707877834637961,UNRANKED,False,20,"5,10,20"
2020-07-30,2020-07-31,2020-08-03,GOOGL,XLK,74.2389154953102,73.36938958588637,1,SHORT,SHORT,0.25484855721394223,0.20775122929200007,0.6344369550546011,79.22487707079999,52.0,True,0.4434908479452133,UNRANKED,False,20,"5,10,20"
2020-07-31,2020-08-03,2020-08-04,GOOGL,XLK,73.93890638850003,72.98564351444172,1,SHORT,SHORT,0.23931581526994697,0.20179090608228734,0.6609441836675009,79.82090939177127,52.0,True,0.2872511943181355,UNRANKED,False,20,"5,10,20"
2020-08-03,2020-08-04,2020-08-05,GOOGL,XLK,73.72616272675874,72.7850856306371,1,SHORT,SHORT,0.27905626098314923,0.2187893718510898,0.7743014295895895,78.12106281489102,52.0,True,0.3206693430741627,UNRANKED,False,20,"5,10,20"
2020-08-04,2020-08-05,2020-08-06,GOOGL,XLK,73.23570208691466,72.27521417623525,1,SHORT,SHORT,0.2651512821515401,0.2166781845519176,0.8290086388587952,78.33218154480825,52.0,True,0.3173556526501972,UNRANKED,False,20,"5,10,20"
2020-08-05,2020-08-06,2020-08-07,GOOGL,XLK,73.20247794748174,72.22842442836901,1,SHORT,SHORT,0.24685676395893094,0.19438753694041463,0.9232749541600546,80.56124630595853,52.0,True,0.3105624069770177,UNRANKED,False,20,"5,10,20"
2020-08-06,2020-08-07,2020-08-10,GOOGL,XLK,74.83350211063035,73.77468547331868,1,SHORT,SHORT,0.2862742592891057,0.22325405776799043,0.9367622137069702,77.67459422320096,52.0,True,0.47018068532149,UNRANKED,False,20,"5,10,20"
2020-08-07,2020-08-10,2020-08-11,GOOGL,XLK,73.92897345317232,73.01329515640195,1,SHORT,SHORT,0.25725640356540674,0.20228169419382772,0.9258731206258138,79.77183058061723,52.0,True,0.5348153213659923,UNRANKED,False,20,"5,10,20"
2020-08-10,2020-08-11,2020-08-12,GOOGL,XLK,74.08766876140056,73.19455330904286,1,SHORT,SHORT,0.2900166660547256,0.22836079257741335,0.904045820236206,77.16392074225867,52.0,True,0.5660702437162399,UNRANKED,False,20,"5,10,20"
2020-08-11,2020-08-12,2020-08-13,GOOGL,XLK,73.74648196265801,72.82733174641918,1,SHORT,SHORT,0.2702845086654027,0.21156157114123073,0.8339998523394266,78.84384288587692,52.0,True,0.6459513008594512,UNRANKED,False,20,"5,10,20"
2020-08-12,2020-08-13,2020-08-14,GOOGL,XLK,74.79233103557158,73.94898375861148,1,SHORT,SHORT,0.31022223333517707,0.22562080542517413,0.8437656164169312,77.43791945748258,52.0,True,0.4750638057788213,UNRANKED,False,20,"5,10,20"
2020-08-13,2020-08-14,2020-08-17,GOOGL,XLK,75.06013175554337,74.21370329310615,1,SHORT,SHORT,0.2689747338493665,0.208417128106105,0.8504907886187235,79.1582871893895,52.0,True,0.39595226446787507,UNRANKED,False,20,"5,10,20"
2020-08-14,2020-08-17,2020-08-18,GOOGL,XLK,75.17716599131961,74.36332703257938,1,SHORT,SHORT,0.22965821872154868,0.17936511228709331,0.8510909279187521,82.06348877129066,52.0,True,0.4155561476945877,UNRANKED,False,20,"5,10,20"
2020-08-17,2020-08-18,2020-08-19,GOOGL,XLK,75.68049915036515,74.9168528883325,1,SHORT,SHORT,0.2657829175392786,0.21346635846587328,0.8037318388621012,78.65336415341268,52.0,True,0.4366890887419383,UNRANKED,False,20,"5,10,20"
2020-08-18,2020-08-19,2020-08-20,GOOGL,XLK,76.98818722838891,76.15483064356748,1,SHORT,SHORT,0.29009421666463214,0.21971234874454612,0.7969384789466858,78.02876512554539,52.0,True,0.4592531075080235,UNRANKED,False,20,"5,10,20"
2020-08-19,2020-08-20,2020-08-21,GOOGL,XLK,76.36733233930526,75.54704654218612,1,SHORT,SHORT,0.29103056589762366,0.2311710844467115,0.8106828331947327,76.88289155532885,52.0,True,0.46252216398715973,UNRANKED,False,20,"5,10,20"
2020-08-20,2020-08-21,2020-08-24,GOOGL,XLK,77.94578197707564,77.19201687087447,1,SHORT,SHORT,0.24323122203350064,0.21057133584290236,0.7359128991762797,78.94286641570977,52.0,True,0.4884507358074188,UNRANKED,False,20,"5,10,20"
2020-08-21,2020-08-24,2020-08-25,GOOGL,XLK,78.97081580396583,78.23302501504284,1,SHORT,SHORT,0.2399342556794484,0.2043352441537355,0.744689146677653,79.56647558462645,52.0,True,0.4848380039135615,UNRANKED,False,20,"5,10,20"
2020-08-24,2020-08-25,2020-08-26,GOOGL,XLK,78.35737106631586,77.61915521112613,1,SHORT,SHORT,0.2688067977627118,0.21923300569250911,0.8417109251022339,78.07669943074909,52.0,True,0.4365234126647313,UNRANKED,False,20,"5,10,20"
2020-08-25,2020-08-26,2020-08-27,GOOGL,XLK,79.65664120321837,78.86561140934282,1,SHORT,SHORT,0.2866450597842534,0.23133037603460926,0.8426778713862101,76.86696239653908,52.0,True,0.540348430474599,UNRANKED,False,20,"5,10,20"
2020-08-26,2020-08-27,2020-08-28,GOOGL,XLK,81.65561820356022,80.82059514099046,1,SHORT,SHORT,0.26683698594570154,0.21740193693579854,0.8667393326759338,78.25980630642015,52.0,True,0.35931793848673493,UNRANKED,False,20,"5,10,20"
2020-08-27,2020-08-28,2020-08-31,GOOGL,XLK,80.80564164230469,79.93863288811943,1,SHORT,SHORT,0.26366847256819403,0.2180736506857209,0.864871064821879,78.1926349314279,52.0,True,0.4376633018255234,UNRANKED,False,20,"5,10,20"
2020-08-28,2020-08-31,2020-09-01,GOOGL,XLK,81.50487342900215,80.60471114088134,1,SHORT,SHORT,0.26217254747947055,0.22532193570404738,0.8926011721293131,77.46780642959527,52.0,True,0.5745881845553716,UNRANKED,False,20,"5,10,20"
2020-08-31,2020-09-01,2020-09-02,GOOGL,XLK,80.93904333000434,80.06148094335535,1,SHORT,SHORT,0.25642422338326765,0.20568730147444925,0.9013443986574808,79.43126985255508,52.0,True,0.6785795638958615,UNRANKED,False,20,"5,10,20"
2020-09-01,2020-09-02,2020-09-03,GOOGL,XLK,82.71684835469105,84.9005704420062,1,SHORT,SHORT,0.2677390823761622,0.2184627972870301,0.9271432956059774,78.15372027129699,52.0,True,0.6910072267055511,UNRANKED,False,20,"5,10,20"
2020-09-02,2020-09-03,2020-09-04,GOOGL,XLK,84.27943415274483,86.93160787623813,1,SHORT,SHORT,0.29490969081719715,0.2241852711464624,0.9577895998954773,77.58147288535376,52.0,True,0.7564440170923868,UNRANKED,False,20,"5,10,20"
2020-09-03,2020-09-04,2020-09-08,GOOGL,XLK,79.79052021748116,83.11446621662667,1,SHORT,SHORT,0.2821369916200638,0.20256930784908408,0.9660059213638306,79.7430692150916,52.0,True,0.733715703090032,UNRANKED,False,20,"5,10,20"
2020-09-04,2020-09-08,2020-09-09,GOOGL,XLK,75.62496788954304,74.16542656874226,1,SHORT,SHORT,0.2557599941889445,0.19744342681331614,0.9337400794029236,80.25565731866838,52.0,True,0.661537433664004,UNRANKED,False,20,"5,10,20"
2020-09-08,2020-09-09,2020-09-10,GOOGL,XLK,76.81016761668064,75.28662058037345,1,SHORT,SHORT,0.2593222012122472,0.18445013265113352,0.8224492271741232,81.55498673488665,52.0,True,0.8776494264602661,UNRANKED,False,20,"5,10,20"
2020-09-09,2020-09-10,2020-09-11,GOOGL,XLK,76.87362410386869,80.79282908826113,1,SHORT,SHORT,0.24885440121094385,0.19142746982986494,0.9389212131500244,80.8572530170135,52.0,True,0.696391055981318,UNRANKED,False,20,"5,10,20"
2020-09-10,2020-09-11,2020-09-14,GOOGL,XLK,75.78116905727127,74.2505370382283,1,SHORT,SHORT,0.2285198693474134,0.18361204256841454,0.9339181582132975,81.63879574315854,52.0,True,0.7190674940745035,UNRANKED,False,20,"5,10,20"
2020-09-11,2020-09-14,2020-09-15,GOOGL,XLK,75.95472771220844,74.3900571494643,1,SHORT,SHORT,0.19782057156165436,0.15620529982778755,0.9669214884440106,84.37947001722125,52.0,True,0.19714142382144928,UNRANKED,False,20,"5,10,20"
2020-09-14,2020-09-15,2020-09-16,GOOGL,XLK,75.7682830632299,74.2129988355862,1,SHORT,SHORT,0.24321135878562924,0.1935035311012696,0.9648078878720602,80.64964688987304,52.0,True,0.5344788879156113,UNRANKED,False,20,"5,10,20"
2020-09-15,2020-09-16,2020-09-17,GOOGL,XLK,76.49179380537119,80.42950960824507,1,SHORT,SHORT,0.2203315272927284,0.15425127567765917,0.9787375529607135,84.57487243223409,52.0,True,0.2688392847776413,UNRANKED,False,20,"5,10,20"
2020-09-16,2020-09-17,2020-09-18,GOOGL,XLK,73.68152677302831,77.48419956791531,1,SHORT,SHORT,0.25382110973199207,0.20706258924567422,0.9497163891792297,79.29374107543258,52.0,True,0.7808212488889693,UNRANKED,False,20,"5,10,20"
2020-09-17,2020-09-18,2020-09-21,GOOGL,XLK,73.80500039329375,77.69126819158129,1,SHORT,SHORT,0.25648951033751166,0.21562830059505825,0.9251420100529989,78.43716994049417,52.0,True,0.7782580504814783,UNRANKED,False,20,"5,10,20"
2020-09-18,2020-09-21,2020-09-22,GOOGL,XLK,70.99423595541519,69.35103167510688,1,SHORT,SHORT,0.2865963925917943,0.20441663762873982,0.9492101470629374,79.55833623712601,52.0,True,0.4597103347380957,UNRANKED,False,20,"5,10,20"
2020-09-21,2020-09-22,2020-09-23,GOOGL,XLK,71.92156489906783,76.1274293966613,1,SHORT,SHORT,0.26396700243155163,0.20809278781712912,0.9127236406008402,79.19072121828708,52.0,True,0.531778410077095,UNRANKED,False,20,"5,10,20"
2020-09-22,2020-09-23,2020-09-24,GOOGL,XLK,72.00933895714364,70.31236379409258,1,SHORT,SHORT,0.277507002154986,0.21425602249333708,0.9285287658373514,78.5743977506663,52.0,True,0.7246404538551966,UNRANKED,False,20,"5,10,20"
2020-09-23,2020-09-24,2020-09-25,GOOGL,XLK,69.55909799295081,67.90420384535037,1,SHORT,SHORT,0.26824420690536493,0.20688758819045247,0.9237095316251119,79.31124118095475,52.0,True,0.851888636747996,UNRANKED,False,20,"5,10,20"
2020-09-24,2020-09-25,2020-09-28,GOOGL,XLK,70.66842379721632,69.27710070761671,1,SHORT,SHORT,0.2712982545296351,0.21444350012880187,0.9135988354682922,78.5556499871198,52.0,True,0.8623291701078416,UNRANKED,False,20,"5,10,20"
2020-09-25,2020-09-28,2020-09-29,GOOGL,XLK,72.99619210723424,71.71857315407436,1,SHORT,SHORT,0.254663939277331,0.20532010627303984,0.9386702577273051,79.46798937269601,52.0,True,0.5910651832818986,UNRANKED,False,20,"5,10,20"
2020-09-28,2020-09-29,2020-09-30,GOOGL,XLK,72.59549219750033,71.45250916963343,1,SHORT,SHORT,0.217597559094429,0.17370099987069512,0.9763386448224386,82.62990001293049,52.0,True,0.631257986028989,UNRANKED,False,20,"5,10,20"
2020-09-29,2020-09-30,2020-10-01,GOOGL,XLK,72.44821428907602,71.36286261758467,1,SHORT,SHORT,0.20800858487685522,0.16307726890076113,0.9707172314325968,83.69227310992389,52.0,True,0.4757322122653325,UNRANKED,False,20,"5,10,20"
2020-09-30,2020-10-01,2020-10-02,GOOGL,XLK,73.57489608176681,76.10443137534591,1,SHORT,SHORT,0.23344264924526215,0.1896873850646507,0.9485320846239725,81.03126149353493,52.0,True,0.486644998192787,UNRANKED,False,20,"5,10,20"
2020-10-01,2020-10-02,2020-10-05,GOOGL,XLK,72.38324355843328,71.32888739213864,1,SHORT,SHORT,0.26089895019928616,0.19460434772585597,0.8914284308751425,80.5395652274144,52.0,True,0.6734070877234143,UNRANKED,False,20,"5,10,20"
2020-10-02,2020-10-05,2020-10-06,GOOGL,XLK,72.53301318921578,71.3887931095213,1,SHORT,SHORT,0.3344020793835322,0.23498554945262976,0.7973734140396118,76.50144505473703,52.0,True,0.93148572742939,UNRANKED,False,20,"5,10,20"
2020-10-05,2020-10-06,2020-10-07,GOOGL,XLK,73.17024916293467,72.02269939748405,1,SHORT,SHORT,0.347535490989685,0.2331013897709794,0.8083338737487793,76.68986102290206,52.0,True,0.9135242054859797,UNRANKED,False,20,"5,10,20"
2020-10-06,2020-10-07,2020-10-08,GOOGL,XLK,72.36739248963742,71.18874313225042,1,SHORT,SHORT,0.29926398396492,0.2291713177812842,0.7876353859901428,77.08286822187158,52.0,True,0.9820376386245093,UNRANKED,False,20,"5,10,20"
2020-10-07,2020-10-08,2020-10-09,GOOGL,XLK,72.67187424954838,71.55319247813377,1,SHORT,SHORT,0.28413433333237964,0.21809667141962066,0.7608906825383505,78.19033285803793,52.0,True,1.0320848872264226,UNRANKED,False,20,"5,10,20"
2020-10-08,2020-10-09,2020-10-12,GOOGL,XLK,74.03113521720735,72.9537557180444,1,SHORT,SHORT,0.25840236494938523,0.20547050723020702,0.8534001310666403,79.4529492769793,52.0,True,0.7286159694194795,UNRANKED,False,20,"5,10,20"
2020-10-09,2020-10-12,2020-10-13,GOOGL,XLK,76.26963387133897,75.1707531035167,1,SHORT,SHORT,0.2200559203823407,0.17793801137874019,0.9388025800387064,82.20619886212597,52.0,True,0.07224327325820917,UNRANKED,False,20,"5,10,20"
2020-10-12,2020-10-13,2020-10-14,GOOGL,XLK,78.2041397278234,77.01861737587726,1,SHORT,SHORT,0.20289014776547745,0.17078447275691558,0.9628980954488119,82.92155272430844,52.0,True,0.39069592952728277,UNRANKED,False,20,"5,10,20"
2020-10-13,2020-10-14,2020-10-15,GOOGL,XLK,78.08463641146828,77.06896073049032,1,SHORT,SHORT,0.25509419043858844,0.2066038909804271,0.877355714639028,79.33961090195729,52.0,True,0.6916244228680929,UNRANKED,False,20,"5,10,20"
2020-10-14,2020-10-15,2020-10-16,GOOGL,XLK,76.59196719094011,75.61114694383492,1,SHORT,SHORT,0.22863195339838663,0.18295306039890813,0.9076540470123291,81.70469396010918,52.0,True,0.6023671726385752,UNRANKED,False,20,"5,10,20"
2020-10-15,2020-10-16,2020-10-19,GOOGL,XLK,77.45137286175847,79.83054368826168,1,SHORT,SHORT,0.2454773386319478,0.20947193039788137,0.9287710785865784,79.05280696021187,52.0,True,0.3867887655893962,UNRANKED,False,20,"5,10,20"
2020-10-16,2020-10-19,2020-10-20,GOOGL,XLK,78.15058813294185,80.46449630118961,1,SHORT,SHORT,0.25083476801713306,0.20213679545165267,0.9149739742279053,79.78632045483474,52.0,True,0.6260845412810644,UNRANKED,False,20,"5,10,20"
2020-10-19,2020-10-20,2020-10-21,GOOGL,XLK,75.53123918577117,74.49802843137664,1,SHORT,SHORT,0.2631968408823013,0.21121198686235945,0.9055560429890951,78.87880131376406,52.0,True,0.5397809197505316,UNRANKED,False,20,"5,10,20"
2020-10-20,2020-10-21,2020-10-22,GOOGL,XLK,77.84907582540164,76.74250626276213,1,SHORT,SHORT,0.2568725844224294,0.20628652723902266,0.8880923589070638,79.37134727609774,52.0,True,0.3584421823422114,UNRANKED,False,20,"5,10,20"
2020-10-21,2020-10-22,2020-10-23,GOOGL,XLK,78.60037683033812,77.44914043245866,1,SHORT,SHORT,0.23358005285263053,0.18760035006738365,0.8978380163510641,81.23996499326164,52.0,True,0.20971751213073717,UNRANKED,False,20,"5,10,20"
2020-10-22,2020-10-23,2020-10-26,GOOGL,XLK,80.09055499720758,82.8656600648694,1,SHORT,SHORT,0.23241572578748063,0.1925215902808192,0.9358936548233032,80.74784097191808,52.0,True,0.2711187849442163,UNRANKED,False,20,"5,10,20"
2020-10-23,2020-10-26,2020-10-27,GOOGL,XLK,80.08806764416121,78.98125012619944,1,SHORT,SHORT,0.21442283441623047,0.167359997972774,0.9430197874704996,83.2640002027226,52.0,True,0.24391452968120575,UNRANKED,False,20,"5,10,20"
2020-10-26,2020-10-27,2020-10-28,GOOGL,XLK,78.79526157270044,81.71178564235028,1,SHORT,SHORT,0.2467149297396342,0.188679717505841,0.8507964213689169,81.1320282494159,52.0,True,0.8806543797254562,UNRANKED,False,20,"5,10,20"
2020-10-27,2020-10-28,2020-10-29,GOOGL,XLK,76.86520815058896,75.67568091147065,1,SHORT,SHORT,0.2517469773689906,0.19532008497657002,0.811845084031423,80.467991502343,52.0,True,0.9788960715134939,UNRANKED,False,20,"5,10,20"
2020-10-28,2020-10-29,2020-10-30,GOOGL,XLK,75.22922779001276,73.81374622262994,1,SHORT,SHORT,0.25564912954966224,0.1853187710866988,0.8879358569780985,81.46812289133013,52.0,True,0.7732338756322861,UNRANKED,False,20,"5,10,20"
2020-10-29,2020-10-30,2020-11-02,GOOGL,XLK,82.68857141891898,86.39606070506923,1,SHORT,SHORT,0.29336856305599207,0.20825655182473568,0.8659724195798238,79.17434481752643,52.0,True,0.7817015300194422,UNRANKED,False,20,"5,10,20"
2020-10-30,2020-11-02,2020-11-03,GOOGL,XLK,80.51158068776404,79.01055616906984,1,SHORT,SHORT,0.2723694741725921,0.19317384756135417,0.80909663438797,80.68261524386459,52.0,True,0.7467881540457407,UNRANKED,False,20,"5,10,20"
2020-11-02,2020-11-03,2020-11-04,GOOGL,XLK,80.8696321418216,79.34830907402026,1,SHORT,SHORT,0.2690527141094208,0.18397855063577806,0.8926908175150553,81.60214493642219,52.0,True,0.748112753033638,UNRANKED,False,20,"5,10,20"
2020-11-03,2020-11-04,2020-11-05,GOOGL,XLK,84.57995112111725,82.99589590173946,1,SHORT,SHORT,0.24279633661111197,0.18806514259738902,0.8805054823557535,81.1934857402611,52.0,True,0.8274612824122111,UNRANKED,False,20,"5,10,20"
2020-11-04,2020-11-05,2020-11-06,GOOGL,XLK,87.79685909810694,85.88614699221966,1,SHORT,SHORT,0.24285687009493506,0.1735850299645151,0.9802654186884562,82.6414970035485,52.0,True,-0.29242562254269894,UNRANKED,False,20,"5,10,20"
2020-11-05,2020-11-06,2020-11-09,GOOGL,XLK,86.84918009743042,84.92281301892177,1,SHORT,SHORT,0.2265280187129974,0.17436543735379442,0.9851988554000854,82.56345626462056,52.0,True,-0.40366470813751215,UNRANKED,False,20,"5,10,20"
2020-11-06,2020-11-09,2020-11-10,GOOGL,XLK,89.06289964750782,93.56905575145942,1,SHORT,SHORT,0.1910720070203145,0.15074867082676457,0.9820695916811625,84.92513291732354,52.0,True,-0.28805761039257044,UNRANKED,False,20,"5,10,20"
2020-11-09,2020-11-10,2020-11-11,GOOGL,XLK,85.77954163133082,84.04593829009198,1,SHORT,SHORT,0.21376359214385346,0.17928493727315953,0.9824092785517374,82.07150627268405,52.0,True,-0.0008731633424758772,UNRANKED,False,20,"5,10,20"
2020-11-10,2020-11-11,2020-11-12,GOOGL,XLK,86.70338555062531,85.00948993818112,1,SHORT,SHORT,0.21810535838206604,0.1731771865509839,0.9726440707842509,82.68228134490161,52.0,True,0.4815623263518016,UNRANKED,False,20,"5,10,20"
2020-11-11,2020-11-12,2020-11-13,GOOGL,XLK,86.38602486876236,84.73166150903859,1,SHORT,SHORT,0.23040323207775748,0.19595002068413625,0.9674811561902364,80.40499793158638,52.0,True,0.6292837262153625,UNRANKED,False,20,"5,10,20"
2020-11-12,2020-11-13,2020-11-16,GOOGL,XLK,86.6835728514782,85.10681841771007,1,SHORT,SHORT,0.23636964211861286,0.20285553444494298,0.9676162600517273,79.7144465555057,52.0,True,0.5388760467370352,UNRANKED,False,20,"5,10,20"
2020-11-13,2020-11-16,2020-11-17,GOOGL,XLK,87.48395764257096,85.97538983251236,1,SHORT,SHORT,0.22853623827298475,0.18957051029035363,0.9734873572985331,81.04294897096463,52.0,True,0.4823482135931652,UNRANKED,False,20,"5,10,20"
2020-11-16,2020-11-17,2020-11-18,GOOGL,XLK,87.66841834553581,86.20526123668397,1,SHORT,SHORT,0.25379909823338187,0.20640321737011025,0.9765593210856119,79.35967826298898,52.0,True,0.5711356351772944,UNRANKED,False,20,"5,10,20"
2020-11-17,2020-11-18,2020-11-19,GOOGL,XLK,87.11201820971709,85.91703704342245,1,SHORT,SHORT,0.21497932076454163,0.17313273912151406,0.9481612841288248,82.6867260878486,52.0,True,0.5201707184314728,UNRANKED,False,20,"5,10,20"
2020-11-18,2020-11-19,2020-11-20,GOOGL,XLK,85.95111313440208,84.84489833860827,1,SHORT,SHORT,0.2386261125405629,0.19407510729686306,0.8867983420689901,80.59248927031369,52.0,True,0.6251142372687658,UNRANKED,False,20,"5,10,20"
2020-11-19,2020-11-20,2020-11-23,GOOGL,XLK,87.37781251074621,89.7776249366321,1,SHORT,SHORT,0.2441154172023137,0.19809815772955094,0.8719630241394043,80.19018422704491,52.0,True,0.5219227721293767,UNRANKED,False,20,"5,10,20"
2020-11-20,2020-11-23,2020-11-24,GOOGL,XLK,86.29774380365357,85.2883007930509,1,SHORT,SHORT,0.2453026423851649,0.2018949036675426,0.8425154288609823,79.81050963324574,52.0,True,0.5159939676523209,UNRANKED,False,20,"5,10,20"
2020-11-23,2020-11-24,2020-11-25,GOOGL,XLK,85.66695766916568,84.7018626941029,1,SHORT,SHORT,0.25161637614170707,0.20564279445593028,0.7956289251645406,79.43572055440697,52.0,True,0.619583119948705,UNRANKED,False,20,"5,10,20"
2020-11-24,2020-11-25,2020-11-27,GOOGL,XLK,87.66594925071765,86.92702004713924,1,SHORT,SHORT,0.282153288523356,0.2148817807465823,0.8085639476776123,78.51182192534178,52.0,True,0.6044177164634069,UNRANKED,False,20,"5,10,20"
2020-11-25,2020-11-27,2020-11-30,GOOGL,XLK,87.50377401389918,86.82300586465949,1,SHORT,SHORT,0.2262980565428733,0.1797255771563042,0.8122013409932455,82.02744228436958,52.0,True,0.5006930182377497,UNRANKED,False,20,"5,10,20"
2020-11-27,2020-11-30,2020-12-01,GOOGL,XLK,88.05472883709749,87.30269396858465,1,SHORT,SHORT,0.2492017298936844,0.201666181172773,0.919065535068512,79.8333818827227,52.0,True,0.4390260229508083,UNRANKED,False,20,"5,10,20"
2020-11-30,2020-12-01,2020-12-02,GOOGL,XLK,87.60891569180329,86.74732326277845,1,SHORT,SHORT,0.3156241526206334,0.24146296886857951,0.9028667410214742,75.85370311314205,52.0,True,0.7239692906538645,UNRANKED,False,20,"5,10,20"
2020-12-01,2020-12-02,2020-12-03,GOOGL,XLK,89.03214790983743,88.10941732773642,1,SHORT,SHORT,0.31590376297632855,0.23649675945739268,0.8613327940305074,76.35032405426074,52.0,True,0.4855381151040395,UNRANKED,False,20,"5,10,20"
2020-12-02,2020-12-03,2020-12-04,GOOGL,XLK,90.28082154312534,89.28689290630196,1,SHORT,SHORT,0.3092025617758433,0.23438734114468415,0.7252297898133596,76.56126588553158,52.0,True,0.5343825072050095,UNRANKED,False,20,"5,10,20"
2020-12-03,2020-12-04,2020-12-07,GOOGL,XLK,90.2649701997498,89.2755745131915,1,SHORT,SHORT,0.30797253549098963,0.22805697024166896,0.8000522255897522,77.19430297583311,52.0,True,0.45228903492291767,UNRANKED,False,20,"5,10,20"
2020-12-04,2020-12-07,2020-12-08,GOOGL,XLK,90.03336726128934,89.14145071378655,1,SHORT,SHORT,0.3067151407400767,0.22768780704898814,0.8868408997853597,77.23121929510118,52.0,True,0.5252896398305893,UNRANKED,False,20,"5,10,20"
2020-12-07,2020-12-08,2020-12-09,GOOGL,XLK,89.68476067965364,91.9584769250324,1,SHORT,SHORT,0.27904630700747163,0.22026782130699216,0.893790046374003,77.97321786930078,52.0,True,0.5188027421633402,UNRANKED,False,20,"5,10,20"
2020-12-08,2020-12-09,2020-12-10,GOOGL,XLK,89.77600917876947,91.9906575617738,1,SHORT,SHORT,0.2871916244427363,0.22942630975188436,0.8705259164174398,77.05736902481156,52.0,True,0.563487375775973,UNRANKED,False,20,"5,10,20"
2020-12-09,2020-12-10,2020-12-11,GOOGL,XLK,87.40757214922617,86.47761380572031,1,SHORT,SHORT,0.29569464921951294,0.23518972893854298,0.866540531317393,76.4810271061457,52.0,True,0.3674964308738707,UNRANKED,False,20,"5,10,20"
2020-12-10,2020-12-11,2020-12-14,GOOGL,XLK,87.27864889730141,86.37603539370906,1,SHORT,SHORT,0.3206159472465515,0.2384318132850277,0.8031858404477438,76.15681867149723,52.0,True,0.45798079669475555,UNRANKED,False,20,"5,10,20"
2020-12-11,2020-12-14,2020-12-15,GOOGL,XLK,87.81025159464944,86.96091197324179,1,SHORT,SHORT,0.27534254143635434,0.2160781528355158,0.8066499829292297,78.39218471644843,52.0,True,0.47173760831356054,UNRANKED,False,20,"5,10,20"
2020-12-14,2020-12-15,2020-12-16,GOOGL,XLK,87.27169452904377,86.37375620942882,1,SHORT,SHORT,0.31609489520390827,0.23179596583319415,0.8309382398923238,76.82040341668058,52.0,True,0.4341295162836711,UNRANKED,False,20,"5,10,20"
2020-12-15,2020-12-16,2020-12-17,GOOGL,XLK,87.73039727323327,89.73154249984808,1,SHORT,SHORT,0.28405225276947016,0.21860799491703822,0.8445091644922892,78.13920050829618,52.0,True,0.4369626839955647,UNRANKED,False,20,"5,10,20"
2020-12-16,2020-12-17,2020-12-18,GOOGL,XLK,87.4735400975427,89.50709662699651,1,SHORT,SHORT,0.2603816712896028,0.21234394820296487,0.8484073678652445,78.76560517970351,52.0,True,0.5964116553465526,UNRANKED,False,20,"5,10,20"
2020-12-17,2020-12-18,2020-12-21,GOOGL,XLK,86.59280578905347,85.80138035657579,1,SHORT,SHORT,0.2660120179255803,0.19732206852960602,0.9458351929982504,80.2677931470394,52.0,True,0.5141564557949702,UNRANKED,False,20,"5,10,20"
2020-12-18,2020-12-21,2020-12-22,GOOGL,XLK,84.75599762207898,84.02949833706224,1,SHORT,SHORT,0.2841477692127228,0.22460331415634216,0.9440398812294006,77.53966858436578,52.0,True,0.40861747165520984,UNRANKED,False,20,"5,10,20"
2020-12-21,2020-12-22,2020-12-23,GOOGL,XLK,85.7577025849054,85.14674721032392,1,SHORT,SHORT,0.27252726753552753,0.20456984937489345,0.9040975570678711,79.54301506251066,52.0,True,0.46799645324548084,UNRANKED,False,20,"5,10,20"
2020-12-22,2020-12-23,2020-12-24,GOOGL,XLK,85.48992157545021,84.93305370348453,1,SHORT,SHORT,0.2637098381916681,0.1986799976431275,0.8355646729469299,80.13200023568726,52.0,True,0.6767577280600866,UNRANKED,False,20,"5,10,20"
2020-12-23,2020-12-24,2020-12-28,GOOGL,XLK,85.74134982606715,85.16719647087741,1,SHORT,SHORT,0.24814299245675406,0.2034550353763235,0.9568931857744852,79.65449646236765,52.0,True,0.5524695813655852,UNRANKED,False,20,"5,10,20"
2020-12-24,2020-12-28,2020-12-29,GOOGL,XLK,86.5303163813266,85.94195927334668,1,SHORT,SHORT,0.2202548484007517,0.17268742166363027,0.9773170948028564,82.73125783363697,52.0,True,0.4897078275680542,UNRANKED,False,20,"5,10,20"
2020-12-28,2020-12-29,2020-12-30,GOOGL,XLK,88.62898113815957,90.39271595566446,1,SHORT,SHORT,0.2823432013392448,0.21601011730090125,0.9710414012273153,78.39898826990988,52.0,True,0.5153977870941162,UNRANKED,False,20,"5,10,20"
2020-12-29,2020-12-30,2020-12-31,GOOGL,XLK,87.52659230132683,86.78390616589854,1,SHORT,SHORT,0.3032980958620707,0.23939833160800914,0.9528163472811381,76.06016683919908,52.0,True,0.5194082210461299,UNRANKED,False,20,"5,10,20"
2020-12-30,2020-12-31,2021-01-04,GOOGL,XLK,86.15147161928257,85.4511493318593,1,SHORT,SHORT,0.2832373728354772,0.22848933057549772,0.909780482451121,77.15106694245023,52.0,True,0.3816398531198501,UNRANKED,False,20,"5,10,20"
2020-12-31,2021-01-04,2021-01-05,GOOGL,XLK,87.27864427300177,89.08417727340286,1,SHORT,SHORT,0.2838206589221954,0.22450964947839894,0.9395074248313904,77.54903505216011,52.0,True,0.5611998091141384,UNRANKED,False,20,"5,10,20"
2021-01-04,2021-01-05,2021-01-06,GOOGL,XLK,85.54744478278593,84.75665531483811,1,SHORT,SHORT,0.3216555615266164,0.21134736061367101,0.7378550370534261,78.8652639386329,52.0,True,0.6875435014565787,UNRANKED,False,20,"5,10,20"
2021-01-05,2021-01-06,2021-01-07,GOOGL,XLK,84.31612534175449,83.55587034559098,1,SHORT,SHORT,0.3294545710086822,0.2115648915400139,0.8333982030550638,78.84351084599861,52.0,True,0.6063378651936849,UNRANKED,False,20,"5,10,20"
2021-01-06,2021-01-07,2021-01-08,GOOGL,XLK,85.6302573853082,84.84042540637405,1,SHORT,SHORT,0.29660997788111365,0.20951704482535838,0.7557668685913086,79.04829551746417,52.0,True,0.4736175338427226,UNRANKED,False,20,"5,10,20"
2021-01-07,2021-01-08,2021-01-11,GOOGL,XLK,88.12961892067057,90.52544771269764,1,SHORT,SHORT,0.31042060752709705,0.20754900769916648,0.8928675850232443,79.24509923008335,52.0,True,0.2209905087947844,UNRANKED,False,20,"5,10,20"
2021-01-08,2021-01-11,2021-01-12,GOOGL,XLK,88.1226681566943,90.5788073124909,1,SHORT,SHORT,0.2795887986818949,0.21150865352677775,0.8652167717615763,78.84913464732223,52.0,True,0.25619432330131536,UNRANKED,False,20,"5,10,20"
2021-01-11,2021-01-12,2021-01-13,GOOGL,XLK,86.55263508531978,85.47365613808903,1,SHORT,SHORT,0.26710771520932514,0.20034385025799592,0.6962292194366455,79.9656149742004,52.0,True,0.5135078032811484,UNRANKED,False,20,"5,10,20"
2021-01-12,2021-01-13,2021-01-14,GOOGL,XLK,85.65803281300867,84.5417908129738,1,SHORT,SHORT,0.2784663736820221,0.2109531701806133,0.655543585618337,78.90468298193866,52.0,True,0.5486367444197336,UNRANKED,False,20,"5,10,20"
2021-01-13,2021-01-14,2021-01-15,GOOGL,XLK,86.72669751036699,85.62646633971269,1,SHORT,SHORT,0.2636441439390182,0.20295469491423787,0.7913113832473755,79.70453050857621,52.0,True,0.535677452882131,UNRANKED,False,20,"5,10,20"
2021-01-14,2021-01-15,2021-01-19,GOOGL,XLK,85.74233848952319,84.61263605770819,1,SHORT,SHORT,0.2671516140302022,0.2144114338608033,0.7232286930084229,78.55885661391967,52.0,True,0.4957512219746907,UNRANKED,False,20,"5,10,20"
2021-01-15,2021-01-19,2021-01-20,GOOGL,XLK,86.43561418775866,85.31522888153656,1,SHORT,SHORT,0.2596586296955744,0.21252936570621853,0.6898312966028849,78.74706342937814,52.0,True,0.512820025285085,UNRANKED,False,20,"5,10,20"
2021-01-19,2021-01-20,2021-01-21,GOOGL,XLK,90.56993747642773,89.38915679318274,1,SHORT,SHORT,0.3267287115255991,0.23377572795053636,0.6598438819249471,76.62242720494636,52.0,True,0.41656238337357837,UNRANKED,False,20,"5,10,20"
2021-01-20,2021-01-21,2021-01-22,GOOGL,XLK,93.90636933143983,92.4443413729786,1,SHORT,SHORT,0.2665474067131678,0.20334458760449733,0.761691669623057,79.66554123955027,52.0,True,0.1743390609820683,UNRANKED,False,20,"5,10,20"
2021-01-21,2021-01-22,2021-01-25,GOOGL,XLK,93.7977531010892,92.39746492795862,1,SHORT,SHORT,0.2139943614602088,0.18491848020821303,0.8672632972399393,81.5081519791787,52.0,True,0.28376326958338416,UNRANKED,False,20,"5,10,20"
2021-01-22,2021-01-25,2021-01-26,GOOGL,XLK,94.853044907416,93.4810247309372,1,SHORT,SHORT,0.24210686484972632,0.1886276071589719,0.8918956319491068,81.13723928410282,52.0,True,0.38584699730078403,UNRANKED,False,20,"5,10,20"
2021-01-25,2021-01-26,2021-01-27,GOOGL,XLK,93.5265024141675,96.7370279268628,1,SHORT,SHORT,0.2527150933941205,0.21675510912209242,0.8486621181170145,78.32448908779077,52.0,True,0.4366668909788131,UNRANKED,False,20,"5,10,20"
2021-01-26,2021-01-27,2021-01-28,GOOGL,XLK,92.97704477868687,91.69371958337436,1,SHORT,SHORT,0.2512520129481951,0.20302445084083987,0.8860421975453695,79.69755491591602,52.0,True,0.425540934006373,UNRANKED,False,20,"5,10,20"
2021-01-27,2021-01-28,2021-01-29,GOOGL,XLK,90.79954993985908,89.26175664413503,1,SHORT,SHORT,0.2361872072021166,0.19408659844666212,0.9010462562243143,80.5913401553338,52.0,True,0.27264425655206054,UNRANKED,False,20,"5,10,20"
2021-01-28,2021-01-29,2021-02-01,GOOGL,XLK,90.94930432506192,89.47243555936716,1,SHORT,SHORT,0.22469962884982422,0.1855254939106056,0.9096243580182394,81.44745060893945,52.0,True,0.09429813921451578,UNRANKED,False,20,"5,10,20"
2021-01-29,2021-02-01,2021-02-02,GOOGL,XLK,91.47346827211754,89.98827583698919,1,SHORT,SHORT,0.1846652328968048,0.14103619764236855,0.8432604869206747,85.89638023576315,52.0,True,0.13503975669542947,UNRANKED,False,20,"5,10,20"
2021-02-01,2021-02-02,2021-02-03,GOOGL,XLK,94.87238152496506,93.30157583910427,1,SHORT,SHORT,0.21482931574185685,0.1701291738969973,0.9641656080881754,82.98708261030026,52.0,True,-0.5598053534825644,UNRANKED,False,20,"5,10,20"
2021-02-02,2021-02-03,2021-02-04,GOOGL,XLK,102.43388711910048,100.83761396933764,1,SHORT,SHORT,0.21906080842018125,0.17182463795174074,0.9511736830075582,82.81753620482593,52.0,True,-0.18034284313519797,UNRANKED,False,20,"5,10,20"
2021-02-03,2021-02-04,2021-02-05,GOOGL,XLK,102.18642035715034,100.1298805491495,1,SHORT,SHORT,0.2533417989810307,0.1891572506055892,0.9668156107266744,81.08427493944109,52.0,True,0.08489822844664256,UNRANKED,False,20,"5,10,20"
2021-02-04,2021-02-05,2021-02-08,GOOGL,XLK,102.13386099437317,100.11656842671132,1,SHORT,SHORT,0.22818116843700406,0.1769913082200023,0.9804892539978027,82.30086917799977,52.0,True,-0.05300566554069524,UNRANKED,False,20,"5,10,20"
2021-02-05,2021-02-08,2021-02-09,GOOGL,XLK,104.13929285394818,102.00900513858129,1,SHORT,SHORT,0.2000772083799044,0.14587279202940887,0.9786130984624227,85.41272079705912,52.0,True,0.11401747663815813,UNRANKED,False,20,"5,10,20"
2021-02-08,2021-02-09,2021-02-10,GOOGL,XLK,102.88961562155748,100.9454333618616,1,SHORT,SHORT,0.22777162492275235,0.18953112155426455,0.9750688672065735,81.04688784457355,52.0,True,0.2627896269162497,UNRANKED,False,20,"5,10,20"
2021-02-09,2021-02-10,2021-02-11,GOOGL,XLK,103.30319541840504,101.66530283156074,1,SHORT,SHORT,0.2510413204630216,0.2044084011537722,0.969363808631897,79.55915988462277,52.0,True,0.5668115516503653,UNRANKED,False,20,"5,10,20"
2021-02-10,2021-02-11,2021-02-12,GOOGL,XLK,103.6929788445471,102.03025584824408,1,SHORT,SHORT,0.24656962851683295,0.20660573408484206,0.9691130518913269,79.33942659151579,52.0,True,0.29406905174255377,UNRANKED,False,20,"5,10,20"
2021-02-11,2021-02-12,2021-02-16,GOOGL,XLK,103.13608390402558,101.49510904179066,1,SHORT,SHORT,0.23977118978897727,0.18740443430744436,0.977587083975474,81.25955656925557,52.0,True,0.40321583052476245,UNRANKED,False,20,"5,10,20"
2021-02-12,2021-02-16,2021-02-17,GOOGL,XLK,103.73017139399563,102.0730445585813,1,SHORT,SHORT,0.21396786967913306,0.16691075804236358,0.961783250172933,83.30892419576365,52.0,True,0.47378121813138324,UNRANKED,False,20,"5,10,20"
2021-02-16,2021-02-17,2021-02-18,GOOGL,XLK,103.84074940988164,102.1765381366883,1,SHORT,SHORT,0.23313280691703156,0.194352650545328,0.9210864305496216,80.5647349454672,52.0,True,0.4529380698998769,UNRANKED,False,20,"5,10,20"
2021-02-17,2021-02-18,2021-02-19,GOOGL,XLK,104.38724907315866,103.0102714251048,1,SHORT,SHORT,0.2460152183969815,0.19978012035517803,0.8757014075915018,80.0219879644822,52.0,True,0.42018656929334014,UNRANKED,False,20,"5,10,20"
2021-02-18,2021-02-19,2021-02-22,GOOGL,XLK,104.52559167005224,107.77808430223696,1,SHORT,SHORT,0.2827718257904052,0.22238409817517116,0.8465397357940674,77.76159018248289,52.0,True,0.5841577053070067,UNRANKED,False,20,"5,10,20"
2021-02-19,2021-02-22,2021-02-23,GOOGL,XLK,101.83830606942487,100.56862114162077,1,SHORT,SHORT,0.3135943561792373,0.22294785746070345,0.8663195967674255,77.70521425392965,52.0,True,0.5752640018860499,UNRANKED,False,20,"5,10,20"
2021-02-22,2021-02-23,2021-02-24,GOOGL,XLK,99.8740400246942,98.71472900261692,1,SHORT,SHORT,0.28019901116689044,0.22266889986252128,0.8088092605272929,77.73311001374788,52.0,True,0.546955183148384,UNRANKED,False,20,"5,10,20"
2021-02-23,2021-02-24,2021-02-25,GOOGL,XLK,100.66995712296064,99.58216241034904,1,SHORT,SHORT,0.3017719288667043,0.23218465960585255,0.7269371946652731,76.78153403941475,52.0,True,0.5935059835513433,UNRANKED,False,20,"5,10,20"
2021-02-24,2021-02-25,2021-02-26,GOOGL,XLK,101.95386696395023,103.64550945270234,1,SHORT,SHORT,0.2784594347079595,0.20460551041379338,0.842212994893392,79.53944895862067,52.0,True,0.6508774360020956,UNRANKED,False,20,"5,10,20"
2021-02-25,2021-02-26,2021-03-01,GOOGL,XLK,100.6655050872536,99.76707576160489,1,SHORT,SHORT,0.24567119528849915,0.19760650770719193,0.9029074509938558,80.2393492292808,52.0,True,0.3724626104036967,UNRANKED,False,20,"5,10,20"
2021-02-26,2021-03-01,2021-03-02,GOOGL,XLK,101.56059734973552,100.76574141450254,1,SHORT,SHORT,0.2531084443132083,0.19456533965324704,0.873980442682902,80.54346603467529,52.0,True,0.3162517895301183,UNRANKED,False,20,"5,10,20"
2021-03-01,2021-03-02,2021-03-03,GOOGL,XLK,102.39570360453789,104.76752023966972,1,SHORT,SHORT,0.2604409232735634,0.20464672760728178,0.8599516749382019,79.53532723927182,52.0,True,0.0772190839052201,UNRANKED,False,20,"5,10,20"
2021-03-02,2021-03-03,2021-03-04,GOOGL,XLK,101.75650153771592,100.8217671932335,1,SHORT,SHORT,0.22186338653167084,0.17857309886882197,0.9557353655497233,82.1426901131178,52.0,True,-0.2599773108959198,UNRANKED,False,20,"5,10,20"
2021-03-03,2021-03-04,2021-03-05,GOOGL,XLK,99.91767835282444,98.83424492910096,1,SHORT,SHORT,0.2761645267407099,0.2081103553404442,0.9039958318074545,79.18896446595558,52.0,True,0.14712609847386685,UNRANKED,False,20,"5,10,20"
2021-03-04,2021-03-05,2021-03-08,GOOGL,XLK,102.21271269276662,105.10061427139732,1,SHORT,SHORT,0.2860517899195353,0.18720033960071678,0.9361666440963745,81.27996603992833,52.0,True,1.0136534174283345,UNRANKED,False,20,"5,10,20"
2021-03-05,2021-03-08,2021-03-09,GOOGL,XLK,103.34882412283017,106.74024121746952,1,SHORT,SHORT,0.25925498207410175,0.1892022013319281,0.9637570977210997,81.07977986680719,52.0,True,0.6321230878432592,UNRANKED,False,20,"5,10,20"
2021-03-08,2021-03-09,2021-03-10,GOOGL,XLK,101.64739650665258,100.0290645974729,1,SHORT,SHORT,0.28756730755170185,0.18886305839767123,0.9408494234085083,81.11369416023287,52.0,True,0.8010670642058056,UNRANKED,False,20,"5,10,20"
2021-03-09,2021-03-10,2021-03-11,GOOGL,XLK,102.22510279057674,100.51842848724944,1,SHORT,SHORT,0.31545413533846534,0.21852656156768466,0.9761853218078613,78.14734384323152,52.0,True,0.3925176809231441,UNRANKED,False,20,"5,10,20"
2021-03-10,2021-03-11,2021-03-12,GOOGL,XLK,102.06741705146506,100.39134533951612,1,SHORT,SHORT,0.3020824044942856,0.21029569872352083,0.9754355947176615,78.97043012764792,52.0,True,0.7602062424023946,UNRANKED,False,20,"5,10,20"
2021-03-11,2021-03-12,2021-03-15,GOOGL,XLK,102.96945342859368,101.12566146692376,1,SHORT,SHORT,0.2395825088024139,0.1872453811595073,0.9825103680292765,81.27546188404928,52.0,True,0.07735599080721527,UNRANKED,False,20,"5,10,20"
2021-03-12,2021-03-15,2021-03-16,GOOGL,XLK,101.41084443797796,99.51041239626478,1,SHORT,SHORT,0.24088686207930246,0.19355894574301766,0.9832722544670105,80.64410542569823,52.0,True,0.5871389508247377,UNRANKED,False,20,"5,10,20"
2021-03-15,2021-03-16,2021-03-17,GOOGL,XLK,102.45272538765994,100.55732220685636,1,SHORT,SHORT,0.26497193177541095,0.2039995322654676,0.9785419503847758,79.60004677345324,52.0,True,0.581270714600881,UNRANKED,False,20,"5,10,20"
2021-03-16,2021-03-17,2021-03-18,GOOGL,XLK,102.57571159931344,107.36522614093944,1,SHORT,SHORT,0.24193597336610154,0.1864326888819012,0.9575329820315043,81.35673111180988,52.0,True,0.5350842674573263,UNRANKED,False,20,"5,10,20"
2021-03-17,2021-03-18,2021-03-19,GOOGL,XLK,101.56951989998234,99.88816755710428,1,SHORT,SHORT,0.27266815056403476,0.22053961074911732,0.931661069393158,77.94603892508827,52.0,True,0.7065383295218152,UNRANKED,False,20,"5,10,20"
2021-03-18,2021-03-19,2021-03-22,GOOGL,XLK,100.65459585242806,98.77870757292192,1,SHORT,SHORT,0.2740190774202347,0.20598300091155386,0.8155296047528585,79.40169990884462,52.0,True,0.461224044362704,UNRANKED,False,20,"5,10,20"
2021-03-19,2021-03-22,2021-03-23,GOOGL,XLK,100.5504485175428,98.8237901051544,1,SHORT,SHORT,0.2876945932706197,0.20921076532728944,0.822500745455424,79.07892346727105,52.0,True,0.10076997677485139,UNRANKED,False,20,"5,10,20"
2021-03-22,2021-03-23,2021-03-24,GOOGL,XLK,101.1614008768052,99.43987813684984,1,SHORT,SHORT,0.25799290835857386,0.19445562660992463,0.8143180012702942,80.55443733900754,52.0,True,0.616637056072553,UNRANKED,False,20,"5,10,20"
2021-03-23,2021-03-24,2021-03-25,GOOGL,XLK,101.74705457606407,100.17582436889332,1,SHORT,SHORT,0.2563530504703522,0.1945466440124258,0.8668234546979269,80.54533559875742,52.0,True,0.5984092404445013,UNRANKED,False,20,"5,10,20"
2021-03-24,2021-03-25,2021-03-26,GOOGL,XLK,100.62086633670764,99.09823319287396,1,SHORT,SHORT,0.2911220739285151,0.2064513497011965,0.8213381171226501,79.35486502988034,52.0,True,0.684122160077095,UNRANKED,False,20,"5,10,20"
2021-03-25,2021-03-26,2021-03-29,GOOGL,XLK,100.756757621596,99.4575278634696,1,SHORT,SHORT,0.24403646339972815,0.18862392673635378,0.8090895613034567,81.13760732636463,52.0,True,0.6272666652997335,UNRANKED,False,20,"5,10,20"
2021-03-26,2021-03-29,2021-03-30,GOOGL,XLK,100.27919338600256,99.26985446213956,1,SHORT,SHORT,0.2549919635057449,0.20678687581007152,0.8755672971407572,79.32131241899285,52.0,True,0.6020964433749517,UNRANKED,False,20,"5,10,20"
2021-03-29,2021-03-30,2021-03-31,GOOGL,XLK,101.80755821783724,100.84001856678394,1,SHORT,SHORT,0.27068721254666644,0.2086937240418114,0.835853636264801,79.13062759581886,52.0,True,0.5735050191481907,UNRANKED,False,20,"5,10,20"
2021-03-30,2021-03-31,2021-04-01,GOOGL,XLK,101.87797712697532,100.92280036480317,1,SHORT,SHORT,0.25795122236013407,0.20614853986684947,0.8290117780367533,79.38514601331505,52.0,True,0.6488789071639379,UNRANKED,False,20,"5,10,20"
2021-03-31,2021-04-01,2021-04-05,GOOGL,XLK,103.7549679821722,102.97087766757956,1,SHORT,SHORT,0.2760436584552129,0.21571115951041694,0.870359460512797,78.42888404895831,52.0,True,0.5335986663897831,UNRANKED,False,20,"5,10,20"
2021-04-01,2021-04-05,2021-04-06,GOOGL,XLK,106.47746082606572,105.63414624651077,1,SHORT,SHORT,0.24441636105378464,0.18540819895296742,0.9120324850082397,81.45918010470325,52.0,True,0.47414143383502966,UNRANKED,False,20,"5,10,20"
2021-04-05,2021-04-06,2021-04-07,GOOGL,XLK,109.6398225550208,108.49634688624984,1,SHORT,SHORT,0.27077056964238483,0.20145500004589875,0.8760753273963928,79.85449999541012,52.0,True,0.474128857254982,UNRANKED,False,20,"5,10,20"
2021-04-06,2021-04-07,2021-04-08,GOOGL,XLK,109.74793242768108,108.67441394710772,1,SHORT,SHORT,0.2768935561180115,0.21793925143137913,0.8333942294120789,78.20607485686209,52.0,True,0.6184756805499394,UNRANKED,False,20,"5,10,20"
2021-04-07,2021-04-08,2021-04-09,GOOGL,XLK,112.27207187647824,111.0990186799799,1,SHORT,SHORT,0.276538240412871,0.19827038107330364,0.8497670292854309,80.17296189266963,52.0,True,0.4763831496238709,UNRANKED,False,20,"5,10,20"
2021-04-08,2021-04-09,2021-04-12,GOOGL,XLK,111.35167993918044,110.35389246359448,1,SHORT,SHORT,0.2346802974740664,0.19461583262165139,0.8951651851336161,80.53841673783486,52.0,True,0.42203213771184295,UNRANKED,False,20,"5,10,20"
2021-04-09,2021-04-12,2021-04-13,GOOGL,XLK,111.78211703998792,110.73254395910762,1,SHORT,SHORT,0.23167187968889869,0.1884341852414583,0.9225618441899618,81.15658147585417,52.0,True,0.5232439736525218,UNRANKED,False,20,"5,10,20"
2021-04-12,2021-04-13,2021-04-14,GOOGL,XLK,111.62691342728266,110.49827911070204,1,SHORT,SHORT,0.2529866620898246,0.2027219473344973,0.8808966477711996,79.72780526655026,52.0,True,0.499860018491745,UNRANKED,False,20,"5,10,20"
2021-04-13,2021-04-14,2021-04-15,GOOGL,XLK,112.44216174007808,111.316466920219,1,SHORT,SHORT,0.2538349628448486,0.20371405709252896,0.8922388950983683,79.6285942907471,52.0,True,0.5203590641419095,UNRANKED,False,20,"5,10,20"
2021-04-14,2021-04-15,2021-04-16,GOOGL,XLK,112.17040796947886,111.03153555039404,1,SHORT,SHORT,0.24701748291651407,0.19431923868658965,0.898068904876709,80.56807613134104,52.0,True,0.5139671166737875,UNRANKED,False,20,"5,10,20"
2021-04-15,2021-04-16,2021-04-19,GOOGL,XLK,113.52373007572083,112.23158911502748,1,SHORT,SHORT,0.26225800315539033,0.21940470899621392,0.8809245824813843,78.05952910037861,52.0,True,0.480393980940183,UNRANKED,False,20,"5,10,20"
2021-04-16,2021-04-19,2021-04-20,GOOGL,XLK,112.57854354901256,111.30492784815458,1,SHORT,SHORT,0.25807288289070124,0.21338464210658184,0.879086414972941,78.66153578934181,52.0,True,0.5024049729108812,UNRANKED,False,20,"5,10,20"
2021-04-19,2021-04-20,2021-04-21,GOOGL,XLK,113.9328401922627,112.70899048697532,1,SHORT,SHORT,0.27691526710987086,0.2328033793825355,0.849508007367452,76.71966206174645,52.0,True,0.5625966588656106,UNRANKED,False,20,"5,10,20"
2021-04-20,2021-04-21,2021-04-22,GOOGL,XLK,112.67128329657372,111.41176399202573,1,SHORT,SHORT,0.26898189882437384,0.22567683943693315,0.8874472379684448,77.43231605630669,52.0,True,0.4176813264687856,UNRANKED,False,20,"5,10,20"
2021-04-21,2021-04-22,2021-04-23,GOOGL,XLK,112.837401296547,111.63239674070856,1,SHORT,SHORT,0.2728576560815175,0.22366436807895176,0.7802617152531942,77.63356319210483,52.0,True,0.5769244333108267,UNRANKED,False,20,"5,10,20"
2021-04-22,2021-04-23,2021-04-26,GOOGL,XLK,112.4208378072845,111.36258411029787,1,SHORT,SHORT,0.2561147361993789,0.2029553469990084,0.7154716849327087,79.70446530009916,52.0,True,0.6381208300590515,UNRANKED,False,20,"5,10,20"
2021-04-23,2021-04-26,2021-04-27,GOOGL,XLK,114.28146844023216,113.37117104643332,1,SHORT,SHORT,0.3017457624276479,0.22519644399782338,0.7935349345207214,77.48035560021766,52.0,True,0.5658652484416962,UNRANKED,False,20,"5,10,20"
2021-04-26,2021-04-27,2021-04-28,GOOGL,XLK,114.93158197534504,114.0202213709226,1,SHORT,SHORT,0.3566005031267802,0.2544589956256496,0.6951306462287903,74.55410043743504,52.0,True,0.6386489570140839,UNRANKED,False,20,"5,10,20"
2021-04-27,2021-04-28,2021-04-29,GOOGL,XLK,118.6444052488308,117.77137036287934,1,SHORT,SHORT,0.347331702709198,0.2513173937452582,0.7534413536389669,74.86826062547418,52.0,True,0.5344656159480413,UNRANKED,False,20,"5,10,20"
2021-04-28,2021-04-29,2021-04-30,GOOGL,XLK,118.4822512376474,121.16658558387368,1,SHORT,SHORT,0.3278321872154872,0.2411827961258836,0.7468055089314779,75.88172038741165,52.0,True,0.5804923425118128,UNRANKED,False,20,"5,10,20"
2021-04-29,2021-04-30,2021-05-03,GOOGL,XLK,117.43044257709242,120.23414833750329,1,SHORT,SHORT,0.3061908980210622,0.23626782795091783,0.7662806908289591,76.37321720490822,52.0,True,0.4767073144515355,UNRANKED,False,20,"5,10,20"
2021-04-30,2021-05-03,2021-05-04,GOOGL,XLK,117.2762089404866,120.19689375493972,1,SHORT,SHORT,0.2970304240783055,0.23027899063157511,0.7412473360697428,76.9721009368425,52.0,True,0.41597001254558563,UNRANKED,False,20,"5,10,20"
2021-05-03,2021-05-04,2021-05-05,GOOGL,XLK,114.72924795789474,113.55881327859088,1,SHORT,SHORT,0.2946602205435434,0.23005551215572337,0.7591696778933207,76.99444878442766,52.0,True,0.4527972588936488,UNRANKED,False,20,"5,10,20"
2021-05-04,2021-05-05,2021-05-06,GOOGL,XLK,115.47709984321008,114.22260994452844,1,SHORT,SHORT,0.2963742514451344,0.21964547069869278,0.8112088243166605,78.03545293013072,52.0,True,0.6399888694286346,UNRANKED,False,20,"5,10,20"
2021-05-05,2021-05-06,2021-05-07,GOOGL,XLK,114.371219210084,113.2421189554802,1,SHORT,SHORT,0.2725563496351242,0.21511728680693287,0.8398416837056478,78.48827131930672,52.0,True,0.5730684349934259,UNRANKED,False,20,"5,10,20"
2021-05-06,2021-05-07,2021-05-10,GOOGL,XLK,117.22562773950987,120.22619367709709,1,SHORT,SHORT,0.3071759765346845,0.23126370089109083,0.8443021972974142,76.87362991089091,52.0,True,0.5475985656181972,UNRANKED,False,20,"5,10,20"
2021-05-07,2021-05-10,2021-05-11,GOOGL,XLK,115.4527900587697,118.52038976405709,1,SHORT,SHORT,0.24379734198252354,0.20351885208266304,0.9485462307929993,79.64811479173369,52.0,True,0.34928113222122176,UNRANKED,False,20,"5,10,20"
2021-05-10,2021-05-11,2021-05-12,GOOGL,XLK,111.23415327092532,114.73947041395684,1,SHORT,SHORT,0.3047890663146972,0.20700174765316123,0.836841901143392,79.29982523468388,52.0,True,0.5721752593914667,UNRANKED,False,20,"5,10,20"
2021-05-11,2021-05-12,2021-05-13,GOOGL,XLK,110.39707540750636,108.92045514209065,1,SHORT,SHORT,0.3255198796590169,0.20834660450888384,0.7315601706504822,79.16533954911161,52.0,True,0.7238581528266271,UNRANKED,False,20,"5,10,20"
2021-05-12,2021-05-13,2021-05-14,GOOGL,XLK,110.39359947423983,108.76119623676075,1,SHORT,SHORT,0.2972033023834228,0.21735482712885057,0.871402362982432,78.26451728711494,52.0,True,0.8464494546254476,UNRANKED,False,20,"5,10,20"
2021-05-13,2021-05-14,2021-05-17,GOOGL,XLK,112.00131096781348,110.43486166623003,1,SHORT,SHORT,0.24712702880303064,0.1967748948791074,0.8133914073308309,80.32251051208927,52.0,True,0.5791620711485544,UNRANKED,False,20,"5,10,20"
2021-05-14,2021-05-17,2021-05-18,GOOGL,XLK,112.25074645700624,110.54495007900678,1,SHORT,SHORT,0.22874031464258826,0.19179246533979466,0.9629669388135275,80.82075346602053,52.0,True,0.290937622388204,UNRANKED,False,20,"5,10,20"
2021-05-17,2021-05-18,2021-05-19,GOOGL,XLK,114.17385549892236,112.49784918178368,1,SHORT,SHORT,0.23338722189267477,0.17474737932030257,0.9802467425664266,82.52526206796973,52.0,True,0.30865333974361414,UNRANKED,False,20,"5,10,20"
2021-05-18,2021-05-19,2021-05-20,GOOGL,XLK,110.50815409240448,108.97953732343127,1,SHORT,SHORT,0.22846785436073935,0.1824769448415808,0.9241885542869568,81.75230551584191,52.0,True,0.4137853334347407,UNRANKED,False,20,"5,10,20"
2021-05-19,2021-05-20,2021-05-21,GOOGL,XLK,113.6109914677766,112.16983044831512,1,SHORT,SHORT,0.3123431553443273,0.2087037778708597,0.9540008505185446,79.12962221291403,52.0,True,1.037172292669614,UNRANKED,False,20,"5,10,20"
2021-05-20,2021-05-21,2021-05-24,GOOGL,XLK,114.920672247248,113.49300762671228,1,SHORT,SHORT,0.2971809506416321,0.19263076949251293,0.9357402324676514,80.73692305074871,52.0,True,0.9000473767518997,UNRANKED,False,20,"5,10,20"
2021-05-21,2021-05-24,2021-05-25,GOOGL,XLK,114.79570966912144,113.35954481316442,1,SHORT,SHORT,0.27351541320482886,0.21509548437624623,0.9556355873743693,78.49045156237537,52.0,True,0.6460744986931483,UNRANKED,False,20,"5,10,20"
2021-05-24,2021-05-25,2021-05-26,GOOGL,XLK,117.6278039964334,116.08303688915105,1,SHORT,SHORT,0.25374411543210346,0.1975951927587921,0.9650130271911621,80.24048072412079,52.0,True,0.5243413299322129,UNRANKED,False,20,"5,10,20"
2021-05-25,2021-05-26,2021-05-27,GOOGL,XLK,117.35604726795344,115.83292475295625,1,SHORT,SHORT,0.2534865389267603,0.19663198846593263,0.9159951607386271,80.33680115340674,52.0,True,0.6009053240219752,UNRANKED,False,20,"5,10,20"
2021-05-26,2021-05-27,2021-05-28,GOOGL,XLK,118.47330744370343,122.23560030564192,1,SHORT,SHORT,0.2347313414017359,0.18554069986173424,0.9100629687309265,81.44593001382657,52.0,True,0.5490773916244507,UNRANKED,False,20,"5,10,20"
2021-05-27,2021-05-28,2021-06-01,GOOGL,XLK,117.7478111847202,116.2320891824183,1,SHORT,SHORT,0.24543405820926031,0.20222595045039546,0.9279094537099203,79.77740495496045,52.0,True,0.38564736147721607,UNRANKED,False,20,"5,10,20"
2021-05-28,2021-06-01,2021-06-02,GOOGL,XLK,117.74881802621616,116.4256107159483,1,SHORT,SHORT,0.23532405992348984,0.1962352266815254,0.9210140109062195,80.37647733184747,52.0,True,0.41216763357321423,UNRANKED,False,20,"5,10,20"
2021-06-01,2021-06-02,2021-06-03,GOOGL,XLK,118.47827097273424,121.80966789307465,1,SHORT,SHORT,0.3165985544522603,0.2293363431744523,0.8568916320800781,77.06636568255477,52.0,True,0.4579131752252579,UNRANKED,False,20,"5,10,20"
2021-06-02,2021-06-03,2021-06-04,GOOGL,XLK,116.3250761646754,115.20228269456518,1,SHORT,SHORT,0.31086063881715137,0.23208973920904774,0.8602390289306641,76.79102607909523,52.0,True,0.5465926031271616,UNRANKED,False,20,"5,10,20"
2021-06-03,2021-06-04,2021-06-07,GOOGL,XLK,117.4924272675406,116.39010782261174,1,SHORT,SHORT,0.22779551148414603,0.19380974480578791,0.8056325713793436,80.6190255194212,52.0,True,0.5475213925043741,UNRANKED,False,20,"5,10,20"
2021-06-04,2021-06-07,2021-06-08,GOOGL,XLK,118.492667006448,117.40221344984224,1,SHORT,SHORT,0.2756728902459144,0.21291853365158378,0.8424396713574728,78.70814663484163,52.0,True,0.5586855808893839,UNRANKED,False,20,"5,10,20"
2021-06-07,2021-06-08,2021-06-09,GOOGL,XLK,119.61190790368995,118.52786521831746,1,SHORT,SHORT,0.30351691693067545,0.2470061293896355,0.8424603740374247,75.29938706103646,52.0,True,0.5373329520225524,UNRANKED,False,20,"5,10,20"
2021-06-08,2021-06-09,2021-06-10,GOOGL,XLK,119.5831490532692,118.57912291278372,1,SHORT,SHORT,0.2952610701322555,0.2390681031176677,0.832274854183197,76.09318968823324,52.0,True,0.5853894849618277,UNRANKED,False,20,"5,10,20"
2021-06-09,2021-06-10,2021-06-11,GOOGL,XLK,119.35950068179912,118.35380915347882,1,SHORT,SHORT,0.24456287175416944,0.2105156551705747,0.9128757119178772,78.94843448294253,52.0,True,0.4648309648036957,UNRANKED,False,20,"5,10,20"
2021-06-10,2021-06-11,2021-06-14,GOOGL,XLK,120.99993539094038,120.02350095577717,1,SHORT,SHORT,0.2832620292901992,0.2254876477844079,0.8857424060503641,77.45123522155922,52.0,True,0.48213063677151996,UNRANKED,False,20,"5,10,20"
2021-06-11,2021-06-14,2021-06-15,GOOGL,XLK,120.61610768688745,119.66762026884892,1,SHORT,SHORT,0.27636296798785526,0.2040112024348454,0.9176059563954672,79.59887975651546,52.0,True,0.3281501879294714,UNRANKED,False,20,"5,10,20"
2021-06-14,2021-06-15,2021-06-16,GOOGL,XLK,121.44624948123858,123.39063746210842,1,SHORT,SHORT,0.25667285919189453,0.1862229775407779,0.9174835681915283,81.37770224592221,52.0,True,0.19721264143784853,UNRANKED,False,20,"5,10,20"
2021-06-15,2021-06-16,2021-06-17,GOOGL,XLK,120.5754470648677,119.7314894363451,1,SHORT,SHORT,0.262316790719827,0.2035396314635266,0.8900086681048075,79.64603685364735,52.0,True,0.36692759891351057,UNRANKED,False,20,"5,10,20"
2021-06-16,2021-06-17,2021-06-18,GOOGL,XLK,119.7081134975645,118.88009530908792,1,SHORT,SHORT,0.2969778229792912,0.2265933682551018,0.8503976662953695,77.34066317448982,52.0,True,0.6953380852937698,UNRANKED,False,20,"5,10,20"
2021-06-17,2021-06-18,2021-06-21,GOOGL,XLK,120.37212004101572,119.53776237064044,1,SHORT,SHORT,0.30493716398874915,0.2323644073462802,0.8171655734380087,76.76355926537198,52.0,True,0.5136366287867227,UNRANKED,False,20,"5,10,20"
2021-06-18,2021-06-21,2021-06-22,GOOGL,XLK,119.51272322906476,118.58336488294312,1,SHORT,SHORT,0.2894588460524877,0.22444969713986232,0.752279539903005,77.55503028601377,52.0,True,0.6184449543555578,UNRANKED,False,20,"5,10,20"
2021-06-21,2021-06-22,2021-06-23,GOOGL,XLK,120.75198140176596,119.78826571224307,1,SHORT,SHORT,0.33722148338953645,0.23584550917446925,0.8003336985905966,76.41544908255308,52.0,True,0.4598473111788432,UNRANKED,False,20,"5,10,20"
2021-06-22,2021-06-23,2021-06-24,GOOGL,XLK,121.0926665813496,120.12976614712804,1,SHORT,SHORT,0.3343956470489502,0.23949322025252093,0.7451095183690389,76.0506779747479,52.0,True,0.4739270061254501,UNRANKED,False,20,"5,10,20"
2021-06-23,2021-06-24,2021-06-25,GOOGL,XLK,121.69419951157322,120.79838761320548,1,SHORT,SHORT,0.31977835794289905,0.23347323334741069,0.8791526556015015,76.65267666525894,52.0,True,0.44961080451806384,UNRANKED,False,20,"5,10,20"
2021-06-24,2021-06-25,2021-06-28,GOOGL,XLK,120.99994918241606,120.2406157081206,1,SHORT,SHORT,0.28070311248302454,0.2118909499250794,0.8394519686698914,78.81090500749207,52.0,True,0.3139613916476568,UNRANKED,False,20,"5,10,20"
2021-06-25,2021-06-28,2021-06-29,GOOGL,XLK,121.67287369057478,120.94386106501672,1,SHORT,SHORT,0.28186654051144916,0.22756268807542632,0.8470133145650228,77.24373119245736,52.0,True,0.40217335025469464,UNRANKED,False,20,"5,10,20"
2021-06-28,2021-06-29,2021-06-30,GOOGL,XLK,121.66494274006068,120.94765594894042,1,SHORT,SHORT,0.3020714794596036,0.23608156419650062,0.8016054630279541,76.39184358034994,52.0,True,0.4111198484897614,UNRANKED,False,20,"5,10,20"
2021-06-29,2021-06-30,2021-07-01,GOOGL,XLK,120.99448449461066,120.29218128939304,1,SHORT,SHORT,0.3033319065968195,0.23878296332124052,0.7943100333213806,76.12170366787595,52.0,True,0.46404176950454706,UNRANKED,False,20,"5,10,20"
2021-06-30,2021-07-01,2021-07-02,GOOGL,XLK,120.72718855138434,120.10823266672335,1,SHORT,SHORT,0.3070132434368133,0.23467385964122886,0.7807581822077433,76.53261403587712,52.0,True,0.4263226489226024,UNRANKED,False,20,"5,10,20"
2021-07-01,2021-07-02,2021-07-06,GOOGL,XLK,122.14052074770464,121.51387879301016,1,SHORT,SHORT,0.3056795870264371,0.23275021827780384,0.8785726428031921,76.72497817221962,52.0,True,0.48124753932158143,UNRANKED,False,20,"5,10,20"
2021-07-02,2021-07-06,2021-07-07,GOOGL,XLK,124.61852879829608,123.85887870412756,1,SHORT,SHORT,0.3212261845668157,0.2377933293610843,0.8867546518643697,76.22066706389157,52.0,True,0.4426310608784358,UNRANKED,False,20,"5,10,20"
2021-07-06,2021-07-07,2021-07-08,GOOGL,XLK,126.11962731057842,128.00219267269128,1,SHORT,SHORT,0.2875870366891225,0.2313672227491171,0.8886228005091349,76.86327772508828,52.0,True,0.4175657480955124,UNRANKED,False,20,"5,10,20"
2021-07-07,2021-07-08,2021-07-09,GOOGL,XLK,123.0093289727932,122.28201933708588,1,SHORT,SHORT,0.2825446426868438,0.22752188277755644,0.9244632124900818,77.24781172224435,52.0,True,0.4169416576623916,UNRANKED,False,20,"5,10,20"
2021-07-08,2021-07-09,2021-07-12,GOOGL,XLK,124.00013909575392,123.24031189064092,1,SHORT,SHORT,0.30835589766502375,0.21681449575556458,0.95149165391922,78.31855042444354,52.0,True,0.421645740667979,UNRANKED,False,20,"5,10,20"
2021-07-09,2021-07-12,2021-07-13,GOOGL,XLK,125.14368334235166,124.46589229184944,1,SHORT,SHORT,0.3072346597909927,0.22744962493849505,0.8981979290644327,77.25503750615049,52.0,True,0.2973891645669936,UNRANKED,False,20,"5,10,20"
2021-07-12,2021-07-13,2021-07-14,GOOGL,XLK,125.99712795199184,125.33665780690256,1,SHORT,SHORT,0.28596821924050647,0.21988355418344654,0.9080344637235006,78.01164458165535,52.0,True,0.43708204726378125,UNRANKED,False,20,"5,10,20"
2021-07-13,2021-07-14,2021-07-15,GOOGL,XLK,126.90909397847128,128.53334847763423,1,SHORT,SHORT,0.2742348064978917,0.20814814579516103,0.9192416071891785,79.18518542048389,52.0,True,0.4165960450967153,UNRANKED,False,20,"5,10,20"
2021-07-14,2021-07-15,2021-07-16,GOOGL,XLK,127.59443383506836,129.34124774541644,1,SHORT,SHORT,0.28119769692420954,0.21311480113125447,0.8959220051765442,78.68851988687456,52.0,True,0.3260045846303304,UNRANKED,False,20,"5,10,20"
2021-07-15,2021-07-16,2021-07-19,GOOGL,XLK,126.61652699799224,128.51547512246907,1,SHORT,SHORT,0.2656061848004659,0.2162378176925314,0.8712729215621948,78.37621823074686,52.0,True,0.3238424708445866,UNRANKED,False,20,"5,10,20"
2021-07-16,2021-07-19,2021-07-20,GOOGL,XLK,125.05591587763702,124.2944608867051,1,SHORT,SHORT,0.26598024368286133,0.22128695734922563,0.8928514122962952,77.87130426507744,52.0,True,0.3276767979065578,UNRANKED,False,20,"5,10,20"
2021-07-19,2021-07-20,2021-07-21,GOOGL,XLK,124.498518120656,123.5695537782662,1,SHORT,SHORT,0.34977104266484577,0.22840895095687044,0.788467288017273,77.15910490431295,52.0,True,0.6672239651282629,UNRANKED,False,20,"5,10,20"
2021-07-20,2021-07-21,2021-07-22,GOOGL,XLK,125.09955486427576,124.073677592896,1,SHORT,SHORT,0.3007985353469848,0.21178753475646495,0.7808183431625366,78.82124652435351,52.0,True,0.5655595809221267,UNRANKED,False,20,"5,10,20"
2021-07-21,2021-07-22,2021-07-23,GOOGL,XLK,126.79602416530378,125.6882164609232,1,SHORT,SHORT,0.28555330634117126,0.22179445740146617,0.7342695395151774,77.82055425985338,52.0,True,0.3266689777374267,UNRANKED,False,20,"5,10,20"
2021-07-22,2021-07-23,2021-07-26,GOOGL,XLK,129.36133455179797,128.216867061738,1,SHORT,SHORT,0.2861922979354858,0.20602362652918016,0.8798245986302694,79.39763734708198,52.0,True,0.35419694582621264,UNRANKED,False,20,"5,10,20"
2021-07-23,2021-07-26,2021-07-27,GOOGL,XLK,132.2355886482273,135.41210068523205,1,SHORT,SHORT,0.258977805574735,0.20990827906422127,0.857588509718577,79.00917209357787,52.0,True,0.3386445840199788,UNRANKED,False,20,"5,10,20"
2021-07-26,2021-07-27,2021-07-28,GOOGL,XLK,133.14999766536482,131.87319342254952,1,SHORT,SHORT,0.29213508466879523,0.23407786206963835,0.7817927598953247,76.59221379303617,52.0,True,0.2749427954355875,UNRANKED,False,20,"5,10,20"
2021-07-27,2021-07-28,2021-07-29,GOOGL,XLK,135.19463941441848,133.78670168335682,1,SHORT,SHORT,0.30147475997606915,0.22837474144029093,0.7739906509717306,77.16252585597091,52.0,True,0.5518529961506525,UNRANKED,False,20,"5,10,20"
2021-07-28,2021-07-29,2021-07-30,GOOGL,XLK,135.0339491373532,133.43019809103623,1,SHORT,SHORT,0.2731086313724517,0.22132383418594267,0.8411764899889628,77.86761658140573,52.0,True,0.4022282262643178,UNRANKED,False,20,"5,10,20"
2021-07-29,2021-07-30,2021-08-02,GOOGL,XLK,133.92807412606015,132.33551540152052,1,SHORT,SHORT,0.24908547848463056,0.21102437541365374,0.873278001944224,78.89756245863462,52.0,True,0.4495643476645152,UNRANKED,False,20,"5,10,20"
2021-07-30,2021-08-02,2021-08-03,GOOGL,XLK,134.00942969336194,132.44563160637813,1,SHORT,SHORT,0.23984375596046445,0.188387990419098,0.932626485824585,81.16120095809019,52.0,True,0.22682846585909522,UNRANKED,False,20,"5,10,20"
2021-08-02,2021-08-03,2021-08-04,GOOGL,XLK,134.02726631580427,132.48032646595075,1,SHORT,SHORT,0.25103531529506046,0.20695140449786656,0.9045900901158651,79.30485955021335,52.0,True,0.44676132003466273,UNRANKED,False,20,"5,10,20"
2021-08-03,2021-08-04,2021-08-05,GOOGL,XLK,134.24001564188015,132.7015776623182,1,SHORT,SHORT,0.26900703211625415,0.2087494637371576,0.9283974369366964,79.12505362628424,52.0,True,0.30812861522038787,UNRANKED,False,20,"5,10,20"
2021-08-04,2021-08-05,2021-08-06,GOOGL,XLK,134.56829449236173,133.08139470772863,1,SHORT,SHORT,0.2674604232112566,0.1977062891939151,0.9347620209058126,80.22937108060849,52.0,True,0.4182508985201517,UNRANKED,False,20,"5,10,20"
2021-08-05,2021-08-06,2021-08-09,GOOGL,XLK,134.9268333121691,133.36264340128042,1,SHORT,SHORT,0.2220017736156781,0.17342458556323162,0.9606775840123495,82.65754144367683,52.0,True,0.35835355520248413,UNRANKED,False,20,"5,10,20"
2021-08-06,2021-08-09,2021-08-10,GOOGL,XLK,134.8281458060164,133.39706975621172,1,SHORT,SHORT,0.22526805102825165,0.17782638857989422,0.9584407011667887,82.21736114201057,52.0,True,0.34011816978454595,UNRANKED,False,20,"5,10,20"
2021-08-09,2021-08-10,2021-08-11,GOOGL,XLK,136.21614977140976,134.81744905729843,1,SHORT,SHORT,0.24455241610606507,0.19850637903043541,0.943713366985321,80.14936209695645,52.0,True,0.31646945575873064,UNRANKED,False,20,"5,10,20"
2021-08-10,2021-08-11,2021-08-12,GOOGL,XLK,136.05699411421284,134.74567830523543,1,SHORT,SHORT,0.27169868846734363,0.2242330460606463,0.9359270532925924,77.57669539393537,52.0,True,0.4236411650975546,UNRANKED,False,20,"5,10,20"
2021-08-11,2021-08-12,2021-08-13,GOOGL,XLK,134.86089454269305,133.5739840769076,1,SHORT,SHORT,0.2810821632544199,0.22116767593515227,0.9319959282875061,77.88323240648477,52.0,True,0.37721690535545344,UNRANKED,False,20,"5,10,20"
2021-08-12,2021-08-13,2021-08-16,GOOGL,XLK,136.12493157350525,135.09861779176697,1,SHORT,SHORT,0.269828567902247,0.21696507164132903,0.9251535336176554,78.30349283586709,52.0,True,0.3578849136829377,UNRANKED,False,20,"5,10,20"
2021-08-13,2021-08-16,2021-08-17,GOOGL,XLK,136.39768127335614,135.40583491628303,1,SHORT,SHORT,0.2757598310708999,0.21665853671262114,0.917588492234548,78.33414632873789,52.0,True,0.39333896338939667,UNRANKED,False,20,"5,10,20"
2021-08-16,2021-08-17,2021-08-18,GOOGL,XLK,136.62083810095478,138.82540069686718,1,SHORT,SHORT,0.31674281259377796,0.24248379664150352,0.9094569087028503,75.75162033584965,52.0,True,0.4507724593083064,UNRANKED,False,20,"5,10,20"
2021-08-17,2021-08-18,2021-08-19,GOOGL,XLK,135.38104821947942,137.1346863507573,1,SHORT,SHORT,0.3538961907227834,0.2391339325827453,0.906886080900828,76.08660674172548,52.0,True,0.6893044610818229,UNRANKED,False,20,"5,10,20"
2021-08-18,2021-08-19,2021-08-20,GOOGL,XLK,133.33350458588953,132.56857277087838,1,SHORT,SHORT,0.3579004208246867,0.23257215658049715,0.9259411096572876,76.74278434195028,52.0,True,0.695795958240827,UNRANKED,False,20,"5,10,20"
2021-08-19,2021-08-20,2021-08-23,GOOGL,XLK,134.8851768373789,134.1783363222422,1,SHORT,SHORT,0.30907189846038813,0.21579760508266563,0.9223387638727824,78.42023949173344,52.0,True,0.7535988440116248,UNRANKED,False,20,"5,10,20"
2021-08-20,2021-08-23,2021-08-24,GOOGL,XLK,136.83853312618544,136.0168222671592,1,SHORT,SHORT,0.3422348697980245,0.23128743140034477,0.9294987916946411,76.87125685996551,52.0,True,0.4991276115179062,UNRANKED,False,20,"5,10,20"
2021-08-23,2021-08-24,2021-08-25,GOOGL,XLK,139.45888047774642,138.50706555377877,1,SHORT,SHORT,0.3394674360752105,0.22609737436247576,0.9451023737589518,77.39026256375242,52.0,True,0.3534489224354425,UNRANKED,False,20,"5,10,20"
2021-08-24,2021-08-25,2021-08-26,GOOGL,XLK,140.4640639174662,139.46156038614646,1,SHORT,SHORT,0.3033794015645981,0.2279070943623813,0.9263330499331156,77.20929056376187,52.0,True,0.43336859345436096,UNRANKED,False,20,"5,10,20"
2021-08-25,2021-08-26,2021-08-27,GOOGL,XLK,140.58803917062994,139.6073916748152,1,SHORT,SHORT,0.2437968974312146,0.2052851787117073,0.8795703848203024,79.47148212882928,52.0,True,0.3229009807109833,UNRANKED,False,20,"5,10,20"
2021-08-26,2021-08-27,2021-08-30,GOOGL,XLK,140.4913519862621,139.50181515590495,1,SHORT,SHORT,0.33349465330441785,0.23346737860859368,0.906675398349762,76.65326213914064,52.0,True,0.26322174568970996,UNRANKED,False,20,"5,10,20"
2021-08-27,2021-08-30,2021-08-31,GOOGL,XLK,143.2162985800799,142.12835999888566,1,SHORT,SHORT,0.2595706880092621,0.20566604248447937,0.862473726272583,79.43339575155206,52.0,True,0.318733091155688,UNRANKED,False,20,"5,10,20"
2021-08-30,2021-08-31,2021-09-01,GOOGL,XLK,143.9571917138558,142.8352151339172,1,SHORT,SHORT,0.2773309499025345,0.21661560039023875,0.8537200490633646,78.33843996097613,52.0,True,0.5152632693449656,UNRANKED,False,20,"5,10,20"
2021-08-31,2021-09-01,2021-09-02,GOOGL,XLK,143.8113978553602,146.54178104715012,1,SHORT,SHORT,0.24876027554273603,0.19815692790929948,0.91367640097936,80.18430720907006,52.0,True,0.4124632279078166,UNRANKED,False,20,"5,10,20"
2021-09-01,2021-09-02,2021-09-03,GOOGL,XLK,144.02563035315396,146.6857004999871,1,SHORT,SHORT,0.25071680297454196,0.20501775034849315,0.8871108690897623,79.49822496515068,52.0,True,0.35750731329123187,UNRANKED,False,20,"5,10,20"
2021-09-02,2021-09-03,2021-09-07,GOOGL,XLK,141.90762370846002,140.74476774270946,1,SHORT,SHORT,0.299993430574735,0.2283409042358581,0.9278719226519266,77.1659095764142,52.0,True,0.3101035008827846,UNRANKED,False,20,"5,10,20"
2021-09-03,2021-09-07,2021-09-08,GOOGL,XLK,142.65546562838,141.5017856444235,1,SHORT,SHORT,0.2730777040123939,0.22083802852298418,0.941521942615509,77.91619714770158,52.0,True,0.4016108463207881,UNRANKED,False,20,"5,10,20"
2021-09-07,2021-09-08,2021-09-09,GOOGL,XLK,142.91878162510545,141.84352309762218,1,SHORT,SHORT,0.26293026655912394,0.22159197637507808,0.9278295437494913,77.84080236249218,52.0,True,0.42036115129788715,UNRANKED,False,20,"5,10,20"
2021-09-08,2021-09-09,2021-09-10,GOOGL,XLK,142.66139378468432,145.23919998498425,1,SHORT,SHORT,0.28482842942078906,0.2326692155655541,0.9426502784093221,76.7330784434446,52.0,True,0.3371129333972931,UNRANKED,False,20,"5,10,20"
2021-09-09,2021-09-10,2021-09-13,GOOGL,XLK,143.030343356749,145.59380084576267,1,SHORT,SHORT,0.2930877556403478,0.22340720204767192,0.9443892439206439,77.6592797952328,52.0,True,0.46058199803034455,UNRANKED,False,20,"5,10,20"
2021-09-10,2021-09-13,2021-09-14,GOOGL,XLK,140.78588503191912,139.69564673323052,1,SHORT,SHORT,0.3105725646018982,0.2322843491686133,0.8704281051953634,76.77156508313867,52.0,True,0.49447891116142256,UNRANKED,False,20,"5,10,20"
2021-09-13,2021-09-14,2021-09-15,GOOGL,XLK,141.8233446832824,140.81496651817358,1,SHORT,SHORT,0.30647595723470045,0.2117107143034569,0.9103355805079142,78.82892856965431,52.0,True,0.46722020705540973,UNRANKED,False,20,"5,10,20"
2021-09-14,2021-09-15,2021-09-16,GOOGL,XLK,141.60119149102275,140.66422227889942,1,SHORT,SHORT,0.30582946787277854,0.22581647948983488,0.9301966230074564,77.41835205101651,52.0,True,0.47029672563076025,UNRANKED,False,20,"5,10,20"
2021-09-15,2021-09-16,2021-09-17,GOOGL,XLK,142.77050902430236,145.30200207501386,1,SHORT,SHORT,0.27071321010589594,0.21339923259181956,0.9564959406852722,78.66007674081804,52.0,True,0.24652878940105427,UNRANKED,False,20,"5,10,20"
2021-09-16,2021-09-17,2021-09-20,GOOGL,XLK,141.8580745241919,144.42163010542097,1,SHORT,SHORT,0.2810697977741559,0.22861118492340385,0.9239304661750793,77.13888150765962,52.0,True,0.3657382130622863,UNRANKED,False,20,"5,10,20"
2021-09-17,2021-09-20,2021-09-21,GOOGL,XLK,137.0289727850643,135.98609013823116,1,SHORT,SHORT,0.31634312371412915,0.2315149199989707,0.8733598788579305,76.84850800010294,52.0,True,0.3614974369605382,UNRANKED,False,20,"5,10,20"
2021-09-20,2021-09-21,2021-09-22,GOOGL,XLK,138.60392895402697,137.4552037168618,1,SHORT,SHORT,0.33748554189999896,0.22783530918888847,0.9037982622782389,77.21646908111114,52.0,True,0.5838021536668142,UNRANKED,False,20,"5,10,20"
2021-09-21,2021-09-22,2021-09-23,GOOGL,XLK,138.16206678909336,136.99871382278477,1,SHORT,SHORT,0.3337328433990478,0.21857615232738561,0.9283968011538187,78.14238476726145,52.0,True,0.5687910268704097,UNRANKED,False,20,"5,10,20"
2021-09-22,2021-09-23,2021-09-24,GOOGL,XLK,139.83178336894923,138.6165407106066,1,SHORT,SHORT,0.2692184845606485,0.21177516755317985,0.924726406733195,78.82248324468202,52.0,True,0.3677490105231604,UNRANKED,False,20,"5,10,20"
2021-09-23,2021-09-24,2021-09-27,GOOGL,XLK,139.38648419130865,138.24179926350453,1,SHORT,SHORT,0.2955660844842593,0.21863059577202146,0.9782479405403137,78.13694042279785,52.0,True,0.39097952842712386,UNRANKED,False,20,"5,10,20"
2021-09-24,2021-09-27,2021-09-28,GOOGL,XLK,139.6502945861861,142.60880212402793,1,SHORT,SHORT,0.2607083469629287,0.19745557341243425,0.969450036684672,80.25444265875657,52.0,True,0.43606007099151606,UNRANKED,False,20,"5,10,20"
2021-09-27,2021-09-28,2021-09-29,GOOGL,XLK,137.51843885926675,140.58356173611526,1,SHORT,SHORT,0.2496904109915097,0.19768097171926394,0.9366624553998312,80.23190282807361,52.0,True,0.47178700566291826,UNRANKED,False,20,"5,10,20"
2021-09-28,2021-09-29,2021-09-30,GOOGL,XLK,135.85714754159193,139.74625592695045,1,SHORT,SHORT,0.2733745823303858,0.20576552848319526,0.8683506449063619,79.42344715168048,52.0,True,0.6404495288928349,UNRANKED,False,20,"5,10,20"
2021-09-29,2021-09-30,2021-10-01,GOOGL,XLK,133.16095676837548,131.51133889205016,1,SHORT,SHORT,0.25311804314454395,0.1972140210554534,0.8892858425776163,80.27859789445466,52.0,True,0.6226666023333868,UNRANKED,False,20,"5,10,20"
2021-09-30,2021-10-01,2021-10-04,GOOGL,XLK,133.3453939422307,131.83657654197958,1,SHORT,SHORT,0.2596128036578496,0.18965693621095622,0.8537722826004028,81.03430637890438,52.0,True,0.9313415437936782,UNRANKED,False,20,"5,10,20"
2021-10-01,2021-10-04,2021-10-05,GOOGL,XLK,134.84597552340657,133.23723485306616,1,SHORT,SHORT,0.2800020575523376,0.19589250207218237,0.9389853080113729,80.41074979278177,52.0,True,0.6851782302061716,UNRANKED,False,20,"5,10,20"
2021-10-04,2021-10-05,2021-10-06,GOOGL,XLK,132.9422266108893,131.1442289999797,1,SHORT,SHORT,0.31516773005326587,0.2040814476026356,0.7654190063476562,79.59185523973645,52.0,True,0.9729375094175339,UNRANKED,False,20,"5,10,20"
2021-10-05,2021-10-06,2021-10-07,GOOGL,XLK,133.64543520241895,131.81354019160702,1,SHORT,SHORT,0.2850010146697362,0.19941303432286103,0.7909971872965494,80.0586965677139,52.0,True,0.9291268686453501,UNRANKED,False,20,"5,10,20"
2021-10-06,2021-10-07,2021-10-08,GOOGL,XLK,137.7534621789869,135.8703826501783,1,SHORT,SHORT,0.3241963684558868,0.21039821009139534,0.8310540914535522,78.96017899086047,52.0,True,0.9435647130012512,UNRANKED,False,20,"5,10,20"
2021-10-07,2021-10-08,2021-10-11,GOOGL,XLK,138.4328463076523,136.63123563347543,1,SHORT,SHORT,0.2442376886804898,0.19449120251918306,0.9679757555325826,80.5508797480817,52.0,True,0.5534845540920893,UNRANKED,False,20,"5,10,20"
2021-10-08,2021-10-11,2021-10-12,GOOGL,XLK,138.15020647249565,142.38502724711898,1,SHORT,SHORT,0.2269274666905403,0.16745256552839174,0.9129672845204672,83.25474344716083,52.0,True,0.5503404090801874,UNRANKED,False,20,"5,10,20"
2021-10-11,2021-10-12,2021-10-13,GOOGL,XLK,138.33665033617203,142.67029901781265,1,SHORT,SHORT,0.2946582734584808,0.2264254502113976,0.8158891201019287,77.35745497886025,52.0,True,0.7822591761747998,UNRANKED,False,20,"5,10,20"
2021-10-12,2021-10-13,2021-10-14,GOOGL,XLK,136.27617541967604,134.45667490523687,1,SHORT,SHORT,0.291397675871849,0.2240788989140751,0.7947162787119547,77.5921101085925,52.0,True,0.7312396019697189,UNRANKED,False,20,"5,10,20"
2021-10-13,2021-10-14,2021-10-15,GOOGL,XLK,138.33067213742052,136.49697005001818,1,SHORT,SHORT,0.2644314716259638,0.1976252129500767,0.7428171038627625,80.23747870499233,52.0,True,0.7227445145448052,UNRANKED,False,20,"5,10,20"
2021-10-14,2021-10-15,2021-10-18,GOOGL,XLK,140.45366783413928,138.4379022352972,1,SHORT,SHORT,0.26260063052177424,0.20171314593715647,0.8044677575429281,79.82868540628435,52.0,True,0.39408337076505034,UNRANKED,False,20,"5,10,20"
2021-10-15,2021-10-18,2021-10-19,GOOGL,XLK,139.92006032333015,137.96989334858125,1,SHORT,SHORT,0.27431804438432056,0.2032147367450344,0.8531664808591207,79.67852632549656,52.0,True,0.4672226707140605,UNRANKED,False,20,"5,10,20"
2021-10-18,2021-10-19,2021-10-20,GOOGL,XLK,142.2120994497211,140.53340268109667,1,SHORT,SHORT,0.22509420166412986,0.18920910292201568,0.8763021230697632,81.07908970779843,52.0,True,0.43937975168228144,UNRANKED,False,20,"5,10,20"
2021-10-19,2021-10-20,2021-10-21,GOOGL,XLK,142.16302664662172,140.55641457735553,1,SHORT,SHORT,0.26334270338217414,0.2161906432287268,0.8657692670822144,78.38093567712731,52.0,True,0.4435462802648545,UNRANKED,False,20,"5,10,20"
2021-10-20,2021-10-21,2021-10-22,GOOGL,XLK,140.6068703781535,144.76340266575116,1,SHORT,SHORT,0.2685307164986928,0.22399365536882943,0.8379439115524292,77.60063446311706,52.0,True,0.5360065897305807,UNRANKED,False,20,"5,10,20"
2021-10-21,2021-10-22,2021-10-25,GOOGL,XLK,138.00935869132704,141.67884678075225,1,SHORT,SHORT,0.2692502240339915,0.2040224690887081,0.9417297045389811,79.59775309112919,52.0,True,0.5467636982599894,UNRANKED,False,20,"5,10,20"
2021-10-22,2021-10-25,2021-10-26,GOOGL,XLK,136.42248030097556,134.8529568983528,1,SHORT,SHORT,0.28513429562250775,0.22348054659395863,0.8034273982048035,77.65194534060413,52.0,True,0.4700580239295959,UNRANKED,False,20,"5,10,20"
2021-10-25,2021-10-26,2021-10-27,GOOGL,XLK,138.12193563067672,136.7113848319881,1,SHORT,SHORT,0.29974309106667835,0.2300516198108625,0.6982025504112244,76.99483801891375,52.0,True,0.5874855816364287,UNRANKED,False,20,"5,10,20"
2021-10-26,2021-10-27,2021-10-28,GOOGL,XLK,138.26224995262072,136.8290671000119,1,SHORT,SHORT,0.3081613779067993,0.233301989202971,0.6133905549844106,76.6698010797029,52.0,True,0.5779915551344553,UNRANKED,False,20,"5,10,20"
2021-10-27,2021-10-28,2021-10-29,GOOGL,XLK,145.92839660361173,144.1233592413768,1,SHORT,SHORT,0.2997759083906809,0.23490622937977626,0.8200580279032389,76.50937706202238,52.0,True,0.42944727341334016,UNRANKED,False,20,"5,10,20"
2021-10-28,2021-10-29,2021-11-01,GOOGL,XLK,143.8887552596137,142.09732001791448,1,SHORT,SHORT,0.2871266156435012,0.23371133582646986,0.8828067978223165,76.62886641735301,52.0,True,0.5318988015254339,UNRANKED,False,20,"5,10,20"
2021-10-29,2021-11-01,2021-11-02,GOOGL,XLK,146.8324466906108,151.54579398936917,1,SHORT,SHORT,0.26391710340976715,0.22133317042169298,0.8614715735117594,77.8666829578307,52.0,True,0.3236007690429687,UNRANKED,False,20,"5,10,20"
2021-11-01,2021-11-02,2021-11-03,GOOGL,XLK,143.3943518013393,141.36137646826174,1,SHORT,SHORT,0.2721482217311859,0.22052639214778416,0.8700203696886698,77.94736078522159,52.0,True,0.4149235437313714,UNRANKED,False,20,"5,10,20"
2021-11-02,2021-11-03,2021-11-04,GOOGL,XLK,144.7044940054235,142.61466660412606,1,SHORT,SHORT,0.30410294731458026,0.22407104687455473,0.9042205413182577,77.59289531254453,52.0,True,0.5116258561611177,UNRANKED,False,20,"5,10,20"
2021-11-03,2021-11-04,2021-11-05,GOOGL,XLK,145.91847295050908,143.9989161965331,1,SHORT,SHORT,0.2426621988415718,0.18734044887636866,0.9630602796872457,81.26595511236313,52.0,True,0.35927250981330866,UNRANKED,False,20,"5,10,20"
2021-11-04,2021-11-05,2021-11-08,GOOGL,XLK,147.9467383281665,145.92428393014754,1,SHORT,SHORT,0.275559256474177,0.21932568980520564,0.9654045701026917,78.06743101947944,52.0,True,0.2934202998876571,UNRANKED,False,20,"5,10,20"
2021-11-05,2021-11-08,2021-11-09,GOOGL,XLK,148.59683920952253,146.63286194075857,1,SHORT,SHORT,0.26893811672925944,0.22050256502683843,0.974243720372518,77.94974349731616,52.0,True,0.537503108382225,UNRANKED,False,20,"5,10,20"
2021-11-08,2021-11-09,2021-11-10,GOOGL,XLK,148.00972059814333,152.8700699808163,1,SHORT,SHORT,0.24092492957909903,0.18558145604931142,0.9699996908505758,81.44185439506886,52.0,True,0.6084631979465485,UNRANKED,False,20,"5,10,20"
2021-11-09,2021-11-10,2021-11-11,GOOGL,XLK,146.29090824279103,144.44279640894618,1,SHORT,SHORT,0.2582465584079425,0.2092832292439074,0.9663800994555155,79.07167707560926,52.0,True,0.6024083544810613,UNRANKED,False,20,"5,10,20"
2021-11-10,2021-11-11,2021-11-12,GOOGL,XLK,145.28869002419106,143.23456382964585,1,SHORT,SHORT,0.28048140307267505,0.22671947257573746,0.9234703183174133,77.32805274242625,52.0,True,0.44271103541056306,UNRANKED,False,20,"5,10,20"
2021-11-11,2021-11-12,2021-11-15,GOOGL,XLK,145.41368068727425,143.6565624621766,1,SHORT,SHORT,0.27998146166404086,0.22505860901728614,0.9373452266057333,77.49413909827139,52.0,True,0.5015445450941721,UNRANKED,False,20,"5,10,20"
2021-11-12,2021-11-15,2021-11-16,GOOGL,XLK,147.6799019486694,145.72498731069507,1,SHORT,SHORT,0.2708437765638034,0.21001720802838944,0.9530318776766459,78.99827919716105,52.0,True,0.45506842931111646,UNRANKED,False,20,"5,10,20"
2021-11-15,2021-11-16,2021-11-17,GOOGL,XLK,146.93510551026554,145.09605085764278,1,SHORT,SHORT,0.26191379626592,0.20950133828612474,0.9453580180803934,79.04986617138754,52.0,True,0.3191325416167576,UNRANKED,False,20,"5,10,20"
2021-11-16,2021-11-17,2021-11-18,GOOGL,XLK,146.81407891963306,145.42367517207447,1,SHORT,SHORT,0.2848870605230331,0.21779580326904305,0.9473742842674255,78.2204196730957,52.0,True,0.5146828492482504,UNRANKED,False,20,"5,10,20"
2021-11-17,2021-11-18,2021-11-19,GOOGL,XLK,147.0263355590037,145.64992521092893,1,SHORT,SHORT,0.3091265012820561,0.24158875342734132,0.9363325436909994,75.84112465726587,52.0,True,0.41923536856969207,UNRANKED,False,20,"5,10,20"
2021-11-18,2021-11-19,2021-11-22,GOOGL,XLK,148.74610077592874,152.11530952052277,1,SHORT,SHORT,0.35699570178985596,0.25065664617352285,0.9417322874069214,74.9343353826477,52.0,True,0.3886116991440456,UNRANKED,False,20,"5,10,20"
2021-11-19,2021-11-22,2021-11-23,GOOGL,XLK,148.10841373382473,150.83348632206412,1,SHORT,SHORT,0.347154160340627,0.25310477809635273,0.9317903319994608,74.68952219036473,52.0,True,0.5518446018298467,UNRANKED,False,20,"5,10,20"
2021-11-22,2021-11-23,2021-11-24,GOOGL,XLK,144.95495136652673,143.81611382467406,1,SHORT,SHORT,0.3107637365659078,0.23811181502106962,0.8914186755816141,76.18881849789304,52.0,True,0.38714490334192914,UNRANKED,False,20,"5,10,20"
2021-11-23,2021-11-24,2021-11-26,GOOGL,XLK,144.28102578011982,147.01380405683577,1,SHORT,SHORT,0.3141957422097524,0.2294091773060233,0.8309475382169088,77.05908226939768,52.0,True,0.47611836095650983,UNRANKED,False,20,"5,10,20"
2021-11-24,2021-11-26,2021-11-29,GOOGL,XLK,143.16523224151518,142.16644858498617,1,SHORT,SHORT,0.27630449086427683,0.21148539640520772,0.8663546840349833,78.85146035947923,52.0,True,0.4572554975748064,UNRANKED,False,20,"5,10,20"
2021-11-26,2021-11-29,2021-11-30,GOOGL,XLK,142.81959849591408,145.91030709227988,1,SHORT,SHORT,0.27942124505837757,0.21818893270257292,0.9002809723218282,78.18110672974271,52.0,True,0.7213224718968073,UNRANKED,False,20,"5,10,20"
2021-11-29,2021-11-30,2021-12-01,GOOGL,XLK,143.81981989380787,147.4717004305685,1,SHORT,SHORT,0.2794473469257354,0.20679485102792897,0.9260434508323669,79.3205148972071,52.0,True,0.5367574741442999,UNRANKED,False,20,"5,10,20"
2021-11-30,2021-12-01,2021-12-02,GOOGL,XLK,142.81961122468087,141.10945410275008,1,SHORT,SHORT,0.26133762796719867,0.19947743825147002,0.8115073839823405,80.052256174853,52.0,True,0.6183690478404363,UNRANKED,False,20,"5,10,20"
2021-12-01,2021-12-02,2021-12-03,GOOGL,XLK,140.0921154938086,138.5363282710826,1,SHORT,SHORT,0.24067725737889603,0.18500250635559123,0.6765836675961813,81.49974936444087,52.0,True,0.18417648474375423,UNRANKED,False,20,"5,10,20"
2021-12-02,2021-12-03,2021-12-06,GOOGL,XLK,142.5032312136305,140.82081457021533,1,SHORT,SHORT,0.23897565156221387,0.16508836259631987,0.8125119209289551,83.49116374036801,52.0,True,0.2981990426778794,UNRANKED,False,20,"5,10,20"
2021-12-03,2021-12-06,2021-12-07,GOOGL,XLK,141.86795825434288,140.3234777943122,1,SHORT,SHORT,0.2513454730312029,0.17958111621950826,0.7823504010836283,82.04188837804918,52.0,True,0.6563242425521214,UNRANKED,False,20,"5,10,20"
2021-12-06,2021-12-07,2021-12-08,GOOGL,XLK,144.40301145252772,142.7928288266209,1,SHORT,SHORT,0.24504423886537552,0.18720717605804746,0.9376194079717001,81.27928239419525,52.0,True,0.6872682422399518,UNRANKED,False,20,"5,10,20"
2021-12-07,2021-12-08,2021-12-09,GOOGL,XLK,146.3866264476649,144.52576153590428,1,SHORT,SHORT,0.2274999693036079,0.17673034843658744,0.9592656493186951,82.32696515634126,52.0,True,0.2519752532243728,UNRANKED,False,20,"5,10,20"
2021-12-08,2021-12-09,2021-12-10,GOOGL,XLK,146.38115719853195,144.46744129102638,1,SHORT,SHORT,0.26919662455717724,0.1868561418509799,0.9609880844751996,81.31438581490201,52.0,True,0.4833962817986806,UNRANKED,False,20,"5,10,20"
2021-12-09,2021-12-10,2021-12-13,GOOGL,XLK,147.481060069157,152.04511646564137,1,SHORT,SHORT,0.25147974491119385,0.18202418339736118,0.9301203091939291,81.79758166026389,52.0,True,0.44455721477667504,UNRANKED,False,20,"5,10,20"
2021-12-10,2021-12-13,2021-12-14,GOOGL,XLK,146.5700951293805,151.03691489256408,1,SHORT,SHORT,0.21924086908499396,0.18088986922082628,0.8787906368573507,81.91101307791737,52.0,True,0.7611080110073091,UNRANKED,False,20,"5,10,20"
2021-12-13,2021-12-14,2021-12-15,GOOGL,XLK,142.78786052539195,141.03297553306493,1,SHORT,SHORT,0.2541366815567016,0.19002344509264146,0.7643071810404459,80.99765549073585,52.0,True,0.9218876759211221,UNRANKED,False,20,"5,10,20"
2021-12-14,2021-12-15,2021-12-16,GOOGL,XLK,142.23342665334246,140.37939767908185,1,SHORT,SHORT,0.27516953150431317,0.1935092600213757,0.7366925279299418,80.64907399786243,52.0,True,0.9290202558040619,UNRANKED,False,20,"5,10,20"
2021-12-15,2021-12-16,2021-12-17,GOOGL,XLK,145.96412418925743,150.98812135984198,1,SHORT,SHORT,0.29586572448412574,0.19994422633668715,0.7419950564702352,80.00557736633128,52.0,True,0.9811953753232957,UNRANKED,False,20,"5,10,20"
2021-12-16,2021-12-17,2021-12-20,GOOGL,XLK,141.33188874138816,139.45979990035858,1,SHORT,SHORT,0.253279094894727,0.18192252767569675,0.7456260720888773,81.80774723243033,52.0,True,0.9462216893831887,UNRANKED,False,20,"5,10,20"
2021-12-17,2021-12-20,2021-12-21,GOOGL,XLK,138.85239100741393,137.02475537857742,1,SHORT,SHORT,0.24022744099299106,0.17976703771692137,0.6706999142964681,82.02329622830786,52.0,True,0.8107699404160181,UNRANKED,False,20,"5,10,20"
2021-12-20,2021-12-21,2021-12-22,GOOGL,XLK,140.88905801007334,139.3104360095153,1,SHORT,SHORT,0.23715713620185852,0.17878942584495602,0.5899521211783091,82.1210574155044,52.0,True,0.9471528679132462,UNRANKED,False,20,"5,10,20"
2021-12-21,2021-12-22,2021-12-23,GOOGL,XLK,141.89473474558528,140.2438863569134,1,SHORT,SHORT,0.3305093646049499,0.2016580486220214,0.6415543953577677,79.83419513779786,52.0,True,0.8014593670765561,UNRANKED,False,20,"5,10,20"
2021-12-22,2021-12-23,2021-12-27,GOOGL,XLK,145.29909901208103,143.57542369295436,1,SHORT,SHORT,0.2435207019249598,0.1833454423024418,0.8520383437474569,81.66545576975582,52.0,True,0.6664451112349828,UNRANKED,False,20,"5,10,20"
2021-12-23,2021-12-27,2021-12-28,GOOGL,XLK,146.0488809691419,144.35800223727804,1,SHORT,SHORT,0.2359552979469299,0.18246048915676583,0.8864405552546183,81.75395108432342,52.0,True,0.276978184779485,UNRANKED,False,20,"5,10,20"
2021-12-27,2021-12-28,2021-12-29,GOOGL,XLK,147.0208564815043,145.3415613503659,1,SHORT,SHORT,0.22960714499155677,0.1995583545075803,0.9042625228563944,80.04416454924197,52.0,True,0.25824090838432306,UNRANKED,False,20,"5,10,20"
2021-12-28,2021-12-29,2021-12-30,GOOGL,XLK,145.44240783326498,143.96820499600216,1,SHORT,SHORT,0.25538044422864914,0.1963873323772738,0.8333229422569275,80.36126676227262,52.0,True,0.7785961329936981,UNRANKED,False,20,"5,10,20"
2021-12-29,2021-12-30,2021-12-31,GOOGL,XLK,145.4915143565753,149.02028098865534,1,SHORT,SHORT,0.2423138320446014,0.18832917183383202,0.786287526289622,81.1670828166168,52.0,True,0.7708996335665385,UNRANKED,False,20,"5,10,20"
2021-12-30,2021-12-31,2022-01-03,GOOGL,XLK,144.85280491667777,143.44792384803938,1,SHORT,SHORT,0.2652364472548166,0.2227528158080028,0.8543809851010641,77.72471841919972,52.0,True,0.7667777339617411,UNRANKED,False,20,"5,10,20"
2021-12-31,2022-01-03,2022-01-04,GOOGL,XLK,143.86594988262885,142.3912533145485,1,SHORT,SHORT,0.24224532643953958,0.20696522467375958,0.8994293014208475,79.30347753262404,52.0,True,0.6510164787371951,UNRANKED,False,20,"5,10,20"
2022-01-03,2022-01-04,2022-01-05,GOOGL,XLK,144.20417299307056,147.53041462253483,1,SHORT,SHORT,0.2682051956653595,0.20896253105564097,0.8371467789014181,79.1037468944359,52.0,True,0.6351970384518306,UNRANKED,False,20,"5,10,20"
2022-01-04,2022-01-05,2022-01-06,GOOGL,XLK,143.23614798069272,146.32727346897397,1,SHORT,SHORT,0.22109106431404743,0.17277559032270226,0.7644636233647665,82.72244096772977,52.0,True,0.5841276794672012,UNRANKED,False,20,"5,10,20"
2022-01-05,2022-01-06,2022-01-07,GOOGL,XLK,135.8754787528965,134.34924126510353,1,SHORT,SHORT,0.25795933107535046,0.2022110385945883,0.7978440125783285,79.77889614054116,52.0,True,0.5363046626249949,UNRANKED,False,20,"5,10,20"
2022-01-06,2022-01-07,2022-01-10,GOOGL,XLK,137.01308839091683,135.62630206627955,1,SHORT,SHORT,0.2719263931115468,0.198847426059411,0.7441873351732889,80.1152573940589,52.0,True,0.8927194227774938,UNRANKED,False,20,"5,10,20"
2022-01-07,2022-01-10,2022-01-11,GOOGL,XLK,133.97073966369757,132.7248987736306,1,SHORT,SHORT,0.22939609984556833,0.17126296608150957,0.6875718434651693,82.87370339184903,52.0,True,0.6380523492892582,UNRANKED,False,20,"5,10,20"
2022-01-10,2022-01-11,2022-01-12,GOOGL,XLK,136.87574497844983,135.5211961154476,1,SHORT,SHORT,0.2609709600607553,0.2019756588214797,0.7194068233172098,79.80243411785203,52.0,True,0.8374440421660742,UNRANKED,False,20,"5,10,20"
2022-01-11,2022-01-12,2022-01-13,GOOGL,XLK,139.99293049410736,143.2377937317608,1,SHORT,SHORT,0.25889684259891504,0.1969645582885987,0.8467755715052286,80.30354417114013,52.0,True,0.6776576389869056,UNRANKED,False,20,"5,10,20"
2022-01-12,2022-01-13,2022-01-14,GOOGL,XLK,140.3797392243777,143.40357072810954,1,SHORT,SHORT,0.23193887869517005,0.19740248884240538,0.893477221330007,80.25975111575946,52.0,True,0.495147610704104,UNRANKED,False,20,"5,10,20"
2022-01-13,2022-01-14,2022-01-18,GOOGL,XLK,135.9553241572003,134.57987947249046,1,SHORT,SHORT,0.2622478703657786,0.19836258145657037,0.8169160087903341,80.16374185434296,52.0,True,0.8138581961393357,UNRANKED,False,20,"5,10,20"
2022-01-14,2022-01-18,2022-01-19,GOOGL,XLK,135.0587449968263,133.6901340697895,1,SHORT,SHORT,0.2688556015491485,0.19773373258597507,0.8979220787684122,80.2266267414025,52.0,True,0.6152324626843134,UNRANKED,False,20,"5,10,20"
2022-01-18,2022-01-19,2022-01-20,GOOGL,XLK,135.40437523941512,139.2266991747876,1,SHORT,SHORT,0.2395970821380615,0.1880625358399125,0.7858317494392395,81.19374641600875,52.0,True,0.8919725914796194,UNRANKED,False,20,"5,10,20"
2022-01-19,2022-01-20,2022-01-21,GOOGL,XLK,135.1331212999803,139.1058996202928,1,SHORT,SHORT,0.2493317474921544,0.19535556662373055,0.6101877192656199,80.46444333762695,52.0,True,0.9131246407826742,UNRANKED,False,20,"5,10,20"
2022-01-20,2022-01-21,2022-01-24,GOOGL,XLK,131.5066158303364,135.719289562549,1,SHORT,SHORT,0.21425401667753854,0.1748037305776394,0.7227724194526672,82.51962694223606,52.0,True,0.8825447658697764,UNRANKED,False,20,"5,10,20"
2022-01-21,2022-01-24,2022-01-25,GOOGL,XLK,124.9453364502994,123.14638734490042,1,SHORT,SHORT,0.21951611340045926,0.1625324860441069,0.7375460465749105,83.74675139558931,52.0,True,0.9317177484432855,UNRANKED,False,20,"5,10,20"
2022-01-24,2022-01-25,2022-01-26,GOOGL,XLK,127.68469738972522,125.8635739940779,1,SHORT,SHORT,0.2769605914751688,0.2090700707041169,0.8133745590845743,79.09299292958832,52.0,True,0.5614205648501713,UNRANKED,False,20,"5,10,20"
2022-01-25,2022-01-26,2022-01-27,GOOGL,XLK,130.04418655853962,135.17738216313643,1,SHORT,SHORT,0.2755436946948369,0.21835724739524034,0.6723859111467997,78.16427526047597,52.0,True,0.7056162705024084,UNRANKED,False,20,"5,10,20"
2022-01-26,2022-01-27,2022-01-28,GOOGL,XLK,130.22769896181129,128.480926195698,1,SHORT,SHORT,0.24200251698493955,0.19986304805159316,0.7065245310465494,80.01369519484068,52.0,True,0.3957002858320872,UNRANKED,False,20,"5,10,20"
2022-01-27,2022-01-28,2022-01-31,GOOGL,XLK,128.59616648080828,126.8351926866886,1,SHORT,SHORT,0.23049029956261313,0.1847191193722577,0.8096036116282145,81.52808806277423,52.0,True,0.3705918590227763,UNRANKED,False,20,"5,10,20"
2022-01-28,2022-01-31,2022-02-01,GOOGL,XLK,133.06222894230496,131.04512165993887,1,SHORT,SHORT,0.21423901369174322,0.1756266326613177,0.9365491072336832,82.43733673386822,52.0,True,-0.011336018641789769,UNRANKED,False,20,"5,10,20"
2022-01-31,2022-02-01,2022-02-02,GOOGL,XLK,136.466592286511,134.4282338706349,1,SHORT,SHORT,0.20241226255893704,0.17256918260524165,0.9581038157145182,82.74308173947583,52.0,True,-0.29651488860448205,UNRANKED,False,20,"5,10,20"
2022-02-01,2022-02-02,2022-02-03,GOOGL,XLK,150.01017866907893,155.3317086024634,1,SHORT,SHORT,0.22228227555751798,0.18573447514352526,0.9292721549669901,81.42655248564748,52.0,True,-0.2707005441188812,UNRANKED,False,20,"5,10,20"
2022-02-02,2022-02-03,2022-02-04,GOOGL,XLK,144.5111378369467,141.76891436980105,1,SHORT,SHORT,0.24270024398962653,0.1869752856964034,0.9708989461263021,81.30247143035966,52.0,True,-0.084353710214297,UNRANKED,False,20,"5,10,20"
2022-02-03,2022-02-04,2022-02-07,GOOGL,XLK,142.26867081780298,149.49022516524997,1,SHORT,SHORT,0.27822791536649066,0.19085031914842723,0.9589349230130514,80.91496808515728,52.0,True,0.6132085969050726,UNRANKED,False,20,"5,10,20"
2022-02-04,2022-02-07,2022-02-08,GOOGL,XLK,143.06754453763955,150.16680514031813,1,SHORT,SHORT,0.2762697339057922,0.19003877957932858,0.9381551742553711,80.99612204206714,52.0,True,0.6624636352062223,UNRANKED,False,20,"5,10,20"
2022-02-07,2022-02-08,2022-02-09,GOOGL,XLK,137.8868730262489,135.0039885919576,1,SHORT,SHORT,0.2986090878645579,0.22251143253373576,0.9332878192265829,77.74885674662643,52.0,True,0.8466302653153736,UNRANKED,False,20,"5,10,20"
2022-02-08,2022-02-09,2022-02-10,GOOGL,XLK,139.80797789700927,136.97351504998082,1,SHORT,SHORT,0.21542133142550782,0.17366636187065554,0.9670223792394003,82.63336381293445,52.0,True,0.23491637905438748,UNRANKED,False,20,"5,10,20"
2022-02-09,2022-02-10,2022-02-11,GOOGL,XLK,138.55831786227063,145.71248013295283,1,SHORT,SHORT,0.1940273717045784,0.14082243206264736,0.9683064023653666,85.91775679373526,52.0,True,0.2193190256754557,UNRANKED,False,20,"5,10,20"
2022-02-10,2022-02-11,2022-02-14,GOOGL,XLK,137.46387619119915,144.6208749617767,1,SHORT,SHORT,0.23874853054682413,0.1895115030680261,0.9302289883295695,81.04884969319738,52.0,True,0.9916481723388038,UNRANKED,False,20,"5,10,20"
2022-02-11,2022-02-14,2022-02-15,GOOGL,XLK,132.16415735662878,129.02613398016393,1,SHORT,SHORT,0.25056530535221094,0.17824426544196262,0.928614060084025,82.17557345580374,52.0,True,1.100428620974223,UNRANKED,False,20,"5,10,20"
2022-02-14,2022-02-15,2022-02-16,GOOGL,XLK,136.44278256655178,133.4907594691048,1,SHORT,SHORT,0.23963044583797452,0.1795952607741044,0.8611043095588684,82.04047392258957,52.0,True,1.165769636631012,UNRANKED,False,20,"5,10,20"
2022-02-15,2022-02-16,2022-02-17,GOOGL,XLK,135.52638804007637,142.69117151785957,1,SHORT,SHORT,0.2702879458665848,0.19720412214867977,0.8175079027811686,80.27958778513202,52.0,True,1.0341962079207103,UNRANKED,False,20,"5,10,20"
2022-02-16,2022-02-17,2022-02-18,GOOGL,XLK,135.1261616337196,142.4506188022987,1,SHORT,SHORT,0.23121312260627744,0.1801033579559571,0.8710972269376119,81.98966420440429,52.0,True,0.7791359225908917,UNRANKED,False,20,"5,10,20"
2022-02-17,2022-02-18,2022-02-22,GOOGL,XLK,132.37293985364457,139.84847946982063,1,SHORT,SHORT,0.2895763516426086,0.18816941153441946,0.7267597119013468,81.18305884655805,52.0,True,1.1458691606918971,UNRANKED,False,20,"5,10,20"
2022-02-18,2022-02-22,2022-02-23,GOOGL,XLK,128.77366398895006,125.7704476541984,1,SHORT,SHORT,0.22990449766318,0.17423160505805876,0.7875761191050211,82.57683949419412,52.0,True,0.9768050213654837,UNRANKED,False,20,"5,10,20"
2022-02-22,2022-02-23,2022-02-24,GOOGL,XLK,130.56933788926054,127.69016679027897,1,SHORT,SHORT,0.25972699125607807,0.18027191857841363,0.7553711533546448,81.97280814215864,52.0,True,1.1158547053734462,UNRANKED,False,20,"5,10,20"
2022-02-23,2022-02-24,2022-02-25,GOOGL,XLK,123.92923223959936,121.6260526349328,1,SHORT,SHORT,0.21917577087879178,0.17221970217206384,0.7798609137535095,82.77802978279361,52.0,True,0.9468063563108445,UNRANKED,False,20,"5,10,20"
2022-02-24,2022-02-25,2022-02-28,GOOGL,XLK,132.45723763350745,130.14038451897062,1,SHORT,SHORT,0.32424725095431006,0.23143933383755486,0.884161631266276,76.8560666162445,52.0,True,0.560348466038704,UNRANKED,False,20,"5,10,20"
2022-02-25,2022-02-28,2022-03-01,GOOGL,XLK,131.95936863524972,129.53161137206612,1,SHORT,SHORT,0.27489545941352844,0.2169821899337515,0.9167851607004801,78.30178100662485,52.0,True,0.5000685974955558,UNRANKED,False,20,"5,10,20"
2022-02-28,2022-03-01,2022-03-02,GOOGL,XLK,133.77285909543676,131.59266260583018,1,SHORT,SHORT,0.23354877034823096,0.1923344503747373,0.8913471897443136,80.76655496252627,52.0,True,0.5296268264452618,UNRANKED,False,20,"5,10,20"
2022-03-01,2022-03-02,2022-03-03,GOOGL,XLK,133.5244239122076,131.2877284863566,1,SHORT,SHORT,0.25554569562276197,0.19044743176825318,0.8254201412200928,80.95525682317468,52.0,True,1.0311998973290126,UNRANKED,False,20,"5,10,20"
2022-03-02,2022-03-03,2022-03-04,GOOGL,XLK,134.89505278618412,140.1887245303945,1,SHORT,SHORT,0.26730119188626605,0.19326887448899654,0.7815381487210592,80.67311255110035,52.0,True,0.9213756869236628,UNRANKED,False,20,"5,10,20"
2022-03-03,2022-03-04,2022-03-07,GOOGL,XLK,131.83788309122372,136.72421328705937,1,SHORT,SHORT,0.2612525721391042,0.18813500114536885,0.7698662678400675,81.18649988546312,52.0,True,0.7541170765956243,UNRANKED,False,20,"5,10,20"
2022-03-04,2022-03-07,2022-03-08,GOOGL,XLK,130.41016532100002,134.88126299468863,1,SHORT,SHORT,0.25621903936068213,0.20164900434046432,0.7798592646916708,79.83509956595357,52.0,True,0.6996825287739435,UNRANKED,False,20,"5,10,20"
2022-03-07,2022-03-08,2022-03-09,GOOGL,XLK,125.2150887124313,123.12312072101108,1,SHORT,SHORT,0.24467039604981736,0.17971421074597058,0.729762335618337,82.02857892540294,52.0,True,1.1589500705401103,UNRANKED,False,20,"5,10,20"
2022-03-08,2022-03-09,2022-03-10,GOOGL,XLK,130.1741142565606,128.10740228582262,1,SHORT,SHORT,0.28409867485364276,0.1985955553067982,0.6914162437121073,80.14044446932019,52.0,True,1.1182187348604202,UNRANKED,False,20,"5,10,20"
2022-03-09,2022-03-10,2022-03-11,GOOGL,XLK,130.18998790766506,127.75588516805848,1,SHORT,SHORT,0.276711364587148,0.2089315186764459,0.8941274682680765,79.10684813235541,52.0,True,0.7155327598253886,UNRANKED,False,20,"5,10,20"
2022-03-10,2022-03-11,2022-03-14,GOOGL,XLK,132.39427790231107,137.73417015346203,1,SHORT,SHORT,0.2413351585467656,0.18161855666579427,0.9531521002451578,81.83814433342057,52.0,True,0.24036103983720136,UNRANKED,False,20,"5,10,20"
2022-03-11,2022-03-14,2022-03-15,GOOGL,XLK,129.1823123139877,127.01638824172204,1,SHORT,SHORT,0.26429544885953266,0.18188694735473476,0.9114241003990173,81.81130526452652,52.0,True,0.5205202996730804,UNRANKED,False,20,"5,10,20"
2022-03-14,2022-03-15,2022-03-16,GOOGL,XLK,125.93514541675393,123.53331392610102,1,SHORT,SHORT,0.2416883955399195,0.20413382559090346,0.8939999938011169,79.58661744090966,52.0,True,0.37395076453685766,UNRANKED,False,20,"5,10,20"
2022-03-15,2022-03-16,2022-03-17,GOOGL,XLK,129.66136979641874,127.18717186376668,1,SHORT,SHORT,0.2822561214367548,0.21303944202293404,0.8544448415438334,78.6960557977066,52.0,True,0.7065663834412894,UNRANKED,False,20,"5,10,20"
2022-03-16,2022-03-17,2022-03-18,GOOGL,XLK,132.05755123913005,129.65564781418584,1,SHORT,SHORT,0.22677375872929892,0.1754414080602816,0.9434937040011088,82.45585919397183,52.0,True,0.0160742153724034,UNRANKED,False,20,"5,10,20"
2022-03-17,2022-03-18,2022-03-21,GOOGL,XLK,132.33076547882175,130.0145826610902,1,SHORT,SHORT,0.20688192794720328,0.17219736343105385,0.9257633288701376,82.78026365689462,52.0,True,-0.2554253985484441,UNRANKED,False,20,"5,10,20"
2022-03-18,2022-03-21,2022-03-22,GOOGL,XLK,135.04732810159504,132.61149457934337,1,SHORT,SHORT,0.1983173588911692,0.15664198824593253,0.9565309087435404,84.33580117540674,52.0,True,-0.21817320585250852,UNRANKED,False,20,"5,10,20"
2022-03-21,2022-03-22,2022-03-23,GOOGL,XLK,134.9858312898088,132.61882471545053,1,SHORT,SHORT,0.20064553121725714,0.14723469855788177,0.9521979093551636,85.27653014421183,52.0,True,0.13857949773470563,UNRANKED,False,20,"5,10,20"
2022-03-22,2022-03-23,2022-03-24,GOOGL,XLK,137.56554585734534,134.96784056123764,1,SHORT,SHORT,0.20478268216053638,0.1642925380689791,0.9288866519927979,83.5707461931021,52.0,True,0.36124979456265766,UNRANKED,False,20,"5,10,20"
2022-03-23,2022-03-24,2022-03-25,GOOGL,XLK,138.05894880404426,135.396037252705,1,SHORT,SHORT,0.24764271577199293,0.207798485445751,0.9122517704963684,79.2201514554249,52.0,True,0.5919415553410848,UNRANKED,False,20,"5,10,20"
2022-03-24,2022-03-25,2022-03-28,GOOGL,XLK,140.7526772850465,137.99741954230095,1,SHORT,SHORT,0.21182120839754737,0.16459230153299037,0.9388992786407471,83.54076984670095,52.0,True,0.6545418699582418,UNRANKED,False,20,"5,10,20"
2022-03-25,2022-03-28,2022-03-29,GOOGL,XLK,139.7454858770039,137.37469512295812,1,SHORT,SHORT,0.20005390048027039,0.16995015451381099,0.941257119178772,83.00498454861889,52.0,True,0.6335564305384954,UNRANKED,False,20,"5,10,20"
2022-03-28,2022-03-29,2022-03-30,GOOGL,XLK,141.47820601311636,139.1434374453499,1,SHORT,SHORT,0.1931695913275083,0.14716891238832064,0.9506375789642334,85.28310876116794,52.0,True,0.18122607966264084,UNRANKED,False,20,"5,10,20"
2022-03-29,2022-03-30,2022-03-31,GOOGL,XLK,141.29220332405055,146.19656613881756,1,SHORT,SHORT,0.1909225955605506,0.1436159711529091,0.9222919940948486,85.63840288470908,52.0,True,0.4887299487988155,UNRANKED,False,20,"5,10,20"
2022-03-30,2022-03-31,2022-04-01,GOOGL,XLK,140.88855215145054,138.95680689475412,1,SHORT,SHORT,0.196111982067426,0.14719816063337277,0.8948221604029337,85.28018393666272,52.0,True,0.625557392835617,UNRANKED,False,20,"5,10,20"
2022-03-31,2022-04-01,2022-04-04,GOOGL,XLK,138.3564676186564,136.40262000600296,1,SHORT,SHORT,0.24124348660310105,0.2001050299086005,0.8490059574445089,79.98949700913995,52.0,True,0.5786306361357371,UNRANKED,False,20,"5,10,20"
2022-04-01,2022-04-04,2022-04-05,GOOGL,XLK,139.20795791982718,137.4550598398188,1,SHORT,SHORT,0.21876763055721915,0.1728598011864556,0.9057791630427042,82.71401988135445,52.0,True,0.4389297813177109,UNRANKED,False,20,"5,10,20"
2022-04-04,2022-04-05,2022-04-06,GOOGL,XLK,141.6978485343159,146.0046499215578,1,SHORT,SHORT,0.27527939279874164,0.21231614665749846,0.8984998464584351,78.76838533425015,52.0,True,0.8788151293992996,UNRANKED,False,20,"5,10,20"
2022-04-05,2022-04-06,2022-04-07,GOOGL,XLK,137.61264137354576,141.61800538285797,1,SHORT,SHORT,0.30689476430416107,0.21253929456345944,0.8464830120404562,78.74607054365406,52.0,True,0.755441869298617,UNRANKED,False,20,"5,10,20"
2022-04-06,2022-04-07,2022-04-08,GOOGL,XLK,134.89506121842766,139.5175533274539,1,SHORT,SHORT,0.24831997851530707,0.1881315770995067,0.8253968755404154,81.18684229004933,52.0,True,0.8332742750644684,UNRANKED,False,20,"5,10,20"
2022-04-07,2022-04-08,2022-04-11,GOOGL,XLK,134.47206944780507,138.80641839887232,1,SHORT,SHORT,0.2496395111083984,0.19401756338307705,0.6510156194368998,80.5982436616923,52.0,True,1.0307086606820424,UNRANKED,False,20,"5,10,20"
2022-04-08,2022-04-11,2022-04-12,GOOGL,XLK,130.7428866294104,135.5336423100396,1,SHORT,SHORT,0.20743038008610404,0.16497638111550691,0.7077158888181051,83.5023618884493,52.0,True,0.5404668102661769,UNRANKED,False,20,"5,10,20"
2022-04-11,2022-04-12,2022-04-13,GOOGL,XLK,130.52125805208976,128.55554073641594,1,SHORT,SHORT,0.24382310609022773,0.18204174745337767,0.7826064825057983,81.79582525466223,52.0,True,0.8453271190325421,UNRANKED,False,20,"5,10,20"
2022-04-12,2022-04-13,2022-04-14,GOOGL,XLK,126.9507670450841,125.01930189615832,1,SHORT,SHORT,0.25012902418772376,0.19148375006546026,0.8235550920168558,80.85162499345398,52.0,True,0.5233000020186106,UNRANKED,False,20,"5,10,20"
2022-04-13,2022-04-14,2022-04-18,GOOGL,XLK,129.40993832117093,134.04077371807384,1,SHORT,SHORT,0.2436138292153676,0.18097036334362482,0.8010340134302775,81.90296366563751,52.0,True,0.41819329063097643,UNRANKED,False,20,"5,10,20"
2022-04-14,2022-04-18,2022-04-19,GOOGL,XLK,125.95895269585908,123.88962493271036,1,SHORT,SHORT,0.21356954673926032,0.1674393003858954,0.8083882729212443,83.25606996141046,52.0,True,0.6035082091887792,UNRANKED,False,20,"5,10,20"
2022-04-18,2022-04-19,2022-04-20,GOOGL,XLK,126.64479041088664,124.52381927615588,1,SHORT,SHORT,0.22199213504791257,0.17538539279569676,0.8406913081804911,82.46146072043032,52.0,True,0.6075624078512191,UNRANKED,False,20,"5,10,20"
2022-04-19,2022-04-20,2022-04-21,GOOGL,XLK,129.81903608864377,135.34860326219288,1,SHORT,SHORT,0.2646120488643646,0.20991842361320504,0.877185066541036,79.0081576386795,52.0,True,0.6021539668242136,UNRANKED,False,20,"5,10,20"
2022-04-20,2022-04-21,2022-04-22,GOOGL,XLK,128.1905009821093,133.96837361263735,1,SHORT,SHORT,0.20048833390076948,0.15918347804284752,0.8952377637227377,84.08165219571525,52.0,True,0.5588542173306147,UNRANKED,False,20,"5,10,20"
2022-04-21,2022-04-22,2022-04-25,GOOGL,XLK,123.97535142196246,121.63908749286789,1,SHORT,SHORT,0.25581132868925727,0.19790608438854873,0.7911702990531921,80.20939156114513,52.0,True,0.5872638175884882,UNRANKED,False,20,"5,10,20"
2022-04-22,2022-04-25,2022-04-26,GOOGL,XLK,118.1247001432462,115.49826200237706,1,SHORT,SHORT,0.20451268553733826,0.1557731088850564,0.8702627817789713,84.42268911149435,52.0,True,0.862757533788681,UNRANKED,False,20,"5,10,20"
2022-04-25,2022-04-26,2022-04-27,GOOGL,XLK,121.29202455748772,127.96747910591476,1,SHORT,SHORT,0.26198513805866236,0.18782702283588523,0.8917258183161417,81.21729771641148,52.0,True,0.7303922921419144,UNRANKED,False,20,"5,10,20"
2022-04-26,2022-04-27,2022-04-28,GOOGL,XLK,113.53117356778168,110.71622562205066,1,SHORT,SHORT,0.23633909225463867,0.1786418679186931,0.8560561935106913,82.1358132081307,52.0,True,0.7950181613365809,UNRANKED,False,20,"5,10,20"
2022-04-27,2022-04-28,2022-04-29,GOOGL,XLK,115.4607114772855,112.62362357358154,1,SHORT,SHORT,0.21573288242022193,0.17097382196562813,0.8842744628588358,82.90261780343718,52.0,True,0.7970144202311834,UNRANKED,False,20,"5,10,20"
2022-04-28,2022-04-29,2022-05-02,GOOGL,XLK,115.77759257193108,112.6877052253909,1,SHORT,SHORT,0.24382810294628143,0.19192720898764656,0.8904341260592142,80.80727910123534,52.0,True,0.4375602255264918,UNRANKED,False,20,"5,10,20"
2022-04-29,2022-05-02,2022-05-03,GOOGL,XLK,112.47539163673036,109.25713591250462,1,SHORT,SHORT,0.24969593683878577,0.19607342911277678,0.8868792653083801,80.39265708872232,52.0,True,0.5075453023115795,UNRANKED,False,20,"5,10,20"
2022-05-02,2022-05-03,2022-05-04,GOOGL,XLK,115.4760951398774,112.398852969816,1,SHORT,SHORT,0.2812388787666956,0.20270813536645807,0.8271627823511759,79.7291864633542,52.0,True,0.7602165887753168,UNRANKED,False,20,"5,10,20"
2022-05-03,2022-05-04,2022-05-05,GOOGL,XLK,116.07217903698088,113.02029588442784,1,SHORT,SHORT,0.2686966061592102,0.20935230569604216,0.934701402982076,79.06476943039578,52.0,True,0.8640211323897046,UNRANKED,False,20,"5,10,20"
2022-05-04,2022-05-05,2022-05-06,GOOGL,XLK,119.21866011890872,127.33497214588624,1,SHORT,SHORT,0.18635455270608262,0.13857737225694283,0.9636638959248861,86.14226277430572,52.0,True,-0.09951042135556536,UNRANKED,False,20,"5,10,20"
2022-05-05,2022-05-06,2022-05-09,GOOGL,XLK,114.24031691379544,110.81020162274493,1,SHORT,SHORT,0.22571978221337,0.17595271918391495,0.9353258808453878,82.4047280816085,52.0,True,0.5383044630289078,UNRANKED,False,20,"5,10,20"
2022-05-06,2022-05-09,2022-05-10,GOOGL,XLK,112.3216628968711,108.90483092665626,1,SHORT,SHORT,0.20516917606194815,0.15400820242034063,0.9387838045756022,84.59917975796594,52.0,True,0.7399758696556091,UNRANKED,False,20,"5,10,20"
2022-05-09,2022-05-10,2022-05-11,GOOGL,XLK,114.56065900721823,111.07985619872912,1,SHORT,SHORT,0.18131660670042035,0.12456312444474961,0.8096547524134318,87.54368755552504,52.0,True,1.0458282629648845,UNRANKED,False,20,"5,10,20"
2022-05-10,2022-05-11,2022-05-12,GOOGL,XLK,112.30828274140973,108.83350388485978,1,SHORT,SHORT,0.1982210477193196,0.15237738202003884,0.8137044906616211,84.76226179799612,52.0,True,1.0281693736712139,UNRANKED,False,20,"5,10,20"
2022-05-11,2022-05-12,2022-05-13,GOOGL,XLK,110.4645054940696,107.16208773894265,1,SHORT,SHORT,0.20207910239696503,0.15306598203160668,0.761120061079661,84.69340179683932,52.0,True,1.2732236683368683,UNRANKED,False,20,"5,10,20"
2022-05-12,2022-05-13,2022-05-16,GOOGL,XLK,113.594142514748,110.604884702248,1,SHORT,SHORT,0.1929074550668398,0.1472411157140409,0.8891341686248779,85.27588842859592,52.0,True,1.1010219653447468,UNRANKED,False,20,"5,10,20"
2022-05-13,2022-05-16,2022-05-17,GOOGL,XLK,114.0131798264507,111.04035681968452,1,SHORT,SHORT,0.21390032271544132,0.1752498331549647,0.8906620343526205,82.47501668450353,52.0,True,0.7294702529907227,UNRANKED,False,20,"5,10,20"
2022-05-16,2022-05-17,2022-05-18,GOOGL,XLK,115.88273735100042,122.815617207655,1,SHORT,SHORT,0.2282593597968419,0.19086118250160902,0.9155964454015096,80.9138817498391,52.0,True,0.5698721607526144,UNRANKED,False,20,"5,10,20"
2022-05-17,2022-05-18,2022-05-19,GOOGL,XLK,114.05732544136316,120.57799047388616,1,SHORT,SHORT,0.2375496824582418,0.1948793575046194,0.9387458165486654,80.51206424953806,52.0,True,0.46401766935984284,UNRANKED,False,20,"5,10,20"
2022-05-18,2022-05-19,2022-05-20,GOOGL,XLK,110.51807817312684,107.88533433767762,1,SHORT,SHORT,0.24177490174770355,0.1968866748860922,0.8508872191111246,80.31133251139077,52.0,True,1.0673265208800633,UNRANKED,False,20,"5,10,20"
2022-05-19,2022-05-20,2022-05-23,GOOGL,XLK,111.03330620451212,108.60583013901268,1,SHORT,SHORT,0.2487528969844182,0.1968866748860922,0.8781101306279501,80.31133251139077,52.0,True,1.0751030445098877,UNRANKED,False,20,"5,10,20"
2022-05-20,2022-05-23,2022-05-24,GOOGL,XLK,108.6891932186079,114.58121930241788,1,SHORT,SHORT,0.20858697593212128,0.1594985219662098,0.7750180761019388,84.05014780337902,52.0,True,1.2906564871470134,UNRANKED,False,20,"5,10,20"
2022-05-23,2022-05-24,2022-05-25,GOOGL,XLK,104.90496623527925,102.418583614604,1,SHORT,SHORT,0.22374883045752839,0.18197386909303392,0.852395216623942,81.80261309069661,52.0,True,1.1009511301914852,UNRANKED,False,20,"5,10,20"
2022-05-24,2022-05-25,2022-05-26,GOOGL,XLK,104.1249121947519,101.5966616367162,1,SHORT,SHORT,0.2293504998087883,0.18062256265267207,0.7468385100364685,81.93774373473279,52.0,True,1.1340551177660625,UNRANKED,False,20,"5,10,20"
2022-05-25,2022-05-26,2022-05-27,GOOGL,XLK,104.8107448453719,102.67854378684792,1,SHORT,SHORT,0.22543378671010328,0.19177145923653985,0.8314094543457031,80.82285407634602,52.0,True,1.0743851363658905,UNRANKED,False,20,"5,10,20"
2022-05-26,2022-05-27,2022-05-31,GOOGL,XLK,108.58554373009294,106.3663114433672,1,SHORT,SHORT,0.21822515626748396,0.1813840551061315,0.8072973489761353,81.86159448938685,52.0,True,0.8762596199909846,UNRANKED,False,20,"5,10,20"
2022-05-27,2022-05-31,2022-06-01,GOOGL,XLK,111.8222891546196,109.511776611895,1,SHORT,SHORT,0.20365982502698896,0.16698704550891033,0.9280337492624918,83.30129544910896,52.0,True,0.15920075277487433,UNRANKED,False,20,"5,10,20"
2022-05-31,2022-06-01,2022-06-02,GOOGL,XLK,113.91351567650608,111.63406730352897,1,SHORT,SHORT,0.21535579611857725,0.15495967174956418,0.9424053231875101,84.50403282504358,52.0,True,0.5454437086979549,UNRANKED,False,20,"5,10,20"
2022-06-01,2022-06-02,2022-06-03,GOOGL,XLK,113.06551449385536,110.83299888629398,1,SHORT,SHORT,0.25120306263367326,0.20211422928754955,0.9481334090232849,79.78857707124504,52.0,True,0.5573220749696096,UNRANKED,False,20,"5,10,20"
2022-06-02,2022-06-03,2022-06-06,GOOGL,XLK,115.11110884827522,112.66804919948896,1,SHORT,SHORT,0.26174994309743244,0.2033538929279961,0.9288088281949362,79.6646107072004,52.0,True,0.46079201996326447,UNRANKED,False,20,"5,10,20"
2022-06-03,2022-06-06,2022-06-07,GOOGL,XLK,115.74784575456005,113.31364219795428,1,SHORT,SHORT,0.26386364301045734,0.1964008688104949,0.9496522148450216,80.35991311895052,52.0,True,0.559779683748881,UNRANKED,False,20,"5,10,20"
2022-06-06,2022-06-07,2022-06-08,GOOGL,XLK,114.53387621473068,112.05192409245107,1,SHORT,SHORT,0.2714300801356633,0.21643368629904894,0.9396567543347677,78.35663137009512,52.0,True,0.5601748923460643,UNRANKED,False,20,"5,10,20"
2022-06-07,2022-06-08,2022-06-09,GOOGL,XLK,115.80437236671298,113.4427837523854,1,SHORT,SHORT,0.2713495045900345,0.2218338413289633,0.9372577468554179,77.81661586710366,52.0,True,0.7343002259731293,UNRANKED,False,20,"5,10,20"
2022-06-08,2022-06-09,2022-06-10,GOOGL,XLK,115.37392377581374,120.47577483041404,1,SHORT,SHORT,0.2206646005312601,0.18038565251562325,0.9504183729489645,81.96143474843768,52.0,True,0.4147284179925918,UNRANKED,False,20,"5,10,20"
2022-06-09,2022-06-10,2022-06-13,GOOGL,XLK,111.52326180460535,116.77441602300658,1,SHORT,SHORT,0.24630310634771982,0.20721877067066555,0.9153547485669454,79.27812293293344,52.0,True,0.8130692193905512,UNRANKED,False,20,"5,10,20"
2022-06-10,2022-06-13,2022-06-14,GOOGL,XLK,105.91115327755,103.65498000746072,1,SHORT,SHORT,0.24884052077929172,0.2079826538639995,0.9070247610410055,79.20173461360005,52.0,True,0.8341534584760666,UNRANKED,False,20,"5,10,20"
2022-06-13,2022-06-14,2022-06-15,GOOGL,XLK,105.66170449580932,103.25045724239136,1,SHORT,SHORT,0.2412000447511673,0.179054752277748,0.9107419848442078,82.0945247722252,52.0,True,0.9701252927382789,UNRANKED,False,20,"5,10,20"
2022-06-14,2022-06-15,2022-06-16,GOOGL,XLK,107.6552372659266,112.76327766684037,1,SHORT,SHORT,0.29063233733177185,0.19670905947547881,0.8828903039296468,80.32909405245212,52.0,True,0.9617259254058202,UNRANKED,False,20,"5,10,20"
2022-06-15,2022-06-16,2022-06-17,GOOGL,XLK,106.3420799988214,104.094550832736,1,SHORT,SHORT,0.29810143013795215,0.2142029134418739,0.8156003355979919,78.57970865581261,52.0,True,0.7974551518758138,UNRANKED,False,20,"5,10,20"
2022-06-16,2022-06-17,2022-06-21,GOOGL,XLK,105.16431141911136,102.7932661702623,1,SHORT,SHORT,0.2782017687956491,0.20051386456039297,0.7892377972602844,79.9486135439607,52.0,True,0.9386059492826462,UNRANKED,False,20,"5,10,20"
2022-06-17,2022-06-21,2022-06-22,GOOGL,XLK,108.03656858558828,105.90738113790412,1,SHORT,SHORT,0.2643493264913559,0.19540888596317788,0.8419514099756876,80.45911140368221,52.0,True,0.8010374307632446,UNRANKED,False,20,"5,10,20"
2022-06-21,2022-06-22,2022-06-23,GOOGL,XLK,109.6502478770662,107.3117196526661,1,SHORT,SHORT,0.2974546651045481,0.22226591209868904,0.9256295363108317,77.7734087901311,52.0,True,0.3089640239874521,UNRANKED,False,20,"5,10,20"
2022-06-22,2022-06-23,2022-06-24,GOOGL,XLK,111.31149505300748,108.97817498028844,1,SHORT,SHORT,0.2402618477741877,0.1842718264662171,0.9707738359769186,81.5728173533783,52.0,True,0.3670647988716762,UNRANKED,False,20,"5,10,20"
2022-06-23,2022-06-24,2022-06-27,GOOGL,XLK,112.0687608319365,109.94627090273728,1,SHORT,SHORT,0.19695972154537833,0.14734348669144262,0.9389537771542867,85.26565133085575,52.0,True,0.2887463321288426,UNRANKED,False,20,"5,10,20"
2022-06-24,2022-06-27,2022-06-28,GOOGL,XLK,117.30349693355396,123.07932733865304,1,SHORT,SHORT,0.2061155239741007,0.1731918027904579,0.9664115309715271,82.68081972095422,52.0,True,0.27389366428057355,UNRANKED,False,20,"5,10,20"
2022-06-27,2022-06-28,2022-06-29,GOOGL,XLK,114.85323751449626,120.60462524686582,1,SHORT,SHORT,0.22988580663998923,0.19023244254828656,0.9711557825406393,80.97675574517135,52.0,True,0.5840203712383906,UNRANKED,False,20,"5,10,20"
2022-06-28,2022-06-29,2022-06-30,GOOGL,XLK,110.63759325554062,117.00832978638954,1,SHORT,SHORT,0.28272380183140433,0.23194879520229805,0.9604803721110026,76.8051204797702,52.0,True,0.7715695252021154,UNRANKED,False,20,"5,10,20"
2022-06-29,2022-06-30,2022-07-01,GOOGL,XLK,109.09831103463256,106.53149170741436,1,SHORT,SHORT,0.276681125164032,0.2157952914665174,0.9455928007761637,78.42047085334826,52.0,True,0.7897411584854126,UNRANKED,False,20,"5,10,20"
2022-06-30,2022-07-01,2022-07-05,GOOGL,XLK,107.0482435979797,104.454503952158,1,SHORT,SHORT,0.2125261301795641,0.17121099938937276,0.9371378421783447,82.87890006106272,52.0,True,0.6944828083117803,UNRANKED,False,20,"5,10,20"
2022-07-01,2022-07-05,2022-07-06,GOOGL,XLK,106.22257357959492,103.87313532101513,1,SHORT,SHORT,0.2156254947185516,0.1797160743696383,0.9529496828715006,82.02839256303616,52.0,True,0.6879676630099615,UNRANKED,False,20,"5,10,20"
2022-07-05,2022-07-06,2022-07-07,GOOGL,XLK,112.37323400124176,110.04104525874035,1,SHORT,SHORT,0.2778113707900047,0.22029692050380686,0.9426422516504923,77.97030794961931,52.0,True,0.5677658716837565,UNRANKED,False,20,"5,10,20"
2022-07-06,2022-07-07,2022-07-08,GOOGL,XLK,114.13665496771532,111.73461421366956,1,SHORT,SHORT,0.22417585800091425,0.16385208609106963,0.9501536091168722,83.61479139089305,52.0,True,0.4813758482535681,UNRANKED,False,20,"5,10,20"
2022-07-07,2022-07-08,2022-07-11,GOOGL,XLK,116.28887225514453,113.8045136038471,1,SHORT,SHORT,0.2287222445011139,0.1795310343624682,0.923025111357371,82.04689656375318,52.0,True,0.35838424662748963,UNRANKED,False,20,"5,10,20"
2022-07-08,2022-07-11,2022-07-12,GOOGL,XLK,117.03074427714584,122.68189130211792,1,SHORT,SHORT,0.19342358907063803,0.14337358914219167,0.8847235639890035,85.66264108578083,52.0,True,0.38336900373299915,UNRANKED,False,20,"5,10,20"
2022-07-11,2022-07-12,2022-07-13,GOOGL,XLK,115.26236105063236,121.36814369572166,1,SHORT,SHORT,0.2637039572000503,0.21238113669844774,0.863462229569753,78.76188633015524,52.0,True,0.7789897918701172,UNRANKED,False,20,"5,10,20"
2022-07-12,2022-07-13,2022-07-14,GOOGL,XLK,110.78535950872109,108.53747557578998,1,SHORT,SHORT,0.2510097995400429,0.19271573592964705,0.8516693909962972,80.72842640703529,52.0,True,0.5781600375970205,UNRANKED,False,20,"5,10,20"
2022-07-13,2022-07-14,2022-07-15,GOOGL,XLK,109.30708832837976,106.87426732705444,1,SHORT,SHORT,0.22546511888504028,0.1911439415363446,0.7595083912213644,80.88560584636554,52.0,True,0.5546196202437083,UNRANKED,False,20,"5,10,20"
2022-07-14,2022-07-15,2022-07-18,GOOGL,XLK,111.08240810060202,117.2054645123452,1,SHORT,SHORT,0.2522684037685394,0.1990138841543756,0.8130053679148356,80.09861158456243,52.0,True,0.3946387817462285,UNRANKED,False,20,"5,10,20"
2022-07-15,2022-07-18,2022-07-19,GOOGL,XLK,111.71665403211723,109.5736884428664,1,SHORT,SHORT,0.2138815994064013,0.16880449817061174,0.8241952856381735,83.11955018293882,52.0,True,0.26275291542212165,UNRANKED,False,20,"5,10,20"
2022-07-18,2022-07-19,2022-07-20,GOOGL,XLK,109.94133235969358,107.75543507750189,1,SHORT,SHORT,0.2498102784156799,0.19578247754359712,0.6933344801266988,80.42175224564029,52.0,True,0.5022855202356974,UNRANKED,False,20,"5,10,20"
2022-07-19,2022-07-20,2022-07-21,GOOGL,XLK,112.24231974638516,109.9888385626519,1,SHORT,SHORT,0.2541025578975677,0.19574433200075692,0.6061715483665466,80.42556679992431,52.0,True,0.6896526863177618,UNRANKED,False,20,"5,10,20"
2022-07-20,2022-07-21,2022-07-22,GOOGL,XLK,113.34322710024298,118.93867818274508,1,SHORT,SHORT,0.23590646187464392,0.19369240312844008,0.6465498407681783,80.630759687156,52.0,True,0.7941327492396036,UNRANKED,False,20,"5,10,20"
2022-07-21,2022-07-22,2022-07-25,GOOGL,XLK,110.0901051986722,115.27847358725688,1,SHORT,SHORT,0.2057182465990384,0.16830391849557305,0.7628918091456095,83.1696081504427,52.0,True,0.6116371701161066,UNRANKED,False,20,"5,10,20"
2022-07-22,2022-07-25,2022-07-26,GOOGL,XLK,107.52134719462656,113.81035111177567,1,SHORT,SHORT,0.24284504602352772,0.19571761262472356,0.8804946740468343,80.42823873752765,52.0,True,0.8549217830101651,UNRANKED,False,20,"5,10,20"
2022-07-25,2022-07-26,2022-07-27,GOOGL,XLK,105.72616877091382,103.50353922379468,1,SHORT,SHORT,0.25114222615957255,0.20498496998418858,0.8773491581281027,79.50150300158114,52.0,True,0.9078409820795059,UNRANKED,False,20,"5,10,20"
2022-07-26,2022-07-27,2022-07-28,GOOGL,XLK,108.36437830874571,106.05808155145638,1,SHORT,SHORT,0.23081735273202256,0.18327538130366994,0.8410729169845581,81.67246186963301,52.0,True,0.813414086898168,UNRANKED,False,20,"5,10,20"
2022-07-27,2022-07-28,2022-07-29,GOOGL,XLK,111.44888067205848,108.8713246069078,1,SHORT,SHORT,0.2802456219991048,0.22641936171345223,0.9196344614028931,77.35806382865478,52.0,True,0.583135336637497,UNRANKED,False,20,"5,10,20"
2022-07-28,2022-07-29,2022-08-01,GOOGL,XLK,112.15306191622032,109.5337447252326,1,SHORT,SHORT,0.25698564698298765,0.20740201021228957,0.9367839892705282,79.25979897877104,52.0,True,0.6007965157429377,UNRANKED,False,20,"5,10,20"
2022-07-29,2022-08-01,2022-08-02,GOOGL,XLK,114.35486029276694,111.84726250572731,1,SHORT,SHORT,0.19583391646544135,0.1643590622478061,0.9198777278264364,83.56409377521939,52.0,True,0.2643137127161026,UNRANKED,False,20,"5,10,20"
2022-08-01,2022-08-02,2022-08-03,GOOGL,XLK,113.0655143870716,110.57180100816537,1,SHORT,SHORT,0.25687436014413834,0.20697603004033707,0.8428802490234375,79.30239699596629,52.0,True,0.32872503002484643,UNRANKED,False,20,"5,10,20"
2022-08-02,2022-08-03,2022-08-04,GOOGL,XLK,114.76149298206536,112.4375908519384,1,SHORT,SHORT,0.25063586483399075,0.17279250135211824,0.8881951173146566,82.72074986478817,52.0,True,0.5773163735866548,UNRANKED,False,20,"5,10,20"
2022-08-03,2022-08-04,2022-08-05,GOOGL,XLK,116.51699706271334,114.0539587544335,1,SHORT,SHORT,0.28274314105510706,0.21343676364981312,0.8815112908681234,78.6563236350187,52.0,True,0.5577844629685084,UNRANKED,False,20,"5,10,20"
2022-08-04,2022-08-05,2022-08-08,GOOGL,XLK,115.27723158541431,112.90628769852118,1,SHORT,SHORT,0.25147765378157294,0.19672101793701213,0.9341384569803873,80.32789820629878,52.0,True,0.4933694352706273,UNRANKED,False,20,"5,10,20"
2022-08-05,2022-08-08,2022-08-09,GOOGL,XLK,117.41953956981936,115.19222938915529,1,SHORT,SHORT,0.20972966651121772,0.17307232528000563,0.9469426472981771,82.69276747199945,52.0,True,0.3627562820911408,UNRANKED,False,20,"5,10,20"
2022-08-08,2022-08-09,2022-08-10,GOOGL,XLK,116.17977170860333,114.27904974989796,1,SHORT,SHORT,0.2512740766008695,0.2067403069046089,0.9597998460133871,79.32596930953912,52.0,True,0.5583858837683996,UNRANKED,False,20,"5,10,20"
2022-08-09,2022-08-10,2022-08-11,GOOGL,XLK,117.80632384689984,115.86451214907618,1,SHORT,SHORT,0.2781643693645795,0.2289250515728425,0.9581013520558676,77.10749484271575,52.0,True,0.6261818508307139,UNRANKED,False,20,"5,10,20"
2022-08-10,2022-08-11,2022-08-12,GOOGL,XLK,120.28583048192732,118.15770188521276,1,SHORT,SHORT,0.2706309010585149,0.2095479211412812,0.9171397686004639,79.04520788587189,52.0,True,0.6982653240362803,UNRANKED,False,20,"5,10,20"
2022-08-11,2022-08-12,2022-08-15,GOOGL,XLK,119.2741980957184,117.54137404263524,1,SHORT,SHORT,0.2484190613031387,0.1997512874211459,0.882457971572876,80.02487125788541,52.0,True,0.6376604090134302,UNRANKED,False,20,"5,10,20"
2022-08-12,2022-08-15,2022-08-16,GOOGL,XLK,120.13705992096004,118.23066932211796,1,SHORT,SHORT,0.2113308484355608,0.16784984261024904,0.9465408325195312,83.2150157389751,52.0,True,0.5044645965099336,UNRANKED,False,20,"5,10,20"
2022-08-15,2022-08-16,2022-08-17,GOOGL,XLK,120.5238677790755,124.91968648940264,1,SHORT,SHORT,0.27569770812988276,0.20699934573997503,0.8825321197509766,79.3000654260025,52.0,True,0.44417084256807965,UNRANKED,False,20,"5,10,20"
2022-08-16,2022-08-17,2022-08-18,GOOGL,XLK,119.13536518315932,117.91969636863642,1,SHORT,SHORT,0.2244055146972338,0.18150564422437462,0.8915843963623047,81.84943557756253,52.0,True,0.5540612588326136,UNRANKED,False,20,"5,10,20"
2022-08-17,2022-08-18,2022-08-19,GOOGL,XLK,118.4510045956292,121.6655096550077,1,SHORT,SHORT,0.23611763864755622,0.2059859405862241,0.8796800971031189,79.40140594137759,52.0,True,0.5208582679430643,UNRANKED,False,20,"5,10,20"
2022-08-18,2022-08-19,2022-08-22,GOOGL,XLK,118.08402472990431,121.03640695385104,1,SHORT,SHORT,0.2463855370879173,0.20848762700030696,0.8631981809933981,79.1512372999693,52.0,True,0.5099538465340933,UNRANKED,False,20,"5,10,20"
2022-08-19,2022-08-22,2022-08-23,GOOGL,XLK,114.25568050831777,117.473725061802,1,SHORT,SHORT,0.2385875458518664,0.2045248618629524,0.838494062423706,79.54751381370477,52.0,True,0.4235210567712784,UNRANKED,False,20,"5,10,20"
2022-08-22,2022-08-23,2022-08-24,GOOGL,XLK,112.54978392368336,111.0712906419102,1,SHORT,SHORT,0.2744688888390859,0.21034563696943898,0.7758328318595886,78.96543630305611,52.0,True,0.6974099278450012,UNRANKED,False,20,"5,10,20"
2022-08-23,2022-08-24,2022-08-25,GOOGL,XLK,112.5696116974473,111.2731851968544,1,SHORT,SHORT,0.2671385457118352,0.20610198787877407,0.6400847931702932,79.38980121212259,52.0,True,0.6169223835070928,UNRANKED,False,20,"5,10,20"
2022-08-24,2022-08-25,2022-08-26,GOOGL,XLK,113.30353847884852,116.55523002460744,1,SHORT,SHORT,0.2511665672063827,0.18361891607741831,0.6784647802511851,81.63810839225818,52.0,True,0.8247516502936681,UNRANKED,False,20,"5,10,20"
2022-08-25,2022-08-26,2022-08-29,GOOGL,XLK,113.77960949375512,117.428018656004,1,SHORT,SHORT,0.24469907085100806,0.18578643898467537,0.9162996013959249,81.42135610153247,52.0,True,0.9012984931468964,UNRANKED,False,20,"5,10,20"
2022-08-26,2022-08-29,2022-08-30,GOOGL,XLK,109.08839096914106,107.19404936409084,1,SHORT,SHORT,0.30413126945495605,0.2052635169837137,0.9361169735590616,79.47364830162863,52.0,True,0.8453545967737833,UNRANKED,False,20,"5,10,20"
2022-08-29,2022-08-30,2022-08-31,GOOGL,XLK,109.26691024996742,114.04703518675244,1,SHORT,SHORT,0.3326002856095632,0.1960945908151163,0.8882584373156229,80.39054091848837,52.0,True,1.0987109988927841,UNRANKED,False,20,"5,10,20"
2022-08-30,2022-08-31,2022-09-01,GOOGL,XLK,109.74298212503663,108.01441527410192,1,SHORT,SHORT,0.2784317334493001,0.1889093832982838,0.8405394156773885,81.10906167017163,52.0,True,0.9471854766209921,UNRANKED,False,20,"5,10,20"
2022-08-31,2022-09-01,2022-09-02,GOOGL,XLK,107.39240011242693,105.67375147438284,1,SHORT,SHORT,0.2617824127276738,0.18935049077219512,0.9069414138793945,81.06495092278048,52.0,True,0.8138536810874939,UNRANKED,False,20,"5,10,20"
2022-09-01,2022-09-02,2022-09-06,GOOGL,XLK,109.6834567691589,113.7462932799534,1,SHORT,SHORT,0.2718640565872192,0.2047276130145451,0.9377061327298483,79.52723869854549,52.0,True,0.8559296131134033,UNRANKED,False,20,"5,10,20"
2022-09-02,2022-09-06,2022-09-07,GOOGL,XLK,106.42043703294183,104.68974594058692,1,SHORT,SHORT,0.27502974371115363,0.2168561857146963,0.9162501891454061,78.31438142853037,52.0,True,0.6904910057783126,UNRANKED,False,20,"5,10,20"
2022-09-06,2022-09-07,2022-09-08,GOOGL,XLK,106.18239517986083,104.40494788807791,1,SHORT,SHORT,0.2531900952259699,0.20709503325337633,0.9148898919423422,79.29049667466236,52.0,True,0.6992992063363395,UNRANKED,False,20,"5,10,20"
2022-09-07,2022-09-08,2022-09-09,GOOGL,XLK,107.15437545780348,105.3422138759466,1,SHORT,SHORT,0.3033345838387807,0.21961206392971153,0.9287361105283102,78.03879360702885,52.0,True,0.8844959934552511,UNRANKED,False,20,"5,10,20"
2022-09-08,2022-09-09,2022-09-12,GOOGL,XLK,108.17592320190764,106.3318816500452,1,SHORT,SHORT,0.2093320538600285,0.16500119699372184,0.9488310217857361,83.49988030062782,52.0,True,0.5605175942182541,UNRANKED,False,20,"5,10,20"
2022-09-09,2022-09-12,2022-09-13,GOOGL,XLK,110.0801721578202,114.56806948578824,1,SHORT,SHORT,0.1909471104542414,0.142411222204494,0.9733355840047201,85.7588777795506,52.0,True,0.050565183162689244,UNRANKED,False,20,"5,10,20"
2022-09-12,2022-09-13,2022-09-14,GOOGL,XLK,106.91635155696838,110.91543221492736,1,SHORT,SHORT,0.2202827433745066,0.184594761982359,0.9403834740320841,81.5405238017641,52.0,True,0.5011389156182607,UNRANKED,False,20,"5,10,20"
2022-09-13,2022-09-14,2022-09-15,GOOGL,XLK,103.71280676810338,101.67678294695382,1,SHORT,SHORT,0.29428742329279584,0.20336330368540168,0.8892725507418314,79.66366963145984,52.0,True,0.8040484537680945,UNRANKED,False,20,"5,10,20"
2022-09-14,2022-09-15,2022-09-16,GOOGL,XLK,103.17723571198331,101.1050834379878,1,SHORT,SHORT,0.274266575773557,0.20068449088192586,0.885858952999115,79.93155091180742,52.0,True,0.933854728937149,UNRANKED,False,20,"5,10,20"
2022-09-15,2022-09-16,2022-09-19,GOOGL,XLK,101.2333018624559,99.22278310722432,1,SHORT,SHORT,0.2725897282361984,0.21062951914980477,0.8075271447499593,78.93704808501953,52.0,True,0.57992655535539,UNRANKED,False,20,"5,10,20"
2022-09-16,2022-09-19,2022-09-20,GOOGL,XLK,100.91594107105092,99.34464928376715,1,SHORT,SHORT,0.20566108822822568,0.16722241375181404,0.8075316747029623,83.2777586248186,52.0,True,0.5451371868451437,UNRANKED,False,20,"5,10,20"
2022-09-19,2022-09-20,2022-09-21,GOOGL,XLK,101.24322534010722,105.05633950636698,1,SHORT,SHORT,0.24629728247721985,0.19901041354218865,0.8751633564631144,80.09895864578114,52.0,True,0.7662473618984222,UNRANKED,False,20,"5,10,20"
2022-09-20,2022-09-21,2022-09-22,GOOGL,XLK,100.83658693545452,99.20861801106837,1,SHORT,SHORT,0.24264469991127646,0.21011960217425715,0.8248629172643026,78.98803978257428,52.0,True,0.7275698830684026,UNRANKED,False,20,"5,10,20"
2022-09-21,2022-09-22,2022-09-23,GOOGL,XLK,98.00994304598552,96.3012131657888,1,SHORT,SHORT,0.21175914506117502,0.1670440536190346,0.7534483472506205,83.29559463809653,52.0,True,0.602745364109675,UNRANKED,False,20,"5,10,20"
2022-09-22,2022-09-23,2022-09-26,GOOGL,XLK,98.8133068840168,97.15133320324811,1,SHORT,SHORT,0.23122452199459073,0.19370436740955876,0.9135984977086385,80.62956325904412,52.0,True,0.2535511801640192,UNRANKED,False,20,"5,10,20"
2022-09-23,2022-09-26,2022-09-27,GOOGL,XLK,97.29584663330871,95.66858669765722,1,SHORT,SHORT,0.22755278150240577,0.18968344065878126,0.8877218166987101,81.03165593412187,52.0,True,0.5818357765674591,UNRANKED,False,20,"5,10,20"
2022-09-26,2022-09-27,2022-09-28,GOOGL,XLK,98.61494711523052,97.0209829472269,1,SHORT,SHORT,0.25966640810171765,0.21595438767251696,0.9083588123321533,78.4045612327483,52.0,True,0.6417600214481354,UNRANKED,False,20,"5,10,20"
2022-09-27,2022-09-28,2022-09-29,GOOGL,XLK,96.8495379657094,95.39513449716866,1,SHORT,SHORT,0.25289613008499146,0.21595438767251696,0.9109254876772562,78.4045612327483,52.0,True,0.792685642838478,UNRANKED,False,20,"5,10,20"
2022-09-28,2022-09-29,2022-09-30,GOOGL,XLK,97.8314301011561,101.72956024554784,1,SHORT,SHORT,0.23465975622336066,0.19461843046586877,0.9014957547187805,80.53815695341312,52.0,True,0.5790501981973648,UNRANKED,False,20,"5,10,20"
2022-09-29,2022-09-30,2022-10-03,GOOGL,XLK,96.25446166796624,94.66970617916184,1,SHORT,SHORT,0.23389177521069837,0.17810955898740197,0.9015935063362122,82.1890441012598,52.0,True,0.6718492855628332,UNRANKED,False,20,"5,10,20"
2022-09-30,2022-10-03,2022-10-04,GOOGL,XLK,95.9668344859771,94.27156285773351,1,SHORT,SHORT,0.22077540059884382,0.17795176379920208,0.7820194164911906,82.2048236200798,52.0,True,0.5890605300664902,UNRANKED,False,20,"5,10,20"
2022-10-03,2022-10-04,2022-10-05,GOOGL,XLK,99.61667108123068,98.17289099961796,1,SHORT,SHORT,0.23366563518842057,0.1952783161224274,0.8848259250322977,80.47216838775726,52.0,True,0.6418689241011938,UNRANKED,False,20,"5,10,20"
2022-10-04,2022-10-05,2022-10-06,GOOGL,XLK,99.0116735801322,97.40353617691652,1,SHORT,SHORT,0.20953790843486783,0.17757677742907893,0.9283092617988586,82.2423222570921,52.0,True,0.5388214985529581,UNRANKED,False,20,"5,10,20"
2022-10-05,2022-10-06,2022-10-07,GOOGL,XLK,99.85469877759265,103.5420805219774,1,SHORT,SHORT,0.20603586733341217,0.16925620426961693,0.931379238764445,83.0743795730383,52.0,True,0.5748957097530365,UNRANKED,False,20,"5,10,20"
2022-10-06,2022-10-07,2022-10-10,GOOGL,XLK,99.03150112865876,102.70117314098786,1,SHORT,SHORT,0.21925608317057288,0.18154227304991744,0.939491073290507,81.84577269500825,52.0,True,0.4712759107351303,UNRANKED,False,20,"5,10,20"
2022-10-07,2022-10-10,2022-10-11,GOOGL,XLK,98.18847777441846,102.29560292046686,1,SHORT,SHORT,0.22456649939219153,0.18378476632965934,0.9252799948056539,81.62152336703407,52.0,True,0.6482229878505071,UNRANKED,False,20,"5,10,20"
2022-10-10,2022-10-11,2022-10-12,GOOGL,XLK,96.63133537448569,95.06712257541342,1,SHORT,SHORT,0.2668077449003855,0.2191013756644176,0.9148531754811605,78.08986243355824,52.0,True,0.9744251469771067,UNRANKED,False,20,"5,10,20"
2022-10-11,2022-10-12,2022-10-13,GOOGL,XLK,96.50241351977157,95.02179436170796,1,SHORT,SHORT,0.25110035389661783,0.21526627903659887,0.8954853216807047,78.47337209634011,52.0,True,0.643784041206042,UNRANKED,False,20,"5,10,20"
2022-10-12,2022-10-13,2022-10-14,GOOGL,XLK,94.37003338415457,92.92341789255995,1,SHORT,SHORT,0.22939459234476087,0.187863703712749,0.9192826946576437,81.2136296287251,52.0,True,0.4997987250487009,UNRANKED,False,20,"5,10,20"
2022-10-13,2022-10-14,2022-10-17,GOOGL,XLK,99.17034658633813,97.71664665696451,1,SHORT,SHORT,0.23561398684978482,0.19912192894062564,0.9287708004315695,80.08780710593743,52.0,True,0.6859757254521052,UNRANKED,False,20,"5,10,20"
2022-10-14,2022-10-17,2022-10-18,GOOGL,XLK,98.04962623156622,96.45919883288458,1,SHORT,SHORT,0.21536116798718763,0.17902454071574736,0.9079912503560384,82.09754592842526,52.0,True,0.790614719192187,UNRANKED,False,20,"5,10,20"
2022-10-17,2022-10-18,2022-10-19,GOOGL,XLK,102.28461724659432,106.74596428159364,1,SHORT,SHORT,0.26837141811847687,0.21764789251776842,0.9015209277470907,78.23521074822317,52.0,True,0.48775416115919756,UNRANKED,False,20,"5,10,20"
2022-10-18,2022-10-19,2022-10-20,GOOGL,XLK,99.19020627528847,97.52964348755133,1,SHORT,SHORT,0.29093822836875916,0.232385738810196,0.9072843392690023,76.76142611898041,52.0,True,0.5569843848546345,UNRANKED,False,20,"5,10,20"
2022-10-19,2022-10-20,2022-10-21,GOOGL,XLK,99.18028082765306,97.625274527953,1,SHORT,SHORT,0.24359613160292304,0.19910282461381615,0.906195859114329,80.08971753861839,52.0,True,0.49674880007902794,UNRANKED,False,20,"5,10,20"
2022-10-20,2022-10-21,2022-10-24,GOOGL,XLK,97.04789829825933,95.59419782392897,1,SHORT,SHORT,0.24914501110712683,0.21821599909732234,0.9427279432614645,78.17840009026776,52.0,True,0.41496894756952923,UNRANKED,False,20,"5,10,20"
2022-10-21,2022-10-24,2022-10-25,GOOGL,XLK,100.9655271818657,99.64146973906436,1,SHORT,SHORT,0.271241416533788,0.22851595728374843,0.9458139936129252,77.14840427162515,52.0,True,0.5751475890477499,UNRANKED,False,20,"5,10,20"
2022-10-24,2022-10-25,2022-10-26,GOOGL,XLK,102.05650783204726,105.08150826801266,1,SHORT,SHORT,0.2770199825366338,0.2342311685162517,0.9396236538887024,76.57688314837483,52.0,True,0.5144934356212616,UNRANKED,False,20,"5,10,20"
2022-10-25,2022-10-26,2022-10-27,GOOGL,XLK,95.639528911698,98.9744694133198,1,SHORT,SHORT,0.27604207893212634,0.22382779551063445,0.9178261558214823,77.61722044893655,52.0,True,0.2866284102201461,UNRANKED,False,20,"5,10,20"
2022-10-26,2022-10-27,2022-10-28,GOOGL,XLK,93.74519206481908,91.7353724891006,1,SHORT,SHORT,0.262561375896136,0.20168758957328023,0.9478405714035034,79.83124104267198,52.0,True,0.5799282242854437,UNRANKED,False,20,"5,10,20"
2022-10-27,2022-10-28,2022-10-31,GOOGL,XLK,91.51363539732378,89.50594169789576,1,SHORT,SHORT,0.2637644211451212,0.20069707226483044,0.9337334831555685,79.93029277351695,52.0,True,0.7047098278999328,UNRANKED,False,20,"5,10,20"
2022-10-28,2022-10-31,2022-11-01,GOOGL,XLK,94.637811790529,100.23264707190108,1,SHORT,SHORT,0.24457005659739173,0.18394226361057778,0.9331885774930319,81.60577363894222,52.0,True,0.5446888109048206,UNRANKED,False,20,"5,10,20"
2022-10-31,2022-11-01,2022-11-02,GOOGL,XLK,94.6675668774688,100.45721874819633,1,SHORT,SHORT,0.2705936382214228,0.20971729767351796,0.8657870093981425,79.0282702326482,52.0,True,0.8266101280848185,UNRANKED,False,20,"5,10,20"
2022-11-01,2022-11-02,2022-11-03,GOOGL,XLK,90.19453791873644,96.6324022223253,1,SHORT,SHORT,0.25654311478137964,0.20611998073771065,0.9146029154459635,79.38800192622894,52.0,True,0.9615035355091095,UNRANKED,False,20,"5,10,20"
2022-11-02,2022-11-03,2022-11-04,GOOGL,XLK,85.61241063994241,82.89557834275351,1,SHORT,SHORT,0.21461456765731168,0.17800068249532494,0.8943162361780802,82.1999317504675,52.0,True,0.5358740488688151,UNRANKED,False,20,"5,10,20"
2022-11-03,2022-11-04,2022-11-07,GOOGL,XLK,84.69996499661167,81.909456726348,1,SHORT,SHORT,0.21421145151058832,0.1756257850947868,0.9183465043703715,82.43742149052132,52.0,True,0.5097119808197021,UNRANKED,False,20,"5,10,20"
2022-11-04,2022-11-07,2022-11-08,GOOGL,XLK,86.56453757303696,83.79244884099873,1,SHORT,SHORT,0.27941233416398364,0.2156015178762818,0.9205748438835144,78.43984821237183,52.0,True,0.7494272291660306,UNRANKED,False,20,"5,10,20"
2022-11-07,2022-11-08,2022-11-09,GOOGL,XLK,88.17127227783203,85.32054846627372,1,SHORT,SHORT,0.26779844115177787,0.2243532012807279,0.939179539680481,77.56467987192721,52.0,True,0.5555891940991083,UNRANKED,False,20,"5,10,20"
2022-11-08,2022-11-09,2022-11-10,GOOGL,XLK,87.72495193475426,84.92594179419902,1,SHORT,SHORT,0.2815567553043365,0.22738104693605965,0.9528612891832987,77.26189530639404,52.0,True,0.2528839906056721,UNRANKED,False,20,"5,10,20"
2022-11-09,2022-11-10,2022-11-11,GOOGL,XLK,91.49381082236977,88.6069547432682,1,SHORT,SHORT,0.22225957115491232,0.17629984093746706,0.9069111347198486,82.37001590625329,52.0,True,0.6182561119397482,UNRANKED,False,20,"5,10,20"
2022-11-10,2022-11-11,2022-11-14,GOOGL,XLK,93.9138107806014,90.64015039328972,1,SHORT,SHORT,0.260893295208613,0.21399519475812182,0.9416722655296326,78.60048052418782,52.0,True,-0.04660033682982139,UNRANKED,False,20,"5,10,20"
2022-11-11,2022-11-14,2022-11-15,GOOGL,XLK,94.31052701503693,90.96035633458212,1,SHORT,SHORT,0.20050530383984247,0.1603488955232832,0.9738174676895142,83.96511044767168,52.0,True,-0.15138097604115797,UNRANKED,False,20,"5,10,20"
2022-11-14,2022-11-15,2022-11-16,GOOGL,XLK,97.45453185847644,94.19291501538908,1,SHORT,SHORT,0.2129523580272992,0.17124142580562163,0.9591238697369894,82.87585741943784,52.0,True,0.1973291138807932,UNRANKED,False,20,"5,10,20"
2022-11-15,2022-11-16,2022-11-17,GOOGL,XLK,97.09748619804606,94.31831248327208,1,SHORT,SHORT,0.2187262177467346,0.1846897144141685,0.919522782166799,81.53102855858315,52.0,True,0.35991639892260235,UNRANKED,False,20,"5,10,20"
2022-11-16,2022-11-17,2022-11-18,GOOGL,XLK,96.17511335721086,93.558877896657,1,SHORT,SHORT,0.1958193605144818,0.14183825916714138,0.9233019550641378,85.81617408328586,52.0,True,0.2762711395819982,UNRANKED,False,20,"5,10,20"
2022-11-17,2022-11-18,2022-11-21,GOOGL,XLK,97.96035204939338,103.86689441869096,1,SHORT,SHORT,0.20403470844030377,0.15331518318918014,0.9403540293375651,84.66848168108199,52.0,True,0.4807929943005244,UNRANKED,False,20,"5,10,20"
2022-11-18,2022-11-21,2022-11-22,GOOGL,XLK,96.4924943514118,94.19009403490092,1,SHORT,SHORT,0.20501819998025891,0.16188320531937234,0.9625324408213297,83.81167946806276,52.0,True,0.4724660317103068,UNRANKED,False,20,"5,10,20"
2022-11-21,2022-11-22,2022-11-23,GOOGL,XLK,95.1634740801226,93.01763711374426,1,SHORT,SHORT,0.2222899496555328,0.16972139519853222,0.9737194180488586,83.02786048014677,52.0,True,0.4075333724419276,UNRANKED,False,20,"5,10,20"
2022-11-22,2022-11-23,2022-11-25,GOOGL,XLK,96.29412816473292,94.29351944804068,1,SHORT,SHORT,0.23077156891425446,0.19078225285042238,0.9575496117273966,80.92177471495776,52.0,True,0.6552261610825855,UNRANKED,False,20,"5,10,20"
2022-11-23,2022-11-25,2022-11-28,GOOGL,XLK,97.43469959629758,102.05898188825488,1,SHORT,SHORT,0.22166306773821506,0.1889333519670698,0.9665891528129578,81.10666480329301,52.0,True,0.6578308790922166,UNRANKED,False,20,"5,10,20"
2022-11-25,2022-11-28,2022-11-29,GOOGL,XLK,96.24453976932136,100.48803898022398,1,SHORT,SHORT,0.2105942070484161,0.17071398171823385,0.9661229848861694,82.92860182817662,52.0,True,0.36429068942864734,UNRANKED,False,20,"5,10,20"
2022-11-28,2022-11-29,2022-11-30,GOOGL,XLK,94.94528818097686,93.28330905064064,1,SHORT,SHORT,0.2578299989302953,0.2129312301554017,0.9162341356277466,78.70687698445983,52.0,True,0.6672257532676061,UNRANKED,False,20,"5,10,20"
2022-11-29,2022-11-30,2022-12-01,GOOGL,XLK,94.0427341497428,92.34887722922802,1,SHORT,SHORT,0.2688157757123311,0.22371402908108254,0.9613589644432068,77.62859709189175,52.0,True,0.6313825845718385,UNRANKED,False,20,"5,10,20"
2022-11-30,2022-12-01,2022-12-02,GOOGL,XLK,100.191908022442,98.19909491209044,1,SHORT,SHORT,0.280034676194191,0.2169821899337515,0.9020868937174479,78.30178100662485,52.0,True,0.3573705305655797,UNRANKED,False,20,"5,10,20"
2022-12-01,2022-12-02,2022-12-05,GOOGL,XLK,98.23806351073276,96.7142320070009,1,SHORT,SHORT,0.23966076970100403,0.18517663490801503,0.9324674606323242,81.48233650919849,52.0,True,0.34472998976707464,UNRANKED,False,20,"5,10,20"
2022-12-02,2022-12-05,2022-12-06,GOOGL,XLK,98.585197113999,102.05472830950332,1,SHORT,SHORT,0.2265209456284841,0.18218963973238533,0.9448808828989664,81.78103602676147,52.0,True,0.1471507002909978,UNRANKED,False,20,"5,10,20"
2022-12-05,2022-12-06,2022-12-07,GOOGL,XLK,98.48601001120107,101.99981621804052,1,SHORT,SHORT,0.24612310280402497,0.20025725540375058,0.9248419006665548,79.97427445962494,52.0,True,0.29864490528901405,UNRANKED,False,20,"5,10,20"
2022-12-06,2022-12-07,2022-12-08,GOOGL,XLK,95.61971746872926,99.09102113607022,1,SHORT,SHORT,0.23699252804120383,0.1883876817629326,0.9495089650154114,81.16123182370674,52.0,True,0.5578007052342097,UNRANKED,False,20,"5,10,20"
2022-12-07,2022-12-08,2022-12-09,GOOGL,XLK,94.59813448405296,98.3581208165376,1,SHORT,SHORT,0.2633057286341985,0.19724735033541366,0.9391925732294718,80.27526496645864,52.0,True,0.6333806614081064,UNRANKED,False,20,"5,10,20"
2022-12-08,2022-12-09,2022-12-12,GOOGL,XLK,93.0013431152763,91.4449226528042,1,SHORT,SHORT,0.2761182983716329,0.20655258794923936,0.9181232253710429,79.34474120507606,52.0,True,0.7014119774103165,UNRANKED,False,20,"5,10,20"
2022-12-09,2022-12-12,2022-12-13,GOOGL,XLK,91.9500324704772,90.39715531680812,1,SHORT,SHORT,0.2635623017946879,0.20626234424143483,0.9002918203671774,79.37376557585651,52.0,True,0.6479885677496592,UNRANKED,False,20,"5,10,20"
2022-12-12,2022-12-13,2022-12-14,GOOGL,XLK,96.958644678424,100.6017418747305,1,SHORT,SHORT,0.30487968524297077,0.21948173940480073,0.9139278928438822,78.05182605951993,52.0,True,0.7642855544885,UNRANKED,False,20,"5,10,20"
2022-12-13,2022-12-14,2022-12-15,GOOGL,XLK,94.41961155521663,98.21679254843302,1,SHORT,SHORT,0.3262511392434438,0.20993831920755504,0.9031596382459005,79.0061680792445,52.0,True,0.8170446008443832,UNRANKED,False,20,"5,10,20"
2022-12-14,2022-12-15,2022-12-16,GOOGL,XLK,92.36658508509043,96.01322722507022,1,SHORT,SHORT,0.24057702720165244,0.19788092085788142,0.9349896311759949,80.21190791421185,52.0,True,0.6831243634223939,UNRANKED,False,20,"5,10,20"
2022-12-15,2022-12-16,2022-12-19,GOOGL,XLK,90.01601241882409,94.23116842904312,1,SHORT,SHORT,0.2510430266459782,0.1745939999853248,0.9359714190165201,82.54060000146752,52.0,True,0.9265984644492469,UNRANKED,False,20,"5,10,20"
2022-12-16,2022-12-19,2022-12-20,GOOGL,XLK,89.52012290883614,87.89144281588833,1,SHORT,SHORT,0.2211649070183436,0.17423160505805876,0.9062984585762024,82.57683949419412,52.0,True,0.8748596558968226,UNRANKED,False,20,"5,10,20"
2022-12-19,2022-12-20,2022-12-21,GOOGL,XLK,87.38775412824421,85.69106506748807,1,SHORT,SHORT,0.24142869561910626,0.19881420780000414,0.8909230629603068,80.11857921999959,52.0,True,0.5727466593186062,UNRANKED,False,20,"5,10,20"
2022-12-20,2022-12-21,2022-12-22,GOOGL,XLK,88.34979410199328,87.0229045189506,1,SHORT,SHORT,0.24467347562313072,0.21036490508983027,0.9236803452173868,78.96350949101696,52.0,True,0.3747269312540691,UNRANKED,False,20,"5,10,20"
2022-12-21,2022-12-22,2022-12-23,GOOGL,XLK,87.43732621541874,86.07076487072705,1,SHORT,SHORT,0.2047203083833058,0.17072868511557326,0.966718335946401,82.92713148844267,52.0,True,0.4076648106177649,UNRANKED,False,20,"5,10,20"
2022-12-22,2022-12-23,2022-12-27,GOOGL,XLK,86.39592615313117,84.93939299360271,1,SHORT,SHORT,0.2527594963709513,0.20876559250071114,0.9062198599179586,79.12344074992889,52.0,True,0.5875542014837265,UNRANKED,False,20,"5,10,20"
2022-12-23,2022-12-27,2022-12-28,GOOGL,XLK,88.07208282991216,91.80374094802391,1,SHORT,SHORT,0.2435427109400431,0.19903394765459015,0.9356462558110555,80.09660523454099,52.0,True,0.5202901909748713,UNRANKED,False,20,"5,10,20"
2022-12-27,2022-12-28,2022-12-29,GOOGL,XLK,86.26699465069065,84.82108869278747,1,SHORT,SHORT,0.23913856844107306,0.19020319372642946,0.9320866266886393,80.97968062735706,52.0,True,0.8074794511000315,UNRANKED,False,20,"5,10,20"
2022-12-28,2022-12-29,2022-12-30,GOOGL,XLK,85.90995189306291,84.51150894349539,1,SHORT,SHORT,0.25215514500935865,0.19346025236945308,0.897245188554128,80.65397476305469,52.0,True,0.755426049232483,UNRANKED,False,20,"5,10,20"
2022-12-29,2022-12-30,2023-01-03,GOOGL,XLK,86.26700621056507,84.7835527324331,1,SHORT,SHORT,0.2541820853948593,0.20532010627303984,0.9438714981079102,79.46798937269601,52.0,True,0.45870542029539735,UNRANKED,False,20,"5,10,20"
2022-12-30,2023-01-03,2023-01-04,GOOGL,XLK,88.85560627643153,92.44734947319144,1,SHORT,SHORT,0.2454848413666089,0.20297240921924006,0.9510981241861979,79.70275907807599,52.0,True,0.7634875178337097,UNRANKED,False,20,"5,10,20"
2023-01-03,2023-01-04,2023-01-05,GOOGL,XLK,89.60937532240884,93.27373400640369,1,SHORT,SHORT,0.29604346553484595,0.2287082205245924,0.8049333492914835,77.12917794754077,52.0,True,0.7960202743609747,UNRANKED,False,20,"5,10,20"
2023-01-04,2023-01-05,2023-01-06,GOOGL,XLK,86.75298665837843,85.37792235348167,1,SHORT,SHORT,0.285268689195315,0.21481835099544977,0.769167443116506,78.51816490045502,52.0,True,0.6936213274796804,UNRANKED,False,20,"5,10,20"
2023-01-05,2023-01-06,2023-01-09,GOOGL,XLK,86.07855936732152,84.60998266356873,1,SHORT,SHORT,0.21750435481468833,0.17207522524727714,0.7042282025019327,82.79247747527229,52.0,True,0.6391383955876032,UNRANKED,False,20,"5,10,20"
2023-01-06,2023-01-09,2023-01-10,GOOGL,XLK,87.63568639320383,86.38459756961286,1,SHORT,SHORT,0.2600659529368083,0.1983753572727899,0.7790862321853638,80.16246427272101,52.0,True,0.5486428737640382,UNRANKED,False,20,"5,10,20"
2023-01-09,2023-01-10,2023-01-11,GOOGL,XLK,85.27521189352831,84.01845606467089,1,SHORT,SHORT,0.25481829295555747,0.21070898025013332,0.7284899155298868,78.92910197498666,52.0,True,0.6732124884923301,UNRANKED,False,20,"5,10,20"
2023-01-10,2023-01-11,2023-01-12,GOOGL,XLK,88.44897568545483,87.2928150583622,1,SHORT,SHORT,0.22990411520004272,0.19180329093115853,0.8377368251482645,80.81967090688414,52.0,True,0.5681075503428777,UNRANKED,False,20,"5,10,20"
2023-01-11,2023-01-12,2023-01-13,GOOGL,XLK,90.73012501545804,89.39544037103141,1,SHORT,SHORT,0.23345433175563812,0.19274344751307856,0.8948070804278055,80.72565524869214,52.0,True,0.3753509322802226,UNRANKED,False,20,"5,10,20"
2023-01-12,2023-01-13,2023-01-17,GOOGL,XLK,90.1052744877532,88.78263284259417,1,SHORT,SHORT,0.19415266811847678,0.15471191594743317,0.9473031957944235,84.52880840525668,52.0,True,0.17699175576368972,UNRANKED,False,20,"5,10,20"
2023-01-13,2023-01-17,2023-01-18,GOOGL,XLK,91.30535652243567,90.04151571084248,1,SHORT,SHORT,0.1839505309859911,0.1320251823911344,0.9148629506429037,86.79748176088657,52.0,True,0.3750780125459035,UNRANKED,False,20,"5,10,20"
2023-01-17,2023-01-18,2023-01-19,GOOGL,XLK,91.38470524390696,90.16620374418598,1,SHORT,SHORT,0.2325323522090912,0.18931757268089358,0.9236406882603964,81.06824273191064,52.0,True,0.4096744308869043,UNRANKED,False,20,"5,10,20"
2023-01-18,2023-01-19,2023-01-20,GOOGL,XLK,89.97635197425116,88.87615840561277,1,SHORT,SHORT,0.23072200516859687,0.19842680999705684,0.8546216487884521,80.15731900029431,52.0,True,0.6103468835353851,UNRANKED,False,20,"5,10,20"
2023-01-19,2023-01-20,2023-01-23,GOOGL,XLK,94.32044460307483,93.18057927278744,1,SHORT,SHORT,0.2215852290391922,0.1785578113169356,0.857772707939148,82.14421886830644,52.0,True,0.3906329373518626,UNRANKED,False,20,"5,10,20"
2023-01-20,2023-01-23,2023-01-24,GOOGL,XLK,97.14707158711536,95.82726589689491,1,SHORT,SHORT,0.2572941978772481,0.2059312117968164,0.9177130262056986,79.40687882031835,52.0,True,0.4384483645359675,UNRANKED,False,20,"5,10,20"
2023-01-23,2023-01-24,2023-01-25,GOOGL,XLK,97.29584675272618,100.86987885503854,1,SHORT,SHORT,0.2537459234396616,0.20594819832620348,0.9149967432022095,79.40518016737965,52.0,True,0.5436694622039795,UNRANKED,False,20,"5,10,20"
2023-01-24,2023-01-25,2023-01-26,GOOGL,XLK,94.78659020973076,93.27196575032788,1,SHORT,SHORT,0.24789686501026154,0.20594819832620348,0.9078304171562195,79.40518016737965,52.0,True,0.4796211719512938,UNRANKED,False,20,"5,10,20"
2023-01-25,2023-01-26,2023-01-27,GOOGL,XLK,95.70897598453968,94.09233834590268,1,SHORT,SHORT,0.2543543602029482,0.20976921626994502,0.9393992225329081,79.02307837300549,52.0,True,0.5306451519330343,UNRANKED,False,20,"5,10,20"
2023-01-26,2023-01-27,2023-01-30,GOOGL,XLK,96.5123239826297,94.86593225027758,1,SHORT,SHORT,0.23473913222551337,0.1957119543328244,0.9153602321942648,80.42880456671756,52.0,True,0.42806477348009725,UNRANKED,False,20,"5,10,20"
2023-01-27,2023-01-30,2023-01-31,GOOGL,XLK,96.68092958542468,94.98423943475504,1,SHORT,SHORT,0.25318000217278797,0.21788151769905775,0.8967112302780151,78.21184823009423,52.0,True,0.4447927425305049,UNRANKED,False,20,"5,10,20"
2023-01-30,2023-01-31,2023-02-01,GOOGL,XLK,96.07593251835176,94.25526634141956,1,SHORT,SHORT,0.24737144013245896,0.21219425845918383,0.8931013544400533,78.78057415408162,52.0,True,0.7620110015074412,UNRANKED,False,20,"5,10,20"
2023-01-31,2023-02-01,2023-02-02,GOOGL,XLK,97.90085604626204,95.97392657238508,1,SHORT,SHORT,0.23907835036516187,0.20876234480807673,0.8951662381490072,79.12376551919232,52.0,True,0.541543478767077,UNRANKED,False,20,"5,10,20"
2023-02-01,2023-02-02,2023-02-03,GOOGL,XLK,104.93273458159672,103.11277684844242,1,SHORT,SHORT,0.22049527863661447,0.1911805938588529,0.8495234052340189,80.88194061411471,52.0,True,0.4517486542463303,UNRANKED,False,20,"5,10,20"
2023-02-02,2023-02-03,2023-02-06,GOOGL,XLK,102.08625562934304,99.77606461110226,1,SHORT,SHORT,0.2461631670594215,0.19811455635520128,0.9300763209660848,80.18854436447988,52.0,True,0.20250245928764343,UNRANKED,False,20,"5,10,20"
2023-02-03,2023-02-06,2023-02-07,GOOGL,XLK,101.56060192669275,99.11084966403232,1,SHORT,SHORT,0.26637920737266535,0.19985618492265858,0.9471278190612793,80.01438150773414,52.0,True,0.41329641143480944,UNRANKED,False,20,"5,10,20"
2023-02-06,2023-02-07,2023-02-08,GOOGL,XLK,102.37388574345306,108.68422880462772,1,SHORT,SHORT,0.2743584563334783,0.20505606440957988,0.9517043828964233,79.49439355904201,52.0,True,0.22796740631262455,UNRANKED,False,20,"5,10,20"
2023-02-07,2023-02-08,2023-02-09,GOOGL,XLK,101.2134745048074,108.33320095831604,1,SHORT,SHORT,0.2402598212162653,0.20170817224956875,0.9403647979100546,79.82918277504312,52.0,True,0.21264719963073722,UNRANKED,False,20,"5,10,20"
2023-02-08,2023-02-09,2023-02-10,GOOGL,XLK,99.1802717239998,107.4228597672127,1,SHORT,SHORT,0.24950218697388962,0.20301452724911098,0.9573325713475546,79.6985472750889,52.0,True,0.46813734372456867,UNRANKED,False,20,"5,10,20"
2023-02-09,2023-02-10,2023-02-13,GOOGL,XLK,94.66757593087634,91.41375414917292,1,SHORT,SHORT,0.25418126086393983,0.20725101860875353,0.9313522974650065,79.27489813912464,52.0,True,0.43613705535729724,UNRANKED,False,20,"5,10,20"
2023-02-10,2023-02-13,2023-02-14,GOOGL,XLK,93.96338902898977,90.80378863487704,1,SHORT,SHORT,0.25470311939716334,0.20448915538048087,0.9382951259613037,79.55108446195192,52.0,True,0.381507913271586,UNRANKED,False,20,"5,10,20"
2023-02-13,2023-02-14,2023-02-15,GOOGL,XLK,93.65594180887688,90.641570209407,1,SHORT,SHORT,0.24245311568180716,0.19490654918765335,0.9002665877342224,80.50934508123466,52.0,True,0.38467727601528184,UNRANKED,False,20,"5,10,20"
2023-02-14,2023-02-15,2023-02-16,GOOGL,XLK,93.7154340931221,90.87179308447254,1,SHORT,SHORT,0.19981420536835984,0.15432163121703094,0.9113119840621948,84.56783687829692,52.0,True,0.4542692005634308,UNRANKED,False,20,"5,10,20"
2023-02-15,2023-02-16,2023-02-17,GOOGL,XLK,94.58822952133472,91.74742337771028,1,SHORT,SHORT,0.20753342658281324,0.15785065335435497,0.944473922252655,84.2149346645645,52.0,True,0.25796645879745483,UNRANKED,False,20,"5,10,20"
2023-02-16,2023-02-17,2023-02-21,GOOGL,XLK,94.07249288547276,101.10012301024608,1,SHORT,SHORT,0.2313900416096051,0.17074946865826068,0.903754711151123,82.92505313417394,52.0,True,0.40489725768566137,UNRANKED,False,20,"5,10,20"
2023-02-17,2023-02-21,2023-02-22,GOOGL,XLK,92.23765518012942,89.51657440010013,1,SHORT,SHORT,0.23994151006142292,0.178193954844453,0.9015769759813944,82.1806045155547,52.0,True,0.379809970657031,UNRANKED,False,20,"5,10,20"
2023-02-21,2023-02-22,2023-02-23,GOOGL,XLK,90.94831301648848,88.18047549207442,1,SHORT,SHORT,0.21854131917158756,0.174596554363911,0.869648814201355,82.5403445636089,52.0,True,0.8258814066648483,UNRANKED,False,20,"5,10,20"
2023-02-22,2023-02-23,2023-02-24,GOOGL,XLK,91.16651419896812,97.82929850290576,1,SHORT,SHORT,0.21069604406754172,0.17100803761749953,0.8426305254300436,82.89919623825006,52.0,True,0.44729260603586835,UNRANKED,False,20,"5,10,20"
2023-02-23,2023-02-24,2023-02-27,GOOGL,XLK,88.70683991186095,86.50574760054678,1,SHORT,SHORT,0.23179848492145536,0.17270299546922704,0.8940353592236837,82.7297004530773,52.0,True,0.512327199180921,UNRANKED,False,20,"5,10,20"
2023-02-24,2023-02-27,2023-02-28,GOOGL,XLK,89.13331604003906,87.0172348022461,1,SHORT,SHORT,0.1932738969723383,0.13620530234442815,0.8683311740557352,86.37946976555718,52.0,True,0.4293052703142166,UNRANKED,False,20,"5,10,20"
2023-02-27,2023-02-28,2023-03-01,GOOGL,XLK,88.59774267568118,86.562421848742,1,SHORT,SHORT,0.2273607452710469,0.1824125785651695,0.905911405881246,81.75874214348305,52.0,True,0.676396573583285,UNRANKED,False,20,"5,10,20"
2023-02-28,2023-03-01,2023-03-02,GOOGL,XLK,89.24242610290563,87.52944174534424,1,SHORT,SHORT,0.2386651883522669,0.18654373675812197,0.8698862592379252,81.3456263241878,52.0,True,0.6690997729698817,UNRANKED,False,20,"5,10,20"
2023-03-01,2023-03-02,2023-03-03,GOOGL,XLK,88.92503489270483,87.77666878203937,1,SHORT,SHORT,0.23848701765139899,0.18517494370285562,0.8497551878293356,81.48250562971444,52.0,True,0.6974723835786184,UNRANKED,False,20,"5,10,20"
2023-03-02,2023-03-03,2023-03-06,GOOGL,XLK,91.72191687766424,90.76624529476106,1,SHORT,SHORT,0.2365095789233843,0.18151222834730044,0.8931523561477661,81.84877716526996,52.0,True,0.6448603272438049,UNRANKED,False,20,"5,10,20"
2023-03-03,2023-03-06,2023-03-07,GOOGL,XLK,93.2492875940104,92.2078954038946,1,SHORT,SHORT,0.23644194751977918,0.18885323792923403,0.9530595739682516,81.1146762070766,52.0,True,0.5070431133111318,UNRANKED,False,20,"5,10,20"
2023-03-06,2023-03-07,2023-03-08,GOOGL,XLK,94.2014439340196,93.05803747475622,1,SHORT,SHORT,0.20289270579814908,0.14734332802298492,0.9071349302927653,85.26566719770152,52.0,True,0.5120421399672827,UNRANKED,False,20,"5,10,20"
2023-03-07,2023-03-08,2023-03-09,GOOGL,XLK,93.3484777291188,96.41951747390463,1,SHORT,SHORT,0.25089292228221893,0.2013268717982816,0.8007857004801432,79.86731282017185,52.0,True,0.7660119285186132,UNRANKED,False,20,"5,10,20"
2023-03-08,2023-03-09,2023-03-10,GOOGL,XLK,93.27905456209557,96.01890229027984,1,SHORT,SHORT,0.2561307350794474,0.20117531446906237,0.7332144379615784,79.88246855309377,52.0,True,0.6668500552574793,UNRANKED,False,20,"5,10,20"
2023-03-09,2023-03-10,2023-03-13,GOOGL,XLK,91.4144621796178,90.28310144440572,1,SHORT,SHORT,0.23361451427141824,0.17403598522644104,0.6152929365634918,82.5964014773559,52.0,True,0.8859926760196685,UNRANKED,False,20,"5,10,20"
2023-03-10,2023-03-13,2023-03-14,GOOGL,XLK,89.35150093708918,88.18259322660509,1,SHORT,SHORT,0.251278355717659,0.17543878670010218,0.797327717145284,82.45612132998978,52.0,True,1.006957729657491,UNRANKED,False,20,"5,10,20"
2023-03-13,2023-03-14,2023-03-15,GOOGL,XLK,91.80125398569052,90.77970040118298,1,SHORT,SHORT,0.26673503220081324,0.20255448213942862,0.8163855075836182,79.74455178605714,52.0,True,0.6236138890186945,UNRANKED,False,20,"5,10,20"
2023-03-14,2023-03-15,2023-03-16,GOOGL,XLK,92.45585699442236,91.24160997206606,1,SHORT,SHORT,0.31499584515889484,0.2047335588854644,0.7293729384740194,79.52664411145356,52.0,True,0.6440560619036356,UNRANKED,False,20,"5,10,20"
2023-03-15,2023-03-16,2023-03-17,GOOGL,XLK,95.41141283511352,94.09940166132026,1,SHORT,SHORT,0.2609785993893941,0.18825694120454264,0.7566956082979838,81.17430587954574,52.0,True,0.694904034336408,UNRANKED,False,20,"5,10,20"
2023-03-16,2023-03-17,2023-03-20,GOOGL,XLK,99.43813510487313,97.95256011010471,1,SHORT,SHORT,0.22687010467052457,0.16994366678113207,0.9354766011238098,83.00563332188679,52.0,True,0.49652283390363056,UNRANKED,False,20,"5,10,20"
2023-03-17,2023-03-20,2023-03-21,GOOGL,XLK,99.29928500623464,97.77403824981724,1,SHORT,SHORT,0.2269850273927053,0.17423160505805876,0.9003010789553324,82.57683949419412,52.0,True,0.6605183581511181,UNRANKED,False,20,"5,10,20"
2023-03-20,2023-03-21,2023-03-22,GOOGL,XLK,100.4200298260466,98.87990575029325,1,SHORT,SHORT,0.27575165530045825,0.19708166715033326,0.9248469074567159,80.29183328496667,52.0,True,0.9345737844705582,UNRANKED,False,20,"5,10,20"
2023-03-21,2023-03-22,2023-03-23,GOOGL,XLK,103.415268082394,101.63427802676482,1,SHORT,SHORT,0.26043821871280665,0.19504572260634703,0.8891854484875997,80.4954277393653,52.0,True,0.8046671301126479,UNRANKED,False,20,"5,10,20"
2023-03-22,2023-03-23,2023-03-24,GOOGL,XLK,104.19878539495484,102.42417024341326,1,SHORT,SHORT,0.23741783698399857,0.17619128502161,0.8740874330202738,82.38087149783901,52.0,True,0.6828690717617669,UNRANKED,False,20,"5,10,20"
2023-03-23,2023-03-24,2023-03-27,GOOGL,XLK,104.12936781949888,108.66862595897294,1,SHORT,SHORT,0.203507920106252,0.16239509551263515,0.8600281476974487,83.76049044873648,52.0,True,0.8767240345478058,UNRANKED,False,20,"5,10,20"
2023-03-24,2023-03-27,2023-03-28,GOOGL,XLK,103.7624071449764,108.06788156252664,1,SHORT,SHORT,0.2153537794947624,0.16866697658840404,0.8617546359697977,83.13330234115959,52.0,True,0.40045884748299915,UNRANKED,False,20,"5,10,20"
2023-03-27,2023-03-28,2023-03-29,GOOGL,XLK,101.6002889477152,99.75695583963063,1,SHORT,SHORT,0.24317743380864462,0.1944121185194896,0.9217667579650879,80.55878814805104,52.0,True,0.4056745370229085,UNRANKED,False,20,"5,10,20"
2023-03-28,2023-03-29,2023-03-30,GOOGL,XLK,101.44157984306123,99.52456967198844,1,SHORT,SHORT,0.21100196739037833,0.16900667378136344,0.9682434995969137,83.09933262186365,52.0,True,0.506069223086039,UNRANKED,False,20,"5,10,20"
2023-03-29,2023-03-30,2023-03-31,GOOGL,XLK,100.08282857556009,98.27704298770432,1,SHORT,SHORT,0.1888175730903943,0.129577186372545,0.9414421717325845,87.0422813627455,52.0,True,0.5003135055303574,UNRANKED,False,20,"5,10,20"
2023-03-30,2023-03-31,2023-04-03,GOOGL,XLK,100.4696262399886,98.74814491674644,1,SHORT,SHORT,0.23233171800772343,0.19777930487264683,0.9432140986124674,80.22206951273532,52.0,True,0.7205435136953989,UNRANKED,False,20,"5,10,20"
2023-03-31,2023-04-03,2023-04-04,GOOGL,XLK,101.55069427340956,99.66202294336632,1,SHORT,SHORT,0.28722977638244623,0.23867213952831734,0.938029408454895,76.13278604716827,52.0,True,0.4792774170637131,UNRANKED,False,20,"5,10,20"
2023-04-03,2023-04-04,2023-04-05,GOOGL,XLK,103.47477744759011,101.74408581027843,1,SHORT,SHORT,0.27010524521271384,0.2134947462207635,0.7828167875607809,78.65052537792366,52.0,True,0.7255755414565405,UNRANKED,False,20,"5,10,20"
2023-04-04,2023-04-05,2023-04-06,GOOGL,XLK,104.91290680452715,103.30831761472524,1,SHORT,SHORT,0.22943212836980817,0.1744545404355012,0.832424541314443,82.55454595644987,52.0,True,0.46443214019139617,UNRANKED,False,20,"5,10,20"
2023-04-05,2023-04-06,2023-04-10,GOOGL,XLK,104.39715731293522,103.07310695457166,1,SHORT,SHORT,0.3143046845992406,0.23393437382144908,0.8568150401115417,76.60656261785509,52.0,True,0.49456070363521576,UNRANKED,False,20,"5,10,20"
2023-04-06,2023-04-10,2023-04-11,GOOGL,XLK,106.1030640296918,109.88252166693373,1,SHORT,SHORT,0.2900009751319885,0.22498370326124806,0.8458816806475321,77.5016296738752,52.0,True,0.3740323384602866,UNRANKED,False,20,"5,10,20"
2023-04-10,2023-04-11,2023-04-12,GOOGL,XLK,105.6765952509876,109.73588136854131,1,SHORT,SHORT,0.2804694026708603,0.22986495869214676,0.8245433370272318,77.01350413078532,52.0,True,0.4589887509743374,UNRANKED,False,20,"5,10,20"
2023-04-11,2023-04-12,2023-04-13,GOOGL,XLK,105.70633385627954,104.26752051050666,1,SHORT,SHORT,0.2744969551761945,0.22462955602590715,0.7874750892321268,77.53704439740929,52.0,True,0.5047372132539749,UNRANKED,False,20,"5,10,20"
2023-04-12,2023-04-13,2023-04-14,GOOGL,XLK,104.97239950361016,103.59309325535402,1,SHORT,SHORT,0.26288325587908423,0.2153366702005852,0.8313373128573099,78.46633297994148,52.0,True,0.3826587200164795,UNRANKED,False,20,"5,10,20"
2023-04-13,2023-04-14,2023-04-17,GOOGL,XLK,106.01379677904548,104.5948171342701,1,SHORT,SHORT,0.28917918105920154,0.22988129713152614,0.8765997290611267,77.01187028684738,52.0,True,0.42268699904282886,UNRANKED,False,20,"5,10,20"
2023-04-14,2023-04-17,2023-04-18,GOOGL,XLK,103.80208203407156,102.2924221306815,1,SHORT,SHORT,0.27778670936822886,0.21258568879528025,0.8915017445882162,78.74143112047197,52.0,True,0.4419959882895152,UNRANKED,False,20,"5,10,20"
2023-04-17,2023-04-18,2023-04-19,GOOGL,XLK,105.61706440974724,109.37704529266438,1,SHORT,SHORT,0.2542136634389559,0.20329526182575205,0.8908694982528687,79.67047381742479,52.0,True,0.5161786675453185,UNRANKED,False,20,"5,10,20"
2023-04-18,2023-04-19,2023-04-20,GOOGL,XLK,102.73093151613256,101.22410375298384,1,SHORT,SHORT,0.2988514999548594,0.22553453147709682,0.910394012928009,77.44654685229033,52.0,True,0.5358973145484923,UNRANKED,False,20,"5,10,20"
2023-04-19,2023-04-20,2023-04-21,GOOGL,XLK,103.05824041519185,101.55424588219796,1,SHORT,SHORT,0.2851727058490117,0.22811218512087508,0.8857092459996542,77.1887814879125,52.0,True,0.48168952763080597,UNRANKED,False,20,"5,10,20"
2023-04-20,2023-04-21,2023-04-24,GOOGL,XLK,104.60544996470482,103.05823927134544,1,SHORT,SHORT,0.27141162753105164,0.2169317246678417,0.8964267373085022,78.30682753321582,52.0,True,0.33055321872234344,UNRANKED,False,20,"5,10,20"
2023-04-21,2023-04-24,2023-04-25,GOOGL,XLK,104.62527258627792,108.01156708744632,1,SHORT,SHORT,0.2889964431524276,0.2358430436905541,0.9211580554644266,76.4156956309446,52.0,True,0.44457395374774933,UNRANKED,False,20,"5,10,20"
2023-04-24,2023-04-25,2023-04-26,GOOGL,XLK,104.96248334111876,108.3363773513901,1,SHORT,SHORT,0.28395726780096686,0.2262752097053274,0.931809683640798,77.37247902946726,52.0,True,0.49622007211049396,UNRANKED,False,20,"5,10,20"
2023-04-25,2023-04-26,2023-04-27,GOOGL,XLK,104.05993599383254,102.58569282977004,1,SHORT,SHORT,0.31532584130764,0.23187072376708504,0.8409005602200826,76.8129276232915,52.0,True,0.6152003010114034,UNRANKED,False,20,"5,10,20"
2023-04-26,2023-04-27,2023-04-28,GOOGL,XLK,103.59378617149903,102.1273342541232,1,SHORT,SHORT,0.33664395411809284,0.24103316859928245,0.8696123957633972,75.89668314007176,52.0,True,0.526249552766482,UNRANKED,False,20,"5,10,20"
2023-04-27,2023-04-28,2023-05-01,GOOGL,XLK,106.16256199648848,104.70106809564446,1,SHORT,SHORT,0.33729323744773865,0.2307130810432891,0.9086302717526754,76.92869189567108,52.0,True,0.4738552719354629,UNRANKED,False,20,"5,10,20"
2023-04-28,2023-05-01,2023-05-02,GOOGL,XLK,105.96420132305944,109.31154095318638,1,SHORT,SHORT,0.27070226768652594,0.21647547063087766,0.9524232745170593,78.35245293691223,52.0,True,0.4705755611260732,UNRANKED,False,20,"5,10,20"
2023-05-01,2023-05-02,2023-05-03,GOOGL,XLK,106.26175349764247,109.44084045530153,1,SHORT,SHORT,0.2538329735398292,0.19906863944585462,0.9399120807647705,80.09313605541453,52.0,True,0.47319745520750683,UNRANKED,False,20,"5,10,20"
2023-05-02,2023-05-03,2023-05-04,GOOGL,XLK,104.66495571554243,103.31043628020484,1,SHORT,SHORT,0.28487930695215863,0.2162430912286075,0.7988158663113912,78.37569087713925,52.0,True,0.8049136102199554,UNRANKED,False,20,"5,10,20"
2023-05-03,2023-05-04,2023-05-05,GOOGL,XLK,104.6252859253512,103.4620424953498,1,SHORT,SHORT,0.3057569861412048,0.21486393531434445,0.8277493715286255,78.51360646856556,52.0,True,0.802308758099874,UNRANKED,False,20,"5,10,20"
2023-05-04,2023-05-05,2023-05-08,GOOGL,XLK,103.9607606927562,102.848524669807,1,SHORT,SHORT,0.284996435046196,0.21635268247687,0.8821147084236145,78.364731752313,52.0,True,0.7981035411357881,UNRANKED,False,20,"5,10,20"
2023-05-05,2023-05-08,2023-05-09,GOOGL,XLK,104.31780842718317,103.3486769574566,1,SHORT,SHORT,0.28839507699012756,0.2007908054179125,0.903867244720459,79.92091945820874,52.0,True,0.5057405928770701,UNRANKED,False,20,"5,10,20"
2023-05-08,2023-05-09,2023-05-10,GOOGL,XLK,107.50149988087897,106.4806541951926,1,SHORT,SHORT,0.26483425994714094,0.19002344509264146,0.8885355591773987,80.99765549073585,52.0,True,0.6910633643468221,UNRANKED,False,20,"5,10,20"
2023-05-09,2023-05-10,2023-05-11,GOOGL,XLK,107.0849481613148,106.05701803784942,1,SHORT,SHORT,0.25003612041473383,0.1885452480769473,0.8399971922238668,81.14547519230527,52.0,True,0.6662400315205258,UNRANKED,False,20,"5,10,20"
2023-05-10,2023-05-11,2023-05-12,GOOGL,XLK,114.45403357017952,113.1930303483952,1,SHORT,SHORT,0.2734915763139724,0.19610789339018572,0.7840847770373026,80.38921066098142,52.0,True,0.6965994487206141,UNRANKED,False,20,"5,10,20"
2023-05-11,2023-05-12,2023-05-15,GOOGL,XLK,115.7235396119098,114.1295748989494,1,SHORT,SHORT,0.25232688585917157,0.19898306958391732,0.8576666712760925,80.10169304160827,52.0,True,0.3948228855927785,UNRANKED,False,20,"5,10,20"
2023-05-12,2023-05-15,2023-05-16,GOOGL,XLK,115.15820905774292,113.53732293626553,1,SHORT,SHORT,0.23481627802054084,0.19313766234160626,0.8983762264251709,80.68623376583938,52.0,True,0.3749177704254785,UNRANKED,False,20,"5,10,20"
2023-05-15,2023-05-16,2023-05-17,GOOGL,XLK,115.535101164742,113.9935596564761,1,SHORT,SHORT,0.30139067272345227,0.22420230539641617,0.9271469910939535,77.57976946035838,52.0,True,0.3115084916353225,UNRANKED,False,20,"5,10,20"
2023-05-16,2023-05-17,2023-05-18,GOOGL,XLK,118.62953592633984,116.88538276733452,1,SHORT,SHORT,0.2595032230019569,0.21487526263276482,0.8931005795796713,78.51247373672352,52.0,True,0.3050459623336792,UNRANKED,False,20,"5,10,20"
2023-05-17,2023-05-18,2023-05-19,GOOGL,XLK,119.95854133598478,118.39503752564715,1,SHORT,SHORT,0.23609886815150574,0.1840876864062415,0.881856362024943,81.59123135937585,52.0,True,0.3455760031938553,UNRANKED,False,20,"5,10,20"
2023-05-18,2023-05-19,2023-05-22,GOOGL,XLK,122.53722528891174,120.85045444104622,1,SHORT,SHORT,0.22611620525519047,0.17356338264705895,0.9268547296524048,82.6436617352941,52.0,True,0.44211781024932856,UNRANKED,False,20,"5,10,20"
2023-05-19,2023-05-22,2023-05-23,GOOGL,XLK,121.9322210212038,120.2504081898701,1,SHORT,SHORT,0.2266584659616152,0.17604845923346438,0.912940243879954,82.39515407665357,52.0,True,0.4019148200750351,UNRANKED,False,20,"5,10,20"
2023-05-22,2023-05-23,2023-05-24,GOOGL,XLK,123.14222636559452,127.4193739311637,1,SHORT,SHORT,0.24830228090286252,0.20437746857099484,0.8982925812403361,79.56225314290052,52.0,True,0.4325420310099921,UNRANKED,False,20,"5,10,20"
2023-05-23,2023-05-24,2023-05-25,GOOGL,XLK,120.12715625884692,118.24627454062008,1,SHORT,SHORT,0.2456851427753766,0.20885722229623382,0.8750680287679037,79.11427777037662,52.0,True,0.5164551039536794,UNRANKED,False,20,"5,10,20"
2023-05-24,2023-05-25,2023-05-26,GOOGL,XLK,123.49927213144792,121.55179887792532,1,SHORT,SHORT,0.25377036134401953,0.21364616065293043,0.9115060369173685,78.63538393470697,52.0,True,0.74323437611262,UNRANKED,False,20,"5,10,20"
2023-05-25,2023-05-26,2023-05-30,GOOGL,XLK,122.16035584955227,120.09244824369988,1,SHORT,SHORT,0.2535538425048192,0.20843407957531337,0.8844477931658427,79.15659204246866,52.0,True,0.36967244744300837,UNRANKED,False,20,"5,10,20"
2023-05-26,2023-05-30,2023-05-31,GOOGL,XLK,124.61011047029687,129.59037758629856,1,SHORT,SHORT,0.24840154002110157,0.19303641885264608,0.9019889434178671,80.69635811473539,52.0,True,0.340475266178449,UNRANKED,False,20,"5,10,20"
2023-05-30,2023-05-31,2023-06-01,GOOGL,XLK,121.74378917189809,119.71484324904652,1,SHORT,SHORT,0.23609889795382813,0.17332904360610055,0.9312749107678732,82.66709563938994,52.0,True,0.38442727426687867,UNRANKED,False,20,"5,10,20"
2023-05-31,2023-06-01,2023-06-02,GOOGL,XLK,121.81320947582672,120.03929840840904,1,SHORT,SHORT,0.27335976809263224,0.2055282464642195,0.8520797491073608,79.44717535357805,52.0,True,0.48417076965173095,UNRANKED,False,20,"5,10,20"
2023-06-01,2023-06-02,2023-06-05,GOOGL,XLK,122.97362222070808,121.48095788354986,1,SHORT,SHORT,0.22600557158390677,0.17705390506203278,0.839508851369222,82.29460949379673,52.0,True,0.4772337079048157,UNRANKED,False,20,"5,10,20"
2023-06-02,2023-06-05,2023-06-06,GOOGL,XLK,122.9934605496602,121.50008776872411,1,SHORT,SHORT,0.24380200356245038,0.1921343047442924,0.8720596035321554,80.78656952557075,52.0,True,0.30163867274920125,UNRANKED,False,20,"5,10,20"
2023-06-05,2023-06-06,2023-06-07,GOOGL,XLK,124.97707929168564,128.7707276027557,1,SHORT,SHORT,0.24397042393684384,0.1887956699930573,0.9059479037920634,81.12043300069428,52.0,True,0.06901120146115614,UNRANKED,False,20,"5,10,20"
2023-06-06,2023-06-07,2023-06-08,GOOGL,XLK,125.92920166945692,129.4217668244862,1,SHORT,SHORT,0.23220569640398023,0.18688427380776293,0.9042175014813741,81.31157261922371,52.0,True,0.18586240708827964,UNRANKED,False,20,"5,10,20"
2023-06-07,2023-06-08,2023-06-09,GOOGL,XLK,121.22806013248872,119.58449999542118,1,SHORT,SHORT,0.2593219876289367,0.20965899146162648,0.832692007223765,79.03410085383736,52.0,True,0.4851473420858383,UNRANKED,False,20,"5,10,20"
2023-06-08,2023-06-09,2023-06-12,GOOGL,XLK,121.2478905876319,119.71980460653536,1,SHORT,SHORT,0.2508269449075063,0.19718315578356724,0.883336623509725,80.28168442164328,52.0,True,0.3920037796099982,UNRANKED,False,20,"5,10,20"
2023-06-09,2023-06-12,2023-06-13,GOOGL,XLK,121.78344177916549,120.25393945546988,1,SHORT,SHORT,0.23416121800740555,0.18773602833577904,0.8363123536109924,81.22639716642209,52.0,True,0.31127857665220904,UNRANKED,False,20,"5,10,20"
2023-06-12,2023-06-13,2023-06-14,GOOGL,XLK,123.95550842884325,122.48834970255976,1,SHORT,SHORT,0.25785903632640833,0.20801785301927447,0.8781106869379679,79.19821469807256,52.0,True,0.5032131373882294,UNRANKED,False,20,"5,10,20"
2023-06-13,2023-06-14,2023-06-15,GOOGL,XLK,122.0909303030245,120.78670928600442,1,SHORT,SHORT,0.2750739157199859,0.2183939060770417,0.8656057715415955,78.16060939229584,52.0,True,0.5287487308184305,UNRANKED,False,20,"5,10,20"
2023-06-14,2023-06-15,2023-06-16,GOOGL,XLK,122.13059332494936,120.93263669478756,1,SHORT,SHORT,0.2806521902481715,0.21480654092659004,0.9088922540346781,78.519345907341,52.0,True,0.3226316670576731,UNRANKED,False,20,"5,10,20"
2023-06-15,2023-06-16,2023-06-20,GOOGL,XLK,124.8977309595371,127.68717656413392,1,SHORT,SHORT,0.2919732332229614,0.22351712286770656,0.9140528043111166,77.64828771322935,52.0,True,0.4915549357732137,UNRANKED,False,20,"5,10,20"
2023-06-16,2023-06-20,2023-06-21,GOOGL,XLK,121.9223072208865,124.78790508204024,1,SHORT,SHORT,0.28185005982716876,0.21237720350722789,0.9381687045097351,78.76227964927722,52.0,True,0.6589377423127493,UNRANKED,False,20,"5,10,20"
2023-06-20,2023-06-21,2023-06-22,GOOGL,XLK,121.39666224993184,120.2865521032731,1,SHORT,SHORT,0.28550684948762256,0.22885915752811412,0.903492788473765,77.11408424718859,52.0,True,0.6411263843377432,UNRANKED,False,20,"5,10,20"
2023-06-21,2023-06-22,2023-06-23,GOOGL,XLK,119.01633780765464,117.78225381456032,1,SHORT,SHORT,0.26975287000338233,0.20292266619234725,0.9061284859975179,79.70773338076528,52.0,True,0.5937132636706034,UNRANKED,False,20,"5,10,20"
2023-06-22,2023-06-23,2023-06-26,GOOGL,XLK,120.38500565741582,123.78015570580796,1,SHORT,SHORT,0.29270072281360626,0.23906723885031847,0.9112364053726196,76.09327611496816,52.0,True,0.5370915333429972,UNRANKED,False,20,"5,10,20"
2023-06-23,2023-06-26,2023-06-27,GOOGL,XLK,119.77010249354858,123.14046109688982,1,SHORT,SHORT,0.30489971240361524,0.23983205473982472,0.9095885952313741,76.01679452601753,52.0,True,0.6213407963514329,UNRANKED,False,20,"5,10,20"
2023-06-26,2023-06-27,2023-06-28,GOOGL,XLK,116.1202700370029,114.58368491039856,1,SHORT,SHORT,0.2956947435935338,0.23362608866456328,0.8027397990226746,76.63739113354367,52.0,True,0.5975003192822139,UNRANKED,False,20,"5,10,20"
2023-06-27,2023-06-28,2023-06-29,GOOGL,XLK,116.1301803056411,114.68498388142932,1,SHORT,SHORT,0.3247871994972229,0.2393917560232428,0.8136808077494303,76.06082439767572,52.0,True,0.6390367100636165,UNRANKED,False,20,"5,10,20"
2023-06-28,2023-06-29,2023-06-30,GOOGL,XLK,118.26254714068196,117.0270468049886,1,SHORT,SHORT,0.27036336809396744,0.22015957009847845,0.8860318064689636,77.98404299015216,52.0,True,0.37008963525295274,UNRANKED,False,20,"5,10,20"
2023-06-29,2023-06-30,2023-07-03,GOOGL,XLK,119.184928998666,117.89842071096372,1,SHORT,SHORT,0.26573325693607325,0.2173025650627031,0.8448099493980408,78.26974349372969,52.0,True,0.5619848867257436,UNRANKED,False,20,"5,10,20"
2023-06-30,2023-07-03,2023-07-05,GOOGL,XLK,118.26255136387672,116.9399129884582,1,SHORT,SHORT,0.2562945981820424,0.21857131966727303,0.8939503033955892,78.14286803327269,52.0,True,0.46408707400163024,UNRANKED,False,20,"5,10,20"
2023-07-03,2023-07-05,2023-07-06,GOOGL,XLK,118.26254917337135,117.02562868038169,1,SHORT,SHORT,0.334949051340421,0.24316417372750712,0.8978362679481506,75.6835826272493,52.0,True,0.6956709722677868,UNRANKED,False,20,"5,10,20"
2023-07-05,2023-07-06,2023-07-07,GOOGL,XLK,118.81797842897954,117.46346008355545,1,SHORT,SHORT,0.3284873714049657,0.2386579028423943,0.8917085528373718,76.13420971576058,52.0,True,0.587703694899877,UNRANKED,False,20,"5,10,20"
2023-07-06,2023-07-07,2023-07-10,GOOGL,XLK,119.1155079508008,122.7639225626172,1,SHORT,SHORT,0.28209241479635233,0.22403743244067173,0.8953929344813029,77.59625675593283,52.0,True,0.5872961779435475,UNRANKED,False,20,"5,10,20"
2023-07-07,2023-07-10,2023-07-11,GOOGL,XLK,117.33026342725442,115.9268624611551,1,SHORT,SHORT,0.30999533335367835,0.22875468234519478,0.8930247028668722,77.12453176548053,52.0,True,0.6808147430419923,UNRANKED,False,20,"5,10,20"
2023-07-10,2023-07-11,2023-07-12,GOOGL,XLK,115.33674061449469,113.82919895800056,1,SHORT,SHORT,0.3015599896510442,0.23294021881150676,0.733076016108195,76.70597811884933,52.0,True,0.5026157548030218,UNRANKED,False,20,"5,10,20"
2023-07-11,2023-07-12,2023-07-13,GOOGL,XLK,117.82617700118566,116.30021689637957,1,SHORT,SHORT,0.2790880153576533,0.22753257044737016,0.7796163757642111,77.24674295526299,52.0,True,0.5900404651959739,UNRANKED,False,20,"5,10,20"
2023-07-12,2023-07-13,2023-07-14,GOOGL,XLK,119.93871802592176,118.46659692345246,1,SHORT,SHORT,0.2986052582661311,0.22421635496871276,0.8056915402412415,77.57836450312873,52.0,True,0.5062429606914519,UNRANKED,False,20,"5,10,20"
2023-07-13,2023-07-14,2023-07-17,GOOGL,XLK,123.7769938382548,122.09163497333434,1,SHORT,SHORT,0.25740337868531543,0.20531725999279002,0.8927308122316996,79.468274000721,52.0,True,0.5747488985459009,UNRANKED,False,20,"5,10,20"
2023-07-14,2023-07-17,2023-07-18,GOOGL,XLK,124.9076384065508,129.13342788539777,1,SHORT,SHORT,0.24671832720438636,0.19292868662461113,0.8828569451967875,80.70713133753888,52.0,True,0.4844781855742137,UNRANKED,False,20,"5,10,20"
2023-07-17,2023-07-18,2023-07-19,GOOGL,XLK,123.57861693621366,127.23235168832372,1,SHORT,SHORT,0.2568424418568611,0.21025340150027386,0.7850943803787231,78.97465984997261,52.0,True,0.5789214173952738,UNRANKED,False,20,"5,10,20"
2023-07-18,2023-07-19,2023-07-20,GOOGL,XLK,123.57863426859592,127.38822528945252,1,SHORT,SHORT,0.24930457274119058,0.20464647203911257,0.812970757484436,79.53535279608874,52.0,True,0.49684155484040576,UNRANKED,False,20,"5,10,20"
2023-07-19,2023-07-20,2023-07-21,GOOGL,XLK,120.42468845421088,118.9093539161598,1,SHORT,SHORT,0.28047168751557666,0.22340822629163115,0.8096554279327393,77.65917737083689,52.0,True,0.4730771531661351,UNRANKED,False,20,"5,10,20"
2023-07-20,2023-07-21,2023-07-24,GOOGL,XLK,119.6312510365837,117.99194101722684,1,SHORT,SHORT,0.2918455302715301,0.2289561670226797,0.7693582971890768,77.10438329773203,52.0,True,0.4919042835632959,UNRANKED,False,20,"5,10,20"
2023-07-21,2023-07-24,2023-07-25,GOOGL,XLK,120.6627297925078,119.00783455499383,1,SHORT,SHORT,0.3078315953413645,0.23784872091340495,0.7819944222768148,76.21512790865951,52.0,True,0.3638610690832138,UNRANKED,False,20,"5,10,20"
2023-07-24,2023-07-25,2023-07-26,GOOGL,XLK,120.36519055392536,118.61749081637652,1,SHORT,SHORT,0.3550140708684921,0.25519712933036287,0.7371149659156799,74.48028706696371,52.0,True,0.3553923616806667,UNRANKED,False,20,"5,10,20"
2023-07-25,2023-07-26,2023-07-27,GOOGL,XLK,129.00378761340536,127.33897361804404,1,SHORT,SHORT,0.3532327761252721,0.24818835822872917,0.7803830504417419,75.18116417712707,52.0,True,0.5250123143196106,UNRANKED,False,20,"5,10,20"
2023-07-26,2023-07-27,2023-07-28,GOOGL,XLK,130.59067581926217,128.54189183575912,1,SHORT,SHORT,0.3028000642855962,0.23490622937977626,0.8077216943105062,76.50937706202238,52.0,True,0.2703538735707602,UNRANKED,False,20,"5,10,20"
2023-07-27,2023-07-28,2023-07-31,GOOGL,XLK,129.7079618698937,127.69459953032896,1,SHORT,SHORT,0.2819900661706924,0.22729211279046843,0.8836596608161926,77.27078872095315,52.0,True,0.409077281753222,UNRANKED,False,20,"5,10,20"
2023-07-28,2023-07-31,2023-08-01,GOOGL,XLK,131.64196213896054,129.6179742326408,1,SHORT,SHORT,0.25138312081495917,0.18768630728512226,0.8578689098358154,81.23136927148778,52.0,True,0.39735197027524305,UNRANKED,False,20,"5,10,20"
2023-07-31,2023-08-01,2023-08-02,GOOGL,XLK,129.70797201734953,134.67052940129554,1,SHORT,SHORT,0.2701344167192777,0.2242581742212761,0.8895597656567892,77.57418257787239,52.0,True,0.5329796274503072,UNRANKED,False,20,"5,10,20"
2023-08-01,2023-08-02,2023-08-03,GOOGL,XLK,128.38885774863965,126.44775994416142,1,SHORT,SHORT,0.24904576192299518,0.1991346642694404,0.8569098711013794,80.08653357305596,52.0,True,0.5960946132739385,UNRANKED,False,20,"5,10,20"
2023-08-02,2023-08-03,2023-08-04,GOOGL,XLK,126.9209955105974,125.15275417322994,1,SHORT,SHORT,0.2824685474236806,0.22289939974719386,0.8550131916999817,77.71006002528061,52.0,True,0.9911281615495682,UNRANKED,False,20,"5,10,20"
2023-08-03,2023-08-04,2023-08-07,GOOGL,XLK,128.22025231793552,126.5093938366646,1,SHORT,SHORT,0.2639606669545173,0.2148763250963209,0.9025044043858846,78.51236749036791,52.0,True,0.9413726429144541,UNRANKED,False,20,"5,10,20"
2023-08-04,2023-08-07,2023-08-08,GOOGL,XLK,128.10124510100812,126.42084970218696,1,SHORT,SHORT,0.2589579398433367,0.2038730079431805,0.8822370370229086,79.61269920568195,52.0,True,0.6608096808195113,UNRANKED,False,20,"5,10,20"
2023-08-07,2023-08-08,2023-08-09,GOOGL,XLK,129.54930137464623,127.68967296975644,1,SHORT,SHORT,0.2678867330153783,0.21631884690685252,0.9267501831054688,78.36811530931475,52.0,True,0.7994340260823568,UNRANKED,False,20,"5,10,20"
2023-08-08,2023-08-09,2023-08-10,GOOGL,XLK,130.58074278541653,134.94643901126406,1,SHORT,SHORT,0.3249482611815135,0.22609424758089183,0.8490685621897379,77.39057524191082,52.0,True,0.8978128532568613,UNRANKED,False,20,"5,10,20"
2023-08-09,2023-08-10,2023-08-11,GOOGL,XLK,130.2435507528464,134.4162028611751,1,SHORT,SHORT,0.269926277299722,0.2171884074309938,0.8416658441225687,78.28115925690062,52.0,True,0.6694781531890234,UNRANKED,False,20,"5,10,20"
2023-08-10,2023-08-11,2023-08-14,GOOGL,XLK,127.60533894622364,125.9922429815194,1,SHORT,SHORT,0.2776899536450704,0.2226825666086195,0.8517016569773356,77.73174333913805,52.0,True,0.6900599698225657,UNRANKED,False,20,"5,10,20"
2023-08-11,2023-08-14,2023-08-15,GOOGL,XLK,128.32937892208105,126.8140454739435,1,SHORT,SHORT,0.24975278973579407,0.20253579526215285,0.8925772905349731,79.74642047378472,52.0,True,0.6816691805919012,UNRANKED,False,20,"5,10,20"
2023-08-14,2023-08-15,2023-08-16,GOOGL,XLK,130.02535827661376,134.00674418882775,1,SHORT,SHORT,0.2839280466238658,0.210989011330409,0.8851675391197205,78.9010988669591,52.0,True,0.5715353637933732,UNRANKED,False,20,"5,10,20"
2023-08-15,2023-08-16,2023-08-17,GOOGL,XLK,127.64501190185548,126.44280133928572,1,SHORT,SHORT,0.31516015529632563,0.24788952172100856,0.8578879237174988,75.21104782789915,52.0,True,0.7145811865727106,UNRANKED,False,20,"5,10,20"
2023-08-16,2023-08-17,2023-08-18,GOOGL,XLK,128.73599949955613,131.9097799408403,1,SHORT,SHORT,0.3230066498120625,0.23402987222175117,0.8136342962582906,76.59701277782489,52.0,True,0.7402712901433309,UNRANKED,False,20,"5,10,20"
2023-08-17,2023-08-18,2023-08-21,GOOGL,XLK,127.45657242122108,126.3259125003924,1,SHORT,SHORT,0.3429834842681885,0.2346100426528116,0.8175794084866842,76.53899573471884,52.0,True,0.7673008243242899,UNRANKED,False,20,"5,10,20"
2023-08-18,2023-08-21,2023-08-22,GOOGL,XLK,126.13747078000075,124.84245462748264,1,SHORT,SHORT,0.3045534441868463,0.22590193073225726,0.7947792410850525,77.40980692677427,52.0,True,0.4756039132674536,UNRANKED,False,20,"5,10,20"
2023-08-21,2023-08-22,2023-08-23,GOOGL,XLK,127.45654635875188,126.17994865454568,1,SHORT,SHORT,0.31502437591552734,0.23437602619628428,0.8293381929397583,76.56239738037158,52.0,True,0.5848389069239298,UNRANKED,False,20,"5,10,20"
2023-08-22,2023-08-23,2023-08-24,GOOGL,XLK,129.11287688798097,128.01055471826837,1,SHORT,SHORT,0.2746659765640894,0.22210873994495073,0.7471898198127747,77.78912600550493,52.0,True,0.608332633972168,UNRANKED,False,20,"5,10,20"
2023-08-23,2023-08-24,2023-08-25,GOOGL,XLK,132.85198728819475,136.17808314172785,1,SHORT,SHORT,0.28848482668399805,0.2161505748858086,0.879225472609202,78.38494251141914,52.0,True,0.5853456258773805,UNRANKED,False,20,"5,10,20"
2023-08-24,2023-08-25,2023-08-28,GOOGL,XLK,128.47811371877063,126.98827934202676,1,SHORT,SHORT,0.3176507254441579,0.22764428651856852,0.8239266276359558,77.23557134814315,52.0,True,0.6572701434294382,UNRANKED,False,20,"5,10,20"
2023-08-25,2023-08-28,2023-08-29,GOOGL,XLK,130.23362480291482,128.97899049069383,1,SHORT,SHORT,0.2877626419067383,0.21793991522518272,0.8976974288622538,78.20600847748173,52.0,True,0.4045713245868683,UNRANKED,False,20,"5,10,20"
2023-08-28,2023-08-29,2023-08-30,GOOGL,XLK,131.15600145683445,129.83052167690977,1,SHORT,SHORT,0.2935564517974853,0.24126977102811475,0.8646262884140015,75.87302289718852,52.0,True,0.43505048255125683,UNRANKED,False,20,"5,10,20"
2023-08-29,2023-08-30,2023-08-31,GOOGL,XLK,133.67518514236738,132.22077295451862,1,SHORT,SHORT,0.27679302791754407,0.210332675894394,0.8637868563334147,78.96673241056061,52.0,True,0.23136645058790842,UNRANKED,False,20,"5,10,20"
2023-08-30,2023-08-31,2023-09-01,GOOGL,XLK,134.8950799084139,133.3499890968207,1,SHORT,SHORT,0.25274227062861127,0.2092251741142518,0.8509077628453573,79.07748258857482,52.0,True,0.2612135360638301,UNRANKED,False,20,"5,10,20"
2023-08-31,2023-09-01,2023-09-05,GOOGL,XLK,136.3332062668677,140.22426287261547,1,SHORT,SHORT,0.21161524951457975,0.17382818847639944,0.8634159564971924,82.61718115236005,52.0,True,0.17647626002629602,UNRANKED,False,20,"5,10,20"
2023-09-01,2023-09-05,2023-09-06,GOOGL,XLK,134.3297620041587,132.86260436778872,1,SHORT,SHORT,0.2699347337086995,0.21698123332424143,0.9076943000157675,78.30187666757585,52.0,True,0.5058293590943018,UNRANKED,False,20,"5,10,20"
2023-09-05,2023-09-06,2023-09-07,GOOGL,XLK,134.9050132008134,133.5398703785478,1,SHORT,SHORT,0.2718104471762975,0.21528056673238125,0.8145648837089539,78.47194332676187,52.0,True,0.529744471112887,UNRANKED,False,20,"5,10,20"
2023-09-06,2023-09-07,2023-09-08,GOOGL,XLK,132.4949060690644,131.1134706747773,1,SHORT,SHORT,0.24689612040917075,0.1985297716208274,0.852899432182312,80.14702283791726,52.0,True,0.49982401728630066,UNRANKED,False,20,"5,10,20"
2023-09-07,2023-09-08,2023-09-11,GOOGL,XLK,133.80410329196144,132.45242417121645,1,SHORT,SHORT,0.2728342264890671,0.21485553300940174,0.8494147658348083,78.51444669905983,52.0,True,0.48623348275820405,UNRANKED,False,20,"5,10,20"
2023-09-08,2023-09-11,2023-09-12,GOOGL,XLK,135.4207328151726,134.1639813459692,1,SHORT,SHORT,0.23647613823413846,0.20235141822764766,0.7947583397229513,79.76485817723523,52.0,True,0.47095970312754304,UNRANKED,False,20,"5,10,20"
2023-09-11,2023-09-12,2023-09-13,GOOGL,XLK,135.14301687903506,133.9124767397005,1,SHORT,SHORT,0.27171750863393146,0.2228510218546325,0.684553841749827,77.71489781453676,52.0,True,0.5819337069988251,UNRANKED,False,20,"5,10,20"
2023-09-12,2023-09-13,2023-09-14,GOOGL,XLK,133.9826247837674,132.69044949079864,1,SHORT,SHORT,0.2522566790382067,0.19805537829542053,0.6737099687258402,80.19446217045795,52.0,True,0.4817091127236685,UNRANKED,False,20,"5,10,20"
2023-09-13,2023-09-14,2023-09-15,GOOGL,XLK,136.47207040513118,135.31591304777905,1,SHORT,SHORT,0.2584509948889414,0.2143859138992378,0.7075789372126261,78.56140861007623,52.0,True,0.5740382423003515,UNRANKED,False,20,"5,10,20"
2023-09-14,2023-09-15,2023-09-18,GOOGL,XLK,136.84894433199983,135.7777969582554,1,SHORT,SHORT,0.28094173471132916,0.21994087398350556,0.8016399343808492,78.00591260164944,52.0,True,0.6030709842840829,UNRANKED,False,20,"5,10,20"
2023-09-15,2023-09-18,2023-09-19,GOOGL,XLK,135.49018160432044,134.3765265139884,1,SHORT,SHORT,0.30512396494547517,0.2479055535451887,0.7763487696647644,75.20944464548113,52.0,True,0.5036671708027524,UNRANKED,False,20,"5,10,20"
2023-09-18,2023-09-19,2023-09-20,GOOGL,XLK,136.2935192027612,139.0209841511429,1,SHORT,SHORT,0.34124614795049024,0.24794869995966895,0.7483967542648315,75.20513000403311,52.0,True,0.503446991244952,UNRANKED,False,20,"5,10,20"
2023-09-19,2023-09-20,2023-09-21,GOOGL,XLK,136.9481276445737,139.0752028398862,1,SHORT,SHORT,0.2993126064538955,0.2304395420677026,0.7838503122329712,76.95604579322975,52.0,True,0.5278913478056589,UNRANKED,False,20,"5,10,20"
2023-09-20,2023-09-21,2023-09-22,GOOGL,XLK,130.36257622016777,133.01919679075928,1,SHORT,SHORT,0.2930050790309906,0.22452573390831002,0.7015386819839478,77.54742660916901,52.0,True,0.5832844873269399,UNRANKED,False,20,"5,10,20"
2023-09-21,2023-09-22,2023-09-25,GOOGL,XLK,129.68812598105728,128.41223944541275,1,SHORT,SHORT,0.3058261473973592,0.2279173227178326,0.8367120226224264,77.20826772821674,52.0,True,0.5647797634204229,UNRANKED,False,20,"5,10,20"
2023-09-22,2023-09-25,2023-09-26,GOOGL,XLK,128.76577182393018,127.5125533093515,1,SHORT,SHORT,0.2941233863433202,0.22953564226925685,0.6925893028577169,77.04643577307432,52.0,True,0.7946320126454035,UNRANKED,False,20,"5,10,20"
2023-09-25,2023-09-26,2023-09-27,GOOGL,XLK,128.70623529835885,127.39988350043753,1,SHORT,SHORT,0.27565798411766684,0.22310688472643833,0.7717583378156027,77.68931152735617,52.0,True,0.6303541411956151,UNRANKED,False,20,"5,10,20"
2023-09-26,2023-09-27,2023-09-28,GOOGL,XLK,127.51608742320651,126.12259649564652,1,SHORT,SHORT,0.2507632027069727,0.20621861466544197,0.6962829430898031,79.3781385334558,52.0,True,0.7449721644322076,UNRANKED,False,20,"5,10,20"
2023-09-27,2023-09-28,2023-09-29,GOOGL,XLK,128.77564913871086,127.2992697441796,1,SHORT,SHORT,0.2483229686816533,0.2066284164664877,0.764503558476766,79.33715835335123,52.0,True,0.5533472249905268,UNRANKED,False,20,"5,10,20"
2023-09-28,2023-09-29,2023-10-02,GOOGL,XLK,132.18745302372233,130.66502805336796,1,SHORT,SHORT,0.2821655571460724,0.23188698777143632,0.8449729283650717,76.81130122285637,52.0,True,0.6372064252694448,UNRANKED,False,20,"5,10,20"
2023-09-29,2023-10-02,2023-10-03,GOOGL,XLK,130.1344474612235,128.5475551969936,1,SHORT,SHORT,0.2440591702858607,0.19215591383491423,0.9173025886217753,80.78440861650857,52.0,True,0.5710670749346415,UNRANKED,False,20,"5,10,20"
2023-10-02,2023-10-03,2023-10-04,GOOGL,XLK,132.8420685488848,131.1326176909049,1,SHORT,SHORT,0.27536965658267337,0.21383424657597905,0.9201663931210836,78.6165753424021,52.0,True,0.29346697032451624,UNRANKED,False,20,"5,10,20"
2023-10-03,2023-10-04,2023-10-05,GOOGL,XLK,131.70149484137792,129.96583374344266,1,SHORT,SHORT,0.3276406352718671,0.23797007776156406,0.8597116867701212,76.2029922238436,52.0,True,0.6653733104467393,UNRANKED,False,20,"5,10,20"
2023-10-04,2023-10-05,2023-10-06,GOOGL,XLK,133.9628143310547,132.12655530657088,1,SHORT,SHORT,0.31386186182498926,0.22447571532781266,0.8694882988929749,77.55242846721873,52.0,True,0.5220125317573547,UNRANKED,False,20,"5,10,20"
2023-10-05,2023-10-06,2023-10-09,GOOGL,XLK,132.91148163496393,131.11277013070892,1,SHORT,SHORT,0.2974430720011393,0.21937018690521284,0.788929303487142,78.06298130947872,52.0,True,0.5803417563438416,UNRANKED,False,20,"5,10,20"
2023-10-06,2023-10-09,2023-10-10,GOOGL,XLK,135.8174754746164,133.89833288777209,1,SHORT,SHORT,0.22107250740130738,0.18665696888237684,0.7440078059832255,81.33430311176232,52.0,True,0.48520274957021076,UNRANKED,False,20,"5,10,20"
2023-10-09,2023-10-10,2023-10-11,GOOGL,XLK,137.36469462527216,135.39808957504894,1,SHORT,SHORT,0.2613217358787854,0.20723729500913513,0.6648310124874115,79.2762704990865,52.0,True,0.678770124912262,UNRANKED,False,20,"5,10,20"
2023-10-10,2023-10-11,2023-10-12,GOOGL,XLK,137.4440053444022,135.75652060319126,1,SHORT,SHORT,0.2475960006316503,0.19673341004634373,0.7689624230066935,80.32665899536563,52.0,True,0.4656433761119842,UNRANKED,False,20,"5,10,20"
2023-10-11,2023-10-12,2023-10-13,GOOGL,XLK,139.89377728823808,143.96902927624032,1,SHORT,SHORT,0.2182154655456542,0.17540454258748803,0.7993720571200053,82.45954574125119,52.0,True,0.3755944818258286,UNRANKED,False,20,"5,10,20"
2023-10-12,2023-10-13,2023-10-16,GOOGL,XLK,138.23746980650327,136.50889968582806,1,SHORT,SHORT,0.25642225146293635,0.2096236982964368,0.8183967073758444,79.03763017035632,52.0,True,0.5284205675125121,UNRANKED,False,20,"5,10,20"
2023-10-13,2023-10-16,2023-10-17,GOOGL,XLK,137.03739334313434,135.2556921189435,1,SHORT,SHORT,0.2656984130541483,0.2077026952852891,0.7251965204874674,79.2297304714711,52.0,True,0.7901316632827121,UNRANKED,False,20,"5,10,20"
2023-10-16,2023-10-17,2023-10-18,GOOGL,XLK,137.49361518669917,135.76858891978372,1,SHORT,SHORT,0.3145043005545934,0.22262203888622398,0.8181832234064738,77.7377961113776,52.0,True,0.7105269034703573,UNRANKED,False,20,"5,10,20"
2023-10-17,2023-10-18,2023-10-19,GOOGL,XLK,138.30689326315832,142.380360517797,1,SHORT,SHORT,0.2875259816646576,0.21937995453973927,0.7625148693720499,78.06200454602607,52.0,True,0.7877919673919678,UNRANKED,False,20,"5,10,20"
2023-10-18,2023-10-19,2023-10-20,GOOGL,XLK,137.36468644323884,141.43638258843276,1,SHORT,SHORT,0.26970114310582477,0.20934285136093148,0.6445969740549723,79.06571486390686,52.0,True,0.702384372552236,UNRANKED,False,20,"5,10,20"
2023-10-19,2023-10-20,2023-10-23,GOOGL,XLK,136.2042789444492,134.66344533500444,1,SHORT,SHORT,0.27100412547588343,0.2079809139992456,0.7477782766024271,79.20190860007544,52.0,True,0.7765298634767532,UNRANKED,False,20,"5,10,20"
2023-10-20,2023-10-23,2023-10-24,GOOGL,XLK,133.9330343496389,132.47438021843075,1,SHORT,SHORT,0.2832121153672536,0.19871807595438506,0.6291143695513407,80.12819240456149,52.0,True,1.0003262956937153,UNRANKED,False,20,"5,10,20"
2023-10-23,2023-10-24,2023-10-25,GOOGL,XLK,136.70018711343607,140.19804924809708,1,SHORT,SHORT,0.28517364462216693,0.21682730726430263,0.5886314610640208,78.31726927356974,52.0,True,0.6724799374739328,UNRANKED,False,20,"5,10,20"
2023-10-24,2023-10-25,2023-10-26,GOOGL,XLK,127.10945300008548,130.51875966250876,1,SHORT,SHORT,0.28726867338021594,0.20539831316995097,0.7816085616747538,79.46016868300491,52.0,True,0.5642859935760499,UNRANKED,False,20,"5,10,20"
2023-10-25,2023-10-26,2023-10-27,GOOGL,XLK,122.25951622711597,119.97270875815668,1,SHORT,SHORT,0.2817431539297104,0.21164505875634623,0.8607897758483887,78.83549412436538,52.0,True,0.6226316442092259,UNRANKED,False,20,"5,10,20"
2023-10-26,2023-10-27,2023-10-30,GOOGL,XLK,121.87272000373476,119.52781905507406,1,SHORT,SHORT,0.2868406474590301,0.21201752654713232,0.839432418346405,78.79824734528677,52.0,True,0.4925067623456319,UNRANKED,False,20,"5,10,20"
2023-10-27,2023-10-30,2023-10-31,GOOGL,XLK,122.20000497432292,119.90681987649228,1,SHORT,SHORT,0.22450849662224448,0.17835332463173317,0.7358229358990988,82.16466753682668,52.0,True,0.26261565585931135,UNRANKED,False,20,"5,10,20"
2023-10-30,2023-10-31,2023-11-01,GOOGL,XLK,124.03484388332474,121.60493186114282,1,SHORT,SHORT,0.24759114782015482,0.19908723884041415,0.7600611249605814,80.09127611595859,52.0,True,0.37690990169843025,UNRANKED,False,20,"5,10,20"
2023-10-31,2023-11-01,2023-11-02,GOOGL,XLK,123.0529643757322,120.77252963103354,1,SHORT,SHORT,0.2106196383635203,0.15942321485943264,0.8674027721087137,84.05767851405673,52.0,True,0.3555617133776347,UNRANKED,False,20,"5,10,20"
2023-11-01,2023-11-02,2023-11-03,GOOGL,XLK,127.36730789447058,125.03090609131768,1,SHORT,SHORT,0.2049918323755264,0.166448030772099,0.8764419158299764,83.3551969227901,52.0,True,0.3407642245292664,UNRANKED,False,20,"5,10,20"
2023-11-02,2023-11-03,2023-11-06,GOOGL,XLK,126.9705840713952,124.67456247366918,1,SHORT,SHORT,0.17685083051522568,0.13329196032481486,0.9248662193616232,86.67080396751852,52.0,True,0.40691965321699786,UNRANKED,False,20,"5,10,20"
2023-11-03,2023-11-06,2023-11-07,GOOGL,XLK,127.9921517032279,125.70534096452812,1,SHORT,SHORT,0.20878115544716513,0.1633572430410807,0.9411971569061279,83.66427569589193,52.0,True,0.37081714471181226,UNRANKED,False,20,"5,10,20"
2023-11-06,2023-11-07,2023-11-08,GOOGL,XLK,129.63854481279463,127.31418546395255,1,SHORT,SHORT,0.2074644391735394,0.16977624486117474,0.9383907914161682,83.02237551388252,52.0,True,0.5303664753834406,UNRANKED,False,20,"5,10,20"
2023-11-07,2023-11-08,2023-11-09,GOOGL,XLK,129.89644406789614,127.64576069212885,1,SHORT,SHORT,0.23787019650141392,0.206106205119027,0.882473866144816,79.3893794880973,52.0,True,0.7937685598929723,UNRANKED,False,20,"5,10,20"
2023-11-08,2023-11-09,2023-11-10,GOOGL,XLK,130.8782957156304,128.58085396060807,1,SHORT,SHORT,0.22142672787110007,0.17863679542633645,0.8758951425552368,82.13632045736635,52.0,True,0.5530083080132803,UNRANKED,False,20,"5,10,20"
2023-11-09,2023-11-10,2023-11-13,GOOGL,XLK,129.0335338225466,126.77505320556835,1,SHORT,SHORT,0.24514359732468918,0.19774459291085078,0.8018207748730978,80.22554070891492,52.0,True,0.6109195252259572,UNRANKED,False,20,"5,10,20"
2023-11-10,2023-11-13,2023-11-14,GOOGL,XLK,130.69976098599605,128.33855820104907,1,SHORT,SHORT,0.2244073202212651,0.16759858570896413,0.8846660852432251,83.24014142910359,52.0,True,0.5889671047528585,UNRANKED,False,20,"5,10,20"
2023-11-13,2023-11-14,2023-11-15,GOOGL,XLK,133.0900082716238,130.85703272056352,1,SHORT,SHORT,0.26747094094753265,0.21322743155573573,0.8352456291516622,78.67725684442642,52.0,True,0.6228396743535997,UNRANKED,False,20,"5,10,20"
2023-11-14,2023-11-15,2023-11-16,GOOGL,XLK,133.76441488908887,132.3581779680509,1,SHORT,SHORT,0.26556936154762906,0.2161092994298075,0.8499945998191833,78.38907005701925,52.0,True,0.47709665695826214,UNRANKED,False,20,"5,10,20"
2023-11-15,2023-11-16,2023-11-17,GOOGL,XLK,134.0818138246226,132.84064321392228,1,SHORT,SHORT,0.24960944553216294,0.19098244279368615,0.838589092095693,80.90175572063139,52.0,True,0.3579776634772618,UNRANKED,False,20,"5,10,20"
2023-11-16,2023-11-17,2023-11-20,GOOGL,XLK,134.88519788048188,133.48817127351342,1,SHORT,SHORT,0.27124633391698194,0.2144256537955479,0.8650208910306295,78.5574346204452,52.0,True,0.6663770377635956,UNRANKED,False,20,"5,10,20"
2023-11-17,2023-11-20,2023-11-21,GOOGL,XLK,132.5941051889177,131.2445448600254,1,SHORT,SHORT,0.2859044621388117,0.21111136981106404,0.8994977076848348,78.8888630188936,52.0,True,0.5444779247045517,UNRANKED,False,20,"5,10,20"
2023-11-20,2023-11-21,2023-11-22,GOOGL,XLK,135.17279523893023,133.78356423830243,1,SHORT,SHORT,0.2767961273590724,0.23265324482100533,0.8845386902491251,76.73467551789946,52.0,True,0.6577951659758885,UNRANKED,False,20,"5,10,20"
2023-11-21,2023-11-22,2023-11-24,GOOGL,XLK,136.3431389603489,135.0707979133344,1,SHORT,SHORT,0.24470999588569006,0.20570509343414992,0.9091129104296366,79.42949065658502,52.0,True,0.664081687728564,UNRANKED,False,20,"5,10,20"
2023-11-22,2023-11-24,2023-11-27,GOOGL,XLK,136.8985310833705,140.16439695425498,1,SHORT,SHORT,0.23772996912399927,0.19869444932023436,0.9167988697687784,80.13055506797656,52.0,True,0.6568103184302648,UNRANKED,False,20,"5,10,20"
2023-11-24,2023-11-27,2023-11-28,GOOGL,XLK,134.91491921563218,133.59511134558474,1,SHORT,SHORT,0.2539830456177393,0.20285644360673735,0.9467918872833252,79.71435563932626,52.0,True,0.6387219429016112,UNRANKED,False,20,"5,10,20"
2023-11-27,2023-11-28,2023-11-29,GOOGL,XLK,134.96450328347996,133.70632893219647,1,SHORT,SHORT,0.26860470573107403,0.22091030709459847,0.8747446537017822,77.90896929054016,52.0,True,0.5852710157632828,UNRANKED,False,20,"5,10,20"
2023-11-28,2023-11-29,2023-11-30,GOOGL,XLK,136.44232172928395,139.60015264882216,1,SHORT,SHORT,0.2819427003463109,0.2267543188389458,0.8833028674125671,77.32456811610543,52.0,True,0.5816775212685267,UNRANKED,False,20,"5,10,20"
2023-11-29,2023-11-30,2023-12-01,GOOGL,XLK,133.94296597089948,137.33810920733222,1,SHORT,SHORT,0.28619282444318134,0.2235717057360015,0.8538006742795309,77.64282942639986,52.0,True,0.5175977845986685,UNRANKED,False,20,"5,10,20"
2023-11-30,2023-12-01,2023-12-04,GOOGL,XLK,130.77911376953125,134.32656696864538,1,SHORT,SHORT,0.2897673547267913,0.21592761591546983,0.8743288715680441,78.40723840845301,52.0,True,0.5532642255226771,UNRANKED,False,20,"5,10,20"
2023-12-01,2023-12-04,2023-12-05,GOOGL,XLK,128.81534267439568,127.515376679697,1,SHORT,SHORT,0.3279550671577453,0.22989415296050508,0.8873739639918009,77.01058470394949,52.0,True,0.6309946030378342,UNRANKED,False,20,"5,10,20"
2023-12-04,2023-12-05,2023-12-06,GOOGL,XLK,127.8929584712312,126.44492990677809,1,SHORT,SHORT,0.2791091650724411,0.22220832005640725,0.8673414985338846,77.77916799435928,52.0,True,0.5336526383956273,UNRANKED,False,20,"5,10,20"
2023-12-05,2023-12-06,2023-12-07,GOOGL,XLK,130.36255115310777,128.9010621568745,1,SHORT,SHORT,0.3061425065000852,0.2153030617362817,0.8966927925745646,78.46969382637184,52.0,True,0.43309682607650757,UNRANKED,False,20,"5,10,20"
2023-12-06,2023-12-07,2023-12-08,GOOGL,XLK,133.9330343345262,132.47366957971315,1,SHORT,SHORT,0.28848776966333384,0.21385408275589943,0.9316771229108175,78.61459172441005,52.0,True,0.3804363509019217,UNRANKED,False,20,"5,10,20"
2023-12-07,2023-12-08,2023-12-11,GOOGL,XLK,133.09993592227912,131.31469465902578,1,SHORT,SHORT,0.31030140320460003,0.24051905787550587,0.9691222111384074,75.94809421244942,52.0,True,0.5178344001372654,UNRANKED,False,20,"5,10,20"
2023-12-08,2023-12-11,2023-12-12,GOOGL,XLK,131.29484350017327,129.48693203602707,1,SHORT,SHORT,0.30190777281920117,0.24006473399058323,0.9682726462682089,75.99352660094168,52.0,True,0.540152887503306,UNRANKED,False,20,"5,10,20"
2023-12-11,2023-12-12,2023-12-13,GOOGL,XLK,130.72952914922644,128.8677726882192,1,SHORT,SHORT,0.29694375644127524,0.2350529370392893,0.9617348114649454,76.49470629607107,52.0,True,0.43353508909543365,UNRANKED,False,20,"5,10,20"
2023-12-12,2023-12-13,2023-12-14,GOOGL,XLK,132.28664939416652,130.42135398401027,1,SHORT,SHORT,0.24748985966046647,0.19561938671561388,0.9427598913510641,80.43806132843862,52.0,True,0.3770436594883601,UNRANKED,False,20,"5,10,20"
2023-12-13,2023-12-14,2023-12-15,GOOGL,XLK,132.28665787823817,130.52550370343346,1,SHORT,SHORT,0.2844844162464142,0.2318078986462273,0.9164079825083414,76.81921013537728,52.0,True,0.4017257839441299,UNRANKED,False,20,"5,10,20"
2023-12-14,2023-12-15,2023-12-18,GOOGL,XLK,130.5411141442306,128.86284789144042,1,SHORT,SHORT,0.28316678106784815,0.23304767525755543,0.8944078087806702,76.69523247424446,52.0,True,0.48623117307821917,UNRANKED,False,20,"5,10,20"
2023-12-15,2023-12-18,2023-12-19,GOOGL,XLK,131.54280052592037,129.83761122974292,1,SHORT,SHORT,0.30759968360265094,0.2397346118740983,0.8681368629137675,76.02653881259018,52.0,True,0.41256649295488995,UNRANKED,False,20,"5,10,20"
2023-12-18,2023-12-19,2023-12-20,GOOGL,XLK,135.71829114427825,133.84237234719396,1,SHORT,SHORT,0.302900825937589,0.23892241832180003,0.8756256699562073,76.10775816782,52.0,True,0.4409449150164922,UNRANKED,False,20,"5,10,20"
2023-12-19,2023-12-20,2023-12-21,GOOGL,XLK,137.83083424971508,136.05125944677144,1,SHORT,SHORT,0.30373007059097284,0.2224430876657897,0.8663496971130371,77.75569123342103,52.0,True,0.4877672344446184,UNRANKED,False,20,"5,10,20"
2023-12-20,2023-12-21,2023-12-22,GOOGL,XLK,138.34656689160218,136.62154225955695,1,SHORT,SHORT,0.28059817850589747,0.22863578288341035,0.7945243716239929,77.13642171165897,52.0,True,0.37559589743614213,UNRANKED,False,20,"5,10,20"
2023-12-21,2023-12-22,2023-12-26,GOOGL,XLK,139.61608570312794,137.7911726782256,1,SHORT,SHORT,0.27935811628897983,0.2229113187195337,0.8896666765213013,77.70886812804663,52.0,True,0.35034137467543286,UNRANKED,False,20,"5,10,20"
2023-12-22,2023-12-26,2023-12-27,GOOGL,XLK,140.42937316952606,138.71214032912428,1,SHORT,SHORT,0.2653558254241943,0.2150065518393506,0.9023191730181376,78.49934481606495,52.0,True,0.43588256835937494,UNRANKED,False,20,"5,10,20"
2023-12-26,2023-12-27,2023-12-28,GOOGL,XLK,140.4293610317835,138.8318519201066,1,SHORT,SHORT,0.26459561536709464,0.21531502061302765,0.9414999485015869,78.46849793869724,52.0,True,0.49054677287737536,UNRANKED,False,20,"5,10,20"
2023-12-27,2023-12-28,2023-12-29,GOOGL,XLK,139.6259846308267,138.01572244123406,1,SHORT,SHORT,0.22474139183759687,0.17763564378250551,0.8842493096987406,82.23643562174945,52.0,True,0.4530899077653885,UNRANKED,False,20,"5,10,20"
2023-12-28,2023-12-29,2024-01-02,GOOGL,XLK,138.4854161342685,141.3120577619889,1,SHORT,SHORT,0.24829036742448804,0.20693903555700097,0.8821448683738708,79.3060964442999,52.0,True,0.3846617639064788,UNRANKED,False,20,"5,10,20"
2023-12-29,2024-01-02,2024-01-03,GOOGL,XLK,137.41427392066478,136.38279612874234,1,SHORT,SHORT,0.2730647350351016,0.23244690606067073,0.9363823135693868,76.75530939393292,52.0,True,0.4136931151151657,UNRANKED,False,20,"5,10,20"
2024-01-02,2024-01-03,2024-01-04,GOOGL,XLK,136.1249259824603,135.1062023583671,1,SHORT,SHORT,0.28100023667017615,0.22502168504977696,0.9111352562904358,77.49783149502231,52.0,True,0.485213468472163,UNRANKED,False,20,"5,10,20"
2024-01-03,2024-01-04,2024-01-05,GOOGL,XLK,137.28533097133266,139.82860326224366,1,SHORT,SHORT,0.31149335702260333,0.23426067134042897,0.8288651903470358,76.5739328659571,52.0,True,0.6740434368451437,UNRANKED,False,20,"5,10,20"
2024-01-04,2024-01-05,2024-01-08,GOOGL,XLK,135.6290135546122,134.43601276115518,1,SHORT,SHORT,0.27187834680080414,0.21129029405146285,0.659277101357778,78.87097059485372,52.0,True,0.5438897957404454,UNRANKED,False,20,"5,10,20"
2024-01-05,2024-01-08,2024-01-09,GOOGL,XLK,135.17277404124002,133.9776468265358,1,SHORT,SHORT,0.2890391697486241,0.21909465690752183,0.6383739312489828,78.09053430924781,52.0,True,0.4763708511988322,UNRANKED,False,20,"5,10,20"
2024-01-08,2024-01-09,2024-01-10,GOOGL,XLK,137.36467261696302,135.99598321615386,1,SHORT,SHORT,0.2946564157803853,0.22466639976005073,0.8247354030609131,77.53336002399493,52.0,True,0.6936876426140467,UNRANKED,False,20,"5,10,20"
2024-01-09,2024-01-10,2024-01-11,GOOGL,XLK,139.84418693539638,138.552712456811,1,SHORT,SHORT,0.2552184810241063,0.19920884685281096,0.8610280752182007,80.0791153147189,52.0,True,0.593985949953397,UNRANKED,False,20,"5,10,20"
2024-01-10,2024-01-11,2024-01-12,GOOGL,XLK,142.3137898243085,140.9883100443838,1,SHORT,SHORT,0.2732687791188558,0.22574361650729646,0.806013305981954,77.42563834927036,52.0,True,0.5532430211702982,UNRANKED,False,20,"5,10,20"
2024-01-11,2024-01-12,2024-01-16,GOOGL,XLK,141.50049214729324,140.28056940036245,1,SHORT,SHORT,0.30841773251692456,0.23971349299252345,0.8350853522618612,76.02865070074766,52.0,True,0.5279283175865809,UNRANKED,False,20,"5,10,20"
2024-01-12,2024-01-16,2024-01-17,GOOGL,XLK,140.83598692471,139.72303809832886,1,SHORT,SHORT,0.2884015540281932,0.22920160549893742,0.8017310698827108,77.07983945010626,52.0,True,0.527850995461146,UNRANKED,False,20,"5,10,20"
2024-01-16,2024-01-17,2024-01-18,GOOGL,XLK,140.19132176728564,139.14284241460706,1,SHORT,SHORT,0.30020662645498913,0.22745003418687162,0.7362403074900309,77.25499658131284,52.0,True,0.5654406597216924,UNRANKED,False,20,"5,10,20"
2024-01-17,2024-01-18,2024-01-19,GOOGL,XLK,140.88559276545064,139.7669796585868,1,SHORT,SHORT,0.2894055098295212,0.23566806432170848,0.654706875483195,76.43319356782915,52.0,True,0.6865383932987849,UNRANKED,False,20,"5,10,20"
2024-01-18,2024-01-19,2024-01-22,GOOGL,XLK,143.5535434919084,142.374006399972,1,SHORT,SHORT,0.292021910349528,0.23182605819466887,0.699556569258372,76.81739418053311,52.0,True,0.4320788830518724,UNRANKED,False,20,"5,10,20"
2024-01-19,2024-01-22,2024-01-23,GOOGL,XLK,145.89417546961977,144.5191122546365,1,SHORT,SHORT,0.325677086909612,0.24240297377407868,0.7975313862164816,75.75970262259213,52.0,True,0.4682544271151225,UNRANKED,False,20,"5,10,20"
2024-01-22,2024-01-23,2024-01-24,GOOGL,XLK,144.6941039011729,143.32966516303117,1,SHORT,SHORT,0.25828197101751965,0.20821764517602648,0.8657894531885783,79.17823548239735,52.0,True,0.45059814055760694,UNRANKED,False,20,"5,10,20"
2024-01-23,2024-01-24,2024-01-25,GOOGL,XLK,147.32238701526538,145.99124404477152,1,SHORT,SHORT,0.2236582512656847,0.17260786933107006,0.8512048125267029,82.73921306689299,52.0,True,0.4509798437356949,UNRANKED,False,20,"5,10,20"
2024-01-24,2024-01-25,2024-01-26,GOOGL,XLK,148.83985855855067,147.44424720426775,1,SHORT,SHORT,0.2436623846491178,0.2119970491436073,0.8782020608584086,78.80029508563928,52.0,True,0.5188712676366171,UNRANKED,False,20,"5,10,20"
2024-01-25,2024-01-26,2024-01-29,GOOGL,XLK,149.861412918024,148.42046225186886,1,SHORT,SHORT,0.2947979221741358,0.2321001343800785,0.8882327874501547,76.78998656199215,52.0,True,0.5368965019782385,UNRANKED,False,20,"5,10,20"
2024-01-26,2024-01-29,2024-01-30,GOOGL,XLK,150.81352174869434,149.39665817098788,1,SHORT,SHORT,0.2523694708943367,0.20932657907633892,0.8876283764839172,79.0673420923661,52.0,True,0.4592203547557195,UNRANKED,False,20,"5,10,20"
2024-01-29,2024-01-30,2024-01-31,GOOGL,XLK,151.5474722147389,154.77260529317778,1,SHORT,SHORT,0.2712513158718745,0.22026812094464665,0.8507844805717468,77.97318790553534,52.0,True,0.6277847439050674,UNRANKED,False,20,"5,10,20"
2024-01-30,2024-01-31,2024-02-01,GOOGL,XLK,142.4427033187808,145.65720429098366,1,SHORT,SHORT,0.287989854812622,0.2350421559469221,0.8833596110343933,76.49578440530779,52.0,True,0.5559413731098175,UNRANKED,False,20,"5,10,20"
2024-01-31,2024-02-01,2024-02-02,GOOGL,XLK,140.9550368291843,138.95868041002973,1,SHORT,SHORT,0.27453417330980295,0.22238350141338814,0.8776837984720866,77.76164985866119,52.0,True,0.3245859096447627,UNRANKED,False,20,"5,10,20"
2024-02-01,2024-02-02,2024-02-05,GOOGL,XLK,138.11844060532798,136.06115584144683,1,SHORT,SHORT,0.29405837257703143,0.22498366535008266,0.903048555056254,77.50163346499174,52.0,True,0.5547473827997844,UNRANKED,False,20,"5,10,20"
2024-02-02,2024-02-05,2024-02-06,GOOGL,XLK,141.64929185123162,139.54596042161387,1,SHORT,SHORT,0.2836544016997019,0.21488469254999806,0.8219435413678488,78.51153074500019,52.0,True,0.6270363628864288,UNRANKED,False,20,"5,10,20"
2024-02-05,2024-02-06,2024-02-07,GOOGL,XLK,143.46425685279377,141.28016283249522,1,SHORT,SHORT,0.2570068115989367,0.2067637184285016,0.8133623798688253,79.32362815714984,52.0,True,0.662277897198995,UNRANKED,False,20,"5,10,20"
2024-02-06,2024-02-07,2024-02-08,GOOGL,XLK,143.5733798256117,141.43179243198728,1,SHORT,SHORT,0.24501677602529517,0.1916290625175121,0.8251826961835226,80.83709374824879,52.0,True,0.7185216546058655,UNRANKED,False,20,"5,10,20"
2024-02-07,2024-02-08,2024-02-09,GOOGL,XLK,144.63461269549572,142.53340550729817,1,SHORT,SHORT,0.22390752285718915,0.18359819442261172,0.851291835308075,81.64018055773883,52.0,True,0.680443157752355,UNRANKED,False,20,"5,10,20"
2024-02-08,2024-02-09,2024-02-12,GOOGL,XLK,145.47762057784595,143.55564639571705,1,SHORT,SHORT,0.25225461522738135,0.2038125002622885,0.887349267800649,79.61874997377116,52.0,True,0.7731716036796569,UNRANKED,False,20,"5,10,20"
2024-02-09,2024-02-12,2024-02-13,GOOGL,XLK,147.20338267503428,152.48650133173768,1,SHORT,SHORT,0.24824026226997373,0.20314257731267724,0.9347744385401408,79.68574226873227,52.0,True,0.5230967104434966,UNRANKED,False,20,"5,10,20"
2024-02-12,2024-02-13,2024-02-14,GOOGL,XLK,143.73204328748068,141.58904336595444,1,SHORT,SHORT,0.26011811196804047,0.1914860985866965,0.9057064453760783,80.85139014133034,52.0,True,0.6342276235421499,UNRANKED,False,20,"5,10,20"
2024-02-13,2024-02-14,2024-02-15,GOOGL,XLK,144.88253462860962,150.36932542189226,1,SHORT,SHORT,0.28994360566139216,0.23274378356193845,0.7765797972679138,76.72562164380615,52.0,True,0.7046161741018295,UNRANKED,False,20,"5,10,20"
2024-02-14,2024-02-15,2024-02-16,GOOGL,XLK,141.96663255261817,147.0336785818453,1,SHORT,SHORT,0.29341145853201545,0.21515314972924662,0.7856845855712891,78.48468502707534,52.0,True,0.6965538909037908,UNRANKED,False,20,"5,10,20"
2024-02-15,2024-02-16,2024-02-20,GOOGL,XLK,141.8178876690081,139.58916714026924,1,SHORT,SHORT,0.28966863453388214,0.21059492262206314,0.7375444372495016,78.94050773779368,52.0,True,0.6106266180674235,UNRANKED,False,20,"5,10,20"
2024-02-16,2024-02-20,2024-02-21,GOOGL,XLK,138.51520249806177,136.22059778789156,1,SHORT,SHORT,0.24006681640942887,0.20314343222754525,0.7765267888704935,79.68565677724547,52.0,True,0.8306427697340647,UNRANKED,False,20,"5,10,20"
2024-02-20,2024-02-21,2024-02-22,GOOGL,XLK,140.29048076624125,138.0985960442128,1,SHORT,SHORT,0.2453531722227732,0.19626590244486397,0.6358758409818014,80.3734097555136,52.0,True,0.6729436566432317,UNRANKED,False,20,"5,10,20"
2024-02-21,2024-02-22,2024-02-23,GOOGL,XLK,143.74195461013204,142.2535447503385,1,SHORT,SHORT,0.2549135436614354,0.21322009413219814,0.6702751715977987,78.67799058678018,52.0,True,0.5851841817299523,UNRANKED,False,20,"5,10,20"
2024-02-22,2024-02-23,2024-02-26,GOOGL,XLK,142.49232168531873,146.29835141379948,1,SHORT,SHORT,0.277141993244489,0.21596757980216988,0.667964776357015,78.40324201978302,52.0,True,0.8013799836238226,UNRANKED,False,20,"5,10,20"
2024-02-23,2024-02-26,2024-02-27,GOOGL,XLK,140.9748370483321,144.58781857211835,1,SHORT,SHORT,0.24136588722467414,0.1844984707210848,0.8985944191614786,81.55015292789152,52.0,True,0.6620136648416519,UNRANKED,False,20,"5,10,20"
2024-02-26,2024-02-27,2024-02-28,GOOGL,XLK,136.8886109742461,135.0828259313471,1,SHORT,SHORT,0.26162589093049365,0.19820729196369966,0.8790371219317118,80.17927080363003,52.0,True,0.5400866667429606,UNRANKED,False,20,"5,10,20"
2024-02-27,2024-02-28,2024-02-29,GOOGL,XLK,136.76958362182845,134.9007481726097,1,SHORT,SHORT,0.2819601496060689,0.21779786845346608,0.8590245246887207,78.2202131546534,52.0,True,0.5681030203898748,UNRANKED,False,20,"5,10,20"
2024-02-28,2024-02-29,2024-03-01,GOOGL,XLK,136.15469224866533,134.210763938816,1,SHORT,SHORT,0.25036445011695224,0.20381251943166936,0.8276867270469666,79.61874805683307,52.0,True,0.5563833763202032,UNRANKED,False,20,"5,10,20"
2024-02-29,2024-03-01,2024-03-04,GOOGL,XLK,137.29524220433814,142.45791996923072,1,SHORT,SHORT,0.27577855686346686,0.20812102568178822,0.8140307863553365,79.18789743182117,52.0,True,0.589208111166954,UNRANKED,False,20,"5,10,20"
2024-03-01,2024-03-04,2024-03-05,GOOGL,XLK,134.54797432652032,139.39717934361016,1,SHORT,SHORT,0.2469781364003817,0.20434988702813536,0.780371089776357,79.56501129718646,52.0,True,0.6117324183384577,UNRANKED,False,20,"5,10,20"
2024-03-04,2024-03-05,2024-03-06,GOOGL,XLK,130.79895621305897,128.69491851949033,1,SHORT,SHORT,0.2646928131580352,0.21008761620025693,0.6676267584164938,78.9912383799743,52.0,True,0.6755226403474808,UNRANKED,False,20,"5,10,20"
2024-03-05,2024-03-06,2024-03-07,GOOGL,XLK,132.02880884320837,130.04591394574743,1,SHORT,SHORT,0.26934561133384705,0.22146217474120186,0.6450547178586324,77.85378252587981,52.0,True,0.684229428569476,UNRANKED,False,20,"5,10,20"
2024-03-06,2024-03-07,2024-03-08,GOOGL,XLK,131.7014646980678,129.6852751228725,1,SHORT,SHORT,0.22636619458595908,0.19455591771337719,0.6541018187999725,80.54440822866228,52.0,True,0.5971802771091461,UNRANKED,False,20,"5,10,20"
2024-03-07,2024-03-08,2024-03-11,GOOGL,XLK,133.1098428756074,131.10711591201922,1,SHORT,SHORT,0.24387615919113156,0.20607825824687373,0.7788260380427042,79.39217417531262,52.0,True,0.5560697515805563,UNRANKED,False,20,"5,10,20"
2024-03-08,2024-03-11,2024-03-12,GOOGL,XLK,135.01411900561908,133.0978189131944,1,SHORT,SHORT,0.25360469023386634,0.2064211384999727,0.8057912389437357,79.35788615000273,52.0,True,0.6021257539590199,UNRANKED,False,20,"5,10,20"
2024-03-11,2024-03-12,2024-03-13,GOOGL,XLK,135.90673376099352,133.87283418126415,1,SHORT,SHORT,0.2621722842256228,0.1947028221877198,0.8610659042994181,80.52971778122802,52.0,True,0.3200147251288095,UNRANKED,False,20,"5,10,20"
2024-03-12,2024-03-13,2024-03-14,GOOGL,XLK,137.86057129371812,135.86917507092235,1,SHORT,SHORT,0.24987665563821793,0.18919275909849684,0.8499934673309326,81.08072409015031,52.0,True,0.5498917053143183,UNRANKED,False,20,"5,10,20"
2024-03-13,2024-03-14,2024-03-15,GOOGL,XLK,140.03262465964323,138.05894062120854,1,SHORT,SHORT,0.22894789775212607,0.17164992334845489,0.8818648258845011,82.83500766515452,52.0,True,0.48131732642650604,UNRANKED,False,20,"5,10,20"
2024-03-14,2024-03-15,2024-03-18,GOOGL,XLK,141.33189197321508,139.1329228134076,1,SHORT,SHORT,0.26324608425299323,0.21470369276260678,0.8352475961049398,78.52963072373932,52.0,True,0.39054354031880695,UNRANKED,False,20,"5,10,20"
2024-03-15,2024-03-18,2024-03-19,GOOGL,XLK,147.39180580449582,145.50950665375643,1,SHORT,SHORT,0.29488930602868396,0.22893441132733672,0.8954930504163107,77.10655886726633,52.0,True,0.3881483276685079,UNRANKED,False,20,"5,10,20"
2024-03-18,2024-03-19,2024-03-20,GOOGL,XLK,146.9454947247472,144.6955197927578,1,SHORT,SHORT,0.31441199282805127,0.2327710779535046,0.7936672568321228,76.72289220464954,52.0,True,0.5810802976290385,UNRANKED,False,20,"5,10,20"
2024-03-19,2024-03-20,2024-03-21,GOOGL,XLK,146.78679725990156,144.66788224699698,1,SHORT,SHORT,0.26393464952707285,0.2070124066843976,0.7556607127189636,79.29875933156025,52.0,True,0.5380419443051019,UNRANKED,False,20,"5,10,20"
2024-03-20,2024-03-21,2024-03-22,GOOGL,XLK,148.24477268139387,146.15207117818517,1,SHORT,SHORT,0.2141702274481455,0.17473472768557818,0.86104949315389,82.52652723144219,52.0,True,0.25146115322907764,UNRANKED,False,20,"5,10,20"
2024-03-21,2024-03-22,2024-03-25,GOOGL,XLK,147.89764997541988,145.81770372995393,1,SHORT,SHORT,0.21528398742278412,0.15836091997387172,0.8932505249977112,84.16390800261283,52.0,True,0.13675724466641734,UNRANKED,False,20,"5,10,20"
2024-03-22,2024-03-25,2024-03-26,GOOGL,XLK,148.71088930605433,146.67486330507776,1,SHORT,SHORT,0.24926922718683878,0.2192859521415779,0.8755273421605428,78.07140478584222,52.0,True,0.36622620622317,UNRANKED,False,20,"5,10,20"
2024-03-25,2024-03-26,2024-03-27,GOOGL,XLK,148.98859783249566,146.95115276413628,1,SHORT,SHORT,0.27844810485839844,0.23253518971318468,0.8740137020746866,76.74648102868153,52.0,True,0.3364226321379343,UNRANKED,False,20,"5,10,20"
2024-03-26,2024-03-27,2024-03-28,GOOGL,XLK,149.94072668288968,147.9507451678227,1,SHORT,SHORT,0.2610413829485575,0.2193444938368548,0.8112126787503561,78.06555061631451,52.0,True,0.6060481468836466,UNRANKED,False,20,"5,10,20"
2024-03-27,2024-03-28,2024-04-01,GOOGL,XLK,149.61344863987313,147.82040795558183,1,SHORT,SHORT,0.24322160333395001,0.20065031066032998,0.8708419799804688,79.934968933967,52.0,True,0.6687670101722082,UNRANKED,False,20,"5,10,20"
2024-03-28,2024-04-01,2024-04-02,GOOGL,XLK,149.45475230591467,147.73042957816634,1,SHORT,SHORT,0.24206775675217307,0.20405887951680932,0.8496236801147461,79.59411204831906,52.0,True,0.6124212642510732,UNRANKED,False,20,"5,10,20"
2024-04-01,2024-04-02,2024-04-03,GOOGL,XLK,152.24170614312382,150.3544446161986,1,SHORT,SHORT,0.3310954074064891,0.23874853221707146,0.8800365924835205,76.12514677829284,52.0,True,0.7372456789016724,UNRANKED,False,20,"5,10,20"
2024-04-02,2024-04-03,2024-04-04,GOOGL,XLK,152.34091364414047,157.07678128068483,1,SHORT,SHORT,0.3040085087219874,0.23477220651073435,0.939277450243632,76.52277934892656,52.0,True,0.5974800934394201,UNRANKED,False,20,"5,10,20"
2024-04-03,2024-04-04,2024-04-05,GOOGL,XLK,152.24173721309816,150.41327107017128,1,SHORT,SHORT,0.29395634929339093,0.22953534424603303,0.9569564461708069,77.0464655753967,52.0,True,0.664577936132749,UNRANKED,False,20,"5,10,20"
2024-04-04,2024-04-05,2024-04-08,GOOGL,XLK,148.80015462106246,146.89517981986268,1,SHORT,SHORT,0.29280248781045276,0.22243531740235759,0.9305839737256368,77.75646825976425,52.0,True,0.7162617693344752,UNRANKED,False,20,"5,10,20"
2024-04-05,2024-04-08,2024-04-09,GOOGL,XLK,151.5276491644909,149.6191343242286,1,SHORT,SHORT,0.2824787274003029,0.23058908631527983,0.8686193426450094,76.94109136847202,52.0,True,0.4303753525018692,UNRANKED,False,20,"5,10,20"
2024-04-08,2024-04-09,2024-04-10,GOOGL,XLK,154.81050082482042,153.19598143307934,1,SHORT,SHORT,0.30153691768646235,0.23432660218639353,0.8785375555356344,76.56733978136064,52.0,True,0.5403263221184412,UNRANKED,False,20,"5,10,20"
2024-04-09,2024-04-10,2024-04-11,GOOGL,XLK,154.92952562487014,153.23707959738687,1,SHORT,SHORT,0.2631070713202159,0.20084074437916596,0.9087384939193726,79.9159255620834,52.0,True,0.5482370356718699,UNRANKED,False,20,"5,10,20"
2024-04-10,2024-04-11,2024-04-12,GOOGL,XLK,155.62377976256258,154.01988702749003,1,SHORT,SHORT,0.26895019412040705,0.21833982555652132,0.8596530159314474,78.16601744434787,52.0,True,0.4128137528896332,UNRANKED,False,20,"5,10,20"
2024-04-11,2024-04-12,2024-04-15,GOOGL,XLK,156.6651983253072,161.05217374993748,1,SHORT,SHORT,0.28455320994059236,0.2209611143471277,0.8965019782384237,77.90388856528723,52.0,True,0.41966637969017034,UNRANKED,False,20,"5,10,20"
2024-04-12,2024-04-15,2024-04-16,GOOGL,XLK,157.55778721582507,161.68086733318697,1,SHORT,SHORT,0.29321289062499994,0.218783600134654,0.846380372842153,78.1216399865346,52.0,True,0.7060358573993045,UNRANKED,False,20,"5,10,20"
2024-04-15,2024-04-16,2024-04-17,GOOGL,XLK,152.92605303847483,151.1230930513794,1,SHORT,SHORT,0.3382254938284556,0.21439450152846773,0.8728373646736145,78.56054984715323,52.0,True,0.7923520505428314,UNRANKED,False,20,"5,10,20"
2024-04-16,2024-04-17,2024-04-18,GOOGL,XLK,154.3443362556772,152.5512923016454,1,SHORT,SHORT,0.2930192947387695,0.21322402389846085,0.8532288670539856,78.67759761015391,52.0,True,0.7591470181941986,UNRANKED,False,20,"5,10,20"
2024-04-17,2024-04-18,2024-04-19,GOOGL,XLK,154.0666341164594,152.21195555375013,1,SHORT,SHORT,0.27968684335549665,0.21311681262381887,0.8138749798138937,78.68831873761812,52.0,True,0.5104177395502726,UNRANKED,False,20,"5,10,20"
2024-04-18,2024-04-19,2024-04-22,GOOGL,XLK,154.91957807299633,153.03089529886128,1,SHORT,SHORT,0.28040366868178046,0.21825669515387816,0.8485414981842041,78.17433048461218,52.0,True,0.582874322930972,UNRANKED,False,20,"5,10,20"
2024-04-19,2024-04-22,2024-04-23,GOOGL,XLK,153.04506419862878,151.3434073121193,1,SHORT,SHORT,0.2786969790856043,0.22227033388643905,0.8032021522521973,77.7729666113561,52.0,True,0.45266103247801465,UNRANKED,False,20,"5,10,20"
2024-04-22,2024-04-23,2024-04-24,GOOGL,XLK,155.67337597138751,153.88245843860292,1,SHORT,SHORT,0.29584601273139316,0.22865981237943314,0.8445535103480021,77.13401876205668,52.0,True,0.6813600212335587,UNRANKED,False,20,"5,10,20"
2024-04-23,2024-04-24,2024-04-25,GOOGL,XLK,156.19905107721684,154.29336783223917,1,SHORT,SHORT,0.24931699782609937,0.19456277665352165,0.9126450220743815,80.54372233464784,52.0,True,0.3633289337158203,UNRANKED,False,20,"5,10,20"
2024-04-24,2024-04-25,2024-04-26,GOOGL,XLK,150.08950510920468,148.4331864446539,1,SHORT,SHORT,0.22938512762387595,0.1931489776479154,0.9149986902872721,80.68510223520846,52.0,True,0.27520329256852455,UNRANKED,False,20,"5,10,20"
2024-04-25,2024-04-26,2024-04-29,GOOGL,XLK,172.94064243070838,177.28689596202813,1,SHORT,SHORT,0.2615370750427246,0.19858586093088307,0.910982628663381,80.1414139069117,52.0,True,0.3565189590056738,UNRANKED,False,20,"5,10,20"
2024-04-26,2024-04-29,2024-04-30,GOOGL,XLK,167.67417460775002,174.42908521304437,1,SHORT,SHORT,0.25579997897148127,0.2026378376535025,0.8869742155075073,79.73621623464975,52.0,True,0.4664849986632665,UNRANKED,False,20,"5,10,20"
2024-04-29,2024-04-30,2024-05-01,GOOGL,XLK,164.2524517529447,161.2635721404307,1,SHORT,SHORT,0.27517382800579065,0.19802979660036005,0.9203304648399353,80.197020339964,52.0,True,0.4905054469903309,UNRANKED,False,20,"5,10,20"
2024-04-30,2024-05-01,2024-05-02,GOOGL,XLK,162.9532108598106,159.75817846758125,1,SHORT,SHORT,0.3043850163618724,0.2294586817078538,0.8997286558151245,77.05413182921463,52.0,True,0.6489637891451517,UNRANKED,False,20,"5,10,20"
2024-05-01,2024-05-02,2024-05-03,GOOGL,XLK,163.43916484164697,160.3992772771241,1,SHORT,SHORT,0.24877823392550147,0.19417135089381432,0.8502914905548096,80.58286491061857,52.0,True,0.4072839071353276,UNRANKED,False,20,"5,10,20"
2024-05-02,2024-05-03,2024-05-06,GOOGL,XLK,166.18644856631778,163.0700512536085,1,SHORT,SHORT,0.2127669552961985,0.16408109707040414,0.9050692518552145,83.59189029295959,52.0,True,0.27803184092044836,UNRANKED,False,20,"5,10,20"
2024-05-03,2024-05-06,2024-05-07,GOOGL,XLK,166.08729275303767,163.13029420044282,1,SHORT,SHORT,0.17869152749578154,0.1297639873292711,0.9578621784845988,87.02360126707289,52.0,True,0.26801015933354694,UNRANKED,False,20,"5,10,20"
2024-05-06,2024-05-07,2024-05-08,GOOGL,XLK,167.1187643454893,164.13342913169186,1,SHORT,SHORT,0.20629621297121048,0.15299624365729253,0.9567885398864746,84.70037563427076,52.0,True,0.22606381773948678,UNRANKED,False,20,"5,10,20"
2024-05-07,2024-05-08,2024-05-09,GOOGL,XLK,167.6146567610361,164.4819696010891,1,SHORT,SHORT,0.19699684530496597,0.15284325721266692,0.8654713829358419,84.71567427873332,52.0,True,0.39263605574766786,UNRANKED,False,20,"5,10,20"
2024-05-08,2024-05-09,2024-05-10,GOOGL,XLK,168.00146814371735,164.77455905122295,1,SHORT,SHORT,0.22918018201986942,0.1858331699195396,0.8689955870310465,81.41668300804604,52.0,True,0.5129131376743316,UNRANKED,False,20,"5,10,20"
2024-05-09,2024-05-10,2024-05-13,GOOGL,XLK,166.65261946945532,163.52063966337272,1,SHORT,SHORT,0.2351030235489209,0.2006767927629641,0.9297934969266256,79.93232072370358,52.0,True,0.5049987037976583,UNRANKED,False,20,"5,10,20"
2024-05-10,2024-05-13,2024-05-14,GOOGL,XLK,162.91350746089623,159.843868527442,1,SHORT,SHORT,0.2759262571732203,0.22813719145968026,0.8980380495389303,77.18628085403198,52.0,True,0.5355331351359686,UNRANKED,False,20,"5,10,20"
2024-05-13,2024-05-14,2024-05-15,GOOGL,XLK,168.37836010153808,165.4142792909912,1,SHORT,SHORT,0.3146936545769373,0.2300022062473754,0.8634940187136332,76.99977937526245,52.0,True,0.5289744238058726,UNRANKED,False,20,"5,10,20"
2024-05-14,2024-05-15,2024-05-16,GOOGL,XLK,169.23132245178067,166.24386517639005,1,SHORT,SHORT,0.2960409273703893,0.23511610726813792,0.8492477138837179,76.48838927318621,52.0,True,0.5509152313073477,UNRANKED,False,20,"5,10,20"
2024-05-15,2024-05-16,2024-05-17,GOOGL,XLK,171.8694782348091,168.95003265201055,1,SHORT,SHORT,0.29732762277126307,0.2313004048323947,0.8508151372273763,76.86995951676053,52.0,True,0.551319807767868,UNRANKED,False,20,"5,10,20"
2024-05-16,2024-05-17,2024-05-20,GOOGL,XLK,172.75218165186905,170.8443774352117,1,SHORT,SHORT,0.2652800207336743,0.2029134370570912,0.9110622604688009,79.70865629429088,52.0,True,0.6150165398915609,UNRANKED,False,20,"5,10,20"
2024-05-17,2024-05-20,2024-05-21,GOOGL,XLK,174.7457452424878,173.1156455372004,1,SHORT,SHORT,0.24835592508316037,0.190843513190893,0.929317315419515,80.9156486809107,52.0,True,0.49811294674873346,UNRANKED,False,20,"5,10,20"
2024-05-20,2024-05-21,2024-05-22,GOOGL,XLK,175.44991084467418,173.99762507807262,1,SHORT,SHORT,0.2630687703688939,0.21287974370733206,0.9212760130564371,78.71202562926679,52.0,True,0.42636711895465856,UNRANKED,False,20,"5,10,20"
2024-05-21,2024-05-22,2024-05-23,GOOGL,XLK,175.19205213168274,178.79619718173157,1,SHORT,SHORT,0.25818439076344163,0.21775887797503582,0.9431747595469157,78.22411220249641,52.0,True,0.4504013409217198,UNRANKED,False,20,"5,10,20"
2024-05-22,2024-05-23,2024-05-24,GOOGL,XLK,175.61853049301604,178.99421059904282,1,SHORT,SHORT,0.270653357108434,0.2200969009457476,0.9375011920928955,77.99030990542524,52.0,True,0.4503800123929978,UNRANKED,False,20,"5,10,20"
2024-05-23,2024-05-24,2024-05-28,GOOGL,XLK,173.5456447964723,172.0388088589723,1,SHORT,SHORT,0.27567563454310096,0.2178347215852615,0.9152806997299194,78.21652784147385,52.0,True,0.3445935199658076,UNRANKED,False,20,"5,10,20"
2024-05-24,2024-05-28,2024-05-29,GOOGL,XLK,173.01998246270298,171.47205896591169,1,SHORT,SHORT,0.30800434450308484,0.23315615650542054,0.8963441054026285,76.68438434945794,52.0,True,0.41353889803091687,UNRANKED,False,20,"5,10,20"
2024-05-28,2024-05-29,2024-05-30,GOOGL,XLK,173.99196607552997,177.5536044989047,1,SHORT,SHORT,0.310484692454338,0.22991407215893586,0.8925521969795227,77.00859278410641,52.0,True,0.3576050102710722,UNRANKED,False,20,"5,10,20"
2024-05-29,2024-05-30,2024-05-31,GOOGL,XLK,173.7638398581773,177.0828362876207,1,SHORT,SHORT,0.31919677058855683,0.24277169804076668,0.8311058084170023,75.72283019592334,52.0,True,0.5490928739309312,UNRANKED,False,20,"5,10,20"
2024-05-30,2024-05-31,2024-06-03,GOOGL,XLK,170.451245290867,168.8962406260372,1,SHORT,SHORT,0.30229853590329486,0.2286471257636976,0.7035367290178934,77.13528742363025,52.0,True,0.5797860821088157,UNRANKED,False,20,"5,10,20"
2024-05-31,2024-06-03,2024-06-04,GOOGL,XLK,171.12561727074288,169.63578725365304,1,SHORT,SHORT,0.33931737144788104,0.22964690962653292,0.8525277376174927,77.0353090373467,52.0,True,0.2461475332578024,UNRANKED,False,20,"5,10,20"
2024-06-03,2024-06-04,2024-06-05,GOOGL,XLK,171.85958824102724,170.35700950567568,1,SHORT,SHORT,0.274684394399325,0.1944362030229446,0.8608847459157308,80.55637969770554,52.0,True,0.4578446646531422,UNRANKED,False,20,"5,10,20"
2024-06-04,2024-06-05,2024-06-06,GOOGL,XLK,173.76385219874723,172.30236102268697,1,SHORT,SHORT,0.2782498300075531,0.20026100973586558,0.9224730531374613,79.97389902641345,52.0,True,0.3673530519008635,UNRANKED,False,20,"5,10,20"
2024-06-05,2024-06-06,2024-06-07,GOOGL,XLK,174.45811286491957,178.0144325103925,1,SHORT,SHORT,0.27828136334816617,0.22562332329010312,0.8586876193682352,77.43766767098968,52.0,True,0.5743597398201623,UNRANKED,False,20,"5,10,20"
2024-06-06,2024-06-07,2024-06-10,GOOGL,XLK,175.5986571248054,179.09299338927946,1,SHORT,SHORT,0.2779873758554458,0.21680380958333378,0.8606399695078532,78.31961904166663,52.0,True,0.5226144144932429,UNRANKED,False,20,"5,10,20"
2024-06-07,2024-06-10,2024-06-11,GOOGL,XLK,173.73488619485127,172.30952129180997,1,SHORT,SHORT,0.270908976594607,0.21908780766790706,0.9013451933860779,78.0912192332093,52.0,True,0.45947545766830444,UNRANKED,False,20,"5,10,20"
2024-06-10,2024-06-11,2024-06-12,GOOGL,XLK,174.97607487552963,173.55844399871603,1,SHORT,SHORT,0.3370517094930013,0.24142566490305065,0.8559590578079224,75.85743350969494,52.0,True,0.4901609818140666,UNRANKED,False,20,"5,10,20"
2024-06-11,2024-06-12,2024-06-13,GOOGL,XLK,176.99176326604527,180.65660287437396,1,SHORT,SHORT,0.29813152551650995,0.2379384549117404,0.7848867177963257,76.20615450882596,52.0,True,0.37984003126621246,UNRANKED,False,20,"5,10,20"
2024-06-12,2024-06-13,2024-06-14,GOOGL,XLK,174.8668444097431,173.4220648774468,1,SHORT,SHORT,0.30573767423629755,0.23085660040676906,0.8661460677782694,76.9143399593231,52.0,True,0.44079905251661944,UNRANKED,False,20,"5,10,20"
2024-06-13,2024-06-14,2024-06-17,GOOGL,XLK,172.99020243322104,171.5593770635224,1,SHORT,SHORT,0.295371800661087,0.23200921626914983,0.9205582141876221,76.79907837308502,52.0,True,0.5309305687745413,UNRANKED,False,20,"5,10,20"
2024-06-14,2024-06-17,2024-06-18,GOOGL,XLK,174.2214424940307,172.77702372310435,1,SHORT,SHORT,0.2849562664826711,0.22552244166831492,0.9121290445327759,77.44775583316851,52.0,True,0.48484336336453754,UNRANKED,False,20,"5,10,20"
2024-06-17,2024-06-18,2024-06-20,GOOGL,XLK,175.88956648496008,174.51311907982617,1,SHORT,SHORT,0.29669767618179316,0.228886378807826,0.9061970909436544,77.1113621192174,52.0,True,0.5850940595070522,UNRANKED,False,20,"5,10,20"
2024-06-18,2024-06-20,2024-06-21,GOOGL,XLK,174.13206841253606,172.63855230797412,1,SHORT,SHORT,0.2956510037183761,0.2304818741139092,0.8954171339670817,76.95181258860909,52.0,True,0.5605653723080953,UNRANKED,False,20,"5,10,20"
2024-06-20,2024-06-21,2024-06-24,GOOGL,XLK,175.7505447565084,174.43970469477568,1,SHORT,SHORT,0.2887678394714991,0.2293148376231923,0.9051019549369812,77.06851623768077,52.0,True,0.458152269323667,UNRANKED,False,20,"5,10,20"
2024-06-21,2024-06-24,2024-06-25,GOOGL,XLK,178.8882466857276,177.3688603942237,1,SHORT,SHORT,0.3238228460152944,0.24452667630242778,0.9296745657920837,75.54733236975723,52.0,True,0.4556702673435212,UNRANKED,False,20,"5,10,20"
2024-06-24,2024-06-25,2024-06-26,GOOGL,XLK,178.35205317535076,176.85104936501315,1,SHORT,SHORT,0.32119204600652057,0.24329785804252144,0.9454814592997233,75.67021419574786,52.0,True,0.3956667631864548,UNRANKED,False,20,"5,10,20"
2024-06-25,2024-06-26,2024-06-27,GOOGL,XLK,181.3408244497642,179.54259904693217,1,SHORT,SHORT,0.299369956056277,0.24095051603082,0.8948652346928915,75.904948396918,52.0,True,0.5556793262561163,UNRANKED,False,20,"5,10,20"
2024-06-26,2024-06-27,2024-06-28,GOOGL,XLK,182.8798679380617,187.11510832938424,1,SHORT,SHORT,0.26553514351447416,0.21438251107676717,0.9102548956871033,78.56174889232328,52.0,True,0.5392781446377436,UNRANKED,False,20,"5,10,20"
2024-06-27,2024-06-28,2024-07-01,GOOGL,XLK,183.0188920765721,181.3097943505676,1,SHORT,SHORT,0.25027310103178024,0.19632424566363602,0.9436112642288208,80.36757543363639,52.0,True,0.5107818444569906,UNRANKED,False,20,"5,10,20"
2024-06-28,2024-07-01,2024-07-02,GOOGL,XLK,181.73798367721864,179.95848734804733,1,SHORT,SHORT,0.2877224882443746,0.23338105507982085,0.9093095461527506,76.66189449201791,52.0,True,0.24979396661122635,UNRANKED,False,20,"5,10,20"
2024-07-01,2024-07-02,2024-07-03,GOOGL,XLK,180.7649192250836,178.97903927251662,1,SHORT,SHORT,0.29023348043362296,0.22319785811518392,0.9229244192441305,77.68021418848161,52.0,True,0.345910519361496,UNRANKED,False,20,"5,10,20"
2024-07-02,2024-07-03,2024-07-05,GOOGL,XLK,183.5451316362685,181.71386005598112,1,SHORT,SHORT,0.30939533809820813,0.218351331454403,0.9237741033236185,78.1648668545597,52.0,True,0.4974576433499655,UNRANKED,False,20,"5,10,20"
2024-07-03,2024-07-05,2024-07-08,GOOGL,XLK,184.5480462994703,182.7586230381003,1,SHORT,SHORT,0.2853779594103495,0.22858110444600724,0.9369084040323893,77.14188955539927,52.0,True,0.43831010659535724,UNRANKED,False,20,"5,10,20"
2024-07-05,2024-07-08,2024-07-09,GOOGL,XLK,188.55948674203475,186.61757368225517,1,SHORT,SHORT,0.277520403265953,0.22092320417861996,0.9257340629895529,77.907679582138,52.0,True,0.3971174756685893,UNRANKED,False,20,"5,10,20"
2024-07-08,2024-07-09,2024-07-10,GOOGL,XLK,188.96662487953267,187.02896466224752,1,SHORT,SHORT,0.3249863187472025,0.23711441155798707,0.9160524408022562,76.28855884420129,52.0,True,0.3700484683116277,UNRANKED,False,20,"5,10,20"
2024-07-09,2024-07-10,2024-07-11,GOOGL,XLK,187.8147905079295,192.5880122050556,1,SHORT,SHORT,0.314391886194547,0.24162627375685353,0.9016303618748983,75.83737262431465,52.0,True,0.42090905209382373,UNRANKED,False,20,"5,10,20"
2024-07-10,2024-07-11,2024-07-12,GOOGL,XLK,188.5098571184734,193.29193708760707,1,SHORT,SHORT,0.27244117110967636,0.22563842103361834,0.9195363322893778,77.43615789663816,52.0,True,0.3055686801671982,UNRANKED,False,20,"5,10,20"
2024-07-11,2024-07-12,2024-07-15,GOOGL,XLK,183.77350427691545,181.54860716475028,1,SHORT,SHORT,0.30785492062568665,0.24310233311417875,0.861986776192983,75.68976668858213,52.0,True,0.46160585681597394,UNRANKED,False,20,"5,10,20"
2024-07-12,2024-07-15,2024-07-16,GOOGL,XLK,183.61465170436625,181.5904676136157,1,SHORT,SHORT,0.3114744673172633,0.2302290827065738,0.8837785522143046,76.97709172934262,52.0,True,0.4555880427360534,UNRANKED,False,20,"5,10,20"
2024-07-15,2024-07-16,2024-07-17,GOOGL,XLK,186.03743905754484,191.28407830925383,1,SHORT,SHORT,0.2949389194448789,0.23296342127785682,0.8540715972582499,76.70365787221431,52.0,True,0.53889200091362,UNRANKED,False,20,"5,10,20"
2024-07-16,2024-07-17,2024-07-18,GOOGL,XLK,181.6784348799773,186.53498863887097,1,SHORT,SHORT,0.27600693205992377,0.21684133902689676,0.7168691754341125,78.31586609731033,52.0,True,0.5664427280426027,UNRANKED,False,20,"5,10,20"
2024-07-17,2024-07-18,2024-07-19,GOOGL,XLK,180.64574423979403,185.98990350231497,1,SHORT,SHORT,0.28977214545011515,0.22758207834326405,0.5371094246705373,77.2417921656736,52.0,True,0.9094059864679972,UNRANKED,False,20,"5,10,20"
2024-07-18,2024-07-19,2024-07-22,GOOGL,XLK,177.617288261751,175.35195862831068,1,SHORT,SHORT,0.30259468654791516,0.23503193375034312,0.6851097941398621,76.49680662496569,52.0,True,0.6922945479551953,UNRANKED,False,20,"5,10,20"
2024-07-19,2024-07-22,2024-07-23,GOOGL,XLK,179.3152104096892,177.27896751592525,1,SHORT,SHORT,0.27596216400464374,0.22433625492717424,0.7165235877037048,77.56637450728257,52.0,True,0.671853462855021,UNRANKED,False,20,"5,10,20"
2024-07-22,2024-07-23,2024-07-24,GOOGL,XLK,180.76490347036915,186.41758454859877,1,SHORT,SHORT,0.3171904732783635,0.22570652958281312,0.7538113594055176,77.42934704171869,52.0,True,0.7976935356855392,UNRANKED,False,20,"5,10,20"
2024-07-23,2024-07-24,2024-07-25,GOOGL,XLK,172.37457678491225,177.64958103557493,1,SHORT,SHORT,0.2829112907250722,0.21268509940865812,0.862899124622345,78.73149005913419,52.0,True,0.7810391436020533,UNRANKED,False,20,"5,10,20"
2024-07-24,2024-07-25,2024-07-26,GOOGL,XLK,171.30218308939462,178.09851313264238,1,SHORT,SHORT,0.26649422446886695,0.19203366148726744,0.8494981726010641,80.79663385127326,52.0,True,0.6595243414243063,UNRANKED,False,20,"5,10,20"
2024-07-25,2024-07-26,2024-07-29,GOOGL,XLK,165.97008682721892,163.21112991803923,1,SHORT,SHORT,0.26226360599199927,0.19211394783385072,0.8779577016830444,80.78860521661493,52.0,True,0.8687164535125098,UNRANKED,False,20,"5,10,20"
2024-07-26,2024-07-29,2024-07-30,GOOGL,XLK,167.6382268176297,164.97076596732276,1,SHORT,SHORT,0.2269346515337626,0.176986915154182,0.7422990600268046,82.30130848458181,52.0,True,0.6151959250370662,UNRANKED,False,20,"5,10,20"
2024-07-29,2024-07-30,2024-07-31,GOOGL,XLK,169.03828621199597,166.1949318505981,1,SHORT,SHORT,0.24735858043034872,0.1883762321077729,0.8997344573338827,81.16237678922272,52.0,True,0.6842027753591537,UNRANKED,False,20,"5,10,20"
2024-07-30,2024-07-31,2024-08-01,GOOGL,XLK,172.01711347343624,169.27588836706067,1,SHORT,SHORT,0.2372100055217743,0.18702422953501685,0.79618901014328,81.29757704649832,52.0,True,0.7974553008874258,UNRANKED,False,20,"5,10,20"
2024-07-31,2024-08-01,2024-08-02,GOOGL,XLK,169.0482167160951,175.12820655810123,1,SHORT,SHORT,0.23852945864200592,0.20207731374877022,0.8461701075236002,79.79226862512297,52.0,True,0.7519718805948893,UNRANKED,False,20,"5,10,20"
2024-08-01,2024-08-02,2024-08-05,GOOGL,XLK,165.26511803151652,171.39475070886724,1,SHORT,SHORT,0.2679072469472885,0.1820139914780887,0.8357834219932556,81.79860085219113,52.0,True,0.96121887365977,UNRANKED,False,20,"5,10,20"
2024-08-02,2024-08-05,2024-08-06,GOOGL,XLK,154.40235553543832,151.7632640437391,1,SHORT,SHORT,0.2887619932492574,0.203504750333952,0.8662441571553549,79.6495249666048,52.0,True,1.0294967939456305,UNRANKED,False,20,"5,10,20"
2024-08-05,2024-08-06,2024-08-07,GOOGL,XLK,158.2053051541738,155.22577699952816,1,SHORT,SHORT,0.19841858744621274,0.15796153816621666,0.9523926973342896,84.20384618337833,52.0,True,0.27239009737968445,UNRANKED,False,20,"5,10,20"
2024-08-06,2024-08-07,2024-08-08,GOOGL,XLK,160.11174561926643,157.26980814542435,1,SHORT,SHORT,0.2157434970140457,0.17097382196562813,0.8996951182683309,82.90261780343718,52.0,True,0.3719057440757753,UNRANKED,False,20,"5,10,20"
2024-08-07,2024-08-08,2024-08-09,GOOGL,XLK,159.37697100848436,156.72511226999384,1,SHORT,SHORT,0.1740588545799255,0.14711022708151075,0.8532724380493164,85.28897729184892,52.0,True,0.15359132985274007,UNRANKED,False,20,"5,10,20"
2024-08-08,2024-08-09,2024-08-12,GOOGL,XLK,158.88049573069213,156.01160796562516,1,SHORT,SHORT,0.18595672150452927,0.13804396007947875,0.9444872736930847,86.19560399205213,52.0,True,-0.7265516072511674,UNRANKED,False,20,"5,10,20"
2024-08-09,2024-08-12,2024-08-13,GOOGL,XLK,163.1898651801224,160.48906823536794,1,SHORT,SHORT,0.17825889339049653,0.12355120645629035,0.9563122987747192,87.64487935437096,52.0,True,-0.5809927086035412,UNRANKED,False,20,"5,10,20"
2024-08-12,2024-08-13,2024-08-14,GOOGL,XLK,162.25649966122157,169.23190794282033,1,SHORT,SHORT,0.213901604215304,0.17326532476187909,0.9501382311185201,82.67346752381209,52.0,True,0.14655334254105876,UNRANKED,False,20,"5,10,20"
2024-08-13,2024-08-14,2024-08-15,GOOGL,XLK,161.25361460284535,158.98048663828064,1,SHORT,SHORT,0.194600169857343,0.16016139416723277,0.9553603132565817,83.98386058327672,52.0,True,0.2648699184258779,UNRANKED,False,20,"5,10,20"
2024-08-14,2024-08-15,2024-08-16,GOOGL,XLK,159.36703635252704,157.204550957368,1,SHORT,SHORT,0.2044150779644648,0.16111465367715724,0.9541110992431641,83.88853463228428,52.0,True,0.12903785705566406,UNRANKED,False,20,"5,10,20"
2024-08-15,2024-08-16,2024-08-19,GOOGL,XLK,160.33017441375463,158.12158676727026,1,SHORT,SHORT,0.19811602185169852,0.15265716622261452,0.9488568107287089,84.73428337773855,52.0,True,0.19878485798835757,UNRANKED,False,20,"5,10,20"
2024-08-16,2024-08-19,2024-08-20,GOOGL,XLK,164.1132970310061,161.96641374766347,1,SHORT,SHORT,0.19596255819002786,0.15520593855116102,0.9186360836029053,84.4794061448839,52.0,True,0.023774762948354063,UNRANKED,False,20,"5,10,20"
2024-08-19,2024-08-20,2024-08-21,GOOGL,XLK,165.72187088023108,163.36576017117696,1,SHORT,SHORT,0.21705441673596695,0.15967218897658395,0.9016961654027303,84.0327811023416,52.0,True,0.6217919339736302,UNRANKED,False,20,"5,10,20"
2024-08-20,2024-08-21,2024-08-22,GOOGL,XLK,163.98420467240848,161.68057765824832,1,SHORT,SHORT,0.23623227079709366,0.18434013098223898,0.899394690990448,81.5659869017761,52.0,True,0.7285163750251135,UNRANKED,False,20,"5,10,20"
2024-08-21,2024-08-22,2024-08-23,GOOGL,XLK,166.07930514645545,163.73666903805702,1,SHORT,SHORT,0.22448837508757905,0.19154998371074092,0.8563621640205383,80.8450016289259,52.0,True,0.5389225184917449,UNRANKED,False,20,"5,10,20"
2024-08-22,2024-08-23,2024-08-26,GOOGL,XLK,163.55725630307884,161.36001356626244,1,SHORT,SHORT,0.2285541892051696,0.18608531743515444,0.7873156070709229,81.39146825648456,52.0,True,0.6776432941357294,UNRANKED,False,20,"5,10,20"
2024-08-23,2024-08-26,2024-08-27,GOOGL,XLK,165.20552403193696,163.40474714159097,1,SHORT,SHORT,0.24610715111096695,0.19601663602605768,0.866250216960907,80.39833639739423,52.0,True,0.5238036960363387,UNRANKED,False,20,"5,10,20"
2024-08-26,2024-08-27,2024-08-28,GOOGL,XLK,164.66933228950003,169.0967980008212,1,SHORT,SHORT,0.24950900673866272,0.1845225078058025,0.8456311821937561,81.54774921941976,52.0,True,0.5723648518323897,UNRANKED,False,20,"5,10,20"
2024-08-27,2024-08-28,2024-08-29,GOOGL,XLK,163.87498286647468,168.4496168735199,1,SHORT,SHORT,0.2289491494496663,0.18347281605232668,0.8907129168510437,81.65271839476733,52.0,True,0.5248402059078217,UNRANKED,False,20,"5,10,20"
2024-08-28,2024-08-29,2024-08-30,GOOGL,XLK,163.15015560870546,161.40966837377243,1,SHORT,SHORT,0.21820195267597833,0.18370520008934865,0.6945048371950785,81.62947999106514,52.0,True,0.8169795374075571,UNRANKED,False,20,"5,10,20"
2024-08-29,2024-08-30,2024-09-03,GOOGL,XLK,161.472070186267,165.7222205943306,1,SHORT,SHORT,0.26886462171872455,0.20272348622779368,0.7302722732226054,79.72765137722064,52.0,True,0.7944907744725546,UNRANKED,False,20,"5,10,20"
2024-08-30,2024-09-03,2024-09-04,GOOGL,XLK,160.57843019098567,164.8675858785903,1,SHORT,SHORT,0.26738257954517997,0.20785908020102162,0.7180224061012268,79.21409197989784,52.0,True,0.6532363196214038,UNRANKED,False,20,"5,10,20"
2024-09-03,2024-09-04,2024-09-05,GOOGL,XLK,155.55413584223268,153.54413806565623,1,SHORT,SHORT,0.2633436024188995,0.20149956556190496,0.7400114337603251,79.85004344380951,52.0,True,0.404542679588,UNRANKED,False,20,"5,10,20"
2024-09-04,2024-09-05,2024-09-06,GOOGL,XLK,155.19668368087028,159.7110236728485,1,SHORT,SHORT,0.25338569035132724,0.20117636748445342,0.7172552545865377,79.88236325155465,52.0,True,0.4584513952334723,UNRANKED,False,20,"5,10,20"
2024-09-05,2024-09-06,2024-09-09,GOOGL,XLK,156.18962872176218,160.67914593367624,1,SHORT,SHORT,0.2057499438524246,0.16846751003294017,0.6385369499524435,83.15324899670598,52.0,True,0.28212489684422815,UNRANKED,False,20,"5,10,20"
2024-09-06,2024-09-09,2024-09-10,GOOGL,XLK,151.63438731483413,156.95017612883385,1,SHORT,SHORT,0.19403205563624695,0.1462326349267637,0.7008906006813049,85.37673650732363,52.0,True,0.012117788195610157,UNRANKED,False,20,"5,10,20"
2024-09-09,2024-09-10,2024-09-11,GOOGL,XLK,149.58620426686707,147.58027295757577,1,SHORT,SHORT,0.2162060588598251,0.1770957278514024,0.8567611376444498,82.29042721485976,52.0,True,0.3211364398399988,UNRANKED,False,20,"5,10,20"
2024-09-10,2024-09-11,2024-09-12,GOOGL,XLK,149.0592434246133,147.0859321365971,1,SHORT,SHORT,0.259014035264651,0.18850507835891595,0.7536246180534363,81.14949216410841,52.0,True,0.5976155946652094,UNRANKED,False,20,"5,10,20"
2024-09-11,2024-09-12,2024-09-13,GOOGL,XLK,152.91699025153633,150.8604629775408,1,SHORT,SHORT,0.2440228909254074,0.18202418339736118,0.8959599733352661,81.79758166026389,52.0,True,0.3699852824211121,UNRANKED,False,20,"5,10,20"
2024-09-12,2024-09-13,2024-09-16,GOOGL,XLK,154.53759521680126,152.37576703948542,1,SHORT,SHORT,0.19433052837848663,0.15070987078878614,0.9375079472859701,84.92901292112138,52.0,True,0.4981603026390075,UNRANKED,False,20,"5,10,20"
2024-09-13,2024-09-16,2024-09-17,GOOGL,XLK,156.4068176480649,154.1773527084025,1,SHORT,SHORT,0.1671568378806114,0.11991461780336167,0.947222093741099,88.00853821966383,52.0,True,0.225218489766121,UNRANKED,False,20,"5,10,20"
2024-09-16,2024-09-17,2024-09-18,GOOGL,XLK,158.107008079676,155.8732303522765,1,SHORT,SHORT,0.22956852366526917,0.17517398836615508,0.9185355106989542,82.4826011633845,52.0,True,0.32092148562272377,UNRANKED,False,20,"5,10,20"
2024-09-17,2024-09-18,2024-09-19,GOOGL,XLK,158.9422025434275,156.72390921718588,1,SHORT,SHORT,0.2666062066952387,0.21635210006022923,0.922091543674469,78.36478999397708,52.0,True,0.5303996255000432,UNRANKED,False,20,"5,10,20"
2024-09-18,2024-09-19,2024-09-20,GOOGL,XLK,162.77009990036774,160.6467968956942,1,SHORT,SHORT,0.23274258524179456,0.1958543177990094,0.8920988241831461,80.41456822009906,52.0,True,0.6171299517154695,UNRANKED,False,20,"5,10,20"
2024-09-19,2024-09-20,2024-09-23,GOOGL,XLK,162.5612924555598,160.3484051003003,1,SHORT,SHORT,0.22826240460077918,0.18222488353877178,0.898166557153066,81.77751164612282,52.0,True,0.48641381164391845,UNRANKED,False,20,"5,10,20"
2024-09-20,2024-09-23,2024-09-24,GOOGL,XLK,163.40640761812853,161.20402266939806,1,SHORT,SHORT,0.22734652707974112,0.19685004600661324,0.9369880557060242,80.31499539933867,52.0,True,0.34519465764363616,UNRANKED,False,20,"5,10,20"
2024-09-23,2024-09-24,2024-09-25,GOOGL,XLK,162.09398745781283,160.19499519183907,1,SHORT,SHORT,0.20985711117585495,0.15899397971632903,0.9492382605870565,84.1006020283671,52.0,True,0.4369168778260549,UNRANKED,False,20,"5,10,20"
2024-09-24,2024-09-25,2024-09-26,GOOGL,XLK,160.5429462723237,158.6772486840843,1,SHORT,SHORT,0.25053832928339637,0.20478812247742129,0.9268828630447388,79.52118775225787,52.0,True,0.49009859065214784,UNRANKED,False,20,"5,10,20"
2024-09-25,2024-09-26,2024-09-27,GOOGL,XLK,162.7004790534292,160.8339989072936,1,SHORT,SHORT,0.2652085721492767,0.2238558277366293,0.9150427977244059,77.61441722633707,52.0,True,0.5411766668160757,UNRANKED,False,20,"5,10,20"
2024-09-26,2024-09-27,2024-09-30,GOOGL,XLK,161.87525844392792,160.36895874387213,1,SHORT,SHORT,0.271414319674174,0.22545876551446642,0.8561886350313822,77.45412344855336,52.0,True,0.5962352355321249,UNRANKED,False,20,"5,10,20"
2024-09-27,2024-09-30,2024-10-01,GOOGL,XLK,162.38233858584195,160.93214109351493,1,SHORT,SHORT,0.25872112810611725,0.21195012557796944,0.8911180098851522,78.80498744220306,52.0,True,0.4627149750789005,UNRANKED,False,20,"5,10,20"
2024-09-30,2024-10-01,2024-10-02,GOOGL,XLK,166.72722798963838,170.68118077894502,1,SHORT,SHORT,0.2619830096761385,0.20690640975777205,0.9052936236063639,79.30935902422279,52.0,True,0.5724821935097377,UNRANKED,False,20,"5,10,20"
2024-10-01,2024-10-02,2024-10-03,GOOGL,XLK,165.46451248473383,163.97951732394978,1,SHORT,SHORT,0.2585437869032224,0.20926421372676363,0.9016249775886536,79.07357862732364,52.0,True,0.8185400615135828,UNRANKED,False,20,"5,10,20"
2024-10-02,2024-10-03,2024-10-04,GOOGL,XLK,163.46605818338855,162.15150805608667,1,SHORT,SHORT,0.278458704551061,0.20264628587181133,0.8550891876220703,79.73537141281886,52.0,True,0.6814365138610204,UNRANKED,False,20,"5,10,20"
2024-10-03,2024-10-04,2024-10-07,GOOGL,XLK,167.0951193232447,169.88969569566376,1,SHORT,SHORT,0.2698522210121154,0.20021821119402614,0.8721604943275452,79.97817888059738,52.0,True,0.7635230273008347,UNRANKED,False,20,"5,10,20"
2024-10-04,2024-10-07,2024-10-08,GOOGL,XLK,166.75705707061962,169.6581643137488,1,SHORT,SHORT,0.2490886549154917,0.19604896674299133,0.9040509661038717,80.39510332570087,52.0,True,0.6758457173903784,UNRANKED,False,20,"5,10,20"
2024-10-07,2024-10-08,2024-10-09,GOOGL,XLK,162.99877252706997,166.4005615110962,1,SHORT,SHORT,0.28853860000769294,0.21546052094824586,0.8886564175287882,78.45394790517541,52.0,True,1.0618586391210556,UNRANKED,False,20,"5,10,20"
2024-10-08,2024-10-09,2024-10-10,GOOGL,XLK,162.5115774919813,161.0862343872101,1,SHORT,SHORT,0.3108601222435633,0.2235169430228817,0.9032923579216003,77.64830569771183,52.0,True,0.7358662535746893,UNRANKED,False,20,"5,10,20"
2024-10-09,2024-10-10,2024-10-11,GOOGL,XLK,159.94640007740227,158.50756275353228,1,SHORT,SHORT,0.27406916022300715,0.2138590526239393,0.852870504061381,78.61409473760607,52.0,True,0.7554407666126887,UNRANKED,False,20,"5,10,20"
2024-10-10,2024-10-11,2024-10-14,GOOGL,XLK,161.1991373378728,159.8476511318181,1,SHORT,SHORT,0.25963729619979853,0.19858748130032863,0.9219262401262919,80.14125186996714,52.0,True,0.5857913444439571,UNRANKED,False,20,"5,10,20"
2024-10-11,2024-10-14,2024-10-15,GOOGL,XLK,162.70048027253844,161.390187347385,1,SHORT,SHORT,0.25800909598668414,0.20539181657922576,0.8564202388127645,79.46081834207742,52.0,True,0.4242982566356659,UNRANKED,False,20,"5,10,20"
2024-10-14,2024-10-15,2024-10-16,GOOGL,XLK,164.83811699261406,163.43691874170725,1,SHORT,SHORT,0.3155104219913482,0.2468533336771277,0.8620119293530782,75.31466663228723,52.0,True,0.4491091122229895,UNRANKED,False,20,"5,10,20"
2024-10-15,2024-10-16,2024-10-17,GOOGL,XLK,163.58537367338425,167.03510522768806,1,SHORT,SHORT,0.30447991192340845,0.23964603122925102,0.6925309499104818,76.0353968770749,52.0,True,0.5775289932886758,UNRANKED,False,20,"5,10,20"
2024-10-16,2024-10-17,2024-10-18,GOOGL,XLK,164.77847983302945,168.0613183819622,1,SHORT,SHORT,0.2936203504602114,0.24041784637436867,0.7457663814226786,75.95821536256312,52.0,True,0.6446212232112883,UNRANKED,False,20,"5,10,20"
2024-10-17,2024-10-18,2024-10-21,GOOGL,XLK,162.25307524146882,160.8682115242534,1,SHORT,SHORT,0.2946736514568329,0.23382475094559965,0.7433883746465048,76.61752490544004,52.0,True,0.6176938464244208,UNRANKED,False,20,"5,10,20"
2024-10-18,2024-10-21,2024-10-22,GOOGL,XLK,162.01445640921125,160.7297284952185,1,SHORT,SHORT,0.2889210929473241,0.22733329038123604,0.8854421178499857,77.2666709618764,52.0,True,0.3647995243469874,UNRANKED,False,20,"5,10,20"
2024-10-21,2024-10-22,2024-10-23,GOOGL,XLK,162.04426180421996,160.79433046877074,1,SHORT,SHORT,0.32023206353187555,0.2434686938576646,0.8401646614074707,75.65313061423355,52.0,True,0.5267537037531534,UNRANKED,False,20,"5,10,20"
2024-10-22,2024-10-23,2024-10-24,GOOGL,XLK,163.81404098216163,166.92820996671102,1,SHORT,SHORT,0.30414245029290515,0.2378925114899905,0.8422472675641378,76.21074885100096,52.0,True,0.4299054394165674,UNRANKED,False,20,"5,10,20"
2024-10-23,2024-10-24,2024-10-25,GOOGL,XLK,161.89512038935888,160.4818491665631,1,SHORT,SHORT,0.29073266188303626,0.2265933682551018,0.8015705545743307,77.34066317448982,52.0,True,0.5703246692816417,UNRANKED,False,20,"5,10,20"
2024-10-24,2024-10-25,2024-10-28,GOOGL,XLK,162.73030140529735,161.3979922273537,1,SHORT,SHORT,0.348467081785202,0.24357234605285127,0.8081284165382385,75.64276539471487,52.0,True,0.5967144767443339,UNRANKED,False,20,"5,10,20"
2024-10-25,2024-10-28,2024-10-29,GOOGL,XLK,167.78113051042075,166.55748025930467,1,SHORT,SHORT,0.3255695154269536,0.24402548174361705,0.8248148759206136,75.5974518256383,52.0,True,0.41402900715669005,UNRANKED,False,20,"5,10,20"
2024-10-28,2024-10-29,2024-10-30,GOOGL,XLK,166.76699401414237,165.53979500465576,1,SHORT,SHORT,0.3257445792357127,0.23138046431673168,0.8773642579714457,76.86195356832684,52.0,True,0.43826187153657276,UNRANKED,False,20,"5,10,20"
2024-10-29,2024-10-30,2024-10-31,GOOGL,XLK,179.6426331826948,182.7887502568438,1,SHORT,SHORT,0.32340901096661884,0.22973673493613864,0.8676024476687113,77.02632650638613,52.0,True,0.3844034324089686,UNRANKED,False,20,"5,10,20"
2024-10-30,2024-10-31,2024-11-01,GOOGL,XLK,172.13600066532192,176.09172728885707,1,SHORT,SHORT,0.2922973781824112,0.22744990797866826,0.8940712412198385,77.25500920213318,52.0,True,0.46092458566029876,UNRANKED,False,20,"5,10,20"
2024-10-31,2024-11-01,2024-11-04,GOOGL,XLK,169.0935675366594,167.35574405033128,1,SHORT,SHORT,0.2907623549302419,0.215854337135969,0.8908329804738363,78.4145662864031,52.0,True,0.5201461364825567,UNRANKED,False,20,"5,10,20"
2024-11-01,2024-11-04,2024-11-05,GOOGL,XLK,168.95436679599575,167.3259139500136,1,SHORT,SHORT,0.27982268482446665,0.22875784215187375,0.8768705328305563,77.12421578481262,52.0,True,0.5054144064585367,UNRANKED,False,20,"5,10,20"
2024-11-04,2024-11-05,2024-11-06,GOOGL,XLK,168.45723948005892,166.7187086398664,1,SHORT,SHORT,0.2744548494617144,0.21786885517850285,0.9055401086807251,78.21311448214972,52.0,True,0.7001355091730753,UNRANKED,False,20,"5,10,20"
2024-11-05,2024-11-06,2024-11-07,GOOGL,XLK,172.8021647148181,171.0494290319219,1,SHORT,SHORT,0.22452350705862045,0.17907440056630883,0.9376671512921652,82.09255994336911,52.0,True,0.6088596781094869,UNRANKED,False,20,"5,10,20"
2024-11-06,2024-11-07,2024-11-08,GOOGL,XLK,176.39142952870222,174.31627127326138,1,SHORT,SHORT,0.2560824876030286,0.20820737370435868,0.9488334059715271,79.17926262956414,52.0,True,0.39566339055697114,UNRANKED,False,20,"5,10,20"
2024-11-07,2024-11-08,2024-11-11,GOOGL,XLK,179.612801825818,177.2713253853883,1,SHORT,SHORT,0.25494806965192157,0.20194724317951182,0.9707836906115214,79.80527568204882,52.0,True,0.4786594013373057,UNRANKED,False,20,"5,10,20"
2024-11-08,2024-11-11,2024-11-12,GOOGL,XLK,177.55470270682915,175.0889445193989,1,SHORT,SHORT,0.23713463544845578,0.1914453867327617,0.9644388755162557,80.85546132672383,52.0,True,0.5910046448310217,UNRANKED,False,20,"5,10,20"
2024-11-11,2024-11-12,2024-11-13,GOOGL,XLK,178.7875715603005,176.25576352458623,1,SHORT,SHORT,0.22047869861125938,0.18181207228479113,0.9380550583203634,81.81879277152089,52.0,True,0.7491485476493835,UNRANKED,False,20,"5,10,20"
2024-11-12,2024-11-13,2024-11-14,GOOGL,XLK,179.42392735486908,185.5599169527346,1,SHORT,SHORT,0.25808161993821455,0.19918222638000493,0.94585253794988,80.08177736199951,52.0,True,0.7432935734589895,UNRANKED,False,20,"5,10,20"
2024-11-13,2024-11-14,2024-11-15,GOOGL,XLK,177.25640967199746,183.8682146341557,1,SHORT,SHORT,0.28877175350983936,0.22364553225069686,0.9511065681775412,77.63544677493032,52.0,True,0.5925993472337723,UNRANKED,False,20,"5,10,20"
2024-11-14,2024-11-15,2024-11-18,GOOGL,XLK,172.73253521026672,170.03454806252677,1,SHORT,SHORT,0.2535642286141713,0.21646052309939753,0.9277764558792114,78.35394769006024,52.0,True,0.5961737583080927,UNRANKED,False,20,"5,10,20"
2024-11-15,2024-11-18,2024-11-19,GOOGL,XLK,172.4243223269658,169.6098648423118,1,SHORT,SHORT,0.22059117754300428,0.18354172672311211,0.8157274127006531,81.64582732768879,52.0,True,0.5228473047415414,UNRANKED,False,20,"5,10,20"
2024-11-18,2024-11-19,2024-11-20,GOOGL,XLK,172.7226338363219,169.9188291662605,1,SHORT,SHORT,0.2549523959557215,0.2054497026234101,0.842344343662262,79.45502973765899,52.0,True,0.6670016398032507,UNRANKED,False,20,"5,10,20"
2024-11-19,2024-11-20,2024-11-21,GOOGL,XLK,176.32181201959514,182.9833361110433,1,SHORT,SHORT,0.2956334749857585,0.2198469459665564,0.7145199378331503,78.01530540334436,52.0,True,0.836757997671763,UNRANKED,False,20,"5,10,20"
2024-11-20,2024-11-21,2024-11-22,GOOGL,XLK,172.9015782767723,179.34827769170676,1,SHORT,SHORT,0.2646042356888453,0.2135897448834153,0.8293879230817159,78.64102551165847,52.0,True,0.34670656919479365,UNRANKED,False,20,"5,10,20"
2024-11-21,2024-11-22,2024-11-25,GOOGL,XLK,164.89779453956643,161.73889495983707,1,SHORT,SHORT,0.285046378771464,0.21321695300426935,0.8667344848314921,78.67830469957306,52.0,True,0.3686650643746057,UNRANKED,False,20,"5,10,20"
2024-11-22,2024-11-25,2024-11-26,GOOGL,XLK,165.13641317917185,161.91927516124497,1,SHORT,SHORT,0.2802711129188537,0.22357640890570787,0.8996885617574056,77.64235910942922,52.0,True,0.23984768986701951,UNRANKED,False,20,"5,10,20"
2024-11-25,2024-11-26,2024-11-27,GOOGL,XLK,166.66758166120195,163.28070923339783,1,SHORT,SHORT,0.23458052923281983,0.18952195295470284,0.8922853668530782,81.04780470452971,52.0,True,0.06824098030726113,UNRANKED,False,20,"5,10,20"
2024-11-26,2024-11-27,2024-11-29,GOOGL,XLK,168.0297170852908,165.0192419265994,1,SHORT,SHORT,0.21865295618772507,0.1746727366271507,0.9548565149307251,82.53272633728493,52.0,True,0.15937648713588717,UNRANKED,False,20,"5,10,20"
2024-11-27,2024-11-29,2024-12-02,GOOGL,XLK,167.53256715154302,164.81539752612449,1,SHORT,SHORT,0.22258491069078443,0.17761435499021325,0.9332213004430135,82.23856450097867,52.0,True,0.6375193695227305,UNRANKED,False,20,"5,10,20"
2024-11-29,2024-12-02,2024-12-03,GOOGL,XLK,167.8010472162495,165.23443606251064,1,SHORT,SHORT,0.2163972705602646,0.16312160136702483,0.9434572458267212,83.68783986329753,52.0,True,0.6397697329521179,UNRANKED,False,20,"5,10,20"
2024-12-02,2024-12-03,2024-12-04,GOOGL,XLK,170.50541009739786,167.90044706726394,1,SHORT,SHORT,0.29450597614049906,0.23108774481231734,0.895777424176534,76.89122551876827,52.0,True,0.8590709269046783,UNRANKED,False,20,"5,10,20"
2024-12-03,2024-12-04,2024-12-05,GOOGL,XLK,170.1673670613907,167.6419404692451,1,SHORT,SHORT,0.29203979671001434,0.241340751335864,0.9361786246299744,75.86592486641361,52.0,True,0.7315449714660646,UNRANKED,False,20,"5,10,20"
2024-12-04,2024-12-05,2024-12-06,GOOGL,XLK,174.35318831054713,171.80716235316712,1,SHORT,SHORT,0.3030458440383275,0.22960719764530976,0.9516136447588602,77.03928023546902,52.0,True,0.5669524818658829,UNRANKED,False,20,"5,10,20"
2024-12-05,2024-12-06,2024-12-09,GOOGL,XLK,171.04230353586647,168.60777790982016,1,SHORT,SHORT,0.2616231689850489,0.2056492484583844,0.9109435876210531,79.43507515416157,52.0,True,0.40271543463071197,UNRANKED,False,20,"5,10,20"
2024-12-06,2024-12-09,2024-12-10,GOOGL,XLK,173.1594882756702,170.7974004809576,1,SHORT,SHORT,0.2770187829931577,0.22126733320966127,0.8250653545061747,77.87326667903388,52.0,True,0.3065720597902934,UNRANKED,False,20,"5,10,20"
2024-12-09,2024-12-10,2024-12-11,GOOGL,XLK,182.00855531536865,179.78488217606898,1,SHORT,SHORT,0.29590242604414624,0.23226232628325938,0.7613663474718729,76.77376737167407,52.0,True,0.4632551074028015,UNRANKED,False,20,"5,10,20"
2024-12-10,2024-12-11,2024-12-12,GOOGL,XLK,184.4572297159907,181.7370530192134,1,SHORT,SHORT,0.3053974956274032,0.23426408875243468,0.8915262818336487,76.57359112475653,52.0,True,0.5240280926227568,UNRANKED,False,20,"5,10,20"
2024-12-11,2024-12-12,2024-12-13,GOOGL,XLK,194.10263323797517,202.3414992265703,1,SHORT,SHORT,0.2906094839175542,0.22649940264254262,0.9139271775881449,77.35005973574573,52.0,True,0.28473053375879914,UNRANKED,False,20,"5,10,20"
2024-12-12,2024-12-13,2024-12-16,GOOGL,XLK,190.1309984875668,187.18387128158187,1,SHORT,SHORT,0.2794294108947118,0.22634160745434273,0.9008512496948242,77.36583925456573,52.0,True,0.24323073029518127,UNRANKED,False,20,"5,10,20"
2024-12-13,2024-12-16,2024-12-17,GOOGL,XLK,191.98242240358925,189.08696690693748,1,SHORT,SHORT,0.2789978807171185,0.2256539700116251,0.9137070377667745,77.43460299883749,52.0,True,0.24908864498138428,UNRANKED,False,20,"5,10,20"
2024-12-16,2024-12-17,2024-12-18,GOOGL,XLK,196.3422712265007,204.28360445229592,1,SHORT,SHORT,0.279031828045845,0.23005473066148485,0.8826407988866171,76.99452693385152,52.0,True,0.33863808214664465,UNRANKED,False,20,"5,10,20"
2024-12-17,2024-12-18,2024-12-19,GOOGL,XLK,194.32161160052223,202.2223618969787,1,SHORT,SHORT,0.2546992475787799,0.21086503456263653,0.8865184187889099,78.91349654373634,52.0,True,0.5240738987922667,UNRANKED,False,20,"5,10,20"
2024-12-18,2024-12-19,2024-12-20,GOOGL,XLK,190.748138909751,187.096529761453,1,SHORT,SHORT,0.24574787914752957,0.18979649687801528,0.9562602043151855,81.02035031219847,52.0,True,0.3556362489859262,UNRANKED,False,20,"5,10,20"
2024-12-19,2024-12-20,2024-12-23,GOOGL,XLK,184.92506321844033,181.28551941263677,1,SHORT,SHORT,0.23646006236473713,0.17961580723269674,0.9301952322324117,82.03841927673032,52.0,True,0.35449909667174023,UNRANKED,False,20,"5,10,20"
2024-12-20,2024-12-23,2024-12-24,GOOGL,XLK,191.73358450411797,188.0682391759232,1,SHORT,SHORT,0.21549633145332336,0.16988200021824407,0.890048623085022,83.01179997817559,52.0,True,0.06106093525886558,UNRANKED,False,20,"5,10,20"
2024-12-23,2024-12-24,2024-12-26,GOOGL,XLK,193.94335970742864,190.05972759247328,1,SHORT,SHORT,0.1830020335813363,0.13721394803788925,0.9377859234809875,86.27860519621107,52.0,True,-0.37608301142851497,UNRANKED,False,20,"5,10,20"
2024-12-24,2024-12-26,2024-12-27,GOOGL,XLK,194.25194880473947,190.478276973336,1,SHORT,SHORT,0.22609920054674146,0.18192285686958742,0.9532906413078308,81.80771431304126,52.0,True,-0.03471845388412479,UNRANKED,False,20,"5,10,20"
2024-12-26,2024-12-27,2024-12-30,GOOGL,XLK,194.05284898883724,203.27051997446785,1,SHORT,SHORT,0.28437462945779163,0.194003326697154,0.9374555548032125,80.5996673302846,52.0,True,0.7002579917510351,UNRANKED,False,20,"5,10,20"
2024-12-27,2024-12-30,2024-12-31,GOOGL,XLK,188.92657901389887,185.1845931478972,1,SHORT,SHORT,0.19467472285032264,0.15648278666576906,0.8131592671076456,84.35172133342309,52.0,True,0.8965616524219513,UNRANKED,False,20,"5,10,20"
2024-12-30,2024-12-31,2025-01-02,GOOGL,XLK,190.2006709297877,186.41176319750537,1,SHORT,SHORT,0.23394754032293952,0.1777753187094293,0.8352736433347067,82.22246812905706,52.0,True,1.1945615758498511,UNRANKED,False,20,"5,10,20"
2024-12-31,2025-01-02,2025-01-03,GOOGL,XLK,189.77266033181004,186.5425948498067,1,SHORT,SHORT,0.2648960500955581,0.19090506827532172,0.8390745321909586,80.90949317246783,52.0,True,1.0242757300535839,UNRANKED,False,20,"5,10,20"
2025-01-02,2025-01-03,2025-01-06,GOOGL,XLK,190.48934425629204,187.97738681523455,1,SHORT,SHORT,0.25620316465695697,0.2030493838418753,0.8466479579607645,79.69506161581246,52.0,True,0.6474133233229319,UNRANKED,False,20,"5,10,20"
2025-01-03,2025-01-06,2025-01-07,GOOGL,XLK,193.08731986382296,190.65215009889553,1,SHORT,SHORT,0.25473720580339426,0.20108468708252256,0.8657312393188477,79.89153129174774,52.0,True,0.7883191406726837,UNRANKED,False,20,"5,10,20"
2025-01-06,2025-01-07,2025-01-08,GOOGL,XLK,196.2029332360376,202.81344120112547,1,SHORT,SHORT,0.2535740236441294,0.19191597021185536,0.8837626775105795,80.80840297881447,52.0,True,0.6678820153077444,UNRANKED,False,20,"5,10,20"
2025-01-07,2025-01-08,2025-01-10,GOOGL,XLK,191.68381035591295,189.42781256189792,1,SHORT,SHORT,0.3009482771158218,0.20986932814419582,0.7950789928436279,79.01306718558043,52.0,True,0.7519155641396841,UNRANKED,False,20,"5,10,20"
2025-01-08,2025-01-10,2025-01-13,GOOGL,XLK,193.40585949210492,199.09918344491604,1,SHORT,SHORT,0.2637655834356944,0.20700990056495727,0.8151886463165283,79.29900994350427,52.0,True,0.5851448674996694,UNRANKED,False,20,"5,10,20"
2025-01-10,2025-01-13,2025-01-14,GOOGL,XLK,189.19533519391976,187.28132718959495,1,SHORT,SHORT,0.25746585925420123,0.19076414160417374,0.8318920532862345,80.92358583958263,52.0,True,0.8553198923667272,UNRANKED,False,20,"5,10,20"
2025-01-13,2025-01-14,2025-01-15,GOOGL,XLK,190.3599316953501,188.3805125320549,1,SHORT,SHORT,0.25145128866036726,0.1949912471822348,0.876744786898295,80.50087528177652,52.0,True,0.43881534039974207,UNRANKED,False,20,"5,10,20"
2025-01-14,2025-01-15,2025-01-16,GOOGL,XLK,192.2014297757432,190.3322161265384,1,SHORT,SHORT,0.24079025785128275,0.19982020764618605,0.8203361431757609,80.0179792353814,52.0,True,0.44949856400489807,UNRANKED,False,20,"5,10,20"
2025-01-15,2025-01-16,2025-01-17,GOOGL,XLK,193.2465980564925,191.18754654282063,1,SHORT,SHORT,0.2614100227753321,0.19395153026084422,0.9317092100779215,80.60484697391558,52.0,True,0.45861140886942553,UNRANKED,False,20,"5,10,20"
2025-01-16,2025-01-17,2025-01-21,GOOGL,XLK,195.6255975250055,193.4840689867103,1,SHORT,SHORT,0.2743448217709859,0.18792054335138927,0.9446701606114706,81.20794566486107,52.0,True,0.5603798379500706,UNRANKED,False,20,"5,10,20"
2025-01-17,2025-01-21,2025-01-22,GOOGL,XLK,198.15390588987137,195.8289383692938,1,SHORT,SHORT,0.23992275198300675,0.18178197376444405,0.9463654160499573,81.8218026235556,52.0,True,0.2646948248147965,UNRANKED,False,20,"5,10,20"
2025-01-21,2025-01-22,2025-01-23,GOOGL,XLK,198.14394994474472,195.87515438636024,1,SHORT,SHORT,0.2863447815179825,0.21783649123238993,0.9112098018328348,78.21635087676101,52.0,True,0.4573737631241481,UNRANKED,False,20,"5,10,20"
2025-01-22,2025-01-23,2025-01-24,GOOGL,XLK,197.2281913014452,195.04471308227664,1,SHORT,SHORT,0.2490749309460322,0.1863678573740325,0.9272287686665853,81.36321426259676,52.0,True,0.3440154194831846,UNRANKED,False,20,"5,10,20"
2025-01-23,2025-01-24,2025-01-27,GOOGL,XLK,197.18839021308668,202.37156925099825,1,SHORT,SHORT,0.27136923869450885,0.20679940037416275,0.925329307715098,79.32005996258373,52.0,True,0.36673037707805634,UNRANKED,False,20,"5,10,20"
2025-01-24,2025-01-27,2025-01-28,GOOGL,XLK,191.5245673708486,189.30198523496688,1,SHORT,SHORT,0.25057208538055414,0.20822810579118456,0.8566789627075195,79.17718942088155,52.0,True,0.49784487982591,UNRANKED,False,20,"5,10,20"
2025-01-27,2025-01-28,2025-01-29,GOOGL,XLK,191.86297701391987,189.21095042874967,1,SHORT,SHORT,0.27188892662525177,0.19132693529399938,0.8296374082565308,80.86730647060007,52.0,True,0.8141247977813085,UNRANKED,False,20,"5,10,20"
2025-01-28,2025-01-29,2025-01-30,GOOGL,XLK,194.66004582386455,192.12106833711792,1,SHORT,SHORT,0.27021907269954676,0.1937508983612243,0.8695409297943115,80.62491016387757,52.0,True,0.6637570758660635,UNRANKED,False,20,"5,10,20"
2025-01-29,2025-01-30,2025-01-31,GOOGL,XLK,197.0888449414686,194.6401624289128,1,SHORT,SHORT,0.2588169425725937,0.18686910502117712,0.8680841128031412,81.31308949788229,52.0,True,0.6628542443116506,UNRANKED,False,20,"5,10,20"
2025-01-30,2025-01-31,2025-02-03,GOOGL,XLK,201.0704376113212,198.3430445972308,1,SHORT,SHORT,0.23960558076699576,0.19015139055017352,0.9446267684300741,80.98486094498266,52.0,True,0.4371429880460102,UNRANKED,False,20,"5,10,20"
2025-01-31,2025-02-03,2025-02-04,GOOGL,XLK,199.76644678798675,196.9508884906932,1,SHORT,SHORT,0.24081157892942429,0.19448052554398268,0.909199059009552,80.55194744560174,52.0,True,0.653252681096395,UNRANKED,False,20,"5,10,20"
2025-02-03,2025-02-04,2025-02-05,GOOGL,XLK,202.4540365472158,209.80577833798728,1,SHORT,SHORT,0.24749337136745453,0.18388105328381918,0.8613250454266866,81.61189467161807,52.0,True,0.7338424921035768,UNRANKED,False,20,"5,10,20"
2025-02-04,2025-02-05,2025-02-06,GOOGL,XLK,190.1907106446792,186.97983308992195,1,SHORT,SHORT,0.2526111006736755,0.1895521423422242,0.8682071765263876,81.04478576577759,52.0,True,0.538511688510577,UNRANKED,False,20,"5,10,20"
2025-02-05,2025-02-06,2025-02-07,GOOGL,XLK,188.62793494754752,198.28331792135472,1,SHORT,SHORT,0.24245745440324148,0.19417265685910448,0.9079154133796692,80.58273431408955,52.0,True,0.6664648552735647,UNRANKED,False,20,"5,10,20"
2025-02-06,2025-02-07,2025-02-10,GOOGL,XLK,190.1708212328695,199.40493901328247,1,SHORT,SHORT,0.24366519848505655,0.19548676896675898,0.9509761929512024,80.4513231033241,52.0,True,0.4902476767698923,UNRANKED,False,20,"5,10,20"
2025-02-07,2025-02-10,2025-02-11,GOOGL,XLK,186.4878479252447,182.56881432975084,1,SHORT,SHORT,0.23516207933425903,0.19124359858091558,0.8357466260592142,80.87564014190845,52.0,True,0.7125863780577978,UNRANKED,False,20,"5,10,20"
2025-02-10,2025-02-11,2025-02-12,GOOGL,XLK,184.17850439769825,180.3248819611748,1,SHORT,SHORT,0.25494583199421567,0.1904018492518731,0.8547391096750895,80.9598150748127,52.0,True,0.38171741863091785,UNRANKED,False,20,"5,10,20"
2025-02-11,2025-02-12,2025-02-13,GOOGL,XLK,182.37684051579572,178.46420471257306,1,SHORT,SHORT,0.24465652555227277,0.20223495528578506,0.8162300189336141,79.77650447142149,52.0,True,0.39568910499413806,UNRANKED,False,20,"5,10,20"
2025-02-12,2025-02-13,2025-02-14,GOOGL,XLK,183.47178484763324,179.46529659254116,1,SHORT,SHORT,0.22733756154775617,0.1862070025453245,0.8208355704943339,81.37929974546755,52.0,True,0.5005684743324915,UNRANKED,False,20,"5,10,20"
2025-02-13,2025-02-14,2025-02-18,GOOGL,XLK,184.208378132258,180.18056135979708,1,SHORT,SHORT,0.25005037585894263,0.193379342977234,0.8754816850026449,80.66206570227659,52.0,True,0.6790497799714407,UNRANKED,False,20,"5,10,20"
2025-02-14,2025-02-18,2025-02-19,GOOGL,XLK,184.74589678490392,181.25061938011876,1,SHORT,SHORT,0.21233767271041867,0.16281701169811513,0.8956106503804525,83.71829883018849,52.0,True,0.6684326777855555,UNRANKED,False,20,"5,10,20"
2025-02-18,2025-02-19,2025-02-20,GOOGL,XLK,183.22292953180167,179.8719839228452,1,SHORT,SHORT,0.24870730688174558,0.21632710803617528,0.8287500143051147,78.36728919638247,52.0,True,0.6041229963302613,UNRANKED,False,20,"5,10,20"
2025-02-19,2025-02-20,2025-02-21,GOOGL,XLK,183.9495791218272,192.57401291176168,1,SHORT,SHORT,0.26263464987277985,0.21874157222623095,0.9071812431017557,78.1258427773769,52.0,True,0.4657998929421106,UNRANKED,False,20,"5,10,20"
2025-02-20,2025-02-21,2025-02-24,GOOGL,XLK,184.29796286054517,192.07808153032752,1,SHORT,SHORT,0.26380348205566406,0.22633948633143794,0.9199838638305664,77.3660513668562,52.0,True,0.5898400048414866,UNRANKED,False,20,"5,10,20"
2025-02-21,2025-02-24,2025-02-25,GOOGL,XLK,181.15252162389993,189.24369888307265,1,SHORT,SHORT,0.24830047289530435,0.2085315927741659,0.7841565410296122,79.1468407225834,52.0,True,0.7496664722760519,UNRANKED,False,20,"5,10,20"
2025-02-24,2025-02-25,2025-02-26,GOOGL,XLK,177.22067008112575,184.88879741354063,1,SHORT,SHORT,0.27741846938927966,0.2153900008601889,0.835129996140798,78.46099991398111,52.0,True,0.673373873035113,UNRANKED,False,20,"5,10,20"
2025-02-25,2025-02-26,2025-02-27,GOOGL,XLK,174.26433193161566,181.697828134357,1,SHORT,SHORT,0.2878953466812769,0.22443946727853636,0.8858333627382914,77.55605327214636,52.0,True,0.5545146018266678,UNRANKED,False,20,"5,10,20"
2025-02-26,2025-02-27,2025-02-28,GOOGL,XLK,173.18931986196714,178.42582836765212,1,SHORT,SHORT,0.2612874383727709,0.2186290791538307,0.8310433824857076,78.13709208461694,52.0,True,0.5687102278073627,UNRANKED,False,20,"5,10,20"
2025-02-27,2025-02-28,2025-03-03,GOOGL,XLK,167.90374066525882,165.5275842670306,1,SHORT,SHORT,0.24175118654966352,0.20635790559980602,0.7991312742233276,79.3642094400194,52.0,True,0.4179075757662456,UNRANKED,False,20,"5,10,20"
2025-02-28,2025-03-03,2025-03-04,GOOGL,XLK,171.1387811939385,169.08115201738997,1,SHORT,SHORT,0.2553262809912363,0.20232037457829177,0.8413766423861185,79.76796254217082,52.0,True,0.36640127499898284,UNRANKED,False,20,"5,10,20"
2025-03-03,2025-03-04,2025-03-05,GOOGL,XLK,165.4749823837437,163.26519910214495,1,SHORT,SHORT,0.26055507858594257,0.1950296492204726,0.7328775525093079,80.49703507795275,52.0,True,0.7963579297065734,UNRANKED,False,20,"5,10,20"
2025-03-04,2025-03-05,2025-03-06,GOOGL,XLK,169.73530516145718,167.32928622312014,1,SHORT,SHORT,0.2967419475317001,0.19023903406190348,0.7970490058263143,80.97609659380966,52.0,True,0.6531432271003724,UNRANKED,False,20,"5,10,20"
2025-03-05,2025-03-06,2025-03-07,GOOGL,XLK,169.7452376648565,167.31148805722535,1,SHORT,SHORT,0.28835903604825336,0.18877503471103782,0.8555452823638916,81.12249652889622,52.0,True,0.7493070115645728,UNRANKED,False,20,"5,10,20"
2025-03-06,2025-03-07,2025-03-10,GOOGL,XLK,170.47186499407138,176.22562737548878,1,SHORT,SHORT,0.26193279524644214,0.1887543628642988,0.8070691426595052,81.12456371357013,52.0,True,0.7127143442630768,UNRANKED,False,20,"5,10,20"
2025-03-07,2025-03-10,2025-03-11,GOOGL,XLK,167.6785699397653,173.53898035759454,1,SHORT,SHORT,0.2735074013471603,0.19005587617827166,0.8409861326217651,80.99441238217283,52.0,True,0.8381095280249915,UNRANKED,False,20,"5,10,20"
2025-03-10,2025-03-11,2025-03-12,GOOGL,XLK,164.34014854098334,161.54528443139907,1,SHORT,SHORT,0.23601979017257688,0.17612640588225545,0.8537407318751017,82.38735941177445,52.0,True,1.1613801171382268,UNRANKED,False,20,"5,10,20"
2025-03-11,2025-03-12,2025-03-13,GOOGL,XLK,166.00437964443265,173.05057508336262,1,SHORT,SHORT,0.2545864631732304,0.18184111766504105,0.8469154238700867,81.8158882334959,52.0,True,0.9510970016320547,UNRANKED,False,20,"5,10,20"
2025-03-12,2025-03-13,2025-03-14,GOOGL,XLK,165.4662354123983,162.4797089231405,1,SHORT,SHORT,0.2522208094596863,0.17717876756797815,0.830064058303833,82.2821232432022,52.0,True,0.7102587819099426,UNRANKED,False,20,"5,10,20"
2025-03-13,2025-03-14,2025-03-17,GOOGL,XLK,162.70582188820455,159.75804291394394,1,SHORT,SHORT,0.22860284646352128,0.18213258815322783,0.8893253207206726,81.78674118467721,52.0,True,0.6839763472477595,UNRANKED,False,20,"5,10,20"
2025-03-14,2025-03-17,2025-03-18,GOOGL,XLK,164.45973844695973,172.24212686161513,1,SHORT,SHORT,0.2481630047162373,0.1803672087650556,0.944746752580007,81.96327912349443,52.0,True,0.40760614474614454,UNRANKED,False,20,"5,10,20"
2025-03-17,2025-03-18,2025-03-19,GOOGL,XLK,163.11440067725707,160.18834040939993,1,SHORT,SHORT,0.2218496998151143,0.18659562318302517,0.9343799551328024,81.34043768169748,52.0,True,0.3417304803927739,UNRANKED,False,20,"5,10,20"
2025-03-18,2025-03-19,2025-03-20,GOOGL,XLK,161.20102488744715,158.20854747045496,1,SHORT,SHORT,0.228478858868281,0.18262791268541878,0.829579750696818,81.73720873145813,52.0,True,0.5260355720917383,UNRANKED,False,20,"5,10,20"
2025-03-19,2025-03-20,2025-03-21,GOOGL,XLK,161.01169658179438,158.09076544688924,1,SHORT,SHORT,0.23274478813012436,0.19332009006318773,0.8424294193585714,80.66799099368123,52.0,True,0.571712483962377,UNRANKED,False,20,"5,10,20"
2025-03-20,2025-03-21,2025-03-24,GOOGL,XLK,160.65294731947398,157.78098599832444,1,SHORT,SHORT,0.23796084523200986,0.2048120841262472,0.8219657937685648,79.51879158737528,52.0,True,0.6445183257261912,UNRANKED,False,20,"5,10,20"
2025-03-21,2025-03-24,2025-03-25,GOOGL,XLK,166.49269314529027,163.76852191551907,1,SHORT,SHORT,0.19637898107369736,0.15140053913234755,0.8074617584546407,84.85994608676525,52.0,True,0.3078193217515945,UNRANKED,False,20,"5,10,20"
2025-03-24,2025-03-25,2025-03-26,GOOGL,XLK,168.39609981984145,175.16817383804738,1,SHORT,SHORT,0.19067415346701935,0.14558272602560943,0.8755081494649252,85.44172739743907,52.0,True,0.018413896361986763,UNRANKED,False,20,"5,10,20"
2025-03-25,2025-03-26,2025-03-27,GOOGL,XLK,168.41602720143118,175.32733494504865,1,SHORT,SHORT,0.1998370935519536,0.14734332802298492,0.9651597142219543,85.26566719770152,52.0,True,0.26363475620746607,UNRANKED,False,20,"5,10,20"
2025-03-26,2025-03-27,2025-03-28,GOOGL,XLK,164.06113851285755,171.8321019092024,1,SHORT,SHORT,0.26346385478973383,0.20508415751146133,0.9166136980056763,79.49158424885387,52.0,True,0.48588346938292176,UNRANKED,False,20,"5,10,20"
2025-03-27,2025-03-28,2025-03-31,GOOGL,XLK,159.935424629148,167.93981752552776,1,SHORT,SHORT,0.25282462934652966,0.20610272336778368,0.9358697136243185,79.38972766322163,52.0,True,0.419833352168401,UNRANKED,False,20,"5,10,20"
2025-03-28,2025-03-31,2025-04-01,GOOGL,XLK,152.58092477046202,149.37062377994863,1,SHORT,SHORT,0.24163026114304856,0.1747793282318796,0.8611648877461752,82.52206717681204,52.0,True,1.000557045141856,UNRANKED,False,20,"5,10,20"
2025-03-31,2025-04-01,2025-04-02,GOOGL,XLK,153.08917642482464,149.98707223781292,1,SHORT,SHORT,0.26905808846155804,0.20585292828566684,0.8160714705785116,79.41470717143332,52.0,True,0.7510078350702921,UNRANKED,False,20,"5,10,20"
2025-04-01,2025-04-02,2025-04-03,GOOGL,XLK,154.61386135810304,162.2552340387671,1,SHORT,SHORT,0.26956384380658466,0.2046051849951378,0.795566995938619,79.53948150048622,52.0,True,0.8212302724520365,UNRANKED,False,20,"5,10,20"
2025-04-02,2025-04-03,2025-04-04,GOOGL,XLK,150.58783997911712,157.4604557933261,1,SHORT,SHORT,0.2335355107982953,0.19663048494924595,0.8304456075032552,80.3369515050754,52.0,True,0.5044979850451151,UNRANKED,False,20,"5,10,20"
2025-04-03,2025-04-04,2025-04-07,GOOGL,XLK,147.4985386204676,144.49395226444082,1,SHORT,SHORT,0.21705883741378781,0.18083875311745534,0.8782987793286642,81.91612468825447,52.0,True,0.17264356215794888,UNRANKED,False,20,"5,10,20"
2025-04-04,2025-04-07,2025-04-08,GOOGL,XLK,141.06087632952463,137.77725794747943,1,SHORT,SHORT,0.21615977585315702,0.17834562990400524,0.9350794355074564,82.16543700959947,52.0,True,0.1356615722179412,UNRANKED,False,20,"5,10,20"
2025-04-07,2025-04-08,2025-04-09,GOOGL,XLK,150.69745588802078,147.58965581303474,1,SHORT,SHORT,0.24668331940968827,0.19520599278325304,0.8728910684585571,80.4794007216747,52.0,True,0.022982334097226397,UNRANKED,False,20,"5,10,20"
2025-04-08,2025-04-09,2025-04-10,GOOGL,XLK,143.9209605893895,140.89644189519308,1,SHORT,SHORT,0.21371996154387793,0.1814175936910841,0.8678557475407919,81.85824063089159,52.0,True,0.15697511533896133,UNRANKED,False,20,"5,10,20"
2025-04-09,2025-04-10,2025-04-11,GOOGL,XLK,155.99906254121734,152.05487374204046,1,SHORT,SHORT,0.1958890284101168,0.14083646895649196,0.9695245424906412,85.9163531043508,52.0,True,-0.688505917787552,UNRANKED,False,20,"5,10,20"
2025-04-10,2025-04-11,2025-04-14,GOOGL,XLK,152.37164602184413,148.0929028229044,1,SHORT,SHORT,0.22550598035256064,0.17919988821177593,0.9407992959022522,82.0800111788224,52.0,True,-0.370643638074398,UNRANKED,False,20,"5,10,20"
2025-04-11,2025-04-14,2025-04-15,GOOGL,XLK,159.44711904636745,155.12353026637302,1,SHORT,SHORT,0.20009041577577588,0.14191460278299117,0.9719735185305277,85.80853972170088,52.0,True,-0.23692825436592094,UNRANKED,False,20,"5,10,20"
2025-04-14,2025-04-15,2025-04-16,GOOGL,XLK,158.58014524074957,169.2200579822744,1,SHORT,SHORT,0.22883205612500504,0.19128916825333983,0.9534392555554708,80.87108317466601,52.0,True,0.16665097574392942,UNRANKED,False,20,"5,10,20"
2025-04-15,2025-04-16,2025-04-17,GOOGL,XLK,152.5709851557027,148.51005899080317,1,SHORT,SHORT,0.19327298551797864,0.14428486691580877,0.967649241288503,85.57151330841913,52.0,True,0.06660462419191984,UNRANKED,False,20,"5,10,20"
2025-04-16,2025-04-17,2025-04-21,GOOGL,XLK,153.7568386264413,163.93762802899428,1,SHORT,SHORT,0.1720664824048678,0.12153890397813584,0.9311307668685913,87.84610960218642,52.0,True,0.9145166824261349,UNRANKED,False,20,"5,10,20"
2025-04-17,2025-04-21,2025-04-22,GOOGL,XLK,148.3655391927389,144.70180693653077,1,SHORT,SHORT,0.199552076558272,0.16116644510166508,0.9100568691889445,83.88335548983349,52.0,True,1.2777451773484547,UNRANKED,False,20,"5,10,20"
2025-04-21,2025-04-22,2025-04-23,GOOGL,XLK,148.3755226432022,144.4854317008194,1,SHORT,SHORT,0.1965893780191739,0.16754310040741652,0.8724974791208903,83.24568995925836,52.0,True,1.2718144704898198,UNRANKED,False,20,"5,10,20"
2025-04-22,2025-04-23,2025-04-24,GOOGL,XLK,155.07229801307963,151.08468814979838,1,SHORT,SHORT,0.22147950033346805,0.17966230345283415,0.8984978795051575,82.03376965471658,52.0,True,1.2902843157450359,UNRANKED,False,20,"5,10,20"
2025-04-23,2025-04-24,2025-04-25,GOOGL,XLK,155.6104249592094,151.34876833427916,1,SHORT,SHORT,0.23798912763595578,0.1793643873138174,0.9113362828890482,82.06356126861826,52.0,True,1.1304854949315388,UNRANKED,False,20,"5,10,20"
2025-04-24,2025-04-25,2025-04-28,GOOGL,XLK,164.49961422965615,174.72844701948594,1,SHORT,SHORT,0.19012465576330817,0.14373411248115944,0.9752470056215922,85.62658875188406,52.0,True,0.18059895932674389,UNRANKED,False,20,"5,10,20"
2025-04-25,2025-04-28,2025-04-29,GOOGL,XLK,161.86872639451175,157.95087644508374,1,SHORT,SHORT,0.18329083671172455,0.13563122143093334,0.9692843953768412,86.43687785690666,52.0,True,0.2714766760667166,UNRANKED,False,20,"5,10,20"
2025-04-28,2025-04-29,2025-04-30,GOOGL,XLK,159.76603342291708,155.83394702329375,1,SHORT,SHORT,0.20268006126085913,0.16314922386897357,0.9718438784281412,83.68507761310265,52.0,True,0.5860404670238494,UNRANKED,False,20,"5,10,20"
2025-04-29,2025-04-30,2025-05-01,GOOGL,XLK,157.43409270690867,153.61589790884784,1,SHORT,SHORT,0.220305452744166,0.1878992761053376,0.960205614566803,81.21007238946623,52.0,True,0.5603160411119461,UNRANKED,False,20,"5,10,20"
2025-04-30,2025-05-01,2025-05-02,GOOGL,XLK,159.8955611021286,156.97781578439702,1,SHORT,SHORT,0.22990237424770987,0.1915137949469569,0.9604168732961019,80.84862050530431,52.0,True,0.6850762267907461,UNRANKED,False,20,"5,10,20"
2025-05-01,2025-05-02,2025-05-05,GOOGL,XLK,162.84534306658284,160.16890459873966,1,SHORT,SHORT,0.2308072199424107,0.19007740129102757,0.9379417300224304,80.99225987089724,52.0,True,0.5044459998607637,UNRANKED,False,20,"5,10,20"
2025-05-02,2025-05-05,2025-05-06,GOOGL,XLK,162.4367677423953,159.87350807268268,1,SHORT,SHORT,0.23010672628879544,0.19300109852422764,0.9434240659077963,80.69989014757724,52.0,True,0.4688491572936377,UNRANKED,False,20,"5,10,20"
2025-05-05,2025-05-06,2025-05-07,GOOGL,XLK,161.60963501178307,167.70636592521777,1,SHORT,SHORT,0.2546432639161746,0.2031973946947304,0.9475003878275553,79.68026053052697,52.0,True,0.6484800577163695,UNRANKED,False,20,"5,10,20"
2025-05-06,2025-05-07,2025-05-08,GOOGL,XLK,163.5130310359637,169.2930058371635,1,SHORT,SHORT,0.2740747779607772,0.2083824913902029,0.9374303420384725,79.16175086097971,52.0,True,0.5543102274338404,UNRANKED,False,20,"5,10,20"
2025-05-07,2025-05-08,2025-05-09,GOOGL,XLK,154.46440047734652,151.52102802338447,1,SHORT,SHORT,0.2406777118643125,0.19461285778949153,0.9179577430089315,80.53871422105084,52.0,True,0.342951958378156,UNRANKED,False,20,"5,10,20"
2025-05-08,2025-05-09,2025-05-12,GOOGL,XLK,153.63725929306102,150.64192630268712,1,SHORT,SHORT,0.2521323611338933,0.20278906535867572,0.9027657310167948,79.72109346413244,52.0,True,0.3308211416006089,UNRANKED,False,20,"5,10,20"
2025-05-09,2025-05-12,2025-05-13,GOOGL,XLK,156.94581087118723,154.0899944387793,1,SHORT,SHORT,0.21534646054108933,0.1667715449157249,0.900704006354014,83.3228455084275,52.0,True,0.3381357987721761,UNRANKED,False,20,"5,10,20"
2025-05-12,2025-05-13,2025-05-14,GOOGL,XLK,158.24131128306263,155.24953795019434,1,SHORT,SHORT,0.24365705996751783,0.18589770851547283,0.9000383416811625,81.41022914845271,52.0,True,0.20623890062173197,UNRANKED,False,20,"5,10,20"
2025-05-13,2025-05-14,2025-05-15,GOOGL,XLK,159.4072742222668,156.6155218157378,1,SHORT,SHORT,0.2325537900129954,0.18529074876094334,0.903251568476359,81.47092512390567,52.0,True,0.031928350528081434,UNRANKED,False,20,"5,10,20"
2025-05-14,2025-05-15,2025-05-16,GOOGL,XLK,165.26694125278715,162.33923194579776,1,SHORT,SHORT,0.19095458587010702,0.14721136798449605,0.8601707021395365,85.2788632015504,52.0,True,0.03696115811665846,UNRANKED,False,20,"5,10,20"
2025-05-15,2025-05-16,2025-05-19,GOOGL,XLK,167.15039440077075,164.31308687949564,1,SHORT,SHORT,0.2373999158541361,0.1953962416357745,0.8932591875394186,80.46037583642254,52.0,True,0.47219511369864153,UNRANKED,False,20,"5,10,20"
2025-05-16,2025-05-19,2025-05-20,GOOGL,XLK,163.94152401470697,161.0415780744168,1,SHORT,SHORT,0.2654649267594019,0.21801325170779695,0.9372365872065226,78.19867482922031,52.0,True,0.4136173625787099,UNRANKED,False,20,"5,10,20"
2025-05-19,2025-05-20,2025-05-21,GOOGL,XLK,165.8548915457752,162.96206383058268,1,SHORT,SHORT,0.2900263170401255,0.2212491835953272,0.9412317673365275,77.87508164046729,52.0,True,0.6926179081201553,UNRANKED,False,20,"5,10,20"
2025-05-20,2025-05-21,2025-05-22,GOOGL,XLK,163.12438701474937,160.14614277821198,1,SHORT,SHORT,0.2996777345736821,0.23355008463363167,0.9161215821901957,76.64499153663684,52.0,True,0.7448945095141729,UNRANKED,False,20,"5,10,20"
2025-05-21,2025-05-22,2025-05-23,GOOGL,XLK,171.25616550038472,179.0719243417631,1,SHORT,SHORT,0.2670829395453135,0.1850873957107496,0.7895047863324484,81.49126042892505,52.0,True,0.9880833526452384,UNRANKED,False,20,"5,10,20"
2025-05-22,2025-05-23,2025-05-27,GOOGL,XLK,168.47582079984258,165.3794157705457,1,SHORT,SHORT,0.24659737696250272,0.1950014480807828,0.904862642288208,80.49985519192172,52.0,True,0.6103220929702123,UNRANKED,False,20,"5,10,20"
2025-05-23,2025-05-27,2025-05-28,GOOGL,XLK,169.57202886061165,166.31760381178353,1,SHORT,SHORT,0.21876826882362366,0.18753998189240187,0.887405534585317,81.24600181075982,52.0,True,0.7931432475646338,UNRANKED,False,20,"5,10,20"
2025-05-27,2025-05-28,2025-05-29,GOOGL,XLK,172.56165823831284,169.06165714839935,1,SHORT,SHORT,0.24957007169723508,0.18263284774650582,0.9178296128908793,81.73671522534943,52.0,True,0.7992406934499742,UNRANKED,False,20,"5,10,20"
2025-05-28,2025-05-29,2025-05-30,GOOGL,XLK,173.39874848808273,170.70381309815528,1,SHORT,SHORT,0.24954301615556077,0.19181679101814278,0.9118744333585104,80.81832089818573,52.0,True,0.8311422765254975,UNRANKED,False,20,"5,10,20"
2025-05-29,2025-05-30,2025-06-02,GOOGL,XLK,170.75789369177105,168.23379352436032,1,SHORT,SHORT,0.19286400824785233,0.15228439701928032,0.9450367490450541,84.77156029807198,52.0,True,0.4563257098197937,UNRANKED,False,20,"5,10,20"
2025-05-30,2025-06-02,2025-06-03,GOOGL,XLK,167.2600172613062,164.83628286886758,1,SHORT,SHORT,0.22332098583380378,0.1741994030579047,0.9184381564458212,82.58005969420952,52.0,True,0.5546396672725676,UNRANKED,False,20,"5,10,20"
2025-06-02,2025-06-03,2025-06-04,GOOGL,XLK,166.91124474262,164.70105710311108,1,SHORT,SHORT,0.23856335133314124,0.20341915056586013,0.9399211605389913,79.65808494341398,52.0,True,0.33928883075714106,UNRANKED,False,20,"5,10,20"
2025-06-03,2025-06-04,2025-06-05,GOOGL,XLK,166.1638436483944,163.82695247407798,1,SHORT,SHORT,0.2308137764533361,0.1967756466615175,0.927293618520101,80.32243533384825,52.0,True,0.28467559814453114,UNRANKED,False,20,"5,10,20"
2025-06-04,2025-06-05,2025-06-06,GOOGL,XLK,169.7513830642687,167.69708139364928,1,SHORT,SHORT,0.31912586589654285,0.240883639619382,0.9344824155171713,75.9116360380618,52.0,True,0.41337897380193084,UNRANKED,False,20,"5,10,20"
2025-06-05,2025-06-06,2025-06-09,GOOGL,XLK,170.239706414102,168.27438201224652,1,SHORT,SHORT,0.250808705886205,0.2104319477953248,0.8303967912991842,78.95680522046752,52.0,True,0.4971643735965092,UNRANKED,False,20,"5,10,20"
2025-06-06,2025-06-09,2025-06-10,GOOGL,XLK,174.14745263351276,171.95149817445864,1,SHORT,SHORT,0.2692270601789156,0.21680060856804848,0.8575549125671387,78.31993914319514,52.0,True,0.5867581069469451,UNRANKED,False,20,"5,10,20"
2025-06-09,2025-06-10,2025-06-11,GOOGL,XLK,175.80372221831115,173.44595811047074,1,SHORT,SHORT,0.2708134626348813,0.2083797758620457,0.8479167024294535,79.16202241379543,52.0,True,0.6324013421932856,UNRANKED,False,20,"5,10,20"
2025-06-10,2025-06-11,2025-06-12,GOOGL,XLK,179.36569688795734,185.25175297054665,1,SHORT,SHORT,0.256527046362559,0.206022084917259,0.9207587838172913,79.3977915082741,52.0,True,0.5306334147850673,UNRANKED,False,20,"5,10,20"
2025-06-11,2025-06-12,2025-06-13,GOOGL,XLK,175.78375628436552,173.66626251867078,1,SHORT,SHORT,0.28158766031265253,0.23050109919761955,0.9040125211079916,76.94989008023805,52.0,True,0.4788435846567154,UNRANKED,False,20,"5,10,20"
2025-06-12,2025-06-13,2025-06-16,GOOGL,XLK,172.05218023736916,169.98152114487473,1,SHORT,SHORT,0.27438738942146296,0.22234222778265147,0.9429430961608887,77.76577722173485,52.0,True,0.4792476296424866,UNRANKED,False,20,"5,10,20"
2025-06-13,2025-06-16,2025-06-17,GOOGL,XLK,174.33701609632743,172.36378546191057,1,SHORT,SHORT,0.28458431114753086,0.22732109205777787,0.899803896745046,77.26789079422221,52.0,True,0.733985478679339,UNRANKED,False,20,"5,10,20"
2025-06-16,2025-06-17,2025-06-18,GOOGL,XLK,175.304837776751,179.8237336071779,1,SHORT,SHORT,0.28465730945269263,0.2147019932697248,0.8965091109275818,78.52980067302752,52.0,True,0.5865434457858404,UNRANKED,False,20,"5,10,20"
2025-06-17,2025-06-18,2025-06-20,GOOGL,XLK,175.6141436330853,180.183044695097,1,SHORT,SHORT,0.29587898155053455,0.213331583145264,0.8843546708424886,78.6668416854736,52.0,True,0.7259178906679153,UNRANKED,False,20,"5,10,20"
2025-06-18,2025-06-20,2025-06-23,GOOGL,XLK,173.55878574385125,178.50729278033282,1,SHORT,SHORT,0.30063618719577784,0.22124898732006862,0.8711107770601908,77.87510126799314,52.0,True,0.6496648093064625,UNRANKED,False,20,"5,10,20"
2025-06-20,2025-06-23,2025-06-24,GOOGL,XLK,165.8960542954959,163.44912436385528,1,SHORT,SHORT,0.31867130100727076,0.2228692364719779,0.9160843888918558,77.71307635280222,52.0,True,0.5785177052021027,UNRANKED,False,20,"5,10,20"
2025-06-23,2025-06-24,2025-06-25,GOOGL,XLK,166.5445998017471,164.18723351233584,1,SHORT,SHORT,0.28378026187419886,0.2180133094420067,0.9244435429573059,78.19866905579933,52.0,True,0.4747716585795085,UNRANKED,False,20,"5,10,20"
2025-06-24,2025-06-25,2025-06-26,GOOGL,XLK,167.25301404319714,164.9859111204851,1,SHORT,SHORT,0.23499102890491483,0.20008033959843044,0.9283953110376993,79.99196604015695,52.0,True,0.19724362095197054,UNRANKED,False,20,"5,10,20"
2025-06-25,2025-06-26,2025-06-27,GOOGL,XLK,172.04218458564608,169.6295357034614,1,SHORT,SHORT,0.27449790636698407,0.21659562107486705,0.9613297382990519,78.3404378925133,52.0,True,0.2939575165510176,UNRANKED,False,20,"5,10,20"
2025-06-26,2025-06-27,2025-06-30,GOOGL,XLK,173.14969619543672,170.5446110949903,1,SHORT,SHORT,0.23021549731492993,0.1848894970166658,0.9761935472488403,81.51105029833342,52.0,True,0.2945538312196732,UNRANKED,False,20,"5,10,20"
2025-06-27,2025-06-30,2025-07-01,GOOGL,XLK,180.3734186271616,186.80179114651847,1,SHORT,SHORT,0.24923832714557645,0.20541363589479988,0.9667154351870219,79.45863641052001,52.0,True,0.3062939395507179,UNRANKED,False,20,"5,10,20"
2025-06-30,2025-07-01,2025-07-02,GOOGL,XLK,175.3447530851258,172.79621051746398,1,SHORT,SHORT,0.29116850594679516,0.2262257875207012,0.9042288263638815,77.37742124792987,52.0,True,0.5876507461071014,UNRANKED,False,20,"5,10,20"
2025-07-01,2025-07-02,2025-07-03,GOOGL,XLK,175.14518633422566,172.7477319362067,1,SHORT,SHORT,0.2864806254704793,0.23306274640850533,0.8511266907056173,76.69372535914947,52.0,True,0.5769839634497961,UNRANKED,False,20,"5,10,20"
2025-07-02,2025-07-03,2025-07-07,GOOGL,XLK,178.09853847776557,175.5906191662421,1,SHORT,SHORT,0.31807256241639453,0.23595572627150196,0.8303269147872925,76.40442737284981,52.0,True,0.4755985339482627,UNRANKED,False,20,"5,10,20"
2025-07-03,2025-07-07,2025-07-08,GOOGL,XLK,178.65727862884938,184.79166605386337,1,SHORT,SHORT,0.31131426244974136,0.2379201588715647,0.8190934062004089,76.20798411284353,52.0,True,0.6193190366029738,UNRANKED,False,20,"5,10,20"
2025-07-07,2025-07-08,2025-07-09,GOOGL,XLK,177.4500058972594,174.87438224875214,1,SHORT,SHORT,0.2759837706883748,0.21794341065500936,0.8578120470046997,78.20565893449907,52.0,True,0.6447861889998119,UNRANKED,False,20,"5,10,20"
2025-07-08,2025-07-09,2025-07-10,GOOGL,XLK,174.85584916951822,172.25670736741165,1,SHORT,SHORT,0.3275893032550811,0.238376421732707,0.8463097016016642,76.1623578267293,52.0,True,0.7015814582506815,UNRANKED,False,20,"5,10,20"
2025-07-09,2025-07-10,2025-07-11,GOOGL,XLK,175.2350053597822,172.53323839200877,1,SHORT,SHORT,0.28531120220820105,0.22975627697073597,0.8862177928288778,77.02437230292641,52.0,True,0.323391651113828,UNRANKED,False,20,"5,10,20"
2025-07-10,2025-07-11,2025-07-14,GOOGL,XLK,176.39239690386106,173.80679509722043,1,SHORT,SHORT,0.2534666955471039,0.1935901771018934,0.9301930069923401,80.64098228981067,52.0,True,0.2567283163468043,UNRANKED,False,20,"5,10,20"
2025-07-11,2025-07-14,2025-07-15,GOOGL,XLK,180.60289104600895,178.3101991340391,1,SHORT,SHORT,0.31426080564657843,0.24548113652325276,0.9040212432543436,75.45188634767473,52.0,True,0.1635513106981912,UNRANKED,False,20,"5,10,20"
2025-07-14,2025-07-15,2025-07-16,GOOGL,XLK,182.3988435351607,180.1118551405597,1,SHORT,SHORT,0.2773670206467311,0.2229742967338807,0.8564181526501974,77.70257032661193,52.0,True,0.49259827037652326,UNRANKED,False,20,"5,10,20"
2025-07-15,2025-07-16,2025-07-17,GOOGL,XLK,182.82789923086935,180.62215734854513,1,SHORT,SHORT,0.2905501226584116,0.2342893503933381,0.84946209192276,76.57106496066619,52.0,True,0.5778122196594875,UNRANKED,False,20,"5,10,20"
2025-07-16,2025-07-17,2025-07-18,GOOGL,XLK,181.7303505085708,179.73413468825828,1,SHORT,SHORT,0.24678244441747663,0.21243476578662288,0.8687519431114197,78.7565234213377,52.0,True,0.4695251385370891,UNRANKED,False,20,"5,10,20"
2025-07-17,2025-07-18,2025-07-21,GOOGL,XLK,184.98301522964096,183.14715184375925,1,SHORT,SHORT,0.25851499537626904,0.214358244242558,0.90599125623703,78.5641755757442,52.0,True,0.49444998800754547,UNRANKED,False,20,"5,10,20"
2025-07-18,2025-07-21,2025-07-22,GOOGL,XLK,185.83110772544197,184.2453958375374,1,SHORT,SHORT,0.25822784006595606,0.21607452025243554,0.9083163738250732,78.39254797475644,52.0,True,0.35079483191172284,UNRANKED,False,20,"5,10,20"
2025-07-21,2025-07-22,2025-07-23,GOOGL,XLK,191.0693117786785,189.28832553774657,1,SHORT,SHORT,0.28157276908556617,0.2333310666510692,0.928864856561025,76.66689333489309,52.0,True,0.42778582374254875,UNRANKED,False,20,"5,10,20"
2025-07-22,2025-07-23,2025-07-24,GOOGL,XLK,191.06931784155387,189.22775420804385,1,SHORT,SHORT,0.28222720821698505,0.2330234470793834,0.9240811467170715,76.69765529206167,52.0,True,0.44260371228059125,UNRANKED,False,20,"5,10,20"
2025-07-23,2025-07-24,2025-07-25,GOOGL,XLK,196.58686306155585,200.8896644662364,1,SHORT,SHORT,0.2834307104349136,0.2263106645348613,0.939609169960022,77.36893354651387,52.0,True,0.5052189826965331,UNRANKED,False,20,"5,10,20"
2025-07-24,2025-07-25,2025-07-28,GOOGL,XLK,191.5482310302433,189.75228027689508,1,SHORT,SHORT,0.2591292262077331,0.20503276702327708,0.9555859764417013,79.49672329767229,52.0,True,0.39501117169857025,UNRANKED,False,20,"5,10,20"
2025-07-25,2025-07-28,2025-07-29,GOOGL,XLK,193.21445136708732,191.54179380919112,1,SHORT,SHORT,0.20965343465407685,0.17209542185295534,0.9464665055274963,82.79045781470447,52.0,True,0.5177873124678929,UNRANKED,False,20,"5,10,20"
2025-07-28,2025-07-29,2025-07-30,GOOGL,XLK,191.99721287217557,190.45497436422357,1,SHORT,SHORT,0.26164918889602023,0.2095542201259183,0.9082804322242737,79.04457798740818,52.0,True,0.5059269865353903,UNRANKED,False,20,"5,10,20"
2025-07-29,2025-07-30,2025-07-31,GOOGL,XLK,195.1600963397073,199.1778308672952,1,SHORT,SHORT,0.2663023273150126,0.2244304065781566,0.9252271056175232,77.55695934218434,52.0,True,0.5388837407032648,UNRANKED,False,20,"5,10,20"
2025-07-30,2025-07-31,2025-08-01,GOOGL,XLK,195.26984291287636,199.24837870127615,1,SHORT,SHORT,0.25795287390549976,0.21470571192616686,0.9272396763165792,78.52942880738331,52.0,True,0.5261444052060446,UNRANKED,False,20,"5,10,20"
2025-07-31,2025-08-01,2025-08-04,GOOGL,XLK,188.6048544387261,186.86662877431485,1,SHORT,SHORT,0.27619127432505286,0.22207003466799324,0.9208009243011475,77.79299653320068,52.0,True,0.4503267010053,UNRANKED,False,20,"5,10,20"
2025-08-01,2025-08-04,2025-08-05,GOOGL,XLK,189.86201672672937,188.0240149305519,1,SHORT,SHORT,0.3014433334271113,0.21990690927009104,0.9573500156402588,78.0093090729909,52.0,True,0.7403804163138071,UNRANKED,False,20,"5,10,20"
2025-08-04,2025-08-05,2025-08-06,GOOGL,XLK,194.2720962985156,192.0442596896289,1,SHORT,SHORT,0.3157562613487243,0.20445651925169606,0.895613968372345,79.5543480748304,52.0,True,0.6934611201286316,UNRANKED,False,20,"5,10,20"
2025-08-05,2025-08-06,2025-08-07,GOOGL,XLK,194.06255127051267,191.8774774179736,1,SHORT,SHORT,0.3178420017162959,0.20703410407205736,0.8348348736763,79.29658959279426,52.0,True,0.5865782052278518,UNRANKED,False,20,"5,10,20"
2025-08-06,2025-08-07,2025-08-08,GOOGL,XLK,196.6167969951023,194.3739958737993,1,SHORT,SHORT,0.3233149399360021,0.22533777654469325,0.9297072688738505,77.46622234553068,52.0,True,0.2949451804161073,UNRANKED,False,20,"5,10,20"
2025-08-07,2025-08-08,2025-08-11,GOOGL,XLK,196.7764442791972,194.60847334937017,1,SHORT,SHORT,0.27969892819722486,0.2202030233200707,0.8740430871645609,77.97969766799294,52.0,True,0.3789209723472595,UNRANKED,False,20,"5,10,20"
2025-08-08,2025-08-11,2025-08-12,GOOGL,XLK,200.48808049350347,198.33008772180983,1,SHORT,SHORT,0.25059839089711505,0.1938293466518408,0.935986856619517,80.61706533481592,52.0,True,0.10110968848069511,UNRANKED,False,20,"5,10,20"
2025-08-11,2025-08-12,2025-08-13,GOOGL,XLK,200.91710457512625,198.81755187562848,1,SHORT,SHORT,0.2820221583048502,0.22767626361611662,0.8801153500874838,77.23237363838834,52.0,True,0.5826128919919332,UNRANKED,False,20,"5,10,20"
2025-08-12,2025-08-13,2025-08-14,GOOGL,XLK,203.67091617948037,201.4837039166455,1,SHORT,SHORT,0.23031992713610328,0.16376137556550707,0.908196230729421,83.6238624434493,52.0,True,0.5904650986194611,UNRANKED,False,20,"5,10,20"
2025-08-13,2025-08-14,2025-08-15,GOOGL,XLK,201.0468177297292,198.89951591960087,1,SHORT,SHORT,0.2695479740699132,0.21191153098885115,0.861595630645752,78.80884690111488,52.0,True,0.5773252149422965,UNRANKED,False,20,"5,10,20"
2025-08-14,2025-08-15,2025-08-18,GOOGL,XLK,203.39153088363753,201.24636857371848,1,SHORT,SHORT,0.246515117585659,0.18631783185417217,0.9170796871185303,81.36821681458278,52.0,True,0.5445953011512756,UNRANKED,False,20,"5,10,20"
2025-08-15,2025-08-18,2025-08-19,GOOGL,XLK,203.74075053383524,209.1677922688031,1,SHORT,SHORT,0.2838183989127477,0.2177815169916213,0.8738834063212076,78.22184830083788,52.0,True,0.40844955543677003,UNRANKED,False,20,"5,10,20"
2025-08-18,2025-08-19,2025-08-20,GOOGL,XLK,202.57337657986537,207.506880956958,1,SHORT,SHORT,0.2783891459306081,0.21895183424453254,0.8096594015757242,78.10481657554675,52.0,True,0.6805040985345842,UNRANKED,False,20,"5,10,20"
2025-08-19,2025-08-20,2025-08-21,GOOGL,XLK,200.27853657760335,198.22317660097113,1,SHORT,SHORT,0.2874226743976275,0.22985951480125724,0.801357368628184,77.01404851987428,52.0,True,0.6901565243800482,UNRANKED,False,20,"5,10,20"
2025-08-20,2025-08-21,2025-08-22,GOOGL,XLK,199.3007354736328,197.4149932861328,1,SHORT,SHORT,0.303703968723615,0.22619636158446788,0.8198123176892599,77.38036384155322,52.0,True,0.5594214548667272,UNRANKED,False,20,"5,10,20"
2025-08-21,2025-08-22,2025-08-25,GOOGL,XLK,202.2740514669347,200.5550769447528,1,SHORT,SHORT,0.2657454212506612,0.21517441896887926,0.8806598981221517,78.48255810311208,52.0,True,0.31374543408552796,UNRANKED,False,20,"5,10,20"
2025-08-22,2025-08-25,2025-08-26,GOOGL,XLK,205.96570803332725,204.2160862333133,1,SHORT,SHORT,0.2967608322699864,0.21893601914545213,0.9295129776000977,78.10639808545479,52.0,True,0.6122893591721852,UNRANKED,False,20,"5,10,20"
2025-08-25,2025-08-26,2025-08-27,GOOGL,XLK,207.04328099820484,205.1489851695218,1,SHORT,SHORT,0.30044708649317425,0.22982609570324739,0.8894213636716207,77.01739042967526,52.0,True,0.6812152167161307,UNRANKED,False,20,"5,10,20"
2025-08-26,2025-08-27,2025-08-28,GOOGL,XLK,205.2373711930947,203.3480628086081,1,SHORT,SHORT,0.25282574693361914,0.19542848595720153,0.9348431626955668,80.45715140427984,52.0,True,0.5521062960227331,UNRANKED,False,20,"5,10,20"
2025-08-27,2025-08-28,2025-08-29,GOOGL,XLK,206.7838755896793,204.90098134616647,1,SHORT,SHORT,0.26908742388089496,0.20853520068043932,0.8972989320755005,79.14647993195607,52.0,True,0.58757812778155,UNRANKED,False,20,"5,10,20"
2025-08-28,2025-08-29,2025-09-02,GOOGL,XLK,210.0365409975429,208.20638548868408,1,SHORT,SHORT,0.32403130829334253,0.24144765901697277,0.897581160068512,75.85523409830273,52.0,True,0.4337896754344304,UNRANKED,False,20,"5,10,20"
2025-08-29,2025-09-02,2025-09-03,GOOGL,XLK,207.9712205067108,206.08048651536035,1,SHORT,SHORT,0.2892924149831136,0.23364470518194813,0.8705671826998392,76.6355294818052,52.0,True,0.471701666712761,UNRANKED,False,20,"5,10,20"
2025-09-02,2025-09-03,2025-09-04,GOOGL,XLK,225.7012467158241,223.86610267285536,1,SHORT,SHORT,0.29346334934234614,0.22325435579121425,0.8514177600542704,77.67456442087858,52.0,True,0.5637909770011902,UNRANKED,False,20,"5,10,20"
2025-09-03,2025-09-04,2025-09-05,GOOGL,XLK,229.13349303754427,226.0205147834985,1,SHORT,SHORT,0.30855790774027503,0.23059330579169068,0.9466153780619303,76.94066942083093,52.0,True,0.5008946011463801,UNRANKED,False,20,"5,10,20"
2025-09-04,2025-09-05,2025-09-08,GOOGL,XLK,231.677775522156,228.51775987099808,1,SHORT,SHORT,0.2800825834274292,0.22003185164957692,0.9530237714449564,77.9968148350423,52.0,True,0.48573310673236847,UNRANKED,False,20,"5,10,20"
2025-09-05,2025-09-08,2025-09-09,GOOGL,XLK,235.15054099905157,231.8665171691827,1,SHORT,SHORT,0.23340780784686402,0.18866396654714634,0.9685394962628683,81.13360334528537,52.0,True,0.23273040850957236,UNRANKED,False,20,"5,10,20"
2025-09-08,2025-09-09,2025-09-10,GOOGL,XLK,233.8523019486149,230.54328313234817,1,SHORT,SHORT,0.217454416056474,0.17698884397972536,0.968756357828776,82.30111560202747,52.0,True,0.41031333307425183,UNRANKED,False,20,"5,10,20"
2025-09-09,2025-09-10,2025-09-11,GOOGL,XLK,238.5758820575914,235.0056654699798,1,SHORT,SHORT,0.24171087145805356,0.21193901408781102,0.9428835312525431,78.8060985912189,52.0,True,0.4726251661777497,UNRANKED,False,20,"5,10,20"
2025-09-10,2025-09-11,2025-09-12,GOOGL,XLK,239.55457404217233,236.11189804293963,1,SHORT,SHORT,0.2588996837536493,0.2107324685333004,0.9483557740847269,78.92675314666995,52.0,True,0.47072413563728327,UNRANKED,False,20,"5,10,20"
2025-09-11,2025-09-12,2025-09-15,GOOGL,XLK,240.04388783032,236.5462573022787,1,SHORT,SHORT,0.24284736315409336,0.20955958133419103,0.9600101510683695,79.0440418665809,52.0,True,0.5282035022974015,UNRANKED,False,20,"5,10,20"
2025-09-12,2025-09-15,2025-09-16,GOOGL,XLK,244.32807821701437,241.25161533510868,1,SHORT,SHORT,0.2386112883687019,0.2009955065000032,0.9598713517189026,79.90044934999968,52.0,True,0.5065941760937372,UNRANKED,False,20,"5,10,20"
2025-09-15,2025-09-16,2025-09-17,GOOGL,XLK,251.73800966841424,248.0614938167122,1,SHORT,SHORT,0.29391941428184504,0.22609876843777155,0.9527571797370911,77.39012315622284,52.0,True,0.5332010487715405,UNRANKED,False,20,"5,10,20"
2025-09-16,2025-09-17,2025-09-18,GOOGL,XLK,250.879176939906,247.2667741601906,1,SHORT,SHORT,0.2586580614248911,0.2235523010172181,0.969472348690033,77.64476989827818,52.0,True,0.5187341074148814,UNRANKED,False,20,"5,10,20"
2025-09-17,2025-09-18,2025-09-19,GOOGL,XLK,251.338548569648,247.6341069541346,1,SHORT,SHORT,0.2538367062807083,0.21460645108490675,0.9666463534037272,78.53935489150933,52.0,True,0.512103036046028,UNRANKED,False,20,"5,10,20"
2025-09-18,2025-09-19,2025-09-22,GOOGL,XLK,252.90642848071656,249.3201313092601,1,SHORT,SHORT,0.2547464768091837,0.2165945938137123,0.9728855689366657,78.34054061862878,52.0,True,0.4934028734763464,UNRANKED,False,20,"5,10,20"
2025-09-19,2025-09-22,2025-09-23,GOOGL,XLK,254.08482475081848,250.39715581422527,1,SHORT,SHORT,0.27356157700220746,0.21849711370979216,0.9602041045824686,78.15028862902078,52.0,True,0.5630475531021755,UNRANKED,False,20,"5,10,20"
2025-09-22,2025-09-23,2025-09-24,GOOGL,XLK,252.69670571321296,262.0284770188421,1,SHORT,SHORT,0.27734579642613727,0.2236518698618347,0.9525355497996012,77.63481301381653,52.0,True,0.5183551808198291,UNRANKED,False,20,"5,10,20"
2025-09-23,2025-09-24,2025-09-25,GOOGL,XLK,251.31859024650916,257.3650516243342,1,SHORT,SHORT,0.27051906784375507,0.21555050271764165,0.9419853289922079,78.44494972823584,52.0,True,0.5180580615997314,UNRANKED,False,20,"5,10,20"
2025-09-24,2025-09-25,2025-09-26,GOOGL,XLK,244.0684141454478,241.44428934599188,1,SHORT,SHORT,0.25571733961502713,0.20300973400468358,0.9189549088478088,79.69902659953163,52.0,True,0.38536508381366724,UNRANKED,False,20,"5,10,20"
2025-09-25,2025-09-26,2025-09-29,GOOGL,XLK,246.73481561544992,253.05481531027417,1,SHORT,SHORT,0.28330597778161365,0.22162782450815358,0.8999474843343099,77.83721754918464,52.0,True,0.5176831036806107,UNRANKED,False,20,"5,10,20"
2025-09-26,2025-09-29,2025-09-30,GOOGL,XLK,247.51375020937843,253.83374717941888,1,SHORT,SHORT,0.25206939876079554,0.2013805546050801,0.9293404221534729,79.86194453949199,52.0,True,0.4391698837280274,UNRANKED,False,20,"5,10,20"
2025-09-29,2025-09-30,2025-10-01,GOOGL,XLK,242.48058753408856,240.17371802725265,1,SHORT,SHORT,0.29552341004212695,0.2285051059381483,0.9462080200513204,77.14948940618517,52.0,True,0.46919946372508997,UNRANKED,False,20,"5,10,20"
2025-09-30,2025-10-01,2025-10-02,GOOGL,XLK,240.42338523813993,238.08156438504284,1,SHORT,SHORT,0.3041836420694987,0.22718426780429954,0.8960993687311808,77.28157321957005,52.0,True,0.6961871335903803,UNRANKED,False,20,"5,10,20"
2025-10-01,2025-10-02,2025-10-03,GOOGL,XLK,244.8174135056227,242.43279501894585,1,SHORT,SHORT,0.30612006783485407,0.22491713285717077,0.9305470585823059,77.50828671428293,52.0,True,0.6637780765692393,UNRANKED,False,20,"5,10,20"
2025-10-02,2025-10-03,2025-10-06,GOOGL,XLK,244.15830178707057,241.7480027584015,1,SHORT,SHORT,0.2745666950941085,0.2149488370818838,0.9570642709732056,78.50511629181162,52.0,True,0.6049425254265466,UNRANKED,False,20,"5,10,20"
2025-10-03,2025-10-06,2025-10-07,GOOGL,XLK,244.44791178946252,242.7844541914575,1,SHORT,SHORT,0.2898603727420171,0.22641567687491893,0.9587551752726235,77.35843231250811,52.0,True,0.5028216441472372,UNRANKED,False,20,"5,10,20"
2025-10-06,2025-10-07,2025-10-08,GOOGL,XLK,247.93317917084852,252.917487141168,1,SHORT,SHORT,0.3071239193280538,0.23726712779763517,0.9695048928260803,76.27328722023648,52.0,True,0.5511324107646943,UNRANKED,False,20,"5,10,20"
2025-10-07,2025-10-08,2025-10-09,GOOGL,XLK,244.62768203424935,250.1541102569056,1,SHORT,SHORT,0.28603056073188776,0.22733605317303984,0.9604770739873251,77.26639468269602,52.0,True,0.471461832523346,UNRANKED,False,20,"5,10,20"
2025-10-08,2025-10-09,2025-10-10,GOOGL,XLK,244.13833003954065,249.42222798439977,1,SHORT,SHORT,0.27631986389557517,0.2221729494815602,0.9653434157371521,77.78270505184398,52.0,True,0.4974069645007451,UNRANKED,False,20,"5,10,20"
2025-10-09,2025-10-10,2025-10-13,GOOGL,XLK,241.10244578834048,238.96035376476345,1,SHORT,SHORT,0.284441848595937,0.23098330812218962,0.9473385612169901,76.90166918778104,52.0,True,0.37099329133828496,UNRANKED,False,20,"5,10,20"
2025-10-10,2025-10-13,2025-10-14,GOOGL,XLK,239.8841293059291,237.54444904295477,1,SHORT,SHORT,0.2792507857084274,0.20564619998435493,0.9428382714589435,79.43538000156451,52.0,True,0.874204104145368,UNRANKED,False,20,"5,10,20"
2025-10-13,2025-10-14,2025-10-15,GOOGL,XLK,240.9027282868883,238.08441250842847,1,SHORT,SHORT,0.2705904344717662,0.2042657266090345,0.9281264543533325,79.57342733909655,52.0,True,0.35593210160732264,UNRANKED,False,20,"5,10,20"
2025-10-14,2025-10-15,2025-10-16,GOOGL,XLK,246.91456723829836,244.32593983176935,1,SHORT,SHORT,0.2594036906957626,0.2000700574321493,0.9424888690312704,79.99299425678507,52.0,True,0.42872082193692534,UNRANKED,False,20,"5,10,20"
2025-10-15,2025-10-16,2025-10-17,GOOGL,XLK,251.42842769264908,248.53806863154415,1,SHORT,SHORT,0.2537972380717595,0.2008599622375329,0.9564708471298218,79.91400377624672,52.0,True,0.3158669670422872,UNRANKED,False,20,"5,10,20"
2025-10-16,2025-10-17,2025-10-20,GOOGL,XLK,250.41979725844868,247.55226534578128,1,SHORT,SHORT,0.2372418393691381,0.18923037696656908,0.9560293157895406,81.0769623033431,52.0,True,0.4703408231337865,UNRANKED,False,20,"5,10,20"
2025-10-17,2025-10-20,2025-10-21,GOOGL,XLK,254.3444728441902,261.39739032465894,1,SHORT,SHORT,0.26795260608196253,0.20140292656450912,0.9508865078290304,79.85970734354909,52.0,True,0.4873431573311488,UNRANKED,False,20,"5,10,20"
2025-10-20,2025-10-21,2025-10-22,GOOGL,XLK,254.39440086428343,261.85747459475215,1,SHORT,SHORT,0.2364004155000051,0.17711861344207772,0.9221513668696085,82.28813865579224,52.0,True,0.5259110331535339,UNRANKED,False,20,"5,10,20"
2025-10-21,2025-10-22,2025-10-23,GOOGL,XLK,254.02489806023604,250.73365573322712,1,SHORT,SHORT,0.2550206234057744,0.18792841947638173,0.9175000588099161,81.20715805236183,52.0,True,0.4668844193220139,UNRANKED,False,20,"5,10,20"
2025-10-22,2025-10-23,2025-10-24,GOOGL,XLK,252.6367781341903,249.3141506579068,1,SHORT,SHORT,0.23865358531475064,0.18060542555679326,0.8506126205126444,81.93945744432068,52.0,True,0.5265058030684789,UNRANKED,False,20,"5,10,20"
2025-10-23,2025-10-24,2025-10-27,GOOGL,XLK,256.23191746004557,252.8343933075623,1,SHORT,SHORT,0.23642900586128235,0.18126314774653177,0.822165052096049,81.87368522534683,52.0,True,0.7221940805514654,UNRANKED,False,20,"5,10,20"
2025-10-24,2025-10-27,2025-10-28,GOOGL,XLK,264.4607188078389,260.9376475187764,1,SHORT,SHORT,0.2173601637283961,0.18504535862872493,0.8949865301450094,81.4954641371275,52.0,True,0.20407980183760335,UNRANKED,False,20,"5,10,20"
2025-10-27,2025-10-28,2025-10-29,GOOGL,XLK,269.3241367489819,265.4672380324641,1,SHORT,SHORT,0.1984589298566182,0.16077534187663423,0.9440359473228455,83.92246581233658,52.0,True,0.08222110569477074,UNRANKED,False,20,"5,10,20"
2025-10-28,2025-10-29,2025-10-30,GOOGL,XLK,267.38675485794886,263.48277950743267,1,SHORT,SHORT,0.25343506534894306,0.21719018070675258,0.9299795826276144,78.28098192932474,52.0,True,0.31124555071194965,UNRANKED,False,20,"5,10,20"
2025-10-29,2025-10-30,2025-10-31,GOOGL,XLK,291.1944142933695,301.6694503695065,1,SHORT,SHORT,0.2729539722204208,0.21457477935891967,0.9037198225657145,78.54252206410803,52.0,True,0.36196794112523406,UNRANKED,False,20,"5,10,20"
2025-10-30,2025-10-31,2025-11-03,GOOGL,XLK,282.8257813584811,278.4966688968461,1,SHORT,SHORT,0.24599619209766385,0.20679581611133938,0.9061554272969564,79.32041838886606,52.0,True,0.30003142356872553,UNRANKED,False,20,"5,10,20"
2025-10-31,2025-11-03,2025-11-04,GOOGL,XLK,281.797163766903,291.319926065487,1,SHORT,SHORT,0.24413274725278214,0.20770732014156704,0.8808784683545431,79.2292679858433,52.0,True,0.43845975895722716,UNRANKED,False,20,"5,10,20"
2025-11-03,2025-11-04,2025-11-05,GOOGL,XLK,276.3745458896769,272.4777040230474,1,SHORT,SHORT,0.22896586358547208,0.18726095174245785,0.880659838517507,81.27390482575422,52.0,True,0.539618561665217,UNRANKED,False,20,"5,10,20"
2025-11-04,2025-11-05,2025-11-06,GOOGL,XLK,278.4916636746374,274.55202417442814,1,SHORT,SHORT,0.2575909594694773,0.21863009243279188,0.9271547595659891,78.13699075672082,52.0,True,0.6851955850919088,UNRANKED,False,20,"5,10,20"
2025-11-05,2025-11-06,2025-11-07,GOOGL,XLK,284.9429082592804,295.922612434957,1,SHORT,SHORT,0.2650224591294924,0.22046821027069777,0.9374097983042399,77.95317897293023,52.0,True,0.19724763433138529,UNRANKED,False,20,"5,10,20"
2025-11-06,2025-11-07,2025-11-10,GOOGL,XLK,282.82575309004056,278.5337347446165,1,SHORT,SHORT,0.25738505522410077,0.21010955562421593,0.9208894769350687,78.9890444375784,52.0,True,0.4665420949459076,UNRANKED,False,20,"5,10,20"
2025-11-07,2025-11-10,2025-11-11,GOOGL,XLK,284.03413439651047,279.55165584600826,1,SHORT,SHORT,0.2642764200766881,0.20514013427510625,0.9159056345621744,79.48598657248938,52.0,True,0.5226813008387882,UNRANKED,False,20,"5,10,20"
2025-11-10,2025-11-11,2025-11-12,GOOGL,XLK,287.3595968518003,282.50761800484156,1,SHORT,SHORT,0.2449487348397572,0.18877984144304952,0.9332811236381531,81.12201585569505,52.0,True,0.5239295562108358,UNRANKED,False,20,"5,10,20"
2025-11-11,2025-11-12,2025-11-13,GOOGL,XLK,291.2842728658537,303.4106505165234,1,SHORT,SHORT,0.22736006230115888,0.16512386820632027,0.935440202554067,83.48761317936797,52.0,True,0.3915938784678778,UNRANKED,False,20,"5,10,20"
2025-11-12,2025-11-13,2025-11-14,GOOGL,XLK,281.9569519907634,294.65576583789647,1,SHORT,SHORT,0.22574342538913086,0.1777569988392682,0.8985112110773722,82.22430011607318,52.0,True,0.2591315805912016,UNRANKED,False,20,"5,10,20"
2025-11-13,2025-11-14,2025-11-17,GOOGL,XLK,271.04178706348836,265.86953495341584,1,SHORT,SHORT,0.25843024253845215,0.19901986221770762,0.8694951335589091,80.09801377822924,52.0,True,0.8608965476353964,UNRANKED,False,20,"5,10,20"
2025-11-14,2025-11-17,2025-11-18,GOOGL,XLK,285.392279437324,280.73289702591217,1,SHORT,SHORT,0.24420652290185288,0.18509477786252349,0.7915470997492472,81.49052221374765,52.0,True,0.9484480023384095,UNRANKED,False,20,"5,10,20"
2025-11-17,2025-11-18,2025-11-19,GOOGL,XLK,287.52939388700526,282.38424138630774,1,SHORT,SHORT,0.28951971232891077,0.20777725211781103,0.9080357352892557,79.2222747882189,52.0,True,0.5101089378197987,UNRANKED,False,20,"5,10,20"
2025-11-18,2025-11-19,2025-11-20,GOOGL,XLK,286.77042153983126,282.07893899588595,1,SHORT,SHORT,0.2769674062728882,0.20384930089586228,0.8512797554334005,79.61506991041377,52.0,True,0.5941056261459986,UNRANKED,False,20,"5,10,20"
2025-11-19,2025-11-20,2025-11-21,GOOGL,XLK,304.1268355762142,316.1444344095708,1,SHORT,SHORT,0.23333975672721854,0.1805990986897709,0.8378453850746155,81.94009013102291,52.0,True,0.736088032523791,UNRANKED,False,20,"5,10,20"
2025-11-20,2025-11-21,2025-11-24,GOOGL,XLK,296.0178540164301,290.9918268819435,1,SHORT,SHORT,0.24965067207813255,0.19289069009338286,0.8467075228691101,80.71093099066171,52.0,True,0.8692659387985865,UNRANKED,False,20,"5,10,20"
2025-11-21,2025-11-24,2025-11-25,GOOGL,XLK,310.70789188393536,305.13403716504587,1,SHORT,SHORT,0.2601702113946278,0.1871474613775841,0.8922436038653055,81.28525386224159,52.0,True,0.42747487624486286,UNRANKED,False,20,"5,10,20"
2025-11-24,2025-11-25,2025-11-26,GOOGL,XLK,325.767421144808,319.2848009055502,1,SHORT,SHORT,0.24527035653591156,0.17812991551587432,0.9460155566533407,82.18700844841257,52.0,True,0.22091407577196764,UNRANKED,False,20,"5,10,20"
2025-11-25,2025-11-26,2025-11-28,GOOGL,XLK,320.2449508538883,313.89857198251553,1,SHORT,SHORT,0.2527984778086344,0.18780389837453215,0.961858073870341,81.21961016254679,52.0,True,0.02160633107026429,UNRANKED,False,20,"5,10,20"
2025-11-26,2025-11-28,2025-12-01,GOOGL,XLK,322.9312800436979,339.3411213086951,1,SHORT,SHORT,0.256524920463562,0.1947521795858971,0.9707730213801066,80.52478204141029,52.0,True,0.20389224588871013,UNRANKED,False,20,"5,10,20"
2025-11-28,2025-12-01,2025-12-02,GOOGL,XLK,317.26898426885936,311.110931551923,1,SHORT,SHORT,0.22612248361110687,0.17549420565112328,0.9724634289741516,82.45057943488767,52.0,True,0.23405815164248148,UNRANKED,False,20,"5,10,20"
2025-12-01,2025-12-02,2025-12-03,GOOGL,XLK,316.3102616947243,310.5787749655112,1,SHORT,SHORT,0.2250234633684158,0.1724583026741335,0.9750920335451762,82.75416973258665,52.0,True,0.3966976006825765,UNRANKED,False,20,"5,10,20"
2025-12-02,2025-12-03,2025-12-04,GOOGL,XLK,315.4614642178001,309.75066404690165,1,SHORT,SHORT,0.18675694117943442,0.13650199352460904,0.9626594583193461,86.3498006475391,52.0,True,0.17741166551907872,UNRANKED,False,20,"5,10,20"
2025-12-03,2025-12-04,2025-12-05,GOOGL,XLK,321.7928484740126,316.13768402786303,1,SHORT,SHORT,0.1883739332358042,0.13914733794000414,0.9645709196726481,86.08526620599959,52.0,True,0.12977875769138345,UNRANKED,False,20,"5,10,20"
2025-12-04,2025-12-05,2025-12-08,GOOGL,XLK,319.05652267664885,332.1012832444502,1,SHORT,SHORT,0.19538801411787668,0.13784885075357226,0.9665024876594543,86.21511492464278,52.0,True,0.38282516598701477,UNRANKED,False,20,"5,10,20"
2025-12-05,2025-12-08,2025-12-09,GOOGL,XLK,319.82486263347363,314.50067658087875,1,SHORT,SHORT,0.2012545342246691,0.1553705733467415,0.9378284414609274,84.46294266532584,52.0,True,0.5450283686319988,UNRANKED,False,20,"5,10,20"
2025-12-08,2025-12-09,2025-12-10,GOOGL,XLK,312.15025542764414,306.91632075269996,1,SHORT,SHORT,0.2773912698030472,0.2175846935513561,0.7885152896245321,78.24153064486438,52.0,True,0.567871888478597,UNRANKED,False,20,"5,10,20"
2025-12-09,2025-12-10,2025-12-11,GOOGL,XLK,315.6078174223929,310.18683833129353,1,SHORT,SHORT,0.2984346399704615,0.2287897894809675,0.7815939982732137,77.12102105190326,52.0,True,0.442588821053505,UNRANKED,False,20,"5,10,20"
2025-12-10,2025-12-11,2025-12-12,GOOGL,XLK,319.85481737290655,332.444653493512,1,SHORT,SHORT,0.28486385941505427,0.21957665980160548,0.9066869219144186,78.04233401983946,52.0,True,0.5776484360297521,UNRANKED,False,20,"5,10,20"
2025-12-11,2025-12-12,2025-12-15,GOOGL,XLK,313.47935032153816,326.8583110672134,1,SHORT,SHORT,0.2505859583616256,0.19361702017018645,0.9072439869244894,80.63829798298136,52.0,True,0.32019896308581036,UNRANKED,False,20,"5,10,20"
2025-12-12,2025-12-15,2025-12-16,GOOGL,XLK,311.1009991314403,306.2535848422383,1,SHORT,SHORT,0.27463678518931073,0.20702100627884865,0.9409996072451273,79.29789937211513,52.0,True,0.44806503256162006,UNRANKED,False,20,"5,10,20"
2025-12-15,2025-12-16,2025-12-17,GOOGL,XLK,304.7354841263937,313.6709765057185,1,SHORT,SHORT,0.2791143109401067,0.22377900656914054,0.9265074531237284,77.62209934308595,52.0,True,0.4404255251089732,UNRANKED,False,20,"5,10,20"
2025-12-16,2025-12-17,2025-12-18,GOOGL,XLK,307.7933270972379,316.15657129017876,1,SHORT,SHORT,0.24965636928876242,0.20874248652725905,0.8989237944285074,79.1257513472741,52.0,True,0.3906864325205486,UNRANKED,False,20,"5,10,20"
2025-12-17,2025-12-18,2025-12-19,GOOGL,XLK,301.50775321966603,297.70832346241156,1,SHORT,SHORT,0.2835219328602155,0.23333793000939665,0.9277248978614807,76.66620699906034,52.0,True,0.3947363843520482,UNRANKED,False,20,"5,10,20"
2025-12-18,2025-12-19,2025-12-22,GOOGL,XLK,301.5177661333593,297.32502800905684,1,SHORT,SHORT,0.2992055763800939,0.2315317926491831,0.8852498133977255,76.84682073508169,52.0,True,0.6045878628889719,UNRANKED,False,20,"5,10,20"
2025-12-19,2025-12-22,2025-12-23,GOOGL,XLK,309.66200850448513,305.5111339578892,1,SHORT,SHORT,0.2707621653874715,0.1910028785496982,0.914804478486379,80.89971214503018,52.0,True,0.2773037403821944,UNRANKED,False,20,"5,10,20"
2025-12-22,2025-12-23,2025-12-24,GOOGL,XLK,309.41219480947996,305.13993441606476,1,SHORT,SHORT,0.2526026020447413,0.18967535926168758,0.9636735518773397,81.03246407383125,52.0,True,0.30370550851027167,UNRANKED,False,20,"5,10,20"
2025-12-23,2025-12-24,2025-12-26,GOOGL,XLK,314.5485634057752,310.22259207486,1,SHORT,SHORT,0.23749034851789472,0.1831800645392613,0.9720837871233622,81.68199354607387,52.0,True,0.3110844939947128,UNRANKED,False,20,"5,10,20"
2025-12-24,2025-12-26,2025-12-29,GOOGL,XLK,314.25877806497726,310.05762580842037,1,SHORT,SHORT,0.21460773299137745,0.1663193866929939,0.9586122234662374,83.3680613307006,52.0,True,0.5735539446274438,UNRANKED,False,20,"5,10,20"
2025-12-26,2025-12-29,2025-12-30,GOOGL,XLK,311.15095467052413,307.16876167736007,1,SHORT,SHORT,0.26411424577236176,0.21870276777721767,0.9179966648419698,78.12972322227823,52.0,True,0.7095047583182653,UNRANKED,False,20,"5,10,20"
2025-12-29,2025-12-30,2025-12-31,GOOGL,XLK,312.28018544302313,308.8183367753334,1,SHORT,SHORT,0.3170571774244308,0.241988223756626,0.9246638814608256,75.8011776243374,52.0,True,0.4934124598900476,UNRANKED,False,20,"5,10,20"
2025-12-30,2025-12-31,2026-01-02,GOOGL,XLK,312.62992729269524,309.38720573507806,1,SHORT,SHORT,0.31269571185111994,0.2436573435892693,0.8505874077479044,75.63426564107307,52.0,True,0.5414326240619024,UNRANKED,False,20,"5,10,20"
2025-12-31,2026-01-02,2026-01-05,GOOGL,XLK,316.67708324131615,313.59710320853156,1,SHORT,SHORT,0.30292147894700366,0.23972866348454802,0.9260939558347067,76.0271336515452,52.0,True,0.43973455329736083,UNRANKED,False,20,"5,10,20"
2026-01-02,2026-01-05,2026-01-06,GOOGL,XLK,317.4365596004392,324.1318601113906,1,SHORT,SHORT,0.3050099561611811,0.23000640968780037,0.8938073913256327,76.99935903121997,52.0,True,0.5280795047680537,UNRANKED,False,20,"5,10,20"
2026-01-05,2026-01-06,2026-01-07,GOOGL,XLK,316.17741436833177,313.6242026112168,1,SHORT,SHORT,0.3067121505737304,0.23537878311239857,0.8291207353274027,76.46212168876015,52.0,True,0.6233717401822407,UNRANKED,False,20,"5,10,20"
2026-01-06,2026-01-07,2026-01-08,GOOGL,XLK,314.13884430323384,311.5049745871345,1,SHORT,SHORT,0.2822135140498479,0.22076685080446445,0.7624035278956095,77.92331491955355,52.0,True,0.622759555776914,UNRANKED,False,20,"5,10,20"
2026-01-07,2026-01-08,2026-01-09,GOOGL,XLK,328.7385750407063,325.6771475155947,1,SHORT,SHORT,0.3185619016488393,0.23765836080186276,0.8877041935920715,76.23416391981372,52.0,True,0.39149655401706696,UNRANKED,False,20,"5,10,20"
2026-01-08,2026-01-09,2026-01-12,GOOGL,XLK,326.8598973489763,324.2545790070399,1,SHORT,SHORT,0.309657817085584,0.23739483154344035,0.8603842655817667,76.26051684565597,52.0,True,0.35683956742286677,UNRANKED,False,20,"5,10,20"
2026-01-09,2026-01-12,2026-01-13,GOOGL,XLK,325.57079145505844,323.1517698486131,1,SHORT,SHORT,0.24385652442773179,0.19863811522949648,0.8541900515556335,80.13618847705035,52.0,True,0.40914276242256165,UNRANKED,False,20,"5,10,20"
2026-01-12,2026-01-13,2026-01-14,GOOGL,XLK,334.7144015630273,332.39602692923825,1,SHORT,SHORT,0.2517514725526174,0.2053598601642143,0.844815174738566,79.46401398357857,52.0,True,0.38025277356306714,UNRANKED,False,20,"5,10,20"
2026-01-13,2026-01-14,2026-01-15,GOOGL,XLK,334.8243096530742,332.39957689986545,1,SHORT,SHORT,0.2595692823330561,0.2231235946096711,0.8949251373608907,77.68764053903288,52.0,True,0.4325638761123021,UNRANKED,False,20,"5,10,20"
2026-01-14,2026-01-15,2026-01-16,GOOGL,XLK,337.4124676651339,342.6819978252204,1,SHORT,SHORT,0.2601171309749285,0.22275464444428175,0.860043446222941,77.72453555557183,52.0,True,0.6831998825073242,UNRANKED,False,20,"5,10,20"
2026-01-15,2026-01-16,2026-01-20,GOOGL,XLK,334.1747541117482,339.94393331968627,1,SHORT,SHORT,0.240074502925078,0.20055263628789696,0.879026472568512,79.9447363712103,52.0,True,0.3388296415408453,UNRANKED,False,20,"5,10,20"
2026-01-16,2026-01-20,2026-01-21,GOOGL,XLK,320.6442885211675,318.17958428009604,1,SHORT,SHORT,0.2627870738506317,0.22143827327864693,0.9173380732536316,77.8561726721353,52.0,True,0.6522007634242376,UNRANKED,False,20,"5,10,20"
2026-01-20,2026-01-21,2026-01-22,GOOGL,XLK,320.6942733516965,317.6621121840068,1,SHORT,SHORT,0.3181361109018325,0.22432162285121984,0.8332176407178243,77.56783771487802,52.0,True,0.9016763418912888,UNRANKED,False,20,"5,10,20"
2026-01-21,2026-01-22,2026-01-23,GOOGL,XLK,334.2147483456718,342.8818822219274,1,SHORT,SHORT,0.29755230247974396,0.20534096459846019,0.7244263490041097,79.46590354015399,52.0,True,0.5736425618330637,UNRANKED,False,20,"5,10,20"
2026-01-22,2026-01-23,2026-01-26,GOOGL,XLK,332.25610013077164,328.6957429007214,1,SHORT,SHORT,0.25448019802570343,0.19338265435750626,0.6915618975957235,80.66173456424937,52.0,True,0.47350057959556585,UNRANKED,False,20,"5,10,20"
2026-01-23,2026-01-26,2026-01-27,GOOGL,XLK,327.5793954045391,323.9862034402534,1,SHORT,SHORT,0.27491893867651623,0.2142043522652306,0.853928287823995,78.57956477347695,52.0,True,0.2793266971906027,UNRANKED,False,20,"5,10,20"
2026-01-26,2026-01-27,2026-01-28,GOOGL,XLK,335.1340666902067,331.25964434436406,1,SHORT,SHORT,0.23631901045640305,0.17997464706245955,0.7983151276906332,82.00253529375404,52.0,True,0.4238162984450658,UNRANKED,False,20,"5,10,20"
2026-01-27,2026-01-28,2026-01-29,GOOGL,XLK,335.82360375323316,332.0141402522566,1,SHORT,SHORT,0.26278123259544367,0.21432530593637347,0.7279858787854513,78.56746940636266,52.0,True,0.569868673880895,UNRANKED,False,20,"5,10,20"
2026-01-28,2026-01-29,2026-01-30,GOOGL,XLK,340.06060015063264,336.6922529826639,1,SHORT,SHORT,0.27198758224646247,0.22028975399100503,0.750902533531189,77.9710246008995,52.0,True,0.6787421007951101,UNRANKED,False,20,"5,10,20"
2026-01-29,2026-01-30,2026-02-02,GOOGL,XLK,339.76083067041884,336.4795654116298,1,SHORT,SHORT,0.29078894853591913,0.2355907570974348,0.6590196589628855,76.44092429025652,52.0,True,0.6226897686719893,UNRANKED,False,20,"5,10,20"
2026-01-30,2026-02-02,2026-02-03,GOOGL,XLK,335.983495554882,332.90780106199696,1,SHORT,SHORT,0.30332989494005835,0.23355868757069428,0.7090311745802561,76.64413124293057,52.0,True,0.6842908958594004,UNRANKED,False,20,"5,10,20"
2026-02-02,2026-02-03,2026-02-04,GOOGL,XLK,347.09564553860224,355.2131578328266,1,SHORT,SHORT,0.2980364287892977,0.2057227066177992,0.7850229740142822,79.42772933822008,52.0,True,0.5246086766322453,UNRANKED,False,20,"5,10,20"
2026-02-03,2026-02-04,2026-02-05,GOOGL,XLK,342.7187296036167,350.8130430888985,1,SHORT,SHORT,0.34182240068912506,0.23890620585842112,0.7667961915334066,76.10937941415789,52.0,True,0.6010843366384505,UNRANKED,False,20,"5,10,20"
2026-02-04,2026-02-05,2026-02-06,GOOGL,XLK,312.0003564748562,308.2958189469544,1,SHORT,SHORT,0.31171845893065137,0.23989284336865266,0.7512680888175964,76.01071566313473,52.0,True,0.3610155185063679,UNRANKED,False,20,"5,10,20"
2026-02-05,2026-02-06,2026-02-09,GOOGL,XLK,326.94984200428365,323.3359547623752,1,SHORT,SHORT,0.37436853845914203,0.2223629339458638,0.887629489103953,77.76370660541362,52.0,True,0.7767161627610525,UNRANKED,False,20,"5,10,20"
2026-02-06,2026-02-09,2026-02-10,GOOGL,XLK,320.70422803551696,316.6899087518953,1,SHORT,SHORT,0.2846673975388209,0.20256930784908408,0.8362111250559489,79.7430692150916,52.0,True,0.6305810163418452,UNRANKED,False,20,"5,10,20"
2026-02-09,2026-02-10,2026-02-11,GOOGL,XLK,320.7441987510988,329.61296662568026,1,SHORT,SHORT,0.2833007524410884,0.2077102889647118,0.8571629126866659,79.22897110352882,52.0,True,0.5000533908605576,UNRANKED,False,20,"5,10,20"
2026-02-10,2026-02-11,2026-02-12,GOOGL,XLK,318.7456164455411,327.5001831831248,1,SHORT,SHORT,0.2611155807971954,0.20908208914888213,0.9194183945655823,79.09179108511178,52.0,True,0.5474945803483328,UNRANKED,False,20,"5,10,20"
2026-02-11,2026-02-12,2026-02-13,GOOGL,XLK,311.87044586439265,321.59932443058966,1,SHORT,SHORT,0.2592730273803075,0.2093621238944662,0.9288971225420634,79.06378761055338,52.0,True,0.5749605447053909,UNRANKED,False,20,"5,10,20"
2026-02-12,2026-02-13,2026-02-17,GOOGL,XLK,307.5135396808651,317.1264242023495,1,SHORT,SHORT,0.22177733480930326,0.17757540393647875,0.7050859530766805,82.24245960635213,52.0,True,0.9858512630065283,UNRANKED,False,20,"5,10,20"
2026-02-13,2026-02-17,2026-02-18,GOOGL,XLK,299.82893803190484,296.1301116507664,1,SHORT,SHORT,0.2169861296812693,0.17311045162394112,0.7194555799166361,82.68895483760589,52.0,True,0.9198432564735413,UNRANKED,False,20,"5,10,20"
2026-02-17,2026-02-18,2026-02-19,GOOGL,XLK,301.87748970860525,298.00663791940326,1,SHORT,SHORT,0.22936993837356565,0.1807486378402955,0.7365589141845703,81.92513621597045,52.0,True,0.8736466616392135,UNRANKED,False,20,"5,10,20"
2026-02-18,2026-02-19,2026-02-20,GOOGL,XLK,301.6076886754516,297.7475463763444,1,SHORT,SHORT,0.2303715447584788,0.19450705918710595,0.9327454566955566,80.5492940812894,52.0,True,0.548049733042717,UNRANKED,False,20,"5,10,20"
2026-02-19,2026-02-20,2026-02-23,GOOGL,XLK,304.1059184917761,300.3714018030205,1,SHORT,SHORT,0.20056480914354322,0.16132766831744538,0.8613449533780416,83.86723316825547,52.0,True,0.6708995898564657,UNRANKED,False,20,"5,10,20"
2026-02-20,2026-02-23,2026-02-24,GOOGL,XLK,318.82555353627805,330.2817815200253,1,SHORT,SHORT,0.22810958822568253,0.1841317372375395,0.9578978220621744,81.58682627624604,52.0,True,0.33024787406126654,UNRANKED,False,20,"5,10,20"
2026-02-23,2026-02-24,2026-02-25,GOOGL,XLK,310.3015673465962,305.8761087109935,1,SHORT,SHORT,0.24738841255505875,0.19562979766023467,0.9428695440292358,80.43702023397653,52.0,True,0.36545564234256744,UNRANKED,False,20,"5,10,20"
2026-02-24,2026-02-25,2026-02-26,GOOGL,XLK,311.84046520002283,322.2991716470792,1,SHORT,SHORT,0.23498709996541337,0.1902614870690198,0.8785446484883627,80.97385129309802,52.0,True,0.5670347809791564,UNRANKED,False,20,"5,10,20"
2026-02-25,2026-02-26,2026-02-27,GOOGL,XLK,312.42009761480955,308.56995200236537,1,SHORT,SHORT,0.23591968417167655,0.1915170887135358,0.9007257223129272,80.84829112864642,52.0,True,0.6250672886768976,UNRANKED,False,20,"5,10,20"
2026-02-26,2026-02-27,2026-03-02,GOOGL,XLK,303.92607541564644,299.8096922718127,1,SHORT,SHORT,0.2319599737723668,0.18370589327577472,0.872072438398997,81.62941067242254,52.0,True,0.6688909182945887,UNRANKED,False,20,"5,10,20"
2026-02-27,2026-03-02,2026-03-03,GOOGL,XLK,303.0166882830762,299.1865316843039,1,SHORT,SHORT,0.31599590679009754,0.22501817540851707,0.8625731865564982,77.4981824591483,52.0,True,0.6262921045223874,UNRANKED,False,20,"5,10,20"
2026-03-02,2026-03-03,2026-03-04,GOOGL,XLK,298.37994467731505,294.2799756308586,1,SHORT,SHORT,0.2788103520870209,0.22387246406637806,0.6289617617925009,77.6127535933622,52.0,True,0.8606572846571604,UNRANKED,False,20,"5,10,20"
2026-03-03,2026-03-04,2026-03-05,GOOGL,XLK,302.6769571429086,298.77684989541973,1,SHORT,SHORT,0.27811437845230097,0.2188458075155846,0.7348039348920187,78.11541924844154,52.0,True,0.8234497060378393,UNRANKED,False,20,"5,10,20"
2026-03-04,2026-03-05,2026-03-06,GOOGL,XLK,302.82681905445145,311.2976268111479,1,SHORT,SHORT,0.2754614055156708,0.21298167225284556,0.643716017405192,78.70183277471544,52.0,True,0.8285322189331056,UNRANKED,False,20,"5,10,20"
2026-03-05,2026-03-06,2026-03-09,GOOGL,XLK,295.88171424137005,292.47268932158767,1,SHORT,SHORT,0.2885614335536956,0.20951651831766283,0.624871830145518,79.04834816823372,52.0,True,0.896403948465983,UNRANKED,False,20,"5,10,20"
2026-03-06,2026-03-09,2026-03-10,GOOGL,XLK,294.3599853515625,291.0166277204241,1,SHORT,SHORT,0.26637762784957886,0.21118877447210926,0.7309141556421915,78.88112255278908,52.0,True,1.0597601185242336,UNRANKED,False,20,"5,10,20"
2026-03-09,2026-03-10,2026-03-11,GOOGL,XLK,306.1700134277344,302.5157579694475,1,SHORT,SHORT,0.30081746975580853,0.2234101009027479,0.7237546443939209,77.65898990972521,52.0,True,0.6397702246904374,UNRANKED,False,20,"5,10,20"
2026-03-10,2026-03-11,2026-03-12,GOOGL,XLK,306.75,303.1406773158482,1,SHORT,SHORT,0.2835193077723185,0.22349713361822743,0.717212955156962,77.65028663817726,52.0,True,0.5647478302319845,UNRANKED,False,20,"5,10,20"
2026-03-11,2026-03-12,2026-03-13,GOOGL,XLK,306.82000732421875,316.05409240722656,1,SHORT,SHORT,0.28874510526657104,0.20611732039119401,0.844103217124939,79.3882679608806,52.0,True,0.48086480299631756,UNRANKED,False,20,"5,10,20"
2026-03-12,2026-03-13,2026-03-16,GOOGL,XLK,307.010009765625,303.81433541434154,1,SHORT,SHORT,0.25928212205568946,0.20407574544095888,0.683554987112681,79.59242545590412,52.0,True,0.48964382708072646,UNRANKED,False,20,"5,10,20"
2026-03-13,2026-03-16,2026-03-17,GOOGL,XLK,304.3500061035156,301.31272888183594,1,SHORT,SHORT,0.28282031416893005,0.2155976733766938,0.7106936375300089,78.44023266233063,52.0,True,0.5208431780338288,UNRANKED,False,20,"5,10,20"
