date,entry_date,exit_date,ticker,sector,open_next,exit_future_close,holding_days,signal,direction_vote,confidence,conf_threshold,expected_return,signal_quality,actionable
2017-10-12,2017-10-13,2017-10-27,MSFT,XLK,70.84318760514249,76.52233123779297,10,SHORT,SHORT,64.55568969249725,57.5,-0.1519528031349181,MEDIUM,True
2017-10-13,2017-10-16,2017-10-30,MSFT,XLK,70.68797622031106,76.59539031982422,10,SHORT,SHORT,62.846001982688904,57.5,-0.2451079785823822,MEDIUM,True
2017-10-16,2017-10-17,2017-10-31,MSFT,XLK,70.73363205853354,75.94709014892578,10,SHORT,SHORT,61.3346666097641,57.5,-0.18376162648201,MEDIUM,True
2017-10-17,2017-10-18,2017-11-01,MSFT,XLK,70.91621541663174,75.94709014892578,10,SHORT,SHORT,61.3346666097641,57.5,-0.06438499689102187,MEDIUM,True
2017-10-18,2017-10-19,2017-11-02,MSFT,XLK,70.82491410586809,76.74144744873047,10,SHORT,SHORT,62.25211024284363,57.5,-0.10553880035877221,MEDIUM,True
2017-10-19,2017-10-20,2017-11-03,MSFT,XLK,71.50971723723514,76.8236312866211,10,SHORT,SHORT,64.50774669647217,57.5,-0.016250908374786273,MEDIUM,True
2017-10-20,2017-10-23,2017-11-06,MSFT,XLK,72.12143302507684,77.12494659423828,10,LONG,SHORT,63.78912031650543,57.5,0.16692191362380968,MEDIUM,True
2017-10-23,2017-10-24,2017-11-07,MSFT,XLK,72.03925396020779,76.94232940673828,10,LONG,SHORT,60.76714098453522,57.5,0.29450908303260814,MEDIUM,True
2017-10-24,2017-10-25,2017-11-08,MSFT,XLK,71.74709941337778,77.20710754394531,10,LONG,SHORT,60.76714098453522,57.5,0.1923338472843171,MEDIUM,True
2017-10-25,2017-10-26,2017-11-09,MSFT,XLK,72.31318078956305,76.77796936035156,10,LONG,SHORT,53.94994914531708,57.5,0.1194499731063843,LOW,False
2017-10-26,2017-10-27,2017-11-10,MSFT,XLK,77.03364138859165,76.5771255493164,10,LONG,SHORT,56.24622702598572,57.5,0.19302618503570565,MEDIUM,False
2017-10-27,2017-10-30,2017-11-13,MSFT,XLK,76.42190943691666,76.63188934326172,10,LONG,SHORT,58.61552655696869,57.5,0.12258628010749827,MEDIUM,True
2017-10-30,2017-10-31,2017-11-14,MSFT,XLK,77.02448362360902,76.74144744873047,10,LONG,SHORT,54.44681644439697,57.5,0.10856749117374408,LOW,False
2017-10-31,2017-11-01,2017-11-15,MSFT,XLK,76.40361268962239,76.14500427246094,10,LONG,SHORT,61.54123246669769,57.5,0.18215543031692502,MEDIUM,True
2017-11-01,2017-11-02,2017-11-16,MSFT,XLK,76.10231166576686,76.34687042236328,10,LONG,SHORT,60.75419783592224,57.5,0.11193987727165225,MEDIUM,True
2017-11-02,2017-11-03,2017-11-17,MSFT,XLK,76.76885079752033,75.61279296875,10,SHORT,SHORT,58.67877900600433,57.5,-0.02586093544960028,MEDIUM,True
2017-11-03,2017-11-06,2017-11-20,MSFT,XLK,76.87842043355602,75.73207092285156,10,SHORT,SHORT,57.7694296836853,57.5,-0.05768918991088867,MEDIUM,True
2017-11-06,2017-11-07,2017-11-21,MSFT,XLK,77.39885208664674,76.82404327392578,10,SHORT,SHORT,55.56141436100006,57.5,-0.18132513761520386,MEDIUM,False
2017-11-07,2017-11-08,2017-11-22,MSFT,XLK,76.82363019372956,76.26429748535156,10,SHORT,SHORT,55.350351333618164,57.5,-0.056035459041595556,MEDIUM,False
2017-11-08,2017-11-09,2017-11-24,MSFT,XLK,76.79623416573828,76.40196990966797,10,SHORT,SHORT,53.43271195888519,57.5,-0.14135301113128657,LOW,False
2017-11-09,2017-11-10,2017-11-27,MSFT,XLK,76.50408024038323,76.96168518066406,10,SHORT,SHORT,55.327725410461426,57.5,-0.055837482213974034,MEDIUM,False
2017-11-10,2017-11-13,2017-11-28,MSFT,XLK,76.38537018683034,77.88850402832031,10,LONG,SHORT,56.42964243888855,57.5,0.0607804954051972,MEDIUM,False
2017-11-13,2017-11-14,2017-11-29,MSFT,XLK,76.2392698311149,76.475341796875,10,LONG,SHORT,55.97377121448517,57.5,0.15460571646690363,MEDIUM,False
2017-11-14,2017-11-15,2017-11-30,MSFT,XLK,76.59464138888448,77.23697662353516,10,LONG,SHORT,50.395041704177856,57.5,0.1297603845596314,LOW,False
2017-11-15,2017-11-16,2017-12-01,MSFT,XLK,76.25510875377925,77.31957244873047,10,LONG,LONG,60.23457646369934,57.5,0.09886887669563298,MEDIUM,True
2017-11-16,2017-11-17,2017-12-04,MSFT,XLK,76.27348838416421,74.40149688720703,10,LONG,SHORT,52.416735887527466,57.5,0.2781262248754501,LOW,False
2017-11-17,2017-11-20,2017-12-05,MSFT,XLK,75.61278143586208,74.86946868896484,10,LONG,SHORT,53.11043858528137,57.5,0.18763522803783417,LOW,False
2017-11-20,2017-11-21,2017-12-06,MSFT,XLK,75.92476210808843,75.96146392822266,10,LONG,SHORT,54.94953095912933,57.5,0.25040185451507563,LOW,False
2017-11-21,2017-11-22,2017-12-07,MSFT,XLK,76.92499279135882,75.69535064697266,10,LONG,SHORT,51.45066678524017,57.5,0.3674357980489731,LOW,False
2017-11-22,2017-11-24,2017-12-08,MSFT,XLK,76.172562126971,77.22779846191406,10,LONG,SHORT,56.05630874633789,57.5,0.20987218618392947,MEDIUM,False
2017-11-24,2017-11-27,2017-12-11,MSFT,XLK,76.44780725570776,78.20966339111328,10,LONG,SHORT,56.34346604347229,57.5,0.06849677860736834,MEDIUM,False
2017-11-27,2017-11-28,2017-12-12,MSFT,XLK,77.14522528012363,78.53083038330078,10,LONG,SHORT,53.342726826667786,57.5,0.08590677380561837,LOW,False
2017-11-28,2017-11-29,2017-12-13,MSFT,XLK,77.73249841928157,78.31977844238281,10,LONG,SHORT,55.29172718524933,57.5,0.17353315651416779,MEDIUM,False
2017-11-29,2017-11-30,2017-12-14,MSFT,XLK,76.63134398412244,77.71417236328125,10,SHORT,SHORT,55.30376732349396,57.5,-0.03792543709278118,MEDIUM,False
2017-11-30,2017-12-01,2017-12-15,MSFT,XLK,76.71393276590223,79.69624328613281,10,SHORT,SHORT,54.291653633117676,57.5,-0.07071943581104272,LOW,False
2017-12-01,2017-12-04,2017-12-18,MSFT,XLK,77.46637998445522,79.26492309570312,10,SHORT,SHORT,58.826953172683716,57.5,-0.0869725644588472,MEDIUM,True
2017-12-04,2017-12-05,2017-12-19,MSFT,XLK,74.64006106533012,78.76022338867188,10,LONG,SHORT,60.273319482803345,57.5,0.019284933805465733,MEDIUM,True
2017-12-05,2017-12-06,2017-12-20,MSFT,XLK,74.83278215162068,78.47577667236328,10,SHORT,SHORT,63.53068649768829,57.5,-0.033417344093322754,MEDIUM,True
2017-12-06,2017-12-07,2017-12-21,MSFT,XLK,75.74123498003419,78.4574203491211,10,SHORT,SHORT,59.456825256347656,57.5,-0.1276835501194,MEDIUM,True
2017-12-07,2017-12-08,2017-12-22,MSFT,XLK,76.7414483391375,78.46660614013672,10,SHORT,SHORT,65.45334458351135,57.5,-0.36421394348144537,LOW,True
2017-12-08,2017-12-11,2017-12-26,MSFT,XLK,77.34708833968068,78.36565399169922,10,SHORT,SHORT,63.49301040172577,57.5,-0.36675626039505,MEDIUM,True
2017-12-11,2017-12-12,2017-12-27,MSFT,XLK,78.28306619459167,78.6501235961914,10,SHORT,SHORT,66.84258282184601,57.5,-0.2519509792327882,LOW,True
2017-12-12,2017-12-13,2017-12-28,MSFT,XLK,78.67765385346664,78.65930938720703,10,SHORT,SHORT,64.59338366985321,57.5,-0.15402393043041232,MEDIUM,True
2017-12-13,2017-12-14,2017-12-29,MSFT,XLK,78.39321734941446,78.49414825439453,10,SHORT,SHORT,61.719152331352234,57.5,-0.28863453865051275,MEDIUM,True
2017-12-14,2017-12-15,2018-01-02,MSFT,XLK,78.23721349689971,78.87037658691406,10,SHORT,SHORT,56.28457963466644,57.5,-0.31297957897186274,MEDIUM,False
2017-12-15,2017-12-18,2018-01-03,MSFT,XLK,79.94397473232176,79.2374038696289,10,SHORT,SHORT,60.72706878185272,57.5,-0.3785778880119323,MEDIUM,True
2017-12-18,2017-12-19,2018-01-04,MSFT,XLK,79.23738814336785,79.934814453125,10,SHORT,SHORT,64.27952945232391,57.5,-0.5077208280563353,MEDIUM,True
2017-12-19,2017-12-20,2018-01-05,MSFT,XLK,79.09976584660093,80.92585754394531,10,SHORT,SHORT,66.08192026615143,57.5,-0.5722688883543016,LOW,True
2017-12-20,2017-12-21,2018-01-08,MSFT,XLK,78.96212000555457,81.0084457397461,10,SHORT,SHORT,66.66103899478912,57.5,-0.6046608537435532,LOW,True
2017-12-21,2017-12-22,2018-01-09,MSFT,XLK,78.36566619917075,80.95338439941406,10,SHORT,SHORT,65.44518172740936,57.5,-0.4049962162971497,LOW,True
2017-12-22,2017-12-26,2018-01-10,MSFT,XLK,78.28306359788041,80.5863265991211,10,SHORT,SHORT,67.53352284431458,57.5,-0.540743812918663,LOW,True
2017-12-26,2017-12-27,2018-01-11,MSFT,XLK,78.59506799650323,80.82493591308594,10,SHORT,SHORT,60.396647453308105,57.5,-0.49433371424674977,MEDIUM,True
2017-12-27,2017-12-28,2018-01-12,MSFT,XLK,78.82448320303747,82.21971893310547,10,SHORT,SHORT,56.9004088640213,57.5,-0.4403015971183778,MEDIUM,False
2017-12-28,2017-12-29,2018-01-16,MSFT,XLK,78.57673167516998,81.07263946533203,10,SHORT,SHORT,59.62570309638977,57.5,-0.421646922826767,MEDIUM,True
2017-12-29,2018-01-02,2018-01-17,MSFT,XLK,79.03555043635029,82.71521759033203,10,SHORT,SHORT,59.853023290634155,57.5,-0.452503949403763,MEDIUM,True
2018-01-02,2018-01-03,2018-01-18,MSFT,XLK,78.97129014557262,82.67852020263672,10,SHORT,SHORT,62.61841654777527,57.5,-0.21515777707099942,MEDIUM,True
2018-01-03,2018-01-04,2018-01-19,MSFT,XLK,79.45764254699763,82.58676147460938,10,SHORT,SHORT,61.43063008785248,57.5,-0.28924131393432606,MEDIUM,True
2018-01-04,2018-01-05,2018-01-22,MSFT,XLK,80.43951436983846,84.06414794921875,10,SHORT,SHORT,62.57983148097992,57.5,-0.11535865068435669,MEDIUM,True
2018-01-05,2018-01-08,2018-01-23,MSFT,XLK,80.93503359566263,84.33027648925781,10,SHORT,SHORT,58.98087024688721,57.5,-0.06080009043216723,MEDIUM,True
2018-01-08,2018-01-09,2018-01-24,MSFT,XLK,81.34796589471098,84.25686645507812,10,SHORT,LONG,53.05759906768799,57.5,-0.30976121127605455,LOW,False
2018-01-09,2018-01-10,2018-01-25,MSFT,XLK,80.62303266669285,84.72484588623047,10,LONG,LONG,55.584585666656494,57.5,0.08412268757820134,MEDIUM,False
2018-01-10,2018-01-11,2018-01-26,MSFT,XLK,80.87081326009384,86.31234741210938,10,LONG,LONG,60.79210042953491,57.5,0.1896416693925861,MEDIUM,True
2018-01-11,2018-01-12,2018-01-29,MSFT,XLK,81.36632200228588,86.18389129638672,10,LONG,LONG,62.1882438659668,57.5,0.4248453825712203,MEDIUM,True
2018-01-12,2018-01-16,2018-01-30,MSFT,XLK,82.67849256679969,85.10105895996094,10,LONG,LONG,59.68332290649414,57.5,0.4576019048690795,MEDIUM,True
2018-01-16,2018-01-17,2018-01-31,MSFT,XLK,81.7425314432499,87.18411254882812,10,LONG,LONG,57.92776942253113,57.5,0.45886291563510906,MEDIUM,True
2018-01-17,2018-01-18,2018-02-01,MSFT,XLK,82.40323520809052,86.49588775634766,10,LONG,LONG,56.316012144088745,57.5,0.5181087106466294,MEDIUM,False
2018-01-18,2018-01-19,2018-02-02,MSFT,XLK,82.71522921015922,84.22017669677734,10,LONG,LONG,61.67059540748596,57.5,0.5749964714050294,MEDIUM,True
2018-01-19,2018-01-22,2018-02-05,MSFT,XLK,82.58676198038127,80.75151062011719,10,LONG,LONG,60.03559231758118,57.5,0.4347396641969682,MEDIUM,True
2018-01-22,2018-01-23,2018-02-06,MSFT,XLK,84.33027648925781,83.80722045898438,10,LONG,LONG,56.155937910079956,57.5,0.1801572144031525,MEDIUM,False
2018-01-23,2018-01-24,2018-02-07,MSFT,XLK,84.92674007260527,82.22888946533203,10,LONG,LONG,60.077422857284546,57.5,0.28351470828056335,MEDIUM,True
2018-01-24,2018-01-25,2018-02-08,MSFT,XLK,84.85331362669292,78.0078125,10,LONG,LONG,60.077422857284546,57.5,0.22422549128532399,MEDIUM,True
2018-01-25,2018-01-26,2018-02-09,MSFT,XLK,85.44977925470117,80.91668701171875,10,LONG,LONG,54.9573540687561,57.5,0.2715910971164703,LOW,False
2018-01-26,2018-01-29,2018-02-12,MSFT,XLK,87.30340209958543,81.7884292602539,10,LONG,LONG,50.64072012901306,57.5,0.0014794319868088879,LOW,False
2018-01-29,2018-01-30,2018-02-13,MSFT,XLK,85.61493685103962,82.43077850341797,10,LONG,LONG,54.28526997566223,57.5,0.2542540282011032,LOW,False
2018-01-30,2018-01-31,2018-02-14,MSFT,XLK,86.02789567074228,83.72148895263672,10,LONG,LONG,63.2493793964386,57.5,0.4505959749221801,MEDIUM,True
2018-01-31,2018-02-01,2018-02-15,MSFT,XLK,86.98223099723586,85.42707824707031,10,SHORT,LONG,57.31630325317383,57.5,-0.023345142602920407,MEDIUM,False
2018-02-01,2018-02-02,2018-02-16,MSFT,XLK,85.92697101082628,84.81859588623047,10,SHORT,LONG,51.960933208465576,57.5,-0.06719939410686493,LOW,False
2018-02-02,2018-02-05,2018-02-20,MSFT,XLK,83.10064323421102,85.48239135742188,10,LONG,LONG,72.69336581230164,57.5,0.5151720196008683,LOW,True
2018-02-05,2018-02-06,2018-02-21,MSFT,XLK,79.7329375729105,84.3484115600586,10,LONG,LONG,76.86853408813477,57.5,1.3000699281692505,LOW,True
2018-02-06,2018-02-07,2018-02-22,MSFT,XLK,83.03640197942907,84.56968688964844,10,LONG,LONG,72.51308560371399,57.5,1.0876965820789337,LOW,True
2018-02-07,2018-02-08,2018-02-23,MSFT,XLK,82.32067535702599,86.7177963256836,10,LONG,LONG,74.90221858024597,57.5,1.474559873342514,LOW,True
2018-02-08,2018-02-09,2018-02-26,MSFT,XLK,79.19154356863369,87.9716567993164,10,LONG,LONG,73.41189980506897,57.5,1.5513150244951246,LOW,True
2018-02-09,2018-02-12,2018-02-27,MSFT,XLK,81.43055381455956,86.84684753417969,10,LONG,LONG,75.46215057373047,57.5,1.0626001358032229,LOW,True
2018-02-12,2018-02-13,2018-02-28,MSFT,XLK,81.60490936259363,86.45045471191406,10,LONG,LONG,65.86953401565552,57.5,0.7604387700557709,LOW,True
2018-02-13,2018-02-14,2018-03-01,MSFT,XLK,81.60102813861394,85.60224151611328,10,LONG,LONG,64.29896950721741,57.5,0.4839780926704406,MEDIUM,True
2018-02-14,2018-02-15,2018-03-02,MSFT,XLK,84.09025923544928,85.78662109375,10,LONG,LONG,52.16788649559021,57.5,0.17076745629310613,LOW,False
2018-02-15,2018-02-16,2018-03-05,MSFT,XLK,85.23346663952384,86.33058166503906,10,LONG,SHORT,51.18439793586731,57.5,0.09668827056884768,LOW,False
2018-02-16,2018-02-20,2018-03-06,MSFT,XLK,84.33918620990677,86.03556060791016,10,LONG,SHORT,50.95425248146057,57.5,0.21113635599613192,LOW,False
2018-02-20,2018-02-21,2018-03-07,MSFT,XLK,85.72210922645586,86.53340911865234,10,LONG,SHORT,55.883970856666565,57.5,0.27470809221267706,MEDIUM,False
2018-02-21,2018-02-22,2018-03-08,MSFT,XLK,84.8647078534084,87.05892944335938,10,LONG,SHORT,52.43924558162689,57.5,0.29412028193473827,LOW,False
2018-02-22,2018-02-23,2018-03-09,MSFT,XLK,86.29370417224236,89.00421142578125,10,LONG,SHORT,55.4452121257782,57.5,0.26720634102821345,MEDIUM,False
2018-02-23,2018-02-26,2018-03-12,MSFT,XLK,87.031279558254,89.21627044677734,10,LONG,SHORT,57.09565281867981,57.5,0.3755463361740112,MEDIUM,False
2018-02-26,2018-02-27,2018-03-13,MSFT,XLK,88.2666376514425,87.04049682617188,10,LONG,SHORT,58.32398533821106,57.5,0.1340804547071457,MEDIUM,True
2018-02-27,2018-02-28,2018-03-14,MSFT,XLK,87.43693187380701,86.52416229248047,10,LONG,SHORT,50.36691427230835,57.5,0.18146362900733948,LOW,False
2018-02-28,2018-03-01,2018-03-15,MSFT,XLK,86.65325395213509,86.82843017578125,10,LONG,LONG,61.851662397384644,57.5,0.2916153818368911,MEDIUM,True
2018-03-01,2018-03-02,2018-03-16,MSFT,XLK,84.43136656831314,87.21563720703125,10,LONG,LONG,66.65512919425964,57.5,0.49501791596412664,LOW,True
2018-03-02,2018-03-05,2018-03-19,MSFT,XLK,85.13205517682782,85.63911437988281,10,LONG,LONG,62.398916482925415,57.5,0.25779536366462724,MEDIUM,True
2018-03-05,2018-03-06,2018-03-20,MSFT,XLK,86.9759376256061,85.86038970947266,10,LONG,LONG,72.70120978355408,57.5,0.07881335914134979,LOW,True
2018-03-06,2018-03-07,2018-03-21,MSFT,XLK,85.8880530360809,85.26111602783203,10,LONG,LONG,72.68298268318176,57.5,0.6354207545518875,LOW,True
2018-03-07,2018-03-08,2018-03-22,MSFT,XLK,86.91141543843254,82.78111267089844,10,LONG,LONG,67.48490333557129,57.5,0.5890717953443527,LOW,True
2018-03-08,2018-03-09,2018-03-23,MSFT,XLK,87.85178483341384,80.37482452392578,10,LONG,LONG,52.80213952064514,57.5,0.2284411787986754,LOW,False
2018-03-09,2018-03-12,2018-03-26,MSFT,XLK,88.96734935177739,86.45964050292969,10,LONG,LONG,57.99262523651123,57.5,0.3144497275352478,MEDIUM,True
2018-03-12,2018-03-13,2018-03-27,MSFT,XLK,89.4283218371187,82.48609161376953,10,LONG,LONG,65.08994102478027,57.5,0.3140256553888321,LOW,True
2018-03-13,2018-03-14,2018-03-28,MSFT,XLK,87.69503131292967,82.41233825683594,10,LONG,LONG,57.92720913887024,57.5,0.273638680577278,MEDIUM,True
2018-03-14,2018-03-15,2018-03-29,MSFT,XLK,86.22916693601647,84.14556121826172,10,LONG,LONG,70.65871357917786,57.5,0.13388060033321372,LOW,True
2018-03-15,2018-03-16,2018-04-02,MSFT,XLK,87.28939419208102,81.61024475097656,10,LONG,LONG,59.49673056602478,57.5,0.39607073366642,MEDIUM,True
2018-03-16,2018-03-19,2018-04-03,MSFT,XLK,86.42276296451284,82.70734405517578,10,LONG,LONG,56.800639629364014,57.5,0.30733427405357366,MEDIUM,False
2018-03-19,2018-03-20,2018-04-04,MSFT,XLK,85.78663975208407,85.12284088134766,10,LONG,LONG,66.62448644638062,57.5,0.4311593323945999,LOW,True
2018-03-20,2018-03-21,2018-04-05,MSFT,XLK,85.67598670931511,85.16891479492188,10,LONG,LONG,66.97452664375305,57.5,0.3611166626214983,LOW,True
2018-03-21,2018-03-22,2018-04-06,MSFT,XLK,84.1455818971447,83.18675994873047,10,SHORT,LONG,66.37846231460571,57.5,-0.18187621235847481,LOW,True
2018-03-22,2018-03-23,2018-04-09,MSFT,XLK,82.51372757180737,83.68461608886719,10,LONG,LONG,65.68987965583801,57.5,0.19235190749168385,LOW,True
2018-03-23,2018-03-26,2018-04-10,MSFT,XLK,83.5370887259034,85.62991333007812,10,LONG,LONG,65.2170479297638,57.5,1.090660348534584,LOW,True
2018-03-26,2018-03-27,2018-04-11,MSFT,XLK,87.52911179553234,84.68952941894531,10,LONG,LONG,65.5057966709137,57.5,0.6812977492809295,LOW,True
2018-03-27,2018-03-28,2018-04-12,MSFT,XLK,82.80877332611274,86.27526092529297,10,LONG,LONG,69.7842001914978,57.5,1.2384221702814102,LOW,True
2018-03-28,2018-03-29,2018-04-13,MSFT,XLK,83.14064879412366,85.81428527832031,10,LONG,LONG,68.29957962036133,57.5,0.6770155429840088,LOW,True
2018-03-29,2018-04-02,2018-04-16,MSFT,XLK,83.40803459374112,86.81922912597656,10,LONG,LONG,58.72587561607361,57.5,0.4907427430152893,MEDIUM,True
2018-04-02,2018-04-03,2018-04-17,MSFT,XLK,82.58749423158427,88.57090759277344,10,LONG,LONG,75.85996389389038,57.5,0.9106819182634354,LOW,True
2018-04-03,2018-04-04,2018-04-18,MSFT,XLK,80.99254081270955,88.91201782226562,10,LONG,LONG,74.3632435798645,57.5,1.008223533630371,LOW,True
2018-04-04,2018-04-05,2018-04-19,MSFT,XLK,85.22423604297309,88.6077880859375,10,LONG,LONG,69.72912549972534,57.5,0.5701563507318498,LOW,True
2018-04-05,2018-04-06,2018-04-20,MSFT,XLK,84.34840082956089,87.58444213867188,10,LONG,LONG,71.06141448020935,57.5,0.40654540061950695,LOW,True
2018-04-06,2018-04-09,2018-04-23,MSFT,XLK,83.93354420078613,87.90711975097656,10,LONG,LONG,74.1022527217865,57.5,0.5707528740167618,LOW,True
2018-04-09,2018-04-10,2018-04-24,MSFT,XLK,85.17816402078361,85.85118103027344,10,LONG,LONG,77.02815532684326,57.5,0.5982357859611512,LOW,True
2018-04-10,2018-04-11,2018-04-25,MSFT,XLK,84.82782202241147,85.1043930053711,10,LONG,LONG,73.69714975357056,57.5,0.4199075549840927,LOW,True
2018-04-11,2018-04-12,2018-04-26,MSFT,XLK,85.21502711712517,86.9021987915039,10,LONG,LONG,74.42901134490967,57.5,0.22120159864425676,LOW,True
2018-04-12,2018-04-13,2018-04-27,MSFT,XLK,86.70856933328652,88.34042358398438,10,LONG,LONG,72.45565056800842,57.5,0.42832238972187037,LOW,True
2018-04-13,2018-04-16,2018-04-30,MSFT,XLK,86.72703638300347,86.21995544433594,10,LONG,LONG,73.29721450805664,57.5,0.22794066369533542,LOW,True
2018-04-16,2018-04-17,2018-05-01,MSFT,XLK,87.584430603124,87.58444213867188,10,LONG,LONG,60.60779747340042,58.64080935014462,0.8032962381839752,LOW,True
2018-04-17,2018-04-18,2018-05-02,MSFT,XLK,88.70918961860646,86.21073150634766,10,LONG,LONG,53.84615384615385,58.64080935014462,0.46082113683223735,LOW,False
2018-04-18,2018-04-19,2018-05-03,MSFT,XLK,88.91203043458353,86.72702026367188,10,LONG,LONG,99.0,58.64080935014462,0.37357063591480255,HIGH,True
2018-04-19,2018-04-20,2018-05-04,MSFT,XLK,88.42341227646133,87.73193359375,10,LONG,LONG,99.0,58.64080935014462,0.7633163332939147,HIGH,True
2018-04-20,2018-04-23,2018-05-07,MSFT,XLK,88.2666763697209,88.70919799804688,10,LONG,LONG,99.0,58.64080935014462,1.2983157485723495,HIGH,True
2018-04-23,2018-04-24,2018-05-08,MSFT,XLK,88.7276335401405,88.33118438720703,10,LONG,LONG,99.0,58.64080935014462,1.4462785720825198,HIGH,True
2018-04-24,2018-04-25,2018-05-09,MSFT,XLK,86.01711989082281,89.37297821044922,10,LONG,LONG,99.0,58.64080935014462,1.767836272716522,HIGH,True
2018-04-25,2018-04-26,2018-05-10,MSFT,XLK,86.24762123811647,90.26728820800781,10,LONG,LONG,99.0,58.64080935014462,1.9185442626476288,HIGH,True
2018-04-26,2018-04-27,2018-05-11,MSFT,XLK,89.98147813045559,90.07366180419922,10,LONG,LONG,99.0,58.64080935014462,1.9014149308204653,HIGH,True
2018-04-27,2018-04-30,2018-05-14,MSFT,XLK,88.81061552563808,90.37789916992188,10,LONG,LONG,53.84615384615385,58.64080935014462,1.0168986171483994,LOW,False
2018-04-30,2018-05-01,2018-05-15,MSFT,XLK,85.93416601641741,89.72332763671875,10,LONG,LONG,99.0,58.64080935014462,0.7290256321430205,HIGH,True
2018-05-01,2018-05-02,2018-05-16,MSFT,XLK,87.57520066881789,89.9548110961914,10,LONG,LONG,53.84615384615385,58.64080935014462,0.3727121055126191,LOW,False
2018-05-02,2018-05-03,2018-05-17,MSFT,XLK,85.70366482900671,89.05662536621094,10,LONG,LONG,53.84615384615385,58.64080935014462,0.4253804385662078,LOW,False
2018-05-03,2018-05-04,2018-05-18,MSFT,XLK,86.03555801937226,89.22333526611328,10,LONG,LONG,99.0,58.64080935014462,0.39478519558906555,HIGH,True
2018-05-04,2018-05-07,2018-05-21,MSFT,XLK,87.74115676508859,90.37146759033203,10,LONG,LONG,53.333333333333336,58.64080935014462,0.23212110996246332,LOW,False
2018-05-07,2018-05-08,2018-05-22,MSFT,XLK,88.36806287938047,90.27889251708984,10,LONG,LONG,53.333333333333336,58.64080935014462,0.13511842489242545,LOW,False
2018-05-08,2018-05-09,2018-05-23,MSFT,XLK,88.51557265116604,91.35295867919922,10,LONG,LONG,53.333333333333336,58.64080935014462,0.16305339336395258,LOW,False
2018-05-09,2018-05-10,2018-05-24,MSFT,XLK,89.8524103468585,91.0289077758789,10,SHORT,LONG,50.13217156809981,58.64080935014462,-0.1719854921102523,LOW,False
2018-05-10,2018-05-11,2018-05-25,MSFT,XLK,90.16586156088083,91.0751953125,10,SHORT,SHORT,60.0,58.64080935014462,-0.11896610260009773,LOW,True
2018-05-11,2018-05-14,2018-05-29,MSFT,XLK,90.27648507020974,90.75111389160156,10,SHORT,SHORT,60.0,58.64080935014462,-0.14868658781051636,LOW,True
2018-05-14,2018-05-15,2018-05-30,MSFT,XLK,89.64957064409887,91.62147521972656,10,SHORT,SHORT,73.09968173775212,58.64080935014462,-0.06402438879013059,HIGH,True
2018-05-15,2018-05-16,2018-05-31,MSFT,XLK,90.14925708360686,91.51963806152344,10,LONG,SHORT,60.0,58.64080935014462,0.03410036861896514,LOW,True
2018-05-16,2018-05-17,2018-06-01,MSFT,XLK,89.59367054832843,93.32520294189453,10,LONG,SHORT,60.0,58.64080935014462,0.3231131583452225,LOW,True
2018-05-17,2018-05-18,2018-06-04,MSFT,XLK,88.89925856414843,94.1400375366211,10,LONG,LONG,53.333333333333336,58.64080935014462,0.38245911896228785,LOW,False
2018-05-18,2018-05-21,2018-06-05,MSFT,XLK,89.81590669375414,94.62153625488281,10,LONG,LONG,53.333333333333336,58.64080935014462,0.3455086648464203,LOW,False
2018-05-21,2018-05-22,2018-06-06,MSFT,XLK,90.44556152431043,94.89933013916016,10,LONG,SHORT,60.0,58.64080935014462,0.04359951615333568,LOW,True
2018-05-22,2018-05-23,2018-06-07,MSFT,XLK,89.54737707578488,93.40855407714844,10,LONG,LONG,53.333333333333336,58.64080935014462,0.24147830903530118,LOW,False
2018-05-23,2018-05-24,2018-06-08,MSFT,XLK,91.41780687090355,94.10301971435547,10,LONG,SHORT,83.33333333333334,58.64080935014462,0.3205844610929489,HIGH,True
2018-05-24,2018-05-25,2018-06-11,MSFT,XLK,91.01964133391834,93.56596374511719,10,LONG,SHORT,60.0,58.64080935014462,0.041416808962821926,LOW,True
2018-05-25,2018-05-29,2018-06-12,MSFT,XLK,90.59369918666229,93.80670166015625,10,LONG,SHORT,54.81545268620442,58.64080935014462,0.05096311867237102,LOW,False
2018-05-29,2018-05-30,2018-06-13,MSFT,XLK,91.02887602793491,93.38078308105469,10,LONG,LONG,75.0,58.64080935014462,0.18827407062053675,HIGH,True
2018-05-30,2018-05-31,2018-06-14,MSFT,XLK,91.93631407930222,93.9085693359375,10,LONG,LONG,53.333333333333336,58.64080935014462,0.044397458434104836,LOW,False
2018-05-31,2018-06-01,2018-06-15,MSFT,XLK,91.92703591613461,92.71410369873047,10,SHORT,LONG,53.333333333333336,58.64080935014462,-0.016075432300567596,LOW,False
2018-06-01,2018-06-04,2018-06-18,MSFT,XLK,93.76040694151176,93.39004516601562,10,SHORT,SHORT,60.0,58.64080935014462,-0.08417084813117978,LOW,True
2018-06-04,2018-06-05,2018-06-19,MSFT,XLK,94.44560590486304,93.39004516601562,10,SHORT,SHORT,83.33333333333334,58.64080935014462,-0.0802648216485978,HIGH,True
2018-06-05,2018-06-06,2018-06-20,MSFT,XLK,94.89007585070694,94.32524871826172,10,SHORT,SHORT,83.33333333333334,58.64080935014462,-0.0672474652528763,HIGH,True
2018-06-06,2018-06-07,2018-06-21,MSFT,XLK,95.04746708569681,93.6492919921875,10,LONG,SHORT,83.33333333333334,58.64080935014462,0.114496573805809,HIGH,True
2018-06-07,2018-06-08,2018-06-22,MSFT,XLK,93.60301264781064,92.9733657836914,10,SHORT,SHORT,56.853376238577326,58.64080935014462,-0.077462077140808,LOW,False
2018-06-08,2018-06-11,2018-06-25,MSFT,XLK,93.52892540668107,91.10297393798828,10,LONG,SHORT,55.313735154540076,58.64080935014462,0.03579843044281012,LOW,False
2018-06-11,2018-06-12,2018-06-26,MSFT,XLK,93.61225568304882,91.74187469482422,10,LONG,LONG,53.333333333333336,58.64080935014462,0.14252369105815882,LOW,False
2018-06-12,2018-06-13,2018-06-27,MSFT,XLK,94.18635114241015,90.31593322753906,10,LONG,LONG,53.333333333333336,58.64080935014462,0.17026802897453308,LOW,False
2018-06-13,2018-06-14,2018-06-28,MSFT,XLK,94.1215380460741,91.32518005371094,10,LONG,LONG,53.333333333333336,58.64080935014462,0.08153986930847165,LOW,False
2018-06-14,2018-06-15,2018-06-29,MSFT,XLK,93.99190175445213,91.30667114257812,10,SHORT,LONG,53.333333333333336,58.64080935014462,-0.018330156803131065,LOW,False
2018-06-15,2018-06-18,2018-07-02,MSFT,XLK,92.60299980205728,92.6030044555664,10,LONG,LONG,53.84615384615385,58.64080935014462,0.11037015914916998,LOW,False
2018-06-18,2018-06-19,2018-07-03,MSFT,XLK,92.26966177848924,91.71407318115234,10,LONG,LONG,53.333333333333336,58.64080935014462,0.256177619099617,LOW,False
2018-06-19,2018-06-20,2018-07-05,MSFT,XLK,93.86228000237334,92.37153625488281,10,LONG,LONG,53.84615384615385,58.64080935014462,0.43951384723186493,LOW,False
2018-06-20,2018-06-21,2018-07-06,MSFT,XLK,94.51967525934059,93.66781616210938,10,LONG,SHORT,60.0,58.64080935014462,0.08748930692672732,LOW,True
2018-06-21,2018-06-22,2018-07-09,MSFT,XLK,92.9733657836914,94.30672454833984,10,LONG,LONG,53.333333333333336,58.64080935014462,0.11974382400512691,LOW,False
2018-06-22,2018-06-25,2018-07-10,MSFT,XLK,92.59373361432624,94.55672454833984,10,LONG,LONG,53.333333333333336,58.64080935014462,0.024075388908386276,LOW,False
2018-06-25,2018-06-26,2018-07-11,MSFT,XLK,91.50112900486032,94.42709350585938,10,LONG,LONG,53.84615384615385,58.64080935014462,0.5998558849096298,LOW,False
2018-06-26,2018-06-27,2018-07-12,MSFT,XLK,92.20484633745842,96.4734115600586,10,LONG,LONG,53.84615384615385,58.64080935014462,0.7014406472444534,LOW,False
2018-06-27,2018-06-28,2018-07-13,MSFT,XLK,90.16775859729715,97.62156677246094,10,LONG,LONG,99.0,58.64080935014462,0.776170939207077,HIGH,True
2018-06-28,2018-06-29,2018-07-16,MSFT,XLK,91.60297077466609,97.14007568359375,10,LONG,LONG,75.0,58.64080935014462,0.5213578641414643,HIGH,True
2018-06-29,2018-07-02,2018-07-17,MSFT,XLK,90.83446057141037,98.10306549072266,10,LONG,LONG,53.84615384615385,58.64080935014462,0.4808629751205445,LOW,False
2018-07-02,2018-07-03,2018-07-18,MSFT,XLK,93.03816352539422,97.33451843261719,10,LONG,LONG,53.333333333333336,58.64080935014462,0.5511942952871324,LOW,False
2018-07-03,2018-07-05,2018-07-19,MSFT,XLK,92.13079050268882,96.66786193847656,10,LONG,LONG,53.333333333333336,58.64080935014462,0.5928176045417786,LOW,False
2018-07-05,2018-07-06,2018-07-20,MSFT,XLK,92.49187189153278,98.39935302734375,10,LONG,LONG,53.333333333333336,58.64080935014462,0.3761211484670639,LOW,False
2018-07-06,2018-07-09,2018-07-23,MSFT,XLK,94.12153989059851,99.97346496582031,10,LONG,SHORT,57.585314773793804,58.64080935014462,0.08890564739704142,LOW,False
2018-07-09,2018-07-10,2018-07-24,MSFT,XLK,94.44560952338475,99.6864013671875,10,SHORT,SHORT,83.33333333333334,58.64080935014462,-0.13041782379150388,HIGH,True
2018-07-10,2018-07-11,2018-07-25,MSFT,XLK,93.65856381443818,102.62163543701172,10,SHORT,SHORT,60.0,58.64080935014462,-0.10933706164360035,LOW,True
2018-07-11,2018-07-12,2018-07-26,MSFT,XLK,95.15857519773151,101.50123596191406,10,SHORT,SHORT,51.816296816665066,58.64080935014462,-0.2479857504367829,LOW,False
2018-07-12,2018-07-13,2018-07-27,MSFT,XLK,96.64007552570595,99.70494842529297,10,SHORT,SHORT,60.0,58.64080935014462,-0.09624664485454563,LOW,True
2018-07-13,2018-07-16,2018-07-30,MSFT,XLK,97.59378293657103,97.56600952148438,10,SHORT,SHORT,60.0,58.64080935014462,-0.03429135680198667,LOW,True
2018-07-16,2018-07-17,2018-07-31,MSFT,XLK,96.86231275565999,98.22341918945312,10,SHORT,SHORT,60.0,58.64080935014462,-0.0656755864620208,LOW,True
2018-07-17,2018-07-18,2018-08-01,MSFT,XLK,98.09378663396056,98.40863037109375,10,LONG,SHORT,75.41844332718132,58.64080935014462,0.04551550745964042,HIGH,True
2018-07-18,2018-07-19,2018-08-02,MSFT,XLK,97.15860760970082,99.60306549072266,10,SHORT,SHORT,74.24318477650114,58.64080935014462,-0.013666480779647976,HIGH,True
2018-07-19,2018-07-20,2018-08-03,MSFT,XLK,100.07530433157109,100.03827667236328,10,LONG,LONG,53.333333333333336,58.64080935014462,0.15523773431777949,LOW,False
2018-07-20,2018-07-23,2018-08-06,MSFT,XLK,98.42715116061102,100.12159729003906,10,LONG,SHORT,83.33333333333334,58.64080935014462,0.10632091760635369,HIGH,True
2018-07-23,2018-07-24,2018-08-07,MSFT,XLK,100.52900053748353,100.81605529785156,10,LONG,SHORT,83.33333333333334,58.64080935014462,0.052514225244522025,HIGH,True
2018-07-24,2018-07-25,2018-08-08,MSFT,XLK,99.96419277079282,101.38086700439453,10,SHORT,SHORT,83.33333333333334,58.64080935014462,-0.023994669318199227,HIGH,True
2018-07-25,2018-07-26,2018-08-09,MSFT,XLK,102.53828107975306,101.54755401611328,10,SHORT,SHORT,60.0,58.64080935014462,-0.10205698013305668,LOW,True
2018-07-26,2018-07-27,2018-08-10,MSFT,XLK,102.0197921321726,100.92718505859375,10,LONG,SHORT,60.0,58.64080935014462,0.12617319822311396,LOW,True
2018-07-27,2018-07-30,2018-08-13,MSFT,XLK,99.2512150157025,100.19566345214844,10,LONG,LONG,53.333333333333336,58.64080935014462,0.08989918231964121,LOW,False
2018-07-30,2018-07-31,2018-08-14,MSFT,XLK,98.60304976536034,101.44567108154297,10,LONG,LONG,53.333333333333336,58.64080935014462,0.17825639247894282,LOW,False
2018-07-31,2018-08-01,2018-08-15,MSFT,XLK,98.17714601020414,100.07003021240234,10,LONG,LONG,53.333333333333336,58.64080935014462,0.27164632081985485,LOW,False
2018-08-01,2018-08-02,2018-08-16,MSFT,XLK,97.59378343857622,100.05144500732422,10,LONG,LONG,53.333333333333336,58.64080935014462,0.3641497045755387,LOW,False
2018-08-02,2018-08-03,2018-08-17,MSFT,XLK,99.81605367631458,99.99565887451172,10,LONG,LONG,53.333333333333336,58.64080935014462,0.2533860504627227,LOW,False
2018-08-03,2018-08-06,2018-08-20,MSFT,XLK,100.112343003403,99.33572387695312,10,LONG,LONG,53.333333333333336,58.64080935014462,0.16642633080482494,LOW,False
2018-08-06,2018-08-07,2018-08-21,MSFT,XLK,100.51975563085574,98.50848388671875,10,LONG,LONG,53.333333333333336,58.64080935014462,0.32220958173274994,LOW,False
2018-08-07,2018-08-08,2018-08-22,MSFT,XLK,101.23272071861165,99.5123291015625,10,LONG,LONG,53.333333333333336,58.64080935014462,0.3437559902668,LOW,False
2018-08-08,2018-08-09,2018-08-23,MSFT,XLK,101.58459236021856,99.97708129882812,10,LONG,LONG,53.333333333333336,58.64080935014462,0.07629585266113285,LOW,False
2018-08-09,2018-08-10,2018-08-24,MSFT,XLK,101.31607710374433,100.75785827636719,10,LONG,LONG,53.333333333333336,58.64080935014462,0.16182959079742423,LOW,False
2018-08-10,2018-08-13,2018-08-27,MSFT,XLK,101.1493776367867,101.87326049804688,10,LONG,LONG,53.333333333333336,58.64080935014462,0.15871965885162356,LOW,False
2018-08-13,2018-08-14,2018-08-28,MSFT,XLK,100.51973393895324,102.48674774169922,10,LONG,LONG,53.333333333333336,58.64080935014462,0.4815726280212403,LOW,False
2018-08-14,2018-08-15,2018-08-29,MSFT,XLK,100.84151026080478,104.12265014648438,10,LONG,SHORT,60.0,58.64080935014462,0.36712029576301575,LOW,True
2018-08-15,2018-08-16,2018-08-30,MSFT,XLK,100.66491881333131,104.05757141113281,10,LONG,LONG,53.84615384615385,58.64080935014462,0.47987611591815954,LOW,False
2018-08-16,2018-08-17,2018-08-31,MSFT,XLK,99.79116764340026,104.4107894897461,10,LONG,LONG,53.333333333333336,58.64080935014462,0.3943011313676834,LOW,False
2018-08-17,2018-08-20,2018-09-04,MSFT,XLK,99.93060364693207,103.83450317382812,10,LONG,LONG,53.333333333333336,58.64080935014462,0.48440077900886536,LOW,False
2018-08-20,2018-08-21,2018-09-05,MSFT,XLK,99.38220969215011,100.84152221679688,10,LONG,LONG,53.333333333333336,58.64080935014462,0.2377303689718245,LOW,False
2018-08-21,2018-08-22,2018-09-06,MSFT,XLK,98.3876342589278,101.07389831542969,10,LONG,LONG,53.333333333333336,58.64080935014462,0.23421277105808253,LOW,False
2018-08-22,2018-08-23,2018-09-07,MSFT,XLK,99.59598974411142,100.58123016357422,10,LONG,LONG,53.333333333333336,58.64080935014462,0.08029012382030501,LOW,False
2018-08-23,2018-08-24,2018-09-10,MSFT,XLK,100.07931977319542,101.66877746582031,10,LONG,LONG,53.84615384615385,58.64080935014462,0.11678862571716311,LOW,False
2018-08-24,2018-08-27,2018-09-11,MSFT,XLK,101.56652360965353,103.39765167236328,10,SHORT,LONG,53.333333333333336,58.64080935014462,-0.1226158440113069,LOW,False
2018-08-27,2018-08-28,2018-09-12,MSFT,XLK,102.1893078054987,103.83450317382812,10,SHORT,LONG,53.333333333333336,58.64080935014462,-0.35941168665885936,LOW,False
2018-08-28,2018-08-29,2018-09-13,MSFT,XLK,102.66333454343943,104.9499282836914,10,SHORT,LONG,53.333333333333336,58.64080935014462,-0.2693383172154428,LOW,False
2018-08-29,2018-08-30,2018-09-14,MSFT,XLK,103.79731242260256,105.3774642944336,10,SHORT,SHORT,60.0,58.64080935014462,-0.18787866830825806,LOW,True
2018-08-30,2018-08-31,2018-09-17,MSFT,XLK,103.81590975630986,104.23420715332031,10,SHORT,SHORT,83.33333333333334,58.64080935014462,-0.21844869852066046,HIGH,True
2018-08-31,2018-09-04,2018-09-18,MSFT,XLK,103.03513215210322,105.22877502441406,10,SHORT,SHORT,83.33333333333334,58.64080935014462,-0.15451298654079443,HIGH,True
2018-09-04,2018-09-05,2018-09-19,MSFT,XLK,103.18386779548231,103.8252182006836,10,SHORT,SHORT,83.33333333333334,58.64080935014462,-0.19782277941703796,HIGH,True
2018-09-05,2018-09-06,2018-09-20,MSFT,XLK,100.61844498426937,105.5633773803711,10,LONG,LONG,53.333333333333336,58.64080935014462,0.2566757798194885,LOW,False
2018-09-06,2018-09-07,2018-09-21,MSFT,XLK,100.5998241414845,106.20475006103516,10,LONG,LONG,53.333333333333336,58.64080935014462,0.2620892226696014,LOW,False
2018-09-07,2018-09-10,2018-09-24,MSFT,XLK,101.1668462691602,106.58584594726562,10,LONG,LONG,53.333333333333336,58.64080935014462,0.270972803235054,LOW,False
2018-09-10,2018-09-11,2018-09-25,MSFT,XLK,101.22262352685642,106.38133239746094,10,LONG,LONG,53.333333333333336,58.64080935014462,0.09382370114326471,LOW,False
2018-09-11,2018-09-12,2018-09-26,MSFT,XLK,103.57424416052721,105.94447326660156,10,LONG,SHORT,55.970004097904024,58.64080935014462,0.19151359796524053,LOW,False
2018-09-12,2018-09-13,2018-09-27,MSFT,XLK,104.21562187381154,106.34416198730469,10,LONG,LONG,53.333333333333336,58.64080935014462,0.11337779462337493,LOW,False
2018-09-13,2018-09-14,2018-09-28,MSFT,XLK,105.36816730468358,106.30695343017578,10,LONG,SHORT,50.1757377643573,58.64080935014462,0.1525683701038361,LOW,False
2018-09-14,2018-09-17,2018-10-01,MSFT,XLK,105.67493606418668,107.45956420898438,10,LONG,SHORT,60.0,58.64080935014462,0.30954189598560333,LOW,True
2018-09-17,2018-09-18,2018-10-02,MSFT,XLK,104.2806874160147,107.031982421875,10,LONG,SHORT,50.93864663414782,58.64080935014462,0.14738005399703982,LOW,False
2018-09-18,2018-09-19,2018-10-03,MSFT,XLK,105.08004973245804,107.05058288574219,10,LONG,SHORT,60.0,58.64080935014462,0.04542601108551026,LOW,True
2018-09-19,2018-09-20,2018-10-04,MSFT,XLK,104.36432081761015,104.83834838867188,10,LONG,LONG,53.333333333333336,58.64080935014462,0.20595017075538635,LOW,False
2018-09-20,2018-09-21,2018-10-05,MSFT,XLK,105.96307789774595,104.22489929199219,10,LONG,LONG,53.333333333333336,58.64080935014462,0.19042730331420896,LOW,False
2018-09-21,2018-09-24,2018-10-08,MSFT,XLK,105.06146533254598,103.03514862060547,10,LONG,SHORT,67.08814248749334,58.64080935014462,0.10536062717437736,LOW,True
2018-09-24,2018-09-25,2018-10-09,MSFT,XLK,106.70666325488398,104.34574127197266,10,LONG,LONG,53.333333333333336,58.64080935014462,0.1542018353939056,LOW,False
2018-09-25,2018-09-26,2018-10-10,MSFT,XLK,106.39992653954329,98.67581939697266,10,LONG,LONG,53.333333333333336,58.64080935014462,0.2446900308132172,LOW,False
2018-09-26,2018-09-27,2018-10-11,MSFT,XLK,106.68807265435531,98.44341278076172,10,LONG,LONG,53.333333333333336,58.64080935014462,0.35327073931694036,LOW,False
2018-09-27,2018-09-28,2018-10-12,MSFT,XLK,106.1396430900498,101.84538269042969,10,LONG,LONG,53.333333333333336,58.64080935014462,0.058964282274246146,LOW,False
2018-09-28,2018-10-01,2018-10-15,MSFT,XLK,106.66019313105043,100.0142593383789,10,LONG,LONG,53.333333333333336,58.64080935014462,0.002078324556350781,LOW,False
2018-10-01,2018-10-02,2018-10-16,MSFT,XLK,107.17140891313316,103.1745834350586,10,LONG,LONG,53.333333333333336,58.64080935014462,0.2311949282884597,LOW,False
2018-10-02,2018-10-03,2018-10-17,MSFT,XLK,107.28295803679651,102.90499877929688,10,LONG,LONG,53.333333333333336,58.64080935014462,0.24246400594711304,LOW,False
2018-10-03,2018-10-04,2018-10-18,MSFT,XLK,106.53003879140677,100.85081481933594,10,LONG,LONG,53.84615384615385,58.64080935014462,0.3082826137542725,LOW,False
2018-10-04,2018-10-05,2018-10-19,MSFT,XLK,104.68964959006114,100.99954223632812,10,LONG,LONG,53.84615384615385,58.64080935014462,0.0894457995891571,LOW,False
2018-10-05,2018-10-08,2018-10-22,MSFT,XLK,103.7880489911663,101.90113830566406,10,LONG,LONG,53.84615384615385,58.64080935014462,0.28932331502437597,LOW,False
2018-10-08,2018-10-09,2018-10-23,MSFT,XLK,103.30469802776423,100.47901153564453,10,LONG,LONG,53.84615384615385,58.64080935014462,0.7194906771183014,LOW,False
2018-10-09,2018-10-10,2018-10-24,MSFT,XLK,103.39767860089806,95.10647583007812,10,LONG,LONG,53.84615384615385,58.64080935014462,0.8836701810359955,LOW,False
2018-10-10,2018-10-11,2018-10-25,MSFT,XLK,97.92288761813045,100.66492462158203,10,LONG,LONG,99.0,58.64080935014462,1.1779744774103165,HIGH,True
2018-10-11,2018-10-12,2018-10-26,MSFT,XLK,101.32486461231034,99.41937255859375,10,LONG,LONG,99.0,58.64080935014462,1.5284215360879898,HIGH,True
2018-10-12,2018-10-15,2018-10-29,MSFT,XLK,101.23190990031263,96.52864074707031,10,LONG,LONG,99.0,70.0,0.746046781539917,HIGH,True
2018-10-15,2018-10-16,2018-10-30,MSFT,XLK,101.81751318860785,96.41709899902344,10,LONG,LONG,99.0,70.0,0.811216801404953,HIGH,True
2018-10-16,2018-10-17,2018-10-31,MSFT,XLK,103.80661539259131,99.27993774414062,10,LONG,LONG,99.0,70.0,0.7564285397529602,HIGH,True
2018-10-17,2018-10-18,2018-11-01,MSFT,XLK,102.33801435689176,98.45268249511719,10,LONG,LONG,99.0,70.0,0.6255881190299988,HIGH,True
2018-10-18,2018-10-19,2018-11-02,MSFT,XLK,101.250504287092,98.67581939697266,10,LONG,LONG,99.0,70.0,0.5877462923526763,HIGH,True
2018-10-19,2018-10-22,2018-11-05,MSFT,XLK,101.6129954170014,99.93059539794922,10,LONG,LONG,70.0,70.0,0.7564285397529602,HIGH,True
2018-10-22,2018-10-23,2018-11-06,MSFT,XLK,100.17227464149678,100.12580871582031,10,LONG,LONG,99.0,70.0,0.7934728264808656,HIGH,True
2018-10-23,2018-10-24,2018-11-07,MSFT,XLK,100.76713666713034,104.06689453125,10,LONG,LONG,99.0,70.0,0.7931769788265229,HIGH,True
2018-10-24,2018-10-25,2018-11-08,MSFT,XLK,99.03829846162175,103.8716812133789,10,LONG,LONG,99.0,70.0,0.7311367094516755,HIGH,True
2018-10-25,2018-10-26,2018-11-09,MSFT,XLK,98.23891004470138,101.84538269042969,10,LONG,LONG,99.0,70.0,0.7016991376876832,HIGH,True
2018-10-26,2018-10-29,2018-11-12,MSFT,XLK,100.48831548786883,99.33572387695312,10,LONG,LONG,99.0,70.0,0.5312577486038208,HIGH,True
2018-10-29,2018-10-30,2018-11-13,MSFT,XLK,96.35203424160176,99.40078735351562,10,LONG,LONG,99.0,70.0,0.7206507623195648,HIGH,True
2018-10-30,2018-10-31,2018-11-14,MSFT,XLK,98.0065267053515,97.99120330810547,10,LONG,LONG,70.0,70.0,0.683054029941559,HIGH,True
2018-10-31,2018-11-01,2018-11-15,MSFT,XLK,99.50302250520689,100.14762115478516,10,LONG,LONG,70.0,70.0,0.6140929758548737,HIGH,True
2018-11-01,2018-11-02,2018-11-16,MSFT,XLK,98.97325940266504,101.09048461914062,10,LONG,LONG,70.0,70.0,0.651673287153244,HIGH,True
2018-11-02,2018-11-05,2018-11-19,MSFT,XLK,98.87096545192323,97.66447448730469,10,LONG,LONG,70.0,70.0,0.651673287153244,HIGH,True
2018-11-05,2018-11-06,2018-11-20,MSFT,XLK,99.80977481491769,94.94792175292969,10,LONG,LONG,70.0,70.0,0.6178913116455078,HIGH,True
2018-11-06,2018-11-07,2018-11-21,MSFT,XLK,101.72455595481581,96.25484466552734,10,LONG,LONG,70.0,70.0,0.6071391701698304,HIGH,True
2018-11-07,2018-11-08,2018-11-23,MSFT,XLK,103.91815907514072,96.21749114990234,10,LONG,LONG,99.0,70.0,0.5926517844200133,HIGH,True
2018-11-08,2018-11-09,2018-11-26,MSFT,XLK,103.03514234986072,99.39146423339844,10,LONG,LONG,99.0,70.0,0.5893495380878448,HIGH,True
2018-11-09,2018-11-12,2018-11-27,MSFT,XLK,101.70594596597122,100.01692199707031,10,LONG,LONG,99.0,70.0,0.5645000040531158,HIGH,True
2018-11-12,2018-11-13,2018-11-28,MSFT,XLK,99.96778323504547,103.73230743408203,10,LONG,LONG,99.0,70.0,0.703134775161743,HIGH,True
2018-11-13,2018-11-14,2018-11-29,MSFT,XLK,100.91310664855241,102.86415100097656,10,LONG,LONG,99.0,70.0,0.7707853019237518,HIGH,True
2018-11-14,2018-11-15,2018-11-30,MSFT,XLK,98.00986810909254,103.51759338378906,10,LONG,LONG,99.0,70.0,0.7592521607875824,HIGH,True
2018-11-15,2018-11-16,2018-12-03,MSFT,XLK,99.96093071015623,104.63780975341797,10,LONG,LONG,99.0,70.0,0.762262761592865,HIGH,True
2018-11-16,2018-11-19,2018-12-04,MSFT,XLK,101.07180316655825,101.30518341064453,10,LONG,LONG,99.0,70.0,0.6066058874130249,HIGH,True
2018-11-19,2018-11-20,2018-12-06,MSFT,XLK,95.03194190552203,101.93061828613281,10,LONG,LONG,99.0,70.0,0.6170446574687958,HIGH,True
2018-11-20,2018-11-21,2018-12-07,MSFT,XLK,96.71226555568725,97.85116577148438,10,LONG,LONG,99.0,70.0,0.7052909135818481,HIGH,True
2018-11-21,2018-11-23,2018-12-10,MSFT,XLK,95.37732534891708,100.43701934814453,10,LONG,LONG,99.0,70.0,0.6210989356040955,HIGH,True
2018-11-23,2018-11-26,2018-12-11,MSFT,XLK,97.82315683854976,101.3705062866211,10,LONG,LONG,99.0,70.0,0.6077218651771545,HIGH,True
2018-11-26,2018-11-27,2018-12-12,MSFT,XLK,99.20476036427364,101.82795715332031,10,LONG,LONG,70.0,70.0,0.5813308954238892,HIGH,True
2018-11-27,2018-11-28,2018-12-13,MSFT,XLK,100.71704741830726,102.17334747314453,10,LONG,LONG,70.0,70.0,0.5293237864971162,HIGH,True
2018-11-28,2018-11-29,2018-12-14,MSFT,XLK,102.99484269748051,98.9806900024414,10,LONG,LONG,70.0,70.0,0.57981014251709,HIGH,True
2018-11-29,2018-11-30,2018-12-17,MSFT,XLK,103.3402230566209,96.04948425292969,10,LONG,LONG,70.0,70.0,0.57981014251709,HIGH,True
2018-11-30,2018-12-03,2018-12-18,MSFT,XLK,105.4873127704729,97.05768585205078,10,LONG,LONG,99.0,70.0,0.5928836762905121,HIGH,True
2018-12-03,2018-12-04,2018-12-19,MSFT,XLK,104.49781449600886,96.79630279541016,10,LONG,LONG,99.0,70.0,0.570298045873642,HIGH,True
2018-12-04,2018-12-06,2018-12-20,MSFT,XLK,98.78466667971715,94.7612075805664,10,LONG,LONG,99.0,70.0,0.6432599127292634,HIGH,True
2018-12-06,2018-12-07,2018-12-21,MSFT,XLK,101.17448109552781,91.69929504394531,10,LONG,LONG,99.0,70.0,0.6288405060768127,HIGH,True
2018-12-07,2018-12-10,2018-12-24,MSFT,XLK,97.83251503363115,87.8718490600586,10,LONG,LONG,99.0,70.0,0.7833760678768158,HIGH,True
2018-12-10,2018-12-11,2018-12-26,MSFT,XLK,102.50006699507954,93.87437438964844,10,LONG,LONG,99.0,70.0,0.798028215765953,HIGH,True
2018-12-11,2018-12-12,2018-12-27,MSFT,XLK,103.51761933474894,94.45317077636719,10,LONG,LONG,99.0,70.0,0.798028215765953,HIGH,True
2018-12-12,2018-12-13,2018-12-28,MSFT,XLK,102.29470913998028,93.7156753540039,10,LONG,LONG,99.0,70.0,0.6432599127292634,HIGH,True
2018-12-13,2018-12-14,2018-12-31,MSFT,XLK,101.05309644553535,94.8172378540039,10,LONG,LONG,99.0,70.0,0.660161316394806,HIGH,True
2018-12-14,2018-12-17,2019-01-02,MSFT,XLK,98.40194913893302,94.39714813232422,10,LONG,LONG,70.0,70.0,0.655483901500702,HIGH,True
2018-12-17,2018-12-18,2019-01-03,MSFT,XLK,96.85231113708137,90.9244613647461,10,LONG,LONG,70.0,70.0,0.6667391061782837,HIGH,True
2018-12-18,2018-12-19,2019-01-04,MSFT,XLK,96.75896129053685,95.15328216552734,10,LONG,LONG,70.0,70.0,0.6649666130542755,HIGH,True
2018-12-19,2018-12-20,2019-01-07,MSFT,XLK,96.19882302101041,95.27465057373047,10,LONG,LONG,70.0,70.0,0.6948927342891693,HIGH,True
2018-12-20,2018-12-21,2019-01-08,MSFT,XLK,94.87324427337214,95.9654769897461,10,LONG,LONG,99.0,70.0,0.7102037370204926,HIGH,True
2018-12-21,2018-12-24,2019-01-09,MSFT,XLK,91.18583335230271,97.33770751953125,10,LONG,LONG,99.0,70.0,0.6965034902095795,HIGH,True
2018-12-24,2018-12-26,2019-01-10,MSFT,XLK,88.81471896348042,96.71226501464844,10,LONG,LONG,99.0,70.0,0.6757427453994751,HIGH,True
2018-12-26,2018-12-27,2019-01-11,MSFT,XLK,92.69816285878859,95.9654769897461,10,LONG,LONG,99.0,70.0,0.6107253730297089,HIGH,True
2018-12-27,2018-12-28,2019-01-14,MSFT,XLK,95.3026497844539,95.26530456542969,10,LONG,LONG,99.0,70.0,0.6107253730297089,HIGH,True
2018-12-28,2018-12-31,2019-01-15,MSFT,XLK,94.555854463877,98.02853393554688,10,LONG,LONG,99.0,70.0,0.6774200201034547,HIGH,True
2018-12-31,2019-01-02,2019-01-16,MSFT,XLK,92.93152817846168,98.3739242553711,10,LONG,LONG,70.0,70.0,0.655659943819046,HIGH,True
2019-01-02,2019-01-03,2019-01-17,MSFT,XLK,93.44495175857993,99.06471252441406,10,LONG,LONG,70.0,70.0,0.7394475638866426,HIGH,True
2019-01-03,2019-01-04,2019-01-18,MSFT,XLK,93.09021274689901,100.54902648925781,10,LONG,LONG,70.0,70.0,0.6771234571933747,HIGH,True
2019-01-04,2019-01-07,2019-01-22,MSFT,XLK,94.8825755223383,98.65396881103516,10,LONG,LONG,70.0,70.0,0.5344647169113158,HIGH,True
2019-01-07,2019-01-08,2019-01-23,MSFT,XLK,96.18951890404027,99.61549377441406,10,LONG,LONG,99.0,70.0,0.5848491787910463,HIGH,True
2019-01-08,2019-01-09,2019-01-24,MSFT,XLK,96.95496967354111,99.13941192626953,10,LONG,LONG,99.0,70.0,0.5650025308132173,HIGH,True
2019-01-09,2019-01-10,2019-01-25,MSFT,XLK,96.3575314662056,100.04491424560547,10,LONG,LONG,99.0,70.0,0.4960265159606935,HIGH,True
2019-01-10,2019-01-11,2019-01-28,MSFT,XLK,96.32954777128565,98.09388732910156,10,LONG,LONG,99.0,70.0,0.5381143391132354,HIGH,True
2019-01-11,2019-01-14,2019-01-29,MSFT,XLK,95.12527574993925,96.09615325927734,10,LONG,LONG,99.0,70.0,0.6241529583930969,HIGH,True
2019-01-14,2019-01-15,2019-01-30,MSFT,XLK,95.6947435360292,99.30744171142578,10,LONG,LONG,99.0,70.0,0.6241529583930969,HIGH,True
2019-01-15,2019-01-16,2019-01-31,MSFT,XLK,98.2619068813259,97.48707580566406,10,LONG,LONG,99.0,70.0,0.5662823915481567,HIGH,True
2019-01-16,2019-01-17,2019-02-01,MSFT,XLK,98.01917212444195,95.94677734375,10,LONG,LONG,99.0,70.0,0.5662823915481567,HIGH,True
2019-01-17,2019-01-18,2019-02-04,MSFT,XLK,100.31564744519525,98.70997619628906,10,LONG,LONG,99.0,70.0,0.6128164529800415,HIGH,True
2019-01-18,2019-01-22,2019-02-05,MSFT,XLK,99.65283062231616,100.09159088134766,10,LONG,LONG,99.0,70.0,0.6233345568180085,HIGH,True
2019-01-22,2019-01-23,2019-02-06,MSFT,XLK,99.06472274050611,98.9806900024414,10,LONG,LONG,99.0,70.0,0.6972253024578096,HIGH,True
2019-01-23,2019-01-24,2019-02-07,MSFT,XLK,99.7555360017024,98.27124786376953,10,LONG,LONG,99.0,70.0,0.7180751264095308,HIGH,True
2019-01-24,2019-01-25,2019-02-08,MSFT,XLK,100.11026008479142,98.6446304321289,10,LONG,LONG,99.0,70.0,0.5654166340827942,HIGH,True
2019-01-25,2019-01-28,2019-02-11,MSFT,XLK,99.19543676731266,98.25255584716797,10,LONG,LONG,99.0,70.0,0.6679322123527527,HIGH,True
2019-01-28,2019-01-29,2019-02-12,MSFT,XLK,97.90716971892232,99.78353881835938,10,LONG,LONG,99.0,70.0,0.6535286009311676,HIGH,True
2019-01-29,2019-01-30,2019-02-13,MSFT,XLK,97.66445847761653,99.70883178710938,10,LONG,LONG,99.0,70.0,0.6498536467552185,HIGH,True
2019-01-30,2019-01-31,2019-02-14,MSFT,XLK,96.89896329180942,99.79286193847656,10,LONG,LONG,99.0,70.0,0.6094981431961061,HIGH,True
2019-01-31,2019-02-01,2019-02-15,MSFT,XLK,96.88029338270015,101.02510833740234,10,LONG,LONG,99.0,70.0,0.7739045321941376,HIGH,True
2019-02-01,2019-02-04,2019-02-19,MSFT,XLK,96.03078993352754,100.97843170166016,10,LONG,LONG,70.0,70.0,0.7064560651779174,HIGH,True
2019-02-04,2019-02-05,2019-02-20,MSFT,XLK,99.00870885703466,100.45343017578125,10,LONG,LONG,70.0,70.0,0.6902480572462082,HIGH,True
2019-02-05,2019-02-06,2019-02-21,MSFT,XLK,99.88620156741139,102.57219696044922,10,LONG,LONG,99.0,70.0,0.6607799232006073,HIGH,True
2019-02-06,2019-02-07,2019-02-22,MSFT,XLK,98.1965719801399,104.03468322753906,10,LONG,LONG,99.0,70.0,0.6508637368679046,HIGH,True
2019-02-07,2019-02-08,2019-02-25,MSFT,XLK,97.44973113502242,104.6159439086914,10,LONG,LONG,99.0,70.0,0.6794764846563339,HIGH,True
2019-02-08,2019-02-11,2019-02-26,MSFT,XLK,99.13939316984545,105.33782196044922,10,LONG,LONG,99.0,70.0,0.6794764846563339,HIGH,True
2019-02-11,2019-02-12,2019-02-27,MSFT,XLK,99.08340171908816,105.15969848632812,10,LONG,LONG,99.0,70.0,0.6836452186107635,HIGH,True
2019-02-12,2019-02-13,2019-02-28,MSFT,XLK,100.35296004228631,105.02845764160156,10,LONG,LONG,99.0,70.0,0.6442638039588928,HIGH,True
2019-02-13,2019-02-14,2019-03-01,MSFT,XLK,99.24208379432295,105.4971923828125,10,LONG,LONG,99.0,70.0,0.6467779874801637,HIGH,True
2019-02-14,2019-02-15,2019-03-04,MSFT,XLK,100.73572064022984,105.24407196044922,10,LONG,LONG,99.0,70.0,0.6507690250873565,HIGH,True
2019-02-15,2019-02-19,2019-03-05,MSFT,XLK,100.6236981586203,104.71907043457031,10,LONG,LONG,99.0,70.0,0.655345231294632,HIGH,True
2019-02-19,2019-02-20,2019-03-06,MSFT,XLK,101.11905633015621,104.76593017578125,10,LONG,LONG,99.0,70.0,0.6419579386711122,HIGH,True
2019-02-20,2019-02-21,2019-03-07,MSFT,XLK,100.21906265032085,103.49093627929688,10,LONG,LONG,99.0,70.0,0.6443224251270294,HIGH,True
2019-02-21,2019-02-22,2019-03-08,MSFT,XLK,103.17218239827633,103.60343933105469,10,LONG,LONG,99.0,70.0,0.6108960211277008,HIGH,True
2019-02-22,2019-02-25,2019-03-11,MSFT,XLK,104.77532483571842,105.77845001220703,10,LONG,LONG,70.0,70.0,0.6449366807937622,HIGH,True
2019-02-25,2019-02-26,2019-03-12,MSFT,XLK,104.30657024458675,106.51908874511719,10,LONG,LONG,70.0,70.0,0.5920157432556152,HIGH,True
2019-02-26,2019-02-27,2019-03-13,MSFT,XLK,104.709701100158,107.34410095214844,10,LONG,LONG,70.0,70.0,0.5887367129325866,HIGH,True
2019-02-27,2019-02-28,2019-03-14,MSFT,XLK,105.03783467411833,107.42845916748047,10,LONG,LONG,70.0,70.0,0.5379812121391296,HIGH,True
2019-02-28,2019-03-01,2019-03-15,MSFT,XLK,105.8346939740342,108.66596984863281,10,LONG,LONG,70.0,70.0,0.5497486293315889,HIGH,True
2019-03-01,2019-03-04,2019-03-18,MSFT,XLK,105.9565689767055,110.22220611572266,10,LONG,LONG,70.0,70.0,0.555347740650177,HIGH,True
2019-03-04,2019-03-05,2019-03-19,MSFT,XLK,105.23469988747838,110.29722595214844,10,LONG,LONG,70.0,70.0,0.45782548189163214,HIGH,True
2019-03-05,2019-03-06,2019-03-20,MSFT,XLK,104.87843307841493,110.17533111572266,10,LONG,LONG,70.0,70.0,0.5386569201946259,HIGH,True
2019-03-06,2019-03-07,2019-03-21,MSFT,XLK,104.43781613526671,112.70660400390625,10,LONG,LONG,70.0,70.0,0.542931467294693,HIGH,True
2019-03-07,2019-03-08,2019-03-22,MSFT,XLK,102.33781194613975,109.73470306396484,10,LONG,LONG,70.0,70.0,0.5121189653873444,HIGH,True
2019-03-08,2019-03-11,2019-03-25,MSFT,XLK,104.05344102065204,110.30661010742188,10,LONG,LONG,99.0,70.0,0.5055615007877349,HIGH,True
2019-03-11,2019-03-12,2019-03-26,MSFT,XLK,105.76908351710622,110.54096984863281,10,LONG,LONG,70.0,70.0,0.5433819890022279,HIGH,True
2019-03-12,2019-03-13,2019-03-27,MSFT,XLK,106.99722224313818,109.47220611572266,10,LONG,LONG,70.0,70.0,0.5433819890022279,HIGH,True
2019-03-13,2019-03-14,2019-03-28,MSFT,XLK,107.38158831172028,109.62222290039062,10,LONG,LONG,70.0,70.0,0.5526529848575593,HIGH,True
2019-03-14,2019-03-15,2019-03-29,MSFT,XLK,108.13158630320892,110.569091796875,10,LONG,LONG,70.0,70.0,0.5450780689716339,HIGH,True
2019-03-15,2019-03-18,2019-04-01,MSFT,XLK,108.90970073894036,111.58158111572266,10,LONG,LONG,70.0,70.0,0.5583221912384033,HIGH,True
2019-03-18,2019-03-19,2019-04-02,MSFT,XLK,110.70972239557224,111.74095916748047,10,LONG,LONG,70.0,70.0,0.5741698741912841,HIGH,True
2019-03-19,2019-03-20,2019-04-03,MSFT,XLK,110.05345832089132,112.47221374511719,10,LONG,LONG,70.0,70.0,0.5741698741912841,HIGH,True
2019-03-20,2019-03-21,2019-04-04,MSFT,XLK,109.81909324713372,111.90033721923828,10,LONG,LONG,70.0,70.0,0.5762152373790741,HIGH,True
2019-03-21,2019-03-22,2019-04-05,MSFT,XLK,112.0315820098295,112.397216796875,10,LONG,LONG,70.0,70.0,0.5304711461067201,HIGH,True
2019-03-22,2019-03-25,2019-04-08,MSFT,XLK,109.27535105082066,112.43472290039062,10,LONG,LONG,70.0,70.0,0.49150389432907104,HIGH,True
2019-03-25,2019-03-26,2019-04-09,MSFT,XLK,111.20659604617036,111.82534790039062,10,LONG,LONG,70.0,70.0,0.508353292942047,HIGH,True
2019-03-26,2019-03-27,2019-04-10,MSFT,XLK,110.512834865387,112.67847442626953,10,LONG,LONG,70.0,70.0,0.5283178985118865,HIGH,True
2019-03-27,2019-03-28,2019-04-11,MSFT,XLK,110.1003514192619,112.80973052978516,10,LONG,LONG,70.0,70.0,0.5454595983028413,HIGH,True
2019-03-28,2019-03-29,2019-04-12,MSFT,XLK,110.69096459617101,113.3909683227539,10,LONG,LONG,70.0,70.0,0.6132245063781739,HIGH,True
2019-03-29,2019-04-01,2019-04-15,MSFT,XLK,111.51595620523364,113.4847183227539,10,LONG,LONG,70.0,70.0,0.5383034348487855,HIGH,True
2019-04-01,2019-04-02,2019-04-16,MSFT,XLK,111.61907922785159,113.22222900390625,10,LONG,LONG,70.0,70.0,0.6365709602832794,HIGH,True
2019-04-02,2019-04-03,2019-04-17,MSFT,XLK,112.36908786336618,114.15972900390625,10,LONG,LONG,70.0,70.0,0.5519476234912872,HIGH,True
2019-04-03,2019-04-04,2019-04-18,MSFT,XLK,112.59408730363754,115.65972137451172,10,LONG,LONG,70.0,70.0,0.5519476234912872,HIGH,True
2019-04-04,2019-04-05,2019-04-22,MSFT,XLK,111.9284653690283,116.02536010742188,10,LONG,LONG,70.0,70.0,0.5843368172645569,HIGH,True
2019-04-05,2019-04-08,2019-04-23,MSFT,XLK,112.32221997764483,117.60037231445312,10,LONG,LONG,70.0,70.0,0.5843368172645569,HIGH,True
2019-04-08,2019-04-09,2019-04-24,MSFT,XLK,111.2159695678029,117.19721984863281,10,LONG,LONG,70.0,70.0,0.6073675453662872,HIGH,True
2019-04-09,2019-04-10,2019-04-25,MSFT,XLK,112.2753478982236,121.07850646972656,10,LONG,LONG,70.0,70.0,0.6073675453662872,HIGH,True
2019-04-10,2019-04-11,2019-04-26,MSFT,XLK,113.00660528895055,121.77226257324219,10,LONG,LONG,70.0,70.0,0.552763134241104,HIGH,True
2019-04-11,2019-04-12,2019-04-29,MSFT,XLK,113.10034472429547,121.65975189208984,10,LONG,LONG,70.0,70.0,0.5421103239059448,HIGH,True
2019-04-12,2019-04-15,2019-04-30,MSFT,XLK,113.38159244116478,122.43785858154297,10,LONG,LONG,70.0,70.0,0.5364661514759064,HIGH,True
2019-04-15,2019-04-16,2019-05-01,MSFT,XLK,114.03785915167104,119.88786315917969,10,LONG,LONG,70.0,70.0,0.5364661514759064,HIGH,True
2019-04-16,2019-04-17,2019-05-02,MSFT,XLK,113.66285359383062,118.3222427368164,10,LONG,LONG,66.30434782608695,66.30434782608695,0.7007177472114564,HIGH,True
2019-04-17,2019-04-18,2019-05-03,MSFT,XLK,114.55346780006045,120.84412384033203,10,LONG,LONG,66.30434782608695,66.30434782608695,0.7007177472114564,HIGH,True
2019-04-18,2019-04-22,2019-05-06,MSFT,XLK,114.95660738099089,120.1409912109375,10,LONG,LONG,66.30434782608695,66.30434782608695,0.7007177472114564,HIGH,True
2019-04-22,2019-04-23,2019-05-07,MSFT,XLK,116.34411464235058,117.67536926269531,10,LONG,LONG,66.30434782608695,66.30434782608695,0.7007177472114564,HIGH,True
2019-04-23,2019-04-24,2019-05-08,MSFT,XLK,117.92847084340762,117.6659927368164,10,LONG,LONG,66.30434782608695,66.30434782608695,0.7007177472114564,HIGH,True
2019-04-24,2019-04-25,2019-05-09,MSFT,XLK,121.93163763114572,117.65660095214844,10,LONG,LONG,66.30434782608695,66.30434782608695,0.7007177472114564,HIGH,True
2019-04-25,2019-04-26,2019-05-10,MSFT,XLK,121.59413471664661,119.18472290039062,10,LONG,LONG,66.30434782608695,66.30434782608695,0.6713302135467528,HIGH,True
2019-04-26,2019-04-29,2019-05-13,MSFT,XLK,121.78161753812954,115.6409912109375,10,LONG,LONG,66.30434782608695,66.30434782608695,0.6713302135467528,HIGH,True
2019-04-29,2019-04-30,2019-05-14,MSFT,XLK,121.69722343620701,116.93473052978516,10,LONG,LONG,66.30434782608695,66.30434782608695,0.6713302135467528,HIGH,True
2019-04-30,2019-05-01,2019-05-15,MSFT,XLK,122.37224716863975,118.5814208984375,10,LONG,LONG,66.30434782608695,66.30434782608695,0.6777839660644532,HIGH,True
2019-05-01,2019-05-02,2019-05-16,MSFT,XLK,119.98162691152949,121.31967163085938,10,LONG,LONG,66.30434782608695,66.30434782608695,0.6777839660644532,HIGH,True
2019-05-02,2019-05-03,2019-05-17,MSFT,XLK,119.400375599877,120.51045989990234,10,LONG,LONG,78.33333333333333,66.30434782608695,0.6777839660644532,HIGH,True
2019-05-03,2019-05-06,2019-05-20,MSFT,XLK,118.49099125270203,118.7696533203125,10,LONG,LONG,66.30434782608695,66.30434782608695,0.7226195931434631,HIGH,True
2019-05-06,2019-05-07,2019-05-21,MSFT,XLK,118.55662434044093,119.40950012207031,10,LONG,LONG,66.30434782608695,66.30434782608695,0.7113597691059113,HIGH,True
2019-05-07,2019-05-08,2019-05-22,MSFT,XLK,117.60036781894073,120.1340560913086,10,LONG,LONG,78.33333333333333,66.30434782608695,0.8013342916965486,HIGH,True
2019-05-08,2019-05-09,2019-05-23,MSFT,XLK,116.52222342677581,118.73198699951172,10,LONG,LONG,78.33333333333333,66.30434782608695,0.8013342916965486,HIGH,True
2019-05-09,2019-05-10,2019-05-24,MSFT,XLK,117.10347278840226,118.78845977783203,10,LONG,LONG,78.33333333333333,66.30434782608695,0.7916004359722139,HIGH,True
2019-05-10,2019-05-13,2019-05-28,MSFT,XLK,116.3534954788201,118.71318817138672,10,LONG,LONG,78.33333333333333,66.30434782608695,0.792880177497864,HIGH,True
2019-05-13,2019-05-14,2019-05-29,MSFT,XLK,116.12847752793819,117.56519317626953,10,LONG,LONG,78.33333333333333,66.30434782608695,0.7828387022018432,HIGH,True
2019-05-14,2019-05-15,2019-05-30,MSFT,XLK,116.92531349521981,118.30854034423828,10,LONG,LONG,78.33333333333333,66.30434782608695,0.7968461513519286,HIGH,True
2019-05-15,2019-05-16,2019-05-31,MSFT,XLK,119.2683568817107,116.37957000732422,10,LONG,LONG,78.33333333333333,66.30434782608695,0.694288820028305,HIGH,True
2019-05-16,2019-05-17,2019-06-03,MSFT,XLK,120.73628430735162,112.7662124633789,10,LONG,LONG,78.33333333333333,66.30434782608695,0.7105734646320343,HIGH,True
2019-05-17,2019-05-20,2019-06-04,MSFT,XLK,119.05194100821599,115.8902587890625,10,LONG,LONG,78.33333333333333,66.30434782608695,0.6804173588752748,HIGH,True
2019-05-20,2019-05-21,2019-06-05,MSFT,XLK,119.90821476777693,118.40266418457031,10,LONG,LONG,78.33333333333333,66.30434782608695,0.7092534303665161,HIGH,True
2019-05-21,2019-05-22,2019-06-06,MSFT,XLK,119.14603846167813,120.27519226074219,10,LONG,LONG,66.30434782608695,66.30434782608695,0.6771246492862701,HIGH,True
2019-05-22,2019-05-23,2019-06-07,MSFT,XLK,118.75080330287875,123.64386749267578,10,LONG,LONG,66.30434782608695,66.30434782608695,0.6585797071456908,HIGH,True
2019-05-23,2019-05-24,2019-06-10,MSFT,XLK,119.41891730455738,124.77303314208984,10,LONG,LONG,78.33333333333333,66.30434782608695,0.7685409188270569,HIGH,True
2019-05-24,2019-05-28,2019-06-11,MSFT,XLK,119.48478594600999,124.30255126953125,10,LONG,LONG,78.33333333333333,66.30434782608695,0.7685409188270569,HIGH,True
2019-05-28,2019-05-29,2019-06-12,MSFT,XLK,117.97921649994422,123.72855377197266,10,LONG,LONG,78.33333333333333,66.30434782608695,0.6548481285572052,HIGH,True
2019-05-29,2019-05-30,2019-06-13,MSFT,XLK,117.86628187850405,124.50955200195312,10,LONG,LONG,78.33333333333333,66.30434782608695,0.7465044856071471,HIGH,True
2019-05-30,2019-05-31,2019-06-14,MSFT,XLK,116.89710815826496,124.63191223144531,10,LONG,LONG,78.33333333333333,66.30434782608695,0.6548481285572052,HIGH,True
2019-05-31,2019-06-03,2019-06-17,MSFT,XLK,116.53951659130799,125.00830841064453,10,LONG,LONG,78.33333333333333,66.30434782608695,0.6548481285572052,HIGH,True
2019-06-03,2019-06-04,2019-06-18,MSFT,XLK,114.12122463905077,127.181884765625,10,LONG,LONG,78.33333333333333,66.30434782608695,0.7565357685089111,HIGH,True
2019-06-04,2019-06-05,2019-06-19,MSFT,XLK,117.57460314106554,127.68065643310547,10,LONG,LONG,78.33333333333333,66.30434782608695,0.5939392149448396,HIGH,True
2019-06-05,2019-06-06,2019-06-20,MSFT,XLK,118.97665184945737,128.8662872314453,10,LONG,LONG,78.33333333333333,66.30434782608695,0.5936999619007111,HIGH,True
2019-06-06,2019-06-07,2019-06-21,MSFT,XLK,121.56432484941743,128.8850860595703,10,LONG,LONG,78.33333333333333,66.30434782608695,0.5936999619007111,HIGH,True
2019-06-07,2019-06-10,2019-06-24,MSFT,XLK,124.58482704414102,129.64727783203125,10,LONG,LONG,78.33333333333333,66.30434782608695,0.6142297983169555,HIGH,True
2019-06-10,2019-06-11,2019-06-25,MSFT,XLK,125.97748222562728,125.55401611328125,10,LONG,LONG,78.33333333333333,66.30434782608695,0.6142297983169555,HIGH,True
2019-06-11,2019-06-12,2019-06-26,MSFT,XLK,123.64385528376351,126.02455139160156,10,LONG,LONG,78.33333333333333,66.30434782608695,0.7310805022716521,HIGH,True
2019-06-12,2019-06-13,2019-06-27,MSFT,XLK,124.18961027557212,126.23157501220703,10,LONG,LONG,78.33333333333333,66.30434782608695,0.7302768528461456,HIGH,True
2019-06-13,2019-06-14,2019-06-28,MSFT,XLK,124.45312500496952,126.05276489257812,10,LONG,LONG,78.33333333333333,66.30434782608695,0.7302768528461456,HIGH,True
2019-06-14,2019-06-17,2019-07-01,MSFT,XLK,124.80129313638896,127.67121124267578,10,LONG,LONG,78.33333333333333,66.30434782608695,0.7306338250637053,HIGH,True
2019-06-17,2019-06-18,2019-07-02,MSFT,XLK,126.2691400176862,128.5181427001953,10,LONG,LONG,66.30434782608695,66.30434782608695,0.7202033698558807,HIGH,True
2019-06-18,2019-06-19,2019-07-03,MSFT,XLK,127.03138262461512,129.34620666503906,10,LONG,LONG,66.30434782608695,66.30434782608695,0.6749463379383087,HIGH,True
2019-06-19,2019-06-20,2019-07-05,MSFT,XLK,129.33677386928053,128.9697723388672,10,LONG,LONG,66.30434782608695,66.30434782608695,0.6749463379383087,HIGH,True
2019-06-20,2019-06-21,2019-07-08,MSFT,XLK,128.51810712659196,128.8756866455078,10,LONG,LONG,66.30434782608695,66.30434782608695,0.6749463379383087,HIGH,True
2019-06-21,2019-06-24,2019-07-09,MSFT,XLK,128.91331993288702,128.40525817871094,10,LONG,LONG,66.30434782608695,66.30434782608695,0.6749463379383087,HIGH,True
2019-06-24,2019-06-25,2019-07-10,MSFT,XLK,129.1485397396388,129.71315002441406,10,LONG,LONG,66.30434782608695,66.30434782608695,0.7127120196819305,HIGH,True
2019-06-25,2019-06-26,2019-07-11,MSFT,XLK,126.41977282595803,130.23065185546875,10,LONG,LONG,66.30434782608695,66.30434782608695,0.7192164063453674,HIGH,True
2019-06-26,2019-06-27,2019-07-12,MSFT,XLK,126.22217044719196,130.701171875,10,LONG,LONG,66.30434782608695,66.30434782608695,0.7192164063453674,HIGH,True
2019-06-27,2019-06-28,2019-07-15,MSFT,XLK,126.62675906746058,130.701171875,10,LONG,LONG,66.30434782608695,66.30434782608695,0.731013834476471,HIGH,True
2019-06-28,2019-07-01,2019-07-16,MSFT,XLK,128.56514708962735,128.98866271972656,10,LONG,LONG,66.30434782608695,66.30434782608695,0.731013834476471,HIGH,True
2019-07-01,2019-07-02,2019-07-17,MSFT,XLK,128.0852886388155,128.22642517089844,10,LONG,LONG,66.30434782608695,66.30434782608695,0.731013834476471,HIGH,True
2019-07-02,2019-07-03,2019-07-18,MSFT,XLK,128.72516079053548,128.3675537109375,10,LONG,LONG,66.30434782608695,66.30434782608695,0.7211356163024902,HIGH,True
2019-07-03,2019-07-05,2019-07-19,MSFT,XLK,127.91588704879513,128.5557403564453,10,LONG,LONG,66.30434782608695,66.30434782608695,0.7211356163024902,HIGH,True
2019-07-05,2019-07-08,2019-07-22,MSFT,XLK,128.34872963008303,130.25889587402344,10,LONG,LONG,66.30434782608695,66.30434782608695,0.7211356163024902,HIGH,True
2019-07-08,2019-07-09,2019-07-23,MSFT,XLK,127.97240402399945,131.06814575195312,10,LONG,LONG,66.30434782608695,66.30434782608695,0.7274417877197265,HIGH,True
2019-07-09,2019-07-10,2019-07-24,MSFT,XLK,129.03564823098873,132.4137420654297,10,LONG,LONG,66.30434782608695,66.30434782608695,0.720006912946701,HIGH,True
2019-07-10,2019-07-11,2019-07-25,MSFT,XLK,130.04246013518468,131.91502380371094,10,LONG,LONG,66.30434782608695,66.30434782608695,0.702472150325775,HIGH,True
2019-07-11,2019-07-12,2019-07-26,MSFT,XLK,130.6541347014395,132.99716186523438,10,LONG,LONG,66.30434782608695,66.30434782608695,0.7060162127017976,HIGH,True
2019-07-12,2019-07-15,2019-07-29,MSFT,XLK,131.20930544407994,132.70545959472656,10,LONG,LONG,66.30434782608695,66.30434782608695,0.6963313519954681,HIGH,True
2019-07-15,2019-07-16,2019-07-30,MSFT,XLK,130.75769768107278,132.0655975341797,10,LONG,LONG,66.30434782608695,66.30434782608695,0.6963313519954681,HIGH,True
2019-07-16,2019-07-17,2019-07-31,MSFT,XLK,129.57200998844476,128.22642517089844,10,LONG,LONG,66.30434782608695,66.30434782608695,0.7060162127017976,HIGH,True
2019-07-17,2019-07-18,2019-08-01,MSFT,XLK,127.54891167580483,129.9107666015625,10,LONG,LONG,66.30434782608695,66.30434782608695,0.7122507095336915,HIGH,True
2019-07-18,2019-07-19,2019-08-02,MSFT,XLK,131.94324926045456,128.8192138671875,10,LONG,LONG,66.30434782608695,66.30434782608695,0.7298922240734099,HIGH,True
2019-07-19,2019-07-22,2019-08-05,MSFT,XLK,129.29911367540907,124.40608978271484,10,LONG,LONG,66.30434782608695,66.30434782608695,0.7255485951900482,HIGH,True
2019-07-22,2019-07-23,2019-08-06,MSFT,XLK,131.51040428787084,126.73967742919922,10,LONG,LONG,78.33333333333333,66.30434782608695,0.7255485951900482,HIGH,True
2019-07-23,2019-07-24,2019-08-07,MSFT,XLK,130.70116405025243,127.29486846923828,10,LONG,LONG,66.30434782608695,66.30434782608695,0.7192164063453674,HIGH,True
2019-07-24,2019-07-25,2019-08-08,MSFT,XLK,132.14084816300124,130.6917266845703,10,LONG,LONG,66.30434782608695,66.30434782608695,0.7101636230945588,HIGH,True
2019-07-25,2019-07-26,2019-08-09,MSFT,XLK,132.08441662183617,129.5814208984375,10,LONG,LONG,66.30434782608695,66.30434782608695,0.7101636230945588,HIGH,True
2019-07-26,2019-07-29,2019-08-12,MSFT,XLK,133.1477181818595,127.77474975585938,10,LONG,LONG,66.30434782608695,66.30434782608695,0.7101636230945588,HIGH,True
2019-07-29,2019-07-30,2019-08-13,MSFT,XLK,131.8679868398659,130.41885375976562,10,LONG,LONG,66.30434782608695,66.30434782608695,0.7174673676490784,HIGH,True
2019-07-30,2019-07-31,2019-08-14,MSFT,XLK,132.04677416054224,126.49142456054688,10,LONG,LONG,66.30434782608695,66.30434782608695,0.7089202702045441,HIGH,True
2019-07-31,2019-08-01,2019-08-15,MSFT,XLK,128.91333723847524,126.20812225341797,10,LONG,LONG,78.33333333333333,66.30434782608695,0.7156869173049926,HIGH,True
2019-08-01,2019-08-02,2019-08-16,MSFT,XLK,129.9389741727862,128.52120971679688,10,LONG,LONG,78.33333333333333,66.30434782608695,0.801953852176666,HIGH,True
2019-08-02,2019-08-05,2019-08-19,MSFT,XLK,125.43174726239357,130.67376708984375,10,LONG,LONG,78.33333333333333,66.30434782608695,0.8115185201168061,HIGH,True
2019-08-05,2019-08-06,2019-08-20,MSFT,XLK,125.9022118897261,129.58807373046875,10,LONG,LONG,78.33333333333333,66.30434782608695,0.7828387022018432,HIGH,True
2019-08-06,2019-08-07,2019-08-21,MSFT,XLK,125.89281306576213,131.03253173828125,10,LONG,LONG,78.33333333333333,66.30434782608695,0.7828387022018432,HIGH,True
2019-08-07,2019-08-08,2019-08-22,MSFT,XLK,128.5369050417165,130.0789794921875,10,LONG,LONG,78.33333333333333,66.30434782608695,0.8019136488437653,HIGH,True
2019-08-08,2019-08-09,2019-08-23,MSFT,XLK,130.4282910038808,125.93437194824219,10,LONG,LONG,78.33333333333333,66.30434782608695,0.7054614126682283,HIGH,True
2019-08-09,2019-08-12,2019-08-26,MSFT,XLK,128.97920871076764,127.87921142578125,10,LONG,LONG,78.33333333333333,66.30434782608695,0.7063964605331421,HIGH,True
2019-08-12,2019-08-13,2019-08-27,MSFT,XLK,128.01936991814318,128.15301513671875,10,LONG,LONG,78.33333333333333,66.30434782608695,0.7056237161159516,HIGH,True
2019-08-13,2019-08-14,2019-08-28,MSFT,XLK,128.738403346098,127.98311614990234,10,LONG,LONG,78.33333333333333,66.30434782608695,0.639639973640442,HIGH,True
2019-08-14,2019-08-15,2019-08-29,MSFT,XLK,126.87844405962744,130.40003967285156,10,LONG,LONG,78.33333333333333,66.30434782608695,0.5900823175907135,HIGH,True
2019-08-15,2019-08-16,2019-08-30,MSFT,XLK,127.34107670876318,130.15452575683594,10,LONG,LONG,78.33333333333333,66.30434782608695,0.7002445459365844,HIGH,True
2019-08-16,2019-08-19,2019-09-03,MSFT,XLK,130.14506982370392,128.4362335205078,10,LONG,LONG,78.33333333333333,66.30434782608695,0.6131890118122101,HIGH,True
2019-08-19,2019-08-20,2019-09-04,MSFT,XLK,130.4849865736605,129.93739318847656,10,LONG,LONG,78.33333333333333,66.30434782608695,0.6082633733749389,HIGH,True
2019-08-20,2019-08-21,2019-09-05,MSFT,XLK,130.80595540335926,132.2221221923828,10,LONG,LONG,78.33333333333333,66.30434782608695,0.6592912077903748,HIGH,True
2019-08-21,2019-08-22,2019-09-06,MSFT,XLK,130.90979773952802,131.32521057128906,10,LONG,LONG,78.33333333333333,66.30434782608695,0.6091312170028687,HIGH,True
2019-08-22,2019-08-23,2019-09-09,MSFT,XLK,129.5219797142983,129.83355712890625,10,LONG,LONG,66.30434782608695,66.30434782608695,0.6592912077903748,HIGH,True
2019-08-23,2019-08-26,2019-09-10,MSFT,XLK,127.44493054085464,128.47402954101562,10,LONG,LONG,66.30434782608695,66.30434782608695,0.685195952653885,HIGH,True
2019-08-26,2019-08-27,2019-09-11,MSFT,XLK,128.7666785688978,128.5117645263672,10,LONG,LONG,78.33333333333333,66.30434782608695,0.6585797071456908,HIGH,True
2019-08-27,2019-08-28,2019-09-12,MSFT,XLK,127.34113043750234,129.83355712890625,10,LONG,LONG,78.33333333333333,66.30434782608695,0.6585797071456908,HIGH,True
2019-08-28,2019-08-29,2019-09-13,MSFT,XLK,129.57867128444275,129.64471435546875,10,LONG,LONG,78.33333333333333,66.30434782608695,0.6585797071456908,HIGH,True
2019-08-29,2019-08-30,2019-09-16,MSFT,XLK,131.37241683214987,128.71005249023438,10,LONG,LONG,78.33333333333333,66.30434782608695,0.6797253489494323,HIGH,True
2019-08-30,2019-09-03,2019-09-17,MSFT,XLK,128.97438110515063,129.71080017089844,10,LONG,LONG,66.30434782608695,66.30434782608695,0.6797253489494323,HIGH,True
2019-09-03,2019-09-04,2019-09-18,MSFT,XLK,129.6258362884301,130.7776641845703,10,LONG,LONG,66.30434782608695,66.30434782608695,0.6135712563991546,HIGH,True
2019-09-04,2019-09-05,2019-09-19,MSFT,XLK,131.33465975068032,133.1851043701172,10,LONG,LONG,66.30434782608695,66.30434782608695,0.6135712563991546,HIGH,True
2019-09-05,2019-09-06,2019-09-20,MSFT,XLK,132.2032226389941,131.6461944580078,10,LONG,LONG,66.30434782608695,66.30434782608695,0.6039078235626222,HIGH,True
2019-09-06,2019-09-09,2019-09-23,MSFT,XLK,131.78785050247885,131.36300659179688,10,LONG,LONG,66.30434782608695,66.30434782608695,0.6039078235626222,HIGH,True
2019-09-09,2019-09-10,2019-09-24,MSFT,XLK,129.1537874544012,129.70135498046875,10,LONG,LONG,66.30434782608695,66.30434782608695,0.7306338250637053,HIGH,True
2019-09-10,2019-09-11,2019-09-25,MSFT,XLK,128.3135102404754,131.57064819335938,10,LONG,LONG,66.30434782608695,66.30434782608695,0.7306338250637053,HIGH,True
2019-09-11,2019-09-12,2019-09-26,MSFT,XLK,130.14511406792434,131.7406463623047,10,LONG,LONG,66.30434782608695,66.30434782608695,0.7312395572662355,HIGH,True
2019-09-12,2019-09-13,2019-09-27,MSFT,XLK,130.07899528773493,130.0317840576172,10,LONG,LONG,66.30434782608695,66.30434782608695,0.7213745415210724,HIGH,True
2019-09-13,2019-09-16,2019-09-30,MSFT,XLK,128.23799919762993,131.25914001464844,10,LONG,LONG,78.33333333333333,66.30434782608695,0.7089202702045441,HIGH,True
2019-09-16,2019-09-17,2019-10-01,MSFT,XLK,129.3048412634744,129.40869140625,10,LONG,LONG,78.33333333333333,66.30434782608695,0.6499250233173371,HIGH,True
2019-09-17,2019-09-18,2019-10-02,MSFT,XLK,129.68249695458798,127.12393188476562,10,LONG,LONG,78.33333333333333,66.30434782608695,0.7070657312870026,HIGH,True
2019-09-18,2019-09-19,2019-10-03,MSFT,XLK,132.45813836693657,128.66285705566406,10,LONG,LONG,78.33333333333333,66.30434782608695,0.7526731789112092,HIGH,True
2019-09-19,2019-09-20,2019-10-04,MSFT,XLK,133.12843396693162,130.40003967285156,10,LONG,LONG,66.30434782608695,66.30434782608695,0.7526731789112092,HIGH,True
2019-09-20,2019-09-23,2019-10-07,MSFT,XLK,131.44797273797641,129.45590209960938,10,LONG,LONG,66.30434782608695,66.30434782608695,0.7897575199604036,HIGH,True
2019-09-23,2019-09-24,2019-10-08,MSFT,XLK,132.51478830380807,128.08694458007812,10,LONG,LONG,66.30434782608695,66.30434782608695,0.7951884269714354,HIGH,True
2019-09-24,2019-09-25,2019-10-09,MSFT,XLK,129.81460998388607,130.51332092285156,10,LONG,LONG,66.30434782608695,66.30434782608695,0.6748659610748291,HIGH,True
2019-09-25,2019-09-26,2019-10-10,MSFT,XLK,131.64624433314893,131.32521057128906,10,LONG,LONG,66.30434782608695,66.30434782608695,0.686756819486618,HIGH,True
2019-09-26,2019-09-27,2019-10-11,MSFT,XLK,132.31652005620552,131.872802734375,10,LONG,LONG,66.30434782608695,66.30434782608695,0.686756819486618,HIGH,True
2019-09-27,2019-09-30,2019-10-14,MSFT,XLK,130.33391957629536,131.7500762939453,10,LONG,LONG,78.33333333333333,66.30434782608695,0.6830959618091583,HIGH,True
2019-09-30,2019-10-01,2019-10-15,MSFT,XLK,131.85392390733696,133.6571502685547,10,LONG,LONG,78.33333333333333,66.30434782608695,0.754287451505661,HIGH,True
2019-10-01,2019-10-02,2019-10-16,MSFT,XLK,128.63450801650237,132.5620574951172,10,LONG,LONG,78.33333333333333,66.30434782608695,0.7324579954147339,HIGH,True
2019-10-02,2019-10-03,2019-10-17,MSFT,XLK,127.40719344394148,131.88226318359375,10,LONG,LONG,78.33333333333333,66.30434782608695,0.7474302053451538,HIGH,True
2019-10-03,2019-10-04,2019-10-18,MSFT,XLK,129.1066178371406,129.7296905517578,10,LONG,LONG,78.33333333333333,66.30434782608695,0.7200620472431184,HIGH,True
2019-10-04,2019-10-07,2019-10-21,MSFT,XLK,129.47478826668564,130.69268798828125,10,LONG,LONG,78.33333333333333,66.30434782608695,0.733022928237915,HIGH,True
2019-10-07,2019-10-08,2019-10-22,MSFT,XLK,129.41813838389473,128.747802734375,10,LONG,LONG,78.33333333333333,66.30434782608695,0.7322202622890474,HIGH,True
2019-10-08,2019-10-09,2019-10-23,MSFT,XLK,129.77691881813058,129.56922912597656,10,LONG,LONG,78.33333333333333,66.30434782608695,0.7132073640823364,HIGH,True
2019-10-09,2019-10-10,2019-10-24,MSFT,XLK,130.74930507101598,132.11825561523438,10,LONG,LONG,78.33333333333333,66.30434782608695,0.7220891416072844,HIGH,True
2019-10-10,2019-10-11,2019-10-25,MSFT,XLK,132.28821194257057,132.86410522460938,10,LONG,LONG,78.33333333333333,66.30434782608695,0.7220891416072844,HIGH,True
2019-10-11,2019-10-14,2019-10-28,MSFT,XLK,131.8822506390827,136.13070678710938,10,LONG,LONG,78.33333333333333,66.30434782608695,0.7257099151611329,HIGH,True
2019-10-14,2019-10-15,2019-10-29,MSFT,XLK,132.23154038150483,134.84677124023438,10,LONG,LONG,78.33333333333333,66.30434782608695,0.7061766684055327,HIGH,True
2019-10-15,2019-10-16,2019-10-30,MSFT,XLK,132.92080833247604,136.52723693847656,10,LONG,LONG,63.97727131843567,57.5,0.6874300688505172,MEDIUM,True
2019-10-16,2019-10-17,2019-10-31,MSFT,XLK,133.07183240298096,135.35658264160156,10,LONG,LONG,63.97727131843567,57.5,0.7168464064598083,MEDIUM,True
2019-10-17,2019-10-18,2019-11-01,MSFT,XLK,131.94833240432263,135.68704223632812,10,LONG,LONG,63.97727131843567,57.5,0.5782434344291687,MEDIUM,True
2019-10-18,2019-10-21,2019-11-04,MSFT,XLK,130.71157415657927,136.47059631347656,10,LONG,LONG,63.97727131843567,57.5,0.9781575202941897,MEDIUM,True
2019-10-21,2019-10-22,2019-11-05,MSFT,XLK,131.2024854718492,136.38563537597656,10,LONG,LONG,64.25163745880127,57.5,1.4570381790399554,MEDIUM,True
2019-10-22,2019-10-23,2019-11-06,MSFT,XLK,129.22935008414385,136.0079803466797,10,LONG,LONG,64.25163745880127,57.5,1.2417788803577423,MEDIUM,True
2019-10-23,2019-10-24,2019-11-07,MSFT,XLK,131.59899419953072,136.19679260253906,10,LONG,LONG,64.25163745880127,57.5,0.8790448009967804,MEDIUM,True
2019-10-24,2019-10-25,2019-11-08,MSFT,XLK,131.55179775089962,137.8018035888672,10,LONG,LONG,64.25163745880127,57.5,0.7368418127298356,MEDIUM,True
2019-10-25,2019-10-28,2019-11-11,MSFT,XLK,136.3289610676768,137.9434356689453,10,LONG,LONG,64.25163745880127,57.5,0.39570736885070806,MEDIUM,True
2019-10-28,2019-10-29,2019-11-12,MSFT,XLK,136.02690469881733,138.84979248046875,10,LONG,LONG,64.25163745880127,57.5,0.2766229957342147,MEDIUM,True
2019-10-29,2019-10-30,2019-11-13,MSFT,XLK,135.49816434559108,139.07635498046875,10,LONG,LONG,64.25163745880127,57.5,0.36603805422782904,MEDIUM,True
2019-10-30,2019-10-31,2019-11-14,MSFT,XLK,136.80106484334937,139.784423828125,10,LONG,LONG,63.97727131843567,57.5,0.4938829839229584,MEDIUM,True
2019-10-31,2019-11-01,2019-11-15,MSFT,XLK,136.19685361401048,141.58767700195312,10,LONG,LONG,63.97727131843567,57.5,0.5795773565769196,MEDIUM,True
2019-11-01,2019-11-04,2019-11-18,MSFT,XLK,136.73494497878934,141.93699645996094,10,LONG,LONG,63.97727131843567,57.5,0.5721295177936554,MEDIUM,True
2019-11-04,2019-11-05,2019-11-19,MSFT,XLK,136.8671245191333,141.9841766357422,10,LONG,LONG,63.97727131843567,57.5,0.6161969602108002,MEDIUM,True
2019-11-05,2019-11-06,2019-11-20,MSFT,XLK,136.30065105729517,141.73788452148438,10,LONG,LONG,63.97727131843567,57.5,0.6309739351272584,MEDIUM,True
2019-11-06,2019-11-07,2019-11-21,MSFT,XLK,135.8002696184308,141.60523986816406,10,LONG,LONG,63.97727131843567,57.5,0.6257530152797699,MEDIUM,True
2019-11-07,2019-11-08,2019-11-22,MSFT,XLK,135.93246217689625,141.7095184326172,10,LONG,LONG,63.97727131843567,57.5,0.6578022390604019,MEDIUM,True
2019-11-08,2019-11-11,2019-11-25,MSFT,XLK,137.21646944911558,143.26309204101562,10,LONG,LONG,63.97727131843567,57.5,0.629286527633667,MEDIUM,True
2019-11-11,2019-11-12,2019-11-26,MSFT,XLK,138.10394004926312,144.0209197998047,10,LONG,LONG,63.97727131843567,57.5,0.6890942007303238,MEDIUM,True
2019-11-12,2019-11-13,2019-11-27,MSFT,XLK,138.53822165522573,144.29568481445312,10,LONG,LONG,63.97727131843567,57.5,0.6943593174219131,MEDIUM,True
2019-11-13,2019-11-14,2019-11-29,MSFT,XLK,138.80255928210093,143.4051513671875,10,LONG,LONG,63.97727131843567,57.5,0.6765385419130325,MEDIUM,True
2019-11-14,2019-11-15,2019-12-02,MSFT,XLK,140.60579800789372,141.67160034179688,10,LONG,LONG,63.97727131843567,57.5,0.5857226103544235,MEDIUM,True
2019-11-15,2019-11-18,2019-12-03,MSFT,XLK,141.6820980256704,141.44424438476562,10,LONG,LONG,63.97727131843567,57.5,0.5714525282382966,MEDIUM,True
2019-11-18,2019-11-19,2019-12-04,MSFT,XLK,142.44679400907984,141.95578002929688,10,LONG,LONG,63.173967599868774,57.5,0.6271654218435287,MEDIUM,True
2019-11-19,2019-11-20,2019-12-05,MSFT,XLK,142.39153703820168,142.0315399169922,10,LONG,LONG,63.173967599868774,57.5,0.5709197223186493,MEDIUM,True
2019-11-20,2019-11-21,2019-12-06,MSFT,XLK,141.5294526136806,143.75570678710938,10,LONG,LONG,63.173967599868774,57.5,0.4991897642612457,MEDIUM,True
2019-11-21,2019-11-22,2019-12-09,MSFT,XLK,142.16424219343122,143.38626098632812,10,LONG,LONG,63.173967599868774,57.5,0.574355810880661,MEDIUM,True
2019-11-22,2019-11-25,2019-12-10,MSFT,XLK,142.09789336282512,143.1683349609375,10,LONG,LONG,63.173967599868774,57.5,0.4922822713851929,MEDIUM,True
2019-11-25,2019-11-26,2019-12-11,MSFT,XLK,143.38621774540442,143.70831298828125,10,LONG,LONG,63.173967599868774,57.5,0.4850318431854248,MEDIUM,True
2019-11-26,2019-11-27,2019-12-12,MSFT,XLK,144.30515280381059,145.16720581054688,10,LONG,LONG,61.077284812927246,57.5,0.4686574637889862,MEDIUM,True
2019-11-27,2019-11-29,2019-12-13,MSFT,XLK,144.08722218703866,146.38925170898438,10,LONG,LONG,61.077284812927246,57.5,0.55242058634758,MEDIUM,True
2019-11-29,2019-12-02,2019-12-16,MSFT,XLK,143.812536697621,147.3365020751953,10,LONG,LONG,61.077284812927246,57.5,0.6645069271326065,MEDIUM,True
2019-12-02,2019-12-03,2019-12-17,MSFT,XLK,139.72013075078107,146.54080200195312,10,LONG,LONG,64.62097764015198,57.5,0.7714937925338745,MEDIUM,True
2019-12-03,2019-12-04,2019-12-18,MSFT,XLK,142.2304962218862,146.23765563964844,10,LONG,LONG,64.62097764015198,57.5,0.6749706268310547,MEDIUM,True
2019-12-04,2019-12-05,2019-12-19,MSFT,XLK,142.14522803370429,147.50706481933594,10,LONG,LONG,62.375062704086304,57.5,0.6750084459781648,MEDIUM,True
2019-12-05,2019-12-06,2019-12-20,MSFT,XLK,143.03574930780448,149.1175079345703,10,LONG,LONG,62.375062704086304,57.5,0.8644493371248247,MEDIUM,True
2019-12-06,2019-12-09,2019-12-23,MSFT,XLK,143.1115447281222,149.1175079345703,10,LONG,LONG,61.077284812927246,57.5,0.5514523983001709,MEDIUM,True
2019-12-09,2019-12-10,2019-12-24,MSFT,XLK,143.3198950256261,149.0890655517578,10,LONG,LONG,61.077284812927246,57.5,0.5402310788631438,MEDIUM,True
2019-12-10,2019-12-11,2019-12-26,MSFT,XLK,143.55673845422552,150.31114196777344,10,LONG,LONG,61.077284812927246,57.5,0.5711106508970258,MEDIUM,True
2019-12-11,2019-12-12,2019-12-27,MSFT,XLK,143.6609572303962,150.58584594726562,10,LONG,LONG,61.077284812927246,57.5,0.4349900335073473,MEDIUM,True
2019-12-12,2019-12-13,2019-12-30,MSFT,XLK,144.93985432215842,149.28797912597656,10,LONG,LONG,61.077284812927246,57.5,0.18064543604850766,MEDIUM,True
2019-12-13,2019-12-16,2019-12-31,MSFT,XLK,146.9386298860609,149.3922119140625,10,LONG,LONG,61.077284812927246,57.5,0.08820819854736331,MEDIUM,True
2019-12-16,2019-12-17,2020-01-02,MSFT,XLK,147.26075935401926,152.1584014892578,10,LONG,LONG,61.077284812927246,57.5,0.4878056049346924,MEDIUM,True
2019-12-17,2019-12-18,2020-01-03,MSFT,XLK,146.1713508143225,150.2637481689453,10,LONG,LONG,61.077284812927246,57.5,0.41931414604187006,MEDIUM,True
2019-12-18,2019-12-19,2020-01-06,MSFT,XLK,145.8871427828067,150.6521453857422,10,LONG,LONG,61.077284812927246,57.5,0.47456869482994074,MEDIUM,True
2019-12-19,2019-12-20,2020-01-07,MSFT,XLK,149.06067109948032,149.278564453125,10,LONG,LONG,61.077284812927246,57.5,0.4411522448062897,MEDIUM,True
2019-12-20,2019-12-23,2020-01-08,MSFT,XLK,149.79009642305894,151.65631103515625,10,LONG,LONG,61.077284812927246,57.5,0.40726399421691895,MEDIUM,True
2019-12-23,2019-12-24,2020-01-09,MSFT,XLK,149.18378877670062,153.5509490966797,10,LONG,LONG,61.077284812927246,57.5,0.29545879364013666,MEDIUM,True
2019-12-24,2019-12-26,2020-01-10,MSFT,XLK,149.25961703393423,152.84048461914062,10,LONG,LONG,61.077284812927246,57.5,0.40158584713935846,MEDIUM,True
2019-12-26,2019-12-27,2020-01-13,MSFT,XLK,151.05002304108064,154.67828369140625,10,LONG,LONG,61.077284812927246,57.5,0.88951475918293,MEDIUM,True
2019-12-27,2019-12-30,2020-01-14,MSFT,XLK,150.61423423356922,153.5888671875,10,LONG,LONG,61.077284812927246,57.5,0.885915204882622,MEDIUM,True
2019-12-30,2019-12-31,2020-01-15,MSFT,XLK,148.51121213227788,154.58351135253906,10,LONG,LONG,61.077284812927246,57.5,0.46476241946220387,MEDIUM,True
2019-12-31,2020-01-02,2020-01-16,MSFT,XLK,150.41533767385138,157.416015625,10,LONG,LONG,61.077284812927246,57.5,0.49554817378520954,MEDIUM,True
2020-01-02,2020-01-03,2020-01-17,MSFT,XLK,149.9795640082844,158.2970428466797,10,LONG,LONG,61.077284812927246,57.5,0.29217563569545746,MEDIUM,True
2020-01-03,2020-01-06,2020-01-21,MSFT,XLK,148.80487615350108,157.72865295410156,10,LONG,LONG,61.077284812927246,57.5,0.47775532305240637,MEDIUM,True
2020-01-06,2020-01-07,2020-01-22,MSFT,XLK,150.92690510004644,156.9707489013672,10,LONG,LONG,63.173967599868774,57.5,0.4586334228515625,MEDIUM,True
2020-01-07,2020-01-08,2020-01-23,MSFT,XLK,150.55741741152548,157.9370880126953,10,LONG,LONG,63.173967599868774,57.5,0.3112385272979736,MEDIUM,True
2020-01-08,2020-01-09,2020-01-24,MSFT,XLK,153.31411932222434,156.34556579589844,10,LONG,LONG,63.173967599868774,57.5,0.4461615085601807,MEDIUM,True
2020-01-09,2020-01-10,2020-01-27,MSFT,XLK,154.2425275193915,153.73094177246094,10,LONG,LONG,63.173967599868774,57.5,0.6624898314476013,MEDIUM,True
2020-01-10,2020-01-13,2020-01-28,MSFT,XLK,153.23835440536027,156.743408203125,10,LONG,LONG,63.173967599868774,57.5,0.8528016954660416,MEDIUM,True
2020-01-13,2020-01-14,2020-01-29,MSFT,XLK,154.7824841808954,159.18751525878906,10,LONG,LONG,63.173967599868774,57.5,0.7331402599811554,MEDIUM,True
2020-01-14,2020-01-15,2020-01-30,MSFT,XLK,154.05301501204548,163.67779541015625,10,LONG,LONG,63.173967599868774,57.5,0.7988464981317521,MEDIUM,True
2020-01-15,2020-01-16,2020-01-31,MSFT,XLK,155.6919023520506,161.26210021972656,10,LONG,LONG,63.173967599868774,57.5,0.8217291533946989,MEDIUM,True
2020-01-16,2020-01-17,2020-02-03,MSFT,XLK,158.60017747170502,165.19354248046875,10,LONG,LONG,63.173967599868774,57.5,0.6633026599884035,MEDIUM,True
2020-01-17,2020-01-21,2020-02-04,MSFT,XLK,157.89916347838133,170.63113403320312,10,LONG,LONG,61.077284812927246,57.5,0.7343962937593459,MEDIUM,True
2020-01-21,2020-01-22,2020-02-05,MSFT,XLK,158.58118824361392,170.4226837158203,10,LONG,LONG,61.077284812927246,57.5,0.6734911054372786,MEDIUM,True
2020-01-22,2020-01-23,2020-02-06,MSFT,XLK,157.43500989825466,173.9561767578125,10,LONG,LONG,61.077284812927246,57.5,0.657417267560959,MEDIUM,True
2020-01-23,2020-01-24,2020-02-07,MSFT,XLK,158.68544554672874,174.20252990722656,10,LONG,LONG,61.077284812927246,57.5,0.7033349275588988,MEDIUM,True
2020-01-24,2020-01-27,2020-02-10,MSFT,XLK,152.66046656819069,178.7591094970703,10,LONG,LONG,61.077284812927246,57.5,0.20967511832714084,MEDIUM,True
2020-01-27,2020-01-28,2020-02-11,MSFT,XLK,155.15190476551047,174.7235565185547,10,LONG,LONG,64.62097764015198,57.5,0.5197131484746933,MEDIUM,True
2020-01-28,2020-01-29,2020-02-12,MSFT,XLK,158.9980543059086,174.9793243408203,10,LONG,LONG,64.62097764015198,57.5,0.6443856954574585,MEDIUM,True
2020-01-29,2020-01-30,2020-02-13,MSFT,XLK,164.88089473268496,174.0320281982422,10,LONG,LONG,61.077284812927246,57.5,0.5822860449552535,MEDIUM,True
2020-01-30,2020-01-31,2020-02-14,MSFT,XLK,163.1378021414047,175.58560180664062,10,LONG,LONG,63.173967599868774,57.5,0.4344999343156814,MEDIUM,True
2020-01-31,2020-02-03,2020-02-18,MSFT,XLK,161.45161971954732,177.36656188964844,10,LONG,LONG,64.62097764015198,57.5,0.4086639285087585,MEDIUM,True
2020-02-03,2020-02-04,2020-02-19,MSFT,XLK,167.80812679253964,177.8984832763672,10,LONG,LONG,64.62097764015198,57.5,0.48680670559406275,MEDIUM,True
2020-02-04,2020-02-05,2020-02-20,MSFT,XLK,174.3351158434909,175.18177795410156,10,LONG,LONG,63.173967599868774,57.5,0.5623876154422761,MEDIUM,True
2020-02-05,2020-02-06,2020-02-21,MSFT,XLK,171.4363049780474,169.64382934570312,10,LONG,LONG,63.173967599868774,57.5,0.5544184148311615,MEDIUM,True
2020-02-06,2020-02-07,2020-02-24,MSFT,XLK,173.21732428358098,162.32957458496094,10,LONG,LONG,63.173967599868774,57.5,0.5022623240947723,MEDIUM,True
2020-02-07,2020-02-10,2020-02-25,MSFT,XLK,173.90884037900125,159.65084838867188,10,LONG,LONG,63.173967599868774,57.5,0.3279521614313125,MEDIUM,True
2020-02-10,2020-02-11,2020-02-26,MSFT,XLK,180.6064006880335,161.6456298828125,10,SHORT,LONG,63.173967599868774,57.5,-0.010942876338958761,MEDIUM,True
2020-02-11,2020-02-12,2020-02-27,MSFT,XLK,175.80348736530172,150.25621032714844,10,SHORT,LONG,63.173967599868774,57.5,-0.06374487280845645,MEDIUM,True
2020-02-12,2020-02-13,2020-02-28,MSFT,XLK,173.43521243685896,153.89437866210938,10,SHORT,LONG,63.173967599868774,57.5,-0.07079856097698219,MEDIUM,True
2020-02-13,2020-02-14,2020-03-02,MSFT,XLK,173.59622590515036,164.13433837890625,10,LONG,LONG,63.173967599868774,57.5,0.10229121148586287,MEDIUM,True
2020-02-14,2020-02-18,2020-03-03,MSFT,XLK,175.83190947940273,156.26914978027344,10,SHORT,LONG,63.173967599868774,57.5,-0.20960538089275366,MEDIUM,True
2020-02-18,2020-02-19,2020-03-04,MSFT,XLK,178.63940916647175,162.00656127929688,10,LONG,LONG,62.375062704086304,57.5,0.005169481039047231,MEDIUM,True
2020-02-19,2020-02-20,2020-03-05,MSFT,XLK,177.5850405545757,157.9409637451172,10,SHORT,LONG,61.077284812927246,57.5,-0.17134889960289,MEDIUM,True
2020-02-20,2020-02-21,2020-03-06,MSFT,XLK,173.99440364976678,153.47640991210938,10,LONG,LONG,61.077284812927246,57.5,0.18267843127250677,MEDIUM,True
2020-02-21,2020-02-24,2020-03-09,MSFT,XLK,159.36586996860478,143.0749053955078,10,LONG,LONG,61.077284812927246,57.5,0.4444036185741424,MEDIUM,True
2020-02-24,2020-02-25,2020-03-10,MSFT,XLK,165.47376741908042,152.8589630126953,10,LONG,LONG,62.272340059280396,57.5,1.2768389582633972,MEDIUM,True
2020-02-25,2020-02-26,2020-03-11,MSFT,XLK,161.20868089476,145.9341583251953,10,LONG,LONG,62.272340059280396,57.5,1.6612370014190674,MEDIUM,True
2020-02-26,2020-02-27,2020-03-12,MSFT,XLK,155.1387438829772,132.093994140625,10,LONG,LONG,62.272340059280396,57.5,1.6442011147737505,MEDIUM,True
2020-02-27,2020-02-28,2020-03-13,MSFT,XLK,144.77528307354186,150.8737030029297,10,LONG,LONG,64.25163745880127,57.5,1.806871697306633,MEDIUM,True
2020-02-28,2020-03-02,2020-03-16,MSFT,XLK,157.02904179044228,128.63632202148438,10,LONG,LONG,64.25163745880127,57.5,1.716578871011734,MEDIUM,True
2020-03-02,2020-03-03,2020-03-17,MSFT,XLK,165.0937913536831,139.22781372070312,10,LONG,LONG,62.272340059280396,57.5,1.101914659142494,MEDIUM,True
2020-03-03,2020-03-04,2020-03-18,MSFT,XLK,160.0497561503621,133.3668975830078,10,LONG,LONG,64.25163745880127,57.5,1.3011928796768188,MEDIUM,True
2020-03-04,2020-03-05,2020-03-19,MSFT,XLK,157.73198314771483,135.56117248535156,10,LONG,LONG,62.272340059280396,57.5,1.0243546068668365,MEDIUM,True
2020-03-05,2020-03-06,2020-03-20,MSFT,XLK,154.46430635732068,130.4696807861328,10,LONG,LONG,64.25163745880127,57.5,1.213155284523964,MEDIUM,True
2020-03-06,2020-03-09,2020-03-23,MSFT,XLK,143.43587448607195,129.1682891845703,10,LONG,LONG,64.25163745880127,57.5,1.4255630522966385,MEDIUM,True
2020-03-09,2020-03-10,2020-03-24,MSFT,XLK,150.23722610593282,140.90911865234375,10,LONG,LONG,64.25163745880127,57.5,1.5576316118240356,MEDIUM,True
2020-03-10,2020-03-11,2020-03-25,MSFT,XLK,149.25883148736696,139.560302734375,10,LONG,LONG,64.25163745880127,57.5,0.8665000796318054,MEDIUM,True
2020-03-11,2020-03-12,2020-03-26,MSFT,XLK,138.0214158544372,148.2899169921875,10,LONG,LONG,64.25163745880127,57.5,1.494044527411461,MEDIUM,True
2020-03-12,2020-03-13,2020-03-27,MSFT,XLK,140.11125691859695,142.20101928710938,10,LONG,LONG,64.25163745880127,57.5,1.6877037435770035,MEDIUM,True
2020-03-13,2020-03-16,2020-03-30,MSFT,XLK,132.98689504145688,152.20355224609375,10,LONG,LONG,64.25163745880127,57.5,0.9437893629074098,MEDIUM,True
2020-03-16,2020-03-17,2020-03-31,MSFT,XLK,132.98692056268771,149.8097686767578,10,LONG,LONG,64.25163745880127,57.5,1.7025499939918518,MEDIUM,True
2020-03-17,2020-03-18,2020-04-01,MSFT,XLK,131.08712725461115,144.49026489257812,10,LONG,LONG,64.25163745880127,57.5,1.4392047226428988,MEDIUM,True
2020-03-18,2020-03-19,2020-04-02,MSFT,XLK,135.61816456023482,147.4824981689453,10,LONG,LONG,64.25163745880127,57.5,1.5471244901418686,MEDIUM,True
2020-03-19,2020-03-20,2020-04-03,MSFT,XLK,138.6863672974225,146.12413024902344,10,LONG,LONG,64.25163745880127,57.5,1.1480518877506256,MEDIUM,True
2020-03-20,2020-03-23,2020-04-06,MSFT,XLK,130.14669177586433,156.9910430908203,10,LONG,LONG,64.25163745880127,57.5,1.4376091063022614,MEDIUM,True
2020-03-23,2020-03-24,2020-04-07,MSFT,XLK,136.5490515459888,155.3002166748047,10,LONG,LONG,64.25163745880127,57.5,0.969418615102768,MEDIUM,True
2020-03-24,2020-03-25,2020-04-08,MSFT,XLK,141.45062244939217,156.8580780029297,10,LONG,LONG,64.25163745880127,57.5,0.5274572372436523,MEDIUM,True
2020-03-25,2020-03-26,2020-04-09,MSFT,XLK,140.96613087253797,156.86758422851562,10,LONG,LONG,64.25163745880127,57.5,0.563888654112816,MEDIUM,True
2020-03-26,2020-03-27,2020-04-13,MSFT,XLK,144.1483307730437,157.218994140625,10,LONG,LONG,64.25163745880127,57.5,0.32430037856101995,MEDIUM,True
2020-03-27,2020-03-30,2020-04-14,MSFT,XLK,144.8037851504322,164.998779296875,10,LONG,LONG,64.25163745880127,57.5,0.5395742505788803,MEDIUM,True
2020-03-30,2020-03-31,2020-04-15,MSFT,XLK,151.41509857414286,163.26998901367188,10,LONG,LONG,64.25163745880127,57.5,0.4280597567558289,MEDIUM,True
2020-03-31,2020-04-01,2020-04-16,MSFT,XLK,145.33568101938462,168.17147827148438,10,LONG,LONG,64.25163745880127,57.5,0.5630124509334565,MEDIUM,True
2020-04-01,2020-04-02,2020-04-17,MSFT,XLK,144.25282142442757,169.6533203125,10,LONG,LONG,64.25163745880127,57.5,0.6644616723060609,MEDIUM,True
2020-04-02,2020-04-03,2020-04-20,MSFT,XLK,147.33051565835152,166.29063415527344,10,LONG,LONG,60.79229116439819,57.5,0.6338883936405182,MEDIUM,True
2020-04-03,2020-04-06,2020-04-21,MSFT,XLK,152.28900906098028,159.41334533691406,10,LONG,LONG,60.79229116439819,57.5,0.7515323460102082,MEDIUM,True
2020-04-06,2020-04-07,2020-04-22,MSFT,XLK,161.09463754501482,164.82781982421875,10,LONG,LONG,64.25163745880127,57.5,0.562892198562622,MEDIUM,True
2020-04-07,2020-04-08,2020-04-23,MSFT,XLK,157.3710211779595,162.83302307128906,10,LONG,LONG,64.25163745880127,57.5,0.7635195255279541,MEDIUM,True
2020-04-08,2020-04-09,2020-04-24,MSFT,XLK,158.02647150570388,165.80624389648438,10,LONG,LONG,64.25163745880127,57.5,0.6156694293022156,MEDIUM,True
2020-04-09,2020-04-13,2020-04-27,MSFT,XLK,156.11711379479925,165.33123779296875,10,LONG,LONG,64.25163745880127,57.5,0.5831368863582611,MEDIUM,True
2020-04-13,2020-04-14,2020-04-28,MSFT,XLK,160.53422101947862,161.30364990234375,10,LONG,LONG,64.25163745880127,57.5,0.5995395481586456,MEDIUM,True
2020-04-14,2020-04-15,2020-04-29,MSFT,XLK,162.62404483836073,168.54193115234375,10,LONG,LONG,63.173967599868774,57.5,0.5853090286254884,MEDIUM,True
2020-04-15,2020-04-16,2020-04-30,MSFT,XLK,165.56874315151887,170.23277282714844,10,LONG,LONG,63.173967599868774,57.5,0.6523342430591583,MEDIUM,True
2020-04-16,2020-04-17,2020-05-01,MSFT,XLK,170.50823043333762,165.82521057128906,10,LONG,LONG,66.65905714035034,57.5,0.8384872078895569,HIGH,True
2020-04-17,2020-04-20,2020-05-04,MSFT,XLK,167.781994358711,169.8812713623047,10,LONG,LONG,66.65905714035034,57.5,0.8384872078895569,HIGH,True
2020-04-20,2020-04-21,2020-05-05,MSFT,XLK,164.8088082997189,171.70513916015625,10,LONG,LONG,63.44439387321472,57.5,0.8384872078895569,MEDIUM,True
2020-04-21,2020-04-22,2020-05-06,MSFT,XLK,162.80451385139472,173.3959503173828,10,LONG,LONG,66.65905714035034,57.5,0.9207409918308259,HIGH,True
2020-04-22,2020-04-23,2020-05-07,MSFT,XLK,165.38827470051632,174.40289306640625,10,LONG,LONG,66.65905714035034,57.5,0.9207409918308259,HIGH,True
2020-04-23,2020-04-24,2020-05-08,MSFT,XLK,163.44097061728124,175.4287567138672,10,LONG,LONG,66.65905714035034,57.5,0.9140450358390808,HIGH,True
2020-04-24,2020-04-27,2020-05-11,MSFT,XLK,167.74399405047532,177.38555908203125,10,LONG,LONG,66.65905714035034,57.5,0.9140450358390808,HIGH,True
2020-04-27,2020-04-28,2020-05-12,MSFT,XLK,166.79410931542967,173.36746215820312,10,LONG,LONG,66.65905714035034,57.5,0.9240258187055588,HIGH,True
2020-04-28,2020-04-29,2020-05-13,MSFT,XLK,164.54283224424475,170.74569702148438,10,LONG,LONG,66.65905714035034,57.5,0.9240258187055588,HIGH,True
2020-04-29,2020-04-30,2020-05-14,MSFT,XLK,170.98319268415977,171.48663330078125,10,LONG,LONG,66.65905714035034,57.5,0.9240258187055588,HIGH,True
2020-04-30,2020-05-01,2020-05-15,MSFT,XLK,166.9935916904016,173.9849090576172,10,LONG,LONG,66.65905714035034,57.5,0.8233789503574371,HIGH,True
2020-05-01,2020-05-04,2020-05-18,MSFT,XLK,165.74918687198553,175.64723205566406,10,LONG,LONG,66.65905714035034,57.5,0.7981317043304443,HIGH,True
2020-05-04,2020-05-05,2020-05-19,MSFT,XLK,171.57215279474113,174.43130493164062,10,LONG,LONG,66.65905714035034,57.5,0.7598420977592469,HIGH,True
2020-05-05,2020-05-06,2020-05-20,MSFT,XLK,172.95900138331487,176.85084533691406,10,LONG,LONG,66.65905714035034,57.5,0.785403460264206,HIGH,True
2020-05-06,2020-05-07,2020-05-21,MSFT,XLK,174.94433240154322,174.72662353515625,10,LONG,LONG,66.36854410171509,57.5,0.8290666043758393,HIGH,True
2020-05-07,2020-05-08,2020-05-22,MSFT,XLK,175.7137316135177,174.80284118652344,10,LONG,LONG,66.36854410171509,57.5,0.8290666043758393,HIGH,True
2020-05-08,2020-05-11,2020-05-26,MSFT,XLK,173.97538346108584,172.95494079589844,10,LONG,LONG,66.36854410171509,57.5,0.7216031849384308,HIGH,True
2020-05-11,2020-05-12,2020-05-27,MSFT,XLK,177.4425699136979,173.1835479736328,10,LONG,LONG,62.817543745040894,57.5,0.802787333726883,MEDIUM,True
2020-05-12,2020-05-13,2020-05-28,MSFT,XLK,173.405438177171,172.79296875,10,LONG,LONG,66.36854410171509,57.5,0.7976390719413757,HIGH,True
2020-05-13,2020-05-14,2020-05-29,MSFT,XLK,168.64640741566177,174.55517578125,10,LONG,LONG,66.36854410171509,57.5,0.8217204809188843,HIGH,True
2020-05-14,2020-05-15,2020-06-01,MSFT,XLK,170.0902859150462,174.15513610839844,10,LONG,LONG,66.36854410171509,57.5,0.8229119628667829,HIGH,True
2020-05-15,2020-05-18,2020-06-02,MSFT,XLK,176.44515011723627,176.1363983154297,10,LONG,LONG,64.38573002815247,57.5,0.7731127440929413,MEDIUM,True
2020-05-18,2020-05-19,2020-06-03,MSFT,XLK,175.76116800285246,176.5650634765625,10,LONG,LONG,65.82156419754028,57.5,0.7685477435588837,HIGH,True
2020-05-19,2020-05-20,2020-06-04,MSFT,XLK,176.04117015118126,174.2408447265625,10,LONG,LONG,65.82156419754028,57.5,0.7419446110725403,HIGH,True
2020-05-20,2020-05-21,2020-06-05,MSFT,XLK,176.6031523221469,178.31781005859375,10,LONG,LONG,65.82156419754028,57.5,0.7419446110725403,HIGH,True
2020-05-21,2020-05-22,2020-06-08,MSFT,XLK,174.49803205422208,179.4227294921875,10,LONG,LONG,65.82156419754028,57.5,0.7419446110725403,HIGH,True
2020-05-22,2020-05-26,2020-06-09,MSFT,XLK,177.49860513570079,180.7943878173828,10,LONG,LONG,65.82156419754028,57.5,0.7419446110725403,HIGH,True
2020-05-26,2020-05-27,2020-06-10,MSFT,XLK,171.6499380419208,187.5003662109375,10,LONG,LONG,65.82156419754028,57.5,0.778771311044693,HIGH,True
2020-05-27,2020-05-28,2020-06-11,MSFT,XLK,172.16429532449058,177.431884765625,10,LONG,LONG,65.82156419754028,57.5,0.8014694303274155,HIGH,True
2020-05-28,2020-05-29,2020-06-12,MSFT,XLK,174.05984460970063,178.83216857910156,10,LONG,LONG,65.82156419754028,57.5,0.8155156075954437,HIGH,True
2020-05-29,2020-06-01,2020-06-15,MSFT,XLK,173.87888780610865,179.97518920898438,10,LONG,LONG,65.82156419754028,57.5,0.7909131348133088,HIGH,True
2020-06-01,2020-06-02,2020-06-16,MSFT,XLK,175.50771049099285,184.38551330566406,10,LONG,LONG,65.82156419754028,57.5,0.8155156075954437,HIGH,True
2020-06-02,2020-06-03,2020-06-17,MSFT,XLK,176.0506917214427,185.0237274169922,10,LONG,LONG,65.82156419754028,57.5,0.7909131348133088,HIGH,True
2020-06-03,2020-06-04,2020-06-18,MSFT,XLK,175.5553713989603,187.00502014160156,10,LONG,LONG,62.75819540023804,57.5,0.8031599223613739,MEDIUM,True
2020-06-04,2020-06-05,2020-06-19,MSFT,XLK,173.95511823224814,185.8905792236328,10,LONG,LONG,62.75819540023804,57.5,0.7909131348133088,MEDIUM,True
2020-06-05,2020-06-08,2020-06-22,MSFT,XLK,177.11755495708823,191.0533905029297,10,LONG,LONG,62.75819540023804,57.5,0.7771872580051422,MEDIUM,True
2020-06-08,2020-06-09,2020-06-23,MSFT,XLK,179.07979116522557,192.32981872558594,10,LONG,LONG,62.75819540023804,57.5,0.7713376283645631,MEDIUM,True
2020-06-09,2020-06-10,2020-06-24,MSFT,XLK,182.06130144357863,188.45291137695312,10,LONG,LONG,62.75819540023804,57.5,0.7910165190696715,MEDIUM,True
2020-06-10,2020-06-11,2020-06-25,MSFT,XLK,183.96639279090866,190.83432006835938,10,LONG,LONG,59.0611457824707,57.5,0.8350792825222016,LOW,True
2020-06-11,2020-06-12,2020-06-26,MSFT,XLK,181.4993033099027,187.01458740234375,10,LONG,LONG,62.75819540023804,57.5,0.8474878072738649,MEDIUM,True
2020-06-12,2020-06-15,2020-06-29,MSFT,XLK,175.82206163060056,189.02447509765625,10,LONG,LONG,67.08887815475464,57.5,0.820469856262207,HIGH,True
2020-06-15,2020-06-16,2020-06-30,MSFT,XLK,183.73777033245818,193.8538818359375,10,LONG,LONG,67.08887815475464,57.5,0.820469856262207,HIGH,True
2020-06-16,2020-06-17,2020-07-01,MSFT,XLK,185.77623718995878,194.98745727539062,10,LONG,LONG,59.0611457824707,57.5,0.8324859142303468,LOW,True
2020-06-17,2020-06-18,2020-07-02,MSFT,XLK,184.7950924714294,196.47340393066406,10,LONG,LONG,60.74919104576111,57.5,0.8325943052768708,MEDIUM,True
2020-06-18,2020-06-19,2020-07-06,MSFT,XLK,189.1673615262903,200.7027587890625,10,LONG,LONG,62.24566698074341,57.5,0.8061500191688535,MEDIUM,True
2020-06-19,2020-06-22,2020-07-07,MSFT,XLK,186.50017788250193,198.3689727783203,10,LONG,LONG,62.24566698074341,57.5,0.7698447704315186,MEDIUM,True
2020-06-22,2020-06-23,2020-07-08,MSFT,XLK,192.50127114536238,202.7316436767578,10,LONG,LONG,62.24566698074341,57.5,0.7837549149990082,MEDIUM,True
2020-06-23,2020-06-24,2020-07-09,MSFT,XLK,192.03451671588377,204.1510009765625,10,LONG,LONG,62.24566698074341,57.5,0.7698447704315186,MEDIUM,True
2020-06-24,2020-06-25,2020-07-10,MSFT,XLK,188.41484367523898,203.5318145751953,10,LONG,LONG,62.24566698074341,57.5,0.8009740412235261,MEDIUM,True
2020-06-25,2020-06-26,2020-07-13,MSFT,XLK,190.25325928026015,197.2449951171875,10,LONG,LONG,62.24566698074341,57.5,0.7837549149990082,MEDIUM,True
2020-06-26,2020-06-29,2020-07-14,MSFT,XLK,186.49068256690614,198.4642333984375,10,LONG,LONG,60.74919104576111,57.5,0.7732700705528259,MEDIUM,True
2020-06-29,2020-06-30,2020-07-15,MSFT,XLK,188.49102314215313,198.1689453125,10,LONG,LONG,60.74919104576111,57.5,0.7625658512115479,MEDIUM,True
2020-06-30,2020-07-01,2020-07-16,MSFT,XLK,193.50147797963655,194.2444305419922,10,LONG,LONG,62.24566698074341,57.5,0.7560746073722839,MEDIUM,True
2020-07-01,2020-07-02,2020-07-17,MSFT,XLK,195.92092193188483,193.2537841796875,10,LONG,LONG,62.24566698074341,57.5,0.7806002199649812,MEDIUM,True
2020-07-02,2020-07-06,2020-07-20,MSFT,XLK,198.92149070943458,201.56004333496094,10,LONG,LONG,62.24566698074341,57.5,0.801146537065506,MEDIUM,True
2020-07-06,2020-07-07,2020-07-21,MSFT,XLK,200.46458446974043,198.8452606201172,10,LONG,LONG,62.24566698074341,57.5,0.7881121933460238,MEDIUM,True
2020-07-07,2020-07-08,2020-07-22,MSFT,XLK,200.1026053922314,201.70291137695312,10,LONG,LONG,62.24566698074341,57.5,0.7912055850028991,MEDIUM,True
2020-07-08,2020-07-09,2020-07-23,MSFT,XLK,206.06562572695827,192.929931640625,10,LONG,LONG,62.24566698074341,57.5,0.8053661286830901,MEDIUM,True
2020-07-09,2020-07-10,2020-07-24,MSFT,XLK,203.48418406110454,191.74871826171875,10,LONG,LONG,62.24566698074341,57.5,0.8053661286830901,MEDIUM,True
2020-07-10,2020-07-13,2020-07-27,MSFT,XLK,204.30339601897944,194.17774963378906,10,LONG,LONG,62.24566698074341,57.5,0.8101531863212583,MEDIUM,True
2020-07-13,2020-07-14,2020-07-28,MSFT,XLK,196.34956659976442,192.43458557128906,10,LONG,LONG,62.24566698074341,57.5,0.8101531863212583,MEDIUM,True
2020-07-14,2020-07-15,2020-07-29,MSFT,XLK,199.61682866793632,194.37774658203125,10,LONG,LONG,62.24566698074341,57.5,0.820372998714447,MEDIUM,True
2020-07-15,2020-07-16,2020-07-30,MSFT,XLK,195.6542036387055,194.22540283203125,10,LONG,LONG,62.24566698074341,57.5,0.820372998714447,MEDIUM,True
2020-07-16,2020-07-17,2020-07-31,MSFT,XLK,194.76833860463782,195.28271484375,10,LONG,LONG,60.74919104576111,57.5,0.8446426689624786,MEDIUM,True
2020-07-17,2020-07-20,2020-08-03,MSFT,XLK,195.27319325053878,206.2656707763672,10,LONG,LONG,60.74919104576111,57.5,0.839598536491394,MEDIUM,True
2020-07-20,2020-07-21,2020-08-04,MSFT,XLK,203.52229514868182,203.16981506347656,10,LONG,LONG,62.24566698074341,57.5,0.8342326879501344,MEDIUM,True
2020-07-21,2020-07-22,2020-08-05,MSFT,XLK,199.27390056439273,202.83644104003906,10,LONG,LONG,62.24566698074341,57.5,0.8342326879501344,MEDIUM,True
2020-07-22,2020-07-23,2020-08-06,MSFT,XLK,197.35930844616183,206.0846710205078,10,LONG,LONG,62.24566698074341,57.5,0.8342326879501344,MEDIUM,True
2020-07-23,2020-07-24,2020-08-07,MSFT,XLK,190.91046786040124,202.39830017089844,10,LONG,LONG,65.82156419754028,57.5,0.8397776782512665,HIGH,True
2020-07-24,2020-07-27,2020-08-10,MSFT,XLK,191.9106710052641,198.3689727783203,10,LONG,LONG,64.38573002815247,57.5,0.843852922320366,MEDIUM,True
2020-07-27,2020-07-28,2020-08-11,MSFT,XLK,193.9491399712048,193.7300567626953,10,LONG,LONG,64.38573002815247,57.5,0.8652924001216887,MEDIUM,True
2020-07-28,2020-07-29,2020-08-12,MSFT,XLK,192.891767880959,199.26438903808594,10,LONG,LONG,64.38573002815247,57.5,0.8652924001216887,MEDIUM,True
2020-07-29,2020-07-30,2020-08-13,MSFT,XLK,191.4630070516711,198.79762268066406,10,LONG,LONG,64.38573002815247,57.5,0.8399320691823959,MEDIUM,True
2020-07-30,2020-07-31,2020-08-14,MSFT,XLK,194.7016574395373,198.9881591796875,10,LONG,LONG,65.82156419754028,57.5,0.8399320691823959,HIGH,True
2020-07-31,2020-08-03,2020-08-17,MSFT,XLK,201.48386864604757,200.3026885986328,10,LONG,LONG,65.82156419754028,57.5,0.854884147644043,HIGH,True
2020-08-03,2020-08-04,2020-08-18,MSFT,XLK,204.0080654968015,201.4552459716797,10,LONG,LONG,62.24566698074341,57.5,0.8116867542266846,MEDIUM,True
2020-08-04,2020-08-05,2020-08-19,MSFT,XLK,204.70343496630394,200.2330780029297,10,LONG,LONG,62.24566698074341,57.5,0.830530285835266,MEDIUM,True
2020-08-05,2020-08-06,2020-08-20,MSFT,XLK,202.26492745672695,204.89271545410156,10,LONG,LONG,62.24566698074341,57.5,0.830530285835266,MEDIUM,True
2020-08-06,2020-08-07,2020-08-21,MSFT,XLK,204.6558589111581,203.4031524658203,10,LONG,LONG,62.24566698074341,57.5,0.8245315253734589,MEDIUM,True
2020-08-07,2020-08-10,2020-08-24,MSFT,XLK,201.6266991825336,204.04293823242188,10,LONG,LONG,62.24566698074341,57.5,0.8162598311901091,MEDIUM,True
2020-08-10,2020-08-11,2020-08-25,MSFT,XLK,197.3307026496794,206.69740295410156,10,LONG,LONG,62.24566698074341,57.5,0.853057101368904,MEDIUM,True
2020-08-11,2020-08-12,2020-08-26,MSFT,XLK,195.54942688645932,211.16612243652344,10,LONG,LONG,64.38573002815247,57.5,0.8461006283760071,MEDIUM,True
2020-08-12,2020-08-13,2020-08-27,MSFT,XLK,199.50251647540682,216.35098266601562,10,LONG,LONG,62.24566698074341,57.5,0.8461006283760071,MEDIUM,True
2020-08-13,2020-08-14,2020-08-28,MSFT,XLK,198.8548024461003,218.57582092285156,10,LONG,LONG,64.38573002815247,57.5,0.8461006283760071,MEDIUM,True
2020-08-14,2020-08-17,2020-08-31,MSFT,XLK,199.65496003682452,215.34837341308594,10,LONG,LONG,65.82156419754028,57.5,0.854884147644043,HIGH,True
2020-08-17,2020-08-18,2020-09-01,MSFT,XLK,200.54078957348915,217.00985717773438,10,LONG,LONG,62.24566698074341,57.5,0.8547723293304443,MEDIUM,True
2020-08-18,2020-08-19,2020-09-02,MSFT,XLK,201.94227650468127,221.19207763671875,10,LONG,LONG,62.24566698074341,57.5,0.8318876326084138,MEDIUM,True
2020-08-19,2020-08-20,2020-09-03,MSFT,XLK,200.080239790624,207.4899139404297,10,LONG,LONG,65.82156419754028,57.5,0.8422180712223053,HIGH,True
2020-08-20,2020-08-21,2020-09-04,MSFT,XLK,204.20522691779604,204.57760620117188,10,LONG,LONG,62.24566698074341,57.5,0.8422180712223053,MEDIUM,True
2020-08-21,2020-08-24,2020-09-08,MSFT,XLK,205.0932698409318,193.5108642578125,10,LONG,LONG,62.24566698074341,57.5,0.8198625147342683,MEDIUM,True
2020-08-24,2020-08-25,2020-09-09,MSFT,XLK,203.4795472015141,201.75125122070312,10,LONG,LONG,62.24566698074341,57.5,0.8198625147342683,MEDIUM,True
2020-08-25,2020-08-26,2020-09-10,MSFT,XLK,208.04375788990563,196.09849548339844,10,LONG,LONG,63.12169432640076,57.5,0.8198625147342683,MEDIUM,True
2020-08-26,2020-08-27,2020-09-11,MSFT,XLK,212.82756644310686,194.8190460205078,10,LONG,LONG,62.817543745040894,57.5,0.8123124986886977,MEDIUM,True
2020-08-27,2020-08-28,2020-09-14,MSFT,XLK,217.87876641205395,196.13671875,10,LONG,LONG,62.817543745040894,57.5,0.8123124986886977,MEDIUM,True
2020-08-28,2020-08-31,2020-09-15,MSFT,XLK,216.75201094914362,199.35459899902344,10,LONG,LONG,62.817543745040894,57.5,0.7850910425186156,MEDIUM,True
2020-08-31,2020-09-01,2020-09-16,MSFT,XLK,215.3293033840546,195.79302978515625,10,LONG,LONG,62.817543745040894,57.5,0.7722386717796327,MEDIUM,True
2020-09-01,2020-09-02,2020-09-17,MSFT,XLK,217.67821945804036,193.74960327148438,10,LONG,LONG,62.817543745040894,57.5,0.7722386717796327,MEDIUM,True
2020-09-02,2020-09-03,2020-09-18,MSFT,XLK,218.919525023127,191.34341430664062,10,LONG,LONG,62.817543745040894,57.5,0.7822787761688232,MEDIUM,True
2020-09-03,2020-09-04,2020-09-21,MSFT,XLK,205.38923847148044,193.3962860107422,10,LONG,LONG,62.817543745040894,57.5,0.8065069019794462,MEDIUM,True
2020-09-04,2020-09-08,2020-09-22,MSFT,XLK,197.17750294657407,198.05596923828125,10,LONG,LONG,66.36854410171509,57.5,0.8465287685394288,HIGH,True
2020-09-08,2020-09-09,2020-09-23,MSFT,XLK,198.22784947553285,191.53428649902344,10,LONG,LONG,66.65905714035034,57.5,0.8877203166484833,HIGH,True
2020-09-09,2020-09-10,2020-09-24,MSFT,XLK,203.76597718370772,194.0169219970703,10,LONG,LONG,66.65905714035034,57.5,0.8764122128486633,HIGH,True
2020-09-10,2020-09-11,2020-09-25,MSFT,XLK,197.84593433524395,198.4379425048828,10,LONG,LONG,66.65905714035034,57.5,0.8877203166484833,HIGH,True
2020-09-11,2020-09-14,2020-09-28,MSFT,XLK,195.019540434878,199.98483276367188,10,LONG,LONG,66.65905714035034,57.5,0.8877203166484833,HIGH,True
2020-09-14,2020-09-15,2020-09-29,MSFT,XLK,199.01085066232616,197.90321350097656,10,LONG,LONG,66.65905714035034,57.5,0.8582798540592195,HIGH,True
2020-09-15,2020-09-16,2020-09-30,MSFT,XLK,201.11156480656018,200.8345947265625,10,LONG,LONG,66.65905714035034,57.5,0.854884147644043,HIGH,True
2020-09-16,2020-09-17,2020-10-01,MSFT,XLK,191.01871778722526,202.8684539794922,10,LONG,LONG,66.65905714035034,57.5,0.8399320691823959,HIGH,True
2020-09-17,2020-09-18,2020-10-02,MSFT,XLK,193.64461861126688,196.88150024414062,10,LONG,LONG,66.65905714035034,57.5,0.8452902734279631,HIGH,True
2020-09-18,2020-09-21,2020-10-05,MSFT,XLK,188.2878215402221,200.88232421875,10,LONG,LONG,66.65905714035034,57.5,0.8452902734279631,HIGH,True
2020-09-21,2020-09-22,2020-10-06,MSFT,XLK,195.80251145980125,196.61415100097656,10,LONG,LONG,66.65905714035034,57.5,0.8926557153463364,HIGH,True
2020-09-22,2020-09-23,2020-10-07,MSFT,XLK,198.5142715045388,200.35716247558594,10,LONG,LONG,66.65905714035034,57.5,0.8287180364131926,HIGH,True
2020-09-23,2020-09-24,2020-10-08,MSFT,XLK,190.82771090807543,201.07333374023438,10,LONG,LONG,66.65905714035034,57.5,0.8649165630340575,HIGH,True
2020-09-24,2020-09-25,2020-10-09,MSFT,XLK,194.360708203797,206.06719970703125,10,LONG,LONG,65.42335748672485,57.5,0.8395417332649233,HIGH,True
2020-09-25,2020-09-28,2020-10-12,MSFT,XLK,201.35982628958376,211.40484619140625,10,LONG,LONG,65.42335748672485,57.5,0.9008275419473646,HIGH,True
2020-09-28,2020-09-29,2020-10-13,MSFT,XLK,199.8988712361869,212.7989044189453,10,LONG,LONG,65.42335748672485,57.5,0.9322844445705414,HIGH,True
2020-09-29,2020-09-30,2020-10-14,MSFT,XLK,198.35196663004595,210.8892364501953,10,LONG,LONG,66.65905714035034,57.5,0.9322844445705414,HIGH,True
2020-09-30,2020-10-01,2020-10-15,MSFT,XLK,203.85195324219404,209.74337768554688,10,LONG,LONG,66.65905714035034,57.5,0.9390010535717012,HIGH,True
2020-10-01,2020-10-02,2020-10-16,MSFT,XLK,198.6097849842091,209.74337768554688,10,LONG,LONG,66.65905714035034,57.5,0.8564786911010744,HIGH,True
2020-10-02,2020-10-05,2020-10-19,MSFT,XLK,197.8649800536622,204.54901123046875,10,LONG,LONG,66.65905714035034,57.5,0.9243444502353667,HIGH,True
2020-10-05,2020-10-06,2020-10-20,MSFT,XLK,199.3927819040882,204.95957946777344,10,LONG,LONG,66.65905714035034,57.5,0.9364483654499054,HIGH,True
2020-10-06,2020-10-07,2020-10-21,MSFT,XLK,197.71221088986192,205.10279846191406,10,LONG,LONG,66.65905714035034,57.5,0.9243444502353667,HIGH,True
2020-10-07,2020-10-08,2020-10-22,MSFT,XLK,201.00648690794026,205.188720703125,10,LONG,LONG,66.65905714035034,57.5,0.9364483654499054,HIGH,True
2020-10-08,2020-10-09,2020-10-23,MSFT,XLK,201.69396323673163,206.46824645996094,10,LONG,LONG,66.65905714035034,57.5,0.9271130412817001,HIGH,True
2020-10-09,2020-10-12,2020-10-26,MSFT,XLK,208.9126745888685,200.59588623046875,10,LONG,LONG,66.65905714035034,57.5,0.8437565267086028,HIGH,True
2020-10-12,2020-10-13,2020-10-27,MSFT,XLK,212.6652253529177,203.6227569580078,10,LONG,LONG,66.65905714035034,57.5,0.8375875353813171,HIGH,True
2020-10-13,2020-10-14,2020-10-28,MSFT,XLK,212.9326251853201,193.5299530029297,10,LONG,LONG,66.65905714035034,57.5,0.8355585336685182,HIGH,True
2020-10-14,2020-10-15,2020-10-29,MSFT,XLK,207.2989520921095,195.4778594970703,10,LONG,LONG,64.65862989425659,57.5,0.878573939204216,HIGH,True
2020-10-15,2020-10-16,2020-10-30,MSFT,XLK,210.2112471432422,193.32943725585938,10,LONG,LONG,61.02152466773987,57.5,0.947500854730606,HIGH,True
2020-10-16,2020-10-19,2020-11-02,MSFT,XLK,210.46910850508448,193.19580078125,10,LONG,LONG,63.56777548789978,57.5,0.9111817479133606,HIGH,True
2020-10-19,2020-10-20,2020-11-03,MSFT,XLK,206.05767124299427,197.1106719970703,10,LONG,LONG,63.56777548789978,57.5,0.977417305111885,HIGH,True
2020-10-20,2020-10-21,2020-11-04,MSFT,XLK,203.49863494271912,206.6210174560547,10,LONG,LONG,63.56777548789978,57.5,1.0211923122406006,HIGH,True
2020-10-21,2020-10-22,2020-11-05,MSFT,XLK,204.27205380357498,213.20953369140625,10,LONG,LONG,63.56777548789978,57.5,1.049153909087181,HIGH,True
2020-10-22,2020-10-23,2020-11-06,MSFT,XLK,205.32242362984323,213.6201171875,10,LONG,LONG,63.56777548789978,57.5,0.9605908393859864,HIGH,True
2020-10-23,2020-10-26,2020-11-09,MSFT,XLK,204.19569269246188,208.53073120117188,10,LONG,LONG,63.56777548789978,57.5,0.9091291129589081,HIGH,True
2020-10-26,2020-10-27,2020-11-10,MSFT,XLK,202.03769472007534,201.48391723632812,10,LONG,LONG,63.56777548789978,57.5,0.9538907259702682,HIGH,True
2020-10-27,2020-10-28,2020-11-11,MSFT,XLK,198.2946834325445,206.77377319335938,10,LONG,LONG,63.56777548789978,57.5,0.9226563572883605,HIGH,True
2020-10-28,2020-10-29,2020-11-12,MSFT,XLK,194.8572097568725,205.7139434814453,10,LONG,LONG,64.65862989425659,57.5,0.9136182069778443,HIGH,True
2020-10-29,2020-10-30,2020-11-13,MSFT,XLK,194.3129364566058,206.73561096191406,10,LONG,LONG,63.3608877658844,57.5,0.7834464609622955,HIGH,True
2020-10-30,2020-11-02,2020-11-16,MSFT,XLK,195.06730829502152,207.42311096191406,10,LONG,LONG,64.65862989425659,57.5,1.0090248435735703,HIGH,True
2020-11-02,2020-11-03,2020-11-17,MSFT,XLK,194.6853471835195,204.7781524658203,10,LONG,LONG,64.65862989425659,57.5,0.935684472322464,HIGH,True
2020-11-03,2020-11-04,2020-11-18,MSFT,XLK,204.35801637531904,202.0784149169922,10,LONG,LONG,64.65862989425659,57.5,0.8273018896579741,HIGH,True
2020-11-04,2020-11-05,2020-11-19,MSFT,XLK,212.0159651252917,203.3612823486328,10,LONG,LONG,63.3608877658844,57.5,0.6618175804615021,HIGH,True
2020-11-05,2020-11-06,2020-11-20,MSFT,XLK,212.22602276764897,201.4178466796875,10,LONG,LONG,63.3608877658844,57.5,0.5718566775321962,HIGH,True
2020-11-06,2020-11-09,2020-11-23,MSFT,XLK,214.30760543386708,201.1497802734375,10,LONG,LONG,64.10211324691772,57.5,0.6675806939601898,HIGH,True
2020-11-09,2020-11-10,2020-11-24,MSFT,XLK,204.81636591764507,204.73985290527344,10,LONG,LONG,64.10211324691772,57.5,0.7066909372806549,HIGH,True
2020-11-10,2020-11-11,2020-11-25,MSFT,XLK,202.8015744328405,204.74945068359375,10,LONG,LONG,64.10211324691772,57.5,0.7391446530818939,HIGH,True
2020-11-11,2020-11-12,2020-11-27,MSFT,XLK,207.40404074630203,206.05145263671875,10,LONG,LONG,64.10211324691772,57.5,0.7058097571134567,HIGH,True
2020-11-12,2020-11-13,2020-11-30,MSFT,XLK,206.59238856748885,204.94091796875,10,LONG,LONG,64.10211324691772,57.5,0.6265080571174622,HIGH,True
2020-11-13,2020-11-16,2020-12-01,MSFT,XLK,205.16965297683396,206.9896697998047,10,LONG,LONG,64.10211324691772,57.5,0.779377818107605,HIGH,True
2020-11-16,2020-11-17,2020-12-02,MSFT,XLK,206.34411364526463,206.1854248046875,10,LONG,LONG,64.10211324691772,57.5,0.7537061870098116,HIGH,True
2020-11-17,2020-11-18,2020-12-03,MSFT,XLK,204.53880869388323,205.1036376953125,10,LONG,LONG,64.10211324691772,57.5,0.7614738494157791,HIGH,True
2020-11-18,2020-11-19,2020-12-04,MSFT,XLK,202.3656398944147,205.2185821533203,10,LONG,LONG,64.10211324691772,57.5,0.9146798402070999,HIGH,True
2020-11-19,2020-11-20,2020-12-07,MSFT,XLK,203.15065627997777,205.1515350341797,10,LONG,LONG,64.10211324691772,57.5,0.8463399410247803,HIGH,True
2020-11-20,2020-11-23,2020-12-08,MSFT,XLK,201.9539546502228,206.7981414794922,10,LONG,LONG,64.10211324691772,57.5,0.9362239241600037,HIGH,True
2020-11-23,2020-11-24,2020-12-09,MSFT,XLK,200.65194472163236,202.76773071289062,10,LONG,LONG,64.10211324691772,57.5,0.8463399410247803,HIGH,True
2020-11-24,2020-11-25,2020-12-10,MSFT,XLK,205.93657580336972,201.54229736328125,10,LONG,LONG,62.98462152481079,57.5,0.8090262711048127,HIGH,True
2020-11-25,2020-11-27,2020-12-11,MSFT,XLK,205.68766777600618,204.1654510498047,10,LONG,LONG,63.3608877658844,57.5,0.7622234225273132,HIGH,True
2020-11-27,2020-11-30,2020-12-14,MSFT,XLK,204.9696374397487,205.06533813476562,10,LONG,LONG,63.3608877658844,57.5,0.7458063513040543,HIGH,True
2020-11-30,2020-12-01,2020-12-15,MSFT,XLK,205.36215509436963,204.9983367919922,10,LONG,LONG,63.56777548789978,57.5,0.796613484621048,HIGH,True
2020-12-01,2020-12-02,2020-12-16,MSFT,XLK,205.71633046975106,209.9287109375,10,LONG,LONG,63.56777548789978,57.5,0.7172991633415221,HIGH,True
2020-12-02,2020-12-03,2020-12-17,MSFT,XLK,205.45785419325355,210.06277465820312,10,LONG,LONG,63.56777548789978,57.5,0.7078563570976257,HIGH,True
2020-12-03,2020-12-04,2020-12-18,MSFT,XLK,205.08455306130605,209.26817321777344,10,LONG,LONG,63.56777548789978,57.5,0.7277271449565889,HIGH,True
2020-12-04,2020-12-07,2020-12-21,MSFT,XLK,205.22812516419336,213.09754943847656,10,LONG,LONG,63.56777548789978,57.5,0.7067833840847015,HIGH,True
2020-12-07,2020-12-08,2020-12-22,MSFT,XLK,204.84514471577273,214.3899688720703,10,LONG,LONG,64.10211324691772,57.5,0.6953252851963043,HIGH,True
2020-12-08,2020-12-09,2020-12-23,MSFT,XLK,205.984443126197,211.59451293945312,10,LONG,LONG,64.65862989425659,57.5,0.6857224404811859,HIGH,True
2020-12-09,2020-12-10,2020-12-24,MSFT,XLK,202.7389906303878,213.25076293945312,10,LONG,LONG,64.65862989425659,57.5,0.7212414741516113,HIGH,True
2020-12-10,2020-12-11,2020-12-28,MSFT,XLK,201.09235074888988,215.3665313720703,10,LONG,LONG,64.65862989425659,57.5,0.7472932040691377,HIGH,True
2020-12-11,2020-12-14,2020-12-29,MSFT,XLK,204.01225691285737,214.5910186767578,10,LONG,LONG,60.752975940704346,57.5,0.7947855293750763,HIGH,True
2020-12-14,2020-12-15,2020-12-30,MSFT,XLK,205.99397910773743,212.2263641357422,10,LONG,LONG,60.752975940704346,57.5,0.7418160736560822,HIGH,True
2020-12-15,2020-12-16,2020-12-31,MSFT,XLK,205.59189586280007,212.934814453125,10,LONG,LONG,62.98462152481079,57.5,0.8055484294891357,HIGH,True
2020-12-16,2020-12-17,2021-01-04,MSFT,XLK,210.49358136827655,208.4065399169922,10,LONG,LONG,64.10211324691772,57.5,0.6718477606773376,HIGH,True
2020-12-17,2020-12-18,2021-01-05,MSFT,XLK,209.26817321777344,208.60760498046875,10,LONG,LONG,64.10211324691772,57.5,0.6419152021408082,HIGH,True
2020-12-18,2020-12-21,2021-01-06,MSFT,XLK,208.27248885115827,203.1985626220703,10,LONG,LONG,64.10211324691772,57.5,0.6613666713237762,HIGH,True
2020-12-21,2020-12-22,2021-01-07,MSFT,XLK,213.19327574816,208.98095703125,10,LONG,LONG,61.00917458534241,57.5,0.6800039410591127,HIGH,True
2020-12-22,2020-12-23,2021-01-08,MSFT,XLK,213.59538050172162,210.25421142578125,10,LONG,LONG,61.00917458534241,57.5,0.7071667611598969,HIGH,True
2020-12-23,2020-12-24,2021-01-11,MSFT,XLK,211.97747941450012,208.21507263183594,10,LONG,LONG,61.00917458534241,57.5,0.691932201385498,HIGH,True
2020-12-24,2020-12-28,2021-01-12,MSFT,XLK,214.87827109953108,205.7642364501953,10,LONG,LONG,61.00917458534241,57.5,0.6363306641578673,HIGH,True
2020-12-28,2020-12-29,2021-01-13,MSFT,XLK,216.65890803129258,207.11410522460938,10,LONG,LONG,61.00917458534241,57.5,0.6397072970867157,HIGH,True
2020-12-29,2020-12-30,2021-01-14,MSFT,XLK,215.62497594211862,203.93568420410156,10,LONG,LONG,61.00917458534241,57.5,0.6383454203605653,HIGH,True
2020-12-30,2020-12-31,2021-01-15,MSFT,XLK,212.24551795281667,203.58145141601562,10,LONG,LONG,61.00917458534241,57.5,0.7009769678115845,HIGH,True
2020-12-31,2021-01-04,2021-01-19,MSFT,XLK,213.04013300201316,207.20980834960938,10,LONG,LONG,61.00917458534241,57.5,0.6395767033100128,HIGH,True
2021-01-04,2021-01-05,2021-01-20,MSFT,XLK,207.9948984930746,214.77294921875,10,LONG,LONG,63.14927339553833,57.5,0.7364999353885652,HIGH,True
2021-01-05,2021-01-06,2021-01-21,MSFT,XLK,203.12197248271838,215.37608337402344,10,LONG,LONG,63.14927339553833,57.5,0.7059005200862885,HIGH,True
2021-01-06,2021-01-07,2021-01-22,MSFT,XLK,204.91219943951467,216.3142852783203,10,LONG,LONG,64.10211324691772,57.5,0.9177891314029695,HIGH,True
2021-01-07,2021-01-08,2021-01-25,MSFT,XLK,209.35429576941888,219.7416229248047,10,LONG,LONG,64.10211324691772,57.5,0.892153933644295,HIGH,True
2021-01-08,2021-01-11,2021-01-26,MSFT,XLK,209.1532761190525,222.4221954345703,10,LONG,LONG,64.10211324691772,57.5,0.9469018727540971,HIGH,True
2021-01-11,2021-01-12,2021-01-27,MSFT,XLK,207.26729032493492,222.96792602539062,10,LONG,LONG,64.10211324691772,57.5,0.9418123960494996,HIGH,True
2021-01-12,2021-01-13,2021-01-28,MSFT,XLK,204.8930499925977,228.74072265625,10,LONG,LONG,64.10211324691772,57.5,0.9492582827806472,HIGH,True
2021-01-13,2021-01-14,2021-01-29,MSFT,XLK,206.70243845748877,222.06796264648438,10,LONG,LONG,64.10211324691772,57.5,0.906400516629219,HIGH,True
2021-01-14,2021-01-15,2021-02-01,MSFT,XLK,204.41435985792472,229.43006896972656,10,LONG,LONG,64.10211324691772,57.5,0.8396728336811066,HIGH,True
2021-01-15,2021-01-19,2021-02-02,MSFT,XLK,204.63452243177323,229.2959747314453,10,LONG,LONG,64.10211324691772,57.5,0.9127137362957002,HIGH,True
2021-01-19,2021-01-20,2021-02-03,MSFT,XLK,208.4161146150016,232.63717651367188,10,LONG,LONG,64.10211324691772,57.5,0.8828668892383574,HIGH,True
2021-01-20,2021-01-21,2021-02-04,MSFT,XLK,215.11759352034807,231.68936157226562,10,LONG,LONG,64.10211324691772,57.5,0.9405048787593844,HIGH,True
2021-01-21,2021-01-22,2021-02-05,MSFT,XLK,217.39610073257143,231.8712921142578,10,LONG,LONG,61.683714389801025,57.5,0.8773788511753082,HIGH,True
2021-01-22,2021-01-25,2021-02-08,MSFT,XLK,219.34910399221997,232.12977600097656,10,LONG,LONG,61.683714389801025,57.5,0.8153951466083526,HIGH,True
2021-01-25,2021-01-26,2021-02-09,MSFT,XLK,221.9722376050097,233.37437438964844,10,LONG,LONG,61.683714389801025,57.5,0.8133767843246459,HIGH,True
2021-01-26,2021-01-27,2021-02-10,MSFT,XLK,227.85044132559767,232.4648895263672,10,LONG,LONG,61.683714389801025,57.5,0.7219543457031251,HIGH,True
2021-01-27,2021-01-28,2021-02-11,MSFT,XLK,225.56231304867134,234.06365966796875,10,LONG,LONG,63.14927339553833,57.5,0.7680113762617111,HIGH,True
2021-01-28,2021-01-29,2021-02-12,MSFT,XLK,225.92610022401175,234.5423583984375,10,LONG,LONG,63.14927339553833,57.5,0.7569129467010499,HIGH,True
2021-01-29,2021-02-01,2021-02-16,MSFT,XLK,225.0358140012582,233.30734252929688,10,LONG,LONG,63.14927339553833,57.5,0.9036581814289094,HIGH,True
2021-02-01,2021-02-02,2021-02-17,MSFT,XLK,231.0096474945824,234.32443237304688,10,LONG,LONG,63.14927339553833,57.5,0.8285519778728486,HIGH,True
2021-02-02,2021-02-03,2021-02-18,MSFT,XLK,229.3534571245512,233.93099975585938,10,LONG,LONG,63.14927339553833,57.5,0.7895523905754089,HIGH,True
2021-02-03,2021-02-04,2021-02-19,MSFT,XLK,232.31165077361996,231.2250518798828,10,LONG,LONG,61.00917458534241,57.5,0.6475908756256104,HIGH,True
2021-02-04,2021-02-05,2021-02-22,MSFT,XLK,231.9000115849641,225.0263671875,10,LONG,LONG,61.00917458534241,57.5,0.6299452185630798,HIGH,True
2021-02-05,2021-02-08,2021-02-23,MSFT,XLK,232.78077013104104,223.8364715576172,10,LONG,LONG,61.00917458534241,57.5,0.46516674757003773,HIGH,True
2021-02-08,2021-02-09,2021-02-24,MSFT,XLK,231.55539157726378,225.06471252441406,10,LONG,LONG,61.00917458534241,57.5,0.5076348185539246,HIGH,True
2021-02-09,2021-02-10,2021-02-25,MSFT,XLK,234.55191588851997,219.72955322265625,10,LONG,LONG,61.00917458534241,57.5,0.4025508761405945,HIGH,True
2021-02-10,2021-02-11,2021-02-26,MSFT,XLK,234.34128610793087,222.9824676513672,10,LONG,LONG,61.00917458534241,57.5,0.4694744050502778,HIGH,True
2021-02-11,2021-02-12,2021-03-01,MSFT,XLK,233.52755003667977,227.3580322265625,10,LONG,LONG,61.00917458534241,57.5,0.43446978926658636,HIGH,True
2021-02-12,2021-02-16,2021-03-02,MSFT,XLK,234.5806260608858,224.4121856689453,10,LONG,LONG,61.00917458534241,57.5,0.5154502689838409,HIGH,True
2021-02-16,2021-02-17,2021-03-03,MSFT,XLK,231.5609109057121,218.3573760986328,10,LONG,LONG,61.00917458534241,57.5,0.6674526333808899,HIGH,True
2021-02-17,2021-02-18,2021-03-04,MSFT,XLK,232.02148575671274,217.5609130859375,10,LONG,LONG,61.00917458534241,57.5,0.6809630990028381,HIGH,True
2021-02-18,2021-02-19,2021-03-05,MSFT,XLK,233.89262609539767,222.2340087890625,10,LONG,LONG,61.00917458534241,57.5,0.7514187097549437,HIGH,True
2021-02-19,2021-02-22,2021-03-08,MSFT,XLK,227.81868976617673,218.19424438476562,10,LONG,LONG,61.00917458534241,57.5,0.7691010236740113,HIGH,True
2021-02-22,2021-02-23,2021-03-09,MSFT,XLK,221.01536399641307,224.32583618164062,10,LONG,LONG,63.14927339553833,57.5,0.9164851009845734,HIGH,True
2021-02-23,2021-02-24,2021-03-10,MSFT,XLK,220.70830363621744,223.0208282470703,10,LONG,LONG,61.00917458534241,57.5,1.0762723386287691,HIGH,True
2021-02-24,2021-02-25,2021-03-11,MSFT,XLK,222.69458880716616,227.54039001464844,10,LONG,LONG,61.00917458534241,57.5,0.9386245608329773,HIGH,True
2021-02-25,2021-02-26,2021-03-12,MSFT,XLK,222.166836123275,226.2161865234375,10,LONG,LONG,64.10211324691772,57.5,1.051678478717804,HIGH,True
2021-02-26,2021-03-01,2021-03-15,MSFT,XLK,226.36008213862527,225.314208984375,10,LONG,LONG,64.10211324691772,57.5,0.9541282951831818,HIGH,True
2021-03-01,2021-03-02,2021-03-16,MSFT,XLK,227.42520204873816,228.096923828125,10,LONG,LONG,64.10211324691772,57.5,0.7644186317920686,HIGH,True
2021-03-02,2021-03-03,2021-03-17,MSFT,XLK,222.77135603173917,227.4539794921875,10,LONG,LONG,64.10211324691772,57.5,0.8079851865768434,HIGH,True
2021-03-03,2021-03-04,2021-03-18,MSFT,XLK,217.57051805127153,221.3896026611328,10,LONG,LONG,64.10211324691772,57.5,0.9219131171703341,HIGH,True
2021-03-04,2021-03-05,2021-03-19,MSFT,XLK,220.23812306789688,221.0345916748047,10,LONG,LONG,64.10211324691772,57.5,0.8309675157070161,HIGH,True
2021-03-05,2021-03-08,2021-03-22,MSFT,XLK,222.01328727476053,226.44647216796875,10,LONG,LONG,64.10211324691772,57.5,0.7661398947238922,HIGH,True
2021-03-08,2021-03-09,2021-03-23,MSFT,XLK,223.46223842117595,227.97219848632812,10,LONG,LONG,64.10211324691772,57.5,0.8731882572174072,HIGH,True
2021-03-09,2021-03-10,2021-03-24,MSFT,XLK,227.41561273111648,225.9379119873047,10,LONG,LONG,63.3608877658844,57.5,0.7637360394001007,HIGH,True
2021-03-10,2021-03-11,2021-03-25,MSFT,XLK,225.4581472805967,222.9440460205078,10,LONG,LONG,64.10211324691772,57.5,0.7388175427913666,HIGH,True
2021-03-11,2021-03-12,2021-03-26,MSFT,XLK,224.54654746853438,226.91664123535156,10,LONG,LONG,64.10211324691772,57.5,0.6645311713218689,HIGH,True
2021-03-12,2021-03-15,2021-03-29,MSFT,XLK,225.45815172323736,225.72679138183594,10,LONG,LONG,64.10211324691772,57.5,0.6639315783977509,HIGH,True
2021-03-15,2021-03-16,2021-03-30,MSFT,XLK,226.7247459571365,222.47390747070312,10,LONG,LONG,64.10211324691772,57.5,0.634070485830307,HIGH,True
2021-03-16,2021-03-17,2021-03-31,MSFT,XLK,226.5999721151421,226.23538208007812,10,LONG,LONG,64.10211324691772,57.5,0.6343297660350801,HIGH,True
2021-03-17,2021-03-18,2021-04-01,MSFT,XLK,223.15518889547872,232.54925537109375,10,LONG,LONG,64.10211324691772,57.5,0.6459741294384003,HIGH,True
2021-03-18,2021-03-19,2021-04-05,MSFT,XLK,221.67749494275228,238.99752807617188,10,LONG,LONG,64.10211324691772,57.5,0.6940807402133942,HIGH,True
2021-03-19,2021-03-22,2021-04-06,MSFT,XLK,220.95779015994103,237.8364715576172,10,LONG,LONG,64.10211324691772,57.5,0.6854114234447479,HIGH,True
2021-03-22,2021-03-23,2021-04-07,MSFT,XLK,227.88584162612725,239.79396057128906,10,LONG,LONG,64.10211324691772,57.5,0.8025183081626891,HIGH,True
2021-03-23,2021-03-24,2021-04-08,MSFT,XLK,228.23125886724554,243.00845336914062,10,LONG,LONG,64.10211324691772,57.5,0.8986900746822358,HIGH,True
2021-03-24,2021-03-25,2021-04-09,MSFT,XLK,225.78434852304252,245.50331115722656,10,LONG,LONG,64.10211324691772,57.5,0.9066177904605865,HIGH,True
2021-03-25,2021-03-26,2021-04-12,MSFT,XLK,222.18601962035427,245.56092834472656,10,LONG,LONG,60.752975940704346,57.5,0.8034859001636505,HIGH,True
2021-03-26,2021-03-29,2021-04-13,MSFT,XLK,227.02218797535386,248.03652954101562,10,LONG,LONG,64.10211324691772,57.5,0.7800873517990112,HIGH,True
2021-03-29,2021-03-30,2021-04-14,MSFT,XLK,224.08596063121217,245.2537841796875,10,LONG,LONG,64.10211324691772,57.5,0.9821609854698179,HIGH,True
2021-03-30,2021-03-31,2021-04-15,MSFT,XLK,223.49104090390196,249.00570678710938,10,LONG,LONG,64.10211324691772,57.5,0.8554449975490571,HIGH,True
2021-03-31,2021-04-01,2021-04-16,MSFT,XLK,228.82615975066759,250.19554138183594,10,LONG,LONG,64.10211324691772,57.5,0.8787669241428375,HIGH,True
2021-04-01,2021-04-05,2021-04-19,MSFT,XLK,232.94269441038907,248.27642822265625,10,LONG,LONG,64.10211324691772,57.5,0.8558719754219055,HIGH,True
2021-04-05,2021-04-06,2021-04-20,MSFT,XLK,237.59658162885503,247.8158416748047,10,LONG,LONG,61.02152466773987,57.5,0.8083542287349702,HIGH,True
2021-04-06,2021-04-07,2021-04-21,MSFT,XLK,237.78848433406324,250.04202270507812,10,LONG,LONG,64.65862989425659,57.5,0.7857801318168638,HIGH,True
2021-04-07,2021-04-08,2021-04-22,MSFT,XLK,242.5478688898788,246.77000427246094,10,LONG,LONG,63.3608877658844,57.5,0.6968133449554443,HIGH,True
2021-04-08,2021-04-09,2021-04-23,MSFT,XLK,242.6438132210316,250.58897399902344,10,LONG,LONG,63.56777548789978,57.5,0.704072743654251,HIGH,True
2021-04-09,2021-04-12,2021-04-26,MSFT,XLK,244.40945962367468,250.9728546142578,10,LONG,LONG,63.56777548789978,57.5,0.7663689404726028,HIGH,True
2021-04-12,2021-04-13,2021-04-27,MSFT,XLK,246.85629007953642,251.37579345703125,10,LONG,LONG,63.56777548789978,57.5,0.7409748136997222,HIGH,True
2021-04-13,2021-04-14,2021-04-28,MSFT,XLK,247.06736550652295,244.2654571533203,10,LONG,LONG,63.56777548789978,57.5,0.7997442036867142,HIGH,True
2021-04-14,2021-04-15,2021-04-29,MSFT,XLK,247.4991912440341,242.29837036132812,10,LONG,LONG,63.56777548789978,57.5,0.9602525681257249,HIGH,True
2021-04-15,2021-04-16,2021-04-30,MSFT,XLK,248.97691132612795,241.9817352294922,10,LONG,LONG,63.56777548789978,57.5,0.8141002058982848,HIGH,True
2021-04-16,2021-04-19,2021-05-03,MSFT,XLK,249.66780128143571,241.6746826171875,10,LONG,LONG,63.671356439590454,57.5,0.8355689346790315,HIGH,True
2021-04-19,2021-04-20,2021-05-04,MSFT,XLK,247.39363315922765,237.769287109375,10,LONG,LONG,66.42862558364868,57.5,0.8355689346790315,HIGH,True
2021-04-20,2021-04-21,2021-05-05,MSFT,XLK,248.4683602197952,236.50265502929688,10,LONG,LONG,66.42862558364868,57.5,0.849699795246124,HIGH,True
2021-04-21,2021-04-22,2021-05-06,MSFT,XLK,249.68704495227024,239.63079833984375,10,LONG,LONG,66.61059856414795,57.5,0.8355689346790315,HIGH,True
2021-04-22,2021-04-23,2021-05-07,MSFT,XLK,247.4512247703219,242.25045776367188,10,LONG,LONG,68.5052216053009,57.5,0.8447589129209518,HIGH,True
2021-04-23,2021-04-26,2021-05-10,MSFT,XLK,251.07842141991543,237.18389892578125,10,LONG,LONG,68.5052216053009,57.5,0.8447589129209518,HIGH,True
2021-04-26,2021-04-27,2021-05-11,MSFT,XLK,251.0015512107664,236.27236938476562,10,LONG,LONG,66.42862558364868,57.5,0.84568390250206,HIGH,True
2021-04-27,2021-04-28,2021-05-12,MSFT,XLK,245.72397701053836,229.33474731445312,10,LONG,LONG,62.112605571746826,57.5,0.84568390250206,HIGH,True
2021-04-28,2021-04-29,2021-05-13,MSFT,XLK,245.12908267315444,233.20176696777344,10,LONG,LONG,62.112605571746826,57.5,0.85432767868042,HIGH,True
2021-04-29,2021-04-30,2021-05-14,MSFT,XLK,239.64042208199547,238.1147003173828,10,LONG,LONG,62.112605571746826,57.5,0.8612840473651885,HIGH,True
2021-04-30,2021-05-03,2021-05-17,MSFT,XLK,243.1523979660195,235.26480102539062,10,LONG,LONG,65.48107862472534,57.5,0.8557093143463134,HIGH,True
2021-05-03,2021-05-04,2021-05-18,MSFT,XLK,240.82069451117363,233.24978637695312,10,LONG,LONG,65.48107862472534,57.5,0.7978305816650391,HIGH,True
2021-05-04,2021-05-05,2021-05-19,MSFT,XLK,238.98791087136092,233.8267822265625,10,LONG,LONG,65.48107862472534,57.5,0.7978305816650391,HIGH,True
2021-05-05,2021-05-06,2021-05-20,MSFT,XLK,236.4834442394811,237.05838012695312,10,LONG,LONG,69.09971237182617,57.5,0.7978305816650391,HIGH,True
2021-05-06,2021-05-07,2021-05-21,MSFT,XLK,241.95298194601213,235.79843139648438,10,LONG,LONG,69.09971237182617,57.5,0.7978305816650391,HIGH,True
2021-05-07,2021-05-10,2021-05-24,MSFT,XLK,240.72467565541882,241.19400024414062,10,LONG,LONG,69.09971237182617,57.5,0.7769525498151779,HIGH,True
2021-05-10,2021-05-11,2021-05-25,MSFT,XLK,234.66031619488902,242.09808349609375,10,LONG,LONG,69.09971237182617,57.5,0.814570426940918,HIGH,True
2021-05-11,2021-05-12,2021-05-26,MSFT,XLK,232.37654952810314,241.87689208984375,10,LONG,LONG,69.09971237182617,57.5,0.818253442645073,HIGH,True
2021-05-12,2021-05-13,2021-05-27,MSFT,XLK,232.0215127667873,239.7802276611328,10,LONG,LONG,67.42116808891296,57.5,0.8021685481071471,HIGH,True
2021-05-13,2021-05-14,2021-05-28,MSFT,XLK,235.6486398477899,240.1360321044922,10,LONG,LONG,66.98632836341858,57.5,0.8021685481071471,HIGH,True
2021-05-14,2021-05-17,2021-06-01,MSFT,XLK,236.57940755176028,237.94322204589844,10,LONG,LONG,65.12552499771118,57.5,0.826017215847969,HIGH,True
2021-05-17,2021-05-18,2021-06-02,MSFT,XLK,236.3107843298703,237.84701538085938,10,LONG,LONG,66.04255437850952,57.5,0.8059046864509583,HIGH,True
2021-05-18,2021-05-19,2021-06-03,MSFT,XLK,230.162421057965,236.3178253173828,10,LONG,LONG,67.87856221199036,57.5,0.8059046864509583,HIGH,True
2021-05-19,2021-05-20,2021-06-04,MSFT,XLK,234.63471685255448,241.20362854003906,10,LONG,LONG,67.87856221199036,57.5,0.78458234667778,HIGH,True
2021-05-20,2021-05-21,2021-06-07,MSFT,XLK,238.10670075398016,244.10818481445312,10,LONG,LONG,64.25426006317139,57.5,0.7594668418169022,HIGH,True
2021-05-21,2021-05-24,2021-06-08,MSFT,XLK,238.31828691309914,242.91563415527344,10,LONG,LONG,67.87856221199036,57.5,0.7594668418169022,HIGH,True
2021-05-24,2021-05-25,2021-06-09,MSFT,XLK,242.14617519695508,243.8966064453125,10,LONG,LONG,67.39291548728943,57.5,0.760004073381424,HIGH,True
2021-05-25,2021-05-26,2021-06-10,MSFT,XLK,241.819173240438,247.4071044921875,10,LONG,LONG,67.39291548728943,57.5,0.842441886663437,HIGH,True
2021-05-26,2021-05-27,2021-06-11,MSFT,XLK,241.56913052971964,248.0322723388672,10,LONG,LONG,63.301265239715576,57.5,0.8585908412933351,HIGH,True
2021-05-27,2021-05-28,2021-06-14,MSFT,XLK,241.40558245087644,249.95579528808594,10,LONG,LONG,60.88374853134155,57.5,0.8585908412933351,HIGH,True
2021-05-28,2021-06-01,2021-06-15,MSFT,XLK,241.62682349539628,248.4842071533203,10,LONG,LONG,60.88374853134155,57.5,0.8581285774707795,HIGH,True
2021-06-01,2021-06-02,2021-06-16,MSFT,XLK,238.64529057633396,247.54176330566406,10,LONG,LONG,60.88374853134155,57.5,0.8324535936117172,HIGH,True
2021-06-02,2021-06-03,2021-06-17,MSFT,XLK,235.846550117456,250.92721557617188,10,LONG,LONG,60.88374853134155,57.5,0.8330398350954055,HIGH,True
2021-06-03,2021-06-04,2021-06-18,MSFT,XLK,238.28945046434345,249.51332092285156,10,LONG,LONG,62.73043155670166,57.5,0.8575001358985902,HIGH,True
2021-06-04,2021-06-07,2021-06-21,MSFT,XLK,240.42458368050268,252.59103393554688,10,LONG,LONG,62.73043155670166,57.5,0.8330398350954055,HIGH,True
2021-06-07,2021-06-08,2021-06-22,MSFT,XLK,245.40662906612567,255.36094665527344,10,LONG,LONG,63.2962703704834,57.5,0.8585908412933351,HIGH,True
2021-06-08,2021-06-09,2021-06-23,MSFT,XLK,244.10819819545324,255.1300811767578,10,LONG,LONG,63.2962703704834,57.5,0.8585908412933351,HIGH,True
2021-06-09,2021-06-10,2021-06-24,MSFT,XLK,244.5698698827459,256.495849609375,10,LONG,LONG,65.64881205558777,57.5,0.8356399536132812,HIGH,True
2021-06-10,2021-06-11,2021-06-25,MSFT,XLK,248.12842639815597,254.8896484375,10,LONG,LONG,63.49087357521057,57.5,0.8362432718276979,HIGH,True
2021-06-11,2021-06-14,2021-06-28,MSFT,XLK,248.04184249398912,258.44818115234375,10,LONG,LONG,63.94706964492798,57.5,0.8585908412933351,HIGH,True
2021-06-14,2021-06-15,2021-06-29,MSFT,XLK,249.8403136014058,261.0257873535156,10,LONG,LONG,63.94706964492798,57.5,0.8511779010295869,HIGH,True
2021-06-15,2021-06-16,2021-06-30,MSFT,XLK,249.48453909560968,260.544921875,10,LONG,LONG,66.29918813705444,57.5,0.8511779010295869,HIGH,True
2021-06-16,2021-06-17,2021-07-01,MSFT,XLK,246.2818529460379,261.2181701660156,10,LONG,LONG,66.29918813705444,57.5,0.8484092652797698,HIGH,True
2021-06-17,2021-06-18,2021-07-02,MSFT,XLK,249.70568769388964,267.0368347167969,10,LONG,LONG,69.0470278263092,57.5,0.8244522660970689,HIGH,True
2021-06-18,2021-06-21,2021-07-06,MSFT,XLK,249.88844788107733,267.0465393066406,10,LONG,LONG,69.0470278263092,57.5,0.8379200249910356,HIGH,True
2021-06-21,2021-06-22,2021-07-07,MSFT,XLK,252.67758558788293,269.2297668457031,10,LONG,LONG,63.586217164993286,57.5,0.8379200249910356,HIGH,True
2021-06-22,2021-06-23,2021-07-08,MSFT,XLK,255.82256045256418,266.8157043457031,10,LONG,LONG,63.586217164993286,57.5,0.838526725769043,HIGH,True
2021-06-23,2021-06-24,2021-07-09,MSFT,XLK,255.9861098893135,267.3158874511719,10,LONG,LONG,63.586217164993286,57.5,0.838526725769043,HIGH,True
2021-06-24,2021-06-25,2021-07-12,MSFT,XLK,256.05341754170934,266.7195739746094,10,LONG,LONG,65.8734381198883,57.5,0.838526725769043,HIGH,True
2021-06-25,2021-06-28,2021-07-13,MSFT,XLK,256.0148915577598,270.2396545410156,10,LONG,LONG,65.8734381198883,57.5,0.7180546522140502,HIGH,True
2021-06-28,2021-06-29,2021-07-14,MSFT,XLK,258.5924972347941,271.7112121582031,10,LONG,LONG,65.8734381198883,57.5,0.838526725769043,HIGH,True
2021-06-29,2021-06-30,2021-07-15,MSFT,XLK,260.3429572810892,270.2877197265625,10,LONG,LONG,65.38993716239929,57.5,0.838526725769043,HIGH,True
2021-06-30,2021-07-01,2021-07-16,MSFT,XLK,259.3042174129385,270.0184020996094,10,LONG,LONG,64.43333029747009,57.5,0.849699795246124,HIGH,True
2021-07-01,2021-07-02,2021-07-19,MSFT,XLK,262.3914741753401,266.4214172363281,10,LONG,LONG,64.43333029747009,57.5,0.8239545077085495,HIGH,True
2021-07-02,2021-07-06,2021-07-20,MSFT,XLK,267.4023914794495,268.6430969238281,10,LONG,LONG,64.2524003982544,57.5,0.8239545077085495,HIGH,True
2021-07-06,2021-07-07,2021-07-21,MSFT,XLK,268.7200270839339,270.6435546875,10,LONG,LONG,64.2524003982544,57.5,0.8312237113714218,HIGH,True
2021-07-07,2021-07-08,2021-07-22,MSFT,XLK,266.3155624280756,275.202392578125,10,LONG,LONG,61.72691583633423,57.5,0.8312237113714218,HIGH,True
2021-07-08,2021-07-09,2021-07-23,MSFT,XLK,265.18074464609816,278.5975341796875,10,LONG,LONG,64.2524003982544,57.5,0.8591954410076142,HIGH,True
2021-07-09,2021-07-12,2021-07-26,MSFT,XLK,268.48923727475227,278.0011901855469,10,LONG,LONG,64.2524003982544,57.5,0.8429431915283201,HIGH,True
2021-07-12,2021-07-13,2021-07-27,MSFT,XLK,266.9118906217508,275.58709716796875,10,LONG,LONG,64.2524003982544,57.5,0.8429431915283201,HIGH,True
2021-07-13,2021-07-14,2021-07-28,MSFT,XLK,271.55732455253013,275.279296875,10,LONG,LONG,66.61397218704224,57.5,0.8355689346790315,HIGH,True
2021-07-14,2021-07-15,2021-07-29,MSFT,XLK,271.22064297039645,275.5486145019531,10,LONG,LONG,60.13861298561096,57.5,0.849699795246124,HIGH,True
2021-07-15,2021-07-16,2021-07-30,MSFT,XLK,271.28795247697474,274.01947021484375,10,LONG,LONG,62.70557641983032,57.5,0.849699795246124,HIGH,True
2021-07-16,2021-07-19,2021-08-02,MSFT,XLK,268.2680095974711,273.9328918457031,10,LONG,LONG,62.70557641983032,57.5,0.849699795246124,HIGH,True
2021-07-19,2021-07-20,2021-08-03,MSFT,XLK,267.40239850810826,276.1448974609375,10,LONG,LONG,61.59006953239441,57.5,0.907302811741829,HIGH,True
2021-07-20,2021-07-21,2021-08-04,MSFT,XLK,268.23911651623393,275.5582580566406,10,LONG,LONG,61.59006953239441,57.5,0.8525602966547012,HIGH,True
2021-07-21,2021-07-22,2021-08-05,MSFT,XLK,272.99029182453523,278.45318603515625,10,LONG,LONG,61.59006953239441,57.5,0.8531742542982103,HIGH,True
2021-07-22,2021-07-23,2021-08-06,MSFT,XLK,276.38543282233957,278.3954162597656,10,LONG,LONG,58.38616490364075,57.5,0.8531742542982103,LOW,True
2021-07-23,2021-07-26,2021-08-09,MSFT,XLK,277.95311315206845,277.3087158203125,10,LONG,LONG,58.38616490364075,57.5,0.8531742542982103,LOW,True
2021-07-26,2021-07-27,2021-08-10,MSFT,XLK,278.3666124668251,275.4909362792969,10,LONG,LONG,58.38616490364075,57.5,0.8429431915283201,LOW,True
2021-07-27,2021-07-28,2021-08-11,MSFT,XLK,277.94340359284985,275.9814453125,10,LONG,LONG,58.38616490364075,57.5,0.8551212251186373,LOW,True
2021-07-28,2021-07-29,2021-08-12,MSFT,XLK,275.2985435397369,278.7320556640625,10,LONG,LONG,60.92784404754639,57.5,0.830999940633774,HIGH,True
2021-07-29,2021-07-30,2021-08-13,MSFT,XLK,274.26954124538486,281.6558837890625,10,LONG,LONG,60.92784404754639,57.5,0.8339490443468094,HIGH,True
2021-07-30,2021-08-02,2021-08-16,MSFT,XLK,275.41400491206474,283.3390197753906,10,LONG,LONG,60.92784404754639,57.5,0.8265946954488755,HIGH,True
2021-08-02,2021-08-03,2021-08-17,MSFT,XLK,274.509897191702,281.8770751953125,10,LONG,LONG,62.589651346206665,57.5,0.876706451177597,HIGH,True
2021-08-03,2021-08-04,2021-08-18,MSFT,XLK,275.27933499379344,280.1523132324219,10,LONG,LONG,64.02905583381653,57.5,0.8527663648128511,HIGH,True
2021-08-04,2021-08-05,2021-08-19,MSFT,XLK,275.91411439860224,285.97247314453125,10,LONG,LONG,63.38387727737427,57.5,0.8527663648128511,HIGH,True
2021-08-05,2021-08-06,2021-08-20,MSFT,XLK,277.48174751216084,293.2862854003906,10,LONG,LONG,60.54115891456604,57.5,0.8339490443468094,HIGH,True
2021-08-06,2021-08-09,2021-08-23,MSFT,XLK,278.6744499389659,293.5658264160156,10,LONG,LONG,60.54115891456604,57.5,0.8339490443468094,HIGH,True
2021-08-09,2021-08-10,2021-08-24,MSFT,XLK,277.7607120388484,291.60968017578125,10,LONG,LONG,64.72326517105103,57.5,0.8339490443468094,HIGH,True
2021-08-10,2021-08-11,2021-08-25,MSFT,XLK,276.23148694196493,291.02178955078125,10,LONG,LONG,64.90311622619629,57.5,0.859567418694496,HIGH,True
2021-08-11,2021-08-12,2021-08-26,MSFT,XLK,275.6736177116659,288.20806884765625,10,LONG,LONG,64.90311622619629,57.5,0.8344748318195344,HIGH,True
2021-08-12,2021-08-13,2021-08-27,MSFT,XLK,278.41470593926334,288.81512451171875,10,LONG,LONG,64.90311622619629,57.5,0.8294927477836608,HIGH,True
2021-08-13,2021-08-16,2021-08-30,MSFT,XLK,281.98291302988906,292.5443115234375,10,LONG,LONG,60.027945041656494,57.5,0.7751167714595794,HIGH,True
2021-08-16,2021-08-17,2021-08-31,MSFT,XLK,281.21347728086533,290.8965759277344,10,LONG,LONG,60.027945041656494,57.5,0.7751167714595794,HIGH,True
2021-08-17,2021-08-18,2021-09-01,MSFT,XLK,281.4146488445033,290.84832763671875,10,LONG,LONG,58.38616490364075,57.5,0.7751167714595794,LOW,True
2021-08-18,2021-08-19,2021-09-02,MSFT,XLK,278.1864643546096,290.1930847167969,10,LONG,LONG,63.3392870426178,57.5,0.8338719457387924,HIGH,True
2021-08-19,2021-08-20,2021-09-03,MSFT,XLK,288.81512041303324,290.1834716796875,10,LONG,LONG,58.38616490364075,57.5,0.8338719457387924,LOW,True
2021-08-20,2021-08-23,2021-09-07,MSFT,XLK,292.21676889613116,289.25836181640625,10,LONG,LONG,58.38616490364075,57.5,0.838526725769043,LOW,True
2021-08-23,2021-08-24,2021-09-08,MSFT,XLK,293.92235436740765,289.28729248046875,10,LONG,LONG,61.72691583633423,57.5,0.838526725769043,HIGH,True
2021-08-24,2021-08-25,2021-09-09,MSFT,XLK,293.22844986666524,286.4349670410156,10,LONG,LONG,61.72691583633423,57.5,0.8380020707845687,HIGH,True
2021-08-25,2021-08-26,2021-09-10,MSFT,XLK,290.03893440127865,284.9510498046875,10,LONG,LONG,61.72691583633423,57.5,0.8380020707845687,HIGH,True
2021-08-26,2021-08-27,2021-09-13,MSFT,XLK,288.1116739143192,286.1844787597656,10,LONG,LONG,61.72691583633423,57.5,0.8399258106946946,HIGH,True
2021-08-27,2021-08-30,2021-09-14,MSFT,XLK,290.1641777400818,288.882568359375,10,LONG,LONG,59.533584117889404,57.5,0.8380020707845687,LOW,True
2021-08-30,2021-08-31,2021-09-15,MSFT,XLK,293.34417025857385,293.7296142578125,10,LONG,LONG,59.533584117889404,57.5,0.8380020707845687,LOW,True
2021-08-31,2021-09-01,2021-09-16,MSFT,XLK,291.85049693558,294.1150207519531,10,LONG,LONG,58.38616490364075,57.5,0.8380020707845687,LOW,True
2021-09-01,2021-09-02,2021-09-17,MSFT,XLK,291.2048996220678,288.9595947265625,10,LONG,LONG,58.9965283870697,57.5,0.8380020707845687,LOW,True
2021-09-02,2021-09-03,2021-09-20,MSFT,XLK,290.0389056864893,283.59234619140625,10,LONG,LONG,58.9965283870697,57.5,0.8560594022274017,LOW,True
2021-09-03,2021-09-07,2021-09-21,MSFT,XLK,290.05817989071454,284.0741271972656,10,LONG,LONG,58.5183322429657,57.5,0.8520501106977465,LOW,True
2021-09-07,2021-09-08,2021-09-22,MSFT,XLK,288.8729444557402,287.7166442871094,10,LONG,LONG,58.5183322429657,57.5,0.8589512705802916,LOW,True
2021-09-08,2021-09-09,2021-09-23,MSFT,XLK,289.8750845523656,288.660888671875,10,LONG,LONG,60.15844941139221,57.5,0.859567418694496,HIGH,True
2021-09-09,2021-09-10,2021-09-24,MSFT,XLK,287.56247190206864,288.4586181640625,10,LONG,LONG,65.68673253059387,57.5,0.8589512705802916,HIGH,True
2021-09-10,2021-09-13,2021-09-27,MSFT,XLK,286.7241016921292,283.46710205078125,10,LONG,LONG,65.68673253059387,57.5,0.8589512705802916,HIGH,True
2021-09-13,2021-09-14,2021-09-28,MSFT,XLK,288.6609260010995,273.20458984375,10,LONG,LONG,65.68673253059387,57.5,0.8589512705802916,HIGH,True
2021-09-14,2021-09-15,2021-09-29,MSFT,XLK,292.2263747390184,273.6670837402344,10,LONG,LONG,65.68673253059387,57.5,0.8338719457387924,HIGH,True
2021-09-15,2021-09-16,2021-09-30,MSFT,XLK,292.7081489368997,271.66278076171875,10,LONG,LONG,62.21148371696472,57.5,0.8344748318195344,HIGH,True
2021-09-16,2021-09-17,2021-10-01,MSFT,XLK,293.10316216766927,278.5815734863281,10,LONG,LONG,62.21148371696472,57.5,0.8338719457387924,HIGH,True
2021-09-17,2021-09-20,2021-10-04,MSFT,XLK,285.5484866618961,272.8094482421875,10,LONG,LONG,65.68673253059387,57.5,0.8589512705802916,HIGH,True
2021-09-20,2021-09-21,2021-10-05,MSFT,XLK,284.93175998192237,278.25390625,10,LONG,LONG,63.86722922325134,57.5,0.855212852358818,HIGH,True
2021-09-21,2021-09-22,2021-10-06,MSFT,XLK,285.9339770236081,282.4456481933594,10,LONG,LONG,63.86722922325134,57.5,0.855212852358818,HIGH,True
2021-09-22,2021-09-23,2021-10-07,MSFT,XLK,287.97672935139633,284.12237548828125,10,LONG,LONG,65.28474688529968,57.5,0.8399218618869781,HIGH,True
2021-09-23,2021-09-24,2021-10-08,MSFT,XLK,287.3793723405542,284.12237548828125,10,LONG,LONG,64.91495370864868,57.5,0.8399218618869781,HIGH,True
2021-09-24,2021-09-27,2021-10-11,MSFT,XLK,285.3654278881508,283.52490234375,10,LONG,LONG,64.91495370864868,57.5,0.8399218618869781,HIGH,True
2021-09-27,2021-09-28,2021-10-12,MSFT,XLK,279.25610140272624,282.2239685058594,10,LONG,LONG,66.78126454353333,57.5,0.8648245036602022,HIGH,True
2021-09-28,2021-09-29,2021-10-13,MSFT,XLK,274.72706776293006,285.5292053222656,10,LONG,LONG,64.64966535568237,57.5,0.8648245036602022,HIGH,True
2021-09-29,2021-09-30,2021-10-14,MSFT,XLK,275.31486617919455,291.7349853515625,10,LONG,LONG,64.64966535568237,57.5,0.853277191519737,HIGH,True
2021-09-30,2021-10-01,2021-10-15,MSFT,XLK,271.855518825413,293.14178466796875,10,LONG,LONG,66.09996557235718,57.5,0.8696499317884444,HIGH,True
2021-10-01,2021-10-04,2021-10-18,MSFT,XLK,276.94337118609593,296.1097412109375,10,LONG,LONG,64.21589255332947,57.5,0.8696499317884444,HIGH,True
2021-10-04,2021-10-05,2021-10-19,MSFT,XLK,273.7152514221425,297.0155334472656,10,LONG,LONG,68.18715333938599,57.5,0.8645826429128645,HIGH,True
2021-10-05,2021-10-06,2021-10-20,MSFT,XLK,275.382351437471,296.225341796875,10,LONG,LONG,66.54064655303955,57.5,0.8645826429128645,HIGH,True
2021-10-06,2021-10-07,2021-10-21,MSFT,XLK,284.44035604398937,299.4534912109375,10,LONG,LONG,60.44427156448364,57.5,0.8481537997722628,HIGH,True
2021-10-07,2021-10-08,2021-10-22,MSFT,XLK,285.4425255952682,297.9116516113281,10,LONG,LONG,60.44427156448364,57.5,0.8481537997722628,HIGH,True
2021-10-08,2021-10-11,2021-10-25,MSFT,XLK,282.26256704142725,296.919189453125,10,LONG,LONG,62.44213581085205,57.5,0.8506836146116257,HIGH,True
2021-10-11,2021-10-12,2021-10-26,MSFT,XLK,284.5944565534147,298.82708740234375,10,LONG,LONG,62.44213581085205,57.5,0.8506836146116257,HIGH,True
2021-10-12,2021-10-13,2021-10-27,MSFT,XLK,284.18014809161934,311.4119873046875,10,LONG,LONG,59.050148725509644,57.5,0.8551212251186373,LOW,True
2021-10-13,2021-10-14,2021-10-28,MSFT,XLK,288.3237736554529,312.549072265625,10,LONG,LONG,59.72316265106201,57.5,0.8551212251186373,LOW,True
2021-10-14,2021-10-15,2021-10-29,MSFT,XLK,291.33982641094127,319.5544738769531,10,LONG,LONG,84.27672955974843,62.071303166818545,0.8156162500381471,HIGH,True
2021-10-15,2021-10-18,2021-11-01,MSFT,XLK,292.5250864283667,317.38641357421875,10,LONG,LONG,84.27672955974843,62.071303166818545,0.8440655320882796,HIGH,True
2021-10-18,2021-10-19,2021-11-02,MSFT,XLK,297.1311627256362,321.0096130371094,10,LONG,LONG,61.970920413763984,62.071303166818545,0.9061557203531266,MEDIUM,False
2021-10-19,2021-10-20,2021-11-03,MSFT,XLK,297.95983967544254,321.8478698730469,10,LONG,LONG,61.970920413763984,62.071303166818545,0.8788674920797348,MEDIUM,False
2021-10-20,2021-10-21,2021-11-04,MSFT,XLK,295.99411129385413,324.19915771484375,10,LONG,SHORT,58.811045676994155,62.071303166818545,0.8402188569307328,LOW,False
2021-10-21,2021-10-22,2021-11-05,MSFT,XLK,299.1065265444657,323.8329162597656,10,LONG,SHORT,58.811045676994155,62.071303166818545,0.8139596730470658,LOW,False
2021-10-22,2021-10-25,2021-11-08,MSFT,XLK,298.1044190576334,324.7291564941406,10,LONG,SHORT,58.811045676994155,62.071303166818545,0.9471947103738786,LOW,False
2021-10-25,2021-10-26,2021-11-09,MSFT,XLK,299.68472017039693,323.72698974609375,10,LONG,LONG,84.27672955974843,62.071303166818545,0.9591508954763412,HIGH,True
2021-10-26,2021-10-27,2021-11-10,MSFT,XLK,304.50284339356364,318.7642822265625,10,LONG,LONG,84.27672955974843,62.071303166818545,0.9650339633226396,HIGH,True
2021-10-27,2021-10-28,2021-11-11,MSFT,XLK,312.5297811116196,320.3351135253906,10,LONG,LONG,56.25,62.071303166818545,0.6180799007415771,LOW,False
2021-10-28,2021-10-29,2021-11-12,MSFT,XLK,312.33699627026226,324.4690246582031,10,LONG,SHORT,62.5,62.071303166818545,0.4664825499057769,MEDIUM,True
2021-10-29,2021-11-01,2021-11-15,MSFT,XLK,319.30400131110804,323.8426513671875,10,LONG,SHORT,62.5,62.071303166818545,0.45828971266746515,MEDIUM,True
2021-11-01,2021-11-02,2021-11-16,MSFT,XLK,318.2922070795532,327.157470703125,10,LONG,SHORT,62.5,62.071303166818545,0.4281553477048874,MEDIUM,True
2021-11-02,2021-11-03,2021-11-17,MSFT,XLK,321.7515023539127,327.3794860839844,10,LONG,SHORT,62.5,62.071303166818545,0.4005089849233626,MEDIUM,True
2021-11-03,2021-11-04,2021-11-18,MSFT,XLK,320.778330690629,329.45501708984375,10,LONG,LONG,56.25,62.071303166818545,0.46017423272132874,LOW,False
2021-11-04,2021-11-05,2021-11-19,MSFT,XLK,326.19378813871225,331.2313232421875,10,LONG,SHORT,62.5,62.071303166818545,0.3553040325641632,MEDIUM,True
2021-11-05,2021-11-08,2021-11-22,MSFT,XLK,325.0278752948011,328.0649719238281,10,LONG,SHORT,62.5,62.071303166818545,0.5927416980266571,MEDIUM,True
2021-11-08,2021-11-09,2021-11-23,MSFT,XLK,324.8447590588509,325.9892578125,10,LONG,LONG,56.25,62.071303166818545,0.5898291766643524,LOW,False
2021-11-09,2021-11-10,2021-11-24,MSFT,XLK,322.3971347483441,326.21142578125,10,LONG,LONG,56.25,62.071303166818545,0.5504438579082489,LOW,False
2021-11-10,2021-11-11,2021-11-26,MSFT,XLK,319.198052802581,318.2662353515625,10,LONG,LONG,54.54545454545454,62.071303166818545,0.7334741801023483,LOW,False
2021-11-11,2021-11-12,2021-11-29,MSFT,XLK,321.7709095924338,324.9757080078125,10,LONG,LONG,54.54545454545454,62.071303166818545,0.7833108305931091,LOW,False
2021-11-12,2021-11-15,2021-11-30,MSFT,XLK,325.2591690047351,319.144775390625,10,LONG,LONG,54.54545454545454,62.071303166818545,0.7732274681329727,LOW,False
2021-11-15,2021-11-16,2021-12-01,MSFT,XLK,323.4668027763442,318.6524963378906,10,LONG,LONG,54.54545454545454,62.071303166818545,0.7735816389322281,LOW,False
2021-11-16,2021-11-17,2021-12-02,MSFT,XLK,327.2057248474174,318.0828857421875,10,LONG,LONG,54.54545454545454,62.071303166818545,0.7997380346059799,LOW,False
2021-11-17,2021-11-18,2021-12-03,MSFT,XLK,326.47199828045603,311.82720947265625,10,LONG,LONG,54.54545454545454,62.071303166818545,0.7002522796392441,LOW,False
2021-11-18,2021-11-19,2021-12-06,MSFT,XLK,330.7776231911043,314.8971252441406,10,LONG,LONG,54.54545454545454,62.071303166818545,0.6944375932216644,LOW,False
2021-11-19,2021-11-22,2021-12-07,MSFT,XLK,332.68914895615876,323.3248596191406,10,LONG,LONG,54.54545454545454,62.071303166818545,0.6089582592248917,LOW,False
2021-11-22,2021-11-23,2021-12-08,MSFT,XLK,325.3810641717133,323.3731994628906,10,LONG,LONG,54.54545454545454,62.071303166818545,0.7078733295202255,LOW,False
2021-11-23,2021-11-24,2021-12-09,MSFT,XLK,324.6378523117165,321.56793212890625,10,LONG,LONG,54.54545454545454,62.071303166818545,0.7737409621477126,LOW,False
2021-11-24,2021-11-26,2021-12-10,MSFT,XLK,322.77456957173445,330.6810607910156,10,LONG,LONG,54.54545454545454,62.071303166818545,0.8389406502246857,LOW,False
2021-11-26,2021-11-29,2021-12-13,MSFT,XLK,323.34421428483876,327.6497497558594,10,LONG,LONG,84.27672955974843,62.071303166818545,1.1549192816019058,HIGH,True
2021-11-29,2021-11-30,2021-12-14,MSFT,XLK,323.7110306026671,316.9726867675781,10,LONG,LONG,56.25,62.071303166818545,0.8779182136058806,LOW,False
2021-11-30,2021-12-01,2021-12-15,MSFT,XLK,323.52768116178333,323.0642395019531,10,LONG,LONG,84.27672955974843,62.071303166818545,0.9901504069566728,HIGH,True
2021-12-01,2021-12-02,2021-12-16,MSFT,XLK,318.864840789436,313.6518859863281,10,LONG,LONG,84.27672955974843,62.071303166818545,0.9998883008956908,HIGH,True
2021-12-02,2021-12-03,2021-12-17,MSFT,XLK,320.4962976310111,312.5898742675781,10,LONG,LONG,84.27672955974843,62.071303166818545,0.9163520634174347,HIGH,True
2021-12-03,2021-12-06,2021-12-20,MSFT,XLK,312.7346847030442,308.83453369140625,10,LONG,LONG,84.27672955974843,62.071303166818545,1.0236212015151978,HIGH,True
2021-12-06,2021-12-07,2021-12-21,MSFT,XLK,320.1584165809555,315.9590759277344,10,LONG,LONG,84.27672955974843,62.071303166818545,1.03947713971138,HIGH,True
2021-12-07,2021-12-08,2021-12-22,MSFT,XLK,323.70142498514247,321.6644592285156,10,LONG,LONG,84.27672955974843,62.071303166818545,0.8166334033012392,HIGH,True
2021-12-08,2021-12-09,2021-12-23,MSFT,XLK,322.832576975175,323.10284423828125,10,LONG,LONG,84.27672955974843,62.071303166818545,0.8773931711912156,HIGH,True
2021-12-09,2021-12-10,2021-12-27,MSFT,XLK,323.3827950413509,330.5941467285156,10,LONG,LONG,84.27672955974843,62.071303166818545,0.7870954126119614,HIGH,True
2021-12-10,2021-12-13,2021-12-28,MSFT,XLK,328.8854341614765,329.43572998046875,10,LONG,LONG,56.25,62.071303166818545,0.48649792373180395,LOW,False
2021-12-13,2021-12-14,2021-12-29,MSFT,XLK,321.68374322246143,330.111572265625,10,LONG,LONG,56.25,62.071303166818545,0.6188172549009324,LOW,False
2021-12-14,2021-12-15,2021-12-30,MSFT,XLK,317.23333915012444,327.572509765625,10,LONG,LONG,84.27672955974843,62.071303166818545,0.968317151069641,HIGH,True
2021-12-15,2021-12-16,2021-12-31,MSFT,XLK,324.0876390963783,324.67645263671875,10,LONG,LONG,84.27672955974843,62.071303166818545,0.9012874960899354,HIGH,True
2021-12-16,2021-12-17,2022-01-03,MSFT,XLK,309.7709825901244,323.16082763671875,10,LONG,LONG,84.27672955974843,62.071303166818545,1.0766694992780685,HIGH,True
2021-12-17,2021-12-20,2022-01-04,MSFT,XLK,308.9696714904224,317.61944580078125,10,LONG,LONG,84.27672955974843,62.071303166818545,1.1194389909505844,HIGH,True
2021-12-20,2021-12-21,2022-01-05,MSFT,XLK,312.09755779178596,305.42681884765625,10,LONG,LONG,84.27672955974843,62.071303166818545,1.1235667914152145,HIGH,True
2021-12-21,2021-12-22,2022-01-06,MSFT,XLK,316.93407613844363,303.0133056640625,10,LONG,LONG,84.27672955974843,62.071303166818545,1.0000307112932205,HIGH,True
2021-12-22,2021-12-23,2022-01-07,MSFT,XLK,321.23000578456225,303.1677551269531,10,LONG,LONG,84.27672955974843,62.071303166818545,0.8439900577068331,HIGH,True
2021-12-23,2021-12-27,2022-01-10,MSFT,XLK,323.8461255174388,303.3897705078125,10,LONG,LONG,84.27672955974843,62.071303166818545,0.8232113271951675,HIGH,True
2021-12-27,2021-12-28,2022-01-11,MSFT,XLK,331.2699450024373,304.0752258300781,10,LONG,LONG,84.27672955974843,62.071303166818545,0.7398113161325455,HIGH,True
2021-12-28,2021-12-29,2022-01-12,MSFT,XLK,329.4840519448849,307.2513427734375,10,LONG,LONG,84.27672955974843,62.071303166818545,0.8375804871320724,HIGH,True
2021-12-29,2021-12-30,2022-01-13,MSFT,XLK,330.0728386067592,294.2476806640625,10,LONG,LONG,84.27672955974843,62.071303166818545,0.8771513551473619,HIGH,True
2021-12-30,2021-12-31,2022-01-14,MSFT,XLK,326.79063617756316,299.460693359375,10,LONG,LONG,84.27672955974843,62.071303166818545,0.9114210158586502,HIGH,True
2021-12-31,2022-01-03,2022-01-18,MSFT,XLK,323.74006130064464,292.1721496582031,10,LONG,LONG,84.27672955974843,62.071303166818545,0.9381707906723022,HIGH,True
2022-01-03,2022-01-04,2022-01-19,MSFT,XLK,323.23793081044835,292.8285827636719,10,LONG,LONG,84.27672955974843,62.071303166818545,0.9723979830741882,HIGH,True
2022-01-04,2022-01-05,2022-01-20,MSFT,XLK,314.5785990885747,291.158447265625,10,LONG,LONG,54.54545454545454,62.071303166818545,0.974009245634079,LOW,False
2022-01-05,2022-01-06,2022-01-21,MSFT,XLK,302.30856806148427,285.78125,10,LONG,SHORT,56.54238423614739,62.071303166818545,1.0695906579494476,LOW,False
2022-01-06,2022-01-07,2022-01-24,MSFT,XLK,303.27393271968896,286.10955810546875,10,LONG,LONG,64.28571428571429,62.071303166818545,0.9577443897724149,MEDIUM,True
2022-01-07,2022-01-10,2022-01-25,MSFT,XLK,298.77525819873097,278.5022888183594,10,LONG,LONG,84.27672955974843,62.071303166818545,0.9795359075069426,HIGH,True
2022-01-10,2022-01-11,2022-01-26,MSFT,XLK,302.53061283786786,286.4377136230469,10,LONG,LONG,64.28571428571429,62.071303166818545,0.8275462687015536,MEDIUM,True
2022-01-11,2022-01-12,2022-01-27,MSFT,XLK,308.60289772987363,289.4593200683594,10,LONG,LONG,84.27672955974843,62.071303166818545,0.9694034010171891,HIGH,True
2022-01-12,2022-01-13,2022-01-28,MSFT,XLK,309.3751914637592,297.5878601074219,10,LONG,LONG,84.27672955974843,62.071303166818545,0.9041877686977386,HIGH,True
2022-01-13,2022-01-14,2022-01-31,MSFT,XLK,293.7166743042593,300.2137145996094,10,LONG,LONG,84.27672955974843,62.071303166818545,1.069983497262001,HIGH,True
2022-01-14,2022-01-18,2022-02-01,MSFT,XLK,293.5430017450747,298.0705871582031,10,LONG,LONG,84.27672955974843,62.071303166818545,0.9491086453199387,HIGH,True
2022-01-18,2022-01-19,2022-02-02,MSFT,XLK,295.68612760781065,302.60784912109375,10,LONG,LONG,84.27672955974843,62.071303166818545,0.8446746617555619,HIGH,True
2022-01-19,2022-01-20,2022-02-03,MSFT,XLK,298.36983291707537,290.8205871582031,10,LONG,LONG,84.27672955974843,62.071303166818545,0.8361029028892517,HIGH,True
2022-01-20,2022-01-21,2022-02-04,MSFT,XLK,292.2106800557735,295.3481750488281,10,LONG,LONG,84.27672955974843,62.071303166818545,0.8959337025880812,HIGH,True
2022-01-21,2022-01-24,2022-02-07,MSFT,XLK,282.0839415201582,290.53094482421875,10,LONG,LONG,84.27672955974843,62.071303166818545,0.957880273461342,HIGH,True
2022-01-24,2022-01-25,2022-02-08,MSFT,XLK,281.4273871708722,294.01593017578125,10,LONG,LONG,84.27672955974843,62.071303166818545,1.0089296400547028,HIGH,True
2022-01-25,2022-01-26,2022-02-09,MSFT,XLK,297.32719208033615,300.4357604980469,10,LONG,LONG,84.27672955974843,62.071303166818545,0.8763533383607864,HIGH,True
2022-01-26,2022-01-27,2022-02-10,MSFT,XLK,292.1816967113216,291.91143798828125,10,LONG,LONG,84.27672955974843,62.071303166818545,0.9782700389623642,HIGH,True
2022-01-27,2022-01-28,2022-02-11,MSFT,XLK,289.83586478628683,284.8255920410156,10,LONG,LONG,84.27672955974843,62.071303166818545,0.9413499236106873,HIGH,True
2022-01-28,2022-01-31,2022-02-14,MSFT,XLK,298.25399547736595,284.78692626953125,10,LONG,LONG,84.27672955974843,62.071303166818545,0.8067182600498201,HIGH,True
2022-01-31,2022-02-01,2022-02-15,MSFT,XLK,299.66345745868625,290.06756591796875,10,LONG,LONG,84.27672955974843,62.071303166818545,0.7942313849925994,HIGH,True
2022-02-01,2022-02-02,2022-02-16,MSFT,XLK,298.91045860750387,289.7290344238281,10,LONG,LONG,84.27672955974843,62.071303166818545,0.8334357887506485,HIGH,True
2022-02-02,2022-02-03,2022-02-17,MSFT,XLK,298.7753051603236,281.2451477050781,10,LONG,LONG,84.27672955974843,62.071303166818545,0.760181188583374,HIGH,True
2022-02-03,2022-02-04,2022-02-18,MSFT,XLK,289.81654049853466,278.5364990234375,10,LONG,LONG,84.27672955974843,62.071303166818545,0.8108860850334166,HIGH,True
2022-02-04,2022-02-07,2022-02-22,MSFT,XLK,295.57022651592763,278.3333435058594,10,LONG,LONG,84.27672955974843,62.071303166818545,0.8377957344055175,HIGH,True
2022-02-07,2022-02-08,2022-02-23,MSFT,XLK,290.8205269091974,271.1263732910156,10,LONG,LONG,84.27672955974843,62.071303166818545,1.0700333714485168,HIGH,True
2022-02-08,2022-02-09,2022-02-24,MSFT,XLK,299.14215544071413,284.9791564941406,10,LONG,LONG,84.27672955974843,62.071303166818545,0.8772156834602356,HIGH,True
2022-02-09,2022-02-10,2022-02-25,MSFT,XLK,293.51397138416485,287.6103820800781,10,LONG,LONG,84.27672955974843,62.071303166818545,0.7745658904314041,HIGH,True
2022-02-10,2022-02-11,2022-02-28,MSFT,XLK,292.69342951887205,289.0422058105469,10,LONG,LONG,84.27672955974843,62.071303166818545,0.7594277858734131,HIGH,True
2022-02-11,2022-02-14,2022-03-01,MSFT,XLK,283.599498987924,285.3274230957031,10,LONG,LONG,84.27672955974843,62.071303166818545,1.2292918413877487,HIGH,True
2022-02-14,2022-02-15,2022-03-02,MSFT,XLK,289.62349961792046,290.396484375,10,LONG,LONG,84.27672955974843,62.071303166818545,1.224472999572754,HIGH,True
2022-02-15,2022-02-16,2022-03-03,MSFT,XLK,288.6358951130052,286.2658386230469,10,LONG,LONG,84.27672955974843,62.071303166818545,1.0938499867916107,HIGH,True
2022-02-16,2022-02-17,2022-03-04,MSFT,XLK,286.69144809406896,280.40350341796875,10,LONG,LONG,84.27672955974843,62.071303166818545,1.1997445672750473,HIGH,True
2022-02-17,2022-02-18,2022-03-07,MSFT,XLK,283.48945825392775,269.8107604980469,10,LONG,LONG,84.27672955974843,62.071303166818545,1.3279214054346085,HIGH,True
2022-02-18,2022-02-22,2022-03-08,MSFT,XLK,275.702080365006,266.8506164550781,10,LONG,LONG,84.27672955974843,62.071303166818545,1.1795425415039062,HIGH,True
2022-02-22,2022-02-23,2022-03-09,MSFT,XLK,280.71306989618563,279.08782958984375,10,LONG,LONG,84.27672955974843,62.071303166818545,1.2773098200559616,HIGH,True
2022-02-23,2022-02-24,2022-03-10,MSFT,XLK,263.6195175824751,276.27276611328125,10,LONG,LONG,84.27672955974843,62.071303166818545,1.2449602335691452,HIGH,True
2022-02-24,2022-02-25,2022-03-11,MSFT,XLK,285.5111939632228,270.93292236328125,10,LONG,LONG,84.27672955974843,62.071303166818545,1.1174427270889284,HIGH,True
2022-02-25,2022-02-28,2022-03-14,MSFT,XLK,284.7083518645938,267.42132568359375,10,LONG,LONG,84.27672955974843,62.071303166818545,0.8202067911624908,HIGH,True
2022-02-28,2022-03-01,2022-03-15,MSFT,XLK,286.73009989470324,277.78192138671875,10,LONG,LONG,84.27672955974843,62.071303166818545,0.8284690380096434,HIGH,True
2022-03-01,2022-03-02,2022-03-16,MSFT,XLK,285.7240436842559,284.7857360839844,10,LONG,LONG,84.27672955974843,62.071303166818545,0.8432345688343047,HIGH,True
2022-03-02,2022-03-03,2022-03-17,MSFT,XLK,293.0084486328815,285.5886535644531,10,LONG,LONG,84.27672955974843,62.071303166818545,0.7660617679357529,HIGH,True
2022-03-03,2022-03-04,2022-03-18,MSFT,XLK,284.68900016266156,290.62872314453125,10,LONG,LONG,84.27672955974843,62.071303166818545,0.8210328221321105,HIGH,True
2022-03-04,2022-03-07,2022-03-21,MSFT,XLK,279.1169100246889,289.40008544921875,10,LONG,LONG,84.27672955974843,62.071303166818545,0.9702758938074114,HIGH,True
2022-03-07,2022-03-08,2022-03-22,MSFT,XLK,268.7369815244753,294.1401672363281,10,LONG,LONG,84.27672955974843,62.071303166818545,1.3188387304544449,HIGH,True
2022-03-08,2022-03-09,2022-03-23,MSFT,XLK,274.1929119594873,289.7193298339844,10,LONG,LONG,84.27672955974843,62.071303166818545,1.359195202589035,HIGH,True
2022-03-09,2022-03-10,2022-03-24,MSFT,XLK,273.7866039875139,294.178955078125,10,LONG,LONG,84.27672955974843,62.071303166818545,1.2807211875915527,HIGH,True
2022-03-10,2022-03-11,2022-03-25,MSFT,XLK,278.5655013687833,293.77264404296875,10,LONG,LONG,84.27672955974843,62.071303166818545,1.174475371837616,HIGH,True
2022-03-11,2022-03-14,2022-03-28,MSFT,XLK,271.19408479495587,300.5636291503906,10,LONG,LONG,84.27672955974843,62.071303166818545,1.2436261028051379,HIGH,True
2022-03-14,2022-03-15,2022-03-29,MSFT,XLK,271.2037785530538,305.11993408203125,10,LONG,LONG,84.27672955974843,62.071303166818545,1.1035772413015366,HIGH,True
2022-03-15,2022-03-16,2022-03-30,MSFT,XLK,279.67796423359994,303.6205139160156,10,LONG,LONG,84.27672955974843,62.071303166818545,0.8344445824623108,HIGH,True
2022-03-16,2022-03-17,2022-03-31,MSFT,XLK,283.7216255602985,298.25152587890625,10,LONG,LONG,84.27672955974843,62.071303166818545,0.7682092785835266,HIGH,True
2022-03-17,2022-03-18,2022-04-01,MSFT,XLK,285.73380364441476,299.3254089355469,10,LONG,LONG,84.27672955974843,62.071303166818545,0.7620024681091307,HIGH,True
2022-03-18,2022-03-21,2022-04-04,MSFT,XLK,289.1389046674614,304.6943054199219,10,LONG,LONG,84.27672955974843,62.071303166818545,0.7094983011484146,HIGH,True
2022-03-21,2022-03-22,2022-04-05,MSFT,XLK,290.0191385086085,300.73773193359375,10,LONG,LONG,84.27672955974843,62.071303166818545,0.79014253616333,HIGH,True
2022-03-22,2022-03-23,2022-04-06,MSFT,XLK,290.7060719110069,289.7290344238281,10,LONG,LONG,84.27672955974843,62.071303166818545,0.7542373538017274,HIGH,True
2022-03-23,2022-03-24,2022-04-07,MSFT,XLK,289.3807798917864,291.5379943847656,10,LONG,LONG,84.27672955974843,62.071303166818545,0.7436468303203584,HIGH,True
2022-03-24,2022-03-25,2022-04-08,MSFT,XLK,295.27209408375734,287.281494140625,10,LONG,LONG,84.27672955974843,62.071303166818545,0.735992267727852,HIGH,True
2022-03-25,2022-03-28,2022-04-11,MSFT,XLK,294.4014214022609,275.9535827636719,10,LONG,LONG,84.27672955974843,62.071303166818545,0.8603291362524034,HIGH,True
2022-03-28,2022-03-29,2022-04-12,MSFT,XLK,303.6688707174927,272.8579406738281,10,LONG,LONG,84.27672955974843,62.071303166818545,0.9397371411323548,HIGH,True
2022-03-29,2022-03-30,2022-04-13,MSFT,XLK,303.52379996649006,278.2365417480469,10,LONG,LONG,84.27672955974843,62.071303166818545,0.92903733253479,HIGH,True
2022-03-30,2022-03-31,2022-04-14,MSFT,XLK,303.65915116071864,270.70074462890625,10,LONG,LONG,84.27672955974843,62.071303166818545,1.0297240763902666,HIGH,True
2022-03-31,2022-04-01,2022-04-18,MSFT,XLK,299.2770224362612,271.36822509765625,10,LONG,LONG,84.27672955974843,62.071303166818545,0.9674952477216722,HIGH,True
2022-04-01,2022-04-04,2022-04-19,MSFT,XLK,299.97350759012323,275.9922790527344,10,LONG,LONG,84.27672955974843,62.071303166818545,0.7697034031152725,HIGH,True
2022-04-04,2022-04-05,2022-04-20,MSFT,XLK,303.04974427141804,277.0177001953125,10,LONG,LONG,84.27672955974843,62.071303166818545,0.7492668479681014,HIGH,True
2022-04-05,2022-04-06,2022-04-21,MSFT,XLK,295.2334047517675,271.6486511230469,10,LONG,LONG,84.27672955974843,62.071303166818545,0.9259999841451646,HIGH,True
2022-04-06,2022-04-07,2022-04-22,MSFT,XLK,286.9816633477329,265.0899658203125,10,LONG,LONG,84.27672955974843,62.071303166818545,0.9915210455656052,HIGH,True
2022-04-07,2022-04-08,2022-04-25,MSFT,XLK,290.6382881981249,271.56170654296875,10,LONG,LONG,84.27672955974843,62.071303166818545,0.9516705721616746,HIGH,True
2022-04-08,2022-04-11,2022-04-26,MSFT,XLK,282.27054447193905,261.4042663574219,10,LONG,LONG,84.27672955974843,62.071303166818545,1.0412015616893768,HIGH,True
2022-04-11,2022-04-12,2022-04-27,MSFT,XLK,279.80368992052826,273.98016357421875,10,LONG,LONG,84.27672955974843,62.071303166818545,1.1029888838529587,HIGH,True
2022-04-12,2022-04-13,2022-04-28,MSFT,XLK,273.50609081671024,280.18109130859375,10,LONG,LONG,84.27672955974843,62.071303166818545,1.0240482091903687,HIGH,True
2022-04-13,2022-04-14,2022-04-29,MSFT,XLK,278.691277815096,268.4660949707031,10,LONG,LONG,84.27672955974843,62.071303166818545,0.9580261707305908,HIGH,True
2022-04-14,2022-04-18,2022-05-02,MSFT,XLK,269.81076436616644,275.1893005371094,10,LONG,LONG,83.57603549957275,57.5,1.3471172749996188,HIGH,True
2022-04-18,2022-04-19,2022-05-03,MSFT,XLK,270.2654313652648,272.587158203125,10,LONG,LONG,82.4417769908905,57.5,1.3001910597085953,HIGH,True
2022-04-19,2022-04-20,2022-05-04,MSFT,XLK,279.9585306840921,280.5195617675781,10,LONG,LONG,81.03687167167664,57.5,1.1503102183341982,HIGH,True
2022-04-20,2022-04-21,2022-05-05,MSFT,XLK,279.16514645140296,268.3016357421875,10,LONG,LONG,82.98984169960022,57.5,1.3023049235343933,HIGH,True
2022-04-21,2022-04-22,2022-05-06,MSFT,XLK,272.4903841306375,265.7671203613281,10,LONG,LONG,84.95737314224243,57.5,1.339718371629715,HIGH,True
2022-04-22,2022-04-25,2022-05-09,MSFT,XLK,264.37411220746367,255.94825744628906,10,LONG,LONG,87.01669573783875,57.5,1.2433488219976425,HIGH,True
2022-04-25,2022-04-26,2022-05-10,MSFT,XLK,268.4467603674442,260.7077331542969,10,LONG,LONG,80.26788234710693,57.5,1.1824766397476196,HIGH,True
2022-04-26,2022-04-27,2022-05-11,MSFT,XLK,272.89670744793256,252.04969787597656,10,LONG,LONG,81.04738593101501,57.5,1.2417597174644472,HIGH,True
2022-04-27,2022-04-28,2022-05-12,MSFT,XLK,275.88593987927493,247.01937866210938,10,LONG,LONG,70.06720900535583,57.5,1.1147621273994446,HIGH,True
2022-04-28,2022-04-29,2022-05-13,MSFT,XLK,279.1942879944,252.60113525390625,10,LONG,LONG,61.57025694847107,57.5,0.8207588642835616,LOW,True
2022-04-29,2022-05-02,2022-05-16,MSFT,XLK,268.6498329270147,252.9687042236328,10,LONG,LONG,70.67235112190247,57.5,0.9279960095882417,HIGH,True
2022-05-02,2022-05-03,2022-05-17,MSFT,XLK,274.69603041183086,258.1151428222656,10,LONG,LONG,79.63579893112183,57.5,1.0972413718700411,HIGH,True
2022-05-03,2022-05-04,2022-05-18,MSFT,XLK,273.3706425590282,246.36325073242188,10,LONG,LONG,73.0243444442749,57.5,1.1298801004886627,HIGH,True
2022-05-04,2022-05-05,2022-05-19,MSFT,XLK,276.2244444799009,245.45179748535156,10,LONG,LONG,66.55784249305725,57.5,0.7253354638814926,HIGH,True
2022-05-05,2022-05-06,2022-05-20,MSFT,XLK,265.8444974229105,244.88941955566406,10,LONG,LONG,84.22744274139404,57.5,1.0880799144506454,HIGH,True
2022-05-06,2022-05-09,2022-05-23,MSFT,XLK,261.2494870702996,252.73374938964844,10,LONG,LONG,87.047678232193,57.5,1.3487388044595718,HIGH,True
2022-05-09,2022-05-10,2022-05-24,MSFT,XLK,262.8262881528178,251.7349853515625,10,LONG,LONG,88.64389061927795,57.5,1.5322945863008501,HIGH,True
2022-05-10,2022-05-11,2022-05-25,MSFT,XLK,257.01233937048545,254.5469207763672,10,LONG,LONG,80.5423378944397,57.5,1.504830926656723,HIGH,True
2022-05-11,2022-05-12,2022-05-26,MSFT,XLK,249.28303414533278,257.82421875,10,LONG,LONG,82.44941830635071,57.5,1.6221711039543154,HIGH,True
2022-05-12,2022-05-13,2022-05-27,MSFT,XLK,248.95413953333383,264.9413757324219,10,LONG,LONG,83.66091251373291,57.5,1.8308181762695312,HIGH,True
2022-05-13,2022-05-16,2022-05-31,MSFT,XLK,251.47893762285955,263.61297607421875,10,LONG,LONG,77.79752016067505,57.5,1.6799792796373372,HIGH,True
2022-05-16,2022-05-17,2022-06-01,MSFT,XLK,257.4282849486114,264.1462707519531,10,LONG,LONG,78.12851667404175,57.5,1.3720037490129469,HIGH,True
2022-05-17,2022-05-18,2022-06-02,MSFT,XLK,255.01233656992056,266.24066162109375,10,LONG,LONG,77.91138887405396,57.5,1.0587092638015747,HIGH,True
2022-05-18,2022-05-19,2022-06-03,MSFT,XLK,246.18870993787448,261.8191833496094,10,LONG,LONG,82.58254528045654,57.5,1.5760550796985624,HIGH,True
2022-05-19,2022-05-20,2022-06-06,MSFT,XLK,249.42727472265636,260.5876770019531,10,LONG,LONG,82.31186270713806,57.5,1.5485271364450455,HIGH,True
2022-05-20,2022-05-23,2022-06-07,MSFT,XLK,247.7304758561138,264.2237854003906,10,LONG,LONG,80.38578629493713,57.5,1.993995472788811,HIGH,True
2022-05-23,2022-05-24,2022-06-08,MSFT,XLK,250.05754672530148,262.1972961425781,10,LONG,LONG,77.02581286430359,57.5,1.0496815145015719,HIGH,True
2022-05-24,2022-05-25,2022-06-09,MSFT,XLK,250.29997184139762,256.74798583984375,10,LONG,LONG,72.34383225440979,57.5,1.1943551152944565,HIGH,True
2022-05-25,2022-05-26,2022-06-10,MSFT,XLK,254.30446247150167,245.30638122558594,10,LONG,LONG,79.11267280578613,57.5,0.8803762346506119,HIGH,True
2022-05-26,2022-05-27,2022-06-13,MSFT,XLK,260.32596255899296,234.90225219726562,10,LONG,LONG,72.57789373397827,57.5,1.1556279808282852,HIGH,True
2022-05-27,2022-05-31,2022-06-14,MSFT,XLK,264.2529346305631,237.0645294189453,10,LONG,LONG,70.18670439720154,57.5,0.8187954723834993,HIGH,True
2022-05-31,2022-06-01,2022-06-15,MSFT,XLK,266.84183742859545,244.11373901367188,10,LONG,LONG,78.85786294937134,57.5,0.8802846968173982,HIGH,True
2022-06-01,2022-06-02,2022-06-16,MSFT,XLK,256.4183467798957,237.5299530029297,10,LONG,LONG,75.99341869354248,57.5,0.954560697078705,HIGH,True
2022-06-02,2022-06-03,2022-06-17,MSFT,XLK,262.1003840143202,240.12855529785156,10,LONG,LONG,80.09315133094788,57.5,0.6998732537031173,HIGH,True
2022-06-03,2022-06-06,2022-06-21,MSFT,XLK,263.79714518679435,246.03358459472656,10,LONG,LONG,83.83206725120544,57.5,0.7178845405578613,HIGH,True
2022-06-06,2022-06-07,2022-06-22,MSFT,XLK,258.54177618211287,245.44215393066406,10,LONG,LONG,81.63102269172668,57.5,0.7167053073644637,HIGH,True
2022-06-07,2022-06-08,2022-06-23,MSFT,XLK,263.4578015962176,250.99807739257812,10,LONG,LONG,76.74874067306519,57.5,0.4371461570262907,HIGH,True
2022-06-08,2022-06-09,2022-06-24,MSFT,XLK,259.64716611698157,259.5696105957031,10,LONG,LONG,69.29458975791931,57.5,0.5687281340360641,HIGH,True
2022-06-09,2022-06-10,2022-06-27,MSFT,XLK,252.66584504493977,256.8449401855469,10,LONG,LONG,77.62596011161804,57.5,1.1775894016027448,HIGH,True
2022-06-10,2022-06-13,2022-06-28,MSFT,XLK,237.66570001230667,248.69036865234375,10,LONG,LONG,81.0381531715393,57.5,1.4267460405826569,HIGH,True
2022-06-13,2022-06-14,2022-06-29,MSFT,XLK,236.45365859510807,252.35557556152344,10,LONG,LONG,86.46398782730103,57.5,1.7460050433874128,HIGH,True
2022-06-14,2022-06-15,2022-06-30,MSFT,XLK,240.76852264491998,249.02967834472656,10,LONG,LONG,84.01630520820618,57.5,1.6026014238595965,HIGH,True
2022-06-15,2022-06-16,2022-07-01,MSFT,XLK,238.5092727014499,251.6962127685547,10,LONG,LONG,82.83154964447021,57.5,1.6336709111928935,HIGH,True
2022-06-16,2022-06-17,2022-07-05,MSFT,XLK,237.26815342919429,254.86691284179688,10,LONG,LONG,87.42583990097046,57.5,1.436270222067833,HIGH,True
2022-06-17,2022-06-21,2022-07-06,MSFT,XLK,242.6592661630262,258.1248474121094,10,LONG,LONG,84.95306372642517,57.5,1.3270920366048813,HIGH,True
2022-06-21,2022-06-22,2022-07-07,MSFT,XLK,244.23980883819294,260.2483215332031,10,LONG,LONG,76.62299871444702,57.5,0.9360100179910661,HIGH,True
2022-06-22,2022-06-23,2022-07-08,MSFT,XLK,247.80802019464696,259.5308532714844,10,LONG,LONG,79.45845127105713,57.5,0.91470468044281,HIGH,True
2022-06-23,2022-06-24,2022-07-11,MSFT,XLK,253.8584834422403,256.47650146484375,10,LONG,LONG,68.6314582824707,57.5,0.864594876766205,HIGH,True
2022-06-24,2022-06-27,2022-07-12,MSFT,XLK,260.0640847254071,245.96572875976562,10,LONG,LONG,59.42869782447815,57.5,0.7661297023296356,LOW,True
2022-06-27,2022-06-28,2022-07-13,MSFT,XLK,255.96258358137382,245.0445556640625,10,LONG,LONG,62.0824933052063,57.5,0.9373954981565475,LOW,True
2022-06-28,2022-06-29,2022-07-14,MSFT,XLK,249.76665390613857,246.36325073242188,10,LONG,LONG,64.3933892250061,57.5,1.135069876909256,LOW,True
2022-06-29,2022-06-30,2022-07-15,MSFT,XLK,249.24299780153277,248.92311096191406,10,LONG,LONG,64.70757722854614,57.5,1.417265370488167,LOW,True
2022-06-30,2022-07-01,2022-07-18,MSFT,XLK,248.6031243426408,246.52810668945312,10,LONG,LONG,72.02327251434326,57.5,1.4572804868221283,HIGH,True
2022-07-01,2022-07-05,2022-07-19,MSFT,XLK,248.3800943919095,251.6477813720703,10,LONG,LONG,73.11058640480042,57.5,1.341402605175972,HIGH,True
2022-07-05,2022-07-06,2022-07-20,MSFT,XLK,255.73956910040374,254.30450439453125,10,LONG,LONG,71.20519876480103,57.5,1.3190765082836151,HIGH,True
2022-07-06,2022-07-07,2022-07-21,MSFT,XLK,257.06794077182286,256.79644775390625,10,LONG,LONG,66.55262112617493,57.5,1.4100949168205261,HIGH,True
2022-07-07,2022-07-08,2022-07-22,MSFT,XLK,256.74802329517996,252.45245361328125,10,LONG,LONG,71.53205871582031,57.5,1.5110948085784912,HIGH,True
2022-07-08,2022-07-11,2022-07-25,MSFT,XLK,257.5818628153171,250.96897888183594,10,LONG,LONG,73.03877472877502,57.5,1.6168291717767718,HIGH,True
2022-07-11,2022-07-12,2022-07-26,MSFT,XLK,257.80490257305115,244.24949645996094,10,LONG,LONG,69.3974494934082,57.5,1.7655860036611557,HIGH,True
2022-07-12,2022-07-13,2022-07-27,MSFT,XLK,242.59139634264417,260.57806396484375,10,LONG,LONG,79.09496426582336,57.5,1.789468362927437,HIGH,True
2022-07-13,2022-07-14,2022-07-28,MSFT,XLK,242.95985947563167,268.01507568359375,10,LONG,LONG,80.71263432502747,57.5,1.959460496902466,HIGH,True
2022-07-14,2022-07-15,2022-07-29,MSFT,XLK,247.95348214538913,272.213623046875,10,LONG,LONG,85.4977548122406,57.5,1.8276751935482025,HIGH,True
2022-07-15,2022-07-18,2022-08-01,MSFT,XLK,251.86106474959863,269.56646728515625,10,LONG,LONG,84.75964069366455,57.5,1.916502237319946,HIGH,True
2022-07-18,2022-07-19,2022-08-02,MSFT,XLK,249.75699322481967,266.47332763671875,10,LONG,LONG,84.19716954231262,57.5,1.9918572008609772,HIGH,True
2022-07-19,2022-07-20,2022-08-03,MSFT,XLK,252.00648914711226,273.8910827636719,10,LONG,LONG,82.93226957321167,57.5,1.7510570287704468,HIGH,True
2022-07-20,2022-07-21,2022-08-04,MSFT,XLK,251.89983491458102,275.0351867675781,10,LONG,LONG,79.15058135986328,57.5,1.8522371947765353,HIGH,True
2022-07-21,2022-07-22,2022-08-05,MSFT,XLK,257.18424526954243,274.317626953125,10,LONG,LONG,80.76438903808594,57.5,1.7246442437171934,HIGH,True
2022-07-22,2022-07-25,2022-08-08,MSFT,XLK,253.0730861428635,271.806396484375,10,LONG,LONG,80.36699891090393,57.5,1.6598067730665207,HIGH,True
2022-07-25,2022-07-26,2022-08-09,MSFT,XLK,251.96773366455324,273.7261962890625,10,LONG,LONG,84.63844656944275,57.5,1.4799523055553436,HIGH,True
2022-07-26,2022-07-27,2022-08-10,MSFT,XLK,253.22828984243685,280.3778076171875,10,LONG,LONG,82.48796463012695,57.5,1.8772570192813876,HIGH,True
2022-07-27,2022-07-28,2022-08-11,MSFT,XLK,261.55734491443076,278.30279541015625,10,LONG,LONG,70.64412236213684,57.5,0.9579373300075532,HIGH,True
2022-07-28,2022-07-29,2022-08-12,MSFT,XLK,269.26597233236413,283.04437255859375,10,LONG,LONG,73.54100346565247,57.5,0.8372027575969696,HIGH,True
2022-07-29,2022-08-01,2022-08-15,MSFT,XLK,269.38223547656554,284.55694580078125,10,LONG,LONG,65.24154543876648,57.5,0.756082683801651,HIGH,True
2022-08-01,2022-08-02,2022-08-16,MSFT,XLK,267.61748223435484,283.8200378417969,10,LONG,LONG,74.874347448349,57.5,0.8871525824069977,HIGH,True
2022-08-02,2022-08-03,2022-08-17,MSFT,XLK,268.3545099048049,283.07183837890625,10,LONG,LONG,79.00939583778381,57.5,1.102890267968178,HIGH,True
2022-08-03,2022-08-04,2022-08-18,MSFT,XLK,273.2413676766203,281.9543762207031,10,LONG,LONG,77.52922773361206,57.5,1.0546308308839798,HIGH,True
2022-08-04,2022-08-05,2022-08-19,MSFT,XLK,270.6718139989153,278.0482482910156,10,LONG,LONG,75.14227032661438,57.5,0.9802939891815184,HIGH,True
2022-08-05,2022-08-08,2022-08-22,MSFT,XLK,275.423093558,269.8860778808594,10,LONG,LONG,69.38474178314209,57.5,1.0126889646053314,HIGH,True
2022-08-08,2022-08-09,2022-08-23,MSFT,XLK,271.1470097408237,268.6131591796875,10,LONG,LONG,75.62771439552307,57.5,1.2036084830760956,HIGH,True
2022-08-09,2022-08-10,2022-08-24,MSFT,XLK,279.41788477875497,267.9815368652344,10,LONG,LONG,75.99360346794128,57.5,0.8649392575025558,HIGH,True
2022-08-10,2022-08-11,2022-08-25,MSFT,XLK,282.01648958955855,270.9548645019531,10,LONG,LONG,75.22905468940735,57.5,0.8826453685760498,HIGH,True
2022-08-11,2022-08-12,2022-08-26,MSFT,XLK,279.71855257086617,260.4995422363281,10,LONG,LONG,79.32630777359009,57.5,0.7880215048789978,HIGH,True
2022-08-12,2022-08-15,2022-08-29,MSFT,XLK,282.16196164375015,257.72052001953125,10,LONG,LONG,81.38821721076965,57.5,0.7296394258737564,HIGH,True
2022-08-15,2022-08-16,2022-08-30,MSFT,XLK,283.12190392197317,255.52452087402344,10,LONG,LONG,81.50774836540222,57.5,0.8353833258152008,HIGH,True
2022-08-16,2022-08-17,2022-08-31,MSFT,XLK,281.536556451653,254.06695556640625,10,LONG,LONG,74.66984391212463,57.5,0.7433755397796631,HIGH,True
2022-08-17,2022-08-18,2022-09-01,MSFT,XLK,281.9737992817374,253.02725219726562,10,LONG,LONG,70.29518485069275,57.5,0.9146749228239061,HIGH,True
2022-08-18,2022-08-19,2022-09-02,MSFT,XLK,280.72038772526247,248.81015014648438,10,LONG,LONG,68.60467195510864,57.5,1.007765769958496,HIGH,True
2022-08-19,2022-08-22,2022-09-06,MSFT,XLK,274.09346975580286,246.0797119140625,10,LONG,LONG,79.68830466270447,57.5,1.534121334552765,HIGH,True
2022-08-22,2022-08-23,2022-09-07,MSFT,XLK,268.6131591796875,250.78268432617188,10,LONG,LONG,81.957346200943,57.5,1.6135649830102918,HIGH,True
2022-08-23,2022-08-24,2022-09-08,MSFT,XLK,267.61229110085856,251.2004852294922,10,LONG,LONG,85.57666540145874,57.5,1.7999782413244247,HIGH,True
2022-08-24,2022-08-25,2022-09-09,MSFT,XLK,269.4778816182688,256.97235107421875,10,LONG,LONG,81.52639865875244,57.5,1.7113562226295471,HIGH,True
2022-08-25,2022-08-26,2022-09-12,MSFT,XLK,271.1783719738918,259.100341796875,10,LONG,LONG,80.11089563369751,57.5,1.595498725771904,HIGH,True
2022-08-26,2022-08-29,2022-09-13,MSFT,XLK,258.3229611362696,244.8553466796875,10,LONG,LONG,86.68141961097717,57.5,1.7147497683763502,HIGH,True
2022-08-29,2022-08-30,2022-09-14,MSFT,XLK,259.11977448485726,245.07882690429688,10,LONG,LONG,84.45740938186646,57.5,1.6748569011688235,HIGH,True
2022-08-30,2022-08-31,2022-09-15,MSFT,XLK,257.8759809716696,238.4325408935547,10,LONG,LONG,82.262521982193,57.5,1.5246464610099792,HIGH,True
2022-08-31,2022-09-01,2022-09-16,MSFT,XLK,251.5405724888761,237.8106689453125,10,LONG,LONG,86.27257943153381,57.5,1.6433835327625275,HIGH,True
2022-09-01,2022-09-02,2022-09-19,MSFT,XLK,254.2904786042123,237.59689331054688,10,LONG,LONG,84.85494256019592,57.5,1.8503414094448092,HIGH,True
2022-09-02,2022-09-06,2022-09-20,MSFT,XLK,248.9462001827662,235.5855255126953,10,LONG,LONG,84.39911603927612,57.5,1.7916495651006699,HIGH,True
2022-09-06,2022-09-07,2022-09-21,MSFT,XLK,247.48866611987495,232.18460083007812,10,LONG,LONG,83.3059310913086,57.5,1.790620982646942,HIGH,True
2022-09-07,2022-09-08,2022-09-22,MSFT,XLK,250.21910163068787,234.15711975097656,10,LONG,LONG,78.31446528434753,57.5,1.5057272464036942,HIGH,True
2022-09-08,2022-09-09,2022-09-23,MSFT,XLK,253.1244786272513,231.18374633789062,10,LONG,LONG,83.79799127578735,57.5,1.4217840433120728,HIGH,True
2022-09-09,2022-09-12,2022-09-26,MSFT,XLK,258.2549788214969,230.72705078125,10,LONG,LONG,79.28507328033447,57.5,1.0425004363059998,HIGH,True
2022-09-12,2022-09-13,2022-09-27,MSFT,XLK,251.51139194527525,229.7165069580078,10,LONG,LONG,76.78580284118652,57.5,1.2385931760072708,HIGH,True
2022-09-13,2022-09-14,2022-09-28,MSFT,XLK,246.35173414144623,234.24453735351562,10,LONG,LONG,81.08910322189331,57.5,1.2335380613803864,HIGH,True
2022-09-14,2022-09-15,2022-09-29,MSFT,XLK,242.69824587426376,230.77565002441406,10,LONG,LONG,85.93382239341736,57.5,1.2215842008590698,HIGH,True
2022-09-15,2022-09-16,2022-09-30,MSFT,XLK,237.34424853509077,226.3058624267578,10,LONG,LONG,86.6652250289917,57.5,1.5818443298339844,HIGH,True
2022-09-16,2022-09-19,2022-10-03,MSFT,XLK,235.60493213001268,233.9238739013672,10,LONG,LONG,83.15285444259644,57.5,1.6274049431085589,HIGH,True
2022-09-19,2022-09-20,2022-10-04,MSFT,XLK,235.21629451087335,241.8334503173828,10,LONG,LONG,81.14965558052063,57.5,1.6996897011995316,HIGH,True
2022-09-20,2022-09-21,2022-10-05,MSFT,XLK,237.35398267884366,242.14437866210938,10,LONG,LONG,84.34541821479797,57.5,1.6355708092451096,HIGH,True
2022-09-21,2022-09-22,2022-10-06,MSFT,XLK,231.13517270867078,239.8026123046875,10,LONG,LONG,85.30938029289246,57.5,1.8743182569742205,HIGH,True
2022-09-22,2022-09-23,2022-10-07,MSFT,XLK,232.75787437724338,227.60791015625,10,LONG,LONG,84.85081791877747,57.5,1.6074887812137604,HIGH,True
2022-09-23,2022-09-26,2022-10-10,MSFT,XLK,230.33838195306527,222.75921630859375,10,LONG,LONG,84.17242765426636,57.5,1.5874806940555568,HIGH,True
2022-09-26,2022-09-27,2022-10-11,MSFT,XLK,233.18542153198845,219.0279541015625,10,LONG,LONG,84.3701183795929,57.5,1.8674528151750567,HIGH,True
2022-09-27,2022-09-28,2022-10-12,MSFT,XLK,230.105142213712,219.35836791992188,10,LONG,LONG,84.2836856842041,57.5,1.5619000047445297,HIGH,True
2022-09-28,2022-09-29,2022-10-13,MSFT,XLK,232.1262942883284,227.60791015625,10,LONG,LONG,76.6406238079071,57.5,1.4523984044790268,HIGH,True
2022-09-29,2022-09-30,2022-10-14,MSFT,XLK,231.5432539781558,222.08872985839844,10,LONG,LONG,82.47495293617249,57.5,1.370213344693184,HIGH,True
2022-09-30,2022-10-03,2022-10-17,MSFT,XLK,228.74478173649183,230.8047637939453,10,LONG,LONG,82.15382695198059,57.5,1.4018508195877073,HIGH,True
2022-10-03,2022-10-04,2022-10-18,MSFT,XLK,238.15074851262196,231.747314453125,10,LONG,LONG,67.11517572402954,57.5,1.1824780851602557,HIGH,True
2022-10-04,2022-10-05,2022-10-19,MSFT,XLK,239.0252719369114,229.7845001220703,10,LONG,LONG,65.24459719657898,57.5,1.2771251648664474,HIGH,True
2022-10-05,2022-10-06,2022-10-20,MSFT,XLK,240.9103348181627,229.4638671875,10,LONG,LONG,63.24610710144043,57.5,1.2761422395706177,LOW,True
2022-10-06,2022-10-07,2022-10-21,MSFT,XLK,234.0793326570868,235.2648162841797,10,LONG,LONG,69.27264332771301,57.5,1.3968978375196457,HIGH,True
2022-10-07,2022-10-10,2022-10-24,MSFT,XLK,226.45162940250796,240.2495574951172,10,LONG,LONG,74.79498982429504,57.5,1.3736867904663086,HIGH,True
2022-10-10,2022-10-11,2022-10-25,MSFT,XLK,221.1753739104601,243.5630645751953,10,LONG,LONG,81.93057775497437,57.5,1.4394154101610181,HIGH,True
2022-10-11,2022-10-12,2022-10-26,MSFT,XLK,219.01827149631524,224.77061462402344,10,LONG,LONG,77.97585129737854,57.5,1.6292345076799393,HIGH,True
2022-10-12,2022-10-13,2022-10-27,MSFT,XLK,213.62533838618924,220.33001708984375,10,LONG,LONG,83.96949768066406,57.5,1.834055483341217,HIGH,True
2022-10-13,2022-10-14,2022-10-28,MSFT,XLK,228.87109948608796,229.19175720214844,10,LONG,LONG,77.62036919593811,57.5,1.768293380737305,HIGH,True
2022-10-14,2022-10-17,2022-10-31,MSFT,XLK,229.1431876734247,225.5576934814453,10,LONG,LONG,74.51121807098389,57.5,1.2269604057073593,HIGH,True
2022-10-17,2022-10-18,2022-11-01,MSFT,XLK,236.3531154742312,221.7097930908203,10,LONG,LONG,72.88877367973328,57.5,1.1293579936027527,HIGH,True
2022-10-18,2022-10-19,2022-11-02,MSFT,XLK,230.32864238101766,213.86831665039062,10,LONG,LONG,73.34287762641907,57.5,1.0398788005113604,HIGH,True
2022-10-19,2022-10-20,2022-11-03,MSFT,XLK,229.094636228901,208.18389892578125,10,LONG,LONG,77.00938582420349,57.5,1.0659129321575165,HIGH,True
2022-10-20,2022-10-21,2022-11-04,MSFT,XLK,228.09377738574145,215.1217498779297,10,LONG,LONG,76.03754997253418,57.5,1.098792165517807,HIGH,True
2022-10-21,2022-10-24,2022-11-07,MSFT,XLK,236.8583652791892,221.4182891845703,10,LONG,LONG,72.81039357185364,57.5,0.7736995071172713,HIGH,True
2022-10-24,2022-10-25,2022-11-08,MSFT,XLK,240.25931991173306,222.38995361328125,10,LONG,LONG,71.77320718765259,57.5,0.9123730808496475,HIGH,True
2022-10-25,2022-10-26,2022-11-09,MSFT,XLK,224.62485269698536,218.15341186523438,10,LONG,LONG,73.24215173721313,57.5,0.9531930834054948,HIGH,True
2022-10-26,2022-10-27,2022-11-10,MSFT,XLK,224.49854760384136,236.10044860839844,10,LONG,LONG,71.15139365196228,57.5,0.9176005125045776,HIGH,True
2022-10-27,2022-10-28,2022-11-11,MSFT,XLK,219.83442354607308,240.113525390625,10,LONG,LONG,70.1432466506958,57.5,1.0183526873588562,HIGH,True
2022-10-28,2022-10-31,2022-11-14,MSFT,XLK,227.14153310691304,234.71096801757812,10,LONG,LONG,67.99067854881287,57.5,1.0852687656879425,MEDIUM,True
2022-10-31,2022-11-01,2022-11-15,MSFT,XLK,227.95774742393274,235.1190948486328,10,LONG,LONG,73.51058721542358,57.5,1.0805210769176483,HIGH,True
2022-11-01,2022-11-02,2022-11-16,MSFT,XLK,222.96330764935064,235.54779052734375,10,LONG,LONG,77.38531231880188,57.5,1.1832532137632368,HIGH,True
2022-11-02,2022-11-03,2022-11-17,MSFT,XLK,213.85854633457637,235.49908447265625,10,LONG,LONG,73.73839616775513,57.5,1.1557558625936508,HIGH,True
2022-11-03,2022-11-04,2022-11-18,MSFT,XLK,211.39047595404304,235.05088806152344,10,LONG,LONG,77.11485624313354,57.5,1.2282764464616776,HIGH,True
2022-11-04,2022-11-07,2022-11-21,MSFT,XLK,215.70478029409642,235.85963439941406,10,LONG,LONG,77.11485624313354,57.5,1.1246293634176254,HIGH,True
2022-11-07,2022-11-08,2022-11-22,MSFT,XLK,222.22476863616473,238.76341247558594,10,LONG,LONG,76.09759569168091,57.5,1.0954825282096863,HIGH,True
2022-11-08,2022-11-09,2022-11-23,MSFT,XLK,220.93243688127146,241.2482147216797,10,LONG,LONG,76.5796422958374,57.5,1.165263369679451,HIGH,True
2022-11-09,2022-11-10,2022-11-25,MSFT,XLK,228.7642104865012,241.16050720214844,10,LONG,LONG,74.01834726333618,57.5,1.1381941139698029,HIGH,True
2022-11-10,2022-11-11,2022-11-28,MSFT,XLK,236.11018052503232,235.57704162597656,10,LONG,LONG,73.02982211112976,57.5,1.1293703466653826,HIGH,True
2022-11-11,2022-11-14,2022-11-29,MSFT,XLK,235.13851261558185,234.1836395263672,10,LONG,LONG,73.23216199874878,57.5,1.0512293130159378,HIGH,True
2022-11-14,2022-11-15,2022-11-30,MSFT,XLK,238.7046221025726,248.61485290527344,10,LONG,LONG,74.32871460914612,57.5,0.9714308679103851,HIGH,True
2022-11-15,2022-11-16,2022-12-01,MSFT,XLK,236.58067882132508,248.17637634277344,10,LONG,LONG,74.19688701629639,57.5,1.005181223154068,HIGH,True
2022-11-16,2022-11-17,2022-12-02,MSFT,XLK,231.6988319904281,248.49794006347656,10,LONG,LONG,72.35444188117981,57.5,0.9737070351839066,HIGH,True
2022-11-17,2022-11-18,2022-12-05,MSFT,XLK,237.2823156083128,243.80120849609375,10,LONG,LONG,80.33672571182251,57.5,0.9982476681470872,HIGH,True
2022-11-18,2022-11-21,2022-12-06,MSFT,XLK,235.2554806346632,238.8511199951172,10,LONG,LONG,81.55850768089294,57.5,0.9610436111688615,HIGH,True
2022-11-21,2022-11-22,2022-12-07,MSFT,XLK,237.36023776801466,238.12030029296875,10,LONG,LONG,80.37832975387573,57.5,0.9687877744436264,HIGH,True
2022-11-22,2022-11-23,2022-12-08,MSFT,XLK,238.8413830694947,241.0727996826172,10,LONG,LONG,81.34709000587463,57.5,0.9560298770666122,HIGH,True
2022-11-23,2022-11-25,2022-12-09,MSFT,XLK,240.98510292788336,239.14346313476562,10,LONG,LONG,79.32645678520203,57.5,0.9398460239171982,HIGH,True
2022-11-25,2022-11-28,2022-12-12,MSFT,XLK,239.78656581676748,246.05209350585938,10,LONG,LONG,75.97886919975281,57.5,0.9091278612613676,HIGH,True
2022-11-28,2022-11-29,2022-12-13,MSFT,XLK,235.22626688973236,250.34934997558594,10,LONG,LONG,77.19318866729736,57.5,0.9023763835430145,HIGH,True
2022-11-29,2022-11-30,2022-12-14,MSFT,XLK,234.41748501766983,250.64169311523438,10,LONG,LONG,76.73239707946777,57.5,0.9137322902679444,HIGH,True
2022-11-30,2022-12-01,2022-12-15,MSFT,XLK,247.37734047819936,242.6416473388672,10,LONG,LONG,71.60858511924744,57.5,0.9439957439899446,HIGH,True
2022-12-01,2022-12-02,2022-12-16,MSFT,XLK,243.4309315609044,238.43211364746094,10,LONG,LONG,65.96787571907043,57.5,0.8615131974220276,MEDIUM,True
2022-12-02,2022-12-05,2022-12-19,MSFT,XLK,245.56491592032455,234.30055236816406,10,LONG,LONG,66.28097295761108,57.5,0.8955694139003754,MEDIUM,True
2022-12-05,2022-12-06,2022-12-20,MSFT,XLK,244.4053559887348,235.61602783203125,10,LONG,LONG,68.53899955749512,57.5,0.9375064522027968,MEDIUM,True
2022-12-06,2022-12-07,2022-12-21,MSFT,XLK,238.5685424627585,238.17877197265625,10,LONG,LONG,71.6777503490448,57.5,0.9419931769371034,HIGH,True
2022-12-07,2022-12-08,2022-12-22,MSFT,XLK,238.57827343420877,232.09835815429688,10,LONG,LONG,65.36903381347656,57.5,1.019821584224701,MEDIUM,True
2022-12-08,2022-12-09,2022-12-23,MSFT,XLK,238.44187570641893,232.62451171875,10,LONG,LONG,69.17150020599365,57.5,0.9884014278650284,MEDIUM,True
2022-12-09,2022-12-12,2022-12-27,MSFT,XLK,241.1215045410221,230.8998260498047,10,LONG,LONG,64.95358943939209,57.5,0.9683277457952502,HIGH,True
2022-12-12,2022-12-13,2022-12-28,MSFT,XLK,254.9973477435735,228.53195190429688,10,LONG,LONG,66.79484248161316,57.5,0.9555732458829881,MEDIUM,True
2022-12-13,2022-12-14,2022-12-29,MSFT,XLK,250.55399840099744,234.8462371826172,10,LONG,LONG,64.6773099899292,57.5,0.9708002656698227,HIGH,True
2022-12-14,2022-12-15,2022-12-30,MSFT,XLK,247.2311972093182,233.6866455078125,10,LONG,LONG,72.74995446205139,57.5,0.9810305684804916,HIGH,True
2022-12-15,2022-12-16,2023-01-03,MSFT,XLK,242.19339565744826,233.45278930664062,10,LONG,LONG,73.00394773483276,57.5,0.9461167454719542,HIGH,True
2022-12-16,2022-12-19,2023-01-04,MSFT,XLK,238.59777136210013,223.24085998535156,10,LONG,LONG,67.11833477020264,57.5,0.9805338829755783,MEDIUM,True
2022-12-19,2022-12-20,2023-01-05,MSFT,XLK,233.2773983167744,216.62445068359375,10,LONG,LONG,64.4627034664154,57.5,0.9526075571775438,HIGH,True
2022-12-20,2022-12-21,2023-01-06,MSFT,XLK,235.50885613255662,219.1774444580078,10,LONG,LONG,69.89363431930542,57.5,0.9915122836828232,MEDIUM,True
2022-12-21,2022-12-22,2023-01-09,MSFT,XLK,235.08983601075406,221.31143188476562,10,LONG,LONG,72.54236340522766,57.5,0.9549900889396667,HIGH,True
2022-12-22,2022-12-23,2023-01-10,MSFT,XLK,230.07152258563394,222.99722290039062,10,LONG,LONG,70.75398564338684,57.5,1.0494714826345442,HIGH,True
2022-12-23,2022-12-27,2023-01-11,MSFT,XLK,232.59531655901404,229.740234375,10,LONG,LONG,73.47724437713623,57.5,1.0671954900026321,HIGH,True
2022-12-27,2022-12-28,2023-01-12,MSFT,XLK,230.83159608110222,232.41015625,10,LONG,LONG,74.31458234786987,57.5,1.118263378739357,HIGH,True
2022-12-28,2022-12-29,2023-01-13,MSFT,XLK,229.6233169580292,233.1117401123047,10,LONG,LONG,73.47724437713623,57.5,1.055298551917076,HIGH,True
2022-12-29,2022-12-30,2023-01-17,MSFT,XLK,232.11782042896934,234.20309448242188,10,LONG,LONG,68.55201125144958,57.5,0.909441500902176,MEDIUM,True
2022-12-30,2023-01-03,2023-01-18,MSFT,XLK,236.86327747897744,229.7792205810547,10,LONG,LONG,68.5657799243927,57.5,0.9533270746469498,MEDIUM,True
2023-01-03,2023-01-04,2023-01-19,MSFT,XLK,226.33952554962818,225.9984588623047,10,LONG,LONG,73.14373850822449,57.5,1.071032077074051,HIGH,True
2023-01-04,2023-01-05,2023-01-20,MSFT,XLK,221.3893890276127,234.07640075683594,10,LONG,LONG,78.13048958778381,57.5,1.114269241690636,HIGH,True
2023-01-05,2023-01-06,2023-01-23,MSFT,XLK,217.29681103305526,236.3760986328125,10,LONG,LONG,80.74038028717041,57.5,1.1829806715250015,HIGH,True
2023-01-06,2023-01-09,2023-01-24,MSFT,XLK,220.6585688285959,235.84988403320312,10,LONG,LONG,81.87611103057861,57.5,1.2076370865106583,HIGH,True
2023-01-09,2023-01-10,2023-01-25,MSFT,XLK,221.93508808498302,234.45645141601562,10,LONG,LONG,77.61693000793457,57.5,1.2399089187383652,HIGH,True
2023-01-10,2023-01-11,2023-01-26,MSFT,XLK,225.37479875829538,241.65745544433594,10,LONG,LONG,80.59599995613098,57.5,1.2450252622365952,HIGH,True
2023-01-11,2023-01-12,2023-01-27,MSFT,XLK,229.24327425256297,241.81336975097656,10,LONG,LONG,79.0492832660675,57.5,1.18624584376812,HIGH,True
2023-01-12,2023-01-13,2023-01-30,MSFT,XLK,230.93877604519966,236.50279235839844,10,LONG,LONG,76.26729607582092,57.5,1.185000017285347,HIGH,True
2023-01-13,2023-01-17,2023-01-31,MSFT,XLK,231.8839578305264,241.47232055664062,10,LONG,LONG,71.32129073143005,57.5,1.1760030537843704,HIGH,True
2023-01-17,2023-01-18,2023-02-01,MSFT,XLK,235.39191965313583,246.28598022460938,10,LONG,LONG,69.53285336494446,57.5,1.1721931099891663,MEDIUM,True
2023-01-18,2023-01-19,2023-02-02,MSFT,XLK,227.80115166394182,257.83294677734375,10,LONG,LONG,71.61086797714233,57.5,1.1579700857400894,HIGH,True
2023-01-19,2023-01-20,2023-02-03,MSFT,XLK,228.85348158045636,251.74278259277344,10,LONG,LONG,72.9341447353363,57.5,1.2050234079360962,HIGH,True
2023-01-20,2023-01-23,2023-02-06,MSFT,XLK,234.9339533057935,250.20315551757812,10,LONG,LONG,72.90898561477661,57.5,1.1836187541484835,HIGH,True
2023-01-23,2023-01-24,2023-02-07,MSFT,XLK,236.29812619619068,260.71722412109375,10,LONG,LONG,72.94793128967285,57.5,1.1779070049524307,HIGH,True
2023-01-24,2023-01-25,2023-02-08,MSFT,XLK,228.48322009420318,259.908447265625,10,LONG,LONG,76.2532114982605,57.5,1.0978513807058337,HIGH,True
2023-01-25,2023-01-26,2023-02-09,MSFT,XLK,237.4186997744048,256.87799072265625,10,LONG,LONG,72.36996293067932,57.5,1.0327940285205843,HIGH,True
2023-01-26,2023-01-27,2023-02-10,MSFT,XLK,242.62214447980068,256.371337890625,10,LONG,LONG,70.22733092308044,57.5,1.0281848460435867,HIGH,True
2023-01-27,2023-01-30,2023-02-13,MSFT,XLK,238.25674616117678,264.3810729980469,10,LONG,LONG,67.47543811798096,57.5,1.0587975680828094,MEDIUM,True
2023-01-30,2023-01-31,2023-02-14,MSFT,XLK,237.22382584140612,265.2093200683594,10,LONG,LONG,76.73220038414001,57.5,1.0669860392808914,HIGH,True
2023-01-31,2023-02-01,2023-02-15,MSFT,XLK,241.65746031930018,263.0895690917969,10,LONG,LONG,67.77345538139343,57.5,1.0435410887002945,MEDIUM,True
2023-02-01,2023-02-02,2023-02-16,MSFT,XLK,252.20076959193378,256.08538818359375,10,LONG,LONG,72.89220690727234,57.5,1.0450121015310287,HIGH,True
2023-02-02,2023-02-03,2023-02-17,MSFT,XLK,252.9023510805395,252.08999633789062,10,LONG,LONG,70.474773645401,57.5,0.9408888518810273,HIGH,True
2023-02-03,2023-02-06,2023-02-21,MSFT,XLK,250.85603350578165,246.82470703125,10,LONG,LONG,69.13277506828308,57.5,0.9786009043455125,MEDIUM,True
2023-02-06,2023-02-07,2023-02-22,MSFT,XLK,253.8670156294018,245.69154357910156,10,LONG,LONG,70.33888697624207,57.5,0.981427326798439,HIGH,True
2023-02-07,2023-02-08,2023-02-23,MSFT,XLK,266.2129795710124,248.87612915039062,10,LONG,LONG,68.93680095672607,57.5,0.9722019135951996,MEDIUM,True
2023-02-08,2023-02-09,2023-02-24,MSFT,XLK,266.79763305844943,243.45449829101562,10,LONG,LONG,65.70696234703064,57.5,0.9862719923257827,MEDIUM,True
2023-02-09,2023-02-10,2023-02-27,MSFT,XLK,254.84148282080156,244.37277221679688,10,LONG,LONG,61.89116835594177,57.5,0.9656455814838409,HIGH,True
2023-02-10,2023-02-13,2023-02-28,MSFT,XLK,260.7951951195851,243.64987182617188,10,LONG,LONG,63.65383267402649,57.5,0.7427635341882706,HIGH,True
2023-02-13,2023-02-14,2023-03-01,MSFT,XLK,265.69653266891055,240.57278442382812,10,LONG,LONG,69.19583082199097,57.5,0.7294554859399796,MEDIUM,True
2023-02-14,2023-02-15,2023-03-02,MSFT,XLK,262.1127030516327,245.30079650878906,10,LONG,LONG,70.16344666481018,57.5,0.7188649028539656,HIGH,True
2023-02-15,2023-02-16,2023-03-03,MSFT,XLK,257.91212263576193,249.3840789794922,10,LONG,LONG,66.43509268760681,57.5,0.6440336853265765,MEDIUM,True
2023-02-16,2023-02-17,2023-03-06,MSFT,XLK,253.38924459984534,250.92755126953125,10,LONG,LONG,72.66817092895508,57.5,0.698685422539711,HIGH,True
2023-02-17,2023-02-21,2023-03-07,MSFT,XLK,248.59283193869732,248.27047729492188,10,LONG,LONG,71.70705795288086,57.5,0.7009840756654739,HIGH,True
2023-02-21,2023-02-22,2023-03-08,MSFT,XLK,248.21185945581914,247.83090209960938,10,LONG,LONG,73.78376722335815,57.5,0.9738424867391586,HIGH,True
2023-02-22,2023-02-23,2023-03-09,MSFT,XLK,249.6478466517071,246.48280334472656,10,LONG,LONG,73.7915575504303,57.5,1.1047348827123642,HIGH,True
2023-02-23,2023-02-24,2023-03-10,MSFT,XLK,244.177384356293,242.83908081054688,10,LONG,LONG,72.55638241767883,57.5,1.1580338031053543,HIGH,True
2023-02-24,2023-02-27,2023-03-13,MSFT,XLK,246.61956672286158,248.0457763671875,10,LONG,LONG,62.99622654914856,57.5,1.0892059355974197,HIGH,True
2023-02-27,2023-02-28,2023-03-14,MSFT,XLK,243.30797773153637,254.75686645507812,10,LONG,LONG,70.50646543502808,57.5,1.0180918127298357,HIGH,True
2023-02-28,2023-03-01,2023-03-15,MSFT,XLK,244.9589030496448,259.2992858886719,10,LONG,LONG,70.50646543502808,57.5,0.9583991467952728,HIGH,True
2023-03-01,2023-03-02,2023-03-16,MSFT,XLK,240.8462903940092,269.8103942871094,10,LONG,LONG,77.27566957473755,57.5,0.9275927990674973,HIGH,True
2023-03-02,2023-03-03,2023-03-17,MSFT,XLK,246.35580375528275,272.96563720703125,10,LONG,LONG,76.37609243392944,57.5,0.8679262399673463,HIGH,True
2023-03-03,2023-03-06,2023-03-20,MSFT,XLK,250.49772786752465,265.9322204589844,10,LONG,LONG,73.95530343055725,57.5,0.9317833483219147,HIGH,True
2023-03-06,2023-03-07,2023-03-21,MSFT,XLK,250.37073314257202,267.4463806152344,10,LONG,LONG,72.10590839385986,57.5,0.9296841770410538,HIGH,True
2023-03-07,2023-03-08,2023-03-22,MSFT,XLK,248.1630329633996,265.9908752441406,10,LONG,LONG,73.85618686676025,57.5,0.9349994510412218,HIGH,True
2023-03-08,2023-03-09,2023-03-23,MSFT,XLK,249.90183388794475,271.2365417480469,10,LONG,LONG,73.89848828315735,57.5,0.9612266421318054,HIGH,True
2023-03-09,2023-03-10,2023-03-24,MSFT,XLK,245.2714821705408,274.0793151855469,10,LONG,LONG,73.65265488624573,57.5,0.9523429572582245,HIGH,True
2023-03-10,2023-03-13,2023-03-27,MSFT,XLK,241.67660681243697,269.9861755371094,10,LONG,LONG,78.68014574050903,57.5,0.9997180253267288,HIGH,True
2023-03-13,2023-03-14,2023-03-28,MSFT,XLK,250.81031987110978,268.86285400390625,10,LONG,LONG,74.48638677597046,57.5,0.9519203752279283,HIGH,True
2023-03-14,2023-03-15,2023-03-29,MSFT,XLK,253.96560644232494,274.0206604003906,10,LONG,LONG,69.12389993667603,57.5,0.8720480352640152,MEDIUM,True
2023-03-15,2023-03-16,2023-03-30,MSFT,XLK,259.0746169472976,277.478759765625,10,LONG,LONG,68.17176938056946,57.5,0.8710787445306779,MEDIUM,True
2023-03-16,2023-03-17,2023-03-31,MSFT,XLK,271.8227207737094,281.63037109375,10,LONG,LONG,66.82522892951965,57.5,0.8703881204128264,MEDIUM,True
2023-03-17,2023-03-20,2023-04-03,MSFT,XLK,270.57233358465885,280.5852355957031,10,LONG,LONG,62.51950263977051,57.5,0.9167934209108355,HIGH,True
2023-03-20,2023-03-21,2023-04-04,MSFT,XLK,268.52093921101067,280.5363464355469,10,LONG,LONG,62.51950263977051,57.5,0.9331932216882708,HIGH,True
2023-03-21,2023-03-22,2023-04-05,MSFT,XLK,267.07518229142465,277.7620544433594,10,LONG,LONG,65.2914822101593,57.5,0.8289413303136826,MEDIUM,True
2023-03-22,2023-03-23,2023-04-06,MSFT,XLK,271.51006295955915,284.8541259765625,10,LONG,LONG,68.69747042655945,57.5,0.8102519810199738,MEDIUM,True
2023-03-23,2023-03-24,2023-04-10,MSFT,XLK,270.8263345400217,282.6952209472656,10,LONG,LONG,62.34272122383118,57.5,0.8403383493423462,HIGH,True
2023-03-24,2023-03-27,2023-04-11,MSFT,XLK,274.0108578776161,276.28692626953125,10,LONG,LONG,65.33660888671875,57.5,0.8552250564098357,MEDIUM,True
2023-03-27,2023-03-28,2023-04-12,MSFT,XLK,269.40989660765126,276.93170166015625,10,LONG,LONG,65.52250385284424,57.5,0.9560700207948686,MEDIUM,True
2023-03-28,2023-03-29,2023-04-13,MSFT,XLK,272.5065003836282,283.134765625,10,LONG,LONG,63.412636518478394,57.5,0.9723193645477295,HIGH,True
2023-03-29,2023-03-30,2023-04-14,MSFT,XLK,277.65461829253616,279.5204162597656,10,LONG,LONG,69.65231895446777,57.5,1.0382809937000275,MEDIUM,True
2023-03-30,2023-03-31,2023-04-17,MSFT,XLK,277.16611747446694,282.11883544921875,10,LONG,LONG,65.58492183685303,57.5,1.042496919631958,MEDIUM,True
2023-03-31,2023-04-03,2023-04-18,MSFT,XLK,279.8916392622568,281.6988525390625,10,LONG,LONG,63.42213153839111,57.5,0.9148576259613038,HIGH,True
2023-04-03,2023-04-04,2023-04-19,MSFT,XLK,280.585207618267,281.7769470214844,10,LONG,LONG,58.28449726104736,57.5,1.0308136492967606,LOW,True
2023-04-04,2023-04-05,2023-04-20,MSFT,XLK,279.2371315346284,279.4910583496094,10,LONG,LONG,62.80023455619812,57.5,1.0128783732652664,HIGH,True
2023-04-05,2023-04-06,2023-04-21,MSFT,XLK,276.6582060877172,279.1492614746094,10,LONG,LONG,68.14184188842773,57.5,1.093484252691269,MEDIUM,True
2023-04-06,2023-04-10,2023-04-24,MSFT,XLK,282.51936243851856,275.2514953613281,10,LONG,LONG,68.1447684764862,57.5,1.0193782448768616,MEDIUM,True
2023-04-10,2023-04-11,2023-04-25,MSFT,XLK,279.1393873695439,269.0484619140625,10,LONG,LONG,66.81180596351624,57.5,1.073806807398796,MEDIUM,True
2023-04-11,2023-04-12,2023-04-26,MSFT,XLK,278.20164520430563,288.536865234375,10,LONG,LONG,71.03484869003296,57.5,1.0311118960380554,HIGH,True
2023-04-12,2023-04-13,2023-04-27,MSFT,XLK,277.0293546827045,297.7779846191406,10,LONG,LONG,69.55647468566895,57.5,1.1143439561128616,MEDIUM,True
2023-04-13,2023-04-14,2023-04-28,MSFT,XLK,280.36050660414264,300.1518249511719,10,LONG,LONG,69.34979557991028,57.5,1.041520044207573,MEDIUM,True
2023-04-14,2023-04-17,2023-05-01,MSFT,XLK,283.2226985900286,298.4911804199219,10,LONG,LONG,68.21237206459045,57.5,1.1356428265571594,MEDIUM,True
2023-04-17,2023-04-18,2023-05-02,MSFT,XLK,284.8248357623357,298.34454345703125,10,LONG,LONG,71.6970443725586,57.5,0.9217589199542998,HIGH,True
2023-04-18,2023-04-19,2023-05-03,MSFT,XLK,279.3738357310493,297.35791015625,10,LONG,LONG,58.253854513168335,57.5,0.9962769150733948,LOW,True
2023-04-19,2023-04-20,2023-05-04,MSFT,XLK,278.6509680753115,298.34454345703125,10,LONG,LONG,60.7868492603302,57.5,1.1440473347902298,LOW,True
2023-04-20,2023-04-21,2023-05-05,MSFT,XLK,278.4166119122102,303.4634094238281,10,LONG,LONG,60.8585000038147,57.5,1.183154135942459,LOW,True
2023-04-21,2023-04-24,2023-05-08,MSFT,XLK,275.564099605755,301.5096435546875,10,LONG,LONG,65.92249870300293,57.5,1.1715422570705414,MEDIUM,True
2023-04-24,2023-04-25,2023-05-09,MSFT,XLK,273.0438405005658,299.8977966308594,10,LONG,LONG,69.5527970790863,57.5,1.2286641746759415,MEDIUM,True
2023-04-25,2023-04-26,2023-05-10,MSFT,XLK,289.8361135268747,305.0849914550781,10,LONG,LONG,69.36532855033875,57.5,1.1111875027418137,MEDIUM,True
2023-04-26,2023-04-27,2023-05-11,MSFT,XLK,289.12296805921983,302.9358825683594,10,LONG,LONG,58.129143714904785,57.5,0.790333867073059,LOW,True
2023-04-27,2023-04-28,2023-05-12,MSFT,XLK,296.9770107869876,301.8222961425781,10,LONG,LONG,50.93368887901306,57.5,0.7255007326602935,LOW,False
2023-04-28,2023-05-01,2023-05-15,MSFT,XLK,299.868565093512,302.3009033203125,10,LONG,SHORT,57.01532065868378,57.5,0.777795046567917,LOW,False
2023-05-01,2023-05-02,2023-05-16,MSFT,XLK,300.64018371002794,304.5281677246094,10,LONG,SHORT,56.99010789394379,57.5,0.7340777516365051,LOW,False
2023-05-02,2023-05-03,2023-05-17,MSFT,XLK,299.52655318111516,307.4064025878906,10,LONG,SHORT,52.67788469791412,57.5,0.9221457540988922,LOW,False
2023-05-03,2023-05-04,2023-05-18,MSFT,XLK,299.1553288340944,311.83154296875,10,LONG,LONG,51.50291323661804,57.5,0.9498219639062881,LOW,False
2023-05-04,2023-05-05,2023-05-19,MSFT,XLK,298.6474673178527,311.6553039550781,10,LONG,LONG,60.257118940353394,57.5,0.9777098596096039,LOW,True
2023-05-05,2023-05-08,2023-05-22,MSFT,XLK,302.95541576842186,314.4356384277344,10,LONG,LONG,55.45291304588318,57.5,0.9140120148658754,LOW,False
2023-05-08,2023-05-09,2023-05-23,MSFT,XLK,300.8746624179306,308.6399841308594,10,LONG,LONG,57.07021951675415,57.5,0.9306470304727553,LOW,False
2023-05-09,2023-05-10,2023-05-24,MSFT,XLK,301.4803538446717,307.25958251953125,10,LONG,SHORT,50.948941707611084,57.5,0.8773359060287474,LOW,False
2023-05-10,2023-05-11,2023-05-25,MSFT,XLK,302.92613418082834,319.0761413574219,10,LONG,SHORT,57.156071066856384,57.5,0.8767348229885101,LOW,False
2023-05-11,2023-05-12,2023-05-26,MSFT,XLK,303.36573134091964,325.8998107910156,10,LONG,SHORT,54.39911186695099,57.5,0.8835500627756119,LOW,False
2023-05-12,2023-05-15,2023-05-30,MSFT,XLK,301.94924591720934,324.2550354003906,10,LONG,LONG,51.56302452087402,57.5,0.8708413243293762,LOW,False
2023-05-15,2023-05-16,2023-05-31,MSFT,XLK,302.66235026842685,321.4942932128906,10,LONG,SHORT,50.57891309261322,57.5,0.8911617994308473,LOW,False
2023-05-16,2023-05-17,2023-06-01,MSFT,XLK,305.73231876094286,325.5963134765625,10,LONG,LONG,53.11281085014343,57.5,0.8148643374443053,LOW,False
2023-05-17,2023-05-18,2023-06-02,MSFT,XLK,307.92533659511486,328.3570556640625,10,LONG,SHORT,54.68297004699707,57.5,0.7680058926343918,LOW,False
2023-05-18,2023-05-19,2023-06-05,MSFT,XLK,310.0888957303577,328.8857421875,10,LONG,SHORT,52.31962203979492,57.5,0.8489235937595367,LOW,False
2023-05-19,2023-05-22,2023-06-06,MSFT,XLK,311.90982815472574,326.6732177734375,10,LONG,SHORT,53.61117422580719,57.5,0.8447498083114624,LOW,False
2023-05-22,2023-05-23,2023-06-07,MSFT,XLK,313.3098099504378,316.5894775390625,10,LONG,SHORT,51.25306844711304,57.5,0.8847525119781492,LOW,False
2023-05-23,2023-05-24,2023-06-08,MSFT,XLK,308.1211084957931,318.429931640625,10,LONG,LONG,51.87774896621704,57.5,0.8974162191152572,LOW,False
2023-05-24,2023-05-25,2023-06-09,MSFT,XLK,316.452394965502,319.92791748046875,10,LONG,SHORT,52.39297151565552,57.5,0.8980074375867845,LOW,False
2023-05-25,2023-05-26,2023-06-12,MSFT,XLK,317.2160427328644,324.8816223144531,10,LONG,SHORT,51.64163112640381,57.5,0.8877191990613937,LOW,False
2023-05-26,2023-05-30,2023-06-13,MSFT,XLK,328.1906400290104,327.2703552246094,10,LONG,LONG,52.04773545265198,57.5,0.7105369716882707,LOW,False
2023-05-30,2023-05-31,2023-06-14,MSFT,XLK,325.3123928059222,330.25634765625,10,LONG,SHORT,55.16621172428131,57.5,0.6813994348049165,LOW,False
2023-05-31,2023-06-01,2023-06-15,MSFT,XLK,319.08595932190417,340.7904052734375,10,LONG,SHORT,51.18127167224884,57.5,0.6340195387601851,LOW,False
2023-06-01,2023-06-02,2023-06-16,MSFT,XLK,327.2312100565703,335.1416015625,10,LONG,SHORT,51.60762667655945,57.5,0.5402023196220397,LOW,False
2023-06-02,2023-06-05,2023-06-20,MSFT,XLK,328.18085996410906,330.9514465332031,10,LONG,SHORT,50.953322649002075,57.5,0.490917667746544,LOW,False
2023-06-05,2023-06-06,2023-06-21,MSFT,XLK,328.2885642949618,326.5556945800781,10,LONG,LONG,52.842068672180176,57.5,0.5119568258523941,LOW,False
2023-06-06,2023-06-07,2023-06-22,MSFT,XLK,324.6858083621168,332.5765380859375,10,LONG,SHORT,51.2285590171814,57.5,0.5068644583225249,LOW,False
2023-06-07,2023-06-08,2023-06-23,MSFT,XLK,317.1376429196138,327.9850158691406,10,LONG,LONG,50.896257162094116,57.5,0.5974028706550598,LOW,False
2023-06-08,2023-06-09,2023-06-26,MSFT,XLK,318.1656968052279,321.69989013671875,10,LONG,LONG,50.024622678756714,57.5,0.8480816334486007,LOW,False
2023-06-09,2023-06-12,2023-06-27,MSFT,XLK,321.6802685980965,327.5445251464844,10,LONG,LONG,53.041309118270874,57.5,0.833292692899704,LOW,False
2023-06-12,2023-06-13,2023-06-28,MSFT,XLK,327.44656828941845,328.797607421875,10,LONG,LONG,55.12145161628723,57.5,1.0190430730581284,LOW,False
2023-06-13,2023-06-14,2023-06-29,MSFT,XLK,327.3193432875882,328.0143737792969,10,LONG,LONG,55.62995672225952,57.5,0.8114124536514284,LOW,False
2023-06-14,2023-06-15,2023-06-30,MSFT,XLK,330.393414820895,333.38916015625,10,LONG,LONG,62.73561716079712,57.5,0.6276588588953018,LOW,True
2023-06-15,2023-06-16,2023-07-03,MSFT,XLK,343.94284618339344,330.8926696777344,10,LONG,LONG,54.492878913879395,57.5,0.45946624875068665,LOW,False
2023-06-16,2023-06-20,2023-07-05,MSFT,XLK,332.18499798901604,331.0492858886719,10,LONG,LONG,57.4312686920166,57.5,0.4788611382246016,LOW,False
2023-06-20,2023-06-21,2023-07-06,MSFT,XLK,329.30668603957923,334.10382080078125,10,LONG,LONG,59.28682088851929,57.5,0.4797519594430923,LOW,True
2023-06-21,2023-06-22,2023-07-07,MSFT,XLK,327.1039241601426,330.1387939453125,10,LONG,LONG,55.654746294021606,57.5,0.5946592390537262,LOW,False
2023-06-22,2023-06-23,2023-07-10,MSFT,XLK,327.33887140406574,324.8619689941406,10,LONG,LONG,55.010807514190674,57.5,0.4789395481348037,LOW,False
2023-06-23,2023-06-26,2023-07-11,MSFT,XLK,326.71237290027926,325.48858642578125,10,LONG,LONG,63.807159662246704,57.5,0.5702880024909974,LOW,True
2023-06-26,2023-06-27,2023-07-12,MSFT,XLK,324.89140968264053,330.1192626953125,10,LONG,LONG,61.295098066329956,57.5,0.7018741071224212,LOW,True
2023-06-27,2023-06-28,2023-07-13,MSFT,XLK,327.63259343214776,335.4645690917969,10,LONG,LONG,57.184696197509766,57.5,0.892986550927162,LOW,False
2023-06-28,2023-06-29,2023-07-14,MSFT,XLK,327.6815169223393,337.99041748046875,10,LONG,LONG,52.06841826438904,57.5,0.914998084306717,LOW,False
2023-06-29,2023-06-30,2023-07-17,MSFT,XLK,330.6577377615813,338.4701232910156,10,LONG,LONG,53.28305959701538,57.5,0.8968378454446791,LOW,False
2023-06-30,2023-07-03,2023-07-18,MSFT,XLK,332.067483294419,351.941162109375,10,LONG,LONG,55.284178256988525,57.5,0.6631564050912858,LOW,False
2023-07-03,2023-07-05,2023-07-19,MSFT,XLK,328.05354428027886,347.6238098144531,10,LONG,LONG,55.83575367927551,57.5,0.6416060775518418,LOW,False
2023-07-05,2023-07-06,2023-07-20,MSFT,XLK,330.2171837710964,339.586181640625,10,LONG,LONG,56.466442346572876,57.5,0.6217390149831773,LOW,False
2023-07-06,2023-07-07,2023-07-21,MSFT,XLK,332.19470249101795,336.5513000488281,10,LONG,LONG,55.90711236000061,57.5,0.7330965548753738,LOW,False
2023-07-07,2023-07-10,2023-07-24,MSFT,XLK,327.5738215556575,337.8631896972656,10,LONG,LONG,64.51588273048401,57.5,0.7604657262563705,LOW,True
2023-07-10,2023-07-11,2023-07-25,MSFT,XLK,324.10819090994494,343.60992431640625,10,LONG,LONG,54.42788004875183,57.5,1.0660111606121063,LOW,False
2023-07-11,2023-07-12,2023-07-26,MSFT,XLK,329.53185591792584,330.67730712890625,10,LONG,LONG,54.89950180053711,57.5,1.0380513966083527,LOW,False
2023-07-12,2023-07-13,2023-07-27,MSFT,XLK,332.4296592669453,323.7753601074219,10,LONG,LONG,56.93012475967407,57.5,1.052352264523506,LOW,False
2023-07-13,2023-07-14,2023-07-28,MSFT,XLK,340.29107663490123,331.26470947265625,10,LONG,LONG,57.1690559387207,57.5,0.9845185279846193,LOW,False
2023-07-14,2023-07-17,2023-07-31,MSFT,XLK,338.4211553009667,328.8661804199219,10,LONG,LONG,54.4866144657135,57.5,0.9644007235765455,LOW,False
2023-07-17,2023-07-18,2023-08-01,MSFT,XLK,338.5680009815039,329.2773742675781,10,LONG,LONG,62.621867656707764,57.5,0.7621803730726242,LOW,True
2023-07-18,2023-07-19,2023-08-02,MSFT,XLK,354.15376240808007,320.62298583984375,10,LONG,SHORT,51.552191376686096,57.5,0.5545213371515274,LOW,False
2023-07-19,2023-07-20,2023-08-03,MSFT,XLK,346.1455024073654,319.8005676269531,10,LONG,SHORT,53.955185413360596,57.5,0.5560818016529084,LOW,False
2023-07-20,2023-07-21,2023-08-04,MSFT,XLK,341.8183323536975,320.89703369140625,10,LONG,SHORT,53.342682123184204,57.5,0.6469080001115799,LOW,False
2023-07-21,2023-07-24,2023-08-07,MSFT,XLK,338.5876711156817,323.1781311035156,10,LONG,LONG,52.27782726287842,57.5,0.6629400849342346,LOW,False
2023-07-24,2023-07-25,2023-08-08,MSFT,XLK,339.8211637778006,319.2034606933594,10,LONG,LONG,51.18227005004883,57.5,0.7010160982608794,LOW,False
2023-07-25,2023-07-26,2023-08-09,MSFT,XLK,334.2702555757294,315.46368408203125,10,LONG,SHORT,56.564781069755554,57.5,0.6987072527408601,LOW,False
2023-07-26,2023-07-27,2023-08-10,MSFT,XLK,333.3304238013421,316.14892578125,10,LONG,SHORT,51.53200328350067,57.5,0.8270530551671981,LOW,False
2023-07-27,2023-07-28,2023-08-11,MSFT,XLK,326.6634206723763,314.26922607421875,10,LONG,LONG,66.53827428817749,57.5,0.8329258114099504,MEDIUM,True
2023-07-28,2023-07-31,2023-08-14,MSFT,XLK,329.8451818704879,317.2355651855469,10,LONG,LONG,61.41616702079773,57.5,0.8175400793552399,LOW,True
2023-07-31,2023-08-01,2023-08-15,MSFT,XLK,328.1515284723082,315.10137939453125,10,LONG,LONG,64.26602602005005,57.5,0.8355633914470673,LOW,True
2023-08-01,2023-08-02,2023-08-16,MSFT,XLK,326.6242697138595,314.3361511230469,10,LONG,LONG,65.3210997581482,57.5,1.0105146467685702,MEDIUM,True
2023-08-02,2023-08-03,2023-08-17,MSFT,XLK,319.1544231849884,310.88275146484375,10,LONG,LONG,74.07670021057129,57.5,1.0567369014024734,HIGH,True
2023-08-03,2023-08-04,2023-08-18,MSFT,XLK,324.9109448563175,310.4903564453125,10,LONG,LONG,75.91054439544678,57.5,1.0608167797327042,HIGH,True
2023-08-04,2023-08-07,2023-08-21,MSFT,XLK,321.4746782634423,315.78814697265625,10,LONG,LONG,79.63247895240784,57.5,1.0733423978090288,HIGH,True
2023-08-07,2023-08-08,2023-08-22,MSFT,XLK,320.09435573726097,316.357177734375,10,LONG,LONG,80.11246919631958,57.5,1.1180083602666855,HIGH,True
2023-08-08,2023-08-09,2023-08-23,MSFT,XLK,319.6146411443904,320.811279296875,10,LONG,LONG,76.81366205215454,57.5,1.1026940196752548,HIGH,True
2023-08-09,2023-08-10,2023-08-24,MSFT,XLK,319.1740366258562,313.9142761230469,10,LONG,LONG,78.9749264717102,57.5,1.1285898685455322,HIGH,True
2023-08-10,2023-08-11,2023-08-25,MSFT,XLK,313.53497507772255,316.8673400878906,10,LONG,LONG,77.05307602882385,57.5,1.066610038280487,HIGH,True
2023-08-11,2023-08-14,2023-08-28,MSFT,XLK,314.6412179157006,317.57373046875,10,LONG,LONG,75.10024309158325,57.5,1.0282651335000992,HIGH,True
2023-08-14,2023-08-15,2023-08-29,MSFT,XLK,316.21745534246327,322.194580078125,10,LONG,LONG,74.93129372596741,57.5,0.9492222964763642,HIGH,True
2023-08-15,2023-08-16,2023-08-30,MSFT,XLK,314.72857479436016,322.5673828125,10,LONG,LONG,74.33282136917114,57.5,0.9094865769147873,HIGH,True
2023-08-16,2023-08-17,2023-08-31,MSFT,XLK,314.47348610040007,321.5568542480469,10,LONG,LONG,75.50277709960938,57.5,0.9571629911661149,HIGH,True
2023-08-17,2023-08-18,2023-09-01,MSFT,XLK,308.5379985359399,322.4398498535156,10,LONG,LONG,75.59007406234741,57.5,0.9738175272941587,HIGH,True
2023-08-18,2023-08-21,2023-09-05,MSFT,XLK,311.91289216820854,327.23724365234375,10,LONG,LONG,78.31975221633911,57.5,0.9582592844963075,HIGH,True
2023-08-21,2023-08-22,2023-09-06,MSFT,XLK,319.33965168167043,326.5799865722656,10,LONG,LONG,76.8340528011322,57.5,0.9433338493108749,HIGH,True
2023-08-22,2023-08-23,2023-09-07,MSFT,XLK,317.69147037188395,323.66619873046875,10,LONG,LONG,73.92364144325256,57.5,0.9663932174444201,HIGH,True
2023-08-23,2023-08-24,2023-09-08,MSFT,XLK,326.5505151261544,327.943603515625,10,LONG,LONG,74.0637719631195,57.5,0.9192026257514953,HIGH,True
2023-08-24,2023-08-25,2023-09-11,MSFT,XLK,315.38590853898717,331.5441589355469,10,LONG,LONG,72.41731882095337,57.5,0.95791095495224,HIGH,True
2023-08-25,2023-08-28,2023-09-12,MSFT,XLK,319.4966275172615,325.490966796875,10,LONG,LONG,69.78098154067993,57.5,0.9612740129232408,MEDIUM,True
2023-08-28,2023-08-29,2023-09-13,MSFT,XLK,315.7881667802801,329.6998291015625,10,LONG,LONG,69.60182189941406,57.5,1.0150983184576035,MEDIUM,True
2023-08-29,2023-08-30,2023-09-14,MSFT,XLK,322.4496587032038,332.2897644042969,10,LONG,LONG,66.08237624168396,57.5,0.9271279722452165,MEDIUM,True
2023-08-30,2023-08-31,2023-09-15,MSFT,XLK,322.9696033369281,323.9703063964844,10,LONG,LONG,66.2904143333435,57.5,1.017425745725632,MEDIUM,True
2023-08-31,2023-09-01,2023-09-18,MSFT,XLK,325.039690493004,322.8322448730469,10,LONG,LONG,66.64285659790039,57.5,0.9880133867263793,MEDIUM,True
2023-09-01,2023-09-05,2023-09-19,MSFT,XLK,322.77336861557694,322.4300231933594,10,LONG,LONG,64.96388912200928,57.5,1.024601861834526,LOW,True
2023-09-05,2023-09-06,2023-09-20,MSFT,XLK,327.0705236753987,314.6991882324219,10,LONG,LONG,73.19473028182983,57.5,0.9894527345895767,HIGH,True
2023-09-06,2023-09-07,2023-09-21,MSFT,XLK,325.0200859411969,313.48260498046875,10,LONG,LONG,73.73191118240356,57.5,0.9173204600811006,HIGH,True
2023-09-07,2023-09-08,2023-09-22,MSFT,XLK,323.84272127726,311.0103454589844,10,LONG,LONG,73.80648851394653,57.5,0.9657055735588074,HIGH,True
2023-09-08,2023-09-11,2023-09-25,MSFT,XLK,330.85739514094394,311.53033447265625,10,LONG,LONG,73.98422360420227,57.5,0.8398242145776749,HIGH,True
2023-09-11,2023-09-12,2023-09-26,MSFT,XLK,329.46433515175244,306.2324523925781,10,LONG,LONG,73.2183039188385,57.5,1.0085760802030563,HIGH,True
2023-09-12,2023-09-13,2023-09-27,MSFT,XLK,325.039726144919,306.8702087402344,10,LONG,LONG,69.9217677116394,57.5,0.944799154996872,MEDIUM,True
2023-09-13,2023-09-14,2023-09-28,MSFT,XLK,332.73122972518746,307.7041320800781,10,LONG,LONG,65.96697568893433,57.5,0.8974466919898987,MEDIUM,True
2023-09-14,2023-09-15,2023-09-29,MSFT,XLK,330.54351516502703,309.774169921875,10,LONG,LONG,68.80043148994446,57.5,0.9227067977190019,MEDIUM,True
2023-09-15,2023-09-18,2023-10-02,MSFT,XLK,321.59608191122635,315.70965576171875,10,LONG,LONG,68.90080571174622,57.5,0.9413667917251588,MEDIUM,True
2023-09-18,2023-09-19,2023-10-03,MSFT,XLK,319.9969783891352,307.4588623046875,10,LONG,LONG,66.87356233596802,57.5,1.0148477256298065,MEDIUM,True
2023-09-19,2023-09-20,2023-10-04,MSFT,XLK,323.2737978591876,312.92340087890625,10,LONG,LONG,68.42214465141296,57.5,1.0663602203130722,MEDIUM,True
2023-09-20,2023-09-21,2023-10-05,MSFT,XLK,313.21772575271143,313.3157958984375,10,LONG,LONG,76.40302777290344,57.5,1.13248310983181,HIGH,True
2023-09-21,2023-09-22,2023-10-06,MSFT,XLK,315.23877291658,321.0663146972656,10,LONG,LONG,75.681471824646,57.5,0.9714053124189378,HIGH,True
2023-09-22,2023-09-25,2023-10-09,MSFT,XLK,310.5983019329907,323.577880859375,10,LONG,LONG,77.8640627861023,57.5,0.9092980772256852,HIGH,True
2023-09-25,2023-09-26,2023-10-10,MSFT,XLK,309.1658540685337,322.1749267578125,10,LONG,LONG,75.2630352973938,57.5,1.0867935121059418,HIGH,True
2023-09-26,2023-09-27,2023-10-11,MSFT,XLK,306.3894620209308,326.1286315917969,10,LONG,LONG,75.99480748176575,57.5,1.193312630057335,HIGH,True
2023-09-27,2023-09-28,2023-10-12,MSFT,XLK,305.1042614505791,324.8924865722656,10,LONG,LONG,78.06153297424316,57.5,1.0794931948184967,HIGH,True
2023-09-28,2023-09-29,2023-10-13,MSFT,XLK,311.73631826659,321.5274658203125,10,LONG,LONG,73.08425903320312,57.5,1.0165140181779861,HIGH,True
2023-09-29,2023-10-02,2023-10-16,MSFT,XLK,310.294137124608,326.3445129394531,10,LONG,LONG,74.8221755027771,57.5,1.0654942989349367,HIGH,True
2023-10-02,2023-10-03,2023-10-17,MSFT,XLK,314.75802691222975,325.7754821777344,10,LONG,LONG,78.11697125434875,57.5,0.9360220432281494,HIGH,True
2023-10-03,2023-10-04,2023-10-18,MSFT,XLK,308.0867125300766,323.86236572265625,10,LONG,LONG,80.19638061523438,57.5,0.9732602834701539,HIGH,True
2023-10-04,2023-10-05,2023-10-19,MSFT,XLK,313.05091668193415,325.0494689941406,10,LONG,LONG,73.18392395973206,57.5,0.9629717320203783,HIGH,True
2023-10-05,2023-10-06,2023-10-20,MSFT,XLK,310.5589896881692,320.4874572753906,10,LONG,LONG,74.71239566802979,57.5,1.0021743029356003,HIGH,True
2023-10-06,2023-10-09,2023-10-23,MSFT,XLK,318.6038277713841,323.08734130859375,10,LONG,LONG,66.33909344673157,57.5,0.9419725835323335,MEDIUM,True
2023-10-09,2023-10-10,2023-10-24,MSFT,XLK,324.6962643518777,324.2744140625,10,LONG,LONG,71.7336654663086,57.5,0.9444311410188675,HIGH,True
2023-10-10,2023-10-11,2023-10-25,MSFT,XLK,324.9415104974041,334.2225341796875,10,LONG,LONG,77.95766592025757,57.5,1.1582230627536776,HIGH,True
2023-10-11,2023-10-12,2023-10-26,MSFT,XLK,324.31365647453015,321.68438720703125,10,LONG,LONG,74.42300915718079,57.5,1.1407233327627182,HIGH,True
2023-10-12,2023-10-13,2023-10-27,MSFT,XLK,326.08945496838265,323.56805419921875,10,LONG,LONG,74.48449730873108,57.5,1.0613670349121096,HIGH,True
2023-10-13,2023-10-16,2023-10-30,MSFT,XLK,324.78457872571454,330.9261474609375,10,LONG,LONG,78.219473361969,57.5,1.0781828165054321,HIGH,True
2023-10-16,2023-10-17,2023-10-31,MSFT,XLK,323.3522278123477,331.7109680175781,10,LONG,LONG,75.8114755153656,57.5,1.1036670953035355,HIGH,True
2023-10-17,2023-10-18,2023-11-01,MSFT,XLK,326.1973269355328,339.52032470703125,10,LONG,LONG,65.56476950645447,57.5,0.5932283699512482,MEDIUM,True
2023-10-18,2023-10-19,2023-11-02,MSFT,XLK,325.86374730098373,341.72772216796875,10,LONG,LONG,65.56476950645447,57.5,0.5748101472854613,MEDIUM,True
2023-10-19,2023-10-20,2023-11-03,MSFT,XLK,325.441869007456,346.1228942871094,10,LONG,LONG,65.56476950645447,57.5,0.44702333211898826,MEDIUM,True
2023-10-20,2023-10-23,2023-11-06,MSFT,XLK,319.31019990102027,349.7823791503906,10,LONG,LONG,65.56476950645447,57.5,0.6844001561403273,MEDIUM,True
2023-10-23,2023-10-24,2023-11-07,MSFT,XLK,325.02983032476106,353.7066650390625,10,LONG,LONG,65.56476950645447,57.5,0.8322111368179322,MEDIUM,True
2023-10-24,2023-10-25,2023-11-08,MSFT,XLK,338.4901826566504,356.326171875,10,LONG,LONG,65.56476950645447,57.5,1.091289460659027,MEDIUM,True
2023-10-25,2023-10-26,2023-11-09,MSFT,XLK,334.09496805111814,353.8636474609375,10,LONG,LONG,65.56476950645447,57.5,0.6272800564765929,MEDIUM,True
2023-10-26,2023-10-27,2023-11-10,MSFT,XLK,324.1763153652428,362.6737365722656,10,LONG,LONG,65.56476950645447,57.5,0.7792032957077027,MEDIUM,True
2023-10-27,2023-10-30,2023-11-13,MSFT,XLK,327.09996393650596,359.7402648925781,10,LONG,LONG,65.56476950645447,57.5,0.8895500302314757,MEDIUM,True
2023-10-30,2023-10-31,2023-11-14,MSFT,XLK,332.4369832511366,363.26226806640625,10,LONG,LONG,65.56476950645447,57.5,0.7012076526880264,MEDIUM,True
2023-10-31,2023-11-01,2023-11-15,MSFT,XLK,333.35918048886424,363.4097900390625,10,LONG,LONG,65.56476950645447,57.5,0.700419843196869,MEDIUM,True
2023-11-01,2023-11-02,2023-11-16,MSFT,XLK,340.66814542171755,369.79974365234375,10,LONG,LONG,67.29677319526672,57.5,0.3897599577903749,MEDIUM,True
2023-11-02,2023-11-03,2023-11-17,MSFT,XLK,343.0129064819289,363.5867614746094,10,LONG,LONG,67.29677319526672,57.5,0.03695513308048237,MEDIUM,True
2023-11-03,2023-11-06,2023-11-20,MSFT,XLK,346.7606838240873,371.0482177734375,10,SHORT,LONG,67.29677319526672,57.5,-0.05455932021141054,MEDIUM,True
2023-11-06,2023-11-07,2023-11-21,MSFT,XLK,352.59804644995546,366.7521667480469,10,LONG,LONG,63.481831550598145,57.5,0.028840184211731054,LOW,True
2023-11-07,2023-11-08,2023-11-22,MSFT,XLK,354.83491988562287,371.45123291015625,10,LONG,LONG,63.481831550598145,57.5,0.19053322076797474,LOW,True
2023-11-08,2023-11-09,2023-11-24,MSFT,XLK,355.44316251543404,371.0383605957031,10,LONG,LONG,63.481831550598145,57.5,0.2303493171930314,LOW,True
2023-11-09,2023-11-10,2023-11-27,MSFT,XLK,354.6485263333416,372.1983947753906,10,LONG,LONG,63.481831550598145,57.5,0.13474303483963015,LOW,True
2023-11-10,2023-11-13,2023-11-28,MSFT,XLK,361.2511274783557,376.2191467285156,10,LONG,LONG,63.481831550598145,57.5,0.23334129154682168,LOW,True
2023-11-13,2023-11-14,2023-11-29,MSFT,XLK,363.9882832033251,372.4342956542969,10,LONG,LONG,63.481831550598145,57.5,0.2716333568096161,LOW,True
2023-11-14,2023-11-15,2023-11-30,MSFT,XLK,364.99251089097083,372.49334716796875,10,LONG,LONG,63.481831550598145,57.5,0.22233963012695301,LOW,True
2023-11-15,2023-11-16,2023-12-01,MSFT,XLK,364.6779510555463,368.1678466796875,10,LONG,LONG,63.481831550598145,57.5,0.180801883339882,LOW,True
2023-11-16,2023-11-17,2023-12-04,MSFT,XLK,367.28306715379995,362.8887939453125,10,LONG,LONG,63.481831550598145,57.5,0.33551685512065904,LOW,True
2023-11-17,2023-11-20,2023-12-05,MSFT,XLK,364.9335496074717,366.21148681640625,10,LONG,LONG,63.481831550598145,57.5,0.45409806072711945,LOW,True
2023-11-20,2023-11-21,2023-12-06,MSFT,XLK,369.30814244510634,362.55450439453125,10,LONG,LONG,63.481831550598145,57.5,0.37442648410797125,LOW,True
2023-11-21,2023-11-22,2023-12-07,MSFT,XLK,371.5986867063138,364.66815185546875,10,LONG,LONG,63.481831550598145,57.5,0.417454957962036,LOW,True
2023-11-22,2023-11-24,2023-12-08,MSFT,XLK,370.9400480571713,367.8925476074219,10,LONG,LONG,63.481831550598145,57.5,0.4437270611524581,LOW,True
2023-11-24,2023-11-27,2023-12-11,MSFT,XLK,370.3993982063347,365.0121765136719,10,LONG,LONG,63.481831550598145,57.5,0.5299831330776213,LOW,True
2023-11-27,2023-11-28,2023-12-12,MSFT,XLK,371.9428061684763,368.0400695800781,10,LONG,LONG,63.481831550598145,57.5,0.5001766830682753,LOW,True
2023-11-28,2023-11-29,2023-12-13,MSFT,XLK,377.2611498870986,368.0301818847656,10,LONG,LONG,63.481831550598145,57.5,0.7972507029771807,LOW,True
2023-11-29,2023-11-30,2023-12-14,MSFT,XLK,372.0804464632099,359.7330627441406,10,LONG,LONG,63.481831550598145,57.5,0.7282865643501281,LOW,True
2023-11-30,2023-12-01,2023-12-15,MSFT,XLK,370.37974391455106,364.4518127441406,10,LONG,LONG,63.481831550598145,57.5,0.8786467313766481,LOW,True
2023-12-01,2023-12-04,2023-12-18,MSFT,XLK,362.84946292716745,366.3393249511719,10,LONG,LONG,63.481831550598145,57.5,1.1474920362234118,LOW,True
2023-12-04,2023-12-05,2023-12-19,MSFT,XLK,360.24430304947185,366.93902587890625,10,LONG,LONG,63.481831550598145,57.5,1.0343946516513824,LOW,True
2023-12-05,2023-12-06,2023-12-20,MSFT,XLK,367.2142547508921,364.3437194824219,10,LONG,LONG,63.481831550598145,57.5,1.0088002681732176,LOW,True
2023-12-06,2023-12-07,2023-12-21,MSFT,XLK,361.9942125494772,367.2142639160156,10,LONG,LONG,63.481831550598145,57.5,1.0708884447813034,LOW,True
2023-12-07,2023-12-08,2023-12-22,MSFT,XLK,362.9477302195792,368.23663330078125,10,LONG,LONG,63.481831550598145,57.5,0.99488365650177,LOW,True
2023-12-08,2023-12-11,2023-12-26,MSFT,XLK,362.2399548445349,368.3153381347656,10,LONG,LONG,63.481831550598145,57.5,1.0604486018419266,LOW,True
2023-12-11,2023-12-12,2023-12-27,MSFT,XLK,364.56984953786014,367.73529052734375,10,LONG,LONG,63.481831550598145,57.5,1.1731051504611967,LOW,True
2023-12-12,2023-12-13,2023-12-28,MSFT,XLK,369.65223376326037,368.92474365234375,10,LONG,LONG,63.481831550598145,57.5,1.120142787694931,LOW,True
2023-12-13,2023-12-14,2023-12-29,MSFT,XLK,366.9880891500058,369.6719055175781,10,LONG,LONG,63.481831550598145,57.5,1.0884978026151657,LOW,True
2023-12-14,2023-12-15,2024-01-02,MSFT,XLK,360.6375145457429,364.58941650390625,10,LONG,LONG,66.51692986488342,57.5,1.0501627027988434,MEDIUM,True
2023-12-15,2023-12-18,2024-01-03,MSFT,XLK,363.1935335888459,364.32403564453125,10,LONG,LONG,66.51692986488342,57.5,0.7739166021347046,MEDIUM,True
2023-12-18,2023-12-19,2024-01-04,MSFT,XLK,365.1989808015048,361.70904541015625,10,LONG,LONG,66.51692986488342,57.5,1.1044081300497055,MEDIUM,True
2023-12-19,2023-12-20,2024-01-05,MSFT,XLK,368.649551038678,361.5223083496094,10,LONG,LONG,66.51692986488342,57.5,1.1345429122447968,MEDIUM,True
2023-12-20,2023-12-21,2024-01-08,MSFT,XLK,366.25084900799567,368.34478759765625,10,LONG,LONG,66.51692986488342,57.5,1.2025741487741473,MEDIUM,True
2023-12-21,2023-12-22,2024-01-09,MSFT,XLK,367.35188041938636,369.4261779785156,10,LONG,LONG,66.51692986488342,57.5,0.9790109992027282,MEDIUM,True
2023-12-22,2023-12-26,2024-01-10,MSFT,XLK,368.64957681765344,376.2879333496094,10,LONG,LONG,66.51692986488342,57.5,1.1163883209228516,MEDIUM,True
2023-12-26,2023-12-27,2024-01-11,MSFT,XLK,367.3617208659254,378.1164245605469,10,LONG,LONG,66.51692986488342,57.5,0.9716525971889496,MEDIUM,True
2023-12-27,2023-12-28,2024-01-12,MSFT,XLK,369.0132159290277,381.89141845703125,10,LONG,LONG,66.51692986488342,57.5,0.8653363585472106,MEDIUM,True
2023-12-28,2023-12-29,2024-01-16,MSFT,XLK,369.6325745030526,383.66094970703125,10,LONG,LONG,66.51692986488342,57.5,0.9258792251348495,MEDIUM,True
2023-12-29,2024-01-02,2024-01-17,MSFT,XLK,367.52877209819934,382.87445068359375,10,LONG,LONG,66.51692986488342,57.5,1.011835902929306,MEDIUM,True
2024-01-02,2024-01-03,2024-01-18,MSFT,XLK,362.760965291212,387.1999816894531,10,LONG,LONG,65.56476950645447,57.5,1.1225997060537338,MEDIUM,True
2024-01-03,2024-01-04,2024-01-19,MSFT,XLK,364.3928244536736,391.9186706542969,10,LONG,LONG,65.56476950645447,57.5,1.1438478380441666,MEDIUM,True
2024-01-04,2024-01-05,2024-01-22,MSFT,XLK,362.72164936252017,389.7952880859375,10,LONG,LONG,67.29677319526672,57.5,1.1678434312343597,MEDIUM,True
2024-01-05,2024-01-08,2024-01-23,MSFT,XLK,363.04605054064757,392.1447448730469,10,LONG,LONG,67.29677319526672,57.5,1.2334518134593964,MEDIUM,True
2024-01-08,2024-01-09,2024-01-24,MSFT,XLK,365.71019173607624,395.7427978515625,10,LONG,LONG,67.29677319526672,57.5,1.1917931884527206,MEDIUM,True
2024-01-09,2024-01-10,2024-01-25,MSFT,XLK,369.99632077317983,398.01373291015625,10,LONG,LONG,67.29677319526672,57.5,1.1084004342556,MEDIUM,True
2024-01-10,2024-01-11,2024-01-26,MSFT,XLK,379.4632192692285,397.0896301269531,10,LONG,LONG,65.56476950645447,57.5,1.0143411308526993,MEDIUM,True
2024-01-11,2024-01-12,2024-01-29,MSFT,XLK,378.96187275463393,402.78155517578125,10,LONG,LONG,65.56476950645447,57.5,0.8963281959295272,MEDIUM,True
2024-01-12,2024-01-16,2024-01-30,MSFT,XLK,386.9935560466254,401.670654296875,10,LONG,LONG,65.56476950645447,57.5,0.9563386589288712,MEDIUM,True
2024-01-16,2024-01-17,2024-01-31,MSFT,XLK,381.4096929597069,390.84716796875,10,LONG,LONG,65.56476950645447,57.5,0.8911115676164628,MEDIUM,True
2024-01-17,2024-01-18,2024-02-01,MSFT,XLK,385.08639698467385,396.9421691894531,10,LONG,LONG,65.56476950645447,57.5,0.7208014577627182,MEDIUM,True
2024-01-18,2024-01-19,2024-02-02,MSFT,XLK,389.05794692680297,404.2561950683594,10,LONG,LONG,65.14838337898254,57.5,0.5567809492349625,MEDIUM,True
2024-01-19,2024-01-22,2024-02-05,MSFT,XLK,393.2458273875224,398.78045654296875,10,LONG,LONG,63.481831550598145,57.5,0.4405922442674638,LOW,True
2024-01-22,2024-01-23,2024-02-06,MSFT,XLK,389.0480951568549,398.6231994628906,10,LONG,LONG,63.481831550598145,57.5,0.32883924245834356,LOW,True
2024-01-23,2024-01-24,2024-02-07,MSFT,XLK,394.7400819620146,407.0382385253906,10,LONG,LONG,63.481831550598145,57.5,0.48856173455715196,LOW,True
2024-01-24,2024-01-25,2024-02-08,MSFT,XLK,397.47305887361483,407.0971984863281,10,LONG,LONG,63.481831550598145,57.5,0.5456085205078123,LOW,True
2024-01-25,2024-01-26,2024-02-09,MSFT,XLK,397.5221813360267,413.42816162109375,10,LONG,LONG,63.481831550598145,57.5,0.5834722369909286,LOW,True
2024-01-26,2024-01-29,2024-02-12,MSFT,XLK,399.1835322269837,408.2277526855469,10,LONG,LONG,63.481831550598145,57.5,0.6015820503234864,LOW,True
2024-01-29,2024-01-30,2024-02-13,MSFT,XLK,405.2785172108199,399.43914794921875,10,LONG,LONG,63.481831550598145,57.5,0.5567213594913484,LOW,True
2024-01-30,2024-01-31,2024-02-14,MSFT,XLK,400.06832715130344,403.2998352050781,10,LONG,LONG,63.481831550598145,57.5,0.4466512352228166,LOW,True
2024-01-31,2024-02-01,2024-02-15,MSFT,XLK,395.02517954720986,400.4141845703125,10,LONG,LONG,63.481831550598145,57.5,0.34747834503650676,LOW,True
2024-02-01,2024-02-02,2024-02-16,MSFT,XLK,396.97167613203646,397.95196533203125,10,LONG,LONG,63.481831550598145,57.5,0.5094061195850372,LOW,True
2024-02-02,2024-02-05,2024-02-20,MSFT,XLK,402.9584843152066,396.701171875,10,LONG,LONG,63.481831550598145,57.5,0.3174966275691988,LOW,True
2024-02-05,2024-02-06,2024-02-21,MSFT,XLK,399.0066093885159,396.1003723144531,10,LONG,LONG,63.481831550598145,57.5,0.6441138982772827,LOW,True
2024-02-06,2024-02-07,2024-02-22,MSFT,XLK,400.5401902860463,405.42724609375,10,LONG,LONG,63.481831550598145,57.5,0.9219590425491333,LOW,True
2024-02-07,2024-02-08,2024-02-23,MSFT,XLK,407.0382169623767,404.1369934082031,10,LONG,LONG,63.481831550598145,57.5,0.7673720717430114,LOW,True
2024-02-08,2024-02-09,2024-02-26,MSFT,XLK,408.21792675374667,401.3793640136719,10,LONG,LONG,63.481831550598145,57.5,0.8280203640460969,LOW,True
2024-02-09,2024-02-12,2024-02-27,MSFT,XLK,413.43798737008973,401.32025146484375,10,LONG,LONG,63.481831550598145,57.5,0.75588858127594,LOW,True
2024-02-12,2024-02-13,2024-02-28,MSFT,XLK,398.0825128718903,401.5566101074219,10,LONG,LONG,63.481831550598145,57.5,0.8524139225482942,LOW,True
2024-02-13,2024-02-14,2024-02-29,MSFT,XLK,401.9013178119368,407.3871154785156,10,LONG,LONG,63.481831550598145,57.5,1.225128397345543,LOW,True
2024-02-14,2024-02-15,2024-03-01,MSFT,XLK,401.9703171422234,409.21905517578125,10,LONG,LONG,63.481831550598145,57.5,1.3702610433101654,LOW,True
2024-02-15,2024-02-16,2024-03-04,MSFT,XLK,401.7930043986709,408.6477966308594,10,LONG,LONG,63.481831550598145,57.5,1.3778685629367828,LOW,True
2024-02-16,2024-02-20,2024-03-05,MSFT,XLK,397.1443513475326,396.563232421875,10,LONG,LONG,63.481831550598145,57.5,1.2638294249773026,LOW,True
2024-02-20,2024-02-21,2024-03-06,MSFT,XLK,394.12077725006736,396.01177978515625,10,LONG,LONG,63.481831550598145,57.5,0.9887549430131912,LOW,True
2024-02-21,2024-02-22,2024-03-07,MSFT,XLK,403.9893247437461,402.9551696777344,10,LONG,LONG,63.481831550598145,57.5,0.9729811102151872,LOW,True
2024-02-22,2024-02-23,2024-03-08,MSFT,XLK,409.3864380168882,400.07928466796875,10,LONG,LONG,66.51692986488342,57.5,0.8703689873218536,MEDIUM,True
2024-02-23,2024-02-26,2024-03-11,MSFT,XLK,405.24008986741234,398.405029296875,10,LONG,LONG,66.51692986488342,57.5,0.8101930022239684,MEDIUM,True
2024-02-26,2024-02-27,2024-03-12,MSFT,XLK,401.8225215015325,409.00238037109375,10,LONG,LONG,66.51692986488342,57.5,0.8672941476106644,MEDIUM,True
2024-02-27,2024-02-28,2024-03-13,MSFT,XLK,402.0096479981962,408.8251037597656,10,LONG,LONG,66.51692986488342,57.5,0.8800338953733444,MEDIUM,True
2024-02-28,2024-02-29,2024-03-14,MSFT,XLK,402.46269930682627,418.7921142578125,10,LONG,LONG,66.51692986488342,57.5,0.8959127515554426,MEDIUM,True
2024-02-29,2024-03-01,2024-03-15,MSFT,XLK,405.05298754832427,410.1251220703125,10,LONG,LONG,66.51692986488342,57.5,0.7356203943490982,MEDIUM,True
2024-03-01,2024-03-04,2024-03-18,MSFT,XLK,407.1901585103068,411.0115051269531,10,LONG,LONG,66.51692986488342,57.5,0.851266920566559,MEDIUM,True
2024-03-04,2024-03-05,2024-03-19,MSFT,XLK,407.70225951365865,415.0397644042969,10,LONG,LONG,66.51692986488342,57.5,0.8934333771467209,MEDIUM,True
2024-03-05,2024-03-06,2024-03-20,MSFT,XLK,396.87848202355104,418.80194091796875,10,LONG,LONG,66.51692986488342,57.5,1.1450629532337189,MEDIUM,True
2024-03-06,2024-03-07,2024-03-21,MSFT,XLK,399.98080286179095,422.8793640136719,10,LONG,LONG,66.51692986488342,57.5,1.0924671292304993,MEDIUM,True
2024-03-07,2024-03-08,2024-03-22,MSFT,XLK,401.79297194630584,422.2589111328125,10,LONG,LONG,66.51692986488342,57.5,0.8907075077295302,MEDIUM,True
2024-03-08,2024-03-11,2024-03-25,MSFT,XLK,397.65653833769795,416.4678039550781,10,LONG,LONG,66.51692986488342,57.5,1.1433447003364563,MEDIUM,True
2024-03-11,2024-03-12,2024-03-26,MSFT,XLK,401.45816986092404,415.27606201171875,10,LONG,LONG,66.51692986488342,57.5,1.1860660910606384,MEDIUM,True
2024-03-12,2024-03-13,2024-03-27,MSFT,XLK,411.77975394826365,415.05938720703125,10,LONG,LONG,66.51692986488342,57.5,0.7754839211702348,MEDIUM,True
2024-03-13,2024-03-14,2024-03-28,MSFT,XLK,413.88738417925487,414.360107421875,10,LONG,LONG,66.51692986488342,57.5,0.7530866712331772,MEDIUM,True
2024-03-14,2024-03-15,2024-04-01,MSFT,XLK,412.95173236718284,418.15191650390625,10,LONG,LONG,66.51692986488342,57.5,0.8509647995233535,MEDIUM,True
2024-03-15,2024-03-18,2024-04-02,MSFT,XLK,407.9879061886506,415.0692443847656,10,LONG,LONG,65.56476950645447,57.5,0.6550527065992354,MEDIUM,True
2024-03-18,2024-03-19,2024-04-03,MSFT,XLK,411.51386459978374,414.0942077636719,10,LONG,LONG,65.56476950645447,57.5,0.7290443927049638,MEDIUM,True
2024-03-19,2024-03-20,2024-04-04,MSFT,XLK,415.62075700500156,411.5630187988281,10,LONG,LONG,65.56476950645447,57.5,0.6493567824363708,MEDIUM,True
2024-03-20,2024-03-21,2024-04-05,MSFT,XLK,423.3324019440985,419.0875244140625,10,LONG,LONG,65.56476950645447,57.5,0.6843691766262054,MEDIUM,True
2024-03-21,2024-03-22,2024-04-08,MSFT,XLK,423.20442086381706,418.171630859375,10,LONG,LONG,65.56476950645447,57.5,0.2602591663599015,MEDIUM,True
2024-03-22,2024-03-25,2024-04-09,MSFT,XLK,418.8118313903608,419.8360595703125,10,LONG,LONG,63.481831550598145,57.5,0.01796977221965798,LOW,True
2024-03-25,2024-03-26,2024-04-10,MSFT,XLK,419.1761916947957,416.86175537109375,10,LONG,LONG,63.481831550598145,57.5,0.06321297585964204,LOW,True
2024-03-26,2024-03-27,2024-04-11,MSFT,XLK,418.0238957387452,421.46112060546875,10,LONG,LONG,63.481831550598145,57.5,0.3583252727985382,LOW,True
2024-03-27,2024-03-28,2024-04-12,MSFT,XLK,414.5964697982947,415.52227783203125,10,LONG,LONG,63.481831550598145,57.5,0.8265620917081834,LOW,True
2024-03-28,2024-04-01,2024-04-15,MSFT,XLK,417.5412936572551,407.3871154785156,10,LONG,LONG,63.481831550598145,57.5,1.1555545330047607,LOW,True
2024-04-01,2024-04-02,2024-04-16,MSFT,XLK,413.7593326884334,408.3128967285156,10,LONG,LONG,65.56476950645447,57.5,1.0996300131082535,MEDIUM,True
2024-04-02,2024-04-03,2024-04-17,MSFT,XLK,413.3850905644336,405.6142883300781,10,LONG,LONG,65.56476950645447,57.5,1.2576472163200378,MEDIUM,True
2024-04-03,2024-04-04,2024-04-18,MSFT,XLK,418.5655243045058,398.15875244140625,10,LONG,LONG,65.56476950645447,57.5,1.3334696590900423,MEDIUM,True
2024-04-04,2024-04-05,2024-04-19,MSFT,XLK,413.6608379545396,393.08660888671875,10,LONG,LONG,65.56476950645447,57.5,1.2190679609775543,MEDIUM,True
2024-04-05,2024-04-08,2024-04-22,MSFT,XLK,418.7428800514856,394.8988342285156,10,LONG,LONG,65.56476950645447,57.5,1.2764582633972166,MEDIUM,True
2024-04-08,2024-04-09,2024-04-23,MSFT,XLK,419.9936445079337,401.4089050292969,10,LONG,LONG,65.56476950645447,57.5,1.2248394340276718,MEDIUM,True
2024-04-09,2024-04-10,2024-04-24,MSFT,XLK,415.80792292497927,402.8763427734375,10,LONG,LONG,65.56476950645447,57.5,1.144130602478981,MEDIUM,True
2024-04-10,2024-04-11,2024-04-25,MSFT,XLK,419.38303118441615,393.0078430175781,10,LONG,LONG,65.56476950645447,57.5,1.3150519579648972,MEDIUM,True
2024-04-11,2024-04-12,2024-04-26,MSFT,XLK,417.6397710155257,400.1778259277344,10,LONG,LONG,65.56476950645447,57.5,1.1878232359886172,MEDIUM,True
2024-04-12,2024-04-15,2024-04-29,MSFT,XLK,420.1511937797841,396.16925048828125,10,LONG,LONG,65.56476950645447,57.5,1.3299331068992615,MEDIUM,True
2024-04-15,2024-04-16,2024-04-30,MSFT,XLK,408.3030683339737,383.44464111328125,10,LONG,LONG,65.56476950645447,57.5,1.187476471066475,MEDIUM,True
2024-04-16,2024-04-17,2024-05-01,MSFT,XLK,410.94250998116144,388.96978759765625,10,LONG,LONG,65.56476950645447,57.5,1.1052490025758743,MEDIUM,True
2024-04-17,2024-04-18,2024-05-02,MSFT,XLK,404.4226257260466,391.8259582519531,10,LONG,LONG,65.56476950645447,57.5,1.2978077232837677,MEDIUM,True
2024-04-18,2024-04-19,2024-05-03,MSFT,XLK,397.922389385747,400.51263427734375,10,LONG,LONG,66.22095704078674,57.5,1.0911109298467636,LOW,True
2024-04-19,2024-04-22,2024-05-06,MSFT,XLK,394.0321320394096,407.2886657714844,10,LONG,LONG,66.22095704078674,57.5,1.1849001199007034,LOW,True
2024-04-22,2024-04-23,2024-05-07,MSFT,XLK,398.1292267170022,403.1521301269531,10,LONG,LONG,66.22095704078674,57.5,1.1393328309059143,LOW,True
2024-04-23,2024-04-24,2024-05-08,MSFT,XLK,403.36878440202247,404.3339538574219,10,LONG,LONG,66.22095704078674,57.5,1.178107738494873,LOW,True
2024-04-24,2024-04-25,2024-05-09,MSFT,XLK,388.0735680343126,406.08709716796875,10,LONG,LONG,66.22095704078674,57.5,1.1115369349718094,LOW,True
2024-04-25,2024-04-26,2024-05-10,MSFT,XLK,405.93939976601416,408.47052001953125,10,LONG,LONG,66.63956046104431,57.5,1.1936930865049362,LOW,True
2024-04-26,2024-04-29,2024-05-13,MSFT,XLK,399.1238999636444,407.4659423828125,10,LONG,LONG,66.63956046104431,57.5,0.7383407801389695,LOW,True
2024-04-29,2024-04-30,2024-05-14,MSFT,XLK,395.4208268707794,410.26300048828125,10,LONG,LONG,66.63956046104431,57.5,0.8291846662759781,LOW,True
2024-04-30,2024-05-01,2024-05-15,MSFT,XLK,386.6749928264685,417.4360046386719,10,LONG,LONG,66.63956046104431,57.5,0.9857011139392854,LOW,True
2024-05-01,2024-05-02,2024-05-16,MSFT,XLK,391.6486864760746,415.3739318847656,10,LONG,LONG,66.63956046104431,57.5,0.9672142118215561,LOW,True
2024-05-02,2024-05-03,2024-05-17,MSFT,XLK,396.1988407447482,414.6042785644531,10,LONG,LONG,66.22095704078674,57.5,1.099208116531372,LOW,True
2024-05-03,2024-05-06,2024-05-20,MSFT,XLK,402.58092459776026,419.6658935546875,10,LONG,LONG,66.22095704078674,57.5,1.0641021728515625,LOW,True
2024-05-06,2024-05-07,2024-05-21,MSFT,XLK,408.3917165446932,423.3164978027344,10,LONG,LONG,66.22095704078674,57.5,1.0664612501859665,LOW,True
2024-05-07,2024-05-08,2024-05-22,MSFT,XLK,401.999785502548,424.7767333984375,10,LONG,LONG,66.22095704078674,57.5,0.9507631957530975,LOW,True
2024-05-08,2024-05-09,2024-05-23,MSFT,XLK,404.3635513602943,421.3037109375,10,LONG,LONG,66.22095704078674,57.5,0.9602552354335785,LOW,True
2024-05-09,2024-05-10,2024-05-24,MSFT,XLK,406.6977419727187,424.42156982421875,10,LONG,LONG,66.22095704078674,57.5,0.9168478697538377,LOW,True
2024-05-10,2024-05-13,2024-05-28,MSFT,XLK,411.6911003868472,424.5794677734375,10,LONG,LONG,66.22095704078674,57.5,0.8739010840654374,LOW,True
2024-05-13,2024-05-14,2024-05-29,MSFT,XLK,405.79162172220066,423.4447937011719,10,LONG,LONG,66.22095704078674,57.5,0.9110165089368821,LOW,True
2024-05-14,2024-05-15,2024-05-30,MSFT,XLK,412.32511422725236,409.13824462890625,10,LONG,LONG,66.22095704078674,57.5,0.9019698053598405,LOW,True
2024-05-15,2024-05-16,2024-05-31,MSFT,XLK,416.17312397610925,409.59210205078125,10,LONG,LONG,66.22095704078674,57.5,1.021916076540947,LOW,True
2024-05-16,2024-05-17,2024-06-03,MSFT,XLK,416.90321260748334,408.0035705566406,10,LONG,LONG,66.22095704078674,57.5,0.9349413812160492,LOW,True
2024-05-17,2024-05-20,2024-06-04,MSFT,XLK,414.6043237478942,410.51953125,10,LONG,LONG,66.22095704078674,57.5,0.9497388154268264,LOW,True
2024-05-20,2024-05-21,2024-06-05,MSFT,XLK,421.1359581260157,418.3536071777344,10,LONG,LONG,66.22095704078674,57.5,0.938857167959213,LOW,True
2024-05-21,2024-05-22,2024-06-06,MSFT,XLK,424.3524769437673,418.85675048828125,10,LONG,LONG,66.22095704078674,57.5,0.8659887462854385,LOW,True
2024-05-22,2024-05-23,2024-06-07,MSFT,XLK,427.194070817087,418.1957702636719,10,LONG,LONG,66.22095704078674,57.5,0.8877823799848555,LOW,True
2024-05-23,2024-05-24,2024-06-10,MSFT,XLK,421.49118910602255,422.162109375,10,LONG,LONG,66.22095704078674,57.5,0.8409099578857424,LOW,True
2024-05-24,2024-05-28,2024-06-11,MSFT,XLK,423.8986700778892,426.90789794921875,10,LONG,LONG,63.23063373565674,57.5,0.6423617452383041,LOW,True
2024-05-28,2024-05-29,2024-06-12,MSFT,XLK,420.0112068053538,435.1761474609375,10,LONG,LONG,63.23063373565674,57.5,0.7521813958883284,LOW,True
2024-05-29,2024-05-30,2024-06-13,MSFT,XLK,418.63975349144664,435.6892395019531,10,LONG,LONG,63.23063373565674,57.5,0.8369800746440889,LOW,True
2024-05-30,2024-05-31,2024-06-14,MSFT,XLK,411.1904861655314,436.666015625,10,LONG,LONG,63.23063373565674,57.5,0.7750429958105088,LOW,True
2024-05-31,2024-06-03,2024-06-17,MSFT,XLK,409.98676649158153,442.388671875,10,LONG,LONG,64.39989805221558,57.5,0.7479651868343353,LOW,True
2024-06-03,2024-06-04,2024-06-18,MSFT,XLK,406.9280752908703,440.3857116699219,10,LONG,LONG,64.39989805221558,57.5,0.7688424438238143,LOW,True
2024-06-04,2024-06-05,2024-06-20,MSFT,XLK,412.23630472822083,439.7542724609375,10,LONG,LONG,64.39989805221558,57.5,0.96233032643795,LOW,True
2024-06-05,2024-06-06,2024-06-21,MSFT,XLK,418.35357453383523,443.77984619140625,10,LONG,LONG,64.39989805221558,57.5,0.9779698997735977,LOW,True
2024-06-06,2024-06-07,2024-06-24,MSFT,XLK,420.51442686018504,441.697998046875,10,LONG,LONG,64.39989805221558,57.5,0.9058188199996948,LOW,True
2024-06-07,2024-06-10,2024-06-25,MSFT,XLK,419.0344147777948,444.9342041015625,10,LONG,LONG,66.22095704078674,57.5,0.8880697637796402,LOW,True
2024-06-10,2024-06-11,2024-06-26,MSFT,XLK,419.8039664054727,446.12811279296875,10,LONG,LONG,66.22095704078674,57.5,0.9320522397756575,LOW,True
2024-06-11,2024-06-12,2024-06-27,MSFT,XLK,429.51273012432705,446.80889892578125,10,LONG,LONG,66.22095704078674,57.5,0.9258079230785369,LOW,True
2024-06-12,2024-06-13,2024-06-28,MSFT,XLK,434.9689970884557,440.98760986328125,10,LONG,LONG,66.22095704078674,57.5,0.896095871925354,LOW,True
2024-06-13,2024-06-14,2024-07-01,MSFT,XLK,432.43323683903066,450.6371765136719,10,LONG,LONG,66.22095704078674,57.5,0.862397089600563,LOW,True
2024-06-14,2024-06-17,2024-07-02,MSFT,XLK,436.6857791496651,453.1531066894531,10,LONG,LONG,63.23063373565674,57.5,0.9055565297603609,LOW,True
2024-06-17,2024-06-18,2024-07-03,MSFT,XLK,443.7107502283828,454.6231689453125,10,LONG,LONG,63.23063373565674,57.5,0.8538181483745575,LOW,True
2024-06-18,2024-06-20,2024-07-05,MSFT,XLK,440.3462442358131,461.3226623535156,10,LONG,LONG,63.23063373565674,57.5,0.1993980258703231,LOW,True
2024-06-20,2024-06-21,2024-07-08,MSFT,XLK,441.4118686798834,460.0202331542969,10,LONG,LONG,63.23063373565674,57.5,0.2335797995328904,LOW,True
2024-06-21,2024-06-24,2024-07-09,MSFT,XLK,443.7995580906483,453.40960693359375,10,LONG,LONG,63.23063373565674,57.5,0.04333244264125829,LOW,True
2024-06-24,2024-06-25,2024-07-10,MSFT,XLK,442.27021086532676,460.0301513671875,10,LONG,LONG,63.23063373565674,57.5,0.07885743677616114,LOW,True
2024-06-25,2024-06-26,2024-07-11,MSFT,XLK,443.0102641137892,448.63421630859375,10,LONG,LONG,63.23063373565674,57.5,0.16910694539546958,LOW,True
2024-06-26,2024-06-27,2024-07-12,MSFT,XLK,446.1478236075156,447.4995422363281,10,LONG,LONG,63.23063373565674,57.5,0.35339327156543726,LOW,True
2024-06-27,2024-06-28,2024-07-15,MSFT,XLK,447.02596302446955,447.904052734375,10,LONG,LONG,63.23063373565674,57.5,0.41249440610408794,LOW,True
2024-06-28,2024-07-01,2024-07-16,MSFT,XLK,442.67482407885575,443.5232849121094,10,LONG,LONG,63.23063373565674,57.5,0.3982655853033066,LOW,True
2024-07-01,2024-07-02,2024-07-17,MSFT,XLK,447.1542284209129,437.60333251953125,10,LONG,LONG,63.23063373565674,57.5,0.4890039414167405,LOW,True
2024-07-02,2024-07-03,2024-07-18,MSFT,XLK,452.07760022493966,434.4953308105469,10,LONG,LONG,63.23063373565674,57.5,0.5267234295606614,LOW,True
2024-07-03,2024-07-05,2024-07-19,MSFT,XLK,453.4787047518369,431.2788391113281,10,LONG,LONG,63.23063373565674,57.5,0.4195936918258667,LOW,True
2024-07-05,2024-07-08,2024-07-22,MSFT,XLK,460.326095268591,437.0310974121094,10,LONG,LONG,63.23063373565674,57.5,0.4632037281990051,LOW,True
2024-07-08,2024-07-09,2024-07-23,MSFT,XLK,460.77007986409006,438.9156188964844,10,LONG,LONG,63.23063373565674,57.5,0.5143896788358688,LOW,True
2024-07-09,2024-07-10,2024-07-24,MSFT,XLK,455.06725356597207,423.1783752441406,10,LONG,LONG,63.23063373565674,57.5,0.6278496533632278,LOW,True
2024-07-10,2024-07-11,2024-07-25,MSFT,XLK,456.8037581244286,412.81842041015625,10,LONG,LONG,63.23063373565674,57.5,0.6225987225770948,LOW,True
2024-07-11,2024-07-12,2024-07-26,MSFT,XLK,448.26913567933263,419.5968322753906,10,LONG,LONG,63.23063373565674,57.5,0.70426008105278,LOW,True
2024-07-12,2024-07-15,2024-07-29,MSFT,XLK,447.2528536845848,421.0373229980469,10,LONG,LONG,63.23063373565674,57.5,0.6555732190608979,LOW,True
2024-07-15,2024-07-16,2024-07-30,MSFT,XLK,448.1605978328616,417.2781677246094,10,LONG,LONG,63.23063373565674,57.5,0.7610752284526825,LOW,True
2024-07-16,2024-07-17,2024-07-31,MSFT,XLK,436.68574615539535,412.76910400390625,10,LONG,LONG,63.23063373565674,57.5,0.8223043978214264,LOW,True
2024-07-17,2024-07-18,2024-08-01,MSFT,XLK,438.41237105587203,411.545654296875,10,LONG,LONG,63.23063373565674,57.5,0.9041476994752884,LOW,True
2024-07-18,2024-07-19,2024-08-02,MSFT,XLK,427.3223538949878,403.0406188964844,10,LONG,LONG,66.22095704078674,57.5,0.7954890727996825,LOW,True
2024-07-19,2024-07-22,2024-08-05,MSFT,XLK,435.8964446559175,389.8785705566406,10,LONG,LONG,66.22095704078674,57.5,1.1723387986421585,LOW,True
2024-07-22,2024-07-23,2024-08-06,MSFT,XLK,437.9782800404941,394.2790832519531,10,LONG,LONG,66.22095704078674,57.5,1.2877210825681686,LOW,True
2024-07-23,2024-07-24,2024-08-07,MSFT,XLK,434.5743138131604,393.1148376464844,10,LONG,LONG,66.22095704078674,57.5,1.3398916274309158,LOW,True
2024-07-24,2024-07-25,2024-08-08,MSFT,XLK,423.0796754657291,397.31805419921875,10,LONG,LONG,66.22095704078674,57.5,1.2262776196002958,LOW,True
2024-07-25,2024-07-26,2024-08-09,MSFT,XLK,412.6211698751183,400.60357666015625,10,LONG,LONG,66.22095704078674,57.5,1.2136085629463196,LOW,True
2024-07-26,2024-07-29,2024-08-12,MSFT,XLK,425.8225986635412,401.3830261230469,10,LONG,LONG,66.22095704078674,57.5,1.1757331937551498,LOW,True
2024-07-29,2024-07-30,2024-08-13,MSFT,XLK,422.0141226280364,408.487060546875,10,LONG,LONG,66.22095704078674,57.5,1.3359363377094269,LOW,True
2024-07-30,2024-07-31,2024-08-14,MSFT,XLK,414.8904164009859,411.2989807128906,10,LONG,LONG,66.22095704078674,57.5,1.3188188523054125,LOW,True
2024-07-31,2024-08-01,2024-08-15,MSFT,XLK,415.1765852410534,416.162109375,10,LONG,LONG,66.22095704078674,57.5,1.276345819234848,LOW,True
2024-08-01,2024-08-02,2024-08-16,MSFT,XLK,406.98725777167675,413.6317443847656,10,LONG,LONG,66.22095704078674,57.5,1.1426136940717697,LOW,True
2024-08-02,2024-08-05,2024-08-19,MSFT,XLK,383.97836487999916,416.65631103515625,10,LONG,LONG,66.22095704078674,57.5,1.120600387454033,LOW,True
2024-08-05,2024-08-06,2024-08-20,MSFT,XLK,394.66389500260414,419.88848876953125,10,LONG,LONG,66.22095704078674,57.5,1.1457438468933105,LOW,True
2024-08-06,2024-08-07,2024-08-21,MSFT,XLK,403.18865539095805,419.2361755371094,10,LONG,LONG,66.22095704078674,57.5,1.0549184679985046,LOW,True
2024-08-07,2024-08-08,2024-08-22,MSFT,XLK,397.0713892387092,410.7454528808594,10,LONG,LONG,66.22095704078674,57.5,1.1181654632091524,LOW,True
2024-08-08,2024-08-09,2024-08-23,MSFT,XLK,398.64013341356633,411.97113037109375,10,LONG,LONG,66.22095704078674,57.5,1.2277086228132248,LOW,True
2024-08-09,2024-08-12,2024-08-26,MSFT,XLK,401.6296910455733,408.7092590332031,10,LONG,LONG,66.22095704078674,57.5,1.0363945513963702,LOW,True
2024-08-12,2024-08-13,2024-08-27,MSFT,XLK,404.12601069280254,409.0552062988281,10,LONG,LONG,66.22095704078674,57.5,1.072877675294876,LOW,True
2024-08-13,2024-08-14,2024-08-28,MSFT,XLK,409.26646397851016,405.85272216796875,10,LONG,LONG,66.22095704078674,57.5,1.0158516764640808,LOW,True
2024-08-14,2024-08-15,2024-08-29,MSFT,XLK,414.94631960204117,408.3435363769531,10,LONG,LONG,66.22095704078674,57.5,0.9823119938373565,LOW,True
2024-08-15,2024-08-16,2024-08-30,MSFT,XLK,415.73712262611093,412.3171081542969,10,LONG,LONG,66.22095704078674,57.5,1.0002216547727587,LOW,True
2024-08-16,2024-08-19,2024-09-03,MSFT,XLK,414.11601787893187,404.70611572265625,10,LONG,LONG,66.22095704078674,57.5,0.9495136290788652,LOW,True
2024-08-19,2024-08-20,2024-09-04,MSFT,XLK,416.82435482083605,404.17236328125,10,LONG,LONG,66.22095704078674,57.5,0.9518146365880966,LOW,True
2024-08-20,2024-08-21,2024-09-05,MSFT,XLK,419.1768414959673,403.6682434082031,10,LONG,LONG,66.22095704078674,57.5,1.0312987267971039,LOW,True
2024-08-21,2024-08-22,2024-09-06,MSFT,XLK,419.45359039351575,397.0556335449219,10,LONG,LONG,66.22095704078674,57.5,1.1471974849700928,LOW,True
2024-08-22,2024-08-23,2024-09-09,MSFT,XLK,412.15893602611095,401.02911376953125,10,LONG,LONG,66.22095704078674,57.5,1.2584973871707916,LOW,True
2024-08-23,2024-08-26,2024-09-10,MSFT,XLK,411.55596557862424,409.4111022949219,10,LONG,LONG,66.22095704078674,57.5,1.2441687881946564,LOW,True
2024-08-26,2024-08-27,2024-09-11,MSFT,XLK,408.0865261332207,418.1488952636719,10,LONG,LONG,66.22095704078674,57.5,1.2324095219373703,LOW,True
2024-08-27,2024-08-28,2024-09-12,MSFT,XLK,410.08323636580656,422.0630798339844,10,LONG,LONG,66.22095704078674,57.5,1.0859030634164812,LOW,True
2024-08-28,2024-08-29,2024-09-13,MSFT,XLK,410.142500929111,425.611572265625,10,LONG,LONG,66.22095704078674,57.5,1.2148600667715073,LOW,True
2024-08-29,2024-08-30,2024-09-16,MSFT,XLK,410.7949049431994,426.3529052734375,10,LONG,LONG,66.22095704078674,57.5,1.1281172037124634,LOW,True
2024-08-30,2024-09-03,2024-09-17,MSFT,XLK,413.0781880012741,430.11883544921875,10,LONG,LONG,66.22095704078674,57.5,0.6917853355407715,LOW,True
2024-09-03,2024-09-04,2024-09-18,MSFT,XLK,401.2169427939581,425.8290100097656,10,LONG,LONG,66.22095704078674,57.5,1.1157058030366898,LOW,True
2024-09-04,2024-09-05,2024-09-19,MSFT,XLK,402.9071267784607,433.617919921875,10,LONG,LONG,66.22095704078674,57.5,1.272155910730362,LOW,True
2024-09-05,2024-09-06,2024-09-20,MSFT,XLK,404.3305241544344,430.2374267578125,10,LONG,LONG,66.22095704078674,57.5,1.2870575338602066,LOW,True
2024-09-06,2024-09-09,2024-09-23,MSFT,XLK,402.5315288470681,428.497802734375,10,LONG,LONG,66.22095704078674,57.5,1.2545645534992218,LOW,True
2024-09-09,2024-09-10,2024-09-24,MSFT,XLK,403.48047327180706,424.2080383300781,10,LONG,LONG,66.22095704078674,57.5,1.236319288611412,LOW,True
2024-09-10,2024-09-11,2024-09-25,MSFT,XLK,410.6960629554886,427.114013671875,10,LONG,LONG,66.22095704078674,57.5,0.9440259635448456,LOW,True
2024-09-11,2024-09-12,2024-09-26,MSFT,XLK,418.415740735589,426.3232421875,10,LONG,LONG,66.22095704078674,57.5,0.9394565224647522,LOW,True
2024-09-12,2024-09-13,2024-09-27,MSFT,XLK,420.9065970976519,423.0712890625,10,LONG,LONG,66.22095704078674,57.5,1.0162470489740374,LOW,True
2024-09-13,2024-09-16,2024-09-30,MSFT,XLK,425.6214706998335,425.324951171875,10,LONG,LONG,66.22095704078674,57.5,1.0114419162273407,LOW,True
2024-09-16,2024-09-17,2024-10-01,MSFT,XLK,435.14011791593873,415.8260192871094,10,LONG,LONG,66.22095704078674,57.5,0.9792733639478683,LOW,True
2024-09-17,2024-09-18,2024-10-02,MSFT,XLK,429.9705680090547,412.30718994140625,10,LONG,LONG,66.22095704078674,57.5,0.9112242609262466,LOW,True
2024-09-18,2024-09-19,2024-10-03,MSFT,XLK,436.12856118496126,411.7240295410156,10,LONG,LONG,66.22095704078674,57.5,0.8503296673297883,LOW,True
2024-09-19,2024-09-20,2024-10-04,MSFT,XLK,432.1648930552261,411.24957275390625,10,LONG,LONG,66.22095704078674,57.5,0.8686358779668809,LOW,True
2024-09-20,2024-09-23,2024-10-07,MSFT,XLK,429.25888919848313,404.8049621582031,10,LONG,LONG,64.39989805221558,57.5,0.838012084364891,LOW,True
2024-09-23,2024-09-24,2024-10-08,MSFT,XLK,427.9937433882553,409.9151916503906,10,LONG,LONG,64.39989805221558,57.5,0.8900008946657181,LOW,True
2024-09-24,2024-09-25,2024-10-09,MSFT,XLK,424.8603757953974,412.6333923339844,10,LONG,LONG,64.39989805221558,57.5,0.8763311505317688,LOW,True
2024-09-25,2024-09-26,2024-10-10,MSFT,XLK,430.0595370663028,411.0321044921875,10,LONG,LONG,64.39989805221558,57.5,0.8796816766262057,LOW,True
2024-09-26,2024-09-27,2024-10-11,MSFT,XLK,426.5308226116947,411.5065612792969,10,LONG,LONG,64.39989805221558,57.5,0.8490968942642212,LOW,True
2024-09-27,2024-09-30,2024-10-14,MSFT,XLK,423.25911892558076,414.29400634765625,10,LONG,LONG,66.22095704078674,57.5,0.8097925782203674,LOW,True
2024-09-30,2024-10-01,2024-10-15,MSFT,XLK,423.4963084590475,413.8985595703125,10,LONG,LONG,66.22095704078674,57.5,0.9742652326822282,LOW,True
2024-10-01,2024-10-02,2024-10-16,MSFT,XLK,417.6941594936009,411.30889892578125,10,LONG,LONG,66.22095704078674,57.5,1.2398512661457064,LOW,True
2024-10-02,2024-10-03,2024-10-17,MSFT,XLK,412.80142348929195,411.9019470214844,10,LONG,LONG,66.22095704078674,57.5,1.436283752322197,LOW,True
2024-10-03,2024-10-04,2024-10-18,MSFT,XLK,413.40436067339476,413.3252868652344,10,LONG,LONG,66.22095704078674,57.5,1.471977561712265,LOW,True
2024-10-04,2024-10-07,2024-10-21,MSFT,XLK,411.190264062665,413.9381408691406,10,LONG,LONG,66.22095704078674,57.5,1.469345226883888,LOW,True
2024-10-07,2024-10-08,2024-10-22,MSFT,XLK,406.14924457508937,422.56719970703125,10,LONG,LONG,66.22095704078674,57.5,1.48981411755085,LOW,True
2024-10-08,2024-10-09,2024-10-23,MSFT,XLK,411.051885220099,419.6908264160156,10,LONG,LONG,66.22095704078674,57.5,1.5072608143091204,LOW,True
2024-10-09,2024-10-10,2024-10-24,MSFT,XLK,410.42917171763446,419.8193359375,10,LONG,LONG,66.22095704078674,57.5,1.4951882362365725,LOW,True
2024-10-10,2024-10-11,2024-10-25,MSFT,XLK,411.3286496589972,423.1997985839844,10,LONG,LONG,66.22095704078674,57.5,1.3170895427465439,LOW,True
2024-10-11,2024-10-14,2024-10-28,MSFT,XLK,412.9398206598447,421.6578369140625,10,LONG,LONG,66.22095704078674,57.5,1.3045573979616163,LOW,True
2024-10-14,2024-10-15,2024-10-29,MSFT,XLK,417.2987890411578,426.9558410644531,10,LONG,LONG,66.22095704078674,57.5,1.2451556473970413,LOW,True
2024-10-15,2024-10-16,2024-10-30,MSFT,XLK,410.369900734698,427.5291442871094,10,LONG,LONG,66.22095704078674,57.5,1.1261143535375595,LOW,True
2024-10-16,2024-10-17,2024-10-31,MSFT,XLK,417.4767225011017,401.65185546875,10,LONG,LONG,66.22095704078674,57.5,1.1751105189323425,LOW,True
2024-10-17,2024-10-18,2024-11-01,MSFT,XLK,412.31709084461266,405.6253662109375,10,LONG,LONG,67.18167066574097,57.5,1.5608672946691513,LOW,True
2024-10-18,2024-10-21,2024-11-04,MSFT,XLK,411.3088916838687,403.7374267578125,10,LONG,LONG,67.18167066574097,57.5,1.4644626379013062,LOW,True
2024-10-21,2024-10-22,2024-11-05,MSFT,XLK,413.6514683614362,406.7027587890625,10,LONG,LONG,67.18841195106506,57.5,1.4715628027915952,LOW,True
2024-10-22,2024-10-23,2024-11-06,MSFT,XLK,425.87842845603865,415.32196044921875,10,LONG,LONG,67.18167066574097,57.5,1.339192345738411,LOW,True
2024-10-23,2024-10-24,2024-11-07,MSFT,XLK,420.4123746810587,420.5111999511719,10,LONG,LONG,67.18167066574097,57.5,1.32416994869709,LOW,True
2024-10-24,2024-10-25,2024-11-08,MSFT,XLK,421.82588520642906,417.6546630859375,10,LONG,LONG,67.18167066574097,57.5,1.2615314573049545,LOW,True
2024-10-25,2024-10-28,2024-11-11,MSFT,XLK,426.669225694439,413.17706298828125,10,LONG,LONG,67.18167066574097,57.5,1.0032856315374374,LOW,True
2024-10-28,2024-10-29,2024-11-12,MSFT,XLK,423.05149857942604,418.1390075683594,10,LONG,LONG,67.18841195106506,57.5,1.155636638402939,LOW,True
2024-10-29,2024-10-30,2024-11-13,MSFT,XLK,432.38237913794643,420.28387451171875,10,LONG,LONG,67.18167066574097,57.5,1.1381074339151382,LOW,True
2024-10-30,2024-10-31,2024-11-14,MSFT,XLK,410.55766284750285,421.954345703125,10,LONG,LONG,67.18167066574097,57.5,1.1445987224578857,LOW,True
2024-10-31,2024-11-01,2024-11-15,MSFT,XLK,404.2811047814158,410.20184326171875,10,LONG,LONG,65.0592565536499,57.5,1.1909146904945374,LOW,True
2024-11-01,2024-11-04,2024-11-18,MSFT,XLK,405.06193022116906,410.9530334472656,10,LONG,LONG,65.0592565536499,57.5,0.9809589236974715,LOW,True
2024-11-04,2024-11-05,2024-11-19,MSFT,XLK,403.6484884800003,412.9595642089844,10,LONG,LONG,65.0592565536499,57.5,1.0762092769145966,LOW,True
2024-11-05,2024-11-06,2024-11-20,MSFT,XLK,407.65170044035887,410.6861267089844,10,LONG,LONG,65.0592565536499,57.5,1.030699387192726,LOW,True
2024-11-06,2024-11-07,2024-11-21,MSFT,XLK,416.40918800268514,408.913330078125,10,LONG,LONG,65.0592565536499,57.5,0.9702290594577788,LOW,True
2024-11-07,2024-11-08,2024-11-22,MSFT,XLK,420.40251992805025,413.0036926269531,10,LONG,LONG,65.0592565536499,57.5,0.9716362655162812,LOW,True
2024-11-08,2024-11-11,2024-11-25,MSFT,XLK,417.6348987728619,414.776611328125,10,LONG,LONG,65.0592565536499,57.5,0.9056954085826873,LOW,True
2024-11-11,2024-11-12,2024-11-26,MSFT,XLK,413.4142742125201,423.8883972167969,10,LONG,LONG,65.0592565536499,57.5,1.1004029512405396,LOW,True
2024-11-12,2024-11-13,2024-11-27,MSFT,XLK,416.76503743687516,418.93634033203125,10,LONG,LONG,65.0592565536499,57.5,0.9775718748569491,LOW,True
2024-11-13,2024-11-14,2024-11-29,MSFT,XLK,420.0861832561595,419.4018249511719,10,LONG,LONG,65.0592565536499,57.5,1.0325862169265747,LOW,True
2024-11-14,2024-11-15,2024-12-02,MSFT,XLK,414.9661225121513,426.84979248046875,10,LONG,LONG,67.18167066574097,57.5,1.0763776451349258,LOW,True
2024-11-15,2024-11-18,2024-12-03,MSFT,XLK,410.07330906060787,427.06768798828125,10,LONG,LONG,67.18167066574097,57.5,1.0983633249998093,LOW,True
2024-11-18,2024-11-19,2024-12-04,MSFT,XLK,408.3336509537854,433.2280578613281,10,LONG,LONG,67.18167066574097,57.5,1.1801904141902926,LOW,True
2024-11-19,2024-11-20,2024-12-05,MSFT,XLK,412.0501760807684,438.37823486328125,10,LONG,LONG,67.18167066574097,57.5,1.2365097999572754,LOW,True
2024-11-20,2024-11-21,2024-12-06,MSFT,XLK,415.4797975064388,439.3191223144531,10,LONG,LONG,65.79511165618896,57.5,1.3465873599052431,LOW,True
2024-11-21,2024-11-22,2024-12-09,MSFT,XLK,407.42764273220655,441.74560546875,10,LONG,LONG,65.79511165618896,57.5,1.3113272935152056,LOW,True
2024-11-22,2024-11-25,2024-12-10,MSFT,XLK,414.37053686089325,439.0813903808594,10,LONG,LONG,67.18167066574097,57.5,0.9410335719585418,LOW,True
2024-11-25,2024-11-26,2024-12-11,MSFT,XLK,415.56890369905886,444.6871643066406,10,LONG,LONG,67.18167066574097,57.5,1.0484006106853485,LOW,True
2024-11-26,2024-11-27,2024-12-12,MSFT,XLK,421.03601885024915,445.2516784667969,10,LONG,LONG,67.18167066574097,57.5,0.8324865698814392,LOW,True
2024-11-27,2024-11-29,2024-12-13,MSFT,XLK,416.06412568619913,442.9836120605469,10,LONG,LONG,67.18167066574097,57.5,0.8090088069438937,LOW,True
2024-11-29,2024-12-02,2024-12-16,MSFT,XLK,417.52996787602956,447.2622375488281,10,LONG,LONG,67.18167066574097,57.5,0.7604384720325469,LOW,True
2024-12-02,2024-12-03,2024-12-17,MSFT,XLK,425.7207055754366,450.1047668457031,10,LONG,LONG,67.18167066574097,57.5,1.2030689716339111,LOW,True
2024-12-03,2024-12-04,2024-12-18,MSFT,XLK,428.8801143248133,433.1983337402344,10,LONG,LONG,67.18167066574097,57.5,1.2778825461864471,LOW,True
2024-12-04,2024-12-05,2024-12-19,MSFT,XLK,433.72329450893346,432.841796875,10,LONG,LONG,67.18167066574097,57.5,1.2727313339710236,LOW,True
2024-12-05,2024-12-06,2024-12-20,MSFT,XLK,438.0612738202398,432.4159240722656,10,LONG,LONG,67.18167066574097,57.5,1.2853201627731323,LOW,True
2024-12-06,2024-12-09,2024-12-23,MSFT,XLK,438.3583975889403,431.0788879394531,10,LONG,LONG,67.18167066574097,57.5,1.2875935733318329,LOW,True
2024-12-09,2024-12-10,2024-12-24,MSFT,XLK,440.13125981361975,435.1197509765625,10,LONG,LONG,63.440680503845215,57.5,1.1337726265192032,LOW,True
2024-12-10,2024-12-11,2024-12-26,MSFT,XLK,439.7945036123786,433.91143798828125,10,LONG,LONG,63.440680503845215,57.5,0.9286723136901854,LOW,True
2024-12-11,2024-12-12,2024-12-27,MSFT,XLK,444.8059789125675,426.4040832519531,10,LONG,LONG,63.440680503845215,57.5,0.8072902411222457,LOW,True
2024-12-12,2024-12-13,2024-12-30,MSFT,XLK,444.14241275611795,420.7586975097656,10,LONG,LONG,63.440680503845215,57.5,0.6649589389562606,LOW,True
2024-12-13,2024-12-16,2024-12-31,MSFT,XLK,442.9836304987913,417.4606018066406,10,LONG,LONG,63.440680503845215,57.5,0.4486593604087829,LOW,True
2024-12-16,2024-12-17,2025-01-02,MSFT,XLK,446.68784735190707,414.568603515625,10,LONG,LONG,63.440680503845215,57.5,0.4075836539268495,LOW,True
2024-12-17,2024-12-18,2025-01-03,MSFT,XLK,446.9948298056794,419.29290771484375,10,LONG,LONG,63.440680503845215,57.5,0.5059267729520797,LOW,True
2024-12-18,2024-12-19,2025-01-06,MSFT,XLK,437.38780577162396,423.7497863769531,10,LONG,LONG,63.440680503845215,57.5,0.9848412275314333,LOW,True
2024-12-19,2024-12-20,2025-01-07,MSFT,XLK,428.9593493416428,418.322265625,10,LONG,LONG,63.440680503845215,57.5,0.8715340346097946,LOW,True
2024-12-20,2024-12-23,2025-01-08,MSFT,XLK,432.554599216363,420.49127197265625,10,LONG,LONG,63.440680503845215,57.5,0.5533006340265274,LOW,True
2024-12-23,2024-12-24,2025-01-10,MSFT,XLK,430.48460812290455,414.9350280761719,10,LONG,LONG,63.440680503845215,57.5,0.7366270273923873,LOW,True
2024-12-24,2024-12-26,2025-01-13,MSFT,XLK,434.8721433787049,413.1919250488281,10,LONG,LONG,65.79511165618896,57.5,1.0589049011468887,LOW,True
2024-12-26,2024-12-27,2025-01-14,MSFT,XLK,430.4350863105853,411.68646240234375,10,LONG,LONG,65.79511165618896,57.5,0.9714252650737762,LOW,True
2024-12-27,2024-12-30,2025-01-15,MSFT,XLK,421.9769208859116,422.22454833984375,10,LONG,LONG,65.79511165618896,57.5,0.9536006748676301,LOW,True
2024-12-30,2024-12-31,2025-01-16,MSFT,XLK,422.016524265212,420.51104736328125,10,LONG,LONG,65.79511165618896,57.5,1.150100365281105,LOW,True
2024-12-31,2025-01-02,2025-01-17,MSFT,XLK,421.45201157982797,424.91845703125,10,LONG,LONG,65.0592565536499,57.5,1.3742717355489729,LOW,True
2025-01-02,2025-01-03,2025-01-21,MSFT,XLK,417.0446425061394,424.3935241699219,10,LONG,LONG,65.0592565536499,57.5,1.3609995841979983,LOW,True
2025-01-03,2025-01-06,2025-01-22,MSFT,XLK,423.8983428352595,441.9239196777344,10,LONG,LONG,65.0592565536499,57.5,1.1734871864318848,LOW,True
2025-01-06,2025-01-07,2025-01-23,MSFT,XLK,424.8887326935554,442.4289855957031,10,LONG,LONG,65.0592565536499,57.5,1.1839619129896164,LOW,True
2025-01-07,2025-01-08,2025-01-24,MSFT,XLK,419.40180766065134,439.804443359375,10,LONG,LONG,65.0592565536499,57.5,1.3207358866930008,LOW,True
2025-01-08,2025-01-10,2025-01-27,MSFT,XLK,420.5605868581897,430.3954772949219,10,LONG,LONG,65.0592565536499,57.5,1.506918042898178,LOW,True
2025-01-10,2025-01-13,2025-01-28,MSFT,XLK,411.2606004893305,442.9143371582031,10,LONG,LONG,65.78794717788696,57.5,1.5121963769197464,LOW,True
2025-01-13,2025-01-14,2025-01-29,MSFT,XLK,413.8059381113699,438.0909423828125,10,LONG,LONG,65.78794717788696,57.5,1.2911053746938708,LOW,True
2025-01-14,2025-01-15,2025-01-30,MSFT,XLK,415.1133635635626,411.0130310058594,10,LONG,LONG,65.78794717788696,57.5,1.5262984186410904,LOW,True
2025-01-15,2025-01-16,2025-01-31,MSFT,XLK,424.59158895645874,411.08233642578125,10,LONG,LONG,65.78794717788696,57.5,1.4900807589292524,LOW,True
2025-01-16,2025-01-17,2025-02-03,MSFT,XLK,429.9299628963343,406.9820556640625,10,LONG,LONG,65.78794717788696,57.5,1.5101404637098315,LOW,True
2025-01-17,2025-01-21,2025-02-04,MSFT,XLK,426.0772445238866,408.4180603027344,10,LONG,LONG,65.78794717788696,57.5,1.5520420521497726,LOW,True
2025-01-21,2025-01-22,2025-02-05,MSFT,XLK,433.366705345479,409.3292541503906,10,LONG,LONG,65.78794717788696,57.5,1.379830688238144,LOW,True
2025-01-22,2025-01-23,2025-02-06,MSFT,XLK,437.7641319289048,411.83502197265625,10,LONG,LONG,67.18167066574097,57.5,1.2839060872793198,LOW,True
2025-01-23,2025-01-24,2025-02-07,MSFT,XLK,440.8939077892008,405.8232116699219,10,LONG,LONG,67.18167066574097,57.5,1.316368639469147,LOW,True
2025-01-24,2025-01-27,2025-02-10,MSFT,XLK,419.94659323490635,408.26953125,10,LONG,LONG,67.18167066574097,57.5,1.2109966725111008,LOW,True
2025-01-27,2025-01-28,2025-02-11,MSFT,XLK,430.43508134605355,407.49700927734375,10,LONG,LONG,67.18167066574097,57.5,1.1267512142658234,LOW,True
2025-01-28,2025-01-29,2025-02-12,MSFT,XLK,442.4091742886292,405.1199951171875,10,LONG,LONG,67.18167066574097,57.5,1.1905055791139603,LOW,True
2025-01-29,2025-01-30,2025-02-13,MSFT,XLK,414.75680505351727,406.60565185546875,10,LONG,LONG,67.18167066574097,57.5,1.2426221519708633,LOW,True
2025-01-30,2025-01-31,2025-02-14,MSFT,XLK,414.964783031506,404.515869140625,10,LONG,LONG,65.0592565536499,57.5,1.0343329906463623,LOW,True
2025-01-31,2025-02-03,2025-02-18,MSFT,XLK,407.6555317858933,405.7142639160156,10,LONG,LONG,65.0592565536499,57.5,1.1176128685474396,LOW,True
2025-02-03,2025-02-04,2025-02-19,MSFT,XLK,408.73500084687595,410.7950744628906,10,LONG,LONG,65.0592565536499,57.5,1.1927706003189087,LOW,True
2025-02-04,2025-02-05,2025-02-20,MSFT,XLK,408.3982601987221,412.9684753417969,10,LONG,LONG,65.0592565536499,57.5,1.1422906666994095,LOW,True
2025-02-05,2025-02-06,2025-02-21,MSFT,XLK,410.03245657619226,405.108642578125,10,LONG,LONG,67.28184223175049,57.5,1.240555748343468,LOW,True
2025-02-06,2025-02-07,2025-02-24,MSFT,XLK,412.48872643025265,400.9306335449219,10,LONG,LONG,67.28184223175049,57.5,1.0017290264368057,LOW,True
2025-02-07,2025-02-10,2025-02-25,MSFT,XLK,409.7452423090315,394.8769836425781,10,LONG,LONG,67.28184223175049,57.5,1.01157845556736,LOW,True
2025-02-10,2025-02-11,2025-02-26,MSFT,XLK,405.71427148321067,396.69305419921875,10,LONG,LONG,67.28184223175049,57.5,1.1637461930513384,LOW,True
2025-02-11,2025-02-12,2025-02-27,MSFT,XLK,403.3075158999609,389.54779052734375,10,LONG,LONG,67.28184223175049,57.5,1.1860758066177368,LOW,True
2025-02-12,2025-02-13,2025-02-28,MSFT,XLK,403.0995685212682,393.973876953125,10,LONG,LONG,67.28184223175049,57.5,1.277194619178772,LOW,True
2025-02-13,2025-02-14,2025-03-03,MSFT,XLK,403.8820181953633,385.5384521484375,10,LONG,LONG,67.18167066574097,57.5,1.1635233461856842,LOW,True
2025-02-14,2025-02-18,2025-03-04,MSFT,XLK,404.08996621044764,385.6575622558594,10,LONG,LONG,67.18167066574097,57.5,1.2226048707962036,LOW,True
2025-02-18,2025-02-19,2025-03-05,MSFT,XLK,403.9711199361536,397.9732360839844,10,LONG,LONG,67.18841195106506,57.5,1.170895129442215,LOW,True
2025-02-19,2025-02-20,2025-03-06,MSFT,XLK,412.1348608394034,393.8746643066406,10,LONG,LONG,67.18841195106506,57.5,1.1505944281816485,LOW,True
2025-02-20,2025-02-21,2025-03-07,MSFT,XLK,414.16928284227896,390.32183837890625,10,LONG,LONG,67.18841195106506,57.5,1.3787832409143448,LOW,True
2025-02-21,2025-02-24,2025-03-10,MSFT,XLK,405.4063787741937,377.2717590332031,10,LONG,LONG,67.18167066574097,57.5,1.4760083109140394,LOW,True
2025-02-24,2025-02-25,2025-03-11,MSFT,XLK,398.05268403794094,377.5595397949219,10,LONG,LONG,67.18167066574097,57.5,1.5471661388874056,LOW,True
2025-02-25,2025-02-26,2025-03-12,MSFT,XLK,394.9861207223364,380.3581237792969,10,LONG,LONG,67.18167066574097,57.5,1.5747995525598528,LOW,True
2025-02-26,2025-02-27,2025-03-13,MSFT,XLK,398.22137954122604,375.892333984375,10,LONG,LONG,67.18167066574097,57.5,1.5017167180776596,LOW,True
2025-02-27,2025-02-28,2025-03-14,MSFT,XLK,389.67678725566606,385.60791015625,10,LONG,LONG,67.18167066574097,57.5,1.3856343626976015,LOW,True
2025-02-28,2025-03-03,2025-03-17,MSFT,XLK,395.7899873220531,385.74688720703125,10,LONG,LONG,67.18167066574097,57.5,1.1600616723299029,LOW,True
2025-03-03,2025-03-04,2025-03-18,MSFT,XLK,380.487153157592,380.6062316894531,10,LONG,LONG,67.18167066574097,57.5,1.1843173950910568,LOW,True
2025-03-04,2025-03-05,2025-03-19,MSFT,XLK,386.3819822563368,384.8735656738281,10,LONG,LONG,67.18167066574097,57.5,1.1999792158603668,LOW,True
2025-03-05,2025-03-06,2025-03-20,MSFT,XLK,391.28447789138556,383.9009704589844,10,LONG,LONG,67.18167066574097,57.5,1.1323514878749847,LOW,True
2025-03-06,2025-03-07,2025-03-21,MSFT,XLK,389.33936956128906,388.28741455078125,10,LONG,LONG,67.18167066574097,57.5,1.3316239416599274,LOW,True
2025-03-07,2025-03-10,2025-03-24,MSFT,XLK,382.90859827837613,390.0935974121094,10,LONG,LONG,67.18167066574097,57.5,1.335651159286499,LOW,True
2025-03-10,2025-03-11,2025-03-25,MSFT,XLK,376.1205440687611,392.1578063964844,10,LONG,LONG,67.18167066574097,57.5,1.2995033860206604,LOW,True
2025-03-11,2025-03-12,2025-03-26,MSFT,XLK,380.0405779726452,387.0072326660156,10,LONG,LONG,67.18167066574097,57.5,1.4208801686763766,LOW,True
2025-03-12,2025-03-13,2025-03-27,MSFT,XLK,380.2489960755926,387.6125793457031,10,LONG,LONG,67.18167066574097,57.5,1.3058962374925613,LOW,True
2025-03-13,2025-03-14,2025-03-28,MSFT,XLK,376.8946174814204,375.92205810546875,10,LONG,LONG,65.79511165618896,57.5,1.4261641651391983,LOW,True
2025-03-14,2025-03-17,2025-03-31,MSFT,XLK,383.7620820869245,372.5379943847656,10,LONG,LONG,67.18167066574097,57.5,1.3282537311315536,LOW,True
2025-03-17,2025-03-18,2025-04-01,MSFT,XLK,384.1292790671939,379.2863464355469,10,LONG,LONG,67.18167066574097,57.5,1.054328292608261,LOW,True
2025-03-18,2025-03-19,2025-04-02,MSFT,XLK,382.60095534567967,379.2367248535156,10,LONG,LONG,67.18167066574097,57.5,1.117650657892227,LOW,True
2025-03-19,2025-03-20,2025-04-03,MSFT,XLK,382.80932167745146,370.2752990722656,10,LONG,LONG,67.18167066574097,57.5,1.1313822865486145,LOW,True
2025-03-20,2025-03-21,2025-04-04,MSFT,XLK,380.30848991510493,357.1061706542969,10,LONG,LONG,67.18167066574097,57.5,1.2072481662034988,LOW,True
2025-03-21,2025-03-24,2025-04-07,MSFT,XLK,392.3959786933822,355.14117431640625,10,LONG,LONG,67.18167066574097,57.5,1.0600783079862595,LOW,True
2025-03-24,2025-03-25,2025-04-08,MSFT,XLK,390.9272368910712,351.86627197265625,10,LONG,LONG,67.18167066574097,57.5,1.0907164961099625,LOW,True
2025-03-25,2025-03-26,2025-04-09,MSFT,XLK,391.99901639757354,387.52325439453125,10,LONG,LONG,67.18841195106506,57.5,1.0982341766357422,LOW,True
2025-03-26,2025-03-27,2025-04-10,MSFT,XLK,387.1660163642304,378.4527282714844,10,LONG,LONG,67.18167066574097,57.5,1.2197904884815216,LOW,True
2025-03-27,2025-03-28,2025-04-11,MSFT,XLK,385.1315521729189,385.4988098144531,10,LONG,LONG,67.18167066574097,57.5,1.1026866436004639,LOW,True
2025-03-28,2025-03-31,2025-04-14,MSFT,XLK,369.7096411618319,384.8636169433594,10,LONG,LONG,67.28184223175049,57.5,1.3308874815702438,LOW,True
2025-03-31,2025-04-01,2025-04-15,MSFT,XLK,371.80362246362756,382.7994384765625,10,LONG,LONG,67.28184223175049,57.5,1.2243711948394778,LOW,True
2025-04-01,2025-04-02,2025-04-16,MSFT,XLK,375.0983928958324,368.78668212890625,10,LONG,LONG,67.28184223175049,57.5,1.4691380858421328,LOW,True
2025-04-02,2025-04-03,2025-04-17,MSFT,XLK,371.9425583652147,364.9858093261719,10,LONG,LONG,67.28184223175049,57.5,1.5136771947145462,LOW,True
2025-04-03,2025-04-04,2025-04-21,MSFT,XLK,361.36358655898334,356.3916015625,10,LONG,LONG,67.28184223175049,57.5,1.5431662052869797,LOW,True
2025-04-04,2025-04-07,2025-04-22,MSFT,XLK,348.2142236601539,364.0331115722656,10,LONG,LONG,67.28184223175049,57.5,1.2452648133039474,LOW,True
2025-04-07,2025-04-08,2025-04-23,MSFT,XLK,365.46220003690814,371.5456237792969,10,LONG,LONG,67.28184223175049,57.5,1.5950523018836975,LOW,True
2025-04-08,2025-04-09,2025-04-24,MSFT,XLK,350.85399906862426,384.3575134277344,10,LONG,LONG,67.28184223175049,57.5,1.5608968287706377,LOW,True
2025-04-09,2025-04-10,2025-04-25,MSFT,XLK,379.1573256201752,388.8729248046875,10,LONG,LONG,67.28184223175049,57.5,1.2727954685688019,LOW,True
2025-04-10,2025-04-11,2025-04-28,MSFT,XLK,377.74814777589194,388.1882019042969,10,LONG,LONG,67.28184223175049,57.5,1.2651947736740115,LOW,True
2025-04-11,2025-04-14,2025-04-29,MSFT,XLK,390.23251818413166,391.0462951660156,10,LONG,LONG,67.28184223175049,57.5,1.2875079810619354,LOW,True
2025-04-14,2025-04-15,2025-04-30,MSFT,XLK,385.5583162962043,392.2570495605469,10,LONG,LONG,67.28184223175049,57.5,1.0257163345813751,LOW,True
2025-04-15,2025-04-16,2025-05-01,MSFT,XLK,377.77787673053996,422.16802978515625,10,LONG,LONG,67.28184223175049,57.5,0.9810790568590164,LOW,True
2025-04-16,2025-04-17,2025-05-02,MSFT,XLK,370.9104537724408,431.9729919433594,10,LONG,LONG,67.28184223175049,57.5,1.0057512819766998,LOW,True
2025-04-17,2025-04-21,2025-05-05,MSFT,XLK,360.0635031391147,432.8562316894531,10,LONG,LONG,67.28184223175049,57.5,1.218717381358147,LOW,True
2025-04-21,2025-04-22,2025-05-06,MSFT,XLK,360.6192443688487,430.0179443359375,10,LONG,LONG,67.28184223175049,57.5,1.171522065997124,LOW,True
2025-04-22,2025-04-23,2025-05-07,MSFT,XLK,373.20291916052497,430.0576477050781,10,LONG,LONG,54.089709762532976,57.5,1.0755164474248886,LOW,False
2025-04-23,2025-04-24,2025-05-08,MSFT,XLK,372.84566753938213,434.8410339355469,10,LONG,LONG,54.089709762532976,57.5,1.331214249134064,LOW,False
2025-04-24,2025-04-25,2025-05-09,MSFT,XLK,384.0597666334038,435.3967590332031,10,LONG,LONG,54.089709762532976,57.5,0.9910093843936922,LOW,False
2025-04-25,2025-04-28,2025-05-12,MSFT,XLK,388.9821118643913,445.8467712402344,10,LONG,LONG,54.089709762532976,57.5,0.8170846849679947,LOW,False
2025-04-28,2025-04-29,2025-05-13,MSFT,XLK,388.3270916828822,445.72772216796875,10,LONG,LONG,54.089709762532976,57.5,1.0073894411325455,LOW,False
2025-04-29,2025-04-30,2025-05-14,MSFT,XLK,387.3347110069874,449.4988098144531,10,LONG,LONG,54.089709762532976,57.5,0.921085223555565,LOW,False
2025-04-30,2025-05-01,2025-05-15,MSFT,XLK,427.8346397458207,450.512939453125,10,LONG,LONG,54.089709762532976,57.5,0.6698988676071168,LOW,False
2025-05-01,2025-05-02,2025-05-16,MSFT,XLK,428.4598783453456,451.6463317871094,10,LONG,LONG,54.089709762532976,57.5,0.31982710957527155,LOW,False
2025-05-02,2025-05-05,2025-05-19,MSFT,XLK,429.58128511716615,456.2197570800781,10,LONG,LONG,54.089709762532976,57.5,0.28367981314659124,LOW,False
2025-05-05,2025-05-06,2025-05-20,MSFT,XLK,428.91639204817295,455.5238342285156,10,LONG,LONG,54.089709762532976,57.5,0.3412935733795166,LOW,False
2025-05-06,2025-05-07,2025-05-21,MSFT,XLK,430.54391525930873,449.9561767578125,10,LONG,LONG,54.089709762532976,57.5,0.32398241758346547,LOW,False
2025-05-07,2025-05-08,2025-05-22,MSFT,XLK,434.60283673184324,452.23291015625,10,LONG,LONG,54.089709762532976,57.5,0.33182017505168926,LOW,False
2025-05-08,2025-05-09,2025-05-23,MSFT,XLK,436.6570993033328,447.5799560546875,10,LONG,LONG,54.089709762532976,57.5,0.0908671170473099,LOW,False
2025-05-09,2025-05-12,2025-05-27,MSFT,XLK,442.551987565255,458.0292663574219,10,LONG,LONG,54.089709762532976,57.5,0.04927578568458546,LOW,False
2025-05-12,2025-05-13,2025-05-28,MSFT,XLK,444.37803887168343,454.7184753417969,10,LONG,LONG,54.089709762532976,57.5,0.2882690131664277,LOW,False
2025-05-13,2025-05-14,2025-05-29,MSFT,XLK,444.73528972695,456.0308837890625,10,LONG,LONG,54.089709762532976,57.5,0.4726264625787736,LOW,False
2025-05-14,2025-05-15,2025-05-30,MSFT,XLK,448.16655392379437,457.7011413574219,10,LONG,LONG,54.089709762532976,57.5,0.5487158596515657,LOW,False
2025-05-15,2025-05-16,2025-06-02,MSFT,XLK,449.43915228561843,459.3018493652344,10,LONG,LONG,54.089709762532976,57.5,0.6236891448497772,LOW,False
2025-05-16,2025-05-19,2025-06-03,MSFT,XLK,448.27591363294266,460.2961120605469,10,LONG,LONG,54.089709762532976,57.5,0.6335007250308989,LOW,False
2025-05-19,2025-05-20,2025-06-04,MSFT,XLK,452.9587181303489,461.19091796875,10,LONG,LONG,54.089709762532976,57.5,0.7287757396697999,LOW,False
2025-05-20,2025-05-21,2025-06-05,MSFT,XLK,451.94462570262056,464.9788818359375,10,LONG,LONG,54.089709762532976,57.5,0.6737035661935806,LOW,False
2025-05-21,2025-05-22,2025-06-06,MSFT,XLK,452.32241705541014,467.6632995605469,10,LONG,LONG,54.089709762532976,57.5,0.6771648973226548,LOW,False
2025-05-22,2025-05-23,2025-06-09,MSFT,XLK,447.3811293692874,470.0196228027344,10,LONG,LONG,54.089709762532976,57.5,0.3943000733852387,LOW,False
2025-05-23,2025-05-27,2025-06-10,MSFT,XLK,453.8435898996704,468.2001647949219,10,LONG,LONG,54.089709762532976,57.5,0.6056003570556641,LOW,False
2025-05-27,2025-05-28,2025-06-11,MSFT,XLK,458.55619745791415,469.890380859375,10,LONG,LONG,54.089709762532976,57.5,0.40539103746414185,LOW,False
2025-05-28,2025-05-29,2025-06-12,MSFT,XLK,458.884303233251,476.104248046875,10,LONG,LONG,54.089709762532976,57.5,0.49578337371349346,LOW,False
2025-05-29,2025-05-30,2025-06-13,MSFT,XLK,457.0648535034259,472.21685791015625,10,LONG,LONG,54.089709762532976,57.5,0.46058420836925507,LOW,False
2025-05-30,2025-06-02,2025-06-16,MSFT,XLK,454.4997588416313,476.3727111816406,10,LONG,LONG,54.089709762532976,57.5,0.5742523968219756,LOW,False
2025-06-02,2025-06-03,2025-06-17,MSFT,XLK,458.8047753297213,475.279052734375,10,LONG,LONG,54.089709762532976,57.5,0.584568589925766,LOW,False
2025-06-03,2025-06-04,2025-06-18,MSFT,XLK,461.3201720094852,477.4663391113281,10,LONG,LONG,54.089709762532976,57.5,0.6716711819171907,LOW,False
2025-06-04,2025-06-05,2025-06-20,MSFT,XLK,462.2745901279283,474.64276123046875,10,LONG,LONG,54.089709762532976,57.5,0.6117669343948364,LOW,False
2025-06-05,2025-06-06,2025-06-23,MSFT,XLK,467.37496597576217,483.19305419921875,10,LONG,LONG,54.089709762532976,57.5,0.6357358098030091,LOW,False
2025-06-06,2025-06-09,2025-06-24,MSFT,XLK,466.98725027602023,487.279296875,10,LONG,LONG,54.089709762532976,57.5,0.6688116192817688,LOW,False
2025-06-09,2025-06-10,2025-06-25,MSFT,XLK,468.46859445832456,489.4268493652344,10,LONG,LONG,54.089709762532976,57.5,0.7950181961059571,LOW,False
2025-06-10,2025-06-11,2025-06-26,MSFT,XLK,467.3053910772251,494.57696533203125,10,LONG,LONG,54.089709762532976,57.5,0.5843402594327928,LOW,False
2025-06-11,2025-06-12,2025-06-27,MSFT,XLK,472.2764779222473,493.0756530761719,10,LONG,LONG,54.089709762532976,57.5,0.5346760153770447,LOW,False
2025-06-12,2025-06-13,2025-06-30,MSFT,XLK,473.65849556523114,494.53717041015625,10,LONG,LONG,54.089709762532976,57.5,0.6369885057210922,LOW,False
2025-06-13,2025-06-16,2025-07-01,MSFT,XLK,472.4653860858625,489.2081298828125,10,LONG,LONG,54.089709762532976,57.5,0.5226610004901887,LOW,False
2025-06-16,2025-06-17,2025-07-02,MSFT,XLK,472.65428568792316,488.253662109375,10,LONG,LONG,54.089709762532976,57.5,0.41617897152900674,LOW,False
2025-06-17,2025-06-18,2025-07-03,MSFT,XLK,475.2392860574369,495.95892333984375,10,LONG,LONG,54.089709762532976,57.5,0.6420127153396606,LOW,False
2025-06-18,2025-06-20,2025-07-07,MSFT,XLK,479.44488246554124,494.8454284667969,10,LONG,LONG,54.089709762532976,57.5,0.6272729337215421,LOW,False
2025-06-20,2025-06-23,2025-07-08,MSFT,XLK,475.4480376949825,493.75177001953125,10,LONG,LONG,54.089709762532976,57.5,0.7452146112918855,LOW,False
2025-06-23,2025-06-24,2025-07-09,MSFT,XLK,486.1260232932434,500.60198974609375,10,LONG,LONG,54.089709762532976,57.5,0.5539253950119019,LOW,False
2025-06-24,2025-06-25,2025-07-10,MSFT,XLK,489.1981971647186,498.58367919921875,10,LONG,LONG,54.089709762532976,57.5,0.5618037879467009,LOW,False
2025-06-25,2025-06-26,2025-07-11,MSFT,XLK,490.13278082199906,500.4130859375,10,LONG,LONG,54.089709762532976,57.5,0.4089453816413879,LOW,False
2025-06-26,2025-06-27,2025-07-14,MSFT,XLK,494.6763398018984,500.1147766113281,10,LONG,LONG,54.089709762532976,57.5,0.40973246097564686,LOW,False
2025-06-27,2025-06-30,2025-07-15,MSFT,XLK,494.16931223084276,502.89862060546875,10,LONG,LONG,54.089709762532976,57.5,0.38273574411869055,LOW,False
2025-06-30,2025-07-01,2025-07-16,MSFT,XLK,493.602615314542,502.69976806640625,10,LONG,LONG,54.089709762532976,57.5,0.6787184476852418,LOW,False
2025-07-01,2025-07-02,2025-07-17,MSFT,XLK,487.16000918956547,508.7446594238281,10,LONG,LONG,54.089709762532976,57.5,0.9622933864593506,LOW,False
2025-07-02,2025-07-03,2025-07-18,MSFT,XLK,490.95797554637323,507.1041564941406,10,LONG,LONG,54.089709762532976,57.5,0.8863746970891953,LOW,False
2025-07-03,2025-07-07,2025-07-21,MSFT,XLK,494.50739577153047,507.1141357421875,10,LONG,LONG,54.089709762532976,57.5,0.8366222828626633,LOW,False
2025-07-07,2025-07-08,2025-07-22,MSFT,XLK,494.3681843595188,502.35174560546875,10,LONG,LONG,54.089709762532976,57.5,0.8546303659677505,LOW,False
2025-07-08,2025-07-09,2025-07-23,MSFT,XLK,497.4105072423231,502.94830322265625,10,LONG,LONG,54.089709762532976,57.5,1.0672426670789719,LOW,False
2025-07-09,2025-07-10,2025-07-24,MSFT,XLK,500.14458849842043,507.9294128417969,10,LONG,LONG,54.089709762532976,57.5,1.0432399064302444,LOW,False
2025-07-10,2025-07-11,2025-07-25,MSFT,XLK,495.5910910122862,510.7430419921875,10,LONG,LONG,54.089709762532976,57.5,1.1402071118354797,LOW,False
2025-07-11,2025-07-14,2025-07-28,MSFT,XLK,498.6234399223271,509.5400390625,10,LONG,LONG,54.089709762532976,57.5,0.9758851528167727,LOW,False
2025-07-14,2025-07-15,2025-07-29,MSFT,XLK,500.11477392946824,509.609619140625,10,LONG,LONG,54.089709762532976,57.5,0.8750655353069305,LOW,False
2025-07-15,2025-07-16,2025-07-30,MSFT,XLK,502.2623068754336,510.2757873535156,10,LONG,LONG,54.089709762532976,57.5,0.9432649314403534,LOW,False
2025-07-16,2025-07-17,2025-07-31,MSFT,XLK,502.75940886082554,530.4187622070312,10,LONG,LONG,54.089709762532976,57.5,1.0713974833488464,LOW,False
2025-07-17,2025-07-18,2025-08-01,MSFT,XLK,511.5085634207008,521.0829467773438,10,LONG,LONG,54.089709762532976,57.5,1.1094400584697726,LOW,False
2025-07-18,2025-07-21,2025-08-04,MSFT,XLK,503.7834776665751,532.54638671875,10,LONG,LONG,54.089709762532976,57.5,1.1104733347892761,LOW,False
2025-07-21,2025-07-22,2025-08-05,MSFT,XLK,508.01883675363734,524.7019653320312,10,LONG,LONG,54.089709762532976,57.5,1.0839567631483078,LOW,False
2025-07-22,2025-07-23,2025-08-06,MSFT,XLK,503.8232255681408,521.908203125,10,LONG,LONG,54.089709762532976,57.5,1.0563332736492157,LOW,False
2025-07-23,2025-07-24,2025-08-07,MSFT,XLK,505.83158338819493,517.8319091796875,10,LONG,LONG,54.089709762532976,57.5,0.9952688664197922,LOW,False
2025-07-24,2025-07-25,2025-08-08,MSFT,XLK,509.5101527540243,519.02490234375,10,LONG,LONG,54.089709762532976,57.5,0.9872407913208009,LOW,False
2025-07-25,2025-07-28,2025-08-11,MSFT,XLK,511.110930710653,518.7564697265625,10,LONG,LONG,54.089709762532976,57.5,0.8321483284235001,LOW,False
2025-07-28,2025-07-29,2025-08-12,MSFT,XLK,512.5525452747698,526.183349609375,10,LONG,LONG,54.089709762532976,57.5,0.8313563764095308,LOW,False
2025-07-29,2025-07-30,2025-08-13,MSFT,XLK,512.194633411811,517.5734252929688,10,LONG,LONG,54.089709762532976,57.5,0.975268393754959,LOW,False
2025-07-30,2025-07-31,2025-08-14,MSFT,XLK,552.0232408256204,519.46240234375,10,LONG,LONG,54.089709762532976,57.5,0.8739143013954163,LOW,False
2025-07-31,2025-08-01,2025-08-15,MSFT,XLK,531.9100652869249,517.1657104492188,10,LONG,LONG,54.089709762532976,57.5,0.6782054305076599,LOW,False
2025-08-01,2025-08-04,2025-08-18,MSFT,XLK,525.218957545317,514.1134643554688,10,LONG,LONG,54.089709762532976,57.5,0.72118017077446,LOW,False
2025-08-04,2025-08-05,2025-08-19,MSFT,XLK,534.0774948252555,506.8257751464844,10,LONG,LONG,54.089709762532976,57.5,0.6637126207351686,LOW,False
2025-08-05,2025-08-06,2025-08-20,MSFT,XLK,527.8338028961505,502.7991943359375,10,LONG,LONG,54.089709762532976,57.5,0.7348021566867828,LOW,False
2025-08-06,2025-08-07,2025-08-21,MSFT,XLK,523.757448292983,502.15185546875,10,LONG,LONG,54.089709762532976,57.5,0.6789047718048097,LOW,False
2025-08-07,2025-08-08,2025-08-22,MSFT,XLK,519.5816656001966,505.1295166015625,10,LONG,LONG,54.089709762532976,57.5,0.6572808772325517,LOW,False
2025-08-08,2025-08-11,2025-08-25,MSFT,XLK,519.2833770884752,502.17181396484375,10,LONG,LONG,54.089709762532976,57.5,0.5072987079620361,LOW,False
2025-08-11,2025-08-12,2025-08-26,MSFT,XLK,520.7250669698358,499.96099853515625,10,LONG,LONG,54.089709762532976,57.5,0.8251461386680605,LOW,False
2025-08-12,2025-08-13,2025-08-27,MSFT,XLK,529.0368026236954,504.64154052734375,10,LONG,LONG,54.089709762532976,57.5,0.6870619654655458,LOW,False
2025-08-13,2025-08-14,2025-08-28,MSFT,XLK,519.5419572956574,507.529541015625,10,LONG,LONG,54.089709762532976,57.5,0.7563374638557435,LOW,False
2025-08-14,2025-08-15,2025-08-29,MSFT,XLK,519.7507304052322,504.59173583984375,10,LONG,LONG,54.089709762532976,57.5,0.7680082470178604,LOW,False
2025-08-15,2025-08-18,2025-09-02,MSFT,XLK,518.5775833311014,503.0282287597656,10,LONG,LONG,54.089709762532976,57.5,0.9520150423049927,LOW,False
2025-08-18,2025-08-19,2025-09-03,MSFT,XLK,512.0255798217245,503.2572937011719,10,LONG,LONG,54.089709762532976,57.5,0.9246678650379181,LOW,False
2025-08-19,2025-08-20,2025-09-04,MSFT,XLK,506.925219770199,505.866455078125,10,LONG,LONG,54.089709762532976,57.5,1.2865723222494125,LOW,False
2025-08-20,2025-08-21,2025-09-05,MSFT,XLK,501.6041452591809,492.9501647949219,10,LONG,LONG,54.089709762532976,57.5,1.386341080069542,LOW,False
2025-08-21,2025-08-22,2025-09-08,MSFT,XLK,502.1618461633245,496.13690185546875,10,LONG,LONG,54.089709762532976,57.5,1.412334218621254,LOW,False
2025-08-22,2025-08-25,2025-09-09,MSFT,XLK,504.5319946732823,496.34600830078125,10,LONG,LONG,54.089709762532976,57.5,1.2277730256319046,LOW,False
2025-08-25,2025-08-26,2025-09-10,MSFT,XLK,502.2713680297872,498.29791259765625,10,LONG,LONG,54.089709762532976,57.5,1.0617228001356123,LOW,False
2025-08-26,2025-08-27,2025-09-11,MSFT,XLK,499.92117896114246,498.9352722167969,10,LONG,LONG,54.089709762532976,57.5,0.9155909419059752,LOW,False
2025-08-27,2025-08-28,2025-09-12,MSFT,XLK,504.99008260275673,507.7884521484375,10,LONG,LONG,54.089709762532976,57.5,0.8612594902515411,LOW,False
2025-08-28,2025-08-29,2025-09-15,MSFT,XLK,506.5535790393771,513.225830078125,10,LONG,LONG,54.089709762532976,57.5,0.7421235442161561,LOW,False
2025-08-29,2025-09-02,2025-09-16,MSFT,XLK,498.3974910813857,506.9320068359375,10,LONG,LONG,54.089709762532976,57.5,0.8923977613449097,LOW,False
2025-09-02,2025-09-03,2025-09-17,MSFT,XLK,501.70375627159575,507.9079284667969,10,LONG,LONG,54.089709762532976,57.5,1.0335680693387985,LOW,False
2025-09-03,2025-09-04,2025-09-18,MSFT,XLK,502.2116394820944,506.3444519042969,10,LONG,LONG,54.089709762532976,57.5,1.086407482624054,LOW,False
2025-09-04,2025-09-05,2025-09-19,MSFT,XLK,506.9619070760115,515.7852172851562,10,LONG,LONG,54.089709762532976,57.5,1.0105960369110107,LOW,False
2025-09-05,2025-09-08,2025-09-22,MSFT,XLK,496.04724781279185,512.3196411132812,10,LONG,LONG,54.089709762532976,57.5,1.047918826341629,LOW,False
2025-09-08,2025-09-09,2025-09-23,MSFT,XLK,499.3534910580183,507.1212463378906,10,LONG,LONG,54.089709762532976,57.5,1.0411667376756668,LOW,False
2025-09-09,2025-09-10,2025-09-24,MSFT,XLK,500.8971201283455,508.0373840332031,10,LONG,LONG,54.089709762532976,57.5,1.083998441696167,LOW,False
2025-09-10,2025-09-11,2025-09-25,MSFT,XLK,500.17012751524385,504.9303283691406,10,LONG,LONG,54.089709762532976,57.5,1.1581407338380816,LOW,False
2025-09-11,2025-09-12,2025-09-26,MSFT,XLK,504.55191069082485,509.3419494628906,10,LONG,LONG,54.089709762532976,57.5,1.2101349383592606,LOW,False
2025-09-12,2025-09-15,2025-09-29,MSFT,XLK,506.68306017742736,512.4689331054688,10,LONG,LONG,54.089709762532976,57.5,1.0118840485811234,LOW,False
2025-09-15,2025-09-16,2025-09-30,MSFT,XLK,514.7395367165727,515.8051147460938,10,LONG,LONG,54.089709762532976,57.5,1.1816387772560122,LOW,False
2025-09-16,2025-09-17,2025-10-01,MSFT,XLK,508.5054498653079,517.5578002929688,10,LONG,LONG,54.089709762532976,57.5,1.1932155191898346,LOW,False
2025-09-17,2025-09-18,2025-10-02,MSFT,XLK,509.37184097126715,513.6041870117188,10,LONG,LONG,54.089709762532976,57.5,1.2848937213420868,LOW,False
2025-09-18,2025-09-19,2025-10-03,MSFT,XLK,508.44574170609144,515.20751953125,10,LONG,LONG,54.089709762532976,57.5,1.2659129798412323,LOW,False
2025-09-19,2025-09-22,2025-10-06,MSFT,XLK,513.4549348866175,526.3811645507812,10,LONG,LONG,54.089709762532976,57.5,1.136584684252739,LOW,False
2025-09-22,2025-09-23,2025-10-07,MSFT,XLK,511.67229848312854,521.8101196289062,10,LONG,LONG,54.089709762532976,57.5,1.282535582780838,LOW,False
2025-09-23,2025-09-24,2025-10-08,MSFT,XLK,508.26644250853604,522.676513671875,10,LONG,LONG,54.089709762532976,57.5,1.25277778506279,LOW,False
2025-09-24,2025-09-25,2025-10-09,MSFT,XLK,506.1950582100621,520.2366943359375,10,LONG,LONG,54.089709762532976,57.5,1.2627085000276566,LOW,False
2025-09-25,2025-09-26,2025-10-10,MSFT,XLK,507.9477531769938,508.84405517578125,10,LONG,LONG,54.089709762532976,57.5,1.107776865363121,LOW,False
2025-09-26,2025-09-29,2025-10-13,MSFT,XLK,509.3817950243417,511.9212646484375,10,LONG,LONG,54.089709762532976,57.5,1.179276317358017,LOW,False
2025-09-29,2025-09-30,2025-10-14,MSFT,XLK,511.11459757878936,511.4432067871094,10,LONG,LONG,54.089709762532976,57.5,1.0054218173027039,LOW,False
2025-09-30,2025-10-01,2025-10-15,MSFT,XLK,512.6680995330014,511.3038330078125,10,LONG,LONG,54.089709762532976,57.5,1.0939662754535677,LOW,False
2025-10-01,2025-10-02,2025-10-16,MSFT,XLK,515.4963429681408,509.4913330078125,10,LONG,LONG,54.089709762532976,57.5,1.0496979504823685,LOW,False
2025-10-02,2025-10-03,2025-10-17,MSFT,XLK,514.9585548343116,511.4532165527344,10,LONG,LONG,54.089709762532976,57.5,1.1801572889089587,LOW,False
2025-10-03,2025-10-06,2025-10-20,MSFT,XLK,516.4623876768178,514.6498413085938,10,LONG,LONG,54.089709762532976,57.5,1.2643783986568453,LOW,False
2025-10-06,2025-10-07,2025-10-21,MSFT,XLK,526.1022689962125,515.5162963867188,10,LONG,LONG,54.089709762532976,57.5,1.239671230316162,LOW,False
2025-10-07,2025-10-08,2025-10-22,MSFT,XLK,521.1130687043808,518.3843383789062,10,LONG,LONG,54.089709762532976,57.5,1.130304142832756,LOW,False
2025-10-08,2025-10-09,2025-10-23,MSFT,XLK,520.1769452354545,518.404296875,10,LONG,LONG,54.089709762532976,57.5,1.179918184876442,LOW,False
2025-10-09,2025-10-10,2025-10-24,MSFT,XLK,517.4881335274953,521.441650390625,10,LONG,LONG,54.089709762532976,57.5,0.9992182701826096,LOW,False
2025-10-10,2025-10-13,2025-10-27,MSFT,XLK,514.2714771071726,529.3189697265625,10,LONG,LONG,54.089709762532976,57.5,1.1363384276628494,LOW,False
2025-10-13,2025-10-14,2025-10-28,MSFT,XLK,508.1170420708167,539.8251953125,10,LONG,LONG,54.089709762532976,57.5,1.1185375899076464,LOW,False
2025-10-14,2025-10-15,2025-10-29,MSFT,XLK,512.8275263160849,539.3073120117188,10,LONG,LONG,54.089709762532976,57.5,1.1473078578710556,LOW,False
2025-10-15,2025-10-16,2025-10-30,MSFT,XLK,510.4573477017149,523.582763671875,10,LONG,LONG,54.089709762532976,57.5,1.218974366784096,LOW,False
2025-10-16,2025-10-17,2025-10-31,MSFT,XLK,506.9320087638593,515.6656494140625,10,LONG,LONG,54.089709762532976,57.5,1.2145074158906937,LOW,False
2025-10-17,2025-10-20,2025-11-03,MSFT,XLK,512.4788764440519,514.888916015625,10,LONG,LONG,54.089709762532976,57.5,1.1593521535396576,LOW,False
2025-10-20,2025-10-21,2025-11-04,MSFT,XLK,515.3569857054445,512.2001342773438,10,LONG,LONG,54.089709762532976,57.5,1.2181373983621597,LOW,False
