date,entry_date,exit_date,ticker,signal,signal_quality,confidence,expected_return,position_pct,regime_state,entry_price,exit_price,holding_days,net_pnl,exit_reason,sector,capacity_warning
2015-02-13,2015-02-17,2015-02-18,GOOGL,LONG,MEDIUM,51.23,0.66,20.0,bull,27.3707,27.0239,1,-26.1,time_exit,XLK,False
2015-02-17,2015-02-18,2015-02-19,META,LONG,LOW,50.02,0.66,20.0,bull,75.4531,76.6657,1,31.79,time_exit,XLK,False
2015-02-13,2015-02-17,2015-02-20,UNH,LONG,LOW,51.87,0.71,20.0,bull,91.0859,92.696,3,35.19,time_exit,XLV,False
2015-02-18,2015-02-19,2015-02-23,GOOGL,LONG,MEDIUM,51.23,0.7,20.0,bull,26.9391,26.6354,2,-23.26,time_exit,XLK,False
2015-02-19,2015-02-20,2015-02-24,MU,LONG,LOW,50.9,0.68,20.0,bull,31.0062,30.4733,2,-35.09,time_exit,XLK,False
2015-02-20,2015-02-23,2015-02-24,UNH,LONG,LOW,50.6,0.69,20.0,bull,94.1281,95.2479,1,23.72,time_exit,XLV,False
2015-02-23,2015-02-24,2015-02-25,GOOGL,LONG,MEDIUM,51.23,0.69,20.0,bull,26.397,26.822,1,31.66,time_exit,XLK,False
2015-02-24,2015-02-25,2015-02-26,META,LONG,LOW,50.13,0.67,20.0,bull,77.9973,79.2168,1,31.15,time_exit,XLK,False
2015-02-25,2015-02-26,2015-02-27,GOOGL,LONG,MEDIUM,50.83,0.71,20.0,bull,27.1018,27.5531,1,32.84,time_exit,XLK,False
2015-02-24,2015-02-25,2015-03-02,V,LONG,LOW,50.6,0.7,20.0,bull,62.8577,63.8308,3,30.78,time_exit,XLF,False
2015-02-13,2015-02-17,2015-03-03,MSFT,LONG,HIGH,50.92,0.71,20.0,bull,37.7163,37.0435,10,-36.26,time_exit,XLK,False
2015-02-27,2015-03-02,2015-03-03,GOOGL,LONG,MEDIUM,50.15,0.7,20.0,bull,28.1578,28.6588,1,35.23,time_exit,XLK,False
2015-03-03,2015-03-04,2015-03-06,V,LONG,LOW,51.31,0.68,20.0,bull,63.7605,63.2168,2,-17.59,time_exit,XLF,False
2015-02-27,2015-03-02,2015-03-10,UNH,LONG,LOW,50.13,0.66,20.0,bull,94.6626,93.7216,6,-20.3,time_exit,XLV,False
2015-03-02,2015-03-03,2015-03-10,META,LONG,LOW,51.0,0.67,20.0,bull,79.1005,78.1947,5,-23.56,time_exit,XLK,False
2015-03-03,2015-03-04,2015-03-10,GOOGL,LONG,HIGH,50.6,0.67,20.0,bull,28.6529,28.3513,4,-22.03,time_exit,XLK,False
2015-03-06,2015-03-09,2015-03-10,V,LONG,LOW,51.87,0.68,20.0,neutral,62.6887,62.1639,1,-17.23,time_exit,XLF,False
2015-03-10,2015-03-11,2015-03-13,GOOGL,LONG,HIGH,50.32,0.73,20.0,neutral,27.8003,27.4911,2,-23.07,time_exit,XLK,False
2015-03-10,2015-03-11,2015-03-16,UNH,LONG,LOW,51.87,0.71,20.0,neutral,94.3712,96.4517,3,44.09,time_exit,XLV,False
2015-03-10,2015-03-11,2015-03-18,META,LONG,MEDIUM,51.87,0.72,20.0,neutral,77.3016,79.1026,5,46.54,time_exit,XLK,False
2015-03-13,2015-03-16,2015-03-24,GOOGL,LONG,HIGH,50.32,0.75,20.0,neutral,27.6579,28.2093,6,39.37,time_exit,XLK,False
2015-03-10,2015-03-11,2015-03-25,V,LONG,LOW,51.87,0.75,20.0,neutral,61.5558,60.9698,10,-19.46,time_exit,XLF,False
2015-03-16,2015-03-17,2015-03-25,HD,LONG,HIGH,51.87,0.72,20.0,neutral,89.1847,88.2276,6,-21.93,time_exit,XLY,False
2015-03-18,2015-03-19,2015-03-25,MA,LONG,MEDIUM,51.87,0.7,20.0,bull,83.0863,81.8987,4,-29.3,time_exit,XLF,False
2015-03-24,2015-03-25,2015-03-26,GOOGL,LONG,LOW,51.1,0.71,20.0,bull,28.6822,28.3826,1,-22.0,time_exit,XLK,False
2015-03-25,2015-03-26,2015-03-30,UNH,LONG,LOW,51.09,0.71,20.0,neutral,97.0189,99.2312,2,45.59,time_exit,XLV,False
2015-03-26,2015-03-27,2015-03-31,GOOGL,LONG,LOW,50.72,0.73,20.0,neutral,27.9007,27.5969,2,-22.63,time_exit,XLK,False
2015-03-30,2015-03-31,2015-04-01,META,LONG,LOW,51.09,0.73,20.0,bull,82.3677,81.4837,1,-22.01,time_exit,XLK,False
2015-03-31,2015-04-01,2015-04-02,GOOGL,LONG,MEDIUM,51.1,0.67,20.0,neutral,27.5532,27.2595,1,-22.16,time_exit,XLK,False
2015-03-25,2015-03-26,2015-04-08,MA,LONG,MEDIUM,51.87,0.7,20.0,neutral,81.0854,83.0538,8,48.5,time_exit,XLF,False
2015-04-02,2015-04-06,2015-04-13,META,LONG,HIGH,51.09,0.65,20.0,neutral,80.2812,81.7266,5,35.96,time_exit,XLK,False
2015-04-01,2015-04-02,2015-04-15,BRK-B,LONG,MEDIUM,50.02,0.7,20.0,neutral,143.7901,142.5328,8,-17.68,time_exit,XLF,False
2015-04-08,2015-04-09,2015-04-16,UNH,LONG,HIGH,51.87,0.74,20.0,bull,98.4905,100.0009,5,30.92,time_exit,XLV,False
2015-03-25,2015-03-26,2015-04-17,HD,LONG,HIGH,51.87,0.74,20.0,neutral,87.571,86.502,15,-24.75,time_exit,XLY,False
2015-04-13,2015-04-14,2015-04-20,MSFT,LONG,HIGH,50.92,0.72,20.0,bull,35.8552,36.2992,4,24.59,time_exit,XLK,False
2015-04-16,2015-04-17,2015-04-20,MA,LONG,LOW,50.3,0.67,20.0,bull,82.4341,81.7824,1,-16.3,time_exit,XLF,False
2015-04-15,2015-04-16,2015-04-21,MU,LONG,HIGH,50.92,0.71,20.0,bull,27.2548,27.7393,3,35.22,time_exit,XLK,False
2015-04-17,2015-04-20,2015-04-21,META,LONG,HIGH,51.87,0.71,20.0,neutral,81.0158,81.8192,1,19.73,time_exit,XLK,False
2015-04-20,2015-04-21,2015-04-22,UNH,LONG,LOW,51.09,0.68,20.0,neutral,99.4682,98.4126,1,-21.8,time_exit,XLV,False
2015-04-21,2015-04-22,2015-04-23,META,LONG,MEDIUM,50.72,0.7,20.0,neutral,83.7777,83.0719,1,-17.37,time_exit,XLK,False
2015-04-22,2015-04-23,2015-04-24,MSFT,LONG,HIGH,50.15,0.7,20.0,neutral,36.7904,37.3454,1,30.08,time_exit,XLK,False
2015-04-20,2015-04-21,2015-04-27,HD,LONG,LOW,51.31,0.68,20.0,neutral,87.6776,86.9687,4,-16.69,time_exit,XLY,False
2015-04-23,2015-04-24,2015-04-27,META,LONG,MEDIUM,51.87,0.69,20.0,neutral,82.2382,81.3988,1,-21.01,time_exit,XLK,False
2015-04-21,2015-04-22,2015-04-28,BRK-B,LONG,LOW,50.22,0.67,20.0,neutral,141.6071,142.319,4,10.08,time_exit,XLF,False
2015-04-24,2015-04-27,2015-04-28,MU,LONG,HIGH,50.15,0.7,20.0,bull,28.5735,28.2486,1,-23.78,time_exit,XLK,False
2015-04-27,2015-04-28,2015-04-30,GOOGL,LONG,MEDIUM,50.15,0.7,20.0,bull,28.0239,27.7321,2,-21.79,time_exit,XLK,False
2015-04-29,2015-04-30,2015-05-01,V,LONG,MEDIUM,50.36,0.67,20.0,bull,62.2726,61.7197,1,-18.26,time_exit,XLF,False
2015-04-30,2015-05-01,2015-05-04,BRK-B,LONG,LOW,50.92,0.68,20.0,neutral,142.1962,143.3037,1,15.45,time_exit,XLF,False
2015-04-29,2015-04-30,2015-05-05,MU,LONG,HIGH,50.34,0.71,20.0,bull,28.1241,27.8548,3,-20.06,time_exit,XLK,False
2015-05-01,2015-05-04,2015-05-05,META,LONG,MEDIUM,51.1,0.74,20.0,bull,78.8191,77.8656,1,-24.74,time_exit,XLK,False
2015-04-30,2015-05-01,2015-05-07,MA,LONG,HIGH,50.13,0.71,20.0,neutral,84.6529,85.7223,4,25.04,time_exit,XLF,False
2015-05-05,2015-05-06,2015-05-07,MSFT,LONG,MEDIUM,50.3,0.74,20.0,neutral,40.8039,40.2123,1,-29.6,time_exit,XLK,False
2015-05-07,2015-05-08,2015-05-12,MU,LONG,LOW,50.83,0.7,20.0,neutral,26.7372,26.3575,2,-29.32,time_exit,XLK,False
2015-05-04,2015-05-05,2015-05-14,UNH,LONG,LOW,50.72,0.7,20.0,bull,95.2358,98.0557,7,59.47,time_exit,XLV,False
2015-05-05,2015-05-06,2015-05-14,META,LONG,LOW,51.1,0.7,20.0,neutral,77.4681,79.2468,6,45.83,time_exit,XLK,False
2015-05-14,2015-05-15,2015-05-18,MSFT,LONG,HIGH,50.8,0.72,20.0,bull,41.9191,41.4555,1,-22.85,time_exit,XLK,False
2015-05-18,2015-05-19,2015-05-21,V,LONG,MEDIUM,51.21,0.68,20.0,bull,65.1288,64.4529,2,-21.28,time_exit,XLF,False
2015-05-07,2015-05-08,2015-05-26,MA,LONG,MEDIUM,51.87,0.7,20.0,neutral,86.9749,86.2449,11,-17.12,time_exit,XLF,False
2015-05-12,2015-05-13,2015-05-26,HD,LONG,LOW,50.9,0.68,20.0,neutral,87.2269,86.2048,8,-23.64,time_exit,XLY,False
2015-05-21,2015-05-22,2015-05-26,MSFT,LONG,HIGH,51.87,0.7,20.0,bull,40.8365,40.4135,1,-21.36,time_exit,XLK,False
2015-05-26,2015-05-27,2015-05-28,MU,LONG,MEDIUM,50.92,0.7,20.0,neutral,26.7939,27.4616,1,49.07,time_exit,XLK,False
2015-05-14,2015-05-15,2015-05-29,GOOGL,LONG,LOW,50.52,0.66,20.0,bull,27.3317,27.0401,9,-22.32,time_exit,XLK,False
2015-05-28,2015-05-29,2015-06-02,MU,LONG,LOW,50.92,0.68,20.0,bull,27.7608,27.3829,2,-28.23,time_exit,XLK,False
2015-05-26,2015-05-27,2015-06-03,META,LONG,LOW,51.0,0.7,20.0,neutral,79.0879,80.1449,5,26.46,time_exit,XLK,False
2015-05-26,2015-05-27,2015-06-04,V,LONG,HIGH,51.87,0.68,20.0,neutral,63.932,63.2782,6,-20.75,time_exit,XLF,False
2015-05-29,2015-06-01,2015-06-04,BRK-B,LONG,MEDIUM,51.1,0.69,20.0,neutral,143.459,142.357,3,-15.47,time_exit,XLF,False
2015-06-02,2015-06-03,2015-06-04,MA,LONG,MEDIUM,51.87,0.69,20.0,neutral,87.4062,86.7862,1,-14.45,time_exit,XLF,False
2015-06-03,2015-06-04,2015-06-05,MSFT,LONG,LOW,51.1,0.69,20.0,bull,40.3972,40.0266,1,-18.91,time_exit,XLK,False
2015-06-04,2015-06-05,2015-06-08,V,LONG,HIGH,51.87,0.68,20.0,neutral,63.4124,62.9114,1,-16.05,time_exit,XLF,False
2015-06-04,2015-06-05,2015-06-08,BRK-B,LONG,LOW,50.83,0.67,20.0,neutral,141.7073,140.7648,1,-13.39,time_exit,XLF,False
2015-06-04,2015-06-05,2015-06-10,UNH,LONG,LOW,51.31,0.68,20.0,neutral,97.2339,98.4211,3,24.13,time_exit,XLV,False
2015-06-05,2015-06-08,2015-06-10,MA,LONG,LOW,51.31,0.71,20.0,neutral,86.5546,87.1615,2,13.73,time_exit,XLF,False
2015-06-08,2015-06-09,2015-06-10,V,LONG,MEDIUM,51.87,0.71,20.0,neutral,62.8375,63.4944,1,20.44,time_exit,XLF,False
2015-06-08,2015-06-09,2015-06-10,BRK-B,LONG,LOW,50.83,0.71,20.0,neutral,139.4044,140.5836,1,16.66,time_exit,XLF,False
2015-06-10,2015-06-11,2015-06-12,UNH,LONG,MEDIUM,51.87,0.71,20.0,neutral,99.3904,98.5624,1,-16.88,time_exit,XLV,False
2015-06-10,2015-06-11,2015-06-12,GOOGL,LONG,LOW,50.52,0.66,20.0,neutral,27.5352,27.2909,1,-18.49,time_exit,XLK,False
2015-06-10,2015-06-11,2015-06-15,V,LONG,HIGH,51.87,0.7,20.0,neutral,64.7226,64.147,2,-18.12,time_exit,XLF,False
2015-06-11,2015-06-12,2015-06-15,MA,LONG,LOW,51.09,0.7,20.0,bull,88.1084,87.4471,1,-15.24,time_exit,XLF,False
2015-06-12,2015-06-15,2015-06-16,UNH,LONG,MEDIUM,51.31,0.71,20.0,neutral,98.0634,99.3401,1,25.72,time_exit,XLV,False
2015-06-12,2015-06-15,2015-06-18,MSFT,LONG,LOW,51.1,0.66,20.0,neutral,39.2403,39.8155,3,28.67,time_exit,XLK,False
2015-06-15,2015-06-16,2015-06-18,V,LONG,MEDIUM,51.87,0.68,20.0,neutral,63.5617,64.3164,2,23.38,time_exit,XLF,False
2015-06-15,2015-06-16,2015-06-18,META,LONG,LOW,51.1,0.69,20.0,neutral,80.3005,81.5984,2,31.99,time_exit,XLK,False
2015-06-16,2015-06-17,2015-06-19,HD,LONG,MEDIUM,50.33,0.7,20.0,neutral,85.9874,86.8492,2,19.81,time_exit,XLY,False
2015-06-18,2015-06-19,2015-06-22,MSFT,LONG,LOW,51.1,0.71,20.0,bull,40.3969,40.0334,1,-18.62,time_exit,XLK,False
2015-06-18,2015-06-19,2015-06-22,META,LONG,MEDIUM,51.1,0.71,20.0,bull,82.2965,83.5374,1,30.12,time_exit,XLK,False
2015-06-18,2015-06-19,2015-06-24,V,LONG,HIGH,51.87,0.7,20.0,bull,64.3226,63.8047,3,-16.52,time_exit,XLF,False
2015-06-22,2015-06-23,2015-06-24,META,LONG,LOW,51.1,0.68,20.0,bull,84.4142,85.8421,1,33.82,time_exit,XLK,False
2015-06-22,2015-06-23,2015-06-24,UNH,LONG,LOW,51.09,0.68,20.0,bull,101.8728,100.9058,1,-19.31,time_exit,XLV,False
2015-06-19,2015-06-22,2015-06-25,MA,LONG,LOW,50.43,0.69,20.0,bull,89.5508,88.767,3,-17.74,time_exit,XLF,False
2015-06-24,2015-06-25,2015-06-26,V,LONG,LOW,50.8,0.68,20.0,bull,64.4246,63.8688,1,-17.7,time_exit,XLF,False
2015-06-24,2015-06-25,2015-06-26,UNH,LONG,LOW,50.8,0.67,20.0,bull,100.3631,102.293,1,38.55,time_exit,XLV,False
2015-06-24,2015-06-25,2015-06-29,BRK-B,LONG,HIGH,50.15,0.72,20.0,bull,140.2536,139.1914,2,-15.4,time_exit,XLF,False
2015-07-13,2015-07-14,2015-07-16,BRK-B,LONG,HIGH,50.92,0.71,20.0,neutral,141.3345,143.1856,2,26.23,time_exit,XLF,False
2015-07-13,2015-07-14,2015-07-17,META,LONG,LOW,50.96,0.69,20.0,neutral,89.8786,91.813,3,43.12,time_exit,XLK,False
2015-07-13,2015-07-14,2015-07-20,HD,LONG,LOW,50.72,0.7,20.0,neutral,88.9138,88.1575,4,-17.36,time_exit,XLY,False
2015-07-17,2015-07-20,2015-07-21,MSFT,LONG,MEDIUM,50.36,0.67,20.0,neutral,40.2751,40.659,1,18.83,time_exit,XLK,False
2015-07-16,2015-07-17,2015-07-23,BRK-B,LONG,HIGH,50.92,0.72,20.0,neutral,143.9181,142.6286,4,-18.24,time_exit,XLF,False
2015-07-13,2015-07-14,2015-07-27,MA,LONG,MEDIUM,51.87,0.7,20.0,neutral,89.8041,88.9963,9,-18.34,time_exit,XLF,False
2015-07-21,2015-07-22,2015-07-28,MU,LONG,HIGH,50.92,0.68,14.46,neutral,18.1047,19.1408,4,83.22,time_exit,XLK,False
2015-07-28,2015-07-29,2015-07-30,MA,LONG,MEDIUM,51.87,0.73,20.0,neutral,88.581,89.7467,1,26.58,time_exit,XLF,False
2015-07-28,2015-07-29,2015-07-30,UNH,LONG,LOW,51.87,0.71,20.0,neutral,102.249,101.1117,1,-22.86,time_exit,XLV,False
2015-07-28,2015-07-29,2015-07-31,HD,LONG,HIGH,51.87,0.74,20.0,neutral,89.4262,90.4822,2,23.83,time_exit,XLY,False
2015-07-28,2015-07-29,2015-07-31,META,LONG,LOW,50.96,0.7,20.0,neutral,95.7023,94.2737,2,-30.62,time_exit,XLK,False
2015-07-30,2015-07-31,2015-08-05,UNH,LONG,HIGH,51.87,0.74,20.0,neutral,101.1153,102.7672,3,33.08,time_exit,XLV,False
2015-07-31,2015-08-03,2015-08-06,HD,LONG,LOW,51.21,0.71,20.0,neutral,91.3351,90.6584,3,-15.29,time_exit,XLY,False
2015-08-05,2015-08-06,2015-08-07,META,LONG,MEDIUM,50.96,0.72,20.0,bull,96.5567,95.0601,1,-31.97,time_exit,XLK,False
2015-08-07,2015-08-10,2015-08-11,V,LONG,LOW,50.96,0.71,20.0,neutral,69.5384,68.7587,1,-23.09,time_exit,XLF,False
2015-07-31,2015-08-03,2015-08-12,BRK-B,LONG,MEDIUM,50.83,0.74,20.0,neutral,143.3088,142.3487,7,-13.77,time_exit,XLF,False
2015-08-06,2015-08-07,2015-08-13,UNH,LONG,LOW,51.21,0.66,20.0,neutral,102.158,101.0962,4,-21.34,time_exit,XLV,False
2015-07-30,2015-07-31,2015-08-17,GOOGL,LONG,LOW,50.96,0.69,20.0,neutral,33.0143,34.3506,11,81.83,time_exit,XLK,False
2015-08-11,2015-08-12,2015-08-17,MSFT,LONG,LOW,50.32,0.7,20.0,neutral,39.8735,40.5688,3,35.13,time_exit,XLK,False
2015-08-13,2015-08-14,2015-08-17,UNH,LONG,MEDIUM,51.87,0.74,20.0,neutral,101.2023,102.5584,1,27.08,time_exit,XLV,False
2015-08-12,2015-08-13,2015-08-20,META,LONG,LOW,51.87,0.61,20.0,neutral,93.4459,92.3361,5,-24.49,time_exit,XLK,False
2015-08-17,2015-08-18,2015-08-20,MSFT,LONG,HIGH,50.32,0.73,20.0,bull,40.701,40.3091,2,-20.24,time_exit,XLK,False
2015-08-18,2015-08-19,2015-08-20,BRK-B,LONG,LOW,50.83,0.71,20.0,bull,141.1936,140.4731,1,-10.66,time_exit,XLF,False
2015-08-17,2015-08-18,2015-08-21,V,LONG,LOW,51.87,0.71,20.0,bull,69.0667,68.459,3,-18.34,time_exit,XLF,False
2015-09-15,2015-09-16,2015-09-18,MU,LONG,HIGH,50.92,0.72,19.84,neutral,16.0845,15.7127,2,-47.98,time_exit,XLK,False
2015-09-15,2015-09-16,2015-09-18,BRK-B,LONG,LOW,50.52,0.72,20.0,neutral,132.4479,130.6353,2,-28.02,time_exit,XLF,False
2015-09-18,2015-09-21,2015-09-22,GOOGL,LONG,MEDIUM,50.6,0.66,20.0,neutral,33.0578,32.6254,1,-26.93,time_exit,XLK,False
2015-09-18,2015-09-21,2015-09-24,MA,LONG,LOW,50.79,0.65,20.0,neutral,87.1544,85.8992,3,-29.21,time_exit,XLF,False
2015-09-15,2015-09-16,2015-09-28,MSFT,LONG,MEDIUM,50.92,0.69,20.0,neutral,38.212,37.5405,8,-36.32,time_exit,XLK,False
2015-09-15,2015-09-16,2015-09-28,HD,LONG,LOW,50.03,0.72,20.0,neutral,90.6026,89.3184,8,-29.08,time_exit,XLY,False
2015-10-02,2015-10-05,2015-10-07,V,LONG,MEDIUM,51.0,0.66,20.0,neutral,66.0977,67.5539,2,43.69,time_exit,XLF,False
2015-10-05,2015-10-06,2015-10-07,UNH,LONG,LOW,51.1,0.72,20.0,neutral,100.7123,99.2993,1,-28.43,time_exit,XLV,False
2015-10-07,2015-10-08,2015-10-12,UNH,LONG,MEDIUM,51.1,0.73,20.0,neutral,98.1577,100.8682,2,55.07,time_exit,XLV,False
2015-10-02,2015-10-05,2015-10-13,GOOGL,LONG,LOW,50.8,0.66,20.0,neutral,32.8643,33.5893,6,43.45,time_exit,XLK,False
2015-10-12,2015-10-13,2015-10-14,BRK-B,LONG,MEDIUM,50.92,0.7,20.0,neutral,133.1914,132.1646,1,-15.83,time_exit,XLF,False
2015-10-02,2015-10-05,2015-10-15,META,LONG,HIGH,50.8,0.72,20.0,neutral,92.3552,94.9676,8,56.26,time_exit,XLK,False
2015-10-07,2015-10-08,2015-10-15,V,LONG,LOW,50.9,0.69,20.0,neutral,67.9021,69.5969,5,49.66,time_exit,XLF,False
2015-10-15,2015-10-16,2015-10-19,BRK-B,LONG,HIGH,50.92,0.71,20.0,neutral,134.9264,133.6987,1,-18.69,time_exit,XLF,False
2015-10-14,2015-10-15,2015-10-20,MU,LONG,HIGH,50.92,0.71,18.69,neutral,18.439,17.9596,3,-50.21,time_exit,XLK,False
2015-10-13,2015-10-14,2015-10-22,MA,LONG,MEDIUM,50.3,0.68,20.0,neutral,89.9772,91.5977,6,36.36,time_exit,XLF,False
2015-10-19,2015-10-20,2015-10-22,BRK-B,LONG,HIGH,50.92,0.7,20.0,neutral,133.4654,135.1561,2,25.78,time_exit,XLF,False
2015-10-20,2015-10-21,2015-10-22,UNH,LONG,LOW,50.03,0.7,20.0,neutral,101.7492,100.4881,1,-25.41,time_exit,XLV,False
2015-10-20,2015-10-21,2015-10-23,MSFT,LONG,LOW,50.8,0.68,20.0,neutral,41.6452,42.1473,2,24.03,time_exit,XLK,False
2015-10-22,2015-10-23,2015-10-26,BRK-B,LONG,HIGH,50.92,0.69,20.0,bull,138.2032,136.8347,1,-20.27,time_exit,XLF,False
2015-10-27,2015-10-28,2015-11-02,BRK-B,LONG,HIGH,50.34,0.7,20.0,bull,136.0016,137.793,3,26.61,time_exit,XLF,False
2015-10-30,2015-11-02,2015-11-03,HD,LONG,LOW,51.09,0.68,20.0,bull,96.976,97.6039,1,12.95,time_exit,XLY,False
2015-11-02,2015-11-03,2015-11-04,V,LONG,HIGH,51.87,0.74,20.0,bull,69.883,71.4588,1,45.72,time_exit,XLF,False
2015-10-30,2015-11-02,2015-11-05,MU,LONG,HIGH,50.83,0.71,16.25,bull,16.5727,16.1245,3,-45.67,time_exit,XLK,False
2015-11-03,2015-11-04,2015-11-05,BRK-B,LONG,LOW,51.23,0.72,20.0,bull,138.2073,136.802,1,-21.25,time_exit,XLF,False
2015-10-30,2015-11-02,2015-11-06,MA,LONG,MEDIUM,51.87,0.67,20.0,bull,92.9767,94.5287,4,33.7,time_exit,XLF,False
2015-11-04,2015-11-05,2015-11-06,META,LONG,MEDIUM,51.09,0.74,20.0,bull,108.1136,106.8189,1,-24.87,time_exit,XLK,False
2015-11-05,2015-11-06,2015-11-09,BRK-B,LONG,LOW,50.83,0.72,20.0,bull,136.6449,135.3127,1,-20.05,time_exit,XLF,False
2015-11-05,2015-11-06,2015-11-09,V,LONG,MEDIUM,50.72,0.73,20.0,bull,74.0121,73.0463,1,-26.92,time_exit,XLF,False
2015-11-06,2015-11-09,2015-11-10,MSFT,LONG,HIGH,50.8,0.67,20.0,bull,47.4095,46.6941,1,-31.09,time_exit,XLK,False
2015-11-06,2015-11-09,2015-11-12,MA,LONG,MEDIUM,50.8,0.68,20.0,bull,94.9879,94.0914,3,-19.39,time_exit,XLF,False
2015-11-09,2015-11-10,2015-11-12,HD,LONG,LOW,50.13,0.67,20.0,bull,97.1712,96.5495,2,-13.14,time_exit,XLY,False
2015-11-10,2015-11-11,2015-11-13,MSFT,LONG,LOW,50.96,0.68,20.0,bull,46.6707,45.9256,2,-32.86,time_exit,XLK,False
2015-11-12,2015-11-13,2015-11-16,HD,LONG,MEDIUM,50.8,0.68,20.0,neutral,96.0869,95.449,1,-13.58,time_exit,XLY,False
2015-11-09,2015-11-10,2015-11-18,V,LONG,MEDIUM,50.8,0.68,20.0,bull,72.3561,74.0529,6,47.13,time_exit,XLF,False
2015-11-13,2015-11-16,2015-11-18,META,LONG,MEDIUM,51.87,0.74,20.0,neutral,102.6693,105.5124,2,55.03,time_exit,XLK,False
2015-11-16,2015-11-17,2015-11-20,GOOGL,LONG,LOW,51.09,0.75,20.0,neutral,37.3712,37.9416,3,30.2,time_exit,XLK,False
2015-11-18,2015-11-19,2015-11-24,V,LONG,LOW,51.87,0.68,20.0,bull,75.1042,74.1827,3,-25.22,time_exit,XLF,False
2015-11-20,2015-11-23,2015-11-24,GOOGL,LONG,HIGH,51.87,0.71,20.0,bull,38.6116,38.2268,1,-20.81,time_exit,XLK,False
2015-11-24,2015-11-25,2015-11-30,META,LONG,LOW,51.87,0.74,20.0,bull,105.6519,104.1504,2,-28.98,time_exit,XLK,False
2015-11-24,2015-11-25,2015-11-30,GOOGL,LONG,HIGH,51.87,0.74,20.0,bull,38.3225,37.943,2,-20.59,time_exit,XLK,False
2015-11-18,2015-11-19,2015-12-01,MSFT,LONG,HIGH,51.87,0.68,20.0,bull,47.2377,48.0429,7,34.23,time_exit,XLK,False
2015-11-12,2015-11-13,2015-12-02,MA,LONG,LOW,50.8,0.67,20.0,neutral,92.2148,91.3389,12,-19.36,time_exit,XLF,False
2015-11-30,2015-12-01,2015-12-02,V,LONG,LOW,51.87,0.61,20.0,bull,74.1037,73.5128,1,-16.33,time_exit,XLF,False
2015-12-01,2015-12-02,2015-12-03,MU,LONG,LOW,50.92,0.71,20.0,bull,16.1138,15.8655,1,-32.53,time_exit,XLK,False
2015-12-02,2015-12-03,2015-12-07,UNH,LONG,LOW,50.92,0.69,20.0,bull,99.7435,98.1612,2,-31.94,time_exit,XLV,False
2015-12-03,2015-12-04,2015-12-07,MA,LONG,LOW,50.23,0.68,20.0,neutral,90.6479,91.6567,1,21.93,time_exit,XLF,False
2015-12-02,2015-12-03,2015-12-09,V,LONG,LOW,51.87,0.68,20.0,bull,73.9459,73.3609,4,-16.1,time_exit,XLF,False
2015-11-30,2015-12-01,2015-12-10,GOOGL,LONG,LOW,51.87,0.6,20.0,bull,38.0864,37.7106,7,-20.4,time_exit,XLK,False
2015-12-11,2015-12-14,2015-12-15,V,LONG,LOW,50.8,0.75,20.0,neutral,71.0013,72.2724,1,35.53,time_exit,XLF,False
2015-12-11,2015-12-14,2015-12-16,MSFT,LONG,MEDIUM,50.8,0.75,20.0,neutral,47.5324,48.3058,2,32.12,time_exit,XLK,False
2015-12-07,2015-12-08,2015-12-17,UNH,LONG,HIGH,50.15,0.65,20.0,bull,97.3303,100.6042,7,67.32,time_exit,XLV,False
2015-12-15,2015-12-16,2015-12-17,V,LONG,HIGH,50.8,0.74,20.0,neutral,74.0297,73.1537,1,-24.16,time_exit,XLF,False
2015-12-18,2015-12-21,2015-12-28,GOOGL,LONG,LOW,50.8,0.74,20.0,neutral,37.8929,38.7165,4,43.29,time_exit,XLK,False
2015-12-18,2015-12-21,2015-12-29,MSFT,LONG,MEDIUM,50.8,0.74,20.0,neutral,48.0136,49.1331,5,46.59,time_exit,XLK,False
2015-12-28,2015-12-29,2015-12-31,UNH,LONG,HIGH,51.1,0.7,20.0,neutral,100.6486,99.7707,2,-18.01,time_exit,XLV,False
2015-12-29,2015-12-30,2015-12-31,GOOGL,LONG,LOW,51.87,0.65,20.0,neutral,39.4272,39.0049,1,-22.53,time_exit,XLK,False
2015-12-21,2015-12-22,2016-01-04,META,LONG,MEDIUM,51.31,0.75,20.0,neutral,104.5511,103.1691,7,-26.85,time_exit,XLK,False
2015-12-11,2015-12-14,2016-01-06,HD,LONG,HIGH,50.8,0.74,20.0,neutral,102.7681,101.6785,15,-21.4,time_exit,XLY,False
2016-01-29,2016-02-01,2016-02-02,BRK-B,LONG,LOW,50.52,0.7,20.0,neutral,129.1243,127.4995,1,-25.57,time_exit,XLF,False
2016-01-29,2016-02-01,2016-02-03,GOOGL,LONG,LOW,51.56,0.67,20.0,neutral,38.3003,37.7137,2,-31.46,time_exit,XLK,False
2016-01-29,2016-02-01,2016-02-03,UNH,LONG,HIGH,50.52,0.7,20.0,neutral,97.2253,95.801,2,-29.8,time_exit,XLV,False
2016-01-29,2016-02-01,2016-02-04,HD,LONG,MEDIUM,50.79,0.7,20.0,neutral,97.9354,96.4615,3,-30.6,time_exit,XLY,False
2016-02-03,2016-02-04,2016-02-08,UNH,LONG,HIGH,50.52,0.71,20.0,neutral,95.3968,94.087,2,-27.64,time_exit,XLV,False
2016-02-03,2016-02-04,2016-02-17,BRK-B,LONG,MEDIUM,50.15,0.7,20.0,neutral,126.2706,129.4852,8,50.7,time_exit,XLF,False
2016-02-16,2016-02-17,2016-02-25,META,LONG,MEDIUM,50.96,0.71,20.0,neutral,101.3897,106.9981,6,110.32,time_exit,XLK,False
2016-02-25,2016-02-26,2016-02-29,GOOGL,LONG,HIGH,51.56,0.72,20.0,neutral,36.431,36.0322,1,-22.87,time_exit,XLK,False
2016-02-29,2016-03-01,2016-03-02,GOOGL,LONG,LOW,50.33,0.64,20.0,neutral,35.8208,36.4009,1,32.1,time_exit,XLK,False
2016-02-16,2016-02-17,2016-03-10,V,LONG,HIGH,50.52,0.74,20.0,neutral,66.9719,65.6176,16,-40.7,time_exit,XLF,False
2016-02-16,2016-02-17,2016-03-15,MSFT,LONG,LOW,50.79,0.69,20.0,neutral,45.3712,46.8397,19,64.22,time_exit,XLK,False
2016-03-10,2016-03-11,2016-03-16,META,LONG,MEDIUM,50.34,0.69,20.0,bull,107.812,109.9022,3,39.0,time_exit,XLK,False
2016-02-17,2016-02-18,2016-03-17,MA,LONG,HIGH,50.92,0.67,20.0,neutral,81.5567,84.7054,20,77.75,time_exit,XLF,False
2016-03-14,2016-03-15,2016-03-29,GOOGL,LONG,MEDIUM,50.34,0.67,20.0,bull,37.049,37.7582,9,38.57,time_exit,XLK,False
2016-03-15,2016-03-16,2016-03-30,MSFT,LONG,LOW,50.34,0.68,20.0,bull,47.1,48.2265,9,48.62,time_exit,XLK,False
2016-03-23,2016-03-24,2016-03-30,BRK-B,LONG,LOW,50.72,0.68,20.0,bull,140.4176,141.8699,3,21.17,time_exit,XLF,False
2016-03-29,2016-03-30,2016-03-31,GOOGL,LONG,MEDIUM,50.8,0.68,20.0,bull,38.1509,37.8381,1,-17.56,time_exit,XLK,False
2016-03-23,2016-03-24,2016-04-05,UNH,LONG,MEDIUM,50.6,0.71,20.0,bull,109.6457,108.8394,7,-15.35,time_exit,XLV,False
2016-03-30,2016-03-31,2016-04-06,HD,LONG,LOW,50.8,0.67,20.0,bull,105.2913,106.0838,4,15.42,time_exit,XLY,False
2016-03-31,2016-04-01,2016-04-06,GOOGL,LONG,MEDIUM,51.31,0.71,20.0,bull,37.6021,37.9564,3,18.96,time_exit,XLK,False
2016-03-30,2016-03-31,2016-04-07,MSFT,LONG,MEDIUM,50.8,0.69,20.0,bull,48.4217,47.9168,5,-22.07,time_exit,XLK,False
2016-04-06,2016-04-07,2016-04-12,MU,LONG,HIGH,50.52,0.71,20.0,bull,10.1832,9.9682,3,-45.9,time_exit,XLK,False
2016-04-08,2016-04-11,2016-04-13,MSFT,LONG,LOW,50.8,0.68,20.0,bull,48.0162,48.6134,2,25.45,time_exit,XLK,False
2016-04-08,2016-04-11,2016-04-14,UNH,LONG,LOW,50.8,0.68,20.0,bull,106.9748,108.3075,3,25.74,time_exit,XLV,False
2016-04-08,2016-04-11,2016-04-15,META,LONG,MEDIUM,50.8,0.68,20.0,bull,110.017,108.7524,4,-24.12,time_exit,XLK,False
2016-04-12,2016-04-13,2016-04-18,HD,LONG,HIGH,51.87,0.74,20.0,bull,106.3156,107.1061,3,15.15,time_exit,XLY,False
2016-04-13,2016-04-14,2016-04-18,GOOGL,LONG,MEDIUM,51.87,0.63,20.0,bull,38.5053,38.94,2,22.79,time_exit,XLK,False
2016-04-14,2016-04-15,2016-04-18,MSFT,LONG,MEDIUM,51.87,0.61,20.0,bull,48.7295,49.3554,1,26.15,time_exit,XLK,False
2016-04-15,2016-04-18,2016-04-19,UNH,LONG,LOW,51.87,0.68,20.0,bull,107.8662,108.9994,1,21.56,time_exit,XLV,False
2016-04-18,2016-04-19,2016-04-20,HD,LONG,HIGH,51.87,0.72,20.0,bull,107.8425,107.064,1,-15.22,time_exit,XLY,False
2016-04-18,2016-04-19,2016-04-20,MSFT,LONG,LOW,50.6,0.71,20.0,bull,49.9009,49.5018,1,-17.07,time_exit,XLK,False
2016-04-19,2016-04-20,2016-04-22,UNH,LONG,MEDIUM,51.87,0.71,20.0,bull,111.6137,112.9932,2,25.51,time_exit,XLV,False
2016-04-20,2016-04-21,2016-04-22,META,LONG,LOW,50.96,0.69,20.0,bull,111.8523,110.5379,1,-24.73,time_exit,XLK,False
2016-04-18,2016-04-19,2016-04-26,BRK-B,LONG,LOW,50.6,0.71,20.0,bull,144.9864,146.2734,5,18.34,time_exit,XLF,False
2016-04-22,2016-04-25,2016-04-26,GOOGL,LONG,MEDIUM,50.2,0.63,20.0,bull,36.5184,36.1041,1,-24.18,time_exit,XLK,False
2016-04-22,2016-04-25,2016-04-27,MSFT,LONG,HIGH,50.2,0.64,20.0,bull,45.6284,45.0483,2,-26.92,time_exit,XLK,False
2016-04-20,2016-04-21,2016-04-28,HD,LONG,HIGH,51.87,0.73,20.0,bull,106.6027,105.8052,5,-15.82,time_exit,XLY,False
2016-04-26,2016-04-27,2016-04-28,META,LONG,MEDIUM,50.2,0.61,20.0,bull,107.2698,109.2578,1,38.22,time_exit,XLK,False
2016-04-26,2016-04-27,2016-04-28,V,LONG,LOW,50.2,0.6,20.0,bull,73.21,72.4908,1,-20.64,time_exit,XLF,False
2016-04-28,2016-04-29,2016-05-02,HD,LONG,LOW,50.2,0.61,20.0,bull,104.615,105.7103,1,21.49,time_exit,XLY,False
2016-04-29,2016-05-02,2016-05-03,V,LONG,HIGH,51.1,0.7,20.0,neutral,72.6461,71.9131,1,-21.22,time_exit,XLF,False
2016-04-28,2016-04-29,2016-05-04,MA,LONG,HIGH,50.2,0.63,20.0,bull,91.3913,90.6557,3,-16.9,time_exit,XLF,False
2016-05-02,2016-05-03,2016-05-05,HD,LONG,MEDIUM,50.72,0.7,20.0,bull,106.775,105.8788,2,-17.64,time_exit,XLY,False
2016-05-03,2016-05-04,2016-05-09,BRK-B,LONG,MEDIUM,50.8,0.68,20.0,neutral,144.3608,143.2753,3,-15.66,time_exit,XLF,False
2016-04-29,2016-05-02,2016-05-11,UNH,LONG,LOW,51.87,0.68,20.0,neutral,112.7342,111.7474,7,-18.34,time_exit,XLV,False
2016-05-10,2016-05-11,2016-05-12,HD,LONG,HIGH,50.8,0.7,20.0,bull,107.8334,106.9313,1,-17.51,time_exit,XLY,False
2016-05-11,2016-05-12,2016-05-16,META,LONG,HIGH,50.8,0.68,20.0,neutral,119.2112,117.7828,2,-24.73,time_exit,XLK,False
2016-05-16,2016-05-17,2016-05-18,HD,LONG,LOW,51.87,0.68,20.0,neutral,104.9533,103.8708,1,-21.42,time_exit,XLY,False
2016-05-06,2016-05-09,2016-05-19,GOOGL,LONG,HIGH,50.52,0.66,20.0,neutral,36.0864,35.633,8,-26.49,time_exit,XLK,False
2016-05-12,2016-05-13,2016-05-19,MA,LONG,LOW,50.03,0.66,20.0,neutral,90.2163,89.507,4,-16.4,time_exit,XLF,False
2016-05-10,2016-05-11,2016-05-23,MSFT,LONG,LOW,50.92,0.67,20.0,bull,45.053,44.4433,8,-28.47,time_exit,XLK,False
2016-05-18,2016-05-19,2016-05-23,META,LONG,HIGH,51.87,0.72,20.0,neutral,116.2987,115.3404,2,-16.99,time_exit,XLK,False
2016-05-19,2016-05-20,2016-05-24,UNH,LONG,LOW,51.87,0.71,20.0,neutral,111.0475,112.1857,2,20.63,time_exit,XLV,False
2016-05-19,2016-05-20,2016-05-24,MA,LONG,LOW,51.1,0.71,20.0,neutral,89.8205,90.6859,2,19.33,time_exit,XLF,False
2016-05-23,2016-05-24,2016-05-25,BRK-B,LONG,LOW,50.72,0.74,20.0,neutral,142.1471,143.8486,1,24.09,time_exit,XLF,False
2016-05-23,2016-05-24,2016-05-27,V,LONG,LOW,51.1,0.72,20.0,neutral,72.631,73.7644,3,31.32,time_exit,XLF,False
2016-05-25,2016-05-26,2016-05-31,MA,LONG,HIGH,51.1,0.72,20.0,bull,91.1148,90.4111,2,-16.01,time_exit,XLF,False
2016-05-24,2016-05-25,2016-06-02,UNH,LONG,HIGH,51.31,0.71,20.0,bull,113.241,114.6643,5,25.56,time_exit,XLV,False
2016-05-27,2016-05-31,2016-06-08,V,LONG,HIGH,51.1,0.71,20.0,bull,74.6877,76.0758,6,37.9,time_exit,XLF,False
2016-05-31,2016-06-01,2016-06-08,MA,LONG,MEDIUM,51.1,0.68,20.0,bull,90.5099,91.4984,5,22.05,time_exit,XLF,False
2016-06-02,2016-06-03,2016-06-09,MSFT,LONG,LOW,50.32,0.69,20.0,bull,46.4773,45.9766,4,-22.56,time_exit,XLK,False
2016-05-24,2016-05-25,2016-06-10,META,LONG,MEDIUM,51.87,0.68,20.0,bull,117.3714,116.3625,11,-17.77,time_exit,XLK,False
2016-06-08,2016-06-09,2016-06-13,GOOGL,LONG,HIGH,50.79,0.69,20.0,bull,36.6015,36.2813,2,-18.55,time_exit,XLK,False
2016-06-08,2016-06-09,2016-06-13,BRK-B,LONG,LOW,50.79,0.67,20.0,bull,142.2465,141.1281,2,-16.31,time_exit,XLF,False
2016-06-09,2016-06-10,2016-06-13,MA,LONG,HIGH,50.72,0.73,20.0,bull,90.6034,89.8608,1,-17.11,time_exit,XLF,False
2016-06-10,2016-06-13,2016-06-16,META,LONG,MEDIUM,51.87,0.68,20.0,bull,114.262,113.4017,3,-15.57,time_exit,XLK,False
2016-06-17,2016-06-20,2016-06-21,UNH,LONG,HIGH,51.87,0.74,20.0,neutral,118.8858,117.8694,1,-17.6,time_exit,XLV,False
2016-06-20,2016-06-21,2016-06-23,MU,LONG,HIGH,50.83,0.67,20.0,neutral,12.2527,12.5664,2,50.39,time_exit,XLK,False
2016-06-17,2016-06-20,2016-06-24,META,LONG,LOW,51.87,0.72,20.0,neutral,113.04,112.151,4,-16.21,time_exit,XLK,False
2016-06-17,2016-06-20,2016-06-24,MA,LONG,MEDIUM,51.1,0.74,20.0,neutral,89.1854,88.3648,4,-18.99,time_exit,XLF,False
2016-06-21,2016-06-22,2016-06-24,V,LONG,LOW,50.72,0.63,20.0,neutral,72.554,71.9427,2,-17.51,time_exit,XLF,False
2016-06-23,2016-06-24,2016-06-28,UNH,LONG,MEDIUM,50.2,0.61,20.0,bull,115.8457,117.2402,2,24.57,time_exit,XLV,False
2016-06-28,2016-06-29,2016-07-01,MU,LONG,HIGH,50.15,0.68,19.94,neutral,12.9961,12.6562,2,-54.76,time_exit,XLK,False
2016-07-01,2016-07-05,2016-07-06,UNH,LONG,MEDIUM,50.72,0.7,20.0,bull,119.6778,120.7856,1,18.6,time_exit,XLV,False
2016-07-05,2016-07-06,2016-07-07,META,LONG,HIGH,51.56,0.72,20.0,bull,112.6335,114.6483,1,36.18,time_exit,XLK,False
2016-07-01,2016-07-05,2016-07-08,MSFT,LONG,HIGH,50.52,0.72,20.0,bull,45.1017,46.2299,3,50.29,time_exit,XLK,False
2016-07-01,2016-07-05,2016-07-08,HD,LONG,LOW,50.02,0.67,20.0,bull,102.6843,104.1204,3,28.17,time_exit,XLY,False
2016-07-06,2016-07-07,2016-07-11,GOOGL,LONG,HIGH,50.92,0.71,20.0,bull,35.2631,35.95,2,39.41,time_exit,XLK,False
2016-07-07,2016-07-08,2016-07-11,UNH,LONG,LOW,50.6,0.67,20.0,bull,121.0014,120.0558,1,-16.15,time_exit,XLV,False
2016-07-08,2016-07-11,2016-07-13,HD,LONG,MEDIUM,50.9,0.7,20.0,bull,106.8288,105.8359,2,-19.31,time_exit,XLY,False
2016-07-08,2016-07-11,2016-07-18,MSFT,LONG,LOW,50.3,0.7,20.0,bull,46.5835,47.673,5,47.67,time_exit,XLK,False
2016-07-11,2016-07-12,2016-07-18,GOOGL,LONG,HIGH,50.92,0.71,20.0,bull,36.3462,36.972,4,34.9,time_exit,XLK,False
2016-07-15,2016-07-18,2016-07-19,META,LONG,MEDIUM,51.56,0.67,20.0,bull,116.5675,118.516,1,34.36,time_exit,XLK,False
2016-07-11,2016-07-12,2016-07-20,UNH,LONG,MEDIUM,51.87,0.68,20.0,bull,120.3096,121.5488,6,21.05,time_exit,XLV,False
2016-07-18,2016-07-19,2016-07-22,MA,LONG,LOW,50.92,0.67,20.0,bull,86.2682,88.1117,3,44.16,time_exit,XLF,False
2016-07-20,2016-07-21,2016-07-25,UNH,LONG,MEDIUM,50.8,0.68,20.0,bull,121.8606,120.997,2,-15.03,time_exit,XLV,False
2016-07-22,2016-07-25,2016-07-26,MU,LONG,LOW,51.1,0.69,16.96,bull,13.6803,14.1353,1,57.78,time_exit,XLK,False
2016-07-19,2016-07-20,2016-07-27,META,LONG,LOW,51.56,0.67,20.0,bull,120.4721,121.9727,5,25.87,time_exit,XLK,False
2016-07-18,2016-07-19,2016-08-01,HD,LONG,MEDIUM,50.9,0.73,20.0,bull,107.8121,109.3724,9,29.88,time_exit,XLY,False
2016-07-27,2016-07-28,2016-08-02,BRK-B,LONG,LOW,50.32,0.7,20.0,bull,144.1236,143.2317,3,-13.17,time_exit,XLF,False
2016-07-27,2016-07-28,2016-08-04,MSFT,LONG,MEDIUM,50.43,0.71,20.0,bull,49.6878,50.5591,5,36.49,time_exit,XLK,False
2016-08-01,2016-08-02,2016-08-05,MU,LONG,MEDIUM,50.8,0.68,20.0,bull,13.2406,13.7501,3,79.99,time_exit,XLK,False
2016-08-08,2016-08-09,2016-08-11,BRK-B,LONG,HIGH,51.31,0.7,20.0,bull,146.1674,146.9536,2,11.33,time_exit,XLF,False
2016-07-25,2016-07-26,2016-08-16,UNH,LONG,MEDIUM,51.87,0.74,20.0,bull,121.204,120.2797,15,-16.09,time_exit,XLV,False
2016-08-04,2016-08-05,2016-08-16,MA,LONG,HIGH,50.36,0.67,20.0,bull,91.0767,90.2875,7,-18.71,time_exit,XLF,False
2016-08-11,2016-08-12,2016-08-17,BRK-B,LONG,MEDIUM,51.21,0.71,20.0,bull,147.3287,148.1717,3,12.09,time_exit,XLF,False
2016-08-03,2016-08-04,2016-08-18,HD,LONG,HIGH,50.8,0.68,20.0,bull,107.5924,106.8827,10,-14.16,time_exit,XLY,False
2016-08-16,2016-08-17,2016-08-18,MA,LONG,MEDIUM,51.1,0.7,20.0,bull,90.6054,89.9409,1,-15.84,time_exit,XLF,False
2016-08-17,2016-08-18,2016-08-22,BRK-B,LONG,MEDIUM,51.21,0.73,20.0,bull,149.4022,148.4286,2,-14.03,time_exit,XLF,False
2016-08-18,2016-08-19,2016-08-23,HD,LONG,MEDIUM,51.31,0.74,20.0,bull,106.504,107.3442,2,16.55,time_exit,XLY,False
2016-08-16,2016-08-17,2016-08-24,GOOGL,LONG,LOW,51.87,0.66,20.0,bull,39.7255,39.4473,5,-15.44,time_exit,XLK,False
2016-08-18,2016-08-19,2016-08-24,UNH,LONG,LOW,51.87,0.74,20.0,bull,120.9623,120.3193,3,-11.47,time_exit,XLV,False
2016-08-22,2016-08-23,2016-08-24,META,LONG,MEDIUM,51.87,0.72,20.0,bull,123.7013,122.9652,1,-12.8,time_exit,XLK,False
2016-08-23,2016-08-24,2016-08-26,BRK-B,LONG,MEDIUM,51.87,0.6,20.0,bull,148.7113,147.7659,2,-13.63,time_exit,XLF,False
2016-08-24,2016-08-25,2016-08-26,MA,LONG,MEDIUM,51.31,0.69,20.0,bull,90.3048,90.7792,1,10.89,time_exit,XLF,False
2016-08-26,2016-08-29,2016-08-30,BRK-B,LONG,HIGH,51.87,0.69,20.0,neutral,148.4394,149.1577,1,10.1,time_exit,XLF,False
2016-08-26,2016-08-29,2016-08-30,META,LONG,LOW,51.87,0.68,20.0,neutral,123.5446,124.2182,1,11.37,time_exit,XLK,False
2016-08-24,2016-08-25,2016-08-31,GOOGL,LONG,LOW,51.87,0.67,20.0,bull,39.3282,39.1211,4,-11.68,time_exit,XLK,False
2016-08-24,2016-08-25,2016-08-31,MSFT,LONG,LOW,51.09,0.68,20.0,bull,51.6756,51.4063,4,-11.44,time_exit,XLK,False
2016-08-31,2016-09-01,2016-09-02,V,LONG,LOW,51.1,0.68,20.0,neutral,76.0179,76.4041,1,10.48,time_exit,XLF,False
2016-08-30,2016-08-31,2016-09-06,META,LONG,MEDIUM,51.87,0.7,20.0,neutral,124.7868,125.7256,3,15.77,time_exit,XLK,False
2016-09-02,2016-09-06,2016-09-07,HD,LONG,MEDIUM,51.1,0.69,20.0,bull,107.4787,106.8047,1,-13.52,time_exit,XLY,False
2016-08-31,2016-09-01,2016-09-08,MU,LONG,HIGH,51.87,0.69,20.0,neutral,16.2302,16.7892,4,71.67,time_exit,XLK,False
2016-08-30,2016-08-31,2016-09-09,BRK-B,LONG,HIGH,51.87,0.7,20.0,neutral,150.2105,149.3565,6,-12.19,time_exit,XLF,False
2016-09-06,2016-09-07,2016-09-09,MSFT,LONG,LOW,50.23,0.68,20.0,bull,51.3099,51.0787,2,-10.0,time_exit,XLK,False
2016-09-07,2016-09-08,2016-09-09,GOOGL,LONG,HIGH,51.21,0.7,20.0,bull,39.9851,39.7633,1,-12.35,time_exit,XLK,False
2016-09-08,2016-09-09,2016-09-12,HD,LONG,LOW,51.1,0.73,20.0,bull,104.0398,103.3028,1,-15.28,time_exit,XLY,False
2016-09-09,2016-09-12,2016-09-13,MSFT,LONG,HIGH,51.87,0.68,20.0,neutral,49.9971,50.2615,1,10.77,time_exit,XLK,False
2016-09-09,2016-09-12,2016-09-14,BRK-B,LONG,MEDIUM,51.87,0.68,20.0,neutral,146.5765,145.6549,2,-13.44,time_exit,XLF,False
2016-09-12,2016-09-13,2016-09-14,HD,LONG,LOW,51.1,0.69,20.0,neutral,101.7303,100.846,1,-18.85,time_exit,XLY,False
2016-09-09,2016-09-12,2016-09-15,GOOGL,LONG,LOW,51.87,0.67,20.0,neutral,38.9573,39.2519,3,15.46,time_exit,XLK,False
2016-09-13,2016-09-14,2016-09-15,MSFT,LONG,HIGH,50.8,0.74,20.0,neutral,50.3452,50.7475,1,16.51,time_exit,XLK,False
2016-09-21,2016-09-22,2016-09-23,META,LONG,LOW,50.96,0.72,20.0,neutral,129.6544,128.4888,1,-19.26,time_exit,XLK,False
2016-09-21,2016-09-22,2016-09-23,MSFT,LONG,LOW,50.96,0.71,20.0,neutral,51.7104,51.293,1,-17.56,time_exit,XLK,False
2016-09-22,2016-09-23,2016-09-26,V,LONG,HIGH,50.96,0.71,20.0,neutral,78.065,77.4037,1,-18.26,time_exit,XLF,False
2016-09-23,2016-09-26,2016-09-27,MU,LONG,LOW,51.31,0.67,20.0,neutral,16.9515,17.4946,1,66.46,time_exit,XLK,False
2016-09-23,2016-09-26,2016-09-27,MSFT,LONG,MEDIUM,50.96,0.69,20.0,neutral,50.9586,51.5884,1,25.7,time_exit,XLK,False
2016-09-21,2016-09-22,2016-09-29,MA,LONG,HIGH,50.96,0.73,20.0,neutral,96.07,95.2138,5,-19.16,time_exit,XLF,False
2016-09-27,2016-09-28,2016-09-29,META,LONG,LOW,51.87,0.71,20.0,neutral,128.3679,127.2491,1,-18.74,time_exit,XLK,False
2016-09-27,2016-09-28,2016-09-29,MU,LONG,LOW,51.87,0.69,20.0,neutral,17.7427,17.4378,1,-37.83,time_exit,XLK,False
2016-09-27,2016-09-28,2016-09-29,BRK-B,LONG,HIGH,51.1,0.74,20.0,neutral,145.4753,144.1695,1,-19.28,time_exit,XLF,False
2016-10-03,2016-10-04,2016-10-07,GOOGL,LONG,MEDIUM,51.87,0.7,20.0,neutral,39.972,39.6731,3,-16.35,time_exit,XLK,False
2016-09-30,2016-10-03,2016-10-10,META,LONG,LOW,51.87,0.74,20.0,neutral,127.5434,128.8048,5,20.73,time_exit,XLK,False
2016-10-07,2016-10-10,2016-10-11,MU,LONG,MEDIUM,50.8,0.69,20.0,neutral,17.3107,17.0981,1,-27.21,time_exit,XLK,False
2016-10-10,2016-10-11,2016-10-12,META,LONG,HIGH,50.8,0.71,20.0,neutral,129.3811,128.4891,1,-14.74,time_exit,XLK,False
2016-09-30,2016-10-03,2016-10-13,V,LONG,MEDIUM,51.87,0.73,20.0,neutral,77.2089,76.6034,8,-16.84,time_exit,XLF,False
2016-09-30,2016-10-03,2016-10-13,MSFT,LONG,HIGH,51.87,0.73,20.0,neutral,51.2527,50.8252,8,-18.04,time_exit,XLK,False
2016-10-24,2016-10-25,2016-10-26,V,LONG,MEDIUM,51.87,0.71,20.0,neutral,77.9111,77.3543,1,-15.27,time_exit,XLF,False
2016-10-24,2016-10-25,2016-10-26,MU,LONG,HIGH,51.31,0.72,20.0,neutral,16.7045,17.0092,1,37.04,time_exit,XLK,False
2016-10-24,2016-10-25,2016-10-26,GOOGL,LONG,LOW,50.43,0.74,20.0,neutral,41.6355,41.3261,1,-16.1,time_exit,XLK,False
2016-10-24,2016-10-25,2016-11-04,BRK-B,LONG,LOW,51.0,0.71,20.0,neutral,143.8963,142.948,8,-13.98,time_exit,XLF,False
2016-11-07,2016-11-08,2016-11-10,MA,LONG,HIGH,51.87,0.7,20.0,neutral,100.1945,99.2455,2,-20.08,time_exit,XLF,False
2016-11-07,2016-11-08,2016-11-10,MSFT,LONG,LOW,51.87,0.67,20.0,neutral,54.0549,53.52,2,-21.14,time_exit,XLK,False
2016-11-07,2016-11-08,2016-11-10,UNH,LONG,MEDIUM,51.1,0.7,20.0,neutral,121.2676,122.8475,2,27.16,time_exit,XLV,False
2016-11-07,2016-11-08,2016-11-10,HD,LONG,LOW,50.52,0.71,20.0,neutral,98.7136,100.3247,2,34.02,time_exit,XLY,False
2016-11-10,2016-11-11,2016-11-14,UNH,LONG,LOW,50.72,0.6,20.0,neutral,125.8658,127.9479,1,34.59,time_exit,XLV,False
2016-11-10,2016-11-11,2016-11-14,HD,LONG,HIGH,50.15,0.63,20.0,neutral,102.7828,101.5975,1,-24.43,time_exit,XLY,False
2016-11-10,2016-11-11,2016-11-14,BRK-B,LONG,MEDIUM,50.13,0.62,20.0,neutral,155.5132,157.624,1,28.38,time_exit,XLF,False
2016-11-10,2016-11-11,2016-11-14,V,LONG,LOW,50.02,0.63,20.0,neutral,76.431,75.7503,1,-18.98,time_exit,XLF,False
2016-11-14,2016-11-15,2016-11-16,MSFT,LONG,MEDIUM,50.2,0.63,20.0,neutral,52.4254,53.1943,1,30.47,time_exit,XLK,False
2016-11-14,2016-11-15,2016-11-16,UNH,LONG,HIGH,50.2,0.6,20.0,neutral,131.7018,130.1857,1,-24.4,time_exit,XLV,False
2016-11-18,2016-11-21,2016-11-23,UNH,LONG,LOW,51.21,0.63,20.0,neutral,128.4507,130.8841,2,39.75,time_exit,XLV,False
2016-11-18,2016-11-21,2016-11-25,MU,LONG,HIGH,50.43,0.67,20.0,neutral,18.9413,19.4325,3,53.53,time_exit,XLK,False
2016-11-18,2016-11-21,2016-11-25,HD,LONG,MEDIUM,50.15,0.67,20.0,neutral,102.1618,104.4688,3,47.36,time_exit,XLY,False
2016-11-18,2016-11-21,2016-11-28,BRK-B,LONG,LOW,50.3,0.64,20.0,neutral,158.3149,156.8138,4,-20.1,time_exit,XLF,False
2016-11-23,2016-11-25,2016-11-28,UNH,LONG,HIGH,51.31,0.74,20.0,bull,132.0617,130.5912,1,-23.92,time_exit,XLV,False
2016-11-28,2016-11-29,2016-11-30,MA,LONG,LOW,51.09,0.71,20.0,bull,98.2462,97.1647,1,-23.62,time_exit,XLF,False
2016-11-28,2016-11-29,2016-12-01,UNH,LONG,MEDIUM,51.87,0.69,20.0,bull,134.645,136.7771,2,33.5,time_exit,XLV,False
2016-11-28,2016-11-29,2016-12-01,BRK-B,LONG,LOW,50.96,0.68,20.0,bull,157.724,159.6734,2,26.14,time_exit,XLF,False
2016-11-30,2016-12-01,2016-12-02,MA,LONG,LOW,51.09,0.71,20.0,bull,96.9677,95.8213,1,-25.3,time_exit,XLF,False
2016-12-01,2016-12-02,2016-12-05,UNH,LONG,MEDIUM,50.6,0.71,20.0,bull,138.6772,137.171,1,-23.18,time_exit,XLV,False
2016-11-28,2016-11-29,2016-12-06,HD,LONG,HIGH,50.9,0.73,20.0,bull,104.3625,103.1695,5,-24.5,time_exit,XLY,False
2016-12-01,2016-12-02,2016-12-07,BRK-B,LONG,HIGH,50.72,0.71,20.0,bull,160.2672,161.4224,3,15.15,time_exit,XLF,False
2016-12-02,2016-12-05,2016-12-07,MA,LONG,MEDIUM,50.72,0.7,20.0,bull,96.5321,98.7111,2,47.68,time_exit,XLF,False
2016-12-06,2016-12-07,2016-12-08,HD,LONG,LOW,51.1,0.67,20.0,bull,103.0825,104.1128,1,20.96,time_exit,XLY,False
2016-12-07,2016-12-08,2016-12-12,MA,LONG,LOW,51.1,0.63,20.0,bull,99.6692,98.4094,2,-27.34,time_exit,XLF,False
2016-12-07,2016-12-08,2016-12-12,MU,LONG,HIGH,50.08,0.67,20.0,bull,20.27,19.8873,2,-41.57,time_exit,XLK,False
2016-12-08,2016-12-09,2016-12-12,HD,LONG,LOW,50.72,0.63,20.0,bull,106.0922,107.0339,1,18.73,time_exit,XLY,False
2016-12-12,2016-12-13,2016-12-14,META,LONG,HIGH,50.92,0.72,20.0,bull,117.1024,118.8177,1,30.99,time_exit,XLK,False
2016-12-12,2016-12-13,2016-12-14,BRK-B,LONG,MEDIUM,50.13,0.7,20.0,bull,166.7142,165.5099,1,-15.5,time_exit,XLF,False
2016-12-05,2016-12-06,2016-12-16,UNH,LONG,HIGH,51.21,0.73,20.0,bull,136.2403,138.421,8,33.88,time_exit,XLV,False
2016-12-14,2016-12-15,2016-12-16,GOOGL,LONG,MEDIUM,50.36,0.67,20.0,bull,40.5878,40.2228,1,-19.7,time_exit,XLK,False
2016-12-12,2016-12-13,2016-12-19,MSFT,LONG,LOW,50.23,0.71,20.0,bull,56.1754,57.0208,4,31.64,time_exit,XLK,False
2016-12-14,2016-12-15,2016-12-20,META,LONG,LOW,50.92,0.65,20.0,bull,119.3082,118.1276,3,-21.28,time_exit,XLK,False
2016-12-20,2016-12-21,2016-12-22,GOOGL,LONG,HIGH,50.36,0.67,20.0,bull,40.5062,40.1697,1,-18.25,time_exit,XLK,False
2016-12-21,2016-12-22,2016-12-23,META,LONG,LOW,50.92,0.69,20.0,bull,118.0963,117.1752,1,-16.8,time_exit,XLK,False
2016-12-22,2016-12-23,2016-12-27,BRK-B,LONG,MEDIUM,50.8,0.68,20.0,bull,166.483,165.3049,1,-15.18,time_exit,XLF,False
2016-12-21,2016-12-22,2016-12-28,MA,LONG,MEDIUM,50.8,0.71,20.0,bull,98.9598,97.9747,3,-21.43,time_exit,XLF,False
2016-12-23,2016-12-27,2016-12-28,UNH,LONG,MEDIUM,50.8,0.68,20.0,bull,140.6253,139.5584,1,-16.31,time_exit,XLV,False
2016-12-21,2016-12-22,2016-12-29,MU,LONG,LOW,50.8,0.69,20.0,bull,22.3814,22.0903,4,-28.67,time_exit,XLK,False
2016-12-27,2016-12-28,2016-12-29,GOOGL,LONG,MEDIUM,51.1,0.69,20.0,bull,40.3875,40.0989,1,-15.74,time_exit,XLK,False
2016-12-28,2016-12-29,2016-12-30,MA,LONG,LOW,50.8,0.67,20.0,bull,98.3735,97.7129,1,-14.36,time_exit,XLF,False
2016-12-28,2016-12-29,2016-12-30,UNH,LONG,LOW,50.8,0.66,20.0,bull,139.4723,138.4434,1,-15.69,time_exit,XLV,False
2016-12-29,2016-12-30,2017-01-03,V,LONG,HIGH,50.52,0.7,20.0,bull,73.6296,74.0363,1,11.32,time_exit,XLF,False
2016-12-30,2017-01-03,2017-01-05,HD,LONG,MEDIUM,51.1,0.71,20.0,neutral,108.1666,107.4258,2,-14.55,time_exit,XLY,False
2017-01-03,2017-01-04,2017-01-06,GOOGL,LONG,LOW,51.1,0.71,20.0,bull,40.2171,40.5747,2,18.16,time_exit,XLK,False
2016-12-29,2016-12-30,2017-01-09,BRK-B,LONG,LOW,50.8,0.66,20.0,bull,163.3796,162.3625,5,-13.22,time_exit,XLF,False
2017-01-09,2017-01-10,2017-01-12,BRK-B,LONG,MEDIUM,51.87,0.68,20.0,bull,162.2198,161.3234,2,-11.74,time_exit,XLF,False
2017-01-05,2017-01-06,2017-01-17,MU,LONG,MEDIUM,51.87,0.72,20.0,bull,21.7565,21.3745,6,-37.9,time_exit,XLK,False
2017-01-12,2017-01-13,2017-01-17,BRK-B,LONG,MEDIUM,51.87,0.68,20.0,bull,162.0302,161.1278,1,-11.82,time_exit,XLF,False
2016-12-30,2017-01-03,2017-01-18,UNH,LONG,LOW,51.87,0.69,20.0,neutral,138.792,137.7396,10,-16.05,time_exit,XLV,False
2017-01-06,2017-01-09,2017-01-18,MSFT,LONG,LOW,51.31,0.72,20.0,bull,56.4091,56.0425,6,-14.03,time_exit,XLK,False
2017-01-17,2017-01-18,2017-01-19,BRK-B,LONG,MEDIUM,51.87,0.74,20.0,bull,160.2594,159.2537,1,-13.21,time_exit,XLF,False
2017-01-17,2017-01-18,2017-01-19,HD,LONG,HIGH,51.1,0.74,20.0,bull,108.8087,108.0943,1,-13.88,time_exit,XLY,False
2017-01-18,2017-01-19,2017-01-23,MSFT,LONG,HIGH,51.87,0.74,20.0,bull,55.9423,56.3096,2,13.31,time_exit,XLK,False
2017-01-19,2017-01-20,2017-01-23,GOOGL,LONG,LOW,51.87,0.71,20.0,neutral,41.1707,41.5101,1,16.64,time_exit,XLK,False
2017-01-19,2017-01-20,2017-01-23,HD,LONG,MEDIUM,51.21,0.74,20.0,neutral,108.296,109.1202,1,15.63,time_exit,XLY,False
2017-01-18,2017-01-19,2017-01-24,UNH,LONG,LOW,51.87,0.71,20.0,bull,135.8656,136.8478,3,14.91,time_exit,XLV,False
2017-01-23,2017-01-24,2017-01-25,GOOGL,LONG,MEDIUM,51.87,0.68,20.0,bull,42.059,42.4522,1,19.03,time_exit,XLK,False
2017-01-23,2017-01-24,2017-01-26,MSFT,LONG,LOW,51.31,0.69,20.0,bull,56.8036,57.1361,2,11.86,time_exit,XLK,False
2017-01-24,2017-01-25,2017-01-26,BRK-B,LONG,HIGH,51.87,0.71,20.0,bull,162.2222,163.6969,1,18.88,time_exit,XLF,False
2017-01-25,2017-01-26,2017-01-30,MA,LONG,LOW,50.6,0.7,20.0,bull,104.4272,103.7898,2,-13.01,time_exit,XLF,False
2017-01-26,2017-01-27,2017-01-30,UNH,LONG,LOW,51.87,0.7,20.0,bull,140.8242,139.8913,1,-14.05,time_exit,XLV,False
2017-01-26,2017-01-27,2017-01-30,GOOGL,LONG,LOW,50.43,0.73,20.0,bull,42.6554,42.3652,1,-14.76,time_exit,XLK,False
2017-01-30,2017-01-31,2017-02-01,MA,LONG,MEDIUM,51.87,0.68,20.0,bull,100.6282,100.0028,1,-13.21,time_exit,XLF,False
2017-01-30,2017-01-31,2017-02-01,MU,LONG,LOW,51.21,0.68,20.0,bull,23.3982,24.0664,1,58.87,time_exit,XLK,False
2017-01-23,2017-01-24,2017-02-02,HD,LONG,HIGH,51.1,0.7,20.0,bull,110.3934,109.5795,7,-15.59,time_exit,XLY,False
2017-02-01,2017-02-02,2017-02-03,META,LONG,MEDIUM,50.13,0.68,20.0,bull,132.366,131.2161,1,-18.36,time_exit,XLK,False
2017-01-30,2017-01-31,2017-02-10,GOOGL,LONG,HIGH,50.72,0.71,20.0,bull,40.6942,41.1865,8,24.8,time_exit,XLK,False
2017-02-01,2017-02-02,2017-02-13,BRK-B,LONG,LOW,50.13,0.68,20.0,bull,163.5342,165.3565,7,23.22,time_exit,XLF,False
2017-02-02,2017-02-03,2017-02-13,MSFT,LONG,LOW,51.09,0.68,20.0,bull,57.0726,57.7639,6,24.9,time_exit,XLK,False
2017-02-03,2017-02-06,2017-02-13,MA,LONG,LOW,51.87,0.7,20.0,bull,101.2061,102.3554,5,23.58,time_exit,XLF,False
2017-02-10,2017-02-13,2017-02-15,HD,LONG,HIGH,51.1,0.74,20.0,bull,112.4718,113.2087,2,13.6,time_exit,XLY,False
2017-02-13,2017-02-14,2017-02-16,BRK-B,LONG,LOW,51.87,0.71,20.0,bull,166.0719,167.3362,2,15.93,time_exit,XLF,False
2017-02-13,2017-02-14,2017-02-21,V,LONG,LOW,50.3,0.71,20.0,bull,81.2267,82.2604,4,26.59,time_exit,XLF,False
2017-02-16,2017-02-17,2017-02-21,MU,LONG,HIGH,50.23,0.66,20.0,bull,22.4795,22.9277,1,41.33,time_exit,XLK,False
2017-02-15,2017-02-16,2017-02-22,MSFT,LONG,LOW,50.6,0.7,20.0,bull,58.5379,58.0622,3,-17.59,time_exit,XLK,False
2017-02-21,2017-02-22,2017-02-23,MU,LONG,MEDIUM,51.31,0.69,20.0,bull,23.3095,23.0079,1,-28.45,time_exit,XLK,False
2017-02-13,2017-02-14,2017-02-27,META,LONG,MEDIUM,51.21,0.72,20.0,bull,133.2339,135.0322,8,28.32,time_exit,XLK,False
2017-02-21,2017-02-22,2017-02-27,BRK-B,LONG,LOW,50.6,0.7,20.0,bull,169.1451,170.0163,3,10.83,time_exit,XLF,False
2017-02-22,2017-02-23,2017-02-27,HD,LONG,MEDIUM,50.13,0.7,20.0,bull,116.9749,116.0952,2,-16.22,time_exit,XLY,False
2017-02-23,2017-02-24,2017-02-27,MU,LONG,LOW,50.8,0.66,20.0,bull,22.4304,22.8958,1,43.14,time_exit,XLK,False
2017-02-27,2017-02-28,2017-03-01,MSFT,LONG,LOW,51.31,0.68,20.0,bull,57.9411,58.1893,1,8.78,time_exit,XLK,False
2017-02-27,2017-02-28,2017-03-01,MU,LONG,LOW,51.31,0.66,20.0,bull,23.2413,23.7471,1,45.57,time_exit,XLK,False
2017-02-27,2017-02-28,2017-03-03,UNH,LONG,HIGH,51.09,0.71,20.0,bull,142.517,144.406,3,28.16,time_exit,XLV,False
2017-02-28,2017-03-01,2017-03-07,MA,LONG,MEDIUM,50.8,0.68,20.0,bull,105.7987,105.1289,4,-13.67,time_exit,XLF,False
2017-03-02,2017-03-03,2017-03-08,MSFT,LONG,LOW,50.23,0.68,20.0,bull,57.8603,58.2525,3,14.2,time_exit,XLK,False
2017-03-02,2017-03-03,2017-03-15,MU,LONG,HIGH,50.8,0.67,20.0,bull,24.6189,25.2156,8,51.26,time_exit,XLK,False
2017-03-13,2017-03-14,2017-03-16,MA,LONG,HIGH,50.8,0.71,20.0,bull,105.7111,106.4652,2,15.21,time_exit,XLF,False
2017-03-13,2017-03-14,2017-03-16,HD,LONG,LOW,50.8,0.68,20.0,bull,118.6167,119.3438,2,13.06,time_exit,XLY,False
2017-03-15,2017-03-16,2017-03-17,BRK-B,LONG,LOW,51.87,0.7,20.0,bull,175.3815,174.3115,1,-13.34,time_exit,XLF,False
2017-03-13,2017-03-14,2017-03-21,MSFT,LONG,LOW,50.8,0.67,20.0,bull,58.3473,57.9768,5,-14.09,time_exit,XLK,False
2017-03-16,2017-03-17,2017-03-21,MU,LONG,LOW,51.31,0.69,20.0,bull,25.2624,24.9208,2,-30.16,time_exit,XLK,False
2017-03-16,2017-03-17,2017-03-21,MA,LONG,MEDIUM,50.72,0.72,20.0,bull,107.1536,106.4085,2,-15.26,time_exit,XLF,False
2017-03-17,2017-03-20,2017-03-21,BRK-B,LONG,LOW,51.87,0.67,20.0,bull,172.5273,171.3918,1,-14.38,time_exit,XLF,False
2017-03-21,2017-03-22,2017-03-23,UNH,LONG,MEDIUM,51.87,0.73,20.0,neutral,145.345,144.3489,1,-14.89,time_exit,XLV,False
2017-03-21,2017-03-22,2017-03-23,MSFT,LONG,LOW,51.87,0.71,20.0,neutral,57.9759,58.3892,1,14.96,time_exit,XLK,False
2017-03-21,2017-03-22,2017-03-23,V,LONG,HIGH,51.09,0.74,20.0,neutral,82.6264,83.1639,1,13.73,time_exit,XLF,False
2017-03-23,2017-03-24,2017-03-27,UNH,LONG,LOW,51.87,0.74,20.0,neutral,143.6157,142.5834,1,-15.65,time_exit,XLV,False
2017-03-23,2017-03-24,2017-03-27,MU,LONG,HIGH,51.87,0.72,20.0,neutral,29.0237,28.7048,1,-24.45,time_exit,XLK,False
2017-03-23,2017-03-24,2017-03-27,GOOGL,LONG,LOW,51.09,0.73,20.0,neutral,41.8086,41.5431,1,-14.21,time_exit,XLK,False
2017-03-27,2017-03-28,2017-03-29,BRK-B,LONG,LOW,51.87,0.71,20.0,neutral,167.502,166.4873,1,-13.11,time_exit,XLF,False
2017-03-27,2017-03-28,2017-03-29,UNH,LONG,LOW,51.31,0.71,20.0,neutral,142.275,141.2579,1,-15.47,time_exit,XLV,False
2017-03-27,2017-03-28,2017-03-30,MSFT,LONG,MEDIUM,50.72,0.73,20.0,neutral,58.7353,59.1325,2,14.13,time_exit,XLK,False
2017-03-29,2017-03-30,2017-04-04,META,LONG,MEDIUM,51.87,0.62,20.0,neutral,141.4705,140.6719,3,-12.23,time_exit,XLK,False
2017-03-30,2017-03-31,2017-04-05,BRK-B,LONG,MEDIUM,51.31,0.74,20.0,bull,167.633,166.4974,3,-14.64,time_exit,XLF,False
2017-03-21,2017-03-22,2017-04-10,HD,LONG,LOW,50.72,0.74,20.0,neutral,118.1823,119.0133,13,14.94,time_exit,XLY,False
2017-03-29,2017-03-30,2017-04-13,MA,LONG,LOW,50.53,0.64,20.0,neutral,106.347,105.6142,10,-14.95,time_exit,XLF,False
2017-04-04,2017-04-05,2017-04-13,UNH,LONG,LOW,51.87,0.71,20.0,neutral,143.294,142.23,6,-15.99,time_exit,XLV,False
2017-04-05,2017-04-06,2017-04-13,BRK-B,LONG,MEDIUM,50.8,0.7,20.0,neutral,165.8601,164.7195,5,-14.8,time_exit,XLF,False
2017-04-10,2017-04-11,2017-04-17,V,LONG,HIGH,51.87,0.71,20.0,neutral,83.3314,83.6117,3,6.94,time_exit,XLF,False
2017-04-13,2017-04-17,2017-04-18,HD,LONG,LOW,50.72,0.74,20.0,neutral,117.5146,117.9343,1,7.42,time_exit,XLY,False
2017-04-13,2017-04-17,2017-04-20,MSFT,LONG,LOW,51.87,0.71,20.0,neutral,58.8079,58.9792,3,5.84,time_exit,XLK,False
2017-04-13,2017-04-17,2017-04-20,MU,LONG,MEDIUM,51.87,0.69,20.0,neutral,26.2856,26.7761,3,38.93,time_exit,XLK,False
2017-04-17,2017-04-18,2017-04-20,META,LONG,HIGH,51.87,0.73,20.0,neutral,140.3449,141.2463,2,13.58,time_exit,XLK,False
2017-04-18,2017-04-19,2017-04-21,HD,LONG,LOW,51.87,0.71,20.0,neutral,119.1503,119.6433,2,8.65,time_exit,XLY,False
2017-04-20,2017-04-21,2017-04-24,META,LONG,LOW,51.87,0.69,20.0,neutral,142.9582,143.9557,1,14.81,time_exit,XLK,False
2017-04-20,2017-04-21,2017-04-24,MU,LONG,LOW,51.87,0.67,20.0,neutral,27.3502,27.0429,1,-24.88,time_exit,XLK,False
2017-04-20,2017-04-21,2017-04-25,MA,LONG,MEDIUM,51.87,0.7,20.0,neutral,109.2211,109.8096,2,11.36,time_exit,XLF,False
2017-04-24,2017-04-25,2017-04-27,HD,LONG,MEDIUM,51.87,0.71,20.0,neutral,123.0634,124.08,2,17.55,time_exit,XLY,False
2017-04-24,2017-04-25,2017-04-27,V,LONG,HIGH,51.21,0.71,20.0,neutral,86.5191,86.0442,2,-12.03,time_exit,XLF,False
2017-04-24,2017-04-25,2017-04-27,MU,LONG,LOW,50.08,0.69,20.0,neutral,26.0905,26.7509,2,53.5,time_exit,XLK,False
2017-04-25,2017-04-26,2017-04-28,META,LONG,LOW,51.21,0.7,20.0,neutral,146.1264,147.3716,2,18.16,time_exit,XLK,False
2017-04-27,2017-04-28,2017-05-02,MA,LONG,LOW,50.13,0.7,20.0,neutral,111.1139,111.9719,2,16.48,time_exit,XLF,False
2017-04-27,2017-04-28,2017-05-03,GOOGL,LONG,LOW,50.13,0.68,20.0,neutral,46.1289,46.4616,3,15.1,time_exit,XLK,False
2017-05-01,2017-05-02,2017-05-09,BRK-B,LONG,HIGH,50.36,0.7,20.0,neutral,166.1215,164.7614,5,-17.84,time_exit,XLF,False
2017-04-27,2017-04-28,2017-05-10,MU,LONG,HIGH,50.8,0.68,20.0,neutral,27.3699,28.1268,8,58.9,time_exit,XLK,False
2017-05-09,2017-05-10,2017-05-11,MSFT,LONG,HIGH,51.87,0.68,20.0,bull,62.3776,61.9569,1,-15.03,time_exit,XLK,False
2017-05-05,2017-05-08,2017-05-15,V,LONG,LOW,50.8,0.68,20.0,bull,86.5725,87.0822,5,12.53,time_exit,XLF,False
2017-05-10,2017-05-11,2017-05-15,MA,LONG,MEDIUM,51.87,0.71,20.0,bull,110.9104,111.8039,2,17.36,time_exit,XLF,False
2017-05-05,2017-05-08,2017-05-16,GOOGL,LONG,HIGH,50.13,0.68,20.0,bull,47.0443,47.6924,6,29.43,time_exit,XLK,False
2017-05-11,2017-05-12,2017-05-16,MSFT,LONG,MEDIUM,51.87,0.7,20.0,bull,62.0339,62.5579,2,18.01,time_exit,XLK,False
2017-05-15,2017-05-16,2017-05-17,HD,LONG,HIGH,50.8,0.7,20.0,bull,128.9569,128.0887,1,-14.85,time_exit,XLY,False
2017-05-15,2017-05-16,2017-05-17,MA,LONG,LOW,50.8,0.7,20.0,bull,112.508,111.7667,1,-14.56,time_exit,XLF,False
2017-05-16,2017-05-17,2017-05-18,UNH,LONG,LOW,50.8,0.67,20.0,bull,145.3398,146.3312,1,14.74,time_exit,XLV,False
2017-05-16,2017-05-17,2017-05-18,GOOGL,LONG,MEDIUM,50.8,0.65,20.0,bull,47.6529,47.2823,1,-17.43,time_exit,XLK,False
2017-05-17,2017-05-18,2017-05-19,META,LONG,HIGH,50.8,0.71,20.0,neutral,143.7723,145.5702,1,27.04,time_exit,XLK,False
2017-05-17,2017-05-18,2017-05-19,V,LONG,LOW,50.8,0.68,20.0,neutral,86.0764,86.602,1,13.03,time_exit,XLF,False
2017-05-18,2017-05-19,2017-05-22,MA,LONG,LOW,50.8,0.67,20.0,neutral,111.2334,112.1806,1,18.45,time_exit,XLF,False
2017-05-18,2017-05-19,2017-05-22,BRK-B,LONG,HIGH,50.42,0.69,20.0,neutral,162.0773,162.9767,1,12.01,time_exit,XLF,False
2017-05-19,2017-05-22,2017-05-23,V,LONG,HIGH,51.87,0.74,20.0,neutral,87.1793,87.7551,1,14.24,time_exit,XLF,False
2017-05-19,2017-05-22,2017-05-23,GOOGL,LONG,LOW,50.72,0.71,20.0,neutral,47.5189,47.9965,1,21.6,time_exit,XLK,False
2017-05-22,2017-05-23,2017-05-24,MA,LONG,LOW,51.31,0.7,20.0,bull,113.2504,114.3222,1,20.64,time_exit,XLF,False
2017-05-23,2017-05-24,2017-05-25,GOOGL,LONG,HIGH,51.87,0.74,20.0,bull,48.4256,48.9028,1,21.26,time_exit,XLK,False
2017-05-23,2017-05-24,2017-05-25,META,LONG,LOW,51.87,0.71,20.0,bull,147.5367,148.9729,1,21.29,time_exit,XLK,False
2017-05-22,2017-05-23,2017-05-26,MSFT,LONG,LOW,50.72,0.72,20.0,bull,62.491,63.1604,3,23.23,time_exit,XLK,False
2017-05-24,2017-05-25,2017-05-26,V,LONG,LOW,50.8,0.7,20.0,bull,89.5913,89.0164,1,-14.43,time_exit,XLF,False
2017-05-25,2017-05-26,2017-05-30,MU,LONG,HIGH,51.87,0.69,20.0,bull,28.5921,29.4097,1,62.7,time_exit,XLK,False
2017-05-26,2017-05-30,2017-06-02,MSFT,LONG,LOW,50.13,0.68,20.0,bull,63.4645,64.2312,3,26.5,time_exit,XLK,False
2017-05-30,2017-05-31,2017-06-02,MA,LONG,LOW,50.13,0.68,20.0,bull,115.9712,117.0819,2,21.17,time_exit,XLF,False
2017-06-02,2017-06-05,2017-06-06,HD,LONG,HIGH,51.87,0.74,20.0,bull,125.9921,125.163,1,-14.94,time_exit,XLY,False
2017-06-02,2017-06-05,2017-06-07,UNH,LONG,MEDIUM,50.43,0.73,20.0,bull,155.2006,157.3686,2,31.19,time_exit,XLV,False
2017-05-25,2017-05-26,2017-06-08,META,LONG,LOW,51.87,0.7,20.0,bull,151.2327,152.9876,8,25.6,time_exit,XLK,False
2017-06-06,2017-06-07,2017-06-08,HD,LONG,MEDIUM,51.87,0.68,20.0,bull,125.3117,124.4924,1,-14.83,time_exit,XLY,False
2017-05-26,2017-05-30,2017-06-09,BRK-B,LONG,MEDIUM,50.9,0.67,20.0,bull,166.0139,167.117,8,14.64,time_exit,XLF,False
2017-06-07,2017-06-08,2017-06-09,GOOGL,LONG,MEDIUM,50.8,0.68,20.0,bull,49.8645,49.4918,1,-17.23,time_exit,XLK,False
2017-06-09,2017-06-12,2017-06-13,V,LONG,MEDIUM,51.09,0.73,20.0,bull,88.271,89.0361,1,19.2,time_exit,XLF,False
2017-06-09,2017-06-12,2017-06-13,MSFT,LONG,LOW,50.08,0.73,20.0,bull,62.9738,63.8714,1,31.62,time_exit,XLK,False
2017-06-13,2017-06-14,2017-06-15,HD,LONG,MEDIUM,50.72,0.61,20.0,bull,125.1599,126.2103,1,18.76,time_exit,XLY,False
2017-06-13,2017-06-14,2017-06-15,MA,LONG,LOW,50.72,0.6,20.0,bull,116.8741,115.8622,1,-19.73,time_exit,XLF,False
2017-06-15,2017-06-16,2017-06-19,HD,LONG,LOW,50.72,0.63,20.0,bull,126.5769,127.759,1,20.85,time_exit,XLY,False
2017-06-09,2017-06-12,2017-06-21,UNH,LONG,HIGH,51.21,0.74,20.0,bull,156.868,158.7173,7,26.31,time_exit,XLV,False
2017-06-09,2017-06-12,2017-06-21,GOOGL,LONG,LOW,50.08,0.74,20.0,bull,47.6055,48.3039,7,32.45,time_exit,XLK,False
2017-06-19,2017-06-20,2017-06-21,HD,LONG,MEDIUM,51.21,0.7,20.0,bull,128.5857,127.6457,1,-16.81,time_exit,XLY,False
2017-06-15,2017-06-16,2017-06-22,MA,LONG,LOW,50.96,0.63,20.0,bull,115.581,116.958,4,26.65,time_exit,XLF,False
2017-06-23,2017-06-26,2017-06-27,MU,LONG,HIGH,50.8,0.69,20.0,bull,31.6972,31.1305,1,-41.34,time_exit,XLK,False
2017-06-23,2017-06-26,2017-06-27,MSFT,LONG,LOW,50.8,0.68,20.0,bull,64.9293,64.3812,1,-19.53,time_exit,XLK,False
2017-06-23,2017-06-26,2017-06-27,V,LONG,LOW,50.8,0.68,20.0,bull,90.259,89.5205,1,-18.84,time_exit,XLF,False
2017-06-26,2017-06-27,2017-06-29,GOOGL,LONG,MEDIUM,50.96,0.68,20.0,bull,47.749,47.282,2,-22.59,time_exit,XLK,False
2017-06-27,2017-06-28,2017-06-29,MSFT,LONG,HIGH,51.87,0.73,20.0,neutral,62.9383,62.315,1,-22.63,time_exit,XLK,False
2017-06-27,2017-06-28,2017-07-03,BRK-B,LONG,LOW,51.1,0.71,20.0,neutral,168.1537,169.3856,3,16.34,time_exit,XLF,False
2017-06-27,2017-06-28,2017-07-03,META,LONG,LOW,50.96,0.71,20.0,neutral,149.938,148.331,3,-24.25,time_exit,XLK,False
2017-06-29,2017-06-30,2017-07-03,MSFT,LONG,MEDIUM,51.87,0.63,20.0,neutral,62.5478,61.9326,1,-22.48,time_exit,XLK,False
2017-06-29,2017-06-30,2017-07-03,MA,LONG,HIGH,51.09,0.64,20.0,neutral,115.8598,114.7888,1,-20.99,time_exit,XLF,False
2017-07-03,2017-07-05,2017-07-06,BRK-B,LONG,MEDIUM,50.72,0.62,20.0,neutral,172.2894,171.1657,1,-14.72,time_exit,XLF,False
2017-07-03,2017-07-05,2017-07-10,GOOGL,LONG,LOW,50.72,0.63,20.0,neutral,45.8923,46.8186,3,44.65,time_exit,XLK,False
2017-07-06,2017-07-07,2017-07-10,META,LONG,MEDIUM,51.87,0.7,20.0,neutral,148.281,151.139,1,42.9,time_exit,XLK,False
2017-07-03,2017-07-05,2017-07-11,MA,LONG,LOW,50.72,0.63,20.0,neutral,115.4617,116.6987,4,23.77,time_exit,XLF,False
2017-07-10,2017-07-11,2017-07-14,V,LONG,MEDIUM,50.8,0.7,20.0,neutral,89.5836,90.8139,3,30.75,time_exit,XLF,False
2017-07-10,2017-07-11,2017-07-18,MU,LONG,HIGH,50.8,0.72,20.0,neutral,29.8426,31.0409,5,89.91,time_exit,XLK,False
2017-07-11,2017-07-12,2017-07-18,GOOGL,LONG,HIGH,50.36,0.67,20.0,neutral,47.7132,48.6938,4,46.11,time_exit,XLK,False
2017-07-03,2017-07-05,2017-07-19,UNH,LONG,HIGH,51.87,0.6,20.0,neutral,161.5768,162.7992,10,16.78,time_exit,XLV,False
2017-07-14,2017-07-17,2017-07-19,META,LONG,HIGH,51.21,0.7,20.0,bull,159.2115,162.5504,2,47.83,time_exit,XLK,False
2017-07-18,2017-07-19,2017-07-20,HD,LONG,HIGH,51.56,0.7,20.0,bull,123.5838,122.6625,1,-17.31,time_exit,XLY,False
2017-07-19,2017-07-20,2017-07-21,UNH,LONG,MEDIUM,50.72,0.74,20.0,bull,164.4172,165.7589,1,18.67,time_exit,XLV,False
2017-07-18,2017-07-19,2017-07-25,BRK-B,LONG,LOW,51.1,0.68,20.0,bull,170.5394,171.8121,4,17.01,time_exit,XLF,False
2017-07-19,2017-07-20,2017-07-25,MU,LONG,LOW,50.6,0.66,20.0,bull,31.1907,30.6978,3,-37.18,time_exit,XLK,False
2017-07-20,2017-07-21,2017-07-25,GOOGL,LONG,LOW,50.3,0.69,20.0,bull,49.1105,48.7052,2,-19.49,time_exit,XLK,False
2017-07-21,2017-07-24,2017-07-25,UNH,LONG,HIGH,51.21,0.73,20.0,bull,166.4829,165.2583,1,-17.11,time_exit,XLV,False
2017-07-25,2017-07-26,2017-07-27,UNH,LONG,HIGH,51.21,0.73,20.0,bull,164.9464,163.7935,1,-16.15,time_exit,XLV,False
2017-07-25,2017-07-26,2017-07-28,MU,LONG,MEDIUM,51.09,0.69,20.0,bull,29.1594,28.7851,2,-30.21,time_exit,XLK,False
2017-07-27,2017-07-28,2017-07-31,UNH,LONG,LOW,51.21,0.67,20.0,bull,164.1574,165.548,1,19.28,time_exit,XLV,False
2017-07-28,2017-07-31,2017-08-01,V,LONG,LOW,51.21,0.67,20.0,bull,93.7486,94.7311,1,23.73,time_exit,XLF,False
2017-07-27,2017-07-28,2017-08-02,MSFT,LONG,MEDIUM,51.09,0.68,20.0,bull,66.0867,65.5672,3,-18.37,time_exit,XLK,False
2017-07-31,2017-08-01,2017-08-03,GOOGL,LONG,MEDIUM,51.87,0.68,20.0,bull,47.0645,46.6416,2,-21.06,time_exit,XLK,False
2017-07-27,2017-07-28,2017-08-04,HD,LONG,LOW,50.02,0.68,20.0,bull,119.8184,121.9132,5,39.9,time_exit,XLY,False
2017-08-01,2017-08-02,2017-08-10,MA,LONG,LOW,50.8,0.68,20.0,bull,123.6581,122.7699,6,-16.66,time_exit,XLF,False
2017-08-08,2017-08-09,2017-08-10,MU,LONG,MEDIUM,50.36,0.66,20.0,bull,27.8512,27.3811,1,-39.5,time_exit,XLK,False
2017-08-09,2017-08-10,2017-08-14,MSFT,LONG,HIGH,50.8,0.71,20.0,bull,65.3863,65.8319,2,15.3,time_exit,XLK,False
2017-08-10,2017-08-11,2017-08-14,MU,LONG,LOW,50.33,0.67,20.0,neutral,26.8063,27.8887,1,91.16,time_exit,XLK,False
2017-08-04,2017-08-07,2017-08-15,HD,LONG,HIGH,50.36,0.64,20.0,bull,123.8118,122.5928,6,-22.73,time_exit,XLY,False
2017-08-10,2017-08-11,2017-08-16,BRK-B,LONG,LOW,50.8,0.68,20.0,neutral,176.5567,178.2804,3,22.11,time_exit,XLF,False
2017-08-14,2017-08-15,2017-08-16,META,LONG,HIGH,50.8,0.75,20.0,neutral,170.3808,168.6774,1,-23.19,time_exit,XLK,False
2017-08-14,2017-08-15,2017-08-17,MSFT,LONG,LOW,50.8,0.72,20.0,neutral,67.2798,66.7717,2,-17.75,time_exit,XLK,False
2017-08-16,2017-08-17,2017-08-18,META,LONG,HIGH,50.8,0.71,20.0,bull,168.2426,166.7567,1,-20.5,time_exit,XLK,False
2017-08-16,2017-08-17,2017-08-18,MA,LONG,MEDIUM,50.8,0.71,20.0,bull,125.967,124.961,1,-18.59,time_exit,XLF,False
2017-08-15,2017-08-16,2017-08-21,MU,LONG,HIGH,50.36,0.68,20.0,neutral,29.326,28.7917,3,-42.57,time_exit,XLK,False
2017-08-17,2017-08-18,2017-08-21,UNH,LONG,LOW,50.8,0.68,20.0,neutral,167.3947,166.4688,1,-12.71,time_exit,XLV,False
2017-08-18,2017-08-21,2017-08-22,MA,LONG,MEDIUM,51.87,0.7,20.0,neutral,125.1951,126.6463,1,26.29,time_exit,XLF,False
2017-08-21,2017-08-22,2017-08-23,UNH,LONG,MEDIUM,50.72,0.75,20.0,neutral,166.7963,167.8213,1,13.82,time_exit,XLV,False
2017-08-21,2017-08-22,2017-08-25,META,LONG,LOW,50.72,0.72,20.0,neutral,167.1898,165.8027,3,-18.99,time_exit,XLK,False
2017-08-18,2017-08-21,2017-08-30,MSFT,LONG,HIGH,50.72,0.75,20.0,neutral,66.2557,67.0016,7,25.37,time_exit,XLK,False
2017-08-25,2017-08-28,2017-08-30,META,LONG,LOW,51.87,0.71,20.0,neutral,165.8314,167.9825,2,29.33,time_exit,XLK,False
2017-08-23,2017-08-24,2017-08-31,MU,LONG,MEDIUM,51.56,0.67,20.0,neutral,29.8443,31.0112,5,88.48,time_exit,XLK,False
2017-08-30,2017-08-31,2017-09-05,BRK-B,LONG,HIGH,51.87,0.68,20.0,bull,180.5909,179.3184,2,-16.37,time_exit,XLF,False
2017-08-31,2017-09-01,2017-09-05,V,LONG,LOW,50.8,0.68,20.0,bull,98.186,97.5064,1,-16.24,time_exit,XLF,False
2017-08-22,2017-08-23,2017-09-07,MA,LONG,HIGH,51.21,0.71,20.0,neutral,126.9401,128.3649,10,25.54,time_exit,XLF,False
2017-08-30,2017-08-31,2017-09-07,META,LONG,MEDIUM,51.87,0.68,20.0,bull,169.2988,171.3025,4,27.14,time_exit,XLK,False
2017-09-05,2017-09-06,2017-09-07,BRK-B,LONG,HIGH,51.87,0.73,20.0,bull,177.5883,176.2226,1,-17.8,time_exit,XLF,False
2017-09-05,2017-09-06,2017-09-07,V,LONG,MEDIUM,51.87,0.71,20.0,bull,97.5254,98.1953,1,15.54,time_exit,XLF,False
2017-09-07,2017-09-08,2017-09-11,MA,LONG,LOW,51.87,0.71,20.0,neutral,129.8369,130.8426,1,17.71,time_exit,XLF,False
2017-09-07,2017-09-08,2017-09-11,BRK-B,LONG,MEDIUM,51.1,0.73,20.0,neutral,174.1335,176.1165,1,26.17,time_exit,XLF,False
2017-09-11,2017-09-12,2017-09-13,UNH,LONG,LOW,51.21,0.73,20.0,bull,173.7792,172.5862,1,-16.08,time_exit,XLV,False
2017-09-11,2017-09-12,2017-09-13,MA,LONG,LOW,51.21,0.73,20.0,bull,135.9746,134.8483,1,-19.41,time_exit,XLF,False
2017-09-07,2017-09-08,2017-09-15,MSFT,LONG,HIGH,51.87,0.73,20.0,neutral,67.9563,68.5977,5,21.46,time_exit,XLK,False
2017-09-08,2017-09-11,2017-09-18,V,LONG,MEDIUM,51.87,0.61,20.0,bull,99.5448,98.9604,5,-13.81,time_exit,XLF,False
2017-09-13,2017-09-14,2017-09-18,META,LONG,HIGH,51.09,0.74,20.0,bull,171.1448,169.7721,2,-18.72,time_exit,XLK,False
2017-09-13,2017-09-14,2017-09-19,UNH,LONG,LOW,51.87,0.74,20.0,bull,172.4801,171.3082,3,-15.87,time_exit,XLV,False
2017-09-15,2017-09-18,2017-09-19,BRK-B,LONG,LOW,51.1,0.68,20.0,bull,180.7407,182.7262,1,25.27,time_exit,XLF,False
2017-09-18,2017-09-19,2017-09-21,MSFT,LONG,LOW,50.6,0.7,20.0,bull,68.7603,68.2319,2,-18.1,time_exit,XLK,False
2017-09-19,2017-09-20,2017-09-21,META,LONG,MEDIUM,50.8,0.7,20.0,bull,171.3833,169.8619,1,-20.66,time_exit,XLK,False
2017-09-19,2017-09-20,2017-09-22,HD,LONG,LOW,50.8,0.65,20.0,bull,128.4083,129.8362,2,25.54,time_exit,XLY,False
2017-09-18,2017-09-19,2017-09-25,V,LONG,LOW,51.21,0.67,20.0,bull,99.2135,98.6016,4,-14.48,time_exit,XLF,False
2017-09-21,2017-09-22,2017-09-25,META,LONG,HIGH,51.87,0.68,20.0,bull,169.1082,167.7268,1,-18.99,time_exit,XLK,False
2017-09-21,2017-09-22,2017-09-25,MSFT,LONG,LOW,51.31,0.68,20.0,bull,67.6448,67.1405,1,-17.54,time_exit,XLK,False
2017-09-25,2017-09-26,2017-09-27,GOOGL,LONG,LOW,50.22,0.63,20.0,bull,46.5122,46.9387,1,20.61,time_exit,XLK,False
2017-09-22,2017-09-25,2017-09-29,HD,LONG,MEDIUM,51.87,0.7,20.0,bull,130.4276,131.9816,4,27.37,time_exit,XLY,False
2017-09-27,2017-09-28,2017-09-29,V,LONG,MEDIUM,51.87,0.62,20.0,bull,97.9104,98.8551,1,22.01,time_exit,XLF,False
2017-09-25,2017-09-26,2017-10-02,MA,LONG,HIGH,50.96,0.64,20.0,bull,132.5041,134.721,4,38.32,time_exit,XLF,False
2017-09-29,2017-10-02,2017-10-03,META,LONG,LOW,51.87,0.72,20.0,bull,170.2822,168.491,1,-24.58,time_exit,XLK,False
2017-09-25,2017-09-26,2017-10-04,MSFT,LONG,LOW,51.87,0.61,20.0,bull,67.3518,68.0735,6,24.31,time_exit,XLK,False
2017-09-29,2017-10-02,2017-10-09,V,LONG,LOW,51.87,0.72,20.0,bull,99.5997,100.4723,5,20.12,time_exit,XLF,False
2017-10-02,2017-10-03,2017-10-09,BRK-B,LONG,HIGH,51.87,0.71,20.0,bull,185.847,187.1829,4,16.54,time_exit,XLF,False
2017-10-03,2017-10-04,2017-10-09,MA,LONG,MEDIUM,51.87,0.68,20.0,bull,136.0377,137.2664,3,20.76,time_exit,XLF,False
2017-10-04,2017-10-05,2017-10-09,MSFT,LONG,MEDIUM,51.87,0.7,20.0,bull,68.7683,69.33,2,18.57,time_exit,XLK,False
2017-10-10,2017-10-11,2017-10-13,MSFT,LONG,MEDIUM,50.13,0.7,20.0,bull,69.8102,70.3867,2,18.95,time_exit,XLK,False
2017-10-12,2017-10-13,2017-10-16,HD,LONG,MEDIUM,50.8,0.67,20.0,bull,134.4026,133.6472,1,-13.32,time_exit,XLY,False
2017-10-10,2017-10-11,2017-10-17,META,LONG,LOW,50.23,0.68,20.0,bull,170.8369,174.0261,4,43.45,time_exit,XLK,False
2017-10-13,2017-10-16,2017-10-17,UNH,LONG,LOW,51.87,0.68,20.0,bull,167.7117,169.5774,1,25.85,time_exit,XLV,False
2017-10-16,2017-10-17,2017-10-18,HD,LONG,HIGH,51.31,0.68,20.0,bull,133.8322,133.1183,1,-12.72,time_exit,XLY,False
2017-10-17,2017-10-18,2017-10-19,GOOGL,LONG,LOW,51.21,0.68,20.0,bull,50.2039,49.8445,1,-17.23,time_exit,XLK,False
2017-10-18,2017-10-19,2017-10-23,HD,LONG,MEDIUM,51.31,0.68,20.0,bull,133.2419,133.6594,2,7.21,time_exit,XLY,False
2017-10-17,2017-10-18,2017-10-24,UNH,LONG,LOW,50.08,0.71,20.0,bull,177.5813,180.478,4,38.07,time_exit,XLV,False
2017-10-24,2017-10-25,2017-10-26,HD,LONG,HIGH,51.87,0.72,20.0,bull,135.3674,135.7899,1,7.2,time_exit,XLY,False
2017-10-19,2017-10-20,2017-10-27,MA,LONG,MEDIUM,51.87,0.67,20.0,bull,139.0202,140.2261,5,20.18,time_exit,XLF,False
2017-10-23,2017-10-24,2017-10-27,GOOGL,LONG,LOW,51.09,0.7,20.0,bull,48.9846,49.5405,3,26.3,time_exit,XLK,False
2017-10-26,2017-10-27,2017-10-30,META,LONG,LOW,51.31,0.74,20.0,bull,173.0251,174.4771,1,19.63,time_exit,XLK,False
2017-10-12,2017-10-13,2017-10-31,MU,LONG,HIGH,50.8,0.69,20.0,bull,39.8352,41.53,12,98.99,time_exit,XLK,False
2017-11-06,2017-11-07,2017-11-08,UNH,LONG,HIGH,51.87,0.71,20.0,bull,185.3731,183.7551,1,-20.97,time_exit,XLV,False
2017-11-06,2017-11-07,2017-11-08,BRK-B,LONG,MEDIUM,51.87,0.68,20.0,bull,187.4823,186.4374,1,-13.44,time_exit,XLF,False
2017-11-06,2017-11-07,2017-11-09,HD,LONG,LOW,50.96,0.68,20.0,bull,133.7211,132.808,2,-16.48,time_exit,XLY,False
2017-11-08,2017-11-09,2017-11-10,MU,LONG,HIGH,51.21,0.69,20.0,bull,42.677,43.523,1,46.69,time_exit,XLK,False
2017-11-06,2017-11-07,2017-11-13,GOOGL,LONG,LOW,50.3,0.7,20.0,bull,52.1209,51.6958,4,-19.93,time_exit,XLK,False
2017-11-10,2017-11-13,2017-11-14,MU,LONG,HIGH,51.87,0.69,20.0,bull,43.3019,44.3718,1,58.32,time_exit,XLK,False
2017-11-08,2017-11-09,2017-11-15,BRK-B,LONG,LOW,51.87,0.67,20.0,bull,183.5864,182.5012,4,-14.22,time_exit,XLF,False
2017-11-09,2017-11-10,2017-11-15,UNH,LONG,LOW,51.87,0.7,20.0,bull,184.2591,182.8367,3,-18.47,time_exit,XLV,False
2017-11-13,2017-11-14,2017-11-16,HD,LONG,HIGH,51.87,0.74,20.0,bull,133.334,134.5007,2,20.82,time_exit,XLY,False
2017-11-16,2017-11-17,2017-11-20,V,LONG,LOW,50.72,0.73,20.0,bull,104.6435,103.9938,1,-15.13,time_exit,XLF,False
2017-11-14,2017-11-15,2017-11-21,MA,LONG,MEDIUM,51.87,0.67,20.0,bull,142.5855,143.1355,4,9.11,time_exit,XLF,False
2017-11-15,2017-11-16,2017-11-24,GOOGL,LONG,HIGH,51.87,0.67,20.0,neutral,51.5794,52.1903,5,27.83,time_exit,XLK,False
2017-11-20,2017-11-21,2017-11-24,V,LONG,LOW,50.72,0.62,20.0,bull,104.4169,105.2621,2,19.08,time_exit,XLF,False
2017-11-21,2017-11-22,2017-11-24,BRK-B,LONG,MEDIUM,51.1,0.73,20.0,bull,184.0253,182.8371,1,-15.65,time_exit,XLF,False
2017-11-15,2017-11-16,2017-11-28,UNH,LONG,LOW,51.87,0.67,20.0,neutral,183.322,185.3332,7,26.08,time_exit,XLV,False
2017-11-24,2017-11-27,2017-11-28,MSFT,LONG,LOW,50.72,0.71,20.0,bull,76.5495,77.0572,1,15.62,time_exit,XLK,False
2017-11-24,2017-11-27,2017-11-28,BRK-B,LONG,LOW,50.41,0.73,20.0,bull,182.9845,184.0753,1,14.19,time_exit,XLF,False
2017-11-24,2017-11-27,2017-11-29,GOOGL,LONG,MEDIUM,51.87,0.7,20.0,bull,52.5643,52.1773,2,-18.14,time_exit,XLK,False
2017-11-28,2017-11-29,2017-11-30,MSFT,LONG,HIGH,50.8,0.71,20.0,bull,77.8364,77.3085,1,-16.65,time_exit,XLK,False
2017-11-28,2017-11-29,2017-11-30,V,LONG,LOW,50.8,0.7,20.0,bull,107.4169,106.586,1,-18.86,time_exit,XLF,False
2017-11-28,2017-11-29,2017-11-30,HD,LONG,MEDIUM,50.13,0.7,20.0,bull,144.6129,146.6942,1,34.51,time_exit,XLY,False
2017-11-29,2017-11-30,2017-12-01,GOOGL,LONG,HIGH,51.87,0.63,20.0,bull,51.6396,51.1821,1,-21.55,time_exit,XLK,False
2017-11-30,2017-12-01,2017-12-04,UNH,LONG,LOW,51.21,0.69,20.0,bull,200.1292,198.1825,1,-23.49,time_exit,XLV,False
2017-11-30,2017-12-01,2017-12-04,MSFT,LONG,LOW,51.09,0.68,20.0,bull,76.8161,76.2125,1,-19.18,time_exit,XLK,False
2017-11-30,2017-12-01,2017-12-04,META,LONG,MEDIUM,50.72,0.7,20.0,bull,174.8954,173.3259,1,-21.7,time_exit,XLK,False
2017-12-01,2017-12-04,2017-12-05,GOOGL,LONG,MEDIUM,51.31,0.63,20.0,bull,51.0368,50.5857,1,-21.64,time_exit,XLK,False
2017-12-04,2017-12-05,2017-12-06,META,LONG,MEDIUM,50.2,0.63,20.0,bull,169.352,172.4668,1,43.62,time_exit,XLK,False
2017-12-05,2017-12-06,2017-12-07,GOOGL,LONG,HIGH,51.87,0.63,20.0,bull,50.4767,51.3065,1,38.81,time_exit,XLK,False
2017-12-07,2017-12-08,2017-12-12,MSFT,LONG,LOW,51.09,0.68,20.0,bull,76.8452,78.2259,2,42.96,time_exit,XLK,False
2017-12-06,2017-12-07,2017-12-15,META,LONG,HIGH,50.8,0.71,20.0,bull,174.6682,178.3016,6,49.68,time_exit,XLK,False
2017-12-05,2017-12-06,2017-12-18,BRK-B,LONG,MEDIUM,50.13,0.65,20.0,bull,196.3175,198.828,8,30.43,time_exit,XLF,False
2017-12-12,2017-12-13,2017-12-20,MU,LONG,HIGH,50.8,0.69,20.0,bull,41.244,43.2295,5,115.94,time_exit,XLK,False
2017-12-18,2017-12-19,2017-12-20,BRK-B,LONG,HIGH,50.23,0.68,20.0,bull,200.4204,198.909,1,-18.54,time_exit,XLF,False
2017-12-20,2017-12-21,2017-12-22,BRK-B,LONG,HIGH,51.87,0.73,20.0,bull,199.1083,197.8112,1,-16.08,time_exit,XLF,False
2017-12-18,2017-12-19,2017-12-26,HD,LONG,MEDIUM,50.23,0.67,20.0,bull,151.7121,153.9086,4,35.21,time_exit,XLY,False
2017-12-26,2017-12-27,2017-12-28,GOOGL,LONG,MEDIUM,51.87,0.6,20.0,bull,52.9625,52.5813,1,-18.06,time_exit,XLK,False
2017-12-20,2017-12-21,2018-01-03,V,LONG,MEDIUM,51.31,0.7,20.0,bull,106.4519,108.1557,7,38.99,time_exit,XLF,False
2017-12-28,2017-12-29,2018-01-03,MA,LONG,LOW,51.87,0.7,20.0,bull,145.3023,146.2035,2,15.06,time_exit,XLF,False
2017-12-22,2017-12-26,2018-01-04,MSFT,LONG,HIGH,51.87,0.71,20.0,bull,78.3887,79.4193,6,31.83,time_exit,XLK,False
2017-12-05,2017-12-06,2018-01-05,UNH,LONG,LOW,50.3,0.63,20.0,bull,193.2485,196.9667,20,45.85,time_exit,XLV,False
2018-01-03,2018-01-04,2018-01-05,MA,LONG,MEDIUM,51.87,0.7,20.0,bull,147.5289,148.3953,1,14.31,time_exit,XLF,False
2018-01-03,2018-01-04,2018-01-08,GOOGL,LONG,HIGH,51.87,0.71,20.0,bull,54.4772,55.0833,2,26.97,time_exit,XLK,False
2018-01-05,2018-01-08,2018-01-09,UNH,LONG,LOW,50.13,0.7,20.0,bull,199.467,198.0014,1,-18.33,time_exit,XLV,False
2018-01-04,2018-01-05,2018-01-10,BRK-B,LONG,HIGH,51.87,0.71,20.0,bull,201.2628,202.9047,3,20.03,time_exit,XLF,False
2018-01-08,2018-01-09,2018-01-10,MU,LONG,HIGH,50.23,0.69,20.0,bull,44.2242,43.2683,1,-54.06,time_exit,XLK,False
2018-01-05,2018-01-08,2018-01-11,HD,LONG,LOW,50.8,0.68,20.0,bull,157.0216,158.3532,3,20.86,time_exit,XLY,False
2018-01-09,2018-01-10,2018-01-12,UNH,LONG,HIGH,50.8,0.7,20.0,bull,196.5809,198.8225,2,27.89,time_exit,XLV,False
2018-01-11,2018-01-12,2018-01-16,GOOGL,LONG,LOW,51.21,0.68,20.0,bull,55.123,55.5922,1,20.6,time_exit,XLK,False
2018-01-11,2018-01-12,2018-01-17,HD,LONG,MEDIUM,51.21,0.67,20.0,bull,160.1185,161.5011,2,21.2,time_exit,XLY,False
2018-01-12,2018-01-16,2018-01-17,UNH,LONG,LOW,51.09,0.7,20.0,bull,204.0458,206.8244,1,33.8,time_exit,XLV,False
2018-01-11,2018-01-12,2018-01-19,META,LONG,HIGH,51.21,0.68,20.0,bull,176.9135,179.025,4,29.37,time_exit,XLK,False
2018-01-17,2018-01-18,2018-01-19,MU,LONG,LOW,50.8,0.67,20.0,bull,43.1883,42.3398,1,-49.53,time_exit,XLK,False
2018-01-17,2018-01-18,2018-01-22,MSFT,LONG,HIGH,50.13,0.72,20.0,bull,82.5158,83.4062,2,26.58,time_exit,XLK,False
2018-01-17,2018-01-18,2018-01-22,HD,LONG,MEDIUM,50.13,0.7,20.0,bull,163.6249,165.2661,2,24.84,time_exit,XLY,False
2018-01-23,2018-01-24,2018-01-25,META,LONG,HIGH,50.96,0.7,20.0,bull,188.6668,186.5655,1,-28.18,time_exit,XLK,False
2018-01-23,2018-01-24,2018-01-26,MSFT,LONG,MEDIUM,51.21,0.68,20.0,bull,85.0424,86.0747,2,30.27,time_exit,XLK,False
2018-01-25,2018-01-26,2018-01-29,V,LONG,HIGH,50.43,0.74,20.0,bull,118.9049,118.0312,1,-18.58,time_exit,XLF,False
2018-01-19,2018-01-22,2018-01-30,MU,LONG,HIGH,50.8,0.67,20.0,bull,41.4888,40.6135,6,-53.2,time_exit,XLK,False
2018-01-19,2018-01-22,2018-01-30,UNH,LONG,LOW,50.13,0.68,20.0,bull,212.9724,210.6737,6,-27.02,time_exit,XLV,False
2018-01-26,2018-01-29,2018-01-30,MSFT,LONG,HIGH,50.13,0.7,20.0,bull,87.4219,86.7074,1,-20.92,time_exit,XLK,False
2018-01-29,2018-01-30,2018-02-01,META,LONG,HIGH,50.13,0.7,20.0,bull,186.4085,190.5396,2,55.37,time_exit,XLK,False
2018-01-30,2018-01-31,2018-02-01,MU,LONG,MEDIUM,50.99,0.66,20.0,bull,41.988,41.3991,1,-35.3,time_exit,XLK,False
2018-01-30,2018-01-31,2018-02-01,MA,LONG,LOW,50.8,0.67,20.0,bull,160.1602,161.966,1,27.74,time_exit,XLF,False
2018-01-30,2018-01-31,2018-02-02,BRK-B,LONG,LOW,50.8,0.68,20.0,bull,215.2724,213.5992,2,-19.34,time_exit,XLF,False
2018-02-02,2018-02-05,2018-02-06,BRK-B,LONG,HIGH,51.87,0.71,20.0,neutral,205.7768,203.8874,1,-22.9,time_exit,XLF,False
2018-02-02,2018-02-05,2018-02-06,GOOGL,LONG,LOW,50.96,0.71,20.0,neutral,54.6536,54.1048,1,-25.37,time_exit,XLK,False
2018-02-02,2018-02-05,2018-02-07,MSFT,LONG,LOW,50.96,0.71,20.0,neutral,83.2121,82.2915,2,-27.75,time_exit,XLK,False
2018-02-02,2018-02-05,2018-02-08,V,LONG,MEDIUM,51.09,0.71,20.0,neutral,112.2257,111.0524,3,-26.16,time_exit,XLF,False
2018-02-13,2018-02-14,2018-02-15,MSFT,LONG,HIGH,50.96,0.75,20.0,neutral,81.7153,85.0619,1,100.49,time_exit,XLK,False
2018-02-14,2018-02-15,2018-02-21,HD,LONG,MEDIUM,50.96,0.72,20.0,neutral,152.9611,150.3935,3,-41.81,time_exit,XLY,False
2018-02-15,2018-02-16,2018-02-23,MU,LONG,HIGH,50.36,0.69,19.12,neutral,42.2945,44.9595,4,149.75,time_exit,XLK,False
2018-02-13,2018-02-14,2018-02-26,BRK-B,LONG,MEDIUM,50.96,0.72,20.0,neutral,197.3209,204.0867,7,84.27,time_exit,XLF,False
2018-02-23,2018-02-26,2018-02-27,META,LONG,LOW,50.79,0.67,20.0,neutral,183.4043,180.0719,1,-46.08,time_exit,XLK,False
2018-02-26,2018-02-27,2018-02-28,GOOGL,LONG,MEDIUM,50.36,0.68,20.0,neutral,56.7961,55.991,1,-36.56,time_exit,XLK,False
2018-02-27,2018-02-28,2018-03-01,META,LONG,MEDIUM,50.36,0.71,20.0,neutral,181.1398,178.2342,1,-40.51,time_exit,XLK,False
2018-02-28,2018-03-01,2018-03-02,HD,LONG,HIGH,50.36,0.69,20.0,neutral,149.6927,147.8508,1,-30.87,time_exit,XLY,False
2018-03-05,2018-03-06,2018-03-07,HD,LONG,MEDIUM,51.56,0.61,20.0,neutral,149.6931,148.1094,1,-26.54,time_exit,XLY,False
2018-03-05,2018-03-06,2018-03-09,MA,LONG,LOW,51.87,0.61,20.0,neutral,171.3226,174.3312,3,43.62,time_exit,XLF,False
2018-03-07,2018-03-08,2018-03-09,MSFT,LONG,MEDIUM,50.2,0.61,20.0,neutral,87.033,88.4482,1,40.1,time_exit,XLK,False
2018-03-09,2018-03-12,2018-03-13,MA,LONG,MEDIUM,51.87,0.7,20.0,neutral,174.8106,173.0285,1,-25.73,time_exit,XLF,False
2018-03-09,2018-03-12,2018-03-13,MSFT,LONG,LOW,51.87,0.68,20.0,neutral,89.0923,88.2121,1,-25.08,time_exit,XLK,False
2018-02-14,2018-02-15,2018-03-16,V,LONG,LOW,50.96,0.72,20.0,neutral,115.2665,117.6034,20,50.08,time_exit,XLF,False
2018-03-13,2018-03-14,2018-03-19,HD,LONG,HIGH,51.56,0.68,20.0,neutral,147.5417,145.8142,3,-29.42,time_exit,XLY,False
2018-03-13,2018-03-14,2018-03-19,MA,LONG,LOW,50.6,0.67,20.0,neutral,174.0084,172.283,3,-24.91,time_exit,XLF,False
2018-03-16,2018-03-19,2018-03-20,MSFT,LONG,LOW,51.09,0.74,20.0,neutral,86.5447,85.7682,1,-22.76,time_exit,XLK,False
2018-02-21,2018-02-22,2018-03-22,UNH,LONG,LOW,50.96,0.69,20.0,neutral,197.8694,194.7329,20,-39.59,time_exit,XLV,False
2018-04-13,2018-04-16,2018-04-17,UNH,LONG,LOW,50.36,0.68,20.0,neutral,199.2469,204.3114,1,62.48,time_exit,XLV,False
2018-04-12,2018-04-13,2018-04-19,GOOGL,LONG,HIGH,50.92,0.71,20.0,neutral,51.9929,53.6235,4,77.21,time_exit,XLK,False
2018-04-17,2018-04-18,2018-04-20,MSFT,LONG,MEDIUM,51.56,0.71,20.0,neutral,88.843,87.6088,2,-35.21,time_exit,XLK,False
2018-04-12,2018-04-13,2018-04-24,META,LONG,MEDIUM,50.92,0.7,20.0,neutral,163.5444,160.6274,7,-44.33,time_exit,XLK,False
2018-04-12,2018-04-13,2018-04-24,BRK-B,LONG,LOW,50.36,0.69,20.0,neutral,199.904,197.0271,7,-35.77,time_exit,XLF,False
2018-04-19,2018-04-20,2018-04-24,V,LONG,LOW,50.3,0.7,20.0,neutral,117.5069,116.2803,2,-26.46,time_exit,XLF,False
2018-04-20,2018-04-23,2018-04-24,MU,LONG,MEDIUM,50.72,0.68,16.39,neutral,49.6433,48.4182,1,-51.04,time_exit,XLK,False
2018-04-26,2018-04-27,2018-04-30,MSFT,LONG,MEDIUM,51.87,0.61,20.0,neutral,90.1182,89.0542,1,-29.39,time_exit,XLK,False
2018-04-26,2018-04-27,2018-04-30,BRK-B,LONG,LOW,51.0,0.63,20.0,neutral,197.2326,195.7477,1,-18.7,time_exit,XLF,False
2018-04-26,2018-04-27,2018-05-02,UNH,LONG,LOW,51.31,0.6,20.0,neutral,208.4781,206.2427,3,-26.57,time_exit,XLV,False
2018-04-26,2018-04-27,2018-05-07,V,LONG,HIGH,50.79,0.65,20.0,neutral,119.7642,122.0245,6,46.34,time_exit,XLF,False
2018-05-04,2018-05-07,2018-05-10,META,LONG,MEDIUM,50.36,0.67,20.0,neutral,176.2417,181.586,3,74.38,time_exit,XLK,False
2018-05-04,2018-05-07,2018-05-10,MU,LONG,LOW,50.36,0.66,19.58,neutral,47.1531,49.7422,3,131.63,time_exit,XLK,False
2018-05-07,2018-05-08,2018-05-10,GOOGL,LONG,HIGH,50.36,0.66,20.0,neutral,52.8733,54.1346,2,58.16,time_exit,XLK,False
2018-05-04,2018-05-07,2018-05-11,HD,LONG,HIGH,50.36,0.68,20.0,neutral,152.7372,155.5826,4,45.62,time_exit,XLY,False
2018-05-10,2018-05-11,2018-05-15,GOOGL,LONG,MEDIUM,50.36,0.65,20.0,neutral,54.6491,53.9112,2,-34.45,time_exit,XLK,False
2018-05-11,2018-05-14,2018-05-15,BRK-B,LONG,MEDIUM,50.36,0.67,20.0,neutral,200.2947,198.3913,1,-24.05,time_exit,XLF,False
2018-05-10,2018-05-11,2018-05-16,MU,LONG,HIGH,50.36,0.68,20.0,neutral,51.1754,53.6634,3,121.93,time_exit,XLK,False
2018-05-15,2018-05-16,2018-05-21,UNH,LONG,HIGH,50.23,0.7,20.0,bull,210.2429,214.4979,3,51.0,time_exit,XLV,False
2018-05-17,2018-05-18,2018-05-21,HD,LONG,MEDIUM,50.53,0.71,20.0,bull,153.018,155.2007,1,36.08,time_exit,XLY,False
2018-05-17,2018-05-18,2018-05-23,MSFT,LONG,LOW,51.09,0.71,20.0,bull,89.0293,90.4741,3,40.96,time_exit,XLK,False
2018-05-21,2018-05-22,2018-05-23,HD,LONG,HIGH,51.09,0.64,20.0,bull,156.5681,155.01,1,-25.62,time_exit,XLY,False
2018-05-18,2018-05-21,2018-05-29,MA,LONG,LOW,51.09,0.64,20.0,bull,183.3671,181.8636,5,-21.05,time_exit,XLF,False
2018-05-21,2018-05-22,2018-05-29,GOOGL,LONG,MEDIUM,51.31,0.63,20.0,bull,54.123,53.5588,4,-27.14,time_exit,XLK,False
2018-05-23,2018-05-24,2018-05-29,MSFT,LONG,LOW,51.87,0.69,20.0,bull,91.5514,90.7992,2,-21.28,time_exit,XLK,False
2018-05-23,2018-05-24,2018-05-29,HD,LONG,LOW,51.87,0.68,20.0,bull,153.8744,152.3624,2,-25.29,time_exit,XLY,False
2018-05-29,2018-05-30,2018-05-31,GOOGL,LONG,MEDIUM,51.1,0.71,20.0,neutral,53.3126,54.1515,1,39.44,time_exit,XLK,False
2018-05-29,2018-05-30,2018-06-01,MA,LONG,LOW,51.87,0.71,20.0,neutral,182.3434,183.5174,2,16.19,time_exit,XLF,False
2018-05-29,2018-05-30,2018-06-04,HD,LONG,HIGH,51.87,0.74,20.0,neutral,153.1119,155.2477,3,35.22,time_exit,XLY,False
2018-05-30,2018-05-31,2018-06-04,V,LONG,HIGH,51.87,0.74,20.0,bull,123.9412,124.6356,2,14.06,time_exit,XLF,False
2018-06-01,2018-06-04,2018-06-05,MA,LONG,LOW,50.23,0.71,20.0,bull,187.6215,189.6365,1,27.27,time_exit,XLF,False
2018-05-31,2018-06-01,2018-06-08,UNH,LONG,MEDIUM,51.87,0.68,20.0,bull,213.83,217.8558,5,47.83,time_exit,XLV,False
2018-06-07,2018-06-08,2018-06-11,HD,LONG,LOW,51.21,0.7,20.0,bull,162.2552,164.5519,1,36.27,time_exit,XLY,False
2018-06-07,2018-06-08,2018-06-11,MU,LONG,LOW,50.96,0.7,20.0,bull,57.282,59.5685,1,102.31,time_exit,XLK,False
2018-06-08,2018-06-11,2018-06-12,META,LONG,MEDIUM,51.31,0.73,20.0,bull,187.6265,190.3622,1,37.81,time_exit,XLK,False
2018-06-07,2018-06-08,2018-06-14,BRK-B,LONG,HIGH,50.52,0.72,20.0,bull,195.6203,193.695,4,-25.46,time_exit,XLF,False
2018-06-12,2018-06-13,2018-06-14,META,LONG,HIGH,51.87,0.68,20.0,bull,191.5312,194.3696,1,38.54,time_exit,XLK,False
2018-06-11,2018-06-12,2018-06-18,GOOGL,LONG,MEDIUM,51.21,0.72,20.0,bull,56.666,57.5671,4,40.99,time_exit,XLK,False
2018-06-14,2018-06-15,2018-06-20,META,LONG,LOW,51.87,0.72,20.0,bull,194.5625,197.4397,3,38.65,time_exit,XLK,False
2018-06-18,2018-06-19,2018-06-21,MU,LONG,MEDIUM,51.31,0.68,20.0,bull,56.3128,57.8165,2,69.93,time_exit,XLK,False
2018-06-20,2018-06-21,2018-06-22,MSFT,LONG,LOW,50.72,0.74,20.0,bull,94.6557,93.8434,1,-22.98,time_exit,XLK,False
2018-06-11,2018-06-12,2018-06-25,UNH,LONG,LOW,50.6,0.71,20.0,bull,222.1295,220.1033,9,-23.9,time_exit,XLV,False
2018-06-14,2018-06-15,2018-06-25,MA,LONG,MEDIUM,51.09,0.74,20.0,bull,190.1211,188.1464,6,-27.38,time_exit,XLF,False
2018-06-21,2018-06-22,2018-06-25,HD,LONG,LOW,51.09,0.7,20.0,neutral,166.3303,164.9907,1,-21.41,time_exit,XLY,False
2018-06-22,2018-06-25,2018-06-26,MSFT,LONG,MEDIUM,51.87,0.74,20.0,bull,92.7212,91.9937,1,-20.97,time_exit,XLK,False
2018-06-25,2018-06-26,2018-06-27,UNH,LONG,MEDIUM,51.87,0.61,20.0,neutral,220.5826,218.7871,1,-21.39,time_exit,XLV,False
2018-06-25,2018-06-26,2018-06-27,GOOGL,LONG,LOW,51.87,0.61,20.0,neutral,56.8177,56.3034,1,-24.11,time_exit,XLK,False
2018-06-25,2018-06-26,2018-06-27,MA,LONG,LOW,51.87,0.6,20.0,neutral,187.8469,186.0118,1,-25.66,time_exit,XLF,False
2018-06-26,2018-06-27,2018-06-28,HD,LONG,HIGH,51.31,0.68,20.0,neutral,162.9079,161.6812,1,-19.8,time_exit,XLY,False
2018-06-27,2018-06-28,2018-06-29,UNH,LONG,HIGH,51.87,0.74,20.0,neutral,217.5622,215.8708,1,-20.32,time_exit,XLV,False
2018-06-27,2018-06-28,2018-07-02,MSFT,LONG,LOW,51.87,0.74,20.0,neutral,90.2896,91.5466,2,35.88,time_exit,XLK,False
2018-06-27,2018-06-28,2018-07-02,GOOGL,LONG,MEDIUM,51.87,0.73,20.0,neutral,55.2409,56.0735,2,38.69,time_exit,XLK,False
2018-06-28,2018-06-29,2018-07-03,MU,LONG,HIGH,51.31,0.72,20.0,neutral,52.4533,51.4443,2,-50.63,time_exit,XLK,False
2018-07-02,2018-07-03,2018-07-05,BRK-B,LONG,HIGH,50.52,0.72,20.0,neutral,188.7178,187.4393,1,-17.88,time_exit,XLF,False
2018-07-03,2018-07-05,2018-07-06,GOOGL,LONG,LOW,50.4,0.69,20.0,neutral,55.8477,56.889,1,47.82,time_exit,XLK,False
2018-06-29,2018-07-02,2018-07-09,V,LONG,LOW,51.87,0.68,20.0,neutral,125.1796,126.9937,4,37.39,time_exit,XLF,False
2018-07-03,2018-07-05,2018-07-09,UNH,LONG,MEDIUM,50.72,0.7,20.0,neutral,219.3017,221.5672,2,26.63,time_exit,XLV,False
2018-07-05,2018-07-06,2018-07-10,MU,LONG,HIGH,51.87,0.71,20.0,neutral,51.3293,54.0441,2,137.56,time_exit,XLK,False
2018-07-06,2018-07-09,2018-07-12,MA,LONG,LOW,51.31,0.7,20.0,bull,192.51,195.7861,3,44.48,time_exit,XLF,False
2018-07-09,2018-07-10,2018-07-16,BRK-B,LONG,MEDIUM,50.92,0.71,20.0,bull,190.0081,191.7059,4,23.4,time_exit,XLF,False
2018-07-10,2018-07-11,2018-07-17,HD,LONG,MEDIUM,51.87,0.69,20.0,bull,163.3682,164.3711,4,16.07,time_exit,XLY,False
2018-07-16,2018-07-17,2018-07-18,BRK-B,LONG,HIGH,50.92,0.72,20.0,bull,192.2616,193.6531,1,19.22,time_exit,XLF,False
2018-07-18,2018-07-19,2018-07-20,BRK-B,LONG,MEDIUM,50.15,0.69,20.0,bull,200.6307,198.8276,1,-24.36,time_exit,XLF,False
2018-07-09,2018-07-10,2018-07-23,META,LONG,LOW,50.8,0.7,20.0,bull,203.1973,208.1726,9,64.38,time_exit,XLK,False
2018-07-12,2018-07-13,2018-07-24,MU,LONG,MEDIUM,50.36,0.68,20.0,bull,54.2304,52.8068,7,-70.38,time_exit,XLK,False
2018-07-19,2018-07-20,2018-07-25,MSFT,LONG,MEDIUM,50.43,0.74,20.0,bull,100.2068,101.5487,3,35.52,time_exit,XLK,False
2018-07-20,2018-07-23,2018-07-25,MA,LONG,HIGH,51.09,0.68,20.0,bull,198.1637,201.0332,2,38.39,time_exit,XLF,False
2018-07-23,2018-07-24,2018-07-27,GOOGL,LONG,HIGH,51.87,0.68,20.0,bull,63.1158,62.4995,3,-26.42,time_exit,XLK,False
2018-07-26,2018-07-27,2018-07-30,META,LONG,HIGH,50.8,0.71,20.0,bull,178.7573,174.7918,1,-59.63,time_exit,XLK,False
2018-07-26,2018-07-27,2018-07-30,MA,LONG,MEDIUM,50.8,0.71,20.0,bull,202.9474,200.6522,1,-30.45,time_exit,XLF,False
2018-07-26,2018-07-27,2018-07-30,MU,LONG,LOW,50.42,0.68,20.0,bull,53.2022,52.3683,1,-42.53,time_exit,XLK,False
2018-07-27,2018-07-30,2018-07-31,V,LONG,LOW,51.31,0.68,20.0,bull,132.924,131.7836,1,-22.73,time_exit,XLF,False
2018-07-30,2018-07-31,2018-08-01,HD,LONG,LOW,50.72,0.71,20.0,bull,163.7531,162.7592,1,-16.12,time_exit,XLY,False
2018-07-30,2018-07-31,2018-08-06,BRK-B,LONG,HIGH,51.1,0.74,20.0,bull,199.2788,201.8173,4,33.36,time_exit,XLF,False
2018-07-31,2018-08-01,2018-08-07,V,LONG,LOW,50.2,0.63,20.0,bull,130.6568,132.6344,4,39.63,time_exit,XLF,False
2018-08-01,2018-08-02,2018-08-07,GOOGL,LONG,HIGH,51.87,0.63,20.0,bull,60.5084,61.719,3,52.2,time_exit,XLK,False
2018-07-30,2018-07-31,2018-08-08,UNH,LONG,MEDIUM,51.87,0.71,20.0,bull,223.7246,226.6982,6,34.83,time_exit,XLV,False
2018-08-08,2018-08-09,2018-08-10,META,LONG,MEDIUM,50.36,0.67,20.0,bull,184.7007,180.094,1,-66.7,time_exit,XLK,False
2018-08-08,2018-08-09,2018-08-10,MU,LONG,HIGH,50.36,0.66,20.0,bull,51.4333,50.8436,1,-31.11,time_exit,XLK,False
2018-08-09,2018-08-10,2018-08-13,HD,LONG,HIGH,50.8,0.7,20.0,bull,163.4612,162.5707,1,-14.62,time_exit,XLY,False
2018-08-13,2018-08-14,2018-08-15,HD,LONG,HIGH,50.8,0.68,20.0,neutral,161.661,160.6266,1,-17.08,time_exit,XLY,False
2018-08-13,2018-08-14,2018-08-15,MA,LONG,MEDIUM,50.8,0.68,20.0,neutral,194.4322,192.365,1,-28.26,time_exit,XLF,False
2018-08-10,2018-08-13,2018-08-16,META,LONG,MEDIUM,50.3,0.67,20.0,bull,178.9864,174.2865,3,-69.61,time_exit,XLK,False
2018-08-14,2018-08-15,2018-08-16,GOOGL,LONG,HIGH,51.87,0.71,20.0,bull,61.7879,61.2558,1,-23.19,time_exit,XLK,False
2018-08-15,2018-08-16,2018-08-20,HD,LONG,HIGH,50.72,0.74,20.0,neutral,160.7073,161.7885,2,17.52,time_exit,XLY,False
2018-08-16,2018-08-17,2018-08-21,V,LONG,MEDIUM,51.09,0.71,20.0,bull,133.7413,132.7492,2,-19.67,time_exit,XLF,False
2018-08-21,2018-08-22,2018-08-23,MSFT,LONG,LOW,51.87,0.6,20.0,bull,98.5173,99.4959,1,25.75,time_exit,XLK,False
2018-08-15,2018-08-16,2018-08-24,MA,LONG,LOW,51.09,0.71,20.0,neutral,193.5995,196.2282,6,35.54,time_exit,XLF,False
2018-08-20,2018-08-21,2018-08-24,HD,LONG,HIGH,50.2,0.63,20.0,bull,164.69,165.9164,3,19.4,time_exit,XLY,False
2018-08-16,2018-08-17,2018-08-27,GOOGL,LONG,LOW,50.72,0.71,20.0,bull,60.6836,61.4319,6,31.93,time_exit,XLK,False
2018-08-23,2018-08-24,2018-08-27,V,LONG,LOW,51.87,0.72,20.0,bull,135.206,136.0352,1,15.95,time_exit,XLF,False
2018-08-24,2018-08-27,2018-08-29,MSFT,LONG,HIGH,51.87,0.71,20.0,bull,101.7011,102.7465,2,26.93,time_exit,XLK,False
2018-08-24,2018-08-27,2018-08-29,MA,LONG,LOW,51.87,0.7,20.0,bull,201.5048,203.8931,2,31.22,time_exit,XLF,False
2018-08-27,2018-08-28,2018-08-29,META,LONG,HIGH,50.52,0.72,20.0,bull,177.0021,175.2245,1,-26.73,time_exit,XLK,False
2018-08-27,2018-08-28,2018-08-30,HD,LONG,MEDIUM,50.36,0.69,20.0,bull,167.5629,166.3461,2,-19.38,time_exit,XLY,False
2018-08-29,2018-08-30,2018-09-04,META,LONG,HIGH,50.92,0.71,20.0,bull,174.8155,173.1459,2,-25.46,time_exit,XLK,False
2018-08-29,2018-08-30,2018-09-05,MU,LONG,MEDIUM,50.36,0.67,20.0,bull,50.3649,49.5814,3,-41.76,time_exit,XLK,False
2018-09-04,2018-09-05,2018-09-06,GOOGL,LONG,MEDIUM,50.8,0.68,20.0,bull,60.0475,59.4178,1,-28.16,time_exit,XLK,False
2018-09-04,2018-09-05,2018-09-06,META,LONG,HIGH,50.34,0.69,20.0,bull,168.4469,166.5766,1,-29.52,time_exit,XLK,False
2018-09-04,2018-09-05,2018-09-10,HD,LONG,LOW,50.8,0.67,20.0,bull,170.5279,172.4872,3,30.22,time_exit,XLY,False
2018-09-06,2018-09-07,2018-09-10,BRK-B,LONG,MEDIUM,50.32,0.74,20.0,bull,212.7954,214.0477,1,15.32,time_exit,XLF,False
2018-09-05,2018-09-06,2018-09-11,MSFT,LONG,LOW,50.43,0.73,20.0,bull,100.7521,102.0777,3,34.16,time_exit,XLK,False
2018-09-10,2018-09-11,2018-09-12,UNH,LONG,LOW,51.09,0.65,20.0,bull,227.8125,230.2361,1,27.91,time_exit,XLV,False
2018-09-10,2018-09-11,2018-09-13,MA,LONG,HIGH,51.09,0.67,20.0,bull,201.8282,204.8563,2,39.41,time_exit,XLF,False
2018-09-06,2018-09-07,2018-09-17,GOOGL,LONG,HIGH,50.72,0.74,20.0,bull,58.1992,57.5924,6,-27.81,time_exit,XLK,False
2018-09-13,2018-09-14,2018-09-17,UNH,LONG,LOW,50.8,0.68,20.0,bull,234.4185,232.4574,1,-22.38,time_exit,XLV,False
2018-09-11,2018-09-12,2018-09-20,V,LONG,HIGH,51.09,0.72,20.0,bull,138.56,140.7912,6,42.58,time_exit,XLF,False
2018-09-17,2018-09-18,2018-09-20,MA,LONG,LOW,51.09,0.71,20.0,bull,208.4813,211.1743,2,33.97,time_exit,XLF,False
2018-09-12,2018-09-13,2018-09-21,MSFT,LONG,LOW,51.09,0.71,20.0,bull,104.3542,105.872,6,38.31,time_exit,XLK,False
2018-09-17,2018-09-18,2018-09-21,HD,LONG,LOW,51.09,0.71,20.0,bull,173.6942,176.2015,3,37.95,time_exit,XLY,False
2018-09-20,2018-09-21,2018-09-25,UNH,LONG,LOW,51.87,0.68,20.0,bull,235.0333,233.2132,2,-20.76,time_exit,XLV,False
2018-09-21,2018-09-24,2018-09-25,HD,LONG,MEDIUM,51.87,0.68,20.0,bull,176.0999,174.4877,1,-24.63,time_exit,XLY,False
2018-09-25,2018-09-26,2018-09-27,META,LONG,MEDIUM,50.15,0.72,20.0,bull,163.2882,166.6324,1,54.52,time_exit,XLK,False
2018-09-21,2018-09-24,2018-10-01,MSFT,LONG,HIGH,50.96,0.7,20.0,bull,105.1999,107.0647,5,47.15,time_exit,XLK,False
2018-09-27,2018-09-28,2018-10-01,META,LONG,HIGH,50.15,0.71,20.0,bull,167.2937,165.356,1,-31.26,time_exit,XLK,False
2018-09-28,2018-10-01,2018-10-04,GOOGL,LONG,LOW,50.36,0.66,20.0,bull,60.2343,59.6657,3,-25.68,time_exit,XLK,False
2018-10-01,2018-10-02,2018-10-04,META,LONG,MEDIUM,50.15,0.69,20.0,bull,160.5849,158.4837,2,-35.26,time_exit,XLK,False
2018-09-20,2018-09-21,2018-10-08,MU,LONG,HIGH,50.92,0.7,20.0,bull,43.3747,42.3011,11,-66.63,time_exit,XLK,False
2018-10-04,2018-10-05,2018-10-08,MA,LONG,HIGH,50.8,0.71,20.0,neutral,207.749,205.9909,1,-22.64,time_exit,XLF,False
2018-10-04,2018-10-05,2018-10-09,HD,LONG,LOW,50.8,0.68,20.0,neutral,165.7371,164.349,2,-22.43,time_exit,XLY,False
2018-10-04,2018-10-05,2018-10-09,BRK-B,LONG,LOW,50.8,0.68,20.0,neutral,219.9992,222.1235,2,25.56,time_exit,XLF,False
2018-10-08,2018-10-09,2018-10-10,MSFT,LONG,LOW,51.31,0.74,20.0,neutral,103.441,102.588,1,-22.09,time_exit,XLK,False
2018-10-08,2018-10-09,2018-10-10,MA,LONG,LOW,51.09,0.74,20.0,neutral,199.6968,197.8295,1,-24.89,time_exit,XLF,False
2018-10-09,2018-10-10,2018-10-11,V,LONG,MEDIUM,51.31,0.75,20.0,neutral,135.4454,134.3006,1,-22.63,time_exit,XLF,False
2018-10-09,2018-10-10,2018-10-11,HD,LONG,HIGH,51.1,0.75,20.0,neutral,165.7718,164.2389,1,-24.7,time_exit,XLY,False
2018-10-10,2018-10-11,2018-10-12,UNH,LONG,MEDIUM,51.09,0.74,20.0,neutral,231.4132,229.5856,1,-20.6,time_exit,XLV,False
2018-10-10,2018-10-11,2018-10-12,MSFT,LONG,LOW,50.08,0.74,20.0,neutral,98.0549,99.8877,1,48.23,time_exit,XLK,False
2018-10-11,2018-10-12,2018-10-15,HD,LONG,MEDIUM,51.1,0.75,20.0,neutral,160.4781,158.7761,1,-27.93,time_exit,XLY,False
2018-10-11,2018-10-12,2018-10-16,MA,LONG,LOW,50.96,0.74,20.0,neutral,192.5182,196.9352,2,59.95,time_exit,XLF,False
2018-10-16,2018-10-17,2018-10-18,UNH,LONG,HIGH,50.96,0.71,20.0,neutral,238.6493,236.0426,1,-28.94,time_exit,XLV,False
2018-10-16,2018-10-17,2018-10-18,V,LONG,LOW,50.19,0.71,20.0,neutral,135.2317,133.1691,1,-40.45,time_exit,XLF,False
2018-10-17,2018-10-18,2018-10-19,MSFT,LONG,MEDIUM,50.8,0.71,20.0,neutral,102.4782,101.0459,1,-37.06,time_exit,XLK,False
2018-10-16,2018-10-17,2018-10-22,BRK-B,LONG,MEDIUM,50.19,0.71,20.0,neutral,210.119,207.4216,3,-34.01,time_exit,XLF,False
2018-11-06,2018-11-07,2018-11-08,META,LONG,MEDIUM,50.92,0.7,20.0,neutral,150.6068,147.9075,1,-46.97,time_exit,XLK,False
2018-11-06,2018-11-07,2018-11-08,HD,LONG,LOW,50.92,0.7,20.0,neutral,153.0281,156.0343,1,51.12,time_exit,XLY,False
2018-11-06,2018-11-07,2018-11-09,MU,LONG,HIGH,50.92,0.7,20.0,neutral,39.3909,38.3919,2,-66.9,time_exit,XLK,False
2018-11-07,2018-11-08,2018-11-12,V,LONG,HIGH,51.56,0.69,20.0,neutral,137.3856,135.162,2,-42.69,time_exit,XLF,False
2018-11-08,2018-11-09,2018-11-12,META,LONG,LOW,50.92,0.72,20.0,neutral,145.8186,143.1373,1,-48.24,time_exit,XLK,False
2018-11-08,2018-11-09,2018-11-12,GOOGL,LONG,MEDIUM,50.92,0.72,20.0,neutral,53.8352,52.7772,1,-51.87,time_exit,XLK,False
2018-11-09,2018-11-12,2018-11-13,HD,LONG,MEDIUM,50.92,0.7,20.0,neutral,154.2287,152.4201,1,-30.47,time_exit,XLY,False
2018-11-15,2018-11-16,2018-11-19,META,LONG,HIGH,50.52,0.67,20.0,neutral,140.1753,138.0719,1,-38.65,time_exit,XLK,False
2018-11-15,2018-11-16,2018-11-19,GOOGL,LONG,LOW,50.52,0.63,20.0,neutral,52.9023,52.0165,1,-43.41,time_exit,XLK,False
2018-11-15,2018-11-16,2018-11-20,BRK-B,LONG,MEDIUM,50.33,0.65,20.0,neutral,217.3085,214.7306,2,-30.53,time_exit,XLF,False
2018-11-15,2018-11-16,2018-11-20,UNH,LONG,LOW,50.33,0.61,20.0,neutral,234.07,231.7713,2,-25.29,time_exit,XLV,False
2018-11-28,2018-11-29,2018-12-03,V,LONG,LOW,50.79,0.65,20.0,neutral,133.9177,137.3629,2,65.06,time_exit,XLF,False
2018-11-28,2018-11-29,2018-12-03,HD,LONG,MEDIUM,50.52,0.7,20.0,neutral,148.0931,151.4375,2,57.11,time_exit,XLY,False
2018-12-03,2018-12-04,2018-12-06,GOOGL,LONG,HIGH,50.15,0.71,20.0,neutral,55.277,54.6031,1,-32.06,time_exit,XLK,False
2018-12-03,2018-12-04,2018-12-06,HD,LONG,MEDIUM,50.15,0.7,20.0,neutral,151.6626,149.8623,1,-30.92,time_exit,XLY,False
2018-11-28,2018-11-29,2018-12-07,UNH,LONG,LOW,50.8,0.68,20.0,neutral,247.7148,244.5865,5,-32.13,time_exit,XLV,False
2018-11-28,2018-11-29,2018-12-10,META,LONG,HIGH,50.52,0.7,20.0,neutral,135.0641,140.246,6,97.12,time_exit,XLK,False
2019-01-07,2019-01-08,2019-01-09,BRK-B,LONG,HIGH,50.52,0.67,20.0,neutral,199.2923,196.2041,1,-39.82,time_exit,XLF,False
2019-01-07,2019-01-08,2019-01-16,MU,LONG,LOW,50.92,0.63,17.46,neutral,33.7573,32.8612,6,-60.04,time_exit,XLK,False
2019-01-07,2019-01-08,2019-01-18,MSFT,LONG,MEDIUM,50.92,0.63,20.0,neutral,96.3414,100.2859,8,104.6,time_exit,XLK,False
2019-01-07,2019-01-08,2019-01-29,V,LONG,LOW,50.92,0.63,20.0,neutral,131.3401,128.7838,14,-50.06,time_exit,XLF,False
2019-01-30,2019-01-31,2019-02-01,MA,LONG,MEDIUM,50.2,0.63,20.0,neutral,201.7613,204.6502,1,36.42,time_exit,XLF,False
2019-01-30,2019-01-31,2019-02-04,GOOGL,LONG,LOW,50.2,0.63,20.0,neutral,55.2407,56.47,2,56.33,time_exit,XLK,False
2019-01-30,2019-01-31,2019-02-05,META,LONG,LOW,50.2,0.63,20.0,neutral,164.5831,168.4237,3,59.4,time_exit,XLK,False
2019-02-08,2019-02-11,2019-02-12,BRK-B,LONG,LOW,51.1,0.72,20.0,bull,201.9909,204.9838,1,38.34,time_exit,XLF,False
2019-02-07,2019-02-08,2019-02-13,GOOGL,LONG,MEDIUM,51.23,0.72,20.0,bull,54.3779,55.8699,3,70.39,time_exit,XLK,False
2019-02-07,2019-02-08,2019-02-13,V,LONG,LOW,51.1,0.7,20.0,bull,132.0183,134.7413,3,53.07,time_exit,XLF,False
2019-02-07,2019-02-08,2019-02-15,MSFT,LONG,LOW,51.1,0.7,20.0,bull,97.5995,100.4676,5,75.64,time_exit,XLK,False
2019-02-12,2019-02-13,2019-02-15,HD,LONG,LOW,51.23,0.63,20.0,bull,156.0601,157.7309,2,27.96,time_exit,XLY,False
2019-02-13,2019-02-14,2019-02-21,GOOGL,LONG,MEDIUM,50.83,0.67,20.0,bull,55.8731,55.1169,4,-36.09,time_exit,XLK,False
2019-02-15,2019-02-19,2019-02-22,BRK-B,LONG,MEDIUM,51.1,0.72,20.0,bull,205.4065,203.2712,3,-27.56,time_exit,XLF,False
2019-02-15,2019-02-19,2019-02-25,HD,LONG,HIGH,51.23,0.72,20.0,bull,160.5914,159.1074,4,-24.55,time_exit,XLY,False
2019-02-21,2019-02-22,2019-02-26,UNH,LONG,LOW,51.1,0.7,20.0,bull,236.1703,233.6514,2,-28.15,time_exit,XLV,False
2019-02-26,2019-02-27,2019-02-28,UNH,LONG,MEDIUM,50.23,0.7,20.0,bull,231.8397,229.2847,1,-29.15,time_exit,XLV,False
2019-02-25,2019-02-26,2019-03-01,MA,LONG,LOW,51.09,0.68,20.0,bull,213.6366,215.7245,3,25.59,time_exit,XLF,False
2019-02-13,2019-02-14,2019-03-05,MU,LONG,LOW,51.23,0.63,20.0,bull,40.4414,39.5304,12,-59.94,time_exit,XLK,False
2019-03-04,2019-03-05,2019-03-06,META,LONG,HIGH,50.15,0.7,20.0,bull,166.3385,168.6198,1,35.57,time_exit,XLK,False
2019-02-22,2019-02-25,2019-03-07,BRK-B,LONG,LOW,51.1,0.72,20.0,bull,201.9998,200.0892,8,-25.09,time_exit,XLF,False
2019-03-01,2019-03-04,2019-03-11,GOOGL,LONG,HIGH,50.15,0.7,20.0,bull,57.3397,57.9502,5,27.39,time_exit,XLK,False
2019-03-11,2019-03-12,2019-03-18,UNH,LONG,HIGH,50.52,0.69,20.0,bull,217.901,224.9677,4,84.44,time_exit,XLV,False
2019-03-13,2019-03-14,2019-03-18,BRK-B,LONG,HIGH,50.15,0.72,20.0,bull,203.5551,205.4235,2,23.94,time_exit,XLF,False
2019-03-13,2019-03-14,2019-03-18,MSFT,LONG,LOW,50.03,0.7,20.0,bull,107.5392,108.5792,2,25.12,time_exit,XLK,False
2019-03-18,2019-03-19,2019-03-20,UNH,LONG,HIGH,50.92,0.72,20.0,bull,227.6848,223.7834,1,-45.31,time_exit,XLV,False
2019-03-18,2019-03-19,2019-03-20,MSFT,LONG,LOW,50.13,0.7,20.0,bull,110.8707,110.0348,1,-20.12,time_exit,XLK,False
2019-03-13,2019-03-14,2019-03-21,MA,LONG,LOW,50.8,0.69,20.0,bull,219.9101,221.9668,5,24.4,time_exit,XLF,False
2019-03-18,2019-03-19,2019-03-21,MU,LONG,MEDIUM,50.15,0.71,20.0,bull,39.0129,40.2633,2,83.87,time_exit,XLK,False
2019-03-20,2019-03-21,2019-03-22,HD,LONG,LOW,50.15,0.69,20.0,bull,156.5353,157.8135,1,21.26,time_exit,XLY,False
2019-03-20,2019-03-21,2019-03-26,UNH,LONG,MEDIUM,50.92,0.69,20.0,bull,221.6707,218.3551,3,-39.38,time_exit,XLV,False
2019-03-26,2019-03-27,2019-03-28,MU,LONG,HIGH,51.23,0.72,20.0,bull,39.4527,38.6811,1,-52.31,time_exit,XLK,False
2019-03-26,2019-03-27,2019-03-28,META,LONG,LOW,51.1,0.67,20.0,bull,166.8037,164.6103,1,-34.88,time_exit,XLK,False
2019-03-22,2019-03-25,2019-03-29,HD,LONG,MEDIUM,50.15,0.68,20.0,bull,159.2765,160.9923,4,28.29,time_exit,XLY,False
2019-03-26,2019-03-27,2019-04-01,MA,LONG,MEDIUM,50.96,0.68,20.0,bull,224.9195,228.1807,3,38.16,time_exit,XLF,False
2019-03-28,2019-03-29,2019-04-02,META,LONG,LOW,51.1,0.62,20.0,bull,165.3459,169.059,2,58.81,time_exit,XLK,False
2019-03-29,2019-04-01,2019-04-03,GOOGL,LONG,MEDIUM,51.1,0.66,20.0,bull,58.9734,59.8425,2,38.28,time_exit,XLK,False
2019-04-01,2019-04-02,2019-04-04,MA,LONG,LOW,51.87,0.62,20.0,bull,230.0133,227.8936,2,-24.53,time_exit,XLF,False
2019-04-02,2019-04-03,2019-04-04,V,LONG,HIGH,51.87,0.73,20.0,bull,151.1588,149.9075,1,-22.17,time_exit,XLF,False
2019-04-03,2019-04-04,2019-04-09,GOOGL,LONG,MEDIUM,51.1,0.72,20.0,bull,60.1524,59.5751,3,-25.96,time_exit,XLK,False
2019-04-04,2019-04-05,2019-04-10,HD,LONG,HIGH,50.43,0.74,20.0,bull,169.4861,167.9244,3,-24.6,time_exit,XLY,False
2019-03-28,2019-03-29,2019-04-11,MSFT,LONG,MEDIUM,50.96,0.67,20.0,bull,110.8434,112.5842,9,40.99,time_exit,XLK,False
2019-04-11,2019-04-12,2019-04-16,GOOGL,LONG,LOW,51.1,0.7,20.0,bull,60.3662,60.9508,2,25.1,time_exit,XLK,False
2019-04-04,2019-04-05,2019-04-17,MA,LONG,MEDIUM,50.6,0.71,20.0,bull,228.0588,231.1951,8,36.36,time_exit,XLF,False
2019-04-17,2019-04-18,2019-04-22,BRK-B,LONG,MEDIUM,50.13,0.67,20.0,bull,211.2535,209.6762,1,-20.06,time_exit,XLF,False
2019-04-09,2019-04-10,2019-04-23,META,LONG,MEDIUM,50.6,0.71,20.0,bull,177.0562,179.8359,8,41.31,time_exit,XLK,False
2019-04-16,2019-04-17,2019-04-26,HD,LONG,HIGH,51.09,0.73,20.0,bull,173.2684,171.5681,6,-26.27,time_exit,XLY,False
2019-04-29,2019-04-30,2019-05-01,HD,LONG,LOW,50.8,0.68,20.0,bull,170.0707,168.6788,1,-21.96,time_exit,XLY,False
2019-04-29,2019-04-30,2019-05-01,V,LONG,LOW,50.13,0.68,20.0,bull,157.2839,156.3242,1,-16.42,time_exit,XLF,False
2019-05-02,2019-05-03,2019-05-06,HD,LONG,MEDIUM,50.72,0.74,20.0,bull,170.4518,168.9435,1,-23.61,time_exit,XLY,False
2019-04-10,2019-04-11,2019-05-07,MU,LONG,MEDIUM,51.23,0.69,20.0,bull,41.2287,40.4104,17,-53.08,time_exit,XLK,False
2019-05-02,2019-05-03,2019-05-07,V,LONG,LOW,51.87,0.69,20.0,bull,154.7244,153.7017,2,-17.68,time_exit,XLF,False
2019-05-06,2019-05-07,2019-05-08,BRK-B,LONG,HIGH,51.21,0.73,20.0,bull,211.6324,209.8411,1,-22.62,time_exit,XLF,False
2019-05-07,2019-05-08,2019-05-13,HD,LONG,LOW,51.1,0.71,20.0,neutral,164.1165,162.5117,3,-25.92,time_exit,XLY,False
2019-05-07,2019-05-08,2019-05-13,MSFT,LONG,HIGH,50.96,0.71,20.0,neutral,117.7537,116.3747,3,-31.07,time_exit,XLK,False
2019-05-08,2019-05-09,2019-05-13,BRK-B,LONG,HIGH,50.72,0.71,20.0,neutral,207.6244,205.8288,2,-22.95,time_exit,XLF,False
2019-05-13,2019-05-14,2019-05-15,V,LONG,MEDIUM,50.96,0.74,20.0,neutral,150.7218,152.5483,1,31.62,time_exit,XLF,False
2019-05-13,2019-05-14,2019-05-16,MSFT,LONG,HIGH,50.96,0.74,20.0,neutral,116.281,118.9389,2,59.72,time_exit,XLK,False
2019-04-25,2019-04-26,2019-05-17,UNH,LONG,HIGH,50.52,0.72,20.0,bull,206.5034,213.7073,15,92.93,time_exit,XLV,False
2019-05-17,2019-05-20,2019-05-21,UNH,LONG,HIGH,50.52,0.74,20.0,neutral,213.5016,216.9299,1,42.52,time_exit,XLV,False
2019-05-15,2019-05-16,2019-05-22,MA,LONG,LOW,50.96,0.71,20.0,neutral,241.1096,245.5169,4,48.18,time_exit,XLF,False
2019-05-21,2019-05-22,2019-05-23,V,LONG,MEDIUM,50.8,0.71,20.0,neutral,156.205,154.761,1,-24.8,time_exit,XLF,False
2019-05-22,2019-05-23,2019-05-28,UNH,LONG,LOW,50.92,0.72,20.0,neutral,220.602,218.2446,2,-28.67,time_exit,XLV,False
2019-05-20,2019-05-21,2019-05-29,MSFT,LONG,HIGH,50.8,0.74,20.0,neutral,120.0667,118.5122,5,-34.68,time_exit,XLK,False
2019-05-13,2019-05-14,2019-05-31,META,LONG,LOW,50.96,0.74,20.0,neutral,181.351,178.9296,12,-35.16,time_exit,XLK,False
2019-05-23,2019-05-24,2019-05-31,V,LONG,MEDIUM,50.96,0.72,20.0,neutral,155.3946,153.9237,4,-25.17,time_exit,XLF,False
2019-05-28,2019-05-29,2019-06-03,MA,LONG,LOW,50.8,0.72,20.0,neutral,242.8537,240.3046,3,-27.95,time_exit,XLF,False
2019-06-05,2019-06-06,2019-06-07,MSFT,LONG,LOW,50.2,0.63,20.0,neutral,119.1378,121.8482,1,59.54,time_exit,XLK,False
2019-06-05,2019-06-06,2019-06-07,V,LONG,LOW,50.2,0.61,20.0,neutral,158.385,160.8718,1,41.07,time_exit,XLF,False
2019-06-05,2019-06-06,2019-06-10,META,LONG,MEDIUM,50.2,0.63,20.0,neutral,167.234,172.5909,2,83.98,time_exit,XLK,False
2019-06-07,2019-06-10,2019-06-12,BRK-B,LONG,MEDIUM,50.92,0.72,20.0,neutral,207.402,205.8356,2,-20.29,time_exit,XLF,False
2019-06-10,2019-06-11,2019-06-12,MU,LONG,MEDIUM,50.92,0.72,20.0,neutral,34.9741,34.3453,1,-48.83,time_exit,XLK,False
2019-06-12,2019-06-13,2019-06-17,MU,LONG,LOW,50.92,0.68,20.0,neutral,32.3176,31.6936,2,-51.96,time_exit,XLK,False
2019-06-05,2019-06-06,2019-06-19,UNH,LONG,HIGH,50.2,0.67,20.0,neutral,216.2814,220.5153,9,51.31,time_exit,XLV,False
2019-06-07,2019-06-10,2019-06-20,MSFT,LONG,HIGH,51.87,0.72,20.0,neutral,124.7539,127.6898,8,62.6,time_exit,XLK,False
2019-06-12,2019-06-13,2019-06-20,BRK-B,LONG,LOW,50.92,0.69,20.0,neutral,204.7401,207.1375,5,30.87,time_exit,XLF,False
2019-06-19,2019-06-20,2019-06-24,UNH,LONG,MEDIUM,51.23,0.7,20.0,neutral,224.808,222.6385,2,-25.82,time_exit,XLV,False
2019-06-17,2019-06-18,2019-06-25,GOOGL,LONG,HIGH,50.92,0.71,20.0,neutral,55.1999,54.521,5,-33.01,time_exit,XLK,False
2019-06-20,2019-06-21,2019-06-25,V,LONG,LOW,50.8,0.68,20.0,neutral,165.4393,163.7697,2,-27.0,time_exit,XLF,False
2019-06-21,2019-06-24,2019-06-25,MA,LONG,LOW,50.23,0.68,20.0,neutral,255.9562,253.0836,1,-30.12,time_exit,XLF,False
2019-06-24,2019-06-25,2019-06-26,UNH,LONG,LOW,50.15,0.71,20.0,neutral,222.753,220.6603,1,-25.15,time_exit,XLV,False
2019-06-25,2019-06-26,2019-06-27,BRK-B,LONG,LOW,50.02,0.72,20.0,neutral,208.564,210.4173,1,23.34,time_exit,XLF,False
2019-06-25,2019-06-26,2019-07-01,MA,LONG,MEDIUM,51.87,0.71,20.0,neutral,251.1734,255.1518,3,41.72,time_exit,XLF,False
2019-06-26,2019-06-27,2019-07-02,V,LONG,LOW,50.6,0.68,20.0,neutral,164.3411,166.1611,3,29.07,time_exit,XLF,False
2019-07-01,2019-07-02,2019-07-03,MA,LONG,LOW,50.2,0.61,20.0,bull,256.9519,260.2468,1,33.97,time_exit,XLF,False
2019-07-02,2019-07-03,2019-07-10,V,LONG,HIGH,51.87,0.72,20.0,bull,168.0464,169.6541,4,25.36,time_exit,XLF,False
2019-07-03,2019-07-05,2019-07-10,META,LONG,HIGH,51.87,0.71,20.0,bull,194.9367,198.9924,3,55.49,time_exit,XLK,False
2019-06-26,2019-06-27,2019-07-11,UNH,LONG,HIGH,51.23,0.72,20.0,neutral,218.2506,221.7896,9,42.7,time_exit,XLV,False
2019-06-27,2019-06-28,2019-07-17,BRK-B,LONG,LOW,50.13,0.72,20.0,bull,213.2896,211.7257,12,-19.51,time_exit,XLF,False
2019-07-12,2019-07-15,2019-07-18,UNH,LONG,LOW,50.13,0.66,20.0,bull,236.8266,234.109,3,-31.01,time_exit,XLV,False
2019-07-16,2019-07-17,2019-07-18,MSFT,LONG,LOW,51.87,0.67,20.0,bull,129.7485,128.9089,1,-17.62,time_exit,XLK,False
2019-07-12,2019-07-15,2019-07-19,GOOGL,LONG,HIGH,50.13,0.67,20.0,bull,56.8811,56.3182,4,-27.12,time_exit,XLK,False
2019-07-17,2019-07-18,2019-07-19,META,LONG,MEDIUM,51.21,0.74,20.0,bull,198.8844,196.9104,1,-26.76,time_exit,XLK,False
2019-07-18,2019-07-19,2019-07-22,MSFT,LONG,LOW,51.87,0.71,20.0,bull,132.1223,131.2653,1,-17.57,time_exit,XLK,False
2019-07-18,2019-07-19,2019-07-22,HD,LONG,LOW,51.87,0.7,20.0,bull,182.4109,180.9086,1,-22.2,time_exit,XLY,False
2019-07-19,2019-07-22,2019-07-24,META,LONG,HIGH,51.87,0.72,20.0,bull,198.6466,201.4946,2,37.82,time_exit,XLK,False
2019-07-19,2019-07-22,2019-07-24,V,LONG,LOW,51.87,0.68,20.0,bull,171.5251,172.8708,2,20.62,time_exit,XLF,False
2019-07-22,2019-07-23,2019-07-26,HD,LONG,HIGH,51.87,0.68,20.0,bull,180.6292,182.7486,3,31.13,time_exit,XLY,False
2019-07-22,2019-07-23,2019-07-26,MSFT,LONG,LOW,50.72,0.7,20.0,bull,131.689,132.6754,3,19.77,time_exit,XLK,False
2019-07-24,2019-07-25,2019-07-26,META,LONG,LOW,51.87,0.73,20.0,bull,205.3868,203.3957,1,-26.09,time_exit,XLK,False
2019-07-24,2019-07-25,2019-07-30,V,LONG,HIGH,51.87,0.75,20.0,bull,175.5645,174.3725,3,-18.33,time_exit,XLF,False
2019-07-26,2019-07-29,2019-07-30,MA,LONG,LOW,50.8,0.68,20.0,bull,272.9256,270.9238,1,-19.71,time_exit,XLF,False
2019-07-26,2019-07-29,2019-07-30,BRK-B,LONG,MEDIUM,50.03,0.7,20.0,bull,210.2876,208.7271,1,-19.97,time_exit,XLF,False
2019-07-26,2019-07-29,2019-07-31,HD,LONG,HIGH,50.8,0.69,20.0,bull,184.2174,182.6394,2,-23.05,time_exit,XLY,False
2019-07-30,2019-07-31,2019-08-01,V,LONG,LOW,51.87,0.7,20.0,bull,173.5801,172.2792,1,-20.11,time_exit,XLF,False
2019-07-30,2019-07-31,2019-08-01,BRK-B,LONG,HIGH,51.31,0.74,20.0,bull,208.0852,206.4778,1,-20.71,time_exit,XLF,False
2019-07-30,2019-07-31,2019-08-01,UNH,LONG,LOW,51.1,0.71,20.0,bull,229.0122,226.1548,1,-33.36,time_exit,XLV,False
2019-07-31,2019-08-01,2019-08-05,MSFT,LONG,HIGH,51.87,0.71,20.0,neutral,129.0874,128.0184,2,-21.93,time_exit,XLK,False
2019-08-01,2019-08-02,2019-08-05,V,LONG,HIGH,50.8,0.72,20.0,neutral,169.9607,168.5254,1,-22.51,time_exit,XLF,False
2019-08-01,2019-08-02,2019-08-05,HD,LONG,LOW,50.8,0.67,20.0,neutral,180.0273,178.6139,1,-20.93,time_exit,XLY,False
2019-08-01,2019-08-02,2019-08-05,GOOGL,LONG,LOW,50.13,0.68,20.0,neutral,59.7452,59.032,1,-32.05,time_exit,XLK,False
2019-08-05,2019-08-06,2019-08-07,MU,LONG,HIGH,51.87,0.75,20.0,neutral,41.6883,40.8281,1,-54.8,time_exit,XLK,False
2019-08-05,2019-08-06,2019-08-08,HD,LONG,LOW,51.87,0.75,20.0,neutral,174.2083,176.8399,2,39.49,time_exit,XLY,False
2019-08-05,2019-08-06,2019-08-08,GOOGL,LONG,MEDIUM,50.96,0.74,20.0,neutral,57.8844,59.4896,2,72.33,time_exit,XLK,False
2019-08-05,2019-08-06,2019-08-12,UNH,LONG,LOW,50.83,0.74,20.0,neutral,219.7261,217.2724,4,-29.43,time_exit,XLV,False
2019-08-08,2019-08-09,2019-08-12,MA,LONG,LOW,50.8,0.71,20.0,neutral,265.594,261.804,1,-37.75,time_exit,XLF,False
2019-08-08,2019-08-09,2019-08-12,MSFT,LONG,HIGH,50.8,0.71,20.0,neutral,130.6057,128.9839,1,-32.96,time_exit,XLK,False
2019-08-08,2019-08-09,2019-08-12,META,LONG,LOW,50.8,0.7,20.0,neutral,188.7966,186.1289,1,-37.42,time_exit,XLK,False
2019-08-13,2019-08-14,2019-08-19,BRK-B,LONG,HIGH,50.52,0.71,20.0,neutral,196.0456,199.5911,3,47.03,time_exit,XLF,False
2019-08-21,2019-08-22,2019-08-23,META,LONG,HIGH,51.56,0.71,20.0,neutral,182.2701,179.3386,1,-42.24,time_exit,XLK,False
2019-08-21,2019-08-22,2019-08-23,GOOGL,LONG,LOW,51.1,0.7,20.0,neutral,59.2886,58.4332,1,-38.21,time_exit,XLK,False
2019-08-21,2019-08-22,2019-08-23,V,LONG,MEDIUM,50.96,0.72,20.0,neutral,173.9895,171.4147,1,-38.88,time_exit,XLF,False
2019-08-21,2019-08-22,2019-08-23,UNH,LONG,LOW,50.52,0.72,20.0,neutral,214.7501,212.2673,1,-30.38,time_exit,XLV,False
2019-08-29,2019-08-30,2019-09-03,V,LONG,LOW,50.8,0.71,20.0,neutral,174.0295,171.9871,1,-30.52,time_exit,XLF,False
2019-08-29,2019-08-30,2019-09-03,BRK-B,LONG,HIGH,50.52,0.72,20.0,neutral,204.2986,202.0923,1,-28.07,time_exit,XLF,False
2019-08-29,2019-08-30,2019-09-05,MU,LONG,MEDIUM,50.8,0.71,20.0,neutral,44.0832,45.9725,3,110.34,time_exit,XLK,False
2019-09-03,2019-09-04,2019-09-05,GOOGL,LONG,HIGH,51.1,0.74,20.0,neutral,58.5758,59.8009,1,53.33,time_exit,XLK,False
2019-09-03,2019-09-04,2019-09-10,BRK-B,LONG,LOW,50.92,0.72,20.0,neutral,203.0079,206.7405,4,47.13,time_exit,XLF,False
2019-09-05,2019-09-06,2019-09-13,GOOGL,LONG,LOW,51.1,0.68,20.0,neutral,60.0505,61.3069,5,54.46,time_exit,XLK,False
2019-08-30,2019-09-03,2019-09-19,MSFT,LONG,LOW,51.87,0.71,20.0,neutral,129.15,132.2224,12,61.22,time_exit,XLK,False
2019-09-10,2019-09-11,2019-09-20,MA,LONG,HIGH,50.2,0.61,20.0,neutral,265.0284,261.2823,7,-37.1,time_exit,XLF,False
2019-09-17,2019-09-18,2019-09-20,V,LONG,HIGH,51.87,0.74,20.0,neutral,169.3469,167.4733,2,-29.37,time_exit,XLF,False
2019-09-19,2019-09-20,2019-09-23,META,LONG,MEDIUM,51.56,0.7,20.0,bull,189.4413,187.4409,1,-28.08,time_exit,XLK,False
2019-09-05,2019-09-06,2019-09-24,UNH,LONG,HIGH,50.52,0.71,20.0,neutral,205.6546,202.8219,12,-36.28,time_exit,XLV,False
2019-09-20,2019-09-23,2019-09-24,MU,LONG,LOW,50.8,0.68,20.0,bull,48.3995,47.7778,1,-34.37,time_exit,XLK,False
2019-09-24,2019-09-25,2019-09-26,GOOGL,LONG,HIGH,50.8,0.68,20.0,bull,60.3913,61.0672,1,28.81,time_exit,XLK,False
2019-09-24,2019-09-25,2019-09-27,MU,LONG,MEDIUM,50.8,0.68,20.0,bull,47.3495,46.771,2,-32.47,time_exit,XLK,False
2019-09-24,2019-09-25,2019-09-30,HD,LONG,LOW,50.8,0.68,20.0,bull,193.724,196.0246,3,30.89,time_exit,XLY,False
2019-09-26,2019-09-27,2019-09-30,MSFT,LONG,LOW,51.87,0.74,20.0,bull,132.4954,131.3174,1,-23.57,time_exit,XLK,False
2019-09-27,2019-09-30,2019-10-01,GOOGL,LONG,HIGH,51.87,0.74,20.0,neutral,60.619,60.0916,1,-23.11,time_exit,XLK,False
2019-09-20,2019-09-23,2019-10-02,V,LONG,MEDIUM,50.8,0.7,20.0,bull,165.339,163.4507,7,-30.23,time_exit,XLF,False
2019-09-30,2019-10-01,2019-10-02,MA,LONG,LOW,51.87,0.71,20.0,neutral,261.7178,259.2017,1,-25.14,time_exit,XLF,False
2019-09-30,2019-10-01,2019-10-02,MSFT,LONG,MEDIUM,51.31,0.74,20.0,neutral,132.0323,130.851,1,-23.5,time_exit,XLK,False
2019-10-01,2019-10-02,2019-10-03,HD,LONG,HIGH,50.8,0.7,20.0,neutral,197.1534,195.5851,1,-20.78,time_exit,XLY,False
2019-10-02,2019-10-03,2019-10-04,MSFT,LONG,MEDIUM,50.8,0.75,20.0,neutral,127.5802,129.8297,1,45.22,time_exit,XLK,False
2019-10-02,2019-10-03,2019-10-04,GOOGL,LONG,LOW,50.03,0.75,20.0,neutral,58.7689,59.6551,1,38.41,time_exit,XLK,False
2019-10-02,2019-10-03,2019-10-04,BRK-B,LONG,LOW,50.03,0.72,20.0,neutral,202.929,205.2115,1,28.85,time_exit,XLF,False
2019-10-04,2019-10-07,2019-10-08,META,LONG,MEDIUM,50.36,0.68,20.0,neutral,178.851,176.737,1,-30.97,time_exit,XLK,False
2019-10-04,2019-10-07,2019-10-08,MA,LONG,LOW,50.36,0.67,20.0,neutral,261.5474,258.7394,1,-28.1,time_exit,XLF,False
2019-10-03,2019-10-04,2019-10-10,HD,LONG,HIGH,50.23,0.74,20.0,neutral,194.2212,196.9833,4,36.79,time_exit,XLY,False
2019-10-04,2019-10-07,2019-10-10,UNH,LONG,HIGH,50.52,0.71,20.0,neutral,196.6418,200.1755,3,46.73,time_exit,XLV,False
2019-10-10,2019-10-11,2019-10-14,UNH,LONG,LOW,50.92,0.68,20.0,neutral,202.4589,200.3291,1,-27.66,time_exit,XLV,False
2019-10-08,2019-10-09,2019-10-15,V,LONG,MEDIUM,50.36,0.72,20.0,neutral,166.4967,169.4449,4,45.79,time_exit,XLF,False
2019-10-09,2019-10-10,2019-10-15,MA,LONG,LOW,50.36,0.7,20.0,neutral,262.1114,267.8124,3,56.59,time_exit,XLF,False
2019-10-10,2019-10-11,2019-10-15,META,LONG,HIGH,50.36,0.71,20.0,neutral,180.9877,184.8865,2,56.23,time_exit,XLK,False
2019-10-15,2019-10-16,2019-10-17,MSFT,LONG,MEDIUM,51.21,0.69,20.0,bull,133.1026,131.7413,1,-27.21,time_exit,XLK,False
2019-10-15,2019-10-16,2019-10-18,MA,LONG,LOW,51.56,0.68,20.0,bull,267.4592,264.4345,2,-29.97,time_exit,XLF,False
2019-10-14,2019-10-15,2019-10-21,BRK-B,LONG,HIGH,51.31,0.7,20.0,bull,208.0175,210.5924,4,32.37,time_exit,XLF,False
2019-10-17,2019-10-18,2019-10-21,MSFT,LONG,LOW,50.6,0.7,20.0,bull,132.1293,130.7755,1,-27.21,time_exit,XLK,False
2019-10-21,2019-10-22,2019-10-23,MSFT,LONG,LOW,50.72,0.72,20.0,bull,131.3827,130.0286,1,-27.25,time_exit,XLK,False
2019-10-15,2019-10-16,2019-10-28,GOOGL,LONG,HIGH,51.21,0.68,20.0,bull,61.6733,62.7207,8,44.43,time_exit,XLK,False
2019-10-23,2019-10-24,2019-10-28,MSFT,LONG,HIGH,50.2,0.61,20.0,bull,131.7799,133.9183,2,42.51,time_exit,XLK,False
2019-10-18,2019-10-21,2019-10-29,UNH,LONG,LOW,50.15,0.71,20.0,bull,219.9574,224.8836,6,58.54,time_exit,XLV,False
2019-10-28,2019-10-29,2019-10-31,HD,LONG,LOW,51.09,0.68,20.0,bull,202.4934,200.975,2,-19.98,time_exit,XLY,False
2019-10-21,2019-10-22,2019-11-01,BRK-B,LONG,MEDIUM,50.6,0.71,20.0,bull,211.3234,213.8515,8,31.28,time_exit,XLF,False
2019-10-31,2019-11-01,2019-11-04,MU,LONG,HIGH,50.36,0.7,20.0,bull,46.3867,48.0333,1,93.54,time_exit,XLK,False
2019-10-29,2019-10-30,2019-11-05,MA,LONG,LOW,50.79,0.65,20.0,bull,265.0928,261.8055,4,-32.88,time_exit,XLF,False
2019-11-01,2019-11-04,2019-11-07,GOOGL,LONG,LOW,50.23,0.67,20.0,bull,63.3697,64.1728,3,33.39,time_exit,XLK,False
2019-11-04,2019-11-05,2019-11-07,HD,LONG,HIGH,51.87,0.7,20.0,bull,200.697,199.1095,2,-21.33,time_exit,XLY,False
2019-11-05,2019-11-06,2019-11-07,UNH,LONG,LOW,51.1,0.69,20.0,bull,224.1699,227.9828,1,45.22,time_exit,XLV,False
2019-11-07,2019-11-08,2019-11-12,META,LONG,LOW,51.09,0.71,20.0,bull,188.7859,192.5457,2,53.17,time_exit,XLK,False
2019-10-28,2019-10-29,2019-11-13,MSFT,LONG,HIGH,51.87,0.7,20.0,bull,136.213,138.6985,11,48.1,time_exit,XLK,False
2019-11-07,2019-11-08,2019-11-14,HD,LONG,LOW,51.87,0.7,20.0,bull,199.0378,201.5176,4,33.22,time_exit,XLY,False
2019-11-07,2019-11-08,2019-11-19,V,LONG,MEDIUM,51.09,0.71,20.0,bull,170.5782,173.937,7,52.55,time_exit,XLF,False
2019-11-12,2019-11-13,2019-11-19,MA,LONG,HIGH,50.36,0.71,20.0,bull,266.8822,271.6442,4,48.1,time_exit,XLF,False
2019-11-14,2019-11-15,2019-11-19,HD,LONG,LOW,50.8,0.7,20.0,bull,203.2139,201.4691,2,-23.43,time_exit,XLY,False
2019-11-14,2019-11-15,2019-11-20,GOOGL,LONG,LOW,50.8,0.7,20.0,bull,65.3012,64.7763,3,-22.23,time_exit,XLK,False
2019-11-19,2019-11-20,2019-11-21,HD,LONG,HIGH,50.8,0.71,20.0,bull,191.9772,189.8947,1,-29.62,time_exit,XLY,False
2019-11-19,2019-11-20,2019-11-21,MU,LONG,MEDIUM,50.8,0.7,20.0,bull,45.0864,44.3515,1,-44.91,time_exit,XLK,False
2019-11-19,2019-11-20,2019-11-21,BRK-B,LONG,LOW,50.23,0.67,20.0,bull,218.3045,216.8929,1,-17.69,time_exit,XLF,False
2019-11-21,2019-11-22,2019-11-25,MU,LONG,HIGH,50.23,0.7,20.0,bull,44.8712,46.2501,1,82.28,time_exit,XLK,False
2019-11-21,2019-11-22,2019-11-25,UNH,LONG,LOW,50.13,0.68,20.0,bull,248.2493,252.2655,1,43.51,time_exit,XLV,False
2019-11-22,2019-11-25,2019-11-26,V,LONG,MEDIUM,50.8,0.68,20.0,bull,172.795,174.1512,1,20.96,time_exit,XLF,False
2019-11-20,2019-11-21,2019-12-02,GOOGL,LONG,LOW,51.87,0.68,20.0,bull,64.5155,63.9912,6,-22.32,time_exit,XLK,False
2019-11-26,2019-11-27,2019-12-02,V,LONG,HIGH,51.87,0.74,20.0,bull,175.2848,174.1061,2,-18.52,time_exit,XLF,False
2019-11-25,2019-11-26,2019-12-03,BRK-B,LONG,LOW,51.1,0.71,20.0,bull,219.4022,218.216,4,-14.85,time_exit,XLF,False
2019-11-25,2019-11-26,2019-12-03,UNH,LONG,LOW,50.43,0.73,20.0,bull,251.9982,249.2527,4,-29.8,time_exit,XLV,False
2019-12-02,2019-12-03,2019-12-04,GOOGL,LONG,MEDIUM,51.87,0.68,20.0,bull,63.4933,64.1934,1,29.53,time_exit,XLK,False
2019-12-02,2019-12-03,2019-12-06,MU,LONG,HIGH,51.87,0.69,20.0,bull,44.08,45.4613,3,84.55,time_exit,XLK,False
2019-12-03,2019-12-04,2019-12-09,UNH,LONG,LOW,50.8,0.66,20.0,neutral,252.8151,250.3051,3,-27.07,time_exit,XLV,False
2019-12-03,2019-12-04,2019-12-12,META,LONG,MEDIUM,50.8,0.68,20.0,neutral,198.7145,197.1833,6,-21.06,time_exit,XLK,False
2019-12-09,2019-12-10,2019-12-12,UNH,LONG,HIGH,51.87,0.71,20.0,bull,250.1652,252.4835,2,25.26,time_exit,XLV,False
2019-12-06,2019-12-09,2019-12-13,V,LONG,MEDIUM,51.87,0.7,20.0,bull,174.2266,176.11,4,29.42,time_exit,XLF,False
2019-12-04,2019-12-05,2019-12-16,GOOGL,LONG,HIGH,51.87,0.7,20.0,bull,65.8932,66.7857,7,36.41,time_exit,XLK,False
2019-12-12,2019-12-13,2019-12-16,UNH,LONG,HIGH,51.87,0.72,20.0,bull,256.8039,259.4223,1,27.79,time_exit,XLV,False
2019-12-13,2019-12-16,2019-12-18,MSFT,LONG,MEDIUM,51.21,0.7,20.0,bull,147.1277,146.1314,2,-18.73,time_exit,XLK,False
2019-12-16,2019-12-17,2019-12-18,MU,LONG,LOW,50.43,0.7,20.0,bull,52.7449,51.7407,1,-52.85,time_exit,XLK,False
2019-12-18,2019-12-19,2019-12-20,META,LONG,HIGH,51.87,0.71,20.0,bull,201.4785,204.3669,1,39.01,time_exit,XLK,False
2019-12-18,2019-12-19,2019-12-20,MSFT,LONG,LOW,50.43,0.67,20.0,bull,146.0739,147.2729,1,22.22,time_exit,XLK,False
2019-12-20,2019-12-23,2019-12-24,MSFT,LONG,LOW,50.43,0.74,20.0,bull,149.9807,148.9963,1,-18.2,time_exit,XLK,False
2019-12-16,2019-12-17,2019-12-26,UNH,LONG,MEDIUM,50.6,0.7,20.0,bull,262.4569,265.3511,6,30.21,time_exit,XLV,False
2019-12-26,2019-12-27,2019-12-30,GOOGL,LONG,LOW,50.8,0.68,20.0,bull,67.7294,67.3389,1,-16.28,time_exit,XLK,False
2019-12-12,2019-12-13,2020-01-02,BRK-B,LONG,MEDIUM,51.87,0.71,20.0,bull,226.2198,228.0773,12,22.35,time_exit,XLF,False
2019-12-20,2019-12-23,2020-01-02,V,LONG,LOW,50.43,0.74,20.0,bull,180.2104,181.5424,6,20.14,time_exit,XLF,False
2019-12-24,2019-12-26,2020-01-02,MSFT,LONG,LOW,51.21,0.73,20.0,bull,149.4496,150.5766,4,20.49,time_exit,XLK,False
2019-12-30,2019-12-31,2020-01-02,MA,LONG,MEDIUM,50.8,0.66,20.0,bull,285.7793,288.0744,1,21.9,time_exit,XLF,False
2020-01-02,2020-01-03,2020-01-06,HD,LONG,HIGH,50.36,0.68,20.0,bull,186.8209,188.5891,1,25.97,time_exit,XLY,False
2020-01-03,2020-01-06,2020-01-07,META,LONG,LOW,50.8,0.68,20.0,bull,205.3686,208.9404,1,47.93,time_exit,XLK,False
2020-01-03,2020-01-06,2020-01-07,MU,LONG,MEDIUM,50.23,0.68,20.0,bull,52.5049,53.688,1,61.75,time_exit,XLK,False
2020-01-03,2020-01-06,2020-01-08,UNH,LONG,HIGH,50.23,0.68,20.0,bull,259.5342,262.2695,2,29.02,time_exit,XLV,False
2020-01-06,2020-01-07,2020-01-08,BRK-B,LONG,HIGH,50.8,0.7,20.0,bull,227.5562,226.259,1,-15.98,time_exit,XLF,False
2020-01-07,2020-01-08,2020-01-09,MA,LONG,HIGH,50.8,0.68,20.0,bull,290.6777,293.197,1,24.04,time_exit,XLF,False
2020-01-07,2020-01-08,2020-01-09,MSFT,LONG,LOW,50.8,0.68,20.0,bull,150.7474,152.2693,1,27.94,time_exit,XLK,False
2020-01-09,2020-01-10,2020-01-14,BRK-B,LONG,MEDIUM,50.8,0.7,20.0,bull,228.7974,227.4928,2,-16.08,time_exit,XLF,False
2020-01-09,2020-01-10,2020-01-15,V,LONG,LOW,50.8,0.7,20.0,bull,185.3324,187.3189,3,29.86,time_exit,XLF,False
2020-01-13,2020-01-14,2020-01-15,UNH,LONG,LOW,50.8,0.68,20.0,bull,257.373,260.8294,1,37.63,time_exit,XLV,False
2020-01-14,2020-01-15,2020-01-16,BRK-B,LONG,MEDIUM,51.87,0.68,20.0,bull,227.0962,228.8246,1,21.24,time_exit,XLF,False
2020-01-15,2020-01-16,2020-01-21,MU,LONG,MEDIUM,50.72,0.69,20.0,bull,55.4856,57.3528,2,94.33,time_exit,XLK,False
2020-01-16,2020-01-17,2020-01-21,BRK-B,LONG,LOW,51.87,0.72,20.0,bull,230.4308,228.8752,1,-19.24,time_exit,XLF,False
2020-01-15,2020-01-16,2020-01-24,UNH,LONG,HIGH,50.72,0.71,20.0,bull,268.5298,265.8173,5,-28.56,time_exit,XLV,False
2020-01-21,2020-01-22,2020-01-24,MSFT,LONG,LOW,50.3,0.73,20.0,bull,158.7804,157.3276,2,-26.15,time_exit,XLK,False
2020-01-09,2020-01-10,2020-01-27,META,LONG,LOW,50.13,0.7,20.0,bull,217.7869,215.7247,10,-26.64,time_exit,XLK,False
2020-01-21,2020-01-22,2020-01-27,MA,LONG,LOW,50.3,0.71,20.0,bull,314.0307,310.8259,3,-29.06,time_exit,XLF,False
2020-01-28,2020-01-29,2020-01-30,UNH,LONG,HIGH,50.8,0.71,20.0,bull,255.9133,252.5107,1,-37.44,time_exit,XLV,False
2020-01-28,2020-01-29,2020-01-30,META,LONG,LOW,50.8,0.68,20.0,bull,220.0046,218.0775,1,-24.72,time_exit,XLK,False
2020-01-28,2020-01-29,2020-01-31,MA,LONG,MEDIUM,50.8,0.67,20.0,bull,312.1296,308.6352,2,-31.52,time_exit,XLF,False
2020-01-29,2020-01-30,2020-01-31,MSFT,LONG,MEDIUM,50.8,0.7,20.0,neutral,165.0875,163.487,1,-27.34,time_exit,XLK,False
2020-02-05,2020-02-06,2020-02-07,MU,LONG,LOW,51.87,0.68,20.0,bull,56.7359,55.7721,1,-47.78,time_exit,XLK,False
2020-02-05,2020-02-06,2020-02-10,MSFT,LONG,MEDIUM,50.3,0.71,20.0,bull,171.6551,175.8052,2,67.12,time_exit,XLK,False
2020-02-05,2020-02-06,2020-02-13,HD,LONG,HIGH,50.96,0.68,20.0,bull,204.7722,207.9196,5,42.64,time_exit,XLY,False
2020-02-05,2020-02-06,2020-02-14,MA,LONG,LOW,50.96,0.68,20.0,bull,318.2368,324.8978,6,58.16,time_exit,XLF,False
2020-02-13,2020-02-14,2020-02-18,MU,LONG,MEDIUM,51.21,0.68,20.0,bull,58.7675,57.7034,1,-51.2,time_exit,XLK,False
2020-02-11,2020-02-12,2020-02-21,GOOGL,LONG,LOW,50.8,0.7,20.0,bull,75.2706,74.3978,6,-32.8,time_exit,XLK,False
2020-02-18,2020-02-19,2020-02-21,MU,LONG,HIGH,51.09,0.72,20.0,bull,57.2246,56.2597,2,-47.69,time_exit,XLK,False
2020-02-11,2020-02-12,2020-02-24,BRK-B,LONG,MEDIUM,50.8,0.7,20.0,bull,227.9009,225.9188,7,-24.44,time_exit,XLF,False
2020-02-14,2020-02-18,2020-02-24,UNH,LONG,MEDIUM,50.9,0.68,20.0,bull,270.047,265.962,4,-42.29,time_exit,XLV,False
2020-02-21,2020-02-24,2020-02-25,GOOGL,LONG,LOW,51.09,0.71,20.0,bull,70.6644,69.8949,1,-30.74,time_exit,XLK,False
2020-02-21,2020-02-24,2020-02-25,MU,LONG,LOW,50.08,0.71,20.0,bull,52.0774,51.0305,1,-56.58,time_exit,XLK,False
2020-07-20,2020-07-21,2020-07-23,V,LONG,MEDIUM,50.32,0.67,20.0,bull,192.1894,189.9139,2,-32.71,time_exit,XLF,False
2020-07-20,2020-07-21,2020-07-24,UNH,LONG,HIGH,51.09,0.67,20.0,bull,277.2817,273.6598,3,-36.03,time_exit,XLV,False
2020-07-20,2020-07-21,2020-07-24,BRK-B,LONG,LOW,50.15,0.67,20.0,bull,190.6869,193.4405,3,39.58,time_exit,XLF,False
2020-07-20,2020-07-21,2020-07-27,HD,LONG,LOW,50.43,0.67,20.0,bull,227.98,230.6364,4,31.93,time_exit,XLY,False
2020-07-27,2020-07-28,2020-07-30,V,LONG,LOW,50.2,0.61,20.0,bull,189.9689,187.7075,2,-32.89,time_exit,XLF,False
2020-07-27,2020-07-28,2020-07-31,GOOGL,LONG,MEDIUM,50.2,0.61,20.0,bull,75.7371,74.892,3,-31.06,time_exit,XLK,False
2020-07-29,2020-07-30,2020-07-31,META,LONG,LOW,50.2,0.61,20.0,bull,228.7707,233.3371,1,54.8,time_exit,XLK,False
2020-07-27,2020-07-28,2020-08-03,MSFT,LONG,HIGH,50.2,0.63,20.0,bull,194.2256,200.1468,4,83.72,time_exit,XLK,False
2020-07-30,2020-07-31,2020-08-05,MA,LONG,MEDIUM,50.8,0.71,20.0,bull,300.4925,308.4463,3,72.91,time_exit,XLF,False
2020-07-31,2020-08-03,2020-08-05,BRK-B,LONG,HIGH,50.15,0.72,20.0,bull,197.5768,200.1256,2,35.32,time_exit,XLF,False
2020-08-05,2020-08-06,2020-08-07,BRK-B,LONG,HIGH,50.15,0.7,20.0,bull,203.3048,205.9749,1,36.47,time_exit,XLF,False
2020-08-07,2020-08-10,2020-08-11,MSFT,LONG,LOW,51.21,0.7,20.0,bull,201.9152,198.974,1,-40.85,time_exit,XLK,False
2020-08-07,2020-08-10,2020-08-12,HD,LONG,LOW,50.6,0.71,20.0,bull,237.3854,239.4224,2,23.86,time_exit,XLY,False
2020-08-12,2020-08-13,2020-08-14,MU,LONG,LOW,50.2,0.63,20.0,bull,46.0753,45.214,1,-52.97,time_exit,XLK,False
2020-08-07,2020-08-10,2020-08-18,GOOGL,LONG,HIGH,51.87,0.75,20.0,bull,74.0342,75.6523,6,60.7,time_exit,XLK,False
2020-08-07,2020-08-10,2020-08-19,V,LONG,MEDIUM,51.1,0.74,20.0,bull,188.6844,192.3498,7,54.14,time_exit,XLF,False
2020-08-11,2020-08-12,2020-08-20,MA,LONG,MEDIUM,50.2,0.63,20.0,bull,318.5795,324.3848,6,50.74,time_exit,XLF,False
2020-08-14,2020-08-17,2020-08-25,META,LONG,HIGH,51.87,0.63,20.0,bull,260.863,269.7219,6,94.37,time_exit,XLK,False
2020-08-25,2020-08-26,2020-08-27,MU,LONG,HIGH,50.52,0.71,20.0,bull,44.5482,43.711,1,-53.89,time_exit,XLK,False
2020-08-27,2020-08-28,2020-09-02,MU,LONG,HIGH,50.52,0.72,20.0,bull,43.5906,45.0089,3,91.19,time_exit,XLK,False
2020-11-06,2020-11-09,2020-11-12,V,LONG,HIGH,50.36,0.67,20.0,bull,206.613,203.7929,3,-38.91,time_exit,XLF,False
2020-11-17,2020-11-18,2020-11-19,UNH,LONG,LOW,50.34,0.65,20.0,bull,322.6001,317.679,1,-43.3,time_exit,XLV,False
2020-11-17,2020-11-18,2020-11-20,MSFT,LONG,LOW,50.34,0.66,20.0,bull,204.8463,201.6911,2,-43.77,time_exit,XLK,False
2020-11-17,2020-11-18,2020-11-23,META,LONG,HIGH,50.34,0.66,19.63,bull,272.8272,266.5522,3,-64.06,time_exit,XLK,False
2020-11-30,2020-12-01,2020-12-02,META,LONG,HIGH,50.34,0.72,20.0,bull,277.429,282.3492,1,49.85,time_exit,XLK,False
2020-11-17,2020-11-18,2020-12-04,HD,LONG,MEDIUM,50.34,0.66,20.0,bull,236.9539,233.5503,11,-40.81,time_exit,XLY,False
2020-11-30,2020-12-01,2020-12-08,BRK-B,LONG,LOW,50.34,0.71,20.0,bull,230.559,227.9066,5,-32.51,time_exit,XLF,False
2020-11-30,2020-12-01,2020-12-09,MSFT,LONG,LOW,50.34,0.72,20.0,bull,205.6698,203.4514,6,-30.51,time_exit,XLK,False
2020-12-04,2020-12-07,2020-12-09,MA,LONG,MEDIUM,50.34,0.61,20.0,bull,333.24,329.1411,2,-34.58,time_exit,XLF,False
2020-12-09,2020-12-10,2020-12-11,V,LONG,MEDIUM,50.2,0.61,20.0,bull,200.9661,199.1561,1,-25.25,time_exit,XLF,False
2020-12-09,2020-12-10,2020-12-14,BRK-B,LONG,LOW,50.2,0.61,20.0,bull,226.7748,224.9882,2,-22.09,time_exit,XLF,False
2020-12-04,2020-12-07,2020-12-16,HD,LONG,HIGH,50.34,0.61,20.0,bull,232.0712,235.6333,7,42.93,time_exit,XLY,False
2020-12-09,2020-12-10,2020-12-16,MSFT,LONG,LOW,50.2,0.61,20.0,bull,203.028,205.2039,4,29.74,time_exit,XLK,False
2020-12-14,2020-12-15,2020-12-16,BRK-B,LONG,LOW,51.87,0.68,20.0,bull,225.1532,223.4199,1,-21.57,time_exit,XLF,False
2020-12-11,2020-12-14,2020-12-18,MA,LONG,HIGH,51.87,0.7,20.0,bull,319.3044,326.5924,4,63.44,time_exit,XLF,False
2020-12-16,2020-12-17,2020-12-18,HD,LONG,HIGH,50.36,0.68,20.0,bull,239.6946,237.7139,1,-23.17,time_exit,XLY,False
2020-12-18,2020-12-21,2020-12-22,META,LONG,HIGH,51.87,0.71,20.0,bull,271.2755,268.2307,1,-31.46,time_exit,XLK,False
2020-12-18,2020-12-21,2020-12-22,V,LONG,MEDIUM,51.87,0.68,20.0,bull,200.7318,199.0895,1,-22.99,time_exit,XLF,False
2020-12-18,2020-12-21,2020-12-24,BRK-B,LONG,LOW,51.87,0.68,20.0,bull,222.3343,224.4109,3,25.96,time_exit,XLF,False
2020-12-18,2020-12-21,2020-12-28,GOOGL,LONG,LOW,51.87,0.68,20.0,bull,84.8802,86.0827,4,39.24,time_exit,XLK,False
2020-12-23,2020-12-24,2020-12-28,MA,LONG,LOW,51.87,0.7,20.0,bull,320.9021,327.2306,1,54.99,time_exit,XLF,False
2020-12-23,2020-12-24,2020-12-28,UNH,LONG,LOW,51.31,0.71,20.0,bull,308.192,311.3733,1,28.74,time_exit,XLV,False
2020-12-24,2020-12-28,2020-12-31,BRK-B,LONG,HIGH,51.31,0.71,20.0,bull,228.4108,231.0271,3,32.06,time_exit,XLF,False
2020-12-30,2020-12-31,2021-01-04,META,LONG,LOW,51.31,0.69,20.0,bull,270.3029,267.5846,1,-28.41,time_exit,XLK,False
2020-12-30,2020-12-31,2021-01-05,V,LONG,HIGH,51.87,0.69,20.0,bull,210.4951,208.4591,2,-27.36,time_exit,XLF,False
2020-12-31,2021-01-04,2021-01-05,MSFT,LONG,LOW,50.8,0.66,20.0,bull,213.3375,211.4062,1,-25.66,time_exit,XLK,False
2020-12-31,2021-01-04,2021-01-05,MA,LONG,LOW,50.13,0.67,20.0,bull,347.4447,343.2761,1,-33.92,time_exit,XLF,False
2021-01-07,2021-01-08,2021-01-11,GOOGL,LONG,LOW,50.2,0.63,20.0,bull,88.2575,87.2841,1,-31.15,time_exit,XLK,False
2021-01-07,2021-01-08,2021-01-11,MU,LONG,HIGH,50.2,0.63,20.0,bull,80.6258,79.5568,1,-37.42,time_exit,XLK,False
2021-01-07,2021-01-08,2021-01-11,UNH,LONG,MEDIUM,50.2,0.63,20.0,bull,336.1862,332.4356,1,-31.27,time_exit,XLV,False
2021-01-08,2021-01-11,2021-01-12,MSFT,LONG,MEDIUM,50.2,0.63,20.0,bull,209.4448,207.0682,1,-31.44,time_exit,XLK,False
2021-01-11,2021-01-12,2021-01-13,V,LONG,LOW,50.2,0.6,20.0,bull,204.655,202.4653,1,-29.8,time_exit,XLF,False
2021-01-11,2021-01-12,2021-01-14,UNH,LONG,HIGH,50.2,0.63,20.0,bull,327.8876,324.2267,2,-31.04,time_exit,XLV,False
2021-01-11,2021-01-12,2021-01-15,GOOGL,LONG,LOW,50.2,0.63,20.0,bull,86.6777,85.6196,3,-34.16,time_exit,XLK,False
2021-01-13,2021-01-14,2021-01-15,BRK-B,LONG,LOW,50.53,0.7,20.0,bull,235.1174,233.209,1,-22.54,time_exit,XLF,False
2021-01-12,2021-01-13,2021-01-20,MSFT,LONG,MEDIUM,50.2,0.63,20.0,bull,205.178,209.3717,4,56.16,time_exit,XLK,False
2021-01-19,2021-01-20,2021-01-21,GOOGL,LONG,MEDIUM,51.87,0.63,20.0,bull,90.703,92.7952,1,63.15,time_exit,XLK,False
2021-01-15,2021-01-19,2021-01-25,V,LONG,MEDIUM,50.2,0.63,20.0,bull,195.7031,193.3892,4,-32.58,time_exit,XLF,False
2021-01-14,2021-01-15,2021-01-26,UNH,LONG,MEDIUM,50.2,0.63,20.0,bull,319.8061,315.9643,6,-33.1,time_exit,XLV,False
2021-01-22,2021-01-25,2021-01-27,META,LONG,HIGH,50.36,0.68,20.0,bull,276.4029,271.7041,2,-47.07,time_exit,XLK,False
2021-02-03,2021-02-04,2021-02-05,UNH,LONG,HIGH,51.87,0.71,20.0,bull,304.4134,301.0443,1,-30.5,time_exit,XLV,False
2021-02-03,2021-02-04,2021-02-08,BRK-B,LONG,MEDIUM,50.72,0.71,20.0,bull,233.1659,235.7051,2,29.79,time_exit,XLF,False
2021-02-03,2021-02-04,2021-02-08,MU,LONG,LOW,50.08,0.7,20.0,bull,77.3189,81.1662,2,136.35,time_exit,XLK,False
2021-02-05,2021-02-08,2021-02-09,HD,LONG,LOW,51.1,0.68,20.0,bull,246.3263,243.4526,1,-32.36,time_exit,XLY,False
2021-02-08,2021-02-09,2021-02-10,UNH,LONG,HIGH,50.2,0.63,20.0,bull,296.666,303.3052,1,62.11,time_exit,XLV,False
2021-02-08,2021-02-09,2021-02-12,BRK-B,LONG,LOW,50.2,0.62,20.0,bull,237.4022,240.3364,3,34.23,time_exit,XLF,False
2021-02-09,2021-02-10,2021-02-16,HD,LONG,HIGH,50.2,0.6,20.0,bull,244.8579,241.9566,3,-33.12,time_exit,XLY,False
2021-02-10,2021-02-11,2021-02-18,MU,LONG,HIGH,50.2,0.61,20.0,bull,82.4488,85.8041,4,113.33,time_exit,XLK,False
2021-02-16,2021-02-17,2021-02-18,HD,LONG,HIGH,50.32,0.7,20.0,bull,242.6672,246.9831,1,49.93,time_exit,XLY,False
2021-02-16,2021-02-17,2021-02-23,V,LONG,MEDIUM,50.79,0.67,20.0,bull,198.1254,203.5984,4,77.59,time_exit,XLF,False
2021-02-18,2021-02-19,2021-02-23,MA,LONG,MEDIUM,50.79,0.72,20.0,bull,328.84,336.1007,2,62.5,time_exit,XLF,False
2021-02-03,2021-02-04,2021-02-25,GOOGL,LONG,LOW,50.08,0.71,20.0,bull,102.3356,100.4962,14,-49.65,time_exit,XLK,False
2021-02-23,2021-02-24,2021-02-25,BRK-B,LONG,LOW,50.2,0.61,20.0,bull,245.4756,243.6637,1,-21.09,time_exit,XLF,False
2021-02-23,2021-02-24,2021-03-01,MSFT,LONG,HIGH,50.2,0.61,20.0,bull,221.0019,223.51,3,32.1,time_exit,XLK,False
2021-03-01,2021-03-02,2021-03-03,HD,LONG,HIGH,50.83,0.74,20.0,bull,230.4605,227.4,1,-37.87,time_exit,XLY,False
2021-03-01,2021-03-02,2021-03-03,META,LONG,LOW,50.23,0.71,20.0,bull,264.091,260.628,1,-37.39,time_exit,XLK,False
2021-03-01,2021-03-02,2021-03-04,MA,LONG,MEDIUM,51.87,0.69,20.0,bull,351.7389,346.4174,2,-43.09,time_exit,XLF,False
2021-02-18,2021-02-19,2021-03-05,UNH,LONG,LOW,50.79,0.71,20.0,bull,301.1089,306.2252,10,48.07,time_exit,XLV,False
2021-03-05,2021-03-08,2021-03-09,GOOGL,LONG,MEDIUM,50.2,0.63,20.0,neutral,103.5018,102.18,1,-36.27,time_exit,XLK,False
2021-03-05,2021-03-08,2021-03-11,V,LONG,HIGH,50.2,0.63,20.0,neutral,209.4465,214.8872,3,73.1,time_exit,XLF,False
2021-03-10,2021-03-11,2021-03-12,BRK-B,LONG,HIGH,50.3,0.66,20.0,bull,264.5795,261.0891,1,-37.33,time_exit,XLF,False
2021-03-05,2021-03-08,2021-03-16,MSFT,LONG,LOW,50.2,0.63,20.0,neutral,222.315,227.6189,6,67.13,time_exit,XLK,False
2021-03-09,2021-03-10,2021-03-18,GOOGL,LONG,HIGH,50.2,0.63,20.0,neutral,102.3766,100.7959,6,-43.9,time_exit,XLK,False
2021-03-16,2021-03-17,2021-03-18,MSFT,LONG,LOW,50.34,0.67,20.0,bull,226.9088,223.7001,1,-40.71,time_exit,XLK,False
2021-03-12,2021-03-15,2021-03-19,HD,LONG,LOW,50.92,0.63,20.0,bull,243.2664,250.3009,4,81.58,time_exit,XLY,False
2021-03-18,2021-03-19,2021-03-22,MA,LONG,MEDIUM,50.2,0.61,20.0,bull,354.4637,349.4436,1,-40.34,time_exit,XLF,False
2021-03-19,2021-03-22,2021-03-23,MSFT,LONG,LOW,51.87,0.68,20.0,bull,221.2606,226.7236,1,69.73,time_exit,XLK,False
2021-03-11,2021-03-12,2021-03-24,MU,LONG,LOW,50.96,0.67,14.56,bull,85.5506,82.5021,8,-73.97,time_exit,XLK,False
2021-03-25,2021-03-26,2021-03-29,BRK-B,LONG,HIGH,50.8,0.71,20.0,bull,253.0956,256.81,1,41.32,time_exit,XLF,False
2021-03-25,2021-03-26,2021-03-29,META,LONG,LOW,50.8,0.68,20.0,bull,276.5428,287.8135,1,114.96,time_exit,XLK,False
2021-03-25,2021-03-26,2021-03-31,MA,LONG,MEDIUM,50.8,0.71,20.0,bull,349.7341,345.38,3,-35.23,time_exit,XLF,False
2021-03-18,2021-03-19,2021-04-01,GOOGL,LONG,HIGH,50.2,0.63,20.0,bull,100.8051,104.2503,9,96.88,time_exit,XLK,False
2021-03-29,2021-03-30,2021-04-01,MSFT,LONG,MEDIUM,51.87,0.74,20.0,bull,224.3936,228.7749,2,55.74,time_exit,XLK,False
2021-03-29,2021-03-30,2021-04-05,META,LONG,HIGH,51.87,0.74,20.0,bull,287.9987,298.2018,3,101.29,time_exit,XLK,False
2021-04-01,2021-04-05,2021-04-06,UNH,LONG,LOW,50.8,0.67,20.0,bull,339.7484,336.6148,1,-26.75,time_exit,XLV,False
2021-04-01,2021-04-05,2021-04-08,MA,LONG,LOW,50.23,0.71,20.0,bull,356.4087,364.0713,3,62.07,time_exit,XLF,False
2021-04-06,2021-04-07,2021-04-09,UNH,LONG,MEDIUM,50.8,0.68,20.0,bull,334.759,340.3781,2,48.55,time_exit,XLV,False
2021-04-06,2021-04-07,2021-04-09,MSFT,LONG,LOW,50.13,0.71,20.0,bull,238.1175,243.8974,2,70.22,time_exit,XLK,False
2021-03-31,2021-04-01,2021-04-14,MU,LONG,LOW,51.87,0.61,16.62,bull,90.8611,88.9086,8,-51.5,time_exit,XLK,False
2021-04-14,2021-04-15,2021-04-16,UNH,LONG,HIGH,50.8,0.68,20.0,bull,349.29,354.2846,1,41.65,time_exit,XLV,False
2021-04-14,2021-04-15,2021-04-16,HD,LONG,LOW,50.13,0.68,20.0,bull,283.7786,287.7528,1,40.77,time_exit,XLY,False
2021-04-14,2021-04-15,2021-04-19,META,LONG,MEDIUM,50.8,0.68,20.0,bull,304.4014,300.378,2,-38.68,time_exit,XLK,False
2021-04-14,2021-04-15,2021-04-19,MU,LONG,LOW,50.23,0.66,20.0,bull,89.6401,88.2333,2,-46.15,time_exit,XLK,False
2021-04-16,2021-04-19,2021-04-21,UNH,LONG,HIGH,51.21,0.71,20.0,bull,358.4824,364.6928,2,50.61,time_exit,XLV,False
2021-04-19,2021-04-20,2021-04-22,META,LONG,MEDIUM,51.87,0.68,20.0,bull,300.0753,296.3326,2,-36.54,time_exit,XLK,False
2021-04-19,2021-04-20,2021-04-22,HD,LONG,LOW,50.6,0.68,20.0,bull,288.9086,286.4532,2,-24.93,time_exit,XLY,False
2021-04-16,2021-04-19,2021-04-28,GOOGL,LONG,LOW,51.09,0.66,20.0,bull,112.7466,114.9544,7,57.04,time_exit,XLK,False
2021-04-21,2021-04-22,2021-04-28,V,LONG,LOW,51.09,0.71,20.0,bull,219.4151,222.3146,4,38.55,time_exit,XLF,False
2021-04-22,2021-04-23,2021-04-28,MA,LONG,HIGH,50.2,0.63,20.0,bull,373.9007,378.879,3,38.67,time_exit,XLF,False
2021-04-28,2021-04-29,2021-04-30,META,LONG,MEDIUM,51.87,0.68,20.0,bull,328.0311,325.057,1,-26.75,time_exit,XLK,False
2021-04-28,2021-04-29,2021-04-30,MSFT,LONG,LOW,51.87,0.67,20.0,bull,245.4631,243.0647,1,-28.85,time_exit,XLK,False
2021-04-22,2021-04-23,2021-05-03,UNH,LONG,LOW,50.2,0.62,20.0,bull,363.6474,369.5591,6,47.23,time_exit,XLV,False
2021-04-28,2021-04-29,2021-05-03,BRK-B,LONG,HIGH,51.87,0.7,20.0,bull,274.8531,278.1642,2,35.31,time_exit,XLF,False
2021-04-30,2021-05-03,2021-05-04,HD,LONG,HIGH,51.87,0.73,20.0,bull,289.155,292.6968,1,35.86,time_exit,XLY,False
2021-04-30,2021-05-03,2021-05-04,MSFT,LONG,LOW,51.31,0.74,20.0,bull,243.4788,241.1101,1,-28.68,time_exit,XLK,False
2021-05-03,2021-05-04,2021-05-10,MU,LONG,HIGH,51.87,0.63,20.0,bull,82.205,80.5869,4,-58.45,time_exit,XLK,False
2021-05-03,2021-05-04,2021-05-10,GOOGL,LONG,LOW,51.21,0.63,20.0,bull,114.8951,113.687,4,-31.28,time_exit,XLK,False
2021-05-04,2021-05-05,2021-05-10,MSFT,LONG,LOW,50.2,0.63,20.0,bull,239.3091,237.0068,3,-28.48,time_exit,XLK,False
2021-05-04,2021-05-05,2021-05-10,META,LONG,LOW,50.2,0.62,20.0,bull,316.1761,311.9979,3,-39.05,time_exit,XLK,False
2021-05-10,2021-05-11,2021-05-12,V,LONG,HIGH,50.2,0.63,20.0,bull,215.972,213.7471,1,-30.2,time_exit,XLF,False
2021-05-10,2021-05-11,2021-05-12,MSFT,LONG,LOW,50.2,0.61,20.0,bull,234.9774,232.4288,1,-31.77,time_exit,XLK,False
2021-05-10,2021-05-11,2021-05-12,HD,LONG,LOW,50.2,0.6,20.0,bull,299.145,296.3778,1,-27.09,time_exit,XLY,False
2021-05-10,2021-05-11,2021-05-14,META,LONG,MEDIUM,50.2,0.63,20.0,bull,298.8511,308.25,3,91.68,time_exit,XLK,False
2021-05-13,2021-05-14,2021-05-18,MSFT,LONG,MEDIUM,50.2,0.62,20.0,neutral,235.9706,233.2837,2,-33.23,time_exit,XLK,False
2021-05-14,2021-05-17,2021-05-24,GOOGL,LONG,HIGH,50.96,0.7,20.0,bull,112.4099,115.4985,5,80.14,time_exit,XLK,False
2021-05-14,2021-05-17,2021-05-25,META,LONG,LOW,51.87,0.67,20.0,bull,311.5721,321.6764,6,94.81,time_exit,XLK,False
2021-05-24,2021-05-25,2021-05-26,MU,LONG,HIGH,50.36,0.68,20.0,bull,81.6462,80.2476,1,-51.04,time_exit,XLK,False
2021-05-25,2021-05-26,2021-06-01,MSFT,LONG,HIGH,50.36,0.66,20.0,bull,242.1482,239.1531,3,-36.5,time_exit,XLK,False
2021-05-18,2021-05-19,2021-06-02,UNH,LONG,HIGH,51.09,0.74,20.0,neutral,376.3927,372.6462,9,-28.96,time_exit,XLV,False
2021-06-01,2021-06-02,2021-06-03,META,LONG,MEDIUM,50.2,0.6,20.0,bull,328.2897,324.3755,1,-35.11,time_exit,XLK,False
2021-05-13,2021-05-14,2021-06-07,V,LONG,HIGH,50.2,0.63,20.0,neutral,218.2973,222.2338,15,52.31,time_exit,XLF,False
2021-06-02,2021-06-03,2021-06-07,UNH,LONG,LOW,50.2,0.61,20.0,bull,370.8865,368.7421,2,-17.09,time_exit,XLV,False
2021-06-03,2021-06-04,2021-06-07,HD,LONG,MEDIUM,50.2,0.6,20.0,bull,278.0454,276.1553,1,-19.98,time_exit,XLY,False
2021-05-26,2021-05-27,2021-06-08,MU,LONG,HIGH,50.36,0.69,20.0,bull,80.5605,79.0851,7,-54.29,time_exit,XLK,False
2021-06-07,2021-06-08,2021-06-09,HD,LONG,HIGH,51.87,0.71,20.0,bull,277.295,275.5965,1,-18.06,time_exit,XLY,False
2021-06-08,2021-06-09,2021-06-10,MA,LONG,LOW,50.79,0.68,20.0,bull,356.9278,353.5442,1,-27.64,time_exit,XLF,False
2021-06-07,2021-06-08,2021-06-11,V,LONG,LOW,51.87,0.71,20.0,bull,224.4084,226.2487,3,23.9,time_exit,XLF,False
2021-06-07,2021-06-08,2021-06-11,UNH,LONG,MEDIUM,51.87,0.71,20.0,bull,368.3242,365.9929,3,-18.63,time_exit,XLV,False
2021-06-10,2021-06-11,2021-06-15,HD,LONG,HIGH,50.36,0.68,20.0,bull,275.5149,273.8903,2,-17.23,time_exit,XLY,False
2021-06-10,2021-06-11,2021-06-21,MA,LONG,MEDIUM,50.36,0.68,20.0,bull,355.5661,360.0736,6,36.73,time_exit,XLF,False
2021-06-11,2021-06-14,2021-06-21,MSFT,LONG,HIGH,50.36,0.68,20.0,bull,248.3736,251.5472,5,36.96,time_exit,XLK,False
2021-06-24,2021-06-25,2021-06-28,META,LONG,LOW,51.31,0.71,20.0,bull,340.4045,346.939,1,55.81,time_exit,XLK,False
2021-06-28,2021-06-29,2021-07-01,MU,LONG,HIGH,50.36,0.68,20.0,bull,81.6042,80.4427,2,-42.01,time_exit,XLK,False
2021-06-24,2021-06-25,2021-07-02,UNH,LONG,HIGH,51.87,0.71,20.0,bull,369.0888,373.246,5,32.72,time_exit,XLV,False
2021-06-24,2021-06-25,2021-07-02,GOOGL,LONG,MEDIUM,51.87,0.69,20.0,bull,121.1647,122.352,5,28.29,time_exit,XLK,False
2021-07-01,2021-07-02,2021-07-06,MSFT,LONG,HIGH,51.21,0.68,20.0,bull,262.7321,265.6862,1,32.83,time_exit,XLK,False
2021-06-24,2021-06-25,2021-07-08,BRK-B,LONG,LOW,51.87,0.68,20.0,bull,276.7378,274.4272,8,-24.42,time_exit,XLF,False
2021-07-02,2021-07-06,2021-07-08,HD,LONG,MEDIUM,50.36,0.67,20.0,bull,287.5867,285.3877,2,-22.59,time_exit,XLY,False
2021-07-02,2021-07-06,2021-07-12,UNH,LONG,LOW,50.36,0.64,20.0,bull,376.9914,382.6379,4,43.98,time_exit,XLV,False
2021-07-08,2021-07-09,2021-07-19,BRK-B,LONG,MEDIUM,50.36,0.66,20.0,bull,276.3991,274.0576,6,-24.89,time_exit,XLF,False
2021-07-12,2021-07-13,2021-07-19,UNH,LONG,HIGH,50.36,0.67,20.0,bull,384.0993,381.0324,4,-23.56,time_exit,XLV,False
2021-07-20,2021-07-21,2021-07-22,GOOGL,LONG,LOW,51.09,0.68,20.0,bull,125.2671,126.981,1,39.76,time_exit,XLK,False
2021-07-20,2021-07-21,2021-07-22,MSFT,LONG,LOW,50.72,0.68,20.0,bull,268.5859,271.4849,1,31.44,time_exit,XLK,False
2021-07-20,2021-07-21,2021-07-23,MA,LONG,HIGH,50.72,0.71,20.0,bull,366.2078,375.4683,2,73.85,time_exit,XLF,False
2021-07-22,2021-07-23,2021-07-26,META,LONG,MEDIUM,51.87,0.71,20.0,bull,358.6122,364.2855,1,46.49,time_exit,XLK,False
2021-07-23,2021-07-26,2021-07-28,UNH,LONG,HIGH,50.8,0.71,20.0,bull,384.521,381.4408,2,-23.94,time_exit,XLV,False
2021-07-22,2021-07-23,2021-07-30,MSFT,LONG,LOW,51.87,0.69,20.0,bull,276.7422,274.3929,5,-25.1,time_exit,XLK,False
2021-07-28,2021-07-29,2021-08-02,MA,LONG,HIGH,50.8,0.68,20.0,bull,377.3806,371.9455,2,-42.55,time_exit,XLF,False
2021-07-26,2021-07-27,2021-08-06,BRK-B,LONG,HIGH,51.56,0.7,20.0,bull,278.4482,282.6261,8,44.37,time_exit,XLF,False
2021-07-20,2021-07-21,2021-08-11,HD,LONG,MEDIUM,51.87,0.67,20.0,bull,291.8419,296.3021,15,44.58,time_exit,XLY,False
2021-07-30,2021-08-02,2021-08-13,MSFT,LONG,HIGH,50.2,0.6,20.0,bull,275.7659,278.9947,9,34.41,time_exit,XLK,False
2021-08-06,2021-08-09,2021-08-17,META,LONG,LOW,51.87,0.66,20.0,bull,361.4273,356.1839,6,-43.03,time_exit,XLK,False
2021-08-13,2021-08-16,2021-08-18,MSFT,LONG,LOW,51.87,0.71,20.0,bull,282.3328,280.5934,2,-18.43,time_exit,XLK,False
2021-08-11,2021-08-12,2021-08-19,MA,LONG,HIGH,50.2,0.66,20.0,bull,353.0999,348.7175,5,-36.77,time_exit,XLF,False
2021-08-04,2021-08-05,2021-08-23,GOOGL,LONG,HIGH,50.96,0.71,20.0,bull,134.7474,137.3587,12,56.9,time_exit,XLK,False
2021-08-23,2021-08-24,2021-08-25,V,LONG,HIGH,50.36,0.72,20.0,bull,227.4981,225.606,1,-24.75,time_exit,XLF,False
2021-08-24,2021-08-25,2021-08-26,MA,LONG,LOW,50.23,0.7,20.0,bull,352.5061,349.6209,1,-24.26,time_exit,XLF,False
2021-08-24,2021-08-25,2021-08-27,META,LONG,MEDIUM,50.8,0.7,20.0,bull,363.253,367.4281,2,33.88,time_exit,XLK,False
2021-08-25,2021-08-26,2021-08-27,BRK-B,LONG,MEDIUM,51.87,0.68,20.0,bull,288.5479,286.5679,1,-20.46,time_exit,XLF,False
2021-08-27,2021-08-30,2021-09-01,BRK-B,LONG,HIGH,51.87,0.6,20.0,bull,286.6856,284.9071,2,-18.51,time_exit,XLF,False
2021-09-01,2021-09-02,2021-09-03,BRK-B,LONG,MEDIUM,50.23,0.7,20.0,bull,285.7329,284.1475,1,-16.52,time_exit,XLF,False
2021-08-26,2021-08-27,2021-09-09,UNH,LONG,HIGH,50.72,0.74,20.0,bull,385.6237,381.7682,8,-29.52,time_exit,XLV,False
2021-08-27,2021-08-30,2021-09-09,MSFT,LONG,LOW,51.21,0.63,20.0,bull,290.5261,288.0784,7,-25.09,time_exit,XLK,False
2021-09-07,2021-09-08,2021-09-13,META,LONG,LOW,50.8,0.68,20.0,bull,377.7231,373.7845,3,-30.92,time_exit,XLK,False
2021-09-09,2021-09-10,2021-09-13,MSFT,LONG,LOW,50.8,0.68,20.0,bull,287.9188,285.9514,1,-20.16,time_exit,XLK,False
2021-09-09,2021-09-10,2021-09-14,UNH,LONG,MEDIUM,50.8,0.68,20.0,bull,384.7072,381.8829,2,-21.63,time_exit,XLV,False
2021-09-13,2021-09-14,2021-09-15,BRK-B,LONG,MEDIUM,51.87,0.69,20.0,neutral,280.9143,279.2318,1,-17.7,time_exit,XLF,False
2021-09-13,2021-09-14,2021-09-15,MSFT,LONG,LOW,51.87,0.68,20.0,neutral,289.0183,290.9547,1,19.59,time_exit,XLK,False
2021-08-23,2021-08-24,2021-09-16,MU,LONG,MEDIUM,50.52,0.69,20.0,bull,70.4672,72.5771,16,88.21,time_exit,XLK,False
2021-09-14,2021-09-15,2021-09-17,UNH,LONG,MEDIUM,50.72,0.75,20.0,neutral,381.8951,387.3261,2,41.48,time_exit,XLV,False
2021-09-15,2021-09-16,2021-09-17,GOOGL,LONG,HIGH,51.87,0.72,20.0,neutral,142.9562,141.8268,1,-23.43,time_exit,XLK,False
2021-09-15,2021-09-16,2021-09-17,MSFT,LONG,LOW,51.87,0.71,20.0,neutral,293.0705,291.0846,1,-20.02,time_exit,XLK,False
2021-09-16,2021-09-17,2021-09-20,META,LONG,LOW,51.31,0.68,20.0,neutral,369.0251,365.6075,1,-27.34,time_exit,XLK,False
2021-09-17,2021-09-20,2021-09-21,MSFT,LONG,HIGH,51.87,0.69,20.0,neutral,285.9053,283.8166,1,-21.48,time_exit,XLK,False
2021-09-17,2021-09-20,2021-09-21,UNH,LONG,LOW,50.96,0.68,20.0,neutral,385.9655,382.4341,1,-26.85,time_exit,XLV,False
2021-09-17,2021-09-20,2021-09-22,GOOGL,LONG,LOW,51.87,0.66,20.0,neutral,137.2076,138.9334,2,36.59,time_exit,XLK,False
2021-09-21,2021-09-22,2021-09-27,MSFT,LONG,MEDIUM,51.31,0.74,20.0,neutral,286.2913,284.1764,3,-21.71,time_exit,XLK,False
2021-09-21,2021-09-22,2021-09-27,HD,LONG,LOW,50.53,0.75,20.0,neutral,300.7064,303.6113,3,28.16,time_exit,XLY,False
2021-09-21,2021-09-22,2021-09-28,META,LONG,LOW,50.72,0.75,20.0,neutral,345.0056,341.5604,4,-29.29,time_exit,XLK,False
2021-09-22,2021-09-23,2021-09-28,GOOGL,LONG,HIGH,51.87,0.75,20.0,neutral,140.014,138.7396,3,-26.83,time_exit,XLK,False
2021-09-29,2021-09-30,2021-10-01,HD,LONG,HIGH,50.2,0.63,20.0,neutral,302.8521,300.3109,1,-24.6,time_exit,XLY,False
2021-10-07,2021-10-08,2021-10-11,V,LONG,LOW,50.02,0.72,20.0,neutral,223.5976,220.6777,1,-38.2,time_exit,XLF,False
2021-10-07,2021-10-08,2021-10-12,GOOGL,LONG,HIGH,50.96,0.72,20.0,neutral,138.617,136.8995,2,-36.33,time_exit,XLK,False
2021-10-07,2021-10-08,2021-10-12,UNH,LONG,LOW,50.02,0.71,20.0,neutral,376.2401,372.33,2,-30.38,time_exit,XLV,False
2021-10-07,2021-10-08,2021-10-14,HD,LONG,MEDIUM,50.96,0.72,20.0,neutral,298.1614,303.7175,4,54.22,time_exit,XLY,False
2021-10-14,2021-10-15,2021-10-18,HD,LONG,LOW,50.43,0.71,20.0,neutral,310.2866,316.0698,1,54.05,time_exit,XLY,False
2021-10-14,2021-10-15,2021-10-19,META,LONG,HIGH,50.79,0.71,20.0,neutral,326.5762,334.0043,2,65.98,time_exit,XLK,False
2021-10-14,2021-10-15,2021-10-22,GOOGL,LONG,LOW,51.56,0.67,20.0,neutral,140.6413,138.7562,5,-39.14,time_exit,XLK,False
2021-10-14,2021-10-15,2021-10-22,BRK-B,LONG,MEDIUM,50.79,0.7,20.0,neutral,284.3138,288.5496,5,43.18,time_exit,XLF,False
2021-10-19,2021-10-20,2021-10-22,META,LONG,LOW,50.36,0.67,20.0,neutral,341.2541,336.937,2,-37.3,time_exit,XLK,False
2021-10-18,2021-10-19,2021-10-27,MA,LONG,HIGH,50.15,0.69,20.0,neutral,349.4817,344.4219,6,-42.46,time_exit,XLF,False
2021-10-22,2021-10-25,2021-10-27,BRK-B,LONG,MEDIUM,50.3,0.71,20.0,neutral,290.0829,287.5697,2,-25.41,time_exit,XLF,False
2021-10-22,2021-10-25,2021-10-27,MSFT,LONG,LOW,50.3,0.7,20.0,neutral,298.4873,302.5105,2,39.28,time_exit,XLK,False
2021-10-22,2021-10-25,2021-10-27,V,LONG,LOW,50.3,0.69,20.0,neutral,225.9701,223.7502,2,-28.84,time_exit,XLF,False
2021-10-27,2021-10-28,2021-11-03,MU,LONG,HIGH,50.15,0.7,20.0,neutral,67.774,69.0689,4,55.19,time_exit,XLK,False
2021-11-03,2021-11-04,2021-11-05,HD,LONG,LOW,51.09,0.71,20.0,bull,331.9874,329.0967,1,-25.53,time_exit,XLY,False
2021-11-03,2021-11-04,2021-11-09,BRK-B,LONG,HIGH,50.53,0.74,20.0,bull,289.5111,287.4253,3,-21.15,time_exit,XLF,False
2021-11-05,2021-11-08,2021-11-11,HD,LONG,HIGH,51.09,0.74,20.0,bull,331.4865,328.7853,3,-23.92,time_exit,XLY,False
2021-11-09,2021-11-10,2021-11-11,UNH,LONG,LOW,51.87,0.71,20.0,bull,430.8463,427.0854,1,-25.59,time_exit,XLV,False
2021-11-11,2021-11-12,2021-11-15,UNH,LONG,MEDIUM,50.2,0.6,20.0,bull,426.4781,423.0811,1,-23.13,time_exit,XLV,False
2021-11-03,2021-11-04,2021-11-16,MSFT,LONG,LOW,50.43,0.72,20.0,bull,321.1985,326.2219,8,45.6,time_exit,XLK,False
2021-11-11,2021-11-12,2021-11-16,BRK-B,LONG,HIGH,50.2,0.66,20.0,bull,285.2546,283.4963,2,-17.94,time_exit,XLF,False
2021-11-15,2021-11-16,2021-11-17,UNH,LONG,MEDIUM,51.87,0.61,20.0,bull,419.3681,415.7773,1,-24.95,time_exit,XLV,False
2021-11-16,2021-11-17,2021-11-18,HD,LONG,MEDIUM,51.87,0.71,20.0,bull,351.7293,356.9661,1,43.1,time_exit,XLY,False
2021-11-17,2021-11-18,2021-11-19,MU,LONG,HIGH,50.15,0.71,20.0,bull,75.2138,77.077,1,71.53,time_exit,XLK,False
2021-11-03,2021-11-04,2021-11-26,GOOGL,LONG,MEDIUM,51.87,0.7,20.0,bull,146.1165,144.2817,15,-36.89,time_exit,XLK,False
2021-11-16,2021-11-17,2021-11-26,MSFT,LONG,HIGH,51.87,0.72,20.0,bull,327.6333,324.9593,6,-23.76,time_exit,XLK,False
2021-11-29,2021-11-30,2021-12-01,MSFT,LONG,HIGH,50.8,0.71,20.0,neutral,324.1371,321.1558,1,-26.85,time_exit,XLK,False
2021-11-29,2021-11-30,2021-12-01,GOOGL,LONG,LOW,50.8,0.68,20.0,neutral,144.0195,142.5262,1,-30.37,time_exit,XLK,False
2021-11-29,2021-11-30,2021-12-06,UNH,LONG,MEDIUM,50.8,0.7,20.0,neutral,413.884,421.6416,4,54.46,time_exit,XLV,False
2021-12-07,2021-12-08,2021-12-13,GOOGL,LONG,HIGH,50.2,0.63,20.0,bull,146.591,144.7887,3,-35.96,time_exit,XLK,False
2021-12-09,2021-12-10,2021-12-14,BRK-B,LONG,LOW,50.79,0.71,20.0,bull,285.8665,290.5517,2,47.56,time_exit,XLF,False
2021-12-14,2021-12-15,2021-12-16,MSFT,LONG,MEDIUM,50.96,0.71,20.0,neutral,317.6601,313.3724,1,-39.23,time_exit,XLK,False
2021-12-09,2021-12-10,2021-12-20,V,LONG,HIGH,50.92,0.72,20.0,bull,205.4931,202.0969,6,-48.21,time_exit,XLF,False
2021-12-10,2021-12-13,2021-12-20,META,LONG,MEDIUM,50.92,0.72,20.0,bull,328.8558,323.6224,5,-46.52,time_exit,XLK,False
2021-12-13,2021-12-14,2021-12-20,MA,LONG,MEDIUM,50.92,0.69,20.0,bull,336.7697,330.4707,4,-54.57,time_exit,XLF,False
2021-12-16,2021-12-17,2021-12-20,HD,LONG,HIGH,51.09,0.74,20.0,bull,356.9135,352.8467,1,-33.43,time_exit,XLY,False
2021-12-20,2021-12-21,2021-12-22,GOOGL,LONG,LOW,50.72,0.71,20.0,neutral,141.0855,143.8455,1,55.88,time_exit,XLK,False
2021-12-20,2021-12-21,2021-12-22,MA,LONG,LOW,50.15,0.7,20.0,neutral,331.913,343.3415,1,98.63,time_exit,XLF,False
2021-12-20,2021-12-21,2021-12-23,MU,LONG,MEDIUM,51.31,0.71,20.0,neutral,87.051,89.5107,2,80.69,time_exit,XLK,False
2021-12-20,2021-12-21,2021-12-27,HD,LONG,HIGH,51.31,0.74,20.0,neutral,352.1121,359.6167,3,61.02,time_exit,XLY,False
2021-12-22,2021-12-23,2021-12-31,GOOGL,LONG,LOW,51.87,0.67,20.0,bull,145.502,143.8045,5,-34.15,time_exit,XLK,False
2021-12-27,2021-12-28,2021-12-31,HD,LONG,LOW,51.87,0.7,20.0,bull,364.1229,371.3309,3,58.25,time_exit,XLY,False
2021-12-23,2021-12-27,2022-01-04,MA,LONG,MEDIUM,50.92,0.69,20.0,bull,351.0965,362.3313,6,93.51,time_exit,XLF,False
2021-12-31,2022-01-03,2022-01-04,V,LONG,MEDIUM,51.23,0.66,20.0,bull,210.9477,214.0388,1,42.86,time_exit,XLF,False
2021-12-22,2021-12-23,2022-01-05,MSFT,LONG,LOW,50.96,0.7,20.0,bull,321.665,316.7507,8,-44.55,time_exit,XLK,False
2022-01-04,2022-01-05,2022-01-06,GOOGL,LONG,LOW,50.2,0.61,20.0,bull,143.4363,142.1102,1,-27.62,time_exit,XLK,False
2022-01-04,2022-01-05,2022-01-10,META,LONG,HIGH,50.2,0.67,20.0,bull,330.9099,326.2661,3,-41.7,time_exit,XLK,False
2022-01-05,2022-01-06,2022-01-10,V,LONG,MEDIUM,50.2,0.67,20.0,neutral,211.2191,209.0529,2,-29.95,time_exit,XLF,False
2022-01-10,2022-01-11,2022-01-18,META,LONG,HIGH,50.2,0.63,20.0,neutral,324.7111,320.032,4,-42.22,time_exit,XLK,False
2022-01-10,2022-01-11,2022-01-18,UNH,LONG,MEDIUM,50.2,0.63,20.0,neutral,433.9395,428.9567,4,-33.64,time_exit,XLV,False
2021-12-31,2022-01-03,2022-01-19,MU,LONG,LOW,51.21,0.63,20.0,bull,91.9633,90.1217,11,-59.09,time_exit,XLK,False
2022-01-06,2022-01-07,2022-01-19,MA,LONG,HIGH,50.2,0.63,20.0,neutral,357.7954,353.3428,7,-36.87,time_exit,XLF,False
2022-01-18,2022-01-19,2022-01-20,HD,LONG,LOW,50.2,0.61,20.0,neutral,330.142,325.6915,1,-39.26,time_exit,XLY,False
2022-01-18,2022-01-19,2022-01-21,META,LONG,HIGH,50.2,0.63,20.0,neutral,317.5602,312.6265,2,-45.23,time_exit,XLK,False
2022-01-19,2022-01-20,2022-01-21,MA,LONG,HIGH,51.1,0.67,20.0,neutral,353.3387,349.6865,1,-29.87,time_exit,XLF,False
2022-01-19,2022-01-20,2022-01-21,BRK-B,LONG,MEDIUM,51.09,0.65,20.0,neutral,316.0038,313.1399,1,-26.2,time_exit,XLF,False
2022-02-02,2022-02-03,2022-02-04,UNH,LONG,MEDIUM,50.36,0.66,20.0,neutral,463.1335,459.026,1,-25.48,time_exit,XLV,False
2022-02-02,2022-02-03,2022-02-04,HD,LONG,LOW,50.36,0.64,20.0,neutral,332.8526,328.0513,1,-41.44,time_exit,XLY,False
2022-02-02,2022-02-03,2022-02-04,META,LONG,HIGH,50.15,0.69,20.0,neutral,243.1848,237.4356,1,-67.92,time_exit,XLK,False
2022-02-02,2022-02-03,2022-02-07,MSFT,LONG,LOW,50.36,0.64,20.0,neutral,299.1871,294.6436,2,-43.63,time_exit,XLK,False
2022-02-08,2022-02-09,2022-02-10,UNH,LONG,MEDIUM,50.9,0.66,20.0,neutral,461.6062,457.094,1,-27.73,time_exit,XLV,False
2022-02-08,2022-02-09,2022-02-10,MSFT,LONG,HIGH,50.79,0.67,20.0,neutral,299.5576,295.0896,1,-42.32,time_exit,XLK,False
2022-02-08,2022-02-09,2022-02-10,BRK-B,LONG,LOW,50.3,0.64,20.0,neutral,324.235,321.1654,1,-26.89,time_exit,XLF,False
2022-02-08,2022-02-09,2022-02-10,GOOGL,LONG,LOW,50.13,0.66,20.0,neutral,140.0085,137.4849,1,-51.23,time_exit,XLK,False
2022-02-10,2022-02-11,2022-02-14,MSFT,LONG,HIGH,50.79,0.7,20.0,neutral,293.1027,288.2245,1,-46.72,time_exit,XLK,False
2022-02-10,2022-02-11,2022-02-14,BRK-B,LONG,LOW,50.43,0.67,20.0,neutral,320.4389,317.7056,1,-23.98,time_exit,XLF,False
2022-02-10,2022-02-11,2022-02-16,HD,LONG,MEDIUM,50.79,0.7,20.0,neutral,318.9204,314.515,3,-38.79,time_exit,XLY,False
2022-02-10,2022-02-11,2022-02-18,V,LONG,LOW,50.19,0.7,20.0,neutral,220.7452,217.0556,5,-46.96,time_exit,XLF,False
2022-02-16,2022-02-17,2022-02-18,UNH,LONG,HIGH,51.87,0.63,20.0,neutral,444.1253,438.6316,1,-34.48,time_exit,XLV,False
2022-02-16,2022-02-17,2022-02-22,HD,LONG,LOW,50.02,0.67,20.0,neutral,313.7868,309.9528,2,-34.09,time_exit,XLY,False
2022-02-16,2022-02-17,2022-02-23,BRK-B,LONG,MEDIUM,51.87,0.6,20.0,neutral,315.4038,312.7093,3,-23.86,time_exit,XLF,False
2022-03-18,2022-03-21,2022-03-22,HD,LONG,LOW,50.15,0.71,20.0,neutral,305.791,302.4433,1,-30.22,time_exit,XLY,False
2022-03-21,2022-03-22,2022-03-23,MA,LONG,MEDIUM,50.15,0.72,20.0,neutral,338.6361,333.3892,1,-42.47,time_exit,XLF,False
2022-03-18,2022-03-21,2022-03-24,GOOGL,LONG,MEDIUM,50.92,0.7,20.0,neutral,135.2508,139.708,3,90.48,time_exit,XLK,False
2022-03-22,2022-03-23,2022-03-24,HD,LONG,LOW,50.15,0.7,20.0,neutral,295.7211,292.3782,1,-31.43,time_exit,XLY,False
2022-03-18,2022-03-21,2022-03-28,MSFT,LONG,LOW,50.92,0.7,20.0,neutral,289.5607,300.0486,5,99.56,time_exit,XLK,False
2022-03-24,2022-03-25,2022-03-29,V,LONG,MEDIUM,50.15,0.72,20.0,neutral,212.1721,218.9878,2,88.79,time_exit,XLF,False
2022-03-24,2022-03-25,2022-04-04,META,LONG,HIGH,50.92,0.7,20.0,neutral,219.1896,230.396,6,141.42,time_exit,XLK,False
2022-03-31,2022-04-01,2022-04-04,BRK-B,LONG,HIGH,50.34,0.74,20.0,neutral,354.1303,350.3198,1,-30.16,time_exit,XLF,False
2022-03-28,2022-03-29,2022-04-06,MA,LONG,HIGH,50.92,0.72,20.0,neutral,350.301,345.6665,6,-37.11,time_exit,XLF,False
2022-04-04,2022-04-05,2022-04-06,UNH,LONG,LOW,51.87,0.68,20.0,bull,475.1032,481.0867,1,35.56,time_exit,XLV,False
2022-04-04,2022-04-05,2022-04-06,GOOGL,LONG,HIGH,51.1,0.71,20.0,bull,141.9139,140.1919,1,-34.52,time_exit,XLK,False
2022-03-23,2022-03-24,2022-04-07,MU,LONG,MEDIUM,50.92,0.69,12.89,neutral,74.3403,71.7323,10,-61.95,time_exit,XLK,False
2022-04-06,2022-04-07,2022-04-08,UNH,LONG,HIGH,51.87,0.74,20.0,bull,493.7264,501.3476,1,43.02,time_exit,XLV,False
2022-04-06,2022-04-07,2022-04-08,BRK-B,LONG,LOW,51.87,0.71,20.0,bull,346.6908,351.898,1,41.84,time_exit,XLF,False
2022-04-06,2022-04-07,2022-04-11,MSFT,LONG,LOW,51.1,0.71,20.0,bull,287.4024,283.356,2,-39.4,time_exit,XLK,False
2022-04-07,2022-04-08,2022-04-11,GOOGL,LONG,HIGH,51.31,0.69,20.0,bull,134.6766,132.9694,1,-35.75,time_exit,XLK,False
2022-04-08,2022-04-11,2022-04-12,UNH,LONG,LOW,51.21,0.73,20.0,bull,506.3921,500.9851,1,-29.91,time_exit,XLV,False
2022-04-08,2022-04-11,2022-04-12,V,LONG,MEDIUM,50.83,0.74,20.0,bull,209.0983,206.1883,1,-39.04,time_exit,XLF,False
2022-04-11,2022-04-12,2022-04-13,GOOGL,LONG,MEDIUM,50.2,0.63,20.0,neutral,130.7207,128.8498,1,-40.03,time_exit,XLK,False
2022-04-11,2022-04-12,2022-04-14,MSFT,LONG,HIGH,50.2,0.63,20.0,neutral,280.2178,275.8428,2,-43.53,time_exit,XLK,False
2022-04-12,2022-04-13,2022-04-14,BRK-B,LONG,LOW,50.2,0.61,20.0,neutral,349.9373,346.6816,1,-25.62,time_exit,XLF,False
2022-04-13,2022-04-14,2022-04-18,GOOGL,LONG,HIGH,50.2,0.67,20.0,neutral,129.608,127.8246,1,-38.28,time_exit,XLK,False
2022-04-12,2022-04-13,2022-04-20,V,LONG,LOW,50.2,0.67,20.0,neutral,204.4165,209.8245,4,72.51,time_exit,XLF,False
2022-04-14,2022-04-18,2022-04-20,MA,LONG,MEDIUM,50.2,0.63,20.0,neutral,346.171,355.6751,2,75.27,time_exit,XLF,False
2022-04-18,2022-04-19,2022-04-21,GOOGL,LONG,LOW,50.2,0.63,20.0,neutral,126.8388,124.8627,2,-43.22,time_exit,XLK,False
2022-04-14,2022-04-18,2022-04-22,MSFT,LONG,LOW,50.2,0.63,20.0,neutral,270.2087,265.5067,4,-47.85,time_exit,XLK,False
2022-04-20,2022-04-21,2022-04-22,V,LONG,LOW,50.2,0.63,20.0,neutral,213.2376,210.8262,1,-31.71,time_exit,XLF,False
2022-04-21,2022-04-22,2022-04-25,MA,LONG,HIGH,50.2,0.67,20.0,neutral,352.5396,348.3791,1,-32.69,time_exit,XLF,False
2022-04-21,2022-04-22,2022-04-25,UNH,LONG,LOW,50.2,0.61,20.0,neutral,495.6483,490.2449,1,-30.18,time_exit,XLV,False
2022-06-02,2022-06-03,2022-06-08,MU,LONG,HIGH,50.92,0.72,20.0,neutral,70.3137,68.5809,3,-67.95,time_exit,XLK,False
2022-06-02,2022-06-03,2022-06-08,HD,LONG,LOW,50.92,0.69,20.0,neutral,276.142,271.8013,3,-43.18,time_exit,XLY,False
2022-06-02,2022-06-03,2022-06-09,V,LONG,MEDIUM,50.92,0.72,20.0,neutral,207.2621,203.8497,4,-45.25,time_exit,XLF,False
2022-06-03,2022-06-06,2022-06-09,GOOGL,LONG,MEDIUM,50.92,0.7,20.0,neutral,115.9289,113.7439,3,-51.64,time_exit,XLK,False
2022-06-08,2022-06-09,2022-06-10,META,LONG,MEDIUM,50.92,0.67,20.0,neutral,193.1185,188.9494,1,-58.88,time_exit,XLK,False
2022-06-08,2022-06-09,2022-06-10,MSFT,LONG,LOW,50.92,0.66,20.0,neutral,260.0363,257.1829,1,-29.95,time_exit,XLK,False
2022-07-08,2022-07-11,2022-07-12,MSFT,LONG,LOW,50.92,0.72,20.0,neutral,257.9744,254.3533,1,-37.73,time_exit,XLK,False
2022-07-08,2022-07-11,2022-07-12,META,LONG,HIGH,50.92,0.7,17.83,neutral,166.0704,162.5398,1,-50.98,time_exit,XLK,False
2022-07-08,2022-07-11,2022-07-15,HD,LONG,MEDIUM,50.92,0.72,20.0,neutral,259.6207,265.0806,4,56.29,time_exit,XLY,False
2022-07-08,2022-07-11,2022-07-15,MA,LONG,LOW,50.52,0.71,20.0,neutral,312.813,319.8589,4,60.3,time_exit,XLF,False
2022-07-15,2022-07-18,2022-07-19,META,LONG,MEDIUM,50.52,0.7,20.0,neutral,165.7533,172.3405,1,106.64,time_exit,XLK,False
2022-07-15,2022-07-18,2022-07-20,UNH,LONG,HIGH,51.87,0.7,20.0,neutral,496.45,490.0248,2,-34.82,time_exit,XLV,False
2022-07-15,2022-07-18,2022-07-21,MA,LONG,LOW,50.15,0.7,20.0,neutral,328.6011,333.9196,3,43.41,time_exit,XLF,False
2022-07-19,2022-07-20,2022-07-21,V,LONG,LOW,50.15,0.71,20.0,neutral,206.3425,209.5905,1,42.66,time_exit,XLF,False
2022-07-15,2022-07-18,2022-07-25,MU,LONG,LOW,50.92,0.7,20.0,neutral,61.0145,59.921,5,-48.6,time_exit,XLK,False
2022-07-21,2022-07-22,2022-07-25,V,LONG,HIGH,50.9,0.72,20.0,neutral,212.1142,210.0074,1,-27.28,time_exit,XLF,False
2022-07-21,2022-07-22,2022-07-26,HD,LONG,LOW,50.92,0.69,20.0,neutral,280.0877,277.5405,2,-24.96,time_exit,XLY,False
2022-07-25,2022-07-26,2022-07-27,V,LONG,HIGH,51.21,0.71,20.0,neutral,208.1416,206.0836,1,-26.92,time_exit,XLF,False
2022-07-25,2022-07-26,2022-07-27,MSFT,LONG,MEDIUM,50.92,0.71,20.0,neutral,252.3507,257.7124,1,57.45,time_exit,XLK,False
2022-07-20,2022-07-21,2022-07-28,UNH,LONG,HIGH,51.87,0.7,20.0,neutral,485.6032,499.7941,5,79.47,time_exit,XLV,False
2022-07-27,2022-07-28,2022-07-29,BRK-B,LONG,HIGH,50.92,0.72,20.0,neutral,291.606,295.8731,1,39.7,time_exit,XLF,False
2022-07-27,2022-07-28,2022-07-29,MSFT,LONG,LOW,50.15,0.69,20.0,neutral,261.9572,269.8048,1,81.38,time_exit,XLK,False
2022-07-26,2022-07-27,2022-08-01,HD,LONG,MEDIUM,50.34,0.67,20.0,neutral,271.4869,275.1081,3,35.76,time_exit,XLY,False
2022-07-28,2022-07-29,2022-08-04,UNH,LONG,HIGH,50.34,0.61,20.0,neutral,504.8842,497.9505,4,-37.66,time_exit,XLV,False
2022-08-05,2022-08-08,2022-08-11,UNH,LONG,HIGH,50.34,0.71,20.0,bull,504.7844,499.6103,3,-28.18,time_exit,XLV,False
2022-08-09,2022-08-10,2022-08-15,BRK-B,LONG,LOW,50.83,0.7,20.0,bull,296.9081,301.2681,3,40.15,time_exit,XLF,False
2022-08-09,2022-08-10,2022-08-19,GOOGL,LONG,LOW,50.92,0.7,20.0,bull,117.9946,116.163,7,-42.77,time_exit,XLK,False
2022-08-09,2022-08-10,2022-08-22,MSFT,LONG,HIGH,51.23,0.72,20.0,bull,279.8337,275.6612,8,-40.96,time_exit,XLK,False
2022-08-19,2022-08-22,2022-08-23,GOOGL,LONG,HIGH,50.15,0.71,20.0,bull,114.4389,113.1083,1,-32.03,time_exit,XLK,False
2022-08-19,2022-08-22,2022-08-23,MU,LONG,MEDIUM,50.15,0.71,20.0,bull,58.528,57.2054,1,-62.27,time_exit,XLK,False
2022-08-19,2022-08-22,2022-08-23,HD,LONG,LOW,50.15,0.71,20.0,bull,289.5578,286.0853,1,-32.88,time_exit,XLY,False
2022-08-23,2022-08-24,2022-08-25,GOOGL,LONG,HIGH,50.83,0.71,20.0,neutral,112.7488,114.979,1,53.23,time_exit,XLK,False
2022-08-23,2022-08-24,2022-08-25,MU,LONG,LOW,50.83,0.71,20.0,neutral,56.8767,59.7677,1,136.96,time_exit,XLK,False
2022-08-22,2022-08-23,2022-08-26,MSFT,LONG,LOW,50.83,0.71,20.0,neutral,269.0055,265.9004,3,-31.27,time_exit,XLK,False
2022-08-23,2022-08-24,2022-08-26,HD,LONG,MEDIUM,50.83,0.72,20.0,neutral,277.689,274.0706,2,-35.32,time_exit,XLY,False
2022-08-25,2022-08-26,2022-08-29,UNH,LONG,LOW,51.09,0.71,20.0,bull,506.9832,503.2962,1,-20.07,time_exit,XLV,False
2022-08-25,2022-08-26,2022-08-29,MA,LONG,HIGH,50.83,0.74,20.0,bull,337.9249,333.7837,1,-33.83,time_exit,XLF,False
2022-09-07,2022-09-08,2022-09-09,MA,LONG,MEDIUM,50.83,0.68,20.0,neutral,317.8286,324.4586,1,56.61,time_exit,XLF,False
2022-09-07,2022-09-08,2022-09-12,MSFT,LONG,LOW,50.83,0.68,20.0,neutral,250.588,256.6463,2,65.6,time_exit,XLK,False
2022-09-07,2022-09-08,2022-09-12,BRK-B,LONG,LOW,50.83,0.67,20.0,neutral,278.9879,285.9153,2,67.39,time_exit,XLF,False
2022-09-07,2022-09-08,2022-09-13,GOOGL,LONG,HIGH,50.83,0.68,20.0,neutral,107.3257,105.6265,3,-43.29,time_exit,XLK,False
2022-09-09,2022-09-12,2022-09-13,UNH,LONG,MEDIUM,50.2,0.64,20.0,neutral,492.3847,487.595,1,-26.99,time_exit,XLV,False
2022-09-12,2022-09-13,2022-09-14,V,LONG,MEDIUM,50.92,0.7,20.0,bull,196.9788,194.895,1,-29.5,time_exit,XLF,False
2022-09-12,2022-09-13,2022-09-14,META,LONG,LOW,50.92,0.69,20.0,bull,160.5635,157.5049,1,-53.04,time_exit,XLK,False
2022-11-04,2022-11-07,2022-11-08,UNH,LONG,MEDIUM,50.2,0.61,20.0,neutral,504.6807,511.2897,1,35.64,time_exit,XLV,False
2022-11-04,2022-11-07,2022-11-10,BRK-B,LONG,HIGH,50.2,0.67,20.0,neutral,291.35,299.0104,3,71.57,time_exit,XLF,False
2022-11-10,2022-11-11,2022-11-14,UNH,LONG,HIGH,50.34,0.74,20.0,neutral,512.2972,507.1036,1,-27.89,time_exit,XLV,False
2022-11-21,2022-11-22,2022-11-28,MU,LONG,LOW,50.83,0.68,20.0,bull,56.6717,55.3414,3,-64.62,time_exit,XLK,False
2022-11-18,2022-11-21,2022-11-29,GOOGL,LONG,MEDIUM,50.92,0.72,19.26,bull,96.6479,94.6123,5,-55.87,time_exit,XLK,False
2022-11-18,2022-11-21,2022-11-30,MSFT,LONG,HIGH,50.92,0.72,20.0,bull,235.6219,244.0897,6,98.4,time_exit,XLK,False
2022-11-30,2022-12-01,2022-12-05,HD,LONG,MEDIUM,50.8,0.68,20.0,bull,300.8124,295.4746,2,-49.81,time_exit,XLY,False
2022-11-21,2022-11-22,2022-12-06,BRK-B,LONG,MEDIUM,50.6,0.7,20.0,bull,313.4655,309.7398,9,-32.56,time_exit,XLF,False
2022-12-05,2022-12-06,2022-12-07,MSFT,LONG,HIGH,51.23,0.71,20.0,bull,244.7924,242.1741,1,-29.31,time_exit,XLK,False
2022-12-06,2022-12-07,2022-12-12,MA,LONG,HIGH,50.8,0.68,20.0,neutral,340.2801,347.8931,3,60.69,time_exit,XLF,False
2022-12-07,2022-12-08,2022-12-12,HD,LONG,LOW,51.87,0.61,20.0,neutral,293.6587,300.9436,2,67.6,time_exit,XLY,False
2022-11-29,2022-11-30,2022-12-15,MU,LONG,LOW,50.83,0.68,20.0,bull,52.7624,51.4388,11,-68.56,time_exit,XLK,False
2022-12-13,2022-12-14,2022-12-15,MA,LONG,HIGH,51.1,0.7,20.0,bull,350.2038,345.853,1,-34.42,time_exit,XLF,False
2022-12-13,2022-12-14,2022-12-15,MSFT,LONG,LOW,50.83,0.7,20.0,bull,250.9462,247.4232,1,-38.91,time_exit,XLK,False
2022-12-15,2022-12-16,2022-12-19,HD,LONG,LOW,51.09,0.74,20.0,neutral,298.1484,294.0854,1,-37.0,time_exit,XLY,False
2022-11-28,2022-11-29,2022-12-20,UNH,LONG,HIGH,51.21,0.68,20.0,bull,498.6034,490.6435,15,-43.47,time_exit,XLV,False
2022-12-15,2022-12-16,2022-12-21,BRK-B,LONG,LOW,51.1,0.73,20.0,neutral,299.4891,304.2915,3,43.34,time_exit,XLF,False
2022-12-21,2022-12-22,2023-01-03,UNH,LONG,MEDIUM,51.31,0.71,20.0,neutral,495.2613,490.6528,6,-25.29,time_exit,XLV,False
2022-12-15,2022-12-16,2023-01-04,MA,LONG,MEDIUM,51.1,0.74,20.0,neutral,338.2072,346.5369,11,66.63,time_exit,XLF,False
2022-12-19,2022-12-20,2023-01-04,V,LONG,LOW,51.31,0.75,20.0,neutral,199.2105,203.6735,9,60.16,time_exit,XLF,False
2023-01-06,2023-01-09,2023-01-10,BRK-B,LONG,LOW,50.2,0.6,20.0,neutral,319.4814,316.3868,1,-26.46,time_exit,XLF,False
2022-12-20,2022-12-21,2023-01-11,HD,LONG,MEDIUM,51.87,0.75,20.0,neutral,293.1898,299.6715,13,59.59,time_exit,XLY,False
2023-01-06,2023-01-09,2023-01-11,MSFT,LONG,HIGH,50.2,0.63,20.0,neutral,221.0032,227.4471,2,79.28,time_exit,XLK,False
2023-01-11,2023-01-12,2023-01-13,BRK-B,LONG,HIGH,51.21,0.72,20.0,neutral,321.6151,318.294,1,-28.55,time_exit,XLF,False
2023-01-10,2023-01-11,2023-01-18,V,LONG,MEDIUM,50.2,0.62,20.0,neutral,216.2216,214.18,4,-25.87,time_exit,XLF,False
2023-01-06,2023-01-09,2023-01-19,MA,LONG,LOW,50.2,0.6,20.0,neutral,365.1411,360.947,7,-31.35,time_exit,XLF,False
2023-01-11,2023-01-12,2023-01-20,META,LONG,LOW,51.23,0.7,20.0,neutral,132.6441,136.1302,5,72.26,time_exit,XLK,False
2023-01-18,2023-01-19,2023-01-20,GOOGL,LONG,HIGH,50.92,0.72,20.0,neutral,90.1219,92.028,1,57.42,time_exit,XLK,False
2023-01-18,2023-01-19,2023-01-23,MSFT,LONG,LOW,50.92,0.7,20.0,neutral,228.154,234.4246,2,74.88,time_exit,XLK,False
2023-01-20,2023-01-23,2023-01-24,MU,LONG,HIGH,50.52,0.71,20.0,neutral,58.1517,59.8122,1,78.64,time_exit,XLK,False
2023-01-20,2023-01-23,2023-01-26,META,LONG,LOW,50.15,0.71,20.0,neutral,138.4597,142.0814,3,72.28,time_exit,XLK,False
2023-01-23,2023-01-24,2023-02-01,MSFT,LONG,LOW,50.15,0.71,20.0,neutral,236.6647,243.5244,6,81.39,time_exit,XLK,False
2023-01-26,2023-01-27,2023-02-01,META,LONG,HIGH,50.15,0.71,20.0,neutral,147.3557,151.5024,3,79.14,time_exit,XLK,False
2023-01-24,2023-01-25,2023-02-02,UNH,LONG,HIGH,50.52,0.7,20.0,neutral,460.2646,454.9901,6,-32.17,time_exit,XLV,False
2023-02-01,2023-02-02,2023-02-03,MA,LONG,MEDIUM,51.87,0.71,20.0,bull,372.8763,369.4624,1,-26.11,time_exit,XLF,False
2023-02-01,2023-02-02,2023-02-06,HD,LONG,LOW,50.72,0.7,20.0,bull,307.3871,303.8549,2,-32.76,time_exit,XLY,False
2023-02-06,2023-02-07,2023-02-08,GOOGL,LONG,HIGH,50.15,0.69,20.0,bull,102.5345,100.3235,1,-61.0,time_exit,XLK,False
2023-02-03,2023-02-06,2023-02-10,MA,LONG,HIGH,50.34,0.68,20.0,bull,363.5144,360.3719,4,-24.42,time_exit,XLF,False
2023-02-10,2023-02-13,2023-02-17,MA,LONG,LOW,50.8,0.68,20.0,bull,362.0798,359.3392,4,-21.3,time_exit,XLF,False
2023-01-23,2023-01-24,2023-02-21,BRK-B,LONG,LOW,50.23,0.69,20.0,neutral,309.7424,306.642,19,-28.24,time_exit,XLF,False
2023-02-10,2023-02-13,2023-02-21,HD,LONG,LOW,50.8,0.7,20.0,bull,292.5171,288.5898,5,-37.74,time_exit,XLY,False
2023-02-17,2023-02-21,2023-02-22,MA,LONG,HIGH,51.87,0.74,20.0,neutral,350.4917,347.8497,1,-21.2,time_exit,XLF,False
2023-02-09,2023-02-10,2023-02-24,UNH,LONG,HIGH,50.52,0.72,20.0,bull,460.1317,455.2421,9,-29.79,time_exit,XLV,False
2023-02-22,2023-02-23,2023-02-24,MA,LONG,LOW,51.31,0.75,20.0,neutral,351.4541,348.6959,1,-21.84,time_exit,XLF,False
2023-02-24,2023-02-27,2023-02-28,MSFT,LONG,LOW,51.1,0.71,20.0,neutral,246.9814,243.4035,1,-40.14,time_exit,XLK,False
2023-02-21,2023-02-22,2023-03-01,V,LONG,LOW,51.87,0.71,20.0,neutral,215.7636,214.1232,5,-21.26,time_exit,XLF,False
2023-02-21,2023-02-22,2023-03-03,BRK-B,LONG,MEDIUM,51.1,0.74,20.0,neutral,303.6157,307.5845,7,36.25,time_exit,XLF,False
2023-02-24,2023-02-27,2023-03-03,META,LONG,HIGH,51.87,0.74,19.39,neutral,170.8511,175.9817,4,80.35,time_exit,XLK,False
2023-02-28,2023-03-01,2023-03-03,MA,LONG,LOW,51.1,0.72,20.0,neutral,347.7796,351.4957,2,29.49,time_exit,XLF,False
2023-03-01,2023-03-02,2023-03-03,V,LONG,HIGH,51.87,0.75,20.0,neutral,213.2963,215.4327,1,27.49,time_exit,XLF,False
2023-03-03,2023-03-06,2023-03-07,MU,LONG,HIGH,50.83,0.72,20.0,neutral,56.5286,55.7212,1,-40.32,time_exit,XLK,False
2023-03-03,2023-03-06,2023-03-07,HD,LONG,LOW,50.52,0.7,20.0,neutral,274.6919,270.837,1,-39.23,time_exit,XLY,False
2023-03-03,2023-03-06,2023-03-08,V,LONG,MEDIUM,51.87,0.71,20.0,neutral,219.2063,217.4258,2,-22.78,time_exit,XLF,False
2023-03-03,2023-03-06,2023-03-09,MSFT,LONG,LOW,50.83,0.71,20.0,neutral,250.8583,247.4355,3,-38.15,time_exit,XLK,False
2023-03-07,2023-03-08,2023-03-09,GOOGL,LONG,HIGH,50.92,0.71,20.0,neutral,93.4939,92.283,1,-36.1,time_exit,XLK,False
2023-03-08,2023-03-09,2023-03-10,HD,LONG,MEDIUM,50.52,0.71,20.0,neutral,272.0849,268.4204,1,-37.28,time_exit,XLY,False
2023-03-08,2023-03-09,2023-03-10,MA,LONG,LOW,50.36,0.66,20.0,neutral,352.9323,349.6489,1,-25.76,time_exit,XLF,False
2023-03-09,2023-03-10,2023-03-13,GOOGL,LONG,HIGH,50.92,0.71,20.0,neutral,91.5574,90.4243,1,-34.14,time_exit,XLK,False
2023-03-21,2023-03-22,2023-03-23,MU,LONG,MEDIUM,50.15,0.7,20.0,neutral,57.6332,59.1179,1,70.2,time_exit,XLK,False
2023-03-21,2023-03-22,2023-03-23,UNH,LONG,LOW,50.15,0.68,20.0,neutral,454.9742,451.2296,1,-22.63,time_exit,XLV,False
2023-03-21,2023-03-22,2023-03-27,GOOGL,LONG,HIGH,50.15,0.72,20.0,neutral,103.5773,101.9197,3,-44.16,time_exit,XLK,False
2023-03-10,2023-03-13,2023-03-28,HD,LONG,MEDIUM,50.52,0.72,20.0,neutral,263.6721,259.9672,11,-38.46,time_exit,XLY,False
2023-03-24,2023-03-27,2023-03-28,UNH,LONG,HIGH,50.92,0.72,20.0,neutral,458.3739,454.075,1,-25.81,time_exit,XLV,False
2023-03-24,2023-03-27,2023-03-31,MA,LONG,MEDIUM,50.36,0.74,20.0,neutral,349.3057,355.6078,4,49.45,time_exit,XLF,False
2023-03-28,2023-03-29,2023-03-31,MSFT,LONG,HIGH,50.96,0.73,20.0,neutral,272.8982,280.4496,2,75.12,time_exit,XLK,False
2023-03-27,2023-03-28,2023-04-03,BRK-B,LONG,MEDIUM,50.36,0.74,20.0,neutral,302.3398,308.776,4,57.83,time_exit,XLF,False
2023-03-28,2023-03-29,2023-04-03,META,LONG,MEDIUM,51.09,0.73,20.0,neutral,202.338,210.1905,3,105.41,time_exit,XLK,False
2023-03-31,2023-04-03,2023-04-06,GOOGL,LONG,HIGH,50.2,0.63,20.0,neutral,101.7099,105.163,3,94.09,time_exit,XLK,False
2023-04-03,2023-04-04,2023-04-06,V,LONG,LOW,50.41,0.69,20.0,neutral,224.1604,222.1564,2,-25.05,time_exit,XLF,False
2023-04-04,2023-04-05,2023-04-06,HD,LONG,HIGH,50.92,0.7,20.0,neutral,273.8936,271.3549,1,-25.92,time_exit,XLY,False
2023-04-03,2023-04-04,2023-04-11,MSFT,LONG,MEDIUM,50.6,0.7,20.0,neutral,280.9871,277.2237,4,-37.45,time_exit,XLK,False
2023-04-10,2023-04-11,2023-04-12,HD,LONG,HIGH,50.92,0.72,20.0,neutral,271.7499,268.9601,1,-28.79,time_exit,XLY,False
2023-04-06,2023-04-10,2023-04-13,UNH,LONG,HIGH,50.15,0.69,20.0,neutral,482.2268,493.802,3,67.03,time_exit,XLV,False
2023-04-10,2023-04-11,2023-04-13,BRK-B,LONG,MEDIUM,50.36,0.7,20.0,neutral,312.9824,315.7655,2,24.76,time_exit,XLF,False
2023-04-11,2023-04-12,2023-04-14,V,LONG,LOW,51.87,0.67,20.0,neutral,225.0663,227.9982,2,36.26,time_exit,XLF,False
2023-04-12,2023-04-13,2023-04-14,GOOGL,LONG,HIGH,50.2,0.67,20.0,neutral,105.1375,107.5614,1,63.88,time_exit,XLK,False
2023-04-13,2023-04-14,2023-04-18,MU,LONG,LOW,50.96,0.72,20.0,bull,62.4774,61.1021,2,-62.23,time_exit,XLK,False
2023-04-14,2023-04-17,2023-04-19,V,LONG,LOW,51.09,0.74,20.0,bull,229.0731,227.0914,2,-24.38,time_exit,XLF,False
2023-04-13,2023-04-14,2023-04-24,MSFT,LONG,LOW,50.72,0.74,20.0,bull,280.7578,277.4366,6,-33.29,time_exit,XLK,False
2023-04-20,2023-04-21,2023-04-25,META,LONG,LOW,51.87,0.71,20.0,bull,208.9496,206.4434,2,-33.71,time_exit,XLK,False
2023-04-18,2023-04-19,2023-04-26,HD,LONG,HIGH,50.92,0.71,20.0,bull,275.2428,272.2863,5,-30.16,time_exit,XLY,False
2023-04-24,2023-04-25,2023-04-27,MU,LONG,MEDIUM,51.87,0.7,20.0,bull,58.4721,60.6739,2,105.34,time_exit,XLK,False
2023-04-25,2023-04-26,2023-04-27,MSFT,LONG,MEDIUM,51.87,0.68,20.0,neutral,290.2567,295.7956,1,52.67,time_exit,XLK,False
2023-04-26,2023-04-27,2023-04-28,HD,LONG,HIGH,50.34,0.67,20.0,neutral,267.3984,271.5442,1,43.06,time_exit,XLY,False
2023-05-02,2023-05-03,2023-05-04,UNH,LONG,HIGH,50.15,0.71,20.0,neutral,466.7432,461.2681,1,-33.12,time_exit,XLV,False
2023-04-14,2023-04-17,2023-05-08,GOOGL,LONG,MEDIUM,51.1,0.72,20.0,bull,103.9664,106.6521,15,72.18,time_exit,XLK,False
2023-05-04,2023-05-05,2023-05-08,MA,LONG,LOW,50.8,0.75,20.0,neutral,374.4442,377.8669,1,25.57,time_exit,XLF,False
2023-05-08,2023-05-09,2023-05-11,UNH,LONG,HIGH,50.15,0.72,20.0,bull,465.2599,460.4155,2,-29.57,time_exit,XLV,False
2023-05-03,2023-05-04,2023-05-15,MU,LONG,MEDIUM,50.8,0.68,20.0,neutral,59.8779,61.9502,7,96.89,time_exit,XLK,False
2023-05-03,2023-05-04,2023-05-17,MSFT,LONG,LOW,50.13,0.68,20.0,neutral,299.5817,306.3382,9,63.34,time_exit,XLK,False
2023-05-15,2023-05-16,2023-05-17,BRK-B,LONG,MEDIUM,50.8,0.66,20.0,bull,322.9058,326.9293,1,35.39,time_exit,XLF,False
2023-05-15,2023-05-16,2023-05-17,GOOGL,LONG,LOW,50.13,0.68,20.0,bull,115.7028,118.4462,1,67.27,time_exit,XLK,False
2023-05-15,2023-05-16,2023-05-23,V,LONG,LOW,50.13,0.68,20.0,bull,228.0915,226.1766,5,-24.02,time_exit,XLF,False
2023-05-19,2023-05-22,2023-05-25,HD,LONG,HIGH,50.15,0.7,20.0,bull,269.9107,266.6153,3,-35.23,time_exit,XLY,False
2023-05-23,2023-05-24,2023-05-25,MU,LONG,HIGH,51.21,0.71,20.0,bull,64.229,66.2697,1,91.03,time_exit,XLK,False
2023-05-23,2023-05-24,2023-05-25,BRK-B,LONG,LOW,50.6,0.67,20.0,bull,323.1549,320.7578,1,-21.44,time_exit,XLF,False
2023-05-23,2023-05-24,2023-05-31,MA,LONG,MEDIUM,51.87,0.68,20.0,bull,363.4295,359.7613,4,-29.13,time_exit,XLF,False
2023-05-26,2023-05-30,2023-05-31,HD,LONG,HIGH,50.92,0.72,20.0,bull,272.2793,268.9142,1,-35.76,time_exit,XLY,False
2023-05-31,2023-06-01,2023-06-02,UNH,LONG,HIGH,50.15,0.71,20.0,bull,460.4935,465.4842,1,30.99,time_exit,XLV,False
2023-06-02,2023-06-05,2023-06-06,UNH,LONG,HIGH,50.15,0.71,20.0,bull,472.6802,468.5628,1,-25.07,time_exit,XLV,False
2023-06-05,2023-06-06,2023-06-07,GOOGL,LONG,LOW,51.87,0.67,20.0,bull,125.1561,123.6618,1,-34.46,time_exit,XLK,False
2023-06-05,2023-06-06,2023-06-07,BRK-B,LONG,MEDIUM,51.31,0.69,20.0,bull,329.4893,333.1296,1,31.59,time_exit,XLF,False
2023-06-05,2023-06-06,2023-06-08,V,LONG,HIGH,51.31,0.71,20.0,bull,222.3356,219.9842,2,-30.45,time_exit,XLF,False
2023-06-06,2023-06-07,2023-06-08,MA,LONG,LOW,51.87,0.6,20.0,bull,373.1879,368.3738,1,-37.24,time_exit,XLF,False
2023-06-07,2023-06-08,2023-06-12,BRK-B,LONG,LOW,50.2,0.6,20.0,bull,335.9441,333.1752,2,-23.55,time_exit,XLF,False
2023-06-07,2023-06-08,2023-06-13,MSFT,LONG,MEDIUM,50.2,0.61,20.0,bull,317.582,324.8666,3,65.24,time_exit,XLK,False
2023-06-12,2023-06-13,2023-06-15,META,LONG,LOW,51.87,0.68,20.0,bull,273.1565,278.5378,2,56.49,time_exit,XLK,False
2023-06-08,2023-06-09,2023-06-21,GOOGL,LONG,LOW,50.2,0.61,20.0,bull,121.4229,119.9282,7,-35.36,time_exit,XLK,False
2023-06-13,2023-06-14,2023-06-21,MU,LONG,LOW,51.31,0.72,20.0,bull,66.7924,65.4542,4,-57.72,time_exit,XLK,False
2023-06-16,2023-06-20,2023-06-23,BRK-B,LONG,MEDIUM,50.6,0.68,20.0,bull,338.5905,336.0823,3,-21.46,time_exit,XLF,False
2023-06-21,2023-06-22,2023-06-26,GOOGL,LONG,LOW,51.87,0.68,20.0,bull,119.1856,117.9229,2,-30.55,time_exit,XLK,False
2023-06-08,2023-06-09,2023-06-27,MA,LONG,HIGH,50.2,0.63,20.0,bull,364.4973,373.6492,11,71.56,time_exit,XLF,False
2023-06-26,2023-06-27,2023-06-28,GOOGL,LONG,HIGH,51.87,0.74,20.0,bull,116.2855,119.0238,1,66.88,time_exit,XLK,False
2023-06-21,2023-06-22,2023-06-29,MU,LONG,MEDIUM,51.31,0.72,20.0,bull,64.8048,63.9527,5,-38.07,time_exit,XLK,False
2023-06-27,2023-06-28,2023-06-30,BRK-B,LONG,LOW,51.31,0.6,20.0,bull,336.4858,338.4284,2,16.51,time_exit,XLF,False
2023-06-28,2023-06-29,2023-06-30,MA,LONG,LOW,51.56,0.7,20.0,bull,374.7219,379.4362,1,36.21,time_exit,XLF,False
2023-06-29,2023-06-30,2023-07-06,HD,LONG,HIGH,50.2,0.66,20.0,bull,289.4859,286.8365,3,-26.44,time_exit,XLY,False
2023-06-30,2023-07-03,2023-07-10,GOOGL,LONG,MEDIUM,50.2,0.63,20.0,bull,118.4304,117.104,4,-32.59,time_exit,XLK,False
2023-06-30,2023-07-03,2023-07-11,META,LONG,HIGH,50.2,0.63,20.0,bull,284.8981,292.6198,5,78.19,time_exit,XLK,False
2023-07-06,2023-07-07,2023-07-11,MU,LONG,LOW,51.87,0.68,20.0,bull,60.8618,62.6232,2,83.36,time_exit,XLK,False
2023-06-26,2023-06-27,2023-07-13,MSFT,LONG,MEDIUM,51.87,0.72,20.0,bull,325.3428,334.0873,11,76.53,time_exit,XLK,False
2023-07-10,2023-07-11,2023-07-13,GOOGL,LONG,LOW,50.2,0.61,20.0,bull,115.5003,118.1844,2,66.75,time_exit,XLK,False
2023-07-11,2023-07-12,2023-07-13,BRK-B,LONG,LOW,50.2,0.6,20.0,bull,345.7389,343.8578,1,-15.84,time_exit,XLF,False
2023-07-13,2023-07-14,2023-07-18,MSFT,LONG,LOW,50.2,0.61,20.0,bull,340.7607,346.9098,2,52.58,time_exit,XLK,False
2023-07-13,2023-07-14,2023-07-19,GOOGL,LONG,HIGH,50.2,0.63,20.0,bull,123.9535,122.3381,3,-38.28,time_exit,XLK,False
2023-07-13,2023-07-14,2023-07-19,BRK-B,LONG,MEDIUM,50.2,0.61,20.0,bull,345.4399,343.442,3,-16.96,time_exit,XLF,False
2023-07-20,2023-07-21,2023-07-24,MA,LONG,MEDIUM,51.87,0.7,20.0,bull,392.8255,396.1224,1,24.39,time_exit,XLF,False
2023-07-11,2023-07-12,2023-07-26,MU,LONG,HIGH,50.2,0.63,20.0,bull,63.8711,65.7967,10,86.92,time_exit,XLK,False
2023-07-24,2023-07-25,2023-07-27,MA,LONG,LOW,51.87,0.61,20.0,bull,397.4596,394.6163,2,-21.07,time_exit,XLF,False
2023-07-20,2023-07-21,2023-07-31,BRK-B,LONG,LOW,51.87,0.71,20.0,bull,347.2171,350.0448,6,23.66,time_exit,XLF,False
2023-07-26,2023-07-27,2023-07-31,META,LONG,HIGH,51.09,0.67,20.0,bull,323.0819,318.5198,2,-41.65,time_exit,XLK,False
2023-07-27,2023-07-28,2023-07-31,V,LONG,HIGH,50.8,0.72,20.0,bull,230.074,232.4756,1,30.26,time_exit,XLF,False
2023-08-02,2023-08-03,2023-08-04,MU,LONG,LOW,50.32,0.67,20.0,neutral,66.9423,68.4598,1,66.11,time_exit,XLK,False
2023-08-02,2023-08-03,2023-08-07,V,LONG,HIGH,50.8,0.68,20.0,neutral,231.4653,233.9642,2,31.56,time_exit,XLF,False
2023-08-07,2023-08-08,2023-08-10,BRK-B,LONG,MEDIUM,51.21,0.73,20.0,neutral,359.8968,356.8245,2,-25.46,time_exit,XLF,False
2023-08-02,2023-08-03,2023-08-11,MSFT,LONG,LOW,50.8,0.66,20.0,neutral,319.5893,314.5619,6,-46.26,time_exit,XLK,False
2023-08-10,2023-08-11,2023-08-14,MU,LONG,MEDIUM,51.87,0.74,20.0,neutral,64.298,66.2754,1,90.2,time_exit,XLK,False
2023-07-18,2023-07-19,2023-08-16,UNH,LONG,HIGH,50.15,0.69,20.0,bull,481.1257,475.9465,20,-31.57,time_exit,XLV,False
2023-08-11,2023-08-14,2023-08-16,META,LONG,LOW,51.87,0.68,20.0,neutral,299.0636,294.0347,2,-49.54,time_exit,XLK,False
2023-08-14,2023-08-15,2023-08-16,V,LONG,MEDIUM,50.8,0.7,20.0,neutral,237.8058,235.9942,1,-22.85,time_exit,XLF,False
2023-08-16,2023-08-17,2023-08-18,MSFT,LONG,HIGH,50.36,0.71,20.0,neutral,314.9033,311.9408,1,-27.77,time_exit,XLK,False
2023-08-04,2023-08-07,2023-08-23,MA,LONG,MEDIUM,51.87,0.74,20.0,neutral,387.2383,392.0695,12,36.79,time_exit,XLF,False
2023-08-21,2023-08-22,2023-08-24,MSFT,LONG,HIGH,50.36,0.67,20.0,neutral,319.7772,316.8605,2,-26.86,time_exit,XLK,False
2023-08-29,2023-08-30,2023-09-01,BRK-B,LONG,HIGH,50.8,0.7,20.0,neutral,359.1065,360.8542,2,14.22,time_exit,XLF,False
2023-08-29,2023-08-30,2023-09-05,MA,LONG,LOW,50.13,0.7,20.0,neutral,408.6961,405.3582,3,-24.06,time_exit,XLF,False
2023-09-01,2023-09-05,2023-09-06,V,LONG,LOW,50.13,0.7,20.0,neutral,244.0323,242.1695,1,-22.57,time_exit,XLF,False
2023-09-05,2023-09-06,2023-09-07,MSFT,LONG,MEDIUM,50.36,0.64,20.0,neutral,327.5154,324.6369,1,-25.9,time_exit,XLK,False
2023-08-29,2023-08-30,2023-09-11,META,LONG,MEDIUM,50.8,0.68,20.0,neutral,295.2882,304.1824,7,88.4,time_exit,XLK,False
2023-09-08,2023-09-11,2023-09-12,MSFT,LONG,MEDIUM,50.36,0.64,20.0,neutral,331.3053,328.2478,1,-27.16,time_exit,XLK,False
2023-08-29,2023-08-30,2023-09-14,GOOGL,LONG,LOW,50.8,0.7,20.0,neutral,133.8657,136.3893,10,55.17,time_exit,XLK,False
2023-09-12,2023-09-13,2023-09-14,V,LONG,MEDIUM,51.09,0.74,20.0,neutral,242.8507,241.2008,1,-20.06,time_exit,XLF,False
2023-09-08,2023-09-11,2023-09-15,MU,LONG,HIGH,50.36,0.69,20.0,neutral,70.1689,69.3138,4,-36.17,time_exit,XLK,False
2023-09-12,2023-09-13,2023-09-15,HD,LONG,HIGH,51.87,0.74,20.0,neutral,306.8064,304.4305,2,-22.83,time_exit,XLY,False
2023-09-14,2023-09-15,2023-09-18,MSFT,LONG,HIGH,51.56,0.7,20.0,neutral,330.9899,327.9761,1,-27.02,time_exit,XLK,False
2023-09-14,2023-09-15,2023-09-18,META,LONG,MEDIUM,51.56,0.69,20.0,neutral,309.6367,306.0993,1,-33.9,time_exit,XLK,False
2023-10-10,2023-10-11,2023-10-12,BRK-B,LONG,MEDIUM,50.03,0.7,20.0,neutral,349.8393,347.0918,1,-23.02,time_exit,XLF,False
2023-10-10,2023-10-11,2023-10-13,UNH,LONG,HIGH,50.13,0.75,20.0,neutral,495.709,504.0451,2,49.07,time_exit,XLV,False
2023-10-10,2023-10-11,2023-10-17,MU,LONG,LOW,50.13,0.69,20.0,neutral,69.1825,68.2721,4,-38.87,time_exit,XLK,False
2023-10-12,2023-10-13,2023-10-18,HD,LONG,HIGH,50.52,0.71,20.0,neutral,275.6601,273.2147,3,-26.03,time_exit,XLY,False
2023-10-10,2023-10-11,2023-10-20,GOOGL,LONG,LOW,50.13,0.7,20.0,neutral,137.6356,135.9885,7,-35.17,time_exit,XLK,False
2023-10-13,2023-10-16,2023-10-20,MSFT,LONG,LOW,50.9,0.65,20.0,neutral,325.2179,321.7244,4,-31.38,time_exit,XLK,False
2023-10-17,2023-10-18,2023-10-20,MU,LONG,LOW,51.87,0.68,20.0,neutral,67.4859,66.6659,2,-36.03,time_exit,XLK,False
2023-10-18,2023-10-19,2023-10-20,UNH,LONG,HIGH,51.21,0.74,20.0,neutral,510.8032,506.4181,1,-25.1,time_exit,XLV,False
2023-11-02,2023-11-03,2023-11-09,V,LONG,MEDIUM,50.36,0.67,20.0,neutral,240.8586,238.109,4,-33.09,time_exit,XLF,False
2023-11-02,2023-11-03,2023-11-09,MU,LONG,LOW,50.36,0.64,20.0,neutral,70.7517,72.4021,4,66.97,time_exit,XLK,False
2023-11-02,2023-11-03,2023-11-09,HD,LONG,HIGH,50.15,0.71,20.0,neutral,276.8319,273.8299,4,-31.42,time_exit,XLY,False
2023-11-03,2023-11-06,2023-11-10,UNH,LONG,HIGH,51.87,0.74,20.0,neutral,505.8711,511.9984,4,35.01,time_exit,XLV,False
2023-11-09,2023-11-10,2023-11-14,HD,LONG,HIGH,50.92,0.7,20.0,neutral,272.176,276.715,2,48.19,time_exit,XLY,False
2023-11-09,2023-11-10,2023-11-16,GOOGL,LONG,LOW,50.36,0.68,20.0,neutral,129.2197,133.3579,4,92.53,time_exit,XLK,False
2023-11-09,2023-11-10,2023-11-17,MA,LONG,MEDIUM,50.36,0.67,20.0,neutral,384.876,391.4243,5,49.19,time_exit,XLF,False
2023-11-10,2023-11-13,2023-11-20,V,LONG,LOW,50.36,0.64,20.0,neutral,241.2535,245.4885,5,51.06,time_exit,XLF,False
2023-11-14,2023-11-15,2023-11-20,BRK-B,LONG,HIGH,50.79,0.68,20.0,neutral,355.4852,360.2775,3,39.48,time_exit,XLF,False
2023-11-21,2023-11-22,2023-11-28,UNH,LONG,HIGH,50.34,0.69,20.0,bull,516.6608,513.3173,3,-19.16,time_exit,XLV,False
2023-11-28,2023-11-29,2023-11-30,UNH,LONG,HIGH,51.87,0.74,20.0,bull,504.3216,507.817,1,20.46,time_exit,XLV,False
2023-11-28,2023-11-29,2023-11-30,GOOGL,LONG,LOW,51.0,0.73,20.0,bull,136.6389,135.3,1,-29.24,time_exit,XLK,False
2023-11-27,2023-11-28,2023-12-01,MSFT,LONG,MEDIUM,50.34,0.67,20.0,bull,372.4359,368.505,3,-31.23,time_exit,XLK,False
2023-11-27,2023-11-28,2023-12-04,MU,LONG,HIGH,50.34,0.68,20.0,bull,74.4979,73.6212,4,-35.14,time_exit,XLK,False
2023-11-30,2023-12-01,2023-12-04,META,LONG,LOW,50.2,0.61,20.0,bull,323.4059,319.4581,1,-36.15,time_exit,XLK,False
2023-12-01,2023-12-04,2023-12-06,BRK-B,LONG,LOW,50.2,0.61,20.0,bull,356.3756,354.1609,2,-18.35,time_exit,XLF,False
2023-12-06,2023-12-07,2023-12-08,META,LONG,LOW,50.2,0.61,20.0,bull,315.7476,321.5503,1,53.58,time_exit,XLK,False
2023-11-30,2023-12-01,2023-12-11,UNH,LONG,HIGH,50.2,0.63,20.0,bull,525.5334,521.2816,6,-23.95,time_exit,XLV,False
2023-12-06,2023-12-07,2023-12-11,MU,LONG,MEDIUM,50.2,0.61,20.0,bull,73.4456,74.7951,2,53.26,time_exit,XLK,False
2023-12-06,2023-12-07,2023-12-11,BRK-B,LONG,LOW,50.2,0.61,20.0,bull,352.462,354.5811,2,17.48,time_exit,XLF,False
2023-12-08,2023-12-11,2023-12-12,V,LONG,HIGH,50.8,0.68,20.0,bull,251.0974,252.42,1,15.36,time_exit,XLF,False
2023-12-11,2023-12-12,2023-12-13,MA,LONG,HIGH,50.8,0.71,20.0,bull,411.4824,414.9202,1,24.53,time_exit,XLF,False
2023-12-11,2023-12-12,2023-12-13,MU,LONG,MEDIUM,50.8,0.7,20.0,bull,76.8202,78.4742,1,63.03,time_exit,XLK,False
2023-12-11,2023-12-12,2023-12-13,BRK-B,LONG,LOW,50.03,0.71,20.0,bull,358.3701,360.2276,1,15.18,time_exit,XLF,False
2023-12-12,2023-12-13,2023-12-14,MSFT,LONG,LOW,51.87,0.72,20.0,bull,370.1416,366.9182,1,-25.83,time_exit,XLK,False
2023-12-13,2023-12-14,2023-12-15,UNH,LONG,MEDIUM,50.34,0.6,20.0,bull,519.6913,515.481,1,-24.06,time_exit,XLV,False
2023-12-20,2023-12-21,2024-01-02,GOOGL,LONG,MEDIUM,50.34,0.68,20.0,bull,138.5478,136.8533,6,-36.36,time_exit,XLK,False
2023-12-20,2023-12-21,2024-01-03,MA,LONG,LOW,50.34,0.68,20.0,bull,416.2062,412.7223,7,-24.81,time_exit,XLF,False
2023-12-20,2023-12-21,2024-01-04,MSFT,LONG,HIGH,50.34,0.68,20.0,bull,366.7322,363.3108,8,-27.65,time_exit,XLK,False
2024-01-02,2024-01-03,2024-01-04,HD,LONG,MEDIUM,50.2,0.6,20.0,bull,324.4492,321.7092,1,-24.96,time_exit,XLY,False
2023-12-22,2023-12-26,2024-01-08,V,LONG,MEDIUM,51.87,0.67,20.0,bull,254.5686,256.9132,8,27.22,time_exit,XLF,False
2024-01-04,2024-01-05,2024-01-08,META,LONG,MEDIUM,51.31,0.71,20.0,neutral,344.7729,350.4252,1,47.93,time_exit,XLK,False
2024-01-04,2024-01-05,2024-01-09,GOOGL,LONG,LOW,51.09,0.71,20.0,neutral,135.825,137.8152,2,42.69,time_exit,XLK,False
2024-01-08,2024-01-09,2024-01-10,HD,LONG,HIGH,51.87,0.7,20.0,bull,327.605,330.7318,1,28.22,time_exit,XLY,False
2024-01-08,2024-01-09,2024-01-10,MSFT,LONG,MEDIUM,51.87,0.7,20.0,bull,366.1846,369.0228,1,22.9,time_exit,XLK,False
2024-01-03,2024-01-04,2024-01-19,MU,LONG,LOW,51.87,0.66,20.0,bull,82.9359,85.8059,10,101.04,time_exit,XLK,False
2024-01-26,2024-01-29,2024-01-30,MA,LONG,MEDIUM,51.21,0.73,20.0,bull,430.6573,434.0502,1,23.46,time_exit,XLF,False
2024-01-26,2024-01-29,2024-01-31,GOOGL,LONG,LOW,50.43,0.74,20.0,bull,151.0162,149.5505,2,-29.19,time_exit,XLK,False
2024-01-31,2024-02-01,2024-02-02,MA,LONG,MEDIUM,50.2,0.6,20.0,bull,449.6486,453.1641,1,23.2,time_exit,XLF,False
2024-01-30,2024-01-31,2024-02-05,V,LONG,LOW,50.96,0.69,20.0,bull,272.8667,270.8926,3,-21.75,time_exit,XLF,False
2024-01-26,2024-01-29,2024-02-08,HD,LONG,HIGH,51.87,0.74,20.0,bull,336.4571,342.7549,8,55.82,time_exit,XLY,False
2024-01-30,2024-01-31,2024-02-13,MU,LONG,LOW,51.09,0.67,20.0,bull,84.4185,83.0445,9,-49.04,time_exit,XLK,False
2024-02-12,2024-02-13,2024-02-14,MA,LONG,HIGH,51.09,0.73,20.0,bull,451.3875,455.8745,1,29.8,time_exit,XLF,False
2024-02-13,2024-02-14,2024-02-16,MU,LONG,HIGH,50.8,0.71,20.0,bull,81.657,80.5331,2,-41.55,time_exit,XLK,False
2024-02-14,2024-02-15,2024-02-20,MA,LONG,LOW,51.09,0.71,20.0,bull,460.3514,456.7843,2,-23.24,time_exit,XLF,False
2024-02-12,2024-02-13,2024-02-22,HD,LONG,MEDIUM,51.09,0.71,20.0,bull,339.6049,344.1675,6,40.28,time_exit,XLY,False
2024-02-16,2024-02-20,2024-02-22,MU,LONG,HIGH,50.2,0.63,20.0,bull,78.8255,80.7974,2,74.71,time_exit,XLK,False
2024-02-20,2024-02-21,2024-02-22,BRK-B,LONG,MEDIUM,50.43,0.64,20.0,bull,408.7878,412.6227,1,28.1,time_exit,XLF,False
2024-02-22,2024-02-23,2024-02-26,MSFT,LONG,MEDIUM,51.87,0.71,20.0,bull,409.9058,405.5432,1,-32.24,time_exit,XLK,False
2024-02-22,2024-02-23,2024-02-26,MU,LONG,LOW,51.87,0.7,20.0,bull,86.0007,88.3658,1,82.8,time_exit,XLK,False
2024-02-06,2024-02-07,2024-02-28,UNH,LONG,HIGH,50.36,0.65,20.0,bull,490.7781,484.4204,14,-38.71,time_exit,XLV,False
2024-02-22,2024-02-23,2024-03-04,MA,LONG,LOW,50.72,0.7,20.0,bull,468.1757,463.4245,6,-30.74,time_exit,XLF,False
2024-02-29,2024-03-01,2024-03-04,V,LONG,LOW,51.87,0.63,20.0,bull,279.3801,277.0956,1,-24.74,time_exit,XLF,False
2024-02-29,2024-03-01,2024-03-04,BRK-B,LONG,HIGH,50.96,0.66,20.0,bull,410.0126,406.7472,1,-24.06,time_exit,XLF,False
2024-02-29,2024-03-01,2024-03-04,MU,LONG,LOW,50.43,0.66,20.0,bull,91.338,94.3017,1,97.43,time_exit,XLK,False
2024-03-04,2024-03-05,2024-03-07,V,LONG,LOW,51.87,0.61,20.0,bull,276.4898,274.1524,2,-25.6,time_exit,XLF,False
2024-03-04,2024-03-05,2024-03-07,MU,LONG,MEDIUM,50.3,0.67,20.0,bull,93.6528,97.224,2,114.68,time_exit,XLK,False
2024-03-04,2024-03-05,2024-03-11,GOOGL,LONG,LOW,51.1,0.63,20.0,bull,130.9866,134.8138,4,87.87,time_exit,XLK,False
2024-03-07,2024-03-08,2024-03-11,MSFT,LONG,LOW,51.87,0.61,20.0,bull,402.3083,398.8274,1,-26.4,time_exit,XLK,False
2024-03-07,2024-03-08,2024-03-11,META,LONG,LOW,51.87,0.6,20.0,bull,511.5717,504.644,1,-41.27,time_exit,XLK,False
2024-03-11,2024-03-12,2024-03-13,MSFT,LONG,HIGH,50.2,0.63,20.0,bull,401.9765,407.5931,1,42.39,time_exit,XLK,False
2024-03-11,2024-03-12,2024-03-13,V,LONG,MEDIUM,50.2,0.61,20.0,bull,277.5157,280.3809,1,31.27,time_exit,XLF,False
2024-03-11,2024-03-12,2024-03-13,HD,LONG,LOW,50.2,0.61,20.0,bull,355.0016,358.8531,1,32.89,time_exit,XLY,False
2024-03-13,2024-03-14,2024-03-15,MA,LONG,LOW,51.87,0.68,20.0,bull,475.3854,472.0507,1,-21.57,time_exit,XLF,False
2024-03-13,2024-03-14,2024-03-15,MSFT,LONG,LOW,51.31,0.71,20.0,bull,414.4235,410.8118,1,-26.79,time_exit,XLK,False
2024-03-04,2024-03-05,2024-03-19,BRK-B,LONG,HIGH,50.96,0.66,20.0,bull,403.0742,408.5371,10,40.79,time_exit,XLF,False
2024-03-15,2024-03-18,2024-03-19,GOOGL,LONG,MEDIUM,50.36,0.68,20.0,bull,147.6015,145.7725,1,-38.1,time_exit,XLK,False
2024-03-21,2024-03-22,2024-03-25,V,LONG,LOW,50.43,0.64,20.0,bull,286.0881,283.9784,1,-22.69,time_exit,XLF,False
2024-03-21,2024-03-22,2024-03-26,META,LONG,MEDIUM,51.31,0.61,20.0,bull,504.427,496.3922,2,-48.85,time_exit,XLK,False
2024-03-25,2024-03-26,2024-03-27,BRK-B,LONG,LOW,51.09,0.68,20.0,bull,410.5292,413.394,1,21.11,time_exit,XLF,False
2024-03-26,2024-03-27,2024-04-01,V,LONG,LOW,51.09,0.68,20.0,bull,276.4687,274.1248,2,-25.87,time_exit,XLF,False
2024-03-13,2024-03-14,2024-04-02,UNH,LONG,MEDIUM,50.92,0.7,20.0,bull,468.4829,463.3065,12,-33.95,time_exit,XLV,False
2024-03-19,2024-03-20,2024-04-04,MSFT,LONG,MEDIUM,50.8,0.7,20.0,bull,416.1579,411.5154,10,-34.14,time_exit,XLK,False
2024-03-27,2024-03-28,2024-04-04,META,LONG,HIGH,50.2,0.6,20.0,bull,490.3428,503.3043,4,80.29,time_exit,XLK,False
2024-04-01,2024-04-02,2024-04-04,V,LONG,HIGH,50.2,0.63,20.0,bull,274.249,272.0178,2,-24.8,time_exit,XLF,False
2024-04-02,2024-04-03,2024-04-04,BRK-B,LONG,HIGH,51.87,0.62,20.0,bull,419.542,416.729,1,-20.39,time_exit,XLF,False
2024-04-04,2024-04-05,2024-04-09,MSFT,LONG,LOW,51.87,0.68,20.0,neutral,414.1981,418.8762,2,34.12,time_exit,XLK,False
2024-04-04,2024-04-05,2024-04-09,BRK-B,LONG,LOW,51.21,0.68,20.0,neutral,417.0998,414.2002,2,-21.11,time_exit,XLF,False
2024-04-04,2024-04-05,2024-04-10,V,LONG,MEDIUM,51.87,0.68,20.0,neutral,272.3762,270.2132,3,-24.15,time_exit,XLF,False
2024-04-09,2024-04-10,2024-04-11,BRK-B,LONG,HIGH,51.87,0.74,20.0,bull,413.2778,410.2647,1,-22.16,time_exit,XLF,False
2024-04-04,2024-04-05,2024-04-12,META,LONG,HIGH,51.87,0.66,20.0,neutral,514.2391,508.0559,5,-36.47,time_exit,XLK,False
2024-04-10,2024-04-11,2024-04-12,MSFT,LONG,HIGH,50.8,0.71,20.0,neutral,419.9259,416.9108,1,-21.75,time_exit,XLK,False
2024-04-09,2024-04-10,2024-04-15,GOOGL,LONG,MEDIUM,51.09,0.74,20.0,bull,155.1519,153.4394,3,-33.64,time_exit,XLK,False
2024-04-18,2024-04-19,2024-04-22,MSFT,LONG,LOW,51.87,0.75,20.0,neutral,398.4441,394.554,1,-29.47,time_exit,XLK,False
2024-04-18,2024-04-19,2024-04-22,META,LONG,HIGH,51.87,0.72,20.0,neutral,500.2577,493.5215,1,-40.61,time_exit,XLK,False
2024-04-18,2024-04-19,2024-04-22,BRK-B,LONG,LOW,51.87,0.71,20.0,neutral,401.5662,405.623,1,30.34,time_exit,XLF,False
2024-04-23,2024-04-24,2024-04-25,MSFT,LONG,LOW,50.2,0.65,20.0,neutral,403.8983,399.6967,1,-31.4,time_exit,XLK,False
2024-04-22,2024-04-23,2024-04-26,GOOGL,LONG,MEDIUM,50.2,0.68,20.0,neutral,155.8987,159.0258,3,59.98,time_exit,XLK,False
2024-04-25,2024-04-26,2024-04-29,MSFT,LONG,HIGH,50.2,0.63,20.0,neutral,406.4756,402.1914,1,-31.7,time_exit,XLK,False
2024-04-29,2024-04-30,2024-05-01,HD,LONG,HIGH,50.36,0.68,20.0,neutral,319.9464,316.6782,1,-30.95,time_exit,XLY,False
2024-04-29,2024-04-30,2024-05-01,V,LONG,MEDIUM,50.36,0.64,20.0,neutral,266.878,265.057,1,-20.72,time_exit,XLF,False
2024-04-22,2024-04-23,2024-05-06,MU,LONG,LOW,50.2,0.68,19.89,neutral,109.1334,114.4597,9,145.41,time_exit,XLK,False
2024-04-17,2024-04-18,2024-05-08,UNH,LONG,HIGH,50.15,0.67,20.0,neutral,466.026,479.5357,14,86.98,time_exit,XLV,False
2024-05-06,2024-05-07,2024-05-08,V,LONG,LOW,50.36,0.64,20.0,neutral,270.0251,272.5326,1,28.07,time_exit,XLF,False
2024-05-03,2024-05-06,2024-05-09,BRK-B,LONG,LOW,50.79,0.69,20.0,neutral,404.4877,407.9106,3,25.45,time_exit,XLF,False
2024-05-03,2024-05-06,2024-05-10,META,LONG,HIGH,51.56,0.69,20.0,neutral,453.1963,471.8042,4,123.8,time_exit,XLK,False
2024-05-08,2024-05-09,2024-05-10,V,LONG,LOW,50.36,0.67,20.0,neutral,273.0619,275.8257,1,30.86,time_exit,XLF,False
2024-05-09,2024-05-10,2024-05-14,MU,LONG,MEDIUM,50.8,0.69,20.0,neutral,119.4127,122.9518,2,90.79,time_exit,XLK,False
2024-05-10,2024-05-13,2024-05-14,MA,LONG,HIGH,51.56,0.71,20.0,neutral,452.2068,448.6322,1,-24.43,time_exit,XLF,False
2024-05-08,2024-05-09,2024-05-15,MSFT,LONG,LOW,50.36,0.7,20.0,neutral,404.898,414.9281,4,75.72,time_exit,XLK,False
2024-05-14,2024-05-15,2024-05-20,GOOGL,LONG,HIGH,50.4,0.72,20.0,neutral,169.4823,174.9465,3,99.48,time_exit,XLK,False
2024-05-10,2024-05-13,2024-05-21,META,LONG,LOW,50.3,0.69,20.0,neutral,470.2739,461.9444,6,-54.67,time_exit,XLK,False
2024-05-15,2024-05-16,2024-05-23,BRK-B,LONG,MEDIUM,50.3,0.7,20.0,neutral,414.3386,411.7729,5,-19.42,time_exit,XLF,False
2024-05-21,2024-05-22,2024-05-23,MA,LONG,HIGH,50.36,0.69,20.0,bull,454.1385,451.4322,1,-18.63,time_exit,XLF,False
2024-05-14,2024-05-15,2024-05-28,MU,LONG,LOW,50.6,0.7,20.0,neutral,125.5686,129.1777,8,88.62,time_exit,XLK,False
2024-05-23,2024-05-24,2024-05-28,META,LONG,HIGH,50.36,0.68,20.0,bull,465.17,473.4094,1,54.85,time_exit,XLK,False
2024-05-28,2024-05-29,2024-05-30,META,LONG,HIGH,50.36,0.66,20.0,bull,472.1743,467.2529,1,-32.7,time_exit,XLK,False
2024-05-30,2024-05-31,2024-06-03,META,LONG,HIGH,50.36,0.66,20.0,neutral,463.3595,472.1077,1,58.91,time_exit,XLK,False
2024-05-31,2024-06-03,2024-06-04,BRK-B,LONG,LOW,51.87,0.72,20.0,bull,415.4282,412.327,1,-23.4,time_exit,XLF,False
2024-05-31,2024-06-03,2024-06-05,MSFT,LONG,MEDIUM,51.87,0.74,20.0,bull,410.5304,416.0947,2,42.26,time_exit,XLK,False
2024-06-03,2024-06-04,2024-06-05,META,LONG,LOW,51.0,0.66,20.0,bull,474.5023,483.4853,1,59.07,time_exit,XLK,False
2024-05-31,2024-06-03,2024-06-06,V,LONG,LOW,51.1,0.71,20.0,bull,269.8957,272.5183,3,30.23,time_exit,XLF,False
2024-06-05,2024-06-06,2024-06-07,GOOGL,LONG,LOW,51.31,0.69,20.0,bull,174.7122,173.1389,1,-28.78,time_exit,XLK,False
2024-06-04,2024-06-05,2024-06-10,MU,LONG,LOW,51.31,0.71,20.0,bull,128.1264,132.0541,3,95.67,time_exit,XLK,False
2024-06-05,2024-06-06,2024-06-11,MSFT,LONG,HIGH,51.87,0.71,20.0,bull,418.9042,424.5924,3,43.05,time_exit,XLK,False
2024-06-06,2024-06-07,2024-06-11,HD,LONG,HIGH,50.15,0.67,20.0,bull,312.5938,318.2541,2,57.2,time_exit,XLY,False
2024-06-07,2024-06-10,2024-06-12,MA,LONG,HIGH,50.36,0.67,20.0,bull,443.7728,440.8078,2,-21.19,time_exit,XLF,False
2024-06-10,2024-06-11,2024-06-12,V,LONG,LOW,50.36,0.64,20.0,bull,271.3317,269.1653,1,-25.57,time_exit,XLF,False
2024-06-11,2024-06-12,2024-06-17,UNH,LONG,HIGH,50.15,0.7,20.0,bull,479.3311,473.5286,3,-38.69,time_exit,XLV,False
2024-06-12,2024-06-13,2024-06-18,META,LONG,HIGH,50.36,0.68,20.0,bull,503.0519,497.4964,3,-35.02,time_exit,XLK,False
2024-06-11,2024-06-12,2024-06-21,HD,LONG,MEDIUM,50.92,0.67,20.0,bull,333.0377,339.0838,6,57.82,time_exit,XLY,False
2024-06-21,2024-06-24,2024-06-25,META,LONG,HIGH,51.87,0.68,20.0,bull,497.0655,505.6945,1,55.11,time_exit,XLK,False
2024-06-21,2024-06-24,2024-06-25,GOOGL,LONG,LOW,51.09,0.68,20.0,bull,179.1452,181.666,1,44.54,time_exit,XLK,False
2024-06-21,2024-06-24,2024-06-25,UNH,LONG,MEDIUM,50.83,0.69,20.0,bull,470.6379,466.3289,1,-29.17,time_exit,XLV,False
2024-06-21,2024-06-24,2024-06-27,BRK-B,LONG,LOW,51.87,0.68,20.0,bull,411.2276,408.9618,3,-17.59,time_exit,XLF,False
2024-06-25,2024-06-26,2024-06-27,META,LONG,MEDIUM,50.53,0.72,20.0,bull,504.4842,513.7527,1,58.58,time_exit,XLK,False
2024-06-25,2024-06-26,2024-07-01,HD,LONG,LOW,50.22,0.67,20.0,bull,325.772,321.9599,3,-37.45,time_exit,XLY,False
2024-06-28,2024-07-01,2024-07-02,MSFT,LONG,LOW,50.8,0.68,20.0,bull,443.2524,448.3557,1,36.84,time_exit,XLK,False
2024-06-28,2024-07-01,2024-07-03,BRK-B,LONG,HIGH,50.8,0.68,20.0,bull,408.6118,406.2647,2,-18.49,time_exit,XLF,False
2024-07-01,2024-07-02,2024-07-03,UNH,LONG,HIGH,50.15,0.69,20.0,bull,475.8257,470.286,1,-37.31,time_exit,XLV,False
2024-06-25,2024-06-26,2024-07-05,GOOGL,LONG,HIGH,51.09,0.73,20.0,bull,181.6019,184.6703,6,53.75,time_exit,XLK,False
2024-07-05,2024-07-08,2024-07-09,MA,LONG,HIGH,50.36,0.68,20.0,bull,444.6157,441.1201,1,-25.23,time_exit,XLF,False
2024-07-09,2024-07-10,2024-07-11,BRK-B,LONG,HIGH,50.36,0.68,20.0,bull,411.3356,414.2254,1,22.36,time_exit,XLF,False
2024-07-10,2024-07-11,2024-07-12,UNH,LONG,HIGH,50.52,0.72,20.0,bull,479.1373,489.4657,1,68.88,time_exit,XLV,False
2024-07-11,2024-07-12,2024-07-16,HD,LONG,HIGH,50.2,0.6,20.0,bull,340.6816,348.2119,2,70.8,time_exit,XLY,False
2024-07-12,2024-07-15,2024-07-16,MU,LONG,MEDIUM,50.2,0.61,19.97,bull,133.3115,130.6861,1,-63.59,time_exit,XLK,False
2024-07-12,2024-07-15,2024-07-17,GOOGL,LONG,HIGH,50.2,0.63,20.0,bull,183.8797,181.8338,2,-36.02,time_exit,XLK,False
2024-07-15,2024-07-16,2024-07-17,BRK-B,LONG,MEDIUM,50.2,0.62,20.0,bull,437.9613,443.2397,1,38.58,time_exit,XLF,False
2024-07-16,2024-07-17,2024-07-18,MU,LONG,LOW,50.2,0.61,18.57,bull,122.0353,119.2584,1,-68.11,time_exit,XLK,False
2024-07-16,2024-07-17,2024-07-19,MSFT,LONG,MEDIUM,50.2,0.63,20.0,bull,437.2579,432.9104,2,-32.0,time_exit,XLK,False
2024-07-17,2024-07-18,2024-07-19,GOOGL,LONG,HIGH,50.2,0.63,20.0,bull,180.9074,178.7833,1,-37.75,time_exit,XLK,False
2024-07-17,2024-07-18,2024-07-19,HD,LONG,LOW,50.2,0.6,20.0,bull,354.9816,350.9132,1,-36.76,time_exit,XLY,False
2024-07-19,2024-07-22,2024-07-24,MU,LONG,HIGH,50.2,0.61,18.71,neutral,114.8452,112.0341,2,-73.11,time_exit,XLK,False
2024-07-19,2024-07-22,2024-07-24,GOOGL,LONG,MEDIUM,50.2,0.6,20.0,neutral,179.576,177.5305,2,-36.4,time_exit,XLK,False
2024-07-23,2024-07-24,2024-07-25,V,LONG,MEDIUM,50.79,0.63,20.0,bull,253.0889,250.6997,1,-30.11,time_exit,XLF,False
2024-07-24,2024-07-25,2024-07-29,HD,LONG,HIGH,51.87,0.66,20.0,neutral,336.0821,344.3311,2,77.26,time_exit,XLY,False
2024-07-24,2024-07-25,2024-07-30,BRK-B,LONG,MEDIUM,50.96,0.67,20.0,neutral,432.1592,439.5783,3,54.03,time_exit,XLF,False
2024-07-29,2024-07-30,2024-08-01,HD,LONG,HIGH,50.2,0.6,20.0,neutral,348.1956,343.5784,2,-42.3,time_exit,XLY,False
2024-07-23,2024-07-24,2024-08-02,UNH,LONG,LOW,50.3,0.67,20.0,bull,539.1138,553.4841,7,84.62,time_exit,XLV,False
2024-08-01,2024-08-02,2024-08-05,BRK-B,LONG,LOW,51.87,0.6,20.0,neutral,430.3304,426.2736,1,-30.08,time_exit,XLF,False
2024-08-01,2024-08-02,2024-08-05,GOOGL,LONG,HIGH,50.96,0.63,20.0,neutral,165.4906,163.2038,1,-44.18,time_exit,XLK,False
2024-08-01,2024-08-02,2024-08-05,V,LONG,MEDIUM,50.52,0.63,20.0,neutral,260.7618,257.8123,1,-36.13,time_exit,XLF,False
2024-08-02,2024-08-05,2024-08-07,HD,LONG,LOW,51.87,0.67,20.0,neutral,336.7385,332.395,2,-41.23,time_exit,XLY,False
2024-08-08,2024-08-09,2024-08-14,UNH,LONG,HIGH,50.72,0.75,20.0,neutral,543.4985,553.2733,3,56.71,time_exit,XLV,False
2024-08-08,2024-08-09,2024-08-15,META,LONG,LOW,50.79,0.67,20.0,neutral,505.5465,527.1257,4,134.69,time_exit,XLK,False
2024-08-08,2024-08-09,2024-08-15,HD,LONG,MEDIUM,50.19,0.75,20.0,neutral,333.8725,342.5186,4,81.66,time_exit,XLY,False
2024-08-13,2024-08-14,2024-08-19,MU,LONG,HIGH,50.52,0.69,14.47,neutral,100.561,107.6571,3,162.95,time_exit,XLK,False
2024-08-15,2024-08-16,2024-08-19,GOOGL,LONG,LOW,50.36,0.68,20.0,neutral,160.5522,164.5194,1,79.82,time_exit,XLK,False
2024-08-14,2024-08-15,2024-08-22,MSFT,LONG,LOW,50.36,0.71,20.0,neutral,415.4901,411.025,5,-34.47,time_exit,XLK,False
2024-08-19,2024-08-20,2024-08-22,MU,LONG,MEDIUM,50.36,0.69,16.85,neutral,107.8612,104.7081,2,-80.53,time_exit,XLK,False
2024-08-15,2024-08-16,2024-08-26,META,LONG,HIGH,50.36,0.71,20.0,neutral,529.635,520.6991,6,-54.71,time_exit,XLK,False
2024-08-22,2024-08-23,2024-08-26,MSFT,LONG,MEDIUM,50.3,0.7,20.0,neutral,412.7011,408.4227,1,-33.64,time_exit,XLK,False
2024-08-22,2024-08-23,2024-08-28,GOOGL,LONG,LOW,51.56,0.65,20.0,neutral,163.7854,161.6833,3,-41.75,time_exit,XLK,False
2024-08-19,2024-08-20,2024-08-29,V,LONG,HIGH,50.92,0.71,20.0,neutral,264.4251,267.8645,7,42.25,time_exit,XLF,False
2024-08-26,2024-08-27,2024-09-03,META,LONG,HIGH,50.2,0.61,20.0,neutral,516.7703,510.0309,4,-42.13,time_exit,XLK,False
2024-08-30,2024-09-03,2024-09-04,HD,LONG,LOW,51.09,0.6,20.0,neutral,355.2116,351.7405,1,-31.57,time_exit,XLY,False
2024-08-30,2024-09-03,2024-09-04,MSFT,LONG,HIGH,50.79,0.67,20.0,neutral,413.6209,410.0095,1,-28.2,time_exit,XLK,False
2024-08-30,2024-09-03,2024-09-04,GOOGL,LONG,LOW,50.79,0.6,20.0,neutral,160.8048,159.0667,1,-35.02,time_exit,XLK,False
2024-09-03,2024-09-04,2024-09-05,META,LONG,HIGH,50.2,0.61,20.0,bull,503.9191,511.9848,1,50.72,time_exit,XLK,False
2024-09-04,2024-09-05,2024-09-06,HD,LONG,HIGH,50.2,0.6,20.0,bull,352.3154,349.1585,1,-28.76,time_exit,XLY,False
2024-09-04,2024-09-05,2024-09-06,MA,LONG,LOW,50.2,0.6,20.0,bull,478.8826,475.2644,1,-24.24,time_exit,XLF,False
2024-09-05,2024-09-06,2024-09-09,META,LONG,LOW,51.87,0.61,20.0,neutral,519.6616,514.8922,1,-29.31,time_exit,XLK,False
2024-09-05,2024-09-06,2024-09-09,V,LONG,MEDIUM,50.43,0.67,20.0,neutral,275.0946,277.4468,1,27.13,time_exit,XLF,False
2024-09-06,2024-09-09,2024-09-10,HD,LONG,HIGH,50.2,0.67,20.0,neutral,350.2496,354.7028,1,40.18,time_exit,XLY,False
2024-09-06,2024-09-09,2024-09-10,MA,LONG,MEDIUM,50.2,0.62,20.0,neutral,476.2673,480.684,1,29.3,time_exit,XLF,False
2024-09-09,2024-09-10,2024-09-12,META,LONG,LOW,50.2,0.61,20.0,neutral,505.9996,514.3573,2,52.84,time_exit,XLK,False
2024-09-10,2024-09-11,2024-09-13,HD,LONG,LOW,50.03,0.71,20.0,neutral,356.8067,362.013,2,46.6,time_exit,XLY,False
2024-09-10,2024-09-11,2024-09-16,MA,LONG,HIGH,50.8,0.69,20.0,neutral,482.2328,487.7451,3,36.5,time_exit,XLF,False
2024-09-10,2024-09-11,2024-09-17,UNH,LONG,LOW,50.23,0.71,20.0,neutral,567.1864,562.9971,4,-23.69,time_exit,XLV,False
2024-09-17,2024-09-18,2024-09-19,HD,LONG,HIGH,50.6,0.7,20.0,bull,370.8445,374.9577,1,35.77,time_exit,XLY,False
2024-09-17,2024-09-18,2024-09-24,BRK-B,LONG,LOW,50.96,0.68,20.0,bull,458.6913,454.349,4,-30.68,time_exit,XLF,False
2024-09-19,2024-09-20,2024-09-24,V,LONG,HIGH,51.09,0.64,20.0,bull,282.7516,280.3635,2,-27.53,time_exit,XLF,False
2024-09-24,2024-09-25,2024-09-26,MU,LONG,HIGH,50.15,0.72,20.0,bull,93.7544,97.4818,1,127.61,time_exit,XLK,False
2024-09-13,2024-09-16,2024-10-01,MSFT,LONG,HIGH,50.36,0.65,20.0,bull,426.1839,422.0062,11,-31.81,time_exit,XLK,False
2024-09-17,2024-09-18,2024-10-02,UNH,LONG,LOW,50.96,0.68,20.0,bull,557.3312,565.0598,10,44.78,time_exit,XLV,False
2024-09-26,2024-09-27,2024-10-03,BRK-B,LONG,HIGH,51.87,0.71,20.0,bull,456.6482,453.6282,4,-21.53,time_exit,XLF,False
2024-09-26,2024-09-27,2024-10-03,META,LONG,LOW,50.43,0.68,20.0,bull,568.2152,576.892,4,49.5,time_exit,XLK,False
2024-10-02,2024-10-03,2024-10-07,MSFT,LONG,HIGH,50.2,0.63,20.0,bull,413.3457,409.4881,2,-30.46,time_exit,XLK,False
2024-10-03,2024-10-04,2024-10-07,V,LONG,LOW,50.72,0.73,20.0,bull,274.6862,271.6491,1,-36.12,time_exit,XLF,False
2024-10-01,2024-10-02,2024-10-09,MA,LONG,MEDIUM,51.87,0.6,20.0,bull,488.5824,493.4524,5,32.38,time_exit,XLF,False
2024-10-07,2024-10-08,2024-10-10,UNH,LONG,LOW,51.21,0.67,20.0,bull,568.1267,572.603,2,25.45,time_exit,XLV,False
2024-10-03,2024-10-04,2024-10-11,BRK-B,LONG,MEDIUM,51.87,0.72,20.0,bull,455.6246,459.3579,5,26.61,time_exit,XLF,False
2024-10-07,2024-10-08,2024-10-14,MSFT,LONG,MEDIUM,51.1,0.67,20.0,bull,406.6846,412.9201,4,49.55,time_exit,XLK,False
2024-10-11,2024-10-14,2024-10-15,UNH,LONG,HIGH,50.8,0.7,20.0,bull,578.7767,574.4731,1,-24.36,time_exit,XLV,False
2024-10-11,2024-10-14,2024-10-15,META,LONG,LOW,50.8,0.67,20.0,bull,592.2311,586.3874,1,-32.31,time_exit,XLK,False
2024-10-11,2024-10-14,2024-10-16,MA,LONG,MEDIUM,50.8,0.67,20.0,bull,500.5648,505.4881,2,32.07,time_exit,XLF,False
2024-10-15,2024-10-16,2024-10-17,META,LONG,LOW,51.87,0.67,20.0,bull,579.4356,573.7422,1,-31.88,time_exit,XLK,False
2024-10-16,2024-10-17,2024-10-18,MSFT,LONG,LOW,51.31,0.63,20.0,bull,418.0237,414.6973,1,-26.09,time_exit,XLK,False
2024-10-17,2024-10-18,2024-10-21,META,LONG,LOW,51.31,0.61,20.0,bull,579.137,572.9822,1,-34.88,time_exit,XLK,False
2024-10-14,2024-10-15,2024-10-23,MU,LONG,HIGH,50.15,0.69,20.0,bull,107.5205,105.1617,6,-72.13,time_exit,XLK,False
2024-10-15,2024-10-16,2024-10-23,BRK-B,LONG,HIGH,51.87,0.7,20.0,bull,463.8747,460.2558,5,-25.34,time_exit,XLF,False
2024-10-21,2024-10-22,2024-10-23,META,LONG,HIGH,50.8,0.68,20.0,bull,572.3327,566.6228,1,-32.55,time_exit,XLK,False
2024-10-18,2024-10-21,2024-10-28,GOOGL,LONG,HIGH,51.31,0.73,20.0,bull,162.2433,164.3516,5,42.26,time_exit,XLK,False
2024-10-28,2024-10-29,2024-10-30,BRK-B,LONG,LOW,51.87,0.68,20.0,bull,459.2182,456.3358,1,-20.34,time_exit,XLF,False
2024-10-28,2024-10-29,2024-10-30,MA,LONG,MEDIUM,51.87,0.68,20.0,bull,503.7082,507.3755,1,23.45,time_exit,XLF,False
2024-10-28,2024-10-29,2024-10-30,META,LONG,LOW,50.72,0.68,20.0,bull,578.1751,586.6152,1,47.07,time_exit,XLK,False
2024-10-31,2024-11-01,2024-11-05,MU,LONG,LOW,50.83,0.74,20.0,neutral,99.6813,104.2707,2,148.81,time_exit,XLK,False
2024-10-28,2024-10-29,2024-11-06,HD,LONG,HIGH,51.87,0.68,20.0,bull,380.336,376.8799,6,-29.42,time_exit,XLY,False
2024-10-31,2024-11-01,2024-11-06,GOOGL,LONG,MEDIUM,50.43,0.73,20.0,neutral,169.3222,172.336,3,57.44,time_exit,XLK,False
2024-10-31,2024-11-01,2024-11-06,MA,LONG,LOW,50.08,0.74,20.0,neutral,496.6484,502.3025,3,36.79,time_exit,XLF,False
2024-11-05,2024-11-06,2024-11-07,META,LONG,HIGH,50.2,0.63,20.0,neutral,560.8084,573.6341,1,74.99,time_exit,XLK,False
2024-11-06,2024-11-07,2024-11-08,HD,LONG,MEDIUM,50.2,0.63,20.0,bull,377.4938,384.5252,1,61.22,time_exit,XLY,False
2024-11-06,2024-11-07,2024-11-08,BRK-B,LONG,LOW,50.2,0.63,20.0,bull,468.9075,464.3025,1,-32.4,time_exit,XLF,False
2024-11-07,2024-11-08,2024-11-11,MSFT,LONG,HIGH,50.52,0.71,20.0,bull,420.9561,416.0213,1,-38.74,time_exit,XLK,False
2024-11-07,2024-11-08,2024-11-11,MU,LONG,MEDIUM,50.15,0.7,20.0,bull,111.7828,109.542,1,-66.43,time_exit,XLK,False
2024-11-08,2024-11-11,2024-11-13,MA,LONG,HIGH,50.8,0.7,20.0,bull,524.8457,519.7177,2,-32.25,time_exit,XLF,False
2024-11-11,2024-11-12,2024-11-13,HD,LONG,HIGH,50.8,0.71,20.0,bull,399.9366,395.4886,1,-36.58,time_exit,XLY,False
2024-11-11,2024-11-12,2024-11-13,META,LONG,LOW,50.8,0.67,20.0,bull,586.5103,578.4885,1,-44.95,time_exit,XLK,False
2024-11-13,2024-11-14,2024-11-15,MSFT,LONG,MEDIUM,50.36,0.67,20.0,bull,420.6372,415.5901,1,-39.17,time_exit,XLK,False
2024-11-13,2024-11-14,2024-11-15,MU,LONG,HIGH,50.15,0.7,20.0,bull,100.9676,98.4678,1,-81.03,time_exit,XLK,False
2024-11-14,2024-11-15,2024-11-18,META,LONG,MEDIUM,51.87,0.7,20.0,bull,569.2561,562.258,1,-39.95,time_exit,XLK,False
2024-11-15,2024-11-18,2024-11-20,HD,LONG,MEDIUM,50.96,0.69,20.0,bull,391.4892,386.7415,2,-39.09,time_exit,XLY,False
2024-11-15,2024-11-18,2024-11-21,GOOGL,LONG,LOW,50.96,0.67,20.0,bull,172.6605,170.0809,3,-48.25,time_exit,XLK,False
2024-11-20,2024-11-21,2024-11-22,UNH,LONG,HIGH,51.87,0.74,20.0,bull,579.6902,570.1455,1,-53.35,time_exit,XLV,False
2024-11-18,2024-11-19,2024-11-25,MU,LONG,LOW,50.83,0.69,20.0,bull,96.6919,102.0935,4,181.02,time_exit,XLK,False
2024-11-11,2024-11-12,2024-11-26,BRK-B,LONG,MEDIUM,50.8,0.71,20.0,bull,468.3253,477.5918,10,64.87,time_exit,XLF,False
2024-11-25,2024-11-26,2024-11-27,MU,LONG,LOW,50.2,0.63,20.0,bull,103.6683,101.521,1,-67.73,time_exit,XLK,False
2024-11-21,2024-11-22,2024-12-02,META,LONG,MEDIUM,50.2,0.61,20.0,bull,561.6107,573.2887,5,67.48,time_exit,XLK,False
2024-11-22,2024-11-25,2024-12-04,GOOGL,LONG,HIGH,50.2,0.63,20.0,bull,165.3671,171.3299,6,116.65,time_exit,XLK,False
2024-11-27,2024-11-29,2024-12-04,V,LONG,LOW,50.2,0.61,20.0,bull,311.864,309.6253,3,-23.41,time_exit,XLF,False
2024-11-26,2024-11-27,2024-12-05,UNH,LONG,HIGH,50.2,0.63,20.0,bull,590.3481,582.1231,5,-45.4,time_exit,XLV,False
2024-12-02,2024-12-03,2024-12-05,MSFT,LONG,HIGH,50.36,0.68,20.0,bull,426.283,433.0304,2,51.65,time_exit,XLK,False
2024-12-06,2024-12-09,2024-12-10,MU,LONG,HIGH,50.52,0.7,20.0,bull,100.3267,98.7589,1,-51.41,time_exit,XLK,False
2024-12-12,2024-12-13,2024-12-16,MU,LONG,HIGH,50.52,0.7,20.0,bull,100.446,104.422,1,128.66,time_exit,XLK,False
2024-12-17,2024-12-18,2024-12-19,MU,LONG,HIGH,50.15,0.72,20.0,bull,109.8954,107.5798,1,-69.5,time_exit,XLK,False
2024-12-27,2024-12-30,2024-12-31,MSFT,LONG,LOW,51.1,0.72,20.0,neutral,422.5375,418.6113,1,-30.5,time_exit,XLK,False
2024-12-27,2024-12-30,2025-01-06,META,LONG,HIGH,51.87,0.75,20.0,neutral,587.2143,601.9808,4,82.26,time_exit,XLK,False
2024-12-27,2024-12-30,2025-01-07,V,LONG,MEDIUM,51.09,0.74,20.0,neutral,312.2379,309.5107,5,-28.69,time_exit,XLF,False
2024-12-31,2025-01-02,2025-01-07,MSFT,LONG,HIGH,50.2,0.68,20.0,neutral,422.0097,417.8829,3,-31.95,time_exit,XLK,False
2025-01-06,2025-01-07,2025-01-10,MA,LONG,MEDIUM,50.8,0.74,20.0,neutral,509.7944,505.472,2,-27.93,time_exit,XLF,False
2025-01-07,2025-01-08,2025-01-10,V,LONG,HIGH,51.31,0.7,20.0,neutral,308.5861,305.9141,1,-28.45,time_exit,XLF,False
2025-01-07,2025-01-08,2025-01-10,MSFT,LONG,MEDIUM,50.83,0.71,20.0,neutral,419.9575,415.5792,1,-34.21,time_exit,XLK,False
2024-12-24,2024-12-26,2025-01-13,UNH,LONG,HIGH,50.52,0.68,20.0,bull,490.4474,517.8992,10,182.94,time_exit,XLV,False
2025-01-10,2025-01-13,2025-01-15,V,LONG,HIGH,51.87,0.74,20.0,neutral,302.6332,306.0104,2,36.35,time_exit,XLF,False
2025-01-10,2025-01-13,2025-01-15,GOOGL,LONG,LOW,51.87,0.7,20.0,neutral,189.469,192.7439,2,56.31,time_exit,XLK,False
2025-01-10,2025-01-13,2025-01-15,MU,LONG,LOW,50.15,0.72,15.17,neutral,95.661,101.9981,2,163.96,time_exit,XLK,False
2025-01-13,2025-01-14,2025-01-15,MA,LONG,LOW,50.2,0.64,20.0,neutral,503.978,510.5135,1,42.54,time_exit,XLF,False
2025-01-15,2025-01-16,2025-01-17,UNH,LONG,HIGH,50.15,0.67,20.0,neutral,514.4026,509.7532,1,-30.31,time_exit,XLV,False
2025-01-15,2025-01-16,2025-01-23,META,LONG,MEDIUM,51.87,0.63,20.0,neutral,609.9243,628.6351,4,102.59,time_exit,XLK,False
2025-01-15,2025-01-16,2025-01-23,MA,LONG,LOW,51.87,0.62,20.0,neutral,520.4301,528.5734,4,52.29,time_exit,XLF,False
2025-01-17,2025-01-21,2025-01-23,V,LONG,MEDIUM,50.2,0.61,20.0,neutral,317.8235,321.352,2,36.94,time_exit,XLF,False
2025-01-16,2025-01-17,2025-01-27,GOOGL,LONG,LOW,50.2,0.61,20.0,neutral,195.9115,193.7357,5,-37.01,time_exit,XLK,False
2025-01-23,2025-01-24,2025-01-27,MU,LONG,HIGH,50.92,0.69,20.0,neutral,105.3073,102.5376,1,-89.31,time_exit,XLK,False
2025-01-23,2025-01-24,2025-01-27,HD,LONG,MEDIUM,50.9,0.7,20.0,neutral,401.9126,408.3366,1,53.98,time_exit,XLY,False
2025-01-23,2025-01-24,2025-01-27,V,LONG,LOW,50.13,0.7,20.0,neutral,325.4779,329.3218,1,39.84,time_exit,XLF,False
2025-01-27,2025-01-28,2025-01-30,GOOGL,LONG,HIGH,50.2,0.63,20.0,neutral,192.1466,196.8758,2,82.81,time_exit,XLK,False
2025-01-28,2025-01-29,2025-01-30,MA,LONG,MEDIUM,50.36,0.66,20.0,neutral,543.6732,551.0991,1,46.1,time_exit,XLF,False
2025-01-30,2025-01-31,2025-02-05,GOOGL,LONG,MEDIUM,50.2,0.63,20.0,neutral,201.3676,198.732,3,-44.81,time_exit,XLK,False
2025-01-31,2025-02-03,2025-02-05,MA,LONG,LOW,50.43,0.67,20.0,neutral,549.2835,558.4858,2,56.99,time_exit,XLF,False
2025-01-28,2025-01-29,2025-02-06,UNH,LONG,HIGH,50.92,0.72,20.0,neutral,525.4491,517.7492,6,-49.59,time_exit,XLV,False
2025-02-05,2025-02-06,2025-02-07,HD,LONG,LOW,51.87,0.68,20.0,bull,402.708,398.5029,1,-35.7,time_exit,XLY,False
2025-02-05,2025-02-06,2025-02-10,BRK-B,LONG,MEDIUM,51.1,0.68,20.0,bull,476.104,471.6553,2,-31.94,time_exit,XLF,False
2025-02-07,2025-02-10,2025-02-12,GOOGL,LONG,MEDIUM,50.8,0.71,20.0,bull,186.7697,183.2714,2,-63.6,time_exit,XLK,False
2025-02-07,2025-02-10,2025-02-12,HD,LONG,LOW,50.8,0.69,20.0,bull,398.563,394.1709,2,-37.39,time_exit,XLY,False
2025-01-29,2025-01-30,2025-02-14,MU,LONG,MEDIUM,50.83,0.69,14.31,neutral,90.4931,96.4428,11,158.6,time_exit,XLK,False
2025-02-18,2025-02-19,2025-02-20,MA,LONG,LOW,51.87,0.67,20.0,bull,564.0298,559.0057,1,-30.45,time_exit,XLF,False
2025-02-14,2025-02-18,2025-02-21,MU,LONG,HIGH,50.15,0.69,18.52,bull,102.4529,100.3514,3,-64.69,time_exit,XLK,False
2025-02-18,2025-02-19,2025-02-21,HD,LONG,MEDIUM,51.87,0.7,20.0,bull,385.5389,381.472,2,-36.08,time_exit,XLY,False
2025-02-18,2025-02-19,2025-02-21,BRK-B,LONG,HIGH,51.87,0.7,20.0,bull,483.458,479.644,2,-26.99,time_exit,XLF,False
2025-02-20,2025-02-21,2025-02-24,UNH,LONG,LOW,50.83,0.74,20.0,bull,426.3557,438.3259,1,94.73,time_exit,XLV,False
2025-02-21,2025-02-24,2025-02-25,GOOGL,LONG,MEDIUM,50.2,0.63,20.0,neutral,181.425,178.4565,1,-55.77,time_exit,XLK,False
2025-02-21,2025-02-24,2025-02-25,BRK-B,LONG,LOW,50.2,0.6,20.0,neutral,484.1499,489.4011,1,36.77,time_exit,XLF,False
2025-02-21,2025-02-24,2025-02-28,HD,LONG,HIGH,50.2,0.63,20.0,neutral,374.7368,382.7902,4,72.9,time_exit,XLY,False
2025-02-24,2025-02-25,2025-02-28,MA,LONG,MEDIUM,50.2,0.61,20.0,neutral,559.0109,563.2431,3,25.5,time_exit,XLF,False
2025-02-25,2025-02-26,2025-02-28,BRK-B,LONG,HIGH,50.2,0.62,20.0,neutral,499.7895,507.0204,2,48.89,time_exit,XLF,False
2025-02-25,2025-02-26,2025-03-04,META,LONG,MEDIUM,50.2,0.61,20.0,neutral,657.9271,650.1506,4,-40.05,time_exit,XLK,False
2025-02-28,2025-03-03,2025-03-04,BRK-B,LONG,MEDIUM,50.2,0.62,20.0,neutral,516.9145,511.7124,1,-34.37,time_exit,XLF,False
2025-02-28,2025-03-03,2025-03-04,V,LONG,LOW,50.2,0.61,20.0,neutral,360.774,357.8027,1,-28.16,time_exit,XLF,False
2025-03-03,2025-03-04,2025-03-05,MA,LONG,MEDIUM,50.2,0.61,20.0,neutral,566.998,563.0473,1,-23.63,time_exit,XLF,False
2025-03-04,2025-03-05,2025-03-06,META,LONG,HIGH,51.87,0.75,20.0,neutral,639.3399,628.6999,1,-55.99,time_exit,XLK,False
2025-03-04,2025-03-05,2025-03-06,V,LONG,LOW,50.72,0.74,20.0,neutral,348.683,345.353,1,-32.2,time_exit,XLF,False
2025-03-05,2025-03-06,2025-03-10,MA,LONG,HIGH,50.72,0.75,20.0,neutral,545.1743,540.1026,2,-31.65,time_exit,XLF,False
2025-03-06,2025-03-07,2025-03-11,V,LONG,LOW,50.96,0.74,20.0,neutral,338.7863,335.2626,2,-35.05,time_exit,XLF,False
2025-03-04,2025-03-05,2025-03-14,BRK-B,LONG,LOW,50.3,0.74,20.0,neutral,496.6723,507.3513,7,72.19,time_exit,XLF,False
2025-03-06,2025-03-07,2025-03-18,UNH,LONG,MEDIUM,50.92,0.74,20.0,neutral,469.2964,487.9717,7,133.67,time_exit,XLV,False
2025-03-24,2025-03-25,2025-03-26,MSFT,LONG,HIGH,50.15,0.72,20.0,neutral,391.4622,386.8082,1,-40.34,time_exit,XLK,False
2025-03-24,2025-03-25,2025-03-26,MU,LONG,LOW,50.15,0.68,15.52,neutral,96.0036,93.0639,1,-80.75,time_exit,XLK,False
2025-03-24,2025-03-25,2025-04-03,HD,LONG,MEDIUM,50.52,0.71,20.0,neutral,353.1261,348.1588,7,-47.73,time_exit,XLY,False
2025-03-24,2025-03-25,2025-04-03,UNH,LONG,LOW,50.15,0.69,20.0,neutral,504.8185,514.1305,7,62.39,time_exit,XLV,False
2025-04-02,2025-04-03,2025-04-04,BRK-B,LONG,LOW,51.09,0.64,20.0,neutral,528.3293,523.5145,1,-30.89,time_exit,XLF,False
2025-04-02,2025-04-03,2025-04-04,MU,LONG,MEDIUM,50.83,0.67,16.54,neutral,82.8766,80.7955,1,-70.62,time_exit,XLK,False
2025-04-25,2025-04-28,2025-05-01,MSFT,LONG,HIGH,50.52,0.69,20.0,neutral,389.5614,405.3219,3,135.22,time_exit,XLK,False
2025-04-25,2025-04-28,2025-05-02,MA,LONG,MEDIUM,50.36,0.69,20.0,neutral,533.6925,549.6852,4,100.16,time_exit,XLF,False
2025-04-29,2025-04-30,2025-05-02,META,LONG,MEDIUM,50.92,0.7,16.69,neutral,537.6321,570.8242,2,172.56,time_exit,XLK,False
2025-05-01,2025-05-02,2025-05-08,MU,LONG,HIGH,50.92,0.7,11.27,neutral,79.5362,82.5316,4,72.35,time_exit,XLK,False
2025-04-29,2025-04-30,2025-05-12,HD,LONG,LOW,50.92,0.71,20.0,neutral,348.2345,357.1226,8,85.42,time_exit,XLY,False
2025-05-05,2025-05-06,2025-05-14,BRK-B,LONG,HIGH,50.34,0.71,20.0,neutral,510.3152,503.6479,6,-44.99,time_exit,XLF,False
2025-05-07,2025-05-08,2025-05-15,V,LONG,LOW,50.3,0.7,20.0,neutral,349.9136,355.9413,5,59.53,time_exit,XLF,False
2025-05-21,2025-05-22,2025-05-23,HD,LONG,LOW,51.23,0.72,20.0,bull,359.4767,355.5321,1,-38.06,time_exit,XLY,False
2025-05-21,2025-05-22,2025-05-23,MA,LONG,LOW,51.09,0.73,20.0,bull,566.1958,560.6765,1,-33.78,time_exit,XLF,False
2025-05-20,2025-05-21,2025-05-28,BRK-B,LONG,HIGH,50.34,0.68,20.0,bull,508.1571,502.3999,4,-39.28,time_exit,XLF,False
2025-05-21,2025-05-22,2025-06-02,META,LONG,HIGH,51.87,0.74,20.0,bull,633.1829,651.7469,6,101.39,time_exit,XLK,False
2025-05-23,2025-05-27,2025-06-03,GOOGL,LONG,HIGH,50.15,0.69,20.0,bull,169.84,166.8677,5,-60.25,time_exit,XLK,False
2025-06-04,2025-06-05,2025-06-06,HD,LONG,HIGH,50.15,0.71,20.0,bull,364.643,361.328,1,-31.54,time_exit,XLY,False
2025-06-05,2025-06-06,2025-06-10,MU,LONG,HIGH,51.21,0.7,20.0,bull,108.0246,111.3862,2,107.06,time_exit,XLK,False
2025-06-06,2025-06-09,2025-06-11,HD,LONG,LOW,50.15,0.71,20.0,bull,361.0357,358.0026,2,-29.22,time_exit,XLY,False
2025-05-30,2025-06-02,2025-06-13,MA,LONG,HIGH,50.8,0.71,20.0,bull,577.9855,572.274,9,-34.34,time_exit,XLF,False
2025-06-10,2025-06-11,2025-06-13,BRK-B,LONG,LOW,50.79,0.68,20.0,bull,491.7652,487.9411,2,-27.18,time_exit,XLF,False
2025-06-11,2025-06-12,2025-06-13,V,LONG,HIGH,51.09,0.7,20.0,bull,370.634,367.7111,1,-27.59,time_exit,XLF,False
2025-06-13,2025-06-16,2025-06-18,MA,LONG,HIGH,50.8,0.71,20.0,bull,561.4563,555.674,2,-35.78,time_exit,XLF,False
2025-06-16,2025-06-17,2025-06-18,BRK-B,LONG,HIGH,50.79,0.68,20.0,bull,489.8201,486.0239,1,-26.95,time_exit,XLF,False
2025-06-13,2025-06-16,2025-06-20,META,LONG,LOW,50.8,0.68,20.0,bull,698.8942,690.2573,3,-42.92,time_exit,XLK,False
2025-06-18,2025-06-20,2025-06-24,MSFT,LONG,LOW,50.13,0.68,20.0,bull,480.1529,483.7356,2,25.63,time_exit,XLK,False
2025-06-18,2025-06-20,2025-06-24,MA,LONG,HIGH,50.08,0.71,20.0,bull,534.6089,547.1498,2,80.74,time_exit,XLF,False
2025-06-20,2025-06-23,2025-06-24,META,LONG,MEDIUM,51.87,0.74,20.0,bull,683.2598,700.2635,1,85.03,time_exit,XLK,False
2025-05-27,2025-05-28,2025-06-26,UNH,LONG,HIGH,50.52,0.7,13.47,bull,286.4525,295.868,20,76.64,time_exit,XLV,False
2025-06-24,2025-06-25,2025-06-26,V,LONG,LOW,50.96,0.69,20.0,bull,348.9565,343.915,1,-50.33,time_exit,XLF,False
2025-06-24,2025-06-25,2025-06-26,GOOGL,LONG,MEDIUM,50.83,0.74,20.0,bull,167.5158,171.5175,1,82.84,time_exit,XLK,False
2025-06-24,2025-06-25,2025-06-27,META,LONG,LOW,51.87,0.71,20.0,bull,712.8666,730.1218,2,84.11,time_exit,XLK,False
2025-06-26,2025-06-27,2025-07-01,HD,LONG,HIGH,50.15,0.72,20.0,bull,357.379,363.2569,2,57.27,time_exit,XLY,False
2025-06-27,2025-06-30,2025-07-01,UNH,LONG,MEDIUM,50.52,0.69,20.0,bull,303.2179,308.9244,1,65.82,time_exit,XLV,False
2025-06-27,2025-06-30,2025-07-02,BRK-B,LONG,LOW,50.36,0.66,20.0,bull,486.6025,483.0866,2,-25.38,time_exit,XLF,False
2025-07-01,2025-07-02,2025-07-08,MU,LONG,HIGH,51.87,0.72,20.0,bull,120.4355,123.544,3,90.67,time_exit,XLK,False
2025-07-02,2025-07-03,2025-07-08,GOOGL,LONG,HIGH,50.2,0.67,20.0,bull,178.3743,175.9449,2,-48.07,time_exit,XLK,False
2025-07-01,2025-07-02,2025-07-11,V,LONG,LOW,50.96,0.72,20.0,bull,353.0851,347.9233,6,-51.6,time_exit,XLF,False
2025-07-08,2025-07-09,2025-07-14,GOOGL,LONG,HIGH,50.2,0.67,20.0,bull,175.1236,179.7785,3,93.5,time_exit,XLK,False
2025-07-01,2025-07-02,2025-07-16,META,LONG,MEDIUM,51.21,0.73,20.0,bull,714.8681,704.9322,9,-49.03,time_exit,XLK,False
2025-07-11,2025-07-14,2025-07-16,MU,LONG,MEDIUM,51.87,0.68,20.0,bull,120.3974,118.5731,2,-53.86,time_exit,XLK,False
2025-07-08,2025-07-09,2025-07-17,MSFT,LONG,MEDIUM,50.2,0.62,20.0,bull,498.1296,503.139,6,35.38,time_exit,XLK,False
2025-07-14,2025-07-15,2025-07-21,GOOGL,LONG,MEDIUM,51.1,0.71,20.0,bull,182.6625,186.7026,4,77.79,time_exit,XLK,False
2025-07-18,2025-07-21,2025-07-23,V,LONG,HIGH,50.36,0.7,20.0,bull,347.531,352.2087,2,47.34,time_exit,XLF,False
2025-07-21,2025-07-22,2025-07-25,MA,LONG,HIGH,50.36,0.67,20.0,bull,554.0865,560.2086,3,39.0,time_exit,XLF,False
2025-07-22,2025-07-23,2025-07-29,META,LONG,HIGH,50.2,0.61,20.0,bull,705.7317,699.2092,4,-32.76,time_exit,XLK,False
2025-07-22,2025-07-23,2025-07-31,HD,LONG,LOW,50.2,0.63,20.0,bull,365.2984,362.1216,6,-30.88,time_exit,XLY,False
2025-07-23,2025-07-24,2025-07-31,MU,LONG,HIGH,50.2,0.61,20.0,bull,111.0759,108.9612,5,-68.16,time_exit,XLK,False
2025-07-25,2025-07-28,2025-07-31,MSFT,LONG,HIGH,51.87,0.67,20.0,bull,511.7786,515.5698,3,26.31,time_exit,XLK,False
2025-07-29,2025-07-30,2025-08-04,MA,LONG,MEDIUM,50.36,0.65,20.0,bull,558.5938,563.9853,3,34.25,time_exit,XLF,False
2025-07-31,2025-08-01,2025-08-04,HD,LONG,HIGH,50.15,0.69,20.0,bull,361.4913,367.337,1,57.07,time_exit,XLY,False
2025-08-07,2025-08-08,2025-08-11,MU,LONG,HIGH,50.36,0.68,20.0,bull,112.189,115.9648,1,119.04,time_exit,XLK,False
2025-08-05,2025-08-06,2025-08-12,HD,LONG,HIGH,50.15,0.72,20.0,neutral,379.4363,385.9528,4,60.82,time_exit,XLY,False
2025-08-08,2025-08-11,2025-08-13,UNH,LONG,MEDIUM,50.52,0.69,20.0,bull,249.116,263.277,2,204.03,time_exit,XLV,False
2025-08-12,2025-08-13,2025-08-19,BRK-B,LONG,HIGH,50.52,0.72,20.0,bull,472.3167,479.6272,4,55.65,time_exit,XLF,False
2025-08-08,2025-08-11,2025-08-20,MA,LONG,HIGH,50.36,0.7,20.0,bull,573.2174,582.1609,7,55.96,time_exit,XLF,False
2025-08-13,2025-08-14,2025-08-20,GOOGL,LONG,LOW,51.21,0.61,20.0,bull,201.3196,199.1651,4,-39.07,time_exit,XLK,False
2025-08-19,2025-08-20,2025-08-21,HD,LONG,MEDIUM,50.2,0.62,20.0,bull,402.6311,397.7612,1,-44.17,time_exit,XLY,False
2025-08-20,2025-08-21,2025-08-22,GOOGL,LONG,LOW,51.87,0.6,20.0,bull,199.5707,202.7973,1,58.41,time_exit,XLK,False
2025-08-13,2025-08-14,2025-08-26,V,LONG,HIGH,50.79,0.63,20.0,bull,342.0369,348.3218,8,66.66,time_exit,XLF,False
2025-08-22,2025-08-25,2025-08-26,MSFT,LONG,MEDIUM,50.2,0.6,20.0,bull,505.1638,500.9907,1,-30.39,time_exit,XLK,False
2025-08-20,2025-08-21,2025-08-28,BRK-B,LONG,HIGH,50.15,0.67,20.0,bull,487.8739,495.8124,5,58.89,time_exit,XLF,False
2025-08-26,2025-08-27,2025-08-28,MSFT,LONG,MEDIUM,51.87,0.68,20.0,bull,500.5434,506.2779,1,41.95,time_exit,XLK,False
2025-08-26,2025-08-27,2025-09-04,MU,LONG,HIGH,51.87,0.7,20.0,bull,116.8692,122.4109,5,173.67,time_exit,XLK,False
2025-08-29,2025-09-02,2025-09-05,MSFT,LONG,LOW,50.8,0.71,20.0,bull,499.0202,494.8919,3,-30.5,time_exit,XLK,False
2025-09-04,2025-09-05,2025-09-08,V,LONG,MEDIUM,50.36,0.69,20.0,bull,350.4568,348.3751,1,-22.24,time_exit,XLF,False
2025-08-21,2025-08-22,2025-09-09,META,LONG,HIGH,50.2,0.6,20.0,neutral,738.5888,758.3439,11,97.05,time_exit,XLK,False
2025-08-29,2025-09-02,2025-09-09,UNH,LONG,LOW,50.52,0.69,20.0,bull,302.4786,314.425,5,145.22,time_exit,XLV,False
2025-09-05,2025-09-08,2025-09-12,MSFT,LONG,MEDIUM,51.87,0.74,20.0,bull,496.6725,502.6965,4,44.88,time_exit,XLK,False
2025-09-11,2025-09-12,2025-09-15,META,LONG,LOW,51.31,0.68,20.0,bull,748.0758,758.701,1,53.26,time_exit,XLK,False
2025-09-11,2025-09-12,2025-09-15,BRK-B,LONG,LOW,51.31,0.67,20.0,bull,496.4007,492.3543,1,-30.67,time_exit,XLF,False
2025-09-10,2025-09-11,2025-09-16,UNH,LONG,HIGH,50.15,0.69,20.0,bull,342.4088,337.5787,3,-52.93,time_exit,XLV,False
2025-09-12,2025-09-15,2025-09-19,MSFT,LONG,MEDIUM,50.36,0.67,20.0,bull,507.3227,512.8686,4,41.01,time_exit,XLK,False
2025-09-17,2025-09-18,2025-09-19,V,LONG,MEDIUM,50.36,0.67,20.0,bull,343.8085,340.8364,1,-32.55,time_exit,XLF,False
2025-09-16,2025-09-17,2025-09-24,UNH,LONG,HIGH,50.15,0.71,20.0,bull,333.4067,342.667,5,103.89,time_exit,XLV,False
2025-09-23,2025-09-24,2025-09-25,GOOGL,LONG,LOW,50.6,0.69,20.0,bull,251.67,249.156,1,-37.78,time_exit,XLK,False
2025-09-23,2025-09-24,2025-09-26,BRK-B,LONG,HIGH,51.1,0.69,20.0,bull,493.9441,498.6149,2,35.53,time_exit,XLF,False
2025-09-24,2025-09-25,2025-09-26,UNH,LONG,LOW,50.83,0.7,20.0,bull,344.4759,338.9707,1,-60.24,time_exit,XLV,False
2025-09-26,2025-09-29,2025-09-30,META,LONG,MEDIUM,51.87,0.68,20.0,bull,748.5585,740.4782,1,-40.63,time_exit,XLK,False
2025-09-23,2025-09-24,2025-10-01,HD,LONG,MEDIUM,51.87,0.68,20.0,bull,402.0556,398.555,5,-32.89,time_exit,XLY,False
2025-09-26,2025-09-29,2025-10-01,BRK-B,LONG,LOW,50.6,0.69,20.0,bull,500.6537,497.5591,2,-23.31,time_exit,XLF,False
2025-09-30,2025-10-01,2025-10-02,GOOGL,LONG,LOW,51.87,0.69,20.0,bull,240.7592,244.7645,1,62.17,time_exit,XLK,False
2025-09-26,2025-09-29,2025-10-03,UNH,LONG,HIGH,51.23,0.7,20.0,bull,339.6184,349.7732,4,112.32,time_exit,XLV,False
2025-10-01,2025-10-02,2025-10-03,META,LONG,HIGH,51.87,0.71,20.0,bull,722.4235,714.515,1,-41.16,time_exit,XLK,False
2025-10-01,2025-10-02,2025-10-06,HD,LONG,LOW,51.87,0.68,20.0,bull,390.8993,388.0717,2,-27.26,time_exit,XLY,False
2025-10-02,2025-10-03,2025-10-06,MSFT,LONG,LOW,51.87,0.68,20.0,bull,515.6088,521.8676,1,45.67,time_exit,XLK,False
2025-10-06,2025-10-07,2025-10-08,HD,LONG,LOW,51.1,0.68,20.0,bull,384.9225,381.802,1,-30.84,time_exit,XLY,False
2025-10-03,2025-10-06,2025-10-09,META,LONG,HIGH,51.87,0.74,20.0,bull,705.0397,720.2465,3,81.03,time_exit,XLK,False
2025-10-03,2025-10-06,2025-10-09,GOOGL,LONG,LOW,51.87,0.69,20.0,bull,244.7886,242.8611,3,-29.75,time_exit,XLK,False
2025-10-06,2025-10-07,2025-10-09,MA,LONG,LOW,50.3,0.69,20.0,bull,577.1439,572.221,2,-32.41,time_exit,XLF,False
2025-10-08,2025-10-09,2025-10-10,UNH,LONG,HIGH,50.15,0.71,20.0,bull,367.7894,363.75,1,-41.47,time_exit,XLV,False
2025-10-14,2025-10-15,2025-10-16,BRK-B,LONG,MEDIUM,51.1,0.72,20.0,neutral,494.5452,490.8646,1,-28.09,time_exit,XLF,False
2025-10-14,2025-10-15,2025-10-16,MSFT,LONG,LOW,51.09,0.7,20.0,neutral,513.4812,509.2157,1,-31.33,time_exit,XLK,False
2025-10-14,2025-10-15,2025-10-17,GOOGL,LONG,LOW,51.87,0.68,20.0,neutral,247.2656,251.7331,2,67.85,time_exit,XLK,False
2025-10-13,2025-10-14,2025-10-20,UNH,LONG,HIGH,50.15,0.68,20.0,neutral,350.4453,357.7252,4,77.9,time_exit,XLV,False
2025-10-17,2025-10-20,2025-10-21,GOOGL,LONG,MEDIUM,51.87,0.66,20.0,neutral,254.7054,251.8712,1,-41.97,time_exit,XLK,False
2025-10-20,2025-10-21,2025-10-22,UNH,LONG,HIGH,50.05,0.73,20.0,bull,360.5063,356.0335,1,-47.05,time_exit,XLV,False
2025-10-17,2025-10-20,2025-10-23,MA,LONG,LOW,50.02,0.69,20.0,neutral,560.6624,569.9522,3,62.2,time_exit,XLF,False
2025-10-21,2025-10-22,2025-10-23,HD,LONG,LOW,50.9,0.67,20.0,bull,386.7038,383.2626,1,-33.73,time_exit,XLY,False
2025-10-17,2025-10-20,2025-10-24,MSFT,LONG,LOW,51.87,0.67,20.0,neutral,513.1336,518.7524,4,41.08,time_exit,XLK,False
2025-10-22,2025-10-23,2025-10-27,UNH,LONG,HIGH,51.23,0.74,20.0,bull,351.0636,358.0974,2,75.4,time_exit,XLV,False
2025-10-23,2025-10-24,2025-10-27,HD,LONG,HIGH,50.79,0.74,20.0,bull,385.1721,381.5334,1,-35.78,time_exit,XLY,False
2025-10-24,2025-10-27,2025-10-28,MA,LONG,LOW,50.79,0.67,20.0,bull,574.6566,569.0088,1,-37.13,time_exit,XLF,False
2025-10-23,2025-10-24,2025-10-29,V,LONG,MEDIUM,51.1,0.7,20.0,bull,347.2703,343.9172,3,-36.57,time_exit,XLF,False
2025-10-27,2025-10-28,2025-10-29,HD,LONG,HIGH,50.36,0.69,20.0,bull,379.9534,376.6037,1,-33.32,time_exit,XLY,False
2025-10-27,2025-10-28,2025-10-30,META,LONG,LOW,50.36,0.64,20.0,bull,752.4765,743.9108,2,-42.95,time_exit,XLK,False
2025-10-28,2025-10-29,2025-10-30,MA,LONG,MEDIUM,50.36,0.69,20.0,bull,560.5957,554.8046,1,-38.95,time_exit,XLF,False
2025-10-29,2025-10-30,2025-10-31,UNH,LONG,HIGH,50.15,0.69,20.0,bull,343.0807,338.9309,1,-45.38,time_exit,XLV,False
2025-11-05,2025-11-06,2025-11-07,UNH,LONG,MEDIUM,50.2,0.67,20.0,bull,324.718,320.4586,1,-49.03,time_exit,XLV,False
2025-11-05,2025-11-06,2025-11-07,V,LONG,HIGH,50.2,0.63,20.0,bull,337.6806,334.7345,1,-32.64,time_exit,XLF,False
2025-11-06,2025-11-07,2025-11-11,MSFT,LONG,LOW,50.96,0.62,20.0,neutral,495.518,504.7045,2,68.63,time_exit,XLK,False
2025-11-07,2025-11-10,2025-11-12,UNH,LONG,HIGH,50.2,0.66,20.0,neutral,315.9005,323.6367,2,90.48,time_exit,XLV,False
2025-11-06,2025-11-07,2025-11-13,GOOGL,LONG,LOW,50.3,0.64,20.0,neutral,283.23,279.2074,4,-52.77,time_exit,XLK,False
2025-11-12,2025-11-13,2025-11-14,MA,LONG,LOW,50.92,0.63,20.0,bull,558.8428,554.678,1,-28.03,time_exit,XLF,False
2025-11-13,2025-11-14,2025-11-17,GOOGL,LONG,HIGH,50.2,0.63,20.0,neutral,271.4358,280.9779,1,131.28,time_exit,XLK,False
2025-11-13,2025-11-14,2025-11-17,UNH,LONG,MEDIUM,50.2,0.63,20.0,neutral,322.7406,317.5154,1,-60.65,time_exit,XLV,False
2025-11-14,2025-11-17,2025-11-18,MSFT,LONG,LOW,50.8,0.68,20.0,neutral,506.9841,501.184,1,-42.77,time_exit,XLK,False
2025-11-12,2025-11-13,2025-11-19,BRK-B,LONG,LOW,50.9,0.62,20.0,bull,505.4695,501.2427,4,-31.44,time_exit,XLF,False
2025-11-17,2025-11-18,2025-11-21,GOOGL,LONG,HIGH,50.96,0.67,20.0,neutral,287.947,297.3888,3,122.4,time_exit,XLK,False
2025-11-24,2025-11-25,2025-11-26,GOOGL,LONG,MEDIUM,50.96,0.67,20.0,neutral,326.2474,320.433,1,-66.99,time_exit,XLK,False
2025-11-24,2025-11-25,2025-12-01,MU,LONG,LOW,50.08,0.67,13.66,neutral,219.4371,238.293,3,220.1,time_exit,XLK,False
2025-11-26,2025-11-28,2025-12-01,V,LONG,LOW,50.15,0.63,20.0,bull,333.1944,330.1959,1,-34.05,time_exit,XLF,False
2025-11-24,2025-11-25,2025-12-03,BRK-B,LONG,HIGH,51.1,0.7,20.0,neutral,509.5789,505.5751,5,-29.55,time_exit,XLF,False
2025-11-25,2025-11-26,2025-12-03,UNH,LONG,LOW,50.52,0.69,20.0,bull,322.3885,332.3807,4,116.25,time_exit,XLV,False
2025-12-01,2025-12-02,2025-12-04,META,LONG,MEDIUM,50.92,0.72,20.0,bull,642.2073,656.772,2,85.34,time_exit,XLK,False
2025-12-01,2025-12-02,2025-12-04,V,LONG,HIGH,50.92,0.72,20.0,bull,331.216,328.0843,2,-35.71,time_exit,XLF,False
2025-12-03,2025-12-04,2025-12-08,HD,LONG,MEDIUM,50.92,0.72,20.0,bull,354.4304,348.9653,2,-58.45,time_exit,XLY,False
2025-12-03,2025-12-04,2025-12-08,MU,LONG,LOW,50.6,0.69,15.54,bull,230.509,245.1565,2,186.73,time_exit,XLK,False
2025-12-04,2025-12-05,2025-12-09,META,LONG,MEDIUM,50.92,0.71,20.0,bull,663.8699,655.1034,2,-49.99,time_exit,XLK,False
2025-12-08,2025-12-09,2025-12-10,MU,LONG,HIGH,51.09,0.69,15.69,bull,244.7333,260.0515,1,188.06,time_exit,XLK,False
2025-12-04,2025-12-05,2025-12-11,V,LONG,LOW,50.92,0.7,20.0,bull,326.5987,331.082,4,51.78,time_exit,XLF,False
2025-12-09,2025-12-10,2025-12-12,BRK-B,LONG,LOW,51.31,0.65,20.0,bull,491.4896,496.0133,2,35.16,time_exit,XLF,False
2025-12-10,2025-12-11,2025-12-12,GOOGL,LONG,HIGH,51.09,0.69,20.0,bull,320.3127,315.6257,1,-56.57,time_exit,XLK,False
2025-12-12,2025-12-15,2025-12-16,GOOGL,LONG,MEDIUM,50.2,0.61,20.0,bull,311.5427,307.0289,1,-56.45,time_exit,XLK,False
2025-12-16,2025-12-17,2025-12-18,GOOGL,LONG,LOW,50.2,0.61,20.0,bull,308.2337,304.8475,1,-42.52,time_exit,XLK,False
2025-12-12,2025-12-15,2025-12-19,BRK-B,LONG,HIGH,50.2,0.67,20.0,bull,501.066,497.3973,4,-28.54,time_exit,XLF,False
2025-12-16,2025-12-17,2025-12-19,MU,LONG,MEDIUM,50.2,0.61,15.33,bull,236.7958,249.8987,2,163.66,time_exit,XLK,False
2025-12-19,2025-12-22,2026-01-02,V,LONG,MEDIUM,50.13,0.69,20.0,bull,349.7587,346.4857,7,-36.23,time_exit,XLF,False
2025-12-18,2025-12-19,2026-01-05,UNH,LONG,LOW,50.34,0.67,20.0,neutral,326.0071,334.7709,9,104.46,time_exit,XLV,False
2026-01-02,2026-01-05,2026-01-06,V,LONG,MEDIUM,51.1,0.63,20.0,bull,344.2662,346.877,1,29.37,time_exit,XLF,False
2025-12-19,2025-12-22,2026-01-07,GOOGL,LONG,LOW,50.8,0.66,20.0,bull,310.1063,317.5046,10,91.97,time_exit,XLK,False
2026-01-05,2026-01-06,2026-01-07,MA,LONG,HIGH,50.2,0.67,20.0,bull,567.9686,572.42,1,30.57,time_exit,XLF,False
2025-12-08,2025-12-09,2026-01-08,HD,LONG,LOW,50.15,0.71,20.0,bull,345.9446,356.6576,20,118.49,time_exit,XLY,False
2026-01-06,2026-01-07,2026-01-08,META,LONG,HIGH,50.2,0.67,20.0,bull,656.0499,649.3751,1,-39.91,time_exit,XLK,False
2026-01-08,2026-01-09,2026-01-12,V,LONG,MEDIUM,50.2,0.63,20.0,bull,351.9201,349.0394,1,-32.06,time_exit,XLF,False
2026-01-08,2026-01-09,2026-01-13,META,LONG,LOW,50.2,0.63,20.0,bull,645.8421,639.3468,2,-39.32,time_exit,XLK,False
2026-01-07,2026-01-08,2026-01-14,MU,LONG,LOW,51.21,0.63,17.61,bull,343.3754,333.7054,4,-96.97,time_exit,XLK,False
2026-01-12,2026-01-13,2026-01-14,V,LONG,HIGH,51.1,0.67,20.0,bull,336.7785,333.7002,1,-36.02,time_exit,XLF,False
2026-01-07,2026-01-08,2026-01-15,BRK-B,LONG,HIGH,51.1,0.67,20.0,bull,495.6176,492.106,5,-27.75,time_exit,XLF,False
2026-01-13,2026-01-14,2026-01-16,UNH,LONG,LOW,51.31,0.68,20.0,bull,333.2714,329.1237,2,-48.43,time_exit,XLV,False
2026-01-14,2026-01-15,2026-01-16,MA,LONG,LOW,50.2,0.63,20.0,bull,548.3487,542.8855,1,-38.75,time_exit,XLF,False
2026-01-14,2026-01-15,2026-01-20,META,LONG,MEDIUM,50.2,0.63,20.0,bull,618.8618,611.5042,2,-46.22,time_exit,XLK,False
2026-01-15,2026-01-16,2026-01-21,MU,LONG,MEDIUM,50.2,0.61,17.52,bull,353.5889,371.7236,2,174.42,time_exit,XLK,False
2026-01-16,2026-01-20,2026-01-21,UNH,LONG,LOW,50.2,0.63,20.0,bull,325.3542,333.6417,1,98.82,time_exit,XLV,False
2026-01-20,2026-01-21,2026-01-22,META,LONG,HIGH,50.2,0.67,20.0,neutral,607.1191,621.5815,1,92.92,time_exit,XLK,False
2026-01-23,2026-01-26,2026-01-27,UNH,LONG,LOW,50.19,0.66,20.0,bull,351.7372,346.6693,1,-56.61,time_exit,XLV,False
2026-01-22,2026-01-23,2026-01-28,HD,LONG,HIGH,50.19,0.67,20.0,bull,379.5279,374.9117,3,-47.9,time_exit,XLY,False
2026-01-26,2026-01-27,2026-01-29,META,LONG,LOW,50.15,0.68,20.0,bull,675.0273,694.5429,2,113.66,time_exit,XLK,False
2026-01-27,2026-01-28,2026-01-29,MSFT,LONG,HIGH,50.15,0.69,20.0,bull,482.749,476.694,1,-49.19,time_exit,XLK,False
2026-01-28,2026-01-29,2026-01-30,V,LONG,LOW,50.52,0.69,20.0,bull,329.7757,326.5822,1,-37.93,time_exit,XLF,False
2026-01-22,2026-01-23,2026-02-02,GOOGL,LONG,MEDIUM,50.4,0.63,20.0,bull,332.7304,338.8939,6,72.67,time_exit,XLK,False
2026-02-03,2026-02-04,2026-02-05,BRK-B,LONG,LOW,50.92,0.62,20.0,neutral,496.449,502.807,1,50.15,time_exit,XLF,False
2026-02-03,2026-02-04,2026-02-05,MU,LONG,HIGH,50.08,0.65,16.9,neutral,411.155,399.4965,1,-94.07,time_exit,XLK,False
2026-02-02,2026-02-03,2026-02-09,MA,LONG,HIGH,50.92,0.69,20.0,bull,554.1575,546.7176,4,-52.81,time_exit,XLF,False
2026-02-03,2026-02-04,2026-02-09,HD,LONG,MEDIUM,51.1,0.63,20.0,neutral,382.5998,378.51,3,-42.03,time_exit,XLY,False
2026-02-12,2026-02-13,2026-02-17,GOOGL,LONG,LOW,50.96,0.61,20.0,neutral,307.9414,304.206,1,-47.59,time_exit,XLK,False
2026-02-12,2026-02-13,2026-02-17,V,LONG,HIGH,50.52,0.66,20.0,neutral,324.2888,320.2394,1,-48.98,time_exit,XLF,False
2026-02-09,2026-02-10,2026-02-19,HD,LONG,HIGH,50.2,0.67,20.0,bull,381.8256,377.4786,6,-44.51,time_exit,XLY,False
2026-02-12,2026-02-13,2026-02-24,UNH,LONG,LOW,50.52,0.63,17.82,neutral,283.9098,275.8836,6,-98.71,time_exit,XLV,False
2026-02-19,2026-02-20,2026-02-25,GOOGL,LONG,MEDIUM,50.2,0.6,20.0,neutral,304.5285,311.1423,3,84.31,time_exit,XLK,False
2026-02-20,2026-02-23,2026-02-25,HD,LONG,HIGH,51.1,0.67,20.0,bull,379.0087,375.1257,2,-40.34,time_exit,XLY,False
2026-02-24,2026-02-25,2026-02-27,UNH,LONG,MEDIUM,50.92,0.7,18.26,neutral,275.6252,284.577,2,114.76,time_exit,XLV,False
2026-02-25,2026-02-26,2026-03-02,GOOGL,LONG,HIGH,50.36,0.69,20.0,bull,312.8355,309.1212,2,-46.36,time_exit,XLK,False
2026-02-18,2026-02-19,2026-03-13,META,LONG,HIGH,50.2,0.67,20.0,neutral,638.9736,626.0301,16,-78.76,time_exit,XLK,False
