date,entry_date,exit_date,ticker,sector,open_next,exit_future_close,holding_days,signal,direction_vote,p_up_raw,p_up_calibrated,meta_confidence,confidence,conf_threshold,threshold_used_fallback,expected_return,signal_quality,actionable
2015-05-05,2015-05-06,2015-05-07,BRK-B,XLF,145.0,143.83928680419922,1,SHORT,SHORT,0.15000726282596588,0.09409888357256778,0.950019359588623,90.59011164274322,52.0,True,0.17159038782119757,UNRANKED,False
2015-05-06,2015-05-07,2015-05-08,BRK-B,XLF,143.41000366210938,142.23714773995536,1,SHORT,SHORT,0.18109288811683655,0.10382513661202186,0.911243200302124,89.61748633879782,52.0,True,0.42018255591392517,UNRANKED,False
2015-05-07,2015-05-08,2015-05-11,BRK-B,XLF,146.55999755859375,145.3778566632952,1,SHORT,SHORT,0.2338685393333435,0.10747663551401869,0.9267095327377319,89.25233644859813,52.0,True,0.3250258564949036,UNRANKED,False
2015-05-08,2015-05-11,2015-05-12,BRK-B,XLF,148.5,151.74285234723772,1,SHORT,SHORT,0.24877749383449554,0.10747663551401869,0.9267215132713318,89.25233644859813,52.0,True,0.23978656530380246,UNRANKED,False
2015-05-11,2015-05-12,2015-05-13,BRK-B,XLF,145.35000610351562,143.96786499023438,1,SHORT,SHORT,0.21092469990253448,0.10504201680672269,0.9450545907020569,89.49579831932773,52.0,True,0.27105951309204096,UNRANKED,False
2015-05-12,2015-05-13,2015-05-14,BRK-B,XLF,144.16000366210938,142.74000549316406,1,SHORT,SHORT,0.1441338211297989,0.09409888357256778,0.9490993618965149,90.59011164274322,52.0,True,0.46396994590759283,UNRANKED,False
2015-05-13,2015-05-14,2015-05-15,BRK-B,XLF,145.22000122070312,143.793573651995,1,SHORT,SHORT,0.18359637260437012,0.10382513661202186,0.96263188123703,89.61748633879782,52.0,True,0.4504975378513337,UNRANKED,False
2015-05-14,2015-05-15,2015-05-18,BRK-B,XLF,145.92999267578125,144.41927882603235,1,SHORT,SHORT,0.14230072498321533,0.09362549800796813,0.9526621103286743,90.63745019920319,52.0,True,0.2846072912216187,UNRANKED,False
2015-05-15,2015-05-18,2015-05-19,BRK-B,XLF,145.38999938964844,143.91357094900948,1,SHORT,SHORT,0.10427746176719666,0.08333333333333333,0.9570677876472473,91.66666666666666,52.0,True,0.12408116459846495,UNRANKED,False
2015-05-18,2015-05-19,2015-05-20,BRK-B,XLF,145.8300018310547,144.41500200544084,1,SHORT,SHORT,0.10670958459377289,0.08333333333333333,0.9649088978767395,91.66666666666666,52.0,True,0.12191477417945866,UNRANKED,False
2015-05-19,2015-05-20,2015-05-21,BRK-B,XLF,146.41000366210938,144.9521473475865,1,SHORT,SHORT,0.2601034343242645,0.10747663551401869,0.9298758506774902,89.25233644859813,52.0,True,0.23423156142234805,UNRANKED,False
2015-05-20,2015-05-21,2015-05-22,BRK-B,XLF,145.60000610351562,144.1850073678153,1,SHORT,SHORT,0.15740689635276794,0.09409888357256778,0.9602210521697998,90.59011164274322,52.0,True,0.29388242959976196,UNRANKED,False
2015-05-21,2015-05-22,2015-05-26,BRK-B,XLF,145.10000610351562,148.3732179914202,1,SHORT,SHORT,0.1194307804107666,0.08333333333333333,0.9486868381500244,91.66666666666666,52.0,True,0.18371787667274478,UNRANKED,False
2015-05-22,2015-05-26,2015-05-27,BRK-B,XLF,144.44000244140625,143.28214590890067,1,SHORT,SHORT,0.14009417593479156,0.09362549800796813,0.941457986831665,90.63745019920319,52.0,True,0.19697153568267817,UNRANKED,False
2015-05-26,2015-05-27,2015-05-28,BRK-B,XLF,143.7100067138672,142.596435546875,1,SHORT,SHORT,0.1530907154083252,0.09409888357256778,0.8773532509803772,90.59011164274322,52.0,True,0.4026859700679779,UNRANKED,False
2015-05-27,2015-05-28,2015-05-29,BRK-B,XLF,144.92999267578125,147.7746342250279,1,SHORT,SHORT,0.20564872026443481,0.10504201680672269,0.9336194396018982,89.49579831932773,52.0,True,0.4069754481315614,UNRANKED,False
2015-05-28,2015-05-29,2015-06-01,BRK-B,XLF,144.8699951171875,147.44320733206612,1,SHORT,SHORT,0.17004938423633575,0.09409888357256778,0.9367328882217407,90.59011164274322,52.0,True,0.38795483112335205,UNRANKED,False
2015-05-29,2015-06-01,2015-06-02,BRK-B,XLF,143.25999450683594,142.32070922851562,1,SHORT,SHORT,0.1236361488699913,0.09362549800796813,0.7881505489349365,90.63745019920319,52.0,True,0.20733329653739932,UNRANKED,False
2015-06-01,2015-06-02,2015-06-03,BRK-B,XLF,143.1999969482422,142.38856833321708,1,SHORT,SHORT,0.14622072875499725,0.09409888357256778,0.8602908253669739,90.59011164274322,52.0,True,0.40044862031936646,UNRANKED,False
2015-06-02,2015-06-03,2015-06-04,BRK-B,XLF,143.42999267578125,145.26927893502372,1,SHORT,SHORT,0.12119336426258087,0.09362549800796813,0.8868848085403442,90.63745019920319,52.0,True,0.25927767157554626,UNRANKED,False
2015-06-03,2015-06-04,2015-06-05,BRK-B,XLF,142.57000732421875,144.3432230268206,1,SHORT,SHORT,0.11449791491031647,0.08333333333333333,0.9449911713600159,91.66666666666666,52.0,True,0.20776596665382385,UNRANKED,False
2015-06-04,2015-06-05,2015-06-08,BRK-B,XLF,141.50999450683594,143.33678218296595,1,SHORT,SHORT,0.16858895123004913,0.09409888357256778,0.918143630027771,90.59011164274322,52.0,True,0.20245665311813352,UNRANKED,False
2015-06-05,2015-06-08,2015-06-09,BRK-B,XLF,140.42999267578125,142.2728511265346,1,SHORT,SHORT,0.13079172372817993,0.09362549800796813,0.9193978309631348,90.63745019920319,52.0,True,0.04214522242546072,UNRANKED,False
2015-06-08,2015-06-09,2015-06-10,BRK-B,XLF,139.2100067138672,138.42500741141183,1,SHORT,SHORT,0.13215836882591248,0.09362549800796813,0.920286238193512,90.63745019920319,52.0,True,0.15324842929840093,UNRANKED,False
2015-06-09,2015-06-10,2015-06-11,BRK-B,XLF,140.0,139.2578571864537,1,SHORT,SHORT,0.13208751380443573,0.09362549800796813,0.9615940451622009,90.63745019920319,52.0,True,0.12175709009170539,UNRANKED,False
2015-06-10,2015-06-11,2015-06-12,BRK-B,XLF,141.42999267578125,143.39785058157784,1,SHORT,SHORT,0.1643211841583252,0.09409888357256778,0.9562748074531555,90.59011164274322,52.0,True,0.11876383423805233,UNRANKED,False
2015-06-11,2015-06-12,2015-06-15,BRK-B,XLF,141.1199951171875,143.057496207101,1,SHORT,SHORT,0.1029234305024147,0.08333333333333333,0.9770309329032898,91.66666666666666,52.0,True,-0.041078269481659026,UNRANKED,False
2015-06-12,2015-06-15,2015-06-16,BRK-B,XLF,139.72000122070312,138.91642870221818,1,SHORT,SHORT,0.11501425504684448,0.08333333333333333,0.9368812441825867,91.66666666666666,52.0,True,0.036979705095291096,UNRANKED,False
2015-06-15,2015-06-16,2015-06-17,BRK-B,XLF,139.47000122070312,138.6721431187221,1,SHORT,SHORT,0.2145759016275406,0.10504201680672269,0.9088191390037537,89.49579831932773,52.0,True,0.26704457402229304,UNRANKED,False
2015-06-16,2015-06-17,2015-06-18,BRK-B,XLF,139.85000610351562,139.11000388009208,1,SHORT,SHORT,0.1521984040737152,0.09409888357256778,0.9154831767082214,90.59011164274322,52.0,True,0.26575446128845215,UNRANKED,False
2015-06-17,2015-06-18,2015-06-19,BRK-B,XLF,140.25,139.49214063371932,1,SHORT,SHORT,0.12585429847240448,0.09362549800796813,0.91197669506073,90.63745019920319,52.0,True,0.2780781090259552,UNRANKED,False
2015-06-18,2015-06-19,2015-06-22,BRK-B,XLF,142.17999267578125,141.35356249128068,1,SHORT,SHORT,0.129176527261734,0.09362549800796813,0.9540375471115112,90.63745019920319,52.0,True,0.2180687487125397,UNRANKED,False
2015-06-19,2015-06-22,2015-06-23,BRK-B,XLF,142.0,141.07642800467355,1,SHORT,SHORT,0.19490255415439606,0.10382513661202186,0.9204586148262024,89.61748633879782,52.0,True,0.10856169462203982,UNRANKED,False
2015-06-22,2015-06-23,2015-06-24,BRK-B,XLF,141.6199951171875,143.97356523786272,1,SHORT,SHORT,0.10297591984272003,0.08333333333333333,0.9723289012908936,91.66666666666666,52.0,True,0.17007547616958613,UNRANKED,False
2015-06-23,2015-06-24,2015-06-25,BRK-B,XLF,140.75,143.1107117789132,1,SHORT,SHORT,0.1452496498823166,0.09409888357256778,0.9555044770240784,90.59011164274322,52.0,True,0.2447172701358795,UNRANKED,False
2015-06-24,2015-06-25,2015-06-26,BRK-B,XLF,140.05999755859375,139.15714154924666,1,SHORT,SHORT,0.1747334599494934,0.09409888357256778,0.8803946375846863,90.59011164274322,52.0,True,0.28293460607528687,UNRANKED,False
2015-06-25,2015-06-26,2015-06-29,BRK-B,XLF,139.9199981689453,142.1824951171875,1,SHORT,SHORT,0.2190980762243271,0.10504201680672269,0.9151452779769897,89.49579831932773,52.0,True,0.2912806570529937,UNRANKED,False
2015-06-26,2015-06-29,2015-06-30,BRK-B,XLF,139.0,141.09999901907784,1,SHORT,SHORT,0.23275436460971832,0.10747663551401869,0.8623597621917725,89.25233644859813,52.0,True,0.2973494231700897,UNRANKED,False
2015-06-29,2015-06-30,2015-07-01,BRK-B,XLF,137.52000427246094,136.45429011753626,1,SHORT,SHORT,0.09986089169979095,0.06153846153846154,0.8023001551628113,93.84615384615384,52.0,True,0.1469275653362274,UNRANKED,False
2015-06-30,2015-07-01,2015-07-02,BRK-B,XLF,137.6999969482422,136.69356863839286,1,SHORT,SHORT,0.11758816242218018,0.08333333333333333,0.7546477913856506,91.66666666666666,52.0,True,0.22359707951545726,UNRANKED,False
2015-07-01,2015-07-02,2015-07-06,BRK-B,XLF,137.89999389648438,136.8285653250558,1,SHORT,SHORT,0.0817989781498909,0.043478260869565216,0.9589132070541382,95.65217391304348,52.0,True,0.18813040852546709,UNRANKED,False
2015-07-02,2015-07-06,2015-07-07,BRK-B,XLF,136.1300048828125,135.12571934291296,1,SHORT,SHORT,0.09309510141611099,0.043478260869565216,0.978429913520813,95.65217391304348,52.0,True,0.3182789087295532,UNRANKED,False
2015-07-06,2015-07-07,2015-07-08,BRK-B,XLF,137.3000030517578,136.32357461111886,1,SHORT,SHORT,0.1325274109840393,0.09362549800796813,0.9860462546348572,90.63745019920319,52.0,True,0.23915559053421026,UNRANKED,False
2015-07-07,2015-07-08,2015-07-09,BRK-B,XLF,137.5500030517578,136.48500388009208,1,SHORT,SHORT,0.14482112228870392,0.09409888357256778,0.9734237790107727,90.59011164274322,52.0,True,0.3626279830932617,UNRANKED,False
2015-07-08,2015-07-09,2015-07-10,BRK-B,XLF,138.00999450683594,136.8535657610212,1,SHORT,SHORT,0.12157360464334488,0.09362549800796813,0.9516770839691162,90.63745019920319,52.0,True,0.20534670352935794,UNRANKED,False
2015-07-09,2015-07-10,2015-07-13,BRK-B,XLF,139.50999450683594,138.44999367850167,1,SHORT,SHORT,0.15562982857227325,0.09409888357256778,0.9715133905410767,90.59011164274322,52.0,True,0.31563824415206915,UNRANKED,False
2015-07-10,2015-07-13,2015-07-14,BRK-B,XLF,140.8000030517578,139.75643048967635,1,SHORT,SHORT,0.1110137552022934,0.08333333333333333,0.9333801865577698,91.66666666666666,52.0,True,0.3906539976596833,UNRANKED,False
2015-07-13,2015-07-14,2015-07-15,BRK-B,XLF,141.13999938964844,140.01856885637557,1,SHORT,SHORT,0.10547874122858047,0.08333333333333333,0.985288679599762,91.66666666666666,52.0,True,0.5440521538257599,UNRANKED,False
2015-07-14,2015-07-15,2015-07-16,BRK-B,XLF,141.3699951171875,140.24356406075614,1,SHORT,SHORT,0.08814356476068497,0.043478260869565216,0.9861034154891968,95.65217391304348,52.0,True,0.3451114296913147,UNRANKED,False
2015-07-15,2015-07-16,2015-07-17,BRK-B,XLF,143.14999389648438,142.00570569719588,1,SHORT,SHORT,0.18246881663799286,0.10382513661202186,0.9747201204299927,89.61748633879782,52.0,True,0.4568291306495666,UNRANKED,False
2015-07-16,2015-07-17,2015-07-20,BRK-B,XLF,143.72000122070312,142.5278560093471,1,SHORT,SHORT,0.11250762641429901,0.08333333333333333,0.9834316372871399,91.66666666666666,52.0,True,0.1774833500385284,UNRANKED,False
2015-07-17,2015-07-20,2015-07-21,BRK-B,XLF,143.9600067138672,142.78857639857702,1,SHORT,SHORT,0.07722324132919312,0.043478260869565216,0.9701322913169861,95.65217391304348,52.0,True,0.21347555518150324,UNRANKED,False
2015-07-20,2015-07-21,2015-07-22,BRK-B,XLF,144.22999572753906,143.24713788713728,1,SHORT,SHORT,0.09674250334501266,0.06153846153846154,0.982990026473999,93.84615384615384,52.0,True,0.023314446210861203,UNRANKED,False
2015-07-21,2015-07-22,2015-07-23,BRK-B,XLF,143.5500030517578,146.09821810041154,1,SHORT,SHORT,0.18135027587413788,0.10382513661202186,0.9658535122871399,89.61748633879782,52.0,True,0.06781417131423952,UNRANKED,False
2015-07-22,2015-07-23,2015-07-24,BRK-B,XLF,143.27000427246094,145.58071899414062,1,SHORT,SHORT,0.09613987803459167,0.043478260869565216,0.9332519769668579,95.65217391304348,52.0,True,0.0690722763538361,UNRANKED,False
2015-07-23,2015-07-24,2015-07-27,BRK-B,XLF,142.0,144.52678734915597,1,SHORT,SHORT,0.1376141905784607,0.09362549800796813,0.9414650797843933,90.63745019920319,52.0,True,0.1642042994499207,UNRANKED,False
2015-07-24,2015-07-27,2015-07-28,BRK-B,XLF,141.13999938964844,140.09857068743025,1,SHORT,SHORT,0.11695359647274017,0.08333333333333333,0.916420578956604,91.66666666666666,52.0,True,0.12716352939605713,UNRANKED,False
2015-07-27,2015-07-28,2015-07-29,BRK-B,XLF,141.58999633789062,140.62142508370536,1,SHORT,SHORT,0.17077292501926422,0.09409888357256778,0.9262212514877319,90.59011164274322,52.0,True,0.01537778973579422,UNRANKED,False
2015-07-28,2015-07-29,2015-07-30,BRK-B,XLF,143.25,142.21285792759485,1,SHORT,SHORT,0.15645606815814972,0.09409888357256778,0.9270983338356018,90.59011164274322,52.0,True,0.42173507809638977,UNRANKED,False
2015-07-29,2015-07-30,2015-07-31,BRK-B,XLF,142.80999755859375,141.8478557041713,1,SHORT,SHORT,0.1561821848154068,0.09409888357256778,0.9310293793678284,90.59011164274322,52.0,True,0.3119525909423828,UNRANKED,False
2015-07-30,2015-07-31,2015-08-03,BRK-B,XLF,143.30999755859375,145.46356582641602,1,SHORT,SHORT,0.2381342351436615,0.10747663551401869,0.9729804992675781,89.25233644859813,52.0,True,0.4247985333204269,UNRANKED,False
2015-07-31,2015-08-03,2015-08-04,BRK-B,XLF,143.11000061035156,142.35928780691964,1,SHORT,SHORT,0.19920986890792847,0.10382513661202186,0.9531620740890503,89.61748633879782,52.0,True,0.17025685310363767,UNRANKED,False
2015-08-03,2015-08-04,2015-08-05,BRK-B,XLF,142.22000122070312,141.45928846086775,1,SHORT,SHORT,0.13449659943580627,0.09362549800796813,0.9552925229072571,90.63745019920319,52.0,True,0.34482121467590326,UNRANKED,False
2015-08-04,2015-08-05,2015-08-06,BRK-B,XLF,143.32000732421875,142.6407241821289,1,SHORT,SHORT,0.14700576663017273,0.09409888357256778,0.970824122428894,90.59011164274322,52.0,True,0.3140909075736999,UNRANKED,False
2015-08-05,2015-08-06,2015-08-07,BRK-B,XLF,143.5,142.85571616036552,1,SHORT,SHORT,0.19101659953594208,0.10382513661202186,0.9764789938926697,89.61748633879782,52.0,True,0.35347259044647217,UNRANKED,False
2015-08-06,2015-08-07,2015-08-10,BRK-B,XLF,142.86000061035156,142.2078595842634,1,SHORT,SHORT,0.12960723042488098,0.09362549800796813,0.9699740409851074,90.63745019920319,52.0,True,0.37588620185852056,UNRANKED,False
2015-08-07,2015-08-10,2015-08-11,BRK-B,XLF,141.3699951171875,140.74856785365515,1,SHORT,SHORT,0.10395591706037521,0.08333333333333333,0.9411919116973877,91.66666666666666,52.0,True,0.2300453186035156,UNRANKED,False
2015-08-10,2015-08-11,2015-08-12,BRK-B,XLF,141.8300018310547,141.26428767613,1,SHORT,SHORT,0.10737752169370651,0.08333333333333333,0.9439083337783813,91.66666666666666,52.0,True,0.12766575813293454,UNRANKED,False
2015-08-11,2015-08-12,2015-08-13,BRK-B,XLF,141.91000366210938,141.30571855817522,1,SHORT,SHORT,0.14304275810718536,0.09409888357256778,0.9369154572486877,90.59011164274322,52.0,True,0.3311959207057953,UNRANKED,False
2015-08-12,2015-08-13,2015-08-14,BRK-B,XLF,141.30999755859375,140.71571350097656,1,SHORT,SHORT,0.19778530299663544,0.10382513661202186,0.9053586721420288,89.61748633879782,52.0,True,0.24643680453300484,UNRANKED,False
2015-08-13,2015-08-14,2015-08-17,BRK-B,XLF,142.0500030517578,141.4971476963588,1,SHORT,SHORT,0.2081419825553894,0.10504201680672269,0.9558616280555725,89.49579831932773,52.0,True,0.2565692067146302,UNRANKED,False
2015-08-14,2015-08-17,2015-08-18,BRK-B,XLF,142.0,143.39821188790458,1,SHORT,SHORT,0.17500406503677368,0.09409888357256778,0.9721713662147522,90.59011164274322,52.0,True,0.28396368026733393,UNRANKED,False
2015-08-17,2015-08-18,2015-08-19,BRK-B,XLF,142.2899932861328,143.28641945975167,1,SHORT,SHORT,0.1403016448020935,0.09362549800796813,0.9757857918739319,90.63745019920319,52.0,True,0.21697264909744263,UNRANKED,False
2015-08-18,2015-08-19,2015-08-20,BRK-B,XLF,141.0,142.1142839704241,1,SHORT,SHORT,0.1675318479537964,0.09409888357256778,0.9739235639572144,90.59011164274322,52.0,True,0.18612918257713312,UNRANKED,False
2015-08-19,2015-08-20,2015-08-21,BRK-B,XLF,139.1999969482422,140.46071079799108,1,SHORT,SHORT,0.18874701857566833,0.10382513661202186,0.9700900316238403,89.61748633879782,52.0,True,0.24731749296188363,UNRANKED,False
2015-08-20,2015-08-21,2015-08-24,BRK-B,XLF,137.22999572753906,138.84249550955636,1,SHORT,SHORT,0.12687264382839203,0.09362549800796813,0.9098495244979858,90.63745019920319,52.0,True,0.26783591508865356,UNRANKED,False
2015-08-21,2015-08-24,2015-08-25,BRK-B,XLF,127.55000305175781,126.63643210274833,1,SHORT,SHORT,0.10457229614257812,0.08333333333333333,0.9094334840774536,91.66666666666666,52.0,True,0.09123176336288458,UNRANKED,False
2015-08-24,2015-08-25,2015-08-26,BRK-B,XLF,134.47999572753906,137.53178078787667,1,SHORT,SHORT,0.11966537684202194,0.08333333333333333,0.9615241885185242,91.66666666666666,52.0,True,0.531405508518219,UNRANKED,False
2015-08-25,2015-08-26,2015-08-27,BRK-B,XLF,130.88999938964844,129.59714235578264,1,SHORT,SHORT,0.13079504668712616,0.09362549800796813,0.8908932209014893,90.63745019920319,52.0,True,0.641209304332733,UNRANKED,False
2015-08-26,2015-08-27,2015-08-28,BRK-B,XLF,134.39999389648438,132.7699933733259,1,SHORT,SHORT,0.1426832526922226,0.09409888357256778,0.9323691129684448,90.59011164274322,52.0,True,-0.08273732662200922,UNRANKED,False
2015-08-27,2015-08-28,2015-08-31,BRK-B,XLF,135.52999877929688,133.6557126726423,1,SHORT,SHORT,0.08602478355169296,0.043478260869565216,0.9895106554031372,95.65217391304348,52.0,True,-1.8175313919782639,UNRANKED,False
2015-08-28,2015-08-31,2015-09-01,BRK-B,XLF,135.08999633789062,139.83999470302038,1,SHORT,SHORT,0.09145670384168625,0.043478260869565216,0.9881227612495422,95.65217391304348,52.0,True,-1.9595538228750229,UNRANKED,False
2015-08-31,2015-09-01,2015-09-02,BRK-B,XLF,131.7899932861328,129.81284986223494,1,SHORT,SHORT,0.14603127539157867,0.09409888357256778,0.9831619262695312,90.59011164274322,52.0,True,0.8385348320007325,UNRANKED,False
2015-09-01,2015-09-02,2015-09-03,BRK-B,XLF,131.41000366210938,129.25928933279855,1,SHORT,SHORT,0.060327380895614624,0.0,0.9198533296585083,99.0,52.0,True,1.125037431716919,UNRANKED,False
2015-09-02,2015-09-03,2015-09-04,BRK-B,XLF,132.7100067138672,138.3475080217634,1,SHORT,SHORT,0.15587134659290314,0.09409888357256778,0.9640641212463379,90.59011164274322,52.0,True,0.8832415491342545,UNRANKED,False
2015-09-03,2015-09-04,2015-09-08,BRK-B,XLF,130.82000732421875,128.6042927333287,1,SHORT,SHORT,0.15999983251094818,0.09409888357256778,0.9784923195838928,90.59011164274322,52.0,True,1.1263402104377749,UNRANKED,False
2015-09-04,2015-09-08,2015-09-09,BRK-B,XLF,132.02000427246094,129.64286150251115,1,SHORT,SHORT,0.1336739957332611,0.09362549800796813,0.9744320511817932,90.63745019920319,52.0,True,0.8395688235759735,UNRANKED,False
2015-09-08,2015-09-09,2015-09-10,BRK-B,XLF,134.5,140.85356903076172,1,SHORT,SHORT,0.14127667248249054,0.09362549800796813,0.9301882386207581,90.63745019920319,52.0,True,1.11060106754303,UNRANKED,False
2015-09-09,2015-09-10,2015-09-11,BRK-B,XLF,130.22999572753906,127.58713967459542,1,SHORT,SHORT,0.15757939219474792,0.09409888357256778,0.9268734455108643,90.59011164274322,52.0,True,1.2133215069770813,UNRANKED,False
2015-09-10,2015-09-11,2015-09-14,BRK-B,XLF,130.8800048828125,128.38071986607142,1,SHORT,SHORT,0.10998472571372986,0.08333333333333333,0.9006028771400452,91.66666666666666,52.0,True,1.0273295640945435,UNRANKED,False
2015-09-11,2015-09-14,2015-09-15,BRK-B,XLF,131.14999389648438,128.89785221644811,1,SHORT,SHORT,0.1096360981464386,0.08333333333333333,0.888718843460083,91.66666666666666,52.0,True,1.120313048362732,UNRANKED,False
2015-09-14,2015-09-15,2015-09-16,BRK-B,XLF,131.0,129.04642922537667,1,SHORT,SHORT,0.1200978085398674,0.09362549800796813,0.9097887277603149,90.63745019920319,52.0,True,0.5763156712055206,UNRANKED,False
2015-09-15,2015-09-16,2015-09-17,BRK-B,XLF,132.25999450683594,130.33999579293388,1,SHORT,SHORT,0.10175128281116486,0.08333333333333333,0.9406332969665527,91.66666666666666,52.0,True,0.33919814229011536,UNRANKED,False
2015-09-16,2015-09-17,2015-09-18,BRK-B,XLF,132.2899932861328,136.27749088832311,1,SHORT,SHORT,0.12844450771808624,0.09362549800796813,0.9487766623497009,90.63745019920319,52.0,True,0.35174715518951416,UNRANKED,False
2015-09-17,2015-09-18,2015-09-21,BRK-B,XLF,130.07000732421875,128.65429360525948,1,SHORT,SHORT,0.10582756996154785,0.08333333333333333,0.9486444592475891,91.66666666666666,52.0,True,0.3018145859241486,UNRANKED,False
2015-09-18,2015-09-21,2015-09-22,BRK-B,XLF,130.0,128.4500002179827,1,SHORT,SHORT,0.1342182159423828,0.09362549800796813,0.8797722458839417,90.63745019920319,52.0,True,0.3286062479019165,UNRANKED,False
2015-09-21,2015-09-22,2015-09-23,BRK-B,XLF,129.55999755859375,127.9971422467913,1,SHORT,SHORT,0.16269852221012115,0.09409888357256778,0.9399887323379517,90.59011164274322,52.0,True,0.5280407965183258,UNRANKED,False
2015-09-22,2015-09-23,2015-09-24,BRK-B,XLF,129.30999755859375,127.8864277430943,1,SHORT,SHORT,0.16996264457702637,0.09409888357256778,0.9084937572479248,90.59011164274322,52.0,True,0.7861375510692596,UNRANKED,False
2015-09-23,2015-09-24,2015-09-25,BRK-B,XLF,128.25,126.94571576799665,1,SHORT,SHORT,0.19161872565746307,0.10382513661202186,0.9634621739387512,89.61748633879782,52.0,True,1.065642774105072,UNRANKED,False
2015-09-24,2015-09-25,2015-09-28,BRK-B,XLF,130.02999877929688,133.33713694981165,1,SHORT,SHORT,0.22183725237846375,0.10504201680672269,0.9391446113586426,89.49579831932773,52.0,True,0.8625997602939606,UNRANKED,False
2015-09-25,2015-09-28,2015-09-29,BRK-B,XLF,128.58999633789062,127.38856942313058,1,SHORT,SHORT,0.2430030107498169,0.10747663551401869,0.9703360795974731,89.25233644859813,52.0,True,0.5798096358776093,UNRANKED,False
2015-09-28,2015-09-29,2015-09-30,BRK-B,XLF,128.44000244140625,127.39857482910156,1,SHORT,SHORT,0.13597233593463898,0.09362549800796813,0.9321702718734741,90.63745019920319,52.0,True,0.040419012308120714,UNRANKED,False
2015-09-29,2015-09-30,2015-10-01,BRK-B,XLF,129.86000061035156,128.97000122070312,1,SHORT,SHORT,0.20086582005023956,0.10382513661202186,0.9459856152534485,89.61748633879782,52.0,True,0.6004546284675598,UNRANKED,False
2015-09-30,2015-10-01,2015-10-02,BRK-B,XLF,130.5500030517578,129.55143301827567,1,SHORT,SHORT,0.2916673421859741,0.12903225806451613,0.9625003337860107,87.09677419354838,52.0,True,0.5200069546699524,UNRANKED,False
2015-10-01,2015-10-02,2015-10-05,BRK-B,XLF,128.5,127.51500156947544,1,SHORT,SHORT,0.20420795679092407,0.10382513661202186,0.9849957823753357,89.61748633879782,52.0,True,0.5803121626377106,UNRANKED,False
2015-10-02,2015-10-05,2015-10-06,BRK-B,XLF,130.5,129.54500143868583,1,SHORT,SHORT,0.1600770354270935,0.09409888357256778,0.9760733842849731,90.59011164274322,52.0,True,0.5128700137138368,UNRANKED,False
2015-10-05,2015-10-06,2015-10-07,BRK-B,XLF,132.2899932861328,131.2499945504325,1,SHORT,SHORT,0.14660117030143738,0.09409888357256778,0.9721223711967468,90.59011164274322,52.0,True,0.6100180745124817,UNRANKED,False
2015-10-06,2015-10-07,2015-10-08,BRK-B,XLF,132.0500030517578,130.94786180768693,1,SHORT,SHORT,0.09554248303174973,0.043478260869565216,0.9740541577339172,95.65217391304348,52.0,True,0.2634197473526001,UNRANKED,False
2015-10-07,2015-10-08,2015-10-09,BRK-B,XLF,132.27999877929688,131.15071541922433,1,SHORT,SHORT,0.13237786293029785,0.09362549800796813,0.9515639543533325,90.63745019920319,52.0,True,0.17983314394950864,UNRANKED,False
2015-10-08,2015-10-09,2015-10-12,BRK-B,XLF,133.72000122070312,132.68357413155692,1,SHORT,SHORT,0.126888245344162,0.09362549800796813,0.9821792244911194,90.63745019920319,52.0,True,0.2971222102642058,UNRANKED,False
2015-10-09,2015-10-12,2015-10-13,BRK-B,XLF,133.39999389648438,135.78392083304269,1,SHORT,SHORT,0.12572568655014038,0.09362549800796813,0.9658917784690857,90.63745019920319,52.0,True,0.2787823379039765,UNRANKED,False
2015-10-12,2015-10-13,2015-10-14,BRK-B,XLF,133.0,135.14999880109514,1,SHORT,SHORT,0.1188436970114708,0.08333333333333333,0.9763085246086121,91.66666666666666,52.0,True,0.35966506600379955,UNRANKED,False
2015-10-13,2015-10-14,2015-10-15,BRK-B,XLF,132.0,131.0635724748884,1,SHORT,SHORT,0.14016759395599365,0.09362549800796813,0.9507420063018799,90.63745019920319,52.0,True,0.341946005821228,UNRANKED,False
2015-10-14,2015-10-15,2015-10-16,BRK-B,XLF,131.97999572753906,130.994996207101,1,SHORT,SHORT,0.15426750481128693,0.09409888357256778,0.9643771052360535,90.59011164274322,52.0,True,0.20899701118469233,UNRANKED,False
2015-10-15,2015-10-16,2015-10-19,BRK-B,XLF,134.72999572753906,133.61570957728796,1,SHORT,SHORT,0.14242462813854218,0.09362549800796813,0.9365916848182678,90.63745019920319,52.0,True,0.28793585300445557,UNRANKED,False
2015-10-16,2015-10-19,2015-10-20,BRK-B,XLF,133.5,132.4578574044364,1,SHORT,SHORT,0.15003511309623718,0.09409888357256778,0.957072913646698,90.59011164274322,52.0,True,0.27679732441902166,UNRANKED,False
2015-10-19,2015-10-20,2015-10-21,BRK-B,XLF,133.27000427246094,132.22786167689733,1,SHORT,SHORT,0.11464399844408035,0.08333333333333333,0.9540572762489319,91.66666666666666,52.0,True,0.2094841003417969,UNRANKED,False
2015-10-20,2015-10-21,2015-10-22,BRK-B,XLF,134.7100067138672,133.74286324637276,1,SHORT,SHORT,0.10190684348344803,0.08333333333333333,0.9466593861579895,91.66666666666666,52.0,True,0.12384378910064693,UNRANKED,False
2015-10-21,2015-10-22,2015-10-23,BRK-B,XLF,133.60000610351562,132.60286167689733,1,SHORT,SHORT,0.11991309374570847,0.08333333333333333,0.9044192433357239,91.66666666666666,52.0,True,0.35109236836433405,UNRANKED,False
2015-10-22,2015-10-23,2015-10-26,BRK-B,XLF,138.0,136.71571350097656,1,SHORT,SHORT,0.16334815323352814,0.09409888357256778,0.8931773900985718,90.59011164274322,52.0,True,0.2359538078308106,UNRANKED,False
2015-10-23,2015-10-26,2015-10-27,BRK-B,XLF,137.86000061035156,140.70286015101843,1,SHORT,SHORT,0.14588774740695953,0.09409888357256778,0.9132564067840576,90.59011164274322,52.0,True,0.2640804350376129,UNRANKED,False
2015-10-26,2015-10-27,2015-10-28,BRK-B,XLF,136.39999389648438,135.2921360560826,1,SHORT,SHORT,0.08932719379663467,0.043478260869565216,0.8991947174072266,95.65217391304348,52.0,True,0.13893738389015195,UNRANKED,False
2015-10-27,2015-10-28,2015-10-29,BRK-B,XLF,135.8000030517578,134.70071629115515,1,SHORT,SHORT,0.11180548369884491,0.08333333333333333,0.8521329164505005,91.66666666666666,52.0,True,0.6230618059635161,UNRANKED,False
2015-10-28,2015-10-29,2015-10-30,BRK-B,XLF,138.10000610351562,141.1089357648577,1,SHORT,SHORT,0.15151803195476532,0.09409888357256778,0.9103502631187439,90.59011164274322,52.0,True,0.35631230473518366,UNRANKED,False
2015-10-29,2015-10-30,2015-11-02,BRK-B,XLF,137.55999755859375,136.38856833321708,1,SHORT,SHORT,0.08634666353464127,0.043478260869565216,0.9140996932983398,95.65217391304348,52.0,True,0.13867640495300282,UNRANKED,False
2015-10-30,2015-11-02,2015-11-03,BRK-B,XLF,136.77000427246094,135.4914321899414,1,SHORT,SHORT,0.127616286277771,0.09362549800796813,0.8532310724258423,90.63745019920319,52.0,True,0.0256793797016144,UNRANKED,False
2015-11-02,2015-11-03,2015-11-04,BRK-B,XLF,138.3000030517578,136.93785967145647,1,SHORT,SHORT,0.12635283172130585,0.09362549800796813,0.9444497227668762,90.63745019920319,52.0,True,0.23989567160606384,UNRANKED,False
2015-11-03,2015-11-04,2015-11-05,BRK-B,XLF,138.0,141.30714089529855,1,SHORT,SHORT,0.08047081530094147,0.043478260869565216,0.963125467300415,95.65217391304348,52.0,True,0.3350847959518432,UNRANKED,False
2015-11-04,2015-11-05,2015-11-06,BRK-B,XLF,137.47999572753906,136.30785369873047,1,SHORT,SHORT,0.1175898015499115,0.08333333333333333,0.939963161945343,91.66666666666666,52.0,True,0.38557067513465887,UNRANKED,False
2015-11-05,2015-11-06,2015-11-09,BRK-B,XLF,136.44000244140625,139.52214159284318,1,SHORT,SHORT,0.1473837047815323,0.09409888357256778,0.9612616300582886,90.59011164274322,52.0,True,0.40640971064567566,UNRANKED,False
2015-11-06,2015-11-09,2015-11-10,BRK-B,XLF,136.0,139.09106826782227,1,SHORT,SHORT,0.178933784365654,0.10382513661202186,0.922319233417511,89.61748633879782,52.0,True,0.15665620565414431,UNRANKED,False
2015-11-09,2015-11-10,2015-11-11,BRK-B,XLF,134.0,132.6357160295759,1,SHORT,SHORT,0.21413752436637878,0.10504201680672269,0.9049922823905945,89.49579831932773,52.0,True,0.36754822731018066,UNRANKED,False
2015-11-10,2015-11-11,2015-11-12,BRK-B,XLF,134.94000244140625,138.31321116856165,1,SHORT,SHORT,0.20439723134040833,0.10484801433563012,0.9506577849388123,89.515198566437,52.0,True,0.31622353196144104,UNRANKED,False
2015-11-11,2015-11-12,2015-11-13,BRK-B,XLF,134.4600067138672,137.14750453404017,1,SHORT,SHORT,0.12763920426368713,0.09362549800796813,0.9673735499382019,90.63745019920319,52.0,True,0.3892183005809784,UNRANKED,False
2015-11-12,2015-11-13,2015-11-16,BRK-B,XLF,132.61000061035156,131.41428702218192,1,SHORT,SHORT,0.17829973995685577,0.10382513661202186,0.9412505030632019,89.61748633879782,52.0,True,0.2556737065315247,UNRANKED,False
2015-11-13,2015-11-16,2015-11-17,BRK-B,XLF,131.82000732421875,130.6214370727539,1,SHORT,SHORT,0.15037444233894348,0.09409888357256778,0.942278265953064,90.59011164274322,52.0,True,0.06410238146781931,UNRANKED,False
2015-11-16,2015-11-17,2015-11-18,BRK-B,XLF,133.85000610351562,132.65357862200057,1,SHORT,SHORT,0.1609237790107727,0.09409888357256778,0.9547700881958008,90.59011164274322,52.0,True,0.31040179729461675,UNRANKED,False
2015-11-17,2015-11-18,2015-11-19,BRK-B,XLF,133.47000122070312,132.43928745814733,1,SHORT,SHORT,0.20586688816547394,0.10504201680672269,0.9404882788658142,89.49579831932773,52.0,True,0.3705297112464906,UNRANKED,False
2015-11-18,2015-11-19,2015-11-20,BRK-B,XLF,136.19000244140625,134.95500292096818,1,SHORT,SHORT,0.1604790836572647,0.09409888357256778,0.9764690399169922,90.59011164274322,52.0,True,0.28037637472152716,UNRANKED,False
2015-11-19,2015-11-20,2015-11-23,BRK-B,XLF,137.33999633789062,140.1667823791504,1,SHORT,SHORT,0.09336281567811966,0.043478260869565216,0.973029375076294,95.65217391304348,52.0,True,0.3287414014339447,UNRANKED,False
2015-11-20,2015-11-23,2015-11-24,BRK-B,XLF,136.2899932861328,135.32927812848772,1,SHORT,SHORT,0.09963063150644302,0.06153846153846154,0.950838565826416,93.84615384615384,52.0,True,0.3511154651641845,UNRANKED,False
2015-11-23,2015-11-24,2015-11-25,BRK-B,XLF,135.08999633789062,134.11642347063338,1,SHORT,SHORT,0.11761061102151871,0.08333333333333333,0.8751120567321777,91.66666666666666,52.0,True,0.18888509273529056,UNRANKED,False
2015-11-24,2015-11-25,2015-11-27,BRK-B,XLF,135.47999572753906,134.51070840018136,1,SHORT,SHORT,0.19007740914821625,0.10382513661202186,0.9216685891151428,89.61748633879782,52.0,True,0.17196530103683474,UNRANKED,False
2015-11-25,2015-11-27,2015-11-30,BRK-B,XLF,135.3000030517578,137.64286477225167,1,SHORT,SHORT,0.1665666699409485,0.09409888357256778,0.9144869446754456,90.59011164274322,52.0,True,0.08251580595970143,UNRANKED,False
2015-11-27,2015-11-30,2015-12-01,BRK-B,XLF,134.82000732421875,133.86429159981864,1,SHORT,SHORT,0.16327008605003357,0.09409888357256778,0.9195679426193237,90.59011164274322,52.0,True,0.15063306689262393,UNRANKED,False
2015-11-30,2015-12-01,2015-12-02,BRK-B,XLF,134.86000061035156,134.03214154924666,1,SHORT,SHORT,0.21127712726593018,0.10504201680672269,0.9184237718582153,89.49579831932773,52.0,True,0.057030141353607046,UNRANKED,False
2015-12-01,2015-12-02,2015-12-03,BRK-B,XLF,136.5,138.85714776175362,1,SHORT,SHORT,0.20981453359127045,0.10504201680672269,0.9123472571372986,89.49579831932773,52.0,True,0.23967525362968448,UNRANKED,False
2015-12-02,2015-12-03,2015-12-04,BRK-B,XLF,135.3300018310547,134.32071576799666,1,SHORT,SHORT,0.1664734184741974,0.09409888357256778,0.9079457521438599,90.59011164274322,52.0,True,0.2551162838935852,UNRANKED,False
2015-12-03,2015-12-04,2015-12-07,BRK-B,XLF,133.08999633789062,132.04999651227678,1,SHORT,SHORT,0.1845492124557495,0.10382513661202186,0.8492595553398132,89.61748633879782,52.0,True,0.20976153016090396,UNRANKED,False
2015-12-04,2015-12-07,2015-12-08,BRK-B,XLF,136.1999969482422,139.33571079799108,1,SHORT,SHORT,0.16444143652915955,0.09409888357256778,0.7989044189453125,90.59011164274322,52.0,True,0.3216670453548431,UNRANKED,False
2015-12-07,2015-12-08,2015-12-09,BRK-B,XLF,134.89999389648438,137.95356369018555,1,SHORT,SHORT,0.12099820375442505,0.09362549800796813,0.8261671662330627,90.63745019920319,52.0,True,0.17190730571746823,UNRANKED,False
2015-12-08,2015-12-09,2015-12-10,BRK-B,XLF,133.17999267578125,136.59606225149972,1,SHORT,SHORT,0.17358380556106567,0.09409888357256778,0.8639484643936157,90.59011164274322,52.0,True,0.2756039798259735,UNRANKED,False
2015-12-09,2015-12-10,2015-12-11,BRK-B,XLF,131.72000122070312,134.87178312029158,1,SHORT,SHORT,0.16152547299861908,0.09409888357256778,0.8228735327720642,90.59011164274322,52.0,True,0.4500132501125336,UNRANKED,False
2015-12-10,2015-12-11,2015-12-14,BRK-B,XLF,130.30999755859375,129.07857077462333,1,SHORT,SHORT,0.13417647778987885,0.09362549800796813,0.8758369088172913,90.63745019920319,52.0,True,0.7386013269424438,UNRANKED,False
2015-12-11,2015-12-14,2015-12-15,BRK-B,XLF,130.5,129.16857256208147,1,SHORT,SHORT,0.18688538670539856,0.10382513661202186,0.9031651616096497,89.61748633879782,52.0,True,0.32679754495620716,UNRANKED,False
2015-12-14,2015-12-15,2015-12-16,BRK-B,XLF,133.25,131.84214346749442,1,SHORT,SHORT,0.22266839444637299,0.10504201680672269,0.9758501648902893,89.49579831932773,52.0,True,0.429249107837677,UNRANKED,False
2015-12-15,2015-12-16,2015-12-17,BRK-B,XLF,135.49000549316406,133.9100069318499,1,SHORT,SHORT,0.16113677620887756,0.09409888357256778,0.958177924156189,90.59011164274322,52.0,True,0.6263934671878815,UNRANKED,False
2015-12-16,2015-12-17,2015-12-18,BRK-B,XLF,135.7100067138672,139.76536233084542,1,SHORT,SHORT,0.10745473951101303,0.08333333333333333,0.9639180898666382,91.66666666666666,52.0,True,0.6750540733337403,UNRANKED,False
2015-12-17,2015-12-18,2015-12-21,BRK-B,XLF,133.0399932861328,137.34713527134485,1,SHORT,SHORT,0.10992121696472168,0.08333333333333333,0.9722299575805664,91.66666666666666,52.0,True,0.2151690423488617,UNRANKED,False
2015-12-18,2015-12-21,2015-12-22,BRK-B,XLF,131.16000366210938,129.15857587541853,1,SHORT,SHORT,0.22229839861392975,0.10504201680672269,0.9292574524879456,89.49579831932773,52.0,True,0.6687204241752626,UNRANKED,False
2015-12-21,2015-12-22,2015-12-23,BRK-B,XLF,131.5500030517578,129.5971461704799,1,SHORT,SHORT,0.286245197057724,0.12903225806451613,0.926374077796936,87.09677419354838,52.0,True,0.905558779835701,UNRANKED,False
2015-12-22,2015-12-23,2015-12-24,BRK-B,XLF,133.35000610351562,131.3407200404576,1,SHORT,SHORT,0.16497546434402466,0.09409888357256778,0.9693743586540222,90.59011164274322,52.0,True,0.5067340433597565,UNRANKED,False
2015-12-23,2015-12-24,2015-12-28,BRK-B,XLF,134.1199951171875,132.22499520438058,1,SHORT,SHORT,0.15485791862010956,0.09409888357256778,0.9654996991157532,90.59011164274322,52.0,True,0.7839215695858002,UNRANKED,False
2015-12-24,2015-12-28,2015-12-29,BRK-B,XLF,133.47999572753906,131.8392813546317,1,SHORT,SHORT,0.16203662753105164,0.09409888357256778,0.9706287980079651,90.59011164274322,52.0,True,0.8072188794612883,UNRANKED,False
2015-12-28,2015-12-29,2015-12-30,BRK-B,XLF,134.0,132.3671417236328,1,SHORT,SHORT,0.21913883090019226,0.10504201680672269,0.9534201622009277,89.49579831932773,52.0,True,0.7769819200038909,UNRANKED,False
2015-12-29,2015-12-30,2015-12-31,BRK-B,XLF,133.9199981689453,137.78428649902344,1,SHORT,SHORT,0.1954774409532547,0.10382513661202186,0.9475778341293335,89.61748633879782,52.0,True,0.7942002415657043,UNRANKED,False
2015-12-30,2015-12-31,2016-01-04,BRK-B,XLF,133.0,136.72679029192244,1,SHORT,SHORT,0.13110630214214325,0.09362549800796813,0.9648781418800354,90.63745019920319,52.0,True,0.6306785643100739,UNRANKED,False
2015-12-31,2016-01-04,2016-01-05,BRK-B,XLF,130.16000366210938,128.58214460100447,1,SHORT,SHORT,0.13677404820919037,0.09362549800796813,0.9697707295417786,90.63745019920319,52.0,True,0.38146388530731196,UNRANKED,False
2016-01-04,2016-01-05,2016-01-06,BRK-B,XLF,130.75,129.17999921526228,1,SHORT,SHORT,0.15313157439231873,0.09409888357256778,0.9113938808441162,90.59011164274322,52.0,True,0.20708397030830394,UNRANKED,False
2016-01-05,2016-01-06,2016-01-07,BRK-B,XLF,129.99000549316406,128.50643375941686,1,SHORT,SHORT,0.25465506315231323,0.10747663551401869,0.941551923751831,89.25233644859813,52.0,True,0.6954077482223511,UNRANKED,False
2016-01-06,2016-01-07,2016-01-08,BRK-B,XLF,129.25,127.96499960763114,1,SHORT,SHORT,0.167755126953125,0.09409888357256778,0.9518754482269287,90.59011164274322,52.0,True,0.621289312839508,UNRANKED,False
2016-01-07,2016-01-08,2016-01-11,BRK-B,XLF,130.11000061035156,133.47428839547294,1,SHORT,SHORT,0.17345476150512695,0.09409888357256778,0.9176340699195862,90.59011164274322,52.0,True,0.36626932024955755,UNRANKED,False
2016-01-08,2016-01-11,2016-01-12,BRK-B,XLF,128.9199981689453,127.62856946672711,1,SHORT,SHORT,0.19701026380062103,0.10382513661202186,0.9295215010643005,89.61748633879782,52.0,True,0.3703535497188569,UNRANKED,False
2016-01-11,2016-01-12,2016-01-13,BRK-B,XLF,129.11000061035156,131.55107171194894,1,SHORT,SHORT,0.19701097905635834,0.10382513661202186,0.9472100734710693,89.61748633879782,52.0,True,0.5245192050933839,UNRANKED,False
2016-01-12,2016-01-13,2016-01-14,BRK-B,XLF,128.97000122070312,131.19321496146065,1,SHORT,SHORT,0.1737891435623169,0.09409888357256778,0.9649301767349243,90.59011164274322,52.0,True,0.5381735563278198,UNRANKED,False
2016-01-13,2016-01-14,2016-01-15,BRK-B,XLF,126.41000366210938,125.47786058698382,1,SHORT,SHORT,0.14347900450229645,0.09409888357256778,0.9298415184020996,90.59011164274322,52.0,True,0.36387240886688227,UNRANKED,False
2016-01-14,2016-01-15,2016-01-19,BRK-B,XLF,125.33999633789062,124.34999520438058,1,SHORT,SHORT,0.23546470701694489,0.10747663551401869,0.9425732493400574,89.25233644859813,52.0,True,0.8463794887065887,UNRANKED,False
2016-01-15,2016-01-19,2016-01-20,BRK-B,XLF,126.86000061035156,129.63322012765067,1,SHORT,SHORT,0.2556825280189514,0.10747663551401869,0.9063217043876648,89.25233644859813,52.0,True,0.8844336271286012,UNRANKED,False
2016-01-19,2016-01-20,2016-01-21,BRK-B,XLF,125.5999984741211,124.42999649047852,1,SHORT,SHORT,0.36602783203125,0.12903225806451613,0.9363506436347961,87.09677419354838,52.0,True,1.0065642297267914,UNRANKED,False
2016-01-20,2016-01-21,2016-01-22,BRK-B,XLF,125.5199966430664,124.21356637137276,1,SHORT,SHORT,0.26373663544654846,0.10747663551401869,0.9000402092933655,89.25233644859813,52.0,True,0.8508222997188567,UNRANKED,False
2016-01-21,2016-01-22,2016-01-25,BRK-B,XLF,127.5,130.75000354221888,1,SHORT,SHORT,0.14988945424556732,0.09409888357256778,0.9672895669937134,90.59011164274322,52.0,True,0.6616623997688295,UNRANKED,False
2016-01-22,2016-01-25,2016-01-26,BRK-B,XLF,126.55000305175781,125.23571613856724,1,SHORT,SHORT,0.21905599534511566,0.10504201680672269,0.972727358341217,89.49579831932773,52.0,True,0.8907007426023485,UNRANKED,False
2016-01-25,2016-01-26,2016-01-27,BRK-B,XLF,124.56999969482422,123.13999775477818,1,SHORT,SHORT,0.24020758271217346,0.10747663551401869,0.9535449743270874,89.25233644859813,52.0,True,0.6662680804729462,UNRANKED,False
2016-01-26,2016-01-27,2016-01-28,BRK-B,XLF,125.26000213623047,123.74000004359654,1,SHORT,SHORT,0.19062766432762146,0.10382513661202186,0.9787752628326416,89.61748633879782,52.0,True,0.6070854067802429,UNRANKED,False
2016-01-27,2016-01-28,2016-01-29,BRK-B,XLF,126.0,124.43571254185268,1,SHORT,SHORT,0.2239222675561905,0.10504201680672269,0.9558070302009583,89.49579831932773,52.0,True,0.9307736754417418,UNRANKED,False
2016-01-28,2016-01-29,2016-02-01,BRK-B,XLF,126.66000366210938,125.16928809029716,1,SHORT,SHORT,0.14299923181533813,0.09409888357256778,0.9483884572982788,90.59011164274322,52.0,True,0.7921740710735321,UNRANKED,False
2016-01-29,2016-02-01,2016-02-02,BRK-B,XLF,128.94000244140625,133.13286427089147,1,SHORT,SHORT,0.11729746311903,0.08333333333333333,0.8971757888793945,91.66666666666666,52.0,True,0.3722441196441651,UNRANKED,False
2016-02-01,2016-02-02,2016-02-03,BRK-B,XLF,127.5199966430664,125.76570892333984,1,SHORT,SHORT,0.12009504437446594,0.09362549800796813,0.9599498510360718,90.63745019920319,52.0,True,-0.4232884347438812,UNRANKED,False
2016-02-02,2016-02-03,2016-02-04,BRK-B,XLF,126.33999633789062,124.40570831298828,1,SHORT,SHORT,0.18196351826190948,0.10382513661202186,0.9351726174354553,89.61748633879782,52.0,True,0.14753162860870367,UNRANKED,False
2016-02-03,2016-02-04,2016-02-05,BRK-B,XLF,126.08999633789062,124.2992798941476,1,SHORT,SHORT,0.17967525124549866,0.10382513661202186,0.9251284003257751,89.61748633879782,52.0,True,0.25796712934970845,UNRANKED,False
2016-02-04,2016-02-05,2016-02-08,BRK-B,XLF,127.27999877929688,125.53356824602399,1,SHORT,SHORT,0.11374956369400024,0.08333333333333333,0.9392699003219604,91.66666666666666,52.0,True,0.10014015436172483,UNRANKED,False
2016-02-05,2016-02-08,2016-02-09,BRK-B,XLF,125.69999694824219,124.028566632952,1,SHORT,SHORT,0.1305047869682312,0.09362549800796813,0.937736988067627,90.63745019920319,52.0,True,0.3326940834522248,UNRANKED,False
2016-02-08,2016-02-09,2016-02-10,BRK-B,XLF,125.1500015258789,123.57857131958008,1,SHORT,SHORT,0.13444583117961884,0.09362549800796813,0.9254773259162903,90.63745019920319,52.0,True,0.35221290588378906,UNRANKED,False
2016-02-09,2016-02-10,2016-02-11,BRK-B,XLF,128.44000244140625,132.0132211957659,1,SHORT,SHORT,0.1442585587501526,0.09409888357256778,0.9406726956367493,90.59011164274322,52.0,True,0.3105843067169189,UNRANKED,False
2016-02-10,2016-02-11,2016-02-12,BRK-B,XLF,124.11000061035156,122.65571321759906,1,SHORT,SHORT,0.11335939913988113,0.08333333333333333,0.9358521699905396,91.66666666666666,52.0,True,0.4205654561519623,UNRANKED,False
2016-02-11,2016-02-12,2016-02-16,BRK-B,XLF,126.76000213623047,125.30071422031948,1,SHORT,SHORT,0.15805025398731232,0.09409888357256778,0.9497655034065247,90.59011164274322,52.0,True,0.49048954248428367,UNRANKED,False
2016-02-12,2016-02-16,2016-02-17,BRK-B,XLF,129.44000244140625,127.97571400233677,1,SHORT,SHORT,0.1641548126935959,0.09409888357256778,0.9406358003616333,90.59011164274322,52.0,True,0.9038354456424712,UNRANKED,False
2016-02-16,2016-02-17,2016-02-18,BRK-B,XLF,129.1699981689453,127.79642486572266,1,SHORT,SHORT,0.1425410658121109,0.09409888357256778,0.9397997260093689,90.59011164274322,52.0,True,0.22684183716773984,UNRANKED,False
2016-02-17,2016-02-18,2016-02-19,BRK-B,XLF,130.60000610351562,129.15500422886439,1,SHORT,SHORT,0.12263569235801697,0.09362549800796813,0.9602502584457397,90.63745019920319,52.0,True,0.2630722522735596,UNRANKED,False
2016-02-18,2016-02-19,2016-02-22,BRK-B,XLF,130.35000610351562,128.92071805681502,1,SHORT,SHORT,0.1497119516134262,0.09409888357256778,0.9754852056503296,90.59011164274322,52.0,True,0.0587702691555024,UNRANKED,False
2016-02-19,2016-02-22,2016-02-23,BRK-B,XLF,132.19000244140625,135.12572261265345,1,SHORT,SHORT,0.11796615272760391,0.08333333333333333,0.9702713489532471,91.66666666666666,52.0,True,0.3169240057468415,UNRANKED,False
2016-02-22,2016-02-23,2016-02-24,BRK-B,XLF,131.1199951171875,129.95784977504186,1,SHORT,SHORT,0.11917462199926376,0.08333333333333333,0.9818003177642822,91.66666666666666,52.0,True,0.498345285654068,UNRANKED,False
2016-02-23,2016-02-24,2016-02-25,BRK-B,XLF,129.89999389648438,128.85999189104353,1,SHORT,SHORT,0.10643645375967026,0.08333333333333333,0.9723089337348938,91.66666666666666,52.0,True,0.3141337037086487,UNRANKED,False
2016-02-24,2016-02-25,2016-02-26,BRK-B,XLF,131.6199951171875,130.59785079956055,1,SHORT,SHORT,0.1210770308971405,0.09362549800796813,0.9634244441986084,90.63745019920319,52.0,True,0.23789212107658397,UNRANKED,False
2016-02-25,2016-02-26,2016-02-29,BRK-B,XLF,132.82000732421875,131.79214913504464,1,SHORT,SHORT,0.10783743113279343,0.08333333333333333,0.9477541446685791,91.66666666666666,52.0,True,0.33182632923126215,UNRANKED,False
2016-02-26,2016-02-29,2016-03-01,BRK-B,XLF,133.36000061035156,132.3671428135463,1,SHORT,SHORT,0.14498794078826904,0.09409888357256778,0.9363436102867126,90.59011164274322,52.0,True,0.30917510390281683,UNRANKED,False
2016-02-29,2016-03-01,2016-03-02,BRK-B,XLF,135.11000061035156,133.97214290073939,1,SHORT,SHORT,0.10906274616718292,0.08333333333333333,0.9402272701263428,91.66666666666666,52.0,True,0.24535971879959115,UNRANKED,False
2016-03-01,2016-03-02,2016-03-03,BRK-B,XLF,136.9499969482422,135.6814248221261,1,SHORT,SHORT,0.13153810799121857,0.09362549800796813,0.9686751961708069,90.63745019920319,52.0,True,0.6080987751483917,UNRANKED,False
2016-03-02,2016-03-03,2016-03-04,BRK-B,XLF,136.8000030517578,135.59785897391183,1,SHORT,SHORT,0.10639940202236176,0.08333333333333333,0.9877890944480896,91.66666666666666,52.0,True,0.3253864943981171,UNRANKED,False
2016-03-03,2016-03-04,2016-03-07,BRK-B,XLF,136.99000549316406,135.88643319266183,1,SHORT,SHORT,0.1147528812289238,0.08333333333333333,0.9861263632774353,91.66666666666666,52.0,True,0.4792334586381912,UNRANKED,False
2016-03-04,2016-03-07,2016-03-08,BRK-B,XLF,137.6999969482422,136.72856794084822,1,SHORT,SHORT,0.10799235850572586,0.08333333333333333,0.9717556834220886,91.66666666666666,52.0,True,0.3987132012844086,UNRANKED,False
2016-03-07,2016-03-08,2016-03-09,BRK-B,XLF,138.25,137.25999886648995,1,SHORT,SHORT,0.10056407004594803,0.06153846153846154,0.9508981108665466,93.84615384615384,52.0,True,0.2644911706447601,UNRANKED,False
2016-03-08,2016-03-09,2016-03-10,BRK-B,XLF,138.5500030517578,137.61571611676897,1,SHORT,SHORT,0.1045236885547638,0.08333333333333333,0.9656243920326233,91.66666666666666,52.0,True,0.18063968420028687,UNRANKED,False
2016-03-09,2016-03-10,2016-03-11,BRK-B,XLF,139.75,138.76357051304407,1,SHORT,SHORT,0.10529734194278717,0.08333333333333333,0.9745780229568481,91.66666666666666,52.0,True,0.19928780198097235,UNRANKED,False
2016-03-10,2016-03-11,2016-03-14,BRK-B,XLF,139.33999633789062,138.33070918491907,1,SHORT,SHORT,0.10596036911010742,0.08333333333333333,0.9514899849891663,91.66666666666666,52.0,True,0.10120803117752084,UNRANKED,False
2016-03-11,2016-03-14,2016-03-15,BRK-B,XLF,140.8000030517578,139.71285901750838,1,SHORT,SHORT,0.08705967664718628,0.043478260869565216,0.966798722743988,95.65217391304348,52.0,True,0.1309382021427154,UNRANKED,False
2016-03-14,2016-03-15,2016-03-16,BRK-B,XLF,139.1199951171875,138.0557087489537,1,SHORT,SHORT,0.08608145266771317,0.043478260869565216,0.949293851852417,95.65217391304348,52.0,True,0.15326526761054987,UNRANKED,False
2016-03-15,2016-03-16,2016-03-17,BRK-B,XLF,139.83999633789062,138.7478528703962,1,SHORT,SHORT,0.08228105306625366,0.043478260869565216,0.9669432640075684,95.65217391304348,52.0,True,-0.03977996110916125,UNRANKED,False
2016-03-16,2016-03-17,2016-03-18,BRK-B,XLF,140.0,138.95857129778182,1,SHORT,SHORT,0.08916034549474716,0.043478260869565216,0.9557061791419983,95.65217391304348,52.0,True,0.15298429131507868,UNRANKED,False
2016-03-17,2016-03-18,2016-03-21,BRK-B,XLF,142.8300018310547,141.63285936628068,1,SHORT,SHORT,0.08892232179641724,0.043478260869565216,0.9667330980300903,95.65217391304348,52.0,True,0.07006338238716124,UNRANKED,False
2016-03-18,2016-03-21,2016-03-22,BRK-B,XLF,142.16000366210938,141.10643332345145,1,SHORT,SHORT,0.09488970786333084,0.043478260869565216,0.966457188129425,95.65217391304348,52.0,True,0.006003916263580371,UNRANKED,False
2016-03-21,2016-03-22,2016-03-23,BRK-B,XLF,141.97999572753906,144.124634878976,1,SHORT,SHORT,0.10197136551141739,0.08333333333333333,0.9641656875610352,91.66666666666666,52.0,True,0.16579288244247442,UNRANKED,False
2016-03-22,2016-03-23,2016-03-24,BRK-B,XLF,142.1699981689453,144.28606251307897,1,SHORT,SHORT,0.09676863998174667,0.06153846153846154,0.9629302024841309,93.84615384615384,52.0,True,0.14538043737411488,UNRANKED,False
2016-03-23,2016-03-24,2016-03-28,BRK-B,XLF,140.22000122070312,139.29429081508093,1,SHORT,SHORT,0.09964318573474884,0.06153846153846154,0.9638761281967163,93.84615384615384,52.0,True,0.2855518460273742,UNRANKED,False
2016-03-24,2016-03-28,2016-03-29,BRK-B,XLF,140.9499969482422,140.04428645542689,1,SHORT,SHORT,0.12484961748123169,0.09362549800796813,0.9320318102836609,90.63745019920319,52.0,True,0.23316386342048637,UNRANKED,False
2016-03-28,2016-03-29,2016-03-30,BRK-B,XLF,141.2899932861328,140.35356903076172,1,SHORT,SHORT,0.16717471182346344,0.09409888357256778,0.940277099609375,90.59011164274322,52.0,True,0.12155655026435852,UNRANKED,False
2016-03-29,2016-03-30,2016-03-31,BRK-B,XLF,142.91000366210938,145.19570759364538,1,SHORT,SHORT,0.12269704043865204,0.09362549800796813,0.93097984790802,90.63745019920319,52.0,True,0.11685195565223701,UNRANKED,False
2016-03-30,2016-03-31,2016-04-01,BRK-B,XLF,142.55999755859375,141.70071520124162,1,SHORT,SHORT,0.11472844332456589,0.08333333333333333,0.9263200759887695,91.66666666666666,52.0,True,0.1369945704936982,UNRANKED,False
2016-03-31,2016-04-01,2016-04-04,BRK-B,XLF,141.2100067138672,140.3457249232701,1,SHORT,SHORT,0.1354878842830658,0.09362549800796813,0.9551064372062683,90.63745019920319,52.0,True,0.09063100814819336,UNRANKED,False
2016-04-01,2016-04-04,2016-04-05,BRK-B,XLF,143.99000549316406,146.12927954537528,1,SHORT,SHORT,0.13339926302433014,0.09362549800796813,0.96382737159729,90.63745019920319,52.0,True,0.10014525055885305,UNRANKED,False
2016-04-04,2016-04-05,2016-04-06,BRK-B,XLF,142.4199981689453,141.59000287737166,1,SHORT,SHORT,0.12602633237838745,0.09362549800796813,0.953299880027771,90.63745019920319,52.0,True,0.33196309208869934,UNRANKED,False
2016-04-05,2016-04-06,2016-04-07,BRK-B,XLF,141.30999755859375,140.38428715297155,1,SHORT,SHORT,0.16555698215961456,0.09409888357256778,0.8694121241569519,90.59011164274322,52.0,True,0.21003833413124087,UNRANKED,False
2016-04-06,2016-04-07,2016-04-08,BRK-B,XLF,140.92999267578125,140.009281703404,1,SHORT,SHORT,0.16059522330760956,0.09409888357256778,0.8920175433158875,90.59011164274322,52.0,True,0.3161931633949279,UNRANKED,False
2016-04-07,2016-04-08,2016-04-11,BRK-B,XLF,141.52999877929688,140.72928728376115,1,SHORT,SHORT,0.15570318698883057,0.09409888357256778,0.8828490972518921,90.59011164274322,52.0,True,0.32587042450904846,UNRANKED,False
2016-04-08,2016-04-11,2016-04-12,BRK-B,XLF,141.7899932861328,140.98856680733817,1,SHORT,SHORT,0.18765242397785187,0.10382513661202186,0.9523352384567261,89.61748633879782,52.0,True,0.2090388834476471,UNRANKED,False
2016-04-11,2016-04-12,2016-04-13,BRK-B,XLF,141.25,140.44571685791016,1,SHORT,SHORT,0.16626162827014923,0.09409888357256778,0.9305806159973145,90.59011164274322,52.0,True,0.26303291320800787,UNRANKED,False
2016-04-12,2016-04-13,2016-04-14,BRK-B,XLF,142.9499969482422,142.04857090541296,1,SHORT,SHORT,0.16865311563014984,0.09409888357256778,0.9694811105728149,90.59011164274322,52.0,True,0.14286574721336368,UNRANKED,False
2016-04-13,2016-04-14,2016-04-15,BRK-B,XLF,144.10000610351562,143.1685791015625,1,SHORT,SHORT,0.19573333859443665,0.10382513661202186,0.9665823578834534,89.61748633879782,52.0,True,0.2557838559150696,UNRANKED,False
2016-04-14,2016-04-15,2016-04-18,BRK-B,XLF,144.13999938964844,143.24643053327287,1,SHORT,SHORT,0.10950671881437302,0.08333333333333333,0.9816477298736572,91.66666666666666,52.0,True,0.022764861583709703,UNRANKED,False
2016-04-15,2016-04-18,2016-04-19,BRK-B,XLF,143.0,142.17143031529017,1,SHORT,SHORT,0.1216990128159523,0.09362549800796813,0.9630324840545654,90.63745019920319,52.0,True,0.15941593050956726,UNRANKED,False
2016-04-18,2016-04-19,2016-04-20,BRK-B,XLF,144.77999877929688,143.92857142857142,1,SHORT,SHORT,0.12849141657352448,0.09362549800796813,0.9620749950408936,90.63745019920319,52.0,True,0.14346656203269964,UNRANKED,False
2016-04-19,2016-04-20,2016-04-21,BRK-B,XLF,145.97999572753906,148.2889175415039,1,SHORT,SHORT,0.14378198981285095,0.09409888357256778,0.9586231112480164,90.59011164274322,52.0,True,0.11574003100395208,UNRANKED,False
2016-04-20,2016-04-21,2016-04-22,BRK-B,XLF,146.08999633789062,145.19785635811942,1,SHORT,SHORT,0.188130721449852,0.10382513661202186,0.9672284722328186,89.61748633879782,52.0,True,0.4328110814094543,UNRANKED,False
2016-04-21,2016-04-22,2016-04-25,BRK-B,XLF,145.32000732421875,144.47643824986048,1,SHORT,SHORT,0.1694815754890442,0.09409888357256778,0.9554125070571899,90.59011164274322,52.0,True,0.07961922883987431,UNRANKED,False
2016-04-22,2016-04-25,2016-04-26,BRK-B,XLF,145.64999389648438,144.75785282679968,1,SHORT,SHORT,0.13296444714069366,0.09362549800796813,0.9694514274597168,90.63745019920319,52.0,True,0.07685476541519154,UNRANKED,False
2016-04-25,2016-04-26,2016-04-27,BRK-B,XLF,146.58999633789062,145.83714185442244,1,SHORT,SHORT,0.12787944078445435,0.09362549800796813,0.9513538479804993,90.63745019920319,52.0,True,0.23738211393356323,UNRANKED,False
2016-04-26,2016-04-27,2016-04-28,BRK-B,XLF,146.89999389648438,148.8428464617048,1,SHORT,SHORT,0.12899786233901978,0.09362549800796813,0.9593833088874817,90.63745019920319,52.0,True,0.15502822399139407,UNRANKED,False
2016-04-27,2016-04-28,2016-04-29,BRK-B,XLF,146.63999938964844,148.52749524797713,1,SHORT,SHORT,0.13557329773902893,0.09362549800796813,0.9667102694511414,90.63745019920319,52.0,True,0.11970782279968262,UNRANKED,False
2016-04-28,2016-04-29,2016-05-02,BRK-B,XLF,145.39999389648438,144.5535670689174,1,SHORT,SHORT,0.17295660078525543,0.09409888357256778,0.9709382057189941,90.59011164274322,52.0,True,0.13270363211631778,UNRANKED,False
2016-04-29,2016-05-02,2016-05-03,BRK-B,XLF,145.77000427246094,147.9789319719587,1,SHORT,SHORT,0.16121411323547363,0.09409888357256778,0.9304004907608032,90.59011164274322,52.0,True,0.13380223512649533,UNRANKED,False
2016-05-02,2016-05-03,2016-05-04,BRK-B,XLF,145.91000366210938,148.1189340863909,1,SHORT,SHORT,0.16140906512737274,0.09409888357256778,0.9488850831985474,90.59011164274322,52.0,True,0.25440692901611334,UNRANKED,False
2016-05-03,2016-05-04,2016-05-05,BRK-B,XLF,144.16000366210938,143.2464316231864,1,SHORT,SHORT,0.13847428560256958,0.09362549800796813,0.8698938488960266,90.63745019920319,52.0,True,0.23689916729927066,UNRANKED,False
2016-05-04,2016-05-05,2016-05-06,BRK-B,XLF,144.22000122070312,143.28714316231864,1,SHORT,SHORT,0.18127714097499847,0.10382513661202186,0.8836119174957275,89.61748633879782,52.0,True,0.37421438097953796,UNRANKED,False
2016-05-05,2016-05-06,2016-05-09,BRK-B,XLF,143.82000732421875,142.88072095598494,1,SHORT,SHORT,0.13916538655757904,0.09362549800796813,0.9256986379623413,90.63745019920319,52.0,True,0.2055472731590271,UNRANKED,False
2016-05-06,2016-05-09,2016-05-10,BRK-B,XLF,144.5399932861328,143.6142796107701,1,SHORT,SHORT,0.10861612856388092,0.08333333333333333,0.9349161386489868,91.66666666666666,52.0,True,0.09727543592452999,UNRANKED,False
2016-05-09,2016-05-10,2016-05-11,BRK-B,XLF,143.30999755859375,142.37428392682756,1,SHORT,SHORT,0.19519594311714172,0.10382513661202186,0.9299821257591248,89.61748633879782,52.0,True,-0.04568502306938182,UNRANKED,False
2016-05-10,2016-05-11,2016-05-12,BRK-B,XLF,144.8800048828125,147.52821677071708,1,SHORT,SHORT,0.1275395005941391,0.09362549800796813,0.9745855927467346,90.63745019920319,52.0,True,-0.1381275951862335,UNRANKED,False
2016-05-11,2016-05-12,2016-05-13,BRK-B,XLF,143.4600067138672,146.2296485900879,1,SHORT,SHORT,0.10363404452800751,0.08333333333333333,0.9130297899246216,91.66666666666666,52.0,True,0.013154953718185532,UNRANKED,False
2016-05-12,2016-05-13,2016-05-16,BRK-B,XLF,143.2100067138672,145.83500616891044,1,SHORT,SHORT,0.11639432609081268,0.08333333333333333,0.9449554085731506,91.66666666666666,52.0,True,0.08414840698242193,UNRANKED,False
2016-05-13,2016-05-16,2016-05-17,BRK-B,XLF,141.39999389648438,140.21856471470423,1,SHORT,SHORT,0.21952654421329498,0.10504201680672269,0.865294337272644,89.49579831932773,52.0,True,0.06030145287513723,UNRANKED,False
2016-05-16,2016-05-17,2016-05-18,BRK-B,XLF,141.97000122070312,140.8164291381836,1,SHORT,SHORT,0.1214510127902031,0.09362549800796813,0.933303952217102,90.63745019920319,52.0,True,0.09934812784194949,UNRANKED,False
2016-05-17,2016-05-18,2016-05-19,BRK-B,XLF,140.17999267578125,138.95999145507812,1,SHORT,SHORT,0.11521846055984497,0.08333333333333333,0.8851255178451538,91.66666666666666,52.0,True,0.10699352622032177,UNRANKED,False
2016-05-18,2016-05-19,2016-05-20,BRK-B,XLF,141.07000732421875,139.87857709612166,1,SHORT,SHORT,0.10374051332473755,0.08333333333333333,0.9425160884857178,91.66666666666666,52.0,True,0.10637483000755318,UNRANKED,False
2016-05-19,2016-05-20,2016-05-23,BRK-B,XLF,141.47999572753906,140.28213718959265,1,SHORT,SHORT,0.09495312720537186,0.043478260869565216,0.9351389408111572,95.65217391304348,52.0,True,0.11860087513923646,UNRANKED,False
2016-05-20,2016-05-23,2016-05-24,BRK-B,XLF,141.85000610351562,140.67857578822546,1,SHORT,SHORT,0.09744717180728912,0.06153846153846154,0.9485675692558289,93.84615384615384,52.0,True,0.04148426651954641,UNRANKED,False
2016-05-23,2016-05-24,2016-05-25,BRK-B,XLF,141.9499969482422,140.9007088797433,1,SHORT,SHORT,0.07560952007770538,0.0,0.9707132577896118,99.0,52.0,True,0.14517784118652338,UNRANKED,False
2016-05-24,2016-05-25,2016-05-26,BRK-B,XLF,143.72000122070312,142.55356924874442,1,SHORT,SHORT,0.11712552607059479,0.08333333333333333,0.962035059928894,91.66666666666666,52.0,True,0.14589887857437137,UNRANKED,False
2016-05-25,2016-05-26,2016-05-27,BRK-B,XLF,144.0,142.83285413469588,1,SHORT,SHORT,0.09185928106307983,0.043478260869565216,0.9474842548370361,95.65217391304348,52.0,True,0.21410501003265378,UNRANKED,False
2016-05-26,2016-05-27,2016-05-31,BRK-B,XLF,143.49000549316406,146.459657396589,1,SHORT,SHORT,0.08482223749160767,0.043478260869565216,0.9672466516494751,95.65217391304348,52.0,True,-0.07960903644561772,UNRANKED,False
2016-05-27,2016-05-31,2016-06-01,BRK-B,XLF,143.88999938964844,146.60786764962333,1,SHORT,SHORT,0.13937829434871674,0.09362549800796813,0.9565343260765076,90.63745019920319,52.0,True,0.17229104042053225,UNRANKED,False
2016-05-31,2016-06-01,2016-06-02,BRK-B,XLF,140.97000122070312,139.81570979527064,1,SHORT,SHORT,0.2359810173511505,0.10747663551401869,0.852521538734436,89.25233644859813,52.0,True,0.22938084602355965,UNRANKED,False
2016-06-01,2016-06-02,2016-06-03,BRK-B,XLF,141.64999389648438,140.5285590035575,1,SHORT,SHORT,0.2740044891834259,0.12903225806451613,0.9652675986289978,87.09677419354838,52.0,True,0.3708825409412383,UNRANKED,False
2016-06-02,2016-06-03,2016-06-06,BRK-B,XLF,141.16000366210938,140.06142643519811,1,SHORT,SHORT,0.23545409739017487,0.10747663551401869,0.957840621471405,89.25233644859813,52.0,True,0.3988328874111175,UNRANKED,False
2016-06-03,2016-06-06,2016-06-07,BRK-B,XLF,141.6199951171875,140.58856092180525,1,SHORT,SHORT,0.14673741161823273,0.09409888357256778,0.9685055613517761,90.59011164274322,52.0,True,0.3387168049812317,UNRANKED,False
2016-06-06,2016-06-07,2016-06-08,BRK-B,XLF,142.16000366210938,141.11214120047433,1,SHORT,SHORT,0.1586928367614746,0.09409888357256778,0.9630944132804871,90.59011164274322,52.0,True,0.2939985990524292,UNRANKED,False
2016-06-07,2016-06-08,2016-06-09,BRK-B,XLF,141.57000732421875,140.60071672712053,1,SHORT,SHORT,0.18983227014541626,0.10382513661202186,0.9417408108711243,89.61748633879782,52.0,True,0.20643374323844896,UNRANKED,False
2016-06-08,2016-06-09,2016-06-10,BRK-B,XLF,142.0500030517578,141.08142743791853,1,SHORT,SHORT,0.137154683470726,0.09362549800796813,0.9640964269638062,90.63745019920319,52.0,True,0.1524512171745301,UNRANKED,False
2016-06-09,2016-06-10,2016-06-13,BRK-B,XLF,141.30999755859375,140.36856515066964,1,SHORT,SHORT,0.20002883672714233,0.10382513661202186,0.9588083028793335,89.61748633879782,52.0,True,0.20947185158729553,UNRANKED,False
2016-06-10,2016-06-13,2016-06-14,BRK-B,XLF,141.22999572753906,140.32927812848772,1,SHORT,SHORT,0.19977685809135437,0.10382513661202186,0.8827021718025208,89.61748633879782,52.0,True,0.28178790211677557,UNRANKED,False
2016-06-13,2016-06-14,2016-06-15,BRK-B,XLF,140.7899932861328,139.85570526123047,1,SHORT,SHORT,0.2559601664543152,0.10747663551401869,0.9623733162879944,89.25233644859813,52.0,True,0.20204785466194156,UNRANKED,False
2016-06-14,2016-06-15,2016-06-16,BRK-B,XLF,141.74000549316406,140.93928963797433,1,SHORT,SHORT,0.22157186269760132,0.10504201680672269,0.945006251335144,89.49579831932773,52.0,True,0.29392790794372564,UNRANKED,False
2016-06-15,2016-06-16,2016-06-17,BRK-B,XLF,140.08999633789062,139.25499398367745,1,SHORT,SHORT,0.2298625111579895,0.10747663551401869,0.9597347974777222,89.25233644859813,52.0,True,0.23977297544479367,UNRANKED,False
2016-06-16,2016-06-17,2016-06-20,BRK-B,XLF,141.97999572753906,141.10856410435267,1,SHORT,SHORT,0.21796345710754395,0.10504201680672269,0.9211969971656799,89.49579831932773,52.0,True,0.2517957687377929,UNRANKED,False
2016-06-17,2016-06-20,2016-06-21,BRK-B,XLF,141.9600067138672,141.02000318254744,1,SHORT,SHORT,0.2083815336227417,0.10504201680672269,0.8245854377746582,89.49579831932773,52.0,True,0.3092510700225831,UNRANKED,False
2016-06-20,2016-06-21,2016-06-22,BRK-B,XLF,142.05999755859375,141.2535661969866,1,SHORT,SHORT,0.22407011687755585,0.10504201680672269,0.7810194492340088,89.49579831932773,52.0,True,0.22189697623252866,UNRANKED,False
2016-06-21,2016-06-22,2016-06-23,BRK-B,XLF,143.6300048828125,142.7942886352539,1,SHORT,SHORT,0.17539635300636292,0.09409888357256778,0.7018325328826904,90.59011164274322,52.0,True,0.44611251354217535,UNRANKED,False
2016-06-22,2016-06-23,2016-06-24,BRK-B,XLF,144.97000122070312,147.11107907976424,1,SHORT,SHORT,0.1494433879852295,0.09409888357256778,0.6901605725288391,90.59011164274322,52.0,True,0.18790739774703982,UNRANKED,False
2016-06-23,2016-06-24,2016-06-27,BRK-B,XLF,140.74000549316406,143.07215336390905,1,SHORT,SHORT,0.18494389951229095,0.10382513661202186,0.7729425430297852,89.61748633879782,52.0,True,0.25058862566947937,UNRANKED,False
2016-06-24,2016-06-27,2016-06-28,BRK-B,XLF,138.7899932861328,137.45784977504186,1,SHORT,SHORT,0.12414297461509705,0.09362549800796813,0.6640549898147583,90.63745019920319,52.0,True,0.36016577482223516,UNRANKED,False
2016-06-27,2016-06-28,2016-06-29,BRK-B,XLF,139.7899932861328,138.4007066999163,1,SHORT,SHORT,0.11010297387838364,0.08333333333333333,0.7792170643806458,91.66666666666666,52.0,True,0.18587580323219302,UNRANKED,False
2016-06-28,2016-06-29,2016-06-30,BRK-B,XLF,141.3000030517578,139.8635733468192,1,SHORT,SHORT,0.14044976234436035,0.09362549800796813,0.8223615884780884,90.63745019920319,52.0,True,0.17860570549964896,UNRANKED,False
2016-06-29,2016-06-30,2016-07-01,BRK-B,XLF,142.2100067138672,140.66357748849052,1,SHORT,SHORT,0.11078879982233047,0.08333333333333333,0.8967982530593872,91.66666666666666,52.0,True,0.4987653195858002,UNRANKED,False
2016-06-30,2016-07-01,2016-07-05,BRK-B,XLF,144.58999633789062,148.8489259992327,1,SHORT,SHORT,0.11038386821746826,0.08333333333333333,0.8733760118484497,91.66666666666666,52.0,True,0.43981990218162537,UNRANKED,False
2016-07-01,2016-07-05,2016-07-06,BRK-B,XLF,143.19000244140625,141.485716683524,1,SHORT,SHORT,0.1647443175315857,0.09409888357256778,0.9787742495536804,90.59011164274322,52.0,True,0.33515402674675,UNRANKED,False
2016-07-05,2016-07-06,2016-07-07,BRK-B,XLF,141.89999389648438,140.0978502546038,1,SHORT,SHORT,0.14726833999156952,0.09409888357256778,0.9848648309707642,90.59011164274322,52.0,True,0.7280927300453187,UNRANKED,False
2016-07-06,2016-07-07,2016-07-08,BRK-B,XLF,142.3800048828125,140.6185760498047,1,SHORT,SHORT,0.11190499365329742,0.08333333333333333,0.9883090257644653,91.66666666666666,52.0,True,0.43558403849601746,UNRANKED,False
2016-07-07,2016-07-08,2016-07-11,BRK-B,XLF,143.35000610351562,141.65572139195032,1,SHORT,SHORT,0.10424397885799408,0.08333333333333333,0.9817712306976318,91.66666666666666,52.0,True,0.3388884663581848,UNRANKED,False
2016-07-08,2016-07-11,2016-07-12,BRK-B,XLF,143.75,142.02143096923828,1,SHORT,SHORT,0.11031009256839752,0.08333333333333333,0.9920573830604553,91.66666666666666,52.0,True,0.09439593553543088,UNRANKED,False
2016-07-11,2016-07-12,2016-07-13,BRK-B,XLF,144.52999877929688,142.84857286725725,1,SHORT,SHORT,0.09833231568336487,0.06153846153846154,0.9855136871337891,93.84615384615384,52.0,True,0.21614402532577512,UNRANKED,False
2016-07-12,2016-07-13,2016-07-14,BRK-B,XLF,144.8800048828125,143.27857862200057,1,SHORT,SHORT,0.11989011615514755,0.08333333333333333,0.963996946811676,91.66666666666666,52.0,True,0.2807658612728119,UNRANKED,False
2016-07-13,2016-07-14,2016-07-15,BRK-B,XLF,146.25,144.58786010742188,1,SHORT,SHORT,0.1345415562391281,0.09362549800796813,0.9655703902244568,90.63745019920319,52.0,True,0.31796121597290045,UNRANKED,False
2016-07-14,2016-07-15,2016-07-18,BRK-B,XLF,146.25,144.7192884172712,1,SHORT,SHORT,0.12321191281080246,0.09362549800796813,0.9748035669326782,90.63745019920319,52.0,True,0.28096213936805736,UNRANKED,False
2016-07-15,2016-07-18,2016-07-19,BRK-B,XLF,146.0,144.9000015258789,1,SHORT,SHORT,0.111970454454422,0.08333333333333333,0.9450319409370422,91.66666666666666,52.0,True,0.21223455667495725,UNRANKED,False
2016-07-18,2016-07-19,2016-07-20,BRK-B,XLF,146.05999755859375,145.00357055664062,1,SHORT,SHORT,0.11692248284816742,0.08333333333333333,0.9562031626701355,91.66666666666666,52.0,True,0.3385633826255799,UNRANKED,False
2016-07-19,2016-07-20,2016-07-21,BRK-B,XLF,146.80999755859375,149.19570650373186,1,SHORT,SHORT,0.10821867734193802,0.08333333333333333,0.9642341732978821,91.66666666666666,52.0,True,0.3082182705402375,UNRANKED,False
2016-07-20,2016-07-21,2016-07-22,BRK-B,XLF,146.00999450683594,148.2010612487793,1,SHORT,SHORT,0.11325716227293015,0.08333333333333333,0.9565456509590149,91.66666666666666,52.0,True,0.2803392112255097,UNRANKED,False
2016-07-21,2016-07-22,2016-07-25,BRK-B,XLF,144.72000122070312,143.90428924560547,1,SHORT,SHORT,0.12241866439580917,0.09362549800796813,0.9493591785430908,90.63745019920319,52.0,True,0.15999010205268857,UNRANKED,False
2016-07-22,2016-07-25,2016-07-26,BRK-B,XLF,144.8699951171875,144.09571075439453,1,SHORT,SHORT,0.13156409561634064,0.09362549800796813,0.8860618472099304,90.63745019920319,52.0,True,0.07295709848403929,UNRANKED,False
2016-07-25,2016-07-26,2016-07-27,BRK-B,XLF,144.33999633789062,143.65642656598772,1,SHORT,SHORT,0.1373799592256546,0.09362549800796813,0.93512362241745,90.63745019920319,52.0,True,0.2129168510437012,UNRANKED,False
2016-07-26,2016-07-27,2016-07-28,BRK-B,XLF,144.27000427246094,143.59214891706193,1,SHORT,SHORT,0.20927822589874268,0.10504201680672269,0.9525551199913025,89.49579831932773,52.0,True,0.17334589362144465,UNRANKED,False
2016-07-27,2016-07-28,2016-07-29,BRK-B,XLF,143.9199981689453,143.27428545270647,1,SHORT,SHORT,0.13180379569530487,0.09362549800796813,0.9411235451698303,90.63745019920319,52.0,True,0.19035458564758298,UNRANKED,False
2016-07-28,2016-07-29,2016-08-01,BRK-B,XLF,144.08999633789062,143.55214037214006,1,SHORT,SHORT,0.12360507994890213,0.09362549800796813,0.9600811004638672,90.63745019920319,52.0,True,0.0669474005699158,UNRANKED,False
2016-07-29,2016-08-01,2016-08-02,BRK-B,XLF,144.6199951171875,145.94141987391882,1,SHORT,SHORT,0.114081472158432,0.08333333333333333,0.9703613519668579,91.66666666666666,52.0,True,0.04731574654579167,UNRANKED,False
2016-08-01,2016-08-02,2016-08-03,BRK-B,XLF,143.9499969482422,143.44999803815568,1,SHORT,SHORT,0.12034768611192703,0.09362549800796813,0.9634750485420227,90.63745019920319,52.0,True,0.16493205726146698,UNRANKED,False
2016-08-02,2016-08-03,2016-08-04,BRK-B,XLF,143.35000610351562,142.89572143554688,1,SHORT,SHORT,0.1273690015077591,0.09362549800796813,0.9618406891822815,90.63745019920319,52.0,True,0.1565946936607362,UNRANKED,False
2016-08-03,2016-08-04,2016-08-05,BRK-B,XLF,143.8000030517578,143.33714621407645,1,SHORT,SHORT,0.1617920845746994,0.09409888357256778,0.9702181220054626,90.59011164274322,52.0,True,0.39450013637542736,UNRANKED,False
2016-08-04,2016-08-05,2016-08-08,BRK-B,XLF,144.0,143.51785714285714,1,SHORT,SHORT,0.1456897109746933,0.09409888357256778,0.964432418346405,90.59011164274322,52.0,True,0.5683322995901108,UNRANKED,False
2016-08-05,2016-08-08,2016-08-09,BRK-B,XLF,145.2899932861328,144.6699938092913,1,SHORT,SHORT,0.1865478754043579,0.10382513661202186,0.9788708686828613,89.61748633879782,52.0,True,0.2926780283451081,UNRANKED,False
2016-08-08,2016-08-09,2016-08-10,BRK-B,XLF,145.9600067138672,145.35857827322823,1,SHORT,SHORT,0.16056649386882782,0.09409888357256778,0.9623671770095825,90.59011164274322,52.0,True,0.31719222664833074,UNRANKED,False
2016-08-09,2016-08-10,2016-08-11,BRK-B,XLF,147.0,146.33357129778182,1,SHORT,SHORT,0.19720914959907532,0.10382513661202186,0.9534081220626831,89.61748633879782,52.0,True,0.19743829965591428,UNRANKED,False
2016-08-10,2016-08-11,2016-08-12,BRK-B,XLF,146.4600067138672,145.8857203892299,1,SHORT,SHORT,0.20997998118400574,0.10504201680672269,0.9566437602043152,89.49579831932773,52.0,True,0.35750603675842285,UNRANKED,False
2016-08-11,2016-08-12,2016-08-15,BRK-B,XLF,147.1199951171875,146.48856571742468,1,SHORT,SHORT,0.24443109333515167,0.10747663551401869,0.9684735536575317,89.25233644859813,52.0,True,0.3269482851028443,UNRANKED,False
2016-08-12,2016-08-15,2016-08-16,BRK-B,XLF,147.72000122070312,147.120000566755,1,SHORT,SHORT,0.17704850435256958,0.10382513661202186,0.9694510698318481,89.61748633879782,52.0,True,0.3115454912185669,UNRANKED,False
2016-08-15,2016-08-16,2016-08-17,BRK-B,XLF,147.6199951171875,147.02999441964286,1,SHORT,SHORT,0.1630941480398178,0.09409888357256778,0.9694731831550598,90.59011164274322,52.0,True,0.1865979433059692,UNRANKED,False
2016-08-16,2016-08-17,2016-08-18,BRK-B,XLF,147.4199981689453,146.80214037214006,1,SHORT,SHORT,0.12811724841594696,0.09362549800796813,0.9670732617378235,90.63745019920319,52.0,True,0.2868941128253936,UNRANKED,False
2016-08-17,2016-08-18,2016-08-19,BRK-B,XLF,149.19000244140625,148.45714460100447,1,SHORT,SHORT,0.14390595257282257,0.09409888357256778,0.967333197593689,90.59011164274322,52.0,True,0.22581672668457028,UNRANKED,False
2016-08-18,2016-08-19,2016-08-22,BRK-B,XLF,148.39999389648438,147.65856388637,1,SHORT,SHORT,0.16752971708774567,0.09409888357256778,0.9819411039352417,90.59011164274322,52.0,True,0.23361602425575248,UNRANKED,False
2016-08-19,2016-08-22,2016-08-23,BRK-B,XLF,148.50999450683594,147.78856549944197,1,SHORT,SHORT,0.18659231066703796,0.10382513661202186,0.9639669060707092,89.61748633879782,52.0,True,0.2924011647701263,UNRANKED,False
2016-08-22,2016-08-23,2016-08-24,BRK-B,XLF,148.5800018310547,147.88142939976282,1,SHORT,SHORT,0.32380735874176025,0.12903225806451613,0.9730890989303589,87.09677419354838,52.0,True,0.42573830485343933,UNRANKED,False
2016-08-23,2016-08-24,2016-08-25,BRK-B,XLF,148.5,147.80142756870814,1,SHORT,SHORT,0.18493828177452087,0.10382513661202186,0.9557817578315735,89.61748633879782,52.0,True,0.3239360451698303,UNRANKED,False
2016-08-24,2016-08-25,2016-08-26,BRK-B,XLF,148.24000549316406,147.5521480015346,1,SHORT,SHORT,0.17489781975746155,0.09409888357256778,0.9638689160346985,90.59011164274322,52.0,True,0.36546245217323303,UNRANKED,False
2016-08-25,2016-08-26,2016-08-29,BRK-B,XLF,148.64999389648438,148.12642233712333,1,SHORT,SHORT,0.15763388574123383,0.09409888357256778,0.9603111743927002,90.59011164274322,52.0,True,0.27033412456512446,UNRANKED,False
2016-08-26,2016-08-29,2016-08-30,BRK-B,XLF,148.22999572753906,147.66070992606026,1,SHORT,SHORT,0.20017945766448975,0.10382513661202186,0.9525606036186218,89.61748633879782,52.0,True,0.3377887606620788,UNRANKED,False
2016-08-29,2016-08-30,2016-08-31,BRK-B,XLF,149.25,148.7000002179827,1,SHORT,SHORT,0.20108234882354736,0.10382513661202186,0.9345026612281799,89.61748633879782,52.0,True,0.29736229777336126,UNRANKED,False
2016-08-30,2016-08-31,2016-09-01,BRK-B,XLF,150.0,149.42142922537667,1,SHORT,SHORT,0.1996593326330185,0.10382513661202186,0.9276936054229736,89.61748633879782,52.0,True,0.25533151626586914,UNRANKED,False
2016-08-31,2016-09-01,2016-09-02,BRK-B,XLF,150.6999969482422,150.17785426548548,1,SHORT,SHORT,0.23571361601352692,0.10747663551401869,0.9286602735519409,89.25233644859813,52.0,True,0.21428754925727844,UNRANKED,False
2016-09-01,2016-09-02,2016-09-06,BRK-B,XLF,150.69000244140625,150.15928867885046,1,SHORT,SHORT,0.1784009337425232,0.10382513661202186,0.9729754328727722,89.61748633879782,52.0,True,0.3815390169620514,UNRANKED,False
2016-09-02,2016-09-06,2016-09-07,BRK-B,XLF,150.5399932861328,151.92213439941406,1,SHORT,SHORT,0.1376894861459732,0.09362549800796813,0.981752872467041,90.63745019920319,52.0,True,0.25083431601524353,UNRANKED,False
2016-09-06,2016-09-07,2016-09-08,BRK-B,XLF,150.0,149.46499960763114,1,SHORT,SHORT,0.2181370109319687,0.10504201680672269,0.9698502421379089,89.49579831932773,52.0,True,0.239395797252655,UNRANKED,False
2016-09-07,2016-09-08,2016-09-09,BRK-B,XLF,149.60000610351562,150.7607203892299,1,SHORT,SHORT,0.21314097940921783,0.10504201680672269,0.9758539199829102,89.49579831932773,52.0,True,0.34975999593734747,UNRANKED,False
2016-09-08,2016-09-09,2016-09-12,BRK-B,XLF,149.10000610351562,148.6407209123884,1,SHORT,SHORT,0.17959973216056824,0.10382513661202186,0.9793382287025452,89.61748633879782,52.0,True,0.4567220211029052,UNRANKED,False
2016-09-09,2016-09-12,2016-09-13,BRK-B,XLF,146.3699951171875,145.6892809186663,1,SHORT,SHORT,0.15611186623573303,0.09409888357256778,0.9483990669250488,90.59011164274322,52.0,True,0.42302885651588445,UNRANKED,False
2016-09-12,2016-09-13,2016-09-14,BRK-B,XLF,147.9499969482422,150.01785441807337,1,SHORT,SHORT,0.22189339995384216,0.10504201680672269,0.9591596722602844,89.49579831932773,52.0,True,0.5546532869338989,UNRANKED,False
2016-09-13,2016-09-14,2016-09-15,BRK-B,XLF,146.02000427246094,145.02000427246094,1,SHORT,SHORT,0.14973774552345276,0.09409888357256778,0.817798376083374,90.59011164274322,52.0,True,0.283248633146286,UNRANKED,False
2016-09-14,2016-09-15,2016-09-16,BRK-B,XLF,146.0,144.99357169015067,1,SHORT,SHORT,0.08412085473537445,0.043478260869565216,0.9113739728927612,95.65217391304348,52.0,True,0.1355942487716676,UNRANKED,False
2016-09-15,2016-09-16,2016-09-19,BRK-B,XLF,146.11000061035156,145.05714307512557,1,SHORT,SHORT,0.1027885302901268,0.08333333333333333,0.9510828852653503,91.66666666666666,52.0,True,-0.045208394527435164,UNRANKED,False
2016-09-16,2016-09-19,2016-09-20,BRK-B,XLF,145.33999633789062,144.22142355782645,1,SHORT,SHORT,0.13250961899757385,0.09362549800796813,0.9764195680618286,90.63745019920319,52.0,True,0.26828649640083313,UNRANKED,False
2016-09-19,2016-09-20,2016-09-21,BRK-B,XLF,145.97999572753906,144.94427926199776,1,SHORT,SHORT,0.1527480036020279,0.09409888357256778,0.98747718334198,90.59011164274322,52.0,True,0.33519321680068986,UNRANKED,False
2016-09-20,2016-09-21,2016-09-22,BRK-B,XLF,145.64999389648438,144.65784781319755,1,SHORT,SHORT,0.10451866686344147,0.08333333333333333,0.9847511053085327,91.66666666666666,52.0,True,0.2936019599437715,UNRANKED,False
2016-09-21,2016-09-22,2016-09-23,BRK-B,XLF,146.75,149.4589364188058,1,SHORT,SHORT,0.13775084912776947,0.09362549800796813,0.9892761707305908,90.63745019920319,52.0,True,0.36650553345680237,UNRANKED,False
2016-09-22,2016-09-23,2016-09-26,BRK-B,XLF,146.3000030517578,148.9964381626674,1,SHORT,SHORT,0.15249955654144287,0.09409888357256778,0.9915443658828735,90.59011164274322,52.0,True,0.36361169815063477,UNRANKED,False
2016-09-23,2016-09-26,2016-09-27,BRK-B,XLF,144.52000427246094,143.35857282366072,1,SHORT,SHORT,0.19097855687141418,0.10382513661202186,0.9887927174568176,89.61748633879782,52.0,True,0.4460982084274293,UNRANKED,False
2016-09-26,2016-09-27,2016-09-28,BRK-B,XLF,144.27999877929688,143.0807102748326,1,SHORT,SHORT,0.16969729959964752,0.09409888357256778,0.9801456332206726,90.59011164274322,52.0,True,0.4082905054092408,UNRANKED,False
2016-09-27,2016-09-28,2016-09-29,BRK-B,XLF,145.27999877929688,148.3335794721331,1,SHORT,SHORT,0.11499004065990448,0.08333333333333333,0.9784556031227112,91.66666666666666,52.0,True,0.37342944741249084,UNRANKED,False
2016-09-28,2016-09-29,2016-09-30,BRK-B,XLF,145.17999267578125,143.96856035505022,1,SHORT,SHORT,0.1768026351928711,0.10382513661202186,0.964593231678009,89.61748633879782,52.0,True,0.2834550738334656,UNRANKED,False
2016-09-29,2016-09-30,2016-10-03,BRK-B,XLF,144.27000427246094,143.16357203892298,1,SHORT,SHORT,0.14383628964424133,0.09409888357256778,0.9421463012695312,90.59011164274322,52.0,True,0.1574853360652923,UNRANKED,False
2016-09-30,2016-10-03,2016-10-04,BRK-B,XLF,144.27000427246094,146.77358463832311,1,SHORT,SHORT,0.13630695641040802,0.09362549800796813,0.928405225276947,90.63745019920319,52.0,True,0.29526621103286743,UNRANKED,False
2016-10-03,2016-10-04,2016-10-05,BRK-B,XLF,143.74000549316406,142.8835732596261,1,SHORT,SHORT,0.1575039178133011,0.09409888357256778,0.9652486443519592,90.59011164274322,52.0,True,0.5127880722284317,UNRANKED,False
2016-10-04,2016-10-05,2016-10-06,BRK-B,XLF,143.64999389648438,142.78356170654297,1,SHORT,SHORT,0.11742493510246277,0.08333333333333333,0.9494274258613586,91.66666666666666,52.0,True,0.406714528799057,UNRANKED,False
2016-10-05,2016-10-06,2016-10-07,BRK-B,XLF,144.0,143.12642560686385,1,SHORT,SHORT,0.1468692421913147,0.09409888357256778,0.9555520415306091,90.59011164274322,52.0,True,0.4359535872936249,UNRANKED,False
2016-10-06,2016-10-07,2016-10-10,BRK-B,XLF,143.92999267578125,143.15427616664343,1,SHORT,SHORT,0.13274268805980682,0.09362549800796813,0.9572275280952454,90.63745019920319,52.0,True,0.35757344961166393,UNRANKED,False
2016-10-07,2016-10-10,2016-10-11,BRK-B,XLF,145.0500030517578,147.06429399762834,1,SHORT,SHORT,0.1529114693403244,0.09409888357256778,0.9040018320083618,90.59011164274322,52.0,True,0.19915145635604864,UNRANKED,False
2016-10-10,2016-10-11,2016-10-12,BRK-B,XLF,145.1300048828125,144.29857526506697,1,SHORT,SHORT,0.17777417600154877,0.10382513661202186,0.9528066515922546,89.61748633879782,52.0,True,0.2224420011043549,UNRANKED,False
2016-10-11,2016-10-12,2016-10-13,BRK-B,XLF,143.86000061035156,143.04928588867188,1,SHORT,SHORT,0.1421876847743988,0.09362549800796813,0.8642393350601196,90.63745019920319,52.0,True,0.3403471410274505,UNRANKED,False
2016-10-12,2016-10-13,2016-10-14,BRK-B,XLF,143.7899932861328,142.91570608956474,1,SHORT,SHORT,0.1314219832420349,0.09362549800796813,0.8576441407203674,90.63745019920319,52.0,True,0.265835851430893,UNRANKED,False
2016-10-13,2016-10-14,2016-10-17,BRK-B,XLF,143.91000366210938,143.0242876325335,1,SHORT,SHORT,0.20638030767440796,0.10504201680672269,0.8805338144302368,89.49579831932773,52.0,True,-0.04959163069725037,UNRANKED,False
2016-10-14,2016-10-17,2016-10-18,BRK-B,XLF,144.5,143.60428510393416,1,SHORT,SHORT,0.2366013526916504,0.10747663551401869,0.91780686378479,89.25233644859813,52.0,True,0.25843653082847595,UNRANKED,False
2016-10-17,2016-10-18,2016-10-19,BRK-B,XLF,144.64999389648438,143.80999428885323,1,SHORT,SHORT,0.2188054919242859,0.10504201680672269,0.9099844694137573,89.49579831932773,52.0,True,0.290945589542389,UNRANKED,False
2016-10-18,2016-10-19,2016-10-20,BRK-B,XLF,144.8699951171875,143.99856676374162,1,SHORT,SHORT,0.1470026671886444,0.09409888357256778,0.922136127948761,90.59011164274322,52.0,True,0.1852084994316101,UNRANKED,False
2016-10-19,2016-10-20,2016-10-21,BRK-B,XLF,144.6199951171875,146.59677941458565,1,SHORT,SHORT,0.13030940294265747,0.09362549800796813,0.9366943836212158,90.63745019920319,52.0,True,0.11188668012619024,UNRANKED,False
2016-10-20,2016-10-21,2016-10-24,BRK-B,XLF,143.5399932861328,142.78570883614677,1,SHORT,SHORT,0.14625754952430725,0.09409888357256778,0.9586083292961121,90.59011164274322,52.0,True,0.07615357637405394,UNRANKED,False
2016-10-21,2016-10-24,2016-10-25,BRK-B,XLF,144.08999633789062,143.32285526820593,1,SHORT,SHORT,0.12329883873462677,0.09362549800796813,0.9573847651481628,90.63745019920319,52.0,True,0.07931244373321542,UNRANKED,False
2016-10-24,2016-10-25,2016-10-26,BRK-B,XLF,143.6999969482422,142.9585702078683,1,SHORT,SHORT,0.19057469069957733,0.10382513661202186,0.9590311646461487,89.61748633879782,52.0,True,0.22312629222869867,UNRANKED,False
2016-10-25,2016-10-26,2016-10-27,BRK-B,XLF,143.3800048828125,142.67929186139787,1,SHORT,SHORT,0.1197696253657341,0.08333333333333333,0.9376952052116394,91.66666666666666,52.0,True,0.14442522823810583,UNRANKED,False
2016-10-26,2016-10-27,2016-10-28,BRK-B,XLF,144.19000244140625,143.4721461704799,1,SHORT,SHORT,0.12740054726600647,0.09362549800796813,0.96006178855896,90.63745019920319,52.0,True,0.12710812687873838,UNRANKED,False
2016-10-27,2016-10-28,2016-10-31,BRK-B,XLF,144.83999633789062,144.13214111328125,1,SHORT,SHORT,0.21453046798706055,0.10504201680672269,0.954618513584137,89.49579831932773,52.0,True,0.08664786815643313,UNRANKED,False
2016-10-28,2016-10-31,2016-11-01,BRK-B,XLF,144.3000030517578,143.60857609340124,1,SHORT,SHORT,0.19349856674671173,0.10382513661202186,0.9577900767326355,89.61748633879782,52.0,True,0.1748463213443756,UNRANKED,False
2016-10-31,2016-11-01,2016-11-02,BRK-B,XLF,144.67999267578125,146.2389177594866,1,SHORT,SHORT,0.23316305875778198,0.10747663551401869,0.950688362121582,89.25233644859813,52.0,True,0.3953950703144073,UNRANKED,False
2016-11-01,2016-11-02,2016-11-03,BRK-B,XLF,143.17999267578125,142.57713753836495,1,SHORT,SHORT,0.20386987924575806,0.10382513661202186,0.964682936668396,89.61748633879782,52.0,True,0.4482579231262207,UNRANKED,False
2016-11-02,2016-11-03,2016-11-04,BRK-B,XLF,143.25,142.73643057686942,1,SHORT,SHORT,0.191081702709198,0.10382513661202186,0.9642177820205688,89.61748633879782,52.0,True,0.30739328265190125,UNRANKED,False
2016-11-03,2016-11-04,2016-11-07,BRK-B,XLF,143.4499969482422,142.9728557041713,1,SHORT,SHORT,0.2346346378326416,0.10747663551401869,0.9649347066879272,89.25233644859813,52.0,True,-0.014110773801803613,UNRANKED,False
2016-11-04,2016-11-07,2016-11-08,BRK-B,XLF,144.7100067138672,144.2107216971261,1,SHORT,SHORT,0.1770777404308319,0.10382513661202186,0.9302865862846375,89.61748633879782,52.0,True,0.25414788722991943,UNRANKED,False
2016-11-07,2016-11-08,2016-11-09,BRK-B,XLF,146.88999938964844,146.14357103620256,1,SHORT,SHORT,0.24032798409461975,0.10747663551401869,0.8635876178741455,89.25233644859813,52.0,True,0.1820961534976958,UNRANKED,False
2016-11-08,2016-11-09,2016-11-10,BRK-B,XLF,146.10000610351562,145.33072117396765,1,SHORT,SHORT,0.1783701777458191,0.10382513661202186,0.8910744786262512,89.61748633879782,52.0,True,0.19930389523506167,UNRANKED,False
2016-11-09,2016-11-10,2016-11-11,BRK-B,XLF,152.0,151.0078571864537,1,SHORT,SHORT,0.17314471304416656,0.09409888357256778,0.9129242300987244,90.59011164274322,52.0,True,0.49330142140388494,UNRANKED,False
2016-11-10,2016-11-11,2016-11-14,BRK-B,XLF,155.3000030517578,154.0300031389509,1,SHORT,SHORT,0.13618244230747223,0.09362549800796813,0.9474269151687622,90.63745019920319,52.0,True,0.929694801568985,UNRANKED,False
2016-11-11,2016-11-14,2016-11-15,BRK-B,XLF,157.47999572753906,156.16499546595983,1,SHORT,SHORT,0.13117715716362,0.09362549800796813,0.9716944694519043,90.63745019920319,52.0,True,0.5039309561252594,UNRANKED,False
2016-11-14,2016-11-15,2016-11-16,BRK-B,XLF,157.61000061035156,156.25214385986328,1,SHORT,SHORT,0.11304683983325958,0.08333333333333333,0.9526779055595398,91.66666666666666,52.0,True,0.5344776213169099,UNRANKED,False
2016-11-15,2016-11-16,2016-11-17,BRK-B,XLF,157.02000427246094,155.6657202584403,1,SHORT,SHORT,0.12822820246219635,0.09362549800796813,0.9576999545097351,90.63745019920319,52.0,True,0.5920211374759674,UNRANKED,False
2016-11-16,2016-11-17,2016-11-18,BRK-B,XLF,156.80999755859375,155.46499851771765,1,SHORT,SHORT,0.06470611691474915,0.0,0.9554998278617859,99.0,52.0,True,0.3126589953899384,UNRANKED,False
2016-11-17,2016-11-18,2016-11-21,BRK-B,XLF,158.35000610351562,156.94357844761439,1,SHORT,SHORT,0.06645753234624863,0.0,0.972984790802002,99.0,52.0,True,0.1671165823936463,UNRANKED,False
2016-11-18,2016-11-21,2016-11-22,BRK-B,XLF,158.10000610351562,156.66929299490792,1,SHORT,SHORT,0.06387058645486832,0.0,0.9553306102752686,99.0,52.0,True,0.03774800896644602,UNRANKED,False
2016-11-21,2016-11-22,2016-11-23,BRK-B,XLF,159.00999450683594,157.5585665021624,1,SHORT,SHORT,0.057693544775247574,0.0,0.9718029499053955,99.0,52.0,True,0.054589897394180346,UNRANKED,False
2016-11-22,2016-11-23,2016-11-25,BRK-B,XLF,158.66000366210938,157.23643275669642,1,SHORT,SHORT,0.06584833562374115,0.0,0.9772293567657471,99.0,52.0,True,0.03439429402351379,UNRANKED,False
2016-11-23,2016-11-25,2016-11-28,BRK-B,XLF,158.6300048828125,162.20679037911552,1,SHORT,SHORT,0.07842471450567245,0.043478260869565216,0.9659496545791626,95.65217391304348,52.0,True,0.2137736082077026,UNRANKED,False
2016-11-25,2016-11-28,2016-11-29,BRK-B,XLF,157.89999389648438,156.51356615339006,1,SHORT,SHORT,0.09752639383077621,0.06153846153846154,0.9671452641487122,93.84615384615384,52.0,True,0.17296507954597476,UNRANKED,False
2016-11-28,2016-11-29,2016-11-30,BRK-B,XLF,157.50999450683594,156.3199964250837,1,SHORT,SHORT,0.11499746888875961,0.08333333333333333,0.9513425230979919,91.66666666666666,52.0,True,0.14180648326873785,UNRANKED,False
2016-11-29,2016-11-30,2016-12-01,BRK-B,XLF,158.4199981689453,157.2421428135463,1,SHORT,SHORT,0.127008855342865,0.09362549800796813,0.956762433052063,90.63745019920319,52.0,True,0.12260252237319942,UNRANKED,False
2016-11-30,2016-12-01,2016-12-02,BRK-B,XLF,157.5800018310547,156.63429042271204,1,SHORT,SHORT,0.09264550358057022,0.043478260869565216,0.9274306297302246,95.65217391304348,52.0,True,0.17032638192176816,UNRANKED,False
2016-12-01,2016-12-02,2016-12-05,BRK-B,XLF,160.0500030517578,159.25429207938058,1,SHORT,SHORT,0.13297614455223083,0.09362549800796813,0.9588934779167175,90.63745019920319,52.0,True,0.342776894569397,UNRANKED,False
2016-12-02,2016-12-05,2016-12-06,BRK-B,XLF,160.25,159.4635750906808,1,SHORT,SHORT,0.11258430778980255,0.08333333333333333,0.9693636298179626,91.66666666666666,52.0,True,0.1871955692768098,UNRANKED,False
2016-12-05,2016-12-06,2016-12-07,BRK-B,XLF,160.57000732421875,159.79715292794364,1,SHORT,SHORT,0.12030572444200516,0.09362549800796813,0.9766103029251099,90.63745019920319,52.0,True,0.276488721370697,UNRANKED,False
2016-12-06,2016-12-07,2016-12-08,BRK-B,XLF,161.94000244140625,161.12000492640905,1,SHORT,SHORT,0.13045035302639008,0.09362549800796813,0.9792750477790833,90.63745019920319,52.0,True,0.25993433594703674,UNRANKED,False
2016-12-07,2016-12-08,2016-12-09,BRK-B,XLF,164.97999572753906,163.94785526820593,1,SHORT,SHORT,0.2122267335653305,0.10504201680672269,0.9805554747581482,89.49579831932773,52.0,True,0.16721341013908397,UNRANKED,False
2016-12-08,2016-12-09,2016-12-12,BRK-B,XLF,164.27999877929688,163.3000008719308,1,SHORT,SHORT,0.21952852606773376,0.10504201680672269,0.9770264029502869,89.49579831932773,52.0,True,0.1907094717025757,UNRANKED,False
2016-12-09,2016-12-12,2016-12-13,BRK-B,XLF,164.64999389648438,163.66213880266463,1,SHORT,SHORT,0.09923607110977173,0.06153846153846154,0.9794654250144958,93.84615384615384,52.0,True,0.20779967308044434,UNRANKED,False
2016-12-12,2016-12-13,2016-12-14,BRK-B,XLF,166.49000549316406,169.01321247645788,1,SHORT,SHORT,0.1717040240764618,0.09409888357256778,0.9747104644775391,90.59011164274322,52.0,True,0.05101954936981203,UNRANKED,False
2016-12-13,2016-12-14,2016-12-15,BRK-B,XLF,166.58999633789062,165.54857090541296,1,SHORT,SHORT,0.17092923820018768,0.09409888357256778,0.967322587966919,90.59011164274322,52.0,True,0.08791667222976685,UNRANKED,False
2016-12-14,2016-12-15,2016-12-16,BRK-B,XLF,165.5,164.38643210274833,1,SHORT,SHORT,0.12866054475307465,0.09362549800796813,0.9663917422294617,90.63745019920319,52.0,True,0.010422199964523274,UNRANKED,False
2016-12-15,2016-12-16,2016-12-19,BRK-B,XLF,166.13999938964844,164.98357391357422,1,SHORT,SHORT,0.11568115651607513,0.08333333333333333,0.9612026810646057,91.66666666666666,52.0,True,0.050596922636032216,UNRANKED,False
2016-12-16,2016-12-19,2016-12-20,BRK-B,XLF,165.19000244140625,164.05071912493025,1,SHORT,SHORT,0.13281668722629547,0.09362549800796813,0.9570748805999756,90.63745019920319,52.0,True,-0.03527227044105522,UNRANKED,False
2016-12-19,2016-12-20,2016-12-21,BRK-B,XLF,166.14999389648438,165.01928056989397,1,SHORT,SHORT,0.11656074225902557,0.08333333333333333,0.9854975342750549,91.66666666666666,52.0,True,-0.0006610751152037048,UNRANKED,False
2016-12-20,2016-12-21,2016-12-22,BRK-B,XLF,166.39999389648438,165.21428026471818,1,SHORT,SHORT,0.1129571720957756,0.08333333333333333,0.9876354336738586,91.66666666666666,52.0,True,0.10792419314384462,UNRANKED,False
2016-12-21,2016-12-22,2016-12-23,BRK-B,XLF,165.77000427246094,164.7464327130999,1,SHORT,SHORT,0.15729357302188873,0.09409888357256778,0.9858496189117432,90.59011164274322,52.0,True,0.40629178285598755,UNRANKED,False
2016-12-22,2016-12-23,2016-12-27,BRK-B,XLF,166.25999450683594,168.70285306658064,1,SHORT,SHORT,0.10566728562116623,0.08333333333333333,0.9797945618629456,91.66666666666666,52.0,True,0.08402076363563538,UNRANKED,False
2016-12-23,2016-12-27,2016-12-28,BRK-B,XLF,165.50999450683594,167.93320737566268,1,SHORT,SHORT,0.1412425935268402,0.09362549800796813,0.9773778319358826,90.63745019920319,52.0,True,0.17198449373245234,UNRANKED,False
2016-12-27,2016-12-28,2016-12-29,BRK-B,XLF,165.4499969482422,167.73749923706055,1,SHORT,SHORT,0.12483526021242142,0.09362549800796813,0.9711999893188477,90.63745019920319,52.0,True,0.05257147550582881,UNRANKED,False
2016-12-28,2016-12-29,2016-12-30,BRK-B,XLF,163.92999267578125,165.83356475830078,1,SHORT,SHORT,0.12003019452095032,0.09362549800796813,0.9715229272842407,90.63745019920319,52.0,True,0.088150829076767,UNRANKED,False
2016-12-29,2016-12-30,2017-01-03,BRK-B,XLF,163.16000366210938,162.39000374930245,1,SHORT,SHORT,0.17138871550559998,0.09409888357256778,0.9815696477890015,90.59011164274322,52.0,True,-0.03856965899467464,UNRANKED,False
2016-12-30,2017-01-03,2017-01-04,BRK-B,XLF,164.33999633789062,163.61856733049666,1,SHORT,SHORT,0.1849239617586136,0.10382513661202186,0.9826772809028625,89.61748633879782,52.0,True,-0.0755942761898041,UNRANKED,False
2017-01-03,2017-01-04,2017-01-05,BRK-B,XLF,164.4499969482422,166.1803572518485,1,SHORT,SHORT,0.10236547887325287,0.08333333333333333,0.9893274307250977,91.66666666666666,52.0,True,0.02689248323440559,UNRANKED,False
2017-01-04,2017-01-05,2017-01-06,BRK-B,XLF,164.05999755859375,163.38571058000838,1,SHORT,SHORT,0.08513491600751877,0.043478260869565216,0.9834222793579102,95.65217391304348,52.0,True,0.10750827193260196,UNRANKED,False
2017-01-05,2017-01-06,2017-01-09,BRK-B,XLF,163.44000244140625,164.9864343915667,1,SHORT,SHORT,0.16406570374965668,0.09409888357256778,0.9854316115379333,90.59011164274322,52.0,True,0.02275606989860534,UNRANKED,False
2017-01-06,2017-01-09,2017-01-10,BRK-B,XLF,163.0399932861328,164.48642567225866,1,SHORT,SHORT,0.1456809937953949,0.09409888357256778,0.9870267510414124,90.59011164274322,52.0,True,0.03811919689178469,UNRANKED,False
2017-01-09,2017-01-10,2017-01-11,BRK-B,XLF,162.0,161.39142717633928,1,SHORT,SHORT,0.21081574261188507,0.10504201680672269,0.9577218294143677,89.49579831932773,52.0,True,0.10067594051361081,UNRANKED,False
2017-01-10,2017-01-11,2017-01-12,BRK-B,XLF,161.47000122070312,160.8642861502511,1,SHORT,SHORT,0.10834349691867828,0.08333333333333333,0.9632798433303833,91.66666666666666,52.0,True,-0.05338501930236819,UNRANKED,False
2017-01-11,2017-01-12,2017-01-13,BRK-B,XLF,162.0,161.41214207240515,1,SHORT,SHORT,0.17327451705932617,0.09409888357256778,0.9511446356773376,90.59011164274322,52.0,True,0.24110728502273557,UNRANKED,False
2017-01-12,2017-01-13,2017-01-17,BRK-B,XLF,161.80999755859375,163.35285459245955,1,SHORT,SHORT,0.16326852142810822,0.09409888357256778,0.9676738977432251,90.59011164274322,52.0,True,0.12755513191223142,UNRANKED,False
2017-01-13,2017-01-17,2017-01-18,BRK-B,XLF,161.9600067138672,163.5760759626116,1,SHORT,SHORT,0.1261366456747055,0.09362549800796813,0.9730542302131653,90.63745019920319,52.0,True,0.14925420284271246,UNRANKED,False
2017-01-17,2017-01-18,2017-01-19,BRK-B,XLF,160.0399932861328,159.28285108293807,1,SHORT,SHORT,0.1431892067193985,0.09409888357256778,0.9492033123970032,90.59011164274322,52.0,True,-0.02473419904708866,UNRANKED,False
2017-01-18,2017-01-19,2017-01-20,BRK-B,XLF,160.82000732421875,160.02857971191406,1,SHORT,SHORT,0.11892316490411758,0.08333333333333333,0.9659518599510193,91.66666666666666,52.0,True,0.007884263992309539,UNRANKED,False
2017-01-19,2017-01-20,2017-01-23,BRK-B,XLF,160.2100067138672,162.16714804513114,1,SHORT,SHORT,0.13631440699100494,0.09362549800796813,0.9474419355392456,90.63745019920319,52.0,True,0.08491346240043643,UNRANKED,False
2017-01-20,2017-01-23,2017-01-24,BRK-B,XLF,160.19000244140625,159.4000026157924,1,SHORT,SHORT,0.18295682966709137,0.10382513661202186,0.9618899822235107,89.61748633879782,52.0,True,-0.05197301506996155,UNRANKED,False
2017-01-23,2017-01-24,2017-01-25,BRK-B,XLF,159.25999450683594,158.3749945504325,1,SHORT,SHORT,0.18239128589630127,0.10382513661202186,0.9697771072387695,89.61748633879782,52.0,True,0.5542980134487152,UNRANKED,False
2017-01-24,2017-01-25,2017-01-26,BRK-B,XLF,162.0,161.03928593226843,1,SHORT,SHORT,0.17867305874824524,0.10382513661202186,0.9802245497703552,89.61748633879782,52.0,True,0.311637043952942,UNRANKED,False
2017-01-25,2017-01-26,2017-01-27,BRK-B,XLF,164.8800048828125,163.68500518798828,1,SHORT,SHORT,0.16087041795253754,0.09409888357256778,0.9658920168876648,90.59011164274322,52.0,True,0.3015882372856139,UNRANKED,False
2017-01-26,2017-01-27,2017-01-30,BRK-B,XLF,164.92999267578125,163.74285016741072,1,SHORT,SHORT,0.11148073524236679,0.08333333333333333,0.9833086133003235,91.66666666666666,52.0,True,0.23266646265983573,UNRANKED,False
2017-01-27,2017-01-30,2017-01-31,BRK-B,XLF,164.1999969482422,162.9835684640067,1,SHORT,SHORT,0.1816529929637909,0.10382513661202186,0.9841192364692688,89.61748633879782,52.0,True,0.2863961458206176,UNRANKED,False
2017-01-30,2017-01-31,2017-02-01,BRK-B,XLF,164.63999938964844,163.4942844935826,1,SHORT,SHORT,0.14451521635055542,0.09409888357256778,0.9757468700408936,90.59011164274322,52.0,True,0.5515398681163788,UNRANKED,False
2017-01-31,2017-02-01,2017-02-02,BRK-B,XLF,164.75,167.63393020629883,1,SHORT,SHORT,0.137587308883667,0.09362549800796813,0.9670125842094421,90.63745019920319,52.0,True,0.44406110048294073,UNRANKED,False
2017-02-01,2017-02-02,2017-02-03,BRK-B,XLF,163.30999755859375,162.17285374232702,1,SHORT,SHORT,0.11984489858150482,0.08333333333333333,0.9774032235145569,91.66666666666666,52.0,True,0.4467024505138397,UNRANKED,False
2017-02-02,2017-02-03,2017-02-06,BRK-B,XLF,164.0,162.8778555733817,1,SHORT,SHORT,0.14804762601852417,0.09409888357256778,0.9820685982704163,90.59011164274322,52.0,True,0.26691982150077825,UNRANKED,False
2017-02-03,2017-02-06,2017-02-07,BRK-B,XLF,163.8800048828125,162.72571672712053,1,SHORT,SHORT,0.16845932602882385,0.09409888357256778,0.9808681607246399,90.59011164274322,52.0,True,0.4013691842556,UNRANKED,False
2017-02-06,2017-02-07,2017-02-08,BRK-B,XLF,163.6199951171875,162.5899919782366,1,SHORT,SHORT,0.19536420702934265,0.10382513661202186,0.9756938815116882,89.61748633879782,52.0,True,0.33268150687217707,UNRANKED,False
2017-02-07,2017-02-08,2017-02-09,BRK-B,XLF,162.89999389648438,161.89570508684432,1,SHORT,SHORT,0.16566719114780426,0.09409888357256778,0.9748706817626953,90.59011164274322,52.0,True,0.31449362635612493,UNRANKED,False
2017-02-08,2017-02-09,2017-02-10,BRK-B,XLF,162.8699951171875,161.93856375558036,1,SHORT,SHORT,0.2279655784368515,0.10504201680672269,0.9717925786972046,89.49579831932773,52.0,True,0.40816682577133184,UNRANKED,False
2017-02-09,2017-02-10,2017-02-13,BRK-B,XLF,164.58999633789062,163.63213675362724,1,SHORT,SHORT,0.28117093443870544,0.12903225806451613,0.9598808288574219,87.09677419354838,52.0,True,0.31127846240997314,UNRANKED,False
2017-02-10,2017-02-13,2017-02-14,BRK-B,XLF,164.7100067138672,163.85000501360213,1,SHORT,SHORT,0.26729437708854675,0.10747663551401869,0.9554343223571777,89.25233644859813,52.0,True,0.39021018147468567,UNRANKED,False
2017-02-13,2017-02-14,2017-02-15,BRK-B,XLF,165.85000610351562,164.99500383649553,1,SHORT,SHORT,0.2971396744251251,0.12903225806451613,0.9623715877532959,87.09677419354838,52.0,True,0.27678379416465765,UNRANKED,False
2017-02-14,2017-02-15,2017-02-16,BRK-B,XLF,167.2100067138672,166.52857644217355,1,SHORT,SHORT,0.20929226279258728,0.10504201680672269,0.9540084600448608,89.49579831932773,52.0,True,0.2369559705257416,UNRANKED,False
2017-02-15,2017-02-16,2017-02-17,BRK-B,XLF,167.27999877929688,166.6228539603097,1,SHORT,SHORT,0.1799509972333908,0.10382513661202186,0.9382370710372925,89.61748633879782,52.0,True,0.47282460331916804,UNRANKED,False
2017-02-16,2017-02-17,2017-02-21,BRK-B,XLF,167.55999755859375,166.90713827950614,1,SHORT,SHORT,0.10109657794237137,0.06153846153846154,0.965318500995636,93.84615384615384,52.0,True,0.345796138048172,UNRANKED,False
2017-02-17,2017-02-21,2017-02-22,BRK-B,XLF,168.9199981689453,168.23642512730189,1,SHORT,SHORT,0.11021190136671066,0.08333333333333333,0.9587305188179016,91.66666666666666,52.0,True,0.3386877775192261,UNRANKED,False
2017-02-21,2017-02-22,2017-02-23,BRK-B,XLF,168.9199981689453,168.2585688999721,1,SHORT,SHORT,0.14390656352043152,0.09409888357256778,0.9486115574836731,90.59011164274322,52.0,True,0.26388117671012873,UNRANKED,False
2017-02-22,2017-02-23,2017-02-24,BRK-B,XLF,169.9600067138672,169.28714861188615,1,SHORT,SHORT,0.0923791453242302,0.043478260869565216,0.9675306677818298,95.65217391304348,52.0,True,0.18055999279022214,UNRANKED,False
2017-02-23,2017-02-24,2017-02-27,BRK-B,XLF,169.39999389648438,168.73213631766183,1,SHORT,SHORT,0.09482746571302414,0.043478260869565216,0.9696947336196899,95.65217391304348,52.0,True,0.17280057072639457,UNRANKED,False
2017-02-24,2017-02-27,2017-02-28,BRK-B,XLF,170.89999389648438,170.29427882603235,1,SHORT,SHORT,0.15325786173343658,0.09409888357256778,0.9631716012954712,90.59011164274322,52.0,True,0.23505958914756775,UNRANKED,False
2017-02-27,2017-02-28,2017-03-01,BRK-B,XLF,170.89999389648438,170.30213601248605,1,SHORT,SHORT,0.15954938530921936,0.09409888357256778,0.9569977521896362,90.59011164274322,52.0,True,0.18429642915725708,UNRANKED,False
2017-02-28,2017-03-01,2017-03-02,BRK-B,XLF,173.6999969482422,173.0807113647461,1,SHORT,SHORT,0.11396264284849167,0.08333333333333333,0.945715069770813,91.66666666666666,52.0,True,0.20358100533485415,UNRANKED,False
2017-03-01,2017-03-02,2017-03-03,BRK-B,XLF,177.86000061035156,180.44392939976282,1,SHORT,SHORT,0.21590249240398407,0.10504201680672269,0.9591232538223267,89.49579831932773,52.0,True,0.42344328761100775,UNRANKED,False
2017-03-02,2017-03-03,2017-03-06,BRK-B,XLF,175.97000122070312,174.92071533203125,1,SHORT,SHORT,0.13700658082962036,0.09362549800796813,0.9725252389907837,90.63745019920319,52.0,True,0.26600009202957153,UNRANKED,False
2017-03-03,2017-03-06,2017-03-07,BRK-B,XLF,175.44000244140625,174.3778588431222,1,SHORT,SHORT,0.11026517301797867,0.08333333333333333,0.9816232919692993,91.66666666666666,52.0,True,0.201722115278244,UNRANKED,False
2017-03-06,2017-03-07,2017-03-08,BRK-B,XLF,175.5800018310547,174.62928771972656,1,SHORT,SHORT,0.11012160778045654,0.08333333333333333,0.9767760038375854,91.66666666666666,52.0,True,0.24749854207038882,UNRANKED,False
2017-03-07,2017-03-08,2017-03-09,BRK-B,XLF,175.88999938964844,175.0107138497489,1,SHORT,SHORT,0.15853166580200195,0.09409888357256778,0.9718961715698242,90.59011164274322,52.0,True,0.13976866006851202,UNRANKED,False
2017-03-08,2017-03-09,2017-03-10,BRK-B,XLF,175.6999969482422,174.82071140834265,1,SHORT,SHORT,0.1495722234249115,0.09409888357256778,0.9664725661277771,90.59011164274322,52.0,True,0.16741523146629336,UNRANKED,False
2017-03-09,2017-03-10,2017-03-13,BRK-B,XLF,176.0,175.1250010899135,1,SHORT,SHORT,0.12374266237020493,0.09362549800796813,0.9661393165588379,90.63745019920319,52.0,True,0.17817685008049014,UNRANKED,False
2017-03-10,2017-03-13,2017-03-14,BRK-B,XLF,175.2899932861328,174.44642312186105,1,SHORT,SHORT,0.13739469647407532,0.09362549800796813,0.9345404505729675,90.63745019920319,52.0,True,0.28498274087905884,UNRANKED,False
2017-03-13,2017-03-14,2017-03-15,BRK-B,XLF,175.22000122070312,174.3721444266183,1,SHORT,SHORT,0.1477513611316681,0.09409888357256778,0.9671233296394348,90.59011164274322,52.0,True,0.3059024512767791,UNRANKED,False
2017-03-14,2017-03-15,2017-03-16,BRK-B,XLF,174.97999572753906,177.09428078787667,1,SHORT,SHORT,0.16621138155460358,0.09409888357256778,0.9415133595466614,90.59011164274322,52.0,True,0.24419549107551566,UNRANKED,False
2017-03-15,2017-03-16,2017-03-17,BRK-B,XLF,175.14999389648438,177.17856543404716,1,SHORT,SHORT,0.16276009380817413,0.09409888357256778,0.9334394931793213,90.59011164274322,52.0,True,0.4326205253601075,UNRANKED,False
2017-03-16,2017-03-17,2017-03-20,BRK-B,XLF,173.88999938964844,176.01142610822404,1,SHORT,SHORT,0.18543027341365814,0.10382513661202186,0.9618969559669495,89.61748633879782,52.0,True,0.36732420325279247,UNRANKED,False
2017-03-17,2017-03-20,2017-03-21,BRK-B,XLF,172.3000030517578,174.5732138497489,1,SHORT,SHORT,0.1839267909526825,0.10382513661202186,0.9617056250572205,89.61748633879782,52.0,True,0.13262146711349487,UNRANKED,False
2017-03-20,2017-03-21,2017-03-22,BRK-B,XLF,172.16000366210938,174.42607280186243,1,SHORT,SHORT,0.19836100935935974,0.10382513661202186,0.9677788019180298,89.61748633879782,52.0,True,0.37586644291877747,UNRANKED,False
2017-03-21,2017-03-22,2017-03-23,BRK-B,XLF,169.27000427246094,168.59643336704798,1,SHORT,SHORT,0.1718953549861908,0.09409888357256778,0.9265208840370178,90.59011164274322,52.0,True,0.40099254250526434,UNRANKED,False
2017-03-22,2017-03-23,2017-03-24,BRK-B,XLF,169.66000366210938,171.12607356480189,1,SHORT,SHORT,0.12206563353538513,0.09362549800796813,0.9371479153633118,90.63745019920319,52.0,True,0.3088810443878174,UNRANKED,False
2017-03-23,2017-03-24,2017-03-27,BRK-B,XLF,170.4499969482422,171.9839221409389,1,SHORT,SHORT,0.09068040549755096,0.043478260869565216,0.9611623883247375,95.65217391304348,52.0,True,0.3252484202384949,UNRANKED,False
2017-03-24,2017-03-27,2017-03-28,BRK-B,XLF,166.88999938964844,166.2085723876953,1,SHORT,SHORT,0.15777072310447693,0.09409888357256778,0.9434731006622314,90.59011164274322,52.0,True,0.2584638893604279,UNRANKED,False
2017-03-27,2017-03-28,2017-03-29,BRK-B,XLF,167.27999877929688,166.51857103620256,1,SHORT,SHORT,0.24974654614925385,0.10747663551401869,0.9430275559425354,89.25233644859813,52.0,True,0.35526335239410395,UNRANKED,False
2017-03-28,2017-03-29,2017-03-30,BRK-B,XLF,168.0,167.2000013078962,1,SHORT,SHORT,0.17258475720882416,0.09409888357256778,0.974336564540863,90.59011164274322,52.0,True,0.28339767456054693,UNRANKED,False
2017-03-29,2017-03-30,2017-03-31,BRK-B,XLF,166.3000030517578,165.40571812220983,1,SHORT,SHORT,0.1494792103767395,0.09409888357256778,0.9545955657958984,90.59011164274322,52.0,True,-0.10543656349182125,UNRANKED,False
2017-03-30,2017-03-31,2017-04-03,BRK-B,XLF,167.41000366210938,166.4885755266462,1,SHORT,SHORT,0.1147841066122055,0.08333333333333333,0.9790474772453308,91.66666666666666,52.0,True,-0.008396238088607781,UNRANKED,False
2017-03-31,2017-04-03,2017-04-04,BRK-B,XLF,166.72000122070312,165.77928706577845,1,SHORT,SHORT,0.1218888908624649,0.09362549800796813,0.9595822691917419,90.63745019920319,52.0,True,0.03839796781539926,UNRANKED,False
2017-04-03,2017-04-04,2017-04-05,BRK-B,XLF,166.61000061035156,165.7028579711914,1,SHORT,SHORT,0.13558191061019897,0.09362549800796813,0.9617632627487183,90.63745019920319,52.0,True,0.243962436914444,UNRANKED,False
2017-04-04,2017-04-05,2017-04-06,BRK-B,XLF,167.4499969482422,169.70892442975725,1,SHORT,SHORT,0.14268523454666138,0.09409888357256778,0.9583339095115662,90.59011164274322,52.0,True,0.27485346794128424,UNRANKED,False
2017-04-05,2017-04-06,2017-04-07,BRK-B,XLF,165.63999938964844,164.70499965122767,1,SHORT,SHORT,0.1621110886335373,0.09409888357256778,0.9589046239852905,90.59011164274322,52.0,True,0.3378532528877259,UNRANKED,False
2017-04-06,2017-04-07,2017-04-10,BRK-B,XLF,165.6199951171875,164.72928074428015,1,SHORT,SHORT,0.09333876520395279,0.043478260869565216,0.963129997253418,95.65217391304348,52.0,True,0.22627595067024237,UNRANKED,False
2017-04-07,2017-04-10,2017-04-11,BRK-B,XLF,166.1999969482422,165.341425214495,1,SHORT,SHORT,0.140130415558815,0.09362549800796813,0.9722468256950378,90.63745019920319,52.0,True,0.3437452316284179,UNRANKED,False
2017-04-10,2017-04-11,2017-04-12,BRK-B,XLF,165.8000030517578,167.51428985595703,1,SHORT,SHORT,0.15276266634464264,0.09409888357256778,0.9651919603347778,90.59011164274322,52.0,True,0.5595711916685104,UNRANKED,False
2017-04-11,2017-04-12,2017-04-13,BRK-B,XLF,165.07000732421875,166.87001037597656,1,SHORT,SHORT,0.2027103751897812,0.10382513661202186,0.9409835934638977,89.61748633879782,52.0,True,0.4244137555360794,UNRANKED,False
2017-04-12,2017-04-13,2017-04-17,BRK-B,XLF,164.97999572753906,164.25999450683594,1,SHORT,SHORT,0.2194654643535614,0.10504201680672269,0.9589606523513794,89.49579831932773,52.0,True,0.4684672951698303,UNRANKED,False
2017-04-13,2017-04-17,2017-04-18,BRK-B,XLF,163.61000061035156,162.81999860491072,1,SHORT,SHORT,0.20070494711399078,0.10382513661202186,0.9483927488327026,89.61748633879782,52.0,True,0.41437384486198425,UNRANKED,False
2017-04-17,2017-04-18,2017-04-19,BRK-B,XLF,163.8699951171875,165.88607352120536,1,SHORT,SHORT,0.17977574467658997,0.10382513661202186,0.9626356363296509,89.61748633879782,52.0,True,0.4091284573078154,UNRANKED,False
2017-04-18,2017-04-19,2017-04-20,BRK-B,XLF,164.10000610351562,163.30857413155692,1,SHORT,SHORT,0.17517347633838654,0.09409888357256778,0.9684638381004333,90.59011164274322,52.0,True,0.27277940511703486,UNRANKED,False
2017-04-19,2017-04-20,2017-04-21,BRK-B,XLF,163.2899932861328,162.55498940604073,1,SHORT,SHORT,0.2021593302488327,0.10382513661202186,0.9713337421417236,89.61748633879782,52.0,True,0.3098495602607728,UNRANKED,False
2017-04-20,2017-04-21,2017-04-24,BRK-B,XLF,164.39999389648438,163.56141880580358,1,SHORT,SHORT,0.21202616393566132,0.10504201680672269,0.9733389616012573,89.49579831932773,52.0,True,0.21882447600364677,UNRANKED,False
2017-04-21,2017-04-24,2017-04-25,BRK-B,XLF,165.6999969482422,164.7978515625,1,SHORT,SHORT,0.20750489830970764,0.10504201680672269,0.9535512924194336,89.49579831932773,52.0,True,0.2720613181591034,UNRANKED,False
2017-04-24,2017-04-25,2017-04-26,BRK-B,XLF,166.9199981689453,165.86213902064733,1,SHORT,SHORT,0.18558001518249512,0.10382513661202186,0.9652243852615356,89.61748633879782,52.0,True,0.5991386026144028,UNRANKED,False
2017-04-25,2017-04-26,2017-04-27,BRK-B,XLF,167.5,166.31785474504744,1,SHORT,SHORT,0.17791806161403656,0.10382513661202186,0.9229515790939331,89.61748633879782,52.0,True,0.7219407856464387,UNRANKED,False
2017-04-26,2017-04-27,2017-04-28,BRK-B,XLF,167.64999389648438,170.43928691319056,1,SHORT,SHORT,0.15715958178043365,0.09409888357256778,0.947931170463562,90.59011164274322,52.0,True,0.538165420293808,UNRANKED,False
2017-04-27,2017-04-28,2017-05-01,BRK-B,XLF,166.27999877929688,165.13285282679968,1,SHORT,SHORT,0.24599692225456238,0.10747663551401869,0.9344167709350586,89.25233644859813,52.0,True,0.3464746475219726,UNRANKED,False
2017-04-28,2017-05-01,2017-05-02,BRK-B,XLF,165.8000030517578,164.57857186453683,1,SHORT,SHORT,0.2217368334531784,0.10504201680672269,0.9666297435760498,89.49579831932773,52.0,True,0.2676729559898376,UNRANKED,False
2017-05-01,2017-05-02,2017-05-03,BRK-B,XLF,165.89999389648438,164.67499215262276,1,SHORT,SHORT,0.1447778344154358,0.09409888357256778,0.9757623076438904,90.59011164274322,52.0,True,0.17064639925956732,UNRANKED,False
2017-05-02,2017-05-03,2017-05-04,BRK-B,XLF,165.6999969482422,164.47785295758928,1,SHORT,SHORT,0.173397034406662,0.09409888357256778,0.9740463495254517,90.59011164274322,52.0,True,0.276410073041916,UNRANKED,False
2017-05-03,2017-05-04,2017-05-05,BRK-B,XLF,167.63999938964844,166.4114270891462,1,SHORT,SHORT,0.13146834075450897,0.09362549800796813,0.9682329893112183,90.63745019920319,52.0,True,0.08173291385173798,UNRANKED,False
2017-05-04,2017-05-05,2017-05-08,BRK-B,XLF,167.1199951171875,169.86642456054688,1,SHORT,SHORT,0.16610866785049438,0.09409888357256778,0.9336289167404175,90.59011164274322,52.0,True,0.2105562537908554,UNRANKED,False
2017-05-05,2017-05-08,2017-05-09,BRK-B,XLF,166.5,169.02499989100866,1,SHORT,SHORT,0.08402060717344284,0.043478260869565216,0.9495845437049866,95.65217391304348,52.0,True,0.04730562865734099,UNRANKED,False
2017-05-08,2017-05-09,2017-05-10,BRK-B,XLF,165.1699981689453,167.8503543308803,1,SHORT,SHORT,0.19680239260196686,0.10382513661202186,0.9432854056358337,89.61748633879782,52.0,True,0.1640878319740295,UNRANKED,False
2017-05-09,2017-05-10,2017-05-11,BRK-B,XLF,163.36000061035156,162.24285888671875,1,SHORT,SHORT,0.22377842664718628,0.10504201680672269,0.9487422108650208,89.49579831932773,52.0,True,0.44142803549766546,UNRANKED,False
2017-05-10,2017-05-11,2017-05-12,BRK-B,XLF,163.5800018310547,162.6028605869838,1,SHORT,SHORT,0.24232810735702515,0.10747663551401869,0.9533608555793762,89.25233644859813,52.0,True,0.3634944260120392,UNRANKED,False
2017-05-11,2017-05-12,2017-05-15,BRK-B,XLF,163.05999755859375,162.16285596575057,1,SHORT,SHORT,0.21425233781337738,0.10504201680672269,0.9408172369003296,89.49579831932773,52.0,True,0.26672306656837474,UNRANKED,False
2017-05-12,2017-05-15,2017-05-16,BRK-B,XLF,163.80999755859375,163.07856968470983,1,SHORT,SHORT,0.18747924268245697,0.10382513661202186,0.9521403908729553,89.61748633879782,52.0,True,0.23817959427833557,UNRANKED,False
2017-05-15,2017-05-16,2017-05-17,BRK-B,XLF,164.10000610351562,165.70178931100028,1,SHORT,SHORT,0.2839984893798828,0.12903225806451613,0.9446859359741211,87.09677419354838,52.0,True,0.4339871108531952,UNRANKED,False
2017-05-16,2017-05-17,2017-05-18,BRK-B,XLF,163.61000061035156,165.22785459245955,1,SHORT,SHORT,0.18590578436851501,0.10382513661202186,0.9422570466995239,89.61748633879782,52.0,True,0.33973392844200134,UNRANKED,False
2017-05-17,2017-05-18,2017-05-19,BRK-B,XLF,161.5,160.76214381626673,1,SHORT,SHORT,0.11372898519039154,0.08333333333333333,0.9487318396568298,91.66666666666666,52.0,True,0.4096499979496003,UNRANKED,False
2017-05-18,2017-05-19,2017-05-22,BRK-B,XLF,161.86000061035156,161.1921441214425,1,SHORT,SHORT,0.12364615499973297,0.09362549800796813,0.963716983795166,90.63745019920319,52.0,True,0.47438940405845653,UNRANKED,False
2017-05-19,2017-05-22,2017-05-23,BRK-B,XLF,164.8000030517578,164.0328598022461,1,SHORT,SHORT,0.12361437827348709,0.09362549800796813,0.9271496534347534,90.63745019920319,52.0,True,0.07176181674003607,UNRANKED,False
2017-05-22,2017-05-23,2017-05-24,BRK-B,XLF,165.39999389648438,164.54142216273718,1,SHORT,SHORT,0.16249895095825195,0.09409888357256778,0.9336068630218506,90.59011164274322,52.0,True,0.3634554743766784,UNRANKED,False
2017-05-23,2017-05-24,2017-05-25,BRK-B,XLF,165.89999389648438,165.06499372209822,1,SHORT,SHORT,0.10755493491888046,0.08333333333333333,0.959201991558075,91.66666666666666,52.0,True,0.2919257283210754,UNRANKED,False
2017-05-24,2017-05-25,2017-05-26,BRK-B,XLF,165.22999572753906,164.3835667201451,1,SHORT,SHORT,0.1248461976647377,0.09362549800796813,0.9413338303565979,90.63745019920319,52.0,True,0.09064820408821112,UNRANKED,False
2017-05-25,2017-05-26,2017-05-30,BRK-B,XLF,165.25,164.39214215959822,1,SHORT,SHORT,0.09861531108617783,0.06153846153846154,0.8997668027877808,93.84615384615384,52.0,True,0.26554107666015636,UNRANKED,False
2017-05-26,2017-05-30,2017-05-31,BRK-B,XLF,165.7899932861328,165.01356397356307,1,SHORT,SHORT,0.11519858241081238,0.08333333333333333,0.9734741449356079,91.66666666666666,52.0,True,0.12011644244194031,UNRANKED,False
2017-05-30,2017-05-31,2017-06-01,BRK-B,XLF,165.27000427246094,164.5635746547154,1,SHORT,SHORT,0.1603327989578247,0.09409888357256778,0.9370271563529968,90.59011164274322,52.0,True,0.3075411021709442,UNRANKED,False
2017-05-31,2017-06-01,2017-06-02,BRK-B,XLF,165.8000030517578,165.1000017438616,1,SHORT,SHORT,0.1497267782688141,0.09409888357256778,0.8905553221702576,90.59011164274322,52.0,True,0.17471854388713837,UNRANKED,False
2017-06-01,2017-06-02,2017-06-05,BRK-B,XLF,166.1300048828125,165.3635744367327,1,SHORT,SHORT,0.23636683821678162,0.10747663551401869,0.9505159258842468,89.25233644859813,52.0,True,0.2667293548583985,UNRANKED,False
2017-06-02,2017-06-05,2017-06-06,BRK-B,XLF,166.42999267578125,165.64070456368583,1,SHORT,SHORT,0.15962152183055878,0.09409888357256778,0.9689763188362122,90.59011164274322,52.0,True,0.19654706120491033,UNRANKED,False
2017-06-05,2017-06-06,2017-06-07,BRK-B,XLF,166.1199951171875,165.34856305803572,1,SHORT,SHORT,0.11501286923885345,0.08333333333333333,0.979449987411499,91.66666666666666,52.0,True,0.2808633595705032,UNRANKED,False
2017-06-06,2017-06-07,2017-06-08,BRK-B,XLF,166.13999938964844,165.35428183419364,1,SHORT,SHORT,0.10079103708267212,0.06153846153846154,0.9402107000350952,93.84615384615384,52.0,True,0.19704796373844147,UNRANKED,False
2017-06-07,2017-06-08,2017-06-09,BRK-B,XLF,166.5,165.8557118007115,1,SHORT,SHORT,0.11226397007703781,0.08333333333333333,0.9401185512542725,91.66666666666666,52.0,True,0.06202465295791614,UNRANKED,False
2017-06-08,2017-06-09,2017-06-12,BRK-B,XLF,167.6699981689453,167.0199955531529,1,SHORT,SHORT,0.1852249950170517,0.10382513661202186,0.930099368095398,89.61748633879782,52.0,True,0.0870919227600098,UNRANKED,False
2017-06-09,2017-06-12,2017-06-13,BRK-B,XLF,169.42999267578125,168.67713383265905,1,SHORT,SHORT,0.1545487642288208,0.09409888357256778,0.9464255571365356,90.59011164274322,52.0,True,0.07609763741493226,UNRANKED,False
2017-06-12,2017-06-13,2017-06-14,BRK-B,XLF,171.5,170.84642682756697,1,SHORT,SHORT,0.12201418727636337,0.09362549800796813,0.9313746094703674,90.63745019920319,52.0,True,0.033747881650924696,UNRANKED,False
2017-06-13,2017-06-14,2017-06-15,BRK-B,XLF,170.9199981689453,170.22213854108537,1,SHORT,SHORT,0.10770283639431,0.08333333333333333,0.8958442807197571,91.66666666666666,52.0,True,0.09103882312774653,UNRANKED,False
2017-06-14,2017-06-15,2017-06-16,BRK-B,XLF,170.60000610351562,169.94000353131975,1,SHORT,SHORT,0.0742936059832573,0.0,0.9274550080299377,99.0,52.0,True,0.07138344645500183,UNRANKED,False
2017-06-15,2017-06-16,2017-06-19,BRK-B,XLF,170.60000610351562,169.9021475655692,1,SHORT,SHORT,0.0976836159825325,0.06153846153846154,0.9240391850471497,93.84615384615384,52.0,True,0.04742303490638737,UNRANKED,False
2017-06-16,2017-06-19,2017-06-20,BRK-B,XLF,171.38999938964844,173.0775042942592,1,SHORT,SHORT,0.13355326652526855,0.09362549800796813,0.9284919500350952,90.63745019920319,52.0,True,0.08194813132286075,UNRANKED,False
2017-06-19,2017-06-20,2017-06-21,BRK-B,XLF,171.67999267578125,173.45499856131417,1,SHORT,SHORT,0.06888816505670547,0.0,0.9764955043792725,99.0,52.0,True,0.03053319454193121,UNRANKED,False
2017-06-20,2017-06-21,2017-06-22,BRK-B,XLF,170.61000061035156,172.53322110857283,1,SHORT,SHORT,0.07354014366865158,0.0,0.9664052128791809,99.0,52.0,True,0.053569674491882324,UNRANKED,False
2017-06-21,2017-06-22,2017-06-23,BRK-B,XLF,169.3300018310547,171.17286573137557,1,SHORT,SHORT,0.09677667170763016,0.06153846153846154,0.9602799415588379,93.84615384615384,52.0,True,0.35621574521064764,UNRANKED,False
2017-06-22,2017-06-23,2017-06-26,BRK-B,XLF,169.27000427246094,171.27893556867326,1,SHORT,SHORT,0.16653306782245636,0.09409888357256778,0.9691926836967468,90.59011164274322,52.0,True,0.12072923779487604,UNRANKED,False
2017-06-23,2017-06-26,2017-06-27,BRK-B,XLF,167.8000030517578,166.93428802490234,1,SHORT,SHORT,0.12535297870635986,0.09362549800796813,0.9433684945106506,90.63745019920319,52.0,True,0.08530166745185866,UNRANKED,False
2017-06-26,2017-06-27,2017-06-28,BRK-B,XLF,167.72000122070312,166.86285727364677,1,SHORT,SHORT,0.14086703956127167,0.09362549800796813,0.9736791253089905,90.63745019920319,52.0,True,0.1378587782382966,UNRANKED,False
2017-06-27,2017-06-28,2017-06-29,BRK-B,XLF,167.92999267578125,167.08927699497767,1,SHORT,SHORT,0.09845393896102905,0.06153846153846154,0.9550737738609314,93.84615384615384,52.0,True,0.24059823155403137,UNRANKED,False
2017-06-28,2017-06-29,2017-06-30,BRK-B,XLF,170.67999267578125,173.15678024291992,1,SHORT,SHORT,0.19319681823253632,0.10382513661202186,0.9576141238212585,89.61748633879782,52.0,True,0.273271530866623,UNRANKED,False
2017-06-29,2017-06-30,2017-07-03,BRK-B,XLF,170.00999450683594,169.19570813860213,1,SHORT,SHORT,0.19587256014347076,0.10382513661202186,0.9542098641395569,89.61748633879782,52.0,True,0.3043193221092224,UNRANKED,False
2017-06-30,2017-07-03,2017-07-05,BRK-B,XLF,170.39999389648438,169.61642238071985,1,SHORT,SHORT,0.19898413121700287,0.10382513661202186,0.9527651071548462,89.61748633879782,52.0,True,0.23766934871673587,UNRANKED,False
2017-07-03,2017-07-05,2017-07-06,BRK-B,XLF,172.05999755859375,174.27964183262415,1,SHORT,SHORT,0.1700546145439148,0.09409888357256778,0.9580698013305664,90.59011164274322,52.0,True,0.36476787924766535,UNRANKED,False
2017-07-05,2017-07-06,2017-07-07,BRK-B,XLF,171.55999755859375,170.66999707903182,1,SHORT,SHORT,0.1717343032360077,0.09409888357256778,0.9674220085144043,90.59011164274322,52.0,True,0.37352555990219116,UNRANKED,False
2017-07-06,2017-07-07,2017-07-10,BRK-B,XLF,170.83999633789062,169.89642333984375,1,SHORT,SHORT,0.22557346522808075,0.10504201680672269,0.9560602903366089,89.49579831932773,52.0,True,0.2495667338371277,UNRANKED,False
2017-07-07,2017-07-10,2017-07-11,BRK-B,XLF,170.61000061035156,173.1242893763951,1,SHORT,SHORT,0.32356905937194824,0.12903225806451613,0.9666544795036316,87.09677419354838,52.0,True,0.37508684396743774,UNRANKED,False
2017-07-10,2017-07-11,2017-07-12,BRK-B,XLF,169.94000244140625,168.947144644601,1,SHORT,SHORT,0.2341158241033554,0.10747663551401869,0.9703571796417236,89.25233644859813,52.0,True,0.40359947085380554,UNRANKED,False
2017-07-11,2017-07-12,2017-07-13,BRK-B,XLF,169.7899932861328,168.79642159598214,1,SHORT,SHORT,0.16807235777378082,0.09409888357256778,0.9760758876800537,90.59011164274322,52.0,True,0.29315847158432007,UNRANKED,False
2017-07-12,2017-07-13,2017-07-14,BRK-B,XLF,170.05999755859375,169.08428410121374,1,SHORT,SHORT,0.24090568721294403,0.10747663551401869,0.9700189232826233,89.25233644859813,52.0,True,0.43241310119628906,UNRANKED,False
2017-07-13,2017-07-14,2017-07-17,BRK-B,XLF,168.89999389648438,168.0007084437779,1,SHORT,SHORT,0.18163169920444489,0.10382513661202186,0.975959062576294,89.61748633879782,52.0,True,0.21132752299308782,UNRANKED,False
2017-07-14,2017-07-17,2017-07-18,BRK-B,XLF,169.44000244140625,168.60357448032923,1,SHORT,SHORT,0.12754026055335999,0.09362549800796813,0.9824193716049194,90.63745019920319,52.0,True,0.2526162266731262,UNRANKED,False
2017-07-17,2017-07-18,2017-07-19,BRK-B,XLF,170.0399932861328,169.17356545584542,1,SHORT,SHORT,0.17602631449699402,0.09409888357256778,0.9752055406570435,90.59011164274322,52.0,True,0.15889725089073192,UNRANKED,False
2017-07-18,2017-07-19,2017-07-20,BRK-B,XLF,170.30999755859375,169.44285583496094,1,SHORT,SHORT,0.1286337822675705,0.09362549800796813,0.9613063335418701,90.63745019920319,52.0,True,0.17144164443016052,UNRANKED,False
2017-07-19,2017-07-20,2017-07-21,BRK-B,XLF,171.3300018310547,170.5807168143136,1,SHORT,SHORT,0.16060061752796173,0.09409888357256778,0.9816215634346008,90.59011164274322,52.0,True,0.22385150194168088,UNRANKED,False
2017-07-20,2017-07-21,2017-07-24,BRK-B,XLF,171.57000732421875,170.85357883998327,1,SHORT,SHORT,0.1882181167602539,0.10382513661202186,0.9670318961143494,89.61748633879782,52.0,True,0.24418905377388006,UNRANKED,False
2017-07-21,2017-07-24,2017-07-25,BRK-B,XLF,171.5,170.78785705566406,1,SHORT,SHORT,0.1525534689426422,0.09409888357256778,0.9669655561447144,90.59011164274322,52.0,True,0.14973685145378116,UNRANKED,False
2017-07-24,2017-07-25,2017-07-26,BRK-B,XLF,172.14999389648438,171.6092801775251,1,SHORT,SHORT,0.189324289560318,0.10382513661202186,0.934452474117279,89.61748633879782,52.0,True,0.25224173069000244,UNRANKED,False
2017-07-25,2017-07-26,2017-07-27,BRK-B,XLF,173.0,172.35071454729353,1,SHORT,SHORT,0.1872643232345581,0.10382513661202186,0.9485585689544678,89.61748633879782,52.0,True,0.2556917369365693,UNRANKED,False
2017-07-26,2017-07-27,2017-07-28,BRK-B,XLF,173.1699981689453,172.63285609654017,1,SHORT,SHORT,0.1541426181793213,0.09409888357256778,0.9660574197769165,90.59011164274322,52.0,True,0.26131862401962275,UNRANKED,False
2017-07-27,2017-07-28,2017-07-31,BRK-B,XLF,173.05999755859375,172.58785574776786,1,SHORT,SHORT,0.1347411423921585,0.09362549800796813,0.9590622782707214,90.63745019920319,52.0,True,0.1286476850509643,UNRANKED,False
2017-07-28,2017-07-31,2017-08-01,BRK-B,XLF,174.6999969482422,174.22356959751673,1,SHORT,SHORT,0.13363461196422577,0.09362549800796813,0.9736387729644775,90.63745019920319,52.0,True,0.2821838259696961,UNRANKED,False
2017-07-31,2017-08-01,2017-08-02,BRK-B,XLF,175.92999267578125,175.456421988351,1,SHORT,SHORT,0.20864948630332947,0.10504201680672269,0.9685488939285278,89.49579831932773,52.0,True,0.2097202837467194,UNRANKED,False
2017-08-01,2017-08-02,2017-08-03,BRK-B,XLF,176.2899932861328,175.77070835658483,1,SHORT,SHORT,0.14754848182201385,0.09409888357256778,0.9706085920333862,90.59011164274322,52.0,True,0.1378387212753295,UNRANKED,False
2017-08-02,2017-08-03,2017-08-04,BRK-B,XLF,177.5,176.8857138497489,1,SHORT,SHORT,0.13078317046165466,0.09362549800796813,0.975514829158783,90.63745019920319,52.0,True,0.09681025147438051,UNRANKED,False
2017-08-03,2017-08-04,2017-08-07,BRK-B,XLF,179.8000030517578,181.50000381469727,1,SHORT,SHORT,0.1052897498011589,0.08333333333333333,0.9629634022712708,91.66666666666666,52.0,True,0.059041619300842334,UNRANKED,False
2017-08-04,2017-08-07,2017-08-08,BRK-B,XLF,177.0399932861328,176.3428508213588,1,SHORT,SHORT,0.10863922536373138,0.08333333333333333,0.9760226011276245,91.66666666666666,52.0,True,0.10357525944709776,UNRANKED,False
2017-08-07,2017-08-08,2017-08-09,BRK-B,XLF,177.7100067138672,176.88929203578405,1,SHORT,SHORT,0.14064279198646545,0.09362549800796813,0.9677680730819702,90.63745019920319,52.0,True,-0.0326043963432312,UNRANKED,False
2017-08-08,2017-08-09,2017-08-10,BRK-B,XLF,175.5,174.6278566632952,1,SHORT,SHORT,0.14212043583393097,0.09362549800796813,0.9590942859649658,90.63745019920319,52.0,True,0.18499135971069341,UNRANKED,False
2017-08-09,2017-08-10,2017-08-11,BRK-B,XLF,177.1300048828125,179.57822036743164,1,SHORT,SHORT,0.12255430966615677,0.09362549800796813,0.9712218046188354,90.63745019920319,52.0,True,-0.041032075881957966,UNRANKED,False
2017-08-10,2017-08-11,2017-08-14,BRK-B,XLF,176.32000732421875,175.22000667027064,1,SHORT,SHORT,0.09907268732786179,0.06153846153846154,0.9251774549484253,93.84615384615384,52.0,True,0.28035101294517517,UNRANKED,False
2017-08-11,2017-08-14,2017-08-15,BRK-B,XLF,176.75,175.57928466796875,1,SHORT,SHORT,0.09357069432735443,0.043478260869565216,0.9454216361045837,95.65217391304348,52.0,True,0.6416106224060059,UNRANKED,False
2017-08-14,2017-08-15,2017-08-16,BRK-B,XLF,177.74000549316406,176.54214804513114,1,SHORT,SHORT,0.1927090436220169,0.10382513661202186,0.9497160315513611,89.61748633879782,52.0,True,0.169526606798172,UNRANKED,False
2017-08-15,2017-08-16,2017-08-17,BRK-B,XLF,178.1999969482422,176.994996207101,1,SHORT,SHORT,0.12397407740354538,0.09362549800796813,0.9645699262619019,90.63745019920319,52.0,True,0.3004241585731507,UNRANKED,False
2017-08-16,2017-08-17,2017-08-18,BRK-B,XLF,178.25,176.97071402413505,1,SHORT,SHORT,0.14412689208984375,0.09409888357256778,0.9502663016319275,90.59011164274322,52.0,True,0.3357973396778107,UNRANKED,False
2017-08-17,2017-08-18,2017-08-21,BRK-B,XLF,176.57000732421875,175.26000758579798,1,SHORT,SHORT,0.13265858590602875,0.09362549800796813,0.8867424726486206,90.63745019920319,52.0,True,0.10775503516197203,UNRANKED,False
2017-08-18,2017-08-21,2017-08-22,BRK-B,XLF,177.6199951171875,176.35071018763952,1,SHORT,SHORT,0.11802582442760468,0.08333333333333333,0.9391369819641113,91.66666666666666,52.0,True,0.054717987775802605,UNRANKED,False
2017-08-21,2017-08-22,2017-08-23,BRK-B,XLF,178.5,177.2692860194615,1,SHORT,SHORT,0.1328067183494568,0.09362549800796813,0.9421872496604919,90.63745019920319,52.0,True,0.27176067233085643,UNRANKED,False
2017-08-22,2017-08-23,2017-08-24,BRK-B,XLF,179.25,177.98000117710657,1,SHORT,SHORT,0.10621002316474915,0.08333333333333333,0.9704904556274414,91.66666666666666,52.0,True,0.3855776786804199,UNRANKED,False
2017-08-23,2017-08-24,2017-08-25,BRK-B,XLF,179.97999572753906,178.75785391671317,1,SHORT,SHORT,0.09512700885534286,0.043478260869565216,0.9696207642555237,95.65217391304348,52.0,True,0.1426405310630798,UNRANKED,False
2017-08-24,2017-08-25,2017-08-28,BRK-B,XLF,179.0,177.7335717337472,1,SHORT,SHORT,0.17421084642410278,0.09409888357256778,0.9463306665420532,90.59011164274322,52.0,True,0.2613462805747986,UNRANKED,False
2017-08-25,2017-08-28,2017-08-29,BRK-B,XLF,179.77000427246094,178.55428968157088,1,SHORT,SHORT,0.19590641558170319,0.10382513661202186,0.9596977829933167,89.61748633879782,52.0,True,0.28168532252311707,UNRANKED,False
2017-08-28,2017-08-29,2017-08-30,BRK-B,XLF,177.72000122070312,176.55500030517578,1,SHORT,SHORT,0.18982739746570587,0.10382513661202186,0.9272432923316956,89.61748633879782,52.0,True,0.35092690587043773,UNRANKED,False
2017-08-29,2017-08-30,2017-08-31,BRK-B,XLF,178.7100067138672,177.65572030203683,1,SHORT,SHORT,0.15529486536979675,0.09409888357256778,0.9400454163551331,90.59011164274322,52.0,True,0.2278816401958465,UNRANKED,False
2017-08-30,2017-08-31,2017-09-01,BRK-B,XLF,180.35000610351562,179.29357583182198,1,SHORT,SHORT,0.11966332793235779,0.08333333333333333,0.9493305087089539,91.66666666666666,52.0,True,0.14708933234214785,UNRANKED,False
2017-08-31,2017-09-01,2017-09-05,BRK-B,XLF,181.60000610351562,184.20358058384485,1,SHORT,SHORT,0.15553922951221466,0.09409888357256778,0.9622668027877808,90.59011164274322,52.0,True,0.08232787251472476,UNRANKED,False
2017-09-01,2017-09-05,2017-09-06,BRK-B,XLF,180.2899932861328,182.6221411568778,1,SHORT,SHORT,0.13394884765148163,0.09362549800796813,0.9778683185577393,90.63745019920319,52.0,True,0.2360259741544724,UNRANKED,False
2017-09-05,2017-09-06,2017-09-07,BRK-B,XLF,177.35000610351562,180.31965255737305,1,SHORT,SHORT,0.1996520757675171,0.10382513661202186,0.9328356981277466,89.61748633879782,52.0,True,0.1474884152412415,UNRANKED,False
2017-09-06,2017-09-07,2017-09-08,BRK-B,XLF,177.0500030517578,179.86250850132532,1,SHORT,SHORT,0.24150468409061432,0.10747663551401869,0.9540204405784607,89.25233644859813,52.0,True,0.4618602395057679,UNRANKED,False
2017-09-07,2017-09-08,2017-09-11,BRK-B,XLF,173.89999389648438,172.67356327601843,1,SHORT,SHORT,0.16304050385951996,0.09409888357256778,0.9268894195556641,90.59011164274322,52.0,True,0.34789222478866577,UNRANKED,False
2017-09-08,2017-09-11,2017-09-12,BRK-B,XLF,177.75,176.44428362165178,1,SHORT,SHORT,0.19388431310653687,0.10382513661202186,0.9539752006530762,89.61748633879782,52.0,True,0.3076893985271453,UNRANKED,False
2017-09-11,2017-09-12,2017-09-13,BRK-B,XLF,178.0,176.5807124546596,1,SHORT,SHORT,0.1198897510766983,0.08333333333333333,0.9605238437652588,91.66666666666666,52.0,True,0.326378881931305,UNRANKED,False
2017-09-12,2017-09-13,2017-09-14,BRK-B,XLF,177.75999450683594,176.437134878976,1,SHORT,SHORT,0.08985967189073563,0.043478260869565216,0.9810858964920044,95.65217391304348,52.0,True,0.048437654972076444,UNRANKED,False
2017-09-13,2017-09-14,2017-09-15,BRK-B,XLF,178.8000030517578,177.49000113351005,1,SHORT,SHORT,0.08341843634843826,0.043478260869565216,0.979546844959259,95.65217391304348,52.0,True,0.041104823350906344,UNRANKED,False
2017-09-14,2017-09-15,2017-09-18,BRK-B,XLF,179.24000549316406,178.0157187325614,1,SHORT,SHORT,0.11147928982973099,0.08333333333333333,0.9668420553207397,91.66666666666666,52.0,True,0.11929526925086976,UNRANKED,False
2017-09-15,2017-09-18,2017-09-19,BRK-B,XLF,180.5,179.26500047956193,1,SHORT,SHORT,0.15280428528785706,0.09409888357256778,0.9380537867546082,90.59011164274322,52.0,True,0.06386697292327889,UNRANKED,False
2017-09-18,2017-09-19,2017-09-20,BRK-B,XLF,181.5,180.216429574149,1,SHORT,SHORT,0.18728862702846527,0.10382513661202186,0.9818284511566162,89.61748633879782,52.0,True,0.3866789937019348,UNRANKED,False
2017-09-19,2017-09-20,2017-09-21,BRK-B,XLF,183.3000030517578,181.91214752197266,1,SHORT,SHORT,0.23590777814388275,0.10747663551401869,0.9764968752861023,89.25233644859813,52.0,True,0.38595137000083923,UNRANKED,False
2017-09-20,2017-09-21,2017-09-22,BRK-B,XLF,183.32000732421875,186.62536076137,1,SHORT,SHORT,0.14909188449382782,0.09409888357256778,0.9310361742973328,90.59011164274322,52.0,True,0.28838056325912476,UNRANKED,False
2017-09-21,2017-09-22,2017-09-25,BRK-B,XLF,182.6300048828125,181.3185773577009,1,SHORT,SHORT,0.11513735353946686,0.08333333333333333,0.9746711850166321,91.66666666666666,52.0,True,0.2154441475868226,UNRANKED,False
2017-09-22,2017-09-25,2017-09-26,BRK-B,XLF,181.99000549316406,180.61643545968192,1,SHORT,SHORT,0.13153782486915588,0.09362549800796813,0.9798623919487,90.63745019920319,52.0,True,0.1608777642250061,UNRANKED,False
2017-09-25,2017-09-26,2017-09-27,BRK-B,XLF,182.5500030517578,181.39714704241072,1,SHORT,SHORT,0.11641842871904373,0.08333333333333333,0.9842170476913452,91.66666666666666,52.0,True,0.07881423830986017,UNRANKED,False
2017-09-26,2017-09-27,2017-09-28,BRK-B,XLF,182.8699951171875,181.6835675920759,1,SHORT,SHORT,0.09259744733572006,0.043478260869565216,0.9802888631820679,95.65217391304348,52.0,True,0.07387384772300723,UNRANKED,False
2017-09-27,2017-09-28,2017-09-29,BRK-B,XLF,183.39999389648438,182.31285095214844,1,SHORT,SHORT,0.09669186919927597,0.06153846153846154,0.9840379953384399,93.84615384615384,52.0,True,0.0031529366970062603,UNRANKED,False
2017-09-28,2017-09-29,2017-10-02,BRK-B,XLF,183.58999633789062,182.60642460414343,1,SHORT,SHORT,0.10686919093132019,0.08333333333333333,0.9866053462028503,91.66666666666666,52.0,True,-0.06350591778755198,UNRANKED,False
2017-09-29,2017-10-02,2017-10-03,BRK-B,XLF,183.4499969482422,182.6278533935547,1,SHORT,SHORT,0.10113217681646347,0.06153846153846154,0.9643450379371643,93.84615384615384,52.0,True,-0.13579830527305597,UNRANKED,False
2017-10-02,2017-10-03,2017-10-04,BRK-B,XLF,185.60000610351562,184.68286350795202,1,SHORT,SHORT,0.13365396857261658,0.09362549800796813,0.9700515270233154,90.63745019920319,52.0,True,0.08440026640892037,UNRANKED,False
2017-10-03,2017-10-04,2017-10-05,BRK-B,XLF,186.1999969482422,185.28499712262834,1,SHORT,SHORT,0.14070893824100494,0.09362549800796813,0.94661545753479,90.63745019920319,52.0,True,0.030292421579361083,UNRANKED,False
2017-10-04,2017-10-05,2017-10-06,BRK-B,XLF,186.1699981689453,185.26856885637557,1,SHORT,SHORT,0.11670344322919846,0.08333333333333333,0.9474096894264221,91.66666666666666,52.0,True,0.21369054913520802,UNRANKED,False
2017-10-05,2017-10-06,2017-10-09,BRK-B,XLF,187.1999969482422,186.3007104056222,1,SHORT,SHORT,0.11268443614244461,0.08333333333333333,0.9587801098823547,91.66666666666666,52.0,True,0.022169649600982777,UNRANKED,False
2017-10-06,2017-10-09,2017-10-10,BRK-B,XLF,187.5,186.6914280482701,1,SHORT,SHORT,0.11684869229793549,0.08333333333333333,0.9516564607620239,91.66666666666666,52.0,True,-0.04365104436874399,UNRANKED,False
2017-10-09,2017-10-10,2017-10-11,BRK-B,XLF,187.4600067138672,186.75643375941686,1,SHORT,SHORT,0.09145786613225937,0.043478260869565216,0.9713504910469055,95.65217391304348,52.0,True,-0.04064780473709102,UNRANKED,False
2017-10-10,2017-10-11,2017-10-12,BRK-B,XLF,187.39999389648438,189.1035668509347,1,SHORT,SHORT,0.10304144024848938,0.08333333333333333,0.9661698341369629,91.66666666666666,52.0,True,-0.07241538166999814,UNRANKED,False
2017-10-11,2017-10-12,2017-10-13,BRK-B,XLF,187.6999969482422,187.02713993617468,1,SHORT,SHORT,0.161852166056633,0.09409888357256778,0.964923620223999,90.59011164274322,52.0,True,-0.0812933444976808,UNRANKED,False
2017-10-12,2017-10-13,2017-10-16,BRK-B,XLF,186.77000427246094,186.10714721679688,1,SHORT,SHORT,0.19875818490982056,0.10382513661202186,0.9663111567497253,89.61748633879782,52.0,True,0.01002702116966259,UNRANKED,False
2017-10-13,2017-10-16,2017-10-17,BRK-B,XLF,188.0,187.30785805838448,1,SHORT,SHORT,0.23740088939666748,0.10747663551401869,0.9564019441604614,89.25233644859813,52.0,True,0.28318220376968384,UNRANKED,False
2017-10-16,2017-10-17,2017-10-18,BRK-B,XLF,187.9600067138672,187.27286420549666,1,SHORT,SHORT,0.1619967818260193,0.09409888357256778,0.9620814919471741,90.59011164274322,52.0,True,0.16624909639358512,UNRANKED,False
2017-10-17,2017-10-18,2017-10-19,BRK-B,XLF,187.75,187.12285723005022,1,SHORT,SHORT,0.22613362967967987,0.10504201680672269,0.9543704390525818,89.49579831932773,52.0,True,0.242523193359375,UNRANKED,False
2017-10-18,2017-10-19,2017-10-20,BRK-B,XLF,187.16000366210938,186.50428880964006,1,SHORT,SHORT,0.20190662145614624,0.10382513661202186,0.9361447691917419,89.61748633879782,52.0,True,0.24423810839653012,UNRANKED,False
2017-10-19,2017-10-20,2017-10-23,BRK-B,XLF,187.75,187.05642809186662,1,SHORT,SHORT,0.24696363508701324,0.10747663551401869,0.9437245726585388,89.25233644859813,52.0,True,0.28810417652130127,UNRANKED,False
2017-10-20,2017-10-23,2017-10-24,BRK-B,XLF,189.17999267578125,188.50499289376395,1,SHORT,SHORT,0.19448219239711761,0.10382513661202186,0.9574072360992432,89.61748633879782,52.0,True,0.14166614413261427,UNRANKED,False
2017-10-23,2017-10-24,2017-10-25,BRK-B,XLF,189.9199981689453,191.62357112339564,1,SHORT,SHORT,0.20686489343643188,0.10504201680672269,0.9790528416633606,89.49579831932773,52.0,True,0.2534372508525849,UNRANKED,False
2017-10-24,2017-10-25,2017-10-26,BRK-B,XLF,189.8300018310547,191.574645451137,1,SHORT,SHORT,0.1341211497783661,0.09362549800796813,0.9620488286018372,90.63745019920319,52.0,True,0.16962870955467235,UNRANKED,False
2017-10-25,2017-10-26,2017-10-27,BRK-B,XLF,189.64999389648438,191.35535158429826,1,SHORT,SHORT,0.15847422182559967,0.09409888357256778,0.9597302079200745,90.59011164274322,52.0,True,0.12065613269805911,UNRANKED,False
2017-10-26,2017-10-27,2017-10-30,BRK-B,XLF,188.32000732421875,187.65286363874162,1,SHORT,SHORT,0.24772734940052032,0.10747663551401869,0.9684965014457703,89.25233644859813,52.0,True,0.37867388129234314,UNRANKED,False
2017-10-27,2017-10-30,2017-10-31,BRK-B,XLF,188.02000427246094,189.67893436976843,1,SHORT,SHORT,0.15820404887199402,0.09409888357256778,0.9696577191352844,90.59011164274322,52.0,True,0.37213033437728893,UNRANKED,False
2017-10-30,2017-10-31,2017-11-01,BRK-B,XLF,188.05999755859375,189.76178305489677,1,SHORT,SHORT,0.15172947943210602,0.09409888357256778,0.971679151058197,90.59011164274322,52.0,True,0.4278904348611831,UNRANKED,False
2017-10-31,2017-11-01,2017-11-02,BRK-B,XLF,188.10000610351562,187.39286259242468,1,SHORT,SHORT,0.11414845287799835,0.08333333333333333,0.9627482295036316,91.66666666666666,52.0,True,0.2205657660961151,UNRANKED,False
2017-11-01,2017-11-02,2017-11-03,BRK-B,XLF,186.75,186.10928562709265,1,SHORT,SHORT,0.15964233875274658,0.09409888357256778,0.9622767567634583,90.59011164274322,52.0,True,0.32006408274173737,UNRANKED,False
2017-11-02,2017-11-03,2017-11-06,BRK-B,XLF,188.1300048828125,189.7978640965053,1,SHORT,SHORT,0.16415129601955414,0.09409888357256778,0.9608568549156189,90.59011164274322,52.0,True,0.3177544474601746,UNRANKED,False
2017-11-03,2017-11-06,2017-11-07,BRK-B,XLF,186.10000610351562,185.37929207938058,1,SHORT,SHORT,0.11008086800575256,0.08333333333333333,0.9674215316772461,91.66666666666666,52.0,True,0.17268104851245877,UNRANKED,False
2017-11-06,2017-11-07,2017-11-08,BRK-B,XLF,187.22999572753906,189.03535297938757,1,SHORT,SHORT,0.11263217031955719,0.08333333333333333,0.9800735116004944,91.66666666666666,52.0,True,0.17168715596199038,UNRANKED,False
2017-11-07,2017-11-08,2017-11-09,BRK-B,XLF,186.30999755859375,188.10106604439872,1,SHORT,SHORT,0.11260239034891129,0.08333333333333333,0.9789745807647705,91.66666666666666,52.0,True,0.09916326403617849,UNRANKED,False
2017-11-08,2017-11-09,2017-11-10,BRK-B,XLF,183.33999633789062,182.54785483224052,1,SHORT,SHORT,0.21669399738311768,0.10504201680672269,0.948504626750946,89.49579831932773,52.0,True,0.051451802253723186,UNRANKED,False
2017-11-09,2017-11-10,2017-11-13,BRK-B,XLF,183.83999633789062,183.17071097237724,1,SHORT,SHORT,0.1893118917942047,0.10382513661202186,0.9684231281280518,89.61748633879782,52.0,True,0.249821811914444,UNRANKED,False
2017-11-10,2017-11-13,2017-11-14,BRK-B,XLF,183.16000366210938,182.45786067417689,1,SHORT,SHORT,0.10645873844623566,0.08333333333333333,0.9582040905952454,91.66666666666666,52.0,True,0.0953274965286255,UNRANKED,False
2017-11-13,2017-11-14,2017-11-15,BRK-B,XLF,183.66000366210938,185.47429003034318,1,SHORT,SHORT,0.13618436455726624,0.09362549800796813,0.9845170378684998,90.63745019920319,52.0,True,0.3023487329483032,UNRANKED,False
2017-11-14,2017-11-15,2017-11-16,BRK-B,XLF,182.1300048828125,181.40500422886439,1,SHORT,SHORT,0.14492765069007874,0.09409888357256778,0.969660758972168,90.59011164274322,52.0,True,0.16093122959136963,UNRANKED,False
2017-11-15,2017-11-16,2017-11-17,BRK-B,XLF,182.2100067138672,184.27786418369837,1,SHORT,SHORT,0.1569947451353073,0.09409888357256778,0.9274978637695312,90.59011164274322,52.0,True,-0.0782619714736938,UNRANKED,False
2017-11-16,2017-11-17,2017-11-20,BRK-B,XLF,181.6999969482422,180.85713958740234,1,SHORT,SHORT,0.17586955428123474,0.09409888357256778,0.9317439198493958,90.59011164274322,52.0,True,0.2555621564388275,UNRANKED,False
2017-11-17,2017-11-20,2017-11-21,BRK-B,XLF,181.42999267578125,180.56927708217077,1,SHORT,SHORT,0.09881144016981125,0.06153846153846154,0.954680323600769,93.84615384615384,52.0,True,0.20299208164215096,UNRANKED,False
2017-11-20,2017-11-21,2017-11-22,BRK-B,XLF,181.77999877929688,180.94356863839286,1,SHORT,SHORT,0.11309996247291565,0.08333333333333333,0.9890189170837402,91.66666666666666,52.0,True,0.44056874513626104,UNRANKED,False
2017-11-21,2017-11-22,2017-11-24,BRK-B,XLF,183.77999877929688,186.10678700038366,1,SHORT,SHORT,0.08133302628993988,0.043478260869565216,0.9863682389259338,95.65217391304348,52.0,True,0.07112205028533937,UNRANKED,False
2017-11-22,2017-11-24,2017-11-27,BRK-B,XLF,182.66000366210938,181.78786032540458,1,SHORT,SHORT,0.08435967564582825,0.043478260869565216,0.9845449924468994,95.65217391304348,52.0,True,-0.02115413546562206,UNRANKED,False
2017-11-24,2017-11-27,2017-11-28,BRK-B,XLF,182.74000549316406,181.9492906842913,1,SHORT,SHORT,0.08540316671133041,0.043478260869565216,0.984886109828949,95.65217391304348,52.0,True,-0.00804185867309573,UNRANKED,False
2017-11-27,2017-11-28,2017-11-29,BRK-B,XLF,184.10000610351562,183.27072034563338,1,SHORT,SHORT,0.17392051219940186,0.09409888357256778,0.9645168781280518,90.59011164274322,52.0,True,0.11030432581901556,UNRANKED,False
2017-11-28,2017-11-29,2017-11-30,BRK-B,XLF,188.1999969482422,187.1085684640067,1,SHORT,SHORT,0.22087185084819794,0.10504201680672269,0.9414757490158081,89.49579831932773,52.0,True,0.2713496387004853,UNRANKED,False
2017-11-29,2017-11-30,2017-12-01,BRK-B,XLF,190.35000610351562,189.21500505719865,1,SHORT,SHORT,0.17372635006904602,0.09409888357256778,0.9552503228187561,90.59011164274322,52.0,True,0.31890153884887695,UNRANKED,False
2017-11-30,2017-12-01,2017-12-04,BRK-B,XLF,193.58999633789062,192.23713902064733,1,SHORT,SHORT,0.13098682463169098,0.09362549800796813,0.9356552958488464,90.63745019920319,52.0,True,0.009888529777526966,UNRANKED,False
2017-12-01,2017-12-04,2017-12-05,BRK-B,XLF,196.17999267578125,194.77427891322546,1,SHORT,SHORT,0.13420838117599487,0.09362549800796813,0.9021601676940918,90.63745019920319,52.0,True,-0.012912452220916783,UNRANKED,False
2017-12-04,2017-12-05,2017-12-06,BRK-B,XLF,197.77000427246094,201.584290095738,1,SHORT,SHORT,0.11954319477081299,0.08333333333333333,0.9040712118148804,91.66666666666666,52.0,True,0.18624895811080933,UNRANKED,False
2017-12-05,2017-12-06,2017-12-07,BRK-B,XLF,196.05999755859375,194.54642595563615,1,SHORT,SHORT,0.11791116744279861,0.08333333333333333,0.9634653925895691,91.66666666666666,52.0,True,0.1556281745433807,UNRANKED,False
2017-12-06,2017-12-07,2017-12-08,BRK-B,XLF,195.91000366210938,194.50143105643136,1,SHORT,SHORT,0.08020686358213425,0.043478260869565216,0.9585921168327332,95.65217391304348,52.0,True,0.18733423948287964,UNRANKED,False
2017-12-07,2017-12-08,2017-12-11,BRK-B,XLF,195.33999633789062,193.92499542236328,1,SHORT,SHORT,0.06399926543235779,0.0,0.9855855107307434,99.0,52.0,True,0.03565773367881783,UNRANKED,False
2017-12-08,2017-12-11,2017-12-12,BRK-B,XLF,196.6300048828125,195.27857535226005,1,SHORT,SHORT,0.06879081577062607,0.0,0.9814707636833191,99.0,52.0,True,-0.16156986355781558,UNRANKED,False
2017-12-11,2017-12-12,2017-12-13,BRK-B,XLF,199.41000366210938,202.73321805681502,1,SHORT,SHORT,0.06127090007066727,0.0,0.9830436110496521,99.0,52.0,True,-0.1043350398540496,UNRANKED,False
2017-12-12,2017-12-13,2017-12-14,BRK-B,XLF,198.55999755859375,202.02964455740792,1,SHORT,SHORT,0.08463123440742493,0.043478260869565216,0.9830527305603027,95.65217391304348,52.0,True,-0.0608122646808624,UNRANKED,False
2017-12-13,2017-12-14,2017-12-15,BRK-B,XLF,198.1199951171875,196.65713500976562,1,SHORT,SHORT,0.08853799849748611,0.043478260869565216,0.9720608592033386,95.65217391304348,52.0,True,4.780292510980083e-05,UNRANKED,False
2017-12-14,2017-12-15,2017-12-18,BRK-B,XLF,198.24000549316406,196.7385744367327,1,SHORT,SHORT,0.11464487761259079,0.08333333333333333,0.9662874341011047,91.66666666666666,52.0,True,0.03092977404594412,UNRANKED,False
2017-12-15,2017-12-18,2017-12-19,BRK-B,XLF,199.5,203.25179018293107,1,SHORT,SHORT,0.11501695215702057,0.08333333333333333,0.9376469850540161,91.66666666666666,52.0,True,0.08021044731140155,UNRANKED,False
2017-12-18,2017-12-19,2017-12-20,BRK-B,XLF,200.16000366210938,203.4671527317592,1,SHORT,SHORT,0.07464951276779175,0.0,0.9596169590950012,99.0,52.0,True,-0.015648126602172806,UNRANKED,False
2017-12-19,2017-12-20,2017-12-21,BRK-B,XLF,199.38999938964844,198.12999834333147,1,SHORT,SHORT,0.08971096575260162,0.043478260869565216,0.9643712043762207,95.65217391304348,52.0,True,0.037304610013961806,UNRANKED,False
2017-12-20,2017-12-21,2017-12-22,BRK-B,XLF,198.85000610351562,197.80714634486608,1,SHORT,SHORT,0.10570528358221054,0.08333333333333333,0.9447043538093567,91.66666666666666,52.0,True,0.24734881520271307,UNRANKED,False
2017-12-21,2017-12-22,2017-12-26,BRK-B,XLF,199.24000549316406,201.76679829188757,1,SHORT,SHORT,0.14377792179584503,0.09409888357256778,0.9668871760368347,90.59011164274322,52.0,True,0.12887799739837646,UNRANKED,False
2017-12-22,2017-12-26,2017-12-27,BRK-B,XLF,197.97000122070312,197.0614275251116,1,SHORT,SHORT,0.1513017863035202,0.09409888357256778,0.9710258841514587,90.59011164274322,52.0,True,0.1383214890956879,UNRANKED,False
2017-12-26,2017-12-27,2017-12-28,BRK-B,XLF,197.5,196.62999834333147,1,SHORT,SHORT,0.1599486917257309,0.09409888357256778,0.9581736326217651,90.59011164274322,52.0,True,0.2189251780509949,UNRANKED,False
2017-12-27,2017-12-28,2017-12-29,BRK-B,XLF,199.33999633789062,201.7042830330985,1,SHORT,SHORT,0.16437256336212158,0.09409888357256778,0.9791644811630249,90.59011164274322,52.0,True,0.09251546859741205,UNRANKED,False
2017-12-28,2017-12-29,2018-01-02,BRK-B,XLF,200.0,202.46071406773157,1,SHORT,SHORT,0.1298576295375824,0.09362549800796813,0.9796558618545532,90.63745019920319,52.0,True,0.0936804115772247,UNRANKED,False
2017-12-29,2018-01-02,2018-01-03,BRK-B,XLF,198.8699951171875,197.79713875906808,1,SHORT,SHORT,0.1281423419713974,0.09362549800796813,0.9716233015060425,90.63745019920319,52.0,True,0.03544127941131599,UNRANKED,False
2018-01-02,2018-01-03,2018-01-04,BRK-B,XLF,197.0,195.87428610665458,1,SHORT,SHORT,0.13679362833499908,0.09362549800796813,0.9519461989402771,90.63745019920319,52.0,True,0.3416821956634522,UNRANKED,False
2018-01-03,2018-01-04,2018-01-05,BRK-B,XLF,200.89999389648438,199.75999559674943,1,SHORT,SHORT,0.1438816636800766,0.09409888357256778,0.97783362865448,90.59011164274322,52.0,True,0.25831472873687744,UNRANKED,False
2018-01-04,2018-01-05,2018-01-08,BRK-B,XLF,201.0,199.91500200544084,1,SHORT,SHORT,0.1478164792060852,0.09409888357256778,0.9836699962615967,90.59011164274322,52.0,True,0.1853678524494171,UNRANKED,False
2018-01-05,2018-01-08,2018-01-09,BRK-B,XLF,201.14999389648438,200.06570979527064,1,SHORT,SHORT,0.16639390587806702,0.09409888357256778,0.9692157506942749,90.59011164274322,52.0,True,0.2740145921707154,UNRANKED,False
2018-01-08,2018-01-09,2018-01-10,BRK-B,XLF,203.33999633789062,202.24142565046037,1,SHORT,SHORT,0.14189884066581726,0.09362549800796813,0.9286985397338867,90.63745019920319,52.0,True,0.17822286486625674,UNRANKED,False
2018-01-09,2018-01-10,2018-01-11,BRK-B,XLF,203.0,201.99285779680525,1,SHORT,SHORT,0.15867765247821808,0.09409888357256778,0.9285854697227478,90.59011164274322,52.0,True,0.14290821552276606,UNRANKED,False
2018-01-10,2018-01-11,2018-01-12,BRK-B,XLF,205.9600067138672,204.87000710623605,1,SHORT,SHORT,0.13490723073482513,0.09362549800796813,0.9036017656326294,90.63745019920319,52.0,True,0.07171019911766043,UNRANKED,False
2018-01-11,2018-01-12,2018-01-16,BRK-B,XLF,207.27000427246094,206.11143384660994,1,SHORT,SHORT,0.10779231786727905,0.08333333333333333,0.9331130385398865,91.66666666666666,52.0,True,0.11284700036048884,UNRANKED,False
2018-01-12,2018-01-16,2018-01-17,BRK-B,XLF,213.1199951171875,211.79213932582311,1,SHORT,SHORT,0.09308813512325287,0.043478260869565216,0.9449431300163269,95.65217391304348,52.0,True,0.08373460173606867,UNRANKED,False
2018-01-16,2018-01-17,2018-01-18,BRK-B,XLF,211.9199981689453,210.65214320591517,1,SHORT,SHORT,0.1285431981086731,0.09362549800796813,0.8729905486106873,90.63745019920319,52.0,True,0.06377133727073674,UNRANKED,False
2018-01-17,2018-01-18,2018-01-19,BRK-B,XLF,215.6699981689453,219.4682104928153,1,SHORT,SHORT,0.13464319705963135,0.09362549800796813,0.9071021676063538,90.63745019920319,52.0,True,0.1521986722946166,UNRANKED,False
2018-01-18,2018-01-19,2018-01-22,BRK-B,XLF,213.4499969482422,211.94142586844308,1,SHORT,SHORT,0.14054198563098907,0.09362549800796813,0.8459293246269226,90.63745019920319,52.0,True,0.16752085089683535,UNRANKED,False
2018-01-19,2018-01-22,2018-01-23,BRK-B,XLF,213.2899932861328,211.8392791748047,1,SHORT,SHORT,0.1756490021944046,0.09409888357256778,0.9079245328903198,90.59011164274322,52.0,True,0.25284990668296814,UNRANKED,False
2018-01-22,2018-01-23,2018-01-24,BRK-B,XLF,216.0399932861328,214.49070739746094,1,SHORT,SHORT,0.07809488475322723,0.043478260869565216,0.9754789471626282,95.65217391304348,52.0,True,0.105375200510025,UNRANKED,False
2018-01-23,2018-01-24,2018-01-25,BRK-B,XLF,216.1199951171875,214.61285182407923,1,SHORT,SHORT,0.07342839241027832,0.0,0.9717005491256714,99.0,52.0,True,0.0036841630935669292,UNRANKED,False
2018-01-24,2018-01-25,2018-01-26,BRK-B,XLF,216.24000549316406,214.91286141531808,1,SHORT,SHORT,0.08252450823783875,0.043478260869565216,0.9480738043785095,95.65217391304348,52.0,True,0.044674128293990985,UNRANKED,False
2018-01-25,2018-01-26,2018-01-29,BRK-B,XLF,215.52000427246094,214.22071838378906,1,SHORT,SHORT,0.06884072721004486,0.0,0.9709742665290833,99.0,52.0,True,0.03633308410644527,UNRANKED,False
2018-01-26,2018-01-29,2018-01-30,BRK-B,XLF,217.14999389648438,220.64106587001257,1,SHORT,SHORT,0.07516993582248688,0.0,0.9543021321296692,99.0,52.0,True,-0.01904347538948061,UNRANKED,False
2018-01-29,2018-01-30,2018-01-31,BRK-B,XLF,214.97000122070312,213.5442875453404,1,SHORT,SHORT,0.13071677088737488,0.09362549800796813,0.9300277233123779,90.63745019920319,52.0,True,-0.0444801747798919,UNRANKED,False
2018-01-30,2018-01-31,2018-02-01,BRK-B,XLF,214.99000549316406,213.50929151262557,1,SHORT,SHORT,0.15307912230491638,0.09409888357256778,0.936881959438324,90.59011164274322,52.0,True,0.19361960887908924,UNRANKED,False
2018-01-31,2018-02-01,2018-02-02,BRK-B,XLF,214.49000549316406,217.73464802333288,1,SHORT,SHORT,0.18793606758117676,0.10382513661202186,0.8962211012840271,89.61748633879782,52.0,True,-0.07315742969512948,UNRANKED,False
2018-02-01,2018-02-02,2018-02-05,BRK-B,XLF,216.16000366210938,219.7242878505162,1,SHORT,SHORT,0.16253019869327545,0.09409888357256778,0.9416033625602722,90.59011164274322,52.0,True,0.3371659815311432,UNRANKED,False
2018-02-02,2018-02-05,2018-02-06,BRK-B,XLF,205.49000549316406,209.88643319266183,1,SHORT,SHORT,0.1350250393152237,0.09362549800796813,0.6986353993415833,90.63745019920319,52.0,True,0.44623234868049616,UNRANKED,False
2018-02-05,2018-02-06,2018-02-07,BRK-B,XLF,193.14999389648438,190.52070835658483,1,SHORT,SHORT,0.17074991762638092,0.09409888357256778,0.9770179986953735,90.59011164274322,52.0,True,0.6793306767940521,UNRANKED,False
2018-02-06,2018-02-07,2018-02-08,BRK-B,XLF,202.0,208.67499814714705,1,SHORT,SHORT,0.16919131577014923,0.09409888357256778,0.9802055358886719,90.59011164274322,52.0,True,0.04817873239517222,UNRANKED,False
2018-02-07,2018-02-08,2018-02-09,BRK-B,XLF,200.3699951171875,207.02713775634766,1,SHORT,SHORT,0.13513131439685822,0.09362549800796813,0.9087810516357422,90.63745019920319,52.0,True,0.02176624536514276,UNRANKED,False
2018-02-08,2018-02-09,2018-02-12,BRK-B,XLF,195.67999267578125,192.38213566371374,1,SHORT,SHORT,0.15466545522212982,0.09409888357256778,0.9698875546455383,90.59011164274322,52.0,True,0.03808164596557622,UNRANKED,False
2018-02-09,2018-02-12,2018-02-13,BRK-B,XLF,198.50999450683594,195.07785143171037,1,SHORT,SHORT,0.12593573331832886,0.09362549800796813,0.9529164433479309,90.63745019920319,52.0,True,-0.7641749680042267,UNRANKED,False
2018-02-12,2018-02-13,2018-02-14,BRK-B,XLF,197.5800018310547,193.9721450805664,1,SHORT,SHORT,0.11549979448318481,0.08333333333333333,0.9713273048400879,91.66666666666666,52.0,True,0.6107264757156372,UNRANKED,False
2018-02-13,2018-02-14,2018-02-15,BRK-B,XLF,197.0399932861328,193.37142290387834,1,SHORT,SHORT,0.12510357797145844,0.09362549800796813,0.9657177925109863,90.63745019920319,52.0,True,0.005859389901161256,UNRANKED,False
2018-02-14,2018-02-15,2018-02-16,BRK-B,XLF,202.3800048828125,198.56572069440568,1,SHORT,SHORT,0.09494461864233017,0.043478260869565216,0.9682567715644836,95.65217391304348,52.0,True,-0.38337156176567083,UNRANKED,False
2018-02-15,2018-02-16,2018-02-20,BRK-B,XLF,203.99000549316406,200.0850067138672,1,SHORT,SHORT,0.07387060672044754,0.0,0.9736745357513428,99.0,52.0,True,-0.00241464376449594,UNRANKED,False
2018-02-16,2018-02-20,2018-02-21,BRK-B,XLF,203.33999633789062,199.55071149553572,1,SHORT,SHORT,0.09877939522266388,0.06153846153846154,0.9720497131347656,93.84615384615384,52.0,True,0.2770068347454071,UNRANKED,False
2018-02-20,2018-02-21,2018-02-22,BRK-B,XLF,202.5,198.7328589303153,1,SHORT,SHORT,0.1058851107954979,0.08333333333333333,0.9072325825691223,91.66666666666666,52.0,True,0.8859377205371857,UNRANKED,False
2018-02-21,2018-02-22,2018-02-23,BRK-B,XLF,201.57000732421875,197.66000911167689,1,SHORT,SHORT,0.1421835571527481,0.09362549800796813,0.8875367641448975,90.63745019920319,52.0,True,0.8683648109436035,UNRANKED,False
2018-02-22,2018-02-23,2018-02-26,BRK-B,XLF,201.38999938964844,197.66428593226843,1,SHORT,SHORT,0.13694904744625092,0.09362549800796813,0.9763540029525757,90.63745019920319,52.0,True,0.31542423367500294,UNRANKED,False
2018-02-23,2018-02-26,2018-02-27,BRK-B,XLF,207.7100067138672,204.42000797816686,1,SHORT,SHORT,0.09526008367538452,0.043478260869565216,0.9786293506622314,95.65217391304348,52.0,True,0.3052874207496643,UNRANKED,False
2018-02-26,2018-02-27,2018-02-28,BRK-B,XLF,212.0,219.42856979370117,1,SHORT,SHORT,0.14265093207359314,0.09409888357256778,0.9762128591537476,90.59011164274322,52.0,True,0.5296692550182344,UNRANKED,False
2018-02-27,2018-02-28,2018-03-01,BRK-B,XLF,211.0,217.8071392604283,1,SHORT,SHORT,0.16613595187664032,0.09409888357256778,0.9576674699783325,90.59011164274322,52.0,True,0.7650066316127776,UNRANKED,False
2018-02-28,2018-03-01,2018-03-02,BRK-B,XLF,206.82000732421875,213.91107450212752,1,SHORT,SHORT,0.1955692023038864,0.10382513661202186,0.9658641219139099,89.61748633879782,52.0,True,1.0334428548812866,UNRANKED,False
2018-03-01,2018-03-02,2018-03-05,BRK-B,XLF,199.97999572753906,197.37785448346818,1,SHORT,SHORT,0.14651748538017273,0.09409888357256778,0.8804245591163635,90.59011164274322,52.0,True,0.7472587525844575,UNRANKED,False
2018-03-02,2018-03-05,2018-03-06,BRK-B,XLF,199.60000610351562,197.312865121024,1,SHORT,SHORT,0.13191576302051544,0.09362549800796813,0.8907880187034607,90.63745019920319,52.0,True,1.0760772228240967,UNRANKED,False
2018-03-05,2018-03-06,2018-03-07,BRK-B,XLF,204.86000061035156,202.64214433942522,1,SHORT,SHORT,0.1621299535036087,0.09409888357256778,0.9614585041999817,90.59011164274322,52.0,True,1.032454714179039,UNRANKED,False
2018-03-06,2018-03-07,2018-03-08,BRK-B,XLF,202.35000610351562,200.10286385672433,1,SHORT,SHORT,0.2396569550037384,0.10747663551401869,0.9810487031936646,89.25233644859813,52.0,True,0.8668320178985598,UNRANKED,False
2018-03-07,2018-03-08,2018-03-09,BRK-B,XLF,204.32000732421875,202.23714991978235,1,SHORT,SHORT,0.21209867298603058,0.10504201680672269,0.9573219418525696,89.49579831932773,52.0,True,0.8957270383834839,UNRANKED,False
2018-03-08,2018-03-09,2018-03-12,BRK-B,XLF,206.9499969482422,205.0364259992327,1,SHORT,SHORT,0.13462041318416595,0.09362549800796813,0.9734808206558228,90.63745019920319,52.0,True,0.16591590642929072,UNRANKED,False
2018-03-09,2018-03-12,2018-03-13,BRK-B,XLF,213.1999969482422,219.33035441807337,1,SHORT,SHORT,0.14350928366184235,0.09409888357256778,0.9671326875686646,90.59011164274322,52.0,True,0.5821481347084045,UNRANKED,False
2018-03-12,2018-03-13,2018-03-14,BRK-B,XLF,212.69000244140625,218.8882179260254,1,SHORT,SHORT,0.13077124953269958,0.09362549800796813,0.9562820196151733,90.63745019920319,52.0,True,0.35936060547828674,UNRANKED,False
2018-03-13,2018-03-14,2018-03-15,BRK-B,XLF,210.39999389648438,216.71606717790877,1,SHORT,SHORT,0.17098431289196014,0.09409888357256778,0.9189853668212891,90.59011164274322,52.0,True,0.5142855942249298,UNRANKED,False
2018-03-14,2018-03-15,2018-03-16,BRK-B,XLF,208.2899932861328,205.6314217703683,1,SHORT,SHORT,0.1889839470386505,0.10382513661202186,0.8151780962944031,89.61748633879782,52.0,True,1.0067233443260195,UNRANKED,False
2018-03-15,2018-03-16,2018-03-19,BRK-B,XLF,208.55999755859375,214.99214117867606,1,SHORT,SHORT,0.10295277833938599,0.08333333333333333,0.883155107498169,91.66666666666666,52.0,True,0.7180283665657042,UNRANKED,False
2018-03-16,2018-03-19,2018-03-20,BRK-B,XLF,206.8699951171875,212.05213873726981,1,SHORT,SHORT,0.1362493634223938,0.09362549800796813,0.8719180226325989,90.63745019920319,52.0,True,0.022913485765457126,UNRANKED,False
2018-03-19,2018-03-20,2018-03-21,BRK-B,XLF,204.25,202.033570425851,1,SHORT,SHORT,0.12142551690340042,0.09362549800796813,0.7954097986221313,90.63745019920319,52.0,True,0.31083920598030096,UNRANKED,False
2018-03-20,2018-03-21,2018-03-22,BRK-B,XLF,205.3800048828125,210.61750520978654,1,SHORT,SHORT,0.1273784041404724,0.09362549800796813,0.8905490636825562,90.63745019920319,52.0,True,0.45456451177597046,UNRANKED,False
2018-03-21,2018-03-22,2018-03-23,BRK-B,XLF,203.17999267578125,207.41927937098913,1,SHORT,SHORT,0.17768988013267517,0.10382513661202186,0.9145869612693787,89.61748633879782,52.0,True,0.5019223093986512,UNRANKED,False
2018-03-22,2018-03-23,2018-03-26,BRK-B,XLF,198.0,195.80357142857142,1,SHORT,SHORT,0.11426915228366852,0.08333333333333333,0.779538094997406,91.66666666666666,52.0,True,-0.049552977085113525,UNRANKED,False
2018-03-23,2018-03-26,2018-03-27,BRK-B,XLF,196.89999389648438,194.4699946812221,1,SHORT,SHORT,0.12190147489309311,0.09362549800796813,0.9003695249557495,90.63745019920319,52.0,True,0.36900749802589417,UNRANKED,False
2018-03-26,2018-03-27,2018-03-28,BRK-B,XLF,200.47999572753906,207.54963520595007,1,SHORT,SHORT,0.15905366837978363,0.09409888357256778,0.8952757120132446,90.59011164274322,52.0,True,0.004775941371917662,UNRANKED,False
2018-03-27,2018-03-28,2018-03-29,BRK-B,XLF,196.1699981689453,193.13214220319475,1,SHORT,SHORT,0.1372092068195343,0.09362549800796813,0.9189837574958801,90.63745019920319,52.0,True,-0.23076072335243228,UNRANKED,False
2018-03-28,2018-03-29,2018-04-02,BRK-B,XLF,198.0800018310547,205.59071568080358,1,SHORT,SHORT,0.11358357965946198,0.08333333333333333,0.9173945188522339,91.66666666666666,52.0,True,0.85549458861351,UNRANKED,False
2018-03-29,2018-04-02,2018-04-03,BRK-B,XLF,199.00999450683594,196.35142408098494,1,SHORT,SHORT,0.2764030694961548,0.12903225806451613,0.9314186573028564,87.09677419354838,52.0,True,1.4699276089668276,UNRANKED,False
2018-04-02,2018-04-03,2018-04-04,BRK-B,XLF,196.0,193.10142953055245,1,SHORT,SHORT,0.1816309690475464,0.10382513661202186,0.8984999060630798,89.61748633879782,52.0,True,0.8607913851737977,UNRANKED,False
2018-04-03,2018-04-04,2018-04-05,BRK-B,XLF,194.02000427246094,191.10214778355189,1,SHORT,SHORT,0.2198335975408554,0.10504201680672269,0.9412844181060791,89.49579831932773,52.0,True,0.8471967875957489,UNRANKED,False
2018-04-04,2018-04-05,2018-04-06,BRK-B,XLF,201.1699981689453,208.46642412458147,1,SHORT,SHORT,0.20339100062847137,0.10382513661202186,0.9250288009643555,89.61748633879782,52.0,True,1.1294374465942385,UNRANKED,False
2018-04-05,2018-04-06,2018-04-09,BRK-B,XLF,199.6999969482422,206.980352129255,1,SHORT,SHORT,0.1407228261232376,0.09362549800796813,0.9555510878562927,90.63745019920319,52.0,True,0.2538323402404786,UNRANKED,False
2018-04-06,2018-04-09,2018-04-10,BRK-B,XLF,196.72999572753906,193.49642508370536,1,SHORT,SHORT,0.2141551524400711,0.10504201680672269,0.9198408126831055,89.49579831932773,52.0,True,0.8651396632194518,UNRANKED,False
2018-04-09,2018-04-10,2018-04-11,BRK-B,XLF,198.16000366210938,195.1271471296038,1,SHORT,SHORT,0.22199757397174835,0.10504201680672269,0.9458777904510498,89.49579831932773,52.0,True,1.1770208925008774,UNRANKED,False
2018-04-10,2018-04-11,2018-04-12,BRK-B,XLF,196.60000610351562,193.44500623430525,1,SHORT,SHORT,0.17354004085063934,0.09409888357256778,0.9502040147781372,90.59011164274322,52.0,True,1.149610638618469,UNRANKED,False
2018-04-11,2018-04-12,2018-04-13,BRK-B,XLF,196.5,193.16642870221818,1,SHORT,SHORT,0.12028783559799194,0.09362549800796813,0.9344804883003235,90.63745019920319,52.0,True,0.9321931004524232,UNRANKED,False
2018-04-12,2018-04-13,2018-04-16,BRK-B,XLF,199.60000610351562,196.57286289760046,1,SHORT,SHORT,0.13103781640529633,0.09362549800796813,0.9395079612731934,90.63745019920319,52.0,True,0.7079430818557739,UNRANKED,False
2018-04-13,2018-04-16,2018-04-17,BRK-B,XLF,198.64999389648438,195.9114216395787,1,SHORT,SHORT,0.10480866581201553,0.08333333333333333,0.9643526673316956,91.66666666666666,52.0,True,0.19532185792922988,UNRANKED,False
2018-04-16,2018-04-17,2018-04-18,BRK-B,XLF,199.85000610351562,197.5157187325614,1,SHORT,SHORT,0.14586183428764343,0.09409888357256778,0.9137263298034668,90.59011164274322,52.0,True,0.20150044560432448,UNRANKED,False
2018-04-17,2018-04-18,2018-04-19,BRK-B,XLF,200.24000549316406,198.05857522147042,1,SHORT,SHORT,0.10918877273797989,0.08333333333333333,0.9120273590087891,91.66666666666666,52.0,True,0.23779585957527158,UNRANKED,False
2018-04-18,2018-04-19,2018-04-20,BRK-B,XLF,199.99000549316406,197.82857622419084,1,SHORT,SHORT,0.09055780619382858,0.043478260869565216,0.957831084728241,95.65217391304348,52.0,True,0.3271962106227874,UNRANKED,False
2018-04-19,2018-04-20,2018-04-23,BRK-B,XLF,200.94000244140625,198.91714368547713,1,SHORT,SHORT,0.10458245128393173,0.08333333333333333,0.9417367577552795,91.66666666666666,52.0,True,0.2888709306716919,UNRANKED,False
2018-04-20,2018-04-23,2018-04-24,BRK-B,XLF,200.22000122070312,204.52179173060827,1,SHORT,SHORT,0.11629152297973633,0.08333333333333333,0.9436048865318298,91.66666666666666,52.0,True,0.10503938794136046,UNRANKED,False
2018-04-23,2018-04-24,2018-04-25,BRK-B,XLF,199.8699951171875,203.76999991280692,1,SHORT,SHORT,0.13172957301139832,0.09362549800796813,0.9159041047096252,90.63745019920319,52.0,True,0.1340370476245881,UNRANKED,False
2018-04-24,2018-04-25,2018-04-26,BRK-B,XLF,196.17999267578125,194.58641924176897,1,SHORT,SHORT,0.12064701318740845,0.09362549800796813,0.9366380572319031,90.63745019920319,52.0,True,0.13220563530921947,UNRANKED,False
2018-04-25,2018-04-26,2018-04-27,BRK-B,XLF,196.6300048828125,195.08928898402624,1,SHORT,SHORT,0.1362719088792801,0.09362549800796813,0.915627658367157,90.63745019920319,52.0,True,0.13924816250801084,UNRANKED,False
2018-04-26,2018-04-27,2018-04-30,BRK-B,XLF,196.92999267578125,199.8657101222447,1,SHORT,SHORT,0.12174449861049652,0.09362549800796813,0.8650429844856262,90.63745019920319,52.0,True,0.31889405846595753,UNRANKED,False
2018-04-27,2018-04-30,2018-05-01,BRK-B,XLF,197.38999938964844,200.3328584943499,1,SHORT,SHORT,0.08628489822149277,0.043478260869565216,0.917312502861023,95.65217391304348,52.0,True,0.47257843613624567,UNRANKED,False
2018-04-30,2018-05-01,2018-05-02,BRK-B,XLF,193.75999450683594,192.50927952357702,1,SHORT,SHORT,0.1184682548046112,0.08333333333333333,0.8174962997436523,91.66666666666666,52.0,True,0.349254012107849,UNRANKED,False
2018-05-01,2018-05-02,2018-05-03,BRK-B,XLF,195.07000732421875,197.9825096130371,1,SHORT,SHORT,0.21337930858135223,0.10504201680672269,0.8548985123634338,89.49579831932773,52.0,True,0.3883036673069,UNRANKED,False
2018-05-02,2018-05-03,2018-05-04,BRK-B,XLF,192.80999755859375,191.72428240094865,1,SHORT,SHORT,0.1348283886909485,0.09362549800796813,0.7905013561248779,90.63745019920319,52.0,True,0.2749467492103578,UNRANKED,False
2018-05-03,2018-05-04,2018-05-07,BRK-B,XLF,192.0399932861328,190.91356440952845,1,SHORT,SHORT,0.09616595506668091,0.043478260869565216,0.7888960838317871,95.65217391304348,52.0,True,0.14683869481086737,UNRANKED,False
2018-05-04,2018-05-07,2018-05-08,BRK-B,XLF,196.0,194.6728570120675,1,SHORT,SHORT,0.1839434802532196,0.10382513661202186,0.8777845501899719,89.61748633879782,52.0,True,0.3724176585674287,UNRANKED,False
2018-05-07,2018-05-08,2018-05-09,BRK-B,XLF,197.39999389648438,196.04642268589564,1,SHORT,SHORT,0.13270145654678345,0.09362549800796813,0.9008239507675171,90.63745019920319,52.0,True,0.14949661493301397,UNRANKED,False
2018-05-08,2018-05-09,2018-05-10,BRK-B,XLF,197.0,195.60500008719308,1,SHORT,SHORT,0.12103836983442307,0.09362549800796813,0.8423445820808411,90.63745019920319,52.0,True,0.08098283410072314,UNRANKED,False
2018-05-09,2018-05-10,2018-05-11,BRK-B,XLF,200.42999267578125,198.83785138811385,1,SHORT,SHORT,0.13447487354278564,0.09362549800796813,0.8735839128494263,90.63745019920319,52.0,True,0.08410617709159836,UNRANKED,False
2018-05-10,2018-05-11,2018-05-14,BRK-B,XLF,200.6199951171875,198.9507108415876,1,SHORT,SHORT,0.09689798206090927,0.06153846153846154,0.9420143961906433,93.84615384615384,52.0,True,0.3071951270103455,UNRANKED,False
2018-05-11,2018-05-14,2018-05-15,BRK-B,XLF,200.0,204.38570840018136,1,SHORT,SHORT,0.11552410572767258,0.08333333333333333,0.9291093945503235,91.66666666666666,52.0,True,0.13734671473503113,UNRANKED,False
2018-05-14,2018-05-15,2018-05-16,BRK-B,XLF,198.7899932861328,197.21428026471818,1,SHORT,SHORT,0.1197054460644722,0.08333333333333333,0.9300427436828613,91.66666666666666,52.0,True,0.16500404477119449,UNRANKED,False
2018-05-15,2018-05-16,2018-05-17,BRK-B,XLF,196.86000061035156,195.15428815569197,1,SHORT,SHORT,0.1503456085920334,0.09409888357256778,0.923032283782959,90.59011164274322,52.0,True,0.39249792695045477,UNRANKED,False
2018-05-16,2018-05-17,2018-05-18,BRK-B,XLF,197.74000549316406,196.01714978899275,1,SHORT,SHORT,0.13162446022033691,0.09362549800796813,0.8969538807868958,90.63745019920319,52.0,True,0.2806857228279115,UNRANKED,False
2018-05-17,2018-05-18,2018-05-21,BRK-B,XLF,197.52000427246094,195.78714861188615,1,SHORT,SHORT,0.11666589230298996,0.08333333333333333,0.9078863859176636,91.66666666666666,52.0,True,0.38203564286232,UNRANKED,False
2018-05-18,2018-05-21,2018-05-22,BRK-B,XLF,197.77000427246094,196.18500518798828,1,SHORT,SHORT,0.1033405065536499,0.08333333333333333,0.93570476770401,91.66666666666666,52.0,True,0.26494500041008007,UNRANKED,False
2018-05-21,2018-05-22,2018-05-23,BRK-B,XLF,198.02000427246094,202.06643077305384,1,SHORT,SHORT,0.08722639083862305,0.043478260869565216,0.9512971639633179,95.65217391304348,52.0,True,0.29128900170326233,UNRANKED,False
2018-05-22,2018-05-23,2018-05-24,BRK-B,XLF,197.39999389648438,201.16427721296037,1,SHORT,SHORT,0.12624922394752502,0.09362549800796813,0.9582856297492981,90.63745019920319,52.0,True,0.16267630457878107,UNRANKED,False
2018-05-23,2018-05-24,2018-05-25,BRK-B,XLF,196.05999755859375,199.90999712262834,1,SHORT,SHORT,0.1793711930513382,0.10382513661202186,0.9369532465934753,89.61748633879782,52.0,True,0.12616121768951413,UNRANKED,False
2018-05-24,2018-05-25,2018-05-29,BRK-B,XLF,193.88999938964844,197.22035544259208,1,SHORT,SHORT,0.18297670781612396,0.10382513661202186,0.9610400199890137,89.61748633879782,52.0,True,0.20250877737998957,UNRANKED,False
2018-05-25,2018-05-29,2018-05-30,BRK-B,XLF,192.89999389648438,191.62070792061942,1,SHORT,SHORT,0.19835977256298065,0.10382513661202186,0.9018256068229675,89.61748633879782,52.0,True,0.1082050800323486,UNRANKED,False
2018-05-29,2018-05-30,2018-05-31,BRK-B,XLF,191.89999389648438,190.37356458391463,1,SHORT,SHORT,0.23445095121860504,0.10747663551401869,0.7913300395011902,89.25233644859813,52.0,True,0.25017327070236206,UNRANKED,False
2018-05-30,2018-05-31,2018-06-01,BRK-B,XLF,194.2899932861328,198.21321323939733,1,SHORT,SHORT,0.19809618592262268,0.10382513661202186,0.844853401184082,89.61748633879782,52.0,True,0.14768031239509577,UNRANKED,False
2018-05-31,2018-06-01,2018-06-04,BRK-B,XLF,192.89999389648438,191.24213409423828,1,SHORT,SHORT,0.14205670356750488,0.09362549800796813,0.7627012133598328,90.63745019920319,52.0,True,0.12361323833465576,UNRANKED,False
2018-06-01,2018-06-04,2018-06-05,BRK-B,XLF,193.0,196.93036433628626,1,SHORT,SHORT,0.0895194336771965,0.043478260869565216,0.9604915976524353,95.65217391304348,52.0,True,0.4494653046131134,UNRANKED,False
2018-06-04,2018-06-05,2018-06-06,BRK-B,XLF,191.3699951171875,189.73999350411552,1,SHORT,SHORT,0.09059262275695801,0.043478260869565216,0.9248121976852417,95.65217391304348,52.0,True,0.09145963191986078,UNRANKED,False
2018-06-05,2018-06-06,2018-06-07,BRK-B,XLF,191.69000244140625,190.15214320591517,1,SHORT,SHORT,0.12117715924978256,0.09362549800796813,0.9272624850273132,90.63745019920319,52.0,True,0.6035622954368591,UNRANKED,False
2018-06-06,2018-06-07,2018-06-08,BRK-B,XLF,194.66000366210938,192.92571585518974,1,SHORT,SHORT,0.12428778409957886,0.09362549800796813,0.9534884095191956,90.63745019920319,52.0,True,0.2259555160999298,UNRANKED,False
2018-06-07,2018-06-08,2018-06-11,BRK-B,XLF,195.33999633789062,193.51713671003068,1,SHORT,SHORT,0.08051206916570663,0.043478260869565216,0.8883218765258789,95.65217391304348,52.0,True,0.15823954343795776,UNRANKED,False
2018-06-08,2018-06-11,2018-06-12,BRK-B,XLF,196.3000030517578,194.54785919189453,1,SHORT,SHORT,0.08611170947551727,0.043478260869565216,0.9297693967819214,95.65217391304348,52.0,True,0.12631860375404355,UNRANKED,False
2018-06-11,2018-06-12,2018-06-13,BRK-B,XLF,195.97000122070312,194.30142974853516,1,SHORT,SHORT,0.10614313930273056,0.08333333333333333,0.9198099374771118,91.66666666666666,52.0,True,0.17423343658447268,UNRANKED,False
2018-06-12,2018-06-13,2018-06-14,BRK-B,XLF,195.1300048828125,199.2728614807129,1,SHORT,SHORT,0.14608022570610046,0.09409888357256778,0.8742103576660156,90.59011164274322,52.0,True,0.20302790403366083,UNRANKED,False
2018-06-13,2018-06-14,2018-06-15,BRK-B,XLF,194.9199981689453,198.80213928222656,1,SHORT,SHORT,0.11804906278848648,0.08333333333333333,0.864892840385437,91.66666666666666,52.0,True,0.16632285714149475,UNRANKED,False
2018-06-14,2018-06-15,2018-06-18,BRK-B,XLF,192.27999877929688,190.66071319580078,1,SHORT,SHORT,0.12167194485664368,0.09362549800796813,0.8855530023574829,90.63745019920319,52.0,True,0.1002681553363801,UNRANKED,False
2018-06-15,2018-06-18,2018-06-19,BRK-B,XLF,190.63999938964844,189.0164282662528,1,SHORT,SHORT,0.16716109216213226,0.09409888357256778,0.875742495059967,90.59011164274322,52.0,True,0.14159572124481207,UNRANKED,False
2018-06-18,2018-06-19,2018-06-20,BRK-B,XLF,190.0500030517578,188.6857179914202,1,SHORT,SHORT,0.15708927810192108,0.09409888357256778,0.9541913270950317,90.59011164274322,52.0,True,0.12379014492034918,UNRANKED,False
2018-06-19,2018-06-20,2018-06-21,BRK-B,XLF,190.47000122070312,193.26106807163782,1,SHORT,SHORT,0.17570048570632935,0.09409888357256778,0.9320573806762695,90.59011164274322,52.0,True,0.187389999628067,UNRANKED,False
2018-06-20,2018-06-21,2018-06-22,BRK-B,XLF,189.0500030517578,188.05643354143416,1,SHORT,SHORT,0.17919088900089264,0.10382513661202186,0.9465203881263733,89.61748633879782,52.0,True,0.2201727926731109,UNRANKED,False
2018-06-21,2018-06-22,2018-06-25,BRK-B,XLF,190.0,192.47320992606026,1,SHORT,SHORT,0.10256216675043106,0.08333333333333333,0.9516603350639343,91.66666666666666,52.0,True,0.2801786363124847,UNRANKED,False
2018-06-22,2018-06-25,2018-06-26,BRK-B,XLF,188.6300048828125,190.94607380458288,1,SHORT,SHORT,0.11280648410320282,0.08333333333333333,0.9530298709869385,91.66666666666666,52.0,True,0.2964529991149901,UNRANKED,False
2018-06-25,2018-06-26,2018-06-27,BRK-B,XLF,186.52000427246094,189.13071768624442,1,SHORT,SHORT,0.08870375901460648,0.043478260869565216,0.9286795258522034,95.65217391304348,52.0,True,0.21581172943115223,UNRANKED,False
2018-06-26,2018-06-27,2018-06-28,BRK-B,XLF,186.5,185.66500091552734,1,SHORT,SHORT,0.07661264389753342,0.0,0.9360654950141907,99.0,52.0,True,0.08878234028816233,UNRANKED,False
2018-06-27,2018-06-28,2018-06-29,BRK-B,XLF,185.42999267578125,184.59856523786272,1,SHORT,SHORT,0.09093086421489716,0.043478260869565216,0.9256547093391418,95.65217391304348,52.0,True,-0.11437126994132989,UNRANKED,False
2018-06-28,2018-06-29,2018-07-02,BRK-B,XLF,188.4600067138672,187.50429316929407,1,SHORT,SHORT,0.0765271931886673,0.0,0.879747211933136,99.0,52.0,True,0.1184186041355133,UNRANKED,False
2018-06-29,2018-07-02,2018-07-03,BRK-B,XLF,186.08999633789062,185.15142495291573,1,SHORT,SHORT,0.11994538456201553,0.08333333333333333,0.8172075748443604,91.66666666666666,52.0,True,0.1704886853694916,UNRANKED,False
2018-07-02,2018-07-03,2018-07-05,BRK-B,XLF,188.4600067138672,187.4414345877511,1,SHORT,SHORT,0.10127036273479462,0.06153846153846154,0.9724856615066528,93.84615384615384,52.0,True,0.19658425450325007,UNRANKED,False
2018-07-03,2018-07-05,2018-07-06,BRK-B,XLF,187.07000732421875,185.97357831682478,1,SHORT,SHORT,0.10506809502840042,0.08333333333333333,0.9684752225875854,91.66666666666666,52.0,True,0.44786962866783137,UNRANKED,False
2018-07-05,2018-07-06,2018-07-09,BRK-B,XLF,187.5,186.4442858014788,1,SHORT,SHORT,0.09493013471364975,0.043478260869565216,0.9368571043014526,95.65217391304348,52.0,True,0.25164827704429626,UNRANKED,False
2018-07-06,2018-07-09,2018-07-10,BRK-B,XLF,188.11000061035156,187.10285840715682,1,SHORT,SHORT,0.08506721258163452,0.043478260869565216,0.9582414031028748,95.65217391304348,52.0,True,0.03370100259780873,UNRANKED,False
2018-07-09,2018-07-10,2018-07-11,BRK-B,XLF,189.75,188.64071437290735,1,SHORT,SHORT,0.16514748334884644,0.09409888357256778,0.9591820240020752,90.59011164274322,52.0,True,0.38120320439338684,UNRANKED,False
2018-07-10,2018-07-11,2018-07-12,BRK-B,XLF,188.72999572753906,187.65642438616072,1,SHORT,SHORT,0.07924142479896545,0.043478260869565216,0.9665138125419617,95.65217391304348,52.0,True,0.10474756360054019,UNRANKED,False
2018-07-11,2018-07-12,2018-07-13,BRK-B,XLF,190.89999389648438,189.88642229352678,1,SHORT,SHORT,0.1287025362253189,0.09362549800796813,0.9317430257797241,90.63745019920319,52.0,True,0.3379162847995758,UNRANKED,False
2018-07-12,2018-07-13,2018-07-16,BRK-B,XLF,189.77000427246094,188.79857526506697,1,SHORT,SHORT,0.0913979783654213,0.043478260869565216,0.9284123182296753,95.65217391304348,52.0,True,0.20758518576622004,UNRANKED,False
2018-07-13,2018-07-16,2018-07-17,BRK-B,XLF,190.6999969482422,189.66071101597376,1,SHORT,SHORT,0.08485456556081772,0.043478260869565216,0.9602791666984558,95.65217391304348,52.0,True,0.1020319759845734,UNRANKED,False
2018-07-16,2018-07-17,2018-07-18,BRK-B,XLF,192.0,191.04214368547713,1,SHORT,SHORT,0.08487546443939209,0.043478260869565216,0.9593423008918762,95.65217391304348,52.0,True,0.1246194839477539,UNRANKED,False
2018-07-17,2018-07-18,2018-07-19,BRK-B,XLF,195.5,194.44928632463728,1,SHORT,SHORT,0.12666656076908112,0.09362549800796813,0.9384626746177673,90.63745019920319,52.0,True,0.13528758287429812,UNRANKED,False
2018-07-18,2018-07-19,2018-07-20,BRK-B,XLF,200.35000610351562,204.49464743477958,1,SHORT,SHORT,0.19658610224723816,0.10382513661202186,0.9846307635307312,89.61748633879782,52.0,True,0.6208919286727905,UNRANKED,False
2018-07-19,2018-07-20,2018-07-23,BRK-B,XLF,197.0,195.28714316231864,1,SHORT,SHORT,0.15379320085048676,0.09409888357256778,0.9760779142379761,90.59011164274322,52.0,True,0.17358231544494637,UNRANKED,False
2018-07-20,2018-07-23,2018-07-24,BRK-B,XLF,196.25,194.51785714285714,1,SHORT,SHORT,0.14745751023292542,0.09409888357256778,0.958793044090271,90.59011164274322,52.0,True,0.12170043587684627,UNRANKED,False
2018-07-23,2018-07-24,2018-07-25,BRK-B,XLF,198.4499969482422,196.72571127755302,1,SHORT,SHORT,0.13511905074119568,0.09362549800796813,0.9508529305458069,90.63745019920319,52.0,True,0.2849344611167907,UNRANKED,False
2018-07-24,2018-07-25,2018-07-26,BRK-B,XLF,198.2100067138672,196.5714351109096,1,SHORT,SHORT,0.11457953602075577,0.08333333333333333,0.9532977342605591,91.66666666666666,52.0,True,0.23482432961463937,UNRANKED,False
2018-07-25,2018-07-26,2018-07-27,BRK-B,XLF,198.27000427246094,196.67643192836218,1,SHORT,SHORT,0.0801149234175682,0.043478260869565216,0.9552863240242004,95.65217391304348,52.0,True,0.10415828227996826,UNRANKED,False
2018-07-26,2018-07-27,2018-07-30,BRK-B,XLF,198.0,196.39999934605189,1,SHORT,SHORT,0.08480373024940491,0.043478260869565216,0.9620891213417053,95.65217391304348,52.0,True,0.08723831176757824,UNRANKED,False
2018-07-27,2018-07-30,2018-07-31,BRK-B,XLF,197.8000030517578,196.3135746547154,1,SHORT,SHORT,0.07739483565092087,0.043478260869565216,0.9639291763305664,95.65217391304348,52.0,True,0.08672699332237252,UNRANKED,False
2018-07-30,2018-07-31,2018-08-01,BRK-B,XLF,199.0,197.45071411132812,1,SHORT,SHORT,0.13842789828777313,0.09362549800796813,0.9578515291213989,90.63745019920319,52.0,True,0.14577171206474307,UNRANKED,False
2018-07-31,2018-08-01,2018-08-02,BRK-B,XLF,198.8000030517578,197.16428920200892,1,SHORT,SHORT,0.09844445437192917,0.06153846153846154,0.9360953569412231,93.84615384615384,52.0,True,0.3682237565517426,UNRANKED,False
2018-08-01,2018-08-02,2018-08-03,BRK-B,XLF,197.1999969482422,195.56642695835657,1,SHORT,SHORT,0.09050843864679337,0.043478260869565216,0.964713990688324,95.65217391304348,52.0,True,0.3738660514354705,UNRANKED,False
2018-08-02,2018-08-03,2018-08-06,BRK-B,XLF,198.5,196.92285919189453,1,SHORT,SHORT,0.09348685294389725,0.043478260869565216,0.9785645008087158,95.65217391304348,52.0,True,0.2794367671012878,UNRANKED,False
2018-08-03,2018-08-06,2018-08-07,BRK-B,XLF,204.88999938964844,203.23142896379744,1,SHORT,SHORT,0.16588853299617767,0.09409888357256778,0.9698410034179688,90.59011164274322,52.0,True,0.36207869648933416,UNRANKED,False
2018-08-06,2018-08-07,2018-08-08,BRK-B,XLF,207.5,205.53928702218192,1,SHORT,SHORT,0.17297148704528809,0.09409888357256778,0.9829940795898438,90.59011164274322,52.0,True,0.4040415287017822,UNRANKED,False
2018-08-07,2018-08-08,2018-08-09,BRK-B,XLF,208.80999755859375,207.37571280343192,1,SHORT,SHORT,0.1500154435634613,0.09409888357256778,0.9426608681678772,90.59011164274322,52.0,True,0.09476476907730111,UNRANKED,False
2018-08-08,2018-08-09,2018-08-10,BRK-B,XLF,209.0,212.09821265084403,1,SHORT,SHORT,0.1171434298157692,0.08333333333333333,0.972402811050415,91.66666666666666,52.0,True,0.10211482644081103,UNRANKED,False
2018-08-09,2018-08-10,2018-08-13,BRK-B,XLF,207.3000030517578,210.3000008719308,1,SHORT,SHORT,0.09430449455976486,0.043478260869565216,0.9579415321350098,95.65217391304348,52.0,True,0.12725448608398435,UNRANKED,False
2018-08-10,2018-08-13,2018-08-14,BRK-B,XLF,206.6300048828125,205.3300061907087,1,SHORT,SHORT,0.1643696427345276,0.09409888357256778,0.9480621814727783,90.59011164274322,52.0,True,0.28955650329589844,UNRANKED,False
2018-08-13,2018-08-14,2018-08-15,BRK-B,XLF,205.3000030517578,203.93928963797433,1,SHORT,SHORT,0.20218564569950104,0.10382513661202186,0.967798113822937,89.61748633879782,52.0,True,0.1587642133235932,UNRANKED,False
2018-08-14,2018-08-15,2018-08-16,BRK-B,XLF,205.00999450683594,203.66285269601005,1,SHORT,SHORT,0.12863914668560028,0.09362549800796813,0.955507218837738,90.63745019920319,52.0,True,0.28716889023780817,UNRANKED,False
2018-08-15,2018-08-16,2018-08-17,BRK-B,XLF,205.38999938964844,203.95857129778182,1,SHORT,SHORT,0.12349668145179749,0.09362549800796813,0.9351123571395874,90.63745019920319,52.0,True,0.2695522606372834,UNRANKED,False
2018-08-16,2018-08-17,2018-08-20,BRK-B,XLF,207.57000732421875,205.9550072806222,1,SHORT,SHORT,0.12205540388822556,0.09362549800796813,0.9559926390647888,90.63745019920319,52.0,True,0.25336635112762446,UNRANKED,False
2018-08-17,2018-08-20,2018-08-21,BRK-B,XLF,208.42999267578125,206.85499245779855,1,SHORT,SHORT,0.13252198696136475,0.09362549800796813,0.9673547148704529,90.63745019920319,52.0,True,0.2798719108104706,UNRANKED,False
2018-08-20,2018-08-21,2018-08-22,BRK-B,XLF,208.80999755859375,207.29928261893136,1,SHORT,SHORT,0.12408702075481415,0.09362549800796813,0.9526466131210327,90.63745019920319,52.0,True,0.18386787176132197,UNRANKED,False
2018-08-21,2018-08-22,2018-08-23,BRK-B,XLF,207.6300048828125,206.1185749598912,1,SHORT,SHORT,0.1334739774465561,0.09362549800796813,0.8935558199882507,90.63745019920319,52.0,True,0.28686264157295227,UNRANKED,False
2018-08-22,2018-08-23,2018-08-24,BRK-B,XLF,207.5800018310547,206.00071389334542,1,SHORT,SHORT,0.17641475796699524,0.09409888357256778,0.9159685969352722,90.59011164274322,52.0,True,0.14937007427215576,UNRANKED,False
2018-08-23,2018-08-24,2018-08-27,BRK-B,XLF,207.75,206.31999860491072,1,SHORT,SHORT,0.1783882975578308,0.10382513661202186,0.9373956918716431,89.61748633879782,52.0,True,0.05719903111457828,UNRANKED,False
2018-08-24,2018-08-27,2018-08-28,BRK-B,XLF,208.55999755859375,207.49285343715124,1,SHORT,SHORT,0.10375121980905533,0.08333333333333333,0.9543731808662415,91.66666666666666,52.0,True,0.10542288422584531,UNRANKED,False
2018-08-27,2018-08-28,2018-08-29,BRK-B,XLF,210.8800048828125,209.82214682442802,1,SHORT,SHORT,0.13441358506679535,0.09362549800796813,0.9334913492202759,90.63745019920319,52.0,True,0.12451329827308649,UNRANKED,False
2018-08-28,2018-08-29,2018-08-30,BRK-B,XLF,211.0,213.651789528983,1,SHORT,SHORT,0.1379016488790512,0.09362549800796813,0.9209558963775635,90.63745019920319,52.0,True,0.05422791838645942,UNRANKED,False
2018-08-29,2018-08-30,2018-08-31,BRK-B,XLF,211.0800018310547,213.79250499180384,1,SHORT,SHORT,0.15954004228115082,0.09409888357256778,0.9576839804649353,90.59011164274322,52.0,True,0.20869454741477964,UNRANKED,False
2018-08-30,2018-08-31,2018-09-04,BRK-B,XLF,210.0,208.98285566057478,1,SHORT,SHORT,0.19101016223430634,0.10382513661202186,0.9596754908561707,89.61748633879782,52.0,True,0.13266140222549433,UNRANKED,False
2018-08-31,2018-09-04,2018-09-05,BRK-B,XLF,209.2100067138672,208.22357722691126,1,SHORT,SHORT,0.23744675517082214,0.10747663551401869,0.9562737345695496,89.25233644859813,52.0,True,0.2503346800804138,UNRANKED,False
2018-09-04,2018-09-05,2018-09-06,BRK-B,XLF,209.80999755859375,208.7757110595703,1,SHORT,SHORT,0.18480367958545685,0.10382513661202186,0.9531050324440002,89.61748633879782,52.0,True,0.237141102552414,UNRANKED,False
2018-09-05,2018-09-06,2018-09-07,BRK-B,XLF,211.60000610351562,210.50286320277624,1,SHORT,SHORT,0.16887129843235016,0.09409888357256778,0.9456071853637695,90.59011164274322,52.0,True,0.2503050565719604,UNRANKED,False
2018-09-06,2018-09-07,2018-09-10,BRK-B,XLF,212.5,211.57714189801897,1,SHORT,SHORT,0.14603348076343536,0.09409888357256778,0.9455021023750305,90.59011164274322,52.0,True,0.18290337920188904,UNRANKED,False
2018-09-07,2018-09-10,2018-09-11,BRK-B,XLF,215.0,214.03571428571428,1,SHORT,SHORT,0.1253337413072586,0.09362549800796813,0.9650331139564514,90.63745019920319,52.0,True,0.11378553509712222,UNRANKED,False
2018-09-10,2018-09-11,2018-09-12,BRK-B,XLF,214.0399932861328,213.02213614327567,1,SHORT,SHORT,0.15672512352466583,0.09409888357256778,0.9233027696609497,90.59011164274322,52.0,True,0.02717033028602589,UNRANKED,False
2018-09-11,2018-09-12,2018-09-13,BRK-B,XLF,214.5399932861328,213.52356501988,1,SHORT,SHORT,0.11929922550916672,0.08333333333333333,0.9361432194709778,91.66666666666666,52.0,True,-0.01904696226119997,UNRANKED,False
2018-09-12,2018-09-13,2018-09-14,BRK-B,XLF,215.02000427246094,214.0500041416713,1,SHORT,SHORT,0.11907241493463516,0.08333333333333333,0.9579861760139465,91.66666666666666,52.0,True,0.08816257119178762,UNRANKED,False
2018-09-13,2018-09-14,2018-09-17,BRK-B,XLF,215.5,214.51499938964844,1,SHORT,SHORT,0.12191591411828995,0.09362549800796813,0.9615508317947388,90.63745019920319,52.0,True,-0.006056398153305061,UNRANKED,False
2018-09-14,2018-09-17,2018-09-18,BRK-B,XLF,216.99000549316406,215.9521473475865,1,SHORT,SHORT,0.12309166043996811,0.09362549800796813,0.9554316997528076,90.63745019920319,52.0,True,0.1127771735191345,UNRANKED,False
2018-09-17,2018-09-18,2018-09-19,BRK-B,XLF,216.3000030517578,215.43714468819755,1,SHORT,SHORT,0.1561749279499054,0.09409888357256778,0.9249703884124756,90.59011164274322,52.0,True,0.3766930401325226,UNRANKED,False
2018-09-18,2018-09-19,2018-09-20,BRK-B,XLF,218.22000122070312,217.23214285714286,1,SHORT,SHORT,0.1493549346923828,0.09409888357256778,0.9517175555229187,90.59011164274322,52.0,True,0.32428085803985596,UNRANKED,False
2018-09-19,2018-09-20,2018-09-21,BRK-B,XLF,221.77999877929688,224.6335721697126,1,SHORT,SHORT,0.13630226254463196,0.09362549800796813,0.9531567692756653,90.63745019920319,52.0,True,0.26304370164871227,UNRANKED,False
2018-09-20,2018-09-21,2018-09-24,BRK-B,XLF,222.1300048828125,224.8425053187779,1,SHORT,SHORT,0.10083843022584915,0.06153846153846154,0.9655621647834778,93.84615384615384,52.0,True,0.08625766634941094,UNRANKED,False
2018-09-21,2018-09-24,2018-09-25,BRK-B,XLF,220.47999572753906,223.2157085963658,1,SHORT,SHORT,0.11522731930017471,0.08333333333333333,0.9436033964157104,91.66666666666666,52.0,True,0.08903470635414132,UNRANKED,False
2018-09-24,2018-09-25,2018-09-26,BRK-B,XLF,218.42999267578125,221.3549908229283,1,SHORT,SHORT,0.11082284152507782,0.08333333333333333,0.9610909819602966,91.66666666666666,52.0,True,0.15591016411781308,UNRANKED,False
2018-09-25,2018-09-26,2018-09-27,BRK-B,XLF,218.0500030517578,220.59464590890067,1,SHORT,SHORT,0.10166070610284805,0.08333333333333333,0.9764852523803711,91.66666666666666,52.0,True,0.16889947652816775,UNRANKED,False
2018-09-26,2018-09-27,2018-09-28,BRK-B,XLF,216.74000549316406,219.52036121913366,1,SHORT,SHORT,0.1662595421075821,0.09409888357256778,0.9579105973243713,90.59011164274322,52.0,True,0.3414525091648101,UNRANKED,False
2018-09-27,2018-09-28,2018-10-01,BRK-B,XLF,216.3800048828125,219.05857631138392,1,SHORT,SHORT,0.1095089241862297,0.08333333333333333,0.9748538732528687,91.66666666666666,52.0,True,0.045733779668807956,UNRANKED,False
2018-09-28,2018-10-01,2018-10-02,BRK-B,XLF,215.9199981689453,214.73999895368303,1,SHORT,SHORT,0.08196498453617096,0.043478260869565216,0.9814044833183289,95.65217391304348,52.0,True,0.05161657929420474,UNRANKED,False
2018-10-01,2018-10-02,2018-10-03,BRK-B,XLF,214.42999267578125,213.20285034179688,1,SHORT,SHORT,0.08548346161842346,0.043478260869565216,0.9909533262252808,95.65217391304348,52.0,True,0.09887015819549554,UNRANKED,False
2018-10-02,2018-10-03,2018-10-04,BRK-B,XLF,215.75,214.52285875592912,1,SHORT,SHORT,0.10670609027147293,0.08333333333333333,0.9828402996063232,91.66666666666666,52.0,True,0.21454060077667234,UNRANKED,False
2018-10-03,2018-10-04,2018-10-05,BRK-B,XLF,216.42999267578125,215.14499446323939,1,SHORT,SHORT,0.14948590099811554,0.09409888357256778,0.9627426862716675,90.59011164274322,52.0,True,0.3081813454627991,UNRANKED,False
2018-10-04,2018-10-05,2018-10-08,BRK-B,XLF,219.6999969482422,218.33714076450892,1,SHORT,SHORT,0.12991812825202942,0.09362549800796813,0.9469581842422485,90.63745019920319,52.0,True,0.28687468171119695,UNRANKED,False
2018-10-05,2018-10-08,2018-10-09,BRK-B,XLF,219.16000366210938,217.76786150251115,1,SHORT,SHORT,0.12994125485420227,0.09362549800796813,0.9440034031867981,90.63745019920319,52.0,True,-0.06873637437820454,UNRANKED,False
2018-10-08,2018-10-09,2018-10-10,BRK-B,XLF,221.85000610351562,225.43571526663644,1,SHORT,SHORT,0.21978339552879333,0.10504201680672269,0.9517362713813782,89.49579831932773,52.0,True,0.12184631824493407,UNRANKED,False
2018-10-09,2018-10-10,2018-10-11,BRK-B,XLF,224.0,227.4160668509347,1,SHORT,SHORT,0.1381058245897293,0.09362549800796813,0.9211963415145874,90.63745019920319,52.0,True,0.29132178425788885,UNRANKED,False
2018-10-10,2018-10-11,2018-10-12,BRK-B,XLF,209.89999389648438,215.08927372523718,1,SHORT,SHORT,0.1454545110464096,0.09409888357256778,0.9170715808868408,90.59011164274322,52.0,True,0.2436172366142273,UNRANKED,False
2018-10-11,2018-10-12,2018-10-15,BRK-B,XLF,210.0399932861328,216.4346329825265,1,SHORT,SHORT,0.1361297070980072,0.09362549800796813,0.9046179056167603,90.63745019920319,52.0,True,0.24697193503379822,UNRANKED,False
2018-10-12,2018-10-15,2018-10-16,BRK-B,XLF,207.4600067138672,204.95786503383093,1,SHORT,SHORT,0.1211833506822586,0.09362549800796813,0.8536141514778137,90.63745019920319,52.0,True,0.35550048947334284,UNRANKED,False
2018-10-15,2018-10-16,2018-10-17,BRK-B,XLF,206.66000366210938,204.03714752197266,1,SHORT,SHORT,0.10275650024414062,0.08333333333333333,0.9671932458877563,91.66666666666666,52.0,True,-0.2398029565811156,UNRANKED,False
2018-10-16,2018-10-17,2018-10-18,BRK-B,XLF,209.8300018310547,207.00285993303572,1,SHORT,SHORT,0.10238628089427948,0.08333333333333333,0.9737709164619446,91.66666666666666,52.0,True,-0.11673459410667403,UNRANKED,False
2018-10-17,2018-10-18,2018-10-19,BRK-B,XLF,210.0,207.16571480887276,1,SHORT,SHORT,0.24165470898151398,0.10747663551401869,0.9742549657821655,89.25233644859813,52.0,True,1.1951338201761248,UNRANKED,False
2018-10-18,2018-10-19,2018-10-22,BRK-B,XLF,208.49000549316406,205.7107195172991,1,SHORT,SHORT,0.22251828014850616,0.10504201680672269,0.9677426218986511,89.49579831932773,52.0,True,1.097064584493637,UNRANKED,False
2018-10-19,2018-10-22,2018-10-23,BRK-B,XLF,210.77000427246094,217.80036326817103,1,SHORT,SHORT,0.2016354501247406,0.10382513661202186,0.9438451528549194,89.61748633879782,52.0,True,1.1301283091306686,UNRANKED,False
2018-10-22,2018-10-23,2018-10-24,BRK-B,XLF,203.10000610351562,210.6892945425851,1,SHORT,SHORT,0.14911331236362457,0.09409888357256778,0.9485172629356384,90.59011164274322,52.0,True,0.9606331586837769,UNRANKED,False
2018-10-23,2018-10-24,2018-10-25,BRK-B,XLF,202.77000427246094,199.65714590890067,1,SHORT,SHORT,0.16610346734523773,0.09409888357256778,0.9409376978874207,90.59011164274322,52.0,True,0.6700510382652284,UNRANKED,False
2018-10-24,2018-10-25,2018-10-26,BRK-B,XLF,200.72999572753906,197.50142342703683,1,SHORT,SHORT,0.2593995928764343,0.10747663551401869,0.8810964226722717,89.25233644859813,52.0,True,1.116985559463501,UNRANKED,False
2018-10-25,2018-10-26,2018-10-29,BRK-B,XLF,199.00999450683594,195.6614227294922,1,SHORT,SHORT,0.3008100390434265,0.12903225806451613,0.9237684011459351,87.09677419354838,52.0,True,0.8106211423873901,UNRANKED,False
2018-10-26,2018-10-29,2018-10-30,BRK-B,XLF,201.22999572753906,197.81785256522042,1,SHORT,SHORT,0.28647011518478394,0.12903225806451613,0.8734238147735596,87.09677419354838,52.0,True,1.3232759833335879,UNRANKED,False
2018-10-29,2018-10-30,2018-10-31,BRK-B,XLF,199.64999389648438,196.24856567382812,1,SHORT,SHORT,0.2923968732357025,0.12903225806451613,0.9699550867080688,87.09677419354838,52.0,True,1.0541061460971832,UNRANKED,False
2018-10-30,2018-10-31,2018-11-01,BRK-B,XLF,205.2100067138672,202.33357674734933,1,SHORT,SHORT,0.2395738661289215,0.10747663551401869,0.9695345759391785,89.25233644859813,52.0,True,1.2274260222911832,UNRANKED,False
2018-10-31,2018-11-01,2018-11-02,BRK-B,XLF,205.60000610351562,203.15071977887834,1,SHORT,SHORT,0.11114151775836945,0.08333333333333333,0.9699554443359375,91.66666666666666,52.0,True,0.38669443130493164,UNRANKED,False
2018-11-01,2018-11-02,2018-11-05,BRK-B,XLF,207.5,205.12428501674108,1,SHORT,SHORT,0.11973372846841812,0.08333333333333333,0.9869605302810669,91.66666666666666,52.0,True,-0.19164068996906292,UNRANKED,False
2018-11-02,2018-11-05,2018-11-06,BRK-B,XLF,213.50999450683594,211.20999363490515,1,SHORT,SHORT,0.11341174691915512,0.08333333333333333,0.9772999286651611,91.66666666666666,52.0,True,0.10085894167423246,UNRANKED,False
2018-11-05,2018-11-06,2018-11-07,BRK-B,XLF,216.75,214.10214233398438,1,SHORT,SHORT,0.18311338126659393,0.10382513661202186,0.9730543494224548,89.61748633879782,52.0,True,0.16925892233848552,UNRANKED,False
2018-11-06,2018-11-07,2018-11-08,BRK-B,XLF,219.99000549316406,217.22929164341517,1,SHORT,SHORT,0.112880177795887,0.08333333333333333,0.981069803237915,91.66666666666666,52.0,True,0.5889432132244111,UNRANKED,False
2018-11-07,2018-11-08,2018-11-09,BRK-B,XLF,221.24000549316406,218.41429138183594,1,SHORT,SHORT,0.13461601734161377,0.09362549800796813,0.970658004283905,90.63745019920319,52.0,True,0.824184387922287,UNRANKED,False
2018-11-08,2018-11-09,2018-11-12,BRK-B,XLF,221.6699981689453,228.7432098388672,1,SHORT,SHORT,0.14135751128196716,0.09362549800796813,0.9763443470001221,90.63745019920319,52.0,True,0.5124685168266295,UNRANKED,False
2018-11-09,2018-11-12,2018-11-13,BRK-B,XLF,219.9600067138672,217.19143676757812,1,SHORT,SHORT,0.16144397854804993,0.09409888357256778,0.9479289054870605,90.59011164274322,52.0,True,0.9401494860649109,UNRANKED,False
2018-11-12,2018-11-13,2018-11-14,BRK-B,XLF,215.61000061035156,212.697144644601,1,SHORT,SHORT,0.17455583810806274,0.09409888357256778,0.959857702255249,90.59011164274322,52.0,True,0.3844866454601288,UNRANKED,False
2018-11-13,2018-11-14,2018-11-15,BRK-B,XLF,219.5,216.7078584943499,1,SHORT,SHORT,0.1813957691192627,0.10382513661202186,0.9315306544303894,89.61748633879782,52.0,True,0.7335954904556276,UNRANKED,False
2018-11-14,2018-11-15,2018-11-16,BRK-B,XLF,214.8300018310547,212.0578602382115,1,SHORT,SHORT,0.11558670550584793,0.08333333333333333,0.887290358543396,91.66666666666666,52.0,True,-0.08832454681396482,UNRANKED,False
2018-11-15,2018-11-16,2018-11-19,BRK-B,XLF,217.0,214.3807144165039,1,SHORT,SHORT,0.1575082540512085,0.09409888357256778,0.9408068060874939,90.59011164274322,52.0,True,0.904665768146515,UNRANKED,False
2018-11-16,2018-11-19,2018-11-20,BRK-B,XLF,218.27999877929688,224.7353575570243,1,SHORT,SHORT,0.17805537581443787,0.10382513661202186,0.9622193574905396,89.61748633879782,52.0,True,0.9116335660219194,UNRANKED,False
2018-11-19,2018-11-20,2018-11-21,BRK-B,XLF,215.30999755859375,221.25821140834265,1,SHORT,SHORT,0.16778989136219025,0.09409888357256778,0.942668080329895,90.59011164274322,52.0,True,1.042991429567337,UNRANKED,False
2018-11-20,2018-11-21,2018-11-23,BRK-B,XLF,211.3000030517578,218.194646017892,1,SHORT,SHORT,0.2690974175930023,0.10747663551401869,0.9093322157859802,89.25233644859813,52.0,True,1.0584698766469955,UNRANKED,False
2018-11-21,2018-11-23,2018-11-26,BRK-B,XLF,209.25,206.52285766601562,1,SHORT,SHORT,0.24444478750228882,0.10747663551401869,0.9210171699523926,89.25233644859813,52.0,True,1.187091529369354,UNRANKED,False
2018-11-23,2018-11-26,2018-11-27,BRK-B,XLF,209.3000030517578,206.35286167689733,1,SHORT,SHORT,0.17784777283668518,0.10382513661202186,0.9126731753349304,89.61748633879782,52.0,True,1.1465299278497694,UNRANKED,False
2018-11-26,2018-11-27,2018-11-28,BRK-B,XLF,209.82000732421875,207.30929456438338,1,SHORT,SHORT,0.16041508316993713,0.09409888357256778,0.9437258243560791,90.59011164274322,52.0,True,0.7909900546073915,UNRANKED,False
2018-11-27,2018-11-28,2018-11-29,BRK-B,XLF,213.0,210.51571546282088,1,SHORT,SHORT,0.11677345633506775,0.08333333333333333,0.9298912882804871,91.66666666666666,52.0,True,0.8305318653583527,UNRANKED,False
2018-11-28,2018-11-29,2018-11-30,BRK-B,XLF,215.85000610351562,213.20572226388114,1,SHORT,SHORT,0.07071257382631302,0.0,0.9675809741020203,99.0,52.0,True,0.4760178923606871,UNRANKED,False
2018-11-29,2018-11-30,2018-12-03,BRK-B,XLF,217.22999572753906,214.6557115827288,1,SHORT,SHORT,0.09274329245090485,0.043478260869565216,0.9240565896034241,95.65217391304348,52.0,True,0.2723519802093504,UNRANKED,False
2018-11-30,2018-12-03,2018-12-04,BRK-B,XLF,221.97999572753906,228.01392310006278,1,SHORT,SHORT,0.08795803785324097,0.043478260869565216,0.9010528326034546,95.65217391304348,52.0,True,0.22259226441383356,UNRANKED,False
2018-12-03,2018-12-04,2018-12-06,BRK-B,XLF,220.1300048828125,225.87107249668665,1,SHORT,SHORT,0.07359597831964493,0.0,0.9335981607437134,99.0,52.0,True,0.2863425314426421,UNRANKED,False
2018-12-04,2018-12-06,2018-12-07,BRK-B,XLF,207.0500030517578,204.16857583182198,1,SHORT,SHORT,0.18234774470329285,0.10382513661202186,0.932803213596344,89.61748633879782,52.0,True,0.22127497196197501,UNRANKED,False
2018-12-06,2018-12-07,2018-12-10,BRK-B,XLF,208.13999938964844,215.391779763358,1,SHORT,SHORT,0.18538229167461395,0.10382513661202186,0.9473051428794861,89.61748633879782,52.0,True,0.5443053245544435,UNRANKED,False
2018-12-07,2018-12-10,2018-12-11,BRK-B,XLF,204.10000610351562,201.07572283063615,1,SHORT,SHORT,0.15388745069503784,0.09409888357256778,0.8592225909233093,90.59011164274322,52.0,True,0.827434927225113,UNRANKED,False
2018-12-10,2018-12-11,2018-12-12,BRK-B,XLF,206.1199951171875,213.78606251307897,1,SHORT,SHORT,0.15315021574497223,0.09409888357256778,0.8618295788764954,90.59011164274322,52.0,True,0.9726439118385315,UNRANKED,False
2018-12-11,2018-12-12,2018-12-13,BRK-B,XLF,205.0,201.8971448625837,1,SHORT,SHORT,0.25916698575019836,0.10747663551401869,0.918008029460907,89.25233644859813,52.0,True,1.2657561749219894,UNRANKED,False
2018-12-12,2018-12-13,2018-12-14,BRK-B,XLF,202.0,199.3992876325335,1,SHORT,SHORT,0.09287132322788239,0.043478260869565216,0.9661996364593506,95.65217391304348,52.0,True,-0.03667500615119942,UNRANKED,False
2018-12-13,2018-12-14,2018-12-17,BRK-B,XLF,200.9600067138672,207.44571685791016,1,SHORT,SHORT,0.08986686170101166,0.043478260869565216,0.9707659482955933,95.65217391304348,52.0,True,0.026958674192428637,UNRANKED,False
2018-12-14,2018-12-17,2018-12-18,BRK-B,XLF,199.77000427246094,206.01107243129186,1,SHORT,SHORT,0.1392960250377655,0.09362549800796813,0.951370894908905,90.63745019920319,52.0,True,0.3641114234924316,UNRANKED,False
2018-12-17,2018-12-18,2018-12-19,BRK-B,XLF,199.64999389648438,205.62677710396903,1,SHORT,SHORT,0.1326863169670105,0.09362549800796813,0.916024386882782,90.63745019920319,52.0,True,0.7238682806491852,UNRANKED,False
2018-12-18,2018-12-19,2018-12-20,BRK-B,XLF,196.50999450683594,202.39749200003487,1,SHORT,SHORT,0.16997316479682922,0.09409888357256778,0.8948974013328552,90.59011164274322,52.0,True,0.40516376495361317,UNRANKED,False
2018-12-19,2018-12-20,2018-12-21,BRK-B,XLF,194.00999450683594,191.91356658935547,1,SHORT,SHORT,0.12537959218025208,0.09362549800796813,0.870337963104248,90.63745019920319,52.0,True,0.676973283290863,UNRANKED,False
2018-12-20,2018-12-21,2018-12-24,BRK-B,XLF,192.22000122070312,197.70928519112724,1,SHORT,SHORT,0.11975491791963577,0.08333333333333333,0.9208055138587952,91.66666666666666,52.0,True,0.28715744614601146,UNRANKED,False
2018-12-21,2018-12-24,2018-12-26,BRK-B,XLF,190.6999969482422,188.43714141845703,1,SHORT,SHORT,0.1123630702495575,0.08333333333333333,0.9341815114021301,91.66666666666666,52.0,True,-0.04892441630363464,UNRANKED,False
2018-12-24,2018-12-26,2018-12-27,BRK-B,XLF,188.64999389648438,186.26070840018136,1,SHORT,SHORT,0.11280538141727448,0.08333333333333333,0.9121528267860413,91.66666666666666,52.0,True,0.19141447544097895,UNRANKED,False
2018-12-26,2018-12-27,2018-12-28,BRK-B,XLF,195.60000610351562,193.27357700892858,1,SHORT,SHORT,0.21682314574718475,0.10504201680672269,0.9715781807899475,89.49579831932773,52.0,True,0.6451946347951888,UNRANKED,False
2018-12-27,2018-12-28,2018-12-31,BRK-B,XLF,200.72000122070312,198.36571502685547,1,SHORT,SHORT,0.09229026734828949,0.043478260869565216,0.955792248249054,95.65217391304348,52.0,True,0.6544830948114396,UNRANKED,False
2018-12-28,2018-12-31,2019-01-02,BRK-B,XLF,204.22999572753906,201.95570918491907,1,SHORT,SHORT,0.1115175262093544,0.08333333333333333,0.9849145412445068,91.66666666666666,52.0,True,-0.4032819867134095,UNRANKED,False
2018-12-31,2019-01-02,2019-01-03,BRK-B,XLF,201.72999572753906,207.50142288208008,1,SHORT,SHORT,0.05067659914493561,0.0,0.9842785000801086,99.0,52.0,True,-0.357579991221428,UNRANKED,False
2019-01-02,2019-01-03,2019-01-04,BRK-B,XLF,199.97000122070312,205.8128558567592,1,SHORT,SHORT,0.08177391439676285,0.043478260869565216,0.9890179634094238,95.65217391304348,52.0,True,-0.22813943028450007,UNRANKED,False
2019-01-03,2019-01-04,2019-01-07,BRK-B,XLF,194.85000610351562,191.73143550327845,1,SHORT,SHORT,0.14281517267227173,0.09409888357256778,0.977609395980835,90.59011164274322,52.0,True,1.100778818130493,UNRANKED,False
2019-01-04,2019-01-07,2019-01-08,BRK-B,XLF,196.38999938964844,193.02285766601562,1,SHORT,SHORT,0.17067384719848633,0.09409888357256778,0.9785324335098267,90.59011164274322,52.0,True,1.1861006766557693,UNRANKED,False
2019-01-07,2019-01-08,2019-01-09,BRK-B,XLF,198.99000549316406,195.67357744489397,1,SHORT,SHORT,0.17686615884304047,0.10382513661202186,0.9724923372268677,89.61748633879782,52.0,True,1.164779797196388,UNRANKED,False
2019-01-08,2019-01-09,2019-01-10,BRK-B,XLF,197.3000030517578,194.08928898402624,1,SHORT,SHORT,0.1498803198337555,0.09409888357256778,0.9700232744216919,90.59011164274322,52.0,True,0.8419884294271469,UNRANKED,False
2019-01-09,2019-01-10,2019-01-11,BRK-B,XLF,195.50999450683594,192.39499446323939,1,SHORT,SHORT,0.09500593692064285,0.043478260869565216,0.9605720043182373,95.65217391304348,52.0,True,0.6452800929546355,UNRANKED,False
2019-01-10,2019-01-11,2019-01-14,BRK-B,XLF,195.66000366210938,192.62643214634485,1,SHORT,SHORT,0.094411700963974,0.043478260869565216,0.9739041924476624,95.65217391304348,52.0,True,0.39623802900314337,UNRANKED,False
2019-01-11,2019-01-14,2019-01-15,BRK-B,XLF,194.77999877929688,191.8392835344587,1,SHORT,SHORT,0.08868739753961563,0.043478260869565216,0.9657018780708313,95.65217391304348,52.0,True,0.4541428089141845,UNRANKED,False
2019-01-14,2019-01-15,2019-01-16,BRK-B,XLF,195.7899932861328,192.91856384277344,1,SHORT,SHORT,0.13104408979415894,0.09362549800796813,0.9375975131988525,90.63745019920319,52.0,True,0.654815912246704,UNRANKED,False
2019-01-15,2019-01-16,2019-01-17,BRK-B,XLF,197.63999938964844,194.99571337018693,1,SHORT,SHORT,0.1095561534166336,0.08333333333333333,0.9489091038703918,91.66666666666666,52.0,True,0.5155643820762635,UNRANKED,False
2019-01-16,2019-01-17,2019-01-18,BRK-B,XLF,197.6999969482422,195.65142604282923,1,SHORT,SHORT,0.09872701019048691,0.06153846153846154,0.9145755767822266,93.84615384615384,52.0,True,0.6167520582675934,UNRANKED,False
2019-01-17,2019-01-18,2019-01-22,BRK-B,XLF,200.6999969482422,198.80713980538505,1,SHORT,SHORT,0.11092726141214371,0.08333333333333333,0.9516061544418335,91.66666666666666,52.0,True,0.24657741189002996,UNRANKED,False
2019-01-18,2019-01-22,2019-01-23,BRK-B,XLF,203.52000427246094,208.92000252859933,1,SHORT,SHORT,0.1386920064687729,0.09362549800796813,0.9591748118400574,90.63745019920319,52.0,True,0.27878484129905706,UNRANKED,False
2019-01-22,2019-01-23,2019-01-24,BRK-B,XLF,200.72000122070312,198.4414302280971,1,SHORT,SHORT,0.21787995100021362,0.10504201680672269,0.9443336129188538,89.49579831932773,52.0,True,0.5921489298343658,UNRANKED,False
2019-01-23,2019-01-24,2019-01-25,BRK-B,XLF,199.75,197.53928593226843,1,SHORT,SHORT,0.12721435725688934,0.09362549800796813,0.8709338307380676,90.63745019920319,52.0,True,0.549658328294754,UNRANKED,False
2019-01-24,2019-01-25,2019-01-28,BRK-B,XLF,203.0500030517578,206.61071504865373,1,SHORT,SHORT,0.15739203989505768,0.09409888357256778,0.8684076070785522,90.59011164274322,52.0,True,0.9854930937290192,UNRANKED,False
2019-01-25,2019-01-28,2019-01-29,BRK-B,XLF,201.49000549316406,200.19500623430525,1,SHORT,SHORT,0.14288069307804108,0.09409888357256778,0.9628301858901978,90.59011164274322,52.0,True,0.7186742424964904,UNRANKED,False
2019-01-28,2019-01-29,2019-01-30,BRK-B,XLF,200.9199981689453,199.61857060023718,1,SHORT,SHORT,0.1340184360742569,0.09362549800796813,0.9442275166511536,90.63745019920319,52.0,True,0.5424374043941497,UNRANKED,False
2019-01-29,2019-01-30,2019-01-31,BRK-B,XLF,203.30999755859375,201.9728557041713,1,SHORT,SHORT,0.11687790602445602,0.08333333333333333,0.914020836353302,91.66666666666666,52.0,True,0.38292667269706726,UNRANKED,False
2019-01-30,2019-01-31,2019-02-01,BRK-B,XLF,204.67999267578125,203.06785038539343,1,SHORT,SHORT,0.20724846422672272,0.10504201680672269,0.9030300974845886,89.49579831932773,52.0,True,0.32176575064659113,UNRANKED,False
2019-01-31,2019-02-01,2019-02-04,BRK-B,XLF,206.52000427246094,204.89286150251115,1,SHORT,SHORT,0.1417178511619568,0.09362549800796813,0.933586597442627,90.63745019920319,52.0,True,0.12687626481056208,UNRANKED,False
2019-02-01,2019-02-04,2019-02-05,BRK-B,XLF,209.16000366210938,207.29286084856307,1,SHORT,SHORT,0.09840298444032669,0.06153846153846154,0.969048023223877,93.84615384615384,52.0,True,-0.19612571597099304,UNRANKED,False
2019-02-04,2019-02-05,2019-02-06,BRK-B,XLF,209.10000610351562,213.79643521990096,1,SHORT,SHORT,0.08190056681632996,0.043478260869565216,0.9615412354469299,95.65217391304348,52.0,True,0.14511945843696597,UNRANKED,False
2019-02-05,2019-02-06,2019-02-07,BRK-B,XLF,207.24000549316406,211.85429055350167,1,SHORT,SHORT,0.08576113730669022,0.043478260869565216,0.9699556231498718,95.65217391304348,52.0,True,0.21547886729240415,UNRANKED,False
2019-02-06,2019-02-07,2019-02-08,BRK-B,XLF,204.52999877929688,209.20500019618444,1,SHORT,SHORT,0.09646031260490417,0.06153846153846154,0.9603486657142639,93.84615384615384,52.0,True,0.37703481316566473,UNRANKED,False
2019-02-07,2019-02-08,2019-02-11,BRK-B,XLF,200.82000732421875,198.67072078159876,1,SHORT,SHORT,0.09569459408521652,0.043478260869565216,0.883646547794342,95.65217391304348,52.0,True,0.2465240359306336,UNRANKED,False
2019-02-08,2019-02-11,2019-02-12,BRK-B,XLF,201.69000244140625,199.89000156947546,1,SHORT,SHORT,0.12147883325815201,0.09362549800796813,0.8579651713371277,90.63745019920319,52.0,True,0.048455387353896984,UNRANKED,False
2019-02-11,2019-02-12,2019-02-13,BRK-B,XLF,204.94000244140625,203.25642939976282,1,SHORT,SHORT,0.1082775667309761,0.08333333333333333,0.934816837310791,91.66666666666666,52.0,True,0.3243779838085174,UNRANKED,False
2019-02-12,2019-02-13,2019-02-14,BRK-B,XLF,206.9600067138672,211.6457247052874,1,SHORT,SHORT,0.11475875228643417,0.08333333333333333,0.9325381517410278,91.66666666666666,52.0,True,0.34360119700431824,UNRANKED,False
2019-02-13,2019-02-14,2019-02-15,BRK-B,XLF,204.63999938964844,202.74999782017298,1,SHORT,SHORT,0.1322312355041504,0.09362549800796813,0.911134660243988,90.63745019920319,52.0,True,0.23490199446678162,UNRANKED,False
2019-02-14,2019-02-15,2019-02-19,BRK-B,XLF,204.86000061035156,202.8778555733817,1,SHORT,SHORT,0.14263835549354553,0.09409888357256778,0.8861550688743591,90.59011164274322,52.0,True,0.13589930534362799,UNRANKED,False
2019-02-15,2019-02-19,2019-02-20,BRK-B,XLF,205.10000610351562,203.06714739118303,1,SHORT,SHORT,0.21912513673305511,0.10504201680672269,0.8933795690536499,89.49579831932773,52.0,True,0.2006229758262634,UNRANKED,False
2019-02-19,2019-02-20,2019-02-21,BRK-B,XLF,205.77999877929688,203.79713984898157,1,SHORT,SHORT,0.1715286672115326,0.09409888357256778,0.9432436227798462,90.59011164274322,52.0,True,0.15023708343505862,UNRANKED,False
2019-02-20,2019-02-21,2019-02-22,BRK-B,XLF,206.27000427246094,210.61286544799805,1,SHORT,SHORT,0.1327715665102005,0.09362549800796813,0.9625437259674072,90.63745019920319,52.0,True,0.1428535878658295,UNRANKED,False
2019-02-21,2019-02-22,2019-02-25,BRK-B,XLF,204.25,208.66607339041573,1,SHORT,SHORT,0.1998409628868103,0.10382513661202186,0.9137874245643616,89.61748633879782,52.0,True,0.23573267459869388,UNRANKED,False
2019-02-22,2019-02-25,2019-02-26,BRK-B,XLF,201.6999969482422,199.9499969482422,1,SHORT,SHORT,0.1676976978778839,0.09409888357256778,0.9238886833190918,90.59011164274322,52.0,True,0.014693349599838312,UNRANKED,False
2019-02-25,2019-02-26,2019-02-27,BRK-B,XLF,202.39999389648438,200.66927991594588,1,SHORT,SHORT,0.19704663753509521,0.10382513661202186,0.9257867336273193,89.61748633879782,52.0,True,0.4414281249046326,UNRANKED,False
2019-02-26,2019-02-27,2019-02-28,BRK-B,XLF,201.72000122070312,200.01000104631697,1,SHORT,SHORT,0.17966604232788086,0.10382513661202186,0.8109921216964722,89.61748633879782,52.0,True,0.34896773099899286,UNRANKED,False
2019-02-27,2019-02-28,2019-03-01,BRK-B,XLF,202.67999267578125,201.07142203194755,1,SHORT,SHORT,0.1544504463672638,0.09409888357256778,0.8224279284477234,90.59011164274322,52.0,True,0.27175930142402643,UNRANKED,False
2019-02-28,2019-03-01,2019-03-04,BRK-B,XLF,203.14999389648438,201.77642386300224,1,SHORT,SHORT,0.12438250333070755,0.09362549800796813,0.9198623895645142,90.63745019920319,52.0,True,0.05903512239456184,UNRANKED,False
2019-03-01,2019-03-04,2019-03-05,BRK-B,XLF,203.08999633789062,206.7060650416783,1,SHORT,SHORT,0.08896362781524658,0.043478260869565216,0.960369884967804,95.65217391304348,52.0,True,0.07155144214630124,UNRANKED,False
2019-03-04,2019-03-05,2019-03-06,BRK-B,XLF,201.75999450683594,200.37142399379186,1,SHORT,SHORT,0.1304037719964981,0.09362549800796813,0.951907217502594,90.63745019920319,52.0,True,0.19043067097663885,UNRANKED,False
2019-03-05,2019-03-06,2019-03-07,BRK-B,XLF,201.61000061035156,204.58857073102678,1,SHORT,SHORT,0.1320391744375229,0.09362549800796813,0.9522226452827454,90.63745019920319,52.0,True,0.4599636793136596,UNRANKED,False
2019-03-06,2019-03-07,2019-03-08,BRK-B,XLF,200.5800018310547,203.63893127441406,1,SHORT,SHORT,0.17317597568035126,0.09409888357256778,0.9784938097000122,90.59011164274322,52.0,True,0.527416855096817,UNRANKED,False
2019-03-07,2019-03-08,2019-03-11,BRK-B,XLF,197.91000366210938,196.80428968157088,1,SHORT,SHORT,0.1917080283164978,0.10382513661202186,0.9555916786193848,89.61748633879782,52.0,True,0.4760613143444062,UNRANKED,False
2019-03-08,2019-03-11,2019-03-12,BRK-B,XLF,199.6199951171875,198.6507088797433,1,SHORT,SHORT,0.156540185213089,0.09409888357256778,0.9591162204742432,90.59011164274322,52.0,True,0.2869280278682709,UNRANKED,False
2019-03-11,2019-03-12,2019-03-13,BRK-B,XLF,202.66000366210938,201.4771466936384,1,SHORT,SHORT,0.20502135157585144,0.10504201680672269,0.9677926301956177,89.49579831932773,52.0,True,0.29832524061203003,UNRANKED,False
2019-03-12,2019-03-13,2019-03-14,BRK-B,XLF,203.0,201.82142857142858,1,SHORT,SHORT,0.15501989424228668,0.09409888357256778,0.9493440389633179,90.59011164274322,52.0,True,0.18872758746147156,UNRANKED,False
2019-03-13,2019-03-14,2019-03-15,BRK-B,XLF,203.25999450683594,202.02928052629744,1,SHORT,SHORT,0.10612327605485916,0.08333333333333333,0.9614834189414978,91.66666666666666,52.0,True,0.0070066452026367,UNRANKED,False
2019-03-14,2019-03-15,2019-03-18,BRK-B,XLF,204.0800018310547,203.04500252859933,1,SHORT,SHORT,0.13493694365024567,0.09362549800796813,0.9715065956115723,90.63745019920319,52.0,True,0.12956765294075004,UNRANKED,False
2019-03-15,2019-03-18,2019-03-19,BRK-B,XLF,204.6699981689453,203.5971418108259,1,SHORT,SHORT,0.1829736828804016,0.10382513661202186,0.9100608825683594,89.61748633879782,52.0,True,0.0010431110858917514,UNRANKED,False
2019-03-18,2019-03-19,2019-03-20,BRK-B,XLF,207.75,210.78213936941964,1,SHORT,SHORT,0.1301652193069458,0.09362549800796813,0.9242095947265625,90.63745019920319,52.0,True,0.12697657942771923,UNRANKED,False
2019-03-19,2019-03-20,2019-03-21,BRK-B,XLF,205.42999267578125,204.13570840018136,1,SHORT,SHORT,0.11131363362073898,0.08333333333333333,0.8816254734992981,91.66666666666666,52.0,True,0.07866823673248298,UNRANKED,False
2019-03-20,2019-03-21,2019-03-22,BRK-B,XLF,202.9199981689453,206.31463732038225,1,SHORT,SHORT,0.15889941155910492,0.09409888357256778,0.8747789859771729,90.59011164274322,52.0,True,0.1972605884075165,UNRANKED,False
2019-03-21,2019-03-22,2019-03-25,BRK-B,XLF,203.27999877929688,206.55499267578125,1,SHORT,SHORT,0.12074372917413712,0.09362549800796813,0.8977099061012268,90.63745019920319,52.0,True,0.10997730493545539,UNRANKED,False
2019-03-22,2019-03-25,2019-03-26,BRK-B,XLF,200.8300018310547,199.33714839390345,1,SHORT,SHORT,0.21587568521499634,0.10504201680672269,0.6432033777236938,89.49579831932773,52.0,True,-0.6660735905170441,UNRANKED,False
2019-03-25,2019-03-26,2019-03-27,BRK-B,XLF,200.8300018310547,204.6996361868722,1,SHORT,SHORT,0.16995009779930115,0.09409888357256778,0.6179596185684204,90.59011164274322,52.0,True,0.29667046666145325,UNRANKED,False
2019-03-26,2019-03-27,2019-03-28,BRK-B,XLF,200.72000122070312,199.14500536237443,1,SHORT,SHORT,0.15082138776779175,0.09409888357256778,0.7226980924606323,90.59011164274322,52.0,True,0.4787066578865052,UNRANKED,False
2019-03-27,2019-03-28,2019-03-29,BRK-B,XLF,199.39999389648438,197.82214137486048,1,SHORT,SHORT,0.11876984685659409,0.08333333333333333,0.785624086856842,91.66666666666666,52.0,True,0.4036794006824493,UNRANKED,False
2019-03-28,2019-03-29,2019-04-01,BRK-B,XLF,201.33999633789062,199.70143018450057,1,SHORT,SHORT,0.1144661009311676,0.08333333333333333,0.9106746912002563,91.66666666666666,52.0,True,0.41216906905174255,UNRANKED,False
2019-03-29,2019-04-01,2019-04-02,BRK-B,XLF,202.16000366210938,200.74715205601282,1,SHORT,SHORT,0.11132968217134476,0.08333333333333333,0.8691176772117615,91.66666666666666,52.0,True,0.21273928880691526,UNRANKED,False
2019-04-01,2019-04-02,2019-04-03,BRK-B,XLF,204.91000366210938,203.23286655970983,1,SHORT,SHORT,0.13411124050617218,0.09362549800796813,0.8783871531486511,90.63745019920319,52.0,True,0.29292216897010803,UNRANKED,False
2019-04-02,2019-04-03,2019-04-04,BRK-B,XLF,205.4600067138672,203.81429835728235,1,SHORT,SHORT,0.10959628224372864,0.08333333333333333,0.9523710608482361,91.66666666666666,52.0,True,0.1546489596366882,UNRANKED,False
2019-04-03,2019-04-04,2019-04-05,BRK-B,XLF,203.25999450683594,201.64785657610213,1,SHORT,SHORT,0.1275717169046402,0.09362549800796813,0.9452238082885742,90.63745019920319,52.0,True,0.24714013934135437,UNRANKED,False
2019-04-04,2019-04-05,2019-04-08,BRK-B,XLF,204.1199951171875,202.54357038225447,1,SHORT,SHORT,0.1521543562412262,0.09409888357256778,0.9584149122238159,90.59011164274322,52.0,True,0.28061023354530334,UNRANKED,False
2019-04-05,2019-04-08,2019-04-09,BRK-B,XLF,205.13999938964844,203.64500318254744,1,SHORT,SHORT,0.09972946345806122,0.06153846153846154,0.951042890548706,93.84615384615384,52.0,True,0.17057496309280393,UNRANKED,False
2019-04-08,2019-04-09,2019-04-10,BRK-B,XLF,204.83999633789062,203.44857134137834,1,SHORT,SHORT,0.1328108310699463,0.09362549800796813,0.9131492376327515,90.63745019920319,52.0,True,0.18477565050125122,UNRANKED,False
2019-04-09,2019-04-10,2019-04-11,BRK-B,XLF,205.1199951171875,203.8392835344587,1,SHORT,SHORT,0.12698714435100555,0.09362549800796813,0.9502831101417542,90.63745019920319,52.0,True,0.2201730906963349,UNRANKED,False
2019-04-10,2019-04-11,2019-04-12,BRK-B,XLF,204.75999450683594,203.533568246024,1,SHORT,SHORT,0.11500377207994461,0.08333333333333333,0.948032557964325,91.66666666666666,52.0,True,0.20379826426506045,UNRANKED,False
2019-04-11,2019-04-12,2019-04-15,BRK-B,XLF,208.0800018310547,206.9771466936384,1,SHORT,SHORT,0.1026281863451004,0.08333333333333333,0.964651346206665,91.66666666666666,52.0,True,0.12611040472984325,UNRANKED,False
2019-04-12,2019-04-15,2019-04-16,BRK-B,XLF,210.52000427246094,209.2185777936663,1,SHORT,SHORT,0.13519731163978577,0.09362549800796813,0.9657332301139832,90.63745019920319,52.0,True,0.03026086091995235,UNRANKED,False
2019-04-15,2019-04-16,2019-04-17,BRK-B,XLF,210.14999389648438,208.87428174700057,1,SHORT,SHORT,0.09762599319219589,0.06153846153846154,0.955843985080719,93.84615384615384,52.0,True,-0.06601530313491812,UNRANKED,False
2019-04-16,2019-04-17,2019-04-18,BRK-B,XLF,212.38999938964844,215.69535282679968,1,SHORT,SHORT,0.07851893454790115,0.043478260869565216,0.9687092900276184,95.65217391304348,52.0,True,-0.013290971517562972,UNRANKED,False
2019-04-17,2019-04-18,2019-04-22,BRK-B,XLF,210.9600067138672,214.2617906842913,1,SHORT,SHORT,0.13567525148391724,0.09362549800796813,0.9372221827507019,90.63745019920319,52.0,True,0.18132612109184268,UNRANKED,False
2019-04-18,2019-04-22,2019-04-23,BRK-B,XLF,209.5,208.16857256208147,1,SHORT,SHORT,0.13910020887851715,0.09362549800796813,0.9357463121414185,90.63745019920319,52.0,True,0.13933169841766355,UNRANKED,False
2019-04-22,2019-04-23,2019-04-24,BRK-B,XLF,209.5,208.42642974853516,1,SHORT,SHORT,0.1407531350851059,0.09362549800796813,0.9460128545761108,90.63745019920319,52.0,True,0.2170656621456146,UNRANKED,False
2019-04-23,2019-04-24,2019-04-25,BRK-B,XLF,211.5500030517578,210.40500422886439,1,SHORT,SHORT,0.16352242231369019,0.09409888357256778,0.9340145587921143,90.59011164274322,52.0,True,0.074365258216858,UNRANKED,False
2019-04-24,2019-04-25,2019-04-26,BRK-B,XLF,209.6199951171875,208.41571153913225,1,SHORT,SHORT,0.12261554598808289,0.09362549800796813,0.9570639133453369,90.63745019920319,52.0,True,0.18226712942123416,UNRANKED,False
2019-04-25,2019-04-26,2019-04-29,BRK-B,XLF,211.85000610351562,210.57786669049943,1,SHORT,SHORT,0.1288999766111374,0.09362549800796813,0.9589129686355591,90.63745019920319,52.0,True,0.22355890274047854,UNRANKED,False
2019-04-26,2019-04-29,2019-04-30,BRK-B,XLF,214.9199981689453,213.57357243129186,1,SHORT,SHORT,0.17387324571609497,0.09409888357256778,0.9627081751823425,90.59011164274322,52.0,True,0.18840810656547552,UNRANKED,False
2019-04-29,2019-04-30,2019-05-01,BRK-B,XLF,217.32000732421875,215.81072453090124,1,SHORT,SHORT,0.15276962518692017,0.09409888357256778,0.9298548102378845,90.59011164274322,52.0,True,0.24117246270179746,UNRANKED,False
2019-04-30,2019-05-01,2019-05-02,BRK-B,XLF,217.22000122070312,215.7250039236886,1,SHORT,SHORT,0.13118502497673035,0.09362549800796813,0.9163617491722107,90.63745019920319,52.0,True,0.19241911172866827,UNRANKED,False
2019-05-01,2019-05-02,2019-05-03,BRK-B,XLF,217.19000244140625,215.72357613699776,1,SHORT,SHORT,0.12536180019378662,0.09362549800796813,0.9528549313545227,90.63745019920319,52.0,True,0.4135107100009919,UNRANKED,False
2019-05-02,2019-05-03,2019-05-06,BRK-B,XLF,217.13999938964844,220.56142589024134,1,SHORT,SHORT,0.1619303673505783,0.09409888357256778,0.9539291858673096,90.59011164274322,52.0,True,0.48042647540569294,UNRANKED,False
2019-05-03,2019-05-06,2019-05-07,BRK-B,XLF,214.69000244140625,217.89357430594308,1,SHORT,SHORT,0.1287546455860138,0.09362549800796813,0.9818815588951111,90.63745019920319,52.0,True,0.4704794287681579,UNRANKED,False
2019-05-06,2019-05-07,2019-05-08,BRK-B,XLF,211.33999633789062,215.3685700552804,1,SHORT,SHORT,0.21479026973247528,0.10504201680672269,0.9800424575805664,89.49579831932773,52.0,True,0.2213668823242188,UNRANKED,False
2019-05-07,2019-05-08,2019-05-09,BRK-B,XLF,208.25999450683594,206.52927834647042,1,SHORT,SHORT,0.18808527290821075,0.10382513661202186,0.9534285664558411,89.61748633879782,52.0,True,0.3767112791538239,UNRANKED,False
2019-05-08,2019-05-09,2019-05-10,BRK-B,XLF,207.33999633789062,205.70142364501953,1,SHORT,SHORT,0.12665507197380066,0.09362549800796813,0.9346777200698853,90.63745019920319,52.0,True,0.37912076711654663,UNRANKED,False
2019-05-09,2019-05-10,2019-05-13,BRK-B,XLF,207.88999938964844,212.04893221173967,1,SHORT,SHORT,0.13348765671253204,0.09362549800796813,0.9082598686218262,90.63745019920319,52.0,True,-0.1590881645679474,UNRANKED,False
2019-05-10,2019-05-13,2019-05-14,BRK-B,XLF,204.9600067138672,203.2992902483259,1,SHORT,SHORT,0.11838588863611221,0.08333333333333333,0.9607126116752625,91.66666666666666,52.0,True,0.13557058572769165,UNRANKED,False
2019-05-13,2019-05-14,2019-05-15,BRK-B,XLF,205.6699981689453,210.15929194859095,1,SHORT,SHORT,0.15863771736621857,0.09409888357256778,0.9309301376342773,90.59011164274322,52.0,True,0.1821229755878449,UNRANKED,False
2019-05-14,2019-05-15,2019-05-16,BRK-B,XLF,202.7899932861328,200.97427586146765,1,SHORT,SHORT,0.09727860242128372,0.06153846153846154,0.965153694152832,93.84615384615384,52.0,True,0.06268218159675605,UNRANKED,False
2019-05-15,2019-05-16,2019-05-17,BRK-B,XLF,203.89999389648438,202.13213239397322,1,SHORT,SHORT,0.12365075945854187,0.09362549800796813,0.9604791402816772,90.63745019920319,52.0,True,-0.14068388938903806,UNRANKED,False
2019-05-16,2019-05-17,2019-05-20,BRK-B,XLF,203.0,201.27642386300224,1,SHORT,SHORT,0.12617911398410797,0.09362549800796813,0.9911007285118103,90.63745019920319,52.0,True,0.27517336606979365,UNRANKED,False
2019-05-17,2019-05-20,2019-05-21,BRK-B,XLF,202.63999938964844,200.98785182407923,1,SHORT,SHORT,0.12050492316484451,0.09362549800796813,0.9828806519508362,90.63745019920319,52.0,True,0.2536869049072267,UNRANKED,False
2019-05-20,2019-05-21,2019-05-22,BRK-B,XLF,203.16000366210938,201.47857012067522,1,SHORT,SHORT,0.10069870948791504,0.06153846153846154,0.985335111618042,93.84615384615384,52.0,True,0.4450054466724395,UNRANKED,False
2019-05-21,2019-05-22,2019-05-23,BRK-B,XLF,202.72000122070312,200.99356733049666,1,SHORT,SHORT,0.09361714869737625,0.043478260869565216,0.9870584607124329,95.65217391304348,52.0,True,0.3262695074081422,UNRANKED,False
2019-05-22,2019-05-23,2019-05-24,BRK-B,XLF,200.8000030517578,199.0749991280692,1,SHORT,SHORT,0.10048609226942062,0.06153846153846154,0.9896048307418823,93.84615384615384,52.0,True,0.18384537100791928,UNRANKED,False
2019-05-23,2019-05-24,2019-05-28,BRK-B,XLF,202.1199951171875,206.1878602164132,1,SHORT,SHORT,0.1677865833044052,0.09409888357256778,0.9853295683860779,90.59011164274322,52.0,True,0.4767923951148986,UNRANKED,False
2019-05-24,2019-05-28,2019-05-29,BRK-B,XLF,202.0500030517578,205.21608189174108,1,SHORT,SHORT,0.1797570139169693,0.10382513661202186,0.9877418279647827,89.61748633879782,52.0,True,0.3170927166938781,UNRANKED,False
2019-05-28,2019-05-29,2019-05-30,BRK-B,XLF,198.9499969482422,197.80785151890345,1,SHORT,SHORT,0.16394248604774475,0.09409888357256778,0.9718205332756042,90.59011164274322,52.0,True,0.2647143304347991,UNRANKED,False
2019-05-29,2019-05-30,2019-05-31,BRK-B,XLF,199.05999755859375,202.10107421875,1,SHORT,SHORT,0.2191808819770813,0.10504201680672269,0.9847962856292725,89.49579831932773,52.0,True,0.386691063642502,UNRANKED,False
2019-05-30,2019-05-31,2019-06-03,BRK-B,XLF,198.32000732421875,197.0685762677874,1,SHORT,SHORT,0.22660140693187714,0.10504201680672269,0.9830523729324341,89.49579831932773,52.0,True,0.35543811321258545,UNRANKED,False
2019-05-31,2019-06-03,2019-06-04,BRK-B,XLF,197.6199951171875,196.23570687430245,1,SHORT,SHORT,0.10479246824979782,0.08333333333333333,0.9501858949661255,91.66666666666666,52.0,True,0.2981329560279846,UNRANKED,False
2019-06-03,2019-06-04,2019-06-05,BRK-B,XLF,200.6300048828125,199.45071738106864,1,SHORT,SHORT,0.0976376086473465,0.06153846153846154,0.9526021480560303,93.84615384615384,52.0,True,0.1529808342456817,UNRANKED,False
2019-06-04,2019-06-05,2019-06-06,BRK-B,XLF,202.3800048828125,201.07857404436385,1,SHORT,SHORT,0.14278607070446014,0.09409888357256778,0.9319105744361877,90.59011164274322,52.0,True,0.34591433405876165,UNRANKED,False
2019-06-05,2019-06-06,2019-06-07,BRK-B,XLF,202.89999389648438,201.52713448660714,1,SHORT,SHORT,0.1455906480550766,0.09409888357256778,0.9837189316749573,90.59011164274322,52.0,True,0.4010834097862243,UNRANKED,False
2019-06-06,2019-06-07,2019-06-10,BRK-B,XLF,204.9499969482422,203.58999524797713,1,SHORT,SHORT,0.10432881116867065,0.08333333333333333,0.9859014749526978,91.66666666666666,52.0,True,0.3923112452030182,UNRANKED,False
2019-06-07,2019-06-10,2019-06-11,BRK-B,XLF,207.1199951171875,205.78285108293807,1,SHORT,SHORT,0.17301110923290253,0.09409888357256778,0.9865033626556396,90.59011164274322,52.0,True,0.25719100236892695,UNRANKED,False
2019-06-10,2019-06-11,2019-06-12,BRK-B,XLF,208.5,211.98750250680106,1,SHORT,SHORT,0.09763503074645996,0.06153846153846154,0.9874497652053833,93.84615384615384,52.0,True,0.19061285257339478,UNRANKED,False
2019-06-11,2019-06-12,2019-06-13,BRK-B,XLF,206.1999969482422,204.81213923863,1,SHORT,SHORT,0.1228850856423378,0.09362549800796813,0.9672242403030396,90.63745019920319,52.0,True,0.2831794917583465,UNRANKED,False
2019-06-12,2019-06-13,2019-06-14,BRK-B,XLF,204.4600067138672,202.97929164341517,1,SHORT,SHORT,0.15334628522396088,0.09409888357256778,0.9806757569313049,90.59011164274322,52.0,True,0.33383697271347057,UNRANKED,False
2019-06-13,2019-06-14,2019-06-17,BRK-B,XLF,204.8699951171875,203.45213753836495,1,SHORT,SHORT,0.17379924654960632,0.09409888357256778,0.9810888767242432,90.59011164274322,52.0,True,0.49644726514816284,UNRANKED,False
2019-06-14,2019-06-17,2019-06-18,BRK-B,XLF,205.85000610351562,204.44786289760046,1,SHORT,SHORT,0.19086572527885437,0.10382513661202186,0.9794278144836426,89.61748633879782,52.0,True,0.49130022525787365,UNRANKED,False
2019-06-17,2019-06-18,2019-06-19,BRK-B,XLF,204.47000122070312,203.09000069754464,1,SHORT,SHORT,0.18725714087486267,0.10382513661202186,0.9731351733207703,89.61748633879782,52.0,True,0.4368589520454407,UNRANKED,False
2019-06-18,2019-06-19,2019-06-20,BRK-B,XLF,206.36000061035156,204.8835710797991,1,SHORT,SHORT,0.14201800525188446,0.09362549800796813,0.9274115562438965,90.63745019920319,52.0,True,0.37033367156982433,UNRANKED,False
2019-06-19,2019-06-20,2019-06-21,BRK-B,XLF,208.50999450683594,212.11535481044226,1,SHORT,SHORT,0.15735240280628204,0.09409888357256778,0.970834493637085,90.59011164274322,52.0,True,0.07921737432479842,UNRANKED,False
2019-06-20,2019-06-21,2019-06-24,BRK-B,XLF,208.42999267578125,211.85142190115792,1,SHORT,SHORT,0.15884795784950256,0.09409888357256778,0.9513994455337524,90.59011164274322,52.0,True,0.012996286153793384,UNRANKED,False
2019-06-21,2019-06-24,2019-06-25,BRK-B,XLF,206.38999938964844,204.97214290073939,1,SHORT,SHORT,0.23375990986824036,0.10747663551401869,0.9488635063171387,89.25233644859813,52.0,True,0.018748432397842473,UNRANKED,False
2019-06-24,2019-06-25,2019-06-26,BRK-B,XLF,207.41000366210938,206.16286141531808,1,SHORT,SHORT,0.10698097944259644,0.08333333333333333,0.9613797068595886,91.66666666666666,52.0,True,0.12501472234725947,UNRANKED,False
2019-06-25,2019-06-26,2019-06-27,BRK-B,XLF,208.27999877929688,207.06785692487443,1,SHORT,SHORT,0.13107144832611084,0.09362549800796813,0.9537215828895569,90.63745019920319,52.0,True,0.09965628385543825,UNRANKED,False
2019-06-26,2019-06-27,2019-06-28,BRK-B,XLF,208.97000122070312,207.83143179757255,1,SHORT,SHORT,0.140862837433815,0.09362549800796813,0.9430397152900696,90.63745019920319,52.0,True,0.05036601424217224,UNRANKED,False
2019-06-27,2019-06-28,2019-07-01,BRK-B,XLF,213.0,211.68500082833427,1,SHORT,SHORT,0.1289888471364975,0.09362549800796813,0.9594704508781433,90.63745019920319,52.0,True,0.24904704093933108,UNRANKED,False
2019-06-28,2019-07-01,2019-07-02,BRK-B,XLF,214.25,212.94928741455078,1,SHORT,SHORT,0.1704566329717636,0.09409888357256778,0.9772887825965881,90.59011164274322,52.0,True,0.023773074150085314,UNRANKED,False
2019-07-01,2019-07-02,2019-07-03,BRK-B,XLF,214.3800048828125,213.0135781424386,1,SHORT,SHORT,0.0924401730298996,0.043478260869565216,0.9863895773887634,95.65217391304348,52.0,True,0.2700458168983459,UNRANKED,False
2019-07-02,2019-07-03,2019-07-05,BRK-B,XLF,215.0,213.7750015258789,1,SHORT,SHORT,0.12275707721710205,0.09362549800796813,0.9921756386756897,90.63745019920319,52.0,True,0.4050892591476441,UNRANKED,False
2019-07-03,2019-07-05,2019-07-08,BRK-B,XLF,215.1300048828125,213.8907198224749,1,SHORT,SHORT,0.09909246116876602,0.06153846153846154,0.9933096170425415,93.84615384615384,52.0,True,0.2121625542640686,UNRANKED,False
2019-07-05,2019-07-08,2019-07-09,BRK-B,XLF,214.0,212.7664293561663,1,SHORT,SHORT,0.09470003843307495,0.043478260869565216,0.9886017441749573,95.65217391304348,52.0,True,0.09316238760948177,UNRANKED,False
2019-07-08,2019-07-09,2019-07-10,BRK-B,XLF,213.02000427246094,211.89786311558314,1,SHORT,SHORT,0.11557768285274506,0.08333333333333333,0.9809448719024658,91.66666666666666,52.0,True,0.030127674341201775,UNRANKED,False
2019-07-09,2019-07-10,2019-07-11,BRK-B,XLF,215.2100067138672,217.6314321245466,1,SHORT,SHORT,0.12460517883300781,0.09362549800796813,0.9813076257705688,90.63745019920319,52.0,True,0.05783638358116154,UNRANKED,False
2019-07-10,2019-07-11,2019-07-12,BRK-B,XLF,214.30999755859375,213.34285627092635,1,SHORT,SHORT,0.09999694675207138,0.06153846153846154,0.9715206027030945,93.84615384615384,52.0,True,-0.010365217924118058,UNRANKED,False
2019-07-11,2019-07-12,2019-07-15,BRK-B,XLF,213.1999969482422,212.26356942313058,1,SHORT,SHORT,0.09959223121404648,0.06153846153846154,0.9780514240264893,93.84615384615384,52.0,True,-0.002721667289733859,UNRANKED,False
2019-07-12,2019-07-15,2019-07-16,BRK-B,XLF,214.44000244140625,216.62036078316825,1,SHORT,SHORT,0.09420852363109589,0.043478260869565216,0.9880168437957764,95.65217391304348,52.0,True,0.0520524680614472,UNRANKED,False
2019-07-15,2019-07-16,2019-07-17,BRK-B,XLF,214.2899932861328,216.45606831141882,1,SHORT,SHORT,0.10173317044973373,0.08333333333333333,0.9643080234527588,91.66666666666666,52.0,True,0.08111989498138421,UNRANKED,False
2019-07-16,2019-07-17,2019-07-18,BRK-B,XLF,212.52000427246094,214.58607700892858,1,SHORT,SHORT,0.14931172132492065,0.09409888357256778,0.9503286480903625,90.59011164274322,52.0,True,0.14127680659294134,UNRANKED,False
2019-07-17,2019-07-18,2019-07-19,BRK-B,XLF,207.52000427246094,210.47715214320593,1,SHORT,SHORT,0.1539108008146286,0.09409888357256778,0.9271371364593506,90.59011164274322,52.0,True,0.0764168202877045,UNRANKED,False
2019-07-18,2019-07-19,2019-07-22,BRK-B,XLF,208.11000061035156,210.53500366210938,1,SHORT,SHORT,0.19211608171463013,0.10382513661202186,0.9586893916130066,89.61748633879782,52.0,True,0.04180446267127991,UNRANKED,False
2019-07-19,2019-07-22,2019-07-23,BRK-B,XLF,205.33999633789062,204.3085665021624,1,SHORT,SHORT,0.1475249081850052,0.09409888357256778,0.945431649684906,90.59011164274322,52.0,True,-0.000966489315033011,UNRANKED,False
2019-07-22,2019-07-23,2019-07-24,BRK-B,XLF,205.50999450683594,204.50142124720983,1,SHORT,SHORT,0.08402299880981445,0.043478260869565216,0.9776360392570496,95.65217391304348,52.0,True,-0.04323992133140556,UNRANKED,False
2019-07-23,2019-07-24,2019-07-25,BRK-B,XLF,205.74000549316406,204.6214316231864,1,SHORT,SHORT,0.11448091268539429,0.08333333333333333,0.9898504018783569,91.66666666666666,52.0,True,0.04283168911933906,UNRANKED,False
2019-07-24,2019-07-25,2019-07-26,BRK-B,XLF,208.3699951171875,207.18785095214844,1,SHORT,SHORT,0.13774938881397247,0.09362549800796813,0.9916291236877441,90.63745019920319,52.0,True,-0.08993726968765269,UNRANKED,False
2019-07-25,2019-07-26,2019-07-29,BRK-B,XLF,207.82000732421875,206.63929094587053,1,SHORT,SHORT,0.10705988854169846,0.08333333333333333,0.9867809414863586,91.66666666666666,52.0,True,-0.017938673496246255,UNRANKED,False
2019-07-26,2019-07-29,2019-07-30,BRK-B,XLF,210.0,213.28750610351562,1,SHORT,SHORT,0.11034578084945679,0.08333333333333333,0.9764921069145203,91.66666666666666,52.0,True,-0.062277674674987786,UNRANKED,False
2019-07-29,2019-07-30,2019-07-31,BRK-B,XLF,207.88999938964844,211.3400034223284,1,SHORT,SHORT,0.11414837837219238,0.08333333333333333,0.9736437797546387,91.66666666666666,52.0,True,-0.02963003516197188,UNRANKED,False
2019-07-30,2019-07-31,2019-08-01,BRK-B,XLF,207.8000030517578,211.26429312569755,1,SHORT,SHORT,0.11047197133302689,0.08333333333333333,0.9406255483627319,91.66666666666666,52.0,True,0.02775925397872931,UNRANKED,False
2019-07-31,2019-08-01,2019-08-02,BRK-B,XLF,205.6300048828125,209.36572429112024,1,SHORT,SHORT,0.1670244187116623,0.09409888357256778,0.9037106037139893,90.59011164274322,52.0,True,-0.1480259895324708,UNRANKED,False
2019-08-01,2019-08-02,2019-08-05,BRK-B,XLF,201.7899932861328,206.02392305646623,1,SHORT,SHORT,0.1899016797542572,0.10382513661202186,0.8969637155532837,89.61748633879782,52.0,True,0.2562666535377502,UNRANKED,False
2019-08-02,2019-08-05,2019-08-06,BRK-B,XLF,199.89999389648438,198.1778520856585,1,SHORT,SHORT,0.1769324541091919,0.10382513661202186,0.831053614616394,89.61748633879782,52.0,True,0.04234939813613885,UNRANKED,False
2019-08-05,2019-08-06,2019-08-07,BRK-B,XLF,199.61000061035156,197.58214351109095,1,SHORT,SHORT,0.09033817052841187,0.043478260869565216,0.8596423268318176,95.65217391304348,52.0,True,0.5498630404472351,UNRANKED,False
2019-08-06,2019-08-07,2019-08-08,BRK-B,XLF,198.55999755859375,196.71856907435827,1,SHORT,SHORT,0.1073976531624794,0.08333333333333333,0.8929145336151123,91.66666666666666,52.0,True,0.0853976309299469,UNRANKED,False
2019-08-07,2019-08-08,2019-08-09,BRK-B,XLF,199.92999267578125,197.9592786516462,1,SHORT,SHORT,0.07974972575902939,0.043478260869565216,0.8059669733047485,95.65217391304348,52.0,True,-0.1926501095294953,UNRANKED,False
2019-08-08,2019-08-09,2019-08-12,BRK-B,XLF,200.19000244140625,205.17035947527205,1,SHORT,SHORT,0.09109728038311005,0.043478260869565216,0.9881187081336975,95.65217391304348,52.0,True,-0.09127083420753489,UNRANKED,False
2019-08-09,2019-08-12,2019-08-13,BRK-B,XLF,197.61000061035156,195.59357234409876,1,SHORT,SHORT,0.0863010436296463,0.043478260869565216,0.9773899912834167,95.65217391304348,52.0,True,0.18436092138290416,UNRANKED,False
2019-08-12,2019-08-13,2019-08-14,BRK-B,XLF,197.4600067138672,195.42572130475725,1,SHORT,SHORT,0.12053010612726212,0.09362549800796813,0.9534158110618591,90.63745019920319,52.0,True,0.8565754294395447,UNRANKED,False
2019-08-13,2019-08-14,2019-08-15,BRK-B,XLF,195.77999877929688,193.7392839704241,1,SHORT,SHORT,0.14320108294487,0.09409888357256778,0.9703189134597778,90.59011164274322,52.0,True,0.6552121937274934,UNRANKED,False
2019-08-14,2019-08-15,2019-08-16,BRK-B,XLF,197.0800018310547,194.83214460100447,1,SHORT,SHORT,0.12215906381607056,0.09362549800796813,0.9194026589393616,90.63745019920319,52.0,True,0.3673397600650788,UNRANKED,False
2019-08-15,2019-08-16,2019-08-19,BRK-B,XLF,200.5,198.21642848423548,1,SHORT,SHORT,0.12492071837186813,0.09362549800796813,0.9472647309303284,90.63745019920319,52.0,True,0.193830668926239,UNRANKED,False
2019-08-16,2019-08-19,2019-08-20,BRK-B,XLF,202.72000122070312,208.45036043439592,1,SHORT,SHORT,0.09137726575136185,0.043478260869565216,0.9278443455696106,95.65217391304348,52.0,True,0.297825187444687,UNRANKED,False
2019-08-19,2019-08-20,2019-08-21,BRK-B,XLF,200.27000427246094,197.94786071777344,1,SHORT,SHORT,0.07998964190483093,0.043478260869565216,0.9619461297988892,95.65217391304348,52.0,True,0.10165223479270931,UNRANKED,False
2019-08-20,2019-08-21,2019-08-22,BRK-B,XLF,199.00999450683594,196.6585649762835,1,SHORT,SHORT,0.07809928804636002,0.043478260869565216,0.9397754669189453,95.65217391304348,52.0,True,0.20837745070457467,UNRANKED,False
2019-08-21,2019-08-22,2019-08-23,BRK-B,XLF,199.8000030517578,205.2089385986328,1,SHORT,SHORT,0.08675389736890793,0.043478260869565216,0.9627173542976379,95.65217391304348,52.0,True,0.33397513628005987,UNRANKED,False
2019-08-22,2019-08-23,2019-08-26,BRK-B,XLF,200.19000244140625,197.96857125418526,1,SHORT,SHORT,0.13346290588378906,0.09362549800796813,0.9693744778633118,90.63745019920319,52.0,True,0.501644641160965,UNRANKED,False
2019-08-23,2019-08-26,2019-08-27,BRK-B,XLF,198.6999969482422,196.5564237322126,1,SHORT,SHORT,0.16833917796611786,0.09409888357256778,0.9473311901092529,90.59011164274322,52.0,True,0.45252850651741033,UNRANKED,False
2019-08-26,2019-08-27,2019-08-28,BRK-B,XLF,200.75999450683594,198.6007080078125,1,SHORT,SHORT,0.20042723417282104,0.10382513661202186,0.9663742780685425,89.61748633879782,52.0,True,0.2592929005622863,UNRANKED,False
2019-08-27,2019-08-28,2019-08-29,BRK-B,XLF,198.02000427246094,195.89571816580636,1,SHORT,SHORT,0.22751665115356445,0.10504201680672269,0.9654288291931152,89.49579831932773,52.0,True,0.33390247821807867,UNRANKED,False
2019-08-28,2019-08-29,2019-08-30,BRK-B,XLF,201.7100067138672,199.60072108677454,1,SHORT,SHORT,0.13977466523647308,0.09362549800796813,0.9372962117195129,90.63745019920319,52.0,True,0.6586956083774567,UNRANKED,False
2019-08-29,2019-08-30,2019-09-03,BRK-B,XLF,204.02000427246094,209.52178955078125,1,SHORT,SHORT,0.17512482404708862,0.09409888357256778,0.951020359992981,90.59011164274322,52.0,True,0.4294502437114716,UNRANKED,False
2019-08-30,2019-09-03,2019-09-04,BRK-B,XLF,201.19000244140625,199.1078600202288,1,SHORT,SHORT,0.11607666313648224,0.08333333333333333,0.9536369442939758,91.66666666666666,52.0,True,0.1986243724822999,UNRANKED,False
2019-09-03,2019-09-04,2019-09-05,BRK-B,XLF,202.72999572753906,200.58285304478235,1,SHORT,SHORT,0.17370378971099854,0.09409888357256778,0.9559035301208496,90.59011164274322,52.0,True,0.3198954463005067,UNRANKED,False
2019-09-04,2019-09-05,2019-09-06,BRK-B,XLF,204.1300048828125,202.10286167689733,1,SHORT,SHORT,0.14867118000984192,0.09409888357256778,0.9767442941665649,90.59011164274322,52.0,True,0.45290839672088623,UNRANKED,False
2019-09-05,2019-09-06,2019-09-09,BRK-B,XLF,204.44000244140625,202.44500187465124,1,SHORT,SHORT,0.10159049183130264,0.08333333333333333,0.9869155883789062,91.66666666666666,52.0,True,0.21279233694076546,UNRANKED,False
2019-09-06,2019-09-09,2019-09-10,BRK-B,XLF,205.50999450683594,203.58070918491907,1,SHORT,SHORT,0.13629966974258423,0.09362549800796813,0.9810091257095337,90.63745019920319,52.0,True,0.2069692015647889,UNRANKED,False
2019-09-09,2019-09-10,2019-09-11,BRK-B,XLF,207.30999755859375,205.33285522460938,1,SHORT,SHORT,0.09156637638807297,0.043478260869565216,0.973158061504364,95.65217391304348,52.0,True,0.17724820971488964,UNRANKED,False
2019-09-10,2019-09-11,2019-09-12,BRK-B,XLF,208.27000427246094,206.3714338030134,1,SHORT,SHORT,0.09391801059246063,0.043478260869565216,0.9726648330688477,95.65217391304348,52.0,True,0.026290893554687486,UNRANKED,False
2019-09-11,2019-09-12,2019-09-13,BRK-B,XLF,211.0,208.99357278006417,1,SHORT,SHORT,0.11615779995918274,0.08333333333333333,0.9643802046775818,91.66666666666666,52.0,True,0.034717857837676884,UNRANKED,False
2019-09-12,2019-09-13,2019-09-16,BRK-B,XLF,212.24000549316406,210.3271495274135,1,SHORT,SHORT,0.1276744157075882,0.09362549800796813,0.9485565423965454,90.63745019920319,52.0,True,0.03179466724395753,UNRANKED,False
2019-09-13,2019-09-16,2019-09-17,BRK-B,XLF,212.05999755859375,216.55464008876257,1,SHORT,SHORT,0.1044612005352974,0.08333333333333333,0.9620538353919983,91.66666666666666,52.0,True,0.2148098945617675,UNRANKED,False
2019-09-16,2019-09-17,2019-09-18,BRK-B,XLF,210.35000610351562,208.5350058419364,1,SHORT,SHORT,0.11233815550804138,0.08333333333333333,0.9549177885055542,91.66666666666666,52.0,True,0.09412640333175651,UNRANKED,False
2019-09-17,2019-09-18,2019-09-19,BRK-B,XLF,209.88999938964844,208.19428362165178,1,SHORT,SHORT,0.11445971578359604,0.08333333333333333,0.9492562413215637,91.66666666666666,52.0,True,0.13438320159912107,UNRANKED,False
2019-09-18,2019-09-19,2019-09-20,BRK-B,XLF,210.77999877929688,214.77821840558732,1,SHORT,SHORT,0.09090114384889603,0.043478260869565216,0.9686295390129089,95.65217391304348,52.0,True,-0.017568290233612067,UNRANKED,False
2019-09-19,2019-09-20,2019-09-23,BRK-B,XLF,210.3699951171875,214.17714200701033,1,SHORT,SHORT,0.10595619678497314,0.08333333333333333,0.96604984998703,91.66666666666666,52.0,True,0.04861685633659367,UNRANKED,False
2019-09-20,2019-09-23,2019-09-24,BRK-B,XLF,207.02000427246094,205.43357413155692,1,SHORT,SHORT,0.13719433546066284,0.09362549800796813,0.9371777772903442,90.63745019920319,52.0,True,0.13711857795715346,UNRANKED,False
2019-09-23,2019-09-24,2019-09-25,BRK-B,XLF,208.1699981689453,206.75142669677734,1,SHORT,SHORT,0.102920763194561,0.08333333333333333,0.9523552656173706,91.66666666666666,52.0,True,0.21645453572273254,UNRANKED,False
2019-09-24,2019-09-25,2019-09-26,BRK-B,XLF,206.5,205.06214250837053,1,SHORT,SHORT,0.0987653136253357,0.06153846153846154,0.8758948445320129,93.84615384615384,52.0,True,0.399914413690567,UNRANKED,False
2019-09-25,2019-09-26,2019-09-27,BRK-B,XLF,208.19000244140625,206.77643040248327,1,SHORT,SHORT,0.16526761651039124,0.09409888357256778,0.8778674602508545,90.59011164274322,52.0,True,0.5030148327350616,UNRANKED,False
2019-09-26,2019-09-27,2019-09-30,BRK-B,XLF,207.72999572753906,206.26499394008093,1,SHORT,SHORT,0.14854274690151215,0.09409888357256778,0.9088906645774841,90.59011164274322,52.0,True,0.5428079962730408,UNRANKED,False
2019-09-27,2019-09-30,2019-10-01,BRK-B,XLF,207.77000427246094,206.40071650913782,1,SHORT,SHORT,0.10521763563156128,0.08333333333333333,0.9414172768592834,91.66666666666666,52.0,True,0.4316561222076416,UNRANKED,False
2019-09-30,2019-10-01,2019-10-02,BRK-B,XLF,208.94000244140625,212.16322272164481,1,SHORT,SHORT,0.1438564956188202,0.09409888357256778,0.9283670783042908,90.59011164274322,52.0,True,0.29528161883354187,UNRANKED,False
2019-10-01,2019-10-02,2019-10-03,BRK-B,XLF,206.08999633789062,204.89285169328963,1,SHORT,SHORT,0.1572393923997879,0.09409888357256778,0.9416007399559021,90.59011164274322,52.0,True,0.4481370449066162,UNRANKED,False
2019-10-02,2019-10-03,2019-10-04,BRK-B,XLF,202.64999389648438,201.22784859793526,1,SHORT,SHORT,0.1915511190891266,0.10382513661202186,0.8679785132408142,89.61748633879782,52.0,True,0.12551343441009524,UNRANKED,False
2019-10-03,2019-10-04,2019-10-07,BRK-B,XLF,205.08999633789062,203.69356645856584,1,SHORT,SHORT,0.20224586129188538,0.10382513661202186,0.9628414511680603,89.61748633879782,52.0,True,0.2667983472347259,UNRANKED,False
2019-10-04,2019-10-07,2019-10-08,BRK-B,XLF,207.36000061035156,210.81893375941686,1,SHORT,SHORT,0.15677589178085327,0.09409888357256778,0.9477421641349792,90.59011164274322,52.0,True,0.1829650104045868,UNRANKED,False
2019-10-07,2019-10-08,2019-10-09,BRK-B,XLF,205.6199951171875,204.1892798287528,1,SHORT,SHORT,0.1383635252714157,0.09362549800796813,0.9662154316902161,90.63745019920319,52.0,True,0.2811460793018342,UNRANKED,False
2019-10-08,2019-10-09,2019-10-10,BRK-B,XLF,204.94000244140625,203.33785792759485,1,SHORT,SHORT,0.22949793934822083,0.10504201680672269,0.9431867599487305,89.49579831932773,52.0,True,0.21047866344451915,UNRANKED,False
2019-10-09,2019-10-10,2019-10-11,BRK-B,XLF,206.3699951171875,204.70213535853796,1,SHORT,SHORT,0.19778403639793396,0.10382513661202186,0.9706317186355591,89.61748633879782,52.0,True,0.42789486050605774,UNRANKED,False
2019-10-10,2019-10-11,2019-10-14,BRK-B,XLF,208.97000122070312,207.36857060023718,1,SHORT,SHORT,0.18102875351905823,0.10382513661202186,0.9736658930778503,89.61748633879782,52.0,True,0.29833936691284174,UNRANKED,False
2019-10-11,2019-10-14,2019-10-15,BRK-B,XLF,208.00999450683594,206.33284868512834,1,SHORT,SHORT,0.21437883377075195,0.10504201680672269,0.9779863953590393,89.49579831932773,52.0,True,0.43904253840446467,UNRANKED,False
2019-10-14,2019-10-15,2019-10-16,BRK-B,XLF,207.72999572753906,206.15213666643416,1,SHORT,SHORT,0.2547488212585449,0.10747663551401869,0.9916071891784668,89.25233644859813,52.0,True,0.6737476885318756,UNRANKED,False
2019-10-15,2019-10-16,2019-10-17,BRK-B,XLF,208.3699951171875,206.80927930559432,1,SHORT,SHORT,0.1768312305212021,0.10382513661202186,0.9898277521133423,89.61748633879782,52.0,True,0.446117252111435,UNRANKED,False
2019-10-16,2019-10-17,2019-10-18,BRK-B,XLF,209.25999450683594,207.77927834647042,1,SHORT,SHORT,0.1500323861837387,0.09409888357256778,0.9766513705253601,90.59011164274322,52.0,True,0.3642967641353607,UNRANKED,False
2019-10-17,2019-10-18,2019-10-21,BRK-B,XLF,208.4499969482422,206.96070970807756,1,SHORT,SHORT,0.12536156177520752,0.09362549800796813,0.9681189060211182,90.63745019920319,52.0,True,0.35029828548431396,UNRANKED,False
2019-10-18,2019-10-21,2019-10-22,BRK-B,XLF,210.0,208.5414276123047,1,SHORT,SHORT,0.12709537148475647,0.09362549800796813,0.9442261457443237,90.63745019920319,52.0,True,0.3243809938430786,UNRANKED,False
2019-10-21,2019-10-22,2019-10-23,BRK-B,XLF,211.02999877929688,209.4699968610491,1,SHORT,SHORT,0.15296189486980438,0.09409888357256778,0.9638489484786987,90.59011164274322,52.0,True,0.1881600618362427,UNRANKED,False
2019-10-22,2019-10-23,2019-10-24,BRK-B,XLF,210.5,209.13571166992188,1,SHORT,SHORT,0.10627303272485733,0.08333333333333333,0.9539564251899719,91.66666666666666,52.0,True,0.22470143437385562,UNRANKED,False
2019-10-23,2019-10-24,2019-10-25,BRK-B,XLF,211.16000366210938,209.9057137625558,1,SHORT,SHORT,0.09695018082857132,0.06153846153846154,0.9510181546211243,93.84615384615384,52.0,True,0.2128788828849793,UNRANKED,False
2019-10-24,2019-10-25,2019-10-28,BRK-B,XLF,209.8699951171875,208.7871333530971,1,SHORT,SHORT,0.11983060091733932,0.08333333333333333,0.9711098670959473,91.66666666666666,52.0,True,0.1536464989185333,UNRANKED,False
2019-10-25,2019-10-28,2019-10-29,BRK-B,XLF,212.30999755859375,211.17713492257255,1,SHORT,SHORT,0.09339027106761932,0.043478260869565216,0.9865427017211914,95.65217391304348,52.0,True,0.022777438163757314,UNRANKED,False
2019-10-28,2019-10-29,2019-10-30,BRK-B,XLF,212.3800048828125,211.39642878941126,1,SHORT,SHORT,0.1523948758840561,0.09409888357256778,0.9779892563819885,90.59011164274322,52.0,True,0.023552209138870274,UNRANKED,False
2019-10-29,2019-10-30,2019-10-31,BRK-B,XLF,212.99000549316406,212.18143027169364,1,SHORT,SHORT,0.10219915211200714,0.08333333333333333,0.9733623266220093,91.66666666666666,52.0,True,0.12196911871433258,UNRANKED,False
2019-10-30,2019-10-31,2019-11-01,BRK-B,XLF,213.00999450683594,212.19641876220703,1,SHORT,SHORT,0.09631013870239258,0.043478260869565216,0.9758517742156982,95.65217391304348,52.0,True,0.1141408532857894,UNRANKED,False
2019-10-31,2019-11-01,2019-11-04,BRK-B,XLF,213.5500030517578,212.77571323939733,1,SHORT,SHORT,0.17670463025569916,0.09648776564141823,0.9679016470909119,90.35122343585817,52.0,True,0.19670861959457403,UNRANKED,False
2019-11-01,2019-11-04,2019-11-05,BRK-B,XLF,217.77000427246094,216.77571432931083,1,SHORT,SHORT,0.1255490928888321,0.09362549800796813,0.9800260066986084,90.63745019920319,52.0,True,0.03464877605438232,UNRANKED,False
2019-11-04,2019-11-05,2019-11-06,BRK-B,XLF,218.69000244140625,217.64714159284318,1,SHORT,SHORT,0.15678055584430695,0.09409888357256778,0.9616499543190002,90.59011164274322,52.0,True,0.2563665509223938,UNRANKED,False
2019-11-05,2019-11-06,2019-11-07,BRK-B,XLF,221.08999633789062,219.84642137799943,1,SHORT,SHORT,0.11181984096765518,0.08333333333333333,0.9277917742729187,91.66666666666666,52.0,True,0.1554412841796875,UNRANKED,False
2019-11-06,2019-11-07,2019-11-08,BRK-B,XLF,222.80999755859375,225.9992915562221,1,SHORT,SHORT,0.1049792617559433,0.08333333333333333,0.9380514621734619,91.66666666666666,52.0,True,0.0936414897441863,UNRANKED,False
2019-11-07,2019-11-08,2019-11-11,BRK-B,XLF,222.75,226.0464379446847,1,SHORT,SHORT,0.12273463606834412,0.09362549800796813,0.9515120387077332,90.63745019920319,52.0,True,0.11921456456184384,UNRANKED,False
2019-11-08,2019-11-11,2019-11-12,BRK-B,XLF,220.1999969482422,218.97427913120814,1,SHORT,SHORT,0.08714563399553299,0.043478260869565216,0.9748401641845703,95.65217391304348,52.0,True,0.047675460577011095,UNRANKED,False
2019-11-11,2019-11-12,2019-11-13,BRK-B,XLF,220.97999572753906,223.97107260567802,1,SHORT,SHORT,0.10135630518198013,0.06581118526324006,0.9575806856155396,93.418881473676,52.0,True,0.019709587097168017,UNRANKED,False
2019-11-12,2019-11-13,2019-11-14,BRK-B,XLF,219.72000122070312,218.54500034877233,1,SHORT,SHORT,0.08496667444705963,0.043478260869565216,0.9724323749542236,95.65217391304348,52.0,True,0.01620641350746155,UNRANKED,False
2019-11-13,2019-11-14,2019-11-15,BRK-B,XLF,219.77000427246094,218.56500462123327,1,SHORT,SHORT,0.09342223405838013,0.043478260869565216,0.9654133915901184,95.65217391304348,52.0,True,0.05447360873222346,UNRANKED,False
2019-11-14,2019-11-15,2019-11-18,BRK-B,XLF,220.17999267578125,219.05570765904017,1,SHORT,SHORT,0.09359944611787796,0.043478260869565216,0.9669243097305298,95.65217391304348,52.0,True,-0.08065035939216603,UNRANKED,False
2019-11-15,2019-11-18,2019-11-19,BRK-B,XLF,219.9499969482422,218.87428283691406,1,SHORT,SHORT,0.1359899938106537,0.09362549800796813,0.9624369144439697,90.63745019920319,52.0,True,0.32947471737861633,UNRANKED,False
2019-11-18,2019-11-19,2019-11-20,BRK-B,XLF,219.92999267578125,222.66213607788086,1,SHORT,SHORT,0.18091054260730743,0.10382513661202186,0.9611884951591492,89.61748633879782,52.0,True,0.2409431338310242,UNRANKED,False
2019-11-19,2019-11-20,2019-11-21,BRK-B,XLF,218.00999450683594,220.7564239501953,1,SHORT,SHORT,0.18907059729099274,0.10382513661202186,0.9561898708343506,89.61748633879782,52.0,True,0.3275068402290345,UNRANKED,False
2019-11-20,2019-11-21,2019-11-22,BRK-B,XLF,217.3000030517578,216.1385737827846,1,SHORT,SHORT,0.16500213742256165,0.09409888357256778,0.9581558108329773,90.59011164274322,52.0,True,0.4134755730628967,UNRANKED,False
2019-11-21,2019-11-22,2019-11-25,BRK-B,XLF,216.9600067138672,215.97000667027064,1,SHORT,SHORT,0.16579018533229828,0.09409888357256778,0.9652242064476013,90.59011164274322,52.0,True,0.390619695186615,UNRANKED,False
2019-11-22,2019-11-25,2019-11-26,BRK-B,XLF,218.74000549316406,217.80857631138392,1,SHORT,SHORT,0.16643354296684265,0.09409888357256778,0.982826828956604,90.59011164274322,52.0,True,0.2956848740577698,UNRANKED,False
2019-11-25,2019-11-26,2019-11-27,BRK-B,XLF,219.11000061035156,218.30714416503906,1,SHORT,SHORT,0.16233177483081818,0.09409888357256778,0.9772271513938904,90.59011164274322,52.0,True,0.19633048772811895,UNRANKED,False
2019-11-26,2019-11-27,2019-11-29,BRK-B,XLF,219.25,218.51571437290735,1,SHORT,SHORT,0.12729163467884064,0.09362549800796813,0.9781112670898438,90.63745019920319,52.0,True,0.14265331625938418,UNRANKED,False
2019-11-27,2019-11-29,2019-12-02,BRK-B,XLF,220.5,219.70428575788225,1,SHORT,SHORT,0.20015941560268402,0.10382513661202186,0.9773298501968384,89.61748633879782,52.0,True,0.23051267862319946,UNRANKED,False
2019-11-29,2019-12-02,2019-12-03,BRK-B,XLF,220.60000610351562,222.36964688982283,1,SHORT,SHORT,0.15375953912734985,0.09409888357256778,0.9849672913551331,90.59011164274322,52.0,True,0.418292224407196,UNRANKED,False
2019-12-02,2019-12-03,2019-12-04,BRK-B,XLF,218.82000732421875,218.14286477225167,1,SHORT,SHORT,0.20222334563732147,0.10382513661202186,0.9697866439819336,89.61748633879782,52.0,True,0.3303761929273606,UNRANKED,False
2019-12-03,2019-12-04,2019-12-05,BRK-B,XLF,217.9499969482422,217.11499677385603,1,SHORT,SHORT,0.31782984733581543,0.12903225806451613,0.9643678665161133,87.09677419354838,52.0,True,0.6007400900125504,UNRANKED,False
2019-12-04,2019-12-05,2019-12-06,BRK-B,XLF,218.99000549316406,218.21214839390345,1,SHORT,SHORT,0.20095649361610413,0.10382513661202186,0.9799540042877197,89.61748633879782,52.0,True,0.1849482208490372,UNRANKED,False
2019-12-05,2019-12-06,2019-12-09,BRK-B,XLF,221.63999938964844,220.8057131086077,1,SHORT,SHORT,0.16967706382274628,0.09409888357256778,0.9708459377288818,90.59011164274322,52.0,True,0.25581358373165136,UNRANKED,False
2019-12-06,2019-12-09,2019-12-10,BRK-B,XLF,222.7100067138672,225.26536342075892,1,SHORT,SHORT,0.18690797686576843,0.10382513661202186,0.9835695624351501,89.61748633879782,52.0,True,0.12255319952964783,UNRANKED,False
2019-12-09,2019-12-10,2019-12-11,BRK-B,XLF,222.07000732421875,220.9878649030413,1,SHORT,SHORT,0.1491500437259674,0.09409888357256778,0.9577945470809937,90.59011164274322,52.0,True,0.08553183078765861,UNRANKED,False
2019-12-10,2019-12-11,2019-12-12,BRK-B,XLF,221.2100067138672,220.14214978899275,1,SHORT,SHORT,0.14731714129447937,0.09409888357256778,0.9164373278617859,90.59011164274322,52.0,True,0.24155741930007935,UNRANKED,False
2019-12-11,2019-12-12,2019-12-13,BRK-B,XLF,222.8800048828125,221.82929011753626,1,SHORT,SHORT,0.19745200872421265,0.10382513661202186,0.9165662527084351,89.61748633879782,52.0,True,0.2104439735412598,UNRANKED,False
2019-12-12,2019-12-13,2019-12-16,BRK-B,XLF,225.9199981689453,224.69071197509766,1,SHORT,SHORT,0.2292470932006836,0.10504201680672269,0.9411886930465698,89.49579831932773,52.0,True,0.11941197514534,UNRANKED,False
2019-12-13,2019-12-16,2019-12-17,BRK-B,XLF,226.77000427246094,225.59643227713448,1,SHORT,SHORT,0.18724635243415833,0.10382513661202186,0.9559727311134338,89.61748633879782,52.0,True,0.36853975057601923,UNRANKED,False
2019-12-16,2019-12-17,2019-12-18,BRK-B,XLF,227.27000427246094,230.27179500034876,1,SHORT,SHORT,0.14250633120536804,0.09409888357256778,0.9552739262580872,90.59011164274322,52.0,True,0.2581974565982818,UNRANKED,False
2019-12-17,2019-12-18,2019-12-19,BRK-B,XLF,227.05999755859375,230.0689299447196,1,SHORT,SHORT,0.14064453542232513,0.09362549800796813,0.9503322839736938,90.63745019920319,52.0,True,-0.0598968267440797,UNRANKED,False
2019-12-18,2019-12-19,2019-12-20,BRK-B,XLF,224.66000366210938,223.42500196184432,1,SHORT,SHORT,0.16447702050209045,0.09409888357256778,0.9448440670967102,90.59011164274322,52.0,True,-0.08951058983802797,UNRANKED,False
2019-12-19,2019-12-20,2019-12-23,BRK-B,XLF,226.24000549316406,225.00500270298548,1,SHORT,SHORT,0.1866031140089035,0.10382513661202186,0.9358402490615845,89.61748633879782,52.0,True,-0.021557956933975157,UNRANKED,False
2019-12-20,2019-12-23,2019-12-24,BRK-B,XLF,226.61000061035156,225.29856981549943,1,SHORT,SHORT,0.16598640382289886,0.09409888357256778,0.9700202345848083,90.59011164274322,52.0,True,0.1337799429893494,UNRANKED,False
2019-12-23,2019-12-24,2019-12-26,BRK-B,XLF,225.24000549316406,224.0300031389509,1,SHORT,SHORT,0.16484877467155457,0.09409888357256778,0.9826725721359253,90.59011164274322,52.0,True,0.40750429034233104,UNRANKED,False
2019-12-24,2019-12-26,2019-12-27,BRK-B,XLF,225.9199981689453,224.73213849748885,1,SHORT,SHORT,0.1598079651594162,0.09409888357256778,0.9832097291946411,90.59011164274322,52.0,True,0.254953145980835,UNRANKED,False
2019-12-26,2019-12-27,2019-12-30,BRK-B,XLF,226.86000061035156,225.68785640171595,1,SHORT,SHORT,0.23329196870326996,0.10747663551401869,0.9891210198402405,89.25233644859813,52.0,True,0.5555940866470337,UNRANKED,False
2019-12-27,2019-12-30,2019-12-31,BRK-B,XLF,226.13999938964844,225.16071210588728,1,SHORT,SHORT,0.15833666920661926,0.09409888357256778,0.9837127923965454,90.59011164274322,52.0,True,0.373911589384079,UNRANKED,False
2019-12-30,2019-12-31,2020-01-02,BRK-B,XLF,226.16000366210938,225.24143001011439,1,SHORT,SHORT,0.20291920006275177,0.10382513661202186,0.9827605485916138,89.61748633879782,52.0,True,0.5539462268352507,UNRANKED,False
2019-12-31,2020-01-02,2020-01-03,BRK-B,XLF,227.50999450683594,229.91714205060686,1,SHORT,SHORT,0.1381022334098816,0.09362549800796813,0.9795255661010742,90.63745019920319,52.0,True,0.433489203453064,UNRANKED,False
2020-01-02,2020-01-03,2020-01-06,BRK-B,XLF,225.69000244140625,224.68571581159318,1,SHORT,SHORT,0.15325286984443665,0.09409888357256778,0.9696914553642273,90.59011164274322,52.0,True,0.49043792486190796,UNRANKED,False
2020-01-03,2020-01-06,2020-01-07,BRK-B,XLF,224.99000549316406,224.06714630126953,1,SHORT,SHORT,0.22649356722831726,0.10504201680672269,0.9759147763252258,89.49579831932773,52.0,True,0.3327413201332094,UNRANKED,False
2020-01-06,2020-01-07,2020-01-08,BRK-B,XLF,227.25999450683594,229.61357280186243,1,SHORT,SHORT,0.24868209660053253,0.10747663551401869,0.9714646339416504,89.25233644859813,52.0,True,0.49082523584365845,UNRANKED,False
2020-01-07,2020-01-08,2020-01-09,BRK-B,XLF,226.02999877929688,225.11785343715124,1,SHORT,SHORT,0.19840164482593536,0.10382513661202186,0.9582437872886658,89.61748633879782,52.0,True,0.3660216331481934,UNRANKED,False
2020-01-08,2020-01-09,2020-01-10,BRK-B,XLF,226.9199981689453,226.0171377999442,1,SHORT,SHORT,0.15442699193954468,0.09409888357256778,0.9317899942398071,90.59011164274322,52.0,True,0.2318179905414581,UNRANKED,False
2020-01-09,2020-01-10,2020-01-13,BRK-B,XLF,228.5,227.552855355399,1,SHORT,SHORT,0.1214379221200943,0.09362549800796813,0.9609922766685486,90.63745019920319,52.0,True,0.22770857810974124,UNRANKED,False
2020-01-10,2020-01-13,2020-01-14,BRK-B,XLF,227.0500030517578,225.9721450805664,1,SHORT,SHORT,0.1194542646408081,0.08333333333333333,0.969666600227356,91.66666666666666,52.0,True,0.022981166839599686,UNRANKED,False
2020-01-13,2020-01-14,2020-01-15,BRK-B,XLF,227.85000610351562,226.72000449044364,1,SHORT,SHORT,0.1207410916686058,0.09362549800796813,0.9447752237319946,90.63745019920319,52.0,True,0.16777357459068298,UNRANKED,False
2020-01-14,2020-01-15,2020-01-16,BRK-B,XLF,226.8000030517578,225.63785879952567,1,SHORT,SHORT,0.12681451439857483,0.09362549800796813,0.9279595613479614,90.63745019920319,52.0,True,0.14315450191497808,UNRANKED,False
2020-01-15,2020-01-16,2020-01-17,BRK-B,XLF,229.33999633789062,228.09427969796317,1,SHORT,SHORT,0.11257676035165787,0.08333333333333333,0.9465947151184082,91.66666666666666,52.0,True,0.13622269034385676,UNRANKED,False
2020-01-16,2020-01-17,2020-01-21,BRK-B,XLF,230.1300048828125,233.3157239641462,1,SHORT,SHORT,0.17991450428962708,0.10382513661202186,0.9635016918182373,89.61748633879782,52.0,True,0.33980426192283636,UNRANKED,False
2020-01-17,2020-01-21,2020-01-22,BRK-B,XLF,229.85000610351562,228.56428963797433,1,SHORT,SHORT,0.21376575529575348,0.10504201680672269,0.909384548664093,89.49579831932773,52.0,True,0.27236571907997137,UNRANKED,False
2020-01-21,2020-01-22,2020-01-23,BRK-B,XLF,229.0,227.62928444998605,1,SHORT,SHORT,0.2451930046081543,0.10747663551401869,0.866310179233551,89.25233644859813,52.0,True,0.10880795121192936,UNRANKED,False
2020-01-22,2020-01-23,2020-01-24,BRK-B,XLF,229.42999267578125,232.88713564191545,1,SHORT,SHORT,0.19947215914726257,0.10382513661202186,0.8901498913764954,89.61748633879782,52.0,True,0.07918673753738395,UNRANKED,False
2020-01-23,2020-01-24,2020-01-27,BRK-B,XLF,229.39999389648438,232.5482063293457,1,SHORT,SHORT,0.2012268304824829,0.10382513661202186,0.8594617247581482,89.61748633879782,52.0,True,0.15216773748397816,UNRANKED,False
2020-01-24,2020-01-27,2020-01-28,BRK-B,XLF,223.6999969482422,222.41856929234095,1,SHORT,SHORT,0.16476507484912872,0.09409888357256778,0.9054466485977173,90.59011164274322,52.0,True,0.18877449631690985,UNRANKED,False
2020-01-27,2020-01-28,2020-01-29,BRK-B,XLF,223.44000244140625,221.90143258231026,1,SHORT,SHORT,0.18291452527046204,0.10382513661202186,0.7872598767280579,89.61748633879782,52.0,True,0.1978955268859864,UNRANKED,False
2020-01-28,2020-01-29,2020-01-30,BRK-B,XLF,224.75,223.17500196184432,1,SHORT,SHORT,0.14752480387687683,0.09409888357256778,0.8891507983207703,90.59011164274322,52.0,True,0.10974150896072392,UNRANKED,False
2020-01-29,2020-01-30,2020-01-31,BRK-B,XLF,223.11000061035156,221.50643157958984,1,SHORT,SHORT,0.11421377211809158,0.08333333333333333,0.8812795281410217,91.66666666666666,52.0,True,0.2724715769290925,UNRANKED,False
2020-01-30,2020-01-31,2020-02-03,BRK-B,XLF,226.49000549316406,230.62750244140625,1,SHORT,SHORT,0.07607968896627426,0.0,0.9546125531196594,99.0,52.0,True,0.2336061000823975,UNRANKED,False
2020-01-31,2020-02-03,2020-02-04,BRK-B,XLF,225.47999572753906,223.72356741768974,1,SHORT,SHORT,0.08920914679765701,0.043478260869565216,0.9256275296211243,95.65217391304348,52.0,True,0.17959359288215643,UNRANKED,False
2020-02-03,2020-02-04,2020-02-05,BRK-B,XLF,226.14999389648438,224.45570918491907,1,SHORT,SHORT,0.13146215677261353,0.09362549800796813,0.9405511021614075,90.63745019920319,52.0,True,0.34888583421707153,UNRANKED,False
2020-02-04,2020-02-05,2020-02-06,BRK-B,XLF,226.91000366210938,225.19214739118303,1,SHORT,SHORT,0.13116492331027985,0.09362549800796813,0.9459660053253174,90.63745019920319,52.0,True,0.2344581484794617,UNRANKED,False
2020-02-05,2020-02-06,2020-02-07,BRK-B,XLF,229.55999755859375,234.2814211164202,1,SHORT,SHORT,0.16160960495471954,0.09409888357256778,0.9716725945472717,90.59011164274322,52.0,True,0.6801037192344666,UNRANKED,False
2020-02-06,2020-02-07,2020-02-10,BRK-B,XLF,228.07000732421875,226.21143668038505,1,SHORT,SHORT,0.12915119528770447,0.09362549800796813,0.9756194353103638,90.63745019920319,52.0,True,0.39659905433654785,UNRANKED,False
2020-02-07,2020-02-10,2020-02-11,BRK-B,XLF,227.1699981689453,225.1857136317662,1,SHORT,SHORT,0.1706436574459076,0.09409888357256778,0.9537523984909058,90.59011164274322,52.0,True,0.15571886301040647,UNRANKED,False
2020-02-10,2020-02-11,2020-02-12,BRK-B,XLF,228.58999633789062,226.69856807163782,1,SHORT,SHORT,0.1456621140241623,0.09409888357256778,0.9155142307281494,90.59011164274322,52.0,True,0.3488691747188568,UNRANKED,False
2020-02-11,2020-02-12,2020-02-13,BRK-B,XLF,227.60000610351562,225.7578626360212,1,SHORT,SHORT,0.16871677339076996,0.09409888357256778,0.9201850891113281,90.59011164274322,52.0,True,0.3342393636703491,UNRANKED,False
2020-02-12,2020-02-13,2020-02-14,BRK-B,XLF,226.52999877929688,224.69142586844308,1,SHORT,SHORT,0.19143113493919373,0.10382513661202186,0.9144664406776428,89.61748633879782,52.0,True,0.28982234001159674,UNRANKED,False
2020-02-13,2020-02-14,2020-02-18,BRK-B,XLF,226.49000549316406,224.76214708600725,1,SHORT,SHORT,0.2005160003900528,0.10382513661202186,0.9010666608810425,89.61748633879782,52.0,True,0.3578646183013916,UNRANKED,False
2020-02-14,2020-02-18,2020-02-19,BRK-B,XLF,226.38999938964844,224.95356968470983,1,SHORT,SHORT,0.1513485163450241,0.09409888357256778,0.88837069272995,90.59011164274322,52.0,True,0.2540307343006134,UNRANKED,False
2020-02-18,2020-02-19,2020-02-20,BRK-B,XLF,227.67999267578125,226.35427747453963,1,SHORT,SHORT,0.1926855891942978,0.10382513661202186,0.8957441449165344,89.61748633879782,52.0,True,0.40389958024024963,UNRANKED,False
2020-02-19,2020-02-20,2020-02-21,BRK-B,XLF,229.75999450683594,228.29142216273718,1,SHORT,SHORT,0.20318397879600525,0.10382513661202186,0.907975435256958,89.61748633879782,52.0,True,0.35141941905021673,UNRANKED,False
2020-02-20,2020-02-21,2020-02-24,BRK-B,XLF,227.52999877929688,230.7889300755092,1,SHORT,SHORT,0.14514069259166718,0.09409888357256778,0.9077820777893066,90.59011164274322,52.0,True,0.3263516426086425,UNRANKED,False
2020-02-21,2020-02-24,2020-02-25,BRK-B,XLF,221.30999755859375,224.1599987574986,1,SHORT,SHORT,0.14037592709064484,0.09362549800796813,0.8942828178405762,90.63745019920319,52.0,True,0.1474228203296662,UNRANKED,False
2020-02-24,2020-02-25,2020-02-26,BRK-B,XLF,222.1999969482422,226.24285670689173,1,SHORT,SHORT,0.10483738780021667,0.08333333333333333,0.8269511461257935,91.66666666666666,52.0,True,0.2842043042182923,UNRANKED,False
2020-02-25,2020-02-26,2020-02-27,BRK-B,XLF,219.64999389648438,224.05535343715124,1,SHORT,SHORT,0.10388342291116714,0.08333333333333333,0.8801233768463135,91.66666666666666,52.0,True,0.44118440151214594,UNRANKED,False
2020-02-26,2020-02-27,2020-02-28,BRK-B,XLF,212.89999389648438,217.02321297781808,1,SHORT,SHORT,0.13272565603256226,0.09362549800796813,0.896574854850769,90.63745019920319,52.0,True,0.35543042421340937,UNRANKED,False
2020-02-27,2020-02-28,2020-03-02,BRK-B,XLF,201.9199981689453,199.73999677385603,1,SHORT,SHORT,0.10692629963159561,0.08333333333333333,0.9381952285766602,91.66666666666666,52.0,True,0.6165571808815001,UNRANKED,False
2020-02-28,2020-03-02,2020-03-03,BRK-B,XLF,207.25,205.13428388323103,1,SHORT,SHORT,0.18329507112503052,0.10382513661202186,0.9304450750350952,89.61748633879782,52.0,True,0.6512137353420256,UNRANKED,False
2020-03-02,2020-03-03,2020-03-04,BRK-B,XLF,217.38999938964844,214.48714011056083,1,SHORT,SHORT,0.20567968487739563,0.10504201680672269,0.9687408804893494,89.49579831932773,52.0,True,0.23374494910240168,UNRANKED,False
2020-03-03,2020-03-04,2020-03-05,BRK-B,XLF,212.13999938964844,208.6228539603097,1,SHORT,SHORT,0.11830952018499374,0.08333333333333333,0.9761872887611389,91.66666666666666,52.0,True,-0.9564780592918397,UNRANKED,False
2020-03-04,2020-03-05,2020-03-06,BRK-B,XLF,212.5500030517578,222.9392956324986,1,SHORT,SHORT,0.11798588931560516,0.08333333333333333,0.9876718521118164,91.66666666666666,52.0,True,-1.7365006804466245,UNRANKED,False
2020-03-05,2020-03-06,2020-03-09,BRK-B,XLF,203.47999572753906,215.28535842895508,1,SHORT,SHORT,0.07803060859441757,0.043478260869565216,0.9681983590126038,95.65217391304348,52.0,True,0.746511235833168,UNRANKED,False
2020-03-06,2020-03-09,2020-03-10,BRK-B,XLF,195.0,190.08856855119978,1,SHORT,SHORT,0.04744526371359825,0.0,0.9326051473617554,99.0,52.0,True,-0.031422480940818814,UNRANKED,False
2020-03-09,2020-03-10,2020-03-11,BRK-B,XLF,201.35000610351562,215.91786902291435,1,SHORT,SHORT,0.06302370876073837,0.0,0.9353817105293274,99.0,52.0,True,0.6832119971513748,UNRANKED,False
2020-03-10,2020-03-11,2020-03-12,BRK-B,XLF,197.32000732421875,213.1610826764788,1,SHORT,SHORT,0.06578423082828522,0.0,0.9568986296653748,99.0,52.0,True,0.16898341476917264,UNRANKED,False
2020-03-11,2020-03-12,2020-03-13,BRK-B,XLF,183.60000610351562,176.76214817592077,1,SHORT,SHORT,0.06980302184820175,0.0,0.9537145495414734,99.0,52.0,True,0.5183213502168657,UNRANKED,False
2020-03-12,2020-03-13,2020-03-16,BRK-B,XLF,187.4499969482422,207.6714265005929,1,SHORT,SHORT,0.07808611541986465,0.043478260869565216,0.926548421382904,95.65217391304348,52.0,True,0.3446402847766877,UNRANKED,False
2020-03-13,2020-03-16,2020-03-17,BRK-B,XLF,174.0,164.99785723005022,1,SHORT,SHORT,0.07673513144254684,0.0,0.9466382265090942,99.0,52.0,True,-0.172105923295021,UNRANKED,False
2020-03-16,2020-03-17,2020-03-18,BRK-B,XLF,181.8800048828125,171.80714852469308,1,SHORT,SHORT,0.07707832753658295,0.042485144368776415,0.9387611150741577,95.75148556312236,52.0,True,0.22414860129356395,UNRANKED,False
2020-03-17,2020-03-18,2020-03-19,BRK-B,XLF,177.2899932861328,166.65713718959265,1,SHORT,SHORT,0.09123259782791138,0.043478260869565216,0.920228123664856,95.65217391304348,52.0,True,-0.5634773522615435,UNRANKED,False
2020-03-18,2020-03-19,2020-03-20,BRK-B,XLF,170.2100067138672,159.0935788835798,1,SHORT,SHORT,0.06797587871551514,0.0,0.9453837275505066,99.0,52.0,True,0.27051796019077307,UNRANKED,False
2020-03-19,2020-03-20,2020-03-23,BRK-B,XLF,176.3000030517578,204.25357055664062,1,SHORT,SHORT,0.06724502891302109,0.0,0.9798551797866821,99.0,52.0,True,-0.6253320872783661,UNRANKED,False
2020-03-20,2020-03-23,2020-03-24,BRK-B,XLF,165.3000030517578,154.59500558035714,1,SHORT,SHORT,0.0640493631362915,0.0,0.9758544564247131,99.0,52.0,True,-0.3501951694488524,UNRANKED,False
2020-03-23,2020-03-24,2020-03-25,BRK-B,XLF,170.91000366210938,160.2685786655971,1,SHORT,SHORT,0.09531933814287186,0.043478260869565216,0.9854388236999512,95.65217391304348,52.0,True,0.62467385828495,UNRANKED,False
2020-03-24,2020-03-25,2020-03-26,BRK-B,XLF,180.00999450683594,168.8671417236328,1,SHORT,SHORT,0.10165396332740784,0.08333333333333333,0.9869641661643982,91.66666666666666,52.0,True,0.7059701085090637,UNRANKED,False
2020-03-25,2020-03-26,2020-03-27,BRK-B,XLF,181.2899932861328,170.62071119035994,1,SHORT,SHORT,0.07315726578235626,0.0,0.985655665397644,99.0,52.0,True,0.7105297222733499,UNRANKED,False
2020-03-26,2020-03-27,2020-03-30,BRK-B,XLF,178.5,167.79857635498047,1,SHORT,SHORT,0.08995603770017624,0.043478260869565216,0.9758142828941345,95.65217391304348,52.0,True,0.9425007551908494,UNRANKED,False
2020-03-27,2020-03-30,2020-03-31,BRK-B,XLF,180.0399932861328,169.95356968470983,1,SHORT,SHORT,0.1256835013628006,0.09362549800796813,0.9457771182060242,90.63745019920319,52.0,True,0.7723355293273926,UNRANKED,False
2020-03-30,2020-03-31,2020-04-01,BRK-B,XLF,182.0500030517578,172.39786529541016,1,SHORT,SHORT,0.0961737260222435,0.043478260869565216,0.9661888480186462,95.65217391304348,52.0,True,1.2652262449264529,UNRANKED,False
2020-03-31,2020-04-01,2020-04-02,BRK-B,XLF,176.17999267578125,167.0807124546596,1,SHORT,SHORT,0.11964020133018494,0.08333333333333333,0.9720078706741333,91.66666666666666,52.0,True,1.2483464777469635,UNRANKED,False
2020-04-01,2020-04-02,2020-04-03,BRK-B,XLF,175.0,166.74286215645927,1,SHORT,SHORT,0.12917214632034302,0.09362549800796813,0.9731561541557312,90.63745019920319,52.0,True,1.5109485536813734,UNRANKED,False
2020-04-02,2020-04-03,2020-04-06,BRK-B,XLF,178.58999633789062,171.5221437726702,1,SHORT,SHORT,0.10588577389717102,0.08333333333333333,0.9673895239830017,91.66666666666666,52.0,True,1.1751114428043365,UNRANKED,False
2020-04-03,2020-04-06,2020-04-07,BRK-B,XLF,184.61000061035156,178.77357591901506,1,SHORT,SHORT,0.09430208802223206,0.043478260869565216,0.9622048735618591,95.65217391304348,52.0,True,1.1047621369361877,UNRANKED,False
2020-04-06,2020-04-07,2020-04-08,BRK-B,XLF,191.99000549316406,186.3628659929548,1,SHORT,SHORT,0.08566052466630936,0.043478260869565216,0.9766305685043335,95.65217391304348,52.0,True,0.2906771749258042,UNRANKED,False
2020-04-07,2020-04-08,2020-04-09,BRK-B,XLF,187.5500030517578,183.00500706263952,1,SHORT,SHORT,0.07694259285926819,0.019437250851107167,0.9639240503311157,98.05627491488929,52.0,True,0.9581903815269471,UNRANKED,False
2020-04-08,2020-04-09,2020-04-13,BRK-B,XLF,194.0,205.99106216430664,1,SHORT,SHORT,0.10093788802623749,0.06153846153846154,0.9725165963172913,93.84615384615384,52.0,True,0.9598437398672102,UNRANKED,False
2020-04-09,2020-04-13,2020-04-14,BRK-B,XLF,193.85000610351562,189.18143790108817,1,SHORT,SHORT,0.07178923487663269,0.0,0.9813045263290405,99.0,52.0,True,0.2020492851734161,UNRANKED,False
2020-04-13,2020-04-14,2020-04-15,BRK-B,XLF,193.32000732421875,204.48071343558175,1,SHORT,SHORT,0.07309854030609131,0.0,0.9694435000419617,99.0,52.0,True,0.2394300103187563,UNRANKED,False
2020-04-14,2020-04-15,2020-04-16,BRK-B,XLF,188.55999755859375,184.94571467808314,1,SHORT,SHORT,0.08814611285924911,0.043478260869565216,0.9762572050094604,95.65217391304348,52.0,True,0.8685505539178847,UNRANKED,False
2020-04-15,2020-04-16,2020-04-17,BRK-B,XLF,188.89999389648438,185.13571166992188,1,SHORT,SHORT,0.10154986381530762,0.08333333333333333,0.9178983569145203,91.66666666666666,52.0,True,1.2416504621505737,UNRANKED,False
2020-04-16,2020-04-17,2020-04-20,BRK-B,XLF,192.88999938964844,201.7971349443708,1,SHORT,SHORT,0.10950667411088943,0.08333333333333333,0.9342861771583557,91.66666666666666,52.0,True,0.663903146982193,UNRANKED,False
2020-04-17,2020-04-20,2020-04-21,BRK-B,XLF,188.72000122070312,197.44856534685408,1,SHORT,SHORT,0.10217718780040741,0.08333333333333333,0.9368383288383484,91.66666666666666,52.0,True,0.005936950445175303,UNRANKED,False
2020-04-20,2020-04-21,2020-04-22,BRK-B,XLF,184.1699981689453,180.7550005231585,1,SHORT,SHORT,0.14348392188549042,0.09409888357256778,0.8988378047943115,90.59011164274322,52.0,True,1.3470306992530825,UNRANKED,False
2020-04-21,2020-04-22,2020-04-23,BRK-B,XLF,186.4600067138672,182.6935795375279,1,SHORT,SHORT,0.12777350842952728,0.09362549800796813,0.9199680089950562,90.63745019920319,52.0,True,1.0913491547107697,UNRANKED,False
2020-04-22,2020-04-23,2020-04-24,BRK-B,XLF,186.99000549316406,183.4935782296317,1,SHORT,SHORT,0.2789125442504883,0.12903225806451613,0.9354802966117859,87.09677419354838,52.0,True,1.4292221516370773,UNRANKED,False
2020-04-23,2020-04-24,2020-04-27,BRK-B,XLF,187.0800018310547,183.7857175554548,1,SHORT,SHORT,0.18488608300685883,0.10382513661202186,0.9447291493415833,89.61748633879782,52.0,True,1.3323719799518585,UNRANKED,False
2020-04-24,2020-04-27,2020-04-28,BRK-B,XLF,187.77999877929688,184.52142878941126,1,SHORT,SHORT,0.13981175422668457,0.09362549800796813,0.9622514843940735,90.63745019920319,52.0,True,0.7111642956733705,UNRANKED,False
2020-04-27,2020-04-28,2020-04-29,BRK-B,XLF,190.5399932861328,187.70713806152344,1,SHORT,SHORT,0.10373953729867935,0.08333333333333333,0.9617330431938171,91.66666666666666,52.0,True,0.28341966867446905,UNRANKED,False
2020-04-28,2020-04-29,2020-04-30,BRK-B,XLF,190.63999938964844,197.78106907435827,1,SHORT,SHORT,0.131937637925148,0.09362549800796813,0.9698252081871033,90.63745019920319,52.0,True,0.31354475021362316,UNRANKED,False
2020-04-29,2020-04-30,2020-05-01,BRK-B,XLF,188.3000030517578,194.85714612688338,1,SHORT,SHORT,0.09472730755805969,0.043478260869565216,0.9560467004776001,95.65217391304348,52.0,True,0.3975776731967925,UNRANKED,False
2020-04-30,2020-05-01,2020-05-04,BRK-B,XLF,185.2100067138672,191.66357803344727,1,SHORT,SHORT,0.1650577336549759,0.09409888357256778,0.8566269874572754,90.59011164274322,52.0,True,0.86868879199028,UNRANKED,False
2020-05-01,2020-05-04,2020-05-05,BRK-B,XLF,179.77999877929688,186.16571480887276,1,SHORT,SHORT,0.1265983134508133,0.09362549800796813,0.9131773710250854,90.63745019920319,52.0,True,1.5543027371168134,UNRANKED,False
2020-05-04,2020-05-05,2020-05-06,BRK-B,XLF,180.0500030517578,186.53393391200476,1,SHORT,SHORT,0.13934358954429626,0.09362549800796813,0.9138587117195129,90.63745019920319,52.0,True,0.5862383842468263,UNRANKED,False
2020-05-05,2020-05-06,2020-05-07,BRK-B,XLF,176.94000244140625,182.98643384660994,1,SHORT,SHORT,0.16837093234062195,0.09409888357256778,0.9529164433479309,90.59011164274322,52.0,True,1.0660680532455444,UNRANKED,False
2020-05-06,2020-05-07,2020-05-08,BRK-B,XLF,173.39999389648438,170.76427895682198,1,SHORT,SHORT,0.13625100255012512,0.09362549800796813,0.9634708166122437,90.63745019920319,52.0,True,0.17296621203422544,UNRANKED,False
2020-05-07,2020-05-08,2020-05-11,BRK-B,XLF,176.7100067138672,174.2271488734654,1,SHORT,SHORT,0.1042923703789711,0.08333333333333333,0.96031653881073,91.66666666666666,52.0,True,0.1112551093101502,UNRANKED,False
2020-05-08,2020-05-11,2020-05-12,BRK-B,XLF,175.22999572753906,172.68285151890345,1,SHORT,SHORT,0.13236050307750702,0.09362549800796813,0.984531581401825,90.63745019920319,52.0,True,-0.062898740172386,UNRANKED,False
2020-05-11,2020-05-12,2020-05-13,BRK-B,XLF,175.1999969482422,181.01785714285714,1,SHORT,SHORT,0.17818617820739746,0.10382513661202186,0.9767524600028992,89.61748633879782,52.0,True,-0.26075834035873435,UNRANKED,False
2020-05-12,2020-05-13,2020-05-14,BRK-B,XLF,172.0,169.76357051304407,1,SHORT,SHORT,0.18480665981769562,0.10382513661202186,0.9430484175682068,89.61748633879782,52.0,True,1.0273859798908234,UNRANKED,False
2020-05-13,2020-05-14,2020-05-15,BRK-B,XLF,168.8000030517578,166.471431187221,1,SHORT,SHORT,0.14909107983112335,0.09409888357256778,0.8775514364242554,90.59011164274322,52.0,True,0.5966750681400298,UNRANKED,False
2020-05-14,2020-05-15,2020-05-18,BRK-B,XLF,169.82000732421875,167.52929360525948,1,SHORT,SHORT,0.19477330148220062,0.10382513661202186,0.9401793479919434,89.61748633879782,52.0,True,0.9190566539764404,UNRANKED,False
2020-05-15,2020-05-18,2020-05-19,BRK-B,XLF,174.0,171.65642983572823,1,SHORT,SHORT,0.16889703273773193,0.09409888357256778,0.9703541994094849,90.59011164274322,52.0,True,1.0459333062171936,UNRANKED,False
2020-05-18,2020-05-19,2020-05-20,BRK-B,XLF,174.1199951171875,171.35713958740234,1,SHORT,SHORT,0.18106277287006378,0.10382513661202186,0.9834842085838318,89.61748633879782,52.0,True,0.9567424058914185,UNRANKED,False
2020-05-19,2020-05-20,2020-05-21,BRK-B,XLF,174.61000061035156,171.81285967145647,1,SHORT,SHORT,0.16072167456150055,0.09409888357256778,0.9760783910751343,90.59011164274322,52.0,True,0.7756122946739196,UNRANKED,False
2020-05-20,2020-05-21,2020-05-22,BRK-B,XLF,175.74000549316406,172.8514360700335,1,SHORT,SHORT,0.08597037941217422,0.043478260869565216,0.9769246578216553,95.65217391304348,52.0,True,0.3749041259288787,UNRANKED,False
2020-05-21,2020-05-22,2020-05-26,BRK-B,XLF,174.86000061035156,172.22928837367468,1,SHORT,SHORT,0.10015479475259781,0.06153846153846154,0.9496016502380371,93.84615384615384,52.0,True,0.5537036657333375,UNRANKED,False
2020-05-22,2020-05-26,2020-05-27,BRK-B,XLF,179.99000549316406,177.69572121756417,1,SHORT,SHORT,0.07335785031318665,0.0,0.9646548628807068,99.0,52.0,True,0.3860660791397096,UNRANKED,False
2020-05-26,2020-05-27,2020-05-28,BRK-B,XLF,184.6699981689453,182.12642778669084,1,SHORT,SHORT,0.12086167931556702,0.09362549800796813,0.9462695121765137,90.63745019920319,52.0,True,0.49067953228950495,UNRANKED,False
2020-05-27,2020-05-28,2020-05-29,BRK-B,XLF,187.24000549316406,184.5692912510463,1,SHORT,SHORT,0.11758358776569366,0.08333333333333333,0.9867982268333435,91.66666666666666,52.0,True,0.4996114075183869,UNRANKED,False
2020-05-28,2020-05-29,2020-06-01,BRK-B,XLF,183.0800018310547,180.44000135149275,1,SHORT,SHORT,0.16104789078235626,0.09409888357256778,0.9760233163833618,90.59011164274322,52.0,True,0.6723565459251404,UNRANKED,False
2020-05-29,2020-06-01,2020-06-02,BRK-B,XLF,185.52999877929688,183.0949990408761,1,SHORT,SHORT,0.10761977732181549,0.08333333333333333,0.969990074634552,91.66666666666666,52.0,True,0.4261075854301453,UNRANKED,False
2020-06-01,2020-06-02,2020-06-03,BRK-B,XLF,183.99000549316406,181.58714839390345,1,SHORT,SHORT,0.16123802959918976,0.09409888357256778,0.9742932915687561,90.59011164274322,52.0,True,0.6437744796276091,UNRANKED,False
2020-06-02,2020-06-03,2020-06-04,BRK-B,XLF,188.75,186.3278568812779,1,SHORT,SHORT,0.14091281592845917,0.09362549800796813,0.9741212129592896,90.63745019920319,52.0,True,0.3132565617561341,UNRANKED,False
2020-06-03,2020-06-04,2020-06-05,BRK-B,XLF,190.41000366210938,187.7992880684989,1,SHORT,SHORT,0.1573086380958557,0.09409888357256778,0.9611418843269348,90.59011164274322,52.0,True,0.4636128544807434,UNRANKED,False
2020-06-04,2020-06-05,2020-06-08,BRK-B,XLF,197.8800048828125,195.20714569091797,1,SHORT,SHORT,0.09620362520217896,0.043478260869565216,0.9556140899658203,95.65217391304348,52.0,True,0.22932168841362,UNRANKED,False
2020-06-05,2020-06-08,2020-06-09,BRK-B,XLF,202.33999633789062,210.25964573451452,1,SHORT,SHORT,0.13049918413162231,0.09362549800796813,0.9585973620414734,90.63745019920319,52.0,True,0.39980882406234736,UNRANKED,False
2020-06-08,2020-06-09,2020-06-10,BRK-B,XLF,197.14999389648438,204.1214267185756,1,SHORT,SHORT,0.08497472107410431,0.043478260869565216,0.9362602233886719,95.65217391304348,52.0,True,0.18985274434089655,UNRANKED,False
2020-06-09,2020-06-10,2020-06-11,BRK-B,XLF,195.85000610351562,203.27143696376257,1,SHORT,SHORT,0.1779598444700241,0.10382513661202186,0.945215106010437,89.61748633879782,52.0,True,0.4341479539871216,UNRANKED,False
2020-06-10,2020-06-11,2020-06-12,BRK-B,XLF,185.0,192.60536193847656,1,SHORT,SHORT,0.1302662044763565,0.09362549800796813,0.9438912868499756,90.63745019920319,52.0,True,0.3943207561969757,UNRANKED,False
2020-06-11,2020-06-12,2020-06-15,BRK-B,XLF,184.02000427246094,180.091431753976,1,SHORT,SHORT,0.11871664971113205,0.08333333333333333,0.9535492062568665,91.66666666666666,52.0,True,0.3954020440578462,UNRANKED,False
2020-06-12,2020-06-15,2020-06-16,BRK-B,XLF,177.0,172.84428514753068,1,SHORT,SHORT,0.14388740062713623,0.09409888357256778,0.9443016052246094,90.59011164274322,52.0,True,0.49412769079208374,UNRANKED,False
2020-06-15,2020-06-16,2020-06-17,BRK-B,XLF,186.5500030517578,196.03393173217773,1,SHORT,SHORT,0.1615285724401474,0.09409888357256778,0.8719742894172668,90.59011164274322,52.0,True,0.2591448873281478,UNRANKED,False
2020-06-16,2020-06-17,2020-06-18,BRK-B,XLF,183.02999877929688,179.57071358816964,1,SHORT,SHORT,0.1006549820303917,0.06153846153846154,0.9487282633781433,93.84615384615384,52.0,True,-0.46483555436134344,UNRANKED,False
2020-06-17,2020-06-18,2020-06-19,BRK-B,XLF,179.89999389648438,176.38570840018136,1,SHORT,SHORT,0.08369709551334381,0.043478260869565216,0.9369940757751465,95.65217391304348,52.0,True,-0.059891998767852825,UNRANKED,False
2020-06-18,2020-06-19,2020-06-22,BRK-B,XLF,183.5,180.0107138497489,1,SHORT,SHORT,0.08354660868644714,0.043478260869565216,0.9634081721305847,95.65217391304348,52.0,True,0.5135124623775483,UNRANKED,False
2020-06-19,2020-06-22,2020-06-23,BRK-B,XLF,179.5500030517578,176.11286054338728,1,SHORT,SHORT,0.08423595130443573,0.043478260869565216,0.9138619899749756,95.65217391304348,52.0,True,-0.07977926731109614,UNRANKED,False
2020-06-22,2020-06-23,2020-06-24,BRK-B,XLF,181.8699951171875,190.1682068961007,1,SHORT,SHORT,0.0687972903251648,0.0,0.9647864699363708,99.0,52.0,True,-0.13764926791191082,UNRANKED,False
2020-06-23,2020-06-24,2020-06-25,BRK-B,XLF,179.61000061035156,176.57928793770927,1,SHORT,SHORT,0.06952672451734543,0.0,0.9702305197715759,99.0,52.0,True,0.18135446310043332,UNRANKED,False
2020-06-24,2020-06-25,2020-06-26,BRK-B,XLF,176.5800018310547,173.38857487269811,1,SHORT,SHORT,0.09451005607843399,0.043478260869565216,0.9534112811088562,95.65217391304348,52.0,True,0.6008133292198181,UNRANKED,False
2020-06-25,2020-06-26,2020-06-29,BRK-B,XLF,176.7100067138672,174.03929356166296,1,SHORT,SHORT,0.09131965786218643,0.043478260869565216,0.9526175260543823,95.65217391304348,52.0,True,0.67328542470932,UNRANKED,False
2020-06-26,2020-06-29,2020-06-30,BRK-B,XLF,175.89999389648438,173.0449938092913,1,SHORT,SHORT,0.1454474776983261,0.09409888357256778,0.9130049347877502,90.59011164274322,52.0,True,0.491698145866394,UNRANKED,False
2020-06-29,2020-06-30,2020-07-01,BRK-B,XLF,176.75,174.15714154924666,1,SHORT,SHORT,0.14018814265727997,0.09362549800796813,0.9767587184906006,90.63745019920319,52.0,True,0.6654181480407715,UNRANKED,False
2020-06-30,2020-07-01,2020-07-02,BRK-B,XLF,178.41000366210938,176.04857526506697,1,SHORT,SHORT,0.16673897206783295,0.09409888357256778,0.955392062664032,90.59011164274322,52.0,True,0.9370331466197969,UNRANKED,False
2020-07-01,2020-07-02,2020-07-06,BRK-B,XLF,180.4499969482422,179.01499720982142,1,SHORT,SHORT,0.11941715329885483,0.08333333333333333,0.980684757232666,91.66666666666666,52.0,True,0.3842598795890809,UNRANKED,False
2020-07-02,2020-07-06,2020-07-07,BRK-B,XLF,183.10000610351562,186.26786150251115,1,SHORT,SHORT,0.07489773631095886,0.0,0.9792303442955017,99.0,52.0,True,0.5159205496311187,UNRANKED,False
2020-07-06,2020-07-07,2020-07-08,BRK-B,XLF,182.02000427246094,180.4992904663086,1,SHORT,SHORT,0.09301299601793289,0.043478260869565216,0.9400034546852112,95.65217391304348,52.0,True,0.3341744542121887,UNRANKED,False
2020-07-07,2020-07-08,2020-07-09,BRK-B,XLF,180.4199981689453,184.36821256365096,1,SHORT,SHORT,0.12264636158943176,0.09362549800796813,0.9416202902793884,90.63745019920319,52.0,True,0.6035886704921724,UNRANKED,False
2020-07-08,2020-07-09,2020-07-10,BRK-B,XLF,181.7899932861328,180.30999319893974,1,SHORT,SHORT,0.1223783940076828,0.09362549800796813,0.859744668006897,90.63745019920319,52.0,True,0.4592017233371736,UNRANKED,False
2020-07-09,2020-07-10,2020-07-13,BRK-B,XLF,178.25999450683594,176.61785234723772,1,SHORT,SHORT,0.14378216862678528,0.09409888357256778,0.8567810654640198,90.59011164274322,52.0,True,0.46814668178558355,UNRANKED,False
2020-07-10,2020-07-13,2020-07-14,BRK-B,XLF,183.80999755859375,181.94714137486048,1,SHORT,SHORT,0.1201721727848053,0.09362549800796813,0.9152590036392212,90.63745019920319,52.0,True,0.4146008789539337,UNRANKED,False
2020-07-13,2020-07-14,2020-07-15,BRK-B,XLF,182.4199981689453,180.50142669677734,1,SHORT,SHORT,0.21803420782089233,0.10504201680672269,0.8890268802642822,89.49579831932773,52.0,True,0.7945261001586915,UNRANKED,False
2020-07-14,2020-07-15,2020-07-16,BRK-B,XLF,192.63999938964844,190.38285609654017,1,SHORT,SHORT,0.15610601007938385,0.09409888357256778,0.9167887568473816,90.59011164274322,52.0,True,0.896123707294464,UNRANKED,False
2020-07-15,2020-07-16,2020-07-17,BRK-B,XLF,188.32000732421875,186.25072152273995,1,SHORT,SHORT,0.10949598252773285,0.08333333333333333,0.931806743144989,91.66666666666666,52.0,True,0.818505436182022,UNRANKED,False
2020-07-16,2020-07-17,2020-07-20,BRK-B,XLF,191.77000427246094,189.7628620692662,1,SHORT,SHORT,0.12861962616443634,0.09362549800796813,0.9839224815368652,90.63745019920319,52.0,True,0.758994460105896,UNRANKED,False
2020-07-17,2020-07-20,2020-07-21,BRK-B,XLF,190.02000427246094,188.24357713971818,1,SHORT,SHORT,0.10731241106987,0.08333333333333333,0.964870810508728,91.66666666666666,52.0,True,0.9441748857498169,UNRANKED,False
2020-07-20,2020-07-21,2020-07-22,BRK-B,XLF,190.39999389648438,188.73356737409318,1,SHORT,SHORT,0.07558096200227737,0.0,0.9691874384880066,99.0,52.0,True,0.3861716389656068,UNRANKED,False
2020-07-21,2020-07-22,2020-07-23,BRK-B,XLF,191.77999877929688,190.07999965122767,1,SHORT,SHORT,0.0825410857796669,0.043478260869565216,0.9583098292350769,95.65217391304348,52.0,True,0.3761101067066192,UNRANKED,False
2020-07-22,2020-07-23,2020-07-24,BRK-B,XLF,191.7100067138672,190.0350069318499,1,SHORT,SHORT,0.09114686399698257,0.043478260869565216,0.9661269783973694,95.65217391304348,52.0,True,0.13722315430641197,UNRANKED,False
2020-07-23,2020-07-24,2020-07-27,BRK-B,XLF,193.25,191.552857535226,1,SHORT,SHORT,0.08250388503074646,0.043478260869565216,0.9376427531242371,95.65217391304348,52.0,True,-0.0021849572658538645,UNRANKED,False
2020-07-24,2020-07-27,2020-07-28,BRK-B,XLF,193.8300018310547,192.32000187465124,1,SHORT,SHORT,0.07508856803178787,0.0,0.9415062665939331,99.0,52.0,True,-0.008791983127594185,UNRANKED,False
2020-07-27,2020-07-28,2020-07-29,BRK-B,XLF,190.89999389648438,189.33213697160994,1,SHORT,SHORT,0.12044400721788406,0.09362549800796813,0.9363036155700684,90.63745019920319,52.0,True,0.30401346087455755,UNRANKED,False
2020-07-28,2020-07-29,2020-07-30,BRK-B,XLF,194.02999877929688,192.32428523472376,1,SHORT,SHORT,0.0841008648276329,0.043478260869565216,0.9182148575782776,95.65217391304348,52.0,True,0.16737177968025213,UNRANKED,False
2020-07-29,2020-07-30,2020-07-31,BRK-B,XLF,193.42999267578125,191.73213522774833,1,SHORT,SHORT,0.0913500189781189,0.043478260869565216,0.9226401448249817,95.65217391304348,52.0,True,0.029663890600204433,UNRANKED,False
2020-07-30,2020-07-31,2020-08-03,BRK-B,XLF,195.05999755859375,193.50428227015905,1,SHORT,SHORT,0.09743877500295639,0.06153846153846154,0.9014031291007996,93.84615384615384,52.0,True,0.09673315286636347,UNRANKED,False
2020-07-31,2020-08-03,2020-08-04,BRK-B,XLF,197.27999877929688,195.70642743791853,1,SHORT,SHORT,0.0813421681523323,0.043478260869565216,0.8807128667831421,95.65217391304348,52.0,True,0.1517398953437804,UNRANKED,False
2020-08-03,2020-08-04,2020-08-05,BRK-B,XLF,198.97000122070312,197.54643031529017,1,SHORT,SHORT,0.1318999081850052,0.09362549800796813,0.9454650282859802,90.63745019920319,52.0,True,0.33621865510940563,UNRANKED,False
2020-08-04,2020-08-05,2020-08-06,BRK-B,XLF,201.44000244140625,200.00714438302177,1,SHORT,SHORT,0.08648699522018433,0.043478260869565216,0.954407274723053,95.65217391304348,52.0,True,0.32881709933280934,UNRANKED,False
2020-08-05,2020-08-06,2020-08-07,BRK-B,XLF,203.0,201.35785675048828,1,SHORT,SHORT,0.1046542376279831,0.08333333333333333,0.971123218536377,91.66666666666666,52.0,True,0.16475597023963934,UNRANKED,False
2020-08-06,2020-08-07,2020-08-10,BRK-B,XLF,204.1999969482422,202.47571018763952,1,SHORT,SHORT,0.10319460183382034,0.08333333333333333,0.975077211856842,91.66666666666666,52.0,True,0.3357188999652862,UNRANKED,False
2020-08-07,2020-08-10,2020-08-11,BRK-B,XLF,211.33999633789062,209.317138671875,1,SHORT,SHORT,0.0874604657292366,0.043478260869565216,0.9653488993644714,95.65217391304348,52.0,True,0.2024393677711488,UNRANKED,False
2020-08-10,2020-08-11,2020-08-12,BRK-B,XLF,214.74000549316406,212.62357657296317,1,SHORT,SHORT,0.09067894518375397,0.043478260869565216,0.98021000623703,95.65217391304348,52.0,True,0.22698020935058588,UNRANKED,False
2020-08-11,2020-08-12,2020-08-13,BRK-B,XLF,213.10000610351562,210.99000549316406,1,SHORT,SHORT,0.12909232079982758,0.09362549800796813,0.9805236458778381,90.63745019920319,52.0,True,0.2468682825565339,UNRANKED,False
2020-08-12,2020-08-13,2020-08-14,BRK-B,XLF,212.92999267578125,210.86070578438895,1,SHORT,SHORT,0.21030227839946747,0.10504201680672269,0.9795025587081909,89.49579831932773,52.0,True,0.4160493016242982,UNRANKED,False
2020-08-13,2020-08-14,2020-08-17,BRK-B,XLF,211.0399932861328,216.21142578125,1,SHORT,SHORT,0.10934992134571075,0.08333333333333333,0.9728896617889404,91.66666666666666,52.0,True,0.37236610054969765,UNRANKED,False
2020-08-14,2020-08-17,2020-08-18,BRK-B,XLF,210.0500030517578,208.07857404436385,1,SHORT,SHORT,0.06566192954778671,0.0,0.9846867918968201,99.0,52.0,True,0.0015119016170502507,UNRANKED,False
2020-08-17,2020-08-18,2020-08-19,BRK-B,XLF,206.9499969482422,204.82142421177454,1,SHORT,SHORT,0.09271597117185593,0.043478260869565216,0.9747989773750305,95.65217391304348,52.0,True,0.013128668069839478,UNRANKED,False
2020-08-18,2020-08-19,2020-08-20,BRK-B,XLF,209.19000244140625,214.37929044451033,1,SHORT,SHORT,0.08247778564691544,0.043478260869565216,0.982879102230072,95.65217391304348,52.0,True,0.05902045965194705,UNRANKED,False
2020-08-19,2020-08-20,2020-08-21,BRK-B,XLF,205.1699981689453,203.16499764578683,1,SHORT,SHORT,0.13361281156539917,0.09362549800796813,0.962760329246521,90.63745019920319,52.0,True,0.14668086171150196,UNRANKED,False
2020-08-20,2020-08-21,2020-08-24,BRK-B,XLF,205.52000427246094,203.54285975864954,1,SHORT,SHORT,0.08673910796642303,0.043478260869565216,0.9515505433082581,95.65217391304348,52.0,True,0.20186638832092285,UNRANKED,False
2020-08-21,2020-08-24,2020-08-25,BRK-B,XLF,209.22999572753906,207.40785108293807,1,SHORT,SHORT,0.11878806352615356,0.08333333333333333,0.9745277166366577,91.66666666666666,52.0,True,0.1305046677589416,UNRANKED,False
2020-08-24,2020-08-25,2020-08-26,BRK-B,XLF,213.55999755859375,211.43785313197546,1,SHORT,SHORT,0.09682422131299973,0.06153846153846154,0.977899432182312,93.84615384615384,52.0,True,0.17748749256134036,UNRANKED,False
2020-08-25,2020-08-26,2020-08-27,BRK-B,XLF,212.97999572753906,211.04642159598214,1,SHORT,SHORT,0.10018321871757507,0.06153846153846154,0.9682978391647339,93.84615384615384,52.0,True,0.20183524489402774,UNRANKED,False
2020-08-26,2020-08-27,2020-08-28,BRK-B,XLF,214.99000549316406,213.06286076137,1,SHORT,SHORT,0.10553411394357681,0.08333333333333333,0.9641018509864807,91.66666666666666,52.0,True,0.02389317750930795,UNRANKED,False
2020-08-27,2020-08-28,2020-08-31,BRK-B,XLF,217.50999450683594,215.74356406075614,1,SHORT,SHORT,0.10044504702091217,0.06153846153846154,0.9626339673995972,93.84615384615384,52.0,True,0.3385500609874725,UNRANKED,False
2020-08-28,2020-08-31,2020-09-01,BRK-B,XLF,218.6199951171875,216.95499311174666,1,SHORT,SHORT,0.11635139584541321,0.08333333333333333,0.9646821618080139,91.66666666666666,52.0,True,0.33975479006767273,UNRANKED,False
2020-08-31,2020-09-01,2020-09-02,BRK-B,XLF,216.9199981689453,215.22428131103516,1,SHORT,SHORT,0.22997331619262695,0.10747663551401869,0.9595884680747986,89.25233644859813,52.0,True,0.48481729626655573,UNRANKED,False
2020-09-01,2020-09-02,2020-09-03,BRK-B,XLF,218.1300048828125,216.43928745814733,1,SHORT,SHORT,0.14339731633663177,0.09409888357256778,0.9620814919471741,90.59011164274322,52.0,True,0.36485743522644043,UNRANKED,False
2020-09-02,2020-09-03,2020-09-04,BRK-B,XLF,222.0,226.56071853637695,1,SHORT,SHORT,0.17908979952335358,0.10382513661202186,0.9727420210838318,89.61748633879782,52.0,True,0.522053062915802,UNRANKED,False
2020-09-03,2020-09-04,2020-09-08,BRK-B,XLF,219.9499969482422,224.95893151419503,1,SHORT,SHORT,0.1618257611989975,0.09409888357256778,0.9608572125434875,90.59011164274322,52.0,True,-0.12548297643661502,UNRANKED,False
2020-09-04,2020-09-08,2020-09-09,BRK-B,XLF,217.27999877929688,215.56285313197546,1,SHORT,SHORT,0.12965083122253418,0.09362549800796813,0.9540023803710938,90.63745019920319,52.0,True,0.31870785355567927,UNRANKED,False
2020-09-08,2020-09-09,2020-09-10,BRK-B,XLF,218.9499969482422,217.3064226422991,1,SHORT,SHORT,0.19587655365467072,0.10382513661202186,0.9484993815422058,89.61748633879782,52.0,True,0.9004793763160706,UNRANKED,False
2020-09-09,2020-09-10,2020-09-11,BRK-B,XLF,220.5399932861328,224.77571596418107,1,SHORT,SHORT,0.12110693007707596,0.09362549800796813,0.9764202237129211,90.63745019920319,52.0,True,0.5873067080974579,UNRANKED,False
2020-09-10,2020-09-11,2020-09-14,BRK-B,XLF,218.0,216.25285448346818,1,SHORT,SHORT,0.14550422132015228,0.09409888357256778,0.9748439192771912,90.59011164274322,52.0,True,0.6438305974006653,UNRANKED,False
2020-09-11,2020-09-14,2020-09-15,BRK-B,XLF,219.0,217.33714076450892,1,SHORT,SHORT,0.1533963531255722,0.09409888357256778,0.9880688786506653,90.59011164274322,52.0,True,0.005013883113861098,UNRANKED,False
2020-09-14,2020-09-15,2020-09-16,BRK-B,XLF,220.0800018310547,218.64357103620256,1,SHORT,SHORT,0.10090260952711105,0.06153846153846154,0.9837868809700012,93.84615384615384,52.0,True,0.3405180871486665,UNRANKED,False
2020-09-15,2020-09-16,2020-09-17,BRK-B,XLF,220.27999877929688,223.9175033569336,1,SHORT,SHORT,0.0743660032749176,0.0,0.9883893728256226,99.0,52.0,True,-0.09973147511482253,UNRANKED,False
2020-09-16,2020-09-17,2020-09-18,BRK-B,XLF,218.4600067138672,217.0521480015346,1,SHORT,SHORT,0.10464844852685928,0.08333333333333333,0.9822084307670593,91.66666666666666,52.0,True,0.10365259647369396,UNRANKED,False
2020-09-17,2020-09-18,2020-09-21,BRK-B,XLF,219.0800018310547,222.48000608171736,1,SHORT,SHORT,0.1481761336326599,0.09409888357256778,0.970885157585144,90.59011164274322,52.0,True,0.010638713836670036,UNRANKED,False
2020-09-18,2020-09-21,2020-09-22,BRK-B,XLF,214.0,212.74857003348214,1,SHORT,SHORT,0.21715906262397766,0.10504201680672269,0.9751275777816772,89.49579831932773,52.0,True,-0.02036613225936887,UNRANKED,False
2020-09-21,2020-09-22,2020-09-23,BRK-B,XLF,212.5399932861328,216.50428118024553,1,SHORT,SHORT,0.15782347321510315,0.09409888357256778,0.9659104943275452,90.59011164274322,52.0,True,-0.02102753520011897,UNRANKED,False
2020-09-22,2020-09-23,2020-09-24,BRK-B,XLF,213.94000244140625,218.01678848266602,1,SHORT,SHORT,0.19733543694019318,0.10382513661202186,0.9846048951148987,89.61748633879782,52.0,True,0.16300144791603077,UNRANKED,False
2020-09-23,2020-09-24,2020-09-25,BRK-B,XLF,209.13999938964844,207.40785544259208,1,SHORT,SHORT,0.21258720755577087,0.10504201680672269,0.9758132696151733,89.49579831932773,52.0,True,0.8486298620700837,UNRANKED,False
2020-09-24,2020-09-25,2020-09-28,BRK-B,XLF,207.0,205.45642743791853,1,SHORT,SHORT,0.24489785730838776,0.10747663551401869,0.9815695285797119,89.25233644859813,52.0,True,0.7913545072078705,UNRANKED,False
2020-09-25,2020-09-28,2020-09-29,BRK-B,XLF,213.22000122070312,217.35750089372908,1,SHORT,SHORT,0.18096786737442017,0.10382513661202186,0.9915013313293457,89.61748633879782,52.0,True,0.008611112833023168,UNRANKED,False
2020-09-28,2020-09-29,2020-09-30,BRK-B,XLF,213.58999633789062,211.75142560686385,1,SHORT,SHORT,0.1517462432384491,0.09409888357256778,0.9925127029418945,90.59011164274322,52.0,True,-0.14859655499458307,UNRANKED,False
2020-09-29,2020-09-30,2020-10-01,BRK-B,XLF,211.11000061035156,209.18071637834822,1,SHORT,SHORT,0.22388699650764465,0.10504201680672269,0.9914225935935974,89.49579831932773,52.0,True,-0.21553492546081532,UNRANKED,False
2020-09-30,2020-10-01,2020-10-02,BRK-B,XLF,214.3000030517578,219.24285616193498,1,SHORT,SHORT,0.15454359352588654,0.09409888357256778,0.9831801652908325,90.59011164274322,52.0,True,0.2342177033424376,UNRANKED,False
2020-10-01,2020-10-02,2020-10-05,BRK-B,XLF,209.83999633789062,207.80642591203963,1,SHORT,SHORT,0.12559163570404053,0.09362549800796813,0.9649974703788757,90.63745019920319,52.0,True,0.49451529979705805,UNRANKED,False
2020-10-02,2020-10-05,2020-10-06,BRK-B,XLF,213.08999633789062,217.9649941580636,1,SHORT,SHORT,0.1833285242319107,0.10382513661202186,0.9703118801116943,89.61748633879782,52.0,True,0.7382449209690095,UNRANKED,False
2020-10-05,2020-10-06,2020-10-07,BRK-B,XLF,212.64999389648438,210.68713705880302,1,SHORT,SHORT,0.21620061993598938,0.10504201680672269,0.9625324606895447,89.49579831932773,52.0,True,0.8440170586109161,UNRANKED,False
2020-10-06,2020-10-07,2020-10-08,BRK-B,XLF,212.3300018310547,210.2635726928711,1,SHORT,SHORT,0.19259652495384216,0.10382513661202186,0.9598094820976257,89.61748633879782,52.0,True,0.7261265814304352,UNRANKED,False
2020-10-07,2020-10-08,2020-10-09,BRK-B,XLF,214.38999938964844,212.2171412876674,1,SHORT,SHORT,0.1558394879102707,0.09409888357256778,0.9333385825157166,90.59011164274322,52.0,True,0.46191251277923584,UNRANKED,False
2020-10-08,2020-10-09,2020-10-12,BRK-B,XLF,215.8800048828125,213.58571842738561,1,SHORT,SHORT,0.11655024439096451,0.08333333333333333,0.9542243480682373,91.66666666666666,52.0,True,0.4717532396316529,UNRANKED,False
2020-10-09,2020-10-12,2020-10-13,BRK-B,XLF,216.74000549316406,221.64357812064034,1,SHORT,SHORT,0.09349383413791656,0.043478260869565216,0.9783541560173035,95.65217391304348,52.0,True,0.13746875524520868,UNRANKED,False
2020-10-12,2020-10-13,2020-10-14,BRK-B,XLF,215.75999450683594,220.5903549194336,1,SHORT,SHORT,0.07294725626707077,0.0,0.9342699646949768,99.0,52.0,True,0.2510105967521668,UNRANKED,False
2020-10-13,2020-10-14,2020-10-15,BRK-B,XLF,212.02000427246094,210.12000274658203,1,SHORT,SHORT,0.07936588674783707,0.043478260869565216,0.8538870811462402,95.65217391304348,52.0,True,0.11223202943801865,UNRANKED,False
2020-10-14,2020-10-15,2020-10-16,BRK-B,XLF,209.27000427246094,207.33357456752233,1,SHORT,SHORT,0.14701256155967712,0.09409888357256778,0.84471195936203,90.59011164274322,52.0,True,0.4279232621192933,UNRANKED,False
2020-10-15,2020-10-16,2020-10-19,BRK-B,XLF,211.83999633789062,216.5042839050293,1,SHORT,SHORT,0.16423851251602173,0.09409888357256778,0.9161800742149353,90.59011164274322,52.0,True,0.3869040906429291,UNRANKED,False
2020-10-16,2020-10-19,2020-10-20,BRK-B,XLF,212.16000366210938,216.3189364842006,1,SHORT,SHORT,0.1666906774044037,0.09409888357256778,0.9123855829238892,90.59011164274322,52.0,True,0.6292066872119904,UNRANKED,False
2020-10-19,2020-10-20,2020-10-21,BRK-B,XLF,209.6300048828125,207.97928837367468,1,SHORT,SHORT,0.11532226204872131,0.08333333333333333,0.9440917372703552,91.66666666666666,52.0,True,0.34716841578483576,UNRANKED,False
2020-10-20,2020-10-21,2020-10-22,BRK-B,XLF,208.97000122070312,207.42142813546317,1,SHORT,SHORT,0.1439240723848343,0.09409888357256778,0.9443129897117615,90.59011164274322,52.0,True,0.46780303120613104,UNRANKED,False
2020-10-21,2020-10-22,2020-10-23,BRK-B,XLF,209.6300048828125,208.13857487269811,1,SHORT,SHORT,0.10621084272861481,0.08333333333333333,0.931626558303833,91.66666666666666,52.0,True,0.42802122235298157,UNRANKED,False
2020-10-22,2020-10-23,2020-10-26,BRK-B,XLF,212.42999267578125,216.26392418997628,1,SHORT,SHORT,0.14757414162158966,0.09409888357256778,0.9438067078590393,90.59011164274322,52.0,True,0.11937391757965102,UNRANKED,False
2020-10-23,2020-10-26,2020-10-27,BRK-B,XLF,209.63999938964844,213.4596448625837,1,SHORT,SHORT,0.10811635851860046,0.08333333333333333,0.9431993961334229,91.66666666666666,52.0,True,0.1261369884014131,UNRANKED,False
2020-10-26,2020-10-27,2020-10-28,BRK-B,XLF,208.0,212.1982160295759,1,SHORT,SHORT,0.310154527425766,0.12903225806451613,0.9503920674324036,87.09677419354838,52.0,True,0.49483278393745417,UNRANKED,False
2020-10-27,2020-10-28,2020-10-29,BRK-B,XLF,202.67999267578125,201.10213470458984,1,SHORT,SHORT,0.23817728459835052,0.10747663551401869,0.9397902488708496,89.25233644859813,52.0,True,0.5938242375850679,UNRANKED,False
2020-10-28,2020-10-29,2020-10-30,BRK-B,XLF,200.02999877929688,198.14356885637557,1,SHORT,SHORT,0.19166330993175507,0.10382513661202186,0.8690677881240845,89.61748633879782,52.0,True,0.12563830614089957,UNRANKED,False
2020-10-29,2020-10-30,2020-11-02,BRK-B,XLF,200.50999450683594,198.6035646711077,1,SHORT,SHORT,0.1945541352033615,0.10382513661202186,0.9278824925422668,89.61748633879782,52.0,True,0.5049751102924346,UNRANKED,False
2020-10-30,2020-11-02,2020-11-03,BRK-B,XLF,204.83999633789062,202.95785304478235,1,SHORT,SHORT,0.19398482143878937,0.10382513661202186,0.9219331741333008,89.61748633879782,52.0,True,0.7191808521747589,UNRANKED,False
2020-11-02,2020-11-03,2020-11-04,BRK-B,XLF,206.92999267578125,205.16856384277344,1,SHORT,SHORT,0.2691461443901062,0.10747663551401869,0.9601210355758667,89.25233644859813,52.0,True,0.8640613257884979,UNRANKED,False
2020-11-03,2020-11-04,2020-11-05,BRK-B,XLF,206.58999633789062,204.76285226004464,1,SHORT,SHORT,0.266651451587677,0.10747663551401869,0.9662255644798279,89.25233644859813,52.0,True,1.2565434575080872,UNRANKED,False
2020-11-04,2020-11-05,2020-11-06,BRK-B,XLF,208.69000244140625,206.8828571864537,1,SHORT,SHORT,0.17850103974342346,0.10382513661202186,0.9819356799125671,89.61748633879782,52.0,True,0.41155278682708746,UNRANKED,False
2020-11-05,2020-11-06,2020-11-09,BRK-B,XLF,208.4499969482422,206.5699953351702,1,SHORT,SHORT,0.08595606684684753,0.043478260869565216,0.9779234528541565,95.65217391304348,52.0,True,0.2925215661525726,UNRANKED,False
2020-11-06,2020-11-09,2020-11-10,BRK-B,XLF,221.97000122070312,220.19857025146484,1,SHORT,SHORT,0.1308620423078537,0.09362549800796813,0.9845573902130127,90.63745019920319,52.0,True,0.45213216543197643,UNRANKED,False
2020-11-09,2020-11-10,2020-11-11,BRK-B,XLF,221.82000732421875,219.22143336704798,1,SHORT,SHORT,0.15815922617912292,0.09409888357256778,0.9708817005157471,90.59011164274322,52.0,True,0.7379617393016814,UNRANKED,False
2020-11-10,2020-11-11,2020-11-12,BRK-B,XLF,228.5,236.22143500191825,1,SHORT,SHORT,0.09581387042999268,0.043478260869565216,0.972807765007019,95.65217391304348,52.0,True,0.24392870068550104,UNRANKED,False
2020-11-11,2020-11-12,2020-11-13,BRK-B,XLF,225.00999450683594,221.94427817208427,1,SHORT,SHORT,0.17726591229438782,0.10382513661202186,0.9795051217079163,89.61748633879782,52.0,True,0.1956764161586761,UNRANKED,False
2020-11-12,2020-11-13,2020-11-16,BRK-B,XLF,226.5,223.32357025146484,1,SHORT,SHORT,0.14087754487991333,0.09362549800796813,0.9580811858177185,90.63745019920319,52.0,True,0.6315727233886719,UNRANKED,False
2020-11-13,2020-11-16,2020-11-17,BRK-B,XLF,230.5800018310547,227.51214381626673,1,SHORT,SHORT,0.0803380161523819,0.043478260869565216,0.9564039707183838,95.65217391304348,52.0,True,0.44411000609397877,UNRANKED,False
2020-11-16,2020-11-17,2020-11-18,BRK-B,XLF,231.92999267578125,228.57141985212053,1,SHORT,SHORT,0.08162898570299149,0.043478260869565216,0.9675354957580566,95.65217391304348,52.0,True,0.15703028440475464,UNRANKED,False
2020-11-17,2020-11-18,2020-11-19,BRK-B,XLF,233.57000732421875,240.87358038766044,1,SHORT,SHORT,0.07797308266162872,0.043478260869565216,0.9768855571746826,95.65217391304348,52.0,True,0.45732596516609186,UNRANKED,False
2020-11-18,2020-11-19,2020-11-20,BRK-B,XLF,229.6699981689453,226.58571188790458,1,SHORT,SHORT,0.10903782397508621,0.08333333333333333,0.9542340040206909,91.66666666666666,52.0,True,0.2603119909763336,UNRANKED,False
2020-11-19,2020-11-20,2020-11-23,BRK-B,XLF,228.77999877929688,225.68499755859375,1,SHORT,SHORT,0.13749030232429504,0.09362549800796813,0.95746910572052,90.63745019920319,52.0,True,0.37248849868774403,UNRANKED,False
2020-11-20,2020-11-23,2020-11-24,BRK-B,XLF,229.77000427246094,226.66714586530412,1,SHORT,SHORT,0.10215967893600464,0.08333333333333333,0.9427926540374756,91.66666666666666,52.0,True,0.3403567671775818,UNRANKED,False
2020-11-23,2020-11-24,2020-11-25,BRK-B,XLF,232.4499969482422,229.33213915143693,1,SHORT,SHORT,0.11381038278341293,0.08333333333333333,0.9701802134513855,91.66666666666666,52.0,True,0.336039423942566,UNRANKED,False
2020-11-24,2020-11-25,2020-11-27,BRK-B,XLF,233.9199981689453,230.5221405029297,1,SHORT,SHORT,0.08927161991596222,0.043478260869565216,0.9621487259864807,95.65217391304348,52.0,True,0.30113306641578674,UNRANKED,False
2020-11-25,2020-11-27,2020-11-30,BRK-B,XLF,233.10000610351562,241.50714928763253,1,SHORT,SHORT,0.09374083578586578,0.043478260869565216,0.9671913385391235,95.65217391304348,52.0,True,0.17963054776191714,UNRANKED,False
2020-11-27,2020-11-30,2020-12-01,BRK-B,XLF,231.19000244140625,227.81428854806083,1,SHORT,SHORT,0.11548450589179993,0.08333333333333333,0.963883638381958,91.66666666666666,52.0,True,0.19461047649383537,UNRANKED,False
2020-11-30,2020-12-01,2020-12-02,BRK-B,XLF,230.22999572753906,227.56928144182478,1,SHORT,SHORT,0.13437099754810333,0.09362549800796813,0.9105880856513977,90.63745019920319,52.0,True,0.34860339760780323,UNRANKED,False
2020-12-01,2020-12-02,2020-12-03,BRK-B,XLF,229.8000030517578,227.58286067417689,1,SHORT,SHORT,0.1268664449453354,0.09362549800796813,0.9560685157775879,90.63745019920319,52.0,True,0.30292049050331116,UNRANKED,False
2020-12-02,2020-12-03,2020-12-04,BRK-B,XLF,230.0,227.80928584507532,1,SHORT,SHORT,0.15924464166164398,0.09409888357256778,0.9586780071258545,90.59011164274322,52.0,True,0.15640187263488764,UNRANKED,False
2020-12-03,2020-12-04,2020-12-07,BRK-B,XLF,230.24000549316406,228.19571903773718,1,SHORT,SHORT,0.2510836124420166,0.10747663551401869,0.9699759483337402,89.25233644859813,52.0,True,0.3117947578430176,UNRANKED,False
2020-12-04,2020-12-07,2020-12-08,BRK-B,XLF,231.25999450683594,235.9474972316197,1,SHORT,SHORT,0.1553114950656891,0.09409888357256778,0.9707009196281433,90.59011164274322,52.0,True,0.21890744566917417,UNRANKED,False
2020-12-07,2020-12-08,2020-12-09,BRK-B,XLF,227.4600067138672,225.84000614711218,1,SHORT,SHORT,0.13918785750865936,0.09362549800796813,0.9380306005477905,90.63745019920319,52.0,True,0.2524127960205078,UNRANKED,False
2020-12-08,2020-12-09,2020-12-10,BRK-B,XLF,228.57000732421875,226.87929207938058,1,SHORT,SHORT,0.13955837488174438,0.09362549800796813,0.9352533221244812,90.63745019920319,52.0,True,-0.017656475305557293,UNRANKED,False
2020-12-09,2020-12-10,2020-12-11,BRK-B,XLF,226.4499969482422,224.9314237322126,1,SHORT,SHORT,0.13026395440101624,0.09362549800796813,0.9514642357826233,90.63745019920319,52.0,True,-0.017778754234313958,UNRANKED,False
2020-12-10,2020-12-11,2020-12-14,BRK-B,XLF,225.1999969482422,228.92856924874442,1,SHORT,SHORT,0.10939967632293701,0.08333333333333333,0.9652401804924011,91.66666666666666,52.0,True,-0.0579404234886169,UNRANKED,False
2020-12-11,2020-12-14,2020-12-15,BRK-B,XLF,227.67999267578125,231.12999398367745,1,SHORT,SHORT,0.09901964664459229,0.06153846153846154,0.9702872633934021,93.84615384615384,52.0,True,0.054835647344589344,UNRANKED,False
2020-12-14,2020-12-15,2020-12-16,BRK-B,XLF,224.8300018310547,228.46035930088587,1,SHORT,SHORT,0.20270532369613647,0.10382513661202186,0.957656979560852,89.61748633879782,52.0,True,-0.14485597610473616,UNRANKED,False
2020-12-15,2020-12-16,2020-12-17,BRK-B,XLF,225.47999572753906,224.23142460414343,1,SHORT,SHORT,0.208694726228714,0.10504201680672269,0.9841175079345703,89.49579831932773,52.0,True,0.06374284625053411,UNRANKED,False
2020-12-16,2020-12-17,2020-12-18,BRK-B,XLF,222.50999450683594,221.14142281668526,1,SHORT,SHORT,0.17473305761814117,0.09409888357256778,0.9752092957496643,90.59011164274322,52.0,True,-0.005305737257003777,UNRANKED,False
2020-12-17,2020-12-18,2020-12-21,BRK-B,XLF,224.7899932861328,223.33642251150948,1,SHORT,SHORT,0.17712843418121338,0.10382513661202186,0.9883352518081665,89.61748633879782,52.0,True,-0.009050935506820651,UNRANKED,False
2020-12-18,2020-12-21,2020-12-22,BRK-B,XLF,222.02000427246094,220.66571916852678,1,SHORT,SHORT,0.2706649899482727,0.10747663551401869,0.9920620918273926,89.25233644859813,52.0,True,-0.05061802268028258,UNRANKED,False
2020-12-21,2020-12-22,2020-12-23,BRK-B,XLF,223.5800018310547,222.27642931256975,1,SHORT,SHORT,0.18913105130195618,0.10382513661202186,0.9880460500717163,89.61748633879782,52.0,True,0.3305730819702148,UNRANKED,False
2020-12-22,2020-12-23,2020-12-24,BRK-B,XLF,222.6300048828125,221.26428985595703,1,SHORT,SHORT,0.20959581434726715,0.10504201680672269,0.9878771305084229,89.49579831932773,52.0,True,0.3950378894805908,UNRANKED,False
2020-12-23,2020-12-24,2020-12-28,BRK-B,XLF,224.60000610351562,223.10857718331474,1,SHORT,SHORT,0.1628015637397766,0.09409888357256778,0.989968478679657,90.59011164274322,52.0,True,0.340408831834793,UNRANKED,False
2020-12-24,2020-12-28,2020-12-29,BRK-B,XLF,228.08999633789062,226.4585680280413,1,SHORT,SHORT,0.09485181421041489,0.043478260869565216,0.9943882822990417,95.65217391304348,52.0,True,0.15556445717811598,UNRANKED,False
2020-12-28,2020-12-29,2020-12-30,BRK-B,XLF,230.5,228.88499995640345,1,SHORT,SHORT,0.09856422245502472,0.06153846153846154,0.9938777089118958,93.84615384615384,52.0,True,0.25149700045585627,UNRANKED,False
2020-12-29,2020-12-30,2020-12-31,BRK-B,XLF,229.5399932861328,227.9171360560826,1,SHORT,SHORT,0.07867417484521866,0.043478260869565216,0.9922617673873901,95.65217391304348,52.0,True,0.015101879835128802,UNRANKED,False
2020-12-30,2020-12-31,2021-01-04,BRK-B,XLF,229.27999877929688,227.7000002179827,1,SHORT,SHORT,0.11811323463916779,0.08333333333333333,0.9827674627304077,91.66666666666666,52.0,True,0.12057369947433483,UNRANKED,False
2020-12-31,2021-01-04,2021-01-05,BRK-B,XLF,231.72999572753906,236.0478515625,1,SHORT,SHORT,0.19758467376232147,0.10382513661202186,0.9778746962547302,89.61748633879782,52.0,True,0.12904852628707877,UNRANKED,False
2021-01-04,2021-01-05,2021-01-06,BRK-B,XLF,228.2100067138672,226.3071507045201,1,SHORT,SHORT,0.23818348348140717,0.10747663551401869,0.9709628224372864,89.25233644859813,52.0,True,0.32940194010734564,UNRANKED,False
2021-01-05,2021-01-06,2021-01-07,BRK-B,XLF,229.49000549316406,227.77000645228796,1,SHORT,SHORT,0.19860251247882843,0.10382513661202186,0.9674734473228455,89.61748633879782,52.0,True,0.4938012957572937,UNRANKED,False
2021-01-06,2021-01-07,2021-01-08,BRK-B,XLF,232.77999877929688,230.96928514753068,1,SHORT,SHORT,0.18434883654117584,0.10382513661202186,0.9472957849502563,89.61748633879782,52.0,True,0.30525806546211237,UNRANKED,False
2021-01-07,2021-01-08,2021-01-11,BRK-B,XLF,233.5399932861328,231.71927969796317,1,SHORT,SHORT,0.1672208607196808,0.09409888357256778,0.9644501209259033,90.59011164274322,52.0,True,0.19413483142852783,UNRANKED,False
2021-01-08,2021-01-11,2021-01-12,BRK-B,XLF,231.22000122070312,229.51500156947546,1,SHORT,SHORT,0.11239597201347351,0.08333333333333333,0.9274364709854126,91.66666666666666,52.0,True,0.020735353231430068,UNRANKED,False
2021-01-11,2021-01-12,2021-01-13,BRK-B,XLF,233.30999755859375,231.65142604282923,1,SHORT,SHORT,0.1057402491569519,0.08333333333333333,0.937518835067749,91.66666666666666,52.0,True,0.37050721049308777,UNRANKED,False
2021-01-12,2021-01-13,2021-01-14,BRK-B,XLF,232.0,230.3171441214425,1,SHORT,SHORT,0.12929224967956543,0.09362549800796813,0.9214958548545837,90.63745019920319,52.0,True,0.49100062251091015,UNRANKED,False
2021-01-13,2021-01-14,2021-01-15,BRK-B,XLF,234.7899932861328,233.11642347063338,1,SHORT,SHORT,0.09702324122190475,0.06153846153846154,0.8939340114593506,93.84615384615384,52.0,True,0.2688654661178589,UNRANKED,False
2021-01-14,2021-01-15,2021-01-19,BRK-B,XLF,234.10000610351562,232.55857849121094,1,SHORT,SHORT,0.07569897919893265,0.0,0.9036263227462769,99.0,52.0,True,0.2088784873485565,UNRANKED,False
2021-01-15,2021-01-19,2021-01-20,BRK-B,XLF,234.63999938964844,233.15285709926061,1,SHORT,SHORT,0.10721195489168167,0.08333333333333333,0.8961519002914429,91.66666666666666,52.0,True,0.12063124775886541,UNRANKED,False
2021-01-19,2021-01-20,2021-01-21,BRK-B,XLF,234.0,232.57142966134208,1,SHORT,SHORT,0.10247395187616348,0.08333333333333333,0.9003730416297913,91.66666666666666,52.0,True,0.13459578156471255,UNRANKED,False
2021-01-20,2021-01-21,2021-01-22,BRK-B,XLF,235.22000122070312,238.62178203037806,1,SHORT,SHORT,0.10364983975887299,0.08333333333333333,0.921923041343689,91.66666666666666,52.0,True,0.2187561690807344,UNRANKED,False
2021-01-21,2021-01-22,2021-01-25,BRK-B,XLF,232.5,231.1021445138114,1,SHORT,SHORT,0.09706000983715057,0.06153846153846154,0.9316549301147461,93.84615384615384,52.0,True,0.23615550994873052,UNRANKED,False
2021-01-22,2021-01-25,2021-01-26,BRK-B,XLF,231.6699981689453,230.34214237758093,1,SHORT,SHORT,0.10765255242586136,0.08333333333333333,0.9186319708824158,91.66666666666666,52.0,True,0.16742426156997692,UNRANKED,False
2021-01-25,2021-01-26,2021-01-27,BRK-B,XLF,233.0,235.72499629429407,1,SHORT,SHORT,0.21881017088890076,0.10504201680672269,0.9031931757926941,89.49579831932773,52.0,True,0.32817921042442316,UNRANKED,False
2021-01-26,2021-01-27,2021-01-28,BRK-B,XLF,230.0,228.87714494977678,1,SHORT,SHORT,0.1646484136581421,0.09409888357256778,0.9150499701499939,90.59011164274322,52.0,True,0.3006925284862519,UNRANKED,False
2021-01-27,2021-01-28,2021-01-29,BRK-B,XLF,229.75999450683594,232.8189185006278,1,SHORT,SHORT,0.09753288328647614,0.06153846153846154,0.736373245716095,93.84615384615384,52.0,True,0.01996511220932022,UNRANKED,False
2021-01-28,2021-01-29,2021-02-01,BRK-B,XLF,229.4499969482422,228.15642765590124,1,SHORT,SHORT,0.10642354935407639,0.08333333333333333,0.907126784324646,91.66666666666666,52.0,True,0.18287715315818792,UNRANKED,False
2021-01-29,2021-02-01,2021-02-02,BRK-B,XLF,229.97000122070312,228.53857421875,1,SHORT,SHORT,0.08965864032506943,0.043478260869565216,0.8533644080162048,95.65217391304348,52.0,True,0.13722255825996416,UNRANKED,False
2021-02-01,2021-02-02,2021-02-03,BRK-B,XLF,231.2100067138672,229.71786499023438,1,SHORT,SHORT,0.14677518606185913,0.09409888357256778,0.9843339323997498,90.59011164274322,52.0,True,0.4160067141056061,UNRANKED,False
2021-02-02,2021-02-03,2021-02-04,BRK-B,XLF,232.39999389648438,230.72785186767578,1,SHORT,SHORT,0.1197981983423233,0.08333333333333333,0.974240243434906,91.66666666666666,52.0,True,0.4469136893749237,UNRANKED,False
2021-02-03,2021-02-04,2021-02-05,BRK-B,XLF,232.83999633789062,231.24214063371932,1,SHORT,SHORT,0.19794058799743652,0.10382513661202186,0.9844745397567749,89.61748633879782,52.0,True,0.5337509214878082,UNRANKED,False
2021-02-04,2021-02-05,2021-02-08,BRK-B,XLF,236.97999572753906,235.1978541782924,1,SHORT,SHORT,0.14876951277256012,0.09409888357256778,0.9744244813919067,90.59011164274322,52.0,True,0.4865833520889282,UNRANKED,False
2021-02-05,2021-02-08,2021-02-09,BRK-B,XLF,236.0,234.28357260567802,1,SHORT,SHORT,0.15296730399131775,0.09409888357256778,0.9832616448402405,90.59011164274322,52.0,True,0.35651278495788574,UNRANKED,False
2021-02-08,2021-02-09,2021-02-10,BRK-B,XLF,237.07000732421875,235.26786586216517,1,SHORT,SHORT,0.13156573474407196,0.09362549800796813,0.9750964045524597,90.63745019920319,52.0,True,0.37613651156425476,UNRANKED,False
2021-02-09,2021-02-10,2021-02-11,BRK-B,XLF,241.42999267578125,239.4649930681501,1,SHORT,SHORT,0.12044920772314072,0.09362549800796813,0.9709826111793518,90.63745019920319,52.0,True,0.32052847743034374,UNRANKED,False
2021-02-10,2021-02-11,2021-02-12,BRK-B,XLF,239.36000061035156,237.43714359828405,1,SHORT,SHORT,0.12139279395341873,0.09362549800796813,0.9543980360031128,90.63745019920319,52.0,True,0.2357684075832366,UNRANKED,False
2021-02-11,2021-02-12,2021-02-16,BRK-B,XLF,238.07000732421875,236.2242933000837,1,SHORT,SHORT,0.12813471257686615,0.09362549800796813,0.9728028178215027,90.63745019920319,52.0,True,0.22274014353752128,UNRANKED,False
2021-02-12,2021-02-16,2021-02-17,BRK-B,XLF,244.13999938964844,242.10785566057478,1,SHORT,SHORT,0.11063078045845032,0.08333333333333333,0.971696674823761,91.66666666666666,52.0,True,0.21741357445716863,UNRANKED,False
2021-02-16,2021-02-17,2021-02-18,BRK-B,XLF,244.13999938964844,242.00928388323103,1,SHORT,SHORT,0.0988578125834465,0.06153846153846154,0.9395157098770142,93.84615384615384,52.0,True,0.025893777608871446,UNRANKED,False
2021-02-17,2021-02-18,2021-02-19,BRK-B,XLF,244.72999572753906,249.31035450526647,1,SHORT,SHORT,0.11298522353172302,0.08333333333333333,0.9066929221153259,91.66666666666666,52.0,True,0.06334987282753,UNRANKED,False
2021-02-18,2021-02-19,2021-02-22,BRK-B,XLF,244.1999969482422,242.49928174700057,1,SHORT,SHORT,0.1413094401359558,0.09362549800796813,0.899268627166748,90.63745019920319,52.0,True,0.13423904776573178,UNRANKED,False
2021-02-19,2021-02-22,2021-02-23,BRK-B,XLF,240.88999938964844,239.2914276123047,1,SHORT,SHORT,0.18535730242729187,0.10382513661202186,0.9088166952133179,89.61748633879782,52.0,True,0.2160448431968689,UNRANKED,False
2021-02-22,2021-02-23,2021-02-24,BRK-B,XLF,245.55999755859375,243.8421412876674,1,SHORT,SHORT,0.08248350769281387,0.043478260869565216,0.9318090081214905,95.65217391304348,52.0,True,0.12119370698928847,UNRANKED,False
2021-02-23,2021-02-24,2021-02-25,BRK-B,XLF,245.14999389648438,243.600709097726,1,SHORT,SHORT,0.1004362553358078,0.06153846153846154,0.8808434009552002,93.84615384615384,52.0,True,0.05486941337585456,UNRANKED,False
2021-02-24,2021-02-25,2021-02-26,BRK-B,XLF,248.07000732421875,252.38607842581612,1,SHORT,SHORT,0.09701131284236908,0.06153846153846154,0.8676709532737732,93.84615384615384,52.0,True,-0.012995421886444116,UNRANKED,False
2021-02-25,2021-02-26,2021-03-01,BRK-B,XLF,245.14999389648438,243.30428096226282,1,SHORT,SHORT,0.13617250323295593,0.09362549800796813,0.8672072291374207,90.63745019920319,52.0,True,0.08873048424720767,UNRANKED,False
2021-02-26,2021-03-01,2021-03-02,BRK-B,XLF,246.86000061035156,244.8307157244001,1,SHORT,SHORT,0.12941831350326538,0.09362549800796813,0.7662526369094849,90.63745019920319,52.0,True,0.3909533321857453,UNRANKED,False
2021-03-01,2021-03-02,2021-03-03,BRK-B,XLF,249.1199951171875,246.6307089669364,1,SHORT,SHORT,0.17991331219673157,0.10382513661202186,0.8929146528244019,89.61748633879782,52.0,True,0.0060090720653533,UNRANKED,False
2021-03-02,2021-03-03,2021-03-04,BRK-B,XLF,249.72999572753906,255.5103519984654,1,SHORT,SHORT,0.09301657974720001,0.043478260869565216,0.959542453289032,95.65217391304348,52.0,True,-0.8876837790012357,UNRANKED,False
2021-03-03,2021-03-04,2021-03-05,BRK-B,XLF,251.0800018310547,248.6021445138114,1,SHORT,SHORT,0.11925189942121506,0.08333333333333333,0.9360414743423462,91.66666666666666,52.0,True,-0.420954555273056,UNRANKED,False
2021-03-04,2021-03-05,2021-03-08,BRK-B,XLF,248.88999938964844,245.98999895368303,1,SHORT,SHORT,0.23387672007083893,0.10747663551401869,0.9146395921707153,89.25233644859813,52.0,True,0.9357364773750303,UNRANKED,False
2021-03-05,2021-03-08,2021-03-09,BRK-B,XLF,255.60000610351562,252.34500667027064,1,SHORT,SHORT,0.1853177547454834,0.10382513661202186,0.9143344163894653,89.61748633879782,52.0,True,0.9687042981386184,UNRANKED,False
2021-03-08,2021-03-09,2021-03-10,BRK-B,XLF,258.54998779296875,255.17784554617745,1,SHORT,SHORT,0.14941217005252838,0.09409888357256778,0.9322822690010071,90.59011164274322,52.0,True,0.7583994567394258,UNRANKED,False
2021-03-09,2021-03-10,2021-03-11,BRK-B,XLF,260.29998779296875,256.82927376883373,1,SHORT,SHORT,0.18492084741592407,0.10382513661202186,0.9678406715393066,89.61748633879782,52.0,True,0.37106540799140925,UNRANKED,False
2021-03-10,2021-03-11,2021-03-12,BRK-B,XLF,264.2200012207031,273.47178649902344,1,SHORT,SHORT,0.14535890519618988,0.09409888357256778,0.9552038908004761,90.59011164274322,52.0,True,0.8297011852264404,UNRANKED,False
2021-03-11,2021-03-12,2021-03-15,BRK-B,XLF,262.3999938964844,271.9071350097656,1,SHORT,SHORT,0.10094282776117325,0.06153846153846154,0.9771630764007568,93.84615384615384,52.0,True,-0.004727274179458681,UNRANKED,False
2021-03-12,2021-03-15,2021-03-16,BRK-B,XLF,260.30999755859375,269.41892787388394,1,SHORT,SHORT,0.08540044724941254,0.043478260869565216,0.9772436618804932,95.65217391304348,52.0,True,0.3748569488525389,UNRANKED,False
2021-03-15,2021-03-16,2021-03-17,BRK-B,XLF,254.52999877929688,250.53999873570032,1,SHORT,SHORT,0.08827148377895355,0.043478260869565216,0.9534804224967957,95.65217391304348,52.0,True,0.11385512351989746,UNRANKED,False
2021-03-16,2021-03-17,2021-03-18,BRK-B,XLF,252.02000427246094,248.01643262590682,1,SHORT,SHORT,0.08245228230953217,0.043478260869565216,0.9608049988746643,95.65217391304348,52.0,True,0.1221288144588468,UNRANKED,False
2021-03-17,2021-03-18,2021-03-19,BRK-B,XLF,253.75999450683594,250.06070818219865,1,SHORT,SHORT,0.09941975772380829,0.06153846153846154,0.967254638671875,93.84615384615384,52.0,True,0.05628913640975944,UNRANKED,False
2021-03-18,2021-03-19,2021-03-22,BRK-B,XLF,252.30999755859375,248.80499703543526,1,SHORT,SHORT,0.14095698297023773,0.09362549800796813,0.894882321357727,90.63745019920319,52.0,True,0.35807803273200994,UNRANKED,False
2021-03-19,2021-03-22,2021-03-23,BRK-B,XLF,250.60000610351562,247.61143493652344,1,SHORT,SHORT,0.14090201258659363,0.09362549800796813,0.8444745540618896,90.63745019920319,52.0,True,0.053377777338028086,UNRANKED,False
2021-03-22,2021-03-23,2021-03-24,BRK-B,XLF,250.1999969482422,247.16713932582311,1,SHORT,SHORT,0.15441246330738068,0.09409888357256778,0.9194061160087585,90.59011164274322,52.0,True,0.951539218425751,UNRANKED,False
2021-03-23,2021-03-24,2021-03-25,BRK-B,XLF,249.5500030517578,246.53714534214564,1,SHORT,SHORT,0.12901832163333893,0.09362549800796813,0.9241237044334412,90.63745019920319,52.0,True,0.5460876226425171,UNRANKED,False
2021-03-24,2021-03-25,2021-03-26,BRK-B,XLF,249.3800048828125,246.70643288748605,1,SHORT,SHORT,0.19957229495048523,0.10382513661202186,0.9472914934158325,89.61748633879782,52.0,True,0.38982295989990234,UNRANKED,False
2021-03-25,2021-03-26,2021-03-29,BRK-B,XLF,252.75,250.5442853655134,1,SHORT,SHORT,0.09564737975597382,0.043478260869565216,0.9061630964279175,95.65217391304348,52.0,True,0.34027835726737976,UNRANKED,False
2021-03-26,2021-03-29,2021-03-30,BRK-B,XLF,253.92999267578125,251.61284964425224,1,SHORT,SHORT,0.07783180475234985,0.043478260869565216,0.9277600646018982,95.65217391304348,52.0,True,0.3482117652893066,UNRANKED,False
2021-03-29,2021-03-30,2021-03-31,BRK-B,XLF,259.94000244140625,265.8471483503069,1,SHORT,SHORT,0.10504283010959625,0.08333333333333333,0.8733857274055481,91.66666666666666,52.0,True,0.35769176483154297,UNRANKED,False
2021-03-30,2021-03-31,2021-04-01,BRK-B,XLF,256.8599853515625,254.80712672642298,1,SHORT,SHORT,0.06520982831716537,0.0,0.9232768416404724,99.0,52.0,True,0.22604843974113462,UNRANKED,False
2021-03-31,2021-04-01,2021-04-05,BRK-B,XLF,255.74000549316406,253.71286010742188,1,SHORT,SHORT,0.10731891542673111,0.08333333333333333,0.8532670140266418,91.66666666666666,52.0,True,0.37684041261672974,UNRANKED,False
2021-04-01,2021-04-05,2021-04-06,BRK-B,XLF,260.0199890136719,257.86141531808033,1,SHORT,SHORT,0.06318805366754532,0.0,0.9423183798789978,99.0,52.0,True,0.39760637283325195,UNRANKED,False
2021-04-05,2021-04-06,2021-04-07,BRK-B,XLF,262.8599853515625,260.76926858084545,1,SHORT,SHORT,0.1703297644853592,0.09409888357256778,0.8962590098381042,90.59011164274322,52.0,True,0.46979922056198126,UNRANKED,False
2021-04-06,2021-04-07,2021-04-08,BRK-B,XLF,262.989990234375,261.09284537179127,1,SHORT,SHORT,0.07446740567684174,0.0,0.9361944794654846,99.0,52.0,True,0.30909964442253113,UNRANKED,False
2021-04-07,2021-04-08,2021-04-09,BRK-B,XLF,262.7200012207031,260.8185708182199,1,SHORT,SHORT,0.0781492069363594,0.043478260869565216,0.9377716183662415,95.65217391304348,52.0,True,0.09806805849075324,UNRANKED,False
2021-04-08,2021-04-09,2021-04-12,BRK-B,XLF,264.2200012207031,262.3435723440988,1,SHORT,SHORT,0.11218823492527008,0.08333333333333333,0.9547394514083862,91.66666666666666,52.0,True,0.07245373725891109,UNRANKED,False
2021-04-09,2021-04-12,2021-04-13,BRK-B,XLF,266.5299987792969,264.5799985613142,1,SHORT,SHORT,0.10345931351184845,0.08333333333333333,0.941046416759491,91.66666666666666,52.0,True,-0.025427669286727864,UNRANKED,False
2021-04-12,2021-04-13,2021-04-14,BRK-B,XLF,267.4200134277344,265.37787192208424,1,SHORT,SHORT,0.0926935151219368,0.043478260869565216,0.9531571269035339,95.65217391304348,52.0,True,0.005771994590759262,UNRANKED,False
2021-04-13,2021-04-14,2021-04-15,BRK-B,XLF,267.30999755859375,265.3550000871931,1,SHORT,SHORT,0.11044247448444366,0.08333333333333333,0.9355535507202148,91.66666666666666,52.0,True,0.04128706455230717,UNRANKED,False
2021-04-14,2021-04-15,2021-04-16,BRK-B,XLF,268.05999755859375,266.16857256208147,1,SHORT,SHORT,0.08640868216753006,0.043478260869565216,0.9188143610954285,95.65217391304348,52.0,True,0.14815875887870794,UNRANKED,False
2021-04-15,2021-04-16,2021-04-19,BRK-B,XLF,270.4700012207031,268.54357474190846,1,SHORT,SHORT,0.07748830318450928,0.043478260869565216,0.9298686981201172,95.65217391304348,52.0,True,0.0004687905311583692,UNRANKED,False
2021-04-16,2021-04-19,2021-04-20,BRK-B,XLF,272.29998779296875,276.571407863072,1,SHORT,SHORT,0.0959145724773407,0.043478260869565216,0.9415483474731445,95.65217391304348,52.0,True,-0.06873032450675975,UNRANKED,False
2021-04-19,2021-04-20,2021-04-21,BRK-B,XLF,268.5299987792969,266.83714730399,1,SHORT,SHORT,0.10495827347040176,0.08333333333333333,0.9283981919288635,91.66666666666666,52.0,True,0.03598320484161374,UNRANKED,False
2021-04-20,2021-04-21,2021-04-22,BRK-B,XLF,267.79998779296875,265.9814235142299,1,SHORT,SHORT,0.10545451194047928,0.08333333333333333,0.9417751431465149,91.66666666666666,52.0,True,0.09366393089294432,UNRANKED,False
2021-04-21,2021-04-22,2021-04-23,BRK-B,XLF,272.0400085449219,270.10716029575894,1,SHORT,SHORT,0.11168896406888962,0.08333333333333333,0.9482756853103638,91.66666666666666,52.0,True,0.03691396117210394,UNRANKED,False
2021-04-22,2021-04-23,2021-04-26,BRK-B,XLF,269.8599853515625,267.92928205217635,1,SHORT,SHORT,0.10800713300704956,0.08333333333333333,0.8879902958869934,91.66666666666666,52.0,True,0.2561221122741699,UNRANKED,False
2021-04-23,2021-04-26,2021-04-27,BRK-B,XLF,272.2799987792969,270.49143763950894,1,SHORT,SHORT,0.10728906840085983,0.08333333333333333,0.8852702975273132,91.66666666666666,52.0,True,0.2909099757671356,UNRANKED,False
2021-04-26,2021-04-27,2021-04-28,BRK-B,XLF,271.07000732421875,269.23001534598217,1,SHORT,SHORT,0.1437489539384842,0.09409888357256778,0.8653332591056824,90.59011164274322,52.0,True,0.303341031074524,UNRANKED,False
2021-04-27,2021-04-28,2021-04-29,BRK-B,XLF,273.5400085449219,271.54073006766185,1,SHORT,SHORT,0.14614573121070862,0.09409888357256778,0.8632103204727173,90.59011164274322,52.0,True,0.1981701254844666,UNRANKED,False
2021-04-28,2021-04-29,2021-04-30,BRK-B,XLF,274.4700012207031,272.4285801478795,1,SHORT,SHORT,0.15076777338981628,0.09409888357256778,0.8767996430397034,90.59011164274322,52.0,True,0.11687201261520383,UNRANKED,False
2021-04-29,2021-04-30,2021-05-03,BRK-B,XLF,276.2900085449219,274.0950164794922,1,SHORT,SHORT,0.16915632784366608,0.09409888357256778,0.9126231074333191,90.59011164274322,52.0,True,0.14363613724708552,UNRANKED,False
2021-04-30,2021-05-03,2021-05-04,BRK-B,XLF,278.54998779296875,276.30285208565846,1,SHORT,SHORT,0.16910849511623383,0.09409888357256778,0.936390221118927,90.59011164274322,52.0,True,-0.020993053913116472,UNRANKED,False
2021-05-03,2021-05-04,2021-05-05,BRK-B,XLF,278.5400085449219,276.0500161307199,1,SHORT,SHORT,0.18795517086982727,0.10382513661202186,0.9505945444107056,89.61748633879782,52.0,True,0.2037476897239685,UNRANKED,False
2021-05-04,2021-05-05,2021-05-06,BRK-B,XLF,282.5199890136719,279.9835662841797,1,SHORT,SHORT,0.18384717404842377,0.10382513661202186,0.9647469520568848,89.61748633879782,52.0,True,0.12811627984046933,UNRANKED,False
2021-05-05,2021-05-06,2021-05-07,BRK-B,XLF,284.69000244140625,282.0900094168527,1,SHORT,SHORT,0.08905255049467087,0.043478260869565216,0.969770610332489,95.65217391304348,52.0,True,0.16120782494544983,UNRANKED,False
2021-05-06,2021-05-07,2021-05-10,BRK-B,XLF,289.9700012207031,287.08572169712613,1,SHORT,SHORT,0.11971233040094376,0.08333333333333333,0.9551815986633301,91.66666666666666,52.0,True,-0.018597811460495037,UNRANKED,False
2021-05-07,2021-05-10,2021-05-11,BRK-B,XLF,292.3500061035156,299.451778956822,1,SHORT,SHORT,0.1093849465250969,0.08333333333333333,0.9684443473815918,91.66666666666666,52.0,True,0.010713428258895749,UNRANKED,False
2021-05-10,2021-05-11,2021-05-12,BRK-B,XLF,289.8399963378906,296.76498522077287,1,SHORT,SHORT,0.1204303503036499,0.09362549800796813,0.9730480313301086,90.63745019920319,52.0,True,0.3533558249473571,UNRANKED,False
2021-05-11,2021-05-12,2021-05-13,BRK-B,XLF,285.4599914550781,282.5199955531529,1,SHORT,SHORT,0.1982957273721695,0.10382513661202186,0.9712967276573181,89.61748633879782,52.0,True,0.2931563854217531,UNRANKED,False
2021-05-12,2021-05-13,2021-05-14,BRK-B,XLF,282.9100036621094,279.96857779366627,1,SHORT,SHORT,0.10907720774412155,0.08333333333333333,0.9561047554016113,91.66666666666666,52.0,True,0.32837632298469543,UNRANKED,False
2021-05-13,2021-05-14,2021-05-17,BRK-B,XLF,288.6700134277344,285.6200169154576,1,SHORT,SHORT,0.08822634071111679,0.043478260869565216,0.9405043125152588,95.65217391304348,52.0,True,-0.011994034051895138,UNRANKED,False
2021-05-14,2021-05-17,2021-05-18,BRK-B,XLF,289.989990234375,286.74999564034596,1,SHORT,SHORT,0.07520894706249237,0.0,0.9732335209846497,99.0,52.0,True,0.15589842200279225,UNRANKED,False
2021-05-17,2021-05-18,2021-05-19,BRK-B,XLF,290.20001220703125,298.06249564034596,1,SHORT,SHORT,0.11114505678415298,0.08333333333333333,0.9845236539840698,91.66666666666666,52.0,True,0.33309477567672735,UNRANKED,False
2021-05-18,2021-05-19,2021-05-20,BRK-B,XLF,284.1099853515625,280.8985617501395,1,SHORT,SHORT,0.11828890442848206,0.08333333333333333,0.9793910980224609,91.66666666666666,52.0,True,0.42535379528999323,UNRANKED,False
2021-05-19,2021-05-20,2021-05-21,BRK-B,XLF,288.4100036621094,285.43286568777904,1,SHORT,SHORT,0.22152847051620483,0.10504201680672269,0.9734894037246704,89.49579831932773,52.0,True,0.6189889311790465,UNRANKED,False
2021-05-20,2021-05-21,2021-05-24,BRK-B,XLF,287.1199951171875,284.29571315220426,1,SHORT,SHORT,0.16510827839374542,0.09409888357256778,0.9804450869560242,90.59011164274322,52.0,True,0.6809523105621339,UNRANKED,False
2021-05-21,2021-05-24,2021-05-25,BRK-B,XLF,289.1099853515625,286.5157034737723,1,SHORT,SHORT,0.10533072799444199,0.08333333333333333,0.9782584309577942,91.66666666666666,52.0,True,0.12963372468948378,UNRANKED,False
2021-05-24,2021-05-25,2021-05-26,BRK-B,XLF,290.19000244140625,296.8382077898298,1,SHORT,SHORT,0.09247374534606934,0.043478260869565216,0.986588180065155,95.65217391304348,52.0,True,0.10801100730895999,UNRANKED,False
2021-05-25,2021-05-26,2021-05-27,BRK-B,XLF,289.6400146484375,286.9785897391183,1,SHORT,SHORT,0.09956832230091095,0.06153846153846154,0.9814615845680237,93.84615384615384,52.0,True,0.009121090173721397,UNRANKED,False
2021-05-26,2021-05-27,2021-05-28,BRK-B,XLF,288.57000732421875,286.3957257952009,1,SHORT,SHORT,0.09335587918758392,0.043478260869565216,0.9865438342094421,95.65217391304348,52.0,True,0.026387602090835547,UNRANKED,False
2021-05-27,2021-05-28,2021-06-01,BRK-B,XLF,289.67999267578125,287.452139718192,1,SHORT,SHORT,0.11216513812541962,0.08333333333333333,0.9841617345809937,91.66666666666666,52.0,True,0.028206080198288092,UNRANKED,False
2021-05-28,2021-06-01,2021-06-02,BRK-B,XLF,291.5199890136719,289.3821345738002,1,SHORT,SHORT,0.1008945107460022,0.06153846153846154,0.9812433123588562,93.84615384615384,52.0,True,-0.05484247207641593,UNRANKED,False
2021-06-01,2021-06-02,2021-06-03,BRK-B,XLF,290.8500061035156,289.16215079171315,1,SHORT,SHORT,0.14019475877285004,0.09362549800796813,0.9478942155838013,90.63745019920319,52.0,True,0.1898525357246399,UNRANKED,False
2021-06-02,2021-06-03,2021-06-04,BRK-B,XLF,288.3599853515625,286.8535592215402,1,SHORT,SHORT,0.1161620244383812,0.08333333333333333,0.9574347734451294,91.66666666666666,52.0,True,0.18117636442184443,UNRANKED,False
2021-06-03,2021-06-04,2021-06-07,BRK-B,XLF,292.9100036621094,296.3117871965681,1,SHORT,SHORT,0.12685000896453857,0.09362549800796813,0.9532833099365234,90.63745019920319,52.0,True,0.16480699181556702,UNRANKED,False
2021-06-04,2021-06-07,2021-06-08,BRK-B,XLF,292.55999755859375,295.38499341692244,1,SHORT,SHORT,0.09980646520853043,0.06153846153846154,0.9792441725730896,93.84615384615384,52.0,True,0.07647964358329777,UNRANKED,False
2021-06-07,2021-06-08,2021-06-09,BRK-B,XLF,289.17999267578125,287.93570818219865,1,SHORT,SHORT,0.1129930168390274,0.08333333333333333,0.9638227224349976,91.66666666666666,52.0,True,-0.24865135550498962,UNRANKED,False
2021-06-08,2021-06-09,2021-06-10,BRK-B,XLF,288.8800048828125,291.7478561401367,1,SHORT,SHORT,0.1728924959897995,0.09409888357256778,0.9684271812438965,90.59011164274322,52.0,True,-0.071525514125824,UNRANKED,False
2021-06-09,2021-06-10,2021-06-11,BRK-B,XLF,289.8800048828125,292.61214556012834,1,SHORT,SHORT,0.19367818534374237,0.10382513661202186,0.9754880666732788,89.61748633879782,52.0,True,0.06961429119110105,UNRANKED,False
2021-06-10,2021-06-11,2021-06-14,BRK-B,XLF,285.45001220703125,288.7464338030134,1,SHORT,SHORT,0.11066266149282455,0.08333333333333333,0.9207401275634766,91.66666666666666,52.0,True,0.14016646146774284,UNRANKED,False
2021-06-11,2021-06-14,2021-06-15,BRK-B,XLF,286.6600036621094,290.1171439034598,1,SHORT,SHORT,0.11437693238258362,0.08333333333333333,0.9512580037117004,91.66666666666666,52.0,True,0.05295440554618823,UNRANKED,False
2021-06-14,2021-06-15,2021-06-16,BRK-B,XLF,284.4599914550781,282.9842790876116,1,SHORT,SHORT,0.16431191563606262,0.09409888357256778,0.9276437163352966,90.59011164274322,52.0,True,-0.06232571601867687,UNRANKED,False
2021-06-15,2021-06-16,2021-06-17,BRK-B,XLF,283.7300109863281,287.04072134835377,1,SHORT,SHORT,0.12117502838373184,0.09362549800796813,0.8985180854797363,90.63745019920319,52.0,True,0.17030128836631775,UNRANKED,False
2021-06-16,2021-06-17,2021-06-18,BRK-B,XLF,284.2900085449219,287.72572653634205,1,SHORT,SHORT,0.0936039611697197,0.043478260869565216,0.9065758585929871,95.65217391304348,52.0,True,0.36457714438438416,UNRANKED,False
2021-06-17,2021-06-18,2021-06-21,BRK-B,XLF,276.5,274.9507141113281,1,SHORT,SHORT,0.10708019137382507,0.08333333333333333,0.9167733192443848,91.66666666666666,52.0,True,-0.09614449739456182,UNRANKED,False
2021-06-18,2021-06-21,2021-06-22,BRK-B,XLF,275.6199951171875,273.7485678536551,1,SHORT,SHORT,0.1545979082584381,0.09409888357256778,0.903759777545929,90.59011164274322,52.0,True,0.3164102137088776,UNRANKED,False
2021-06-21,2021-06-22,2021-06-23,BRK-B,XLF,277.57000732421875,282.7235761369978,1,SHORT,SHORT,0.16086368262767792,0.09409888357256778,0.9183705449104309,90.59011164274322,52.0,True,0.17402186989784219,UNRANKED,False
2021-06-22,2021-06-23,2021-06-24,BRK-B,XLF,276.8900146484375,274.8285871233259,1,SHORT,SHORT,0.16841377317905426,0.09409888357256778,0.9561313390731812,90.59011164274322,52.0,True,0.1708338260650635,UNRANKED,False
2021-06-23,2021-06-24,2021-06-25,BRK-B,XLF,275.0,272.9164297921317,1,SHORT,SHORT,0.1393478810787201,0.09362549800796813,0.9744368195533752,90.63745019920319,52.0,True,0.42548140883445745,UNRANKED,False
2021-06-24,2021-06-25,2021-06-28,BRK-B,XLF,276.3699951171875,274.2664249965123,1,SHORT,SHORT,0.117394357919693,0.08333333333333333,0.9402266144752502,91.66666666666666,52.0,True,0.07723817229270931,UNRANKED,False
2021-06-25,2021-06-28,2021-06-29,BRK-B,XLF,278.82000732421875,284.04857853480746,1,SHORT,SHORT,0.08408650755882263,0.043478260869565216,0.965789258480072,95.65217391304348,52.0,True,0.0005620718002320377,UNRANKED,False
2021-06-28,2021-06-29,2021-06-30,BRK-B,XLF,276.69000244140625,274.4914289202009,1,SHORT,SHORT,0.08328019827604294,0.043478260869565216,0.9537839293479919,95.65217391304348,52.0,True,0.028487831354141256,UNRANKED,False
2021-06-29,2021-06-30,2021-07-01,BRK-B,XLF,275.8900146484375,273.7064426967076,1,SHORT,SHORT,0.08724596351385117,0.043478260869565216,0.8921536207199097,95.65217391304348,52.0,True,0.14667886495590213,UNRANKED,False
2021-06-30,2021-07-01,2021-07-02,BRK-B,XLF,278.20001220703125,276.1564374651228,1,SHORT,SHORT,0.08593670278787613,0.043478260869565216,0.8963614702224731,95.65217391304348,52.0,True,0.1765072941780091,UNRANKED,False
2021-07-01,2021-07-02,2021-07-06,BRK-B,XLF,281.4100036621094,286.57965414864674,1,SHORT,SHORT,0.1269749402999878,0.09362549800796813,0.9449202418327332,90.63745019920319,52.0,True,0.389423131942749,UNRANKED,False
2021-07-02,2021-07-06,2021-07-07,BRK-B,XLF,278.2799987792969,276.3721378871373,1,SHORT,SHORT,0.1450883448123932,0.09409888357256778,0.9420968294143677,90.59011164274322,52.0,True,0.288017213344574,UNRANKED,False
2021-07-06,2021-07-07,2021-07-08,BRK-B,XLF,275.989990234375,273.9828447614397,1,SHORT,SHORT,0.14208261668682098,0.09362549800796813,0.9279281497001648,90.63745019920319,52.0,True,0.2700506150722503,UNRANKED,False
2021-07-07,2021-07-08,2021-07-09,BRK-B,XLF,276.989990234375,274.90499005998885,1,SHORT,SHORT,0.19308659434318542,0.10382513661202186,0.9471530914306641,89.61748633879782,52.0,True,0.31503021717071533,UNRANKED,False
2021-07-08,2021-07-09,2021-07-12,BRK-B,XLF,276.0299987792969,273.89356994628906,1,SHORT,SHORT,0.20131778717041016,0.10382513661202186,0.9288668632507324,89.61748633879782,52.0,True,-0.024326950311660735,UNRANKED,False
2021-07-09,2021-07-12,2021-07-13,BRK-B,XLF,279.04998779296875,276.7892739432199,1,SHORT,SHORT,0.21900014579296112,0.10504201680672269,0.8671000599861145,89.49579831932773,52.0,True,0.24010747671127322,UNRANKED,False
2021-07-12,2021-07-13,2021-07-14,BRK-B,XLF,280.1099853515625,278.04069955008373,1,SHORT,SHORT,0.1656522899866104,0.09409888357256778,0.875969409942627,90.59011164274322,52.0,True,0.3262914717197418,UNRANKED,False
2021-07-13,2021-07-14,2021-07-15,BRK-B,XLF,279.07000732421875,276.9492928641183,1,SHORT,SHORT,0.11513202637434006,0.08333333333333333,0.9428434371948242,91.66666666666666,52.0,True,0.07399925589561467,UNRANKED,False
2021-07-14,2021-07-15,2021-07-16,BRK-B,XLF,277.1300048828125,275.106434413365,1,SHORT,SHORT,0.25484904646873474,0.10747663551401869,0.8816068172454834,89.25233644859813,52.0,True,0.22808346152305609,UNRANKED,False
2021-07-15,2021-07-16,2021-07-19,BRK-B,XLF,280.92999267578125,286.09249332972934,1,SHORT,SHORT,0.12508906424045563,0.09362549800796813,0.9002504944801331,90.63745019920319,52.0,True,0.32325151562690735,UNRANKED,False
2021-07-16,2021-07-19,2021-07-20,BRK-B,XLF,274.2099914550781,272.22142028808594,1,SHORT,SHORT,0.11828950047492981,0.08333333333333333,0.937494695186615,91.66666666666666,52.0,True,0.08894991874694824,UNRANKED,False
2021-07-19,2021-07-20,2021-07-21,BRK-B,XLF,272.6600036621094,270.42357744489397,1,SHORT,SHORT,0.32108694314956665,0.12903225806451613,0.8684232234954834,87.09677419354838,52.0,True,0.14178001880645746,UNRANKED,False
2021-07-20,2021-07-21,2021-07-22,BRK-B,XLF,277.6400146484375,275.1300157819475,1,SHORT,SHORT,0.16692064702510834,0.09409888357256778,0.8557961583137512,90.59011164274322,52.0,True,0.3600703775882721,UNRANKED,False
2021-07-21,2021-07-22,2021-07-23,BRK-B,XLF,278.5899963378906,275.9885711669922,1,SHORT,SHORT,0.1152239516377449,0.08333333333333333,0.7320971488952637,91.66666666666666,52.0,True,0.3095526397228241,UNRANKED,False
2021-07-22,2021-07-23,2021-07-26,BRK-B,XLF,279.04998779296875,276.45356314522877,1,SHORT,SHORT,0.17220106720924377,0.09409888357256778,0.9406318068504333,90.59011164274322,52.0,True,0.4707927703857422,UNRANKED,False
2021-07-23,2021-07-26,2021-07-27,BRK-B,XLF,277.7799987792969,275.2021484375,1,SHORT,SHORT,0.1299462616443634,0.09362549800796813,0.9288513660430908,90.63745019920319,52.0,True,0.23012778162956232,UNRANKED,False
2021-07-26,2021-07-27,2021-07-28,BRK-B,XLF,278.07000732421875,275.5985848563058,1,SHORT,SHORT,0.12270226329565048,0.09362549800796813,0.834797739982605,90.63745019920319,52.0,True,0.18826851248741147,UNRANKED,False
2021-07-27,2021-07-28,2021-07-29,BRK-B,XLF,280.79998779296875,278.32427760532926,1,SHORT,SHORT,0.11050086468458176,0.08333333333333333,0.8816429376602173,91.66666666666666,52.0,True,0.4251634776592254,UNRANKED,False
2021-07-28,2021-07-29,2021-07-30,BRK-B,XLF,279.2900085449219,276.9900120326451,1,SHORT,SHORT,0.1546756774187088,0.09409888357256778,0.8620821237564087,90.59011164274322,52.0,True,0.11226087808609017,UNRANKED,False
2021-07-29,2021-07-30,2021-08-02,BRK-B,XLF,280.010009765625,278.04786900111606,1,SHORT,SHORT,0.13236407935619354,0.09362549800796813,0.8777179718017578,90.63745019920319,52.0,True,0.16752237081527716,UNRANKED,False
2021-07-30,2021-08-02,2021-08-03,BRK-B,XLF,279.30999755859375,277.2699999128069,1,SHORT,SHORT,0.11332377046346664,0.08333333333333333,0.9470665454864502,91.66666666666666,52.0,True,0.18766278028488162,UNRANKED,False
2021-08-02,2021-08-03,2021-08-04,BRK-B,XLF,279.04998779296875,277.06356157575334,1,SHORT,SHORT,0.1250658482313156,0.09362549800796813,0.9389073848724365,90.63745019920319,52.0,True,0.351126343011856,UNRANKED,False
2021-08-03,2021-08-04,2021-08-05,BRK-B,XLF,280.1700134277344,277.98644583565846,1,SHORT,SHORT,0.2517266869544983,0.10747663551401869,0.9168192148208618,89.25233644859813,52.0,True,0.2795947194099427,UNRANKED,False
2021-08-04,2021-08-05,2021-08-06,BRK-B,XLF,280.1600036621094,277.86143711635043,1,SHORT,SHORT,0.138818621635437,0.09362549800796813,0.8975399732589722,90.63745019920319,52.0,True,0.15101164579391482,UNRANKED,False
2021-08-05,2021-08-06,2021-08-09,BRK-B,XLF,281.82000732421875,279.54929896763394,1,SHORT,SHORT,0.14773903787136078,0.09409888357256778,0.9462907314300537,90.59011164274322,52.0,True,0.1459814012050629,UNRANKED,False
2021-08-06,2021-08-09,2021-08-10,BRK-B,XLF,287.8599853515625,285.576418195452,1,SHORT,SHORT,0.1694450080394745,0.09409888357256778,0.9172558188438416,90.59011164274322,52.0,True,0.02157559990882867,UNRANKED,False
2021-08-09,2021-08-10,2021-08-11,BRK-B,XLF,287.010009765625,284.91430010114397,1,SHORT,SHORT,0.11771008372306824,0.08333333333333333,0.9157856702804565,91.66666666666666,52.0,True,0.03856557607650754,UNRANKED,False
2021-08-10,2021-08-11,2021-08-12,BRK-B,XLF,289.45001220703125,287.4457310267857,1,SHORT,SHORT,0.10611626505851746,0.08333333333333333,0.8791416883468628,91.66666666666666,52.0,True,-0.021987825632095465,UNRANKED,False
2021-08-11,2021-08-12,2021-08-13,BRK-B,XLF,291.80999755859375,296.84927259172713,1,SHORT,SHORT,0.09291470050811768,0.043478260869565216,0.915690004825592,95.65217391304348,52.0,True,-0.047009021043777556,UNRANKED,False
2021-08-12,2021-08-13,2021-08-16,BRK-B,XLF,290.6099853515625,288.576416015625,1,SHORT,SHORT,0.09324569255113602,0.043478260869565216,0.9682739973068237,95.65217391304348,52.0,True,-0.08098399639129647,UNRANKED,False
2021-08-13,2021-08-16,2021-08-17,BRK-B,XLF,287.0,284.82071794782365,1,SHORT,SHORT,0.1293436884880066,0.09362549800796813,0.9747195243835449,90.63745019920319,52.0,True,0.005798637866973825,UNRANKED,False
2021-08-16,2021-08-17,2021-08-18,BRK-B,XLF,288.5299987792969,293.903201511928,1,SHORT,SHORT,0.11603342741727829,0.08333333333333333,0.9661903977394104,91.66666666666666,52.0,True,-0.0016300082206726144,UNRANKED,False
2021-08-17,2021-08-18,2021-08-19,BRK-B,XLF,289.0,293.9571337018694,1,SHORT,SHORT,0.11302603781223297,0.08333333333333333,0.962791383266449,91.66666666666666,52.0,True,0.18577629327774045,UNRANKED,False
2021-08-18,2021-08-19,2021-08-20,BRK-B,XLF,284.9599914550781,282.8999938964844,1,SHORT,SHORT,0.22457022964954376,0.10504201680672269,0.9685172438621521,89.49579831932773,52.0,True,0.5121892392635344,UNRANKED,False
2021-08-19,2021-08-20,2021-08-23,BRK-B,XLF,284.9599914550781,282.9171382359096,1,SHORT,SHORT,0.19797097146511078,0.10382513661202186,0.965368926525116,89.61748633879782,52.0,True,0.47179919481277466,UNRANKED,False
2021-08-20,2021-08-23,2021-08-24,BRK-B,XLF,287.3800048828125,285.3378666469029,1,SHORT,SHORT,0.12755820155143738,0.09362549800796813,0.9518716931343079,90.63745019920319,52.0,True,0.5923318266868591,UNRANKED,False
2021-08-23,2021-08-24,2021-08-25,BRK-B,XLF,286.010009765625,284.2042977469308,1,SHORT,SHORT,0.11413048207759857,0.08333333333333333,0.9641468524932861,91.66666666666666,52.0,True,0.4310150742530822,UNRANKED,False
2021-08-24,2021-08-25,2021-08-26,BRK-B,XLF,286.20001220703125,284.5814426967076,1,SHORT,SHORT,0.13748742640018463,0.09362549800796813,0.9639280438423157,90.63745019920319,52.0,True,0.36851876974105835,UNRANKED,False
2021-08-25,2021-08-26,2021-08-27,BRK-B,XLF,288.1600036621094,286.5521480015346,1,SHORT,SHORT,0.08404340595006943,0.043478260869565216,0.9343786835670471,95.65217391304348,52.0,True,0.06713593006134033,UNRANKED,False
2021-08-26,2021-08-27,2021-08-30,BRK-B,XLF,285.6199951171875,284.2542833600725,1,SHORT,SHORT,0.1729004830121994,0.09409888357256778,0.9140750765800476,90.59011164274322,52.0,True,0.2861773669719696,UNRANKED,False
2021-08-27,2021-08-30,2021-08-31,BRK-B,XLF,286.29998779296875,284.9535609654018,1,SHORT,SHORT,0.09984925389289856,0.06153846153846154,0.8724095821380615,93.84615384615384,52.0,True,0.2665797472000122,UNRANKED,False
2021-08-30,2021-08-31,2021-09-01,BRK-B,XLF,285.2799987792969,283.9885711669922,1,SHORT,SHORT,0.12536902725696564,0.09362549800796813,0.8724092245101929,90.63745019920319,52.0,True,0.3859804570674896,UNRANKED,False
2021-08-31,2021-09-01,2021-09-02,BRK-B,XLF,286.5899963378906,289.42034912109375,1,SHORT,SHORT,0.1432938426733017,0.09409888357256778,0.908007800579071,90.59011164274322,52.0,True,0.2974625825881958,UNRANKED,False
2021-09-01,2021-09-02,2021-09-03,BRK-B,XLF,285.3500061035156,288.08571079799106,1,SHORT,SHORT,0.13438630104064941,0.09362549800796813,0.8972862362861633,90.63745019920319,52.0,True,0.40214754641056066,UNRANKED,False
2021-09-02,2021-09-03,2021-09-07,BRK-B,XLF,284.29998779296875,286.65355791364397,1,SHORT,SHORT,0.1821630746126175,0.10382513661202186,0.9167980551719666,89.61748633879782,52.0,True,0.26779869198799144,UNRANKED,False
2021-09-03,2021-09-07,2021-09-08,BRK-B,XLF,281.9100036621094,284.5492837088449,1,SHORT,SHORT,0.17103032767772675,0.09409888357256778,0.9317115545272827,90.59011164274322,52.0,True,0.2706151306629181,UNRANKED,False
2021-09-07,2021-09-08,2021-09-09,BRK-B,XLF,278.17999267578125,276.93570818219865,1,SHORT,SHORT,0.23746919631958008,0.10747663551401869,0.8336477279663086,89.25233644859813,52.0,True,0.1568227708339691,UNRANKED,False
2021-09-08,2021-09-09,2021-09-10,BRK-B,XLF,278.9100036621094,281.6099973406111,1,SHORT,SHORT,0.14371353387832642,0.09409888357256778,0.9129430055618286,90.59011164274322,52.0,True,0.08798351883888243,UNRANKED,False
2021-09-09,2021-09-10,2021-09-13,BRK-B,XLF,279.9700012207031,278.9257158551897,1,SHORT,SHORT,0.15854614973068237,0.09409888357256778,0.9047482013702393,90.59011164274322,52.0,True,0.1176306903362275,UNRANKED,False
2021-09-10,2021-09-13,2021-09-14,BRK-B,XLF,278.3599853515625,281.1260550362723,1,SHORT,SHORT,0.1857031285762787,0.10382513661202186,0.9295304417610168,89.61748633879782,52.0,True,0.07415142655372618,UNRANKED,False
2021-09-13,2021-09-14,2021-09-15,BRK-B,XLF,280.5400085449219,283.65786416190014,1,SHORT,SHORT,0.12829884886741638,0.09362549800796813,0.9497503042221069,90.63745019920319,52.0,True,0.1007188558578492,UNRANKED,False
2021-09-14,2021-09-15,2021-09-16,BRK-B,XLF,277.6000061035156,276.18714904785156,1,SHORT,SHORT,0.12262032926082611,0.09362549800796813,0.9507611989974976,90.63745019920319,52.0,True,0.1915239691734313,UNRANKED,False
2021-09-15,2021-09-16,2021-09-17,BRK-B,XLF,278.9599914550781,282.43855939592635,1,SHORT,SHORT,0.09664472192525864,0.06153846153846154,0.9797965884208679,93.84615384615384,52.0,True,0.05071875452995296,UNRANKED,False
2021-09-16,2021-09-17,2021-09-20,BRK-B,XLF,277.6400146484375,280.8757226126535,1,SHORT,SHORT,0.09636139124631882,0.043478260869565216,0.9553794264793396,95.65217391304348,52.0,True,0.03817307949066165,UNRANKED,False
2021-09-17,2021-09-20,2021-09-21,BRK-B,XLF,273.04998779296875,271.79713439941406,1,SHORT,SHORT,0.13203959167003632,0.09362549800796813,0.9543507695198059,90.63745019920319,52.0,True,0.32034778594970703,UNRANKED,False
2021-09-20,2021-09-21,2021-09-22,BRK-B,XLF,276.0299987792969,279.4514171055385,1,SHORT,SHORT,0.1362244337797165,0.09362549800796813,0.9026631116867065,90.63745019920319,52.0,True,0.0004706978797912667,UNRANKED,False
2021-09-21,2021-09-22,2021-09-23,BRK-B,XLF,276.2799987792969,274.84642900739397,1,SHORT,SHORT,0.11906841397285461,0.08333333333333333,0.9604973196983337,91.66666666666666,52.0,True,0.05056548118591306,UNRANKED,False
2021-09-22,2021-09-23,2021-09-24,BRK-B,XLF,275.1499938964844,273.6892787388393,1,SHORT,SHORT,0.11689244955778122,0.08333333333333333,0.9443551898002625,91.66666666666666,52.0,True,0.28824800252914434,UNRANKED,False
2021-09-23,2021-09-24,2021-09-27,BRK-B,XLF,278.29998779296875,276.5649893624442,1,SHORT,SHORT,0.10495778173208237,0.08333333333333333,0.9655687212944031,91.66666666666666,52.0,True,0.36678522825241094,UNRANKED,False
2021-09-24,2021-09-27,2021-09-28,BRK-B,XLF,279.7699890136719,283.5878470284598,1,SHORT,SHORT,0.09968695789575577,0.06153846153846154,0.9476752281188965,93.84615384615384,52.0,True,0.3228259980678559,UNRANKED,False
2021-09-27,2021-09-28,2021-09-29,BRK-B,XLF,279.1400146484375,282.7542986188616,1,SHORT,SHORT,0.07405714690685272,0.0,0.9443233013153076,99.0,52.0,True,0.32461535930633545,UNRANKED,False
2021-09-28,2021-09-29,2021-09-30,BRK-B,XLF,277.0299987792969,281.0889238630022,1,SHORT,SHORT,0.11199396848678589,0.08333333333333333,0.9582697153091431,91.66666666666666,52.0,True,0.19592481851577764,UNRANKED,False
2021-09-29,2021-09-30,2021-10-01,BRK-B,XLF,278.3699951171875,282.38784681047713,1,SHORT,SHORT,0.12201093137264252,0.09362549800796813,0.9683488011360168,90.63745019920319,52.0,True,0.12055274844169611,UNRANKED,False
2021-09-30,2021-10-01,2021-10-04,BRK-B,XLF,273.0199890136719,271.17427498953685,1,SHORT,SHORT,0.16948692500591278,0.09409888357256778,0.9484653472900391,90.59011164274322,52.0,True,0.11416515707969657,UNRANKED,False
2021-10-01,2021-10-04,2021-10-05,BRK-B,XLF,274.67999267578125,272.80213710239957,1,SHORT,SHORT,0.19618968665599823,0.10382513661202186,0.979090690612793,89.61748633879782,52.0,True,0.4778476655483246,UNRANKED,False
2021-10-04,2021-10-05,2021-10-06,BRK-B,XLF,273.8599853515625,272.02856009347096,1,SHORT,SHORT,0.2824814021587372,0.12903225806451613,0.9623449444770813,87.09677419354838,52.0,True,0.8579246401786804,UNRANKED,False
2021-10-05,2021-10-06,2021-10-07,BRK-B,XLF,276.2799987792969,274.20357404436385,1,SHORT,SHORT,0.22738157212734222,0.10504201680672269,0.9641819000244141,89.49579831932773,52.0,True,0.5153756439685823,UNRANKED,False
2021-10-06,2021-10-07,2021-10-08,BRK-B,XLF,282.1400146484375,279.9564448765346,1,SHORT,SHORT,0.20157429575920105,0.10382513661202186,0.9471579790115356,89.61748633879782,52.0,True,0.715301290154457,UNRANKED,False
2021-10-07,2021-10-08,2021-10-11,BRK-B,XLF,282.5899963378906,280.26499720982144,1,SHORT,SHORT,0.1160871610045433,0.08333333333333333,0.9744627475738525,91.66666666666666,52.0,True,0.41208347678184504,UNRANKED,False
2021-10-08,2021-10-11,2021-10-12,BRK-B,XLF,284.42999267578125,289.9978485107422,1,SHORT,SHORT,0.1012171059846878,0.06153846153846154,0.9766666293144226,93.84615384615384,52.0,True,0.5000886023044586,UNRANKED,False
2021-10-11,2021-10-12,2021-10-13,BRK-B,XLF,281.4599914550781,287.4189191545759,1,SHORT,SHORT,0.17064478993415833,0.09409888357256778,0.9605960845947266,90.59011164274322,52.0,True,0.28052920103073115,UNRANKED,False
2021-10-12,2021-10-13,2021-10-14,BRK-B,XLF,278.4700012207031,275.98500279017856,1,SHORT,SHORT,0.22520601749420166,0.10504201680672269,0.9467145204544067,89.49579831932773,52.0,True,0.35871994495391857,UNRANKED,False
2021-10-13,2021-10-14,2021-10-15,BRK-B,XLF,280.80999755859375,278.5628553118025,1,SHORT,SHORT,0.15340961515903473,0.09409888357256778,0.944034993648529,90.59011164274322,52.0,True,0.08278146386146538,UNRANKED,False
2021-10-14,2021-10-15,2021-10-18,BRK-B,XLF,283.94000244140625,281.4435729980469,1,SHORT,SHORT,0.1182674765586853,0.08333333333333333,0.9537027478218079,91.66666666666666,52.0,True,-0.10031858086586004,UNRANKED,False
2021-10-15,2021-10-18,2021-10-19,BRK-B,XLF,282.8299865722656,280.2821306501116,1,SHORT,SHORT,0.22529824078083038,0.10504201680672269,0.9574047327041626,89.49579831932773,52.0,True,0.30906054377555847,UNRANKED,False
2021-10-18,2021-10-19,2021-10-20,BRK-B,XLF,283.6000061035156,281.1457214355469,1,SHORT,SHORT,0.14931251108646393,0.09409888357256778,0.9622378945350647,90.59011164274322,52.0,True,-0.14092284440994268,UNRANKED,False
2021-10-19,2021-10-20,2021-10-21,BRK-B,XLF,284.3399963378906,281.7614266531808,1,SHORT,SHORT,0.145632803440094,0.09409888357256778,0.9464259743690491,90.59011164274322,52.0,True,0.0696610510349274,UNRANKED,False
2021-10-20,2021-10-21,2021-10-22,BRK-B,XLF,286.989990234375,284.5321350097656,1,SHORT,SHORT,0.12775439023971558,0.09362549800796813,0.9463163614273071,90.63745019920319,52.0,True,0.06530854105949399,UNRANKED,False
2021-10-21,2021-10-22,2021-10-25,BRK-B,XLF,287.6600036621094,285.3521488734654,1,SHORT,SHORT,0.15516334772109985,0.09409888357256778,0.9534687995910645,90.59011164274322,52.0,True,0.29931700229644775,UNRANKED,False
2021-10-22,2021-10-25,2021-10-26,BRK-B,XLF,289.70001220703125,287.3671569824219,1,SHORT,SHORT,0.09412304311990738,0.043478260869565216,0.9376001358032227,95.65217391304348,52.0,True,0.04628416895866394,UNRANKED,False
2021-10-25,2021-10-26,2021-10-27,BRK-B,XLF,290.6499938964844,295.8767830984933,1,SHORT,SHORT,0.07366655766963959,0.0,0.948081910610199,99.0,52.0,True,0.05525040626525876,UNRANKED,False
2021-10-26,2021-10-27,2021-10-28,BRK-B,XLF,290.8500061035156,288.8721487862723,1,SHORT,SHORT,0.12718984484672546,0.09362549800796813,0.9256644248962402,90.63745019920319,52.0,True,0.1425624787807465,UNRANKED,False
2021-10-27,2021-10-28,2021-10-29,BRK-B,XLF,288.2099914550781,286.20784868512834,1,SHORT,SHORT,0.13078022003173828,0.09362549800796813,0.944859504699707,90.63745019920319,52.0,True,0.038541793823242215,UNRANKED,False
2021-10-28,2021-10-29,2021-11-01,BRK-B,XLF,288.80999755859375,293.94928305489674,1,SHORT,SHORT,0.10735661536455154,0.08333333333333333,0.9539840817451477,91.66666666666666,52.0,True,0.11765074729919436,UNRANKED,False
2021-10-29,2021-11-01,2021-11-02,BRK-B,XLF,288.04998779296875,286.02999005998885,1,SHORT,SHORT,0.1452118456363678,0.09409888357256778,0.8788719773292542,90.59011164274322,52.0,True,0.16554999351501465,UNRANKED,False
2021-11-01,2021-11-02,2021-11-03,BRK-B,XLF,286.6099853515625,284.69998604910717,1,SHORT,SHORT,0.08512000739574432,0.043478260869565216,0.939028263092041,95.65217391304348,52.0,True,0.20987471938133237,UNRANKED,False
2021-11-02,2021-11-03,2021-11-04,BRK-B,XLF,287.2099914550781,285.23070635114397,1,SHORT,SHORT,0.16536836326122284,0.09409888357256778,0.9468460083007812,90.59011164274322,52.0,True,0.30078572034835815,UNRANKED,False
2021-11-03,2021-11-04,2021-11-05,BRK-B,XLF,289.1300048828125,287.36143493652344,1,SHORT,SHORT,0.10746535658836365,0.08333333333333333,0.9725418090820312,91.66666666666666,52.0,True,0.28355133533477783,UNRANKED,False
2021-11-04,2021-11-05,2021-11-08,BRK-B,XLF,288.8299865722656,287.17141505650113,1,SHORT,SHORT,0.14209392666816711,0.09362549800796813,0.9697198271751404,90.63745019920319,52.0,True,0.2647079825401306,UNRANKED,False
2021-11-05,2021-11-08,2021-11-09,BRK-B,XLF,290.0,293.89107295445035,1,SHORT,SHORT,0.15528321266174316,0.09409888357256778,0.9509783983230591,90.59011164274322,52.0,True,0.19745191931724548,UNRANKED,False
2021-11-08,2021-11-09,2021-11-10,BRK-B,XLF,288.7900085449219,292.4453659057617,1,SHORT,SHORT,0.14554837346076965,0.09409888357256778,0.9473426938056946,90.59011164274322,52.0,True,0.20501270890235912,UNRANKED,False
2021-11-09,2021-11-10,2021-11-11,BRK-B,XLF,286.489990234375,290.1078436715262,1,SHORT,SHORT,0.18531014025211334,0.10382513661202186,0.94968181848526,89.61748633879782,52.0,True,0.22184640169143682,UNRANKED,False
2021-11-10,2021-11-11,2021-11-12,BRK-B,XLF,286.5,285.0271432059152,1,SHORT,SHORT,0.11180610209703445,0.08333333333333333,0.9396893978118896,91.66666666666666,52.0,True,0.19035094976425176,UNRANKED,False
2021-11-11,2021-11-12,2021-11-15,BRK-B,XLF,284.8800048828125,283.53214590890065,1,SHORT,SHORT,0.1300990879535675,0.09362549800796813,0.9723970890045166,90.63745019920319,52.0,True,0.13601922988891613,UNRANKED,False
2021-11-12,2021-11-15,2021-11-16,BRK-B,XLF,286.6000061035156,290.02679225376676,1,SHORT,SHORT,0.08247175067663193,0.043478260869565216,0.9521130323410034,95.65217391304348,52.0,True,-0.05080881714820849,UNRANKED,False
2021-11-15,2021-11-16,2021-11-17,BRK-B,XLF,284.4700012207031,288.02714102608815,1,SHORT,SHORT,0.10636656731367111,0.08333333333333333,0.9613723158836365,91.66666666666666,52.0,True,-0.0699085891246796,UNRANKED,False
2021-11-16,2021-11-17,2021-11-18,BRK-B,XLF,283.1199951171875,286.36285291399275,1,SHORT,SHORT,0.17088288068771362,0.09409888357256778,0.9570713639259338,90.59011164274322,52.0,True,-0.043395161628723276,UNRANKED,False
2021-11-17,2021-11-18,2021-11-19,BRK-B,XLF,281.1000061035156,279.8150068010603,1,SHORT,SHORT,0.12433889508247375,0.09362549800796813,0.9487271904945374,90.63745019920319,52.0,True,0.02802255749702457,UNRANKED,False
2021-11-18,2021-11-19,2021-11-22,BRK-B,XLF,280.9599914550781,279.7999921526228,1,SHORT,SHORT,0.13163474202156067,0.09362549800796813,0.9619067311286926,90.63745019920319,52.0,True,-0.0062631070613861604,UNRANKED,False
2021-11-19,2021-11-22,2021-11-23,BRK-B,XLF,280.7300109863281,279.5792977469308,1,SHORT,SHORT,0.15423382818698883,0.09409888357256778,0.9671265482902527,90.59011164274322,52.0,True,0.09672376513481136,UNRANKED,False
2021-11-22,2021-11-23,2021-11-24,BRK-B,XLF,285.1499938964844,283.7642800467355,1,SHORT,SHORT,0.13143569231033325,0.09362549800796813,0.9651152491569519,90.63745019920319,52.0,True,0.15105995535850542,UNRANKED,False
2021-11-23,2021-11-24,2021-11-26,BRK-B,XLF,287.44000244140625,291.4042848859514,1,SHORT,SHORT,0.17546246945858002,0.09409888357256778,0.9666842818260193,90.59011164274322,52.0,True,0.15997490286827082,UNRANKED,False
2021-11-24,2021-11-26,2021-11-29,BRK-B,XLF,280.2799987792969,278.67642865862166,1,SHORT,SHORT,0.12713918089866638,0.09362549800796813,0.9560672640800476,90.63745019920319,52.0,True,-0.057714819908142104,UNRANKED,False
2021-11-26,2021-11-29,2021-11-30,BRK-B,XLF,284.0,288.7232110159738,1,SHORT,SHORT,0.09178567677736282,0.043478260869565216,0.9258242845535278,95.65217391304348,52.0,True,0.31180974841117864,UNRANKED,False
2021-11-29,2021-11-30,2021-12-01,BRK-B,XLF,279.94000244140625,284.6721452985491,1,SHORT,SHORT,0.14780621230602264,0.09409888357256778,0.914900541305542,90.59011164274322,52.0,True,0.20420423150062555,UNRANKED,False
2021-11-30,2021-12-01,2021-12-02,BRK-B,XLF,279.5400085449219,277.4342934744699,1,SHORT,SHORT,0.13830971717834473,0.09362549800796813,0.8541236519813538,90.63745019920319,52.0,True,0.4458242356777192,UNRANKED,False
2021-12-01,2021-12-02,2021-12-03,BRK-B,XLF,276.67999267578125,274.52713448660717,1,SHORT,SHORT,0.12116174399852753,0.09362549800796813,0.9354099631309509,90.63745019920319,52.0,True,-0.062033414840698214,UNRANKED,False
2021-12-02,2021-12-03,2021-12-06,BRK-B,XLF,278.7099914550781,276.31284877232144,1,SHORT,SHORT,0.10312917828559875,0.08333333333333333,0.9737321734428406,91.66666666666666,52.0,True,0.08603125810623166,UNRANKED,False
2021-12-03,2021-12-06,2021-12-07,BRK-B,XLF,278.7300109863281,276.3100106375558,1,SHORT,SHORT,0.08885327726602554,0.043478260869565216,0.9648364186286926,95.65217391304348,52.0,True,0.534067839384079,UNRANKED,False
2021-12-06,2021-12-07,2021-12-08,BRK-B,XLF,282.4200134277344,279.8121534075056,1,SHORT,SHORT,0.11498405039310455,0.08333333333333333,0.9792349934577942,91.66666666666666,52.0,True,0.49000540375709534,UNRANKED,False
2021-12-07,2021-12-08,2021-12-09,BRK-B,XLF,284.9700012207031,282.1992863246373,1,SHORT,SHORT,0.12782767415046692,0.09362549800796813,0.970512330532074,90.63745019920319,52.0,True,0.4859345853328705,UNRANKED,False
2021-12-08,2021-12-09,2021-12-10,BRK-B,XLF,283.7699890136719,281.03641619001115,1,SHORT,SHORT,0.15314967930316925,0.09409888357256778,0.9819180965423584,90.59011164274322,52.0,True,0.46832418441772466,UNRANKED,False
2021-12-09,2021-12-10,2021-12-13,BRK-B,XLF,285.489990234375,282.7678462437221,1,SHORT,SHORT,0.1982317566871643,0.10382513661202186,0.9746097922325134,89.61748633879782,52.0,True,0.7333166599273682,UNRANKED,False
2021-12-10,2021-12-13,2021-12-14,BRK-B,XLF,288.5,285.5585697719029,1,SHORT,SHORT,0.15713118016719818,0.09409888357256778,0.9851625561714172,90.59011164274322,52.0,True,0.46738675236701965,UNRANKED,False
2021-12-13,2021-12-14,2021-12-15,BRK-B,XLF,289.6700134277344,286.9571555001395,1,SHORT,SHORT,0.15313628315925598,0.09409888357256778,0.9614346623420715,90.59011164274322,52.0,True,0.6239367127418518,UNRANKED,False
2021-12-14,2021-12-15,2021-12-16,BRK-B,XLF,295.82000732421875,293.0050070626395,1,SHORT,SHORT,0.1874483972787857,0.10382513661202186,0.9494333267211914,89.61748633879782,52.0,True,0.7090149521827699,UNRANKED,False
2021-12-15,2021-12-16,2021-12-17,BRK-B,XLF,296.8800048828125,303.76929364885603,1,SHORT,SHORT,0.14703711867332458,0.09409888357256778,0.9365081787109375,90.59011164274322,52.0,True,0.5582721531391144,UNRANKED,False
2021-12-16,2021-12-17,2021-12-20,BRK-B,XLF,297.8500061035156,304.98929922921315,1,SHORT,SHORT,0.17637693881988525,0.09409888357256778,0.9310722351074219,90.59011164274322,52.0,True,0.7270651161670684,UNRANKED,False
2021-12-17,2021-12-20,2021-12-21,BRK-B,XLF,290.7699890136719,287.518556867327,1,SHORT,SHORT,0.21356652677059174,0.10504201680672269,0.9508318901062012,89.49579831932773,52.0,True,1.1030875593423843,UNRANKED,False
2021-12-20,2021-12-21,2021-12-22,BRK-B,XLF,292.1400146484375,288.9871520996094,1,SHORT,SHORT,0.17518749833106995,0.09409888357256778,0.9011489152908325,90.59011164274322,52.0,True,1.2127220183610916,UNRANKED,False
2021-12-21,2021-12-22,2021-12-23,BRK-B,XLF,292.8599853515625,289.5685511997768,1,SHORT,SHORT,0.19255927205085754,0.10382513661202186,0.9340505599975586,89.61748633879782,52.0,True,1.1063481867313385,UNRANKED,False
2021-12-22,2021-12-23,2021-12-27,BRK-B,XLF,295.2200012207031,292.1371372767857,1,SHORT,SHORT,0.16617734730243683,0.09409888357256778,0.9641075134277344,90.59011164274322,52.0,True,0.8502651304006577,UNRANKED,False
2021-12-23,2021-12-27,2021-12-28,BRK-B,XLF,295.25,292.27999441964283,1,SHORT,SHORT,0.08538053929805756,0.043478260869565216,0.9720426797866821,95.65217391304348,52.0,True,0.5582097470760345,UNRANKED,False
2021-12-27,2021-12-28,2021-12-29,BRK-B,XLF,296.9599914550781,294.11641366141185,1,SHORT,SHORT,0.09441838413476944,0.043478260869565216,0.9817869663238525,95.65217391304348,52.0,True,0.24612492322921747,UNRANKED,False
2021-12-28,2021-12-29,2021-12-30,BRK-B,XLF,299.2300109863281,296.5271475655692,1,SHORT,SHORT,0.09720408916473389,0.06153846153846154,0.9805160760879517,93.84615384615384,52.0,True,0.14125877618789678,UNRANKED,False
2021-12-29,2021-12-30,2021-12-31,BRK-B,XLF,300.8800048828125,298.18285696847096,1,SHORT,SHORT,0.11227161437273026,0.08333333333333333,0.9743635058403015,91.66666666666666,52.0,True,0.2527116537094116,UNRANKED,False
2021-12-30,2021-12-31,2022-01-03,BRK-B,XLF,299.94000244140625,297.26285226004467,1,SHORT,SHORT,0.1575256586074829,0.09409888357256778,0.9814189672470093,90.59011164274322,52.0,True,0.3570948839187622,UNRANKED,False
2021-12-31,2022-01-03,2022-01-04,BRK-B,XLF,300.1000061035156,297.61785670689176,1,SHORT,SHORT,0.15157538652420044,0.09409888357256778,0.967578649520874,90.59011164274322,52.0,True,0.3470336198806764,UNRANKED,False
2022-01-03,2022-01-04,2022-01-05,BRK-B,XLF,301.6499938964844,299.16712951660156,1,SHORT,SHORT,0.09798350930213928,0.06153846153846154,0.97359699010849,93.84615384615384,52.0,True,0.38131183385848993,UNRANKED,False
2022-01-04,2022-01-05,2022-01-06,BRK-B,XLF,309.8699951171875,307.1928449358259,1,SHORT,SHORT,0.12640635669231415,0.09362549800796813,0.9703742861747742,90.63745019920319,52.0,True,0.21828195452690122,UNRANKED,False
2022-01-05,2022-01-06,2022-01-07,BRK-B,XLF,312.9800109863281,310.2357177734375,1,SHORT,SHORT,0.14129695296287537,0.09362549800796813,0.9633838534355164,90.63745019920319,52.0,True,0.13290041685104365,UNRANKED,False
2022-01-06,2022-01-07,2022-01-10,BRK-B,XLF,315.55999755859375,312.9792785644531,1,SHORT,SHORT,0.13195562362670898,0.09362549800796813,0.9682247042655945,90.63745019920319,52.0,True,0.27008062601089483,UNRANKED,False
2022-01-07,2022-01-10,2022-01-11,BRK-B,XLF,321.3999938964844,318.8157043457031,1,SHORT,SHORT,0.18627315759658813,0.10382513661202186,0.9534501433372498,89.61748633879782,52.0,True,0.1839974820613861,UNRANKED,False
2022-01-10,2022-01-11,2022-01-12,BRK-B,XLF,318.6099853515625,316.25426810128346,1,SHORT,SHORT,0.1384986788034439,0.09362549800796813,0.9555994868278503,90.63745019920319,52.0,True,0.47823628783226013,UNRANKED,False
2022-01-11,2022-01-12,2022-01-13,BRK-B,XLF,320.6199951171875,318.46142142159596,1,SHORT,SHORT,0.10972249507904053,0.08333333333333333,0.9715045690536499,91.66666666666666,52.0,True,0.5923327505588531,UNRANKED,False
2022-01-12,2022-01-13,2022-01-14,BRK-B,XLF,321.0,318.88285391671315,1,SHORT,SHORT,0.07018595933914185,0.0,0.9679957032203674,99.0,52.0,True,0.20098558068275446,UNRANKED,False
2022-01-13,2022-01-14,2022-01-18,BRK-B,XLF,318.8699951171875,316.6964198521205,1,SHORT,SHORT,0.15393373370170593,0.09409888357256778,0.9540372490882874,90.59011164274322,52.0,True,0.3702424466609956,UNRANKED,False
2022-01-14,2022-01-18,2022-01-19,BRK-B,XLF,322.2200012207031,327.7771486554827,1,SHORT,SHORT,0.14808055758476257,0.09409888357256778,0.9583694934844971,90.59011164274322,52.0,True,0.33306375145912187,UNRANKED,False
2022-01-18,2022-01-19,2022-01-20,BRK-B,XLF,321.3500061035156,327.30358232770647,1,SHORT,SHORT,0.14285612106323242,0.09409888357256778,0.93490070104599,90.59011164274322,52.0,True,0.062147855758667034,UNRANKED,False
2022-01-19,2022-01-20,2022-01-21,BRK-B,XLF,315.5799865722656,322.31392451695035,1,SHORT,SHORT,0.1386420875787735,0.09362549800796813,0.9415737986564636,90.63745019920319,52.0,True,0.5877812802791595,UNRANKED,False
2022-01-20,2022-01-21,2022-01-24,BRK-B,XLF,309.989990234375,317.29892294747486,1,SHORT,SHORT,0.18728765845298767,0.10382513661202186,0.9065163731575012,89.61748633879782,52.0,True,0.3712691962718964,UNRANKED,False
2022-01-21,2022-01-24,2022-01-25,BRK-B,XLF,299.70001220703125,296.43286786760603,1,SHORT,SHORT,0.20201978087425232,0.10382513661202186,0.8872307538986206,89.61748633879782,52.0,True,0.7726601064205171,UNRANKED,False
2022-01-24,2022-01-25,2022-01-26,BRK-B,XLF,301.8699951171875,298.62428065708707,1,SHORT,SHORT,0.16850237548351288,0.09409888357256778,0.9220126867294312,90.59011164274322,52.0,True,-0.050961703062057766,UNRANKED,False
2022-01-25,2022-01-26,2022-01-27,BRK-B,XLF,310.3999938964844,307.4599936349051,1,SHORT,SHORT,0.18420633673667908,0.10382513661202186,0.940394937992096,89.61748633879782,52.0,True,-0.032223045825958106,UNRANKED,False
2022-01-26,2022-01-27,2022-01-28,BRK-B,XLF,311.70001220703125,308.71144104003906,1,SHORT,SHORT,0.09927814453840256,0.06153846153846154,0.9609989523887634,93.84615384615384,52.0,True,-0.1443507075309755,UNRANKED,False
2022-01-27,2022-01-28,2022-01-31,BRK-B,XLF,307.67999267578125,304.81356375558033,1,SHORT,SHORT,0.07766006886959076,0.043478260869565216,0.9686878323554993,95.65217391304348,52.0,True,-0.09789866209030142,UNRANKED,False
2022-01-28,2022-01-31,2022-02-01,BRK-B,XLF,312.0,309.2285723005022,1,SHORT,SHORT,0.10795702785253525,0.08333333333333333,0.9752942323684692,91.66666666666666,52.0,True,0.284275621175766,UNRANKED,False
2022-01-31,2022-02-01,2022-02-02,BRK-B,XLF,312.6400146484375,309.9207305908203,1,SHORT,SHORT,0.13353151082992554,0.09362549800796813,0.9871867895126343,90.63745019920319,52.0,True,0.11714395880699155,UNRANKED,False
2022-02-01,2022-02-02,2022-02-03,BRK-B,XLF,313.57000732421875,310.8457227434431,1,SHORT,SHORT,0.08576197922229767,0.043478260869565216,0.9762201309204102,95.65217391304348,52.0,True,-0.14415332674980152,UNRANKED,False
2022-02-02,2022-02-03,2022-02-04,BRK-B,XLF,319.3299865722656,327.0424815586635,1,SHORT,SHORT,0.10773052275180817,0.08333333333333333,0.9811819195747375,91.66666666666666,52.0,True,-0.17715504765510567,UNRANKED,False
2022-02-03,2022-02-04,2022-02-07,BRK-B,XLF,315.8699951171875,312.53499712262834,1,SHORT,SHORT,0.23159684240818024,0.10747663551401869,0.9757238030433655,89.25233644859813,52.0,True,0.6185580790042878,UNRANKED,False
2022-02-04,2022-02-07,2022-02-08,BRK-B,XLF,314.9100036621094,311.7628609793527,1,SHORT,SHORT,0.27133622765541077,0.10747663551401869,0.9562666416168213,89.25233644859813,52.0,True,0.8529412895441055,UNRANKED,False
2022-02-07,2022-02-08,2022-02-09,BRK-B,XLF,318.2699890136719,315.28855895996094,1,SHORT,SHORT,0.17832018435001373,0.10382513661202186,0.9514864683151245,89.61748633879782,52.0,True,1.0527174770832062,UNRANKED,False
2022-02-08,2022-02-09,2022-02-10,BRK-B,XLF,323.79998779296875,331.1446315220424,1,SHORT,SHORT,0.09986386448144913,0.06153846153846154,0.9575755596160889,93.84615384615384,52.0,True,0.2883243262767792,UNRANKED,False
2022-02-09,2022-02-10,2022-02-11,BRK-B,XLF,320.989990234375,318.2521318708147,1,SHORT,SHORT,0.07051590830087662,0.0,0.9723412990570068,99.0,52.0,True,0.4495866596698761,UNRANKED,False
2022-02-10,2022-02-11,2022-02-14,BRK-B,XLF,320.010009765625,326.27251107352123,1,SHORT,SHORT,0.20396755635738373,0.10382513661202186,0.9452342391014099,89.61748633879782,52.0,True,0.7185002267360687,UNRANKED,False
2022-02-11,2022-02-14,2022-02-15,BRK-B,XLF,319.6099853515625,325.7332011631557,1,SHORT,SHORT,0.1849469542503357,0.10382513661202186,0.9209989905357361,89.61748633879782,52.0,True,0.4474280476570128,UNRANKED,False
2022-02-14,2022-02-15,2022-02-16,BRK-B,XLF,316.6400146484375,314.09072657993863,1,SHORT,SHORT,0.17031316459178925,0.09409888357256778,0.8813089728355408,90.59011164274322,52.0,True,0.6799897104501724,UNRANKED,False
2022-02-15,2022-02-16,2022-02-17,BRK-B,XLF,315.0,312.46142578125,1,SHORT,SHORT,0.22998552024364471,0.10747663551401869,0.9386417269706726,89.25233644859813,52.0,True,0.8509449064731598,UNRANKED,False
2022-02-16,2022-02-17,2022-02-18,BRK-B,XLF,314.9800109863281,312.5157209123884,1,SHORT,SHORT,0.14255917072296143,0.09409888357256778,0.9720805287361145,90.59011164274322,52.0,True,0.6490553915500641,UNRANKED,False
2022-02-17,2022-02-18,2022-02-22,BRK-B,XLF,313.8299865722656,311.5892660958426,1,SHORT,SHORT,0.3337649405002594,0.12903225806451613,0.9654825925827026,87.09677419354838,52.0,True,0.8514887094497681,UNRANKED,False
2022-02-18,2022-02-22,2022-02-23,BRK-B,XLF,313.44000244140625,319.24359021868025,1,SHORT,SHORT,0.254134863615036,0.10747663551401869,0.969309389591217,89.25233644859813,52.0,True,0.645592600107193,UNRANKED,False
2022-02-22,2022-02-23,2022-02-24,BRK-B,XLF,316.0799865722656,321.8299996512277,1,SHORT,SHORT,0.23073238134384155,0.10747663551401869,0.9639365673065186,89.25233644859813,52.0,True,0.6060450077056884,UNRANKED,False
2022-02-23,2022-02-24,2022-02-25,BRK-B,XLF,301.7799987792969,299.5849936349051,1,SHORT,SHORT,0.18548233807086945,0.10382513661202186,0.9671195149421692,89.61748633879782,52.0,True,0.5710955262184143,UNRANKED,False
2022-02-24,2022-02-25,2022-02-28,BRK-B,XLF,311.1600036621094,309.1549987792969,1,SHORT,SHORT,0.26214897632598877,0.10747663551401869,0.9584119319915771,89.25233644859813,52.0,True,0.627022534608841,UNRANKED,False
2022-02-25,2022-02-28,2022-03-01,BRK-B,XLF,317.3500061035156,314.5792890276228,1,SHORT,SHORT,0.2535829544067383,0.10747663551401869,0.9625020027160645,89.25233644859813,52.0,True,0.8738576024770739,UNRANKED,False
2022-02-28,2022-03-01,2022-03-02,BRK-B,XLF,320.260009765625,317.4400068010603,1,SHORT,SHORT,0.15773624181747437,0.09409888357256778,0.9606128931045532,90.59011164274322,52.0,True,0.27411550283431996,UNRANKED,False
2022-03-01,2022-03-02,2022-03-03,BRK-B,XLF,319.4800109863281,316.682863507952,1,SHORT,SHORT,0.25554943084716797,0.10747663551401869,0.963192343711853,89.25233644859813,52.0,True,0.5924098193645478,UNRANKED,False
2022-03-02,2022-03-03,2022-03-04,BRK-B,XLF,326.6300048828125,323.4142848423549,1,SHORT,SHORT,0.2384689748287201,0.10747663551401869,0.9758259654045105,89.25233644859813,52.0,True,0.7066141366958618,UNRANKED,False
2022-03-03,2022-03-04,2022-03-07,BRK-B,XLF,322.6600036621094,319.3321424211775,1,SHORT,SHORT,0.20844586193561554,0.10504201680672269,0.9710192084312439,89.49579831932773,52.0,True,0.6404837965965271,UNRANKED,False
2022-03-04,2022-03-07,2022-03-08,BRK-B,XLF,325.67999267578125,334.30143192836215,1,SHORT,SHORT,0.15070442855358124,0.09409888357256778,0.9806464910507202,90.59011164274322,52.0,True,0.24151909351348883,UNRANKED,False
2022-03-07,2022-03-08,2022-03-09,BRK-B,XLF,325.29998779296875,322.01141357421875,1,SHORT,SHORT,0.21730618178844452,0.10504201680672269,0.9650327563285828,89.49579831932773,52.0,True,0.5715722143650055,UNRANKED,False
2022-03-08,2022-03-09,2022-03-10,BRK-B,XLF,326.5899963378906,323.13856506347656,1,SHORT,SHORT,0.2279437780380249,0.10504201680672269,0.958361804485321,89.49579831932773,52.0,True,0.8109412640333177,UNRANKED,False
2022-03-09,2022-03-10,2022-03-11,BRK-B,XLF,322.489990234375,318.586417061942,1,SHORT,SHORT,0.20212969183921814,0.10382513661202186,0.9633714556694031,89.61748633879782,52.0,True,0.6048970520496368,UNRANKED,False
2022-03-10,2022-03-11,2022-03-14,BRK-B,XLF,326.5299987792969,322.76928274972096,1,SHORT,SHORT,0.14853891730308533,0.09409888357256778,0.9876807928085327,90.59011164274322,52.0,True,0.4999712407588959,UNRANKED,False
2022-03-11,2022-03-14,2022-03-15,BRK-B,XLF,328.6499938964844,324.88570513044084,1,SHORT,SHORT,0.1655026376247406,0.09409888357256778,0.9662094116210938,90.59011164274322,52.0,True,0.7505768835544585,UNRANKED,False
2022-03-14,2022-03-15,2022-03-16,BRK-B,XLF,332.70001220703125,328.74000767299106,1,SHORT,SHORT,0.08667144924402237,0.043478260869565216,0.9569445252418518,95.65217391304348,52.0,True,0.07303252816200245,UNRANKED,False
2022-03-15,2022-03-16,2022-03-17,BRK-B,XLF,335.1099853515625,331.26426914760043,1,SHORT,SHORT,0.14860786497592926,0.09409888357256778,0.9411342144012451,90.59011164274322,52.0,True,0.2765560448169707,UNRANKED,False
2022-03-16,2022-03-17,2022-03-18,BRK-B,XLF,337.0,333.0221405029297,1,SHORT,SHORT,0.10401884466409683,0.08333333333333333,0.970791220664978,91.66666666666666,52.0,True,0.17087337374687195,UNRANKED,False
2022-03-17,2022-03-18,2022-03-21,BRK-B,XLF,344.1199951171875,340.2921338762556,1,SHORT,SHORT,0.11554454267024994,0.08333333333333333,0.9630998969078064,91.66666666666666,52.0,True,-0.029203653335571275,UNRANKED,False
2022-03-18,2022-03-21,2022-03-22,BRK-B,XLF,344.989990234375,341.1371307373047,1,SHORT,SHORT,0.11666326969861984,0.08333333333333333,0.9746654033660889,91.66666666666666,52.0,True,-0.13945007324218756,UNRANKED,False
2022-03-21,2022-03-22,2022-03-23,BRK-B,XLF,351.010009765625,346.9685799734933,1,SHORT,SHORT,0.06365535408258438,0.0,0.9826973080635071,99.0,52.0,True,0.07643496990203869,UNRANKED,False
2022-03-22,2022-03-23,2022-03-24,BRK-B,XLF,349.1300048828125,345.5550057547433,1,SHORT,SHORT,0.07777032256126404,0.043478260869565216,0.9801668524742126,95.65217391304348,52.0,True,0.15942186117172244,UNRANKED,False
2022-03-23,2022-03-24,2022-03-25,BRK-B,XLF,351.5,348.0914284842355,1,SHORT,SHORT,0.09866879135370255,0.06153846153846154,0.9654122591018677,93.84615384615384,52.0,True,0.35976189374923706,UNRANKED,False
2022-03-24,2022-03-25,2022-03-28,BRK-B,XLF,353.8999938964844,350.3621368408203,1,SHORT,SHORT,0.12296907603740692,0.09362549800796813,0.9833304286003113,90.63745019920319,52.0,True,0.35811945796012873,UNRANKED,False
2022-03-25,2022-03-28,2022-03-29,BRK-B,XLF,360.5899963378906,370.1078567504883,1,SHORT,SHORT,0.08152426034212112,0.043478260869565216,0.9881988763809204,95.65217391304348,52.0,True,0.4806237518787385,UNRANKED,False
2022-03-28,2022-03-29,2022-03-30,BRK-B,XLF,361.3900146484375,370.3025153023856,1,SHORT,SHORT,0.08490496873855591,0.043478260869565216,0.9848237037658691,95.65217391304348,52.0,True,0.3644767105579375,UNRANKED,False
2022-03-29,2022-03-30,2022-03-31,BRK-B,XLF,354.6600036621094,351.2685743059431,1,SHORT,SHORT,0.07213208824396133,0.0,0.9774975180625916,99.0,52.0,True,0.19391623139381406,UNRANKED,False
2022-03-30,2022-03-31,2022-04-01,BRK-B,XLF,359.0,367.90535627092635,1,SHORT,SHORT,0.07661522924900055,0.0,0.9660449624061584,99.0,52.0,True,0.23421096801757812,UNRANKED,False
2022-03-31,2022-04-01,2022-04-04,BRK-B,XLF,353.6499938964844,363.1624864850725,1,SHORT,SHORT,0.13793765008449554,0.09362549800796813,0.8780512809753418,90.63745019920319,52.0,True,0.3799253404140472,UNRANKED,False
2022-04-01,2022-04-04,2022-04-05,BRK-B,XLF,352.0,361.0928486415318,1,SHORT,SHORT,0.1044495552778244,0.08333333333333333,0.9282506108283997,91.66666666666666,52.0,True,0.3582015037536622,UNRANKED,False
2022-04-04,2022-04-05,2022-04-06,BRK-B,XLF,345.7699890136719,341.855704171317,1,SHORT,SHORT,0.11200514435768127,0.08333333333333333,0.9589577913284302,91.66666666666666,52.0,True,0.41836956143379195,UNRANKED,False
2022-04-05,2022-04-06,2022-04-07,BRK-B,XLF,341.1700134277344,337.4650137765067,1,SHORT,SHORT,0.17550887167453766,0.09409888357256778,0.9386104941368103,90.59011164274322,52.0,True,0.37234777212142933,UNRANKED,False
2022-04-06,2022-04-07,2022-04-08,BRK-B,XLF,346.2200012207031,343.1414315359933,1,SHORT,SHORT,0.18624992668628693,0.10382513661202186,0.9434847831726074,89.61748633879782,52.0,True,0.8194791972637175,UNRANKED,False
2022-04-07,2022-04-08,2022-04-11,BRK-B,XLF,348.92999267578125,345.9057072230748,1,SHORT,SHORT,0.14508339762687683,0.09409888357256778,0.9501926898956299,90.59011164274322,52.0,True,1.1038241982460024,UNRANKED,False
2022-04-08,2022-04-11,2022-04-12,BRK-B,XLF,352.9800109863281,360.42286682128906,1,SHORT,SHORT,0.11452186852693558,0.08333333333333333,0.9769555330276489,91.66666666666666,52.0,True,0.5677083730697633,UNRANKED,False
2022-04-11,2022-04-12,2022-04-13,BRK-B,XLF,352.260009765625,359.8475134713309,1,SHORT,SHORT,0.1586335301399231,0.09409888357256778,0.9796997904777527,90.59011164274322,52.0,True,0.5378722846508025,UNRANKED,False
2022-04-12,2022-04-13,2022-04-14,BRK-B,XLF,349.4599914550781,357.13856833321705,1,SHORT,SHORT,0.1119292825460434,0.08333333333333333,0.9675920605659485,91.66666666666666,52.0,True,0.27444747090339655,UNRANKED,False
2022-04-13,2022-04-14,2022-04-18,BRK-B,XLF,346.1600036621094,343.13785879952565,1,SHORT,SHORT,0.24966873228549957,0.10747663551401869,0.9827809929847717,89.25233644859813,52.0,True,0.41670352220535267,UNRANKED,False
2022-04-14,2022-04-18,2022-04-19,BRK-B,XLF,344.45001220703125,341.74929591587613,1,SHORT,SHORT,0.15366889536380768,0.09409888357256778,0.9783872365951538,90.59011164274322,52.0,True,0.2756529748439787,UNRANKED,False
2022-04-18,2022-04-19,2022-04-20,BRK-B,XLF,347.0,344.1914258684431,1,SHORT,SHORT,0.14260445535182953,0.09409888357256778,0.983005702495575,90.59011164274322,52.0,True,0.3143166601657867,UNRANKED,False
2022-04-19,2022-04-20,2022-04-21,BRK-B,XLF,350.0,356.5571485246931,1,SHORT,SHORT,0.18054597079753876,0.10382513661202186,0.9880660772323608,89.61748633879782,52.0,True,0.23159900307655346,UNRANKED,False
2022-04-20,2022-04-21,2022-04-22,BRK-B,XLF,350.8599853515625,357.0296369280134,1,SHORT,SHORT,0.17146329581737518,0.09409888357256778,0.9911559820175171,90.59011164274322,52.0,True,0.06993237137794504,UNRANKED,False
2022-04-21,2022-04-22,2022-04-25,BRK-B,XLF,342.94000244140625,349.2025146484375,1,SHORT,SHORT,0.23564821481704712,0.10747663551401869,0.9856501221656799,89.25233644859813,52.0,True,0.43068647384643555,UNRANKED,False
2022-04-22,2022-04-25,2022-04-26,BRK-B,XLF,332.29998779296875,329.2942679268973,1,SHORT,SHORT,0.16865630447864532,0.09409888357256778,0.9684898853302002,90.59011164274322,52.0,True,0.46297165751457214,UNRANKED,False
2022-04-25,2022-04-26,2022-04-27,BRK-B,XLF,333.5299987792969,340.1407274518694,1,SHORT,SHORT,0.25815802812576294,0.10747663551401869,0.9665191173553467,89.25233644859813,52.0,True,0.5507282912731172,UNRANKED,False
2022-04-26,2022-04-27,2022-04-28,BRK-B,XLF,330.6000061035156,327.5507136753627,1,SHORT,SHORT,0.1652938574552536,0.09409888357256778,0.9406650066375732,90.59011164274322,52.0,True,0.5383469760417938,UNRANKED,False
2022-04-27,2022-04-28,2022-04-29,BRK-B,XLF,331.5299987792969,339.32823181152344,1,SHORT,SHORT,0.16899748146533966,0.09409888357256778,0.9541565179824829,90.59011164274322,52.0,True,0.4481326937675477,UNRANKED,False
2022-04-28,2022-04-29,2022-05-02,BRK-B,XLF,330.19000244140625,337.96858978271484,1,SHORT,SHORT,0.2041153758764267,0.10382513661202186,0.9730928540229797,89.61748633879782,52.0,True,0.2877703607082367,UNRANKED,False
2022-04-29,2022-05-02,2022-05-03,BRK-B,XLF,324.1099853515625,332.21893092564176,1,SHORT,SHORT,0.21969065070152283,0.10504201680672269,0.9766045212745667,89.49579831932773,52.0,True,0.6392238438129426,UNRANKED,False
2022-05-02,2022-05-03,2022-05-04,BRK-B,XLF,319.4200134277344,315.9221518380301,1,SHORT,SHORT,0.2227342426776886,0.10504201680672269,0.9515789151191711,89.49579831932773,52.0,True,1.0216640830039978,UNRANKED,False
2022-05-03,2022-05-04,2022-05-05,BRK-B,XLF,319.1000061035156,315.7078595842634,1,SHORT,SHORT,0.21662046015262604,0.10504201680672269,0.9724538922309875,89.49579831932773,52.0,True,1.0397120714187622,UNRANKED,False
2022-05-04,2022-05-05,2022-05-06,BRK-B,XLF,325.8500061035156,335.0964453560965,1,SHORT,SHORT,0.1451464593410492,0.09409888357256778,0.9852743148803711,90.59011164274322,52.0,True,0.8686847239732741,UNRANKED,False
2022-05-05,2022-05-06,2022-05-09,BRK-B,XLF,317.989990234375,328.3489259992327,1,SHORT,SHORT,0.09848621487617493,0.06153846153846154,0.9611003398895264,93.84615384615384,52.0,True,1.017962485551834,UNRANKED,False
2022-05-06,2022-05-09,2022-05-10,BRK-B,XLF,315.3500061035156,311.35786002022877,1,SHORT,SHORT,0.08096446841955185,0.043478260869565216,0.9366450309753418,95.65217391304348,52.0,True,0.8958451151847839,UNRANKED,False
2022-05-09,2022-05-10,2022-05-11,BRK-B,XLF,315.9599914550781,326.66714368547713,1,SHORT,SHORT,0.06508158892393112,0.0,0.8702043294906616,99.0,52.0,True,0.9891182929277421,UNRANKED,False
2022-05-10,2022-05-11,2022-05-12,BRK-B,XLF,313.1700134277344,323.8968058994838,1,SHORT,SHORT,0.08776573836803436,0.043478260869565216,0.9108831286430359,95.65217391304348,52.0,True,1.0605219304561615,UNRANKED,False
2022-05-11,2022-05-12,2022-05-13,BRK-B,XLF,307.95001220703125,303.96143886021207,1,SHORT,SHORT,0.1524553894996643,0.09409888357256778,0.9409315586090088,90.59011164274322,52.0,True,1.5425516813993452,UNRANKED,False
2022-05-12,2022-05-13,2022-05-16,BRK-B,XLF,311.25,307.58714076450894,1,SHORT,SHORT,0.11610867083072662,0.08333333333333333,0.9484999775886536,91.66666666666666,52.0,True,1.2207020223140717,UNRANKED,False
2022-05-13,2022-05-16,2022-05-17,BRK-B,XLF,310.2799987792969,306.55214146205356,1,SHORT,SHORT,0.12817542254924774,0.09362549800796813,0.9758004546165466,90.63745019920319,52.0,True,1.1018584668636322,UNRANKED,False
2022-05-16,2022-05-17,2022-05-18,BRK-B,XLF,315.2099914550781,323.59569876534596,1,SHORT,SHORT,0.11178497970104218,0.08333333333333333,0.9871823787689209,91.66666666666666,52.0,True,0.46255034208297735,UNRANKED,False
2022-05-17,2022-05-18,2022-05-19,BRK-B,XLF,312.94000244140625,322.08285086495533,1,SHORT,SHORT,0.13615329563617706,0.09362549800796813,0.9814496040344238,90.63745019920319,52.0,True,0.7558427155017854,UNRANKED,False
2022-05-18,2022-05-19,2022-05-20,BRK-B,XLF,303.92999267578125,299.8249969482422,1,SHORT,SHORT,0.16883519291877747,0.09409888357256778,0.9122401475906372,90.59011164274322,52.0,True,1.1878058910369873,UNRANKED,False
2022-05-19,2022-05-20,2022-05-23,BRK-B,XLF,307.04998779296875,303.36999075753346,1,SHORT,SHORT,0.1570589244365692,0.09409888357256778,0.8687993884086609,90.59011164274322,52.0,True,1.1416889429092407,UNRANKED,False
2022-05-20,2022-05-23,2022-05-24,BRK-B,XLF,307.3800048828125,304.0242919921875,1,SHORT,SHORT,0.15014801919460297,0.09409888357256778,0.8933151364326477,90.59011164274322,52.0,True,1.451436460018158,UNRANKED,False
2022-05-23,2022-05-24,2022-05-25,BRK-B,XLF,309.3900146484375,305.6521562848772,1,SHORT,SHORT,0.11151661723852158,0.08333333333333333,0.9528734683990479,91.66666666666666,52.0,True,0.9709230810403825,UNRANKED,False
2022-05-24,2022-05-25,2022-05-26,BRK-B,XLF,308.5899963378906,305.336423601423,1,SHORT,SHORT,0.1636224389076233,0.09409888357256778,0.9241635203361511,90.59011164274322,52.0,True,1.3624806553125381,UNRANKED,False
2022-05-25,2022-05-26,2022-05-27,BRK-B,XLF,311.2699890136719,308.55855887276783,1,SHORT,SHORT,0.16258327662944794,0.09409888357256778,0.945800244808197,90.59011164274322,52.0,True,0.6960713565349579,UNRANKED,False
2022-05-26,2022-05-27,2022-05-31,BRK-B,XLF,314.7300109863281,311.7571541922433,1,SHORT,SHORT,0.10490627586841583,0.08333333333333333,0.9539111852645874,91.66666666666666,52.0,True,0.505227506160736,UNRANKED,False
2022-05-27,2022-05-31,2022-06-01,BRK-B,XLF,318.9800109863281,326.53536224365234,1,SHORT,SHORT,0.07551095634698868,0.0,0.9764273166656494,99.0,52.0,True,0.2618690133094787,UNRANKED,False
2022-05-31,2022-06-01,2022-06-02,BRK-B,XLF,316.0,312.7850036621094,1,SHORT,SHORT,0.1340452879667282,0.09362549800796813,0.9749565720558167,90.63745019920319,52.0,True,0.11635679006576552,UNRANKED,False
2022-06-01,2022-06-02,2022-06-03,BRK-B,XLF,312.6499938964844,309.2364240373884,1,SHORT,SHORT,0.11330828815698624,0.08333333333333333,0.9834021329879761,91.66666666666666,52.0,True,0.3944134414196016,UNRANKED,False
2022-06-02,2022-06-03,2022-06-06,BRK-B,XLF,312.5,309.13928658621654,1,SHORT,SHORT,0.11455955356359482,0.08333333333333333,0.9752920866012573,91.66666666666666,52.0,True,0.37855774164199835,UNRANKED,False
2022-06-03,2022-06-06,2022-06-07,BRK-B,XLF,313.3800048828125,309.8971470424107,1,SHORT,SHORT,0.15140633285045624,0.09409888357256778,0.9760328531265259,90.59011164274322,52.0,True,0.6108165681362152,UNRANKED,False
2022-06-06,2022-06-07,2022-06-08,BRK-B,XLF,310.5799865722656,307.0871276855469,1,SHORT,SHORT,0.19516484439373016,0.10382513661202186,0.9686765074729919,89.61748633879782,52.0,True,0.6178641915321351,UNRANKED,False
2022-06-07,2022-06-08,2022-06-09,BRK-B,XLF,312.1600036621094,320.2117941720145,1,SHORT,SHORT,0.15544764697551727,0.09409888357256778,0.9644777774810791,90.59011164274322,52.0,True,0.49471959471702587,UNRANKED,False
2022-06-08,2022-06-09,2022-06-10,BRK-B,XLF,308.1000061035156,315.6071559361049,1,SHORT,SHORT,0.15157918632030487,0.09409888357256778,0.9586262702941895,90.59011164274322,52.0,True,0.49595165252685547,UNRANKED,False
2022-06-09,2022-06-10,2022-06-13,BRK-B,XLF,296.0799865722656,304.5603474208287,1,SHORT,SHORT,0.1611463576555252,0.09409888357256778,0.9081075191497803,90.59011164274322,52.0,True,0.37880074977874767,UNRANKED,False
2022-06-10,2022-06-13,2022-06-14,BRK-B,XLF,285.42999267578125,295.51570892333984,1,SHORT,SHORT,0.13871055841445923,0.09362549800796813,0.9059861302375793,90.63745019920319,52.0,True,0.2099198997020723,UNRANKED,False
2022-06-13,2022-06-14,2022-06-15,BRK-B,XLF,282.0899963378906,277.7699977329799,1,SHORT,SHORT,0.17095182836055756,0.09409888357256778,0.9118227362632751,90.59011164274322,52.0,True,0.9479083120822906,UNRANKED,False
2022-06-14,2022-06-15,2022-06-16,BRK-B,XLF,281.1600036621094,292.47606876918246,1,SHORT,SHORT,0.24369551241397858,0.10747663551401869,0.8928160071372986,89.25233644859813,52.0,True,0.9463428258895876,UNRANKED,False
2022-06-15,2022-06-16,2022-06-17,BRK-B,XLF,273.3900146484375,284.84179033551897,1,SHORT,SHORT,0.24027511477470398,0.10747663551401869,0.9226889610290527,89.25233644859813,52.0,True,1.0372400879859922,UNRANKED,False
2022-06-16,2022-06-17,2022-06-21,BRK-B,XLF,268.3900146484375,263.3443036760603,1,SHORT,SHORT,0.21734492480754852,0.10504201680672269,0.9537208080291748,89.49579831932773,52.0,True,1.0594784170389175,UNRANKED,False
2022-06-17,2022-06-21,2022-06-22,BRK-B,XLF,273.8500061035156,269.24215044294084,1,SHORT,SHORT,0.18315796554088593,0.10382513661202186,0.9396792650222778,89.61748633879782,52.0,True,0.8024548888206483,UNRANKED,False
2022-06-21,2022-06-22,2022-06-23,BRK-B,XLF,267.3800048828125,262.7321472167969,1,SHORT,SHORT,0.1576579362154007,0.09409888357256778,0.9611659049987793,90.59011164274322,52.0,True,0.6725327372550965,UNRANKED,False
2022-06-22,2022-06-23,2022-06-24,BRK-B,XLF,269.8500061035156,265.3300083705357,1,SHORT,SHORT,0.08251819759607315,0.043478260869565216,0.9724541306495667,95.65217391304348,52.0,True,0.4931137263774873,UNRANKED,False
2022-06-23,2022-06-24,2022-06-27,BRK-B,XLF,268.9700012207031,264.4835750034877,1,SHORT,SHORT,0.10541359335184097,0.08333333333333333,0.9624528288841248,91.66666666666666,52.0,True,0.479217231273651,UNRANKED,False
2022-06-24,2022-06-27,2022-06-28,BRK-B,XLF,280.5299987792969,292.95142146519254,1,SHORT,SHORT,0.09202709794044495,0.043478260869565216,0.9839602112770081,95.65217391304348,52.0,True,-0.00667661428451552,UNRANKED,False
2022-06-27,2022-06-28,2022-06-29,BRK-B,XLF,280.510009765625,292.7367902483259,1,SHORT,SHORT,0.09290673583745956,0.043478260869565216,0.9898616075515747,95.65217391304348,52.0,True,0.10798884928226465,UNRANKED,False
2022-06-28,2022-06-29,2022-06-30,BRK-B,XLF,274.95001220703125,269.84215654645647,1,SHORT,SHORT,0.09637195616960526,0.043478260869565216,0.9815601110458374,95.65217391304348,52.0,True,0.4201940596103669,UNRANKED,False
2022-06-29,2022-06-30,2022-07-01,BRK-B,XLF,270.510009765625,265.7264404296875,1,SHORT,SHORT,0.10612360388040543,0.08333333333333333,0.948217511177063,91.66666666666666,52.0,True,0.6422457695007325,UNRANKED,False
2022-06-30,2022-07-01,2022-07-05,BRK-B,XLF,272.5,268.250002179827,1,SHORT,SHORT,0.05949554219841957,0.0,0.9081984162330627,99.0,52.0,True,0.24894785881042475,UNRANKED,False
2022-07-01,2022-07-05,2022-07-06,BRK-B,XLF,274.20001220703125,270.279299054827,1,SHORT,SHORT,0.057155728340148926,0.0,0.9808221459388733,99.0,52.0,True,0.10209742188453672,UNRANKED,False
2022-07-05,2022-07-06,2022-07-07,BRK-B,XLF,274.8399963378906,271.51499720982144,1,SHORT,SHORT,0.08764473348855972,0.043478260869565216,0.9623515009880066,95.65217391304348,52.0,True,0.2363453805446626,UNRANKED,False
2022-07-06,2022-07-07,2022-07-08,BRK-B,XLF,277.5,274.45214189801897,1,SHORT,SHORT,0.13221511244773865,0.09362549800796813,0.9778061509132385,90.63745019920319,52.0,True,0.1898469626903535,UNRANKED,False
2022-07-07,2022-07-08,2022-07-11,BRK-B,XLF,279.7900085449219,276.5750056675502,1,SHORT,SHORT,0.10114795714616776,0.06153846153846154,0.9746832251548767,93.84615384615384,52.0,True,0.47747939825057983,UNRANKED,False
2022-07-08,2022-07-11,2022-07-12,BRK-B,XLF,279.3800048828125,276.79500252859935,1,SHORT,SHORT,0.08384515345096588,0.043478260869565216,0.9864211082458496,95.65217391304348,52.0,True,0.2673936188220976,UNRANKED,False
2022-07-11,2022-07-12,2022-07-13,BRK-B,XLF,277.57000732421875,274.85357883998324,1,SHORT,SHORT,0.18665771186351776,0.10382513661202186,0.97067791223526,89.61748633879782,52.0,True,0.64671191573143,UNRANKED,False
2022-07-12,2022-07-13,2022-07-14,BRK-B,XLF,275.3699951171875,272.8292803083147,1,SHORT,SHORT,0.12242891639471054,0.09362549800796813,0.9582718014717102,90.63745019920319,52.0,True,0.41612523794174183,UNRANKED,False
2022-07-13,2022-07-14,2022-07-15,BRK-B,XLF,273.0,270.58714076450894,1,SHORT,SHORT,0.12653180956840515,0.09362549800796813,0.9632392525672913,90.63745019920319,52.0,True,0.33947074413299566,UNRANKED,False
2022-07-14,2022-07-15,2022-07-18,BRK-B,XLF,277.5299987792969,275.0607125418527,1,SHORT,SHORT,0.246477410197258,0.10747663551401869,0.9724174737930298,89.25233644859813,52.0,True,0.23324111104011547,UNRANKED,False
2022-07-15,2022-07-18,2022-07-19,BRK-B,XLF,281.5,279.5085710797991,1,SHORT,SHORT,0.11517620086669922,0.08333333333333333,0.9754951000213623,91.66666666666666,52.0,True,-0.04098302125930793,UNRANKED,False
2022-07-18,2022-07-19,2022-07-20,BRK-B,XLF,279.0,276.85857064383373,1,SHORT,SHORT,0.1405109018087387,0.09362549800796813,0.9664406180381775,90.63745019920319,52.0,True,0.11579251289367681,UNRANKED,False
2022-07-19,2022-07-20,2022-07-21,BRK-B,XLF,284.6400146484375,282.30215890066967,1,SHORT,SHORT,0.19281697273254395,0.10382513661202186,0.9672538638114929,89.61748633879782,52.0,True,0.4664052128791809,UNRANKED,False
2022-07-20,2022-07-21,2022-07-22,BRK-B,XLF,287.0,284.51071384974887,1,SHORT,SHORT,0.15667724609375,0.09409888357256778,0.9595354199409485,90.59011164274322,52.0,True,0.6298781186342239,UNRANKED,False
2022-07-21,2022-07-22,2022-07-25,BRK-B,XLF,288.1000061035156,285.586434500558,1,SHORT,SHORT,0.13846494257450104,0.09362549800796813,0.9772611260414124,90.63745019920319,52.0,True,0.13455376029014596,UNRANKED,False
2022-07-22,2022-07-25,2022-07-26,BRK-B,XLF,287.2099914550781,284.9507053920201,1,SHORT,SHORT,0.1383005827665329,0.09362549800796813,0.9689676761627197,90.63745019920319,52.0,True,0.3650205433368683,UNRANKED,False
2022-07-25,2022-07-26,2022-07-27,BRK-B,XLF,287.7900085449219,285.5128653390067,1,SHORT,SHORT,0.13783779740333557,0.09362549800796813,0.9716867804527283,90.63745019920319,52.0,True,0.6108185201883317,UNRANKED,False
2022-07-26,2022-07-27,2022-07-28,BRK-B,XLF,287.6700134277344,285.2042999267578,1,SHORT,SHORT,0.12662294507026672,0.09362549800796813,0.9464417695999146,90.63745019920319,52.0,True,0.630887806415558,UNRANKED,False
2022-07-27,2022-07-28,2022-07-29,BRK-B,XLF,291.17999267578125,288.61713736397877,1,SHORT,SHORT,0.19281147420406342,0.10382513661202186,0.9608707427978516,89.61748633879782,52.0,True,0.7143732011318207,UNRANKED,False
2022-07-28,2022-07-29,2022-08-01,BRK-B,XLF,297.4200134277344,294.71072823660717,1,SHORT,SHORT,0.17846545577049255,0.10382513661202186,0.9611113667488098,89.61748633879782,52.0,True,0.7643156349658966,UNRANKED,False
2022-07-29,2022-08-01,2022-08-02,BRK-B,XLF,299.70001220703125,307.2553743634905,1,SHORT,SHORT,0.1458442509174347,0.09409888357256778,0.9832149147987366,90.59011164274322,52.0,True,0.8458620607852935,UNRANKED,False
2022-08-01,2022-08-02,2022-08-03,BRK-B,XLF,294.8699951171875,291.5971352713449,1,SHORT,SHORT,0.150058776140213,0.09409888357256778,0.9760614633560181,90.59011164274322,52.0,True,0.44904673099517844,UNRANKED,False
2022-08-02,2022-08-03,2022-08-04,BRK-B,XLF,295.04998779296875,291.5271301269531,1,SHORT,SHORT,0.12395649403333664,0.09362549800796813,0.9650771617889404,90.63745019920319,52.0,True,0.7109991908073426,UNRANKED,False
2022-08-03,2022-08-04,2022-08-05,BRK-B,XLF,294.7300109863281,291.2264404296875,1,SHORT,SHORT,0.1471336930990219,0.09409888357256778,0.9812344908714294,90.59011164274322,52.0,True,0.7763968110084535,UNRANKED,False
2022-08-04,2022-08-05,2022-08-08,BRK-B,XLF,291.8699951171875,288.5107116699219,1,SHORT,SHORT,0.10100197046995163,0.06153846153846154,0.9823805093765259,93.84615384615384,52.0,True,0.6011529564857484,UNRANKED,False
2022-08-05,2022-08-08,2022-08-09,BRK-B,XLF,294.8699951171875,291.6092834472656,1,SHORT,SHORT,0.11575319617986679,0.08333333333333333,0.9827569723129272,91.66666666666666,52.0,True,0.37462830543518055,UNRANKED,False
2022-08-08,2022-08-09,2022-08-10,BRK-B,XLF,293.3500061035156,290.5907222202846,1,SHORT,SHORT,0.10917937755584717,0.08333333333333333,0.9781491160392761,91.66666666666666,52.0,True,0.24864825606346125,UNRANKED,False
2022-08-09,2022-08-10,2022-08-11,BRK-B,XLF,296.4800109863281,293.8678719656808,1,SHORT,SHORT,0.1490393728017807,0.09409888357256778,0.972334086894989,90.59011164274322,52.0,True,0.2804368436336518,UNRANKED,False
2022-08-10,2022-08-11,2022-08-12,BRK-B,XLF,298.0,295.27857535226,1,SHORT,SHORT,0.12376821786165237,0.09362549800796813,0.9707701206207275,90.63745019920319,52.0,True,0.2520275115966797,UNRANKED,False
2022-08-11,2022-08-12,2022-08-15,BRK-B,XLF,297.8999938964844,295.1471405029297,1,SHORT,SHORT,0.12610924243927002,0.09362549800796813,0.9790341258049011,90.63745019920319,52.0,True,0.2321358621120453,UNRANKED,False
2022-08-12,2022-08-15,2022-08-16,BRK-B,XLF,298.6400146484375,295.67144775390625,1,SHORT,SHORT,0.07440206408500671,0.0,0.9730796217918396,99.0,52.0,True,0.2129211127758027,UNRANKED,False
2022-08-15,2022-08-16,2022-08-17,BRK-B,XLF,304.989990234375,302.1221357073103,1,SHORT,SHORT,0.15105515718460083,0.09409888357256778,0.963425874710083,90.59011164274322,52.0,True,-0.0026973187923431605,UNRANKED,False
2022-08-16,2022-08-17,2022-08-18,BRK-B,XLF,305.2200012207031,302.4350040980748,1,SHORT,SHORT,0.07696480304002762,0.023208563320981576,0.9673773646354675,97.67914366790184,52.0,True,-0.01570871472358704,UNRANKED,False
2022-08-17,2022-08-18,2022-08-19,BRK-B,XLF,304.44000244140625,311.18641989571705,1,SHORT,SHORT,0.08053837716579437,0.043478260869565216,0.9438143968582153,95.65217391304348,52.0,True,0.10731914639472957,UNRANKED,False
2022-08-18,2022-08-19,2022-08-22,BRK-B,XLF,302.95001220703125,308.50178091866627,1,SHORT,SHORT,0.0831015408039093,0.043478260869565216,0.9712010025978088,95.65217391304348,52.0,True,0.19301134347915644,UNRANKED,False
2022-08-19,2022-08-22,2022-08-23,BRK-B,XLF,294.0,299.95354897635326,1,SHORT,SHORT,0.14333295822143555,0.09409888357256778,0.9617523550987244,90.59011164274322,52.0,True,0.1732542812824249,UNRANKED,False
2022-08-22,2022-08-23,2022-08-24,BRK-B,XLF,288.8500061035156,286.1185847691127,1,SHORT,SHORT,0.14928527176380157,0.09409888357256778,0.9493653178215027,90.59011164274322,52.0,True,0.27863141894340526,UNRANKED,False
2022-08-23,2022-08-24,2022-08-25,BRK-B,XLF,290.0,287.3992919921875,1,SHORT,SHORT,0.1603725254535675,0.09409888357256778,0.9571477174758911,90.59011164274322,52.0,True,-0.03154829144477829,UNRANKED,False
2022-08-24,2022-08-25,2022-08-26,BRK-B,XLF,293.7099914550781,300.5367627825056,1,SHORT,SHORT,0.16992399096488953,0.09409888357256778,0.9739061594009399,90.59011164274322,52.0,True,0.6315845549106599,UNRANKED,False
2022-08-25,2022-08-26,2022-08-29,BRK-B,XLF,299.4100036621094,306.90999276297435,1,SHORT,SHORT,0.13951577246189117,0.09362549800796813,0.979951024055481,90.63745019920319,52.0,True,0.6966799348592759,UNRANKED,False
2022-08-26,2022-08-29,2022-08-30,BRK-B,XLF,288.3999938964844,284.83571079799106,1,SHORT,SHORT,0.27836400270462036,0.12903225806451613,0.9751162528991699,87.09677419354838,52.0,True,0.8855487704277039,UNRANKED,False
2022-08-29,2022-08-30,2022-08-31,BRK-B,XLF,288.7200012207031,298.00213514055525,1,SHORT,SHORT,0.3023056983947754,0.12903225806451613,0.9501189589500427,87.09677419354838,52.0,True,0.8569187819957733,UNRANKED,False
2022-08-30,2022-08-31,2022-09-01,BRK-B,XLF,287.25,296.47677721296037,1,SHORT,SHORT,0.29213452339172363,0.12903225806451613,0.9570778012275696,87.09677419354838,52.0,True,0.8515375554561614,UNRANKED,False
2022-08-31,2022-09-01,2022-09-02,BRK-B,XLF,279.95001220703125,276.0264434814453,1,SHORT,SHORT,0.3490128815174103,0.12903225806451613,0.9691977500915527,87.09677419354838,52.0,True,0.7479653656482697,UNRANKED,False
2022-09-01,2022-09-02,2022-09-06,BRK-B,XLF,284.8399963378906,294.03284999302457,1,SHORT,SHORT,0.20890392363071442,0.10504201680672269,0.9793698191642761,89.49579831932773,52.0,True,0.9220543354749678,UNRANKED,False
2022-09-02,2022-09-06,2022-09-07,BRK-B,XLF,278.010009765625,274.0835854666574,1,SHORT,SHORT,0.15480467677116394,0.09409888357256778,0.9680697321891785,90.59011164274322,52.0,True,0.4085367918014527,UNRANKED,False
2022-09-06,2022-09-07,2022-09-08,BRK-B,XLF,275.739990234375,272.00999232700894,1,SHORT,SHORT,0.15024037659168243,0.09409888357256778,0.9541741609573364,90.59011164274322,52.0,True,0.5187016129493714,UNRANKED,False
2022-09-07,2022-09-08,2022-09-09,BRK-B,XLF,278.5799865722656,274.70284380231584,1,SHORT,SHORT,0.18247586488723755,0.10382513661202186,0.9722808599472046,89.61748633879782,52.0,True,1.014325514435768,UNRANKED,False
2022-09-08,2022-09-09,2022-09-12,BRK-B,XLF,284.5400085449219,280.4992937360491,1,SHORT,SHORT,0.1254512220621109,0.09362549800796813,0.9656180739402771,90.63745019920319,52.0,True,0.41532284021377575,UNRANKED,False
2022-09-09,2022-09-12,2022-09-13,BRK-B,XLF,286.70001220703125,295.98751395089283,1,SHORT,SHORT,0.09660381078720093,0.06153846153846154,0.9780586957931519,93.84615384615384,52.0,True,-0.01789465546607966,UNRANKED,False
2022-09-12,2022-09-13,2022-09-14,BRK-B,XLF,283.989990234375,292.2328534807478,1,SHORT,SHORT,0.09202289581298828,0.043478260869565216,0.9513658881187439,95.65217391304348,52.0,True,0.5096947401762009,UNRANKED,False
2022-09-13,2022-09-14,2022-09-15,BRK-B,XLF,279.0,275.0414254324777,1,SHORT,SHORT,0.3009478747844696,0.12903225806451613,0.9184305667877197,87.09677419354838,52.0,True,1.4866149276494978,UNRANKED,False
2022-09-14,2022-09-15,2022-09-16,BRK-B,XLF,278.69000244140625,287.91858346121654,1,SHORT,SHORT,0.2620778977870941,0.10747663551401869,0.8834296464920044,89.25233644859813,52.0,True,1.19934356212616,UNRANKED,False
2022-09-15,2022-09-16,2022-09-19,BRK-B,XLF,275.3500061035156,271.86500331333707,1,SHORT,SHORT,0.2040260136127472,0.10382513661202186,0.9296417236328125,89.61748633879782,52.0,True,0.6734285950660707,UNRANKED,False
2022-09-16,2022-09-19,2022-09-20,BRK-B,XLF,272.7900085449219,269.75357709612166,1,SHORT,SHORT,0.0996333658695221,0.06153846153846154,0.8758007884025574,93.84615384615384,52.0,True,0.278773844242096,UNRANKED,False
2022-09-19,2022-09-20,2022-09-21,BRK-B,XLF,277.1700134277344,285.0521697998047,1,SHORT,SHORT,0.11576442420482635,0.08333333333333333,0.9639469981193542,91.66666666666666,52.0,True,0.36661276221275335,UNRANKED,False
2022-09-20,2022-09-21,2022-09-22,BRK-B,XLF,278.8999938964844,286.7446517944336,1,SHORT,SHORT,0.15669123828411102,0.09409888357256778,0.9420556426048279,90.59011164274322,52.0,True,0.2179096937179564,UNRANKED,False
2022-09-21,2022-09-22,2022-09-23,BRK-B,XLF,271.0299987792969,267.76570783342635,1,SHORT,SHORT,0.1297912895679474,0.09362549800796813,0.8583495616912842,90.63745019920319,52.0,True,0.39735916256904596,UNRANKED,False
2022-09-22,2022-09-23,2022-09-26,BRK-B,XLF,266.010009765625,262.70286342075894,1,SHORT,SHORT,0.13623502850532532,0.09362549800796813,0.8651050329208374,90.63745019920319,52.0,True,0.3537673354148865,UNRANKED,False
2022-09-23,2022-09-26,2022-09-27,BRK-B,XLF,265.82000732421875,262.8000008719308,1,SHORT,SHORT,0.1599576771259308,0.09409888357256778,0.874108612537384,90.59011164274322,52.0,True,0.3382168710231781,UNRANKED,False
2022-09-26,2022-09-27,2022-09-28,BRK-B,XLF,266.989990234375,263.80070059640065,1,SHORT,SHORT,0.15969184041023254,0.09409888357256778,0.8769751191139221,90.59011164274322,52.0,True,0.2515617609024047,UNRANKED,False
2022-09-27,2022-09-28,2022-09-29,BRK-B,XLF,265.6499938964844,262.6964198521205,1,SHORT,SHORT,0.17241886258125305,0.09409888357256778,0.9398055076599121,90.59011164274322,52.0,True,0.5029001235961915,UNRANKED,False
2022-09-28,2022-09-29,2022-09-30,BRK-B,XLF,269.8900146484375,266.65001133510043,1,SHORT,SHORT,0.21114188432693481,0.10504201680672269,0.928031861782074,89.49579831932773,52.0,True,0.7799264192581177,UNRANKED,False
2022-09-29,2022-09-30,2022-10-03,BRK-B,XLF,269.2099914550781,265.98641531808033,1,SHORT,SHORT,0.1937040090560913,0.10382513661202186,0.949927806854248,89.61748633879782,52.0,True,0.5105134546756744,UNRANKED,False
2022-09-30,2022-10-03,2022-10-04,BRK-B,XLF,269.5199890136719,266.3092716761998,1,SHORT,SHORT,0.16258728504180908,0.09409888357256778,0.9361979365348816,90.59011164274322,52.0,True,0.48382610082626354,UNRANKED,False
2022-10-03,2022-10-04,2022-10-05,BRK-B,XLF,277.4200134277344,274.52643912179127,1,SHORT,SHORT,0.14981499314308167,0.09409888357256778,0.9473420977592468,90.59011164274322,52.0,True,0.49096742272377025,UNRANKED,False
2022-10-04,2022-10-05,2022-10-06,BRK-B,XLF,276.8699951171875,273.4364209856306,1,SHORT,SHORT,0.14468418061733246,0.09409888357256778,0.9812724590301514,90.59011164274322,52.0,True,0.5847535133361815,UNRANKED,False
2022-10-05,2022-10-06,2022-10-07,BRK-B,XLF,278.20001220703125,286.6785910470145,1,SHORT,SHORT,0.12647736072540283,0.09362549800796813,0.9857997894287109,90.63745019920319,52.0,True,0.33619642257690424,UNRANKED,False
2022-10-06,2022-10-07,2022-10-10,BRK-B,XLF,274.44000244140625,283.12571934291293,1,SHORT,SHORT,0.11523135006427765,0.08333333333333333,0.9722959995269775,91.66666666666666,52.0,True,0.17668452858924863,UNRANKED,False
2022-10-07,2022-10-10,2022-10-11,BRK-B,XLF,269.8900146484375,266.1921582903181,1,SHORT,SHORT,0.14723911881446838,0.09409888357256778,0.9233088493347168,90.59011164274322,52.0,True,0.48997670412063604,UNRANKED,False
2022-10-10,2022-10-11,2022-10-12,BRK-B,XLF,266.1000061035156,262.38143484933033,1,SHORT,SHORT,0.1420191079378128,0.09362549800796813,0.9118892550468445,90.63745019920319,52.0,True,0.76199609041214,UNRANKED,False
2022-10-11,2022-10-12,2022-10-13,BRK-B,XLF,267.30999755859375,264.02071271623885,1,SHORT,SHORT,0.08046270161867142,0.043478260869565216,0.9419654011726379,95.65217391304348,52.0,True,0.14304465055465693,UNRANKED,False
2022-10-12,2022-10-13,2022-10-14,BRK-B,XLF,260.5799865722656,257.2135576520647,1,SHORT,SHORT,0.07978610694408417,0.043478260869565216,0.903420090675354,95.65217391304348,52.0,True,0.30950596928596485,UNRANKED,False
2022-10-13,2022-10-14,2022-10-17,BRK-B,XLF,277.5899963378906,273.43499755859375,1,SHORT,SHORT,0.14138317108154297,0.09362549800796813,0.9363671541213989,90.63745019920319,52.0,True,0.45640265941619873,UNRANKED,False
2022-10-14,2022-10-17,2022-10-18,BRK-B,XLF,276.4800109863281,272.3492976597377,1,SHORT,SHORT,0.11457442492246628,0.08333333333333333,0.9652310609817505,91.66666666666666,52.0,True,0.40470384061336523,UNRANKED,False
2022-10-17,2022-10-18,2022-10-19,BRK-B,XLF,282.739990234375,293.63819885253906,1,SHORT,SHORT,0.12401358038187027,0.09362549800796813,0.9401589632034302,90.63745019920319,52.0,True,0.08010336756706249,UNRANKED,False
2022-10-18,2022-10-19,2022-10-20,BRK-B,XLF,280.3299865722656,290.9317714146205,1,SHORT,SHORT,0.178554505109787,0.10382513661202186,0.7988629937171936,89.61748633879782,52.0,True,0.6255491971969604,UNRANKED,False
2022-10-19,2022-10-20,2022-10-21,BRK-B,XLF,278.07000732421875,273.7485787527902,1,SHORT,SHORT,0.1477440744638443,0.09409888357256778,0.8234698176383972,90.59011164274322,52.0,True,0.4849802255630492,UNRANKED,False
2022-10-20,2022-10-21,2022-10-24,BRK-B,XLF,273.760009765625,269.27786690848217,1,SHORT,SHORT,0.1101032942533493,0.08333333333333333,0.8044916987419128,91.66666666666666,52.0,True,0.0033768415451052025,UNRANKED,False
2022-10-21,2022-10-24,2022-10-25,BRK-B,XLF,284.1000061035156,279.3892909458705,1,SHORT,SHORT,0.20084360241889954,0.10382513661202186,0.8643506765365601,89.61748633879782,52.0,True,0.527986079454422,UNRANKED,False
2022-10-24,2022-10-25,2022-10-26,BRK-B,XLF,288.7699890136719,284.2535596575056,1,SHORT,SHORT,0.1402682662010193,0.09362549800796813,0.8867165446281433,90.63745019920319,52.0,True,0.2134670317173003,UNRANKED,False
2022-10-25,2022-10-26,2022-10-27,BRK-B,XLF,289.75,285.1885724748884,1,SHORT,SHORT,0.13406716287136078,0.09362549800796813,0.8631579279899597,90.63745019920319,52.0,True,-0.18869398534297938,UNRANKED,False
2022-10-26,2022-10-27,2022-10-28,BRK-B,XLF,290.30999755859375,285.91499764578685,1,SHORT,SHORT,0.13766828179359436,0.09362549800796813,0.8743414878845215,90.63745019920319,52.0,True,0.3217529356479645,UNRANKED,False
2022-10-27,2022-10-28,2022-10-31,BRK-B,XLF,292.7699890136719,288.79713003976,1,SHORT,SHORT,0.124836765229702,0.09362549800796813,0.8780438303947449,90.63745019920319,52.0,True,0.41618449985981,UNRANKED,False
2022-10-28,2022-10-31,2022-11-01,BRK-B,XLF,297.9800109863281,293.46143886021207,1,SHORT,SHORT,0.15738695859909058,0.09409888357256778,0.9148437976837158,90.59011164274322,52.0,True,0.28371733427047735,UNRANKED,False
2022-10-31,2022-11-01,2022-11-02,BRK-B,XLF,298.45001220703125,310.4893003191267,1,SHORT,SHORT,0.20005318522453308,0.10382513661202186,0.8824065923690796,89.61748633879782,52.0,True,0.8439612686634065,UNRANKED,False
2022-11-01,2022-11-02,2022-11-03,BRK-B,XLF,293.0400085449219,304.65965270996094,1,SHORT,SHORT,0.14324051141738892,0.09409888357256778,0.973625898361206,90.59011164274322,52.0,True,0.7668461501598358,UNRANKED,False
2022-11-02,2022-11-03,2022-11-04,BRK-B,XLF,286.0199890136719,281.87998744419644,1,SHORT,SHORT,0.12883508205413818,0.09362549800796813,0.9540669322013855,90.63745019920319,52.0,True,0.5310371816158294,UNRANKED,False
2022-11-03,2022-11-04,2022-11-07,BRK-B,XLF,286.7699890136719,282.451416015625,1,SHORT,SHORT,0.14177940785884857,0.09362549800796813,0.9871752858161926,90.63745019920319,52.0,True,0.35871127247810375,UNRANKED,False
2022-11-04,2022-11-07,2022-11-08,BRK-B,XLF,290.9200134277344,286.65358189174106,1,SHORT,SHORT,0.2083621323108673,0.10504201680672269,0.9895039796829224,89.49579831932773,52.0,True,0.501206874847412,UNRANKED,False
2022-11-07,2022-11-08,2022-11-09,BRK-B,XLF,291.1099853515625,286.9814126150949,1,SHORT,SHORT,0.17622162401676178,0.09409888357256778,0.9818357229232788,90.59011164274322,52.0,True,0.4810592234134674,UNRANKED,False
2022-11-08,2022-11-09,2022-11-10,BRK-B,XLF,291.9800109863281,287.91644069126676,1,SHORT,SHORT,0.207685649394989,0.10504201680672269,0.9790934324264526,89.49579831932773,52.0,True,0.0764895975589752,UNRANKED,False
2022-11-09,2022-11-10,2022-11-11,BRK-B,XLF,297.1099853515625,293.1071297781808,1,SHORT,SHORT,0.15354518592357635,0.09409888357256778,0.9802026748657227,90.59011164274322,52.0,True,0.592631369829178,UNRANKED,False
2022-11-10,2022-11-11,2022-11-14,BRK-B,XLF,305.55999755859375,301.15928431919644,1,SHORT,SHORT,0.24022848904132843,0.10747663551401869,0.9778639674186707,89.25233644859813,52.0,True,0.7845084965229034,UNRANKED,False
2022-11-11,2022-11-14,2022-11-15,BRK-B,XLF,310.0,305.4885733468192,1,SHORT,SHORT,0.21020495891571045,0.10504201680672269,0.989118218421936,89.49579831932773,52.0,True,0.6303487420082093,UNRANKED,False
2022-11-14,2022-11-15,2022-11-16,BRK-B,XLF,313.6700134277344,324.778940473284,1,SHORT,SHORT,0.12423724681138992,0.09362549800796813,0.9851318001747131,90.63745019920319,52.0,True,0.2796111404895783,UNRANKED,False
2022-11-15,2022-11-16,2022-11-17,BRK-B,XLF,310.92999267578125,306.46142142159596,1,SHORT,SHORT,0.0763443112373352,0.0,0.9706889986991882,99.0,52.0,True,0.22514933347702024,UNRANKED,False
2022-11-16,2022-11-17,2022-11-18,BRK-B,XLF,305.70001220703125,301.24144199916293,1,SHORT,SHORT,0.09264084696769714,0.043478260869565216,0.9792354702949524,95.65217391304348,52.0,True,0.28204604983329784,UNRANKED,False
2022-11-17,2022-11-18,2022-11-21,BRK-B,XLF,310.54998779296875,306.6935599190848,1,SHORT,SHORT,0.09087642282247543,0.043478260869565216,0.9837042689323425,95.65217391304348,52.0,True,0.22663444280624406,UNRANKED,False
2022-11-18,2022-11-21,2022-11-22,BRK-B,XLF,310.80999755859375,307.04071262904574,1,SHORT,SHORT,0.060166362673044205,0.0,0.9869861006736755,99.0,52.0,True,0.2692963182926178,UNRANKED,False
2022-11-21,2022-11-22,2022-11-23,BRK-B,XLF,313.0,309.26785714285717,1,SHORT,SHORT,0.06755758076906204,0.0,0.9925472140312195,99.0,52.0,True,0.23694270849227905,UNRANKED,False
2022-11-22,2022-11-23,2022-11-25,BRK-B,XLF,315.3900146484375,311.66573006766185,1,SHORT,SHORT,0.06341226398944855,0.0,0.9941849112510681,99.0,52.0,True,0.38162311911582936,UNRANKED,False
2022-11-23,2022-11-25,2022-11-28,BRK-B,XLF,317.5199890136719,325.90391431535994,1,SHORT,SHORT,0.07319904118776321,0.0,0.9907532930374146,99.0,52.0,True,0.36275750398635864,UNRANKED,False
2022-11-25,2022-11-28,2022-11-29,BRK-B,XLF,316.25,313.06571524483815,1,SHORT,SHORT,0.09802433103322983,0.06153846153846154,0.9859441518783569,93.84615384615384,52.0,True,0.1303217709064484,UNRANKED,False
2022-11-28,2022-11-29,2022-11-30,BRK-B,XLF,311.8900146484375,308.6028725760324,1,SHORT,SHORT,0.15871106088161469,0.09409888357256778,0.9731945395469666,90.59011164274322,52.0,True,0.0782417953014372,UNRANKED,False
2022-11-29,2022-11-30,2022-12-01,BRK-B,XLF,315.1300048828125,311.8828604561942,1,SHORT,SHORT,0.19856351613998413,0.10382513661202186,0.9872445464134216,89.61748633879782,52.0,True,0.08574855327606201,UNRANKED,False
2022-11-30,2022-12-01,2022-12-02,BRK-B,XLF,319.0,315.78785487583707,1,SHORT,SHORT,0.1613568365573883,0.09409888357256778,0.980724573135376,90.59011164274322,52.0,True,-0.17058074474334706,UNRANKED,False
2022-12-01,2022-12-02,2022-12-05,BRK-B,XLF,313.489990234375,319.4149943760463,1,SHORT,SHORT,0.1428503841161728,0.09409888357256778,0.9802678823471069,90.59011164274322,52.0,True,0.16600656509399406,UNRANKED,False
2022-12-02,2022-12-05,2022-12-06,BRK-B,XLF,315.2200012207031,320.0360783168248,1,SHORT,SHORT,0.0977584570646286,0.06153846153846154,0.9834741950035095,93.84615384615384,52.0,True,0.1949940025806427,UNRANKED,False
2022-12-05,2022-12-06,2022-12-07,BRK-B,XLF,309.95001220703125,315.6178730555943,1,SHORT,SHORT,0.13110698759555817,0.09362549800796813,0.9502529501914978,90.63745019920319,52.0,True,0.16472762823104845,UNRANKED,False
2022-12-06,2022-12-07,2022-12-08,BRK-B,XLF,307.07000732421875,304.6800057547433,1,SHORT,SHORT,0.1635204255580902,0.09409888357256778,0.940407395362854,90.59011164274322,52.0,True,0.7194273769855499,UNRANKED,False
2022-12-07,2022-12-08,2022-12-09,BRK-B,XLF,306.0,303.55714198521207,1,SHORT,SHORT,0.14429627358913422,0.09409888357256778,0.9275313019752502,90.59011164274322,52.0,True,0.45009878277778625,UNRANKED,False
2022-12-08,2022-12-09,2022-12-12,BRK-B,XLF,305.32000732421875,302.9592939104353,1,SHORT,SHORT,0.14778834581375122,0.09409888357256778,0.9758761525154114,90.59011164274322,52.0,True,0.2702524065971374,UNRANKED,False
2022-12-09,2022-12-12,2022-12-13,BRK-B,XLF,307.54998779296875,305.39784458705356,1,SHORT,SHORT,0.13127055764198303,0.09362549800796813,0.9874516129493713,90.63745019920319,52.0,True,0.26657101511955267,UNRANKED,False
2022-12-12,2022-12-13,2022-12-14,BRK-B,XLF,318.3999938964844,324.60535103934154,1,SHORT,SHORT,0.18324172496795654,0.10382513661202186,0.9879805445671082,89.61748633879782,52.0,True,0.2653716504573823,UNRANKED,False
2022-12-13,2022-12-14,2022-12-15,BRK-B,XLF,312.739990234375,318.28820037841797,1,SHORT,SHORT,0.2260960340499878,0.10504201680672269,0.9873326420783997,89.49579831932773,52.0,True,0.41885510087013256,UNRANKED,False
2022-12-14,2022-12-15,2022-12-16,BRK-B,XLF,306.42999267578125,312.44605909075057,1,SHORT,SHORT,0.13573981821537018,0.09362549800796813,0.9864245653152466,90.63745019920319,52.0,True,0.29886457324028015,UNRANKED,False
2022-12-15,2022-12-16,2022-12-19,BRK-B,XLF,299.04998779296875,296.20570373535156,1,SHORT,SHORT,0.20534323155879974,0.10504201680672269,0.9820550084114075,89.49579831932773,52.0,True,0.7668641805648804,UNRANKED,False
2022-12-16,2022-12-19,2022-12-20,BRK-B,XLF,300.510009765625,297.8264399937221,1,SHORT,SHORT,0.21113072335720062,0.10504201680672269,0.9826784729957581,89.49579831932773,52.0,True,0.760541170835495,UNRANKED,False
2022-12-19,2022-12-20,2022-12-21,BRK-B,XLF,300.0899963378906,297.5371420724051,1,SHORT,SHORT,0.1250975877046585,0.09362549800796813,0.9874783754348755,90.63745019920319,52.0,True,-0.08483695983886701,UNRANKED,False
2022-12-20,2022-12-21,2022-12-22,BRK-B,XLF,304.3800048828125,301.9342934744699,1,SHORT,SHORT,0.10940917581319809,0.08333333333333333,0.9908879995346069,91.66666666666666,52.0,True,-0.019250303506851245,UNRANKED,False
2022-12-21,2022-12-22,2022-12-23,BRK-B,XLF,306.1000061035156,303.4357234409877,1,SHORT,SHORT,0.10416892915964127,0.08333333333333333,0.9924901127815247,91.66666666666666,52.0,True,0.07103922963142395,UNRANKED,False
2022-12-22,2022-12-23,2022-12-27,BRK-B,XLF,302.8800048828125,299.8714359828404,1,SHORT,SHORT,0.1806393414735794,0.10382513661202186,0.9912712574005127,89.61748633879782,52.0,True,0.039719045162200844,UNRANKED,False
2022-12-23,2022-12-27,2022-12-28,BRK-B,XLF,306.45001220703125,313.65357753208707,1,SHORT,SHORT,0.13615699112415314,0.09362549800796813,0.9894776940345764,90.63745019920319,52.0,True,0.29632851481437683,UNRANKED,False
2022-12-27,2022-12-28,2022-12-29,BRK-B,XLF,304.7699890136719,302.0207061767578,1,SHORT,SHORT,0.14652277529239655,0.09409888357256778,0.9863452315330505,90.59011164274322,52.0,True,0.4035785496234894,UNRANKED,False
2022-12-28,2022-12-29,2022-12-30,BRK-B,XLF,305.94000244140625,303.1792907714844,1,SHORT,SHORT,0.24709108471870422,0.10747663551401869,0.9871764779090881,89.25233644859813,52.0,True,0.4002948701381683,UNRANKED,False
2022-12-29,2022-12-30,2023-01-03,BRK-B,XLF,306.95001220703125,303.79929896763394,1,SHORT,SHORT,0.17596055567264557,0.09409888357256778,0.9806833863258362,90.59011164274322,52.0,True,0.5681655108928679,UNRANKED,False
2022-12-30,2023-01-03,2023-01-04,BRK-B,XLF,310.07000732421875,306.93643842424666,1,SHORT,SHORT,0.12969008088111877,0.09362549800796813,0.9789355993270874,90.63745019920319,52.0,True,0.22460886836051935,UNRANKED,False
2023-01-03,2023-01-04,2023-01-05,BRK-B,XLF,312.0,309.1557159423828,1,SHORT,SHORT,0.14883406460285187,0.09409888357256778,0.9803449511528015,90.59011164274322,52.0,True,0.5019477903842926,UNRANKED,False
2023-01-04,2023-01-05,2023-01-06,BRK-B,XLF,313.57000732421875,310.4571511404855,1,SHORT,SHORT,0.1966174840927124,0.10382513661202186,0.9743376970291138,89.61748633879782,52.0,True,0.48210147023201,UNRANKED,False
2023-01-05,2023-01-06,2023-01-09,BRK-B,XLF,315.0,311.9864283970424,1,SHORT,SHORT,0.10673638433218002,0.08333333333333333,0.9664469957351685,91.66666666666666,52.0,True,0.45871675014495844,UNRANKED,False
2023-01-06,2023-01-09,2023-01-10,BRK-B,XLF,319.0199890136719,316.11998857770647,1,SHORT,SHORT,0.1402260661125183,0.09362549800796813,0.9712944626808167,90.63745019920319,52.0,True,0.21583458781242373,UNRANKED,False
2023-01-09,2023-01-10,2023-01-11,BRK-B,XLF,315.0,312.01071384974887,1,SHORT,SHORT,0.15070505440235138,0.09409888357256778,0.9466239809989929,90.59011164274322,52.0,True,0.3474310338497162,UNRANKED,False
2023-01-10,2023-01-11,2023-01-12,BRK-B,XLF,318.5199890136719,315.4742736816406,1,SHORT,SHORT,0.10131578892469406,0.06153846153846154,0.9592346549034119,93.84615384615384,52.0,True,0.2875780463218688,UNRANKED,False
2023-01-11,2023-01-12,2023-01-13,BRK-B,XLF,321.1499938964844,329.1303514753069,1,SHORT,SHORT,0.10971467196941376,0.08333333333333333,0.9360878467559814,91.66666666666666,52.0,True,0.30210080742836004,UNRANKED,False
2023-01-12,2023-01-13,2023-01-17,BRK-B,XLF,317.489990234375,314.61070469447543,1,SHORT,SHORT,0.09815795719623566,0.06153846153846154,0.96290522813797,93.84615384615384,52.0,True,0.30339395999908453,UNRANKED,False
2023-01-13,2023-01-17,2023-01-18,BRK-B,XLF,318.3999938964844,324.91248866489957,1,SHORT,SHORT,0.1074151024222374,0.08333333333333333,0.9575990438461304,91.66666666666666,52.0,True,0.36875882744789124,UNRANKED,False
2023-01-17,2023-01-18,2023-01-19,BRK-B,XLF,315.0,321.33035932268416,1,SHORT,SHORT,0.1438734531402588,0.09409888357256778,0.9210681319236755,90.59011164274322,52.0,True,0.2802666127681733,UNRANKED,False
2023-01-18,2023-01-19,2023-01-20,BRK-B,XLF,306.1199951171875,303.1864231654576,1,SHORT,SHORT,0.11868301033973694,0.08333333333333333,0.874532163143158,91.66666666666666,52.0,True,0.4188057482242585,UNRANKED,False
2023-01-19,2023-01-20,2023-01-23,BRK-B,XLF,305.2099914550781,302.2085636683873,1,SHORT,SHORT,0.13828565180301666,0.09362549800796813,0.8261794447898865,90.63745019920319,52.0,True,0.4702250957489015,UNRANKED,False
2023-01-20,2023-01-23,2023-01-24,BRK-B,XLF,309.6300048828125,306.6992928641183,1,SHORT,SHORT,0.19802550971508026,0.10382513661202186,0.9297175407409668,89.61748633879782,52.0,True,0.5573639273643494,UNRANKED,False
2023-01-23,2023-01-24,2023-01-25,BRK-B,XLF,309.29998779296875,306.34141758510043,1,SHORT,SHORT,0.1383238285779953,0.09362549800796813,0.9257495403289795,90.63745019920319,52.0,True,0.5573468208312989,UNRANKED,False
2023-01-24,2023-01-25,2023-01-26,BRK-B,XLF,308.3299865722656,305.3807046072824,1,SHORT,SHORT,0.10089363157749176,0.06153846153846154,0.9723212122917175,93.84615384615384,52.0,True,0.2878767549991609,UNRANKED,False
2023-01-25,2023-01-26,2023-01-27,BRK-B,XLF,312.989990234375,319.6417704990932,1,SHORT,SHORT,0.10639892518520355,0.08333333333333333,0.9545555114746094,91.66666666666666,52.0,True,0.41116306185722357,UNRANKED,False
2023-01-26,2023-01-27,2023-01-30,BRK-B,XLF,309.7900085449219,307.1792973109654,1,SHORT,SHORT,0.13350437581539154,0.09362549800796813,0.9477377533912659,90.63745019920319,52.0,True,0.45951795578002935,UNRANKED,False
2023-01-27,2023-01-30,2023-01-31,BRK-B,XLF,307.6000061035156,305.2757241385324,1,SHORT,SHORT,0.12844614684581757,0.09362549800796813,0.9509241580963135,90.63745019920319,52.0,True,0.5681638121604918,UNRANKED,False
2023-01-30,2023-01-31,2023-02-01,BRK-B,XLF,307.739990234375,305.50999232700894,1,SHORT,SHORT,0.14138251543045044,0.09362549800796813,0.955706775188446,90.63745019920319,52.0,True,0.422176718711853,UNRANKED,False
2023-01-31,2023-02-01,2023-02-02,BRK-B,XLF,309.6300048828125,307.1592930385045,1,SHORT,SHORT,0.10123991966247559,0.06153846153846154,0.9380125999450684,93.84615384615384,52.0,True,0.3349788188934325,UNRANKED,False
2023-02-01,2023-02-02,2023-02-03,BRK-B,XLF,312.3500061035156,317.9785701206752,1,SHORT,SHORT,0.12240990996360779,0.09362549800796813,0.9488450288772583,90.63745019920319,52.0,True,0.2833767235279084,UNRANKED,False
2023-02-02,2023-02-03,2023-02-06,BRK-B,XLF,311.0,316.6017739432199,1,SHORT,SHORT,0.09814246743917465,0.06153846153846154,0.9499910473823547,93.84615384615384,52.0,True,0.2836918830871581,UNRANKED,False
2023-02-03,2023-02-06,2023-02-07,BRK-B,XLF,308.25,305.86214773995533,1,SHORT,SHORT,0.1973545253276825,0.10382513661202186,0.9664722681045532,89.61748633879782,52.0,True,0.41096070408821117,UNRANKED,False
2023-02-06,2023-02-07,2023-02-08,BRK-B,XLF,307.29998779296875,305.10499354771207,1,SHORT,SHORT,0.19694392383098602,0.10382513661202186,0.9782111048698425,89.61748633879782,52.0,True,0.4817257821559906,UNRANKED,False
2023-02-07,2023-02-08,2023-02-09,BRK-B,XLF,311.1199951171875,316.24676840645924,1,SHORT,SHORT,0.13336583971977234,0.09362549800796813,0.9651812314987183,90.63745019920319,52.0,True,0.029634684324264613,UNRANKED,False
2023-02-08,2023-02-09,2023-02-10,BRK-B,XLF,310.1700134277344,308.0178745814732,1,SHORT,SHORT,0.15358947217464447,0.09409888357256778,0.9559836983680725,90.59011164274322,52.0,True,-0.04820761084556573,UNRANKED,False
2023-02-09,2023-02-10,2023-02-13,BRK-B,XLF,307.0799865722656,305.1685594831194,1,SHORT,SHORT,0.1307302713394165,0.09362549800796813,0.9544259309768677,90.63745019920319,52.0,True,0.1670321226119994,UNRANKED,False
2023-02-10,2023-02-13,2023-02-14,BRK-B,XLF,310.29998779296875,308.2364174979074,1,SHORT,SHORT,0.13167396187782288,0.09362549800796813,0.9787592887878418,90.63745019920319,52.0,True,0.2883386015892029,UNRANKED,False
2023-02-13,2023-02-14,2023-02-15,BRK-B,XLF,313.7799987792969,319.4692818777902,1,SHORT,SHORT,0.13086068630218506,0.09362549800796813,0.9547284841537476,90.63745019920319,52.0,True,0.3171115815639495,UNRANKED,False
2023-02-14,2023-02-15,2023-02-16,BRK-B,XLF,309.9800109863281,307.5364423479353,1,SHORT,SHORT,0.10823287814855576,0.08333333333333333,0.9720603823661804,91.66666666666666,52.0,True,0.19419527053833008,UNRANKED,False
2023-02-15,2023-02-16,2023-02-17,BRK-B,XLF,307.5799865722656,305.1214163643973,1,SHORT,SHORT,0.15813644230365753,0.09409888357256778,0.9846394062042236,90.59011164274322,52.0,True,0.44315499067306524,UNRANKED,False
2023-02-16,2023-02-17,2023-02-21,BRK-B,XLF,307.1499938964844,313.2374932425363,1,SHORT,SHORT,0.1534923017024994,0.09409888357256778,0.931404173374176,90.59011164274322,52.0,True,0.2807978987693787,UNRANKED,False
2023-02-17,2023-02-21,2023-02-22,BRK-B,XLF,306.1700134277344,311.9396503993443,1,SHORT,SHORT,0.1815148890018463,0.10382513661202186,0.9728944301605225,89.61748633879782,52.0,True,0.21679797768592832,UNRANKED,False
2023-02-21,2023-02-22,2023-02-23,BRK-B,XLF,303.20001220703125,300.79715837751115,1,SHORT,SHORT,0.17884409427642822,0.10382513661202186,0.9446662664413452,89.61748633879782,52.0,True,0.11467933654785156,UNRANKED,False
2023-02-22,2023-02-23,2023-02-24,BRK-B,XLF,305.010009765625,302.64358302525113,1,SHORT,SHORT,0.19352224469184875,0.10382513661202186,0.9693741202354431,89.61748633879782,52.0,True,0.4470838904380799,UNRANKED,False
2023-02-23,2023-02-24,2023-02-27,BRK-B,XLF,300.3999938964844,298.11928013392856,1,SHORT,SHORT,0.2571152448654175,0.10747663551401869,0.9528996348381042,89.25233644859813,52.0,True,0.35475724935531616,UNRANKED,False
2023-02-24,2023-02-27,2023-02-28,BRK-B,XLF,304.3699951171875,302.2607094900949,1,SHORT,SHORT,0.10019627213478088,0.06153846153846154,0.9367803931236267,93.84615384615384,52.0,True,0.2813366055488587,UNRANKED,False
2023-02-27,2023-02-28,2023-03-01,BRK-B,XLF,304.8900146484375,302.74072919573103,1,SHORT,SHORT,0.1049070879817009,0.08333333333333333,0.9331759810447693,91.66666666666666,52.0,True,0.2361298799514769,UNRANKED,False
2023-02-28,2023-03-01,2023-03-02,BRK-B,XLF,304.0199890136719,302.1578478131975,1,SHORT,SHORT,0.0964365229010582,0.06153846153846154,0.9160619378089905,93.84615384615384,52.0,True,0.16768389940261852,UNRANKED,False
2023-03-01,2023-03-02,2023-03-03,BRK-B,XLF,303.6600036621094,302.07857622419084,1,SHORT,SHORT,0.11513728648424149,0.08333333333333333,0.9319223761558533,91.66666666666666,52.0,True,0.28869682550430303,UNRANKED,False
2023-03-02,2023-03-03,2023-03-06,BRK-B,XLF,309.55999755859375,307.845714024135,1,SHORT,SHORT,0.11993740499019623,0.08333333333333333,0.9425485134124756,91.66666666666666,52.0,True,0.14760330319404588,UNRANKED,False
2023-03-03,2023-03-06,2023-03-07,BRK-B,XLF,312.82000732421875,310.96143886021207,1,SHORT,SHORT,0.1491047441959381,0.09409888357256778,0.9380533695220947,90.59011164274322,52.0,True,0.107093870639801,UNRANKED,False
2023-03-06,2023-03-07,2023-03-08,BRK-B,XLF,316.3900146484375,321.1560810634068,1,SHORT,SHORT,0.12725135684013367,0.09362549800796813,0.8188180327415466,90.63745019920319,52.0,True,0.2808311581611634,UNRANKED,False
2023-03-07,2023-03-08,2023-03-09,BRK-B,XLF,310.7200012207031,316.0039291381836,1,SHORT,SHORT,0.18478989601135254,0.10382513661202186,0.7695422172546387,89.61748633879782,52.0,True,-0.06668353080749503,UNRANKED,False
2023-03-08,2023-03-09,2023-03-10,BRK-B,XLF,311.0,316.1214272635324,1,SHORT,SHORT,0.16751550137996674,0.09409888357256778,0.8434370160102844,90.59011164274322,52.0,True,0.37989303469657904,UNRANKED,False
2023-03-09,2023-03-10,2023-03-13,BRK-B,XLF,302.95001220703125,300.5371573311942,1,SHORT,SHORT,0.21822533011436462,0.10504201680672269,0.7171813249588013,89.49579831932773,52.0,True,0.5303354561328888,UNRANKED,False
2023-03-10,2023-03-13,2023-03-14,BRK-B,XLF,301.75,299.25643048967635,1,SHORT,SHORT,0.20389100909233093,0.10382513661202186,0.7445918321609497,89.61748633879782,52.0,True,0.572413980960846,UNRANKED,False
2023-03-13,2023-03-14,2023-03-15,BRK-B,XLF,306.9200134277344,312.30215345110213,1,SHORT,SHORT,0.1557813286781311,0.09409888357256778,0.7462226748466492,90.59011164274322,52.0,True,0.29955592751503,UNRANKED,False
2023-03-14,2023-03-15,2023-03-16,BRK-B,XLF,300.0199890136719,297.7235630580357,1,SHORT,SHORT,0.2484060823917389,0.10747663551401869,0.6550546288490295,89.25233644859813,52.0,True,0.9980880618095399,UNRANKED,False
2023-03-15,2023-03-16,2023-03-17,BRK-B,XLF,296.3699951171875,303.42534310477123,1,SHORT,SHORT,0.19857119023799896,0.10382513661202186,0.8160408139228821,89.61748633879782,52.0,True,0.9146491885185241,UNRANKED,False
2023-03-16,2023-03-17,2023-03-20,BRK-B,XLF,301.29998779296875,298.25070408412387,1,SHORT,SHORT,0.21564194560050964,0.10504201680672269,0.8808940649032593,89.49579831932773,52.0,True,0.6930898129940032,UNRANKED,False
2023-03-17,2023-03-20,2023-03-21,BRK-B,XLF,295.57000732421875,291.9592960902623,1,SHORT,SHORT,0.14897195994853973,0.09409888357256778,0.719156801700592,90.59011164274322,52.0,True,0.5874345600605011,UNRANKED,False
2023-03-20,2023-03-21,2023-03-22,BRK-B,XLF,304.55999755859375,314.8421325683594,1,SHORT,SHORT,0.2476077824831009,0.10747663551401869,0.9729288220405579,89.25233644859813,52.0,True,0.8825148344039916,UNRANKED,False
2023-03-21,2023-03-22,2023-03-23,BRK-B,XLF,303.7200012207031,314.40035247802734,1,SHORT,SHORT,0.1473473757505417,0.09409888357256778,0.9704495072364807,90.59011164274322,52.0,True,0.8341035991907119,UNRANKED,False
2023-03-22,2023-03-23,2023-03-24,BRK-B,XLF,301.3900146484375,297.04716055733815,1,SHORT,SHORT,0.20666934549808502,0.10504201680672269,0.9840896129608154,89.49579831932773,52.0,True,0.910282790660858,UNRANKED,False
2023-03-23,2023-03-24,2023-03-27,BRK-B,XLF,294.67999267578125,290.5757097516741,1,SHORT,SHORT,0.14978770911693573,0.09409888357256778,0.9689213633537292,90.59011164274322,52.0,True,0.939881518483162,UNRANKED,False
2023-03-24,2023-03-27,2023-03-28,BRK-B,XLF,300.8800048828125,297.05929129464283,1,SHORT,SHORT,0.1304159164428711,0.09362549800796813,0.9524452090263367,90.63745019920319,52.0,True,0.40797364711761475,UNRANKED,False
2023-03-27,2023-03-28,2023-03-29,BRK-B,XLF,301.92999267578125,298.29713657924106,1,SHORT,SHORT,0.08811584115028381,0.043478260869565216,0.9766621589660645,95.65217391304348,52.0,True,0.16586694121360793,UNRANKED,False
2023-03-28,2023-03-29,2023-03-30,BRK-B,XLF,304.79998779296875,301.17213221958707,1,SHORT,SHORT,0.10459049791097641,0.08333333333333333,0.9763228893280029,91.66666666666666,52.0,True,0.37984228134155285,UNRANKED,False
2023-03-29,2023-03-30,2023-03-31,BRK-B,XLF,307.0899963378906,303.7171412876674,1,SHORT,SHORT,0.0773584321141243,0.043478260869565216,0.943782389163971,95.65217391304348,52.0,True,0.3434278666973113,UNRANKED,False
2023-03-30,2023-03-31,2023-04-03,BRK-B,XLF,305.8999938964844,302.59642464774,1,SHORT,SHORT,0.1045856773853302,0.08333333333333333,0.9629892706871033,91.66666666666666,52.0,True,0.6597858369350433,UNRANKED,False
2023-03-31,2023-04-03,2023-04-04,BRK-B,XLF,309.25,305.7364305768694,1,SHORT,SHORT,0.10538861155509949,0.08333333333333333,0.9375054240226746,91.66666666666666,52.0,True,0.3795573413372038,UNRANKED,False
2023-04-03,2023-04-04,2023-04-05,BRK-B,XLF,310.760009765625,307.31143842424666,1,SHORT,SHORT,0.11501758545637131,0.08333333333333333,0.9591390490531921,91.66666666666666,52.0,True,0.5242691040039062,UNRANKED,False
2023-04-04,2023-04-05,2023-04-06,BRK-B,XLF,307.8500061035156,304.84500558035717,1,SHORT,SHORT,0.09834790229797363,0.06153846153846154,0.9702381491661072,93.84615384615384,52.0,True,0.27452403306961065,UNRANKED,False
2023-04-05,2023-04-06,2023-04-10,BRK-B,XLF,309.82000732421875,307.0157209123884,1,SHORT,SHORT,0.1262253075838089,0.09362549800796813,0.9821309447288513,90.63745019920319,52.0,True,0.616858959197998,UNRANKED,False
2023-04-06,2023-04-10,2023-04-11,BRK-B,XLF,311.4100036621094,309.0614318847656,1,SHORT,SHORT,0.10621251165866852,0.08333333333333333,0.9655499458312988,91.66666666666666,52.0,True,0.2646760046482086,UNRANKED,False
2023-04-10,2023-04-11,2023-04-12,BRK-B,XLF,312.55999755859375,310.7428545270647,1,SHORT,SHORT,0.09897413849830627,0.06153846153846154,0.9478345513343811,93.84615384615384,52.0,True,0.12851405143737793,UNRANKED,False
2023-04-11,2023-04-12,2023-04-13,BRK-B,XLF,315.9700012207031,314.2750004359654,1,SHORT,SHORT,0.08536676317453384,0.043478260869565216,0.9243307113647461,95.65217391304348,52.0,True,0.13017886877059928,UNRANKED,False
2023-04-12,2023-04-13,2023-04-14,BRK-B,XLF,315.2699890136719,313.8085610525949,1,SHORT,SHORT,0.09257332980632782,0.043478260869565216,0.9513694643974304,95.65217391304348,52.0,True,0.0954005718231201,UNRANKED,False
2023-04-13,2023-04-14,2023-04-17,BRK-B,XLF,318.8900146484375,317.2757306780134,1,SHORT,SHORT,0.0778467059135437,0.043478260869565216,0.9574081301689148,95.65217391304348,52.0,True,-0.22850316762924194,UNRANKED,False
2023-04-14,2023-04-17,2023-04-18,BRK-B,XLF,320.20001220703125,318.50430079868863,1,SHORT,SHORT,0.06845340132713318,0.0,0.9571002125740051,99.0,52.0,True,-0.17879465222358698,UNRANKED,False
2023-04-17,2023-04-18,2023-04-19,BRK-B,XLF,324.95001220703125,329.33750806535994,1,SHORT,SHORT,0.08163878321647644,0.043478260869565216,0.9376384615898132,95.65217391304348,52.0,True,-0.02309480309486394,UNRANKED,False
2023-04-18,2023-04-19,2023-04-20,BRK-B,XLF,323.8500061035156,322.04786464146207,1,SHORT,SHORT,0.13557884097099304,0.09362549800796813,0.9374576210975647,90.63745019920319,52.0,True,0.06857824325561508,UNRANKED,False
2023-04-19,2023-04-20,2023-04-21,BRK-B,XLF,322.20001220703125,320.50072588239397,1,SHORT,SHORT,0.1162024438381195,0.08333333333333333,0.9410099983215332,91.66666666666666,52.0,True,0.04739928245544442,UNRANKED,False
2023-04-20,2023-04-21,2023-04-24,BRK-B,XLF,322.3599853515625,320.624269757952,1,SHORT,SHORT,0.12688350677490234,0.09362549800796813,0.9597890377044678,90.63745019920319,52.0,True,0.011432647705078179,UNRANKED,False
2023-04-21,2023-04-24,2023-04-25,BRK-B,XLF,324.42999267578125,322.92142159598217,1,SHORT,SHORT,0.07622870802879333,0.0,0.9612777829170227,99.0,52.0,True,-0.0508787631988525,UNRANKED,False
2023-04-24,2023-04-25,2023-04-26,BRK-B,XLF,325.989990234375,329.7935594831194,1,SHORT,SHORT,0.11657862365245819,0.08333333333333333,0.950685441493988,91.66666666666666,52.0,True,0.020521640777587974,UNRANKED,False
2023-04-25,2023-04-26,2023-04-27,BRK-B,XLF,323.30999755859375,321.75499834333147,1,SHORT,SHORT,0.0996517613530159,0.06153846153846154,0.9417247176170349,93.84615384615384,52.0,True,0.06664735078811641,UNRANKED,False
2023-04-26,2023-04-27,2023-04-28,BRK-B,XLF,322.8599853515625,321.1271296909877,1,SHORT,SHORT,0.10029131919145584,0.06153846153846154,0.9317740201950073,93.84615384615384,52.0,True,0.11345562338829027,UNRANKED,False
2023-04-27,2023-04-28,2023-05-01,BRK-B,XLF,325.44000244140625,323.45143127441406,1,SHORT,SHORT,0.1637464016675949,0.09409888357256778,0.9407462477684021,90.59011164274322,52.0,True,0.2797247171401977,UNRANKED,False
2023-04-28,2023-05-01,2023-05-02,BRK-B,XLF,329.1600036621094,334.52607291085377,1,SHORT,SHORT,0.13772541284561157,0.09362549800796813,0.9593088626861572,90.63745019920319,52.0,True,0.16126465797424308,UNRANKED,False
2023-05-01,2023-05-02,2023-05-03,BRK-B,XLF,330.1499938964844,335.6124932425363,1,SHORT,SHORT,0.11668656021356583,0.08333333333333333,0.9741418361663818,91.66666666666666,52.0,True,0.18673640489578255,UNRANKED,False
2023-05-02,2023-05-03,2023-05-04,BRK-B,XLF,327.1300048828125,333.2103707449777,1,SHORT,SHORT,0.15964001417160034,0.09409888357256778,0.942366361618042,90.59011164274322,52.0,True,0.2796510756015777,UNRANKED,False
2023-05-03,2023-05-04,2023-05-05,BRK-B,XLF,323.44000244140625,321.06928580147877,1,SHORT,SHORT,0.2619284391403198,0.10747663551401869,0.9623274207115173,89.25233644859813,52.0,True,0.5547677278518678,UNRANKED,False
2023-05-04,2023-05-05,2023-05-08,BRK-B,XLF,323.3599853515625,320.8799830845424,1,SHORT,SHORT,0.28732866048812866,0.12903225806451613,0.9268255233764648,87.09677419354838,52.0,True,0.23873826861381536,UNRANKED,False
2023-05-05,2023-05-08,2023-05-09,BRK-B,XLF,328.260009765625,334.4296558925084,1,SHORT,SHORT,0.1963634490966797,0.10382513661202186,0.9505765438079834,89.61748633879782,52.0,True,0.37969377636909485,UNRANKED,False
2023-05-08,2023-05-09,2023-05-10,BRK-B,XLF,324.8699951171875,322.3007071358817,1,SHORT,SHORT,0.21812646090984344,0.10504201680672269,0.9659985899925232,89.49579831932773,52.0,True,0.5188256502151489,UNRANKED,False
2023-05-09,2023-05-10,2023-05-11,BRK-B,XLF,326.0799865722656,332.45499420166016,1,SHORT,SHORT,0.1448778212070465,0.09409888357256778,0.9739646911621094,90.59011164274322,52.0,True,0.5042402446269989,UNRANKED,False
2023-05-10,2023-05-11,2023-05-12,BRK-B,XLF,321.0,318.3678545270647,1,SHORT,SHORT,0.1599312275648117,0.09409888357256778,0.9383955597877502,90.59011164274322,52.0,True,0.47849142551422125,UNRANKED,False
2023-05-11,2023-05-12,2023-05-15,BRK-B,XLF,323.82000732421875,321.19929068429127,1,SHORT,SHORT,0.13990981876850128,0.09362549800796813,0.9510411620140076,90.63745019920319,52.0,True,0.372857540845871,UNRANKED,False
2023-05-12,2023-05-15,2023-05-16,BRK-B,XLF,322.8900146484375,320.3814392089844,1,SHORT,SHORT,0.15234114229679108,0.09409888357256778,0.9771499037742615,90.59011164274322,52.0,True,0.2551182806491852,UNRANKED,False
2023-05-15,2023-05-16,2023-05-17,BRK-B,XLF,322.4599914550781,319.99927193777904,1,SHORT,SHORT,0.17891448736190796,0.10382513661202186,0.9671315550804138,89.61748633879782,52.0,True,0.04207807779312133,UNRANKED,False
2023-05-16,2023-05-17,2023-05-18,BRK-B,XLF,325.0199890136719,322.8156978062221,1,SHORT,SHORT,0.13350579142570496,0.09362549800796813,0.9546383619308472,90.63745019920319,52.0,True,0.08596161007881162,UNRANKED,False
2023-05-17,2023-05-18,2023-05-19,BRK-B,XLF,326.8699951171875,324.8128465924944,1,SHORT,SHORT,0.13947269320487976,0.09362549800796813,0.9696112275123596,90.63745019920319,52.0,True,-0.008665353059768635,UNRANKED,False
2023-05-18,2023-05-19,2023-05-22,BRK-B,XLF,331.0,328.9392787388393,1,SHORT,SHORT,0.1347322314977646,0.09362549800796813,0.9627429842948914,90.63745019920319,52.0,True,0.02717542648315433,UNRANKED,False
2023-05-19,2023-05-22,2023-05-23,BRK-B,XLF,330.75,335.72501373291016,1,SHORT,SHORT,0.11647459864616394,0.08333333333333333,0.948906660079956,91.66666666666666,52.0,True,-0.01159712672233579,UNRANKED,False
2023-05-22,2023-05-23,2023-05-24,BRK-B,XLF,328.19000244140625,332.620370047433,1,SHORT,SHORT,0.08939812332391739,0.043478260869565216,0.9380056262016296,95.65217391304348,52.0,True,0.16650539636611938,UNRANKED,False
2023-05-23,2023-05-24,2023-05-25,BRK-B,XLF,322.7099914550781,327.74393681117465,1,SHORT,SHORT,0.18345242738723755,0.10382513661202186,0.8925147652626038,89.61748633879782,52.0,True,0.2656258940696716,UNRANKED,False
2023-05-24,2023-05-25,2023-05-26,BRK-B,XLF,320.55999755859375,318.56856427873885,1,SHORT,SHORT,0.15703342854976654,0.09409888357256778,0.8579061627388,90.59011164274322,52.0,True,0.20094323158264155,UNRANKED,False
2023-05-25,2023-05-26,2023-05-30,BRK-B,XLF,320.44000244140625,318.6414249965123,1,SHORT,SHORT,0.15874774754047394,0.09409888357256778,0.913561224937439,90.59011164274322,52.0,True,-0.22632649540901167,UNRANKED,False
2023-05-26,2023-05-30,2023-05-31,BRK-B,XLF,321.8599853515625,320.10997881208147,1,SHORT,SHORT,0.10666876286268234,0.08333333333333333,0.9420918226242065,91.66666666666666,52.0,True,0.13827553391456615,UNRANKED,False
2023-05-30,2023-05-31,2023-06-01,BRK-B,XLF,321.1199951171875,319.34713309151783,1,SHORT,SHORT,0.09582982957363129,0.043478260869565216,0.9795318841934204,95.65217391304348,52.0,True,0.1745343208312989,UNRANKED,False
2023-05-31,2023-06-01,2023-06-02,BRK-B,XLF,321.4200134277344,319.702150617327,1,SHORT,SHORT,0.132132425904274,0.09362549800796813,0.9595842957496643,90.63745019920319,52.0,True,-0.09374901652336123,UNRANKED,False
2023-06-01,2023-06-02,2023-06-05,BRK-B,XLF,325.1600036621094,323.32142421177457,1,SHORT,SHORT,0.08679824322462082,0.043478260869565216,0.9865016341209412,95.65217391304348,52.0,True,0.2892405092716217,UNRANKED,False
2023-06-02,2023-06-05,2023-06-06,BRK-B,XLF,330.8900146484375,328.6078643798828,1,SHORT,SHORT,0.12250419706106186,0.09362549800796813,0.9872434735298157,90.63745019920319,52.0,True,0.1469134986400604,UNRANKED,False
2023-06-05,2023-06-06,2023-06-07,BRK-B,XLF,329.0400085449219,326.76785714285717,1,SHORT,SHORT,0.11494225263595581,0.08333333333333333,0.9774813652038574,91.66666666666666,52.0,True,0.23447173833847038,UNRANKED,False
2023-06-06,2023-06-07,2023-06-08,BRK-B,XLF,334.010009765625,331.4085715157645,1,SHORT,SHORT,0.11281398683786392,0.08333333333333333,0.9692351222038269,91.66666666666666,52.0,True,0.3320738673210144,UNRANKED,False
2023-06-07,2023-06-08,2023-06-09,BRK-B,XLF,335.489990234375,333.0049809047154,1,SHORT,SHORT,0.08261989057064056,0.043478260869565216,0.8954331278800964,95.65217391304348,52.0,True,0.15239202976226815,UNRANKED,False
2023-06-08,2023-06-09,2023-06-12,BRK-B,XLF,335.760009765625,333.4064287458147,1,SHORT,SHORT,0.08647015690803528,0.043478260869565216,0.9362266063690186,95.65217391304348,52.0,True,-0.0718478262424471,UNRANKED,False
2023-06-09,2023-06-12,2023-06-13,BRK-B,XLF,335.1600036621094,332.80427987234935,1,SHORT,SHORT,0.09080580621957779,0.043478260869565216,0.9136945009231567,95.65217391304348,52.0,True,-0.015640497207641737,UNRANKED,False
2023-06-12,2023-06-13,2023-06-14,BRK-B,XLF,333.2200012207031,330.8335636683873,1,SHORT,SHORT,0.10936549305915833,0.08333333333333333,0.922539234161377,91.66666666666666,52.0,True,0.12458741664886468,UNRANKED,False
2023-06-13,2023-06-14,2023-06-15,BRK-B,XLF,337.2200012207031,335.0642787388393,1,SHORT,SHORT,0.11570049822330475,0.08333333333333333,0.9209182262420654,91.66666666666666,52.0,True,0.08139434456825266,UNRANKED,False
2023-06-14,2023-06-15,2023-06-16,BRK-B,XLF,335.9700012207031,333.98713248116627,1,SHORT,SHORT,0.10131042450666428,0.06153846153846154,0.934018075466156,93.84615384615384,52.0,True,-0.04085105657577513,UNRANKED,False
2023-06-15,2023-06-16,2023-06-20,BRK-B,XLF,341.0199890136719,346.46644483293807,1,SHORT,SHORT,0.14873991906642914,0.09409888357256778,0.9533332586288452,90.59011164274322,52.0,True,0.045417159795761025,UNRANKED,False
2023-06-16,2023-06-20,2023-06-21,BRK-B,XLF,338.1499938964844,335.97641209193637,1,SHORT,SHORT,0.1299961507320404,0.09362549800796813,0.9224079847335815,90.63745019920319,52.0,True,0.06677600741386404,UNRANKED,False
2023-06-20,2023-06-21,2023-06-22,BRK-B,XLF,337.29998779296875,335.21426173618863,1,SHORT,SHORT,0.08350840955972672,0.043478260869565216,0.9236550331115723,95.65217391304348,52.0,True,0.07502967119216919,UNRANKED,False
2023-06-21,2023-06-22,2023-06-23,BRK-B,XLF,338.8399963378906,343.86681365966797,1,SHORT,SHORT,0.08348215371370316,0.043478260869565216,0.9437564015388489,95.65217391304348,52.0,True,-0.046660244464874316,UNRANKED,False
2023-06-22,2023-06-23,2023-06-26,BRK-B,XLF,335.1000061035156,333.11713736397877,1,SHORT,SHORT,0.0824475958943367,0.043478260869565216,0.9452432990074158,95.65217391304348,52.0,True,0.024828016757964984,UNRANKED,False
2023-06-23,2023-06-26,2023-06-27,BRK-B,XLF,335.1700134277344,333.519289289202,1,SHORT,SHORT,0.07691830396652222,0.015312970860570239,0.9239747524261475,98.46870291394298,52.0,True,-0.012811362743377682,UNRANKED,False
2023-06-26,2023-06-27,2023-06-28,BRK-B,XLF,334.3900146484375,332.72286333356584,1,SHORT,SHORT,0.09627130627632141,0.043478260869565216,0.9226970672607422,95.65217391304348,52.0,True,0.18309080600738523,UNRANKED,False
2023-06-27,2023-06-28,2023-06-29,BRK-B,XLF,336.04998779296875,334.6406947544643,1,SHORT,SHORT,0.1005357950925827,0.06153846153846154,0.9259158968925476,93.84615384615384,52.0,True,0.24527493119239802,UNRANKED,False
2023-06-28,2023-06-29,2023-06-30,BRK-B,XLF,334.260009765625,332.90928867885043,1,SHORT,SHORT,0.1066005527973175,0.08333333333333333,0.9432379007339478,91.66666666666666,52.0,True,0.121893584728241,UNRANKED,False
2023-06-29,2023-06-30,2023-07-03,BRK-B,XLF,338.7799987792969,337.26999119349887,1,SHORT,SHORT,0.1040794774889946,0.08333333333333333,0.9719588160514832,91.66666666666666,52.0,True,0.173095703125,UNRANKED,False
2023-06-30,2023-07-03,2023-07-05,BRK-B,XLF,340.75,338.9949929373605,1,SHORT,SHORT,0.15554462373256683,0.09409888357256778,0.938010036945343,90.59011164274322,52.0,True,0.12460780143737803,UNRANKED,False
2023-07-03,2023-07-05,2023-07-06,BRK-B,XLF,340.04998779296875,338.34426661900113,1,SHORT,SHORT,0.23163561522960663,0.10747663551401869,0.98487788438797,89.25233644859813,52.0,True,0.37236839532852173,UNRANKED,False
2023-07-05,2023-07-06,2023-07-07,BRK-B,XLF,339.75,338.2121364048549,1,SHORT,SHORT,0.12869800627231598,0.09362549800796813,0.9739742875099182,90.63745019920319,52.0,True,0.32647824287414556,UNRANKED,False
2023-07-06,2023-07-07,2023-07-10,BRK-B,XLF,340.5199890136719,339.0099836077009,1,SHORT,SHORT,0.15177445113658905,0.09409888357256778,0.9796060919761658,90.59011164274322,52.0,True,0.38031962513923645,UNRANKED,False
2023-07-07,2023-07-10,2023-07-11,BRK-B,XLF,340.4800109863281,339.2100067138672,1,SHORT,SHORT,0.18365131318569183,0.10382513661202186,0.9847774505615234,89.61748633879782,52.0,True,0.27842235565185547,UNRANKED,False
2023-07-10,2023-07-11,2023-07-12,BRK-B,XLF,341.2300109863281,340.0514351981027,1,SHORT,SHORT,0.18032193183898926,0.10382513661202186,0.9676578044891357,89.61748633879782,52.0,True,0.2361413538455963,UNRANKED,False
2023-07-11,2023-07-12,2023-07-13,BRK-B,XLF,345.2900085449219,348.57215772356307,1,SHORT,SHORT,0.15188346803188324,0.09409888357256778,0.9698496460914612,90.59011164274322,52.0,True,0.20133468508720395,UNRANKED,False
2023-07-12,2023-07-13,2023-07-14,BRK-B,XLF,345.6000061035156,349.2250093732561,1,SHORT,SHORT,0.14389903843402863,0.09409888357256778,0.9753044247627258,90.59011164274322,52.0,True,0.0795721411705017,UNRANKED,False
2023-07-13,2023-07-14,2023-07-17,BRK-B,XLF,344.989990234375,343.52856009347096,1,SHORT,SHORT,0.13697795569896698,0.09362549800796813,0.9777975082397461,90.63745019920319,52.0,True,0.10275867581367487,UNRANKED,False
2023-07-14,2023-07-17,2023-07-18,BRK-B,XLF,341.0899963378906,339.5757075718471,1,SHORT,SHORT,0.13874346017837524,0.09362549800796813,0.9810407757759094,90.63745019920319,52.0,True,0.1383154392242432,UNRANKED,False
2023-07-17,2023-07-18,2023-07-19,BRK-B,XLF,344.04998779296875,342.3906991141183,1,SHORT,SHORT,0.1346985548734665,0.09362549800796813,0.9709911346435547,90.63745019920319,52.0,True,0.07151177525520323,UNRANKED,False
2023-07-18,2023-07-19,2023-07-20,BRK-B,XLF,344.2099914550781,342.5599888392857,1,SHORT,SHORT,0.14866162836551666,0.09409888357256778,0.9655810594558716,90.59011164274322,52.0,True,0.08727735280990605,UNRANKED,False
2023-07-19,2023-07-20,2023-07-21,BRK-B,XLF,343.0899963378906,341.317136492048,1,SHORT,SHORT,0.18429720401763916,0.10382513661202186,0.9435431361198425,89.61748633879782,52.0,True,0.11112344264984139,UNRANKED,False
2023-07-20,2023-07-21,2023-07-24,BRK-B,XLF,346.760009765625,344.8857225690569,1,SHORT,SHORT,0.14431871473789215,0.09409888357256778,0.9468361139297485,90.59011164274322,52.0,True,0.12457102537155144,UNRANKED,False
2023-07-21,2023-07-24,2023-07-25,BRK-B,XLF,346.7699890136719,345.1271318708147,1,SHORT,SHORT,0.13379229605197906,0.09362549800796813,0.9411672949790955,90.63745019920319,52.0,True,0.11174753308296195,UNRANKED,False
2023-07-24,2023-07-25,2023-07-26,BRK-B,XLF,349.32000732421875,347.47215053013394,1,SHORT,SHORT,0.2716234624385834,0.12903225806451613,0.9618221521377563,87.09677419354838,52.0,True,0.009560316801071264,UNRANKED,False
2023-07-25,2023-07-26,2023-07-27,BRK-B,XLF,347.55999755859375,345.59713963099887,1,SHORT,SHORT,0.20721909403800964,0.10504201680672269,0.9709933996200562,89.49579831932773,52.0,True,0.06694185733795172,UNRANKED,False
2023-07-26,2023-07-27,2023-07-28,BRK-B,XLF,350.69000244140625,348.5757162911551,1,SHORT,SHORT,0.132511705160141,0.09362549800796813,0.9770846962928772,90.63745019920319,52.0,True,0.016176670789718687,UNRANKED,False
2023-07-27,2023-07-28,2023-07-31,BRK-B,XLF,349.92999267578125,347.82070704868863,1,SHORT,SHORT,0.12919113039970398,0.09362549800796813,0.9708743691444397,90.63745019920319,52.0,True,0.14402979612350456,UNRANKED,False
2023-07-28,2023-07-31,2023-08-01,BRK-B,XLF,350.7300109863281,348.6014404296875,1,SHORT,SHORT,0.08973000943660736,0.043478260869565216,0.9653114676475525,95.65217391304348,52.0,True,0.1559936702251435,UNRANKED,False
2023-07-31,2023-08-01,2023-08-02,BRK-B,XLF,352.0299987792969,349.9078565325056,1,SHORT,SHORT,0.12899534404277802,0.09362549800796813,0.9604648947715759,90.63745019920319,52.0,True,0.2616528123617173,UNRANKED,False
2023-08-01,2023-08-02,2023-08-03,BRK-B,XLF,351.45001220703125,349.44786943708147,1,SHORT,SHORT,0.09786885231733322,0.06153846153846154,0.9600593447685242,93.84615384615384,52.0,True,0.23135799169540405,UNRANKED,False
2023-08-02,2023-08-03,2023-08-04,BRK-B,XLF,350.2900085449219,348.3407222202846,1,SHORT,SHORT,0.2723214626312256,0.12903225806451613,0.9652989506721497,87.09677419354838,52.0,True,0.34597060084342957,UNRANKED,False
2023-08-03,2023-08-04,2023-08-07,BRK-B,XLF,353.989990234375,352.028562273298,1,SHORT,SHORT,0.17462274432182312,0.09409888357256778,0.9706220626831055,90.59011164274322,52.0,True,0.35353827476501465,UNRANKED,False
2023-08-04,2023-08-07,2023-08-08,BRK-B,XLF,355.7300109863281,353.72143990652904,1,SHORT,SHORT,0.1454344540834427,0.09409888357256778,0.9464632868766785,90.59011164274322,52.0,True,-0.03134670853614796,UNRANKED,False
2023-08-07,2023-08-08,2023-08-09,BRK-B,XLF,359.4200134277344,356.5900137765067,1,SHORT,SHORT,0.2138603925704956,0.10504201680672269,0.9529882073402405,89.49579831932773,52.0,True,0.27062585949897766,UNRANKED,False
2023-08-08,2023-08-09,2023-08-10,BRK-B,XLF,364.20001220703125,370.96072932652066,1,SHORT,SHORT,0.26938799023628235,0.10747663551401869,0.9060160517692566,89.25233644859813,52.0,True,0.28849577903747564,UNRANKED,False
2023-08-09,2023-08-10,2023-08-11,BRK-B,XLF,359.3599853515625,356.5464106968471,1,SHORT,SHORT,0.16845980286598206,0.09409888357256778,0.922229528427124,90.59011164274322,52.0,True,-0.02656266093254084,UNRANKED,False
2023-08-10,2023-08-11,2023-08-14,BRK-B,XLF,356.260009765625,353.432863507952,1,SHORT,SHORT,0.1746235340833664,0.09409888357256778,0.8662497997283936,90.59011164274322,52.0,True,0.283923327922821,UNRANKED,False
2023-08-11,2023-08-14,2023-08-15,BRK-B,XLF,358.25,364.8714370727539,1,SHORT,SHORT,0.1221221536397934,0.09362549800796813,0.9615681171417236,90.63745019920319,52.0,True,0.1636044085025789,UNRANKED,False
2023-08-14,2023-08-15,2023-08-16,BRK-B,XLF,357.0,363.27857753208707,1,SHORT,SHORT,0.07509000599384308,0.0,0.9752777814865112,99.0,52.0,True,0.26440733671188354,UNRANKED,False
2023-08-15,2023-08-16,2023-08-17,BRK-B,XLF,354.6000061035156,351.9628601074219,1,SHORT,SHORT,0.09063906967639923,0.043478260869565216,0.9212775826454163,95.65217391304348,52.0,True,0.2151607275009155,UNRANKED,False
2023-08-16,2023-08-17,2023-08-18,BRK-B,XLF,354.010009765625,351.3800048828125,1,SHORT,SHORT,0.1002233549952507,0.06153846153846154,0.9434963464736938,93.84615384615384,52.0,True,0.23313990235328688,UNRANKED,False
2023-08-17,2023-08-18,2023-08-21,BRK-B,XLF,351.4700012207031,348.80999755859375,1,SHORT,SHORT,0.1873968541622162,0.10382513661202186,0.9247096180915833,89.61748633879782,52.0,True,0.524064540863037,UNRANKED,False
2023-08-18,2023-08-21,2023-08-22,BRK-B,XLF,354.0899963378906,360.4685788835798,1,SHORT,SHORT,0.11363399773836136,0.08333333333333333,0.9387208819389343,91.66666666666666,52.0,True,0.1883634030818939,UNRANKED,False
2023-08-21,2023-08-22,2023-08-23,BRK-B,XLF,353.010009765625,350.4464351109096,1,SHORT,SHORT,0.10914603620767593,0.08333333333333333,0.9422914981842041,91.66666666666666,52.0,True,0.1664471328258515,UNRANKED,False
2023-08-22,2023-08-23,2023-08-24,BRK-B,XLF,351.6300048828125,349.03428867885043,1,SHORT,SHORT,0.08556431531906128,0.043478260869565216,0.9561992883682251,95.65217391304348,52.0,True,0.1443553268909455,UNRANKED,False
2023-08-23,2023-08-24,2023-08-25,BRK-B,XLF,354.3500061035156,351.67786080496654,1,SHORT,SHORT,0.09068760275840759,0.043478260869565216,0.9738266468048096,95.65217391304348,52.0,True,-0.01495188474655157,UNRANKED,False
2023-08-24,2023-08-25,2023-08-28,BRK-B,XLF,354.989990234375,352.5878470284598,1,SHORT,SHORT,0.11677665263414383,0.08333333333333333,0.9732628464698792,91.66666666666666,52.0,True,-0.10247287154197693,UNRANKED,False
2023-08-25,2023-08-28,2023-08-29,BRK-B,XLF,357.8900146484375,356.2707279750279,1,SHORT,SHORT,0.11264504492282867,0.08333333333333333,0.9667385816574097,91.66666666666666,52.0,True,-0.09013324975967398,UNRANKED,False
2023-08-28,2023-08-29,2023-08-30,BRK-B,XLF,355.0400085449219,353.47572326660156,1,SHORT,SHORT,0.09779345989227295,0.06153846153846154,0.9707193374633789,93.84615384615384,52.0,True,0.1395900845527649,UNRANKED,False
2023-08-29,2023-08-30,2023-08-31,BRK-B,XLF,358.6300048828125,357.2778625488281,1,SHORT,SHORT,0.09118957072496414,0.043478260869565216,0.9793871641159058,95.65217391304348,52.0,True,-0.005383670330047583,UNRANKED,False
2023-08-30,2023-08-31,2023-09-01,BRK-B,XLF,362.17999267578125,360.7042781284877,1,SHORT,SHORT,0.1669456660747528,0.09409888357256778,0.9744467735290527,90.59011164274322,52.0,True,0.1261439323425293,UNRANKED,False
2023-08-31,2023-09-01,2023-09-05,BRK-B,XLF,362.0,365.5982131958008,1,SHORT,SHORT,0.09996258467435837,0.06153846153846154,0.9743903279304504,93.84615384615384,52.0,True,0.30326846241951,UNRANKED,False
2023-09-01,2023-09-05,2023-09-06,BRK-B,XLF,363.8800048828125,367.85857064383373,1,SHORT,SHORT,0.18227864801883698,0.10382513661202186,0.9599714875221252,89.61748633879782,52.0,True,0.5389814078807831,UNRANKED,False
2023-09-05,2023-09-06,2023-09-07,BRK-B,XLF,360.0199890136719,358.57070704868863,1,SHORT,SHORT,0.20153872668743134,0.10382513661202186,0.9119312763214111,89.61748633879782,52.0,True,0.2576569616794587,UNRANKED,False
2023-09-06,2023-09-07,2023-09-08,BRK-B,XLF,360.9599914550781,359.45285252162387,1,SHORT,SHORT,0.13530728220939636,0.09362549800796813,0.9370595812797546,90.63745019920319,52.0,True,0.2717961370944976,UNRANKED,False
2023-09-07,2023-09-08,2023-09-11,BRK-B,XLF,362.5199890136719,361.0692792619978,1,SHORT,SHORT,0.14505243301391602,0.09409888357256778,0.9424922466278076,90.59011164274322,52.0,True,0.26282665133476263,UNRANKED,False
2023-09-08,2023-09-11,2023-09-12,BRK-B,XLF,364.8699951171875,363.36785670689176,1,SHORT,SHORT,0.14009742438793182,0.09362549800796813,0.9555483460426331,90.63745019920319,52.0,True,0.12817990779876712,UNRANKED,False
2023-09-11,2023-09-12,2023-09-13,BRK-B,XLF,365.6499938964844,364.0121416364397,1,SHORT,SHORT,0.12354037910699844,0.09362549800796813,0.9622384309768677,90.63745019920319,52.0,True,0.20070722699165344,UNRANKED,False
2023-09-12,2023-09-13,2023-09-14,BRK-B,XLF,369.3299865722656,367.63927568708147,1,SHORT,SHORT,0.09089256078004837,0.043478260869565216,0.9577142000198364,95.65217391304348,52.0,True,0.14487722516059864,UNRANKED,False
2023-09-13,2023-09-14,2023-09-15,BRK-B,XLF,370.1000061035156,373.67499869210377,1,SHORT,SHORT,0.10465219616889954,0.08333333333333333,0.961995542049408,91.66666666666666,52.0,True,0.02320680022239686,UNRANKED,False
2023-09-14,2023-09-15,2023-09-18,BRK-B,XLF,368.5199890136719,366.9728480747768,1,SHORT,SHORT,0.08526770770549774,0.043478260869565216,0.955470860004425,95.65217391304348,52.0,True,0.03237017989158632,UNRANKED,False
2023-09-15,2023-09-18,2023-09-19,BRK-B,XLF,369.3299865722656,367.7821306501116,1,SHORT,SHORT,0.09304346144199371,0.043478260869565216,0.9599663019180298,95.65217391304348,52.0,True,-0.19054669141769395,UNRANKED,False
2023-09-18,2023-09-19,2023-09-20,BRK-B,XLF,371.6400146484375,375.9007263183594,1,SHORT,SHORT,0.09901303052902222,0.06153846153846154,0.9726077914237976,93.84615384615384,52.0,True,0.11082422733306903,UNRANKED,False
2023-09-19,2023-09-20,2023-09-21,BRK-B,XLF,371.3299865722656,375.110340663365,1,SHORT,SHORT,0.09206338226795197,0.043478260869565216,0.9747675657272339,95.65217391304348,52.0,True,0.10442069172859197,UNRANKED,False
2023-09-20,2023-09-21,2023-09-22,BRK-B,XLF,366.55999755859375,370.49928283691406,1,SHORT,SHORT,0.1036592498421669,0.08333333333333333,0.9748384952545166,91.66666666666666,52.0,True,0.3280815780162811,UNRANKED,False
2023-09-21,2023-09-22,2023-09-25,BRK-B,XLF,362.7799987792969,361.01285443987166,1,SHORT,SHORT,0.13354872167110443,0.09362549800796813,0.9656909704208374,90.63745019920319,52.0,True,0.015136688947677696,UNRANKED,False
2023-09-22,2023-09-25,2023-09-26,BRK-B,XLF,359.010009765625,357.18143572126115,1,SHORT,SHORT,0.17799997329711914,0.10382513661202186,0.901160717010498,89.61748633879782,52.0,True,0.491242229938507,UNRANKED,False
2023-09-25,2023-09-26,2023-09-27,BRK-B,XLF,359.79998779296875,364.29285103934154,1,SHORT,SHORT,0.124577596783638,0.09362549800796813,0.95371413230896,90.63745019920319,52.0,True,0.4851070046424866,UNRANKED,False
2023-09-26,2023-09-27,2023-09-28,BRK-B,XLF,360.010009765625,364.697509765625,1,SHORT,SHORT,0.1205495223402977,0.09362549800796813,0.9461334943771362,90.63745019920319,52.0,True,0.36799535155296326,UNRANKED,False
2023-09-27,2023-09-28,2023-09-29,BRK-B,XLF,357.79998779296875,362.75713784354076,1,SHORT,SHORT,0.16730287671089172,0.09409888357256778,0.9590592384338379,90.59011164274322,52.0,True,0.2956661581993103,UNRANKED,False
2023-09-28,2023-09-29,2023-10-02,BRK-B,XLF,357.29998779296875,362.14463697160994,1,SHORT,SHORT,0.11549539864063263,0.08333333333333333,0.9567253589630127,91.66666666666666,52.0,True,0.37083029747009266,UNRANKED,False
2023-09-29,2023-10-02,2023-10-03,BRK-B,XLF,349.6400146484375,355.26859501429965,1,SHORT,SHORT,0.13836772739887238,0.09362549800796813,0.9017350077629089,90.63745019920319,52.0,True,0.16036349534988412,UNRANKED,False
2023-10-02,2023-10-03,2023-10-04,BRK-B,XLF,347.3900146484375,353.0114506312779,1,SHORT,SHORT,0.14004892110824585,0.09362549800796813,0.9351869225502014,90.63745019920319,52.0,True,0.1735678315162658,UNRANKED,False
2023-10-03,2023-10-04,2023-10-05,BRK-B,XLF,342.9200134277344,340.3142983572824,1,SHORT,SHORT,0.09590093046426773,0.043478260869565216,0.9235833287239075,95.65217391304348,52.0,True,0.3697797358036042,UNRANKED,False
2023-10-04,2023-10-05,2023-10-06,BRK-B,XLF,343.70001220703125,341.1678684779576,1,SHORT,SHORT,0.11432424187660217,0.08333333333333333,0.9100664258003235,91.66666666666666,52.0,True,0.32254323363304144,UNRANKED,False
2023-10-05,2023-10-06,2023-10-09,BRK-B,XLF,344.1000061035156,341.587149483817,1,SHORT,SHORT,0.0901896134018898,0.043478260869565216,0.8994626402854919,95.65217391304348,52.0,True,0.33446463942527777,UNRANKED,False
2023-10-06,2023-10-09,2023-10-10,BRK-B,XLF,344.239990234375,341.81927708217074,1,SHORT,SHORT,0.07194586098194122,0.0,0.9477398991584778,99.0,52.0,True,0.45392790436744695,UNRANKED,False
2023-10-09,2023-10-10,2023-10-11,BRK-B,XLF,347.0,344.519289289202,1,SHORT,SHORT,0.06256449967622757,0.0,0.9519398212432861,99.0,52.0,True,0.5394912362098695,UNRANKED,False
2023-10-10,2023-10-11,2023-10-12,BRK-B,XLF,349.3800048828125,355.4835641043527,1,SHORT,SHORT,0.09150587022304535,0.043478260869565216,0.9413444995880127,95.65217391304348,52.0,True,0.27429723739624023,UNRANKED,False
2023-10-11,2023-10-12,2023-10-13,BRK-B,XLF,348.2099914550781,353.7046214512416,1,SHORT,SHORT,0.10735275596380234,0.08333333333333333,0.9393744468688965,91.66666666666666,52.0,True,0.1789198815822601,UNRANKED,False
2023-10-12,2023-10-13,2023-10-16,BRK-B,XLF,346.0,343.8271484375,1,SHORT,SHORT,0.08453453332185745,0.043478260869565216,0.9284422993659973,95.65217391304348,52.0,True,0.11173412203788766,UNRANKED,False
2023-10-13,2023-10-16,2023-10-17,BRK-B,XLF,348.0,353.2571323939732,1,SHORT,SHORT,0.10216253995895386,0.08333333333333333,0.8849875926971436,91.66666666666666,52.0,True,0.4420861005783082,UNRANKED,False
2023-10-16,2023-10-17,2023-10-18,BRK-B,XLF,346.17999267578125,351.23177446637834,1,SHORT,SHORT,0.12101195752620697,0.09362549800796813,0.878825843334198,90.63745019920319,52.0,True,0.43105554580688477,UNRANKED,False
2023-10-17,2023-10-18,2023-10-19,BRK-B,XLF,344.7200012207031,349.62892259870256,1,SHORT,SHORT,0.13692103326320648,0.09362549800796813,0.8584743738174438,90.63745019920319,52.0,True,0.424395740032196,UNRANKED,False
2023-10-18,2023-10-19,2023-10-20,BRK-B,XLF,340.30999755859375,345.8939187186105,1,SHORT,SHORT,0.1348227858543396,0.09362549800796813,0.7896769046783447,90.63745019920319,52.0,True,0.3278249204158783,UNRANKED,False
2023-10-19,2023-10-20,2023-10-23,BRK-B,XLF,338.1499938964844,336.23999677385603,1,SHORT,SHORT,0.17549492418766022,0.09409888357256778,0.7508872151374817,90.59011164274322,52.0,True,-0.00013667345046992907,UNRANKED,False
2023-10-20,2023-10-23,2023-10-24,BRK-B,XLF,334.07000732421875,332.11858040945873,1,SHORT,SHORT,0.18848882615566254,0.10382513661202186,0.6753182411193848,89.61748633879782,52.0,True,0.4117910861968994,UNRANKED,False
2023-10-23,2023-10-24,2023-10-25,BRK-B,XLF,338.17999267578125,336.518563406808,1,SHORT,SHORT,0.09991578757762909,0.06153846153846154,0.8267026543617249,93.84615384615384,52.0,True,0.21652385592460635,UNRANKED,False
2023-10-24,2023-10-25,2023-10-26,BRK-B,XLF,338.5899963378906,342.9471435546875,1,SHORT,SHORT,0.1242104172706604,0.09362549800796813,0.9329742193222046,90.63745019920319,52.0,True,0.28298479318618774,UNRANKED,False
2023-10-25,2023-10-26,2023-10-27,BRK-B,XLF,337.07000732421875,341.4914430890764,1,SHORT,SHORT,0.1268398016691208,0.09362549800796813,0.9341865181922913,90.63745019920319,52.0,True,0.20524787902832034,UNRANKED,False
2023-10-26,2023-10-27,2023-10-30,BRK-B,XLF,336.1199951171875,334.3899928501674,1,SHORT,SHORT,0.1087888702750206,0.08333333333333333,0.9300909042358398,91.66666666666666,52.0,True,0.12181031703948986,UNRANKED,False
2023-10-27,2023-10-30,2023-10-31,BRK-B,XLF,332.9599914550781,330.97570146833147,1,SHORT,SHORT,0.1677151471376419,0.09409888357256778,0.9098422527313232,90.59011164274322,52.0,True,0.0574761927127839,UNRANKED,False
2023-10-30,2023-10-31,2023-11-01,BRK-B,XLF,337.95001220703125,335.78072030203685,1,SHORT,SHORT,0.1346350908279419,0.09362549800796813,0.9610151648521423,90.63745019920319,52.0,True,0.06636899709701535,UNRANKED,False
2023-10-31,2023-11-01,2023-11-02,BRK-B,XLF,341.2099914550781,338.7699868338449,1,SHORT,SHORT,0.15553662180900574,0.09409888357256778,0.9496133327484131,90.59011164274322,52.0,True,0.2105970382690429,UNRANKED,False
2023-11-01,2023-11-02,2023-11-03,BRK-B,XLF,346.3900146484375,343.9750082833426,1,SHORT,SHORT,0.15222148597240448,0.09409888357256778,0.9562778472900391,90.59011164274322,52.0,True,0.5153250098228455,UNRANKED,False
2023-11-02,2023-11-03,2023-11-06,BRK-B,XLF,350.1700134277344,357.04681178501676,1,SHORT,SHORT,0.16765891015529633,0.09409888357256778,0.9751712083816528,90.59011164274322,52.0,True,0.36804634332656866,UNRANKED,False
2023-11-03,2023-11-06,2023-11-07,BRK-B,XLF,354.0299987792969,361.2014389038086,1,SHORT,SHORT,0.19274725019931793,0.10382513661202186,0.9707545042037964,89.61748633879782,52.0,True,0.6401799321174623,UNRANKED,False
2023-11-06,2023-11-07,2023-11-08,BRK-B,XLF,346.80999755859375,343.6314217703683,1,SHORT,SHORT,0.15854258835315704,0.09409888357256778,0.9753250479698181,90.59011164274322,52.0,True,0.16533720493316656,UNRANKED,False
2023-11-07,2023-11-08,2023-11-09,BRK-B,XLF,346.8500061035156,343.96000235421315,1,SHORT,SHORT,0.13248951733112335,0.09362549800796813,0.9729664325714111,90.63745019920319,52.0,True,0.4739906191825866,UNRANKED,False
2023-11-08,2023-11-09,2023-11-10,BRK-B,XLF,347.6400146484375,344.9000135149275,1,SHORT,SHORT,0.12403135746717453,0.09362549800796813,0.9764633178710938,90.63745019920319,52.0,True,0.40863659977912914,UNRANKED,False
2023-11-09,2023-11-10,2023-11-13,BRK-B,XLF,349.6000061035156,346.92572021484375,1,SHORT,SHORT,0.1534496396780014,0.09409888357256778,0.9364801645278931,90.59011164274322,52.0,True,0.2882921099662781,UNRANKED,False
2023-11-10,2023-11-13,2023-11-14,BRK-B,XLF,350.0899963378906,347.31571088518416,1,SHORT,SHORT,0.10419600456953049,0.08333333333333333,0.9191663265228271,91.66666666666666,52.0,True,0.016043245792389006,UNRANKED,False
2023-11-13,2023-11-14,2023-11-15,BRK-B,XLF,352.5199890136719,349.8342764718192,1,SHORT,SHORT,0.10883433371782303,0.08333333333333333,0.9407346248626709,91.66666666666666,52.0,True,0.18342724442482003,UNRANKED,False
2023-11-14,2023-11-15,2023-11-16,BRK-B,XLF,355.0199890136719,352.15499223981584,1,SHORT,SHORT,0.07796385884284973,0.043478260869565216,0.9263647794723511,95.65217391304348,52.0,True,0.04375717043876644,UNRANKED,False
2023-11-15,2023-11-16,2023-11-17,BRK-B,XLF,357.7900085449219,354.7964390345982,1,SHORT,SHORT,0.07535483688116074,0.0,0.905820906162262,99.0,52.0,True,-0.04333367943763736,UNRANKED,False
2023-11-16,2023-11-17,2023-11-20,BRK-B,XLF,360.4700012207031,357.5750056675502,1,SHORT,SHORT,0.0820542648434639,0.043478260869565216,0.9637632369995117,95.65217391304348,52.0,True,0.11469677090644834,UNRANKED,False
2023-11-17,2023-11-20,2023-11-21,BRK-B,XLF,359.3500061035156,356.79572623116627,1,SHORT,SHORT,0.11095280200242996,0.08333333333333333,0.930871307849884,91.66666666666666,52.0,True,0.13537389039993292,UNRANKED,False
2023-11-20,2023-11-21,2023-11-22,BRK-B,XLF,360.5799865722656,358.13427734375,1,SHORT,SHORT,0.12126718461513519,0.09362549800796813,0.9401605725288391,90.63745019920319,52.0,True,0.19327616691589355,UNRANKED,False
2023-11-21,2023-11-22,2023-11-24,BRK-B,XLF,361.760009765625,359.46358816964283,1,SHORT,SHORT,0.0992889404296875,0.06153846153846154,0.9160211086273193,93.84615384615384,52.0,True,0.23243677616119393,UNRANKED,False
2023-11-22,2023-11-24,2023-11-27,BRK-B,XLF,362.510009765625,360.53287397112166,1,SHORT,SHORT,0.08159710466861725,0.043478260869565216,0.9535362124443054,95.65217391304348,52.0,True,0.23970952630043033,UNRANKED,False
2023-11-24,2023-11-27,2023-11-28,BRK-B,XLF,362.6400146484375,367.24178205217635,1,SHORT,SHORT,0.09733323752880096,0.06153846153846154,0.9699243307113647,93.84615384615384,52.0,True,0.48289155960083013,UNRANKED,False
2023-11-27,2023-11-28,2023-11-29,BRK-B,XLF,361.54998779296875,365.4660415649414,1,SHORT,SHORT,0.11683066189289093,0.08333333333333333,0.9412886500358582,91.66666666666666,52.0,True,0.18263787031173703,UNRANKED,False
2023-11-28,2023-11-29,2023-11-30,BRK-B,XLF,360.95001220703125,359.32430376325334,1,SHORT,SHORT,0.11103043705224991,0.08333333333333333,0.926338255405426,91.66666666666666,52.0,True,0.18905091285705572,UNRANKED,False
2023-11-29,2023-11-30,2023-12-01,BRK-B,XLF,359.45001220703125,363.73392813546315,1,SHORT,SHORT,0.12987366318702698,0.09362549800796813,0.9278042912483215,90.63745019920319,52.0,True,0.11980974674224856,UNRANKED,False
2023-11-30,2023-12-01,2023-12-04,BRK-B,XLF,359.94000244140625,364.12213134765625,1,SHORT,SHORT,0.15158455073833466,0.09409888357256778,0.9348974823951721,90.59011164274322,52.0,True,0.09405678510665894,UNRANKED,False
2023-12-01,2023-12-04,2023-12-05,BRK-B,XLF,355.9100036621094,354.1978672572545,1,SHORT,SHORT,0.16682928800582886,0.09409888357256778,0.9705241322517395,90.59011164274322,52.0,True,0.35922265052795416,UNRANKED,False
2023-12-04,2023-12-05,2023-12-06,BRK-B,XLF,355.2300109863281,359.4853548322405,1,SHORT,SHORT,0.10804860293865204,0.08333333333333333,0.9790012240409851,91.66666666666666,52.0,True,0.31785747408866877,UNRANKED,False
2023-12-05,2023-12-06,2023-12-07,BRK-B,XLF,356.1499938964844,359.93926892961775,1,SHORT,SHORT,0.12556348741054535,0.09362549800796813,0.9609612226486206,90.63745019920319,52.0,True,0.24139276146888733,UNRANKED,False
2023-12-06,2023-12-07,2023-12-08,BRK-B,XLF,352.0,350.47643389020647,1,SHORT,SHORT,0.11020652949810028,0.08333333333333333,0.9539164900779724,91.66666666666666,52.0,True,0.11885547637939449,UNRANKED,False
2023-12-07,2023-12-08,2023-12-11,BRK-B,XLF,353.0,351.672860281808,1,SHORT,SHORT,0.07663135230541229,0.0,0.968111515045166,99.0,52.0,True,0.0049987733364105155,UNRANKED,False
2023-12-08,2023-12-11,2023-12-12,BRK-B,XLF,355.0,353.71214730399,1,SHORT,SHORT,0.0852767825126648,0.043478260869565216,0.9733232855796814,95.65217391304348,52.0,True,-0.04810833930969237,UNRANKED,False
2023-12-11,2023-12-12,2023-12-13,BRK-B,XLF,357.8999938964844,356.49928283691406,1,SHORT,SHORT,0.12893106043338776,0.09362549800796813,0.9778283834457397,90.63745019920319,52.0,True,-0.06312641501426694,UNRANKED,False
2023-12-12,2023-12-13,2023-12-14,BRK-B,XLF,360.19000244140625,364.1614238194057,1,SHORT,SHORT,0.13965854048728943,0.09362549800796813,0.9742124080657959,90.63745019920319,52.0,True,-0.026674419641494827,UNRANKED,False
2023-12-13,2023-12-14,2023-12-15,BRK-B,XLF,364.04998779296875,368.23748452322826,1,SHORT,SHORT,0.14888380467891693,0.09409888357256778,0.9679586291313171,90.59011164274322,52.0,True,0.018504083156585742,UNRANKED,False
2023-12-14,2023-12-15,2023-12-18,BRK-B,XLF,357.6300048828125,355.7385777064732,1,SHORT,SHORT,0.18031583726406097,0.10382513661202186,0.9496755003929138,89.61748633879782,52.0,True,-0.18770655989646906,UNRANKED,False
2023-12-15,2023-12-18,2023-12-19,BRK-B,XLF,357.4200134277344,355.50858633858815,1,SHORT,SHORT,0.21027548611164093,0.10504201680672269,0.9318511486053467,89.49579831932773,52.0,True,0.052344024181365856,UNRANKED,False
2023-12-18,2023-12-19,2023-12-20,BRK-B,XLF,360.1499938964844,365.26070186070035,1,SHORT,SHORT,0.18070988357067108,0.10382513661202186,0.9493768215179443,89.61748633879782,52.0,True,0.10251489281654369,UNRANKED,False
2023-12-19,2023-12-20,2023-12-21,BRK-B,XLF,361.5199890136719,366.77176993233815,1,SHORT,SHORT,0.17469382286071777,0.09409888357256778,0.9521849155426025,90.59011164274322,52.0,True,0.22406354546546928,UNRANKED,False
2023-12-20,2023-12-21,2023-12-22,BRK-B,XLF,356.0199890136719,353.5521349225725,1,SHORT,SHORT,0.11753424257040024,0.08333333333333333,0.8894628882408142,91.66666666666666,52.0,True,0.07064199447631841,UNRANKED,False
2023-12-21,2023-12-22,2023-12-26,BRK-B,XLF,356.5,354.1850019182478,1,SHORT,SHORT,0.12181051820516586,0.09362549800796813,0.9285582304000854,90.63745019920319,52.0,True,0.13256770372390747,UNRANKED,False
2023-12-22,2023-12-26,2023-12-27,BRK-B,XLF,356.8999938964844,354.59071132114957,1,SHORT,SHORT,0.08872025460004807,0.043478260869565216,0.9289141893386841,95.65217391304348,52.0,True,0.18361824750900269,UNRANKED,False
2023-12-26,2023-12-27,2023-12-28,BRK-B,XLF,355.92999267578125,353.71142578125,1,SHORT,SHORT,0.09068901836872101,0.043478260869565216,0.9615198969841003,95.65217391304348,52.0,True,0.28613927960395813,UNRANKED,False
2023-12-27,2023-12-28,2023-12-29,BRK-B,XLF,357.4800109863281,355.44215611049106,1,SHORT,SHORT,0.09989700466394424,0.06153846153846154,0.9588392972946167,93.84615384615384,52.0,True,0.08972433209419248,UNRANKED,False
2023-12-28,2023-12-29,2024-01-02,BRK-B,XLF,357.55999755859375,355.50071498325894,1,SHORT,SHORT,0.12079545855522156,0.09362549800796813,0.9319601655006409,90.63745019920319,52.0,True,0.24796178936958316,UNRANKED,False
2023-12-29,2024-01-02,2024-01-03,BRK-B,XLF,356.32000732421875,354.22286551339283,1,SHORT,SHORT,0.13013362884521484,0.09362549800796813,0.9206946492195129,90.63745019920319,52.0,True,0.14962196350097656,UNRANKED,False
2024-01-02,2024-01-03,2024-01-04,BRK-B,XLF,362.0799865722656,359.85284641810824,1,SHORT,SHORT,0.1628486067056656,0.09409888357256778,0.9504463076591492,90.59011164274322,52.0,True,0.34789577126502996,UNRANKED,False
2024-01-03,2024-01-04,2024-01-05,BRK-B,XLF,367.4100036621094,365.08786228724887,1,SHORT,SHORT,0.20243561267852783,0.10382513661202186,0.9732699394226074,89.61748633879782,52.0,True,0.3624065220355988,UNRANKED,False
2024-01-04,2024-01-05,2024-01-08,BRK-B,XLF,364.8299865722656,362.432131086077,1,SHORT,SHORT,0.14774611592292786,0.09409888357256778,0.9509292244911194,90.59011164274322,52.0,True,0.08819869160652163,UNRANKED,False
2024-01-05,2024-01-08,2024-01-09,BRK-B,XLF,366.010009765625,363.75501142229353,1,SHORT,SHORT,0.1577644795179367,0.09409888357256778,0.964809000492096,90.59011164274322,52.0,True,0.08118909597396858,UNRANKED,False
2024-01-08,2024-01-09,2024-01-10,BRK-B,XLF,368.0,365.6757158551897,1,SHORT,SHORT,0.09335204213857651,0.043478260869565216,0.9162624478340149,95.65217391304348,52.0,True,-0.03475216031074524,UNRANKED,False
2024-01-09,2024-01-10,2024-01-11,BRK-B,XLF,366.260009765625,371.7367924281529,1,SHORT,SHORT,0.06940615922212601,0.0,0.9208407402038574,99.0,52.0,True,-0.0010046958923340572,UNRANKED,False
2024-01-10,2024-01-11,2024-01-12,BRK-B,XLF,367.80999755859375,373.08499908447266,1,SHORT,SHORT,0.08289279043674469,0.043478260869565216,0.9461268782615662,95.65217391304348,52.0,True,0.07038038969039923,UNRANKED,False
2024-01-11,2024-01-12,2024-01-16,BRK-B,XLF,366.510009765625,371.45108904157365,1,SHORT,SHORT,0.13653986155986786,0.09362549800796813,0.9489021301269531,90.63745019920319,52.0,True,0.15710538625717158,UNRANKED,False
2024-01-12,2024-01-16,2024-01-17,BRK-B,XLF,362.94000244140625,367.7900085449219,1,SHORT,SHORT,0.17938192188739777,0.10382513661202186,0.9707829356193542,89.61748633879782,52.0,True,0.14668497443199166,UNRANKED,False
2024-01-16,2024-01-17,2024-01-18,BRK-B,XLF,359.010009765625,356.91357857840404,1,SHORT,SHORT,0.17510080337524414,0.09409888357256778,0.9243833422660828,90.59011164274322,52.0,True,0.049963116645813065,UNRANKED,False
2024-01-17,2024-01-18,2024-01-19,BRK-B,XLF,359.25,357.0499965122768,1,SHORT,SHORT,0.13633333146572113,0.09362549800796813,0.9132071137428284,90.63745019920319,52.0,True,0.17896705865859985,UNRANKED,False
2024-01-18,2024-01-19,2024-01-22,BRK-B,XLF,362.25,359.83785574776783,1,SHORT,SHORT,0.13003648817539215,0.09362549800796813,0.9378708004951477,90.63745019920319,52.0,True,0.2225581407546998,UNRANKED,False
2024-01-19,2024-01-22,2024-01-23,BRK-B,XLF,368.04998779296875,365.35284423828125,1,SHORT,SHORT,0.17945604026317596,0.10382513661202186,0.9233457446098328,89.61748633879782,52.0,True,0.12322437763214117,UNRANKED,False
2024-01-22,2024-01-23,2024-01-24,BRK-B,XLF,368.0199890136719,365.31141662597656,1,SHORT,SHORT,0.1219966933131218,0.09362549800796813,0.9004403948783875,90.63745019920319,52.0,True,0.22890672087669375,UNRANKED,False
2024-01-23,2024-01-24,2024-01-25,BRK-B,XLF,372.5299987792969,369.9442814418248,1,SHORT,SHORT,0.08431239426136017,0.043478260869565216,0.8865631222724915,95.65217391304348,52.0,True,0.114931344985962,UNRANKED,False
2024-01-24,2024-01-25,2024-01-26,BRK-B,XLF,379.239990234375,376.6428462437221,1,SHORT,SHORT,0.14294981956481934,0.09409888357256778,0.8808595538139343,90.59011164274322,52.0,True,0.12759912014007568,UNRANKED,False
2024-01-25,2024-01-26,2024-01-29,BRK-B,XLF,381.04998779296875,378.3678436279297,1,SHORT,SHORT,0.1479891538619995,0.09409888357256778,0.8823191523551941,90.59011164274322,52.0,True,0.2258600294589996,UNRANKED,False
2024-01-26,2024-01-29,2024-01-30,BRK-B,XLF,385.489990234375,382.61927577427457,1,SHORT,SHORT,0.08518900722265244,0.043478260869565216,0.9366649389266968,95.65217391304348,52.0,True,0.09425190091133118,UNRANKED,False
2024-01-29,2024-01-30,2024-01-31,BRK-B,XLF,383.239990234375,380.3957039969308,1,SHORT,SHORT,0.0951990932226181,0.043478260869565216,0.9446881413459778,95.65217391304348,52.0,True,0.006895810365676984,UNRANKED,False
2024-01-30,2024-01-31,2024-02-01,BRK-B,XLF,386.5299987792969,383.49356951032365,1,SHORT,SHORT,0.08882129937410355,0.043478260869565216,0.9695793986320496,95.65217391304348,52.0,True,0.11788395047187804,UNRANKED,False
2024-01-31,2024-02-01,2024-02-02,BRK-B,XLF,384.0,380.7928575788225,1,SHORT,SHORT,0.0790468081831932,0.043478260869565216,0.9245855808258057,95.65217391304348,52.0,True,0.09796074032783512,UNRANKED,False
2024-02-01,2024-02-02,2024-02-05,BRK-B,XLF,386.67999267578125,383.60713631766185,1,SHORT,SHORT,0.09892277419567108,0.06153846153846154,0.9582849740982056,93.84615384615384,52.0,True,0.13823473453521729,UNRANKED,False
2024-02-02,2024-02-05,2024-02-06,BRK-B,XLF,389.95001220703125,386.5892987932478,1,SHORT,SHORT,0.10057071596384048,0.06153846153846154,0.9583898186683655,93.84615384615384,52.0,True,0.06230717897415163,UNRANKED,False
2024-02-05,2024-02-06,2024-02-07,BRK-B,XLF,390.2900085449219,387.10857936314176,1,SHORT,SHORT,0.09352577477693558,0.043478260869565216,0.9717132449150085,95.65217391304348,52.0,True,0.11461928486824047,UNRANKED,False
2024-02-06,2024-02-07,2024-02-08,BRK-B,XLF,394.6000061035156,391.3350067138672,1,SHORT,SHORT,0.07467349618673325,0.0,0.9821416139602661,99.0,52.0,True,0.08254161477088931,UNRANKED,False
2024-02-07,2024-02-08,2024-02-09,BRK-B,XLF,397.2200012207031,393.89571489606584,1,SHORT,SHORT,0.07742682099342346,0.043478260869565216,0.9761781096458435,95.65217391304348,52.0,True,0.07491794228553766,UNRANKED,False
2024-02-08,2024-02-09,2024-02-12,BRK-B,XLF,397.30999755859375,394.30285208565846,1,SHORT,SHORT,0.08505523204803467,0.043478260869565216,0.9722641110420227,95.65217391304348,52.0,True,0.08400410413742077,UNRANKED,False
2024-02-09,2024-02-12,2024-02-13,BRK-B,XLF,398.6499938964844,406.13214111328125,1,SHORT,SHORT,0.09812834858894348,0.06153846153846154,0.9834076762199402,93.84615384615384,52.0,True,-0.03901705145835876,UNRANKED,False
2024-02-12,2024-02-13,2024-02-14,BRK-B,XLF,397.17999267578125,394.43213544573103,1,SHORT,SHORT,0.1131666824221611,0.08333333333333333,0.9742190837860107,91.66666666666666,52.0,True,0.004837930202484034,UNRANKED,False
2024-02-13,2024-02-14,2024-02-15,BRK-B,XLF,395.1499938964844,392.51213509695873,1,SHORT,SHORT,0.12171047180891037,0.09362549800796813,0.9597223997116089,90.63745019920319,52.0,True,-0.11830508708953859,UNRANKED,False
2024-02-14,2024-02-15,2024-02-16,BRK-B,XLF,399.1400146484375,396.529299054827,1,SHORT,SHORT,0.18307127058506012,0.10382513661202186,0.9637895226478577,89.61748633879782,52.0,True,0.27723157405853266,UNRANKED,False
2024-02-15,2024-02-16,2024-02-20,BRK-B,XLF,404.44000244140625,401.81357029506137,1,SHORT,SHORT,0.16358539462089539,0.09409888357256778,0.9703201651573181,90.59011164274322,52.0,True,0.2924371957778931,UNRANKED,False
2024-02-16,2024-02-20,2024-02-21,BRK-B,XLF,406.4700012207031,403.82071358816967,1,SHORT,SHORT,0.12125035375356674,0.09362549800796813,0.9647493958473206,90.63745019920319,52.0,True,0.23205420374870292,UNRANKED,False
2024-02-20,2024-02-21,2024-02-22,BRK-B,XLF,408.260009765625,405.81143624441967,1,SHORT,SHORT,0.19459941983222961,0.10382513661202186,0.9511186480522156,89.61748633879782,52.0,True,0.31893220543861384,UNRANKED,False
2024-02-21,2024-02-22,2024-02-23,BRK-B,XLF,411.29998779296875,408.94498552594865,1,SHORT,SHORT,0.1295522153377533,0.09362549800796813,0.9278677105903625,90.63745019920319,52.0,True,0.23440906405448914,UNRANKED,False
2024-02-22,2024-02-23,2024-02-26,BRK-B,XLF,417.67999267578125,424.14071110316684,1,SHORT,SHORT,0.14331619441509247,0.09409888357256778,0.9547613859176636,90.59011164274322,52.0,True,-0.07303288578987127,UNRANKED,False
2024-02-23,2024-02-26,2024-02-27,BRK-B,XLF,422.0,428.05893271309986,1,SHORT,SHORT,0.12069724500179291,0.09362549800796813,0.9625502228736877,90.63745019920319,52.0,True,-0.062135636806488065,UNRANKED,False
2024-02-26,2024-02-27,2024-02-28,BRK-B,XLF,409.2099914550781,406.2099914550781,1,SHORT,SHORT,0.13116414844989777,0.09362549800796813,0.9761636853218079,90.63745019920319,52.0,True,-0.17757686972618122,UNRANKED,False
2024-02-27,2024-02-28,2024-02-29,BRK-B,XLF,408.5,405.69642639160156,1,SHORT,SHORT,0.13106848299503326,0.09362549800796813,0.9658646583557129,90.63745019920319,52.0,True,0.06529068946838383,UNRANKED,False
2024-02-28,2024-02-29,2024-03-01,BRK-B,XLF,413.1000061035156,419.98572540283203,1,SHORT,SHORT,0.10027098655700684,0.06153846153846154,0.9711771011352539,93.84615384615384,52.0,True,-0.04440733790397654,UNRANKED,False
2024-02-29,2024-03-01,2024-03-04,BRK-B,XLF,409.4800109863281,416.8246601649693,1,SHORT,SHORT,0.13111421465873718,0.09362549800796813,0.9432904124259949,90.63745019920319,52.0,True,0.18957188725471494,UNRANKED,False
2024-03-01,2024-03-04,2024-03-05,BRK-B,XLF,405.0,412.5982230050223,1,SHORT,SHORT,0.08367683738470078,0.043478260869565216,0.9613091945648193,95.65217391304348,52.0,True,0.2470552623271941,UNRANKED,False
2024-03-04,2024-03-05,2024-03-06,BRK-B,XLF,402.54998779296875,399.2914145333426,1,SHORT,SHORT,0.10622557252645493,0.08333333333333333,0.9008722305297852,91.66666666666666,52.0,True,0.20618802309036263,UNRANKED,False
2024-03-05,2024-03-06,2024-03-07,BRK-B,XLF,402.17999267578125,398.9399893624442,1,SHORT,SHORT,0.13215474784374237,0.09362549800796813,0.7850014567375183,90.63745019920319,52.0,True,0.09352385997772206,UNRANKED,False
2024-03-06,2024-03-07,2024-03-08,BRK-B,XLF,406.1099853515625,402.9171251569475,1,SHORT,SHORT,0.08680637180805206,0.043478260869565216,0.913540244102478,95.65217391304348,52.0,True,0.24147364497184748,UNRANKED,False
2024-03-07,2024-03-08,2024-03-11,BRK-B,XLF,401.0799865722656,398.1157008579799,1,SHORT,SHORT,0.11481530219316483,0.08333333333333333,0.9270747303962708,91.66666666666666,52.0,True,-0.06233668327331543,UNRANKED,False
2024-03-08,2024-03-11,2024-03-12,BRK-B,XLF,403.29998779296875,400.4628448486328,1,SHORT,SHORT,0.0885159894824028,0.043478260869565216,0.9623718857765198,95.65217391304348,52.0,True,-9.799003601066933e-05,UNRANKED,False
2024-03-11,2024-03-12,2024-03-13,BRK-B,XLF,406.7799987792969,403.9107121058873,1,SHORT,SHORT,0.08409643918275833,0.043478260869565216,0.9652875065803528,95.65217391304348,52.0,True,0.08286792039871212,UNRANKED,False
2024-03-12,2024-03-13,2024-03-14,BRK-B,XLF,405.29998779296875,402.5649871826172,1,SHORT,SHORT,0.08507627248764038,0.043478260869565216,0.9756569862365723,95.65217391304348,52.0,True,0.05895730853080743,UNRANKED,False
2024-03-13,2024-03-14,2024-03-15,BRK-B,XLF,409.0799865722656,406.54212951660156,1,SHORT,SHORT,0.09534037113189697,0.043478260869565216,0.9711253643035889,95.65217391304348,52.0,True,-0.010416239500045735,UNRANKED,False
2024-03-14,2024-03-15,2024-03-18,BRK-B,XLF,404.2699890136719,401.7792750767299,1,SHORT,SHORT,0.10965309292078018,0.08333333333333333,0.9679644107818604,91.66666666666666,52.0,True,0.04163461923599246,UNRANKED,False
2024-03-15,2024-03-18,2024-03-19,BRK-B,XLF,408.70001220703125,406.68644060407365,1,SHORT,SHORT,0.13264121115207672,0.09362549800796813,0.9516615271568298,90.63745019920319,52.0,True,0.0061797797679900585,UNRANKED,False
2024-03-18,2024-03-19,2024-03-20,BRK-B,XLF,409.0799865722656,407.0628444126674,1,SHORT,SHORT,0.1158560961484909,0.08333333333333333,0.9592559337615967,91.66666666666666,52.0,True,0.1059725880622863,UNRANKED,False
2024-03-19,2024-03-20,2024-03-21,BRK-B,XLF,412.0199890136719,409.99427577427457,1,SHORT,SHORT,0.07704892009496689,0.0374917293004791,0.9621971845626831,96.2508270699521,52.0,True,0.09720489382743841,UNRANKED,False
2024-03-20,2024-03-21,2024-03-22,BRK-B,XLF,416.70001220703125,422.05178724016463,1,SHORT,SHORT,0.14057035744190216,0.09362549800796813,0.9813096523284912,90.63745019920319,52.0,True,0.11457809805870064,UNRANKED,False
2024-03-21,2024-03-22,2024-03-25,BRK-B,XLF,413.0,418.35891396658764,1,SHORT,SHORT,0.11066656559705734,0.08333333333333333,0.9682209491729736,91.66666666666666,52.0,True,-0.058849066495895476,UNRANKED,False
2024-03-22,2024-03-25,2024-03-26,BRK-B,XLF,410.6700134277344,408.63644627162387,1,SHORT,SHORT,0.10954734683036804,0.08333333333333333,0.9773887395858765,91.66666666666666,52.0,True,0.1834324896335602,UNRANKED,False
2024-03-25,2024-03-26,2024-03-27,BRK-B,XLF,410.0,408.0357208251953,1,SHORT,SHORT,0.21177047491073608,0.10504201680672269,0.9817502498626709,89.49579831932773,52.0,True,0.12799665331840512,UNRANKED,False
2024-03-26,2024-03-27,2024-03-28,BRK-B,XLF,413.6499938964844,411.79785810198103,1,SHORT,SHORT,0.22394149005413055,0.10504201680672269,0.973828136920929,89.49579831932773,52.0,True,0.10443738102912901,UNRANKED,False
2024-03-27,2024-03-28,2024-04-01,BRK-B,XLF,417.79998779296875,415.67713710239957,1,SHORT,SHORT,0.15090486407279968,0.09409888357256778,0.9825121164321899,90.59011164274322,52.0,True,0.18671181797981257,UNRANKED,False
2024-03-28,2024-04-01,2024-04-02,BRK-B,XLF,421.489990234375,427.30247715541293,1,SHORT,SHORT,0.14722400903701782,0.09409888357256778,0.9755663275718689,90.59011164274322,52.0,True,0.09966412186622614,UNRANKED,False
2024-04-01,2024-04-02,2024-04-03,BRK-B,XLF,419.75,417.51715087890625,1,SHORT,SHORT,0.19756682217121124,0.10382513661202186,0.9653748273849487,89.61748633879782,52.0,True,0.17536637187004087,UNRANKED,False
2024-04-02,2024-04-03,2024-04-04,BRK-B,XLF,419.0,424.7714080810547,1,SHORT,SHORT,0.13355185091495514,0.09362549800796813,0.967680037021637,90.63745019920319,52.0,True,0.17320528626441956,UNRANKED,False
2024-04-03,2024-04-04,2024-04-05,BRK-B,XLF,423.8399963378906,429.2846156529018,1,SHORT,SHORT,0.13018034398555756,0.09362549800796813,0.9475486278533936,90.63745019920319,52.0,True,0.2780849039554595,UNRANKED,False
2024-04-04,2024-04-05,2024-04-08,BRK-B,XLF,416.55999755859375,414.13072204589844,1,SHORT,SHORT,0.1871577650308609,0.10382513661202186,0.8781504034996033,89.61748633879782,52.0,True,0.21874094009399422,UNRANKED,False
2024-04-05,2024-04-08,2024-04-09,BRK-B,XLF,418.32000732421875,424.73248073032926,1,SHORT,SHORT,0.12200399488210678,0.09362549800796813,0.9073476791381836,90.63745019920319,52.0,True,0.18875786662101746,UNRANKED,False
2024-04-08,2024-04-09,2024-04-10,BRK-B,XLF,416.5799865722656,423.4156733921596,1,SHORT,SHORT,0.16650517284870148,0.09409888357256778,0.9159519076347351,90.59011164274322,52.0,True,0.3853729665279389,UNRANKED,False
2024-04-09,2024-04-10,2024-04-11,BRK-B,XLF,412.739990234375,419.2060328892299,1,SHORT,SHORT,0.09103047847747803,0.043478260869565216,0.9153436422348022,95.65217391304348,52.0,True,0.25614115595817566,UNRANKED,False
2024-04-10,2024-04-11,2024-04-12,BRK-B,XLF,408.3999938964844,415.08568681989397,1,SHORT,SHORT,0.13462825119495392,0.09362549800796813,0.7969987392425537,90.63745019920319,52.0,True,0.2020094990730285,UNRANKED,False
2024-04-11,2024-04-12,2024-04-15,BRK-B,XLF,405.0,411.53748103550504,1,SHORT,SHORT,0.1487651765346527,0.09409888357256778,0.8628672361373901,90.59011164274322,52.0,True,0.055763602256774916,UNRANKED,False
2024-04-12,2024-04-15,2024-04-16,BRK-B,XLF,406.989990234375,413.9149682181222,1,SHORT,SHORT,0.1795153170824051,0.10382513661202186,0.6228037476539612,89.61748633879782,52.0,True,0.28019767999649053,UNRANKED,False
2024-04-15,2024-04-16,2024-04-17,BRK-B,XLF,400.9700012207031,408.1306947980608,1,SHORT,SHORT,0.20865045487880707,0.10504201680672269,0.768945038318634,89.49579831932773,52.0,True,0.024908572435379008,UNRANKED,False
2024-04-16,2024-04-17,2024-04-18,BRK-B,XLF,398.94000244140625,395.9550105503627,1,SHORT,SHORT,0.15660493075847626,0.09409888357256778,0.7910436987876892,90.59011164274322,52.0,True,0.12757724523544314,UNRANKED,False
2024-04-17,2024-04-18,2024-04-19,BRK-B,XLF,399.70001220703125,397.039306640625,1,SHORT,SHORT,0.13614986836910248,0.09362549800796813,0.9111347198486328,90.63745019920319,52.0,True,0.3648552298545837,UNRANKED,False
2024-04-18,2024-04-19,2024-04-22,BRK-B,XLF,401.0400085449219,398.4821581159319,1,SHORT,SHORT,0.1414138376712799,0.09362549800796813,0.9526232481002808,90.63745019920319,52.0,True,0.3261689841747284,UNRANKED,False
2024-04-19,2024-04-22,2024-04-23,BRK-B,XLF,406.8399963378906,403.93428911481584,1,SHORT,SHORT,0.14227785170078278,0.09362549800796813,0.9469109177589417,90.63745019920319,52.0,True,0.2215903401374816,UNRANKED,False
2024-04-22,2024-04-23,2024-04-24,BRK-B,XLF,410.25,417.9464133126395,1,SHORT,SHORT,0.08023422211408615,0.043478260869565216,0.9646933674812317,95.65217391304348,52.0,True,0.03752639889717099,UNRANKED,False
2024-04-23,2024-04-24,2024-04-25,BRK-B,XLF,407.1000061035156,404.1128670828683,1,SHORT,SHORT,0.08997099101543427,0.043478260869565216,0.9622079730033875,95.65217391304348,52.0,True,0.14819434285163877,UNRANKED,False
2024-04-24,2024-04-25,2024-04-26,BRK-B,XLF,404.8500061035156,402.01501028878346,1,SHORT,SHORT,0.10215969383716583,0.08333333333333333,0.9647505283355713,91.66666666666666,52.0,True,0.13180512189865118,UNRANKED,False
2024-04-25,2024-04-26,2024-04-29,BRK-B,XLF,403.9200134277344,410.6039352416992,1,SHORT,SHORT,0.09787895530462265,0.06153846153846154,0.9448544979095459,93.84615384615384,52.0,True,0.13980281352996837,UNRANKED,False
2024-04-26,2024-04-29,2024-04-30,BRK-B,XLF,402.6600036621094,409.37249755859375,1,SHORT,SHORT,0.08829709887504578,0.043478260869565216,0.9442740678787231,95.65217391304348,52.0,True,-0.002266138792037832,UNRANKED,False
2024-04-29,2024-04-30,2024-05-01,BRK-B,XLF,400.5799865722656,397.90498788016185,1,SHORT,SHORT,0.07995935529470444,0.043478260869565216,0.9497379660606384,95.65217391304348,52.0,True,0.04809185862541202,UNRANKED,False
2024-04-30,2024-05-01,2024-05-02,BRK-B,XLF,396.6099853515625,394.0314178466797,1,SHORT,SHORT,0.12556110322475433,0.09362549800796813,0.9073209762573242,90.63745019920319,52.0,True,0.10035207867622378,UNRANKED,False
2024-05-01,2024-05-02,2024-05-03,BRK-B,XLF,401.0,398.39643423897877,1,SHORT,SHORT,0.09343893080949783,0.043478260869565216,0.9542748928070068,95.65217391304348,52.0,True,0.2333479523658753,UNRANKED,False
2024-05-02,2024-05-03,2024-05-06,BRK-B,XLF,404.5,402.06285967145647,1,SHORT,SHORT,0.09649122506380081,0.06153846153846154,0.9713150262832642,93.84615384615384,52.0,True,0.1223373711109161,UNRANKED,False
2024-05-03,2024-05-06,2024-05-07,BRK-B,XLF,403.9599914550781,401.7178519112723,1,SHORT,SHORT,0.1037825271487236,0.08333333333333333,0.9804461598396301,91.66666666666666,52.0,True,0.11326074600219727,UNRANKED,False
2024-05-06,2024-05-07,2024-05-08,BRK-B,XLF,406.92999267578125,404.6371372767857,1,SHORT,SHORT,0.13721448183059692,0.09362549800796813,0.9708560705184937,90.63745019920319,52.0,True,0.21329304575920102,UNRANKED,False
2024-05-07,2024-05-08,2024-05-09,BRK-B,XLF,406.4700012207031,404.14857264927457,1,SHORT,SHORT,0.08245904743671417,0.043478260869565216,0.9567001461982727,95.65217391304348,52.0,True,0.1526703834533691,UNRANKED,False
2024-05-08,2024-05-09,2024-05-10,BRK-B,XLF,406.25,404.0657174246652,1,SHORT,SHORT,0.13051031529903412,0.09362549800796813,0.9628157019615173,90.63745019920319,52.0,True,0.2288789451122284,UNRANKED,False
2024-05-09,2024-05-10,2024-05-13,BRK-B,XLF,409.8500061035156,407.86143493652344,1,SHORT,SHORT,0.1485028713941574,0.09409888357256778,0.9783632755279541,90.59011164274322,52.0,True,0.14255800843238822,UNRANKED,False
2024-05-10,2024-05-13,2024-05-14,BRK-B,XLF,414.05999755859375,418.94749123709545,1,SHORT,SHORT,0.1932242065668106,0.10382513661202186,0.9374761581420898,89.61748633879782,52.0,True,0.33506876230239857,UNRANKED,False
2024-05-13,2024-05-14,2024-05-15,BRK-B,XLF,410.45001220703125,408.4385877336775,1,SHORT,SHORT,0.20469756424427032,0.10504201680672269,0.9166848659515381,89.49579831932773,52.0,True,0.2853266596794129,UNRANKED,False
2024-05-14,2024-05-15,2024-05-16,BRK-B,XLF,410.510009765625,408.62786865234375,1,SHORT,SHORT,0.1972281038761139,0.10382513661202186,0.872515857219696,89.61748633879782,52.0,True,0.19758835434913632,UNRANKED,False
2024-05-15,2024-05-16,2024-05-17,BRK-B,XLF,413.79998779296875,411.8121316092355,1,SHORT,SHORT,0.12370049953460693,0.09362549800796813,0.8816176652908325,90.63745019920319,52.0,True,0.13556492328643788,UNRANKED,False
2024-05-16,2024-05-17,2024-05-20,BRK-B,XLF,413.9800109863281,412.16715567452565,1,SHORT,SHORT,0.10045043379068375,0.06153846153846154,0.9520928263664246,93.84615384615384,52.0,True,0.038800477981567334,UNRANKED,False
2024-05-17,2024-05-20,2024-05-21,BRK-B,XLF,417.0400085449219,422.05071694510326,1,SHORT,SHORT,0.11275745183229446,0.08333333333333333,0.9591566920280457,91.66666666666666,52.0,True,0.02020221948623663,UNRANKED,False
2024-05-20,2024-05-21,2024-05-22,BRK-B,XLF,413.5899963378906,411.6064256940569,1,SHORT,SHORT,0.1591150313615799,0.09409888357256778,0.9569053053855896,90.59011164274322,52.0,True,-0.06522929668426529,UNRANKED,False
2024-05-21,2024-05-22,2024-05-23,BRK-B,XLF,414.95001220703125,419.82322801862443,1,SHORT,SHORT,0.12244148552417755,0.09362549800796813,0.9597344398498535,90.63745019920319,52.0,True,-0.024410068988800146,UNRANKED,False
2024-05-22,2024-05-23,2024-05-24,BRK-B,XLF,413.25,417.8303560529436,1,SHORT,SHORT,0.11285394430160522,0.08333333333333333,0.9306466579437256,91.66666666666666,52.0,True,0.07453715801239011,UNRANKED,False
2024-05-23,2024-05-24,2024-05-28,BRK-B,XLF,406.8999938964844,412.8803492954799,1,SHORT,SHORT,0.12527933716773987,0.09362549800796813,0.8758950233459473,90.63745019920319,52.0,True,-0.012042254209518495,UNRANKED,False
2024-05-24,2024-05-28,2024-05-29,BRK-B,XLF,408.239990234375,413.7703421456473,1,SHORT,SHORT,0.20159216225147247,0.10382513661202186,0.9499998688697815,89.61748633879782,52.0,True,0.004826128482818617,UNRANKED,False
2024-05-28,2024-05-29,2024-05-30,BRK-B,XLF,403.0,400.6242871965681,1,SHORT,SHORT,0.17961198091506958,0.10382513661202186,0.9223514199256897,89.61748633879782,52.0,True,0.19149067997932429,UNRANKED,False
2024-05-29,2024-05-30,2024-05-31,BRK-B,XLF,403.7699890136719,401.39713178362166,1,SHORT,SHORT,0.15664732456207275,0.09409888357256778,0.8768398761749268,90.59011164274322,52.0,True,0.2786177396774292,UNRANKED,False
2024-05-30,2024-05-31,2024-06-03,BRK-B,XLF,408.0899963378906,405.5692836216518,1,SHORT,SHORT,0.1519184559583664,0.09409888357256778,0.9168046116828918,90.59011164274322,52.0,True,0.18674620985984822,UNRANKED,False
2024-05-31,2024-06-03,2024-06-04,BRK-B,XLF,414.8900146484375,421.64894430977955,1,SHORT,SHORT,0.24919454753398895,0.10747663551401869,0.887866199016571,89.25233644859813,52.0,True,0.1935422420501709,UNRANKED,False
2024-06-03,2024-06-04,2024-06-05,BRK-B,XLF,414.8500061035156,421.5303693498884,1,SHORT,SHORT,0.14204557240009308,0.09362549800796813,0.9208062887191772,90.63745019920319,52.0,True,0.3058232963085175,UNRANKED,False
2024-06-04,2024-06-05,2024-06-06,BRK-B,XLF,410.1000061035156,407.1221466064453,1,SHORT,SHORT,0.14284385740756989,0.09409888357256778,0.9562203288078308,90.59011164274322,52.0,True,0.12639692425727841,UNRANKED,False
2024-06-05,2024-06-06,2024-06-07,BRK-B,XLF,410.4200134277344,407.5992976597377,1,SHORT,SHORT,0.18862807750701904,0.10382513661202186,0.9685077667236328,89.61748633879782,52.0,True,0.2107521295547485,UNRANKED,False
2024-06-06,2024-06-07,2024-06-10,BRK-B,XLF,411.2799987792969,408.3971405029297,1,SHORT,SHORT,0.1183687299489975,0.08333333333333333,0.9501459002494812,91.66666666666666,52.0,True,0.3100623190402985,UNRANKED,False
2024-06-07,2024-06-10,2024-06-11,BRK-B,XLF,413.3399963378906,420.3364290509905,1,SHORT,SHORT,0.17349021136760712,0.09409888357256778,0.972467303276062,90.59011164274322,52.0,True,0.12705168128013603,UNRANKED,False
2024-06-10,2024-06-11,2024-06-12,BRK-B,XLF,408.8800048828125,406.1550031389509,1,SHORT,SHORT,0.23845282196998596,0.10747663551401869,0.9613792896270752,89.25233644859813,52.0,True,0.20993357896804807,UNRANKED,False
2024-06-11,2024-06-12,2024-06-13,BRK-B,XLF,411.0899963378906,418.0703582763672,1,SHORT,SHORT,0.18316532671451569,0.10382513661202186,0.9446293711662292,89.61748633879782,52.0,True,0.12649807333946217,UNRANKED,False
2024-06-12,2024-06-13,2024-06-14,BRK-B,XLF,407.6300048828125,404.84571838378906,1,SHORT,SHORT,0.15666836500167847,0.09409888357256778,0.9748198986053467,90.59011164274322,52.0,True,0.12672293186187744,UNRANKED,False
2024-06-13,2024-06-14,2024-06-17,BRK-B,XLF,404.8999938964844,402.4914223807199,1,SHORT,SHORT,0.17745991051197052,0.10382513661202186,0.9733572602272034,89.61748633879782,52.0,True,0.08358517289161678,UNRANKED,False
2024-06-14,2024-06-17,2024-06-18,BRK-B,XLF,405.17999267578125,402.8535635811942,1,SHORT,SHORT,0.11146970093250275,0.08333333333333333,0.9836336970329285,91.66666666666666,52.0,True,0.013416171073913621,UNRANKED,False
2024-06-17,2024-06-18,2024-06-20,BRK-B,XLF,406.75,404.5471431187221,1,SHORT,SHORT,0.15909947454929352,0.09409888357256778,0.9771077632904053,90.59011164274322,52.0,True,0.06242337822914127,UNRANKED,False
2024-06-18,2024-06-20,2024-06-21,BRK-B,XLF,407.25,405.0157143729074,1,SHORT,SHORT,0.19199611246585846,0.10382513661202186,0.9748858213424683,89.61748633879782,52.0,True,0.10842785239219667,UNRANKED,False
2024-06-20,2024-06-21,2024-06-24,BRK-B,XLF,409.82000732421875,407.8228650774275,1,SHORT,SHORT,0.11023648083209991,0.08333333333333333,0.9664973020553589,91.66666666666666,52.0,True,0.07916975021362306,UNRANKED,False
2024-06-21,2024-06-24,2024-06-25,BRK-B,XLF,410.70001220703125,409.08287048339844,1,SHORT,SHORT,0.16273556649684906,0.09409888357256778,0.9698650240898132,90.59011164274322,52.0,True,0.039530247449874864,UNRANKED,False
2024-06-24,2024-06-25,2024-06-26,BRK-B,XLF,414.0,418.7517830984933,1,SHORT,SHORT,0.14709366858005524,0.09409888357256778,0.9729762077331543,90.59011164274322,52.0,True,0.15039992332458504,UNRANKED,False
2024-06-25,2024-06-26,2024-06-27,BRK-B,XLF,410.0199890136719,414.3699863978795,1,SHORT,SHORT,0.10839182138442993,0.08333333333333333,0.9774338603019714,91.66666666666666,52.0,True,0.09713631868362425,UNRANKED,False
2024-06-26,2024-06-27,2024-06-28,BRK-B,XLF,410.260009765625,414.67964717320035,1,SHORT,SHORT,0.12821659445762634,0.09362549800796813,0.973220944404602,90.63745019920319,52.0,True,0.2712204456329346,UNRANKED,False
2024-06-27,2024-06-28,2024-07-01,BRK-B,XLF,408.25,412.8624976021903,1,SHORT,SHORT,0.14755862951278687,0.09409888357256778,0.9850168228149414,90.59011164274322,52.0,True,0.2100613713264465,UNRANKED,False
2024-06-28,2024-07-01,2024-07-02,BRK-B,XLF,408.0899963378906,406.35142517089844,1,SHORT,SHORT,0.1986994594335556,0.10382513661202186,0.9580619931221008,89.61748633879782,52.0,True,0.024892866611480723,UNRANKED,False
2024-07-01,2024-07-02,2024-07-03,BRK-B,XLF,404.0199890136719,402.374276297433,1,SHORT,SHORT,0.1272742599248886,0.09362549800796813,0.9663212895393372,90.63745019920319,52.0,True,0.36341887712478643,UNRANKED,False
2024-07-02,2024-07-03,2024-07-05,BRK-B,XLF,407.1600036621094,405.54286193847656,1,SHORT,SHORT,0.13766184449195862,0.09362549800796813,0.962096631526947,90.63745019920319,52.0,True,0.312979370355606,UNRANKED,False
2024-07-03,2024-07-05,2024-07-08,BRK-B,XLF,406.239990234375,404.54713221958707,1,SHORT,SHORT,0.22659817337989807,0.10504201680672269,0.9626711010932922,89.49579831932773,52.0,True,0.6474737524986267,UNRANKED,False
2024-07-05,2024-07-08,2024-07-09,BRK-B,XLF,411.2699890136719,409.39498465401783,1,SHORT,SHORT,0.22423413395881653,0.10504201680672269,0.9610033631324768,89.49579831932773,52.0,True,0.36505201458930964,UNRANKED,False
2024-07-08,2024-07-09,2024-07-10,BRK-B,XLF,409.4200134277344,407.42286464146207,1,SHORT,SHORT,0.15046176314353943,0.09409888357256778,0.9427820444107056,90.59011164274322,52.0,True,0.18655037879943842,UNRANKED,False
2024-07-09,2024-07-10,2024-07-11,BRK-B,XLF,410.80999755859375,408.8371342250279,1,SHORT,SHORT,0.20795440673828125,0.10504201680672269,0.9102545380592346,89.49579831932773,52.0,True,0.32101693749427795,UNRANKED,False
2024-07-10,2024-07-11,2024-07-12,BRK-B,XLF,413.989990234375,411.82855442592074,1,SHORT,SHORT,0.20112770795822144,0.10382513661202186,0.8928926587104797,89.61748633879782,52.0,True,0.2715525627136231,UNRANKED,False
2024-07-11,2024-07-12,2024-07-15,BRK-B,XLF,420.2300109863281,417.797860281808,1,SHORT,SHORT,0.13297684490680695,0.09362549800796813,0.8677871823310852,90.63745019920319,52.0,True,0.20981284976005557,UNRANKED,False
2024-07-12,2024-07-15,2024-07-16,BRK-B,XLF,425.5899963378906,422.7871311732701,1,SHORT,SHORT,0.1812792271375656,0.10382513661202186,0.8882569670677185,89.61748633879782,52.0,True,0.07617452740669266,UNRANKED,False
2024-07-15,2024-07-16,2024-07-17,BRK-B,XLF,437.3999938964844,434.1957005092076,1,SHORT,SHORT,0.11596700549125671,0.08333333333333333,0.8835970759391785,91.66666666666666,52.0,True,0.23330992460250866,UNRANKED,False
2024-07-16,2024-07-17,2024-07-18,BRK-B,XLF,437.8500061035156,434.5407148088728,1,SHORT,SHORT,0.12279603630304337,0.09362549800796813,0.8977686762809753,90.63745019920319,52.0,True,0.18487936258316032,UNRANKED,False
2024-07-17,2024-07-18,2024-07-19,BRK-B,XLF,445.6199951171875,454.9646519252232,1,SHORT,SHORT,0.11598248034715652,0.08333333333333333,0.903216540813446,91.66666666666666,52.0,True,0.105930060148239,UNRANKED,False
2024-07-18,2024-07-19,2024-07-22,BRK-B,XLF,442.6700134277344,452.2789524623326,1,SHORT,SHORT,0.09851793199777603,0.06153846153846154,0.8776019215583801,93.84615384615384,52.0,True,0.32012262940406794,UNRANKED,False
2024-07-19,2024-07-22,2024-07-23,BRK-B,XLF,435.04998779296875,430.76355634416853,1,SHORT,SHORT,0.09948289394378662,0.06153846153846154,0.8890168070793152,93.84615384615384,52.0,True,-0.1428975760936738,UNRANKED,False
2024-07-22,2024-07-23,2024-07-24,BRK-B,XLF,437.3399963378906,448.03822217668807,1,SHORT,SHORT,0.11556267738342285,0.08333333333333333,0.8556721210479736,91.66666666666666,52.0,True,0.8441660404205322,UNRANKED,False
2024-07-23,2024-07-24,2024-07-25,BRK-B,XLF,433.989990234375,429.70641435895647,1,SHORT,SHORT,0.09510881453752518,0.043478260869565216,0.8684504628181458,95.65217391304348,52.0,True,0.8056629300117493,UNRANKED,False
2024-07-24,2024-07-25,2024-07-26,BRK-B,XLF,431.6000061035156,427.32500130789623,1,SHORT,SHORT,0.15314915776252747,0.09409888357256778,0.8968210220336914,90.59011164274322,52.0,True,0.551466703414917,UNRANKED,False
2024-07-25,2024-07-26,2024-07-29,BRK-B,XLF,435.6600036621094,431.73571341378346,1,SHORT,SHORT,0.15805064141750336,0.09409888357256778,0.9251721501350403,90.59011164274322,52.0,True,-0.1407189071178436,UNRANKED,False
2024-07-26,2024-07-29,2024-07-30,BRK-B,XLF,438.010009765625,433.92286464146207,1,SHORT,SHORT,0.12704317271709442,0.09362549800796813,0.9380526542663574,90.63745019920319,52.0,True,0.4658111929893494,UNRANKED,False
2024-07-29,2024-07-30,2024-07-31,BRK-B,XLF,439.510009765625,435.4792938232422,1,SHORT,SHORT,0.1507473886013031,0.09409888357256778,0.9475440979003906,90.59011164274322,52.0,True,0.5663570463657379,UNRANKED,False
2024-07-30,2024-07-31,2024-08-01,BRK-B,XLF,439.8500061035156,449.8696517944336,1,SHORT,SHORT,0.11966065317392349,0.08333333333333333,0.9488239884376526,91.66666666666666,52.0,True,0.4170715808868408,UNRANKED,False
2024-07-31,2024-08-01,2024-08-02,BRK-B,XLF,439.6700134277344,449.2914483206613,1,SHORT,SHORT,0.13015885651111603,0.09362549800796813,0.9546718597412109,90.63745019920319,52.0,True,0.5631296932697296,UNRANKED,False
2024-08-01,2024-08-02,2024-08-05,BRK-B,XLF,429.7699890136719,439.57535226004467,1,SHORT,SHORT,0.1935196965932846,0.10382513661202186,0.9665905237197876,89.61748633879782,52.0,True,0.8369932770729066,UNRANKED,False
2024-08-02,2024-08-05,2024-08-06,BRK-B,XLF,413.42999267578125,409.9742758614676,1,SHORT,SHORT,0.21353664994239807,0.10504201680672269,0.9504449367523193,89.49579831932773,52.0,True,0.7259377837181091,UNRANKED,False
2024-08-05,2024-08-06,2024-08-07,BRK-B,XLF,416.4100036621094,412.2285723005022,1,SHORT,SHORT,0.2539472281932831,0.10747663551401869,0.9706944227218628,89.25233644859813,52.0,True,0.5208598077297211,UNRANKED,False
2024-08-06,2024-08-07,2024-08-08,BRK-B,XLF,426.07000732421875,421.7664315359933,1,SHORT,SHORT,0.23722870647907257,0.10747663551401869,0.9487537145614624,89.25233644859813,52.0,True,0.6100262999534607,UNRANKED,False
2024-08-07,2024-08-08,2024-08-09,BRK-B,XLF,429.239990234375,424.85855756487166,1,SHORT,SHORT,0.16783474385738373,0.09409888357256778,0.9482760429382324,90.59011164274322,52.0,True,-0.07967111468315108,UNRANKED,False
2024-08-08,2024-08-09,2024-08-12,BRK-B,XLF,431.9200134277344,427.74072265625,1,SHORT,SHORT,0.09432993084192276,0.043478260869565216,0.9825830459594727,95.65217391304348,52.0,True,-1.08956116437912,UNRANKED,False
2024-08-09,2024-08-12,2024-08-13,BRK-B,XLF,434.1600036621094,430.07928466796875,1,SHORT,SHORT,0.11853577196598053,0.08333333333333333,0.9845322966575623,91.66666666666666,52.0,True,-1.1793417930603032,UNRANKED,False
2024-08-12,2024-08-13,2024-08-14,BRK-B,XLF,431.8299865722656,427.7985534667969,1,SHORT,SHORT,0.15686167776584625,0.09409888357256778,0.9910408854484558,90.59011164274322,52.0,True,0.326248288154602,UNRANKED,False
2024-08-13,2024-08-14,2024-08-15,BRK-B,XLF,433.0,428.9107121058873,1,SHORT,SHORT,0.0871230885386467,0.043478260869565216,0.9905751943588257,95.65217391304348,52.0,True,0.22583588957786555,UNRANKED,False
2024-08-14,2024-08-15,2024-08-16,BRK-B,XLF,441.79998779296875,437.3128444126674,1,SHORT,SHORT,0.10028843581676483,0.06153846153846154,0.9932132959365845,93.84615384615384,52.0,True,0.2545114159584045,UNRANKED,False
2024-08-15,2024-08-16,2024-08-19,BRK-B,XLF,441.54998779296875,437.20570155552457,1,SHORT,SHORT,0.10319296270608902,0.08333333333333333,0.9935126900672913,91.66666666666666,52.0,True,-0.08229070901870725,UNRANKED,False
2024-08-16,2024-08-19,2024-08-20,BRK-B,XLF,446.010009765625,441.4500078473772,1,SHORT,SHORT,0.08024502545595169,0.043478260869565216,0.9903533458709717,95.65217391304348,52.0,True,0.02619764208793658,UNRANKED,False
2024-08-19,2024-08-20,2024-08-21,BRK-B,XLF,449.29998779296875,444.6464168003627,1,SHORT,SHORT,0.08154289424419403,0.043478260869565216,0.9832225441932678,95.65217391304348,52.0,True,-0.010143905878066961,UNRANKED,False
2024-08-20,2024-08-21,2024-08-22,BRK-B,XLF,449.8399963378906,445.35428292410717,1,SHORT,SHORT,0.11144016683101654,0.08333333333333333,0.9665657877922058,91.66666666666666,52.0,True,0.25868204236030573,UNRANKED,False
2024-08-21,2024-08-22,2024-08-23,BRK-B,XLF,446.29998779296875,442.16641889299666,1,SHORT,SHORT,0.10685060173273087,0.08333333333333333,0.9608020782470703,91.66666666666666,52.0,True,0.0008625090122223872,UNRANKED,False
2024-08-22,2024-08-23,2024-08-26,BRK-B,XLF,450.0,445.93928963797435,1,SHORT,SHORT,0.08968725055456161,0.043478260869565216,0.9555002450942993,95.65217391304348,52.0,True,-0.028399825096130354,UNRANKED,False
2024-08-23,2024-08-26,2024-08-27,BRK-B,XLF,455.30999755859375,451.9842856270926,1,SHORT,SHORT,0.0769602581858635,0.022436842218457796,0.9550669193267822,97.75631577815422,52.0,True,0.07836773991584771,UNRANKED,False
2024-08-26,2024-08-27,2024-08-28,BRK-B,XLF,455.94000244140625,453.13643537248885,1,SHORT,SHORT,0.08406052738428116,0.043478260869565216,0.9493100047111511,95.65217391304348,52.0,True,0.139625519514084,UNRANKED,False
2024-08-27,2024-08-28,2024-08-29,BRK-B,XLF,461.1700134277344,458.2764434814453,1,SHORT,SHORT,0.09179827570915222,0.043478260869565216,0.969138503074646,95.65217391304348,52.0,True,0.1337200701236725,UNRANKED,False
2024-08-28,2024-08-29,2024-08-30,BRK-B,XLF,467.1099853515625,464.2564174107143,1,SHORT,SHORT,0.1109156459569931,0.08333333333333333,0.9433320760726929,91.66666666666666,52.0,True,0.31990271806716913,UNRANKED,False
2024-08-29,2024-08-30,2024-09-03,BRK-B,XLF,470.5199890136719,467.4057072230748,1,SHORT,SHORT,0.094273641705513,0.043478260869565216,0.9353697299957275,95.65217391304348,52.0,True,0.23555633425712594,UNRANKED,False
2024-08-30,2024-09-03,2024-09-04,BRK-B,XLF,475.0,471.43785967145647,1,SHORT,SHORT,0.10534364730119705,0.08333333333333333,0.9601145386695862,91.66666666666666,52.0,True,0.2405813336372375,UNRANKED,False
2024-09-03,2024-09-04,2024-09-05,BRK-B,XLF,478.67999267578125,487.38712637765065,1,SHORT,SHORT,0.11125238984823227,0.08333333333333333,0.945719301700592,91.66666666666666,52.0,True,0.006295800209045379,UNRANKED,False
2024-09-04,2024-09-05,2024-09-06,BRK-B,XLF,479.42999267578125,487.3657019478934,1,SHORT,SHORT,0.10422047227621078,0.08333333333333333,0.9346120953559875,91.66666666666666,52.0,True,0.28024944663047796,UNRANKED,False
2024-09-05,2024-09-06,2024-09-09,BRK-B,XLF,463.82000732421875,473.77000209263394,1,SHORT,SHORT,0.1311473399400711,0.09362549800796813,0.9091782569885254,90.63745019920319,52.0,True,0.3111393451690674,UNRANKED,False
2024-09-06,2024-09-09,2024-09-10,BRK-B,XLF,463.9700012207031,474.2467793055943,1,SHORT,SHORT,0.09469109028577805,0.043478260869565216,0.9636098146438599,95.65217391304348,52.0,True,-0.29967442154884333,UNRANKED,False
2024-09-09,2024-09-10,2024-09-11,BRK-B,XLF,461.82000732421875,471.369998386928,1,SHORT,SHORT,0.08621665090322495,0.043478260869565216,0.9728912711143494,95.65217391304348,52.0,True,-0.7210447788238525,UNRANKED,False
2024-09-10,2024-09-11,2024-09-12,BRK-B,XLF,457.6199951171875,467.2199805123465,1,SHORT,SHORT,0.16270355880260468,0.09409888357256778,0.9714034795761108,90.59011164274322,52.0,True,0.7628052532672882,UNRANKED,False
2024-09-11,2024-09-12,2024-09-13,BRK-B,XLF,454.8399963378906,465.1649867466518,1,SHORT,SHORT,0.18556320667266846,0.10382513661202186,0.9792981147766113,89.61748633879782,52.0,True,0.9136159121990204,UNRANKED,False
2024-09-12,2024-09-13,2024-09-16,BRK-B,XLF,451.5799865722656,447.46427481515065,1,SHORT,SHORT,0.10047341883182526,0.06153846153846154,0.9711319804191589,93.84615384615384,52.0,True,0.8517653942108155,UNRANKED,False
2024-09-13,2024-09-16,2024-09-17,BRK-B,XLF,448.79998779296875,444.7621329171317,1,SHORT,SHORT,0.06455734372138977,0.0,0.9861589074134827,99.0,52.0,True,0.32272952795028687,UNRANKED,False
2024-09-16,2024-09-17,2024-09-18,BRK-B,XLF,453.5,449.24357169015065,1,SHORT,SHORT,0.09206679463386536,0.043478260869565216,0.9825785160064697,95.65217391304348,52.0,True,0.4079195261001588,UNRANKED,False
2024-09-17,2024-09-18,2024-09-19,BRK-B,XLF,458.0799865722656,453.9121311732701,1,SHORT,SHORT,0.14693672955036163,0.09409888357256778,0.9819403290748596,90.59011164274322,52.0,True,0.3119479417800904,UNRANKED,False
2024-09-18,2024-09-19,2024-09-20,BRK-B,XLF,462.0,471.7267804827009,1,SHORT,SHORT,0.119425930082798,0.08333333333333333,0.9818646907806396,91.66666666666666,52.0,True,0.33558186888694763,UNRANKED,False
2024-09-19,2024-09-20,2024-09-23,BRK-B,XLF,457.760009765625,453.91715567452565,1,SHORT,SHORT,0.07151901721954346,0.0,0.9707176685333252,99.0,52.0,True,-0.07216820120811464,UNRANKED,False
2024-09-20,2024-09-23,2024-09-24,BRK-B,XLF,457.30999755859375,453.69214521135603,1,SHORT,SHORT,0.1370670348405838,0.09362549800796813,0.9776106476783752,90.63745019920319,52.0,True,-0.07159057259559622,UNRANKED,False
2024-09-23,2024-09-24,2024-09-25,BRK-B,XLF,454.3299865722656,450.7535618373326,1,SHORT,SHORT,0.09427612274885178,0.043478260869565216,0.979566752910614,95.65217391304348,52.0,True,-0.09576535224914556,UNRANKED,False
2024-09-24,2024-09-25,2024-09-26,BRK-B,XLF,454.8999938964844,451.4178553989955,1,SHORT,SHORT,0.10661815106868744,0.08333333333333333,0.9736493229866028,91.66666666666666,52.0,True,-0.04301002621650693,UNRANKED,False
2024-09-25,2024-09-26,2024-09-27,BRK-B,XLF,452.739990234375,450.0757075718471,1,SHORT,SHORT,0.128340482711792,0.09362549800796813,0.9375326633453369,90.63745019920319,52.0,True,0.09324377775192255,UNRANKED,False
2024-09-26,2024-09-27,2024-09-30,BRK-B,XLF,456.0400085449219,453.6385825020926,1,SHORT,SHORT,0.09835885465145111,0.06153846153846154,0.9289262294769287,93.84615384615384,52.0,True,0.11520522832870489,UNRANKED,False
2024-09-27,2024-09-30,2024-10-01,BRK-B,XLF,458.3999938964844,455.77713666643416,1,SHORT,SHORT,0.11588098853826523,0.08333333333333333,0.9467898011207581,91.66666666666666,52.0,True,0.028775066137313923,UNRANKED,False
2024-09-30,2024-10-01,2024-10-02,BRK-B,XLF,459.1099853515625,456.3371255057199,1,SHORT,SHORT,0.11266349256038666,0.08333333333333333,0.9498100280761719,91.66666666666666,52.0,True,0.041485428810119754,UNRANKED,False
2024-10-01,2024-10-02,2024-10-03,BRK-B,XLF,458.70001220703125,465.101804460798,1,SHORT,SHORT,0.1399110108613968,0.09362549800796813,0.9130584597587585,90.63745019920319,52.0,True,0.1688654124736786,UNRANKED,False
2024-10-02,2024-10-03,2024-10-04,BRK-B,XLF,455.4700012207031,453.0157143729074,1,SHORT,SHORT,0.10715767741203308,0.08333333333333333,0.9322521686553955,91.66666666666666,52.0,True,0.41111591458320623,UNRANKED,False
2024-10-03,2024-10-04,2024-10-07,BRK-B,XLF,455.010009765625,452.5235791887556,1,SHORT,SHORT,0.17317470908164978,0.09409888357256778,0.906535804271698,90.59011164274322,52.0,True,-0.011002898216247578,UNRANKED,False
2024-10-04,2024-10-07,2024-10-08,BRK-B,XLF,462.3399963378906,469.4203578404018,1,SHORT,SHORT,0.24456635117530823,0.10747663551401869,0.936353862285614,89.25233644859813,52.0,True,0.3257574141025542,UNRANKED,False
2024-10-07,2024-10-08,2024-10-09,BRK-B,XLF,455.9599914550781,452.8728463309152,1,SHORT,SHORT,0.2412795126438141,0.10747663551401869,0.863811194896698,89.25233644859813,52.0,True,0.2428053915500641,UNRANKED,False
2024-10-08,2024-10-09,2024-10-10,BRK-B,XLF,452.75,449.6471405029297,1,SHORT,SHORT,0.17171283066272736,0.09409888357256778,0.8460889458656311,90.59011164274322,52.0,True,0.24876400828361514,UNRANKED,False
2024-10-09,2024-10-10,2024-10-11,BRK-B,XLF,457.5,454.4692818777902,1,SHORT,SHORT,0.1642288714647293,0.09409888357256778,0.9466447234153748,90.59011164274322,52.0,True,0.15229243040084853,UNRANKED,False
2024-10-10,2024-10-11,2024-10-14,BRK-B,XLF,455.8999938964844,453.11427525111606,1,SHORT,SHORT,0.149008110165596,0.09409888357256778,0.9462059736251831,90.59011164274322,52.0,True,0.2284748256206513,UNRANKED,False
2024-10-11,2024-10-14,2024-10-15,BRK-B,XLF,461.9200134277344,458.78072248186385,1,SHORT,SHORT,0.1543874591588974,0.09409888357256778,0.9341922402381897,90.59011164274322,52.0,True,0.2380996346473695,UNRANKED,False
2024-10-14,2024-10-15,2024-10-16,BRK-B,XLF,460.989990234375,457.86427307128906,1,SHORT,SHORT,0.1762056052684784,0.09409888357256778,0.9629084467887878,90.59011164274322,52.0,True,0.23396641016006473,UNRANKED,False
2024-10-15,2024-10-16,2024-10-17,BRK-B,XLF,463.25,460.0885707310268,1,SHORT,SHORT,0.11329235136508942,0.08333333333333333,0.8971105217933655,91.66666666666666,52.0,True,0.21834373474121094,UNRANKED,False
2024-10-16,2024-10-17,2024-10-18,BRK-B,XLF,466.1000061035156,462.85357666015625,1,SHORT,SHORT,0.13700658082962036,0.09362549800796813,0.9429298043251038,90.63745019920319,52.0,True,0.16133421659469604,UNRANKED,False
2024-10-17,2024-10-18,2024-10-21,BRK-B,XLF,467.0,463.9771423339844,1,SHORT,SHORT,0.09142516553401947,0.043478260869565216,0.9559193253517151,95.65217391304348,52.0,True,0.07613331079483038,UNRANKED,False
2024-10-18,2024-10-21,2024-10-22,BRK-B,XLF,464.5299987792969,471.77643040248324,1,SHORT,SHORT,0.11669771373271942,0.08333333333333333,0.9693852066993713,91.66666666666666,52.0,True,-0.16403105854988098,UNRANKED,False
2024-10-21,2024-10-22,2024-10-23,BRK-B,XLF,464.1099853515625,470.9617701939174,1,SHORT,SHORT,0.12144698947668076,0.09362549800796813,0.9686073064804077,90.63745019920319,52.0,True,0.015134513378143276,UNRANKED,False
2024-10-22,2024-10-23,2024-10-24,BRK-B,XLF,460.1499938964844,457.268565586635,1,SHORT,SHORT,0.13928836584091187,0.09362549800796813,0.9639650583267212,90.63745019920319,52.0,True,0.10933130979537964,UNRANKED,False
2024-10-23,2024-10-24,2024-10-25,BRK-B,XLF,460.8999938964844,467.5910655430385,1,SHORT,SHORT,0.14208033680915833,0.09362549800796813,0.9558268785476685,90.63745019920319,52.0,True,0.0011948943138122194,UNRANKED,False
2024-10-24,2024-10-25,2024-10-28,BRK-B,XLF,458.6000061035156,456.36429268973217,1,SHORT,SHORT,0.10933876037597656,0.08333333333333333,0.9482734203338623,91.66666666666666,52.0,True,0.13966670632362366,UNRANKED,False
2024-10-25,2024-10-28,2024-10-29,BRK-B,XLF,455.5899963378906,453.69071306501115,1,SHORT,SHORT,0.10809667408466339,0.08333333333333333,0.9541036486625671,91.66666666666666,52.0,True,0.0418073236942291,UNRANKED,False
2024-10-28,2024-10-29,2024-10-30,BRK-B,XLF,458.6000061035156,464.09464154924666,1,SHORT,SHORT,0.22944720089435577,0.10504201680672269,0.9588180184364319,89.49579831932773,52.0,True,0.0944752395153045,UNRANKED,False
2024-10-29,2024-10-30,2024-10-31,BRK-B,XLF,454.6700134277344,460.48071834019254,1,SHORT,SHORT,0.2055336833000183,0.10504201680672269,0.9496597051620483,89.49579831932773,52.0,True,0.07005062699317922,UNRANKED,False
2024-10-30,2024-10-31,2024-11-01,BRK-B,XLF,455.19000244140625,460.8882064819336,1,SHORT,SHORT,0.10580742359161377,0.08333333333333333,0.9711620211601257,91.66666666666666,52.0,True,0.1165021359920501,UNRANKED,False
2024-10-31,2024-11-01,2024-11-04,BRK-B,XLF,451.489990234375,456.96676199776783,1,SHORT,SHORT,0.1400410681962967,0.09362549800796813,0.930656373500824,90.63745019920319,52.0,True,0.23450696468353274,UNRANKED,False
2024-11-01,2024-11-04,2024-11-05,BRK-B,XLF,450.3699951171875,456.023556300572,1,SHORT,SHORT,0.12244326621294022,0.09362549800796813,0.9486732482910156,90.63745019920319,52.0,True,0.4389245510101319,UNRANKED,False
2024-11-04,2024-11-05,2024-11-06,BRK-B,XLF,442.2900085449219,439.5178680419922,1,SHORT,SHORT,0.23576337099075317,0.10747663551401869,0.8893791437149048,89.25233644859813,52.0,True,0.23226779699325567,UNRANKED,False
2024-11-05,2024-11-06,2024-11-07,BRK-B,XLF,461.0,458.2450038364955,1,SHORT,SHORT,0.12001007050275803,0.09362549800796813,0.9704437255859375,90.63745019920319,52.0,True,0.4172139167785644,UNRANKED,False
2024-11-06,2024-11-07,2024-11-08,BRK-B,XLF,468.2699890136719,479.38604954310824,1,SHORT,SHORT,0.17849446833133698,0.10382513661202186,0.967203676700592,89.61748633879782,52.0,True,0.597717136144638,UNRANKED,False
2024-11-07,2024-11-08,2024-11-11,BRK-B,XLF,461.9800109863281,456.98216029575894,1,SHORT,SHORT,0.16768676042556763,0.09409888357256778,0.9728402495384216,90.59011164274322,52.0,True,0.3999266028404236,UNRANKED,False
2024-11-08,2024-11-11,2024-11-12,BRK-B,XLF,466.010009765625,460.8235866001674,1,SHORT,SHORT,0.15119364857673645,0.09409888357256778,0.9728178977966309,90.59011164274322,52.0,True,0.5476055145263672,UNRANKED,False
2024-11-11,2024-11-12,2024-11-13,BRK-B,XLF,467.69000244140625,462.4150085449219,1,SHORT,SHORT,0.15182141959667206,0.09409888357256778,0.9494061470031738,90.59011164274322,52.0,True,0.5889306068420411,UNRANKED,False
2024-11-12,2024-11-13,2024-11-14,BRK-B,XLF,466.4100036621094,461.1185847691127,1,SHORT,SHORT,0.16567249596118927,0.09409888357256778,0.91292804479599,90.59011164274322,52.0,True,0.5477678775787355,UNRANKED,False
2024-11-13,2024-11-14,2024-11-15,BRK-B,XLF,468.80999755859375,463.59215000697543,1,SHORT,SHORT,0.14243747293949127,0.09362549800796813,0.9648718237876892,90.63745019920319,52.0,True,0.44460862874984747,UNRANKED,False
2024-11-14,2024-11-15,2024-11-18,BRK-B,XLF,466.739990234375,461.7621416364397,1,SHORT,SHORT,0.14106568694114685,0.09362549800796813,0.9497802257537842,90.63745019920319,52.0,True,0.2869982421398164,UNRANKED,False
2024-11-15,2024-11-18,2024-11-19,BRK-B,XLF,470.9800109863281,466.13787623814176,1,SHORT,SHORT,0.09166236966848373,0.043478260869565216,0.9456796646118164,95.65217391304348,52.0,True,0.24879482388496407,UNRANKED,False
2024-11-18,2024-11-19,2024-11-20,BRK-B,XLF,470.7699890136719,466.067138671875,1,SHORT,SHORT,0.11579238623380661,0.08333333333333333,0.9568852186203003,91.66666666666666,52.0,True,0.4092053472995757,UNRANKED,False
2024-11-19,2024-11-20,2024-11-21,BRK-B,XLF,470.0,465.0828617640904,1,SHORT,SHORT,0.1276944875717163,0.09362549800796813,0.9225318431854248,90.63745019920319,52.0,True,0.37873464822769165,UNRANKED,False
2024-11-20,2024-11-21,2024-11-22,BRK-B,XLF,469.45001220703125,464.81930106026783,1,SHORT,SHORT,0.1331186443567276,0.09362549800796813,0.920314610004425,90.63745019920319,52.0,True,0.15887123346328735,UNRANKED,False
2024-11-21,2024-11-22,2024-11-25,BRK-B,XLF,472.2699890136719,467.4957057407924,1,SHORT,SHORT,0.10956557840108871,0.08333333333333333,0.9320768713951111,91.66666666666666,52.0,True,0.09416210651397695,UNRANKED,False
2024-11-22,2024-11-25,2024-11-26,BRK-B,XLF,479.1300048828125,474.7371499197824,1,SHORT,SHORT,0.1237262487411499,0.09362549800796813,0.9252986907958984,90.63745019920319,52.0,True,0.06275489926338183,UNRANKED,False
2024-11-25,2024-11-26,2024-11-27,BRK-B,XLF,478.20001220703125,473.94358607700894,1,SHORT,SHORT,0.1506439447402954,0.09409888357256778,0.9341093301773071,90.59011164274322,52.0,True,-0.029758900403976506,UNRANKED,False
2024-11-26,2024-11-27,2024-11-29,BRK-B,XLF,481.0,478.36571611676897,1,SHORT,SHORT,0.09361021220684052,0.043478260869565216,0.9551978707313538,95.65217391304348,52.0,True,0.08682322502136225,UNRANKED,False
2024-11-27,2024-11-29,2024-12-02,BRK-B,XLF,485.3699951171875,491.1967762538365,1,SHORT,SHORT,0.09471482038497925,0.043478260869565216,0.9132485389709473,95.65217391304348,52.0,True,-0.07456448674201965,UNRANKED,False
2024-11-29,2024-12-02,2024-12-03,BRK-B,XLF,484.79998779296875,490.051768711635,1,SHORT,SHORT,0.08653493970632553,0.043478260869565216,0.9428454041481018,95.65217391304348,52.0,True,0.16500765085220329,UNRANKED,False
2024-12-02,2024-12-03,2024-12-04,BRK-B,XLF,478.1600036621094,483.7225025721959,1,SHORT,SHORT,0.11555198580026627,0.08333333333333333,0.9469044804573059,91.66666666666666,52.0,True,0.2626838684082032,UNRANKED,False
2024-12-03,2024-12-04,2024-12-05,BRK-B,XLF,471.0899963378906,468.43142482212613,1,SHORT,SHORT,0.10452759265899658,0.08333333333333333,0.9547129273414612,91.66666666666666,52.0,True,0.2852094769477845,UNRANKED,False
2024-12-04,2024-12-05,2024-12-06,BRK-B,XLF,468.7799987792969,466.1171417236328,1,SHORT,SHORT,0.16273169219493866,0.09409888357256778,0.9632684588432312,90.59011164274322,52.0,True,0.18149995803833,UNRANKED,False
2024-12-05,2024-12-06,2024-12-09,BRK-B,XLF,470.5799865722656,477.56748744419644,1,SHORT,SHORT,0.11083386093378067,0.08333333333333333,0.9637601375579834,91.66666666666666,52.0,True,0.3047471046447754,UNRANKED,False
2024-12-06,2024-12-09,2024-12-10,BRK-B,XLF,470.6000061035156,477.13929639543807,1,SHORT,SHORT,0.10554089397192001,0.08333333333333333,0.9492290019989014,91.66666666666666,52.0,True,-0.025957435369491737,UNRANKED,False
2024-12-09,2024-12-10,2024-12-11,BRK-B,XLF,464.4200134277344,471.80037362234935,1,SHORT,SHORT,0.11215532571077347,0.08333333333333333,0.886637270450592,91.66666666666666,52.0,True,0.06346082687377916,UNRANKED,False
2024-12-10,2024-12-11,2024-12-12,BRK-B,XLF,463.3299865722656,470.360342843192,1,SHORT,SHORT,0.14545157551765442,0.09409888357256778,0.9152171015739441,90.59011164274322,52.0,True,0.10947355628013614,UNRANKED,False
2024-12-11,2024-12-12,2024-12-13,BRK-B,XLF,462.1600036621094,469.3814272199358,1,SHORT,SHORT,0.10804253071546555,0.08333333333333333,0.898880124092102,91.66666666666666,52.0,True,0.01564610004425055,UNRANKED,False
2024-12-12,2024-12-13,2024-12-16,BRK-B,XLF,460.510009765625,467.6475045340402,1,SHORT,SHORT,0.07654813677072525,0.0,0.9407464861869812,99.0,52.0,True,-0.012570828199386617,UNRANKED,False
2024-12-13,2024-12-16,2024-12-17,BRK-B,XLF,459.1700134277344,465.63250841413225,1,SHORT,SHORT,0.08030106872320175,0.043478260869565216,0.9577443599700928,95.65217391304348,52.0,True,-0.051946908235549816,UNRANKED,False
2024-12-16,2024-12-17,2024-12-18,BRK-B,XLF,454.70001220703125,461.4910779680525,1,SHORT,SHORT,0.13250187039375305,0.09362549800796813,0.9612028002738953,90.63745019920319,52.0,True,0.033941656351089367,UNRANKED,False
2024-12-17,2024-12-18,2024-12-19,BRK-B,XLF,457.05999755859375,463.73141806466236,1,SHORT,SHORT,0.1637159138917923,0.09409888357256778,0.9638280272483826,90.59011164274322,52.0,True,0.12789854407310486,UNRANKED,False
2024-12-18,2024-12-19,2024-12-20,BRK-B,XLF,451.7300109863281,448.7364414760045,1,SHORT,SHORT,0.10668307542800903,0.08333333333333333,0.8843949437141418,91.66666666666666,52.0,True,0.0821516811847686,UNRANKED,False
2024-12-19,2024-12-20,2024-12-23,BRK-B,XLF,449.1099853515625,445.9242728097098,1,SHORT,SHORT,0.11361593753099442,0.08333333333333333,0.9100353121757507,91.66666666666666,52.0,True,0.19934633374214172,UNRANKED,False
2024-12-20,2024-12-23,2024-12-24,BRK-B,XLF,453.19000244140625,450.13500322614397,1,SHORT,SHORT,0.14243629574775696,0.09362549800796813,0.9339680671691895,90.63745019920319,52.0,True,0.27820545434951777,UNRANKED,False
2024-12-23,2024-12-24,2024-12-26,BRK-B,XLF,455.4100036621094,452.7828608921596,1,SHORT,SHORT,0.09456821531057358,0.043478260869565216,0.972258448600769,95.65217391304348,52.0,True,0.46371388435363775,UNRANKED,False
2024-12-24,2024-12-26,2024-12-27,BRK-B,XLF,457.2699890136719,454.4685603550502,1,SHORT,SHORT,0.10984735935926437,0.08333333333333333,0.975292980670929,91.66666666666666,52.0,True,0.3653390407562256,UNRANKED,False
2024-12-26,2024-12-27,2024-12-30,BRK-B,XLF,457.29998779296875,463.97677067347934,1,SHORT,SHORT,0.20518241822719574,0.10504201680672269,0.9863194227218628,89.49579831932773,52.0,True,0.6544810682535173,UNRANKED,False
2024-12-27,2024-12-30,2024-12-31,BRK-B,XLF,454.25,451.40071759905135,1,SHORT,SHORT,0.14553846418857574,0.09409888357256778,0.9663574695587158,90.59011164274322,52.0,True,0.5078970193862916,UNRANKED,False
2024-12-30,2024-12-31,2025-01-02,BRK-B,XLF,452.2099914550781,449.52356610979353,1,SHORT,SHORT,0.1815851926803589,0.10382513661202186,0.964084804058075,89.61748633879782,52.0,True,0.6610622406005859,UNRANKED,False
2024-12-31,2025-01-02,2025-01-03,BRK-B,XLF,455.9599914550781,453.2921382359096,1,SHORT,SHORT,0.2863610088825226,0.12903225806451613,0.9781680703163147,87.09677419354838,52.0,True,0.5284839272499084,UNRANKED,False
2025-01-02,2025-01-03,2025-01-06,BRK-B,XLF,452.5299987792969,449.7850014822824,1,SHORT,SHORT,0.14696727693080902,0.09409888357256778,0.9846306443214417,90.59011164274322,52.0,True,0.4973849058151245,UNRANKED,False
2025-01-03,2025-01-06,2025-01-07,BRK-B,XLF,453.8500061035156,451.1264386858259,1,SHORT,SHORT,0.11403345316648483,0.08333333333333333,0.9838290810585022,91.66666666666666,52.0,True,0.5445026755332948,UNRANKED,False
2025-01-06,2025-01-07,2025-01-08,BRK-B,XLF,452.79998779296875,449.97499302455356,1,SHORT,SHORT,0.12758949398994446,0.09362549800796813,0.973172664642334,90.63745019920319,52.0,True,0.6762818098068237,UNRANKED,False
2025-01-07,2025-01-08,2025-01-10,BRK-B,XLF,453.6300048828125,460.47999681745256,1,SHORT,SHORT,0.14583821594715118,0.09409888357256778,0.9722973108291626,90.59011164274322,52.0,True,0.6666256189346313,UNRANKED,False
2025-01-08,2025-01-10,2025-01-13,BRK-B,XLF,452.6600036621094,459.62071446010043,1,SHORT,SHORT,0.14433765411376953,0.09409888357256778,0.9335428476333618,90.59011164274322,52.0,True,0.5314323306083679,UNRANKED,False
2025-01-10,2025-01-13,2025-01-14,BRK-B,XLF,442.0400085449219,439.2478681291853,1,SHORT,SHORT,0.23855754733085632,0.10747663551401869,0.9174712896347046,89.25233644859813,52.0,True,0.5486018061637877,UNRANKED,False
2025-01-13,2025-01-14,2025-01-15,BRK-B,XLF,445.5,442.81500244140625,1,SHORT,SHORT,0.14537271857261658,0.09409888357256778,0.9385549426078796,90.59011164274322,52.0,True,0.34301584959030146,UNRANKED,False
2025-01-14,2025-01-15,2025-01-16,BRK-B,XLF,455.54998779296875,452.70356314522877,1,SHORT,SHORT,0.1508484184741974,0.09409888357256778,0.9269298911094666,90.59011164274322,52.0,True,0.32975447177886963,UNRANKED,False
2025-01-15,2025-01-16,2025-01-17,BRK-B,XLF,458.92999267578125,455.55999537876676,1,SHORT,SHORT,0.1936417818069458,0.10382513661202186,0.9675511121749878,89.61748633879782,52.0,True,0.4196425378322601,UNRANKED,False
2025-01-16,2025-01-17,2025-01-21,BRK-B,XLF,464.7099914550781,461.3407091413225,1,SHORT,SHORT,0.10961254686117172,0.08333333333333333,0.968625545501709,91.66666666666666,52.0,True,0.41136094927787786,UNRANKED,False
2025-01-17,2025-01-21,2025-01-22,BRK-B,XLF,471.0,480.2660685947963,1,SHORT,SHORT,0.13163580000400543,0.09362549800796813,0.9542932510375977,90.63745019920319,52.0,True,-0.06287512183189388,UNRANKED,False
2025-01-21,2025-01-22,2025-01-23,BRK-B,XLF,468.5899963378906,477.50785391671315,1,SHORT,SHORT,0.10052564740180969,0.06153846153846154,0.9276967644691467,93.84615384615384,52.0,True,0.14544266462326055,UNRANKED,False
2025-01-22,2025-01-23,2025-01-24,BRK-B,XLF,461.67999267578125,457.84785025460377,1,SHORT,SHORT,0.1294282078742981,0.09362549800796813,0.9578289985656738,90.63745019920319,52.0,True,0.13632476329803458,UNRANKED,False
2025-01-23,2025-01-24,2025-01-27,BRK-B,XLF,459.20001220703125,455.39929635184154,1,SHORT,SHORT,0.1501469761133194,0.09409888357256778,0.9531403183937073,90.59011164274322,52.0,True,0.3319164514541626,UNRANKED,False
2025-01-24,2025-01-27,2025-01-28,BRK-B,XLF,464.29998779296875,460.4149845668248,1,SHORT,SHORT,0.12498024106025696,0.09362549800796813,0.9666496515274048,90.63745019920319,52.0,True,0.2747315764427184,UNRANKED,False
2025-01-27,2025-01-28,2025-01-29,BRK-B,XLF,473.92999267578125,485.2585754394531,1,SHORT,SHORT,0.18484720587730408,0.10382513661202186,0.9052312970161438,89.61748633879782,52.0,True,0.7315817773342131,UNRANKED,False
2025-01-28,2025-01-29,2025-01-30,BRK-B,XLF,469.8800048828125,465.1642848423549,1,SHORT,SHORT,0.17845775187015533,0.10382513661202186,0.9033463597297668,89.61748633879782,52.0,True,1.0421958565711975,UNRANKED,False
2025-01-29,2025-01-30,2025-01-31,BRK-B,XLF,472.20001220703125,467.5414363316127,1,SHORT,SHORT,0.1612570583820343,0.09409888357256778,0.9044116735458374,90.59011164274322,52.0,True,0.7172158360481262,UNRANKED,False
2025-01-30,2025-01-31,2025-02-03,BRK-B,XLF,471.8399963378906,483.8453608921596,1,SHORT,SHORT,0.12930592894554138,0.09362549800796813,0.960198700428009,90.63745019920319,52.0,True,0.6051070988178253,UNRANKED,False
2025-01-31,2025-02-03,2025-02-04,BRK-B,XLF,461.29998779296875,456.8906991141183,1,SHORT,SHORT,0.17074650526046753,0.09409888357256778,0.895656168460846,90.59011164274322,52.0,True,0.32827377319335943,UNRANKED,False
2025-02-03,2025-02-04,2025-02-05,BRK-B,XLF,464.94000244140625,460.32999747140065,1,SHORT,SHORT,0.14640875160694122,0.09409888357256778,0.9379284381866455,90.59011164274322,52.0,True,0.53025883436203,UNRANKED,False
2025-02-04,2025-02-05,2025-02-06,BRK-B,XLF,469.80999755859375,465.4314204624721,1,SHORT,SHORT,0.14848844707012177,0.09409888357256778,0.9483360648155212,90.59011164274322,52.0,True,0.5706303715705872,UNRANKED,False
2025-02-05,2025-02-06,2025-02-07,BRK-B,XLF,475.4599914550781,471.24141366141185,1,SHORT,SHORT,0.12621864676475525,0.09362549800796813,0.9368087649345398,90.63745019920319,52.0,True,0.4493310749530793,UNRANKED,False
2025-02-06,2025-02-07,2025-02-10,BRK-B,XLF,477.4100036621094,487.81180572509766,1,SHORT,SHORT,0.1075202226638794,0.08333333333333333,0.953043520450592,91.66666666666666,52.0,True,0.41666248440742504,UNRANKED,False
2025-02-07,2025-02-10,2025-02-11,BRK-B,XLF,473.9599914550781,469.8464137486049,1,SHORT,SHORT,0.10838595032691956,0.08333333333333333,0.8745546340942383,91.66666666666666,52.0,True,0.3101141750812531,UNRANKED,False
2025-02-10,2025-02-11,2025-02-12,BRK-B,XLF,470.04998779296875,465.79712568010603,1,SHORT,SHORT,0.10113716125488281,0.06153846153846154,0.8648627996444702,93.84615384615384,52.0,True,0.1818669736385347,UNRANKED,False
2025-02-11,2025-02-12,2025-02-13,BRK-B,XLF,470.44000244140625,466.5885707310268,1,SHORT,SHORT,0.1321706622838974,0.09362549800796813,0.9344425201416016,90.63745019920319,52.0,True,0.2693792283535005,UNRANKED,False
2025-02-12,2025-02-13,2025-02-14,BRK-B,XLF,471.54998779296875,467.6842738560268,1,SHORT,SHORT,0.10961537063121796,0.08333333333333333,0.9623980522155762,91.66666666666666,52.0,True,0.11300030350685128,UNRANKED,False
2025-02-13,2025-02-14,2025-02-18,BRK-B,XLF,481.4700012207031,477.2185756138393,1,SHORT,SHORT,0.15952086448669434,0.09409888357256778,0.972926139831543,90.59011164274322,52.0,True,0.1420188546180725,UNRANKED,False
2025-02-14,2025-02-18,2025-02-19,BRK-B,XLF,480.3999938964844,476.9064265659877,1,SHORT,SHORT,0.14172406494617462,0.09362549800796813,0.9729626774787903,90.63745019920319,52.0,True,0.13745352625846863,UNRANKED,False
2025-02-18,2025-02-19,2025-02-20,BRK-B,XLF,482.82000732421875,479.433582850865,1,SHORT,SHORT,0.16781289875507355,0.09409888357256778,0.9602162837982178,90.59011164274322,52.0,True,0.07691878080368043,UNRANKED,False
2025-02-19,2025-02-20,2025-02-21,BRK-B,XLF,484.1300048828125,492.63892146519254,1,SHORT,SHORT,0.20113280415534973,0.10382513661202186,0.9565922617912292,89.61748633879782,52.0,True,0.04861530661582933,UNRANKED,False
2025-02-20,2025-02-21,2025-02-24,BRK-B,XLF,480.95001220703125,477.6264452253069,1,SHORT,SHORT,0.11909570544958115,0.08333333333333333,0.9546687006950378,91.66666666666666,52.0,True,0.0492345690727234,UNRANKED,False
2025-02-21,2025-02-24,2025-02-25,BRK-B,XLF,483.5,480.22071838378906,1,SHORT,SHORT,0.1362648457288742,0.09362549800796813,0.9431363344192505,90.63745019920319,52.0,True,0.1836164891719819,UNRANKED,False
2025-02-24,2025-02-25,2025-02-26,BRK-B,XLF,503.1499938964844,514.1374827793667,1,SHORT,SHORT,0.2264603078365326,0.10504201680672269,0.9054037928581238,89.49579831932773,52.0,True,0.14320766925811781,UNRANKED,False
2025-02-25,2025-02-26,2025-02-27,BRK-B,XLF,499.1199951171875,494.8307146344866,1,SHORT,SHORT,0.19458338618278503,0.10382513661202186,0.9238300919532776,89.61748633879782,52.0,True,0.14080190658569328,UNRANKED,False
2025-02-26,2025-02-27,2025-02-28,BRK-B,XLF,496.45001220703125,492.1978759765625,1,SHORT,SHORT,0.1502685397863388,0.09409888357256778,0.9159339666366577,90.59011164274322,52.0,True,0.19008067250251767,UNRANKED,False
2025-02-27,2025-02-28,2025-03-03,BRK-B,XLF,507.4599914550781,502.8635689871652,1,SHORT,SHORT,0.08938221633434296,0.043478260869565216,0.9066890478134155,95.65217391304348,52.0,True,0.16469520330429088,UNRANKED,False
2025-02-28,2025-03-03,2025-03-04,BRK-B,XLF,516.219970703125,528.9503130231585,1,SHORT,SHORT,0.13509432971477509,0.09362549800796813,0.8876907825469971,90.63745019920319,52.0,True,0.021270692348480252,UNRANKED,False
2025-03-03,2025-03-04,2025-03-05,BRK-B,XLF,507.2699890136719,520.2110552106585,1,SHORT,SHORT,0.1976379007101059,0.10382513661202186,0.9709509015083313,89.61748633879782,52.0,True,0.4797474443912508,UNRANKED,False
2025-03-04,2025-03-05,2025-03-06,BRK-B,XLF,496.0,489.98214285714283,1,SHORT,SHORT,0.24811331927776337,0.10747663551401869,0.9858881831169128,89.25233644859813,52.0,True,0.8727061152458191,UNRANKED,False
2025-03-05,2025-03-06,2025-03-07,BRK-B,XLF,496.8399963378906,490.6964220319475,1,SHORT,SHORT,0.258019357919693,0.10747663551401869,0.9723629355430603,89.25233644859813,52.0,True,1.1243861317634583,UNRANKED,False
2025-03-06,2025-03-07,2025-03-10,BRK-B,XLF,496.2900085449219,490.72500392368863,1,SHORT,SHORT,0.14831116795539856,0.09409888357256778,0.9826920032501221,90.59011164274322,52.0,True,0.8780880272388457,UNRANKED,False
2025-03-07,2025-03-10,2025-03-11,BRK-B,XLF,490.0,484.3407091413225,1,SHORT,SHORT,0.17796598374843597,0.10382513661202186,0.9684421420097351,89.61748633879782,52.0,True,1.1080859452486036,UNRANKED,False
2025-03-10,2025-03-11,2025-03-12,BRK-B,XLF,496.0,490.4657091413225,1,SHORT,SHORT,0.22781877219676971,0.10504201680672269,0.9736045598983765,89.49579831932773,52.0,True,0.6908641457557677,UNRANKED,False
2025-03-11,2025-03-12,2025-03-13,BRK-B,XLF,497.6000061035156,492.0728563581194,1,SHORT,SHORT,0.283442884683609,0.12903225806451613,0.9694212675094604,87.09677419354838,52.0,True,0.9932934939861298,UNRANKED,False
2025-03-12,2025-03-13,2025-03-14,BRK-B,XLF,496.4599914550781,491.0514133998326,1,SHORT,SHORT,0.22651074826717377,0.10504201680672269,0.9687502384185791,89.49579831932773,52.0,True,1.0597504377365115,UNRANKED,False
2025-03-13,2025-03-14,2025-03-17,BRK-B,XLF,506.95001220703125,501.1664341517857,1,SHORT,SHORT,0.16295242309570312,0.09409888357256778,0.9721745252609253,90.59011164274322,52.0,True,0.8579475879669192,UNRANKED,False
2025-03-14,2025-03-17,2025-03-18,BRK-B,XLF,514.6199951171875,509.50284903390065,1,SHORT,SHORT,0.15117573738098145,0.09409888357256778,0.9834553003311157,90.59011164274322,52.0,True,0.8511654883623123,UNRANKED,False
2025-03-17,2025-03-18,2025-03-19,BRK-B,XLF,525.4500122070312,519.8321489606585,1,SHORT,SHORT,0.13110600411891937,0.09362549800796813,0.9886873960494995,90.63745019920319,52.0,True,-0.05093708634376533,UNRANKED,False
2025-03-18,2025-03-19,2025-03-20,BRK-B,XLF,525.6900024414062,520.4714246477399,1,SHORT,SHORT,0.1131647527217865,0.08333333333333333,0.9793241620063782,91.66666666666666,52.0,True,0.10801783204078672,UNRANKED,False
2025-03-19,2025-03-20,2025-03-21,BRK-B,XLF,524.0,519.2228502546038,1,SHORT,SHORT,0.09560626745223999,0.043478260869565216,0.9813790321350098,95.65217391304348,52.0,True,0.49934715032577526,UNRANKED,False
2025-03-20,2025-03-21,2025-03-24,BRK-B,XLF,528.3099975585938,524.1014229910714,1,SHORT,SHORT,0.0946575179696083,0.043478260869565216,0.9831589460372925,95.65217391304348,52.0,True,0.8152999877929689,UNRANKED,False
2025-03-21,2025-03-24,2025-03-25,BRK-B,XLF,523.0999755859375,518.672116960798,1,SHORT,SHORT,0.09412786364555359,0.043478260869565216,0.9769576787948608,95.65217391304348,52.0,True,0.30033645033836376,UNRANKED,False
2025-03-24,2025-03-25,2025-03-26,BRK-B,XLF,527.1799926757812,523.4864196777344,1,SHORT,SHORT,0.07854986935853958,0.043478260869565216,0.9822465181350708,95.65217391304348,52.0,True,0.28248679637908936,UNRANKED,False
2025-03-25,2025-03-26,2025-03-27,BRK-B,XLF,531.0,527.2792837960379,1,SHORT,SHORT,0.06360071152448654,0.0,0.9876009225845337,99.0,52.0,True,0.17264899611473078,UNRANKED,False
2025-03-26,2025-03-27,2025-03-28,BRK-B,XLF,533.25,543.2089375087193,1,SHORT,SHORT,0.13466119766235352,0.09362549800796813,0.977562427520752,90.63745019920319,52.0,True,0.17748123407363886,UNRANKED,False
2025-03-27,2025-03-28,2025-03-31,BRK-B,XLF,535.3499755859375,531.431400844029,1,SHORT,SHORT,0.096661776304245,0.06153846153846154,0.9694408774375916,93.84615384615384,52.0,True,0.23054182529449463,UNRANKED,False
2025-03-28,2025-03-31,2025-04-01,BRK-B,XLF,521.4000244140625,517.000734601702,1,SHORT,SHORT,0.21678553521633148,0.10504201680672269,0.9733183979988098,89.49579831932773,52.0,True,0.2764011323451997,UNRANKED,False
2025-03-31,2025-04-01,2025-04-02,BRK-B,XLF,531.8800048828125,527.0935712541852,1,SHORT,SHORT,0.1574462354183197,0.09409888357256778,0.9755637049674988,90.59011164274322,52.0,True,0.3909423053264618,UNRANKED,False
2025-04-01,2025-04-02,2025-04-03,BRK-B,XLF,532.1300048828125,527.336430140904,1,SHORT,SHORT,0.13544902205467224,0.09362549800796813,0.9722697138786316,90.63745019920319,52.0,True,0.5670526325702666,UNRANKED,False
2025-04-02,2025-04-03,2025-04-04,BRK-B,XLF,527.6199951171875,538.9646432059152,1,SHORT,SHORT,0.12131310254335403,0.09362549800796813,0.979223906993866,90.63745019920319,52.0,True,0.4890547692775727,UNRANKED,False
2025-04-03,2025-04-04,2025-04-07,BRK-B,XLF,519.0,529.846437726702,1,SHORT,SHORT,0.15461665391921997,0.09409888357256778,0.9393262267112732,90.59011164274322,52.0,True,0.3280141949653625,UNRANKED,False
2025-04-04,2025-04-07,2025-04-08,BRK-B,XLF,467.4200134277344,461.06644330705916,1,SHORT,SHORT,0.1323443204164505,0.09362549800796813,0.9439685940742493,90.63745019920319,52.0,True,0.6943590044975281,UNRANKED,False
2025-04-07,2025-04-08,2025-04-09,BRK-B,XLF,509.0299987792969,502.46000017438615,1,SHORT,SHORT,0.19183863699436188,0.10382513661202186,0.9372170567512512,89.61748633879782,52.0,True,0.4442861080169678,UNRANKED,False
2025-04-08,2025-04-09,2025-04-10,BRK-B,XLF,490.0,483.42071533203125,1,SHORT,SHORT,0.11274254322052002,0.08333333333333333,0.8606335520744324,91.66666666666666,52.0,True,0.35632854700088495,UNRANKED,False
2025-04-09,2025-04-10,2025-04-11,BRK-B,XLF,518.2999877929688,509.91284615652904,1,SHORT,SHORT,0.11109493672847748,0.08333333333333333,0.978655219078064,91.66666666666666,52.0,True,-0.9619677662849428,UNRANKED,False
2025-04-10,2025-04-11,2025-04-14,BRK-B,XLF,515.0,506.7000034877232,1,SHORT,SHORT,0.11776848882436752,0.08333333333333333,0.9776363968849182,91.66666666666666,52.0,True,-0.782426342368126,UNRANKED,False
2025-04-11,2025-04-14,2025-04-15,BRK-B,XLF,531.0,522.3885759626116,1,SHORT,SHORT,0.08031265437602997,0.043478260869565216,0.9804526567459106,95.65217391304348,52.0,True,-1.3838758170604708,UNRANKED,False
2025-04-14,2025-04-15,2025-04-16,BRK-B,XLF,532.6199951171875,554.5753435407366,1,SHORT,SHORT,0.10507643222808838,0.08333333333333333,0.9649579524993896,91.66666666666666,52.0,True,-0.6924686729907988,UNRANKED,False
2025-04-15,2025-04-16,2025-04-17,BRK-B,XLF,529.2999877929688,550.7214093889509,1,SHORT,SHORT,0.08557358384132385,0.043478260869565216,0.9758304953575134,95.65217391304348,52.0,True,-0.18495753407478327,UNRANKED,False
2025-04-16,2025-04-17,2025-04-21,BRK-B,XLF,518.9000244140625,542.1803697858538,1,SHORT,SHORT,0.07693420350551605,0.01801272960284196,0.9664386510848999,98.1987270397158,52.0,True,1.008302226662636,UNRANKED,False
2025-04-17,2025-04-21,2025-04-22,BRK-B,XLF,517.530029296875,508.67860630580356,1,SHORT,SHORT,0.09947151690721512,0.06153846153846154,0.9634943008422852,93.84615384615384,52.0,True,1.347983941435814,UNRANKED,False
2025-04-21,2025-04-22,2025-04-23,BRK-B,XLF,514.22998046875,505.0199868338449,1,SHORT,SHORT,0.10771550983190536,0.08333333333333333,0.9098330736160278,91.66666666666666,52.0,True,0.8825097978115083,UNRANKED,False
2025-04-22,2025-04-23,2025-04-24,BRK-B,XLF,527.5,517.3285784040179,1,SHORT,SHORT,0.17630711197853088,0.09409888357256778,0.9430255889892578,90.59011164274322,52.0,True,1.1731288433074951,UNRANKED,False
2025-04-23,2025-04-24,2025-04-25,BRK-B,XLF,526.8099975585938,516.5464303152902,1,SHORT,SHORT,0.14009453356266022,0.09362549800796813,0.9541915655136108,90.63745019920319,52.0,True,1.600019931793213,UNRANKED,False
2025-04-24,2025-04-25,2025-04-28,BRK-B,XLF,531.75,521.6814313616071,1,SHORT,SHORT,0.13877922296524048,0.09362549800796813,0.982532262802124,90.63745019920319,52.0,True,0.5730482339859009,UNRANKED,False
2025-04-25,2025-04-28,2025-04-29,BRK-B,XLF,533.6300048828125,526.1285770961216,1,SHORT,SHORT,0.123407281935215,0.09362549800796813,0.9739364385604858,90.63745019920319,52.0,True,0.7941259443759918,UNRANKED,False
2025-04-28,2025-04-29,2025-04-30,BRK-B,XLF,531.0,523.7228567940848,1,SHORT,SHORT,0.06857339292764664,0.0,0.9580901265144348,99.0,52.0,True,0.1188166737556457,UNRANKED,False
2025-04-29,2025-04-30,2025-05-01,BRK-B,XLF,531.510009765625,524.135009765625,1,SHORT,SHORT,0.06806125491857529,0.0,0.9482446908950806,99.0,52.0,True,0.23796546459197995,UNRANKED,False
2025-04-30,2025-05-01,2025-05-02,BRK-B,XLF,531.0,525.585710797991,1,SHORT,SHORT,0.1182548850774765,0.08333333333333333,0.9097722768783569,91.66666666666666,52.0,True,0.2480404973030091,UNRANKED,False
2025-05-01,2025-05-02,2025-05-05,BRK-B,XLF,536.75,549.8250165666852,1,SHORT,SHORT,0.11905448883771896,0.08333333333333333,0.8948306441307068,91.66666666666666,52.0,True,0.29249399900436396,UNRANKED,False
2025-05-02,2025-05-05,2025-05-06,BRK-B,XLF,520.0800170898438,533.3818228585379,1,SHORT,SHORT,0.09459684789180756,0.043478260869565216,0.9305239319801331,95.65217391304348,52.0,True,0.3524830937385558,UNRANKED,False
2025-05-05,2025-05-06,2025-05-07,BRK-B,XLF,509.57000732421875,502.6607186453683,1,SHORT,SHORT,0.16616791486740112,0.09409888357256778,0.9520753026008606,90.59011164274322,52.0,True,0.5064402222633362,UNRANKED,False
2025-05-06,2025-05-07,2025-05-08,BRK-B,XLF,515.02001953125,508.1943054199219,1,SHORT,SHORT,0.28068527579307556,0.12903225806451613,0.9035301804542542,87.09677419354838,52.0,True,0.6499499380588531,UNRANKED,False
2025-05-07,2025-05-08,2025-05-09,BRK-B,XLF,520.97998046875,537.003191266741,1,SHORT,SHORT,0.1502259224653244,0.09409888357256778,0.837363064289093,90.59011164274322,52.0,True,0.4313136637210847,UNRANKED,False
2025-05-08,2025-05-09,2025-05-12,BRK-B,XLF,514.25,507.61143275669644,1,SHORT,SHORT,0.10094485431909561,0.06153846153846154,0.8144316077232361,93.84615384615384,52.0,True,0.12227380275726318,UNRANKED,False
2025-05-09,2025-05-12,2025-05-13,BRK-B,XLF,520.2999877929688,534.9678312029157,1,SHORT,SHORT,0.09842516481876373,0.06153846153846154,0.9131487607955933,93.84615384615384,52.0,True,0.320827841758728,UNRANKED,False
2025-05-12,2025-05-13,2025-05-14,BRK-B,XLF,515.6400146484375,527.9310782296317,1,SHORT,SHORT,0.11465606093406677,0.08333333333333333,0.9407597780227661,91.66666666666666,52.0,True,0.47994166612625133,UNRANKED,False
2025-05-13,2025-05-14,2025-05-15,BRK-B,XLF,511.8500061035156,507.1907261439732,1,SHORT,SHORT,0.12620873749256134,0.09362549800796813,0.9588042497634888,90.63745019920319,52.0,True,0.48787337541580195,UNRANKED,False
2025-05-14,2025-05-15,2025-05-16,BRK-B,XLF,502.3800048828125,497.46001107352123,1,SHORT,SHORT,0.10451442748308182,0.08333333333333333,0.9465672969818115,91.66666666666666,52.0,True,0.06448590755462666,UNRANKED,False
2025-05-15,2025-05-16,2025-05-19,BRK-B,XLF,509.6300048828125,504.47786821637834,1,SHORT,SHORT,0.11577446013689041,0.08333333333333333,0.9552088975906372,91.66666666666666,52.0,True,0.4492333829402925,UNRANKED,False
2025-05-16,2025-05-19,2025-05-20,BRK-B,XLF,513.6199951171875,507.97071620396207,1,SHORT,SHORT,0.14430727064609528,0.09409888357256778,0.9694045186042786,90.59011164274322,52.0,True,0.6239217519760133,UNRANKED,False
2025-05-19,2025-05-20,2025-05-21,BRK-B,XLF,511.1099853515625,505.58285086495533,1,SHORT,SHORT,0.12239421904087067,0.09362549800796813,0.9662486910820007,90.63745019920319,52.0,True,0.4496050775051117,UNRANKED,False
2025-05-20,2025-05-21,2025-05-22,BRK-B,XLF,507.4100036621094,501.7164393833705,1,SHORT,SHORT,0.13171643018722534,0.09362549800796813,0.931681215763092,90.63745019920319,52.0,True,0.22855147719383245,UNRANKED,False
2025-05-21,2025-05-22,2025-05-23,BRK-B,XLF,505.1000061035156,499.50001525878906,1,SHORT,SHORT,0.1776869297027588,0.10382513661202186,0.9390172362327576,89.61748633879782,52.0,True,0.5886567831039428,UNRANKED,False
2025-05-22,2025-05-23,2025-05-27,BRK-B,XLF,501.010009765625,495.84644862583707,1,SHORT,SHORT,0.10809409618377686,0.08333333333333333,0.9659631848335266,91.66666666666666,52.0,True,0.6011117398738861,UNRANKED,False
2025-05-23,2025-05-27,2025-05-28,BRK-B,XLF,506.42999267578125,514.4210477556501,1,SHORT,SHORT,0.128231018781662,0.09362549800796813,0.9478888511657715,90.63745019920319,52.0,True,0.15406873822212214,UNRANKED,False
2025-05-27,2025-05-28,2025-05-29,BRK-B,XLF,508.3900146484375,504.799305507115,1,SHORT,SHORT,0.16980938613414764,0.09409888357256778,0.9491573572158813,90.59011164274322,52.0,True,0.575394868850708,UNRANKED,False
2025-05-28,2025-05-29,2025-05-30,BRK-B,XLF,504.0,500.3978576660156,1,SHORT,SHORT,0.20255672931671143,0.10382513661202186,0.9449359178543091,89.61748633879782,52.0,True,0.5181149840354919,UNRANKED,False
2025-05-29,2025-05-30,2025-06-02,BRK-B,XLF,505.19000244140625,501.72357177734375,1,SHORT,SHORT,0.13671357929706573,0.09362549800796813,0.9666780829429626,90.63745019920319,52.0,True,0.4473465979099274,UNRANKED,False
2025-05-30,2025-06-02,2025-06-03,BRK-B,XLF,501.70001220703125,510.67501940046037,1,SHORT,SHORT,0.20294319093227386,0.10382513661202186,0.9369352459907532,89.61748633879782,52.0,True,0.3349904716014862,UNRANKED,False
2025-06-02,2025-06-03,2025-06-04,BRK-B,XLF,501.0,510.08036368233815,1,SHORT,SHORT,0.1503201276063919,0.09409888357256778,0.9727522730827332,90.59011164274322,52.0,True,0.30845674872398376,UNRANKED,False
2025-06-03,2025-06-04,2025-06-05,BRK-B,XLF,496.94000244140625,506.4775139944894,1,SHORT,SHORT,0.22865471243858337,0.10504201680672269,0.9765055179595947,89.49579831932773,52.0,True,0.22931301593780515,UNRANKED,False
2025-06-04,2025-06-05,2025-06-06,BRK-B,XLF,490.75,487.0528542654855,1,SHORT,SHORT,0.21512296795845032,0.10504201680672269,0.9581368565559387,89.49579831932773,52.0,True,0.5321624279022217,UNRANKED,False
2025-06-05,2025-06-06,2025-06-09,BRK-B,XLF,491.6300048828125,488.0521436418806,1,SHORT,SHORT,0.12556736171245575,0.09362549800796813,0.937406599521637,90.63745019920319,52.0,True,0.22856810688972468,UNRANKED,False
2025-06-06,2025-06-09,2025-06-10,BRK-B,XLF,493.70001220703125,490.27857971191406,1,SHORT,SHORT,0.1119036078453064,0.08333333333333333,0.9520363211631775,91.66666666666666,52.0,True,0.05804601311683649,UNRANKED,False
2025-06-09,2025-06-10,2025-06-11,BRK-B,XLF,492.6600036621094,500.9064472743443,1,SHORT,SHORT,0.11674997210502625,0.08333333333333333,0.9652202725410461,91.66666666666666,52.0,True,0.08998253941535951,UNRANKED,False
2025-06-10,2025-06-11,2025-06-12,BRK-B,XLF,491.04998779296875,487.85498482840404,1,SHORT,SHORT,0.11749596893787384,0.08333333333333333,0.9597357511520386,91.66666666666666,52.0,True,0.07258674502372744,UNRANKED,False
2025-06-11,2025-06-12,2025-06-13,BRK-B,XLF,486.239990234375,482.9535587855748,1,SHORT,SHORT,0.1417582482099533,0.09362549800796813,0.929703414440155,90.63745019920319,52.0,True,0.08999198675155645,UNRANKED,False
2025-06-12,2025-06-13,2025-06-16,BRK-B,XLF,486.2699890136719,483.07355826241627,1,SHORT,SHORT,0.1195221021771431,0.08333333333333333,0.9788307547569275,91.66666666666666,52.0,True,0.0801831185817719,UNRANKED,False
2025-06-13,2025-06-16,2025-06-17,BRK-B,XLF,489.7300109863281,498.2014399937221,1,SHORT,SHORT,0.14322450757026672,0.09409888357256778,0.9406421184539795,90.59011164274322,52.0,True,-0.23688215017318723,UNRANKED,False
2025-06-16,2025-06-17,2025-06-18,BRK-B,XLF,489.1099853515625,497.0439126150949,1,SHORT,SHORT,0.1664343923330307,0.09409888357256778,0.9440534710884094,90.59011164274322,52.0,True,0.2714179456233977,UNRANKED,False
2025-06-17,2025-06-18,2025-06-20,BRK-B,XLF,484.1000061035156,480.87643650599887,1,SHORT,SHORT,0.14527788758277893,0.09409888357256778,0.9419304132461548,90.59011164274322,52.0,True,0.16112333536148069,UNRANKED,False
2025-06-18,2025-06-20,2025-06-23,BRK-B,XLF,484.95001220703125,481.827157156808,1,SHORT,SHORT,0.1284230798482895,0.09362549800796813,0.9410434365272522,90.63745019920319,52.0,True,0.18757462501525873,UNRANKED,False
2025-06-20,2025-06-23,2025-06-24,BRK-B,XLF,485.4200134277344,482.4350149972098,1,SHORT,SHORT,0.18682372570037842,0.10382513661202186,0.9284552335739136,89.61748633879782,52.0,True,0.21670785546302795,UNRANKED,False
2025-06-23,2025-06-24,2025-06-25,BRK-B,XLF,489.42999267578125,497.20855821881975,1,SHORT,SHORT,0.12326932698488235,0.09362549800796813,0.9210319519042969,90.63745019920319,52.0,True,0.16576150059700012,UNRANKED,False
2025-06-24,2025-06-25,2025-06-26,BRK-B,XLF,494.5,502.40892464774,1,SHORT,SHORT,0.09246974438428879,0.043478260869565216,0.9545930027961731,95.65217391304348,52.0,True,0.31623607873916626,UNRANKED,False
2025-06-25,2025-06-26,2025-06-27,BRK-B,XLF,486.5400085449219,483.34500776018416,1,SHORT,SHORT,0.12172392010688782,0.09362549800796813,0.9757391214370728,90.63745019920319,52.0,True,0.1918729841709137,UNRANKED,False
2025-06-26,2025-06-27,2025-06-30,BRK-B,XLF,485.7699890136719,482.65356009347096,1,SHORT,SHORT,0.10749086737632751,0.08333333333333333,0.9581285715103149,91.66666666666666,52.0,True,0.027190357446670553,UNRANKED,False
2025-06-27,2025-06-30,2025-07-01,BRK-B,XLF,485.8999938964844,483.0807080950056,1,SHORT,SHORT,0.11797483265399933,0.08333333333333333,0.9110208749771118,91.66666666666666,52.0,True,0.02149125933647144,UNRANKED,False
2025-06-30,2025-07-01,2025-07-02,BRK-B,XLF,485.7799987792969,492.8085675920759,1,SHORT,SHORT,0.13772661983966827,0.09362549800796813,0.9057888984680176,90.63745019920319,52.0,True,0.09553220868110651,UNRANKED,False
2025-07-01,2025-07-02,2025-07-03,BRK-B,XLF,489.42999267578125,496.7514212472098,1,SHORT,SHORT,0.1502416878938675,0.09409888357256778,0.8972245454788208,90.59011164274322,52.0,True,0.2204044461250304,UNRANKED,False
2025-07-02,2025-07-03,2025-07-07,BRK-B,XLF,480.8900146484375,477.5228729248047,1,SHORT,SHORT,0.22407367825508118,0.10504201680672269,0.9145045876502991,89.49579831932773,52.0,True,0.22240361571311948,UNRANKED,False
2025-07-03,2025-07-07,2025-07-08,BRK-B,XLF,484.4200134277344,493.2521547589983,1,SHORT,SHORT,0.14259344339370728,0.09409888357256778,0.9720098376274109,90.59011164274322,52.0,True,0.24046298861503607,UNRANKED,False
2025-07-07,2025-07-08,2025-07-09,BRK-B,XLF,477.3500061035156,473.51929146902904,1,SHORT,SHORT,0.15434113144874573,0.09409888357256778,0.9535687565803528,90.59011164274322,52.0,True,0.18297725915908816,UNRANKED,False
2025-07-08,2025-07-09,2025-07-10,BRK-B,XLF,477.0,473.32142857142856,1,SHORT,SHORT,0.17235532402992249,0.09409888357256778,0.9280064702033997,90.59011164274322,52.0,True,0.22504907846450806,UNRANKED,False
2025-07-09,2025-07-10,2025-07-11,BRK-B,XLF,477.8699951171875,474.5707092285156,1,SHORT,SHORT,0.13243922591209412,0.09362549800796813,0.9588237404823303,90.63745019920319,52.0,True,0.2348665595054626,UNRANKED,False
2025-07-10,2025-07-11,2025-07-14,BRK-B,XLF,476.25,473.0235704694475,1,SHORT,SHORT,0.15740250051021576,0.09409888357256778,0.931964099407196,90.59011164274322,52.0,True,0.19818723201751703,UNRANKED,False
2025-07-11,2025-07-14,2025-07-15,BRK-B,XLF,474.32000732421875,482.7646517072405,1,SHORT,SHORT,0.14496131241321564,0.09409888357256778,0.8622221946716309,90.59011164274322,52.0,True,0.09558889269828805,UNRANKED,False
2025-07-14,2025-07-15,2025-07-16,BRK-B,XLF,475.29998779296875,483.3035659790039,1,SHORT,SHORT,0.16341429948806763,0.09409888357256778,0.9063785672187805,90.59011164274322,52.0,True,0.15152963995933544,UNRANKED,False
2025-07-15,2025-07-16,2025-07-17,BRK-B,XLF,471.20001220703125,467.9650115966797,1,SHORT,SHORT,0.15896287560462952,0.09409888357256778,0.8983997106552124,90.59011164274322,52.0,True,0.13100680708885187,UNRANKED,False
2025-07-16,2025-07-17,2025-07-18,BRK-B,XLF,470.07000732421875,467.270008632115,1,SHORT,SHORT,0.14016887545585632,0.09362549800796813,0.8969305753707886,90.63745019920319,52.0,True,0.16513776779174807,UNRANKED,False
2025-07-17,2025-07-18,2025-07-21,BRK-B,XLF,474.0,471.13357325962613,1,SHORT,SHORT,0.12259206175804138,0.09362549800796813,0.9404051899909973,90.63745019920319,52.0,True,0.031002819538116476,UNRANKED,False
2025-07-18,2025-07-21,2025-07-22,BRK-B,XLF,473.0400085449219,470.1900111607143,1,SHORT,SHORT,0.12057886272668839,0.09362549800796813,0.9488528966903687,90.63745019920319,52.0,True,0.005388677120208782,UNRANKED,False
2025-07-21,2025-07-22,2025-07-23,BRK-B,XLF,475.5,472.6128583635603,1,SHORT,SHORT,0.11475837975740433,0.08333333333333333,0.9582489132881165,91.66666666666666,52.0,True,0.1268386244773865,UNRANKED,False
2025-07-22,2025-07-23,2025-07-24,BRK-B,XLF,480.25,477.3714294433594,1,SHORT,SHORT,0.15076324343681335,0.09409888357256778,0.9429581761360168,90.59011164274322,52.0,True,0.16643172502517692,UNRANKED,False
2025-07-23,2025-07-24,2025-07-25,BRK-B,XLF,482.6700134277344,480.12215532575334,1,SHORT,SHORT,0.12560756504535675,0.09362549800796813,0.9502794742584229,90.63745019920319,52.0,True,-0.13442376255989075,UNRANKED,False
2025-07-24,2025-07-25,2025-07-28,BRK-B,XLF,481.6700134277344,479.30001177106584,1,SHORT,SHORT,0.16064408421516418,0.09409888357256778,0.9528104662895203,90.59011164274322,52.0,True,0.0010455548763274765,UNRANKED,False
2025-07-25,2025-07-28,2025-07-29,BRK-B,XLF,484.3500061035156,489.65001024518693,1,SHORT,SHORT,0.17478372156620026,0.09409888357256778,0.9520096182823181,90.59011164274322,52.0,True,0.3171663284301757,UNRANKED,False
2025-07-28,2025-07-29,2025-07-30,BRK-B,XLF,482.57000732421875,488.1932253156389,1,SHORT,SHORT,0.23647397756576538,0.10747663551401869,0.9676170349121094,89.25233644859813,52.0,True,0.21066984534263605,UNRANKED,False
2025-07-29,2025-07-30,2025-07-31,BRK-B,XLF,475.1300048828125,481.413939339774,1,SHORT,SHORT,0.2352621853351593,0.10747663551401869,0.9572478532791138,89.25233644859813,52.0,True,0.30116972327232355,UNRANKED,False
2025-07-30,2025-07-31,2025-08-01,BRK-B,XLF,472.6099853515625,470.1021270751953,1,SHORT,SHORT,0.229424387216568,0.10504201680672269,0.9599870443344116,89.49579831932773,52.0,True,0.25934961438179016,UNRANKED,False
2025-07-31,2025-08-01,2025-08-04,BRK-B,XLF,473.4700012207031,480.04500252859935,1,SHORT,SHORT,0.2261296510696411,0.10504201680672269,0.9510729312896729,89.49579831932773,52.0,True,0.2780018150806427,UNRANKED,False
2025-08-01,2025-08-04,2025-08-05,BRK-B,XLF,468.04998779296875,474.71605682373047,1,SHORT,SHORT,0.2137986272573471,0.10504201680672269,0.9603469967842102,89.49579831932773,52.0,True,0.27828484773635864,UNRANKED,False
2025-08-04,2025-08-05,2025-08-06,BRK-B,XLF,460.6000061035156,457.39429146902904,1,SHORT,SHORT,0.17224499583244324,0.09409888357256778,0.867134153842926,90.59011164274322,52.0,True,0.1505951583385467,UNRANKED,False
2025-08-05,2025-08-06,2025-08-07,BRK-B,XLF,465.0,473.7107195172991,1,SHORT,SHORT,0.18603576719760895,0.10382513661202186,0.8235868811607361,89.61748633879782,52.0,True,0.2757645249366759,UNRANKED,False
2025-08-06,2025-08-07,2025-08-08,BRK-B,XLF,469.20001220703125,478.38037545340404,1,SHORT,SHORT,0.09095144271850586,0.043478260869565216,0.9299874901771545,95.65217391304348,52.0,True,0.17788377404212946,UNRANKED,False
2025-08-07,2025-08-08,2025-08-11,BRK-B,XLF,462.94000244140625,458.76499938964844,1,SHORT,SHORT,0.09677667170763016,0.06153846153846154,0.8073711395263672,93.84615384615384,52.0,True,0.1793129146099091,UNRANKED,False
2025-08-08,2025-08-11,2025-08-12,BRK-B,XLF,466.4599914550781,462.04784720284596,1,SHORT,SHORT,0.1002441942691803,0.06153846153846154,0.9570150375366211,93.84615384615384,52.0,True,0.178261548280716,UNRANKED,False
2025-08-11,2025-08-12,2025-08-13,BRK-B,XLF,465.5299987792969,461.3357129778181,1,SHORT,SHORT,0.08305554836988449,0.043478260869565216,0.9608432054519653,95.65217391304348,52.0,True,0.20476925373077384,UNRANKED,False
2025-08-12,2025-08-13,2025-08-14,BRK-B,XLF,471.70001220703125,467.42286900111606,1,SHORT,SHORT,0.08026165515184402,0.043478260869565216,0.9726600050926208,95.65217391304348,52.0,True,0.3255934119224548,UNRANKED,False
2025-08-13,2025-08-14,2025-08-15,BRK-B,XLF,478.3500061035156,473.7235783168248,1,SHORT,SHORT,0.08237374573945999,0.043478260869565216,0.9558005928993225,95.65217391304348,52.0,True,0.3228908479213714,UNRANKED,False
2025-08-14,2025-08-15,2025-08-18,BRK-B,XLF,482.3500061035156,477.8350067138672,1,SHORT,SHORT,0.08794871717691422,0.043478260869565216,0.9193093776702881,95.65217391304348,52.0,True,0.2608588337898255,UNRANKED,False
2025-08-15,2025-08-18,2025-08-19,BRK-B,XLF,477.9700012207031,473.4800022670201,1,SHORT,SHORT,0.1401897817850113,0.09362549800796813,0.7658842206001282,90.63745019920319,52.0,True,0.2330619990825653,UNRANKED,False
2025-08-18,2025-08-19,2025-08-20,BRK-B,XLF,479.7699890136719,475.55284990583147,1,SHORT,SHORT,0.15356393158435822,0.09409888357256778,0.7878726720809937,90.59011164274322,52.0,True,0.1896978914737702,UNRANKED,False
2025-08-19,2025-08-20,2025-08-21,BRK-B,XLF,487.0,482.3378601074219,1,SHORT,SHORT,0.1158267930150032,0.08333333333333333,0.850021243095398,91.66666666666666,52.0,True,0.20563042163848877,UNRANKED,False
2025-08-20,2025-08-21,2025-08-22,BRK-B,XLF,487.239990234375,482.6314217703683,1,SHORT,SHORT,0.10508885979652405,0.08333333333333333,0.8477134704589844,91.66666666666666,52.0,True,0.18385496735572812,UNRANKED,False
2025-08-21,2025-08-22,2025-08-25,BRK-B,XLF,491.5,502.8660648890904,1,SHORT,SHORT,0.09830693900585175,0.06153846153846154,0.8806015849113464,93.84615384615384,52.0,True,0.05582752823829655,UNRANKED,False
2025-08-22,2025-08-25,2025-08-26,BRK-B,XLF,489.010009765625,485.4150129045759,1,SHORT,SHORT,0.10986831784248352,0.08333333333333333,0.8560312390327454,91.66666666666666,52.0,True,0.17481115460395819,UNRANKED,False
2025-08-25,2025-08-26,2025-08-27,BRK-B,XLF,485.0199890136719,481.58642142159596,1,SHORT,SHORT,0.07696705311536789,0.023590628522558926,0.8421940207481384,97.64093714774411,52.0,True,0.21111583709716797,UNRANKED,False
2025-08-26,2025-08-27,2025-08-28,BRK-B,XLF,491.0799865722656,487.5528477260045,1,SHORT,SHORT,0.10723929852247238,0.08333333333333333,0.8790486454963684,91.66666666666666,52.0,True,0.145657867193222,UNRANKED,False
2025-08-27,2025-08-28,2025-08-29,BRK-B,XLF,498.0299987792969,494.78357369559154,1,SHORT,SHORT,0.13767899572849274,0.09362549800796813,0.8494362235069275,90.63745019920319,52.0,True,0.29502648115158087,UNRANKED,False
2025-08-28,2025-08-29,2025-09-02,BRK-B,XLF,500.8500061035156,497.58858163016185,1,SHORT,SHORT,0.10039815306663513,0.06153846153846154,0.9568500518798828,93.84615384615384,52.0,True,0.26699379086494446,UNRANKED,False
2025-08-29,2025-09-02,2025-09-03,BRK-B,XLF,504.239990234375,500.8035627092634,1,SHORT,SHORT,0.07954063266515732,0.043478260869565216,0.9399478435516357,95.65217391304348,52.0,True,0.17238807678222656,UNRANKED,False
2025-09-02,2025-09-03,2025-09-04,BRK-B,XLF,499.54998779296875,496.3864179338728,1,SHORT,SHORT,0.12678556144237518,0.09362549800796813,0.9473228454589844,90.63745019920319,52.0,True,0.2747107148170472,UNRANKED,False
2025-09-03,2025-09-04,2025-09-05,BRK-B,XLF,502.8999938964844,509.63570295061385,1,SHORT,SHORT,0.09268603473901749,0.043478260869565216,0.9724788069725037,95.65217391304348,52.0,True,0.4431185126304627,UNRANKED,False
2025-09-04,2025-09-05,2025-09-08,BRK-B,XLF,506.0,513.3624965122768,1,SHORT,SHORT,0.07504603266716003,0.0,0.9629631638526917,99.0,52.0,True,0.3690889775753021,UNRANKED,False
2025-09-05,2025-09-08,2025-09-09,BRK-B,XLF,499.0,507.2767868041992,1,SHORT,SHORT,0.1180601716041565,0.08333333333333333,0.9544781446456909,91.66666666666666,52.0,True,0.10543704032897946,UNRANKED,False
2025-09-08,2025-09-09,2025-09-10,BRK-B,XLF,492.45001220703125,488.80572509765625,1,SHORT,SHORT,0.10385914891958237,0.08333333333333333,0.9249236583709717,91.66666666666666,52.0,True,0.15304070711135856,UNRANKED,False
2025-09-09,2025-09-10,2025-09-11,BRK-B,XLF,490.0,486.76499938964844,1,SHORT,SHORT,0.1279516965150833,0.09362549800796813,0.9265004992485046,90.63745019920319,52.0,True,0.0714971721172332,UNRANKED,False
2025-09-10,2025-09-11,2025-09-12,BRK-B,XLF,489.3299865722656,486.1471274239676,1,SHORT,SHORT,0.232395201921463,0.10747663551401869,0.8585847020149231,89.25233644859813,52.0,True,0.00016939640045164975,UNRANKED,False
2025-09-11,2025-09-12,2025-09-15,BRK-B,XLF,495.75,504.9107230050223,1,SHORT,SHORT,0.14996547996997833,0.09409888357256778,0.9330828785896301,90.59011164274322,52.0,True,0.20277386903762817,UNRANKED,False
2025-09-12,2025-09-15,2025-09-16,BRK-B,XLF,493.6000061035156,489.7385733468192,1,SHORT,SHORT,0.14429032802581787,0.09409888357256778,0.966073215007782,90.59011164274322,52.0,True,0.038158118724823054,UNRANKED,False
2025-09-15,2025-09-16,2025-09-17,BRK-B,XLF,491.2699890136719,487.45284380231584,1,SHORT,SHORT,0.13972868025302887,0.09362549800796813,0.8579777479171753,90.63745019920319,52.0,True,0.0858913660049438,UNRANKED,False
2025-09-16,2025-09-17,2025-09-18,BRK-B,XLF,490.94000244140625,487.5142844063895,1,SHORT,SHORT,0.13200129568576813,0.09362549800796813,0.9372228980064392,90.63745019920319,52.0,True,0.04512605071067821,UNRANKED,False
2025-09-17,2025-09-18,2025-09-19,BRK-B,XLF,489.6400146484375,486.36929757254467,1,SHORT,SHORT,0.14065711200237274,0.09362549800796813,0.9513059258460999,90.63745019920319,52.0,True,0.023247122764587496,UNRANKED,False
2025-09-18,2025-09-19,2025-09-22,BRK-B,XLF,491.8699951171875,488.76427786690846,1,SHORT,SHORT,0.1048705130815506,0.08333333333333333,0.976264238357544,91.66666666666666,52.0,True,-0.02848565578460697,UNRANKED,False
2025-09-19,2025-09-22,2025-09-23,BRK-B,XLF,490.57000732421875,487.51929146902904,1,SHORT,SHORT,0.12523874640464783,0.09362549800796813,0.9772161245346069,90.63745019920319,52.0,True,-0.15421155095100397,UNRANKED,False
2025-09-22,2025-09-23,2025-09-24,BRK-B,XLF,493.7699890136719,490.7892739432199,1,SHORT,SHORT,0.1665492057800293,0.09409888357256778,0.9740391373634338,90.59011164274322,52.0,True,0.08348211646080012,UNRANKED,False
2025-09-23,2025-09-24,2025-09-25,BRK-B,XLF,493.29998779296875,490.31641278948103,1,SHORT,SHORT,0.1181982085108757,0.08333333333333333,0.9738947153091431,91.66666666666666,52.0,True,0.08055618405342106,UNRANKED,False
2025-09-24,2025-09-25,2025-09-26,BRK-B,XLF,496.1499938964844,493.3399919782366,1,SHORT,SHORT,0.13182367384433746,0.09362549800796813,0.9824288487434387,90.63745019920319,52.0,True,0.35812133550643926,UNRANKED,False
2025-09-25,2025-09-26,2025-09-29,BRK-B,XLF,496.94000244140625,494.4878583635603,1,SHORT,SHORT,0.19126617908477783,0.10382513661202186,0.9521439075469971,89.61748633879782,52.0,True,0.266849160194397,UNRANKED,False
2025-09-26,2025-09-29,2025-09-30,BRK-B,XLF,500.0,497.6135689871652,1,SHORT,SHORT,0.12052156031131744,0.09362549800796813,0.9837835431098938,90.63745019920319,52.0,True,0.07096570730209346,UNRANKED,False
2025-09-29,2025-09-30,2025-10-01,BRK-B,XLF,497.6400146484375,495.2735835484096,1,SHORT,SHORT,0.1658640205860138,0.09409888357256778,0.9706686735153198,90.59011164274322,52.0,True,0.2873213887214661,UNRANKED,False
2025-09-30,2025-10-01,2025-10-02,BRK-B,XLF,502.5,508.5678591047014,1,SHORT,SHORT,0.19408836960792542,0.10382513661202186,0.9633554220199585,89.61748633879782,52.0,True,0.41419357061386103,UNRANKED,False
2025-10-01,2025-10-02,2025-10-03,BRK-B,XLF,496.9599914550781,494.6964220319475,1,SHORT,SHORT,0.23425531387329102,0.10747663551401869,0.9840773344039917,89.25233644859813,52.0,True,0.30186730623245234,UNRANKED,False
2025-10-02,2025-10-03,2025-10-06,BRK-B,XLF,495.8999938964844,493.6999969482422,1,SHORT,SHORT,0.2788107693195343,0.12903225806451613,0.9863736629486084,87.09677419354838,52.0,True,0.36171039938926697,UNRANKED,False
2025-10-03,2025-10-06,2025-10-07,BRK-B,XLF,499.5,497.2550027029855,1,SHORT,SHORT,0.22592799365520477,0.10504201680672269,0.9764244556427002,89.49579831932773,52.0,True,0.26136100292205816,UNRANKED,False
2025-10-06,2025-10-07,2025-10-08,BRK-B,XLF,500.1600036621094,497.8635798863002,1,SHORT,SHORT,0.20362624526023865,0.10382513661202186,0.9739561080932617,89.61748633879782,52.0,True,0.4407967925071717,UNRANKED,False
2025-10-07,2025-10-08,2025-10-09,BRK-B,XLF,502.7099914550781,508.6189084734236,1,SHORT,SHORT,0.19697152078151703,0.10382513661202186,0.9382991194725037,89.61748633879782,52.0,True,0.13993367552757258,UNRANKED,False
2025-10-08,2025-10-09,2025-10-10,BRK-B,XLF,499.9800109863281,506.00142887660434,1,SHORT,SHORT,0.14937768876552582,0.09409888357256778,0.9441981911659241,90.59011164274322,52.0,True,0.03938695788383477,UNRANKED,False
2025-10-09,2025-10-10,2025-10-13,BRK-B,XLF,497.25,503.4053464617048,1,SHORT,SHORT,0.15183064341545105,0.09409888357256778,0.9429313540458679,90.59011164274322,52.0,True,-0.008338361978530925,UNRANKED,False
2025-10-10,2025-10-13,2025-10-14,BRK-B,XLF,488.1499938964844,485.2057124546596,1,SHORT,SHORT,0.1543412208557129,0.09409888357256778,0.8645101189613342,90.59011164274322,52.0,True,-0.051160573959350454,UNRANKED,False
2025-10-13,2025-10-14,2025-10-15,BRK-B,XLF,490.0,486.8835776192801,1,SHORT,SHORT,0.11970075964927673,0.08333333333333333,0.8211997747421265,91.66666666666666,52.0,True,0.11767369508743283,UNRANKED,False
2025-10-14,2025-10-15,2025-10-16,BRK-B,XLF,493.8999938964844,501.87855311802457,1,SHORT,SHORT,0.12744025886058807,0.09362549800796813,0.8641906380653381,90.63745019920319,52.0,True,0.20024147629737848,UNRANKED,False
2025-10-15,2025-10-16,2025-10-17,BRK-B,XLF,495.6000061035156,503.27320970807756,1,SHORT,SHORT,0.10265243053436279,0.08333333333333333,0.9268774390220642,91.66666666666666,52.0,True,0.01996538043022144,UNRANKED,False
2025-10-16,2025-10-17,2025-10-20,BRK-B,XLF,490.0,486.7514321463449,1,SHORT,SHORT,0.11668378114700317,0.08333333333333333,0.9361973404884338,91.66666666666666,52.0,True,0.29744541645050054,UNRANKED,False
2025-10-17,2025-10-20,2025-10-21,BRK-B,XLF,492.3599853515625,488.90927342006137,1,SHORT,SHORT,0.14414699375629425,0.09409888357256778,0.9380303025245667,90.59011164274322,52.0,True,0.22137647867202767,UNRANKED,False
2025-10-20,2025-10-21,2025-10-22,BRK-B,XLF,493.70001220703125,490.3800157819475,1,SHORT,SHORT,0.1454944908618927,0.09409888357256778,0.9253484010696411,90.59011164274322,52.0,True,0.3144700229167938,UNRANKED,False
2025-10-21,2025-10-22,2025-10-23,BRK-B,XLF,491.7300109863281,488.5350145612444,1,SHORT,SHORT,0.18217210471630096,0.10382513661202186,0.9627864360809326,89.61748633879782,52.0,True,0.3716167509555817,UNRANKED,False
2025-10-22,2025-10-23,2025-10-24,BRK-B,XLF,492.19000244140625,489.12072099958147,1,SHORT,SHORT,0.1262553632259369,0.09362549800796813,0.9478464722633362,90.63745019920319,52.0,True,0.32148644328117376,UNRANKED,False
2025-10-23,2025-10-24,2025-10-27,BRK-B,XLF,490.9100036621094,487.92500741141185,1,SHORT,SHORT,0.20625364780426025,0.10504201680672269,0.9554480314254761,89.49579831932773,52.0,True,0.527220144867897,UNRANKED,False
2025-10-24,2025-10-27,2025-10-28,BRK-B,XLF,491.9200134277344,499.5021493094308,1,SHORT,SHORT,0.12345436960458755,0.09362549800796813,0.9523773193359375,90.63745019920319,52.0,True,0.19230094552040097,UNRANKED,False
2025-10-27,2025-10-28,2025-10-29,BRK-B,XLF,484.9599914550781,492.85462733677457,1,SHORT,SHORT,0.1252482533454895,0.09362549800796813,0.9664557576179504,90.63745019920319,52.0,True,-0.07311072945594788,UNRANKED,False
2025-10-28,2025-10-29,2025-10-30,BRK-B,XLF,477.32000732421875,473.86429486955916,1,SHORT,SHORT,0.1435757577419281,0.09409888357256778,0.9352191686630249,90.59011164274322,52.0,True,0.09688532352447513,UNRANKED,False
2025-10-29,2025-10-30,2025-10-31,BRK-B,XLF,474.8399963378906,471.1999991280692,1,SHORT,SHORT,0.18602676689624786,0.10382513661202186,0.8680626153945923,89.61748633879782,52.0,True,2.670288085943745e-05,UNRANKED,False
2025-10-30,2025-10-31,2025-11-03,BRK-B,XLF,476.79998779296875,473.50641959054127,1,SHORT,SHORT,0.1077495887875557,0.08333333333333333,0.9231456518173218,91.66666666666666,52.0,True,0.014139443635940649,UNRANKED,False
2025-10-31,2025-11-03,2025-11-04,BRK-B,XLF,479.510009765625,476.34644208635603,1,SHORT,SHORT,0.09786685556173325,0.06153846153846154,0.90433269739151,93.84615384615384,52.0,True,0.05413514375686643,UNRANKED,False
2025-11-03,2025-11-04,2025-11-05,BRK-B,XLF,475.5,472.49214608328685,1,SHORT,SHORT,0.1446426659822464,0.09409888357256778,0.9407742023468018,90.59011164274322,52.0,True,0.26642784476280224,UNRANKED,False
2025-11-04,2025-11-05,2025-11-06,BRK-B,XLF,487.3399963378906,483.50642830984935,1,SHORT,SHORT,0.17234398424625397,0.09409888357256778,0.9402670860290527,90.59011164274322,52.0,True,0.2914600372314453,UNRANKED,False
2025-11-05,2025-11-06,2025-11-07,BRK-B,XLF,490.0,486.62857709612166,1,SHORT,SHORT,0.07954291999340057,0.043478260869565216,0.9304339289665222,95.65217391304348,52.0,True,0.22183221578598025,UNRANKED,False
2025-11-06,2025-11-07,2025-11-10,BRK-B,XLF,494.92999267578125,491.5035705566406,1,SHORT,SHORT,0.07739385217428207,0.043478260869565216,0.9538158178329468,95.65217391304348,52.0,True,0.1413937807083131,UNRANKED,False
2025-11-07,2025-11-10,2025-11-11,BRK-B,XLF,497.0799865722656,493.34999084472656,1,SHORT,SHORT,0.0960494801402092,0.043478260869565216,0.923276960849762,95.65217391304348,52.0,True,0.3142051696777343,UNRANKED,False
2025-11-10,2025-11-11,2025-11-12,BRK-B,XLF,498.5899963378906,494.9107142857143,1,SHORT,SHORT,0.11269819736480713,0.08333333333333333,0.8658093810081482,91.66666666666666,52.0,True,0.20412516593933108,UNRANKED,False
2025-11-11,2025-11-12,2025-11-13,BRK-B,XLF,497.1600036621094,493.51143537248885,1,SHORT,SHORT,0.061809707432985306,0.0,0.8378152251243591,99.0,52.0,True,0.1433577537536621,UNRANKED,False
2025-11-12,2025-11-13,2025-11-14,BRK-B,XLF,504.82000732421875,500.90858241489957,1,SHORT,SHORT,0.09287915378808975,0.043478260869565216,0.82606440782547,95.65217391304348,52.0,True,-0.028578191995620554,UNRANKED,False
2025-11-13,2025-11-14,2025-11-17,BRK-B,XLF,514.7000122070312,526.0446439470563,1,SHORT,SHORT,0.2332995980978012,0.10747663551401869,0.8394079804420471,89.25233644859813,52.0,True,0.5796101689338685,UNRANKED,False
2025-11-14,2025-11-17,2025-11-18,BRK-B,XLF,510.7300109863281,522.0996398925781,1,SHORT,SHORT,0.1756303459405899,0.09409888357256778,0.8342990279197693,90.59011164274322,52.0,True,0.36242756247520447,UNRANKED,False
2025-11-17,2025-11-18,2025-11-19,BRK-B,XLF,503.3900146484375,498.91002110072543,1,SHORT,SHORT,0.11261875182390213,0.08333333333333333,0.73421710729599,91.66666666666666,52.0,True,0.3226489126682281,UNRANKED,False
2025-11-18,2025-11-19,2025-11-20,BRK-B,XLF,503.69000244140625,499.53643798828125,1,SHORT,SHORT,0.14348046481609344,0.09409888357256778,0.6964400410652161,90.59011164274322,52.0,True,-0.010750263929367072,UNRANKED,False
2025-11-19,2025-11-20,2025-11-21,BRK-B,XLF,501.1099853515625,496.9314204624721,1,SHORT,SHORT,0.12912219762802124,0.09362549800796813,0.6700261235237122,90.63745019920319,52.0,True,0.5535382926464081,UNRANKED,False
2025-11-20,2025-11-21,2025-11-24,BRK-B,XLF,503.2799987792969,499.1614314488002,1,SHORT,SHORT,0.12040872126817703,0.09362549800796813,0.702916145324707,90.63745019920319,52.0,True,0.34326246380805964,UNRANKED,False
2025-11-21,2025-11-24,2025-11-25,BRK-B,XLF,501.8999938964844,497.7057124546596,1,SHORT,SHORT,0.1563706248998642,0.09409888357256778,0.7923048734664917,90.59011164274322,52.0,True,0.2638340890407562,UNRANKED,False
2025-11-24,2025-11-25,2025-11-26,BRK-B,XLF,508.92999267578125,505.3221413748605,1,SHORT,SHORT,0.20327752828598022,0.10382513661202186,0.9443593621253967,89.61748633879782,52.0,True,0.3064855635166169,UNRANKED,False
2025-11-25,2025-11-26,2025-11-28,BRK-B,XLF,509.25,505.6671469552176,1,SHORT,SHORT,0.17413468658924103,0.09409888357256778,0.9849162101745605,90.59011164274322,52.0,True,0.5929294228553771,UNRANKED,False
2025-11-26,2025-11-28,2025-12-01,BRK-B,XLF,511.8900146484375,508.43001883370533,1,SHORT,SHORT,0.15375173091888428,0.09409888357256778,0.9829408526420593,90.59011164274322,52.0,True,0.5497138500213623,UNRANKED,False
2025-11-28,2025-12-01,2025-12-02,BRK-B,XLF,513.6500244140625,521.7053680419922,1,SHORT,SHORT,0.13830731809139252,0.09362549800796813,0.9780551791191101,90.63745019920319,52.0,True,0.4373788833618164,UNRANKED,False
2025-12-01,2025-12-02,2025-12-03,BRK-B,XLF,507.5899963378906,516.2132012503488,1,SHORT,SHORT,0.10755892097949982,0.08333333333333333,0.9594181180000305,91.66666666666666,52.0,True,0.33132660388946533,UNRANKED,False
2025-12-02,2025-12-03,2025-12-04,BRK-B,XLF,507.5199890136719,516.4664077758789,1,SHORT,SHORT,0.1131596714258194,0.08333333333333333,0.9815846681594849,91.66666666666666,52.0,True,0.331539124250412,UNRANKED,False
2025-12-03,2025-12-04,2025-12-05,BRK-B,XLF,504.3800048828125,500.96429443359375,1,SHORT,SHORT,0.10318420827388763,0.08333333333333333,0.984765887260437,91.66666666666666,52.0,True,-0.015001296997070417,UNRANKED,False
2025-12-04,2025-12-05,2025-12-08,BRK-B,XLF,503.8599853515625,510.5528335571289,1,SHORT,SHORT,0.12574686110019684,0.09362549800796813,0.9803194403648376,90.63745019920319,52.0,True,0.20313337445259103,UNRANKED,False
2025-12-05,2025-12-08,2025-12-09,BRK-B,XLF,502.1000061035156,508.2464261736189,1,SHORT,SHORT,0.1465887725353241,0.09409888357256778,0.9756263494491577,90.59011164274322,52.0,True,0.07386124134063725,UNRANKED,False
2025-12-08,2025-12-09,2025-12-10,BRK-B,XLF,497.6300048828125,504.0317807878767,1,SHORT,SHORT,0.1771756261587143,0.10382513661202186,0.929418683052063,89.61748633879782,52.0,True,-0.07589623332023618,UNRANKED,False
2025-12-09,2025-12-10,2025-12-11,BRK-B,XLF,490.8599853515625,487.96427263532365,1,SHORT,SHORT,0.2101203054189682,0.10504201680672269,0.9324864745140076,89.49579831932773,52.0,True,0.02879944443702695,UNRANKED,False
2025-12-10,2025-12-11,2025-12-12,BRK-B,XLF,491.8299865722656,489.0849870954241,1,SHORT,SHORT,0.2466515749692917,0.10747663551401869,0.9546623826026917,89.25233644859813,52.0,True,0.03998711705207819,UNRANKED,False
2025-12-11,2025-12-12,2025-12-15,BRK-B,XLF,496.7099914550781,493.58784920828685,1,SHORT,SHORT,0.14611145853996277,0.09409888357256778,0.9900670051574707,90.59011164274322,52.0,True,-0.026066094636917163,UNRANKED,False
2025-12-12,2025-12-15,2025-12-16,BRK-B,XLF,500.4200134277344,497.24430193219865,1,SHORT,SHORT,0.0847119614481926,0.043478260869565216,0.9881626963615417,95.65217391304348,52.0,True,0.30828467011451727,UNRANKED,False
2025-12-15,2025-12-16,2025-12-17,BRK-B,XLF,507.04998779296875,503.65356009347096,1,SHORT,SHORT,0.15469656884670258,0.09409888357256778,0.9771455526351929,90.59011164274322,52.0,True,0.22655287384986877,UNRANKED,False
2025-12-16,2025-12-17,2025-12-18,BRK-B,XLF,499.8999938964844,496.0907091413225,1,SHORT,SHORT,0.10107893496751785,0.06153846153846154,0.9758636951446533,93.84615384615384,52.0,True,0.040217697620391776,UNRANKED,False
2025-12-17,2025-12-18,2025-12-19,BRK-B,XLF,502.2300109863281,512.0692923409598,1,SHORT,SHORT,0.1132904514670372,0.08333333333333333,0.972745954990387,91.66666666666666,52.0,True,-0.006937086582183786,UNRANKED,False
2025-12-18,2025-12-19,2025-12-22,BRK-B,XLF,503.04998779296875,499.23570469447543,1,SHORT,SHORT,0.1231689527630806,0.09362549800796813,0.9483537673950195,90.63745019920319,52.0,True,-0.12938517332077015,UNRANKED,False
2025-12-19,2025-12-22,2025-12-23,BRK-B,XLF,496.3399963378906,492.26856994628906,1,SHORT,SHORT,0.15646818280220032,0.09409888357256778,0.9616224765777588,90.59011164274322,52.0,True,-0.30772101879119884,UNRANKED,False
2025-12-22,2025-12-23,2025-12-24,BRK-B,XLF,500.4800109863281,496.15715462820873,1,SHORT,SHORT,0.1266651600599289,0.09362549800796813,0.9869899153709412,90.63745019920319,52.0,True,0.42241856455802923,UNRANKED,False
2025-12-23,2025-12-24,2025-12-26,BRK-B,XLF,500.2900085449219,496.145008632115,1,SHORT,SHORT,0.13630400598049164,0.09362549800796813,0.9905847907066345,90.63745019920319,52.0,True,0.021360367536544817,UNRANKED,False
2025-12-24,2025-12-26,2025-12-29,BRK-B,XLF,500.45001220703125,496.27215576171875,1,SHORT,SHORT,0.12245094776153564,0.09362549800796813,0.9860243201255798,90.63745019920319,52.0,True,0.12207439541816718,UNRANKED,False
2025-12-26,2025-12-29,2025-12-30,BRK-B,XLF,499.20001220703125,494.8842969621931,1,SHORT,SHORT,0.1491306871175766,0.09409888357256778,0.9831984639167786,90.59011164274322,52.0,True,0.1713441312313079,UNRANKED,False
2025-12-29,2025-12-30,2025-12-31,BRK-B,XLF,500.9800109863281,496.97572326660156,1,SHORT,SHORT,0.12065661698579788,0.09362549800796813,0.982337474822998,90.63745019920319,52.0,True,0.05574730038642888,UNRANKED,False
2025-12-30,2025-12-31,2026-01-02,BRK-B,XLF,503.9200134277344,513.3700158255441,1,SHORT,SHORT,0.15532709658145905,0.09409888357256778,0.9878612160682678,90.59011164274322,52.0,True,0.14802184700965876,UNRANKED,False
2025-12-31,2026-01-02,2026-01-05,BRK-B,XLF,500.9599914550781,497.1757049560547,1,SHORT,SHORT,0.22055445611476898,0.10504201680672269,0.9876651167869568,89.49579831932773,52.0,True,0.1717182397842407,UNRANKED,False
2026-01-02,2026-01-05,2026-01-06,BRK-B,XLF,494.94000244140625,491.12857491629467,1,SHORT,SHORT,0.14886654913425446,0.09409888357256778,0.98138028383255,90.59011164274322,52.0,True,0.23536312580108645,UNRANKED,False
2026-01-05,2026-01-06,2026-01-07,BRK-B,XLF,496.79998779296875,493.1314174107143,1,SHORT,SHORT,0.1915787011384964,0.10382513661202186,0.9854018688201904,89.61748633879782,52.0,True,0.35698300600051885,UNRANKED,False
2026-01-06,2026-01-07,2026-01-08,BRK-B,XLF,497.8800048828125,494.66357857840404,1,SHORT,SHORT,0.15179134905338287,0.09409888357256778,0.9740824103355408,90.59011164274322,52.0,True,0.33631899952888494,UNRANKED,False
2026-01-07,2026-01-08,2026-01-09,BRK-B,XLF,494.9700012207031,492.01143319266185,1,SHORT,SHORT,0.1843281090259552,0.10382513661202186,0.9723749756813049,89.61748633879782,52.0,True,0.4115402996540069,UNRANKED,False
2026-01-08,2026-01-09,2026-01-12,BRK-B,XLF,498.94000244140625,496.03714861188615,1,SHORT,SHORT,0.17136505246162415,0.09409888357256778,0.9274501800537109,90.59011164274322,52.0,True,0.16142436861991874,UNRANKED,False
2026-01-09,2026-01-12,2026-01-13,BRK-B,XLF,497.3999938964844,494.5121394566127,1,SHORT,SHORT,0.10667507350444794,0.08333333333333333,0.9435428380966187,91.66666666666666,52.0,True,0.08909693360328658,UNRANKED,False
2026-01-12,2026-01-13,2026-01-14,BRK-B,XLF,497.6199951171875,503.33426993233815,1,SHORT,SHORT,0.11040414124727249,0.08333333333333333,0.9123221635818481,91.66666666666666,52.0,True,0.20489686727523798,UNRANKED,False
2026-01-13,2026-01-14,2026-01-15,BRK-B,XLF,494.1700134277344,492.0264456612723,1,SHORT,SHORT,0.15086543560028076,0.09409888357256778,0.9268453121185303,90.59011164274322,52.0,True,0.18325883150100705,UNRANKED,False
2026-01-14,2026-01-15,2026-01-16,BRK-B,XLF,492.95001220703125,490.69715881347656,1,SHORT,SHORT,0.17404909431934357,0.09409888357256778,0.9020411968231201,90.59011164274322,52.0,True,0.14420256018638614,UNRANKED,False
2026-01-15,2026-01-16,2026-01-20,BRK-B,XLF,491.6700134277344,497.2485776628767,1,SHORT,SHORT,0.148330956697464,0.09409888357256778,0.9342420697212219,90.59011164274322,52.0,True,0.11472055315971384,UNRANKED,False
2026-01-16,2026-01-20,2026-01-21,BRK-B,XLF,490.79998779296875,495.95533861432756,1,SHORT,SHORT,0.13019464910030365,0.09362549800796813,0.9625565409660339,90.63745019920319,52.0,True,0.07086774706840517,UNRANKED,False
2026-01-20,2026-01-21,2026-01-22,BRK-B,XLF,484.0,481.5700029645647,1,SHORT,SHORT,0.15252332389354706,0.09409888357256778,0.8416996002197266,90.59011164274322,52.0,True,0.06426897644996633,UNRANKED,False
2026-01-21,2026-01-22,2026-01-23,BRK-B,XLF,483.260009765625,489.13857814243863,1,SHORT,SHORT,0.17272751033306122,0.09409888357256778,0.7777882218360901,90.59011164274322,52.0,True,0.1047519445419312,UNRANKED,False
2026-01-22,2026-01-23,2026-01-26,BRK-B,XLF,482.260009765625,479.9371534075056,1,SHORT,SHORT,0.1115930899977684,0.08333333333333333,0.8191298246383667,91.66666666666666,52.0,True,0.1189598441123963,UNRANKED,False
2026-01-23,2026-01-26,2026-01-27,BRK-B,XLF,478.4700012207031,484.2271423339844,1,SHORT,SHORT,0.2079855501651764,0.10504201680672269,0.9530786871910095,89.49579831932773,52.0,True,0.288448303937912,UNRANKED,False
2026-01-26,2026-01-27,2026-01-28,BRK-B,XLF,482.6000061035156,488.86250741141185,1,SHORT,SHORT,0.09373809397220612,0.043478260869565216,0.9352874159812927,95.65217391304348,52.0,True,0.08695116639137276,UNRANKED,False
2026-01-27,2026-01-28,2026-01-29,BRK-B,XLF,473.010009765625,469.91429574149,1,SHORT,SHORT,0.27289503812789917,0.12903225806451613,0.854724109172821,87.09677419354838,52.0,True,0.2625455856323243,UNRANKED,False
2026-01-28,2026-01-29,2026-01-30,BRK-B,XLF,473.7300109863281,470.75929478236606,1,SHORT,SHORT,0.14848119020462036,0.09409888357256778,0.9093130230903625,90.59011164274322,52.0,True,0.06721523404121399,UNRANKED,False
2026-01-29,2026-01-30,2026-02-02,BRK-B,XLF,476.29998779296875,473.3542698451451,1,SHORT,SHORT,0.11310817301273346,0.08333333333333333,0.9067234396934509,91.66666666666666,52.0,True,0.251652330160141,UNRANKED,False
2026-01-30,2026-02-02,2026-02-03,BRK-B,XLF,481.29998779296875,478.1349836077009,1,SHORT,SHORT,0.11940586566925049,0.08333333333333333,0.8962698578834534,91.66666666666666,52.0,True,0.390961080789566,UNRANKED,False
2026-02-02,2026-02-03,2026-02-04,BRK-B,XLF,483.95001220703125,480.3328639439174,1,SHORT,SHORT,0.07784131914377213,0.043478260869565216,0.9021109342575073,95.65217391304348,52.0,True,0.2746791243553162,UNRANKED,False
2026-02-03,2026-02-04,2026-02-05,BRK-B,XLF,495.79998779296875,491.96712820870533,1,SHORT,SHORT,0.0951961800456047,0.043478260869565216,0.8980201482772827,95.65217391304348,52.0,True,0.444213718175888,UNRANKED,False
2026-02-04,2026-02-05,2026-02-06,BRK-B,XLF,505.9100036621094,501.5057155064174,1,SHORT,SHORT,0.1459568738937378,0.09409888357256778,0.914819061756134,90.59011164274322,52.0,True,0.2422580718994141,UNRANKED,False
2026-02-05,2026-02-06,2026-02-09,BRK-B,XLF,504.17999267578125,515.1067897251675,1,SHORT,SHORT,0.2618198096752167,0.10747663551401869,0.9224129915237427,89.25233644859813,52.0,True,0.40609100461006165,UNRANKED,False
2026-02-06,2026-02-09,2026-02-10,BRK-B,XLF,507.32000732421875,518.8771558489118,1,SHORT,SHORT,0.1398160457611084,0.09362549800796813,0.8663666248321533,90.63745019920319,52.0,True,0.4574027359485627,UNRANKED,False
2026-02-09,2026-02-10,2026-02-11,BRK-B,XLF,497.8999938964844,493.1264190673828,1,SHORT,SHORT,0.11540789157152176,0.08333333333333333,0.9243367910385132,91.66666666666666,52.0,True,0.5243021547794342,UNRANKED,False
2026-02-10,2026-02-11,2026-02-12,BRK-B,XLF,499.3500061035156,494.52929033551897,1,SHORT,SHORT,0.11651494354009628,0.08333333333333333,0.9309352040290833,91.66666666666666,52.0,True,0.8699195832014083,UNRANKED,False
2026-02-11,2026-02-12,2026-02-13,BRK-B,XLF,501.2099914550781,496.41641889299666,1,SHORT,SHORT,0.11666814982891083,0.08333333333333333,0.9106788635253906,91.66666666666666,52.0,True,0.7929312884807586,UNRANKED,False
2026-02-12,2026-02-13,2026-02-17,BRK-B,XLF,500.1499938964844,495.74999346051897,1,SHORT,SHORT,0.1355852484703064,0.09362549800796813,0.8532294631004333,90.63745019920319,52.0,True,0.5586454868316652,UNRANKED,False
2026-02-13,2026-02-17,2026-02-18,BRK-B,XLF,500.0199890136719,495.7657012939453,1,SHORT,SHORT,0.15280364453792572,0.09409888357256778,0.7994242906570435,90.59011164274322,52.0,True,0.32187834382057184,UNRANKED,False
2026-02-17,2026-02-18,2026-02-19,BRK-B,XLF,504.739990234375,514.8507145472935,1,SHORT,SHORT,0.14720740914344788,0.09409888357256778,0.8480725884437561,90.59011164274322,52.0,True,0.4821690618991852,UNRANKED,False
2026-02-18,2026-02-19,2026-02-20,BRK-B,XLF,497.8699951171875,493.59999302455356,1,SHORT,SHORT,0.15126986801624298,0.09409888357256778,0.8562781810760498,90.59011164274322,52.0,True,0.38003981113433843,UNRANKED,False
2026-02-19,2026-02-20,2026-02-23,BRK-B,XLF,496.6499938964844,492.46356419154574,1,SHORT,SHORT,0.17010994255542755,0.09409888357256778,0.8885180354118347,90.59011164274322,52.0,True,0.4954244792461395,UNRANKED,False
2026-02-20,2026-02-23,2026-02-24,BRK-B,XLF,496.5,492.490711757115,1,SHORT,SHORT,0.11958382278680801,0.08333333333333333,0.9329729676246643,91.66666666666666,52.0,True,0.10056358575820917,UNRANKED,False
2026-02-23,2026-02-24,2026-02-25,BRK-B,XLF,493.489990234375,489.6699872698103,1,SHORT,SHORT,0.10814882069826126,0.08333333333333333,0.9121490716934204,91.66666666666666,52.0,True,0.2492219507694243,UNRANKED,False
2026-02-24,2026-02-25,2026-02-26,BRK-B,XLF,495.6199951171875,492.230704171317,1,SHORT,SHORT,0.10715468227863312,0.08333333333333333,0.9357185363769531,91.66666666666666,52.0,True,0.5391907691955568,UNRANKED,False
2026-02-25,2026-02-26,2026-02-27,BRK-B,XLF,494.6499938964844,491.94427272251676,1,SHORT,SHORT,0.0899566039443016,0.043478260869565216,0.8907354474067688,95.65217391304348,52.0,True,0.5038765668869019,UNRANKED,False
2026-02-26,2026-02-27,2026-03-02,BRK-B,XLF,502.94000244140625,511.24359021868025,1,SHORT,SHORT,0.14212022721767426,0.09362549800796813,0.8571717739105225,90.63745019920319,52.0,True,0.47397527098655706,UNRANKED,False
2026-02-27,2026-03-02,2026-03-03,BRK-B,XLF,495.2300109863281,503.1907446725028,1,SHORT,SHORT,0.22754766047000885,0.10504201680672269,0.8665716648101807,89.49579831932773,52.0,True,0.5413878262042999,UNRANKED,False
2026-03-02,2026-03-03,2026-03-04,BRK-B,XLF,477.0799865722656,472.84069388253346,1,SHORT,SHORT,0.20068199932575226,0.10382513661202186,0.9293891787528992,89.61748633879782,52.0,True,0.2321714460849762,UNRANKED,False
2026-03-03,2026-03-04,2026-03-05,BRK-B,XLF,481.0,476.8342808314732,1,SHORT,SHORT,0.20992819964885712,0.10504201680672269,0.9115532636642456,89.49579831932773,52.0,True,0.5112238228321077,UNRANKED,False
2026-03-04,2026-03-05,2026-03-06,BRK-B,XLF,493.75,489.1671360560826,1,SHORT,SHORT,0.13488154113292694,0.09362549800796813,0.9328190088272095,90.63745019920319,52.0,True,0.3160901367664336,UNRANKED,False
2026-03-05,2026-03-06,2026-03-09,BRK-B,XLF,499.25,493.7449929373605,1,SHORT,SHORT,0.21661525964736938,0.10504201680672269,0.9326456785202026,89.49579831932773,52.0,True,0.4282517880201339,UNRANKED,False
2026-03-06,2026-03-09,2026-03-10,BRK-B,XLF,494.8999938964844,489.46927533830916,1,SHORT,SHORT,0.10798133909702301,0.08333333333333333,0.9028856158256531,91.66666666666666,52.0,True,0.5419733226299286,UNRANKED,False
2026-03-09,2026-03-10,2026-03-11,BRK-B,XLF,495.1300048828125,489.99071611676897,1,SHORT,SHORT,0.10035193711519241,0.06153846153846154,0.8954867124557495,93.84615384615384,52.0,True,0.09179976582527165,UNRANKED,False
2026-03-10,2026-03-11,2026-03-12,BRK-B,XLF,493.0899963378906,488.0421360560826,1,SHORT,SHORT,0.1022195890545845,0.08333333333333333,0.951156735420227,91.66666666666666,52.0,True,0.6141482591629028,UNRANKED,False
2026-03-11,2026-03-12,2026-03-13,BRK-B,XLF,492.3500061035156,487.41357421875,1,SHORT,SHORT,0.13735182583332062,0.09362549800796813,0.9705966711044312,90.63745019920319,52.0,True,0.3130341172218323,UNRANKED,False
2026-03-12,2026-03-13,2026-03-16,BRK-B,XLF,493.32000732421875,488.35357666015625,1,SHORT,SHORT,0.11206281185150146,0.08333333333333333,0.9479186534881592,91.66666666666666,52.0,True,0.24436768889427185,UNRANKED,False
2026-03-13,2026-03-16,2026-03-17,BRK-B,XLF,492.7699890136719,487.96427263532365,1,SHORT,SHORT,0.17547431588172913,0.09409888357256778,0.9661949276924133,90.59011164274322,52.0,True,0.43898701667785645,UNRANKED,False
2026-03-16,2026-03-17,2026-03-18,BRK-B,XLF,494.8399963378906,507.168569292341,1,SHORT,SHORT,0.12303677946329117,0.09362549800796813,0.9558184742927551,90.63745019920319,52.0,True,0.25984376668930054,UNRANKED,False
2026-03-17,2026-03-18,2026-03-19,BRK-B,XLF,491.1400146484375,503.4417975289481,1,SHORT,SHORT,0.13988329470157623,0.09362549800796813,0.9674785733222961,90.63745019920319,52.0,True,0.6021570712327956,UNRANKED,False
2026-03-18,2026-03-19,2026-03-20,BRK-B,XLF,483.8999938964844,479.0199977329799,1,SHORT,SHORT,0.1686895340681076,0.09409888357256778,0.9616519212722778,90.59011164274322,52.0,True,0.06662425398826603,UNRANKED,False
2026-03-19,2026-03-20,2026-03-23,BRK-B,XLF,481.6300048828125,476.6992950439453,1,SHORT,SHORT,0.20779459178447723,0.10504201680672269,0.9701715707778931,89.49579831932773,52.0,True,0.37887153029441845,UNRANKED,False
2026-03-20,2026-03-23,2026-03-24,BRK-B,XLF,483.5,491.49820491245816,1,SHORT,SHORT,0.16774766147136688,0.09409888357256778,0.940121591091156,90.59011164274322,52.0,True,0.27536529302597057,UNRANKED,False
2026-03-23,2026-03-24,2026-03-25,BRK-B,XLF,478.0,474.81714521135603,1,SHORT,SHORT,0.17306073009967804,0.09409888357256778,0.9580338001251221,90.59011164274322,52.0,True,0.2828986942768096,UNRANKED,False
2026-03-24,2026-03-25,2026-03-26,BRK-B,XLF,482.6300048828125,489.61035592215404,1,SHORT,SHORT,0.09757458418607712,0.06153846153846154,0.9702320694923401,93.84615384615384,52.0,True,0.36721789836883545,UNRANKED,False
2026-03-25,2026-03-26,2026-03-27,BRK-B,XLF,476.44000244140625,481.6739251273019,1,SHORT,SHORT,0.09184305369853973,0.043478260869565216,0.9477640986442566,95.65217391304348,52.0,True,0.2812480032444001,UNRANKED,False
2026-03-26,2026-03-27,2026-03-30,BRK-B,XLF,474.19000244140625,472.1321454729353,1,SHORT,SHORT,0.08425326645374298,0.043478260869565216,0.9286515712738037,95.65217391304348,52.0,True,0.30526167154312134,UNRANKED,False
2026-03-27,2026-03-30,2026-03-31,BRK-B,XLF,470.67999267578125,468.2649928501674,1,SHORT,SHORT,0.1416742205619812,0.09362549800796813,0.9114021062850952,90.63745019920319,52.0,True,0.3539236783981324,UNRANKED,False
2026-03-30,2026-03-31,2026-04-01,BRK-B,XLF,477.7799987792969,475.1428549630301,1,SHORT,SHORT,0.15641513466835022,0.09409888357256778,0.9482091069221497,90.59011164274322,52.0,True,0.37605628371238714,UNRANKED,False
2026-03-31,2026-04-01,2026-04-02,BRK-B,XLF,478.9800109863281,476.0592956542969,1,SHORT,SHORT,0.1717183142900467,0.09409888357256778,0.9580491185188293,90.59011164274322,52.0,True,0.5169978737831116,UNRANKED,False
2026-04-01,2026-04-02,2026-04-06,BRK-B,XLF,477.82000732421875,474.9692905970982,1,SHORT,SHORT,0.24299553036689758,0.10747663551401869,0.9828180074691772,89.25233644859813,52.0,True,0.43275561928749084,UNRANKED,False
2026-04-02,2026-04-06,2026-04-07,BRK-B,XLF,475.6600036621094,472.86000279017856,1,SHORT,SHORT,0.19301223754882812,0.10382513661202186,0.9850202798843384,89.61748633879782,52.0,True,0.5160351395606996,UNRANKED,False
2026-04-06,2026-04-07,2026-04-08,BRK-B,XLF,475.7099914550781,472.99641854422435,1,SHORT,SHORT,0.13653598725795746,0.09362549800796813,0.9838231205940247,90.63745019920319,52.0,True,0.4833237677812576,UNRANKED,False
2026-04-07,2026-04-08,2026-04-09,BRK-B,XLF,483.75,480.9414280482701,1,SHORT,SHORT,0.22826318442821503,0.10504201680672269,0.9824825525283813,89.49579831932773,52.0,True,0.7249816954135895,UNRANKED,False
2026-04-08,2026-04-09,2026-04-10,BRK-B,XLF,478.2099914550781,475.8614174979074,1,SHORT,SHORT,0.09765386581420898,0.06153846153846154,0.965468168258667,93.84615384615384,52.0,True,0.4377557635307312,UNRANKED,False
2026-04-09,2026-04-10,2026-04-13,BRK-B,XLF,484.0199890136719,490.3307135445731,1,SHORT,SHORT,0.12547379732131958,0.09362549800796813,0.9865424633026123,90.63745019920319,52.0,True,0.46929469704627996,UNRANKED,False
2026-04-10,2026-04-13,2026-04-14,BRK-B,XLF,478.8999938964844,476.03570338657926,1,SHORT,SHORT,0.12123130261898041,0.09362549800796813,0.9743556976318359,90.63745019920319,52.0,True,0.10538241267204285,UNRANKED,False
2026-04-13,2026-04-14,2026-04-15,BRK-B,XLF,479.80999755859375,486.8510840279715,1,SHORT,SHORT,0.137334406375885,0.09362549800796813,0.9501551389694214,90.63745019920319,52.0,True,0.26449042558670044,UNRANKED,False
2026-04-14,2026-04-15,2026-04-16,BRK-B,XLF,478.0,475.04071044921875,1,SHORT,SHORT,0.11717430502176285,0.08333333333333333,0.9373431205749512,91.66666666666666,52.0,True,0.3453943729400635,UNRANKED,False
